Timestamp,Open,High,Low,Close,Volume
1788234300,180,180.09,179.99,180.04,2300
1788234360,180.04,180.11,179.94,180.00,1094
1788234420,180.00,180.01,179.88,179.91,2043
1788234480,179.91,179.97,179.91,179.92,1466
1788234540,179.92,180.02,179.87,179.98,277
1788234600,179.98,180.10,179.97,180.04,1347
1788234660,180.04,180.15,180.03,180.09,956
1788234720,180.09,180.26,180.04,180.23,596
1788234780,180.23,180.39,180.21,180.32,356
1788234840,180.32,180.40,180.28,180.37,745
1788234900,180.37,180.46,180.33,180.42,1393
1788234960,180.42,180.47,180.38,180.44,2003
1788235020,180.44,180.46,180.37,180.40,1893
1788235080,180.40,180.41,180.31,180.38,2414
1788235140,180.38,180.46,180.37,180.41,1717
1788235200,180.41,180.55,180.38,180.51,2325
1788235260,180.51,180.53,180.45,180.52,1674
1788235320,180.52,180.59,180.40,180.46,800
1788235380,180.46,180.49,180.30,180.33,506
1788235440,180.33,180.38,180.22,180.28,599
1788235500,180.28,180.31,180.12,180.19,2207
1788235560,180.19,180.32,180.14,180.32,1882
1788235620,180.32,180.36,180.14,180.18,2801
1788235680,180.18,180.25,180.11,180.14,354
1788235740,180.14,180.19,179.98,180.05,1148
1788235800,180.05,180.08,180.02,180.08,1311
1788235860,180.08,180.09,180.02,180.06,2967
1788235920,180.06,180.20,180.03,180.14,2742
1788235980,180.14,180.31,180.11,180.24,1115
1788236040,180.24,180.32,180.18,180.27,1391
1788236100,180.27,180.29,180.21,180.25,2251
1788236160,180.25,180.32,180.17,180.24,232
1788236220,180.24,180.26,180.04,180.11,1849
1788236280,180.11,180.23,180.07,180.19,431
1788236340,180.19,180.23,180.06,180.08,2241
1788236400,180.08,180.14,180.01,180.07,712
1788236460,180.07,180.11,179.94,179.95,1255
1788236520,179.95,179.98,179.91,179.98,1590
1788236580,179.98,180.13,179.91,180.10,1116
1788236640,180.10,180.16,180.03,180.11,1556
1788236700,180.11,180.15,179.98,180.05,1365
1788236760,180.05,180.20,180.04,180.14,937
1788236820,180.14,180.16,180.08,180.10,316
1788236880,180.10,180.11,179.98,180.05,1959
1788236940,180.05,180.07,179.97,180.02,2580
1788237000,180.02,180.15,179.99,180.11,2961
1788237060,180.11,180.24,180.06,180.21,850
1788237120,180.21,180.25,180.17,180.23,1408
1788237180,180.23,180.30,180.20,180.24,2822
1788237240,180.24,180.36,180.21,180.33,649
1788237300,180.33,180.39,180.31,180.31,1044
1788237360,180.31,180.42,180.30,180.39,2449
1788237420,180.39,180.41,180.32,180.39,685
1788237480,180.39,180.53,180.34,180.52,2356
1788237540,180.52,180.59,180.36,180.40,1051
1788237600,180.40,180.46,180.25,180.30,403
1788237660,180.30,180.41,180.26,180.35,1575
1788237720,180.35,180.39,180.29,180.39,2939
1788237780,180.39,180.54,180.36,180.51,2938
1788237840,180.51,180.52,180.48,180.50,1280
1788237900,180.50,180.57,180.38,180.44,804
1788237960,180.44,180.47,180.33,180.37,1229
1788238020,180.37,180.42,180.19,180.25,2533
1788238080,180.25,180.35,180.25,180.34,1644
1788238140,180.34,180.41,180.17,180.22,2898
1788238200,180.22,180.37,180.21,180.32,1392
1788238260,180.32,180.39,180.30,180.32,1447
1788238320,180.32,180.43,180.30,180.38,2771
1788238380,180.38,180.47,180.37,180.46,774
1788238440,180.46,180.49,180.29,180.35,799
1788238500,180.35,180.36,180.27,180.30,2868
1788238560,180.30,180.37,180.20,180.21,2436
1788238620,180.21,180.27,180.12,180.19,1520
1788238680,180.19,180.21,180.14,180.18,1788
1788238740,180.18,180.27,180.12,180.25,798
1788238800,180.25,180.25,180.08,180.13,1069
1788238860,180.13,180.20,180.08,180.09,1764
1788238920,180.09,180.15,179.92,179.95,1801
1788238980,179.95,179.98,179.78,179.83,2065
1788239040,179.83,179.85,179.74,179.76,1465
1788239100,179.76,179.89,179.76,179.85,2428
1788239160,179.85,180.01,179.82,179.95,1562
1788239220,179.95,180.02,179.91,179.99,2403
1788239280,179.99,180.09,179.98,180.05,828
1788239340,180.05,180.06,180.00,180.04,647
1788239400,180.04,180.20,179.98,180.16,1853
1788239460,180.16,180.18,180.12,180.15,69
1788239520,180.15,180.24,180.13,180.18,1481
1788239580,180.18,180.20,180.02,180.05,1663
1788239640,180.05,180.25,180.01,180.19,1503
1788239700,180.19,180.23,180.12,180.19,1610
1788239760,180.19,180.24,180.07,180.13,1398
1788239820,180.13,180.16,180.04,180.06,540
1788239880,180.06,180.10,180.02,180.09,605
1788239940,180.09,180.19,180.07,180.16,1602
1788240000,180.16,180.19,180.07,180.14,2246
1788240060,180.14,180.14,179.98,180.04,1216
1788240120,180.04,180.09,179.93,179.95,1711
1788240180,179.95,179.99,179.90,179.98,1049
1788240240,179.98,180.05,179.96,180.03,2519
1788240300,180.03,180.10,179.96,180.01,576
1788240360,180.01,180.07,179.95,180.06,2805
1788240420,180.06,180.15,180.00,180.13,1649
1788240480,180.13,180.22,180.12,180.15,77
1788240540,180.15,180.20,180.12,180.19,745
1788240600,180.19,180.34,180.17,180.30,1834
1788240660,180.30,180.35,180.15,180.19,1463
1788240720,180.19,180.21,180.12,180.16,1369
1788240780,180.16,180.20,180.04,180.05,1372
1788240840,180.05,180.16,180.04,180.11,2906
1788240900,180.11,180.17,179.97,180.02,2704
1788240960,180.02,180.16,180.02,180.11,1799
1788241020,180.11,180.16,179.93,179.98,1408
1788241080,179.98,180.10,179.91,180.09,2749
1788241140,180.09,180.15,180.09,180.14,62
1788241200,180.14,180.20,180.10,180.17,1527
1788241260,180.17,180.27,180.14,180.24,200
1788241320,180.24,180.40,180.22,180.35,2658
1788241380,180.35,180.38,180.25,180.25,91
1788241440,180.25,180.38,180.19,180.35,1179
1788241500,180.35,180.47,180.32,180.40,1987
1788241560,180.40,180.41,180.36,180.41,93
1788241620,180.41,180.43,180.35,180.42,1698
1788241680,180.42,180.49,180.39,180.48,2323
1788241740,180.48,180.49,180.41,180.42,1325
1788241800,180.42,180.49,180.32,180.37,1299
1788241860,180.37,180.43,180.33,180.35,1418
1788241920,180.35,180.42,180.21,180.22,880
1788241980,180.22,180.27,180.15,180.18,1775
1788242040,180.18,180.39,180.11,180.32,2048
1788242100,180.32,180.45,180.28,180.42,2041
1788242160,180.42,180.58,180.41,180.53,191
1788242220,180.53,180.55,180.35,180.40,2041
1788242280,180.40,180.43,180.32,180.33,2100
1788242340,180.33,180.33,180.25,180.27,2160
1788242400,180.27,180.35,180.20,180.34,1680
1788242460,180.34,180.38,180.22,180.23,116
1788242520,180.23,180.36,180.17,180.30,1130
1788242580,180.30,180.33,180.17,180.21,2670
1788242640,180.21,180.21,180.15,180.19,2049
1788242700,180.19,180.25,180.16,180.23,2202
1788242760,180.23,180.26,180.16,180.16,62
1788242820,180.16,180.24,180.14,180.19,2901
1788242880,180.19,180.26,180.12,180.24,2166
1788242940,180.24,180.31,180.18,180.22,1121
1788243000,180.22,180.25,180.20,180.24,737
1788243060,180.24,180.27,180.21,180.24,2270
1788243120,180.24,180.32,180.22,180.31,724
1788243180,180.31,180.35,180.28,180.29,1341
1788243240,180.29,180.36,180.27,180.34,2160
1788243300,180.34,180.35,180.30,180.33,249
1788243360,180.33,180.39,180.28,180.33,2817
1788243420,180.33,180.40,180.30,180.34,1378
1788243480,180.34,180.35,180.33,180.34,1417
1788243540,180.34,180.49,180.32,180.48,2574
1788243600,180.48,180.63,180.46,180.61,1256
1788243660,180.61,180.62,180.54,180.58,355
1788243720,180.58,180.62,180.49,180.49,557
1788243780,180.49,180.60,180.42,180.54,1081
1788243840,180.54,180.63,180.49,180.61,2007
1788243900,180.61,180.70,180.59,180.66,2545
1788243960,180.66,180.79,180.61,180.73,728
1788244020,180.73,180.78,180.68,180.71,1442
1788244080,180.71,180.74,180.52,180.58,493
1788244140,180.58,180.71,180.53,180.71,1259
1788244200,180.71,180.75,180.60,180.66,102
1788244260,180.66,180.78,180.60,180.76,1961
1788244320,180.76,180.82,180.65,180.70,2140
1788244380,180.70,180.74,180.68,180.69,1160
1788244440,180.69,180.72,180.52,180.57,1735
1788244500,180.57,180.59,180.48,180.53,1654
1788244560,180.53,180.57,180.39,180.40,597
1788244620,180.40,180.46,180.24,180.27,2186
1788244680,180.27,180.32,180.24,180.30,282
1788244740,180.30,180.39,180.23,180.38,1360
1788244800,180.38,180.39,180.18,180.25,1939
1788244860,180.25,180.43,180.25,180.37,1397
1788244920,180.37,180.40,180.30,180.31,1571
1788244980,180.31,180.32,180.27,180.27,51
1788245040,180.27,180.41,180.20,180.39,856
1788245100,180.39,180.43,180.25,180.29,1580
1788245160,180.29,180.36,180.25,180.26,415
1788245220,180.26,180.27,180.14,180.18,2611
1788245280,180.18,180.20,180.12,180.16,792
1788245340,180.16,180.16,180.07,180.12,862
1788245400,180.12,180.19,180.06,180.14,1903
1788245460,180.14,180.27,180.11,180.20,1436
1788245520,180.20,180.23,180.13,180.14,1662
1788245580,180.14,180.19,180.04,180.06,1256
1788245640,180.06,180.09,180.04,180.06,2708
1788245700,180.06,180.16,180.04,180.10,590
1788245760,180.10,180.21,180.09,180.19,353
1788245820,180.19,180.27,180.14,180.21,2653
1788245880,180.21,180.29,180.16,180.24,1378
1788245940,180.24,180.37,180.18,180.30,1419
1788246000,180.30,180.39,180.24,180.34,2546
1788246060,180.34,180.47,180.29,180.47,2102
1788246120,180.47,180.61,180.41,180.60,2803
1788246180,180.60,180.73,180.55,180.68,2018
1788246240,180.68,180.73,180.61,180.67,1468
1788246300,180.67,180.78,180.60,180.76,1371
1788246360,180.76,180.85,180.69,180.83,1594
1788246420,180.83,180.89,180.64,180.69,1574
1788246480,180.69,180.78,180.67,180.72,2918
1788246540,180.72,180.75,180.57,180.59,2289
1788246600,180.59,180.64,180.58,180.61,1274
1788246660,180.61,180.66,180.47,180.48,2529
1788246720,180.48,180.48,180.36,180.36,2988
1788246780,180.36,180.39,180.22,180.27,1017
1788246840,180.27,180.38,180.26,180.35,2014
1788246900,180.35,180.36,180.19,180.24,275
1788246960,180.24,180.26,180.21,180.23,2867
1788247020,180.23,180.28,180.17,180.22,159
1788247080,180.22,180.22,180.15,180.22,1243
1788247140,180.22,180.26,180.08,180.11,77
1788247200,180.11,180.12,179.99,180.02,2890
1788247260,180.02,180.17,179.99,180.12,780
1788247320,180.12,180.19,180.00,180.02,1882
1788247380,180.02,180.06,179.91,179.96,1372
1788247440,179.96,180.04,179.89,180.03,2435
1788247500,180.03,180.04,179.97,180.00,1202
1788247560,180.00,180.07,179.94,179.98,363
1788247620,179.98,180.00,179.94,179.96,785
1788247680,179.96,179.97,179.78,179.82,2911
1788247740,179.82,179.92,179.80,179.87,2245
1788247800,179.87,180.00,179.81,179.99,1500
1788247860,179.99,179.99,179.93,179.98,2710
1788247920,179.98,180.01,179.90,179.95,93
1788247980,179.95,180.00,179.90,179.96,2981
1788248040,179.96,180.04,179.92,180.03,2617
1788248100,180.03,180.05,179.88,179.94,2694
1788248160,179.94,180.08,179.90,180.01,510
1788248220,180.01,180.06,179.83,179.89,2973
1788248280,179.89,180.02,179.82,180.00,878
1788248340,180.00,180.06,179.89,179.96,1225
1788248400,179.96,180.00,179.83,179.88,2909
1788248460,179.88,179.91,179.83,179.90,1326
1788248520,179.90,179.94,179.88,179.90,1771
1788248580,179.90,179.93,179.77,179.81,1932
1788248640,179.81,179.88,179.70,179.75,1437
1788248700,179.75,179.79,179.67,179.73,2090
1788248760,179.73,179.83,179.72,179.78,942
1788248820,179.78,179.86,179.73,179.83,2527
1788248880,179.83,179.84,179.68,179.73,1708
1788248940,179.73,179.80,179.71,179.74,1649
1788249000,179.74,179.75,179.62,179.67,1677
1788249060,179.67,179.69,179.60,179.66,1528
1788249120,179.66,179.73,179.66,179.71,1379
1788249180,179.71,179.74,179.54,179.61,1835
1788249240,179.61,179.69,179.59,179.69,2603
1788249300,179.69,179.72,179.50,179.56,415
1788249360,179.56,179.70,179.53,179.67,109
1788249420,179.67,179.73,179.66,179.73,1327
1788249480,179.73,179.77,179.71,179.76,756
1788249540,179.76,179.91,179.74,179.89,1418
1788249600,179.89,180.05,179.84,180.00,1179
1788249660,180.00,180.01,179.91,179.96,1973
1788249720,179.96,179.96,179.81,179.87,1541
1788249780,179.87,179.92,179.83,179.89,2515
1788249840,179.89,179.93,179.82,179.87,245
1788249900,179.87,180.01,179.81,179.95,1997
1788249960,179.95,179.99,179.80,179.86,2832
1788250020,179.86,179.91,179.74,179.79,1520
1788250080,179.79,179.94,179.72,179.88,1232
1788250140,179.88,179.99,179.82,179.96,2102
1788250200,179.96,180.08,179.90,180.02,1963
1788250260,180.02,180.06,179.88,179.94,375
1788250320,179.94,180.04,179.88,180.01,1168
1788250380,180.01,180.06,179.96,180.05,291
1788250440,180.05,180.22,180.04,180.15,2358
1788250500,180.15,180.20,180.07,180.10,1274
1788250560,180.10,180.12,180.02,180.07,2159
1788250620,180.07,180.08,180.07,180.07,104
1788250680,180.07,180.22,180.04,180.15,2848
1788250740,180.15,180.29,180.12,180.28,1750
1788250800,180.28,180.40,180.26,180.34,2641
1788250860,180.34,180.48,180.28,180.46,1914
1788250920,180.46,180.53,180.31,180.35,2401
1788250980,180.35,180.42,180.23,180.26,2867
1788251040,180.26,180.29,180.22,180.24,2827
1788251100,180.24,180.37,180.19,180.36,1888
1788251160,180.36,180.42,180.27,180.31,1926
1788251220,180.31,180.45,180.30,180.40,2120
1788251280,180.40,180.47,180.39,180.42,1661
1788251340,180.42,180.47,180.38,180.43,299
1788251400,180.43,180.44,180.36,180.40,1752
1788251460,180.40,180.44,180.34,180.42,2388
1788251520,180.42,180.48,180.38,180.45,1527
1788251580,180.45,180.60,180.40,180.56,1568
1788251640,180.56,180.60,180.42,180.46,330
1788251700,180.46,180.54,180.40,180.52,1109
1788251760,180.52,180.66,180.50,180.60,1665
1788251820,180.60,180.78,180.57,180.72,2694
1788251880,180.72,180.86,180.68,180.85,2449
1788251940,180.85,180.88,180.84,180.88,230
1788252000,180.88,181.08,180.88,181.02,1208
1788252060,181.02,181.07,180.88,180.94,187
1788252120,180.94,181.11,180.91,181.07,2743
1788252180,181.07,181.24,181.04,181.21,474
1788252240,181.21,181.23,181.08,181.14,2095
1788252300,181.14,181.16,180.93,181.00,2264
1788252360,181.00,181.19,180.96,181.14,2105
1788252420,181.14,181.33,181.07,181.27,291
1788252480,181.27,181.32,181.26,181.28,2677
1788252540,181.28,181.31,181.19,181.20,416
1788252600,181.20,181.22,181.03,181.07,958
1788252660,181.07,181.11,180.98,181.05,1618
1788252720,181.05,181.17,181.01,181.14,1059
1788252780,181.14,181.17,181.07,181.07,2069
1788252840,181.07,181.21,181.04,181.19,1771
1788252900,181.19,181.20,181.06,181.07,263
1788252960,181.07,181.14,181.04,181.12,1417
1788253020,181.12,181.16,180.99,181.06,2432
1788253080,181.06,181.11,180.90,180.95,2408
1788253140,180.95,181.05,180.93,181.01,1376
1788253200,181.01,181.07,180.94,181.07,1662
1788253260,181.07,181.11,180.96,181.02,447
1788253320,181.02,181.05,180.94,181.01,2733
1788253380,181.01,181.05,180.87,180.87,2710
1788253440,180.87,180.91,180.71,180.76,336
1788253500,180.76,180.79,180.64,180.66,931
1788253560,180.66,180.71,180.63,180.65,1671
1788253620,180.65,180.74,180.58,180.72,963
1788253680,180.72,180.93,180.66,180.86,188
1788253740,180.86,180.90,180.72,180.78,195
1788253800,180.78,180.80,180.78,180.78,2576
1788253860,180.78,180.79,180.72,180.79,1670
1788253920,180.79,180.89,180.74,180.83,518
1788253980,180.83,180.98,180.81,180.96,724
1788254040,180.96,181.09,180.95,181.05,1658
1788254100,181.05,181.07,180.98,181.01,597
1788254160,181.01,181.06,180.93,181.00,188
1788254220,181.00,181.12,180.95,181.05,1702
1788254280,181.05,181.17,181.01,181.13,2641
1788254340,181.13,181.16,181.06,181.12,1331
1788254400,181.12,181.31,181.05,181.26,2870
1788254460,181.26,181.34,181.23,181.28,2250
1788254520,181.28,181.38,181.26,181.33,1883
1788254580,181.33,181.35,181.27,181.32,623
1788254640,181.32,181.48,181.29,181.42,2508
1788254700,181.42,181.47,181.25,181.31,1944
1788254760,181.31,181.32,181.16,181.19,985
1788254820,181.19,181.26,181.13,181.23,1238
1788254880,181.23,181.37,181.19,181.32,1997
1788254940,181.32,181.35,181.25,181.29,1827
1788255000,181.29,181.30,181.21,181.24,103
1788255060,181.24,181.31,181.23,181.31,1647
1788255120,181.31,181.46,181.31,181.43,1861
1788255180,181.43,181.64,181.41,181.57,719
1788255240,181.57,181.68,181.51,181.66,1340
1788255300,181.66,181.66,181.64,181.65,690
1788255360,181.65,181.82,181.59,181.76,2465
1788255420,181.76,181.81,181.70,181.81,1184
1788255480,181.81,181.87,181.69,181.73,2703
1788255540,181.73,181.79,181.62,181.69,140
1788255600,181.69,181.75,181.53,181.56,641
1788255660,181.56,181.57,181.50,181.53,2582
1788255720,181.53,181.56,181.42,181.48,403
1788255780,181.48,181.52,181.47,181.51,749
1788255840,181.51,181.52,181.38,181.39,2661
1788255900,181.39,181.41,181.26,181.32,2652
1788255960,181.32,181.40,181.29,181.35,496
1788256020,181.35,181.38,181.27,181.33,2859
1788256080,181.33,181.39,181.26,181.29,1781
1788256140,181.29,181.41,181.23,181.34,2149
1788256200,181.34,181.41,181.28,181.32,930
1788256260,181.32,181.37,181.17,181.23,154
1788256320,181.23,181.30,181.17,181.28,568
1788256380,181.28,181.35,181.22,181.35,2297
1788256440,181.35,181.53,181.31,181.49,2257
1788256500,181.49,181.59,181.46,181.57,2592
1788256560,181.57,181.63,181.52,181.57,2261
1788256620,181.57,181.70,181.53,181.66,441
1788256680,181.66,181.69,181.59,181.62,933
1788256740,181.62,181.74,181.57,181.70,2756
1788256800,181.70,181.84,181.66,181.81,411
1788256860,181.81,181.89,181.79,181.84,1079
1788256920,181.84,181.89,181.66,181.71,477
1788256980,181.71,181.71,181.60,181.67,449
1788257040,181.67,181.73,181.61,181.68,918
1788257100,181.68,181.81,181.66,181.81,283
1788257160,181.81,181.93,181.75,181.88,894
1788257220,181.88,181.94,181.88,181.90,1120
1788257280,181.90,182.05,181.84,182.00,1246
1788257340,182.00,182.11,181.98,182.09,2327
1788257400,182.09,182.17,182.04,182.14,464
1788257460,182.14,182.30,182.08,182.27,908
1788257520,182.27,182.29,182.21,182.27,371
1788257580,182.27,182.38,182.20,182.35,2436
1788257640,182.35,182.38,182.21,182.24,2709
1788257700,182.24,182.43,182.18,182.36,1744
1788257760,182.36,182.42,182.34,182.40,1993
1788257820,182.40,182.44,182.28,182.31,625
1788257880,182.31,182.31,182.23,182.28,1604
1788257940,182.28,182.29,182.23,182.24,913
1788258000,182.24,182.40,182.18,182.36,698
1788258060,182.36,182.49,182.32,182.42,1304
1788258120,182.42,182.49,182.40,182.48,1140
1788258180,182.48,182.64,182.42,182.61,2150
1788258240,182.61,182.66,182.57,182.65,2061
1788258300,182.65,182.66,182.53,182.54,2841
1788258360,182.54,182.72,182.49,182.68,2159
1788258420,182.68,182.79,182.65,182.76,2973
1788258480,182.76,182.77,182.63,182.70,1103
1788258540,182.70,182.74,182.54,182.60,2249
1788258600,182.60,182.72,182.53,182.65,319
1788258660,182.65,182.72,182.56,182.58,173
1788258720,182.58,182.65,182.42,182.49,744
1788258780,182.49,182.56,182.48,182.53,2318
1788258840,182.53,182.59,182.49,182.51,346
1788258900,182.51,182.57,182.37,182.42,744
1788258960,182.42,182.48,182.41,182.46,2437
1788259020,182.46,182.50,182.38,182.42,134
1788259080,182.42,182.48,182.35,182.35,681
1788259140,182.35,182.35,182.21,182.26,62
1788259200,182.26,182.31,182.17,182.21,2532
1788259260,182.21,182.24,182.18,182.22,2513
1788259320,182.22,182.37,182.15,182.35,916
1788259380,182.35,182.41,182.27,182.31,2390
1788259440,182.31,182.36,182.21,182.24,2798
1788259500,182.24,182.39,182.19,182.36,1921
1788259560,182.36,182.42,182.25,182.32,2572
1788259620,182.32,182.39,182.27,182.31,1186
1788259680,182.31,182.33,182.15,182.21,1548
1788259740,182.21,182.27,182.11,182.16,1258
1788259800,182.16,182.31,182.10,182.29,446
1788259860,182.29,182.34,182.24,182.32,1399
1788259920,182.32,182.34,182.16,182.23,1350
1788259980,182.23,182.31,182.22,182.25,2541
1788260040,182.25,182.47,182.21,182.40,1960
1788260100,182.40,182.44,182.29,182.32,2864
1788260160,182.32,182.40,182.31,182.36,369
1788260220,182.36,182.51,182.33,182.51,1272
1788260280,182.51,182.51,182.38,182.38,1953
1788260340,182.38,182.45,182.38,182.41,308
1788260400,182.41,182.45,182.28,182.33,708
1788260460,182.33,182.49,182.27,182.48,1153
1788260520,182.48,182.55,182.33,182.37,1273
1788260580,182.37,182.37,182.32,182.33,1246
1788260640,182.33,182.51,182.29,182.44,116
1788260700,182.44,182.48,182.30,182.33,440
1788260760,182.33,182.45,182.30,182.41,1551
1788260820,182.41,182.52,182.39,182.49,1353
1788260880,182.49,182.63,182.46,182.60,2060
1788260940,182.60,182.72,182.53,182.71,1445
1788261000,182.71,182.84,182.64,182.78,205
1788261060,182.78,182.80,182.77,182.80,2952
1788261120,182.80,182.95,182.74,182.91,1973
1788261180,182.91,182.91,182.71,182.78,1892
1788261240,182.78,182.82,182.63,182.66,1302
1788261300,182.66,182.76,182.62,182.74,1993
1788261360,182.74,182.81,182.70,182.80,2825
1788261420,182.80,182.87,182.76,182.83,2062
1788261480,182.83,182.97,182.81,182.97,1093
1788261540,182.97,183.03,182.93,183.00,2125
1788261600,183.00,183.03,182.95,183.00,567
1788261660,183.00,183.09,182.97,183.05,2520
1788261720,183.05,183.11,182.99,183.03,1014
1788261780,183.03,183.13,182.98,183.09,1301
1788261840,183.09,183.11,182.97,183.00,1417
1788261900,183.00,183.01,182.97,183.00,1108
1788261960,183.00,183.01,182.82,182.87,77
1788262020,182.87,182.98,182.87,182.94,2014
1788262080,182.94,183.13,182.87,183.07,1009
1788262140,183.07,183.15,183.00,183.12,263
1788262200,183.12,183.23,183.08,183.18,2366
1788262260,183.18,183.32,183.11,183.30,1311
1788262320,183.30,183.36,183.24,183.25,838
1788262380,183.25,183.26,183.11,183.12,1082
1788262440,183.12,183.14,182.98,182.99,1712
1788262500,182.99,183.15,182.98,183.12,2483
1788262560,183.12,183.28,183.09,183.21,2806
1788262620,183.21,183.27,183.15,183.24,2240
1788262680,183.24,183.26,183.14,183.20,2371
1788262740,183.20,183.28,183.17,183.24,2500
1788262800,183.24,183.26,183.08,183.13,2654
1788262860,183.13,183.19,183.06,183.11,2443
1788262920,183.11,183.17,183.09,183.13,1186
1788262980,183.13,183.16,183.07,183.08,895
1788263040,183.08,183.17,183.01,183.12,2888
1788263100,183.12,183.22,183.06,183.22,2731
1788263160,183.22,183.25,183.04,183.11,2231
1788263220,183.11,183.14,183.02,183.07,1380
1788263280,183.07,183.19,183.04,183.17,2016
1788263340,183.17,183.25,183.14,183.23,125
1788263400,183.23,183.27,183.15,183.18,95
1788263460,183.18,183.21,183.04,183.07,2760
1788263520,183.07,183.11,182.96,182.97,2844
1788263580,182.97,183.04,182.90,183.00,292
1788263640,183.00,183.06,182.92,182.98,2947
1788263700,182.98,183.14,182.95,183.08,480
1788263760,183.08,183.25,183.04,183.19,71
1788263820,183.19,183.38,183.15,183.34,1250
1788263880,183.34,183.41,183.23,183.28,808
1788263940,183.28,183.39,183.22,183.33,2225
1788264000,183.33,183.33,183.15,183.19,2531
1788264060,183.19,183.25,183.06,183.12,1028
1788264120,183.12,183.15,183.04,183.06,2695
1788264180,183.06,183.09,183.03,183.04,1301
1788264240,183.04,183.06,182.92,182.93,902
1788264300,182.93,183.05,182.86,183.02,2022
1788264360,183.02,183.20,182.97,183.14,1898
1788264420,183.14,183.29,183.11,183.24,1886
1788264480,183.24,183.24,183.03,183.10,2497
1788264540,183.10,183.15,182.97,183.04,325
1788264600,183.04,183.20,182.99,183.18,1920
1788264660,183.18,183.23,183.04,183.11,2596
1788264720,183.11,183.22,183.10,183.20,1376
1788264780,183.20,183.29,183.13,183.25,1722
1788264840,183.25,183.32,183.06,183.13,1484
1788264900,183.13,183.15,182.98,183.02,1689
1788264960,183.02,183.19,182.95,183.15,1215
1788265020,183.15,183.18,183.13,183.14,1456
1788265080,183.14,183.14,183.07,183.09,1773
1788265140,183.09,183.18,183.06,183.16,646
1788265200,183.16,183.31,183.10,183.25,1874
1788265260,183.25,183.35,183.18,183.28,1525
1788265320,183.28,183.31,183.11,183.17,1167
1788265380,183.17,183.26,183.10,183.23,2257
1788265440,183.23,183.31,183.18,183.30,1923
1788265500,183.30,183.43,183.27,183.39,1299
1788265560,183.39,183.44,183.27,183.28,1836
1788265620,183.28,183.31,183.13,183.19,2343
1788265680,183.19,183.24,183.14,183.19,951
1788265740,183.19,183.25,183.09,183.16,2963
1788265800,183.16,183.24,183.14,183.21,116
1788265860,183.21,183.29,183.15,183.24,2751
1788265920,183.24,183.28,183.06,183.12,1725
1788265980,183.12,183.22,183.09,183.16,675
1788266040,183.16,183.19,183.09,183.13,2746
1788266100,183.13,183.26,183.11,183.23,2318
1788266160,183.23,183.32,183.17,183.25,2865
1788266220,183.25,183.37,183.22,183.32,2619
1788266280,183.32,183.37,183.16,183.23,1261
1788266340,183.23,183.26,183.11,183.17,1095
1788266400,183.17,183.31,183.13,183.29,1888
1788266460,183.29,183.31,183.28,183.29,2150
1788266520,183.29,183.33,183.18,183.25,2889
1788266580,183.25,183.25,183.20,183.21,919
1788266640,183.21,183.25,183.06,183.09,1902
1788266700,183.09,183.26,183.08,183.20,1199
1788266760,183.20,183.27,183.09,183.12,2731
1788266820,183.12,183.28,183.05,183.21,2918
1788266880,183.21,183.25,183.21,183.24,1905
1788266940,183.24,183.39,183.22,183.34,917
1788267000,183.34,183.44,183.29,183.43,727
1788267060,183.43,183.54,183.39,183.51,450
1788267120,183.51,183.58,183.49,183.53,2352
1788267180,183.53,183.68,183.49,183.67,214
1788267240,183.67,183.68,183.50,183.53,1597
1788267300,183.53,183.67,183.46,183.65,1091
1788267360,183.65,183.74,183.62,183.67,603
1788267420,183.67,183.71,183.50,183.53,1214
1788267480,183.53,183.54,183.40,183.46,2108
1788267540,183.46,183.53,183.33,183.38,2402
1788267600,183.38,183.40,183.34,183.37,380
1788267660,183.37,183.43,183.37,183.42,1262
1788267720,183.42,183.54,183.37,183.47,2037
1788267780,183.47,183.52,183.37,183.40,1672
1788267840,183.40,183.42,183.28,183.33,2388
1788267900,183.33,183.35,183.19,183.20,123
1788267960,183.20,183.27,183.08,183.12,2388
1788268020,183.12,183.18,183.03,183.09,151
1788268080,183.09,183.15,183.08,183.10,1975
1788268140,183.10,183.28,183.05,183.22,1320
1788268200,183.22,183.42,183.18,183.35,216
1788268260,183.35,183.53,183.34,183.47,1517
1788268320,183.47,183.57,183.44,183.55,2868
1788268380,183.55,183.61,183.44,183.50,408
1788268440,183.50,183.52,183.33,183.40,2192
1788268500,183.40,183.45,183.40,183.43,2656
1788268560,183.43,183.47,183.32,183.33,1935
1788268620,183.33,183.44,183.28,183.39,1406
1788268680,183.39,183.43,183.33,183.41,322
1788268740,183.41,183.51,183.40,183.51,1270
1788268800,183.51,183.60,183.51,183.60,353
1788268860,183.60,183.66,183.51,183.56,1996
1788268920,183.56,183.74,183.52,183.67,1709
1788268980,183.67,183.86,183.61,183.79,2135
1788269040,183.79,183.96,183.72,183.91,968
1788269100,183.91,183.99,183.85,183.95,99
1788269160,183.95,184.06,183.92,183.99,278
1788269220,183.99,184.19,183.97,184.14,292
1788269280,184.14,184.18,183.99,184.06,1703
1788269340,184.06,184.13,183.93,183.97,782
1788269400,183.97,184.12,183.91,184.08,2192
1788269460,184.08,184.09,183.96,184.00,1819
1788269520,184.00,184.01,183.96,183.97,609
1788269580,183.97,184.03,183.80,183.86,971
1788269640,183.86,183.86,183.74,183.78,1145
1788269700,183.78,183.83,183.73,183.78,660
1788269760,183.78,183.86,183.75,183.83,1281
1788269820,183.83,183.85,183.66,183.70,2922
1788269880,183.70,183.75,183.56,183.59,424
1788269940,183.59,183.67,183.53,183.66,1607
1788270000,183.66,183.72,183.59,183.64,2527
1788270060,183.64,183.65,183.57,183.64,1223
1788270120,183.64,183.74,183.61,183.70,590
1788270180,183.70,183.71,183.63,183.69,685
1788270240,183.69,183.83,183.68,183.79,2382
1788270300,183.79,183.87,183.75,183.86,436
1788270360,183.86,183.93,183.85,183.91,1380
1788270420,183.91,183.96,183.83,183.87,409
1788270480,183.87,183.94,183.72,183.79,2139
1788270540,183.79,183.99,183.74,183.93,1627
1788270600,183.93,184.00,183.88,183.93,1328
1788270660,183.93,184.08,183.89,184.06,2809
1788270720,184.06,184.21,184.04,184.19,520
1788270780,184.19,184.26,183.99,184.05,874
1788270840,184.05,184.09,183.96,183.97,855
1788270900,183.97,184.01,183.83,183.83,201
1788270960,183.83,183.85,183.62,183.69,1504
1788271020,183.69,183.69,183.59,183.61,71
1788271080,183.61,183.75,183.59,183.71,2361
1788271140,183.71,183.72,183.68,183.69,977
1788271200,183.69,183.76,183.65,183.75,441
1788271260,183.75,183.78,183.70,183.71,711
1788271320,183.71,183.76,183.59,183.62,1308
1788271380,183.62,183.69,183.58,183.66,2932
1788271440,183.66,183.84,183.63,183.79,2133
1788271500,183.79,183.79,183.70,183.75,2644
1788271560,183.75,183.92,183.73,183.90,1443
1788271620,183.90,183.96,183.84,183.96,375
1788271680,183.96,184.03,183.88,183.92,2593
1788271740,183.92,184.13,183.87,184.06,1788
1788271800,184.06,184.11,183.93,183.95,1643
1788271860,183.95,184.03,183.92,183.97,1182
1788271920,183.97,183.99,183.78,183.84,2310
1788271980,183.84,183.95,183.77,183.91,1982
1788272040,183.91,183.96,183.88,183.89,289
1788272100,183.89,183.94,183.74,183.78,522
1788272160,183.78,183.91,183.77,183.88,2252
1788272220,183.88,184.04,183.88,183.99,114
1788272280,183.99,184.19,183.95,184.13,1915
1788272340,184.13,184.20,184.11,184.19,558
1788272400,184.19,184.38,184.16,184.31,1103
1788272460,184.31,184.32,184.18,184.21,2539
1788272520,184.21,184.41,184.18,184.34,1020
1788272580,184.34,184.46,184.30,184.42,1476
1788272640,184.42,184.43,184.29,184.34,646
1788272700,184.34,184.46,184.30,184.41,1161
1788272760,184.41,184.47,184.30,184.36,2661
1788272820,184.36,184.50,184.29,184.48,783
1788272880,184.48,184.55,184.43,184.44,547
1788272940,184.44,184.45,184.35,184.35,2217
1788273000,184.35,184.51,184.29,184.49,2796
1788273060,184.49,184.54,184.39,184.41,1132
1788273120,184.41,184.42,184.34,184.37,1637
1788273180,184.37,184.38,184.33,184.36,863
1788273240,184.36,184.36,184.34,184.34,947
1788273300,184.34,184.38,184.21,184.28,1885
1788273360,184.28,184.44,184.21,184.43,2365
1788273420,184.43,184.45,184.39,184.41,117
1788273480,184.41,184.48,184.29,184.31,1496
1788273540,184.31,184.45,184.30,184.41,2000
1788273600,184.41,184.47,184.37,184.44,2412
1788273660,184.44,184.59,184.38,184.56,719
1788273720,184.56,184.64,184.50,184.57,413
1788273780,184.57,184.62,184.44,184.47,1373
1788273840,184.47,184.48,184.35,184.42,175
1788273900,184.42,184.52,184.35,184.48,137
1788273960,184.48,184.61,184.45,184.58,1461
1788274020,184.58,184.76,184.55,184.69,2500
1788274080,184.69,184.85,184.64,184.82,2607
1788274140,184.82,184.97,184.77,184.96,1728
1788274200,184.96,185.02,184.91,184.93,1617
1788274260,184.93,184.96,184.87,184.95,1346
1788274320,184.95,185.03,184.94,184.97,1917
1788274380,184.97,185.03,184.90,185.02,328
1788274440,185.02,185.06,184.95,185.02,1446
1788274500,185.02,185.04,184.85,184.88,1763
1788274560,184.88,184.95,184.85,184.87,2378
1788274620,184.87,185.06,184.83,185.02,549
1788274680,185.02,185.05,184.96,185.01,2743
1788274740,185.01,185.04,184.90,184.93,1941
1788274800,184.93,185.02,184.86,184.95,295
1788274860,184.95,185.09,184.94,185.03,2415
1788274920,185.03,185.08,184.97,185.00,1407
1788274980,185.00,185.02,184.86,184.90,315
1788275040,184.90,184.95,184.87,184.88,1951
1788275100,184.88,185.03,184.85,185.02,2906
1788275160,185.02,185.02,184.96,184.97,817
1788275220,184.97,184.98,184.90,184.96,301
1788275280,184.96,184.99,184.76,184.83,279
1788275340,184.83,184.85,184.74,184.80,1883
1788275400,184.80,184.90,184.77,184.87,1072
1788275460,184.87,184.87,184.78,184.78,584
1788275520,184.78,184.92,184.74,184.88,1681
1788275580,184.88,184.94,184.78,184.83,1400
1788275640,184.83,184.90,184.77,184.83,2256
1788275700,184.83,184.94,184.81,184.87,969
1788275760,184.87,184.97,184.84,184.95,2409
1788275820,184.95,184.98,184.85,184.90,459
1788275880,184.90,185.04,184.83,185.01,1680
1788275940,185.01,185.07,184.95,185.06,931
1788276000,185.06,185.21,185.03,185.21,2728
1788276060,185.21,185.25,185.15,185.23,713
1788276120,185.23,185.32,185.19,185.28,1244
1788276180,185.28,185.29,185.21,185.28,2403
1788276240,185.28,185.29,185.12,185.16,2722
1788276300,185.16,185.21,185.10,185.19,1144
1788276360,185.19,185.32,185.14,185.29,2563
1788276420,185.29,185.42,185.23,185.41,1167
1788276480,185.41,185.44,185.26,185.32,1918
1788276540,185.32,185.36,185.26,185.33,1382
1788276600,185.33,185.35,185.32,185.34,2571
1788276660,185.34,185.48,185.29,185.46,2375
1788276720,185.46,185.47,185.42,185.46,1751
1788276780,185.46,185.53,185.41,185.47,2328
1788276840,185.47,185.47,185.36,185.37,649
1788276900,185.37,185.48,185.35,185.41,1641
1788276960,185.41,185.49,185.39,185.47,143
1788277020,185.47,185.50,185.40,185.42,1942
1788277080,185.42,185.43,185.35,185.38,1268
1788277140,185.38,185.45,185.22,185.26,1595
1788277200,185.26,185.40,185.23,185.33,2369
1788277260,185.33,185.40,185.27,185.38,1027
1788277320,185.38,185.53,185.34,185.46,1389
1788277380,185.46,185.50,185.36,185.42,1844
1788277440,185.42,185.57,185.41,185.53,2024
1788277500,185.53,185.57,185.38,185.42,435
1788277560,185.42,185.58,185.40,185.52,1238
1788277620,185.52,185.54,185.47,185.52,520
1788277680,185.52,185.58,185.48,185.54,2147
1788277740,185.54,185.60,185.47,185.56,1477
1788277800,185.56,185.63,185.50,185.52,1035
1788277860,185.52,185.69,185.50,185.63,2437
1788277920,185.63,185.69,185.53,185.57,1512
1788277980,185.57,185.73,185.54,185.67,412
1788278040,185.67,185.69,185.58,185.65,2424
1788278100,185.65,185.83,185.59,185.80,1493
1788278160,185.80,185.82,185.67,185.74,2448
1788278220,185.74,185.75,185.61,185.61,1038
1788278280,185.61,185.72,185.59,185.67,720
1788278340,185.67,185.68,185.61,185.63,2974
1788278400,185.63,185.68,185.62,185.65,2141
1788278460,185.65,185.73,185.63,185.72,2221
1788278520,185.72,185.75,185.59,185.61,950
1788278580,185.61,185.65,185.57,185.64,2752
1788278640,185.64,185.70,185.50,185.50,1678
1788278700,185.50,185.66,185.44,185.63,561
1788278760,185.63,185.72,185.57,185.70,500
1788278820,185.70,185.72,185.64,185.71,921
1788278880,185.71,185.93,185.69,185.86,1721
1788278940,185.86,185.87,185.76,185.82,374
1788279000,185.82,185.98,185.77,185.97,2154
1788279060,185.97,186.14,185.91,186.08,1849
1788279120,186.08,186.11,185.98,185.99,1754
1788279180,185.99,186.04,185.88,185.88,313
1788279240,185.88,186.01,185.81,185.94,1614
1788279300,185.94,185.95,185.89,185.91,2809
1788279360,185.91,186.01,185.89,185.94,1845
1788279420,185.94,186.12,185.90,186.05,2672
1788279480,186.05,186.12,185.87,185.91,2361
1788279540,185.91,186.00,185.89,186.00,2859
1788279600,186.00,186.01,185.92,185.99,412
1788279660,185.99,186.15,185.98,186.14,858
1788279720,186.14,186.28,186.07,186.27,1237
1788279780,186.27,186.29,186.12,186.17,2459
1788279840,186.17,186.36,186.16,186.30,2601
1788279900,186.30,186.31,186.22,186.28,766
1788279960,186.28,186.40,186.24,186.38,568
1788280020,186.38,186.40,186.26,186.28,1946
1788280080,186.28,186.32,186.27,186.32,653
1788280140,186.32,186.33,186.16,186.23,1167
1788280200,186.23,186.32,186.18,186.32,2072
1788280260,186.32,186.33,186.13,186.19,2412
1788280320,186.19,186.25,186.05,186.11,146
1788280380,186.11,186.26,186.07,186.23,932
1788280440,186.23,186.28,186.19,186.21,2065
1788280500,186.21,186.26,186.20,186.26,1972
1788280560,186.26,186.39,186.20,186.37,330
1788280620,186.37,186.41,186.22,186.27,2527
1788280680,186.27,186.43,186.26,186.37,1181
1788280740,186.37,186.38,186.34,186.36,1928
1788280800,186.36,186.44,186.29,186.38,1239
1788280860,186.38,186.40,186.30,186.36,475
1788280920,186.36,186.43,186.30,186.37,1430
1788280980,186.37,186.48,186.31,186.46,2324
1788281040,186.46,186.59,186.40,186.59,2380
1788281100,186.59,186.64,186.51,186.56,2096
1788281160,186.56,186.56,186.43,186.45,451
1788281220,186.45,186.46,186.36,186.42,1046
1788281280,186.42,186.48,186.41,186.43,2652
1788281340,186.43,186.48,186.28,186.30,1754
1788281400,186.30,186.35,186.26,186.30,1102
1788281460,186.30,186.38,186.30,186.37,1668
1788281520,186.37,186.39,186.20,186.23,1288
1788281580,186.23,186.26,186.14,186.16,2733
1788281640,186.16,186.18,186.02,186.04,1268
1788281700,186.04,186.09,185.85,185.91,1209
1788281760,185.91,186.08,185.84,186.05,389
1788281820,186.05,186.11,185.90,185.95,636
1788281880,185.95,186.07,185.93,186.05,2200
1788281940,186.05,186.07,185.86,185.93,2934
1788282000,185.93,186.12,185.92,186.07,285
1788282060,186.07,186.16,186.06,186.13,398
1788282120,186.13,186.15,186.05,186.11,2335
1788282180,186.11,186.17,186.06,186.10,2672
1788282240,186.10,186.23,186.07,186.22,879
1788282300,186.22,186.29,186.11,186.14,525
1788282360,186.14,186.19,186.09,186.17,2970
1788282420,186.17,186.21,186.00,186.06,2378
1788282480,186.06,186.08,185.98,186.01,1147
1788282540,186.01,186.06,185.96,186.01,1590
1788282600,186.01,186.07,185.92,185.97,2784
1788282660,185.97,186.04,185.79,185.85,2965
1788282720,185.85,185.95,185.79,185.92,2736
1788282780,185.92,186.09,185.86,186.04,104
1788282840,186.04,186.11,185.93,185.97,1266
1788282900,185.97,186.08,185.90,186.07,2674
1788282960,186.07,186.14,186.01,186.04,487
1788283020,186.04,186.05,185.97,186.00,682
1788283080,186.00,186.07,185.92,185.99,1203
1788283140,185.99,186.03,185.91,185.92,1928
1788283200,185.92,185.98,185.90,185.93,2186
1788283260,185.93,186.06,185.86,185.99,1894
1788283320,185.99,186.03,185.98,186.00,1637
1788283380,186.00,186.02,185.86,185.91,805
1788283440,185.91,186.07,185.87,186.01,262
1788283500,186.01,186.05,185.96,186.01,1731
1788283560,186.01,186.06,185.84,185.87,2994
1788283620,185.87,185.98,185.81,185.95,2358
1788283680,185.95,186.12,185.88,186.06,590
1788283740,186.06,186.18,186.05,186.16,1444
1788283800,186.16,186.22,185.99,186.04,2767
1788283860,186.04,186.10,185.91,185.91,488
1788283920,185.91,185.96,185.78,185.82,1317
1788283980,185.82,185.96,185.81,185.96,2725
1788284040,185.96,186.16,185.91,186.11,258
1788284100,186.11,186.18,186.04,186.10,512
1788284160,186.10,186.17,186.05,186.15,1005
1788284220,186.15,186.19,186.10,186.13,1687
1788284280,186.13,186.18,186.06,186.17,1941
1788284340,186.17,186.37,186.13,186.32,491
1788284400,186.32,186.37,186.26,186.35,318
1788284460,186.35,186.48,186.29,186.45,2545
1788284520,186.45,186.58,186.44,186.51,480
1788284580,186.51,186.54,186.51,186.53,637
1788284640,186.53,186.71,186.51,186.68,2197
1788284700,186.68,186.73,186.53,186.59,1955
1788284760,186.59,186.59,186.46,186.52,2632
1788284820,186.52,186.56,186.32,186.39,906
1788284880,186.39,186.43,186.26,186.30,499
1788284940,186.30,186.36,186.15,186.18,961
1788285000,186.18,186.24,186.13,186.18,1257
1788285060,186.18,186.20,186.14,186.14,1476
1788285120,186.14,186.20,185.96,186.01,1607
1788285180,186.01,186.07,185.93,186.00,2652
1788285240,186.00,186.03,185.94,186.02,2408
1788285300,186.02,186.10,185.96,186.03,610
1788285360,186.03,186.10,185.84,185.91,2947
1788285420,185.91,186.02,185.90,185.96,638
1788285480,185.96,186.03,185.83,185.85,1100
1788285540,185.85,185.87,185.71,185.73,2937
1788320700,185.73,185.75,185.53,185.59,856
1788320760,185.59,185.73,185.53,185.70,1182
1788320820,185.70,185.77,185.66,185.73,2720
1788320880,185.73,185.90,185.67,185.86,1584
1788320940,185.86,185.89,185.70,185.72,1374
1788321000,185.72,185.72,185.60,185.66,617
1788321060,185.66,185.74,185.63,185.71,1502
1788321120,185.71,185.78,185.65,185.73,721
1788321180,185.73,185.90,185.67,185.84,628
1788321240,185.84,185.88,185.71,185.74,2068
1788321300,185.74,185.78,185.58,185.61,189
1788321360,185.61,185.63,185.53,185.55,1718
1788321420,185.55,185.60,185.44,185.46,1988
1788321480,185.46,185.52,185.27,185.32,2955
1788321540,185.32,185.37,185.27,185.32,1172
1788321600,185.32,185.49,185.26,185.46,2977
1788321660,185.46,185.58,185.46,185.55,266
1788321720,185.55,185.67,185.52,185.63,1532
1788321780,185.63,185.68,185.48,185.51,2152
1788321840,185.51,185.62,185.44,185.56,1348
1788321900,185.56,185.62,185.46,185.48,2476
1788321960,185.48,185.49,185.40,185.42,115
1788322020,185.42,185.48,185.28,185.33,1564
1788322080,185.33,185.52,185.28,185.45,2108
1788322140,185.45,185.56,185.43,185.53,2730
1788322200,185.53,185.54,185.38,185.44,1801
1788322260,185.44,185.50,185.36,185.40,1086
1788322320,185.40,185.47,185.36,185.39,2139
1788322380,185.39,185.47,185.38,185.46,422
1788322440,185.46,185.46,185.28,185.33,2014
1788322500,185.33,185.33,185.16,185.23,2840
1788322560,185.23,185.41,185.19,185.35,421
1788322620,185.35,185.53,185.28,185.48,803
1788322680,185.48,185.50,185.46,185.50,81
1788322740,185.50,185.55,185.33,185.37,1397
1788322800,185.37,185.45,185.33,185.39,689
1788322860,185.39,185.46,185.32,185.38,2194
1788322920,185.38,185.51,185.33,185.47,2218
1788322980,185.47,185.57,185.41,185.53,562
1788323040,185.53,185.59,185.42,185.47,1470
1788323100,185.47,185.50,185.36,185.39,2273
1788323160,185.39,185.40,185.24,185.25,2102
1788323220,185.25,185.39,185.24,185.38,971
1788323280,185.38,185.42,185.37,185.40,819
1788323340,185.40,185.45,185.35,185.39,2689
1788323400,185.39,185.45,185.23,185.26,1110
1788323460,185.26,185.28,185.09,185.13,2908
1788323520,185.13,185.14,185.01,185.06,558
1788323580,185.06,185.13,184.90,184.92,419
1788323640,184.92,184.98,184.89,184.91,1165
1788323700,184.91,185.02,184.85,185.01,1866
1788323760,185.01,185.04,185.00,185.01,1298
1788323820,185.01,185.05,184.96,185.01,1897
1788323880,185.01,185.07,184.95,184.98,1109
1788323940,184.98,184.98,184.82,184.87,2339
1788324000,184.87,184.89,184.84,184.88,2521
1788324060,184.88,184.95,184.85,184.87,1652
1788324120,184.87,184.94,184.67,184.73,1897
1788324180,184.73,184.74,184.72,184.72,2850
1788324240,184.72,184.77,184.53,184.59,2082
1788324300,184.59,184.60,184.41,184.45,2196
1788324360,184.45,184.46,184.35,184.41,636
1788324420,184.41,184.49,184.41,184.43,1274
1788324480,184.43,184.46,184.26,184.32,1920
1788324540,184.32,184.44,184.31,184.37,1755
1788324600,184.37,184.42,184.21,184.24,1548
1788324660,184.24,184.32,184.23,184.31,883
1788324720,184.31,184.42,184.29,184.39,1152
1788324780,184.39,184.39,184.24,184.30,1090
1788324840,184.30,184.41,184.26,184.36,1151
1788324900,184.36,184.37,184.18,184.25,513
1788324960,184.25,184.42,184.21,184.39,121
1788325020,184.39,184.42,184.29,184.31,334
1788325080,184.31,184.35,184.26,184.33,1161
1788325140,184.33,184.48,184.33,184.41,769
1788325200,184.41,184.58,184.38,184.54,341
1788325260,184.54,184.62,184.52,184.57,264
1788325320,184.57,184.67,184.50,184.63,2778
1788325380,184.63,184.69,184.60,184.63,2854
1788325440,184.63,184.71,184.59,184.69,1041
1788325500,184.69,184.73,184.69,184.72,977
1788325560,184.72,184.73,184.57,184.63,2698
1788325620,184.63,184.66,184.56,184.60,2182
1788325680,184.60,184.69,184.57,184.67,1888
1788325740,184.67,184.78,184.63,184.72,925
1788325800,184.72,184.75,184.60,184.62,2162
1788325860,184.62,184.65,184.57,184.62,2362
1788325920,184.62,184.77,184.57,184.72,1576
1788325980,184.72,184.77,184.65,184.70,2345
1788326040,184.70,184.71,184.62,184.69,1155
1788326100,184.69,184.82,184.64,184.80,1000
1788326160,184.80,184.95,184.78,184.93,749
1788326220,184.93,184.99,184.86,184.88,2439
1788326280,184.88,184.95,184.87,184.93,419
1788326340,184.93,185.04,184.87,185.02,2430
1788326400,185.02,185.05,185.02,185.05,2116
1788326460,185.05,185.12,185.03,185.11,173
1788326520,185.11,185.19,185.10,185.14,1562
1788326580,185.14,185.30,185.11,185.28,2464
1788326640,185.28,185.36,185.22,185.36,922
1788326700,185.36,185.39,185.23,185.26,81
1788326760,185.26,185.33,185.17,185.23,512
1788326820,185.23,185.27,185.16,185.23,409
1788326880,185.23,185.24,185.12,185.18,2481
1788326940,185.18,185.25,185.07,185.12,2541
1788327000,185.12,185.25,185.07,185.24,1978
1788327060,185.24,185.35,185.18,185.29,1373
1788327120,185.29,185.42,185.26,185.39,2399
1788327180,185.39,185.45,185.34,185.41,652
1788327240,185.41,185.43,185.39,185.43,2380
1788327300,185.43,185.44,185.31,185.35,169
1788327360,185.35,185.41,185.34,185.41,2521
1788327420,185.41,185.46,185.35,185.39,2368
1788327480,185.39,185.46,185.32,185.35,2992
1788327540,185.35,185.48,185.32,185.42,1810
1788327600,185.42,185.45,185.25,185.28,412
1788327660,185.28,185.29,185.15,185.19,2437
1788327720,185.19,185.23,185.16,185.18,702
1788327780,185.18,185.29,185.13,185.23,2292
1788327840,185.23,185.32,185.16,185.27,1857
1788327900,185.27,185.30,185.27,185.30,598
1788327960,185.30,185.44,185.27,185.40,1790
1788328020,185.40,185.45,185.25,185.29,2312
1788328080,185.29,185.40,185.23,185.35,2426
1788328140,185.35,185.47,185.29,185.44,1618
1788328200,185.44,185.47,185.40,185.43,2494
1788328260,185.43,185.45,185.39,185.40,1541
1788328320,185.40,185.45,185.32,185.35,353
1788328380,185.35,185.51,185.28,185.46,66
1788328440,185.46,185.47,185.41,185.43,1863
1788328500,185.43,185.58,185.38,185.51,2478
1788328560,185.51,185.55,185.36,185.40,2857
1788328620,185.40,185.46,185.21,185.28,593
1788328680,185.28,185.39,185.27,185.36,708
1788328740,185.36,185.43,185.30,185.41,1507
1788328800,185.41,185.48,185.38,185.40,1509
1788328860,185.40,185.43,185.26,185.33,2880
1788328920,185.33,185.46,185.30,185.40,1946
1788328980,185.40,185.42,185.23,185.29,1438
1788329040,185.29,185.39,185.24,185.35,2644
1788329100,185.35,185.45,185.32,185.44,1525
1788329160,185.44,185.50,185.41,185.49,1337
1788329220,185.49,185.58,185.46,185.52,569
1788329280,185.52,185.58,185.47,185.48,2451
1788329340,185.48,185.56,185.44,185.55,2184
1788329400,185.55,185.62,185.53,185.58,1040
1788329460,185.58,185.60,185.55,185.55,1582
1788329520,185.55,185.64,185.51,185.59,369
1788329580,185.59,185.66,185.54,185.59,898
1788329640,185.59,185.66,185.53,185.60,236
1788329700,185.60,185.64,185.44,185.47,2851
1788329760,185.47,185.49,185.43,185.45,985
1788329820,185.45,185.52,185.27,185.33,1538
1788329880,185.33,185.48,185.31,185.48,756
1788329940,185.48,185.62,185.47,185.61,1096
1788330000,185.61,185.67,185.45,185.51,2736
1788330060,185.51,185.53,185.39,185.44,1246
1788330120,185.44,185.50,185.31,185.33,2874
1788330180,185.33,185.37,185.24,185.29,338
1788330240,185.29,185.31,185.13,185.20,480
1788330300,185.20,185.25,185.03,185.06,1965
1788330360,185.06,185.19,185.05,185.19,1460
1788330420,185.19,185.26,185.16,185.23,1346
1788330480,185.23,185.31,185.16,185.28,688
1788330540,185.28,185.36,185.23,185.33,525
1788330600,185.33,185.42,185.32,185.35,653
1788330660,185.35,185.47,185.34,185.41,1487
1788330720,185.41,185.43,185.36,185.36,1982
1788330780,185.36,185.43,185.23,185.26,1232
1788330840,185.26,185.27,185.16,185.23,694
1788330900,185.23,185.25,185.06,185.12,2016
1788330960,185.12,185.19,185.10,185.13,2694
1788331020,185.13,185.19,185.10,185.16,2215
1788331080,185.16,185.25,185.12,185.19,404
1788331140,185.19,185.23,185.12,185.21,475
1788331200,185.21,185.38,185.20,185.33,1308
1788331260,185.33,185.38,185.29,185.31,2128
1788331320,185.31,185.35,185.14,185.20,1544
1788331380,185.20,185.24,185.20,185.20,1034
1788331440,185.20,185.24,185.04,185.09,2465
1788331500,185.09,185.11,185.02,185.09,2550
1788331560,185.09,185.20,185.08,185.18,1162
1788331620,185.18,185.20,185.08,185.14,479
1788331680,185.14,185.20,185.03,185.05,1475
1788331740,185.05,185.08,184.90,184.92,2481
1788331800,184.92,184.98,184.86,184.94,209
1788331860,184.94,185.05,184.92,184.98,301
1788331920,184.98,185.07,184.91,185.05,77
1788331980,185.05,185.08,185.00,185.07,1947
1788332040,185.07,185.16,185.02,185.14,325
1788332100,185.14,185.25,185.11,185.18,2737
1788332160,185.18,185.28,185.16,185.23,1960
1788332220,185.23,185.27,185.11,185.13,2340
1788332280,185.13,185.19,185.05,185.07,2719
1788332340,185.07,185.13,185.05,185.07,2565
1788332400,185.07,185.14,184.89,184.94,360
1788332460,184.94,185.00,184.82,184.86,160
1788332520,184.86,184.91,184.71,184.77,2237
1788332580,184.77,184.84,184.75,184.83,1965
1788332640,184.83,184.89,184.73,184.76,2835
1788332700,184.76,184.84,184.69,184.80,551
1788332760,184.80,184.97,184.75,184.95,2099
1788332820,184.95,185.13,184.94,185.07,2607
1788332880,185.07,185.13,184.96,184.96,1876
1788332940,184.96,184.98,184.84,184.89,2447
1788333000,184.89,184.91,184.74,184.77,1424
1788333060,184.77,184.90,184.76,184.86,355
1788333120,184.86,184.95,184.81,184.91,1881
1788333180,184.91,184.93,184.88,184.90,1388
1788333240,184.90,184.94,184.77,184.78,50
1788333300,184.78,184.85,184.66,184.67,1345
1788333360,184.67,184.75,184.62,184.68,2699
1788333420,184.68,184.72,184.55,184.58,93
1788333480,184.58,184.62,184.42,184.48,1015
1788333540,184.48,184.51,184.35,184.38,1368
1788333600,184.38,184.43,184.28,184.28,921
1788333660,184.28,184.32,184.13,184.16,2501
1788333720,184.16,184.22,184.12,184.18,2374
1788333780,184.18,184.23,184.02,184.07,637
1788333840,184.07,184.07,183.90,183.97,2728
1788333900,183.97,184.10,183.90,184.09,232
1788333960,184.09,184.14,183.98,184.01,2666
1788334020,184.01,184.08,183.97,183.99,1830
1788334080,183.99,184.04,183.82,183.88,1456
1788334140,183.88,184.05,183.85,183.99,2929
1788334200,183.99,184.05,183.96,183.99,1680
1788334260,183.99,184.03,183.79,183.86,1453
1788334320,183.86,184.02,183.85,183.97,395
1788334380,183.97,184.01,183.93,183.98,2876
1788334440,183.98,184.10,183.97,184.03,1376
1788334500,184.03,184.07,183.88,183.91,1917
1788334560,183.91,183.98,183.80,183.85,1337
1788334620,183.85,183.97,183.82,183.95,931
1788334680,183.95,184.08,183.92,184.01,300
1788334740,184.01,184.14,184.01,184.11,1902
1788334800,184.11,184.25,184.11,184.18,2332
1788334860,184.18,184.26,184.17,184.25,1956
1788334920,184.25,184.32,184.08,184.14,2619
1788334980,184.14,184.29,184.07,184.22,2930
1788335040,184.22,184.27,184.17,184.19,309
1788335100,184.19,184.35,184.14,184.32,1977
1788335160,184.32,184.39,184.24,184.27,1679
1788335220,184.27,184.30,184.13,184.14,779
1788335280,184.14,184.31,184.09,184.28,377
1788335340,184.28,184.34,184.21,184.29,268
1788335400,184.29,184.40,184.27,184.40,2789
1788335460,184.40,184.43,184.34,184.38,2338
1788335520,184.38,184.41,184.21,184.26,412
1788335580,184.26,184.33,184.11,184.16,850
1788335640,184.16,184.19,184.08,184.11,2544
1788335700,184.11,184.23,184.07,184.19,1988
1788335760,184.19,184.32,184.12,184.28,1005
1788335820,184.28,184.34,184.16,184.19,2311
1788335880,184.19,184.31,184.17,184.29,2652
1788335940,184.29,184.34,184.17,184.19,2494
1788336000,184.19,184.24,184.12,184.15,1829
1788336060,184.15,184.31,184.14,184.24,109
1788336120,184.24,184.34,184.18,184.31,490
1788336180,184.31,184.31,184.19,184.21,1035
1788336240,184.21,184.26,184.18,184.19,2551
1788336300,184.19,184.23,184.15,184.21,958
1788336360,184.21,184.42,184.19,184.35,2774
1788336420,184.35,184.48,184.34,184.42,1868
1788336480,184.42,184.47,184.27,184.31,307
1788336540,184.31,184.38,184.12,184.18,2350
1788336600,184.18,184.25,184.13,184.17,2252
1788336660,184.17,184.34,184.13,184.32,2284
1788336720,184.32,184.51,184.29,184.44,1520
1788336780,184.44,184.49,184.42,184.46,500
1788336840,184.46,184.47,184.29,184.34,2604
1788336900,184.34,184.41,184.32,184.40,2709
1788336960,184.40,184.41,184.35,184.35,1589
1788337020,184.35,184.39,184.33,184.37,1325
1788337080,184.37,184.49,184.34,184.46,2017
1788337140,184.46,184.56,184.44,184.50,1963
1788337200,184.50,184.54,184.45,184.45,2487
1788337260,184.45,184.50,184.42,184.42,2180
1788337320,184.42,184.44,184.39,184.39,2698
1788337380,184.39,184.39,184.34,184.35,819
1788337440,184.35,184.43,184.32,184.38,2515
1788337500,184.38,184.39,184.31,184.32,1983
1788337560,184.32,184.36,184.27,184.36,636
1788337620,184.36,184.55,184.32,184.51,745
1788337680,184.51,184.69,184.47,184.62,452
1788337740,184.62,184.66,184.48,184.52,2128
1788337800,184.52,184.54,184.40,184.41,736
1788337860,184.41,184.44,184.33,184.33,2331
1788337920,184.33,184.34,184.26,184.27,2773
1788337980,184.27,184.31,184.22,184.25,740
1788338040,184.25,184.28,184.19,184.21,1115
1788338100,184.21,184.39,184.16,184.33,2328
1788338160,184.33,184.48,184.33,184.42,1173
1788338220,184.42,184.49,184.40,184.41,372
1788338280,184.41,184.46,184.27,184.32,2926
1788338340,184.32,184.52,184.29,184.45,754
1788338400,184.45,184.66,184.38,184.59,2588
1788338460,184.59,184.65,184.53,184.60,1159
1788338520,184.60,184.66,184.54,184.64,2340
1788338580,184.64,184.65,184.52,184.58,826
1788338640,184.58,184.64,184.55,184.61,1378
1788338700,184.61,184.66,184.54,184.56,1007
1788338760,184.56,184.63,184.37,184.43,2114
1788338820,184.43,184.54,184.41,184.51,1246
1788338880,184.51,184.72,184.48,184.65,2875
1788338940,184.65,184.84,184.63,184.78,582
1788339000,184.78,184.97,184.72,184.92,462
1788339060,184.92,184.94,184.77,184.83,75
1788339120,184.83,184.99,184.80,184.96,1691
1788339180,184.96,185.04,184.89,184.97,832
1788339240,184.97,185.05,184.91,185.01,1683
1788339300,185.01,185.13,184.96,185.12,748
1788339360,185.12,185.15,184.92,184.98,920
1788339420,184.98,185.12,184.96,185.06,2175
1788339480,185.06,185.08,184.91,184.95,1995
1788339540,184.95,185.09,184.94,185.08,2119
1788339600,185.08,185.14,184.91,184.97,914
1788339660,184.97,185.18,184.90,185.12,2903
1788339720,185.12,185.13,184.97,184.99,1035
1788339780,184.99,185.04,184.84,184.86,2524
1788339840,184.86,184.90,184.72,184.73,2446
1788339900,184.73,184.77,184.71,184.73,260
1788339960,184.73,184.78,184.59,184.62,830
1788340020,184.62,184.64,184.60,184.62,1380
1788340080,184.62,184.63,184.58,184.61,388
1788340140,184.61,184.63,184.54,184.56,846
1788340200,184.56,184.62,184.54,184.56,1837
1788340260,184.56,184.64,184.51,184.57,1318
1788340320,184.57,184.75,184.52,184.70,1252
1788340380,184.70,184.72,184.56,184.57,1763
1788340440,184.57,184.62,184.56,184.57,1021
1788340500,184.57,184.62,184.48,184.52,2449
1788340560,184.52,184.67,184.45,184.61,2726
1788340620,184.61,184.63,184.51,184.55,2161
1788340680,184.55,184.61,184.47,184.49,1935
1788340740,184.49,184.54,184.40,184.44,421
1788340800,184.44,184.59,184.42,184.59,2502
1788340860,184.59,184.70,184.56,184.63,403
1788340920,184.63,184.82,184.58,184.76,1883
1788340980,184.76,184.83,184.59,184.66,2595
1788341040,184.66,184.69,184.57,184.63,1922
1788341100,184.63,184.69,184.51,184.52,2209
1788341160,184.52,184.59,184.41,184.42,633
1788341220,184.42,184.46,184.26,184.28,2515
1788341280,184.28,184.28,184.15,184.18,978
1788341340,184.18,184.23,184.11,184.12,2641
1788341400,184.12,184.18,184.05,184.12,1302
1788341460,184.12,184.22,184.08,184.15,1145
1788341520,184.15,184.30,184.13,184.27,2695
1788341580,184.27,184.45,184.27,184.38,658
1788341640,184.38,184.52,184.33,184.48,2231
1788341700,184.48,184.58,184.47,184.57,1128
1788341760,184.57,184.66,184.54,184.60,407
1788341820,184.60,184.67,184.56,184.62,2207
1788341880,184.62,184.69,184.54,184.55,1094
1788341940,184.55,184.69,184.54,184.64,839
1788342000,184.64,184.70,184.58,184.60,1631
1788342060,184.60,184.63,184.48,184.55,738
1788342120,184.55,184.56,184.38,184.42,2103
1788342180,184.42,184.59,184.41,184.56,874
1788342240,184.56,184.66,184.50,184.61,2371
1788342300,184.61,184.64,184.53,184.59,813
1788342360,184.59,184.75,184.54,184.71,2806
1788342420,184.71,184.84,184.68,184.79,358
1788342480,184.79,184.82,184.75,184.78,193
1788342540,184.78,184.94,184.78,184.90,671
1788342600,184.90,185.02,184.89,185.00,1304
1788342660,185.00,185.06,184.84,184.90,2424
1788342720,184.90,185.07,184.85,185.01,591
1788342780,185.01,185.16,184.95,185.13,2742
1788342840,185.13,185.27,185.08,185.27,2339
1788342900,185.27,185.34,185.24,185.34,1166
1788342960,185.34,185.44,185.32,185.41,1687
1788343020,185.41,185.41,185.25,185.28,241
1788343080,185.28,185.35,185.21,185.30,593
1788343140,185.30,185.33,185.25,185.26,113
1788343200,185.26,185.40,185.25,185.34,2683
1788343260,185.34,185.50,185.32,185.48,270
1788343320,185.48,185.54,185.47,185.50,2595
1788343380,185.50,185.65,185.46,185.63,2297
1788343440,185.63,185.76,185.58,185.71,2399
1788343500,185.71,185.77,185.65,185.75,2461
1788343560,185.75,185.80,185.70,185.75,805
1788343620,185.75,185.80,185.68,185.72,1721
1788343680,185.72,185.91,185.72,185.86,2600
1788343740,185.86,186.04,185.83,186.00,1542
1788343800,186.00,186.01,185.83,185.90,1698
1788343860,185.90,186.07,185.89,186.03,834
1788343920,186.03,186.05,185.90,185.93,1919
1788343980,185.93,186.01,185.90,185.99,1691
1788344040,185.99,186.01,185.84,185.87,942
1788344100,185.87,185.97,185.82,185.90,2695
1788344160,185.90,186.07,185.83,186.03,997
1788344220,186.03,186.08,185.91,185.97,622
1788344280,185.97,185.98,185.86,185.91,1350
1788344340,185.91,185.93,185.76,185.83,2952
1788344400,185.83,185.87,185.82,185.84,563
1788344460,185.84,185.91,185.70,185.77,1970
1788344520,185.77,185.80,185.63,185.69,2070
1788344580,185.69,185.70,185.53,185.60,632
1788344640,185.60,185.61,185.55,185.60,1205
1788344700,185.60,185.69,185.53,185.63,1543
1788344760,185.63,185.65,185.58,185.61,1519
1788344820,185.61,185.73,185.58,185.66,2650
1788344880,185.66,185.69,185.57,185.63,720
1788344940,185.63,185.77,185.58,185.73,2936
1788345000,185.73,185.80,185.72,185.78,2464
1788345060,185.78,185.90,185.78,185.89,484
1788345120,185.89,185.92,185.76,185.83,402
1788345180,185.83,185.89,185.80,185.85,2162
1788345240,185.85,185.90,185.76,185.82,124
1788345300,185.82,185.88,185.75,185.85,809
1788345360,185.85,185.92,185.72,185.74,2312
1788345420,185.74,185.79,185.67,185.70,2948
1788345480,185.70,185.75,185.64,185.69,1035
1788345540,185.69,185.76,185.64,185.75,908
1788345600,185.75,185.77,185.65,185.67,674
1788345660,185.67,185.69,185.51,185.53,2649
1788345720,185.53,185.53,185.33,185.39,722
1788345780,185.39,185.52,185.36,185.47,855
1788345840,185.47,185.53,185.36,185.41,2871
1788345900,185.41,185.53,185.35,185.51,1792
1788345960,185.51,185.58,185.34,185.39,2684
1788346020,185.39,185.47,185.39,185.47,640
1788346080,185.47,185.65,185.41,185.61,1138
1788346140,185.61,185.67,185.49,185.51,2683
1788346200,185.51,185.57,185.46,185.54,874
1788346260,185.54,185.65,185.52,185.64,2483
1788346320,185.64,185.67,185.57,185.57,2568
1788346380,185.57,185.62,185.52,185.56,2875
1788346440,185.56,185.61,185.53,185.54,196
1788346500,185.54,185.59,185.53,185.56,2925
1788346560,185.56,185.61,185.41,185.43,863
1788346620,185.43,185.52,185.42,185.52,1479
1788346680,185.52,185.61,185.49,185.55,1210
1788346740,185.55,185.60,185.49,185.56,2871
1788346800,185.56,185.69,185.51,185.63,929
1788346860,185.63,185.79,185.58,185.78,825
1788346920,185.78,185.99,185.71,185.93,1608
1788346980,185.93,185.99,185.90,185.98,481
1788347040,185.98,186.04,185.91,185.93,576
1788347100,185.93,186.11,185.93,186.04,745
1788347160,186.04,186.08,185.98,186.00,1991
1788347220,186.00,186.01,185.92,185.95,2670
1788347280,185.95,186.07,185.93,186.06,2121
1788347340,186.06,186.21,185.99,186.15,2668
1788347400,186.15,186.28,186.13,186.28,2834
1788347460,186.28,186.32,186.10,186.16,1254
1788347520,186.16,186.18,186.14,186.15,2238
1788347580,186.15,186.19,186.08,186.09,2324
1788347640,186.09,186.22,186.02,186.19,1242
1788347700,186.19,186.33,186.12,186.32,2751
1788347760,186.32,186.33,186.25,186.30,1491
1788347820,186.30,186.47,186.27,186.42,1476
1788347880,186.42,186.54,186.40,186.51,2571
1788347940,186.51,186.58,186.50,186.57,2309
1788348000,186.57,186.71,186.56,186.65,287
1788348060,186.65,186.85,186.61,186.80,911
1788348120,186.80,186.84,186.61,186.68,1266
1788348180,186.68,186.84,186.61,186.80,2557
1788348240,186.80,186.83,186.63,186.67,50
1788348300,186.67,186.83,186.63,186.80,2490
1788348360,186.80,186.97,186.73,186.92,2852
1788348420,186.92,186.94,186.86,186.87,2264
1788348480,186.87,186.88,186.74,186.79,253
1788348540,186.79,186.97,186.72,186.91,2124
1788348600,186.91,186.94,186.88,186.91,1010
1788348660,186.91,187.06,186.86,186.99,617
1788348720,186.99,187.02,186.89,186.95,987
1788348780,186.95,186.98,186.89,186.97,1279
1788348840,186.97,187.00,186.91,186.92,1189
1788348900,186.92,187.05,186.85,187.00,2508
1788348960,187.00,187.01,186.98,186.99,2092
1788349020,186.99,187.19,186.92,187.12,614
1788349080,187.12,187.18,187.07,187.11,1718
1788349140,187.11,187.26,187.11,187.24,2882
1788349200,187.24,187.45,187.20,187.39,2759
1788349260,187.39,187.45,187.36,187.38,233
1788349320,187.38,187.40,187.28,187.34,1582
1788349380,187.34,187.44,187.27,187.40,2492
1788349440,187.40,187.44,187.30,187.37,1940
1788349500,187.37,187.52,187.35,187.45,1404
1788349560,187.45,187.50,187.37,187.44,2154
1788349620,187.44,187.51,187.40,187.49,347
1788349680,187.49,187.51,187.40,187.43,2913
1788349740,187.43,187.43,187.27,187.30,2070
1788349800,187.30,187.44,187.27,187.43,2121
1788349860,187.43,187.46,187.29,187.33,2709
1788349920,187.33,187.49,187.32,187.44,1061
1788349980,187.44,187.47,187.38,187.40,281
1788350040,187.40,187.42,187.36,187.41,2527
1788350100,187.41,187.57,187.38,187.53,267
1788350160,187.53,187.66,187.51,187.61,1374
1788350220,187.61,187.68,187.45,187.51,1075
1788350280,187.51,187.52,187.37,187.42,1881
1788350340,187.42,187.48,187.40,187.44,2971
1788350400,187.44,187.51,187.26,187.32,2824
1788350460,187.32,187.33,187.14,187.20,2647
1788350520,187.20,187.22,187.03,187.06,2815
1788350580,187.06,187.12,187.00,187.08,1298
1788350640,187.08,187.16,187.01,187.14,1488
1788350700,187.14,187.14,187.00,187.06,2645
1788350760,187.06,187.25,187.05,187.19,515
1788350820,187.19,187.29,187.15,187.25,2883
1788350880,187.25,187.39,187.19,187.35,2753
1788350940,187.35,187.44,187.28,187.40,1789
1788351000,187.40,187.55,187.37,187.52,2513
1788351060,187.52,187.59,187.46,187.53,1945
1788351120,187.53,187.55,187.43,187.50,922
1788351180,187.50,187.59,187.44,187.53,128
1788351240,187.53,187.60,187.45,187.45,875
1788351300,187.45,187.65,187.44,187.60,1287
1788351360,187.60,187.73,187.59,187.69,283
1788351420,187.69,187.85,187.63,187.78,690
1788351480,187.78,187.81,187.68,187.72,2683
1788351540,187.72,187.83,187.69,187.76,357
1788351600,187.76,187.80,187.57,187.63,1221
1788351660,187.63,187.71,187.60,187.69,2964
1788351720,187.69,187.81,187.64,187.76,2072
1788351780,187.76,187.81,187.72,187.76,923
1788351840,187.76,187.76,187.66,187.66,167
1788351900,187.66,187.77,187.60,187.72,1575
1788351960,187.72,187.78,187.65,187.73,697
1788352020,187.73,187.80,187.62,187.65,942
1788352080,187.65,187.76,187.63,187.69,1499
1788352140,187.69,187.85,187.63,187.79,1790
1788352200,187.79,187.80,187.65,187.68,282
1788352260,187.68,187.69,187.53,187.59,1845
1788352320,187.59,187.70,187.53,187.68,1860
1788352380,187.68,187.82,187.65,187.80,1062
1788352440,187.80,187.87,187.73,187.85,2913
1788352500,187.85,187.86,187.71,187.77,2594
1788352560,187.77,187.80,187.71,187.72,1734
1788352620,187.72,187.73,187.68,187.71,1136
1788352680,187.71,187.74,187.57,187.64,1721
1788352740,187.64,187.70,187.57,187.60,1344
1788352800,187.60,187.77,187.57,187.74,2830
1788352860,187.74,187.80,187.60,187.63,974
1788352920,187.63,187.70,187.57,187.63,1782
1788352980,187.63,187.82,187.60,187.76,2932
1788353040,187.76,187.80,187.67,187.73,2378
1788353100,187.73,187.74,187.58,187.59,2067
1788353160,187.59,187.72,187.56,187.69,1365
1788353220,187.69,187.75,187.59,187.66,2713
1788353280,187.66,187.82,187.66,187.79,2506
1788353340,187.79,187.92,187.73,187.86,1646
1788353400,187.86,188.07,187.85,188.01,1709
1788353460,188.01,188.08,187.92,187.95,1511
1788353520,187.95,188.02,187.81,187.82,2598
1788353580,187.82,187.86,187.65,187.68,2381
1788353640,187.68,187.74,187.59,187.60,2289
1788353700,187.60,187.67,187.52,187.59,2023
1788353760,187.59,187.78,187.54,187.71,1478
1788353820,187.71,187.83,187.69,187.79,1742
1788353880,187.79,187.89,187.73,187.87,839
1788353940,187.87,187.91,187.72,187.75,2885
1788354000,187.75,187.94,187.72,187.88,1392
1788354060,187.88,187.94,187.81,187.93,1128
1788354120,187.93,187.95,187.74,187.79,2880
1788354180,187.79,187.92,187.78,187.85,73
1788354240,187.85,187.98,187.80,187.95,1086
1788354300,187.95,188.02,187.81,187.86,1618
1788354360,187.86,187.97,187.85,187.92,2399
1788354420,187.92,188.00,187.87,187.99,1945
1788354480,187.99,188.00,187.89,187.95,1797
1788354540,187.95,188.02,187.95,187.98,2327
1788354600,187.98,188.00,187.80,187.84,1663
1788354660,187.84,188.00,187.77,187.98,2348
1788354720,187.98,188.04,187.84,187.87,2127
1788354780,187.87,188.00,187.81,188.00,2850
1788354840,188.00,188.06,187.83,187.89,176
1788354900,187.89,187.90,187.70,187.75,2597
1788354960,187.75,187.83,187.70,187.76,1683
1788355020,187.76,187.80,187.62,187.65,1127
1788355080,187.65,187.72,187.60,187.62,2669
1788355140,187.62,187.63,187.58,187.62,1129
1788355200,187.62,187.71,187.57,187.69,2791
1788355260,187.69,187.83,187.64,187.76,887
1788355320,187.76,187.83,187.69,187.73,2260
1788355380,187.73,187.86,187.67,187.79,2798
1788355440,187.79,187.90,187.79,187.85,2945
1788355500,187.85,187.93,187.80,187.91,1830
1788355560,187.91,187.92,187.86,187.88,164
1788355620,187.88,188.02,187.85,187.95,2807
1788355680,187.95,187.98,187.86,187.88,2077
1788355740,187.88,187.93,187.85,187.86,1668
1788355800,187.86,187.89,187.78,187.79,760
1788355860,187.79,187.84,187.60,187.65,1252
1788355920,187.65,187.68,187.52,187.54,2680
1788355980,187.54,187.59,187.39,187.44,1281
1788356040,187.44,187.51,187.40,187.50,1951
1788356100,187.50,187.60,187.46,187.55,1547
1788356160,187.55,187.59,187.50,187.54,832
1788356220,187.54,187.59,187.50,187.59,2930
1788356280,187.59,187.63,187.52,187.58,1097
1788356340,187.58,187.61,187.44,187.48,2188
1788356400,187.48,187.55,187.38,187.45,1067
1788356460,187.45,187.54,187.39,187.50,1934
1788356520,187.50,187.65,187.50,187.58,1029
1788356580,187.58,187.62,187.41,187.48,1725
1788356640,187.48,187.62,187.42,187.57,1506
1788356700,187.57,187.60,187.41,187.47,257
1788356760,187.47,187.61,187.44,187.59,2117
1788356820,187.59,187.73,187.57,187.71,875
1788356880,187.71,187.78,187.69,187.72,2249
1788356940,187.72,187.83,187.66,187.81,2648
1788357000,187.81,187.96,187.77,187.90,2345
1788357060,187.90,187.91,187.71,187.77,2860
1788357120,187.77,187.81,187.73,187.80,1486
1788357180,187.80,187.85,187.76,187.84,2912
1788357240,187.84,187.90,187.71,187.75,1327
1788357300,187.75,187.75,187.58,187.64,1280
1788357360,187.64,187.73,187.58,187.68,1076
1788357420,187.68,187.69,187.55,187.61,1768
1788357480,187.61,187.78,187.56,187.71,955
1788357540,187.71,187.90,187.71,187.83,2072
1788357600,187.83,187.87,187.80,187.81,2123
1788357660,187.81,187.95,187.76,187.89,1331
1788357720,187.89,187.91,187.78,187.82,2825
1788357780,187.82,187.92,187.76,187.89,2133
1788357840,187.89,187.90,187.76,187.77,1056
1788357900,187.77,187.81,187.68,187.73,1335
1788357960,187.73,187.80,187.65,187.70,2072
1788358020,187.70,187.72,187.65,187.66,676
1788358080,187.66,187.82,187.66,187.76,1950
1788358140,187.76,187.90,187.71,187.90,2526
1788358200,187.90,187.93,187.76,187.77,2885
1788358260,187.77,187.86,187.71,187.80,1265
1788358320,187.80,187.80,187.68,187.70,2361
1788358380,187.70,187.85,187.68,187.80,2860
1788358440,187.80,187.94,187.78,187.89,2310
1788358500,187.89,187.96,187.77,187.78,65
1788358560,187.78,187.81,187.69,187.70,2833
1788358620,187.70,187.71,187.61,187.67,142
1788358680,187.67,187.69,187.64,187.66,2936
1788358740,187.66,187.72,187.57,187.63,1586
1788358800,187.63,187.65,187.48,187.52,1054
1788358860,187.52,187.54,187.36,187.39,520
1788358920,187.39,187.39,187.31,187.38,807
1788358980,187.38,187.52,187.33,187.45,222
1788359040,187.45,187.46,187.34,187.40,678
1788359100,187.40,187.55,187.40,187.48,207
1788359160,187.48,187.49,187.38,187.41,1488
1788359220,187.41,187.44,187.34,187.38,145
1788359280,187.38,187.54,187.33,187.48,2591
1788359340,187.48,187.54,187.40,187.47,2742
1788359400,187.47,187.68,187.43,187.61,1033
1788359460,187.61,187.65,187.52,187.54,1661
1788359520,187.54,187.59,187.49,187.57,900
1788359580,187.57,187.77,187.51,187.72,716
1788359640,187.72,187.76,187.63,187.64,2579
1788359700,187.64,187.85,187.58,187.78,419
1788359760,187.78,187.84,187.75,187.78,2789
1788359820,187.78,187.84,187.67,187.71,1729
1788359880,187.71,187.77,187.58,187.60,2358
1788359940,187.60,187.65,187.52,187.58,2251
1788360000,187.58,187.76,187.51,187.70,454
1788360060,187.70,187.78,187.70,187.76,556
1788360120,187.76,187.79,187.57,187.62,50
1788360180,187.62,187.68,187.55,187.67,144
1788360240,187.67,187.70,187.51,187.57,1250
1788360300,187.57,187.60,187.43,187.45,2205
1788360360,187.45,187.51,187.44,187.50,491
1788360420,187.50,187.57,187.41,187.47,1677
1788360480,187.47,187.55,187.40,187.52,529
1788360540,187.52,187.57,187.35,187.38,619
1788360600,187.38,187.49,187.31,187.47,2589
1788360660,187.47,187.51,187.33,187.40,81
1788360720,187.40,187.54,187.35,187.52,288
1788360780,187.52,187.65,187.47,187.62,1574
1788360840,187.62,187.64,187.58,187.63,1729
1788360900,187.63,187.70,187.46,187.52,122
1788360960,187.52,187.57,187.49,187.56,957
1788361020,187.56,187.62,187.45,187.45,1580
1788361080,187.45,187.62,187.40,187.57,2436
1788361140,187.57,187.60,187.52,187.56,210
1788361200,187.56,187.57,187.45,187.47,522
1788361260,187.47,187.52,187.39,187.44,796
1788361320,187.44,187.52,187.39,187.49,2591
1788361380,187.49,187.56,187.38,187.39,2709
1788361440,187.39,187.46,187.37,187.39,534
1788361500,187.39,187.44,187.25,187.32,312
1788361560,187.32,187.33,187.23,187.24,572
1788361620,187.24,187.39,187.24,187.33,330
1788361680,187.33,187.41,187.30,187.38,2894
1788361740,187.38,187.47,187.33,187.42,2701
1788361800,187.42,187.43,187.33,187.38,2058
1788361860,187.38,187.39,187.25,187.28,84
1788361920,187.28,187.36,187.26,187.31,1772
1788361980,187.31,187.33,187.15,187.21,1732
1788362040,187.21,187.22,187.08,187.15,909
1788362100,187.15,187.20,187.12,187.16,2417
1788362160,187.16,187.20,187.12,187.13,2171
1788362220,187.13,187.14,187.11,187.13,2582
1788362280,187.13,187.16,187.00,187.06,513
1788362340,187.06,187.22,186.99,187.21,279
1788362400,187.21,187.29,187.17,187.28,283
1788362460,187.28,187.33,187.21,187.29,1057
1788362520,187.29,187.39,187.24,187.33,1375
1788362580,187.33,187.42,187.30,187.39,2455
1788362640,187.39,187.49,187.37,187.43,1796
1788362700,187.43,187.62,187.39,187.57,1461
1788362760,187.57,187.61,187.52,187.55,2466
1788362820,187.55,187.61,187.51,187.56,313
1788362880,187.56,187.62,187.44,187.48,1099
1788362940,187.48,187.65,187.46,187.62,2802
1788363000,187.62,187.72,187.61,187.66,2058
1788363060,187.66,187.72,187.63,187.64,2689
1788363120,187.64,187.86,187.60,187.79,447
1788363180,187.79,187.95,187.78,187.92,317
1788363240,187.92,187.98,187.87,187.97,245
1788363300,187.97,187.98,187.80,187.86,2943
1788363360,187.86,187.90,187.76,187.78,2484
1788363420,187.78,187.87,187.71,187.87,769
1788363480,187.87,187.93,187.80,187.90,357
1788363540,187.90,187.98,187.90,187.92,1850
1788363600,187.92,187.95,187.80,187.86,1607
1788363660,187.86,187.89,187.74,187.75,2654
1788363720,187.75,187.86,187.70,187.82,2517
1788363780,187.82,187.91,187.76,187.90,1590
1788363840,187.90,187.91,187.73,187.76,2511
1788363900,187.76,187.83,187.75,187.80,2897
1788363960,187.80,187.82,187.65,187.69,1732
1788364020,187.69,187.69,187.62,187.66,2486
1788364080,187.66,187.66,187.47,187.53,2053
1788364140,187.53,187.55,187.40,187.46,2276
1788364200,187.46,187.48,187.43,187.44,996
1788364260,187.44,187.44,187.35,187.39,1147
1788364320,187.39,187.44,187.38,187.41,1367
1788364380,187.41,187.43,187.30,187.37,2847
1788364440,187.37,187.44,187.30,187.33,2511
1788364500,187.33,187.50,187.29,187.45,2163
1788364560,187.45,187.65,187.39,187.58,2139
1788364620,187.58,187.59,187.54,187.56,2222
1788364680,187.56,187.61,187.46,187.49,870
1788364740,187.49,187.55,187.37,187.42,335
1788364800,187.42,187.52,187.42,187.51,2839
1788364860,187.51,187.66,187.48,187.65,2534
1788364920,187.65,187.71,187.48,187.51,1206
1788364980,187.51,187.63,187.45,187.63,2450
1788365040,187.63,187.76,187.60,187.73,1365
1788365100,187.73,187.79,187.59,187.66,1264
1788365160,187.66,187.69,187.56,187.57,2004
1788365220,187.57,187.71,187.52,187.66,1692
1788365280,187.66,187.68,187.58,187.58,2141
1788365340,187.58,187.65,187.52,187.61,2531
1788365400,187.61,187.68,187.54,187.59,1844
1788365460,187.59,187.74,187.53,187.68,701
1788365520,187.68,187.84,187.65,187.79,2661
1788365580,187.79,187.81,187.70,187.76,2965
1788365640,187.76,187.81,187.63,187.69,1835
1788365700,187.69,187.87,187.69,187.81,969
1788365760,187.81,187.87,187.69,187.70,1780
1788365820,187.70,187.86,187.68,187.85,896
1788365880,187.85,187.92,187.85,187.88,994
1788365940,187.88,187.91,187.72,187.77,1001
1788366000,187.77,187.84,187.71,187.77,635
1788366060,187.77,187.83,187.70,187.71,122
1788366120,187.71,187.71,187.67,187.70,2860
1788366180,187.70,187.80,187.63,187.79,1887
1788366240,187.79,187.94,187.75,187.91,76
1788366300,187.91,187.99,187.89,187.97,2138
1788366360,187.97,187.98,187.91,187.93,2547
1788366420,187.93,187.97,187.77,187.84,2747
1788366480,187.84,188.02,187.83,187.99,2738
1788366540,187.99,188.20,187.99,188.14,1013
1788366600,188.14,188.19,188.13,188.18,2739
1788366660,188.18,188.26,188.14,188.24,1332
1788366720,188.24,188.30,188.21,188.27,2279
1788366780,188.27,188.43,188.22,188.38,744
1788366840,188.38,188.46,188.32,188.45,420
1788366900,188.45,188.48,188.39,188.46,2822
1788366960,188.46,188.50,188.30,188.37,1093
1788367020,188.37,188.37,188.19,188.24,199
1788367080,188.24,188.25,188.16,188.19,1692
1788367140,188.19,188.22,188.08,188.08,266
1788367200,188.08,188.19,188.06,188.13,2305
1788367260,188.13,188.14,188.01,188.01,1184
1788367320,188.01,188.18,188.00,188.11,2655
1788367380,188.11,188.18,187.90,187.96,947
1788367440,187.96,187.97,187.85,187.90,460
1788367500,187.90,187.91,187.82,187.85,1696
1788367560,187.85,187.96,187.82,187.93,2136
1788367620,187.93,187.94,187.84,187.85,1224
1788367680,187.85,187.91,187.69,187.73,2031
1788367740,187.73,187.74,187.54,187.60,287
1788367800,187.60,187.64,187.56,187.60,578
1788367860,187.60,187.77,187.60,187.71,1306
1788367920,187.71,187.72,187.65,187.67,2850
1788367980,187.67,187.78,187.61,187.71,1571
1788368040,187.71,187.76,187.63,187.70,2171
1788368100,187.70,187.79,187.69,187.76,2244
1788368160,187.76,187.91,187.70,187.85,764
1788368220,187.85,187.86,187.82,187.84,639
1788368280,187.84,187.89,187.75,187.80,2298
1788368340,187.80,187.85,187.75,187.83,86
1788368400,187.83,187.90,187.75,187.78,456
1788368460,187.78,187.88,187.72,187.87,621
1788368520,187.87,187.94,187.71,187.73,1156
1788368580,187.73,187.74,187.58,187.61,460
1788368640,187.61,187.67,187.56,187.59,285
1788368700,187.59,187.79,187.52,187.73,670
1788368760,187.73,187.85,187.68,187.84,2937
1788368820,187.84,187.91,187.69,187.76,844
1788368880,187.76,187.98,187.73,187.91,2092
1788368940,187.91,188.06,187.84,188.06,1886
1788369000,188.06,188.26,188.04,188.21,1485
1788369060,188.21,188.41,188.20,188.34,683
1788369120,188.34,188.38,188.24,188.27,2418
1788369180,188.27,188.41,188.27,188.36,1607
1788369240,188.36,188.37,188.20,188.22,2207
1788369300,188.22,188.30,188.15,188.24,183
1788369360,188.24,188.31,188.07,188.10,369
1788369420,188.10,188.23,188.09,188.18,1188
1788369480,188.18,188.35,188.17,188.29,1050
1788369540,188.29,188.36,188.27,188.32,2951
1788369600,188.32,188.49,188.26,188.46,2182
1788369660,188.46,188.51,188.42,188.50,1158
1788369720,188.50,188.69,188.45,188.63,2511
1788369780,188.63,188.72,188.62,188.70,629
1788369840,188.70,188.76,188.67,188.75,2999
1788369900,188.75,188.83,188.71,188.75,1669
1788369960,188.75,188.82,188.64,188.71,92
1788370020,188.71,188.77,188.64,188.72,1552
1788370080,188.72,188.86,188.66,188.84,488
1788370140,188.84,188.86,188.68,188.71,2778
1788370200,188.71,188.71,188.69,188.70,2637
1788370260,188.70,188.72,188.51,188.56,1940
1788370320,188.56,188.69,188.51,188.62,1261
1788370380,188.62,188.64,188.45,188.49,2884
1788370440,188.49,188.63,188.46,188.62,1992
1788370500,188.62,188.65,188.46,188.52,637
1788370560,188.52,188.66,188.45,188.65,1305
1788370620,188.65,188.72,188.63,188.64,1273
1788370680,188.64,188.76,188.60,188.72,1454
1788370740,188.72,188.87,188.68,188.82,169
1788370800,188.82,188.84,188.75,188.77,1974
1788370860,188.77,188.81,188.60,188.63,1807
1788370920,188.63,188.79,188.61,188.73,2669
1788370980,188.73,188.91,188.67,188.85,2999
1788371040,188.85,188.92,188.68,188.75,2536
1788371100,188.75,188.77,188.70,188.71,2325
1788371160,188.71,188.81,188.66,188.79,1602
1788371220,188.79,188.87,188.78,188.87,984
1788371280,188.87,188.94,188.84,188.92,2570
1788371340,188.92,188.93,188.81,188.82,1182
1788371400,188.82,188.92,188.77,188.89,1916
1788371460,188.89,188.97,188.85,188.95,2976
1788371520,188.95,189.07,188.93,189.03,2485
1788371580,189.03,189.13,188.98,189.08,304
1788371640,189.08,189.12,188.90,188.97,2298
1788371700,188.97,189.16,188.91,189.09,2351
1788371760,189.09,189.21,189.07,189.14,1668
1788371820,189.14,189.21,189.06,189.12,2941
1788371880,189.12,189.26,189.11,189.22,2979
1788371940,189.22,189.30,189.21,189.26,1588
1788407100,189.26,189.38,189.20,189.33,631
1788407160,189.33,189.42,189.28,189.40,2881
1788407220,189.40,189.47,189.34,189.45,1838
1788407280,189.45,189.48,189.35,189.39,2358
1788407340,189.39,189.46,189.32,189.40,2363
1788407400,189.40,189.64,189.36,189.56,2571
1788407460,189.56,189.64,189.56,189.62,236
1788407520,189.62,189.69,189.58,189.64,1655
1788407580,189.64,189.67,189.63,189.63,672
1788407640,189.63,189.68,189.53,189.53,1051
1788407700,189.53,189.55,189.38,189.45,516
1788407760,189.45,189.47,189.30,189.35,1295
1788407820,189.35,189.38,189.18,189.22,2315
1788407880,189.22,189.27,189.18,189.25,2222
1788407940,189.25,189.32,189.09,189.13,1192
1788408000,189.13,189.18,189.05,189.08,2855
1788408060,189.08,189.19,189.07,189.17,2768
1788408120,189.17,189.19,189.08,189.13,2546
1788408180,189.13,189.27,189.09,189.22,2179
1788408240,189.22,189.25,189.05,189.10,1352
1788408300,189.10,189.19,189.02,189.15,686
1788408360,189.15,189.20,188.99,189.06,584
1788408420,189.06,189.19,189.05,189.17,816
1788408480,189.17,189.22,189.07,189.07,1892
1788408540,189.07,189.26,189.04,189.19,2891
1788408600,189.19,189.25,189.08,189.08,2327
1788408660,189.08,189.20,189.00,189.15,2891
1788408720,189.15,189.29,189.10,189.23,2033
1788408780,189.23,189.24,189.09,189.15,2233
1788408840,189.15,189.20,189.09,189.19,256
1788408900,189.19,189.26,189.11,189.12,268
1788408960,189.12,189.15,188.98,189.03,341
1788409020,189.03,189.14,188.97,189.07,432
1788409080,189.07,189.13,188.90,188.93,2637
1788409140,188.93,188.96,188.89,188.94,1712
1788409200,188.94,189.08,188.91,189.01,197
1788409260,189.01,189.09,189.01,189.06,296
1788409320,189.06,189.21,189.06,189.19,2107
1788409380,189.19,189.21,189.06,189.11,502
1788409440,189.11,189.24,189.06,189.17,1164
1788409500,189.17,189.38,189.14,189.31,2469
1788409560,189.31,189.49,189.26,189.45,1496
1788409620,189.45,189.60,189.43,189.53,1221
1788409680,189.53,189.60,189.50,189.59,829
1788409740,189.59,189.60,189.56,189.60,2192
1788409800,189.60,189.65,189.54,189.55,1031
1788409860,189.55,189.69,189.48,189.68,2208
1788409920,189.68,189.69,189.53,189.54,1669
1788409980,189.54,189.59,189.49,189.58,2481
1788410040,189.58,189.67,189.57,189.62,417
1788410100,189.62,189.76,189.59,189.72,239
1788410160,189.72,189.77,189.51,189.59,123
1788410220,189.59,189.76,189.54,189.73,2033
1788410280,189.73,189.82,189.73,189.75,1035
1788410340,189.75,189.82,189.68,189.82,2449
1788410400,189.82,189.92,189.78,189.85,1693
1788410460,189.85,189.96,189.79,189.91,1797
1788410520,189.91,189.97,189.86,189.93,2694
1788410580,189.93,190.08,189.86,190.06,2294
1788410640,190.06,190.07,189.97,189.99,958
1788410700,189.99,190.06,189.83,189.89,1721
1788410760,189.89,189.95,189.81,189.91,2276
1788410820,189.91,189.93,189.76,189.77,1870
1788410880,189.77,189.86,189.73,189.84,2749
1788410940,189.84,189.90,189.69,189.72,1239
1788411000,189.72,189.86,189.69,189.83,1311
1788411060,189.83,189.99,189.77,189.93,774
1788411120,189.93,190.09,189.92,190.07,1889
1788411180,190.07,190.20,190.02,190.15,2129
1788411240,190.15,190.22,190.04,190.04,560
1788411300,190.04,190.09,190.00,190.09,880
1788411360,190.09,190.09,190.06,190.07,1969
1788411420,190.07,190.24,190.02,190.16,1444
1788411480,190.16,190.30,190.12,190.23,2231
1788411540,190.23,190.26,190.15,190.21,2411
1788411600,190.21,190.36,190.15,190.30,2219
1788411660,190.30,190.34,190.15,190.22,404
1788411720,190.22,190.32,190.16,190.26,544
1788411780,190.26,190.37,190.20,190.35,2469
1788411840,190.35,190.47,190.27,190.46,2431
1788411900,190.46,190.49,190.42,190.48,2898
1788411960,190.48,190.57,190.41,190.52,2674
1788412020,190.52,190.59,190.39,190.41,2340
1788412080,190.41,190.43,190.28,190.31,2736
1788412140,190.31,190.37,190.22,190.23,2871
1788412200,190.23,190.23,190.13,190.13,2882
1788412260,190.13,190.17,189.99,190.04,1573
1788412320,190.04,190.09,189.86,189.93,812
1788412380,189.93,190.00,189.87,189.89,2045
1788412440,189.89,189.95,189.82,189.83,1867
1788412500,189.83,189.93,189.75,189.86,2065
1788412560,189.86,189.88,189.86,189.88,1698
1788412620,189.88,190.04,189.83,189.98,160
1788412680,189.98,189.98,189.82,189.87,1524
1788412740,189.87,189.91,189.68,189.74,355
1788412800,189.74,189.89,189.68,189.86,1446
1788412860,189.86,189.86,189.69,189.72,701
1788412920,189.72,189.93,189.67,189.87,1210
1788412980,189.87,189.96,189.84,189.93,558
1788413040,189.93,189.96,189.77,189.80,614
1788413100,189.80,189.82,189.75,189.81,923
1788413160,189.81,189.87,189.67,189.68,965
1788413220,189.68,189.74,189.57,189.62,2357
1788413280,189.62,189.62,189.44,189.49,607
1788413340,189.49,189.53,189.36,189.41,1645
1788413400,189.41,189.50,189.37,189.44,266
1788413460,189.44,189.46,189.32,189.35,1992
1788413520,189.35,189.44,189.32,189.40,2102
1788413580,189.40,189.44,189.24,189.28,2291
1788413640,189.28,189.38,189.25,189.34,624
1788413700,189.34,189.46,189.27,189.45,745
1788413760,189.45,189.51,189.31,189.33,2084
1788413820,189.33,189.41,189.26,189.40,1649
1788413880,189.40,189.54,189.35,189.47,2188
1788413940,189.47,189.54,189.46,189.49,2555
1788414000,189.49,189.54,189.44,189.50,2390
1788414060,189.50,189.57,189.39,189.44,1521
1788414120,189.44,189.51,189.38,189.42,2233
1788414180,189.42,189.45,189.25,189.30,1449
1788414240,189.30,189.44,189.23,189.41,1124
1788414300,189.41,189.58,189.34,189.53,1419
1788414360,189.53,189.61,189.46,189.54,722
1788414420,189.54,189.76,189.52,189.69,133
1788414480,189.69,189.73,189.61,189.66,1147
1788414540,189.66,189.67,189.58,189.65,569
1788414600,189.65,189.71,189.53,189.55,2342
1788414660,189.55,189.63,189.52,189.61,845
1788414720,189.61,189.62,189.45,189.52,666
1788414780,189.52,189.64,189.45,189.58,2603
1788414840,189.58,189.61,189.56,189.60,1263
1788414900,189.60,189.77,189.56,189.74,1673
1788414960,189.74,189.86,189.71,189.82,1620
1788415020,189.82,189.92,189.82,189.90,2109
1788415080,189.90,189.96,189.86,189.88,204
1788415140,189.88,189.89,189.79,189.85,937
1788415200,189.85,189.90,189.84,189.84,2525
1788415260,189.84,190.07,189.81,189.99,1970
1788415320,189.99,190.08,189.93,190.02,857
1788415380,190.02,190.18,190.00,190.14,2105
1788415440,190.14,190.19,190.08,190.08,590
1788415500,190.08,190.26,190.04,190.19,2653
1788415560,190.19,190.20,190.02,190.08,2645
1788415620,190.08,190.16,190.04,190.09,1285
1788415680,190.09,190.16,189.99,190.06,750
1788415740,190.06,190.11,190.00,190.04,2291
1788415800,190.04,190.09,189.86,189.93,2840
1788415860,189.93,189.99,189.87,189.93,2696
1788415920,189.93,189.99,189.87,189.95,1979
1788415980,189.95,190.00,189.81,189.84,1662
1788416040,189.84,189.85,189.70,189.75,2430
1788416100,189.75,189.79,189.65,189.66,2061
1788416160,189.66,189.69,189.54,189.61,2731
1788416220,189.61,189.71,189.59,189.63,1826
1788416280,189.63,189.65,189.53,189.53,491
1788416340,189.53,189.72,189.50,189.68,1162
1788416400,189.68,189.75,189.62,189.64,64
1788416460,189.64,189.70,189.52,189.54,2384
1788416520,189.54,189.58,189.54,189.55,827
1788416580,189.55,189.76,189.51,189.70,1995
1788416640,189.70,189.75,189.65,189.73,385
1788416700,189.73,189.91,189.70,189.84,1742
1788416760,189.84,189.85,189.72,189.76,2587
1788416820,189.76,189.80,189.72,189.78,1948
1788416880,189.78,189.90,189.75,189.87,953
1788416940,189.87,189.88,189.73,189.77,1497
1788417000,189.77,189.78,189.62,189.65,494
1788417060,189.65,189.79,189.60,189.79,1242
1788417120,189.79,189.89,189.75,189.86,2187
1788417180,189.86,190.02,189.82,190.00,1376
1788417240,190.00,190.08,189.94,190.02,66
1788417300,190.02,190.05,189.96,189.98,752
1788417360,189.98,190.12,189.94,190.09,1885
1788417420,190.09,190.11,190.00,190.04,1376
1788417480,190.04,190.12,190.04,190.11,2347
1788417540,190.11,190.13,190.06,190.12,704
1788417600,190.12,190.14,190.11,190.13,554
1788417660,190.13,190.26,190.08,190.20,1544
1788417720,190.20,190.38,190.14,190.30,1285
1788417780,190.30,190.34,190.25,190.26,1988
1788417840,190.26,190.38,190.24,190.37,1723
1788417900,190.37,190.38,190.36,190.38,1388
1788417960,190.38,190.51,190.30,190.50,2449
1788418020,190.50,190.56,190.36,190.43,1157
1788418080,190.43,190.47,190.28,190.32,789
1788418140,190.32,190.32,190.22,190.26,2976
1788418200,190.26,190.39,190.20,190.32,973
1788418260,190.32,190.34,190.31,190.33,679
1788418320,190.33,190.51,190.26,190.48,1194
1788418380,190.48,190.60,190.43,190.60,1555
1788418440,190.60,190.81,190.58,190.76,1808
1788418500,190.76,190.94,190.74,190.87,336
1788418560,190.87,190.90,190.72,190.74,2445
1788418620,190.74,190.81,190.57,190.60,2382
1788418680,190.60,190.66,190.53,190.64,1650
1788418740,190.64,190.70,190.49,190.56,2437
1788418800,190.56,190.62,190.36,190.42,2650
1788418860,190.42,190.56,190.38,190.52,273
1788418920,190.52,190.70,190.50,190.63,1757
1788418980,190.63,190.79,190.62,190.72,2406
1788419040,190.72,190.84,190.70,190.79,448
1788419100,190.79,190.90,190.78,190.88,286
1788419160,190.88,191.04,190.82,191.03,1685
1788419220,191.03,191.04,190.91,190.93,681
1788419280,190.93,191.05,190.89,191.01,255
1788419340,191.01,191.04,190.86,190.88,1662
1788419400,190.88,191.02,190.81,191.00,222
1788419460,191.00,191.11,191.00,191.05,2113
1788419520,191.05,191.06,190.90,190.96,1609
1788419580,190.96,191.04,190.96,190.98,2273
1788419640,190.98,191.07,190.91,191.01,2032
1788419700,191.01,191.16,190.94,191.09,2102
1788419760,191.09,191.15,191.03,191.15,956
1788419820,191.15,191.16,191.05,191.11,1060
1788419880,191.11,191.16,191.06,191.08,1724
1788419940,191.08,191.09,191.00,191.03,609
1788420000,191.03,191.04,190.89,190.92,311
1788420060,190.92,190.98,190.82,190.87,2825
1788420120,190.87,190.93,190.82,190.86,935
1788420180,190.86,190.91,190.80,190.86,2767
1788420240,190.86,190.88,190.78,190.81,1828
1788420300,190.81,191.01,190.78,190.96,369
1788420360,190.96,191.00,190.90,190.91,2577
1788420420,190.91,190.96,190.88,190.93,1459
1788420480,190.93,190.98,190.84,190.88,2114
1788420540,190.88,190.97,190.85,190.91,2775
1788420600,190.91,190.98,190.81,190.88,1669
1788420660,190.88,190.94,190.81,190.91,2374
1788420720,190.91,191.07,190.89,191.04,198
1788420780,191.04,191.18,191.02,191.12,1293
1788420840,191.12,191.21,191.06,191.19,2572
1788420900,191.19,191.30,191.16,191.24,2979
1788420960,191.24,191.32,191.12,191.20,2356
1788421020,191.20,191.21,191.04,191.07,1509
1788421080,191.07,191.23,191.05,191.20,309
1788421140,191.20,191.37,191.16,191.31,2682
1788421200,191.31,191.38,191.24,191.35,641
1788421260,191.35,191.38,191.20,191.26,1479
1788421320,191.26,191.27,191.19,191.26,949
1788421380,191.26,191.30,191.11,191.13,1708
1788421440,191.13,191.20,191.12,191.13,1852
1788421500,191.13,191.14,191.07,191.12,2490
1788421560,191.12,191.34,191.11,191.28,933
1788421620,191.28,191.33,191.24,191.32,2805
1788421680,191.32,191.47,191.30,191.40,933
1788421740,191.40,191.52,191.34,191.51,2959
1788421800,191.51,191.55,191.42,191.44,2835
1788421860,191.44,191.44,191.29,191.32,1219
1788421920,191.32,191.37,191.17,191.22,2942
1788421980,191.22,191.33,191.19,191.26,1661
1788422040,191.26,191.31,191.24,191.30,1349
1788422100,191.30,191.33,191.15,191.22,1104
1788422160,191.22,191.24,191.18,191.24,657
1788422220,191.24,191.32,191.12,191.17,922
1788422280,191.17,191.18,191.01,191.04,2894
1788422340,191.04,191.19,190.98,191.13,2861
1788422400,191.13,191.19,191.07,191.08,2809
1788422460,191.08,191.14,191.06,191.09,2603
1788422520,191.09,191.14,191.02,191.07,2234
1788422580,191.07,191.25,191.01,191.22,2508
1788422640,191.22,191.33,191.19,191.26,246
1788422700,191.26,191.28,191.25,191.26,562
1788422760,191.26,191.43,191.19,191.41,1305
1788422820,191.41,191.47,191.35,191.43,2540
1788422880,191.43,191.45,191.39,191.40,1495
1788422940,191.40,191.47,191.28,191.34,2865
1788423000,191.34,191.46,191.28,191.41,1780
1788423060,191.41,191.48,191.33,191.35,2176
1788423120,191.35,191.39,191.31,191.34,2535
1788423180,191.34,191.39,191.28,191.31,367
1788423240,191.31,191.42,191.24,191.35,723
1788423300,191.35,191.48,191.33,191.41,2893
1788423360,191.41,191.60,191.38,191.54,2232
1788423420,191.54,191.56,191.42,191.46,2028
1788423480,191.46,191.49,191.31,191.34,2472
1788423540,191.34,191.38,191.26,191.33,76
1788423600,191.33,191.50,191.25,191.49,142
1788423660,191.49,191.56,191.34,191.38,2254
1788423720,191.38,191.47,191.31,191.47,1017
1788423780,191.47,191.67,191.45,191.62,2493
1788423840,191.62,191.68,191.53,191.58,1435
1788423900,191.58,191.66,191.54,191.62,604
1788423960,191.62,191.82,191.56,191.77,2820
1788424020,191.77,191.82,191.67,191.72,320
1788424080,191.72,191.79,191.58,191.60,1525
1788424140,191.60,191.75,191.54,191.73,2991
1788424200,191.73,191.78,191.62,191.69,759
1788424260,191.69,191.71,191.61,191.66,1562
1788424320,191.66,191.70,191.52,191.56,1923
1788424380,191.56,191.71,191.53,191.68,1324
1788424440,191.68,191.81,191.68,191.75,1351
1788424500,191.75,191.79,191.63,191.66,538
1788424560,191.66,191.72,191.60,191.62,111
1788424620,191.62,191.68,191.51,191.58,261
1788424680,191.58,191.78,191.57,191.73,130
1788424740,191.73,191.79,191.67,191.77,2293
1788424800,191.77,191.94,191.71,191.92,2386
1788424860,191.92,191.92,191.80,191.82,2114
1788424920,191.82,191.90,191.76,191.84,395
1788424980,191.84,191.87,191.70,191.76,2547
1788425040,191.76,191.82,191.59,191.66,1888
1788425100,191.66,191.86,191.65,191.81,1249
1788425160,191.81,191.87,191.76,191.84,643
1788425220,191.84,191.87,191.72,191.78,1438
1788425280,191.78,191.96,191.75,191.94,2921
1788425340,191.94,192.07,191.86,192.02,983
1788425400,192.02,192.08,191.99,192.04,1726
1788425460,192.04,192.25,191.98,192.19,1708
1788425520,192.19,192.33,192.12,192.31,2547
1788425580,192.31,192.32,192.20,192.26,977
1788425640,192.26,192.29,192.12,192.13,2350
1788425700,192.13,192.13,192.06,192.09,659
1788425760,192.09,192.26,192.08,192.24,2803
1788425820,192.24,192.44,192.23,192.38,1548
1788425880,192.38,192.51,192.37,192.47,1379
1788425940,192.47,192.51,192.36,192.39,2408
1788426000,192.39,192.42,192.36,192.41,195
1788426060,192.41,192.48,192.40,192.41,2496
1788426120,192.41,192.43,192.34,192.42,1233
1788426180,192.42,192.44,192.34,192.41,1608
1788426240,192.41,192.43,192.26,192.30,1978
1788426300,192.30,192.43,192.25,192.36,146
1788426360,192.36,192.39,192.25,192.26,2283
1788426420,192.26,192.29,192.13,192.14,1514
1788426480,192.14,192.31,192.12,192.28,790
1788426540,192.28,192.37,192.22,192.34,131
1788426600,192.34,192.36,192.22,192.25,2431
1788426660,192.25,192.44,192.25,192.39,1719
1788426720,192.39,192.47,192.37,192.43,2922
1788426780,192.43,192.65,192.42,192.59,1940
1788426840,192.59,192.61,192.52,192.59,415
1788426900,192.59,192.75,192.53,192.72,614
1788426960,192.72,192.75,192.54,192.58,227
1788427020,192.58,192.78,192.51,192.73,2354
1788427080,192.73,192.78,192.69,192.74,1215
1788427140,192.74,192.80,192.73,192.74,1461
1788427200,192.74,192.78,192.68,192.69,1671
1788427260,192.69,192.70,192.50,192.54,491
1788427320,192.54,192.59,192.42,192.48,1167
1788427380,192.48,192.53,192.46,192.47,2455
1788427440,192.47,192.51,192.41,192.49,1607
1788427500,192.49,192.57,192.37,192.41,2745
1788427560,192.41,192.52,192.38,192.48,1372
1788427620,192.48,192.54,192.42,192.43,2075
1788427680,192.43,192.46,192.28,192.34,1223
1788427740,192.34,192.35,192.25,192.26,2777
1788427800,192.26,192.41,192.20,192.39,1213
1788427860,192.39,192.57,192.37,192.53,2803
1788427920,192.53,192.58,192.45,192.51,848
1788427980,192.51,192.55,192.35,192.37,982
1788428040,192.37,192.52,192.30,192.50,1439
1788428100,192.50,192.56,192.44,192.56,1689
1788428160,192.56,192.57,192.54,192.55,222
1788428220,192.55,192.70,192.51,192.64,1146
1788428280,192.64,192.70,192.45,192.50,2670
1788428340,192.50,192.51,192.34,192.41,744
1788428400,192.41,192.45,192.33,192.33,2012
1788428460,192.33,192.52,192.28,192.45,1909
1788428520,192.45,192.49,192.30,192.34,107
1788428580,192.34,192.39,192.27,192.29,2577
1788428640,192.29,192.31,192.22,192.29,2641
1788428700,192.29,192.31,192.22,192.23,2076
1788428760,192.23,192.27,192.08,192.10,664
1788428820,192.10,192.27,192.09,192.24,2204
1788428880,192.24,192.29,192.15,192.17,529
1788428940,192.17,192.18,191.98,192.03,1719
1788429000,192.03,192.07,191.94,192.01,886
1788429060,192.01,192.05,191.94,191.94,1020
1788429120,191.94,192.03,191.91,191.97,2952
1788429180,191.97,191.98,191.82,191.89,2894
1788429240,191.89,191.92,191.80,191.85,1266
1788429300,191.85,191.93,191.80,191.90,2298
1788429360,191.90,191.96,191.81,191.87,2180
1788429420,191.87,191.88,191.80,191.86,984
1788429480,191.86,191.91,191.83,191.88,2248
1788429540,191.88,191.95,191.80,191.83,1575
1788429600,191.83,191.90,191.76,191.81,598
1788429660,191.81,191.97,191.77,191.96,557
1788429720,191.96,192.04,191.90,192.02,2053
1788429780,192.02,192.07,191.95,192.05,2989
1788429840,192.05,192.18,191.98,192.17,1532
1788429900,192.17,192.28,192.10,192.26,1525
1788429960,192.26,192.41,192.23,192.40,2556
1788430020,192.40,192.47,192.35,192.45,1497
1788430080,192.45,192.59,192.37,192.58,2250
1788430140,192.58,192.72,192.52,192.68,848
1788430200,192.68,192.73,192.61,192.61,571
1788430260,192.61,192.62,192.49,192.55,905
1788430320,192.55,192.58,192.47,192.54,590
1788430380,192.54,192.76,192.48,192.69,395
1788430440,192.69,192.70,192.53,192.55,2685
1788430500,192.55,192.66,192.51,192.61,1430
1788430560,192.61,192.68,192.55,192.66,1536
1788430620,192.66,192.67,192.59,192.60,1149
1788430680,192.60,192.65,192.54,192.56,650
1788430740,192.56,192.61,192.47,192.49,2328
1788430800,192.49,192.50,192.42,192.45,593
1788430860,192.45,192.48,192.36,192.40,2927
1788430920,192.40,192.47,192.31,192.36,2088
1788430980,192.36,192.43,192.24,192.28,1849
1788431040,192.28,192.33,192.11,192.15,2918
1788431100,192.15,192.17,192.12,192.12,917
1788431160,192.12,192.16,191.99,192.05,1102
1788431220,192.05,192.15,191.98,192.11,1063
1788431280,192.11,192.28,192.07,192.24,1669
1788431340,192.24,192.27,192.16,192.17,696
1788431400,192.17,192.33,192.16,192.27,1283
1788431460,192.27,192.31,192.25,192.26,1467
1788431520,192.26,192.31,192.11,192.12,2035
1788431580,192.12,192.14,191.99,192.02,382
1788431640,192.02,192.03,191.84,191.91,2451
1788431700,191.91,191.96,191.89,191.95,2504
1788431760,191.95,191.98,191.74,191.80,2269
1788431820,191.80,191.80,191.73,191.76,2122
1788431880,191.76,191.78,191.74,191.75,1786
1788431940,191.75,191.80,191.57,191.63,2335
1788432000,191.63,191.66,191.57,191.59,187
1788432060,191.59,191.60,191.54,191.55,2002
1788432120,191.55,191.58,191.40,191.43,561
1788432180,191.43,191.46,191.36,191.41,1944
1788432240,191.41,191.44,191.38,191.42,322
1788432300,191.42,191.52,191.41,191.49,74
1788432360,191.49,191.52,191.41,191.43,2638
1788432420,191.43,191.49,191.30,191.30,1649
1788432480,191.30,191.31,191.20,191.23,931
1788432540,191.23,191.36,191.19,191.34,2473
1788432600,191.34,191.35,191.20,191.25,2733
1788432660,191.25,191.30,191.23,191.29,359
1788432720,191.29,191.40,191.28,191.36,2295
1788432780,191.36,191.42,191.26,191.27,2960
1788432840,191.27,191.29,191.12,191.18,2775
1788432900,191.18,191.34,191.13,191.32,932
1788432960,191.32,191.39,191.22,191.29,917
1788433020,191.29,191.43,191.23,191.41,819
1788433080,191.41,191.57,191.34,191.52,1769
1788433140,191.52,191.61,191.49,191.59,390
1788433200,191.59,191.60,191.49,191.50,1637
1788433260,191.50,191.59,191.47,191.57,1568
1788433320,191.57,191.61,191.43,191.44,1617
1788433380,191.44,191.48,191.37,191.44,2727
1788433440,191.44,191.48,191.40,191.45,2235
1788433500,191.45,191.52,191.36,191.38,1283
1788433560,191.38,191.51,191.31,191.45,1784
1788433620,191.45,191.60,191.43,191.56,2905
1788433680,191.56,191.74,191.50,191.69,2472
1788433740,191.69,191.69,191.54,191.58,444
1788433800,191.58,191.62,191.56,191.59,1328
1788433860,191.59,191.61,191.44,191.50,998
1788433920,191.50,191.65,191.50,191.57,1148
1788433980,191.57,191.69,191.50,191.64,661
1788434040,191.64,191.83,191.58,191.77,2682
1788434100,191.77,191.83,191.68,191.73,1787
1788434160,191.73,191.74,191.59,191.64,2545
1788434220,191.64,191.73,191.58,191.73,1461
1788434280,191.73,191.85,191.71,191.82,2568
1788434340,191.82,191.96,191.80,191.90,1400
1788434400,191.90,191.94,191.70,191.77,2596
1788434460,191.77,191.84,191.73,191.75,825
1788434520,191.75,191.88,191.68,191.84,1145
1788434580,191.84,191.89,191.71,191.77,2216
1788434640,191.77,191.90,191.75,191.85,196
1788434700,191.85,191.97,191.81,191.90,2023
1788434760,191.90,191.94,191.76,191.81,1077
1788434820,191.81,191.81,191.76,191.79,441
1788434880,191.79,191.83,191.73,191.80,2369
1788434940,191.80,191.99,191.79,191.93,972
1788435000,191.93,192.08,191.93,192.05,808
1788435060,192.05,192.08,191.92,191.94,286
1788435120,191.94,192.02,191.93,191.98,406
1788435180,191.98,192.01,191.92,192.00,407
1788435240,192.00,192.02,191.82,191.87,2592
1788435300,191.87,191.94,191.75,191.81,2341
1788435360,191.81,191.87,191.62,191.69,2682
1788435420,191.69,191.88,191.63,191.80,2800
1788435480,191.80,191.87,191.79,191.80,938
1788435540,191.80,191.94,191.76,191.92,2369
1788435600,191.92,191.96,191.81,191.87,2780
1788435660,191.87,192.02,191.83,191.99,1041
1788435720,191.99,192.07,191.93,192.01,2136
1788435780,192.01,192.03,191.90,191.90,2971
1788435840,191.90,191.93,191.89,191.91,1138
1788435900,191.91,191.96,191.89,191.93,1894
1788435960,191.93,192.00,191.88,191.99,1893
1788436020,191.99,192.03,191.83,191.85,2358
1788436080,191.85,191.98,191.81,191.91,2306
1788436140,191.91,191.98,191.74,191.81,2255
1788436200,191.81,191.85,191.69,191.72,420
1788436260,191.72,191.73,191.59,191.65,590
1788436320,191.65,191.78,191.59,191.77,1752
1788436380,191.77,191.78,191.63,191.65,2990
1788436440,191.65,191.66,191.57,191.59,2122
1788436500,191.59,191.72,191.57,191.65,189
1788436560,191.65,191.72,191.64,191.64,827
1788436620,191.64,191.75,191.58,191.73,1811
1788436680,191.73,191.76,191.69,191.70,181
1788436740,191.70,191.87,191.67,191.86,1669
1788436800,191.86,191.90,191.77,191.83,2563
1788436860,191.83,191.95,191.78,191.90,1576
1788436920,191.90,191.99,191.86,191.95,162
1788436980,191.95,192.01,191.95,192.00,720
1788437040,192.00,192.02,191.86,191.91,926
1788437100,191.91,191.95,191.76,191.79,1914
1788437160,191.79,191.80,191.73,191.74,2017
1788437220,191.74,191.90,191.66,191.89,587
1788437280,191.89,192.02,191.87,191.97,722
1788437340,191.97,192.01,191.86,191.89,2366
1788437400,191.89,191.93,191.77,191.82,766
1788437460,191.82,191.97,191.75,191.91,673
1788437520,191.91,191.98,191.81,191.87,2120
1788437580,191.87,191.88,191.82,191.86,2603
1788437640,191.86,191.87,191.69,191.73,1588
1788437700,191.73,191.73,191.69,191.73,1440
1788437760,191.73,191.76,191.71,191.74,2856
1788437820,191.74,191.92,191.66,191.86,2235
1788437880,191.86,192.08,191.86,192.01,1734
1788437940,192.01,192.15,191.95,192.14,1643
1788438000,192.14,192.21,192.05,192.07,115
1788438060,192.07,192.09,191.96,192.02,1995
1788438120,192.02,192.05,191.94,191.95,439
1788438180,191.95,192.15,191.93,192.09,764
1788438240,192.09,192.25,192.04,192.24,1502
1788438300,192.24,192.32,192.21,192.24,1642
1788438360,192.24,192.39,192.18,192.38,1736
1788438420,192.38,192.45,192.17,192.24,2637
1788438480,192.24,192.32,192.15,192.17,1623
1788438540,192.17,192.28,192.16,192.24,731
1788438600,192.24,192.31,192.19,192.26,1331
1788438660,192.26,192.38,192.20,192.31,489
1788438720,192.31,192.40,192.26,192.34,2338
1788438780,192.34,192.37,192.33,192.33,835
1788438840,192.33,192.43,192.32,192.37,750
1788438900,192.37,192.40,192.32,192.39,1092
1788438960,192.39,192.41,192.32,192.39,2910
1788439020,192.39,192.47,192.35,192.41,1390
1788439080,192.41,192.45,192.19,192.26,2584
1788439140,192.26,192.33,192.13,192.20,322
1788439200,192.20,192.25,192.06,192.14,798
1788439260,192.14,192.15,192.05,192.08,2704
1788439320,192.08,192.22,192.01,192.22,2901
1788439380,192.22,192.29,192.16,192.21,1212
1788439440,192.21,192.24,192.00,192.07,1073
1788439500,192.07,192.28,192.02,192.22,2525
1788439560,192.22,192.23,192.09,192.15,2917
1788439620,192.15,192.16,192.05,192.13,2215
1788439680,192.13,192.32,192.06,192.25,2899
1788439740,192.25,192.28,192.16,192.16,993
1788439800,192.16,192.36,192.16,192.28,1650
1788439860,192.28,192.43,192.28,192.39,380
1788439920,192.39,192.53,192.33,192.49,2786
1788439980,192.49,192.68,192.48,192.64,1465
1788440040,192.64,192.80,192.56,192.79,498
1788440100,192.79,192.82,192.72,192.76,2264
1788440160,192.76,192.77,192.60,192.61,1468
1788440220,192.61,192.81,192.59,192.76,2014
1788440280,192.76,192.81,192.66,192.70,67
1788440340,192.70,192.79,192.62,192.79,2179
1788440400,192.79,192.84,192.67,192.68,2643
1788440460,192.68,192.68,192.58,192.64,1004
1788440520,192.64,192.79,192.56,192.76,169
1788440580,192.76,192.83,192.66,192.73,1325
1788440640,192.73,192.75,192.69,192.73,2073
1788440700,192.73,192.77,192.71,192.72,349
1788440760,192.72,192.73,192.62,192.67,1046
1788440820,192.67,192.68,192.49,192.54,2777
1788440880,192.54,192.56,192.44,192.44,2259
1788440940,192.44,192.49,192.35,192.38,2878
1788441000,192.38,192.44,192.30,192.35,1558
1788441060,192.35,192.43,192.33,192.42,1193
1788441120,192.42,192.49,192.38,192.49,1537
1788441180,192.49,192.53,192.47,192.51,1888
1788441240,192.51,192.52,192.47,192.52,585
1788441300,192.52,192.55,192.48,192.50,2309
1788441360,192.50,192.58,192.43,192.58,407
1788441420,192.58,192.72,192.57,192.71,2697
1788441480,192.71,192.87,192.69,192.83,2044
1788441540,192.83,193.01,192.80,192.96,514
1788441600,192.96,193.10,192.91,193.08,183
1788441660,193.08,193.12,193.05,193.11,2563
1788441720,193.11,193.29,193.09,193.26,716
1788441780,193.26,193.28,193.09,193.13,2859
1788441840,193.13,193.21,193.07,193.14,2039
1788441900,193.14,193.15,193.04,193.08,1644
1788441960,193.08,193.25,193.03,193.20,2910
1788442020,193.20,193.25,192.99,193.05,2617
1788442080,193.05,193.14,193.03,193.11,577
1788442140,193.11,193.23,193.10,193.21,1748
1788442200,193.21,193.27,193.20,193.27,1557
1788442260,193.27,193.48,193.20,193.41,2011
1788442320,193.41,193.44,193.26,193.27,215
1788442380,193.27,193.44,193.20,193.39,2162
1788442440,193.39,193.48,193.38,193.47,2951
1788442500,193.47,193.52,193.40,193.49,1213
1788442560,193.49,193.58,193.45,193.55,1991
1788442620,193.55,193.71,193.54,193.68,1024
1788442680,193.68,193.75,193.68,193.74,788
1788442740,193.74,193.82,193.55,193.60,2905
1788442800,193.60,193.76,193.53,193.69,2006
1788442860,193.69,193.74,193.60,193.68,2970
1788442920,193.68,193.74,193.65,193.69,2159
1788442980,193.69,193.70,193.55,193.55,779
1788443040,193.55,193.61,193.39,193.46,1682
1788443100,193.46,193.47,193.37,193.43,2045
1788443160,193.43,193.49,193.31,193.34,2155
1788443220,193.34,193.45,193.29,193.40,2341
1788443280,193.40,193.41,193.38,193.40,1852
1788443340,193.40,193.41,193.33,193.40,66
1788443400,193.40,193.44,193.36,193.37,1040
1788443460,193.37,193.54,193.35,193.51,1487
1788443520,193.51,193.57,193.41,193.41,916
1788443580,193.41,193.41,193.25,193.30,1747
1788443640,193.30,193.32,193.17,193.21,1918
1788443700,193.21,193.23,193.13,193.15,2696
1788443760,193.15,193.33,193.13,193.28,2565
1788443820,193.28,193.46,193.22,193.43,69
1788443880,193.43,193.58,193.42,193.52,2509
1788443940,193.52,193.55,193.32,193.38,2307
1788444000,193.38,193.46,193.34,193.39,2790
1788444060,193.39,193.44,193.34,193.41,1263
1788444120,193.41,193.50,193.38,193.45,699
1788444180,193.45,193.54,193.39,193.52,402
1788444240,193.52,193.54,193.42,193.45,896
1788444300,193.45,193.48,193.32,193.36,2310
1788444360,193.36,193.52,193.32,193.52,928
1788444420,193.52,193.71,193.48,193.65,2410
1788444480,193.65,193.71,193.64,193.66,1202
1788444540,193.66,193.76,193.63,193.73,1553
1788444600,193.73,193.79,193.56,193.58,1007
1788444660,193.58,193.78,193.56,193.74,1467
1788444720,193.74,193.74,193.57,193.62,2437
1788444780,193.62,193.81,193.58,193.77,322
1788444840,193.77,193.83,193.66,193.73,1542
1788444900,193.73,193.88,193.69,193.85,2557
1788444960,193.85,193.90,193.69,193.74,92
1788445020,193.74,193.77,193.62,193.65,2635
1788445080,193.65,193.85,193.63,193.78,1116
1788445140,193.78,193.80,193.63,193.69,1372
1788445200,193.69,193.78,193.68,193.78,2565
1788445260,193.78,193.84,193.62,193.68,230
1788445320,193.68,193.68,193.57,193.57,2815
1788445380,193.57,193.63,193.50,193.55,2002
1788445440,193.55,193.58,193.48,193.50,1215
1788445500,193.50,193.63,193.48,193.61,2359
1788445560,193.61,193.71,193.54,193.66,190
1788445620,193.66,193.68,193.49,193.56,580
1788445680,193.56,193.60,193.35,193.41,2613
1788445740,193.41,193.46,193.26,193.31,1240
1788445800,193.31,193.45,193.24,193.40,618
1788445860,193.40,193.44,193.32,193.35,269
1788445920,193.35,193.40,193.29,193.29,2367
1788445980,193.29,193.47,193.24,193.44,1488
1788446040,193.44,193.55,193.42,193.52,1399
1788446100,193.52,193.68,193.45,193.62,2744
1788446160,193.62,193.68,193.43,193.50,2852
1788446220,193.50,193.56,193.34,193.38,1981
1788446280,193.38,193.51,193.33,193.45,648
1788446340,193.45,193.46,193.38,193.42,593
1788446400,193.42,193.48,193.29,193.35,1687
1788446460,193.35,193.36,193.24,193.25,1933
1788446520,193.25,193.39,193.24,193.37,2294
1788446580,193.37,193.39,193.31,193.36,2990
1788446640,193.36,193.52,193.35,193.44,1462
1788446700,193.44,193.50,193.36,193.46,1685
1788446760,193.46,193.49,193.34,193.35,601
1788446820,193.35,193.46,193.34,193.43,2009
1788446880,193.43,193.57,193.42,193.57,2943
1788446940,193.57,193.60,193.37,193.43,2954
1788447000,193.43,193.50,193.42,193.48,2512
1788447060,193.48,193.58,193.46,193.52,1497
1788447120,193.52,193.57,193.40,193.43,1270
1788447180,193.43,193.67,193.38,193.59,2349
1788447240,193.59,193.71,193.56,193.70,2339
1788447300,193.70,193.70,193.50,193.57,1468
1788447360,193.57,193.61,193.41,193.47,1324
1788447420,193.47,193.52,193.26,193.33,1300
1788447480,193.33,193.34,193.19,193.25,790
1788447540,193.25,193.26,193.16,193.23,1165
1788447600,193.23,193.27,193.06,193.14,437
1788447660,193.14,193.33,193.09,193.28,2832
1788447720,193.28,193.31,193.24,193.25,2554
1788447780,193.25,193.45,193.18,193.38,1941
1788447840,193.38,193.43,193.30,193.35,551
1788447900,193.35,193.54,193.31,193.48,1812
1788447960,193.48,193.53,193.47,193.53,2687
1788448020,193.53,193.56,193.40,193.43,2096
1788448080,193.43,193.43,193.31,193.36,1450
1788448140,193.36,193.42,193.18,193.22,1434
1788448200,193.22,193.38,193.22,193.31,1905
1788448260,193.31,193.32,193.27,193.31,814
1788448320,193.31,193.32,193.14,193.21,2512
1788448380,193.21,193.27,193.16,193.20,1296
1788448440,193.20,193.23,193.05,193.09,2793
1788448500,193.09,193.15,193.03,193.09,2940
1788448560,193.09,193.12,192.91,192.96,2517
1788448620,192.96,193.00,192.88,192.93,1966
1788448680,192.93,192.95,192.77,192.80,126
1788448740,192.80,192.93,192.79,192.87,1678
1788448800,192.87,192.94,192.81,192.87,2892
1788448860,192.87,192.93,192.85,192.89,1543
1788448920,192.89,192.93,192.86,192.92,1956
1788448980,192.92,192.97,192.79,192.86,94
1788449040,192.86,192.87,192.70,192.74,149
1788449100,192.74,192.80,192.67,192.75,2151
1788449160,192.75,192.80,192.69,192.78,817
1788449220,192.78,192.81,192.70,192.75,937
1788449280,192.75,192.82,192.65,192.68,1744
1788449340,192.68,192.74,192.52,192.55,1608
1788449400,192.55,192.56,192.45,192.47,703
1788449460,192.47,192.54,192.32,192.35,1416
1788449520,192.35,192.38,192.20,192.27,1922
1788449580,192.27,192.28,192.20,192.20,2415
1788449640,192.20,192.20,192.04,192.07,1075
1788449700,192.07,192.22,192.06,192.15,495
1788449760,192.15,192.15,192.11,192.14,1137
1788449820,192.14,192.17,191.97,192.04,859
1788449880,192.04,192.09,191.98,192.09,1357
1788449940,192.09,192.14,192.03,192.08,1848
1788450000,192.08,192.21,192.08,192.19,81
1788450060,192.19,192.21,192.19,192.20,552
1788450120,192.20,192.37,192.16,192.32,163
1788450180,192.32,192.33,192.24,192.30,806
1788450240,192.30,192.45,192.24,192.44,222
1788450300,192.44,192.55,192.42,192.47,2550
1788450360,192.47,192.52,192.36,192.44,629
1788450420,192.44,192.48,192.34,192.37,1223
1788450480,192.37,192.43,192.31,192.35,1341
1788450540,192.35,192.50,192.30,192.49,1158
1788450600,192.49,192.67,192.45,192.65,1608
1788450660,192.65,192.84,192.59,192.77,1696
1788450720,192.77,192.81,192.66,192.70,1096
1788450780,192.70,192.86,192.70,192.82,2522
1788450840,192.82,192.83,192.62,192.67,2588
1788450900,192.67,192.74,192.48,192.55,945
1788450960,192.55,192.56,192.44,192.49,2003
1788451020,192.49,192.55,192.47,192.52,2500
1788451080,192.52,192.55,192.51,192.51,1120
1788451140,192.51,192.58,192.43,192.52,1450
1788451200,192.52,192.65,192.45,192.62,2162
1788451260,192.62,192.70,192.46,192.50,2588
1788451320,192.50,192.63,192.47,192.58,2333
1788451380,192.58,192.65,192.56,192.59,450
1788451440,192.59,192.60,192.52,192.54,2250
1788451500,192.54,192.55,192.40,192.48,2788
1788451560,192.48,192.53,192.34,192.41,1495
1788451620,192.41,192.46,192.39,192.41,747
1788451680,192.41,192.42,192.32,192.32,1973
1788451740,192.32,192.47,192.30,192.46,880
1788451800,192.46,192.56,192.39,192.50,2698
1788451860,192.50,192.67,192.48,192.63,2051
1788451920,192.63,192.70,192.51,192.51,1047
1788451980,192.51,192.54,192.50,192.52,1947
1788452040,192.52,192.60,192.47,192.51,1317
1788452100,192.51,192.51,192.36,192.39,287
1788452160,192.39,192.40,192.31,192.35,1155
1788452220,192.35,192.48,192.33,192.43,462
1788452280,192.43,192.65,192.42,192.58,1594
1788452340,192.58,192.59,192.51,192.51,2138
1788452400,192.51,192.53,192.44,192.47,1683
1788452460,192.47,192.59,192.42,192.51,2892
1788452520,192.51,192.68,192.49,192.65,2805
1788452580,192.65,192.78,192.64,192.72,1782
1788452640,192.72,192.78,192.65,192.69,2178
1788452700,192.69,192.90,192.62,192.83,1420
1788452760,192.83,192.97,192.80,192.90,1697
1788452820,192.90,192.95,192.75,192.78,1111
1788452880,192.78,192.99,192.77,192.93,2643
1788452940,192.93,193.04,192.89,192.98,1133
1788453000,192.98,193.03,192.95,192.98,1034
1788453060,192.98,193.00,192.93,192.96,590
1788453120,192.96,193.09,192.95,193.05,1300
1788453180,193.05,193.09,192.99,193.07,1216
1788453240,193.07,193.14,192.94,193.00,2178
1788453300,193.00,193.05,192.93,193.04,930
1788453360,193.04,193.11,192.82,192.89,2847
1788453420,192.89,192.97,192.82,192.95,1724
1788453480,192.95,192.96,192.90,192.92,1055
1788453540,192.92,192.98,192.92,192.93,1392
1788453600,192.93,192.94,192.87,192.93,1667
1788453660,192.93,193.01,192.87,192.94,2086
1788453720,192.94,192.99,192.74,192.79,2158
1788453780,192.79,193.01,192.73,192.95,1017
1788453840,192.95,193.04,192.93,193.03,1788
1788453900,193.03,193.07,192.94,192.98,1470
1788453960,192.98,193.05,192.98,193.01,1122
1788454020,193.01,193.04,192.81,192.88,2011
1788454080,192.88,193.03,192.86,193.00,1295
1788454140,193.00,193.02,192.91,192.97,211
1788454200,192.97,192.99,192.76,192.83,55
1788454260,192.83,192.92,192.79,192.90,1945
1788454320,192.90,192.97,192.83,192.88,1245
1788454380,192.88,192.91,192.81,192.82,2975
1788454440,192.82,192.91,192.75,192.89,2885
1788454500,192.89,193.06,192.84,193.02,1827
1788454560,193.02,193.19,192.96,193.12,1884
1788454620,193.12,193.15,193.05,193.12,1317
1788454680,193.12,193.14,193.04,193.08,220
1788454740,193.08,193.14,193.02,193.10,1115
1788454800,193.10,193.29,193.03,193.26,460
1788454860,193.26,193.40,193.23,193.36,1378
1788454920,193.36,193.38,193.22,193.28,304
1788454980,193.28,193.34,193.23,193.24,1741
1788455040,193.24,193.31,193.23,193.28,2294
1788455100,193.28,193.35,193.25,193.26,314
1788455160,193.26,193.42,193.26,193.41,135
1788455220,193.41,193.54,193.38,193.53,680
1788455280,193.53,193.59,193.45,193.54,1558
1788455340,193.54,193.59,193.48,193.55,1109
1788455400,193.55,193.60,193.52,193.57,728
1788455460,193.57,193.68,193.57,193.61,1630
1788455520,193.61,193.69,193.47,193.50,674
1788455580,193.50,193.50,193.37,193.44,174
1788455640,193.44,193.51,193.36,193.37,1983
1788455700,193.37,193.40,193.30,193.34,516
1788455760,193.34,193.48,193.30,193.44,2344
1788455820,193.44,193.60,193.44,193.55,414
1788455880,193.55,193.63,193.53,193.57,168
1788455940,193.57,193.66,193.53,193.59,345
1788456000,193.59,193.63,193.40,193.47,2677
1788456060,193.47,193.54,193.40,193.52,1492
1788456120,193.52,193.64,193.50,193.57,2003
1788456180,193.57,193.58,193.45,193.52,708
1788456240,193.52,193.64,193.49,193.62,359
1788456300,193.62,193.64,193.51,193.56,1512
1788456360,193.56,193.72,193.51,193.70,1491
1788456420,193.70,193.88,193.66,193.81,999
1788456480,193.81,193.82,193.73,193.77,2660
1788456540,193.77,193.82,193.71,193.75,1747
1788456600,193.75,193.80,193.74,193.79,2751
1788456660,193.79,193.82,193.69,193.75,1285
1788456720,193.75,193.95,193.73,193.87,1048
1788456780,193.87,193.91,193.81,193.88,2457
1788456840,193.88,194.02,193.81,193.99,1029
1788456900,193.99,194.05,193.94,194.02,2214
1788456960,194.02,194.09,193.99,194.01,781
1788457020,194.01,194.05,193.95,194.04,407
1788457080,194.04,194.18,194.00,194.11,640
1788457140,194.11,194.17,193.99,194.00,1617
1788457200,194.00,194.03,193.95,194.01,2575
1788457260,194.01,194.08,193.95,194.07,53
1788457320,194.07,194.13,194.00,194.00,133
1788457380,194.00,194.08,194.00,194.07,595
1788457440,194.07,194.10,194.01,194.05,1295
1788457500,194.05,194.09,193.86,193.93,2408
1788457560,193.93,193.94,193.79,193.84,2001
1788457620,193.84,194.01,193.79,193.96,203
1788457680,193.96,193.99,193.84,193.90,1015
1788457740,193.90,194.06,193.90,194.00,965
1788457800,194.00,194.02,193.81,193.89,2514
1788457860,193.89,193.95,193.71,193.74,1611
1788457920,193.74,193.87,193.68,193.85,2250
1788457980,193.85,193.90,193.77,193.80,2879
1788458040,193.80,193.86,193.72,193.77,1677
1788458100,193.77,193.79,193.76,193.78,1967
1788458160,193.78,193.78,193.59,193.65,901
1788458220,193.65,193.70,193.58,193.61,1878
1788458280,193.61,193.62,193.54,193.56,2472
1788458340,193.56,193.58,193.50,193.58,1313
1788493500,193.58,193.66,193.52,193.65,1676
1788493560,193.65,193.83,193.59,193.76,1729
1788493620,193.76,193.83,193.54,193.61,2919
1788493680,193.61,193.65,193.44,193.50,2916
1788493740,193.50,193.53,193.34,193.40,72
1788493800,193.40,193.41,193.24,193.25,534
1788493860,193.25,193.40,193.22,193.39,505
1788493920,193.39,193.44,193.34,193.37,1204
1788493980,193.37,193.39,193.17,193.23,1276
1788494040,193.23,193.27,193.12,193.18,489
1788494100,193.18,193.19,193.09,193.11,1527
1788494160,193.11,193.22,193.07,193.19,2485
1788494220,193.19,193.22,193.10,193.15,733
1788494280,193.15,193.21,193.04,193.07,1825
1788494340,193.07,193.26,193.02,193.21,2063
1788494400,193.21,193.27,193.20,193.22,1247
1788494460,193.22,193.26,193.14,193.21,2684
1788494520,193.21,193.30,193.16,193.27,1748
1788494580,193.27,193.33,193.21,193.28,2487
1788494640,193.28,193.44,193.25,193.39,1555
1788494700,193.39,193.50,193.33,193.45,311
1788494760,193.45,193.60,193.44,193.59,801
1788494820,193.59,193.71,193.55,193.69,2047
1788494880,193.69,193.85,193.64,193.84,2043
1788494940,193.84,193.91,193.70,193.70,679
1788495000,193.70,193.75,193.69,193.70,2931
1788495060,193.70,193.77,193.65,193.76,1904
1788495120,193.76,193.81,193.56,193.62,827
1788495180,193.62,193.63,193.54,193.54,2796
1788495240,193.54,193.64,193.50,193.63,960
1788495300,193.63,193.68,193.59,193.60,1351
1788495360,193.60,193.80,193.55,193.73,1211
1788495420,193.73,193.89,193.67,193.88,2872
1788495480,193.88,193.95,193.88,193.93,282
1788495540,193.93,193.99,193.88,193.91,2547
1788495600,193.91,193.95,193.88,193.90,715
1788495660,193.90,193.92,193.86,193.89,2538
1788495720,193.89,193.94,193.71,193.78,2872
1788495780,193.78,193.84,193.69,193.75,2399
1788495840,193.75,193.81,193.74,193.76,2188
1788495900,193.76,193.78,193.70,193.75,2898
1788495960,193.75,193.90,193.70,193.84,166
1788496020,193.84,193.91,193.67,193.71,2917
1788496080,193.71,193.82,193.64,193.77,2618
1788496140,193.77,193.84,193.68,193.76,2036
1788496200,193.76,193.83,193.74,193.77,866
1788496260,193.77,193.84,193.64,193.68,2739
1788496320,193.68,193.70,193.61,193.65,2188
1788496380,193.65,193.78,193.62,193.73,453
1788496440,193.73,193.87,193.70,193.85,1973
1788496500,193.85,193.91,193.79,193.88,593
1788496560,193.88,193.95,193.77,193.79,2359
1788496620,193.79,193.98,193.76,193.91,2034
1788496680,193.91,194.02,193.89,193.99,2100
1788496740,193.99,194.02,193.79,193.85,2847
1788496800,193.85,193.91,193.73,193.78,2550
1788496860,193.78,193.84,193.72,193.74,2963
1788496920,193.74,193.80,193.67,193.67,668
1788496980,193.67,193.70,193.64,193.65,431
1788497040,193.65,193.66,193.49,193.50,854
1788497100,193.50,193.58,193.50,193.52,1301
1788497160,193.52,193.72,193.44,193.65,1024
1788497220,193.65,193.70,193.64,193.65,1523
1788497280,193.65,193.69,193.62,193.65,2635
1788497340,193.65,193.80,193.59,193.73,1325
1788497400,193.73,193.81,193.69,193.79,480
1788497460,193.79,193.94,193.77,193.93,1253
1788497520,193.93,193.94,193.83,193.88,2842
1788497580,193.88,193.92,193.79,193.82,1506
1788497640,193.82,193.90,193.75,193.88,1486
1788497700,193.88,194.04,193.84,193.97,1721
1788497760,193.97,194.05,193.91,194.01,2795
1788497820,194.01,194.17,193.98,194.15,347
1788497880,194.15,194.20,194.04,194.09,787
1788497940,194.09,194.16,193.97,194.01,2348
1788498000,194.01,194.10,194.01,194.05,1255
1788498060,194.05,194.22,194.03,194.21,2895
1788498120,194.21,194.28,194.07,194.09,1515
1788498180,194.09,194.27,194.04,194.24,2334
1788498240,194.24,194.42,194.20,194.34,1386
1788498300,194.34,194.37,194.27,194.31,419
1788498360,194.31,194.42,194.26,194.37,2002
1788498420,194.37,194.51,194.35,194.50,2327
1788498480,194.50,194.60,194.43,194.59,627
1788498540,194.59,194.73,194.55,194.72,1436
1788498600,194.72,194.78,194.59,194.66,160
1788498660,194.66,194.89,194.65,194.82,2873
1788498720,194.82,195.04,194.78,194.98,829
1788498780,194.98,194.98,194.91,194.94,937
1788498840,194.94,195.01,194.76,194.82,1288
1788498900,194.82,194.86,194.82,194.82,2836
1788498960,194.82,194.90,194.76,194.87,2412
1788499020,194.87,194.91,194.79,194.86,2098
1788499080,194.86,194.86,194.82,194.83,1860
1788499140,194.83,194.86,194.82,194.83,2342
1788499200,194.83,194.89,194.77,194.82,327
1788499260,194.82,194.96,194.79,194.88,2261
1788499320,194.88,195.01,194.87,194.97,120
1788499380,194.97,194.98,194.85,194.93,2303
1788499440,194.93,195.07,194.90,195.00,1717
1788499500,195.00,195.03,194.86,194.90,1613
1788499560,194.90,195.10,194.83,195.04,996
1788499620,195.04,195.22,194.98,195.16,2039
1788499680,195.16,195.31,195.08,195.24,2344
1788499740,195.24,195.43,195.22,195.36,1933
1788499800,195.36,195.44,195.22,195.22,2727
1788499860,195.22,195.29,195.15,195.18,800
1788499920,195.18,195.21,194.98,195.05,1787
1788499980,195.05,195.09,194.86,194.91,385
1788500040,194.91,194.92,194.82,194.83,2790
1788500100,194.83,194.84,194.65,194.72,2982
1788500160,194.72,194.83,194.70,194.80,1262
1788500220,194.80,194.82,194.63,194.70,2306
1788500280,194.70,194.81,194.66,194.75,604
1788500340,194.75,194.80,194.68,194.69,336
1788500400,194.69,194.74,194.65,194.67,1460
1788500460,194.67,194.81,194.62,194.79,605
1788500520,194.79,194.86,194.71,194.75,2163
1788500580,194.75,194.88,194.71,194.85,2882
1788500640,194.85,194.85,194.72,194.73,2885
1788500700,194.73,194.83,194.72,194.76,2600
1788500760,194.76,194.77,194.69,194.76,848
1788500820,194.76,194.79,194.56,194.62,1917
1788500880,194.62,194.78,194.58,194.78,1602
1788500940,194.78,194.92,194.77,194.89,1577
1788501000,194.89,194.99,194.88,194.98,976
1788501060,194.98,195.04,194.91,195.03,982
1788501120,195.03,195.07,194.95,194.96,852
1788501180,194.96,194.98,194.90,194.94,1577
1788501240,194.94,194.98,194.86,194.95,2292
1788501300,194.95,194.98,194.87,194.88,2782
1788501360,194.88,194.95,194.68,194.74,2287
1788501420,194.74,194.93,194.73,194.85,2087
1788501480,194.85,195.04,194.84,194.99,1496
1788501540,194.99,195.16,194.97,195.10,937
1788501600,195.10,195.15,195.00,195.00,1416
1788501660,195.00,195.04,194.93,194.95,2381
1788501720,194.95,195.04,194.87,194.96,1348
1788501780,194.96,194.99,194.92,194.94,1232
1788501840,194.94,195.09,194.92,195.08,2166
1788501900,195.08,195.10,195.03,195.07,880
1788501960,195.07,195.10,195.02,195.05,2328
1788502020,195.05,195.05,194.85,194.90,2294
1788502080,194.90,194.95,194.75,194.80,1959
1788502140,194.80,194.85,194.71,194.76,1567
1788502200,194.76,194.90,194.74,194.83,2567
1788502260,194.83,195.03,194.81,194.98,1762
1788502320,194.98,195.04,194.92,194.96,2155
1788502380,194.96,195.01,194.89,194.97,2922
1788502440,194.97,195.03,194.86,194.86,2787
1788502500,194.86,194.89,194.71,194.77,1519
1788502560,194.77,194.79,194.70,194.72,2181
1788502620,194.72,194.85,194.72,194.80,749
1788502680,194.80,194.88,194.80,194.82,1573
1788502740,194.82,195.02,194.80,194.97,2235
1788502800,194.97,195.03,194.83,194.86,687
1788502860,194.86,194.93,194.83,194.85,2008
1788502920,194.85,195.01,194.81,194.96,1905
1788502980,194.96,195.07,194.93,195.02,853
1788503040,195.02,195.08,194.88,194.92,2236
1788503100,194.92,194.96,194.84,194.90,2456
1788503160,194.90,195.01,194.89,194.98,2278
1788503220,194.98,195.01,194.98,194.98,1566
1788503280,194.98,195.00,194.90,194.96,1308
1788503340,194.96,195.00,194.83,194.83,1110
1788503400,194.83,195.03,194.76,194.98,468
1788503460,194.98,195.01,194.82,194.86,2622
1788503520,194.86,194.92,194.81,194.84,749
1788503580,194.84,194.88,194.69,194.72,1730
1788503640,194.72,194.90,194.68,194.86,482
1788503700,194.86,194.99,194.85,194.95,1576
1788503760,194.95,195.07,194.93,194.99,1160
1788503820,194.99,195.18,194.97,195.11,1782
1788503880,195.11,195.19,195.05,195.18,2438
1788503940,195.18,195.29,195.12,195.24,1034
1788504000,195.24,195.34,195.21,195.32,2314
1788504060,195.32,195.53,195.29,195.47,2604
1788504120,195.47,195.64,195.43,195.62,1605
1788504180,195.62,195.69,195.45,195.50,1464
1788504240,195.50,195.53,195.45,195.49,352
1788504300,195.49,195.51,195.40,195.40,1611
1788504360,195.40,195.47,195.36,195.41,2729
1788504420,195.41,195.55,195.34,195.51,818
1788504480,195.51,195.63,195.48,195.62,1461
1788504540,195.62,195.65,195.48,195.52,2532
1788504600,195.52,195.57,195.49,195.54,1910
1788504660,195.54,195.59,195.48,195.52,2476
1788504720,195.52,195.58,195.49,195.56,988
1788504780,195.56,195.61,195.44,195.45,1684
1788504840,195.45,195.51,195.37,195.39,619
1788504900,195.39,195.43,195.30,195.31,1392
1788504960,195.31,195.33,195.21,195.26,2893
1788505020,195.26,195.27,195.24,195.26,188
1788505080,195.26,195.41,195.22,195.36,2632
1788505140,195.36,195.48,195.35,195.45,2607
1788505200,195.45,195.51,195.37,195.39,1585
1788505260,195.39,195.43,195.27,195.28,643
1788505320,195.28,195.35,195.12,195.13,1145
1788505380,195.13,195.16,194.98,195.03,193
1788505440,195.03,195.10,194.94,194.96,599
1788505500,194.96,195.15,194.93,195.11,1524
1788505560,195.11,195.28,195.07,195.26,1403
1788505620,195.26,195.28,195.07,195.13,2755
1788505680,195.13,195.22,195.06,195.19,1595
1788505740,195.19,195.23,195.08,195.10,2315
1788505800,195.10,195.14,194.91,194.98,1945
1788505860,194.98,195.18,194.91,195.11,1381
1788505920,195.11,195.15,194.93,194.98,2504
1788505980,194.98,195.05,194.79,194.86,2295
1788506040,194.86,194.92,194.78,194.82,2495
1788506100,194.82,194.87,194.68,194.69,2309
1788506160,194.69,194.71,194.51,194.56,2410
1788506220,194.56,194.57,194.48,194.55,2193
1788506280,194.55,194.64,194.54,194.60,1415
1788506340,194.60,194.68,194.55,194.63,157
1788506400,194.63,194.63,194.58,194.61,1802
1788506460,194.61,194.73,194.55,194.66,2261
1788506520,194.66,194.67,194.64,194.65,1234
1788506580,194.65,194.85,194.60,194.81,1410
1788506640,194.81,194.82,194.74,194.78,1964
1788506700,194.78,194.79,194.70,194.70,53
1788506760,194.70,194.82,194.69,194.75,1721
1788506820,194.75,194.90,194.74,194.87,2050
1788506880,194.87,194.91,194.76,194.79,69
1788506940,194.79,194.83,194.71,194.72,462
1788507000,194.72,194.79,194.67,194.70,947
1788507060,194.70,194.87,194.64,194.84,541
1788507120,194.84,194.99,194.83,194.94,1195
1788507180,194.94,195.01,194.77,194.83,1097
1788507240,194.83,194.86,194.63,194.70,2306
1788507300,194.70,194.80,194.63,194.78,123
1788507360,194.78,194.97,194.77,194.93,1484
1788507420,194.93,194.98,194.80,194.81,2592
1788507480,194.81,194.84,194.66,194.68,955
1788507540,194.68,194.81,194.67,194.76,673
1788507600,194.76,194.76,194.59,194.65,782
1788507660,194.65,194.71,194.57,194.61,907
1788507720,194.61,194.68,194.54,194.68,2716
1788507780,194.68,194.74,194.65,194.71,566
1788507840,194.71,194.73,194.54,194.57,1407
1788507900,194.57,194.59,194.49,194.50,406
1788507960,194.50,194.52,194.45,194.48,2114
1788508020,194.48,194.59,194.43,194.55,1112
1788508080,194.55,194.61,194.44,194.49,2202
1788508140,194.49,194.55,194.44,194.50,518
1788508200,194.50,194.71,194.44,194.64,194
1788508260,194.64,194.74,194.62,194.72,2125
1788508320,194.72,194.72,194.56,194.58,1326
1788508380,194.58,194.63,194.47,194.54,2718
1788508440,194.54,194.73,194.48,194.68,475
1788508500,194.68,194.75,194.64,194.68,753
1788508560,194.68,194.73,194.61,194.66,2546
1788508620,194.66,194.79,194.61,194.74,1252
1788508680,194.74,194.80,194.70,194.79,1156
1788508740,194.79,194.79,194.76,194.79,485
1788508800,194.79,194.98,194.74,194.93,2075
1788508860,194.93,194.94,194.85,194.85,2105
1788508920,194.85,195.00,194.79,194.94,2661
1788508980,194.94,195.08,194.89,195.04,257
1788509040,195.04,195.08,194.94,194.99,513
1788509100,194.99,195.08,194.91,195.05,1160
1788509160,195.05,195.12,194.95,195.01,532
1788509220,195.01,195.05,194.85,194.88,2731
1788509280,194.88,194.93,194.79,194.81,2558
1788509340,194.81,194.88,194.72,194.72,786
1788509400,194.72,194.82,194.72,194.75,137
1788509460,194.75,194.93,194.70,194.87,426
1788509520,194.87,194.91,194.87,194.87,2857
1788509580,194.87,194.89,194.81,194.85,1515
1788509640,194.85,194.92,194.83,194.90,1157
1788509700,194.90,194.97,194.82,194.87,664
1788509760,194.87,194.94,194.76,194.81,489
1788509820,194.81,194.88,194.68,194.75,1338
1788509880,194.75,194.79,194.71,194.76,2350
1788509940,194.76,194.83,194.68,194.72,1814
1788510000,194.72,194.77,194.60,194.65,1822
1788510060,194.65,194.70,194.61,194.66,163
1788510120,194.66,194.72,194.56,194.57,2712
1788510180,194.57,194.65,194.50,194.60,2216
1788510240,194.60,194.67,194.47,194.53,2970
1788510300,194.53,194.56,194.36,194.42,2015
1788510360,194.42,194.50,194.39,194.45,161
1788510420,194.45,194.55,194.44,194.50,2199
1788510480,194.50,194.65,194.49,194.59,2216
1788510540,194.59,194.59,194.45,194.50,2442
1788510600,194.50,194.55,194.40,194.47,1805
1788510660,194.47,194.60,194.40,194.52,2634
1788510720,194.52,194.60,194.48,194.53,1579
1788510780,194.53,194.57,194.40,194.44,2487
1788510840,194.44,194.63,194.44,194.55,2698
1788510900,194.55,194.59,194.38,194.41,1583
1788510960,194.41,194.48,194.40,194.44,2572
1788511020,194.44,194.46,194.40,194.45,779
1788511080,194.45,194.52,194.30,194.35,1684
1788511140,194.35,194.37,194.35,194.35,1840
1788511200,194.35,194.47,194.31,194.43,2401
1788511260,194.43,194.48,194.29,194.33,830
1788511320,194.33,194.35,194.19,194.26,604
1788511380,194.26,194.32,194.05,194.11,2763
1788511440,194.11,194.14,194.02,194.02,594
1788511500,194.02,194.13,193.99,194.13,1204
1788511560,194.13,194.15,194.04,194.07,802
1788511620,194.07,194.27,194.04,194.20,1866
1788511680,194.20,194.38,194.19,194.35,1449
1788511740,194.35,194.54,194.32,194.49,2957
1788511800,194.49,194.69,194.44,194.62,759
1788511860,194.62,194.65,194.52,194.54,1145
1788511920,194.54,194.59,194.41,194.44,261
1788511980,194.44,194.51,194.30,194.36,2233
1788512040,194.36,194.37,194.23,194.27,2771
1788512100,194.27,194.29,194.17,194.20,1123
1788512160,194.20,194.36,194.18,194.34,1833
1788512220,194.34,194.41,194.26,194.39,1795
1788512280,194.39,194.39,194.24,194.26,2998
1788512340,194.26,194.27,194.23,194.24,2791
1788512400,194.24,194.32,194.09,194.10,695
1788512460,194.10,194.14,194.07,194.12,460
1788512520,194.12,194.20,194.10,194.17,2427
1788512580,194.17,194.20,193.99,194.05,1926
1788512640,194.05,194.07,194.03,194.05,2847
1788512700,194.05,194.10,193.89,193.95,2584
1788512760,193.95,194.08,193.87,194.02,639
1788512820,194.02,194.11,194.00,194.05,351
1788512880,194.05,194.24,193.98,194.20,839
1788512940,194.20,194.21,194.05,194.11,2096
1788513000,194.11,194.24,194.04,194.23,765
1788513060,194.23,194.24,194.05,194.09,2019
1788513120,194.09,194.14,193.99,194.03,609
1788513180,194.03,194.15,193.97,194.13,1206
1788513240,194.13,194.15,194.02,194.06,2315
1788513300,194.06,194.08,193.95,193.99,2726
1788513360,193.99,194.00,193.79,193.86,1585
1788513420,193.86,193.91,193.83,193.87,1117
1788513480,193.87,193.92,193.83,193.84,275
1788513540,193.84,193.94,193.78,193.90,1616
1788513600,193.90,193.92,193.76,193.83,2837
1788513660,193.83,193.84,193.74,193.76,2269
1788513720,193.76,193.90,193.76,193.86,2855
1788513780,193.86,193.90,193.83,193.90,2070
1788513840,193.90,193.91,193.89,193.91,2637
1788513900,193.91,193.99,193.85,193.86,2458
1788513960,193.86,193.87,193.70,193.76,726
1788514020,193.76,193.81,193.61,193.66,2345
1788514080,193.66,193.74,193.60,193.64,2857
1788514140,193.64,193.69,193.53,193.58,2862
1788514200,193.58,193.71,193.52,193.70,77
1788514260,193.70,193.74,193.63,193.69,1065
1788514320,193.69,193.72,193.55,193.59,1950
1788514380,193.59,193.66,193.53,193.54,933
1788514440,193.54,193.55,193.38,193.44,388
1788514500,193.44,193.44,193.35,193.40,326
1788514560,193.40,193.52,193.36,193.50,1954
1788514620,193.50,193.56,193.47,193.52,2659
1788514680,193.52,193.54,193.41,193.49,795
1788514740,193.49,193.50,193.39,193.42,2065
1788514800,193.42,193.45,193.39,193.39,2318
1788514860,193.39,193.39,193.24,193.28,1438
1788514920,193.28,193.39,193.22,193.37,588
1788514980,193.37,193.52,193.32,193.48,2499
1788515040,193.48,193.53,193.46,193.48,726
1788515100,193.48,193.64,193.42,193.63,2119
1788515160,193.63,193.83,193.61,193.78,400
1788515220,193.78,193.99,193.78,193.92,133
1788515280,193.92,194.01,193.86,194.00,2708
1788515340,194.00,194.22,193.93,194.16,2221
1788515400,194.16,194.26,194.09,194.25,1143
1788515460,194.25,194.33,194.25,194.31,2538
1788515520,194.31,194.35,194.25,194.34,1881
1788515580,194.34,194.49,194.28,194.48,968
1788515640,194.48,194.56,194.42,194.53,1370
1788515700,194.53,194.66,194.49,194.63,2549
1788515760,194.63,194.69,194.49,194.52,2336
1788515820,194.52,194.69,194.45,194.63,1964
1788515880,194.63,194.73,194.59,194.69,2694
1788515940,194.69,194.72,194.61,194.61,2283
1788516000,194.61,194.69,194.57,194.66,2357
1788516060,194.66,194.69,194.55,194.56,1862
1788516120,194.56,194.59,194.50,194.52,1926
1788516180,194.52,194.56,194.31,194.38,1345
1788516240,194.38,194.40,194.36,194.40,2805
1788516300,194.40,194.51,194.40,194.49,2666
1788516360,194.49,194.50,194.37,194.44,1399
1788516420,194.44,194.56,194.43,194.50,803
1788516480,194.50,194.50,194.39,194.45,1190
1788516540,194.45,194.61,194.40,194.55,2167
1788516600,194.55,194.66,194.52,194.60,1304
1788516660,194.60,194.62,194.54,194.59,509
1788516720,194.59,194.61,194.56,194.61,703
1788516780,194.61,194.62,194.44,194.52,1243
1788516840,194.52,194.57,194.45,194.49,197
1788516900,194.49,194.54,194.42,194.49,1625
1788516960,194.49,194.57,194.42,194.44,73
1788517020,194.44,194.55,194.39,194.51,2416
1788517080,194.51,194.55,194.44,194.46,2865
1788517140,194.46,194.62,194.43,194.57,421
1788517200,194.57,194.64,194.50,194.58,1992
1788517260,194.58,194.65,194.56,194.57,825
1788517320,194.57,194.60,194.36,194.44,569
1788517380,194.44,194.49,194.36,194.38,99
1788517440,194.38,194.57,194.37,194.50,1492
1788517500,194.50,194.68,194.47,194.63,2986
1788517560,194.63,194.67,194.53,194.60,2042
1788517620,194.60,194.70,194.56,194.70,2440
1788517680,194.70,194.73,194.58,194.62,2058
1788517740,194.62,194.71,194.62,194.69,1421
1788517800,194.69,194.82,194.62,194.82,1046
1788517860,194.82,194.88,194.78,194.84,2137
1788517920,194.84,194.86,194.76,194.77,2870
1788517980,194.77,194.84,194.75,194.77,2749
1788518040,194.77,194.84,194.71,194.73,2762
1788518100,194.73,194.91,194.69,194.88,153
1788518160,194.88,194.99,194.81,194.98,2875
1788518220,194.98,195.02,194.84,194.86,1826
1788518280,194.86,195.01,194.81,194.96,2640
1788518340,194.96,195.02,194.93,195.01,2818
1788518400,195.01,195.02,194.84,194.87,1647
1788518460,194.87,195.07,194.84,195.02,915
1788518520,195.02,195.07,194.88,194.90,2419
1788518580,194.90,194.91,194.71,194.75,1561
1788518640,194.75,194.85,194.71,194.78,1184
1788518700,194.78,194.82,194.73,194.78,2131
1788518760,194.78,194.97,194.77,194.93,2558
1788518820,194.93,194.96,194.87,194.89,840
1788518880,194.89,194.92,194.82,194.89,2384
1788518940,194.89,195.12,194.88,195.05,659
1788519000,195.05,195.21,194.98,195.16,1436
1788519060,195.16,195.20,195.03,195.08,2041
1788519120,195.08,195.09,194.95,194.97,2212
1788519180,194.97,195.00,194.94,195.00,1456
1788519240,195.00,195.07,194.96,195.02,1483
1788519300,195.02,195.06,194.95,195.02,2324
1788519360,195.02,195.02,194.96,194.98,2062
1788519420,194.98,195.03,194.87,194.91,1971
1788519480,194.91,195.04,194.87,195.02,2504
1788519540,195.02,195.10,194.98,195.09,1460
1788519600,195.09,195.25,195.03,195.21,877
1788519660,195.21,195.25,195.02,195.07,1332
1788519720,195.07,195.22,195.05,195.19,887
1788519780,195.19,195.24,195.09,195.15,1174
1788519840,195.15,195.23,195.14,195.22,620
1788519900,195.22,195.29,195.09,195.12,1348
1788519960,195.12,195.19,195.05,195.14,822
1788520020,195.14,195.20,195.08,195.15,1274
1788520080,195.15,195.16,195.02,195.07,82
1788520140,195.07,195.21,195.01,195.16,2469
1788520200,195.16,195.23,195.06,195.12,2564
1788520260,195.12,195.14,195.10,195.12,747
1788520320,195.12,195.16,195.11,195.15,1924
1788520380,195.15,195.17,194.99,195.01,2913
1788520440,195.01,195.03,194.81,194.87,1156
1788520500,194.87,194.95,194.80,194.92,859
1788520560,194.92,195.03,194.92,194.97,784
1788520620,194.97,195.19,194.92,195.13,200
1788520680,195.13,195.15,195.01,195.08,900
1788520740,195.08,195.12,194.88,194.96,937
1788520800,194.96,195.01,194.87,194.92,1137
1788520860,194.92,194.93,194.89,194.92,2917
1788520920,194.92,195.06,194.84,195.01,1518
1788520980,195.01,195.18,195.00,195.15,2779
1788521040,195.15,195.34,195.13,195.30,1997
1788521100,195.30,195.30,195.19,195.21,2583
1788521160,195.21,195.23,195.19,195.22,2216
1788521220,195.22,195.22,195.13,195.20,1478
1788521280,195.20,195.23,195.14,195.14,2910
1788521340,195.14,195.26,195.08,195.22,1560
1788521400,195.22,195.23,195.16,195.20,1085
1788521460,195.20,195.29,195.19,195.28,2916
1788521520,195.28,195.35,195.13,195.16,1793
1788521580,195.16,195.18,195.11,195.12,912
1788521640,195.12,195.18,195.03,195.10,1325
1788521700,195.10,195.26,195.06,195.21,2325
1788521760,195.21,195.34,195.19,195.30,1494
1788521820,195.30,195.32,195.24,195.25,1292
1788521880,195.25,195.38,195.23,195.33,427
1788521940,195.33,195.43,195.32,195.36,1275
1788522000,195.36,195.53,195.31,195.50,1587
1788522060,195.50,195.59,195.49,195.57,2986
1788522120,195.57,195.63,195.48,195.52,2786
1788522180,195.52,195.62,195.47,195.59,2348
1788522240,195.59,195.65,195.55,195.60,870
1788522300,195.60,195.79,195.55,195.74,2683
1788522360,195.74,195.89,195.67,195.82,1978
1788522420,195.82,195.90,195.64,195.69,1580
1788522480,195.69,195.79,195.65,195.76,1535
1788522540,195.76,195.76,195.61,195.62,1555
1788522600,195.62,195.64,195.57,195.58,1841
1788522660,195.58,195.66,195.52,195.64,1223
1788522720,195.64,195.68,195.44,195.49,2735
1788522780,195.49,195.55,195.40,195.44,952
1788522840,195.44,195.56,195.38,195.50,2406
1788522900,195.50,195.54,195.41,195.48,1115
1788522960,195.48,195.48,195.32,195.34,913
1788523020,195.34,195.46,195.28,195.45,1564
1788523080,195.45,195.49,195.38,195.49,2176
1788523140,195.49,195.49,195.47,195.49,1492
1788523200,195.49,195.53,195.35,195.40,1887
1788523260,195.40,195.46,195.35,195.37,2700
1788523320,195.37,195.52,195.31,195.51,914
1788523380,195.51,195.53,195.42,195.43,2612
1788523440,195.43,195.49,195.33,195.37,1903
1788523500,195.37,195.40,195.19,195.23,2527
1788523560,195.23,195.31,195.21,195.30,823
1788523620,195.30,195.49,195.24,195.43,2027
1788523680,195.43,195.45,195.38,195.43,2911
1788523740,195.43,195.56,195.35,195.54,801
1788523800,195.54,195.67,195.51,195.65,2017
1788523860,195.65,195.69,195.59,195.61,1053
1788523920,195.61,195.76,195.58,195.76,2075
1788523980,195.76,195.81,195.71,195.75,2332
1788524040,195.75,195.94,195.68,195.88,918
1788524100,195.88,195.95,195.88,195.88,503
1788524160,195.88,195.89,195.78,195.84,2815
1788524220,195.84,195.91,195.84,195.90,2948
1788524280,195.90,196.02,195.84,196.00,2212
1788524340,196.00,196.07,195.82,195.86,748
1788524400,195.86,196.03,195.84,195.96,2497
1788524460,195.96,195.97,195.89,195.91,2710
1788524520,195.91,196.09,195.90,196.02,186
1788524580,196.02,196.07,195.92,195.98,2727
1788524640,195.98,196.00,195.90,195.92,732
1788524700,195.92,196.01,195.87,195.98,2562
1788524760,195.98,196.02,195.77,195.84,466
1788524820,195.84,196.00,195.78,195.94,129
1788524880,195.94,195.99,195.85,195.89,1619
1788524940,195.89,195.95,195.83,195.94,700
1788525000,195.94,196.15,195.93,196.08,2500
1788525060,196.08,196.16,195.89,195.94,406
1788525120,195.94,196.03,195.91,195.96,2518
1788525180,195.96,196.01,195.92,195.99,1407
1788525240,195.99,196.02,195.87,195.93,2627
1788525300,195.93,195.94,195.85,195.86,441
1788525360,195.86,195.86,195.68,195.74,2070
1788525420,195.74,195.76,195.63,195.65,415
1788525480,195.65,195.66,195.60,195.62,2356
1788525540,195.62,195.69,195.49,195.55,215
1788525600,195.55,195.72,195.50,195.66,2800
1788525660,195.66,195.73,195.56,195.60,305
1788525720,195.60,195.60,195.47,195.49,650
1788525780,195.49,195.56,195.39,195.46,2556
1788525840,195.46,195.63,195.40,195.56,99
1788525900,195.56,195.63,195.42,195.49,973
1788525960,195.49,195.55,195.46,195.53,1480
1788526020,195.53,195.73,195.51,195.67,1337
1788526080,195.67,195.78,195.67,195.72,1547
1788526140,195.72,195.73,195.65,195.72,708
1788526200,195.72,195.80,195.68,195.75,541
1788526260,195.75,195.91,195.69,195.91,1353
1788526320,195.91,195.95,195.72,195.80,923
1788526380,195.80,195.86,195.63,195.69,2775
1788526440,195.69,195.82,195.67,195.80,2926
1788526500,195.80,195.88,195.78,195.79,1044
1788526560,195.79,195.96,195.75,195.90,1955
1788526620,195.90,196.08,195.87,196.04,1946
1788526680,196.04,196.08,195.89,195.92,1896
1788526740,195.92,195.98,195.85,195.88,1680
1788526800,195.88,195.91,195.85,195.91,1442
1788526860,195.91,196.08,195.89,196.01,2594
1788526920,196.01,196.16,195.96,196.15,637
1788526980,196.15,196.33,196.09,196.26,1856
1788527040,196.26,196.28,196.23,196.26,547
1788527100,196.26,196.27,196.22,196.26,2055
1788527160,196.26,196.29,196.12,196.13,1902
1788527220,196.13,196.14,196.05,196.09,275
1788527280,196.09,196.30,196.06,196.24,1338
1788527340,196.24,196.33,196.20,196.28,2744
1788527400,196.28,196.33,196.22,196.28,2475
1788527460,196.28,196.38,196.22,196.37,738
1788527520,196.37,196.50,196.36,196.44,449
1788527580,196.44,196.45,196.42,196.42,1447
1788527640,196.42,196.47,196.39,196.42,1416
1788527700,196.42,196.54,196.38,196.49,2322
1788527760,196.49,196.56,196.47,196.51,269
1788527820,196.51,196.54,196.42,196.50,2390
1788527880,196.50,196.59,196.45,196.56,2415
1788527940,196.56,196.61,196.46,196.53,2759
1788528000,196.53,196.63,196.46,196.55,1596
1788528060,196.55,196.58,196.35,196.40,2379
1788528120,196.40,196.54,196.33,196.47,2819
1788528180,196.47,196.48,196.40,196.41,2463
1788528240,196.41,196.48,196.29,196.31,569
1788528300,196.31,196.51,196.25,196.45,1138
1788528360,196.45,196.59,196.42,196.56,2954
1788528420,196.56,196.58,196.55,196.56,2378
1788528480,196.56,196.69,196.49,196.65,2314
1788528540,196.65,196.82,196.59,196.74,381
1788528600,196.74,196.92,196.71,196.88,1623
1788528660,196.88,196.88,196.81,196.85,1879
1788528720,196.85,196.92,196.72,196.77,1390
1788528780,196.77,196.83,196.67,196.75,2427
1788528840,196.75,196.79,196.60,196.66,2019
1788528900,196.66,196.87,196.64,196.82,1414
1788528960,196.82,196.94,196.81,196.93,2517
1788529020,196.93,196.96,196.82,196.82,609
1788529080,196.82,196.83,196.71,196.73,1418
1788529140,196.73,196.75,196.61,196.69,2307
1788529200,196.69,196.87,196.63,196.81,1960
1788529260,196.81,196.91,196.78,196.86,173
1788529320,196.86,196.87,196.80,196.85,717
1788529380,196.85,196.86,196.78,196.79,811
1788529440,196.79,196.86,196.64,196.69,736
1788529500,196.69,196.87,196.65,196.82,2455
1788529560,196.82,196.95,196.80,196.92,765
1788529620,196.92,196.96,196.89,196.92,2868
1788529680,196.92,197.02,196.86,196.95,520
1788529740,196.95,197.14,196.88,197.09,696
1788529800,197.09,197.19,197.06,197.18,114
1788529860,197.18,197.35,197.11,197.29,365
1788529920,197.29,197.37,197.13,197.15,1432
1788529980,197.15,197.23,197.08,197.17,661
1788530040,197.17,197.24,197.06,197.13,642
1788530100,197.13,197.14,197.05,197.09,2813
1788530160,197.09,197.20,197.04,197.15,1105
1788530220,197.15,197.23,197.05,197.08,1574
1788530280,197.08,197.12,196.91,196.95,2306
1788530340,196.95,196.99,196.81,196.89,2938
1788530400,196.89,196.91,196.87,196.90,1547
1788530460,196.90,196.98,196.79,196.82,2492
1788530520,196.82,196.87,196.63,196.69,52
1788530580,196.69,196.84,196.62,196.79,1973
1788530640,196.79,196.85,196.76,196.82,698
1788530700,196.82,196.86,196.65,196.72,260
1788530760,196.72,196.83,196.69,196.77,297
1788530820,196.77,196.78,196.64,196.71,2681
1788530880,196.71,196.93,196.66,196.86,646
1788530940,196.86,197.00,196.80,197.00,2156
1788531000,197.00,197.07,196.89,196.91,2046
1788531060,196.91,196.94,196.75,196.81,1335
1788531120,196.81,196.91,196.79,196.85,2576
1788531180,196.85,196.91,196.67,196.73,2979
1788531240,196.73,196.74,196.61,196.68,1373
1788531300,196.68,196.74,196.64,196.71,2856
1788531360,196.71,196.84,196.71,196.77,2799
1788531420,196.77,196.97,196.71,196.92,1610
1788531480,196.92,197.05,196.92,197.00,1041
1788531540,197.00,197.01,196.85,196.92,1023
1788531600,196.92,197.00,196.75,196.79,1523
1788531660,196.79,196.93,196.73,196.93,663
1788531720,196.93,196.98,196.72,196.79,2418
1788531780,196.79,196.81,196.69,196.70,2690
1788531840,196.70,196.73,196.56,196.64,750
1788531900,196.64,196.70,196.54,196.58,2865
1788531960,196.58,196.63,196.44,196.45,1502
1788532020,196.45,196.57,196.39,196.53,558
1788532080,196.53,196.57,196.41,196.44,1824
1788532140,196.44,196.55,196.44,196.55,1866
1788532200,196.55,196.62,196.37,196.44,899
1788532260,196.44,196.60,196.41,196.53,1436
1788532320,196.53,196.54,196.53,196.53,2695
1788532380,196.53,196.58,196.43,196.43,881
1788532440,196.43,196.47,196.40,196.43,805
1788532500,196.43,196.59,196.39,196.57,1745
1788532560,196.57,196.77,196.52,196.71,2027
1788532620,196.71,196.87,196.71,196.83,820
1788532680,196.83,196.86,196.76,196.77,1379
1788532740,196.77,196.91,196.76,196.90,521
1788532800,196.90,196.95,196.85,196.85,1944
1788532860,196.85,196.92,196.83,196.83,1640
1788532920,196.83,196.84,196.82,196.83,1013
1788532980,196.83,196.93,196.78,196.87,2590
1788533040,196.87,196.89,196.80,196.83,279
1788533100,196.83,196.88,196.73,196.78,2801
1788533160,196.78,196.84,196.60,196.65,2334
1788533220,196.65,196.73,196.62,196.68,961
1788533280,196.68,196.70,196.57,196.64,854
1788533340,196.64,196.70,196.56,196.57,260
1788533400,196.57,196.63,196.55,196.63,2332
1788533460,196.63,196.69,196.56,196.61,1628
1788533520,196.61,196.70,196.60,196.68,1823
1788533580,196.68,196.80,196.61,196.79,1994
1788533640,196.79,196.80,196.61,196.66,1988
1788533700,196.66,196.68,196.51,196.59,2650
1788533760,196.59,196.72,196.51,196.66,1073
1788533820,196.66,196.80,196.61,196.77,1695
1788533880,196.77,196.79,196.64,196.67,878
1788533940,196.67,196.73,196.63,196.67,1045
1788534000,196.67,196.67,196.55,196.56,1089
1788534060,196.56,196.63,196.52,196.57,784
1788534120,196.57,196.59,196.53,196.55,600
1788534180,196.55,196.59,196.41,196.47,1365
1788534240,196.47,196.49,196.35,196.35,1932
1788534300,196.35,196.45,196.30,196.43,904
1788534360,196.43,196.52,196.40,196.48,1613
1788534420,196.48,196.59,196.47,196.55,763
1788534480,196.55,196.60,196.51,196.58,697
1788534540,196.58,196.63,196.45,196.48,2848
1788534600,196.48,196.54,196.35,196.42,1748
1788534660,196.42,196.45,196.30,196.33,2076
1788534720,196.33,196.40,196.32,196.33,522
1788534780,196.33,196.49,196.28,196.42,2486
1788534840,196.42,196.48,196.32,196.38,50
1788534900,196.38,196.46,196.29,196.33,2654
1788534960,196.33,196.41,196.15,196.20,2964
1788535020,196.20,196.40,196.18,196.35,1495
1788535080,196.35,196.51,196.32,196.50,78
1788535140,196.50,196.51,196.46,196.47,737
1788535200,196.47,196.53,196.38,196.38,2292
1788535260,196.38,196.38,196.30,196.34,2200
1788535320,196.34,196.45,196.27,196.39,1174
1788535380,196.39,196.55,196.34,196.52,1096
1788535440,196.52,196.52,196.39,196.43,742
1788535500,196.43,196.56,196.37,196.53,2722
1788535560,196.53,196.64,196.51,196.59,2030
1788535620,196.59,196.65,196.56,196.60,783
1788535680,196.60,196.71,196.54,196.67,1803
1788535740,196.67,196.86,196.63,196.80,220
1788535800,196.80,196.87,196.77,196.80,790
1788535860,196.80,196.94,196.75,196.87,1780
1788535920,196.87,196.95,196.81,196.87,1108
1788535980,196.87,196.98,196.84,196.91,2581
1788536040,196.91,196.92,196.75,196.76,2010
1788536100,196.76,196.92,196.74,196.86,232
1788536160,196.86,196.91,196.74,196.79,1256
1788536220,196.79,196.81,196.76,196.81,1244
1788536280,196.81,196.85,196.75,196.82,2804
1788536340,196.82,197.02,196.81,196.98,2313
1788536400,196.98,197.03,196.85,196.86,1703
1788536460,196.86,196.96,196.81,196.95,2537
1788536520,196.95,197.02,196.76,196.81,2352
1788536580,196.81,196.94,196.79,196.87,2112
1788536640,196.87,196.95,196.79,196.93,388
1788536700,196.93,196.95,196.84,196.84,1467
1788536760,196.84,196.88,196.77,196.85,602
1788536820,196.85,196.89,196.66,196.73,1609
1788536880,196.73,196.91,196.69,196.88,616
1788536940,196.88,196.97,196.86,196.92,603
1788537000,196.92,197.15,196.89,197.08,1847
1788537060,197.08,197.13,197.00,197.06,1980
1788537120,197.06,197.06,196.95,196.97,2175
1788537180,196.97,196.98,196.93,196.97,2719
1788537240,196.97,197.05,196.97,197.00,1080
1788537300,197.00,197.03,196.86,196.92,1698
1788537360,196.92,196.92,196.72,196.79,1117
1788537420,196.79,196.79,196.72,196.73,160
1788537480,196.73,196.95,196.72,196.89,1150
1788537540,196.89,197.03,196.89,197.00,2627
1788537600,197.00,197.09,196.92,197.07,279
1788537660,197.07,197.08,196.99,196.99,2667
1788537720,196.99,197.13,196.94,197.08,2775
1788537780,197.08,197.19,197.00,197.12,1647
1788537840,197.12,197.18,196.96,197.00,1163
1788537900,197.00,197.14,196.97,197.11,468
1788537960,197.11,197.28,197.05,197.26,2115
1788538020,197.26,197.41,197.25,197.40,563
1788538080,197.40,197.46,197.35,197.45,151
1788538140,197.45,197.50,197.41,197.44,2842
1788538200,197.44,197.51,197.24,197.29,1892
1788538260,197.29,197.30,197.25,197.28,149
1788538320,197.28,197.44,197.26,197.39,162
1788538380,197.39,197.57,197.39,197.52,1069
1788538440,197.52,197.70,197.51,197.63,85
1788538500,197.63,197.66,197.52,197.60,1800
1788538560,197.60,197.66,197.58,197.63,1389
1788538620,197.63,197.70,197.56,197.57,1419
1788538680,197.57,197.62,197.54,197.57,2682
1788538740,197.57,197.72,197.52,197.66,2425
1788538800,197.66,197.82,197.59,197.76,1061
1788538860,197.76,197.90,197.74,197.90,2925
1788538920,197.90,197.92,197.76,197.78,1796
1788538980,197.78,197.81,197.74,197.79,2091
1788539040,197.79,198.03,197.79,197.95,134
1788539100,197.95,198.15,197.89,198.07,2747
1788539160,198.07,198.13,198.03,198.07,999
1788539220,198.07,198.08,197.97,198.02,304
1788539280,198.02,198.04,197.90,197.92,2098
1788539340,197.92,197.97,197.86,197.91,1711
1788539400,197.91,197.93,197.77,197.80,2981
1788539460,197.80,197.91,197.73,197.87,524
1788539520,197.87,197.92,197.66,197.73,2326
1788539580,197.73,197.85,197.66,197.80,2465
1788539640,197.80,198.02,197.73,197.95,420
1788539700,197.95,198.03,197.89,197.94,2889
1788539760,197.94,198.03,197.91,198.02,695
1788539820,198.02,198.09,197.88,197.90,1156
1788539880,197.90,197.94,197.78,197.85,1749
1788539940,197.85,197.96,197.83,197.90,2971
1788540000,197.90,198.05,197.88,198.02,1984
1788540060,198.02,198.08,197.91,197.94,1531
1788540120,197.94,197.97,197.85,197.91,1593
1788540180,197.91,198.04,197.90,198.00,618
1788540240,198.00,198.08,197.98,198.05,1813
1788540300,198.05,198.11,197.91,197.92,574
1788540360,197.92,197.96,197.86,197.90,769
1788540420,197.90,198.02,197.89,197.99,719
1788540480,197.99,198.14,197.97,198.07,230
1788540540,198.07,198.13,198.01,198.13,2754
1788540600,198.13,198.28,198.06,198.21,2096
1788540660,198.21,198.27,198.05,198.10,2335
1788540720,198.10,198.15,197.99,198.06,798
1788540780,198.06,198.11,197.99,198.06,486
1788540840,198.06,198.07,197.99,198.01,2150
1788540900,198.01,198.02,197.91,197.97,151
1788540960,197.97,198.01,197.82,197.88,2718
1788541020,197.88,197.88,197.78,197.82,1950
1788541080,197.82,197.90,197.75,197.87,490
1788541140,197.87,198.02,197.87,197.99,2234
1788541200,197.99,198.18,197.92,198.13,319
1788541260,198.13,198.20,198.05,198.11,496
1788541320,198.11,198.26,198.05,198.25,1666
1788541380,198.25,198.34,198.21,198.34,1858
1788541440,198.34,198.40,198.21,198.25,1906
1788541500,198.25,198.45,198.21,198.39,1032
1788541560,198.39,198.41,198.24,198.29,407
1788541620,198.29,198.43,198.27,198.37,2893
1788541680,198.37,198.41,198.18,198.24,2065
1788541740,198.24,198.29,198.12,198.17,879
1788541800,198.17,198.30,198.09,198.25,546
1788541860,198.25,198.33,198.12,198.19,1975
1788541920,198.19,198.31,198.12,198.29,292
1788541980,198.29,198.45,198.23,198.42,670
1788542040,198.42,198.46,198.25,198.32,443
1788542100,198.32,198.37,198.24,198.27,576
1788542160,198.27,198.44,198.23,198.38,963
1788542220,198.38,198.45,198.26,198.29,1742
1788542280,198.29,198.31,198.12,198.19,948
1788542340,198.19,198.30,198.19,198.27,568
1788542400,198.27,198.34,198.22,198.25,1541
1788542460,198.25,198.37,198.24,198.36,1944
1788542520,198.36,198.47,198.32,198.42,2162
1788542580,198.42,198.53,198.35,198.49,380
1788542640,198.49,198.55,198.37,198.40,1679
1788542700,198.40,198.44,198.37,198.40,2759
1788542760,198.40,198.56,198.33,198.53,2098
1788542820,198.53,198.59,198.49,198.55,2592
1788542880,198.55,198.62,198.49,198.56,1223
1788542940,198.56,198.63,198.47,198.50,2007
1788543000,198.50,198.63,198.45,198.56,1909
1788543060,198.56,198.61,198.45,198.52,2126
1788543120,198.52,198.58,198.44,198.45,2894
1788543180,198.45,198.49,198.25,198.30,2640
1788543240,198.30,198.33,198.25,198.30,1374
1788543300,198.30,198.33,198.23,198.24,499
1788543360,198.24,198.29,198.10,198.12,2825
1788543420,198.12,198.25,198.06,198.21,982
1788543480,198.21,198.26,198.12,198.19,1986
1788543540,198.19,198.38,198.15,198.32,772
1788543600,198.32,198.34,198.29,198.32,2301
1788543660,198.32,198.36,198.23,198.30,206
1788543720,198.30,198.37,198.10,198.17,2693
1788543780,198.17,198.24,198.07,198.10,975
1788543840,198.10,198.22,198.06,198.18,2231
1788543900,198.18,198.25,198.10,198.17,2151
1788543960,198.17,198.38,198.13,198.32,1071
1788544020,198.32,198.36,198.24,198.36,2094
1788544080,198.36,198.51,198.28,198.48,327
1788544140,198.48,198.65,198.42,198.62,1881
1788544200,198.62,198.72,198.55,198.71,2843
1788544260,198.71,198.83,198.71,198.76,1570
1788544320,198.76,198.80,198.62,198.69,1246
1788544380,198.69,198.75,198.57,198.63,1701
1788544440,198.63,198.69,198.50,198.56,1961
1788544500,198.56,198.75,198.52,198.71,222
1788544560,198.71,198.85,198.71,198.83,2710
1788544620,198.83,199.00,198.80,198.98,1210
1788544680,198.98,199.14,198.90,199.07,939
1788544740,199.07,199.15,198.93,198.94,212
1788752700,198.94,199.02,198.93,199.02,215
1788752760,199.02,199.07,198.87,198.90,242
1788752820,198.90,198.96,198.83,198.93,680
1788752880,198.93,198.96,198.88,198.95,830
1788752940,198.95,199.08,198.94,199.02,1363
1788753000,199.02,199.16,198.98,199.15,2993
1788753060,199.15,199.19,199.00,199.05,1256
1788753120,199.05,199.20,199.01,199.16,882
1788753180,199.16,199.28,199.09,199.22,2809
1788753240,199.22,199.25,199.13,199.21,876
1788753300,199.21,199.39,199.18,199.31,1706
1788753360,199.31,199.32,199.23,199.30,2057
1788753420,199.30,199.36,199.17,199.22,851
1788753480,199.22,199.40,199.21,199.35,1819
1788753540,199.35,199.36,199.27,199.34,1741
1788753600,199.34,199.56,199.32,199.48,276
1788753660,199.48,199.65,199.44,199.61,2421
1788753720,199.61,199.67,199.44,199.51,945
1788753780,199.51,199.69,199.46,199.62,2759
1788753840,199.62,199.80,199.58,199.72,88
1788753900,199.72,199.86,199.71,199.78,471
1788753960,199.78,199.93,199.75,199.91,173
1788754020,199.91,199.97,199.87,199.94,1165
1788754080,199.94,199.98,199.91,199.95,2477
1788754140,199.95,200.05,199.90,200.03,2718
1788754200,200.03,200.07,199.99,200.07,1531
1788754260,200.07,200.22,200.04,200.20,257
1788754320,200.20,200.38,200.14,200.36,1424
1788754380,200.36,200.44,200.29,200.37,2906
1788754440,200.37,200.48,200.36,200.47,2097
1788754500,200.47,200.51,200.34,200.36,2582
1788754560,200.36,200.40,200.23,200.29,1405
1788754620,200.29,200.36,200.27,200.28,1704
1788754680,200.28,200.33,200.20,200.23,1924
1788754740,200.23,200.28,200.20,200.22,1788
1788754800,200.22,200.35,200.22,200.32,977
1788754860,200.32,200.33,200.25,200.33,1938
1788754920,200.33,200.36,200.33,200.33,1986
1788754980,200.33,200.41,200.13,200.19,337
1788755040,200.19,200.34,200.17,200.29,1345
1788755100,200.29,200.38,200.24,200.30,548
1788755160,200.30,200.32,200.16,200.17,2653
1788755220,200.17,200.19,200.12,200.16,421
1788755280,200.16,200.32,200.09,200.27,2487
1788755340,200.27,200.34,200.23,200.26,785
1788755400,200.26,200.30,200.18,200.29,293
1788755460,200.29,200.43,200.25,200.39,1185
1788755520,200.39,200.54,200.32,200.52,2414
1788755580,200.52,200.59,200.49,200.50,2465
1788755640,200.50,200.64,200.48,200.57,917
1788755700,200.57,200.78,200.56,200.70,735
1788755760,200.70,200.89,200.63,200.82,1434
1788755820,200.82,200.89,200.63,200.68,2669
1788755880,200.68,200.76,200.55,200.62,1097
1788755940,200.62,200.82,200.59,200.78,1675
1788756000,200.78,200.92,200.70,200.86,512
1788756060,200.86,200.92,200.78,200.84,2981
1788756120,200.84,200.86,200.83,200.85,1704
1788756180,200.85,200.91,200.82,200.91,1859
1788756240,200.91,201.13,200.89,201.07,2713
1788756300,201.07,201.13,201.04,201.13,2887
1788756360,201.13,201.27,201.09,201.19,1329
1788756420,201.19,201.41,201.12,201.35,633
1788756480,201.35,201.42,201.30,201.36,487
1788756540,201.36,201.52,201.30,201.52,496
1788756600,201.52,201.59,201.35,201.43,2893
1788756660,201.43,201.55,201.41,201.54,856
1788756720,201.54,201.61,201.51,201.59,824
1788756780,201.59,201.63,201.46,201.53,2131
1788756840,201.53,201.53,201.46,201.50,1503
1788756900,201.50,201.52,201.42,201.42,2380
1788756960,201.42,201.49,201.35,201.35,2977
1788757020,201.35,201.37,201.30,201.35,2878
1788757080,201.35,201.50,201.29,201.49,2530
1788757140,201.49,201.52,201.35,201.36,1750
1788757200,201.36,201.46,201.30,201.44,2205
1788757260,201.44,201.48,201.33,201.40,186
1788757320,201.40,201.58,201.34,201.51,2836
1788757380,201.51,201.54,201.44,201.52,2814
1788757440,201.52,201.64,201.46,201.63,2739
1788757500,201.63,201.65,201.43,201.49,1276
1788757560,201.49,201.56,201.46,201.53,760
1788757620,201.53,201.62,201.48,201.62,152
1788757680,201.62,201.82,201.56,201.75,94
1788757740,201.75,201.77,201.70,201.74,2146
1788757800,201.74,201.82,201.58,201.59,1892
1788757860,201.59,201.65,201.55,201.59,1901
1788757920,201.59,201.65,201.48,201.48,2730
1788757980,201.48,201.56,201.44,201.54,1577
1788758040,201.54,201.57,201.51,201.52,2793
1788758100,201.52,201.57,201.42,201.44,2405
1788758160,201.44,201.50,201.35,201.35,1833
1788758220,201.35,201.44,201.31,201.37,1612
1788758280,201.37,201.53,201.30,201.45,178
1788758340,201.45,201.46,201.23,201.31,2743
1788758400,201.31,201.53,201.30,201.47,2992
1788758460,201.47,201.53,201.28,201.31,2000
1788758520,201.31,201.33,201.23,201.28,270
1788758580,201.28,201.32,201.14,201.18,1128
1788758640,201.18,201.28,201.15,201.25,2298
1788758700,201.25,201.37,201.24,201.30,740
1788758760,201.30,201.34,201.23,201.24,2080
1788758820,201.24,201.28,201.15,201.19,792
1788758880,201.19,201.21,201.10,201.18,1619
1788758940,201.18,201.22,201.12,201.20,1521
1788759000,201.20,201.23,201.14,201.16,949
1788759060,201.16,201.19,201.07,201.10,672
1788759120,201.10,201.15,201.07,201.11,2039
1788759180,201.11,201.21,201.09,201.20,498
1788759240,201.20,201.31,201.14,201.24,1571
1788759300,201.24,201.31,201.21,201.26,2681
1788759360,201.26,201.38,201.21,201.35,2860
1788759420,201.35,201.45,201.28,201.37,1330
1788759480,201.37,201.47,201.34,201.40,773
1788759540,201.40,201.50,201.33,201.44,2671
1788759600,201.44,201.52,201.31,201.32,2425
1788759660,201.32,201.38,201.18,201.22,815
1788759720,201.22,201.42,201.15,201.36,2076
1788759780,201.36,201.41,201.28,201.39,2041
1788759840,201.39,201.42,201.21,201.25,2909
1788759900,201.25,201.37,201.20,201.34,1693
1788759960,201.34,201.48,201.33,201.41,2600
1788760020,201.41,201.50,201.37,201.50,2540
1788760080,201.50,201.72,201.47,201.65,1711
1788760140,201.65,201.69,201.59,201.65,2916
1788760200,201.65,201.80,201.65,201.77,2319
1788760260,201.77,201.78,201.55,201.62,934
1788760320,201.62,201.83,201.61,201.77,878
1788760380,201.77,201.85,201.68,201.69,2157
1788760440,201.69,201.74,201.63,201.64,856
1788760500,201.64,201.76,201.60,201.71,2727
1788760560,201.71,201.72,201.57,201.63,2285
1788760620,201.63,201.79,201.62,201.76,1655
1788760680,201.76,201.85,201.75,201.80,1213
1788760740,201.80,201.87,201.73,201.77,1786
1788760800,201.77,201.83,201.55,201.62,136
1788760860,201.62,201.76,201.57,201.74,2976
1788760920,201.74,201.86,201.72,201.81,2597
1788760980,201.81,201.85,201.77,201.79,753
1788761040,201.79,201.93,201.75,201.92,2900
1788761100,201.92,201.93,201.86,201.89,1655
1788761160,201.89,201.96,201.84,201.91,2044
1788761220,201.91,202.08,201.88,202.02,1380
1788761280,202.02,202.06,201.88,201.90,2716
1788761340,201.90,202.01,201.90,201.97,2974
1788761400,201.97,202.03,201.96,201.96,677
1788761460,201.96,201.99,201.85,201.86,491
1788761520,201.86,201.93,201.76,201.80,902
1788761580,201.80,201.84,201.74,201.76,2805
1788761640,201.76,201.79,201.69,201.73,684
1788761700,201.73,201.83,201.72,201.76,2920
1788761760,201.76,201.82,201.66,201.72,2796
1788761820,201.72,201.75,201.59,201.63,1288
1788761880,201.63,201.67,201.45,201.49,1916
1788761940,201.49,201.51,201.32,201.35,732
1788762000,201.35,201.40,201.32,201.36,2907
1788762060,201.36,201.36,201.26,201.27,1666
1788762120,201.27,201.29,201.17,201.21,991
1788762180,201.21,201.44,201.18,201.37,1631
1788762240,201.37,201.42,201.30,201.41,1167
1788762300,201.41,201.44,201.33,201.43,2782
1788762360,201.43,201.44,201.36,201.38,2516
1788762420,201.38,201.43,201.17,201.24,599
1788762480,201.24,201.42,201.18,201.40,211
1788762540,201.40,201.43,201.34,201.42,1017
1788762600,201.42,201.51,201.37,201.49,2728
1788762660,201.49,201.63,201.46,201.61,663
1788762720,201.61,201.69,201.49,201.49,2864
1788762780,201.49,201.49,201.39,201.44,1057
1788762840,201.44,201.51,201.39,201.47,406
1788762900,201.47,201.59,201.43,201.57,2184
1788762960,201.57,201.60,201.52,201.55,2237
1788763020,201.55,201.58,201.36,201.44,1279
1788763080,201.44,201.48,201.33,201.39,1083
1788763140,201.39,201.41,201.38,201.41,372
1788763200,201.41,201.47,201.35,201.47,309
1788763260,201.47,201.57,201.40,201.49,2981
1788763320,201.49,201.55,201.45,201.52,309
1788763380,201.52,201.59,201.48,201.54,1347
1788763440,201.54,201.68,201.50,201.61,1573
1788763500,201.61,201.80,201.61,201.74,2301
1788763560,201.74,201.95,201.69,201.90,2458
1788763620,201.90,201.93,201.79,201.85,1712
1788763680,201.85,201.89,201.78,201.82,2289
1788763740,201.82,201.87,201.81,201.84,1444
1788763800,201.84,201.87,201.83,201.84,2408
1788763860,201.84,202.04,201.77,201.97,2079
1788763920,201.97,202.15,201.92,202.13,1923
1788763980,202.13,202.19,202.11,202.14,2901
1788764040,202.14,202.38,202.13,202.30,2772
1788764100,202.30,202.30,202.19,202.24,806
1788764160,202.24,202.33,202.18,202.26,99
1788764220,202.26,202.32,202.09,202.16,967
1788764280,202.16,202.24,202.16,202.24,1731
1788764340,202.24,202.27,202.17,202.25,262
1788764400,202.25,202.41,202.18,202.33,263
1788764460,202.33,202.40,202.33,202.39,2463
1788764520,202.39,202.43,202.28,202.34,1756
1788764580,202.34,202.36,202.27,202.28,1416
1788764640,202.28,202.40,202.26,202.33,2975
1788764700,202.33,202.40,202.20,202.24,670
1788764760,202.24,202.27,202.12,202.19,1554
1788764820,202.19,202.26,202.15,202.21,2158
1788764880,202.21,202.21,202.07,202.08,1149
1788764940,202.08,202.13,201.94,201.99,1217
1788765000,201.99,202.18,201.93,202.11,2057
1788765060,202.11,202.30,202.11,202.27,1421
1788765120,202.27,202.44,202.20,202.39,1866
1788765180,202.39,202.46,202.17,202.24,2673
1788765240,202.24,202.29,202.16,202.22,1123
1788765300,202.22,202.26,202.12,202.14,2050
1788765360,202.14,202.15,201.96,202.00,796
1788765420,202.00,202.06,201.85,201.87,197
1788765480,201.87,201.94,201.81,201.82,947
1788765540,201.82,201.89,201.69,201.71,87
1788765600,201.71,201.75,201.60,201.65,2913
1788765660,201.65,201.80,201.59,201.73,648
1788765720,201.73,201.75,201.55,201.63,1769
1788765780,201.63,201.77,201.62,201.75,1077
1788765840,201.75,201.79,201.70,201.79,2769
1788765900,201.79,201.96,201.76,201.90,269
1788765960,201.90,201.97,201.82,201.84,539
1788766020,201.84,201.98,201.78,201.93,1808
1788766080,201.93,201.99,201.90,201.90,2432
1788766140,201.90,202.05,201.82,202.02,727
1788766200,202.02,202.04,201.97,201.98,2393
1788766260,201.98,202.15,201.97,202.09,443
1788766320,202.09,202.22,202.03,202.16,449
1788766380,202.16,202.18,202.06,202.07,1643
1788766440,202.07,202.12,201.88,201.93,2577
1788766500,201.93,201.99,201.89,201.95,1788
1788766560,201.95,202.00,201.94,201.97,494
1788766620,201.97,202.00,201.82,201.86,915
1788766680,201.86,201.89,201.68,201.72,1644
1788766740,201.72,201.83,201.70,201.78,1873
1788766800,201.78,201.85,201.74,201.84,2950
1788766860,201.84,202.02,201.81,201.97,356
1788766920,201.97,202.03,201.91,201.99,933
1788766980,201.99,202.05,201.94,202.04,2514
1788767040,202.04,202.20,202.02,202.16,1504
1788767100,202.16,202.16,202.08,202.16,1132
1788767160,202.16,202.19,202.09,202.10,2439
1788767220,202.10,202.23,202.03,202.18,1452
1788767280,202.18,202.18,202.12,202.13,1250
1788767340,202.13,202.17,201.94,202.00,2875
1788767400,202.00,202.16,201.95,202.15,1900
1788767460,202.15,202.19,202.10,202.18,2906
1788767520,202.18,202.31,202.12,202.25,560
1788767580,202.25,202.31,202.19,202.20,1994
1788767640,202.20,202.21,202.03,202.09,1439
1788767700,202.09,202.15,202.06,202.10,2705
1788767760,202.10,202.17,202.02,202.15,1786
1788767820,202.15,202.31,202.09,202.29,1187
1788767880,202.29,202.41,202.25,202.39,1284
1788767940,202.39,202.42,202.31,202.37,414
1788768000,202.37,202.47,202.36,202.46,131
1788768060,202.46,202.67,202.45,202.61,1828
1788768120,202.61,202.79,202.59,202.75,2935
1788768180,202.75,202.86,202.72,202.84,1165
1788768240,202.84,202.98,202.76,202.92,1000
1788768300,202.92,202.93,202.83,202.83,1354
1788768360,202.83,203.00,202.80,202.98,247
1788768420,202.98,203.04,202.87,202.89,2398
1788768480,202.89,202.94,202.78,202.84,1311
1788768540,202.84,202.87,202.76,202.84,2883
1788768600,202.84,202.87,202.68,202.73,1285
1788768660,202.73,202.79,202.53,202.58,1656
1788768720,202.58,202.71,202.52,202.70,2134
1788768780,202.70,202.74,202.60,202.67,2086
1788768840,202.67,202.72,202.52,202.53,1934
1788768900,202.53,202.53,202.44,202.47,730
1788768960,202.47,202.51,202.35,202.40,690
1788769020,202.40,202.41,202.33,202.41,1189
1788769080,202.41,202.50,202.40,202.50,2595
1788769140,202.50,202.55,202.44,202.47,549
1788769200,202.47,202.61,202.45,202.54,191
1788769260,202.54,202.58,202.35,202.38,2605
1788769320,202.38,202.43,202.35,202.43,2510
1788769380,202.43,202.46,202.31,202.36,292
1788769440,202.36,202.54,202.35,202.51,1721
1788769500,202.51,202.54,202.39,202.39,2558
1788769560,202.39,202.42,202.24,202.32,1148
1788769620,202.32,202.32,202.23,202.25,1351
1788769680,202.25,202.32,202.09,202.17,1424
1788769740,202.17,202.32,202.15,202.29,2212
1788769800,202.29,202.35,202.10,202.15,1515
1788769860,202.15,202.20,202.14,202.20,1355
1788769920,202.20,202.21,202.09,202.16,2944
1788769980,202.16,202.23,202.15,202.15,960
1788770040,202.15,202.29,202.09,202.26,2082
1788770100,202.26,202.29,202.21,202.29,1858
1788770160,202.29,202.44,202.24,202.37,1094
1788770220,202.37,202.39,202.31,202.33,1838
1788770280,202.33,202.36,202.20,202.24,1031
1788770340,202.24,202.39,202.22,202.35,660
1788770400,202.35,202.39,202.25,202.25,568
1788770460,202.25,202.27,202.06,202.14,1165
1788770520,202.14,202.31,202.09,202.26,1465
1788770580,202.26,202.33,202.25,202.29,70
1788770640,202.29,202.37,202.14,202.20,2144
1788770700,202.20,202.26,202.18,202.19,558
1788770760,202.19,202.33,202.13,202.31,204
1788770820,202.31,202.37,202.22,202.26,927
1788770880,202.26,202.31,202.11,202.15,283
1788770940,202.15,202.18,201.96,202.00,1352
1788771000,202.00,202.17,201.96,202.15,2245
1788771060,202.15,202.23,202.15,202.17,1991
1788771120,202.17,202.21,202.09,202.10,2645
1788771180,202.10,202.23,202.04,202.19,1267
1788771240,202.19,202.26,202.14,202.17,2515
1788771300,202.17,202.25,202.17,202.18,492
1788771360,202.18,202.21,202.04,202.07,2973
1788771420,202.07,202.08,201.84,201.92,2361
1788771480,201.92,201.95,201.86,201.92,732
1788771540,201.92,201.95,201.80,201.85,354
1788771600,201.85,201.86,201.72,201.78,2462
1788771660,201.78,201.86,201.74,201.81,1953
1788771720,201.81,201.93,201.76,201.92,596
1788771780,201.92,201.97,201.73,201.80,153
1788771840,201.80,201.83,201.65,201.70,626
1788771900,201.70,201.70,201.63,201.68,646
1788771960,201.68,201.72,201.65,201.69,1407
1788772020,201.69,201.81,201.68,201.77,393
1788772080,201.77,201.79,201.63,201.68,1207
1788772140,201.68,201.70,201.52,201.57,1676
1788772200,201.57,201.74,201.56,201.68,2839
1788772260,201.68,201.74,201.60,201.66,2500
1788772320,201.66,201.72,201.63,201.63,2815
1788772380,201.63,201.74,201.58,201.71,679
1788772440,201.71,201.77,201.69,201.72,725
1788772500,201.72,201.73,201.55,201.62,949
1788772560,201.62,201.81,201.54,201.77,2673
1788772620,201.77,201.81,201.56,201.63,2852
1788772680,201.63,201.72,201.60,201.72,2239
1788772740,201.72,201.90,201.66,201.85,2223
1788772800,201.85,201.96,201.84,201.91,130
1788772860,201.91,201.93,201.87,201.90,2342
1788772920,201.90,201.95,201.83,201.92,1693
1788772980,201.92,202.10,201.89,202.07,2275
1788773040,202.07,202.24,201.99,202.17,2719
1788773100,202.17,202.34,202.11,202.28,2577
1788773160,202.28,202.40,202.27,202.39,2081
1788773220,202.39,202.47,202.22,202.25,2491
1788773280,202.25,202.39,202.20,202.35,1864
1788773340,202.35,202.58,202.28,202.51,2301
1788773400,202.51,202.53,202.37,202.40,2132
1788773460,202.40,202.48,202.40,202.45,1312
1788773520,202.45,202.56,202.37,202.51,111
1788773580,202.51,202.65,202.44,202.58,2628
1788773640,202.58,202.71,202.56,202.69,1122
1788773700,202.69,202.75,202.48,202.54,1826
1788773760,202.54,202.54,202.33,202.39,1216
1788773820,202.39,202.55,202.33,202.49,2760
1788773880,202.49,202.51,202.28,202.34,1892
1788773940,202.34,202.34,202.30,202.32,1473
1788774000,202.32,202.38,202.19,202.19,1345
1788774060,202.19,202.38,202.18,202.35,2816
1788774120,202.35,202.46,202.29,202.40,2346
1788774180,202.40,202.50,202.34,202.46,1348
1788774240,202.46,202.52,202.41,202.46,1768
1788774300,202.46,202.54,202.41,202.49,2816
1788774360,202.49,202.61,202.41,202.61,1420
1788774420,202.61,202.63,202.44,202.48,2277
1788774480,202.48,202.54,202.30,202.32,905
1788774540,202.32,202.41,202.27,202.39,2170
1788774600,202.39,202.60,202.33,202.53,325
1788774660,202.53,202.76,202.51,202.68,1669
1788774720,202.68,202.71,202.67,202.68,2080
1788774780,202.68,202.73,202.58,202.65,1482
1788774840,202.65,202.66,202.47,202.52,2836
1788774900,202.52,202.57,202.39,202.46,1059
1788774960,202.46,202.46,202.32,202.38,2834
1788775020,202.38,202.42,202.23,202.29,643
1788775080,202.29,202.37,202.12,202.17,2344
1788775140,202.17,202.33,202.09,202.29,2640
1788775200,202.29,202.43,202.21,202.39,2331
1788775260,202.39,202.45,202.25,202.28,1141
1788775320,202.28,202.45,202.26,202.39,1883
1788775380,202.39,202.51,202.36,202.46,780
1788775440,202.46,202.65,202.39,202.62,2690
1788775500,202.62,202.65,202.50,202.53,183
1788775560,202.53,202.64,202.48,202.56,1300
1788775620,202.56,202.73,202.51,202.72,1637
1788775680,202.72,202.78,202.58,202.59,2600
1788775740,202.59,202.67,202.57,202.66,1547
1788775800,202.66,202.75,202.65,202.72,1305
1788775860,202.72,202.73,202.60,202.64,1381
1788775920,202.64,202.69,202.58,202.66,1313
1788775980,202.66,202.74,202.61,202.73,1442
1788776040,202.73,202.81,202.59,202.61,645
1788776100,202.61,202.69,202.48,202.51,2159
1788776160,202.51,202.56,202.36,202.40,2994
1788776220,202.40,202.45,202.36,202.41,2742
1788776280,202.41,202.44,202.30,202.32,2403
1788776340,202.32,202.39,202.17,202.23,1377
1788776400,202.23,202.24,202.15,202.22,1696
1788776460,202.22,202.24,202.09,202.16,2918
1788776520,202.16,202.22,201.95,202.01,2318
1788776580,202.01,202.21,201.98,202.13,2183
1788776640,202.13,202.16,201.95,201.97,1778
1788776700,201.97,202.04,201.89,202.00,79
1788776760,202.00,202.19,201.98,202.12,1173
1788776820,202.12,202.32,202.10,202.25,611
1788776880,202.25,202.31,202.07,202.13,281
1788776940,202.13,202.20,201.97,202.00,2810
1788777000,202.00,202.16,201.92,202.11,2480
1788777060,202.11,202.27,202.11,202.21,724
1788777120,202.21,202.25,202.00,202.06,2398
1788777180,202.06,202.13,201.99,202.11,2817
1788777240,202.11,202.18,201.95,202.01,1300
1788777300,202.01,202.05,201.84,201.85,497
1788777360,201.85,201.90,201.78,201.83,410
1788777420,201.83,201.85,201.70,201.75,540
1788777480,201.75,201.94,201.69,201.91,60
1788777540,201.91,201.93,201.89,201.92,297
1788777600,201.92,202.12,201.89,202.04,1171
1788777660,202.04,202.08,201.87,201.91,2757
1788777720,201.91,202.11,201.84,202.04,684
1788777780,202.04,202.12,201.85,201.93,1204
1788777840,201.93,202.00,201.90,201.93,686
1788777900,201.93,202.00,201.74,201.82,2319
1788777960,201.82,201.99,201.76,201.94,904
1788778020,201.94,202.01,201.90,201.93,223
1788778080,201.93,202.03,201.88,201.98,131
1788778140,201.98,202.04,201.84,201.85,2803
1788778200,201.85,201.91,201.68,201.70,1269
1788778260,201.70,201.73,201.65,201.65,102
1788778320,201.65,201.68,201.59,201.63,2157
1788778380,201.63,201.70,201.55,201.70,2766
1788778440,201.70,201.91,201.66,201.86,1413
1788778500,201.86,201.94,201.82,201.92,74
1788778560,201.92,201.99,201.85,201.90,1634
1788778620,201.90,201.97,201.84,201.87,2318
1788778680,201.87,202.00,201.85,201.96,1293
1788778740,201.96,202.07,201.92,202.02,1295
1788778800,202.02,202.12,201.95,202.06,354
1788778860,202.06,202.12,201.98,202.01,1892
1788778920,202.01,202.12,202.01,202.07,1449
1788778980,202.07,202.12,201.95,201.97,2251
1788779040,201.97,201.99,201.82,201.90,1487
1788779100,201.90,202.06,201.85,202.02,1551
1788779160,202.02,202.08,201.80,201.88,717
1788779220,201.88,202.02,201.86,201.98,1235
1788779280,201.98,201.99,201.81,201.88,2704
1788779340,201.88,201.91,201.80,201.85,2191
1788779400,201.85,201.93,201.78,201.85,2232
1788779460,201.85,202.04,201.80,201.97,491
1788779520,201.97,202.01,201.88,201.89,1340
1788779580,201.89,202.00,201.84,201.92,411
1788779640,201.92,201.95,201.82,201.82,1800
1788779700,201.82,201.91,201.75,201.90,484
1788779760,201.90,201.95,201.86,201.88,288
1788779820,201.88,201.99,201.85,201.96,2742
1788779880,201.96,202.01,201.88,201.99,2692
1788779940,201.99,202.10,201.94,202.03,639
1788780000,202.03,202.10,201.93,201.93,1083
1788780060,201.93,202.00,201.82,201.89,698
1788780120,201.89,201.97,201.83,201.91,116
1788780180,201.91,201.92,201.77,201.85,1118
1788780240,201.85,201.91,201.71,201.74,685
1788780300,201.74,201.80,201.71,201.76,2623
1788780360,201.76,201.78,201.57,201.64,973
1788780420,201.64,201.84,201.60,201.79,887
1788780480,201.79,201.93,201.76,201.86,2754
1788780540,201.86,201.90,201.68,201.74,1840
1788780600,201.74,201.86,201.70,201.85,79
1788780660,201.85,201.92,201.80,201.89,1544
1788780720,201.89,201.94,201.76,201.82,2676
1788780780,201.82,201.88,201.77,201.84,2018
1788780840,201.84,201.85,201.79,201.81,404
1788780900,201.81,202.00,201.79,201.96,2582
1788780960,201.96,202.00,201.86,201.88,1320
1788781020,201.88,201.94,201.86,201.93,2030
1788781080,201.93,202.14,201.90,202.08,1365
1788781140,202.08,202.26,202.06,202.23,2310
1788781200,202.23,202.30,202.23,202.27,985
1788781260,202.27,202.46,202.21,202.41,883
1788781320,202.41,202.47,202.28,202.32,2996
1788781380,202.32,202.37,202.18,202.23,995
1788781440,202.23,202.40,202.17,202.34,527
1788781500,202.34,202.36,202.12,202.19,619
1788781560,202.19,202.20,202.08,202.16,2510
1788781620,202.16,202.18,201.96,202.02,90
1788781680,202.02,202.18,201.98,202.14,1791
1788781740,202.14,202.22,202.05,202.13,1837
1788781800,202.13,202.21,202.11,202.21,2673
1788781860,202.21,202.26,202.17,202.24,865
1788781920,202.24,202.25,202.05,202.10,837
1788781980,202.10,202.15,202.04,202.14,1327
1788782040,202.14,202.21,202.07,202.14,2501
1788782100,202.14,202.27,202.12,202.20,2926
1788782160,202.20,202.24,202.05,202.06,2213
1788782220,202.06,202.07,201.89,201.96,2609
1788782280,201.96,202.05,201.92,202.04,66
1788782340,202.04,202.27,201.99,202.19,535
1788782400,202.19,202.29,202.13,202.24,2929
1788782460,202.24,202.31,202.21,202.27,2342
1788782520,202.27,202.36,202.26,202.35,1878
1788782580,202.35,202.36,202.12,202.20,2487
1788782640,202.20,202.32,202.13,202.30,276
1788782700,202.30,202.36,202.17,202.18,2961
1788782760,202.18,202.24,202.05,202.09,1323
1788782820,202.09,202.20,202.05,202.14,1592
1788782880,202.14,202.20,202.03,202.05,2983
1788782940,202.05,202.07,201.90,201.93,1818
1788783000,201.93,201.96,201.72,201.80,350
1788783060,201.80,201.98,201.73,201.96,1931
1788783120,201.96,202.01,201.86,201.88,2095
1788783180,201.88,201.92,201.76,201.76,2738
1788783240,201.76,201.84,201.70,201.78,2512
1788783300,201.78,202.00,201.77,201.92,90
1788783360,201.92,202.00,201.89,201.95,878
1788783420,201.95,202.17,201.89,202.09,1597
1788783480,202.09,202.24,202.01,202.22,2289
1788783540,202.22,202.30,202.22,202.30,2940
1788783600,202.30,202.51,202.28,202.44,176
1788783660,202.44,202.51,202.41,202.45,2055
1788783720,202.45,202.54,202.42,202.52,1024
1788783780,202.52,202.56,202.47,202.52,400
1788783840,202.52,202.60,202.40,202.44,1234
1788783900,202.44,202.59,202.38,202.55,930
1788783960,202.55,202.75,202.48,202.69,2649
1788784020,202.69,202.73,202.68,202.71,1690
1788784080,202.71,202.86,202.64,202.80,179
1788784140,202.80,202.91,202.76,202.90,2410
1788784200,202.90,202.96,202.75,202.80,1887
1788784260,202.80,202.84,202.80,202.81,1030
1788784320,202.81,202.91,202.77,202.84,2291
1788784380,202.84,202.89,202.83,202.84,1149
1788784440,202.84,202.91,202.72,202.73,2459
1788784500,202.73,202.93,202.72,202.89,1232
1788784560,202.89,202.96,202.73,202.77,2169
1788784620,202.77,202.87,202.74,202.82,492
1788784680,202.82,202.88,202.79,202.81,415
1788784740,202.81,202.98,202.75,202.97,1615
1788784800,202.97,203.07,202.94,203.03,2091
1788784860,203.03,203.15,203.02,203.12,542
1788784920,203.12,203.21,203.05,203.17,2676
1788784980,203.17,203.38,203.10,203.32,2004
1788785040,203.32,203.36,203.28,203.35,1935
1788785100,203.35,203.48,203.29,203.46,2826
1788785160,203.46,203.50,203.44,203.47,2337
1788785220,203.47,203.47,203.41,203.44,197
1788785280,203.44,203.49,203.31,203.32,1492
1788785340,203.32,203.35,203.18,203.23,2089
1788785400,203.23,203.36,203.22,203.33,348
1788785460,203.33,203.45,203.31,203.41,2370
1788785520,203.41,203.59,203.37,203.54,2370
1788785580,203.54,203.58,203.48,203.57,1125
1788785640,203.57,203.70,203.56,203.67,1186
1788785700,203.67,203.69,203.49,203.55,1893
1788785760,203.55,203.62,203.37,203.43,1043
1788785820,203.43,203.48,203.39,203.45,540
1788785880,203.45,203.54,203.38,203.47,1340
1788785940,203.47,203.52,203.37,203.39,297
1788786000,203.39,203.43,203.22,203.29,2485
1788786060,203.29,203.34,203.25,203.29,2879
1788786120,203.29,203.48,203.23,203.42,2517
1788786180,203.42,203.44,203.30,203.35,1584
1788786240,203.35,203.43,203.27,203.39,2707
1788786300,203.39,203.52,203.37,203.45,1662
1788786360,203.45,203.48,203.31,203.33,2318
1788786420,203.33,203.35,203.26,203.27,622
1788786480,203.27,203.28,203.15,203.17,1906
1788786540,203.17,203.25,203.13,203.14,1573
1788786600,203.14,203.21,203.07,203.11,2286
1788786660,203.11,203.21,203.04,203.16,930
1788786720,203.16,203.19,203.02,203.09,2341
1788786780,203.09,203.15,203.06,203.13,940
1788786840,203.13,203.16,202.99,203.05,418
1788786900,203.05,203.11,202.96,203.01,1903
1788786960,203.01,203.10,202.96,203.06,606
1788787020,203.06,203.14,202.90,202.91,1970
1788787080,202.91,202.95,202.81,202.85,2516
1788787140,202.85,202.89,202.76,202.83,1472
1788787200,202.83,202.91,202.78,202.82,73
1788787260,202.82,202.85,202.75,202.80,2610
1788787320,202.80,202.92,202.77,202.85,224
1788787380,202.85,202.85,202.76,202.77,2087
1788787440,202.77,202.84,202.66,202.67,438
1788787500,202.67,202.88,202.65,202.82,1019
1788787560,202.82,202.83,202.68,202.72,564
1788787620,202.72,202.86,202.65,202.81,2305
1788787680,202.81,202.83,202.74,202.79,1341
1788787740,202.79,202.84,202.67,202.69,897
1788787800,202.69,202.90,202.65,202.84,423
1788787860,202.84,202.86,202.81,202.86,943
1788787920,202.86,202.93,202.75,202.80,1883
1788787980,202.80,202.86,202.72,202.76,2267
1788788040,202.76,202.83,202.69,202.82,807
1788788100,202.82,202.98,202.81,202.95,255
1788788160,202.95,203.00,202.75,202.80,2980
1788788220,202.80,202.86,202.72,202.76,1671
1788788280,202.76,202.87,202.74,202.80,496
1788788340,202.80,202.81,202.64,202.70,432
1788788400,202.70,202.80,202.63,202.79,2850
1788788460,202.79,202.95,202.76,202.93,1993
1788788520,202.93,203.07,202.87,203.00,55
1788788580,203.00,203.19,202.97,203.11,1657
1788788640,203.11,203.22,203.10,203.18,2840
1788788700,203.18,203.21,203.08,203.16,1854
1788788760,203.16,203.17,203.11,203.11,1679
1788788820,203.11,203.17,203.06,203.14,1654
1788788880,203.14,203.20,203.07,203.11,2226
1788788940,203.11,203.13,203.10,203.12,2386
1788789000,203.12,203.20,203.01,203.03,1346
1788789060,203.03,203.22,202.97,203.18,2073
1788789120,203.18,203.23,203.12,203.16,2156
1788789180,203.16,203.23,202.96,203.02,1047
1788789240,203.02,203.04,202.88,202.93,2499
1788789300,202.93,203.00,202.84,202.85,1027
1788789360,202.85,202.87,202.75,202.80,426
1788789420,202.80,202.85,202.78,202.78,1741
1788789480,202.78,202.80,202.67,202.73,1433
1788789540,202.73,202.77,202.57,202.62,2450
1788789600,202.62,202.65,202.57,202.58,2807
1788789660,202.58,202.80,202.54,202.73,1766
1788789720,202.73,202.90,202.69,202.89,881
1788789780,202.89,202.92,202.85,202.90,1194
1788789840,202.90,203.11,202.89,203.03,2193
1788789900,203.03,203.22,203.01,203.17,2355
1788789960,203.17,203.29,203.14,203.22,2276
1788790020,203.22,203.24,203.07,203.09,2095
1788790080,203.09,203.19,203.05,203.12,2795
1788790140,203.12,203.20,203.09,203.19,1456
1788790200,203.19,203.27,203.18,203.27,889
1788790260,203.27,203.33,203.14,203.15,115
1788790320,203.15,203.26,203.10,203.23,606
1788790380,203.23,203.31,203.13,203.20,2302
1788790440,203.20,203.23,203.04,203.06,267
1788790500,203.06,203.12,203.02,203.06,2318
1788790560,203.06,203.28,203.00,203.21,2101
1788790620,203.21,203.38,203.16,203.33,2259
1788790680,203.33,203.40,203.33,203.35,2709
1788790740,203.35,203.43,203.30,203.35,2716
1788790800,203.35,203.48,203.35,203.45,2315
1788790860,203.45,203.50,203.43,203.50,1928
1788790920,203.50,203.70,203.43,203.64,1174
1788790980,203.64,203.79,203.64,203.76,2938
1788791040,203.76,203.80,203.73,203.77,886
1788791100,203.77,203.80,203.61,203.62,444
1788791160,203.62,203.75,203.57,203.68,2362
1788791220,203.68,203.91,203.66,203.83,370
1788791280,203.83,203.92,203.81,203.89,371
1788791340,203.89,204.03,203.88,203.97,2854
1788791400,203.97,204.00,203.91,203.99,484
1788791460,203.99,204.10,203.92,204.08,764
1788791520,204.08,204.12,204.05,204.12,368
1788791580,204.12,204.20,204.05,204.17,1334
1788791640,204.17,204.24,204.06,204.07,2458
1788791700,204.07,204.11,203.97,204.03,2751
1788791760,204.03,204.09,203.94,204.00,1364
1788791820,204.00,204.07,203.84,203.86,2475
1788791880,203.86,203.89,203.72,203.78,2894
1788791940,203.78,203.81,203.75,203.81,1156
1788792000,203.81,203.98,203.80,203.95,2729
1788792060,203.95,204.01,203.91,204.00,932
1788792120,204.00,204.08,203.92,204.01,2591
1788792180,204.01,204.07,203.96,204.05,214
1788792240,204.05,204.12,203.95,204.01,54
1788792300,204.01,204.08,203.99,204.04,2198
1788792360,204.04,204.18,203.97,204.14,819
1788792420,204.14,204.26,204.07,204.19,511
1788792480,204.19,204.25,204.12,204.19,2983
1788792540,204.19,204.25,204.12,204.14,706
1788792600,204.14,204.17,203.99,204.07,675
1788792660,204.07,204.26,204.05,204.23,2809
1788792720,204.23,204.38,204.18,204.33,2177
1788792780,204.33,204.36,204.20,204.26,1408
1788792840,204.26,204.30,204.15,204.16,299
1788792900,204.16,204.18,204.05,204.10,1853
1788792960,204.10,204.32,204.07,204.26,2641
1788793020,204.26,204.31,204.18,204.24,1737
1788793080,204.24,204.31,204.18,204.27,575
1788793140,204.27,204.37,204.21,204.29,1231
1788793200,204.29,204.37,204.20,204.24,2927
1788793260,204.24,204.25,204.11,204.18,388
1788793320,204.18,204.37,204.11,204.33,2718
1788793380,204.33,204.41,204.26,204.39,249
1788793440,204.39,204.51,204.37,204.48,657
1788793500,204.48,204.51,204.29,204.33,723
1788793560,204.33,204.48,204.32,204.48,2320
1788793620,204.48,204.59,204.40,204.54,663
1788793680,204.54,204.66,204.48,204.60,1189
1788793740,204.60,204.75,204.58,204.69,2581
1788793800,204.69,204.84,204.61,204.82,2937
1788793860,204.82,204.98,204.75,204.91,1168
1788793920,204.91,205.00,204.88,204.95,713
1788793980,204.95,205.09,204.92,205.04,2982
1788794040,205.04,205.06,205.01,205.01,882
1788794100,205.01,205.18,204.97,205.17,1008
1788794160,205.17,205.23,205.15,205.18,2831
1788794220,205.18,205.22,205.14,205.17,283
1788794280,205.17,205.20,204.98,205.01,2292
1788794340,205.01,205.05,204.94,204.98,467
1788794400,204.98,205.04,204.85,204.86,54
1788794460,204.86,204.92,204.72,204.76,423
1788794520,204.76,204.82,204.63,204.71,1607
1788794580,204.71,204.77,204.64,204.77,2410
1788794640,204.77,204.92,204.73,204.87,571
1788794700,204.87,204.98,204.79,204.90,328
1788794760,204.90,204.93,204.83,204.85,1197
1788794820,204.85,204.90,204.72,204.77,2595
1788794880,204.77,204.93,204.76,204.86,711
1788794940,204.86,205.05,204.85,205.01,2447
1788795000,205.01,205.02,204.85,204.90,2075
1788795060,204.90,204.98,204.87,204.92,2978
1788795120,204.92,204.96,204.84,204.92,2349
1788795180,204.92,204.94,204.74,204.79,526
1788795240,204.79,204.91,204.74,204.90,2543
1788795300,204.90,204.91,204.83,204.90,2150
1788795360,204.90,204.91,204.73,204.79,2341
1788795420,204.79,204.96,204.72,204.91,1047
1788795480,204.91,204.96,204.91,204.91,1480
1788795540,204.91,204.93,204.82,204.87,1699
1788795600,204.87,205.03,204.80,205.01,2218
1788795660,205.01,205.14,204.95,205.07,1503
1788795720,205.07,205.15,204.99,205.02,2647
1788795780,205.02,205.14,204.99,205.12,293
1788795840,205.12,205.19,204.99,205.03,1299
1788795900,205.03,205.08,204.87,204.88,2553
1788795960,204.88,204.98,204.86,204.93,1291
1788796020,204.93,204.94,204.78,204.85,1771
1788796080,204.85,204.87,204.77,204.86,830
1788796140,204.86,204.87,204.76,204.76,1060
1788796200,204.76,204.78,204.67,204.71,2593
1788796260,204.71,204.79,204.59,204.63,611
1788796320,204.63,204.71,204.56,204.58,1419
1788796380,204.58,204.67,204.54,204.66,857
1788796440,204.66,204.66,204.52,204.53,152
1788796500,204.53,204.57,204.51,204.54,793
1788796560,204.54,204.61,204.41,204.44,2113
1788796620,204.44,204.45,204.33,204.40,250
1788796680,204.40,204.53,204.39,204.52,2303
1788796740,204.52,204.54,204.37,204.42,2033
1788796800,204.42,204.43,204.28,204.29,927
1788796860,204.29,204.42,204.22,204.39,1158
1788796920,204.39,204.47,204.38,204.42,421
1788796980,204.42,204.42,204.21,204.28,2894
1788797040,204.28,204.30,204.08,204.13,1353
1788797100,204.13,204.24,204.06,204.17,830
1788797160,204.17,204.19,203.97,204.02,1639
1788797220,204.02,204.08,203.86,203.87,2458
1788797280,203.87,203.90,203.78,203.86,1264
1788797340,203.86,203.94,203.75,203.79,2564
1788797400,203.79,204.02,203.78,203.94,2158
1788797460,203.94,204.13,203.94,204.07,2486
1788797520,204.07,204.08,203.97,204.03,2972
1788797580,204.03,204.08,204.02,204.07,777
1788797640,204.07,204.14,203.98,204.00,1826
1788797700,204.00,204.11,203.97,204.08,2409
1788797760,204.08,204.14,204.02,204.11,1969
1788797820,204.11,204.14,203.91,203.97,257
1788797880,203.97,204.13,203.93,204.06,1838
1788797940,204.06,204.14,204.03,204.13,787
1788798000,204.13,204.20,204.02,204.03,2730
1788798060,204.03,204.04,203.86,203.88,916
1788798120,203.88,203.94,203.82,203.83,1362
1788798180,203.83,203.97,203.82,203.90,1893
1788798240,203.90,203.99,203.89,203.96,1599
1788798300,203.96,203.99,203.78,203.84,2849
1788798360,203.84,203.90,203.80,203.82,2364
1788798420,203.82,203.92,203.78,203.88,562
1788798480,203.88,203.88,203.84,203.87,2768
1788798540,203.87,203.91,203.70,203.76,1464
1788798600,203.76,203.79,203.63,203.65,1130
1788798660,203.65,203.67,203.55,203.58,2720
1788798720,203.58,203.71,203.50,203.64,1160
1788798780,203.64,203.87,203.63,203.80,2534
1788798840,203.80,203.82,203.61,203.65,1071
1788798900,203.65,203.81,203.60,203.77,2652
1788798960,203.77,203.85,203.58,203.66,2045
1788799020,203.66,203.68,203.60,203.64,729
1788799080,203.64,203.71,203.61,203.66,2187
1788799140,203.66,203.69,203.47,203.52,612
1788799200,203.52,203.55,203.45,203.46,2389
1788799260,203.46,203.48,203.44,203.47,1807
1788799320,203.47,203.64,203.40,203.59,2747
1788799380,203.59,203.78,203.54,203.74,2160
1788799440,203.74,203.86,203.72,203.83,1018
1788799500,203.83,203.89,203.71,203.75,1434
1788799560,203.75,203.81,203.65,203.72,934
1788799620,203.72,203.75,203.66,203.72,1956
1788799680,203.72,203.76,203.72,203.74,1582
1788799740,203.74,203.81,203.66,203.69,55
1788799800,203.69,203.80,203.62,203.77,2637
1788799860,203.77,203.82,203.70,203.72,410
1788799920,203.72,203.77,203.49,203.57,1889
1788799980,203.57,203.60,203.39,203.47,1778
1788800040,203.47,203.64,203.44,203.59,2408
1788800100,203.59,203.66,203.53,203.54,1387
1788800160,203.54,203.65,203.51,203.63,2048
1788800220,203.63,203.64,203.56,203.59,2742
1788800280,203.59,203.61,203.40,203.45,2562
1788800340,203.45,203.63,203.44,203.58,2473
1788800400,203.58,203.64,203.55,203.57,2438
1788800460,203.57,203.58,203.52,203.56,715
1788800520,203.56,203.60,203.46,203.51,2100
1788800580,203.51,203.56,203.44,203.49,2519
1788800640,203.49,203.52,203.41,203.42,323
1788800700,203.42,203.47,203.27,203.33,2795
1788800760,203.33,203.33,203.21,203.26,2965
1788800820,203.26,203.36,203.20,203.35,879
1788800880,203.35,203.40,203.32,203.35,1934
1788800940,203.35,203.43,203.35,203.40,1813
1788801000,203.40,203.51,203.37,203.50,2736
1788801060,203.50,203.56,203.45,203.49,1498
1788801120,203.49,203.57,203.44,203.51,1663
1788801180,203.51,203.51,203.46,203.51,2555
1788801240,203.51,203.69,203.47,203.66,1181
1788801300,203.66,203.74,203.62,203.70,797
1788801360,203.70,203.83,203.68,203.80,2555
1788801420,203.80,203.80,203.69,203.71,2898
1788801480,203.71,203.75,203.63,203.66,315
1788801540,203.66,203.73,203.55,203.59,1775
1788801600,203.59,203.63,203.55,203.62,81
1788801660,203.62,203.64,203.55,203.63,1365
1788801720,203.63,203.83,203.57,203.79,983
1788801780,203.79,203.94,203.71,203.89,966
1788801840,203.89,203.95,203.88,203.94,305
1788801900,203.94,203.99,203.92,203.94,1567
1788801960,203.94,204.01,203.92,203.96,2908
1788802020,203.96,204.08,203.91,204.04,412
1788802080,204.04,204.24,203.97,204.16,1616
1788802140,204.16,204.20,203.95,204.01,1946
1788802200,204.01,204.10,203.94,204.04,2128
1788802260,204.04,204.11,203.97,203.99,2167
1788802320,203.99,204.00,203.95,204.00,565
1788802380,204.00,204.10,203.99,204.07,2856
1788802440,204.07,204.25,204.03,204.17,2719
1788802500,204.17,204.39,204.11,204.32,1412
1788802560,204.32,204.51,204.28,204.46,2504
1788802620,204.46,204.61,204.44,204.57,630
1788802680,204.57,204.61,204.48,204.52,2215
1788802740,204.52,204.66,204.51,204.61,2061
1788802800,204.61,204.65,204.55,204.59,2209
1788802860,204.59,204.62,204.43,204.46,1432
1788802920,204.46,204.65,204.40,204.58,296
1788802980,204.58,204.65,204.36,204.42,2218
1788803040,204.42,204.45,204.22,204.28,2354
1788803100,204.28,204.31,204.19,204.26,220
1788803160,204.26,204.35,204.19,204.33,694
1788803220,204.33,204.48,204.31,204.45,696
1788803280,204.45,204.60,204.41,204.54,1378
1788803340,204.54,204.62,204.48,204.51,1520
1788803400,204.51,204.59,204.32,204.40,2917
1788803460,204.40,204.50,204.38,204.48,1551
1788803520,204.48,204.64,204.42,204.58,1081
1788803580,204.58,204.71,204.56,204.68,252
1788803640,204.68,204.74,204.68,204.71,2538
1788803700,204.71,204.76,204.66,204.74,1500
1788803760,204.74,204.84,204.71,204.80,726
1788803820,204.80,204.82,204.73,204.76,241
1788803880,204.76,204.78,204.56,204.61,1295
1788803940,204.61,204.69,204.54,204.57,1533
1788839100,204.57,204.60,204.39,204.43,304
1788839160,204.43,204.56,204.39,204.49,1142
1788839220,204.49,204.53,204.42,204.50,2969
1788839280,204.50,204.69,204.43,204.65,2829
1788839340,204.65,204.69,204.59,204.62,659
1788839400,204.62,204.83,204.61,204.75,1590
1788839460,204.75,204.80,204.70,204.73,1508
1788839520,204.73,204.89,204.67,204.82,2021
1788839580,204.82,204.86,204.61,204.68,828
1788839640,204.68,204.81,204.61,204.77,2456
1788839700,204.77,204.85,204.58,204.64,2821
1788839760,204.64,204.67,204.60,204.61,1500
1788839820,204.61,204.67,204.57,204.57,2666
1788839880,204.57,204.62,204.52,204.61,287
1788839940,204.61,204.69,204.45,204.50,187
1788840000,204.50,204.59,204.45,204.51,1993
1788840060,204.51,204.61,204.43,204.59,1348
1788840120,204.59,204.72,204.58,204.67,2642
1788840180,204.67,204.77,204.66,204.73,2811
1788840240,204.73,204.75,204.64,204.65,249
1788840300,204.65,204.73,204.64,204.66,213
1788840360,204.66,204.84,204.66,204.77,2799
1788840420,204.77,204.97,204.76,204.91,2535
1788840480,204.91,205.09,204.89,205.03,478
1788840540,205.03,205.04,204.96,204.98,660
1788840600,204.98,205.03,204.90,204.96,2203
1788840660,204.96,204.98,204.94,204.97,379
1788840720,204.97,205.03,204.74,204.81,2851
1788840780,204.81,204.96,204.77,204.91,2094
1788840840,204.91,205.07,204.84,205.02,2740
1788840900,205.02,205.10,204.86,204.90,106
1788840960,204.90,204.95,204.90,204.92,2685
1788841020,204.92,205.00,204.78,204.83,563
1788841080,204.83,205.08,204.78,205.00,2564
1788841140,205.00,205.03,204.82,204.86,2012
1788841200,204.86,204.97,204.78,204.89,706
1788841260,204.89,205.03,204.89,205.02,842
1788841320,205.02,205.07,204.91,204.94,2324
1788841380,204.94,204.97,204.84,204.85,1330
1788841440,204.85,204.91,204.72,204.73,568
1788841500,204.73,204.76,204.54,204.61,132
1788841560,204.61,204.66,204.40,204.48,2631
1788841620,204.48,204.69,204.43,204.63,1343
1788841680,204.63,204.64,204.45,204.48,593
1788841740,204.48,204.51,204.33,204.34,1237
1788841800,204.34,204.40,204.23,204.28,1831
1788841860,204.28,204.40,204.20,204.33,2077
1788841920,204.33,204.47,204.27,204.45,1052
1788841980,204.45,204.48,204.32,204.36,820
1788842040,204.36,204.43,204.20,204.21,671
1788842100,204.21,204.22,204.08,204.11,1732
1788842160,204.11,204.34,204.05,204.27,186
1788842220,204.27,204.50,204.24,204.43,2445
1788842280,204.43,204.52,204.36,204.46,1159
1788842340,204.46,204.54,204.43,204.52,770
1788842400,204.52,204.61,204.52,204.59,2269
1788842460,204.59,204.76,204.57,204.74,1989
1788842520,204.74,204.80,204.73,204.79,556
1788842580,204.79,204.87,204.67,204.69,390
1788842640,204.69,204.70,204.62,204.67,2328
1788842700,204.67,204.74,204.48,204.54,2856
1788842760,204.54,204.72,204.48,204.65,1315
1788842820,204.65,204.66,204.60,204.65,2222
1788842880,204.65,204.73,204.61,204.66,2788
1788842940,204.66,204.71,204.50,204.55,2125
1788843000,204.55,204.61,204.52,204.60,2765
1788843060,204.60,204.70,204.55,204.68,2002
1788843120,204.68,204.77,204.60,204.71,1825
1788843180,204.71,204.82,204.70,204.77,2443
1788843240,204.77,204.80,204.70,204.79,163
1788843300,204.79,204.87,204.78,204.80,1469
1788843360,204.80,204.83,204.75,204.80,840
1788843420,204.80,204.82,204.70,204.78,2628
1788843480,204.78,204.86,204.76,204.77,2975
1788843540,204.77,204.83,204.75,204.77,1958
1788843600,204.77,204.78,204.63,204.70,2139
1788843660,204.70,204.78,204.61,204.61,2786
1788843720,204.61,204.75,204.58,204.69,228
1788843780,204.69,204.79,204.68,204.74,2549
1788843840,204.74,204.96,204.70,204.88,1051
1788843900,204.88,204.93,204.86,204.90,904
1788843960,204.90,205.01,204.89,205.00,2301
1788844020,205.00,205.01,204.97,205.00,2351
1788844080,205.00,205.15,204.94,205.13,1367
1788844140,205.13,205.32,205.11,205.28,1527
1788844200,205.28,205.34,205.20,205.24,2272
1788844260,205.24,205.45,205.22,205.38,2635
1788844320,205.38,205.48,205.37,205.46,1747
1788844380,205.46,205.53,205.40,205.41,2692
1788844440,205.41,205.58,205.34,205.53,511
1788844500,205.53,205.66,205.49,205.64,1737
1788844560,205.64,205.69,205.58,205.60,1177
1788844620,205.60,205.77,205.53,205.71,1356
1788844680,205.71,205.85,205.63,205.77,2496
1788844740,205.77,205.93,205.74,205.89,2657
1788844800,205.89,206.03,205.89,206.01,649
1788844860,206.01,206.07,205.84,205.88,84
1788844920,205.88,205.95,205.72,205.77,1152
1788844980,205.77,205.80,205.72,205.79,228
1788845040,205.79,205.87,205.69,205.72,1021
1788845100,205.72,205.87,205.71,205.80,109
1788845160,205.80,205.85,205.68,205.76,1245
1788845220,205.76,205.91,205.76,205.89,1192
1788845280,205.89,205.89,205.76,205.79,1728
1788845340,205.79,205.81,205.68,205.72,1923
1788845400,205.72,205.73,205.59,205.61,2822
1788845460,205.61,205.65,205.43,205.50,1700
1788845520,205.50,205.58,205.38,205.43,2682
1788845580,205.43,205.43,205.29,205.30,2991
1788845640,205.30,205.38,205.14,205.21,1390
1788845700,205.21,205.32,205.20,205.32,2691
1788845760,205.32,205.45,205.31,205.43,1617
1788845820,205.43,205.54,205.37,205.53,113
1788845880,205.53,205.59,205.52,205.53,1691
1788845940,205.53,205.59,205.46,205.58,2531
1788846000,205.58,205.70,205.57,205.67,2857
1788846060,205.67,205.75,205.65,205.74,488
1788846120,205.74,205.90,205.71,205.87,868
1788846180,205.87,205.87,205.78,205.85,395
1788846240,205.85,205.88,205.69,205.70,2820
1788846300,205.70,205.73,205.60,205.66,577
1788846360,205.66,205.70,205.52,205.55,1063
1788846420,205.55,205.72,205.52,205.67,284
1788846480,205.67,205.75,205.49,205.55,1442
1788846540,205.55,205.70,205.53,205.69,2021
1788846600,205.69,205.83,205.64,205.83,1431
1788846660,205.83,205.95,205.78,205.91,1365
1788846720,205.91,206.07,205.87,206.06,955
1788846780,206.06,206.14,205.86,205.90,1226
1788846840,205.90,206.01,205.83,205.93,549
1788846900,205.93,206.09,205.91,206.01,857
1788846960,206.01,206.18,206.00,206.16,1296
1788847020,206.16,206.19,206.09,206.11,2577
1788847080,206.11,206.15,205.99,205.99,995
1788847140,205.99,206.09,205.95,206.06,1914
1788847200,206.06,206.29,206.03,206.21,2412
1788847260,206.21,206.22,206.07,206.08,561
1788847320,206.08,206.11,206.01,206.08,2847
1788847380,206.08,206.08,205.96,206.04,2851
1788847440,206.04,206.16,206.00,206.13,1360
1788847500,206.13,206.15,206.07,206.08,1811
1788847560,206.08,206.25,206.07,206.20,1705
1788847620,206.20,206.35,206.14,206.34,866
1788847680,206.34,206.36,206.32,206.35,2305
1788847740,206.35,206.41,206.33,206.37,2664
1788847800,206.37,206.45,206.20,206.28,113
1788847860,206.28,206.30,206.23,206.27,397
1788847920,206.27,206.29,206.22,206.28,960
1788847980,206.28,206.38,206.26,206.38,2255
1788848040,206.38,206.57,206.30,206.50,1287
1788848100,206.50,206.67,206.48,206.63,1028
1788848160,206.63,206.72,206.59,206.67,614
1788848220,206.67,206.78,206.64,206.77,828
1788848280,206.77,206.82,206.65,206.67,1105
1788848340,206.67,206.68,206.59,206.60,1757
1788848400,206.60,206.60,206.50,206.50,2467
1788848460,206.50,206.57,206.46,206.54,1519
1788848520,206.54,206.71,206.46,206.67,2219
1788848580,206.67,206.74,206.59,206.68,2128
1788848640,206.68,206.81,206.65,206.76,2506
1788848700,206.76,206.89,206.73,206.87,1080
1788848760,206.87,206.96,206.86,206.93,499
1788848820,206.93,207.11,206.89,207.03,2269
1788848880,207.03,207.12,207.01,207.09,2515
1788848940,207.09,207.13,207.02,207.08,645
1788849000,207.08,207.16,206.94,206.96,909
1788849060,206.96,207.02,206.82,206.88,1286
1788849120,206.88,206.97,206.83,206.93,2038
1788849180,206.93,207.02,206.87,206.99,2646
1788849240,206.99,207.13,206.98,207.07,891
1788849300,207.07,207.10,206.94,207.00,2898
1788849360,207.00,207.01,206.83,206.84,505
1788849420,206.84,206.86,206.82,206.85,858
1788849480,206.85,206.99,206.79,206.97,2635
1788849540,206.97,207.14,206.96,207.14,91
1788849600,207.14,207.23,207.10,207.17,787
1788849660,207.17,207.24,207.10,207.11,1063
1788849720,207.11,207.18,207.10,207.15,2318
1788849780,207.15,207.19,207.01,207.09,2360
1788849840,207.09,207.12,206.98,207.00,326
1788849900,207.00,207.09,206.93,207.04,1456
1788849960,207.04,207.07,206.90,206.97,1392
1788850020,206.97,207.08,206.90,207.01,2030
1788850080,207.01,207.06,206.95,207.05,1771
1788850140,207.05,207.20,206.99,207.16,623
1788850200,207.16,207.22,206.99,207.03,534
1788850260,207.03,207.07,206.80,206.88,1237
1788850320,206.88,206.96,206.77,206.82,2011
1788850380,206.82,206.91,206.79,206.91,2986
1788850440,206.91,207.02,206.83,207.02,2794
1788850500,207.02,207.24,206.96,207.19,2234
1788850560,207.19,207.23,207.18,207.19,604
1788850620,207.19,207.30,207.11,207.27,2263
1788850680,207.27,207.34,207.27,207.33,2594
1788850740,207.33,207.39,207.14,207.18,2451
1788850800,207.18,207.21,207.14,207.15,2055
1788850860,207.15,207.17,206.98,207.06,1816
1788850920,207.06,207.19,207.00,207.13,2363
1788850980,207.13,207.20,207.11,207.14,1417
1788851040,207.14,207.38,207.08,207.31,1804
1788851100,207.31,207.37,207.20,207.25,2888
1788851160,207.25,207.48,207.25,207.41,2016
1788851220,207.41,207.63,207.33,207.58,287
1788851280,207.58,207.63,207.54,207.62,1736
1788851340,207.62,207.62,207.57,207.61,828
1788851400,207.61,207.68,207.57,207.63,129
1788851460,207.63,207.66,207.61,207.65,2749
1788851520,207.65,207.83,207.58,207.78,791
1788851580,207.78,207.85,207.59,207.63,1887
1788851640,207.63,207.74,207.57,207.72,1003
1788851700,207.72,207.74,207.58,207.63,475
1788851760,207.63,207.78,207.62,207.72,1103
1788851820,207.72,207.77,207.55,207.63,2815
1788851880,207.63,207.66,207.56,207.56,2212
1788851940,207.56,207.61,207.46,207.49,2385
1788852000,207.49,207.56,207.43,207.55,1367
1788852060,207.55,207.68,207.55,207.62,2304
1788852120,207.62,207.75,207.55,207.67,854
1788852180,207.67,207.69,207.62,207.62,902
1788852240,207.62,207.81,207.60,207.78,2602
1788852300,207.78,208.02,207.72,207.95,800
1788852360,207.95,208.05,207.87,207.97,1893
1788852420,207.97,208.13,207.94,208.07,413
1788852480,208.07,208.25,208.01,208.17,403
1788852540,208.17,208.18,208.12,208.16,243
1788852600,208.16,208.25,208.10,208.22,943
1788852660,208.22,208.39,208.17,208.33,309
1788852720,208.33,208.39,208.23,208.29,2848
1788852780,208.29,208.33,208.18,208.25,2337
1788852840,208.25,208.29,208.15,208.22,2290
1788852900,208.22,208.33,208.14,208.30,2591
1788852960,208.30,208.39,208.26,208.33,1298
1788853020,208.33,208.42,208.26,208.34,2420
1788853080,208.34,208.49,208.32,208.47,1758
1788853140,208.47,208.50,208.32,208.36,2475
1788853200,208.36,208.43,208.29,208.31,75
1788853260,208.31,208.34,208.09,208.15,805
1788853320,208.15,208.22,207.97,208.03,2830
1788853380,208.03,208.09,207.92,207.95,778
1788853440,207.95,208.02,207.87,207.93,426
1788853500,207.93,207.94,207.80,207.85,1329
1788853560,207.85,208.08,207.84,208.00,564
1788853620,208.00,208.02,207.90,207.95,2962
1788853680,207.95,207.96,207.78,207.82,2536
1788853740,207.82,207.90,207.64,207.71,615
1788853800,207.71,207.88,207.69,207.86,1940
1788853860,207.86,207.93,207.71,207.76,616
1788853920,207.76,207.96,207.75,207.88,968
1788853980,207.88,207.97,207.83,207.94,542
1788854040,207.94,208.01,207.89,207.89,175
1788854100,207.89,207.94,207.76,207.84,2727
1788854160,207.84,207.90,207.70,207.77,591
1788854220,207.77,207.81,207.69,207.70,1396
1788854280,207.70,207.74,207.52,207.54,108
1788854340,207.54,207.75,207.52,207.67,255
1788854400,207.67,207.74,207.62,207.65,1143
1788854460,207.65,207.67,207.48,207.51,2352
1788854520,207.51,207.53,207.47,207.51,1018
1788854580,207.51,207.72,207.44,207.65,1118
1788854640,207.65,207.68,207.56,207.59,1397
1788854700,207.59,207.62,207.36,207.44,1118
1788854760,207.44,207.63,207.41,207.57,458
1788854820,207.57,207.62,207.43,207.45,1246
1788854880,207.45,207.56,207.40,207.48,1384
1788854940,207.48,207.53,207.33,207.40,2951
1788855000,207.40,207.41,207.32,207.38,98
1788855060,207.38,207.60,207.34,207.54,619
1788855120,207.54,207.67,207.48,207.60,1468
1788855180,207.60,207.68,207.60,207.62,235
1788855240,207.62,207.85,207.58,207.77,1167
1788855300,207.77,207.95,207.72,207.94,2826
1788855360,207.94,208.11,207.88,208.10,2783
1788855420,208.10,208.13,207.99,208.00,2240
1788855480,208.00,208.05,208.00,208.02,2860
1788855540,208.02,208.16,207.99,208.08,344
1788855600,208.08,208.09,207.93,207.97,919
1788855660,207.97,208.16,207.90,208.09,2458
1788855720,208.09,208.29,208.05,208.24,953
1788855780,208.24,208.28,208.01,208.09,802
1788855840,208.09,208.15,208.07,208.07,2599
1788855900,208.07,208.12,207.92,207.92,784
1788855960,207.92,208.08,207.84,208.00,582
1788856020,208.00,208.10,207.97,208.09,188
1788856080,208.09,208.15,208.07,208.12,2625
1788856140,208.12,208.22,208.11,208.19,480
1788856200,208.19,208.27,208.04,208.12,1917
1788856260,208.12,208.33,208.06,208.26,328
1788856320,208.26,208.32,208.18,208.22,2799
1788856380,208.22,208.38,208.21,208.34,1632
1788856440,208.34,208.36,208.16,208.21,2578
1788856500,208.21,208.40,208.20,208.34,2572
1788856560,208.34,208.38,208.17,208.23,1951
1788856620,208.23,208.24,208.09,208.14,189
1788856680,208.14,208.27,208.09,208.19,374
1788856740,208.19,208.27,208.16,208.24,2789
1788856800,208.24,208.31,208.10,208.17,2936
1788856860,208.17,208.23,208.15,208.19,195
1788856920,208.19,208.25,208.08,208.14,1463
1788856980,208.14,208.26,208.12,208.24,1812
1788857040,208.24,208.37,208.20,208.36,1405
1788857100,208.36,208.36,208.15,208.22,817
1788857160,208.22,208.26,208.11,208.13,2814
1788857220,208.13,208.35,208.05,208.27,2239
1788857280,208.27,208.45,208.22,208.40,207
1788857340,208.40,208.54,208.37,208.53,2155
1788857400,208.53,208.59,208.42,208.45,1638
1788857460,208.45,208.46,208.39,208.41,1203
1788857520,208.41,208.46,208.39,208.46,1547
1788857580,208.46,208.67,208.39,208.60,755
1788857640,208.60,208.80,208.54,208.76,223
1788857700,208.76,208.78,208.64,208.65,1154
1788857760,208.65,208.75,208.60,208.75,501
1788857820,208.75,208.83,208.69,208.81,2304
1788857880,208.81,208.98,208.79,208.92,1146
1788857940,208.92,209.03,208.84,209.00,479
1788858000,209.00,209.08,208.90,208.92,2762
1788858060,208.92,209.02,208.85,208.99,93
1788858120,208.99,209.12,208.98,209.09,1027
1788858180,209.09,209.11,208.99,209.04,2977
1788858240,209.04,209.14,208.98,209.06,1058
1788858300,209.06,209.07,209.00,209.06,1363
1788858360,209.06,209.10,208.93,208.99,512
1788858420,208.99,209.09,208.95,209.05,1950
1788858480,209.05,209.15,208.98,209.10,818
1788858540,209.10,209.28,209.04,209.26,1210
1788858600,209.26,209.31,209.13,209.16,1072
1788858660,209.16,209.19,209.00,209.04,1751
1788858720,209.04,209.06,208.87,208.94,2420
1788858780,208.94,209.02,208.88,208.97,464
1788858840,208.97,209.04,208.82,208.87,670
1788858900,208.87,209.00,208.84,208.94,858
1788858960,208.94,209.09,208.88,209.05,2156
1788859020,209.05,209.07,209.03,209.03,1084
1788859080,209.03,209.06,208.95,208.96,2728
1788859140,208.96,209.07,208.93,209.04,2636
1788859200,209.04,209.05,208.82,208.90,1401
1788859260,208.90,209.03,208.89,208.97,288
1788859320,208.97,209.19,208.96,209.13,449
1788859380,209.13,209.20,209.07,209.16,1538
1788859440,209.16,209.17,209.03,209.07,2060
1788859500,209.07,209.20,209.06,209.14,2727
1788859560,209.14,209.18,208.99,209.04,698
1788859620,209.04,209.10,208.97,209.01,2473
1788859680,209.01,209.08,209.00,209.02,1820
1788859740,209.02,209.17,208.97,209.10,442
1788859800,209.10,209.15,209.00,209.06,2256
1788859860,209.06,209.13,208.90,208.97,2418
1788859920,208.97,209.08,208.91,209.03,1857
1788859980,209.03,209.20,209.02,209.15,1039
1788860040,209.15,209.31,209.13,209.31,710
1788860100,209.31,209.38,209.14,209.20,633
1788860160,209.20,209.22,209.07,209.12,2392
1788860220,209.12,209.13,208.99,209.06,1067
1788860280,209.06,209.10,209.03,209.07,319
1788860340,209.07,209.26,209.01,209.23,981
1788860400,209.23,209.35,209.18,209.29,2250
1788860460,209.29,209.36,209.07,209.15,2634
1788860520,209.15,209.26,209.10,209.19,2025
1788860580,209.19,209.27,209.11,209.24,1593
1788860640,209.24,209.44,209.20,209.39,2908
1788860700,209.39,209.47,209.27,209.31,1785
1788860760,209.31,209.47,209.30,209.44,1428
1788860820,209.44,209.45,209.36,209.39,1691
1788860880,209.39,209.47,209.30,209.35,1292
1788860940,209.35,209.43,209.28,209.29,1372
1788861000,209.29,209.35,209.20,209.22,1498
1788861060,209.22,209.23,209.14,209.20,503
1788861120,209.20,209.27,209.16,209.17,1218
1788861180,209.17,209.37,209.17,209.31,2057
1788861240,209.31,209.39,209.16,209.23,2249
1788861300,209.23,209.35,209.18,209.31,1564
1788861360,209.31,209.32,209.26,209.29,2049
1788861420,209.29,209.45,209.27,209.40,2987
1788861480,209.40,209.40,209.33,209.39,1587
1788861540,209.39,209.49,209.38,209.49,2276
1788861600,209.49,209.61,209.49,209.53,1658
1788861660,209.53,209.76,209.48,209.68,1947
1788861720,209.68,209.89,209.66,209.82,1056
1788861780,209.82,209.85,209.62,209.68,2338
1788861840,209.68,209.74,209.58,209.58,1104
1788861900,209.58,209.69,209.55,209.69,2569
1788861960,209.69,209.73,209.61,209.72,2612
1788862020,209.72,209.76,209.50,209.57,752
1788862080,209.57,209.69,209.56,209.68,2332
1788862140,209.68,209.76,209.62,209.67,1414
1788862200,209.67,209.73,209.58,209.65,2838
1788862260,209.65,209.72,209.53,209.61,252
1788862320,209.61,209.69,209.52,209.55,375
1788862380,209.55,209.78,209.47,209.71,1725
1788862440,209.71,209.77,209.63,209.75,2284
1788862500,209.75,209.82,209.55,209.60,1116
1788862560,209.60,209.85,209.56,209.77,2814
1788862620,209.77,209.85,209.66,209.69,637
1788862680,209.69,209.74,209.48,209.56,473
1788862740,209.56,209.59,209.44,209.48,2063
1788862800,209.48,209.55,209.34,209.39,390
1788862860,209.39,209.45,209.28,209.30,122
1788862920,209.30,209.35,209.19,209.20,755
1788862980,209.20,209.27,209.00,209.04,2005
1788863040,209.04,209.08,208.81,208.89,1330
1788863100,208.89,208.97,208.78,208.85,1078
1788863160,208.85,208.89,208.85,208.88,1136
1788863220,208.88,209.08,208.85,209.01,660
1788863280,209.01,209.12,208.97,209.09,470
1788863340,209.09,209.13,208.99,209.00,666
1788863400,209.00,209.10,208.94,209.06,2037
1788863460,209.06,209.17,209.04,209.16,816
1788863520,209.16,209.18,209.04,209.05,2513
1788863580,209.05,209.05,209.00,209.03,721
1788863640,209.03,209.05,208.85,208.89,296
1788863700,208.89,209.06,208.88,208.98,1144
1788863760,208.98,209.06,208.86,208.90,2168
1788863820,208.90,208.92,208.80,208.84,1679
1788863880,208.84,208.90,208.71,208.77,2557
1788863940,208.77,208.78,208.64,208.69,1496
1788864000,208.69,208.90,208.67,208.84,1866
1788864060,208.84,208.95,208.78,208.91,2058
1788864120,208.91,209.10,208.90,209.07,67
1788864180,209.07,209.24,209.03,209.23,2242
1788864240,209.23,209.26,209.15,209.18,2476
1788864300,209.18,209.25,209.10,209.21,2578
1788864360,209.21,209.37,209.16,209.32,2058
1788864420,209.32,209.36,209.17,209.25,2708
1788864480,209.25,209.30,209.24,209.30,54
1788864540,209.30,209.42,209.24,209.37,2358
1788864600,209.37,209.44,209.21,209.27,53
1788864660,209.27,209.31,209.13,209.18,640
1788864720,209.18,209.18,209.08,209.12,2544
1788864780,209.12,209.26,209.04,209.20,1462
1788864840,209.20,209.33,209.13,209.30,549
1788864900,209.30,209.45,209.27,209.44,1497
1788864960,209.44,209.46,209.35,209.38,2771
1788865020,209.38,209.57,209.38,209.53,2442
1788865080,209.53,209.66,209.48,209.61,2253
1788865140,209.61,209.77,209.56,209.69,1137
1788865200,209.69,209.88,209.66,209.85,747
1788865260,209.85,210.02,209.84,210.01,2738
1788865320,210.01,210.07,209.87,209.89,1041
1788865380,209.89,210.01,209.82,209.97,340
1788865440,209.97,209.99,209.89,209.95,113
1788865500,209.95,210.01,209.79,209.81,2566
1788865560,209.81,210.04,209.80,209.98,354
1788865620,209.98,209.99,209.79,209.85,2544
1788865680,209.85,209.96,209.83,209.92,1655
1788865740,209.92,210.01,209.88,210.00,542
1788865800,210.00,210.04,209.77,209.84,835
1788865860,209.84,209.90,209.75,209.76,757
1788865920,209.76,209.89,209.73,209.85,1402
1788865980,209.85,209.90,209.76,209.78,902
1788866040,209.78,209.82,209.63,209.65,902
1788866100,209.65,209.66,209.43,209.50,2902
1788866160,209.50,209.67,209.45,209.64,913
1788866220,209.64,209.67,209.54,209.57,772
1788866280,209.57,209.70,209.49,209.66,1936
1788866340,209.66,209.79,209.61,209.79,865
1788866400,209.79,209.90,209.76,209.83,1746
1788866460,209.83,209.98,209.78,209.95,291
1788866520,209.95,210.03,209.80,209.84,602
1788866580,209.84,210.01,209.83,209.99,2885
1788866640,209.99,210.11,209.96,210.04,2682
1788866700,210.04,210.11,209.82,209.90,1323
1788866760,209.90,209.91,209.73,209.79,2243
1788866820,209.79,209.89,209.76,209.84,309
1788866880,209.84,210.07,209.78,209.99,511
1788866940,209.99,210.09,209.98,210.07,1805
1788867000,210.07,210.22,210.06,210.17,1079
1788867060,210.17,210.32,210.14,210.30,1589
1788867120,210.30,210.30,210.19,210.27,195
1788867180,210.27,210.38,210.25,210.32,2475
1788867240,210.32,210.54,210.28,210.46,2281
1788867300,210.46,210.56,210.42,210.49,1551
1788867360,210.49,210.53,210.47,210.50,2858
1788867420,210.50,210.60,210.48,210.52,1265
1788867480,210.52,210.65,210.51,210.59,1645
1788867540,210.59,210.69,210.54,210.64,2854
1788867600,210.64,210.75,210.61,210.73,1791
1788867660,210.73,210.81,210.69,210.78,665
1788867720,210.78,210.95,210.76,210.88,2433
1788867780,210.88,211.02,210.88,210.99,2819
1788867840,210.99,211.04,210.79,210.86,1569
1788867900,210.86,211.04,210.78,211.01,1248
1788867960,211.01,211.16,210.98,211.11,2607
1788868020,211.11,211.20,211.10,211.15,919
1788868080,211.15,211.19,211.03,211.11,1228
1788868140,211.11,211.18,211.04,211.11,477
1788868200,211.11,211.25,211.10,211.25,2075
1788868260,211.25,211.37,211.20,211.33,1002
1788868320,211.33,211.44,211.29,211.42,106
1788868380,211.42,211.52,211.42,211.52,1213
1788868440,211.52,211.60,211.36,211.43,228
1788868500,211.43,211.48,211.22,211.27,435
1788868560,211.27,211.42,211.23,211.34,1010
1788868620,211.34,211.39,211.26,211.30,724
1788868680,211.30,211.45,211.25,211.39,2626
1788868740,211.39,211.41,211.23,211.29,1114
1788868800,211.29,211.46,211.28,211.46,1279
1788868860,211.46,211.47,211.32,211.36,988
1788868920,211.36,211.41,211.33,211.35,1608
1788868980,211.35,211.42,211.20,211.21,1028
1788869040,211.21,211.21,211.20,211.20,2354
1788869100,211.20,211.39,211.12,211.37,532
1788869160,211.37,211.47,211.35,211.45,299
1788869220,211.45,211.46,211.41,211.43,2771
1788869280,211.43,211.47,211.35,211.36,2944
1788869340,211.36,211.38,211.28,211.36,1612
1788869400,211.36,211.37,211.27,211.34,2344
1788869460,211.34,211.42,211.31,211.32,2898
1788869520,211.32,211.36,211.28,211.34,513
1788869580,211.34,211.42,211.24,211.27,2088
1788869640,211.27,211.35,211.07,211.13,2941
1788869700,211.13,211.31,211.06,211.27,966
1788869760,211.27,211.29,211.22,211.24,1921
1788869820,211.24,211.33,211.17,211.32,782
1788869880,211.32,211.36,211.16,211.19,2560
1788869940,211.19,211.20,211.11,211.17,2374
1788870000,211.17,211.19,210.99,211.03,546
1788870060,211.03,211.11,210.98,211.11,1187
1788870120,211.11,211.14,210.88,210.96,1665
1788870180,210.96,211.04,210.91,210.96,56
1788870240,210.96,211.01,210.85,210.88,509
1788870300,210.88,210.99,210.86,210.95,1255
1788870360,210.95,210.97,210.93,210.93,2456
1788870420,210.93,210.99,210.91,210.95,2762
1788870480,210.95,211.03,210.77,210.85,1870
1788870540,210.85,211.05,210.80,210.99,1117
1788870600,210.99,211.11,210.94,211.04,1005
1788870660,211.04,211.07,210.90,210.96,525
1788870720,210.96,211.11,210.91,211.08,2582
1788870780,211.08,211.23,211.07,211.18,1626
1788870840,211.18,211.19,210.97,211.03,1632
1788870900,211.03,211.27,210.96,211.20,1615
1788870960,211.20,211.28,211.05,211.08,1787
1788871020,211.08,211.08,210.92,210.93,1645
1788871080,210.93,211.09,210.89,211.09,2455
1788871140,211.09,211.33,211.08,211.25,402
1788871200,211.25,211.32,211.15,211.23,644
1788871260,211.23,211.42,211.22,211.38,1824
1788871320,211.38,211.52,211.33,211.49,2384
1788871380,211.49,211.65,211.46,211.65,2442
1788871440,211.65,211.65,211.47,211.49,879
1788871500,211.49,211.65,211.48,211.64,2517
1788871560,211.64,211.64,211.48,211.56,2345
1788871620,211.56,211.58,211.37,211.42,384
1788871680,211.42,211.63,211.41,211.58,371
1788871740,211.58,211.75,211.53,211.70,2121
1788871800,211.70,211.88,211.63,211.82,1950
1788871860,211.82,211.85,211.75,211.80,2726
1788871920,211.80,211.91,211.73,211.85,2709
1788871980,211.85,212.00,211.84,211.93,848
1788872040,211.93,212.03,211.85,212.02,2617
1788872100,212.02,212.06,211.97,212.03,1557
1788872160,212.03,212.18,211.96,212.14,1040
1788872220,212.14,212.32,212.06,212.30,1192
1788872280,212.30,212.34,212.25,212.29,604
1788872340,212.29,212.33,212.22,212.25,2841
1788872400,212.25,212.33,212.24,212.25,1074
1788872460,212.25,212.31,212.22,212.25,325
1788872520,212.25,212.32,212.21,212.24,2159
1788872580,212.24,212.37,212.22,212.31,1519
1788872640,212.31,212.33,212.15,212.22,2895
1788872700,212.22,212.24,212.14,212.22,1192
1788872760,212.22,212.34,212.18,212.31,686
1788872820,212.31,212.39,212.21,212.29,836
1788872880,212.29,212.37,212.26,212.37,1629
1788872940,212.37,212.39,212.28,212.28,390
1788873000,212.28,212.34,212.07,212.14,395
1788873060,212.14,212.30,212.08,212.28,2149
1788873120,212.28,212.36,212.14,212.22,343
1788873180,212.22,212.31,212.18,212.27,757
1788873240,212.27,212.33,212.07,212.12,340
1788873300,212.12,212.14,211.97,212.03,1421
1788873360,212.03,212.19,211.95,212.18,2054
1788873420,212.18,212.23,212.11,212.13,125
1788873480,212.13,212.19,211.97,212.05,2240
1788873540,212.05,212.12,211.97,212.01,1540
1788873600,212.01,212.14,211.93,212.08,1531
1788873660,212.08,212.15,211.87,211.92,894
1788873720,211.92,211.95,211.88,211.94,1445
1788873780,211.94,212.06,211.86,211.98,2682
1788873840,211.98,212.02,211.82,211.84,2452
1788873900,211.84,211.84,211.73,211.76,2051
1788873960,211.76,211.90,211.69,211.82,2743
1788874020,211.82,211.90,211.75,211.84,618
1788874080,211.84,211.85,211.73,211.76,1470
1788874140,211.76,211.77,211.65,211.69,469
1788874200,211.69,211.75,211.67,211.68,621
1788874260,211.68,211.75,211.52,211.56,1093
1788874320,211.56,211.68,211.50,211.68,2821
1788874380,211.68,211.80,211.66,211.74,2054
1788874440,211.74,211.76,211.63,211.70,261
1788874500,211.70,211.92,211.64,211.86,2436
1788874560,211.86,211.89,211.77,211.79,1548
1788874620,211.79,211.83,211.74,211.80,2775
1788874680,211.80,211.96,211.77,211.96,1698
1788874740,211.96,212.10,211.91,212.09,2551
1788874800,212.09,212.14,212.08,212.10,1663
1788874860,212.10,212.18,211.91,211.96,1793
1788874920,211.96,212.14,211.95,212.08,262
1788874980,212.08,212.11,212.00,212.02,2272
1788875040,212.02,212.21,211.94,212.18,2495
1788875100,212.18,212.30,212.11,212.22,1330
1788875160,212.22,212.28,212.11,212.19,1890
1788875220,212.19,212.25,212.06,212.13,644
1788875280,212.13,212.27,212.08,212.19,1471
1788875340,212.19,212.26,212.13,212.24,1007
1788875400,212.24,212.39,212.18,212.34,2399
1788875460,212.34,212.39,212.23,212.28,1801
1788875520,212.28,212.46,212.23,212.41,1656
1788875580,212.41,212.47,212.31,212.33,1807
1788875640,212.33,212.43,212.32,212.38,996
1788875700,212.38,212.63,212.36,212.55,515
1788875760,212.55,212.78,212.52,212.70,956
1788875820,212.70,212.87,212.69,212.81,2326
1788875880,212.81,212.89,212.81,212.84,2919
1788875940,212.84,212.84,212.75,212.76,2590
1788876000,212.76,212.79,212.57,212.64,2181
1788876060,212.64,212.66,212.42,212.50,2903
1788876120,212.50,212.67,212.43,212.59,51
1788876180,212.59,212.63,212.41,212.44,2618
1788876240,212.44,212.48,212.32,212.39,1225
1788876300,212.39,212.42,212.20,212.27,516
1788876360,212.27,212.34,212.19,212.27,1959
1788876420,212.27,212.35,212.24,212.33,1813
1788876480,212.33,212.36,212.31,212.34,1813
1788876540,212.34,212.39,212.21,212.22,1999
1788876600,212.22,212.42,212.17,212.38,2592
1788876660,212.38,212.52,212.32,212.51,525
1788876720,212.51,212.53,212.38,212.43,2264
1788876780,212.43,212.49,212.26,212.32,2451
1788876840,212.32,212.41,212.30,212.36,833
1788876900,212.36,212.39,212.27,212.30,1420
1788876960,212.30,212.37,212.26,212.35,2259
1788877020,212.35,212.41,212.20,212.26,2414
1788877080,212.26,212.28,212.20,212.24,2142
1788877140,212.24,212.41,212.21,212.33,1137
1788877200,212.33,212.40,212.17,212.20,1465
1788877260,212.20,212.31,212.16,212.26,2328
1788877320,212.26,212.32,212.18,212.29,1618
1788877380,212.29,212.36,212.20,212.23,1951
1788877440,212.23,212.24,212.09,212.11,1861
1788877500,212.11,212.23,212.03,212.15,1515
1788877560,212.15,212.22,212.11,212.14,2838
1788877620,212.14,212.14,212.06,212.07,2094
1788877680,212.07,212.14,212.00,212.01,1534
1788877740,212.01,212.22,211.94,212.15,145
1788877800,212.15,212.32,212.13,212.26,2546
1788877860,212.26,212.37,212.22,212.35,1926
1788877920,212.35,212.55,212.30,212.48,1971
1788877980,212.48,212.60,212.42,212.54,372
1788878040,212.54,212.75,212.54,212.67,2521
1788878100,212.67,212.71,212.56,212.60,1681
1788878160,212.60,212.63,212.52,212.54,1339
1788878220,212.54,212.66,212.48,212.59,911
1788878280,212.59,212.61,212.45,212.52,2695
1788878340,212.52,212.64,212.46,212.63,792
1788878400,212.63,212.69,212.57,212.58,1470
1788878460,212.58,212.62,212.56,212.56,1884
1788878520,212.56,212.57,212.39,212.44,75
1788878580,212.44,212.63,212.38,212.55,994
1788878640,212.55,212.60,212.42,212.46,1400
1788878700,212.46,212.63,212.46,212.63,2994
1788878760,212.63,212.66,212.46,212.49,1407
1788878820,212.49,212.69,212.46,212.62,2345
1788878880,212.62,212.69,212.47,212.51,1819
1788878940,212.51,212.51,212.47,212.48,2714
1788879000,212.48,212.53,212.38,212.41,1717
1788879060,212.41,212.47,212.28,212.32,1001
1788879120,212.32,212.36,212.25,212.31,558
1788879180,212.31,212.35,212.29,212.33,852
1788879240,212.33,212.40,212.29,212.39,428
1788879300,212.39,212.44,212.18,212.24,843
1788879360,212.24,212.40,212.17,212.33,107
1788879420,212.33,212.34,212.24,212.32,728
1788879480,212.32,212.37,212.30,212.32,1152
1788879540,212.32,212.45,212.25,212.41,1056
1788879600,212.41,212.52,212.41,212.52,1220
1788879660,212.52,212.53,212.40,212.42,2655
1788879720,212.42,212.44,212.34,212.42,964
1788879780,212.42,212.54,212.35,212.46,2152
1788879840,212.46,212.59,212.39,212.59,1105
1788879900,212.59,212.76,212.52,212.72,920
1788879960,212.72,212.79,212.66,212.75,2796
1788880020,212.75,212.83,212.57,212.62,720
1788880080,212.62,212.63,212.53,212.56,94
1788880140,212.56,212.61,212.55,212.58,1876
1788880200,212.58,212.71,212.54,212.63,701
1788880260,212.63,212.68,212.49,212.54,1528
1788880320,212.54,212.68,212.50,212.64,2098
1788880380,212.64,212.73,212.60,212.69,1018
1788880440,212.69,212.75,212.51,212.58,2293
1788880500,212.58,212.60,212.50,212.57,1816
1788880560,212.57,212.70,212.49,212.64,1583
1788880620,212.64,212.77,212.63,212.70,1577
1788880680,212.70,212.88,212.64,212.86,2760
1788880740,212.86,213.07,212.85,213.02,2869
1788880800,213.02,213.13,213.01,213.12,1910
1788880860,213.12,213.19,213.04,213.09,2678
1788880920,213.09,213.21,213.02,213.13,2538
1788880980,213.13,213.17,213.12,213.14,1079
1788881040,213.14,213.22,212.99,213.03,1593
1788881100,213.03,213.08,212.96,213.07,2824
1788881160,213.07,213.15,212.95,213.01,1350
1788881220,213.01,213.13,212.98,213.08,1618
1788881280,213.08,213.20,213.00,213.13,918
1788881340,213.13,213.14,212.99,213.01,2613
1788881400,213.01,213.02,212.80,212.88,2048
1788881460,212.88,213.08,212.88,213.05,1974
1788881520,213.05,213.08,212.84,212.90,162
1788881580,212.90,212.95,212.75,212.78,2041
1788881640,212.78,212.80,212.70,212.73,1216
1788881700,212.73,212.74,212.58,212.60,261
1788881760,212.60,212.68,212.58,212.65,1926
1788881820,212.65,212.72,212.58,212.60,123
1788881880,212.60,212.73,212.56,212.68,1536
1788881940,212.68,212.69,212.51,212.59,2996
1788882000,212.59,212.77,212.56,212.76,1034
1788882060,212.76,212.90,212.73,212.87,342
1788882120,212.87,212.90,212.79,212.88,2766
1788882180,212.88,213.07,212.82,213.00,2859
1788882240,213.00,213.22,213.00,213.15,2072
1788882300,213.15,213.18,212.99,213.02,569
1788882360,213.02,213.08,212.88,212.91,1471
1788882420,212.91,212.98,212.75,212.79,624
1788882480,212.79,212.82,212.69,212.72,164
1788882540,212.72,212.88,212.70,212.81,910
1788882600,212.81,212.96,212.80,212.95,218
1788882660,212.95,213.11,212.93,213.09,2696
1788882720,213.09,213.27,213.04,213.23,1159
1788882780,213.23,213.25,213.02,213.10,1877
1788882840,213.10,213.22,213.08,213.20,301
1788882900,213.20,213.28,212.96,213.04,2088
1788882960,213.04,213.22,212.98,213.16,1567
1788883020,213.16,213.22,213.11,213.13,241
1788883080,213.13,213.22,213.06,213.16,91
1788883140,213.16,213.18,213.06,213.08,2594
1788883200,213.08,213.13,213.03,213.09,2015
1788883260,213.09,213.10,213.00,213.01,74
1788883320,213.01,213.08,212.97,212.99,1590
1788883380,212.99,213.07,212.97,213.05,2950
1788883440,213.05,213.09,212.91,212.93,504
1788883500,212.93,213.04,212.89,212.98,553
1788883560,212.98,213.02,212.83,212.90,1041
1788883620,212.90,212.97,212.87,212.90,1595
1788883680,212.90,213.09,212.85,213.06,1745
1788883740,213.06,213.09,212.97,213.01,2236
1788883800,213.01,213.12,213.00,213.07,1877
1788883860,213.07,213.13,213.03,213.06,1163
1788883920,213.06,213.13,212.98,213.06,2560
1788883980,213.06,213.07,212.88,212.90,2555
1788884040,212.90,213.09,212.87,213.05,2222
1788884100,213.05,213.11,212.93,212.98,1714
1788884160,212.98,213.04,212.91,212.96,1111
1788884220,212.96,213.07,212.90,213.01,2491
1788884280,213.01,213.22,212.97,213.18,2988
1788884340,213.18,213.29,213.12,213.22,1766
1788884400,213.22,213.26,213.03,213.10,2063
1788884460,213.10,213.31,213.06,213.27,2555
1788884520,213.27,213.33,213.09,213.14,2724
1788884580,213.14,213.34,213.10,213.28,2691
1788884640,213.28,213.32,213.13,213.15,2126
1788884700,213.15,213.15,212.96,213.02,2299
1788884760,213.02,213.02,212.83,212.90,1613
1788884820,212.90,212.96,212.88,212.94,254
1788884880,212.94,213.08,212.89,213.01,2528
1788884940,213.01,213.22,212.96,213.15,2791
1788885000,213.15,213.21,213.05,213.07,2750
1788885060,213.07,213.13,212.85,212.93,876
1788885120,212.93,212.98,212.69,212.77,291
1788885180,212.77,212.84,212.73,212.84,347
1788885240,212.84,212.92,212.79,212.91,2798
1788885300,212.91,213.04,212.89,212.96,2609
1788885360,212.96,213.01,212.93,212.95,270
1788885420,212.95,213.00,212.74,212.82,845
1788885480,212.82,212.99,212.78,212.97,1254
1788885540,212.97,213.13,212.91,213.06,1214
1788885600,213.06,213.11,212.90,212.94,93
1788885660,212.94,212.95,212.86,212.89,2065
1788885720,212.89,212.93,212.84,212.85,2411
1788885780,212.85,212.90,212.76,212.79,824
1788885840,212.79,212.82,212.75,212.79,1559
1788885900,212.79,212.88,212.77,212.81,1217
1788885960,212.81,212.90,212.80,212.85,1308
1788886020,212.85,212.87,212.82,212.87,2550
1788886080,212.87,212.88,212.77,212.84,164
1788886140,212.84,212.86,212.79,212.83,897
1788886200,212.83,212.87,212.67,212.73,1783
1788886260,212.73,212.75,212.64,212.72,913
1788886320,212.72,212.90,212.64,212.88,1124
1788886380,212.88,212.89,212.77,212.84,850
1788886440,212.84,212.85,212.78,212.81,2215
1788886500,212.81,212.89,212.64,212.65,954
1788886560,212.65,212.68,212.51,212.54,523
1788886620,212.54,212.68,212.47,212.66,813
1788886680,212.66,212.80,212.63,212.79,108
1788886740,212.79,212.84,212.59,212.67,1262
1788886800,212.67,212.79,212.63,212.72,1083
1788886860,212.72,212.80,212.56,212.60,757
1788886920,212.60,212.65,212.48,212.53,1095
1788886980,212.53,212.71,212.51,212.64,703
1788887040,212.64,212.67,212.57,212.61,521
1788887100,212.61,212.79,212.57,212.72,2115
1788887160,212.72,212.78,212.65,212.69,662
1788887220,212.69,212.88,212.68,212.81,2424
1788887280,212.81,212.89,212.70,212.71,567
1788887340,212.71,212.78,212.69,212.71,620
1788887400,212.71,212.84,212.64,212.83,950
1788887460,212.83,212.92,212.79,212.88,311
1788887520,212.88,213.03,212.83,213.02,2213
1788887580,213.02,213.09,212.86,212.91,2540
1788887640,212.91,212.98,212.80,212.88,1383
1788887700,212.88,212.90,212.85,212.88,1408
1788887760,212.88,212.95,212.84,212.85,2447
1788887820,212.85,212.93,212.79,212.92,1853
1788887880,212.92,212.94,212.80,212.83,2001
1788887940,212.83,212.99,212.82,212.98,2901
1788888000,212.98,213.01,212.86,212.89,2210
1788888060,212.89,212.92,212.74,212.79,1287
1788888120,212.79,212.81,212.69,212.76,2187
1788888180,212.76,212.94,212.70,212.88,1755
1788888240,212.88,213.00,212.80,212.97,2396
1788888300,212.97,213.02,212.87,212.90,2484
1788888360,212.90,212.90,212.82,212.86,2859
1788888420,212.86,212.94,212.77,212.85,788
1788888480,212.85,213.00,212.83,212.92,307
1788888540,212.92,213.14,212.90,213.08,71
1788888600,213.08,213.14,212.94,212.98,1403
1788888660,212.98,212.98,212.85,212.92,1507
1788888720,212.92,212.99,212.84,212.93,1608
1788888780,212.93,212.95,212.79,212.85,1781
1788888840,212.85,212.89,212.66,212.69,603
1788888900,212.69,212.89,212.61,212.83,1386
1788888960,212.83,212.87,212.78,212.78,2588
1788889020,212.78,212.83,212.73,212.78,299
1788889080,212.78,212.86,212.62,212.67,1594
1788889140,212.67,212.75,212.54,212.58,1155
1788889200,212.58,212.58,212.46,212.50,2129
1788889260,212.50,212.53,212.34,212.34,1265
1788889320,212.34,212.39,212.26,212.27,1501
1788889380,212.27,212.28,212.20,212.21,1617
1788889440,212.21,212.39,212.20,212.31,2351
1788889500,212.31,212.55,212.23,212.47,2702
1788889560,212.47,212.54,212.32,212.35,1091
1788889620,212.35,212.43,212.32,212.42,294
1788889680,212.42,212.66,212.34,212.58,2627
1788889740,212.58,212.60,212.46,212.50,2861
1788889800,212.50,212.56,212.45,212.51,2587
1788889860,212.51,212.54,212.44,212.53,291
1788889920,212.53,212.64,212.47,212.63,795
1788889980,212.63,212.80,212.60,212.74,1020
1788890040,212.74,212.79,212.53,212.58,644
1788890100,212.58,212.64,212.36,212.42,381
1788890160,212.42,212.50,212.30,212.35,1038
1788890220,212.35,212.37,212.21,212.23,1551
1788890280,212.23,212.26,212.21,212.25,1087
1788890340,212.25,212.26,212.17,212.20,68
1788925500,212.20,212.23,212.00,212.05,1905
1788925560,212.05,212.06,212.01,212.03,688
1788925620,212.03,212.11,211.96,212.06,2132
1788925680,212.06,212.15,211.98,212.13,2626
1788925740,212.13,212.31,212.08,212.27,1677
1788925800,212.27,212.34,212.19,212.30,1613
1788925860,212.30,212.42,212.24,212.40,1912
1788925920,212.40,212.40,212.32,212.40,2678
1788925980,212.40,212.45,212.29,212.30,2135
1788926040,212.30,212.31,212.10,212.16,511
1788926100,212.16,212.27,212.10,212.24,1548
1788926160,212.24,212.29,212.14,212.21,992
1788926220,212.21,212.24,212.08,212.12,2616
1788926280,212.12,212.21,212.08,212.14,1876
1788926340,212.14,212.14,212.02,212.09,594
1788926400,212.09,212.14,212.00,212.06,1597
1788926460,212.06,212.19,212.02,212.11,403
1788926520,212.11,212.13,211.90,211.97,2419
1788926580,211.97,212.11,211.90,212.07,825
1788926640,212.07,212.17,212.06,212.13,589
1788926700,212.13,212.16,212.08,212.11,340
1788926760,212.11,212.16,212.08,212.15,1160
1788926820,212.15,212.19,212.00,212.03,122
1788926880,212.03,212.07,211.88,211.94,243
1788926940,211.94,211.99,211.86,211.97,1329
1788927000,211.97,212.03,211.80,211.82,2936
1788927060,211.82,211.91,211.81,211.85,382
1788927120,211.85,212.02,211.77,212.01,2669
1788927180,212.01,212.21,211.95,212.15,88
1788927240,212.15,212.20,211.99,212.07,1524
1788927300,212.07,212.12,211.99,212.11,1670
1788927360,212.11,212.31,212.06,212.24,851
1788927420,212.24,212.38,212.18,212.31,1352
1788927480,212.31,212.40,212.30,212.34,2179
1788927540,212.34,212.38,212.18,212.22,2838
1788927600,212.22,212.24,212.03,212.06,2968
1788927660,212.06,212.13,212.05,212.09,1688
1788927720,212.09,212.24,212.02,212.18,2852
1788927780,212.18,212.21,212.05,212.12,2728
1788927840,212.12,212.26,212.11,212.20,2427
1788927900,212.20,212.27,212.02,212.06,617
1788927960,212.06,212.10,212.03,212.06,669
1788928020,212.06,212.08,211.99,212.08,2431
1788928080,212.08,212.16,211.92,211.96,1169
1788928140,211.96,212.13,211.88,212.05,1208
1788928200,212.05,212.11,212.00,212.11,2827
1788928260,212.11,212.33,212.10,212.27,578
1788928320,212.27,212.42,212.19,212.40,1392
1788928380,212.40,212.46,212.28,212.35,662
1788928440,212.35,212.48,212.31,212.46,297
1788928500,212.46,212.54,212.35,212.35,2107
1788928560,212.35,212.48,212.28,212.48,1007
1788928620,212.48,212.67,212.47,212.63,2247
1788928680,212.63,212.77,212.62,212.71,246
1788928740,212.71,212.75,212.62,212.64,2278
1788928800,212.64,212.65,212.57,212.60,1044
1788928860,212.60,212.63,212.41,212.45,1256
1788928920,212.45,212.47,212.27,212.32,1582
1788928980,212.32,212.39,212.30,212.32,2295
1788929040,212.32,212.39,212.15,212.16,2780
1788929100,212.16,212.37,212.14,212.30,1349
1788929160,212.30,212.32,212.09,212.15,1864
1788929220,212.15,212.25,212.07,212.18,962
1788929280,212.18,212.40,212.12,212.34,90
1788929340,212.34,212.43,212.28,212.37,1421
1788929400,212.37,212.43,212.35,212.39,1975
1788929460,212.39,212.58,212.37,212.52,2552
1788929520,212.52,212.55,212.52,212.52,1395
1788929580,212.52,212.55,212.43,212.50,1693
1788929640,212.50,212.71,212.48,212.63,2403
1788929700,212.63,212.77,212.56,212.70,996
1788929760,212.70,212.72,212.60,212.65,2183
1788929820,212.65,212.67,212.52,212.54,1076
1788929880,212.54,212.59,212.41,212.44,1453
1788929940,212.44,212.53,212.39,212.48,1222
1788930000,212.48,212.72,212.47,212.65,603
1788930060,212.65,212.78,212.57,212.74,1969
1788930120,212.74,212.89,212.73,212.88,2073
1788930180,212.88,212.95,212.77,212.84,2035
1788930240,212.84,212.95,212.81,212.87,1799
1788930300,212.87,212.92,212.68,212.74,805
1788930360,212.74,212.80,212.62,212.64,2475
1788930420,212.64,212.82,212.56,212.79,845
1788930480,212.79,212.87,212.66,212.73,2425
1788930540,212.73,212.87,212.68,212.81,2656
1788930600,212.81,212.89,212.70,212.77,59
1788930660,212.77,212.81,212.55,212.63,1032
1788930720,212.63,212.80,212.55,212.74,2170
1788930780,212.74,212.82,212.65,212.68,1328
1788930840,212.68,212.76,212.50,212.58,159
1788930900,212.58,212.59,212.42,212.48,1554
1788930960,212.48,212.55,212.35,212.38,1471
1788931020,212.38,212.46,212.15,212.23,2784
1788931080,212.23,212.27,212.15,212.17,654
1788931140,212.17,212.31,212.16,212.25,2090
1788931200,212.25,212.41,212.25,212.33,703
1788931260,212.33,212.35,212.25,212.33,1007
1788931320,212.33,212.40,212.28,212.37,2544
1788931380,212.37,212.48,212.31,212.43,997
1788931440,212.43,212.46,212.26,212.33,710
1788931500,212.33,212.37,212.18,212.21,2539
1788931560,212.21,212.39,212.18,212.31,2643
1788931620,212.31,212.42,212.25,212.41,1559
1788931680,212.41,212.52,212.38,212.49,793
1788931740,212.49,212.53,212.35,212.35,2917
1788931800,212.35,212.49,212.27,212.49,1965
1788931860,212.49,212.50,212.43,212.45,2311
1788931920,212.45,212.61,212.45,212.53,1216
1788931980,212.53,212.75,212.48,212.67,762
1788932040,212.67,212.73,212.63,212.72,1580
1788932100,212.72,212.84,212.67,212.83,1543
1788932160,212.83,212.90,212.82,212.89,1103
1788932220,212.89,212.93,212.78,212.80,2078
1788932280,212.80,212.87,212.71,212.74,268
1788932340,212.74,212.84,212.70,212.78,2020
1788932400,212.78,212.90,212.77,212.85,2671
1788932460,212.85,212.88,212.66,212.71,2318
1788932520,212.71,212.80,212.66,212.79,2714
1788932580,212.79,212.83,212.63,212.64,2439
1788932640,212.64,212.68,212.56,212.65,828
1788932700,212.65,212.89,212.60,212.81,904
1788932760,212.81,212.89,212.80,212.86,230
1788932820,212.86,212.94,212.81,212.90,2966
1788932880,212.90,213.04,212.83,212.97,577
1788932940,212.97,213.18,212.93,213.12,1068
1788933000,213.12,213.15,213.07,213.12,563
1788933060,213.12,213.27,213.06,213.24,2393
1788933120,213.24,213.34,213.19,213.30,722
1788933180,213.30,213.38,213.24,213.36,2379
1788933240,213.36,213.43,213.21,213.23,2206
1788933300,213.23,213.28,213.13,213.14,768
1788933360,213.14,213.19,213.10,213.12,801
1788933420,213.12,213.27,213.05,213.19,2539
1788933480,213.19,213.39,213.12,213.34,1834
1788933540,213.34,213.37,213.23,213.27,849
1788933600,213.27,213.37,213.24,213.34,349
1788933660,213.34,213.52,213.31,213.49,1416
1788933720,213.49,213.49,213.34,213.35,287
1788933780,213.35,213.41,213.31,213.32,2732
1788933840,213.32,213.35,213.17,213.23,649
1788933900,213.23,213.26,213.10,213.11,2133
1788933960,213.11,213.22,213.09,213.16,141
1788934020,213.16,213.17,213.10,213.14,2286
1788934080,213.14,213.22,213.11,213.11,2767
1788934140,213.11,213.11,212.98,213.01,109
1788934200,213.01,213.07,212.94,212.95,1986
1788934260,212.95,213.16,212.91,213.09,731
1788934320,213.09,213.18,213.06,213.10,2741
1788934380,213.10,213.16,213.09,213.14,924
1788934440,213.14,213.20,213.00,213.04,623
1788934500,213.04,213.06,212.91,212.91,2971
1788934560,212.91,212.95,212.85,212.92,1255
1788934620,212.92,213.00,212.86,212.98,529
1788934680,212.98,213.04,212.75,212.83,1143
1788934740,212.83,212.87,212.67,212.74,2573
1788934800,212.74,212.74,212.63,212.67,1659
1788934860,212.67,212.79,212.66,212.74,459
1788934920,212.74,212.92,212.68,212.86,1526
1788934980,212.86,212.91,212.78,212.90,93
1788935040,212.90,213.00,212.89,212.98,1815
1788935100,212.98,212.98,212.80,212.85,983
1788935160,212.85,212.87,212.67,212.74,2654
1788935220,212.74,212.81,212.69,212.70,2238
1788935280,212.70,212.88,212.62,212.83,229
1788935340,212.83,212.97,212.81,212.93,2825
1788935400,212.93,212.98,212.77,212.82,2764
1788935460,212.82,212.84,212.77,212.82,2785
1788935520,212.82,213.01,212.76,212.93,180
1788935580,212.93,212.95,212.81,212.87,773
1788935640,212.87,212.89,212.84,212.87,1441
1788935700,212.87,212.97,212.80,212.95,293
1788935760,212.95,213.09,212.90,213.01,2981
1788935820,213.01,213.08,212.90,212.92,734
1788935880,212.92,213.08,212.88,213.06,1709
1788935940,213.06,213.11,212.99,213.06,2768
1788936000,213.06,213.20,213.06,213.12,1451
1788936060,213.12,213.12,212.96,213.00,2042
1788936120,213.00,213.18,212.95,213.12,1751
1788936180,213.12,213.19,212.97,212.99,2680
1788936240,212.99,213.12,212.97,213.08,1489
1788936300,213.08,213.17,213.02,213.12,2953
1788936360,213.12,213.21,213.11,213.17,456
1788936420,213.17,213.28,213.10,213.26,2550
1788936480,213.26,213.30,213.14,213.21,2413
1788936540,213.21,213.24,213.03,213.11,1947
1788936600,213.11,213.22,213.10,213.14,1665
1788936660,213.14,213.20,213.06,213.07,269
1788936720,213.07,213.29,213.00,213.24,60
1788936780,213.24,213.27,213.18,213.21,307
1788936840,213.21,213.22,213.05,213.12,2136
1788936900,213.12,213.27,213.04,213.25,2016
1788936960,213.25,213.45,213.23,213.39,1889
1788937020,213.39,213.42,213.17,213.23,1410
1788937080,213.23,213.29,213.15,213.24,1995
1788937140,213.24,213.25,213.16,213.22,2945
1788937200,213.22,213.23,213.14,213.15,677
1788937260,213.15,213.22,213.08,213.12,2996
1788937320,213.12,213.18,212.96,213.01,446
1788937380,213.01,213.03,212.94,213.01,900
1788937440,213.01,213.05,212.80,212.86,1676
1788937500,212.86,212.90,212.83,212.84,1723
1788937560,212.84,213.00,212.80,212.97,2386
1788937620,212.97,213.03,212.89,212.95,205
1788937680,212.95,213.02,212.87,212.91,2400
1788937740,212.91,212.97,212.76,212.78,459
1788937800,212.78,212.80,212.67,212.71,891
1788937860,212.71,212.88,212.63,212.83,820
1788937920,212.83,213.00,212.78,212.95,2878
1788937980,212.95,212.97,212.90,212.96,2314
1788938040,212.96,213.01,212.77,212.80,204
1788938100,212.80,212.86,212.68,212.73,1532
1788938160,212.73,212.78,212.52,212.59,1893
1788938220,212.59,212.78,212.58,212.70,1032
1788938280,212.70,212.74,212.58,212.60,692
1788938340,212.60,212.67,212.39,212.45,984
1788938400,212.45,212.47,212.32,212.40,2421
1788938460,212.40,212.46,212.19,212.24,642
1788938520,212.24,212.30,212.11,212.18,1597
1788938580,212.18,212.20,212.06,212.13,1854
1788938640,212.13,212.27,212.11,212.19,918
1788938700,212.19,212.32,212.15,212.29,2608
1788938760,212.29,212.31,212.22,212.28,82
1788938820,212.28,212.44,212.22,212.41,729
1788938880,212.41,212.53,212.35,212.53,183
1788938940,212.53,212.66,212.49,212.60,1149
1788939000,212.60,212.82,212.57,212.77,536
1788939060,212.77,212.82,212.59,212.67,2912
1788939120,212.67,212.78,212.62,212.72,294
1788939180,212.72,212.79,212.67,212.75,2958
1788939240,212.75,212.86,212.72,212.85,2224
1788939300,212.85,213.04,212.82,213.00,2957
1788939360,213.00,213.20,212.94,213.15,1006
1788939420,213.15,213.23,213.07,213.16,2707
1788939480,213.16,213.23,213.13,213.16,653
1788939540,213.16,213.18,212.95,213.01,2456
1788939600,213.01,213.08,212.92,212.95,671
1788939660,212.95,213.09,212.89,213.04,1242
1788939720,213.04,213.10,213.02,213.04,1868
1788939780,213.04,213.10,212.98,213.02,1448
1788939840,213.02,213.05,212.92,212.94,1911
1788939900,212.94,213.17,212.90,213.11,2473
1788939960,213.11,213.26,213.06,213.20,2174
1788940020,213.20,213.23,213.00,213.08,1587
1788940080,213.08,213.12,213.01,213.05,466
1788940140,213.05,213.06,212.92,212.94,935
1788940200,212.94,213.10,212.87,213.08,2422
1788940260,213.08,213.13,213.04,213.11,2276
1788940320,213.11,213.18,213.00,213.08,2160
1788940380,213.08,213.08,212.86,212.93,1995
1788940440,212.93,212.98,212.84,212.88,368
1788940500,212.88,212.96,212.71,212.73,503
1788940560,212.73,212.89,212.71,212.83,2674
1788940620,212.83,212.86,212.74,212.77,466
1788940680,212.77,212.85,212.58,212.64,2129
1788940740,212.64,212.80,212.62,212.75,1435
1788940800,212.75,212.82,212.61,212.64,1014
1788940860,212.64,212.66,212.56,212.60,1097
1788940920,212.60,212.73,212.53,212.67,1838
1788940980,212.67,212.74,212.65,212.73,2833
1788941040,212.73,212.79,212.57,212.57,2516
1788941100,212.57,212.62,212.39,212.43,364
1788941160,212.43,212.51,212.38,212.44,400
1788941220,212.44,212.45,212.31,212.38,2115
1788941280,212.38,212.46,212.23,212.31,663
1788941340,212.31,212.44,212.24,212.36,1685
1788941400,212.36,212.43,212.26,212.28,1667
1788941460,212.28,212.34,212.24,212.28,2993
1788941520,212.28,212.41,212.22,212.34,460
1788941580,212.34,212.42,212.31,212.38,1755
1788941640,212.38,212.40,212.28,212.35,1733
1788941700,212.35,212.42,212.35,212.39,1661
1788941760,212.39,212.55,212.36,212.54,2057
1788941820,212.54,212.54,212.40,212.43,306
1788941880,212.43,212.61,212.38,212.57,713
1788941940,212.57,212.65,212.49,212.54,2378
1788942000,212.54,212.59,212.45,212.49,1557
1788942060,212.49,212.55,212.47,212.48,2632
1788942120,212.48,212.55,212.41,212.52,1293
1788942180,212.52,212.54,212.31,212.39,2699
1788942240,212.39,212.56,212.34,212.50,1242
1788942300,212.50,212.57,212.40,212.47,1896
1788942360,212.47,212.52,212.45,212.47,481
1788942420,212.47,212.60,212.45,212.59,1528
1788942480,212.59,212.63,212.57,212.63,85
1788942540,212.63,212.82,212.62,212.77,712
1788942600,212.77,212.81,212.60,212.61,2466
1788942660,212.61,212.69,212.44,212.52,2142
1788942720,212.52,212.60,212.48,212.54,2202
1788942780,212.54,212.56,212.44,212.47,1616
1788942840,212.47,212.64,212.47,212.57,2538
1788942900,212.57,212.65,212.56,212.56,1309
1788942960,212.56,212.59,212.38,212.45,252
1788943020,212.45,212.69,212.37,212.61,861
1788943080,212.61,212.66,212.58,212.63,2893
1788943140,212.63,212.71,212.60,212.71,1797
1788943200,212.71,212.80,212.66,212.76,506
1788943260,212.76,212.89,212.74,212.85,1237
1788943320,212.85,212.96,212.83,212.90,314
1788943380,212.90,212.93,212.84,212.91,280
1788943440,212.91,212.97,212.82,212.88,2769
1788943500,212.88,212.96,212.68,212.74,1857
1788943560,212.74,212.82,212.73,212.81,2620
1788943620,212.81,212.96,212.74,212.92,2363
1788943680,212.92,212.96,212.88,212.90,2854
1788943740,212.90,212.98,212.79,212.85,2141
1788943800,212.85,212.89,212.67,212.71,797
1788943860,212.71,212.86,212.64,212.78,947
1788943920,212.78,212.86,212.73,212.83,191
1788943980,212.83,212.87,212.74,212.78,2130
1788944040,212.78,212.96,212.74,212.88,1844
1788944100,212.88,212.91,212.76,212.81,705
1788944160,212.81,212.99,212.75,212.95,269
1788944220,212.95,213.02,212.73,212.79,1570
1788944280,212.79,213.04,212.72,212.96,1993
1788944340,212.96,213.00,212.88,212.96,2400
1788944400,212.96,213.03,212.90,212.92,1523
1788944460,212.92,213.12,212.88,213.05,2874
1788944520,213.05,213.24,213.03,213.20,1021
1788944580,213.20,213.21,213.14,213.18,2179
1788944640,213.18,213.31,213.15,213.29,805
1788944700,213.29,213.35,213.18,213.20,2533
1788944760,213.20,213.22,213.19,213.22,1257
1788944820,213.22,213.34,213.20,213.27,867
1788944880,213.27,213.33,213.11,213.13,1302
1788944940,213.13,213.14,212.98,213.01,389
1788945000,213.01,213.07,212.84,212.85,1567
1788945060,212.85,212.94,212.84,212.90,2747
1788945120,212.90,212.92,212.83,212.91,913
1788945180,212.91,212.97,212.74,212.79,2060
1788945240,212.79,212.86,212.71,212.83,2441
1788945300,212.83,212.91,212.80,212.91,218
1788945360,212.91,212.99,212.83,212.85,2295
1788945420,212.85,213.05,212.80,212.97,2211
1788945480,212.97,213.11,212.95,213.09,1622
1788945540,213.09,213.17,213.07,213.11,457
1788945600,213.11,213.28,213.03,213.27,1556
1788945660,213.27,213.35,213.10,213.11,1298
1788945720,213.11,213.16,212.91,212.98,2257
1788945780,212.98,213.03,212.84,212.87,2953
1788945840,212.87,212.88,212.81,212.83,2181
1788945900,212.83,212.86,212.71,212.72,1607
1788945960,212.72,212.74,212.68,212.73,2640
1788946020,212.73,212.73,212.69,212.70,2514
1788946080,212.70,212.77,212.52,212.59,1701
1788946140,212.59,212.66,212.47,212.47,1185
1788946200,212.47,212.63,212.41,212.56,882
1788946260,212.56,212.63,212.40,212.45,891
1788946320,212.45,212.59,212.44,212.57,1327
1788946380,212.57,212.63,212.49,212.59,1899
1788946440,212.59,212.62,212.37,212.45,2770
1788946500,212.45,212.47,212.44,212.44,273
1788946560,212.44,212.52,212.36,212.41,1086
1788946620,212.41,212.55,212.34,212.48,1698
1788946680,212.48,212.55,212.26,212.34,1084
1788946740,212.34,212.47,212.31,212.40,2085
1788946800,212.40,212.42,212.40,212.41,484
1788946860,212.41,212.60,212.39,212.54,2032
1788946920,212.54,212.68,212.50,212.66,2344
1788946980,212.66,212.79,212.58,212.78,1477
1788947040,212.78,212.94,212.71,212.89,542
1788947100,212.89,212.91,212.76,212.81,2996
1788947160,212.81,212.86,212.76,212.79,2186
1788947220,212.79,212.85,212.71,212.80,854
1788947280,212.80,212.99,212.77,212.97,920
1788947340,212.97,213.04,212.86,212.88,2089
1788947400,212.88,213.04,212.84,212.96,1445
1788947460,212.96,212.97,212.86,212.92,2874
1788947520,212.92,213.10,212.87,213.06,314
1788947580,213.06,213.23,213.02,213.21,913
1788947640,213.21,213.24,213.15,213.24,851
1788947700,213.24,213.29,213.18,213.19,712
1788947760,213.19,213.21,213.05,213.12,1662
1788947820,213.12,213.25,213.10,213.20,2842
1788947880,213.20,213.22,213.12,213.16,1080
1788947940,213.16,213.25,213.11,213.24,1072
1788948000,213.24,213.40,213.17,213.37,168
1788948060,213.37,213.44,213.20,213.23,2399
1788948120,213.23,213.37,213.17,213.36,644
1788948180,213.36,213.44,213.21,213.24,480
1788948240,213.24,213.35,213.22,213.33,459
1788948300,213.33,213.34,213.24,213.26,874
1788948360,213.26,213.31,213.11,213.17,2221
1788948420,213.17,213.27,213.12,213.26,1436
1788948480,213.26,213.29,213.20,213.23,2829
1788948540,213.23,213.33,213.22,213.32,1247
1788948600,213.32,213.53,213.26,213.45,1829
1788948660,213.45,213.60,213.38,213.60,1354
1788948720,213.60,213.75,213.55,213.72,1308
1788948780,213.72,213.91,213.71,213.87,2118
1788948840,213.87,213.92,213.69,213.76,1472
1788948900,213.76,213.81,213.65,213.65,2344
1788948960,213.65,213.68,213.58,213.66,2262
1788949020,213.66,213.71,213.63,213.68,1988
1788949080,213.68,213.75,213.54,213.56,932
1788949140,213.56,213.61,213.53,213.56,616
1788949200,213.56,213.68,213.48,213.66,1309
1788949260,213.66,213.67,213.61,213.66,2670
1788949320,213.66,213.72,213.53,213.60,647
1788949380,213.60,213.66,213.52,213.54,786
1788949440,213.54,213.77,213.53,213.69,2030
1788949500,213.69,213.70,213.52,213.60,1357
1788949560,213.60,213.82,213.58,213.74,392
1788949620,213.74,213.81,213.63,213.65,1574
1788949680,213.65,213.70,213.48,213.54,2650
1788949740,213.54,213.67,213.52,213.62,1167
1788949800,213.62,213.77,213.58,213.69,2542
1788949860,213.69,213.75,213.66,213.73,1437
1788949920,213.73,213.75,213.70,213.75,1755
1788949980,213.75,213.84,213.67,213.78,2166
1788950040,213.78,213.82,213.70,213.74,1719
1788950100,213.74,213.91,213.68,213.87,1708
1788950160,213.87,213.89,213.87,213.87,2095
1788950220,213.87,214.06,213.82,214.03,934
1788950280,214.03,214.14,213.95,214.08,981
1788950340,214.08,214.14,214.01,214.13,2141
1788950400,214.13,214.23,214.08,214.16,660
1788950460,214.16,214.21,214.05,214.13,1463
1788950520,214.13,214.27,214.09,214.19,852
1788950580,214.19,214.25,214.02,214.06,763
1788950640,214.06,214.13,213.95,213.98,1089
1788950700,213.98,214.04,213.83,213.87,549
1788950760,213.87,213.88,213.79,213.87,2632
1788950820,213.87,214.00,213.86,213.95,961
1788950880,213.95,214.07,213.87,214.00,185
1788950940,214.00,214.17,213.99,214.13,2542
1788951000,214.13,214.18,214.07,214.07,2942
1788951060,214.07,214.22,214.05,214.20,2735
1788951120,214.20,214.26,214.09,214.09,2327
1788951180,214.09,214.20,214.04,214.16,2752
1788951240,214.16,214.19,214.04,214.10,1001
1788951300,214.10,214.18,214.03,214.17,95
1788951360,214.17,214.33,214.11,214.31,946
1788951420,214.31,214.43,214.28,214.39,2446
1788951480,214.39,214.50,214.39,214.46,1888
1788951540,214.46,214.55,214.43,214.51,760
1788951600,214.51,214.65,214.45,214.65,2888
1788951660,214.65,214.71,214.60,214.68,498
1788951720,214.68,214.69,214.55,214.61,1412
1788951780,214.61,214.77,214.60,214.70,778
1788951840,214.70,214.80,214.69,214.80,1978
1788951900,214.80,214.92,214.78,214.84,2141
1788951960,214.84,214.86,214.79,214.80,565
1788952020,214.80,214.88,214.75,214.78,2375
1788952080,214.78,214.82,214.60,214.64,1949
1788952140,214.64,214.71,214.56,214.60,1803
1788952200,214.60,214.68,214.60,214.64,1976
1788952260,214.64,214.81,214.63,214.73,2545
1788952320,214.73,214.80,214.62,214.69,1815
1788952380,214.69,214.75,214.63,214.68,2996
1788952440,214.68,214.89,214.63,214.81,1074
1788952500,214.81,214.85,214.66,214.72,1106
1788952560,214.72,214.90,214.69,214.82,847
1788952620,214.82,214.86,214.72,214.79,2904
1788952680,214.79,214.87,214.78,214.83,383
1788952740,214.83,215.01,214.75,214.96,1401
1788952800,214.96,214.98,214.78,214.85,1971
1788952860,214.85,214.91,214.68,214.71,1340
1788952920,214.71,214.87,214.64,214.83,1194
1788952980,214.83,214.84,214.71,214.74,491
1788953040,214.74,214.90,214.66,214.84,2385
1788953100,214.84,214.93,214.80,214.86,2535
1788953160,214.86,215.09,214.86,215.01,2896
1788953220,215.01,215.09,215.00,215.05,1014
1788953280,215.05,215.06,214.87,214.89,2997
1788953340,214.89,214.95,214.87,214.94,297
1788953400,214.94,215.06,214.90,214.98,2900
1788953460,214.98,215.10,214.92,215.06,1566
1788953520,215.06,215.14,214.90,214.93,573
1788953580,214.93,215.01,214.85,214.99,1131
1788953640,214.99,215.18,214.93,215.10,609
1788953700,215.10,215.20,215.03,215.17,987
1788953760,215.17,215.21,215.07,215.10,301
1788953820,215.10,215.27,215.05,215.24,2174
1788953880,215.24,215.31,215.18,215.20,1865
1788953940,215.20,215.24,215.15,215.16,1325
1788954000,215.16,215.20,214.97,215.04,2053
1788954060,215.04,215.12,214.88,214.94,2509
1788954120,214.94,215.01,214.83,214.85,1969
1788954180,214.85,214.86,214.76,214.79,722
1788954240,214.79,214.80,214.59,214.65,846
1788954300,214.65,214.71,214.47,214.52,2279
1788954360,214.52,214.57,214.42,214.49,2609
1788954420,214.49,214.69,214.40,214.66,999
1788954480,214.66,214.82,214.65,214.79,648
1788954540,214.79,214.81,214.78,214.80,1007
1788954600,214.80,214.95,214.73,214.90,313
1788954660,214.90,214.98,214.76,214.79,884
1788954720,214.79,214.87,214.71,214.76,796
1788954780,214.76,214.94,214.73,214.87,1420
1788954840,214.87,215.01,214.85,215.00,1753
1788954900,215.00,215.07,214.82,214.89,2772
1788954960,214.89,215.08,214.82,215.00,117
1788955020,215.00,215.02,214.79,214.85,2764
1788955080,214.85,215.05,214.81,215.02,1732
1788955140,215.02,215.17,214.97,215.13,1564
1788955200,215.13,215.17,215.00,215.04,149
1788955260,215.04,215.20,215.00,215.14,101
1788955320,215.14,215.36,215.11,215.31,1351
1788955380,215.31,215.49,215.30,215.44,2965
1788955440,215.44,215.59,215.42,215.51,862
1788955500,215.51,215.54,215.35,215.37,665
1788955560,215.37,215.42,215.27,215.29,1386
1788955620,215.29,215.35,215.19,215.25,1094
1788955680,215.25,215.32,215.22,215.25,2011
1788955740,215.25,215.32,215.19,215.20,255
1788955800,215.20,215.27,215.16,215.16,1359
1788955860,215.16,215.31,215.16,215.29,1329
1788955920,215.29,215.33,215.12,215.19,2578
1788955980,215.19,215.22,215.07,215.11,2544
1788956040,215.11,215.13,214.96,215.03,516
1788956100,215.03,215.04,214.97,215.03,723
1788956160,215.03,215.26,214.95,215.18,337
1788956220,215.18,215.22,215.02,215.08,2683
1788956280,215.08,215.20,215.00,215.18,969
1788956340,215.18,215.25,215.10,215.13,70
1788956400,215.13,215.23,215.11,215.16,2621
1788956460,215.16,215.37,215.15,215.30,555
1788956520,215.30,215.34,215.22,215.25,256
1788956580,215.25,215.34,215.04,215.09,914
1788956640,215.09,215.16,214.92,214.96,2681
1788956700,214.96,215.04,214.88,214.90,2156
1788956760,214.90,215.10,214.89,215.02,176
1788956820,215.02,215.03,214.95,214.99,1432
1788956880,214.99,215.21,214.94,215.14,1948
1788956940,215.14,215.32,215.11,215.25,411
1788957000,215.25,215.45,215.19,215.38,2044
1788957060,215.38,215.43,215.17,215.24,2380
1788957120,215.24,215.33,215.22,215.28,1569
1788957180,215.28,215.32,215.15,215.21,1868
1788957240,215.21,215.30,215.21,215.25,2714
1788957300,215.25,215.35,215.18,215.34,731
1788957360,215.34,215.60,215.33,215.52,851
1788957420,215.52,215.60,215.45,215.49,1040
1788957480,215.49,215.52,215.48,215.48,1613
1788957540,215.48,215.53,215.33,215.38,783
1788957600,215.38,215.40,215.21,215.25,2371
1788957660,215.25,215.40,215.23,215.40,1416
1788957720,215.40,215.48,215.25,215.25,855
1788957780,215.25,215.38,215.22,215.34,2415
1788957840,215.34,215.38,215.12,215.18,518
1788957900,215.18,215.23,215.13,215.16,2009
1788957960,215.16,215.23,215.04,215.04,2692
1788958020,215.04,215.05,214.98,215.02,125
1788958080,215.02,215.24,214.95,215.17,1400
1788958140,215.17,215.30,215.14,215.22,2992
1788958200,215.22,215.37,215.20,215.31,1306
1788958260,215.31,215.47,215.26,215.45,120
1788958320,215.45,215.47,215.24,215.28,2058
1788958380,215.28,215.46,215.21,215.42,1630
1788958440,215.42,215.63,215.36,215.56,246
1788958500,215.56,215.74,215.56,215.72,2688
1788958560,215.72,215.75,215.69,215.75,2876
1788958620,215.75,215.89,215.74,215.81,158
1788958680,215.81,215.87,215.67,215.71,2240
1788958740,215.71,215.79,215.60,215.67,2807
1788958800,215.67,215.67,215.51,215.59,643
1788958860,215.59,215.71,215.58,215.65,1365
1788958920,215.65,215.84,215.60,215.82,2611
1788958980,215.82,215.84,215.77,215.77,1405
1788959040,215.77,215.86,215.70,215.83,2619
1788959100,215.83,216.00,215.80,215.95,282
1788959160,215.95,215.99,215.76,215.80,666
1788959220,215.80,215.81,215.64,215.65,2800
1788959280,215.65,215.89,215.58,215.83,2792
1788959340,215.83,215.90,215.78,215.80,2479
1788959400,215.80,216.02,215.71,215.94,1272
1788959460,215.94,215.97,215.84,215.90,2912
1788959520,215.90,216.03,215.89,215.95,242
1788959580,215.95,216.03,215.80,215.81,1924
1788959640,215.81,215.94,215.80,215.87,561
1788959700,215.87,215.95,215.76,215.79,2700
1788959760,215.79,215.84,215.57,215.65,1878
1788959820,215.65,215.66,215.62,215.63,2463
1788959880,215.63,215.63,215.41,215.49,2807
1788959940,215.49,215.62,215.43,215.54,2284
1788960000,215.54,215.68,215.49,215.64,352
1788960060,215.64,215.82,215.57,215.81,351
1788960120,215.81,215.87,215.79,215.86,1777
1788960180,215.86,215.94,215.81,215.93,2885
1788960240,215.93,215.95,215.90,215.94,2205
1788960300,215.94,215.95,215.87,215.92,1589
1788960360,215.92,216.08,215.83,216.06,206
1788960420,216.06,216.22,215.97,216.21,2154
1788960480,216.21,216.24,216.04,216.07,2312
1788960540,216.07,216.09,215.94,216.02,2990
1788960600,216.02,216.20,215.93,216.13,868
1788960660,216.13,216.29,216.12,216.25,60
1788960720,216.25,216.25,216.21,216.25,1698
1788960780,216.25,216.39,216.22,216.30,2078
1788960840,216.30,216.47,216.28,216.47,2156
1788960900,216.47,216.54,216.32,216.34,1438
1788960960,216.34,216.39,216.19,216.23,948
1788961020,216.23,216.36,216.18,216.29,742
1788961080,216.29,216.32,216.10,216.18,2003
1788961140,216.18,216.20,215.98,216.04,1267
1788961200,216.04,216.13,215.87,215.92,2687
1788961260,215.92,216.05,215.91,216.01,374
1788961320,216.01,216.07,215.79,215.86,947
1788961380,215.86,215.88,215.64,215.72,81
1788961440,215.72,215.80,215.71,215.75,909
1788961500,215.75,215.99,215.72,215.92,2098
1788961560,215.92,215.94,215.86,215.89,917
1788961620,215.89,215.95,215.69,215.74,2168
1788961680,215.74,215.81,215.65,215.70,371
1788961740,215.70,215.73,215.55,215.61,2242
1788961800,215.61,215.64,215.58,215.60,2871
1788961860,215.60,215.80,215.59,215.77,2921
1788961920,215.77,215.85,215.74,215.75,1714
1788961980,215.75,215.78,215.59,215.63,998
1788962040,215.63,215.77,215.59,215.69,1712
1788962100,215.69,215.76,215.53,215.54,1211
1788962160,215.54,215.55,215.33,215.41,862
1788962220,215.41,215.53,215.34,215.46,896
1788962280,215.46,215.60,215.39,215.57,1840
1788962340,215.57,215.63,215.51,215.60,382
1788962400,215.60,215.64,215.37,215.44,415
1788962460,215.44,215.47,215.39,215.47,2972
1788962520,215.47,215.49,215.39,215.43,1058
1788962580,215.43,215.55,215.37,215.54,2017
1788962640,215.54,215.61,215.41,215.48,2750
1788962700,215.48,215.56,215.41,215.44,1941
1788962760,215.44,215.51,215.25,215.32,2376
1788962820,215.32,215.41,215.26,215.34,862
1788962880,215.34,215.37,215.18,215.23,1919
1788962940,215.23,215.46,215.16,215.38,286
1788963000,215.38,215.47,215.30,215.39,1174
1788963060,215.39,215.43,215.30,215.34,1905
1788963120,215.34,215.41,215.32,215.40,2191
1788963180,215.40,215.49,215.34,215.42,443
1788963240,215.42,215.44,215.19,215.28,2377
1788963300,215.28,215.35,215.16,215.20,1689
1788963360,215.20,215.23,215.19,215.21,1371
1788963420,215.21,215.27,215.15,215.26,1179
1788963480,215.26,215.33,215.07,215.11,1333
1788963540,215.11,215.36,215.08,215.28,2047
1788963600,215.28,215.29,215.21,215.22,1220
1788963660,215.22,215.24,215.16,215.24,1196
1788963720,215.24,215.33,215.19,215.29,2147
1788963780,215.29,215.45,215.22,215.45,2197
1788963840,215.45,215.49,215.37,215.46,510
1788963900,215.46,215.46,215.39,215.39,1816
1788963960,215.39,215.47,215.31,215.37,2333
1788964020,215.37,215.40,215.32,215.33,362
1788964080,215.33,215.51,215.29,215.48,420
1788964140,215.48,215.54,215.48,215.54,1483
1788964200,215.54,215.61,215.45,215.52,665
1788964260,215.52,215.52,215.48,215.52,108
1788964320,215.52,215.74,215.44,215.68,1932
1788964380,215.68,215.69,215.51,215.54,928
1788964440,215.54,215.59,215.34,215.42,1899
1788964500,215.42,215.50,215.37,215.37,998
1788964560,215.37,215.41,215.22,215.29,1898
1788964620,215.29,215.37,215.28,215.31,1429
1788964680,215.31,215.34,215.19,215.25,1542
1788964740,215.25,215.32,215.14,215.15,1241
1788964800,215.15,215.21,215.07,215.14,2114
1788964860,215.14,215.18,215.10,215.10,2309
1788964920,215.10,215.26,215.01,215.25,426
1788964980,215.25,215.28,215.10,215.11,1449
1788965040,215.11,215.25,215.03,215.21,167
1788965100,215.21,215.28,215.08,215.12,811
1788965160,215.12,215.20,215.09,215.16,2098
1788965220,215.16,215.24,215.13,215.14,1027
1788965280,215.14,215.19,215.11,215.12,2023
1788965340,215.12,215.15,214.92,215.00,2262
1788965400,215.00,215.00,214.92,214.98,1189
1788965460,214.98,215.13,214.95,215.05,2771
1788965520,215.05,215.07,214.90,214.96,2124
1788965580,214.96,215.10,214.94,215.09,1972
1788965640,215.09,215.14,214.98,214.99,2737
1788965700,214.99,215.02,214.86,214.89,165
1788965760,214.89,214.95,214.69,214.75,1525
1788965820,214.75,214.79,214.63,214.66,1401
1788965880,214.66,214.70,214.61,214.68,634
1788965940,214.68,214.69,214.50,214.55,1997
1788966000,214.55,214.58,214.36,214.40,615
1788966060,214.40,214.43,214.24,214.28,1133
1788966120,214.28,214.32,214.21,214.25,1731
1788966180,214.25,214.25,214.11,214.16,381
1788966240,214.16,214.29,214.13,214.23,144
1788966300,214.23,214.31,214.09,214.15,2278
1788966360,214.15,214.31,214.14,214.29,1986
1788966420,214.29,214.37,214.23,214.28,406
1788966480,214.28,214.32,214.04,214.11,2406
1788966540,214.11,214.25,214.03,214.24,2061
1788966600,214.24,214.27,214.13,214.14,2190
1788966660,214.14,214.21,213.96,213.98,1572
1788966720,213.98,214.07,213.94,214.03,1374
1788966780,214.03,214.18,213.99,214.13,525
1788966840,214.13,214.27,214.11,214.21,2614
1788966900,214.21,214.28,214.05,214.13,1262
1788966960,214.13,214.33,214.08,214.30,2357
1788967020,214.30,214.36,214.18,214.20,1692
1788967080,214.20,214.35,214.13,214.30,2741
1788967140,214.30,214.48,214.24,214.40,462
1788967200,214.40,214.45,214.25,214.25,2910
1788967260,214.25,214.26,214.22,214.25,1450
1788967320,214.25,214.31,214.08,214.09,551
1788967380,214.09,214.22,214.05,214.22,1120
1788967440,214.22,214.28,214.14,214.20,2013
1788967500,214.20,214.24,214.07,214.10,2656
1788967560,214.10,214.18,213.96,214.02,450
1788967620,214.02,214.13,213.99,214.09,2254
1788967680,214.09,214.26,214.02,214.25,1839
1788967740,214.25,214.44,214.17,214.36,2642
1788967800,214.36,214.54,214.29,214.53,1524
1788967860,214.53,214.60,214.47,214.59,2264
1788967920,214.59,214.63,214.45,214.49,318
1788967980,214.49,214.50,214.31,214.39,1754
1788968040,214.39,214.40,214.27,214.33,1624
1788968100,214.33,214.35,214.23,214.30,1574
1788968160,214.30,214.33,214.22,214.24,2140
1788968220,214.24,214.31,214.09,214.14,1481
1788968280,214.14,214.32,214.08,214.24,382
1788968340,214.24,214.38,214.22,214.31,567
1788968400,214.31,214.39,214.15,214.23,636
1788968460,214.23,214.25,214.02,214.07,2656
1788968520,214.07,214.09,213.94,213.97,2037
1788968580,213.97,214.00,213.84,213.88,2338
1788968640,213.88,213.90,213.80,213.82,1004
1788968700,213.82,214.03,213.77,213.95,1098
1788968760,213.95,214.10,213.92,214.10,1020
1788968820,214.10,214.17,213.99,214.07,1458
1788968880,214.07,214.27,214.04,214.22,1489
1788968940,214.22,214.27,214.11,214.15,157
1788969000,214.15,214.29,214.11,214.26,2810
1788969060,214.26,214.36,214.24,214.28,1130
1788969120,214.28,214.36,214.18,214.25,1380
1788969180,214.25,214.38,214.22,214.30,781
1788969240,214.30,214.35,214.24,214.26,85
1788969300,214.26,214.44,214.22,214.42,1178
1788969360,214.42,214.49,214.31,214.38,2023
1788969420,214.38,214.46,214.21,214.25,2130
1788969480,214.25,214.35,214.21,214.34,1624
1788969540,214.34,214.39,214.27,214.34,179
1788969600,214.34,214.50,214.26,214.42,1549
1788969660,214.42,214.46,214.19,214.26,113
1788969720,214.26,214.26,214.16,214.17,2061
1788969780,214.17,214.21,214.10,214.11,1786
1788969840,214.11,214.24,214.06,214.23,2145
1788969900,214.23,214.28,214.09,214.11,1335
1788969960,214.11,214.12,214.02,214.08,1519
1788970020,214.08,214.15,213.98,214.04,2234
1788970080,214.04,214.16,214.02,214.14,2988
1788970140,214.14,214.22,214.04,214.07,2831
1788970200,214.07,214.30,214.03,214.24,238
1788970260,214.24,214.44,214.21,214.37,798
1788970320,214.37,214.45,214.17,214.23,1154
1788970380,214.23,214.24,214.00,214.08,443
1788970440,214.08,214.19,214.07,214.15,2709
1788970500,214.15,214.26,214.09,214.23,1384
1788970560,214.23,214.26,214.08,214.16,325
1788970620,214.16,214.17,214.04,214.07,2635
1788970680,214.07,214.21,214.01,214.16,1194
1788970740,214.16,214.18,214.00,214.05,1736
1788970800,214.05,214.17,214.01,214.13,1342
1788970860,214.13,214.16,213.94,214.00,1990
1788970920,214.00,214.01,213.91,213.94,2454
1788970980,213.94,214.11,213.92,214.07,1988
1788971040,214.07,214.15,213.86,213.93,1443
1788971100,213.93,214.09,213.93,214.07,2940
1788971160,214.07,214.19,214.02,214.12,1354
1788971220,214.12,214.17,214.01,214.09,1543
1788971280,214.09,214.28,214.07,214.23,845
1788971340,214.23,214.39,214.20,214.37,2727
1788971400,214.37,214.46,214.30,214.44,247
1788971460,214.44,214.58,214.44,214.54,866
1788971520,214.54,214.55,214.48,214.51,581
1788971580,214.51,214.52,214.43,214.49,1331
1788971640,214.49,214.53,214.39,214.46,890
1788971700,214.46,214.57,214.44,214.55,2342
1788971760,214.55,214.62,214.36,214.44,970
1788971820,214.44,214.52,214.31,214.37,2629
1788971880,214.37,214.49,214.30,214.42,1976
1788971940,214.42,214.51,214.40,214.43,530
1788972000,214.43,214.56,214.43,214.53,1021
1788972060,214.53,214.60,214.43,214.44,2381
1788972120,214.44,214.63,214.37,214.57,1372
1788972180,214.57,214.58,214.54,214.55,1428
1788972240,214.55,214.72,214.47,214.72,51
1788972300,214.72,214.81,214.64,214.75,1376
1788972360,214.75,214.79,214.64,214.69,1677
1788972420,214.69,214.69,214.56,214.64,1336
1788972480,214.64,214.69,214.52,214.56,1237
1788972540,214.56,214.64,214.41,214.46,1189
1788972600,214.46,214.54,214.42,214.53,1679
1788972660,214.53,214.56,214.35,214.39,1681
1788972720,214.39,214.50,214.33,214.47,1518
1788972780,214.47,214.49,214.28,214.33,289
1788972840,214.33,214.38,214.29,214.29,2419
1788972900,214.29,214.34,214.16,214.20,2616
1788972960,214.20,214.35,214.18,214.31,2352
1788973020,214.31,214.40,214.29,214.34,205
1788973080,214.34,214.38,214.30,214.33,1336
1788973140,214.33,214.37,214.23,214.26,2997
1788973200,214.26,214.42,214.19,214.42,162
1788973260,214.42,214.46,214.34,214.37,265
1788973320,214.37,214.41,214.21,214.21,1823
1788973380,214.21,214.42,214.20,214.36,542
1788973440,214.36,214.47,214.30,214.42,2025
1788973500,214.42,214.48,214.21,214.29,2886
1788973560,214.29,214.34,214.13,214.13,1757
1788973620,214.13,214.28,214.06,214.27,2817
1788973680,214.27,214.27,214.11,214.18,740
1788973740,214.18,214.29,214.14,214.25,1178
1788973800,214.25,214.26,214.05,214.11,532
1788973860,214.11,214.25,214.10,214.19,2164
1788973920,214.19,214.20,214.07,214.14,2159
1788973980,214.14,214.27,214.06,214.21,901
1788974040,214.21,214.29,214.05,214.05,2220
1788974100,214.05,214.12,214.00,214.02,2610
1788974160,214.02,214.07,213.99,214.06,2677
1788974220,214.06,214.28,214.02,214.20,825
1788974280,214.20,214.23,214.00,214.05,79
1788974340,214.05,214.27,214.03,214.20,1098
1788974400,214.20,214.23,214.17,214.19,2293
1788974460,214.19,214.20,214.14,214.16,1662
1788974520,214.16,214.21,214.02,214.04,2469
1788974580,214.04,214.11,213.93,214.01,925
1788974640,214.01,214.24,213.96,214.16,1882
1788974700,214.16,214.18,214.03,214.10,1338
1788974760,214.10,214.20,214.04,214.16,1036
1788974820,214.16,214.23,213.99,214.02,679
1788974880,214.02,214.13,214.00,214.07,264
1788974940,214.07,214.13,214.03,214.09,1583
1788975000,214.09,214.28,214.03,214.21,1115
1788975060,214.21,214.35,214.14,214.29,790
1788975120,214.29,214.32,214.24,214.25,202
1788975180,214.25,214.30,214.17,214.17,712
1788975240,214.17,214.25,214.16,214.18,2722
1788975300,214.18,214.26,214.11,214.15,874
1788975360,214.15,214.24,214.03,214.05,2255
1788975420,214.05,214.14,213.99,214.06,1552
1788975480,214.06,214.06,213.97,214.04,1487
1788975540,214.04,214.09,213.98,214.05,82
1788975600,214.05,214.14,213.97,214.10,2369
1788975660,214.10,214.23,214.02,214.20,80
1788975720,214.20,214.24,214.15,214.24,2292
1788975780,214.24,214.29,214.17,214.18,2814
1788975840,214.18,214.22,214.13,214.14,2153
1788975900,214.14,214.15,214.07,214.13,1381
1788975960,214.13,214.20,214.08,214.15,710
1788976020,214.15,214.32,214.09,214.27,241
1788976080,214.27,214.28,214.10,214.12,2963
1788976140,214.12,214.34,214.08,214.28,2659
1788976200,214.28,214.30,214.12,214.13,1481
1788976260,214.13,214.21,214.06,214.08,2581
1788976320,214.08,214.30,214.07,214.23,165
1788976380,214.23,214.23,214.11,214.16,1599
1788976440,214.16,214.27,214.14,214.23,692
1788976500,214.23,214.35,214.22,214.29,179
1788976560,214.29,214.33,214.17,214.23,738
1788976620,214.23,214.24,214.08,214.16,2084
1788976680,214.16,214.35,214.10,214.33,892
1788976740,214.33,214.52,214.32,214.50,1718
1789011900,214.50,214.57,214.43,214.46,97
1789011960,214.46,214.52,214.37,214.44,179
1789012020,214.44,214.52,214.42,214.46,1318
1789012080,214.46,214.48,214.42,214.44,960
1789012140,214.44,214.45,214.27,214.28,2586
1789012200,214.28,214.36,214.16,214.21,2433
1789012260,214.21,214.37,214.20,214.33,2968
1789012320,214.33,214.35,214.23,214.28,1397
1789012380,214.28,214.34,214.19,214.26,2681
1789012440,214.26,214.27,214.19,214.24,1926
1789012500,214.24,214.38,214.18,214.32,1664
1789012560,214.32,214.49,214.30,214.44,2111
1789012620,214.44,214.47,214.28,214.30,2624
1789012680,214.30,214.32,214.14,214.16,1311
1789012740,214.16,214.20,214.05,214.06,2997
1789012800,214.06,214.17,214.00,214.10,867
1789012860,214.10,214.17,214.00,214.00,2329
1789012920,214.00,214.03,213.91,213.98,2628
1789012980,213.98,214.03,213.97,213.98,1909
1789013040,213.98,213.98,213.82,213.90,879
1789013100,213.90,213.93,213.72,213.80,2935
1789013160,213.80,214.03,213.77,213.97,590
1789013220,213.97,214.00,213.88,213.94,2840
1789013280,213.94,214.16,213.94,214.11,2727
1789013340,214.11,214.31,214.08,214.27,2992
1789013400,214.27,214.33,214.25,214.29,2259
1789013460,214.29,214.32,214.26,214.29,1650
1789013520,214.29,214.35,214.14,214.15,607
1789013580,214.15,214.24,214.08,214.16,782
1789013640,214.16,214.36,214.14,214.30,1544
1789013700,214.30,214.37,214.26,214.29,140
1789013760,214.29,214.42,214.21,214.34,2648
1789013820,214.34,214.37,214.28,214.35,2543
1789013880,214.35,214.49,214.29,214.41,2140
1789013940,214.41,214.42,214.24,214.28,1820
1789014000,214.28,214.35,214.21,214.22,2234
1789014060,214.22,214.26,214.10,214.14,280
1789014120,214.14,214.32,214.14,214.25,735
1789014180,214.25,214.32,214.08,214.13,2185
1789014240,214.13,214.15,213.98,213.99,1707
1789014300,213.99,214.03,213.99,213.99,2522
1789014360,213.99,214.19,213.94,214.16,1615
1789014420,214.16,214.17,214.04,214.05,2153
1789014480,214.05,214.11,213.94,213.96,1850
1789014540,213.96,214.10,213.89,214.04,485
1789014600,214.04,214.11,214.03,214.04,2230
1789014660,214.04,214.08,213.89,213.95,2439
1789014720,213.95,213.95,213.88,213.93,2636
1789014780,213.93,214.01,213.77,213.78,2400
1789014840,213.78,213.91,213.71,213.89,2764
1789014900,213.89,214.13,213.81,214.05,2089
1789014960,214.05,214.13,213.96,214.10,1379
1789015020,214.10,214.23,214.01,214.15,1376
1789015080,214.15,214.23,214.12,214.13,2010
1789015140,214.13,214.16,214.06,214.11,1617
1789015200,214.11,214.21,214.10,214.15,508
1789015260,214.15,214.17,214.09,214.15,964
1789015320,214.15,214.22,214.08,214.18,1422
1789015380,214.18,214.38,214.16,214.31,1787
1789015440,214.31,214.48,214.30,214.45,2724
1789015500,214.45,214.47,214.43,214.44,1511
1789015560,214.44,214.45,214.24,214.28,346
1789015620,214.28,214.45,214.25,214.41,1571
1789015680,214.41,214.48,214.38,214.46,787
1789015740,214.46,214.64,214.44,214.57,1128
1789015800,214.57,214.69,214.49,214.63,737
1789015860,214.63,214.68,214.46,214.51,1735
1789015920,214.51,214.65,214.45,214.61,119
1789015980,214.61,214.67,214.50,214.51,1076
1789016040,214.51,214.58,214.50,214.53,1003
1789016100,214.53,214.70,214.49,214.65,423
1789016160,214.65,214.67,214.42,214.49,1939
1789016220,214.49,214.59,214.42,214.51,488
1789016280,214.51,214.57,214.39,214.41,2287
1789016340,214.41,214.49,214.34,214.37,1459
1789016400,214.37,214.48,214.34,214.41,1164
1789016460,214.41,214.51,214.38,214.48,2796
1789016520,214.48,214.56,214.30,214.36,651
1789016580,214.36,214.48,214.31,214.40,370
1789016640,214.40,214.46,214.29,214.31,2553
1789016700,214.31,214.47,214.31,214.39,2551
1789016760,214.39,214.51,214.32,214.46,1349
1789016820,214.46,214.49,214.37,214.45,1871
1789016880,214.45,214.51,214.31,214.37,2894
1789016940,214.37,214.38,214.24,214.28,2041
1789017000,214.28,214.52,214.24,214.44,1806
1789017060,214.44,214.49,214.30,214.35,971
1789017120,214.35,214.36,214.21,214.25,1911
1789017180,214.25,214.37,214.18,214.33,1998
1789017240,214.33,214.49,214.27,214.45,297
1789017300,214.45,214.54,214.41,214.46,2477
1789017360,214.46,214.65,214.38,214.64,2842
1789017420,214.64,214.69,214.44,214.52,518
1789017480,214.52,214.57,214.38,214.46,2466
1789017540,214.46,214.50,214.39,214.44,397
1789017600,214.44,214.48,214.28,214.30,1021
1789017660,214.30,214.44,214.22,214.41,2202
1789017720,214.41,214.56,214.40,214.55,2283
1789017780,214.55,214.58,214.51,214.52,235
1789017840,214.52,214.58,214.45,214.50,491
1789017900,214.50,214.59,214.49,214.54,1918
1789017960,214.54,214.57,214.43,214.46,655
1789018020,214.46,214.58,214.44,214.50,1328
1789018080,214.50,214.68,214.50,214.63,62
1789018140,214.63,214.70,214.63,214.69,2008
1789018200,214.69,214.71,214.59,214.59,280
1789018260,214.59,214.60,214.51,214.58,2890
1789018320,214.58,214.65,214.51,214.54,2334
1789018380,214.54,214.69,214.50,214.65,1481
1789018440,214.65,214.70,214.59,214.60,1339
1789018500,214.60,214.66,214.43,214.44,2855
1789018560,214.44,214.62,214.36,214.56,2501
1789018620,214.56,214.57,214.48,214.51,908
1789018680,214.51,214.64,214.43,214.56,1181
1789018740,214.56,214.59,214.55,214.58,456
1789018800,214.58,214.65,214.51,214.62,2369
1789018860,214.62,214.68,214.57,214.64,1203
1789018920,214.64,214.69,214.43,214.49,216
1789018980,214.49,214.54,214.28,214.34,1571
1789019040,214.34,214.35,214.19,214.21,2353
1789019100,214.21,214.29,214.07,214.12,724
1789019160,214.12,214.13,214.09,214.10,2666
1789019220,214.10,214.12,214.02,214.11,848
1789019280,214.11,214.19,214.02,214.09,2013
1789019340,214.09,214.24,214.06,214.21,1252
1789019400,214.21,214.25,214.00,214.07,2455
1789019460,214.07,214.10,214.05,214.07,239
1789019520,214.07,214.11,213.98,214.00,1364
1789019580,214.00,214.16,213.92,214.13,2016
1789019640,214.13,214.26,214.10,214.21,1390
1789019700,214.21,214.27,214.07,214.15,2833
1789019760,214.15,214.21,214.10,214.18,440
1789019820,214.18,214.35,214.12,214.27,2396
1789019880,214.27,214.41,214.21,214.34,2150
1789019940,214.34,214.41,214.17,214.23,276
1789020000,214.23,214.37,214.18,214.36,271
1789020060,214.36,214.53,214.32,214.49,152
1789020120,214.49,214.50,214.25,214.33,788
1789020180,214.33,214.57,214.32,214.49,1053
1789020240,214.49,214.61,214.47,214.54,408
1789020300,214.54,214.63,214.51,214.62,957
1789020360,214.62,214.76,214.56,214.72,168
1789020420,214.72,214.81,214.68,214.79,2776
1789020480,214.79,214.94,214.74,214.92,800
1789020540,214.92,214.99,214.79,214.80,293
1789020600,214.80,215.01,214.79,214.96,1751
1789020660,214.96,215.00,214.74,214.81,2291
1789020720,214.81,214.92,214.80,214.89,1048
1789020780,214.89,214.97,214.86,214.92,2357
1789020840,214.92,215.04,214.89,215.01,1193
1789020900,215.01,215.13,214.98,215.10,2443
1789020960,215.10,215.16,215.07,215.16,2061
1789021020,215.16,215.23,215.10,215.12,2493
1789021080,215.12,215.22,215.11,215.21,421
1789021140,215.21,215.44,215.19,215.38,1108
1789021200,215.38,215.51,215.35,215.43,944
1789021260,215.43,215.44,215.27,215.30,825
1789021320,215.30,215.52,215.26,215.45,2513
1789021380,215.45,215.51,215.42,215.45,1802
1789021440,215.45,215.48,215.28,215.36,153
1789021500,215.36,215.37,215.17,215.20,2681
1789021560,215.20,215.22,215.04,215.09,1293
1789021620,215.09,215.11,215.01,215.08,61
1789021680,215.08,215.16,214.86,214.92,2316
1789021740,214.92,214.92,214.71,214.77,1534
1789021800,214.77,214.84,214.71,214.83,1719
1789021860,214.83,214.86,214.74,214.77,159
1789021920,214.77,214.93,214.69,214.88,2033
1789021980,214.88,215.02,214.85,215.00,1493
1789022040,215.00,215.07,214.99,215.03,2620
1789022100,215.03,215.14,214.96,215.06,2103
1789022160,215.06,215.27,214.99,215.23,1693
1789022220,215.23,215.44,215.18,215.39,591
1789022280,215.39,215.46,215.36,215.43,2760
1789022340,215.43,215.50,215.35,215.40,2358
1789022400,215.40,215.60,215.35,215.55,2675
1789022460,215.55,215.56,215.49,215.50,2418
1789022520,215.50,215.57,215.48,215.55,1937
1789022580,215.55,215.77,215.47,215.70,2201
1789022640,215.70,215.71,215.59,215.64,2473
1789022700,215.64,215.74,215.63,215.67,820
1789022760,215.67,215.73,215.51,215.51,1304
1789022820,215.51,215.67,215.50,215.64,2280
1789022880,215.64,215.80,215.56,215.77,2999
1789022940,215.77,215.85,215.69,215.72,2585
1789023000,215.72,215.72,215.59,215.67,2083
1789023060,215.67,215.75,215.61,215.63,2413
1789023120,215.63,215.69,215.57,215.62,1038
1789023180,215.62,215.68,215.52,215.54,504
1789023240,215.54,215.57,215.47,215.54,1929
1789023300,215.54,215.60,215.32,215.40,684
1789023360,215.40,215.44,215.22,215.29,1677
1789023420,215.29,215.50,215.26,215.42,1183
1789023480,215.42,215.55,215.38,215.49,1735
1789023540,215.49,215.64,215.41,215.61,442
1789023600,215.61,215.63,215.51,215.59,653
1789023660,215.59,215.76,215.55,215.69,374
1789023720,215.69,215.76,215.52,215.57,2976
1789023780,215.57,215.63,215.35,215.42,1777
1789023840,215.42,215.48,215.22,215.27,2870
1789023900,215.27,215.33,215.06,215.14,1600
1789023960,215.14,215.16,215.01,215.06,1651
1789024020,215.06,215.11,214.95,214.98,284
1789024080,214.98,215.04,214.95,214.97,2479
1789024140,214.97,215.13,214.93,215.07,1243
1789024200,215.07,215.28,215.04,215.22,278
1789024260,215.22,215.26,215.17,215.20,2962
1789024320,215.20,215.43,215.16,215.35,376
1789024380,215.35,215.56,215.35,215.48,2150
1789024440,215.48,215.52,215.34,215.42,1706
1789024500,215.42,215.50,215.23,215.30,1563
1789024560,215.30,215.34,215.24,215.29,1020
1789024620,215.29,215.38,215.22,215.30,942
1789024680,215.30,215.31,215.23,215.23,1327
1789024740,215.23,215.30,215.16,215.17,2529
1789024800,215.17,215.37,215.12,215.31,1089
1789024860,215.31,215.33,215.16,215.18,1621
1789024920,215.18,215.29,215.14,215.25,1095
1789024980,215.25,215.42,215.23,215.35,2911
1789025040,215.35,215.54,215.30,215.46,2923
1789025100,215.46,215.68,215.42,215.59,2921
1789025160,215.59,215.61,215.39,215.46,2274
1789025220,215.46,215.65,215.43,215.60,1430
1789025280,215.60,215.61,215.48,215.54,1486
1789025340,215.54,215.58,215.46,215.49,819
1789025400,215.49,215.49,215.35,215.40,110
1789025460,215.40,215.44,215.35,215.39,1333
1789025520,215.39,215.52,215.34,215.51,1322
1789025580,215.51,215.52,215.35,215.43,2724
1789025640,215.43,215.48,215.30,215.32,2697
1789025700,215.32,215.36,215.23,215.29,385
1789025760,215.29,215.29,215.16,215.16,2039
1789025820,215.16,215.23,215.01,215.06,990
1789025880,215.06,215.09,215.00,215.06,2616
1789025940,215.06,215.10,214.98,215.02,2003
1789026000,215.02,215.13,214.94,215.10,2509
1789026060,215.10,215.35,215.08,215.27,613
1789026120,215.27,215.33,215.12,215.15,2138
1789026180,215.15,215.19,215.00,215.07,2368
1789026240,215.07,215.11,214.95,215.03,1300
1789026300,215.03,215.10,214.98,215.00,220
1789026360,215.00,215.03,214.90,214.98,2713
1789026420,214.98,214.99,214.90,214.95,2159
1789026480,214.95,215.00,214.80,214.82,108
1789026540,214.82,214.91,214.81,214.84,457
1789026600,214.84,215.02,214.79,214.95,1386
1789026660,214.95,215.03,214.93,214.94,2977
1789026720,214.94,215.02,214.90,214.94,2595
1789026780,214.94,214.97,214.92,214.96,2614
1789026840,214.96,215.03,214.81,214.84,2074
1789026900,214.84,214.87,214.61,214.68,196
1789026960,214.68,214.73,214.54,214.59,2030
1789027020,214.59,214.66,214.51,214.53,1696
1789027080,214.53,214.60,214.44,214.49,1751
1789027140,214.49,214.56,214.38,214.43,1580
1789027200,214.43,214.51,214.30,214.34,1370
1789027260,214.34,214.44,214.32,214.38,134
1789027320,214.38,214.41,214.26,214.33,2090
1789027380,214.33,214.37,214.29,214.30,1514
1789027440,214.30,214.34,214.13,214.15,2607
1789027500,214.15,214.18,214.04,214.10,1930
1789027560,214.10,214.26,214.06,214.18,2262
1789027620,214.18,214.24,214.13,214.18,1141
1789027680,214.18,214.26,214.06,214.10,268
1789027740,214.10,214.27,214.06,214.24,1665
1789027800,214.24,214.29,214.19,214.22,2964
1789027860,214.22,214.44,214.21,214.39,2787
1789027920,214.39,214.46,214.34,214.45,2511
1789027980,214.45,214.53,214.43,214.47,2522
1789028040,214.47,214.54,214.33,214.39,1946
1789028100,214.39,214.43,214.24,214.29,2011
1789028160,214.29,214.42,214.25,214.38,1606
1789028220,214.38,214.55,214.33,214.55,2112
1789028280,214.55,214.61,214.35,214.39,2326
1789028340,214.39,214.45,214.18,214.24,510
1789028400,214.24,214.40,214.23,214.35,1135
1789028460,214.35,214.41,214.16,214.23,1649
1789028520,214.23,214.35,214.16,214.30,379
1789028580,214.30,214.41,214.27,214.34,2964
1789028640,214.34,214.40,214.16,214.18,1432
1789028700,214.18,214.23,213.97,214.05,1889
1789028760,214.05,214.13,213.98,214.06,2571
1789028820,214.06,214.10,213.92,213.99,1726
1789028880,213.99,214.04,213.79,213.86,1891
1789028940,213.86,213.88,213.77,213.81,164
1789029000,213.81,213.95,213.74,213.87,1152
1789029060,213.87,213.91,213.77,213.78,651
1789029120,213.78,213.82,213.66,213.72,1191
1789029180,213.72,213.74,213.71,213.71,564
1789029240,213.71,213.80,213.64,213.76,954
1789029300,213.76,213.98,213.74,213.90,855
1789029360,213.90,214.04,213.81,214.02,110
1789029420,214.02,214.25,213.97,214.19,2506
1789029480,214.19,214.21,214.00,214.07,747
1789029540,214.07,214.22,214.04,214.17,119
1789029600,214.17,214.31,214.12,214.26,2454
1789029660,214.26,214.35,214.25,214.32,2764
1789029720,214.32,214.40,214.32,214.34,2670
1789029780,214.34,214.36,214.27,214.28,2121
1789029840,214.28,214.37,214.23,214.32,2971
1789029900,214.32,214.33,214.30,214.32,1771
1789029960,214.32,214.51,214.30,214.43,887
1789030020,214.43,214.50,214.37,214.40,226
1789030080,214.40,214.47,214.21,214.26,923
1789030140,214.26,214.30,214.19,214.24,1355
1789030200,214.24,214.25,214.08,214.12,930
1789030260,214.12,214.27,214.08,214.21,2780
1789030320,214.21,214.22,214.01,214.06,704
1789030380,214.06,214.09,213.85,213.90,2010
1789030440,213.90,213.98,213.77,213.86,2203
1789030500,213.86,213.93,213.71,213.75,2273
1789030560,213.75,213.83,213.61,213.68,1500
1789030620,213.68,213.81,213.66,213.74,537
1789030680,213.74,213.91,213.67,213.90,1292
1789030740,213.90,214.02,213.83,213.94,253
1789030800,213.94,213.97,213.90,213.92,970
1789030860,213.92,213.93,213.81,213.81,2020
1789030920,213.81,213.89,213.67,213.75,1506
1789030980,213.75,213.83,213.72,213.74,1021
1789031040,213.74,213.82,213.74,213.76,2399
1789031100,213.76,213.91,213.74,213.91,701
1789031160,213.91,214.07,213.89,214.03,2797
1789031220,214.03,214.06,214.02,214.05,1354
1789031280,214.05,214.13,213.89,213.92,2513
1789031340,213.92,213.97,213.87,213.95,393
1789031400,213.95,214.10,213.93,214.09,2253
1789031460,214.09,214.31,214.03,214.24,233
1789031520,214.24,214.39,214.17,214.35,2669
1789031580,214.35,214.50,214.34,214.50,1231
1789031640,214.50,214.50,214.31,214.35,2192
1789031700,214.35,214.50,214.34,214.49,628
1789031760,214.49,214.65,214.46,214.61,1617
1789031820,214.61,214.68,214.55,214.64,1090
1789031880,214.64,214.72,214.44,214.52,2349
1789031940,214.52,214.69,214.49,214.64,239
1789032000,214.64,214.75,214.63,214.73,157
1789032060,214.73,214.74,214.61,214.65,206
1789032120,214.65,214.83,214.58,214.75,1757
1789032180,214.75,214.90,214.73,214.83,2424
1789032240,214.83,214.92,214.60,214.68,1348
1789032300,214.68,214.70,214.60,214.64,1078
1789032360,214.64,214.78,214.58,214.74,111
1789032420,214.74,214.77,214.58,214.63,1564
1789032480,214.63,214.74,214.55,214.70,2059
1789032540,214.70,214.88,214.62,214.87,2028
1789032600,214.87,215.06,214.81,215.03,2004
1789032660,215.03,215.10,214.98,215.09,916
1789032720,215.09,215.16,215.03,215.15,2518
1789032780,215.15,215.27,215.09,215.20,1727
1789032840,215.20,215.35,215.18,215.28,2212
1789032900,215.28,215.32,215.18,215.26,1319
1789032960,215.26,215.28,215.13,215.21,957
1789033020,215.21,215.39,215.14,215.34,2884
1789033080,215.34,215.36,215.15,215.19,159
1789033140,215.19,215.26,215.11,215.17,1848
1789033200,215.17,215.35,215.14,215.31,276
1789033260,215.31,215.41,215.23,215.35,2522
1789033320,215.35,215.47,215.27,215.43,629
1789033380,215.43,215.56,215.41,215.54,1384
1789033440,215.54,215.57,215.50,215.53,1175
1789033500,215.53,215.56,215.42,215.46,439
1789033560,215.46,215.53,215.31,215.38,1206
1789033620,215.38,215.44,215.33,215.34,2698
1789033680,215.34,215.40,215.13,215.20,2921
1789033740,215.20,215.27,215.02,215.09,1838
1789033800,215.09,215.09,215.01,215.06,1389
1789033860,215.06,215.14,215.05,215.09,2471
1789033920,215.09,215.26,215.04,215.26,407
1789033980,215.26,215.30,215.23,215.27,1704
1789034040,215.27,215.29,215.04,215.11,2516
1789034100,215.11,215.30,215.07,215.26,274
1789034160,215.26,215.27,215.18,215.19,529
1789034220,215.19,215.21,215.12,215.15,1907
1789034280,215.15,215.21,215.06,215.15,788
1789034340,215.15,215.32,215.10,215.24,1880
1789034400,215.24,215.37,215.21,215.29,1066
1789034460,215.29,215.29,215.11,215.14,2369
1789034520,215.14,215.16,215.01,215.09,2827
1789034580,215.09,215.34,215.03,215.26,2689
1789034640,215.26,215.33,215.24,215.29,1599
1789034700,215.29,215.38,215.25,215.30,2164
1789034760,215.30,215.47,215.25,215.39,2373
1789034820,215.39,215.40,215.26,215.33,205
1789034880,215.33,215.41,215.31,215.39,2887
1789034940,215.39,215.40,215.25,215.25,827
1789035000,215.25,215.34,215.18,215.31,280
1789035060,215.31,215.34,215.20,215.25,1588
1789035120,215.25,215.26,215.04,215.10,751
1789035180,215.10,215.21,215.09,215.21,1972
1789035240,215.21,215.28,215.16,215.22,338
1789035300,215.22,215.27,215.15,215.19,816
1789035360,215.19,215.27,215.16,215.18,2382
1789035420,215.18,215.34,215.11,215.28,1416
1789035480,215.28,215.36,215.21,215.28,670
1789035540,215.28,215.31,215.13,215.16,1173
1789035600,215.16,215.17,215.04,215.10,697
1789035660,215.10,215.15,215.05,215.07,1953
1789035720,215.07,215.12,214.90,214.94,1246
1789035780,214.94,215.03,214.87,214.95,223
1789035840,214.95,215.12,214.90,215.07,1313
1789035900,215.07,215.14,214.87,214.93,1054
1789035960,214.93,214.95,214.80,214.86,2655
1789036020,214.86,214.94,214.71,214.75,488
1789036080,214.75,214.77,214.61,214.68,907
1789036140,214.68,214.83,214.61,214.81,2673
1789036200,214.81,214.91,214.75,214.86,718
1789036260,214.86,214.89,214.70,214.78,1727
1789036320,214.78,214.85,214.60,214.63,1762
1789036380,214.63,214.81,214.60,214.73,1462
1789036440,214.73,214.76,214.60,214.68,613
1789036500,214.68,214.83,214.64,214.80,724
1789036560,214.80,214.82,214.64,214.65,876
1789036620,214.65,214.70,214.51,214.53,1805
1789036680,214.53,214.67,214.46,214.61,1382
1789036740,214.61,214.65,214.49,214.50,2697
1789036800,214.50,214.52,214.35,214.42,1115
1789036860,214.42,214.51,214.39,214.43,1019
1789036920,214.43,214.61,214.35,214.58,1427
1789036980,214.58,214.64,214.52,214.52,833
1789037040,214.52,214.56,214.38,214.40,2934
1789037100,214.40,214.46,214.29,214.33,1405
1789037160,214.33,214.44,214.26,214.37,195
1789037220,214.37,214.44,214.23,214.26,2520
1789037280,214.26,214.26,214.12,214.20,1966
1789037340,214.20,214.22,214.14,214.21,436
1789037400,214.21,214.42,214.18,214.35,2562
1789037460,214.35,214.46,214.33,214.40,173
1789037520,214.40,214.50,214.37,214.46,2157
1789037580,214.46,214.47,214.36,214.41,1751
1789037640,214.41,214.53,214.35,214.50,2262
1789037700,214.50,214.53,214.34,214.35,284
1789037760,214.35,214.53,214.34,214.52,929
1789037820,214.52,214.64,214.46,214.60,122
1789037880,214.60,214.69,214.59,214.69,1527
1789037940,214.69,214.74,214.56,214.63,2657
1789038000,214.63,214.70,214.60,214.63,1972
1789038060,214.63,214.70,214.59,214.65,733
1789038120,214.65,214.68,214.55,214.63,484
1789038180,214.63,214.71,214.58,214.59,1750
1789038240,214.59,214.66,214.52,214.64,1670
1789038300,214.64,214.75,214.61,214.67,792
1789038360,214.67,214.79,214.59,214.77,923
1789038420,214.77,214.78,214.59,214.61,600
1789038480,214.61,214.71,214.59,214.64,706
1789038540,214.64,214.84,214.59,214.80,1179
1789038600,214.80,214.92,214.72,214.84,1140
1789038660,214.84,214.90,214.78,214.85,2353
1789038720,214.85,215.05,214.78,215.01,197
1789038780,215.01,215.10,214.98,215.08,1611
1789038840,215.08,215.10,215.01,215.09,823
1789038900,215.09,215.16,215.07,215.14,941
1789038960,215.14,215.20,214.96,215.01,1529
1789039020,215.01,215.16,214.96,215.09,430
1789039080,215.09,215.22,215.01,215.18,2044
1789039140,215.18,215.26,214.98,215.04,643
1789039200,215.04,215.11,215.01,215.09,1624
1789039260,215.09,215.11,214.97,215.01,955
1789039320,215.01,215.10,214.95,215.04,2427
1789039380,215.04,215.11,214.97,215.09,1235
1789039440,215.09,215.21,215.07,215.16,2446
1789039500,215.16,215.17,214.99,215.00,361
1789039560,215.00,215.19,214.97,215.13,681
1789039620,215.13,215.18,215.03,215.07,1745
1789039680,215.07,215.13,214.99,215.04,1327
1789039740,215.04,215.23,215.03,215.17,2716
1789039800,215.17,215.19,215.00,215.08,2969
1789039860,215.08,215.15,214.92,214.96,1410
1789039920,214.96,215.09,214.88,215.04,1541
1789039980,215.04,215.19,215.02,215.11,1442
1789040040,215.11,215.13,214.92,214.98,1528
1789040100,214.98,215.14,214.89,215.12,2840
1789040160,215.12,215.13,215.02,215.05,2932
1789040220,215.05,215.13,215.00,215.10,140
1789040280,215.10,215.14,215.05,215.11,2234
1789040340,215.11,215.12,214.94,215.02,142
1789040400,215.02,215.09,214.90,214.94,2321
1789040460,214.94,215.08,214.86,215.00,1465
1789040520,215.00,215.01,214.96,214.99,1944
1789040580,214.99,215.22,214.99,215.17,2846
1789040640,215.17,215.25,215.04,215.10,113
1789040700,215.10,215.14,215.01,215.08,1244
1789040760,215.08,215.16,214.84,214.92,998
1789040820,214.92,214.96,214.85,214.87,168
1789040880,214.87,214.93,214.78,214.80,158
1789040940,214.80,214.92,214.77,214.90,1056
1789041000,214.90,214.98,214.77,214.81,1447
1789041060,214.81,214.89,214.65,214.65,2890
1789041120,214.65,214.71,214.56,214.60,741
1789041180,214.60,214.68,214.51,214.56,2226
1789041240,214.56,214.57,214.33,214.40,2135
1789041300,214.40,214.61,214.39,214.56,112
1789041360,214.56,214.73,214.53,214.71,1093
1789041420,214.71,214.79,214.64,214.65,221
1789041480,214.65,214.75,214.58,214.72,1526
1789041540,214.72,214.75,214.52,214.55,405
1789041600,214.55,214.69,214.47,214.69,2066
1789041660,214.69,214.86,214.63,214.86,1057
1789041720,214.86,214.90,214.70,214.70,2137
1789041780,214.70,214.75,214.66,214.69,2002
1789041840,214.69,214.83,214.64,214.79,2237
1789041900,214.79,214.86,214.73,214.80,1131
1789041960,214.80,214.83,214.75,214.80,2997
1789042020,214.80,214.81,214.62,214.68,2056
1789042080,214.68,214.80,214.61,214.75,2799
1789042140,214.75,214.83,214.75,214.79,2695
1789042200,214.79,214.83,214.76,214.83,2398
1789042260,214.83,215.04,214.78,215.00,346
1789042320,215.00,215.18,214.94,215.17,1590
1789042380,215.17,215.33,215.12,215.27,724
1789042440,215.27,215.32,215.21,215.23,1777
1789042500,215.23,215.29,215.20,215.22,2791
1789042560,215.22,215.35,215.22,215.32,2483
1789042620,215.32,215.46,215.31,215.42,951
1789042680,215.42,215.48,215.40,215.41,1509
1789042740,215.41,215.48,215.34,215.37,142
1789042800,215.37,215.52,215.37,215.48,113
1789042860,215.48,215.50,215.36,215.44,158
1789042920,215.44,215.49,215.24,215.29,2955
1789042980,215.29,215.33,215.17,215.21,2790
1789043040,215.21,215.36,215.21,215.33,1947
1789043100,215.33,215.40,215.28,215.31,1602
1789043160,215.31,215.35,215.15,215.16,419
1789043220,215.16,215.18,215.09,215.17,1548
1789043280,215.17,215.18,215.01,215.08,133
1789043340,215.08,215.16,215.03,215.14,1740
1789043400,215.14,215.22,215.05,215.12,705
1789043460,215.12,215.27,215.12,215.26,67
1789043520,215.26,215.28,215.11,215.17,2925
1789043580,215.17,215.35,215.12,215.29,160
1789043640,215.29,215.33,215.09,215.17,2872
1789043700,215.17,215.24,215.00,215.05,2811
1789043760,215.05,215.12,214.98,215.12,346
1789043820,215.12,215.21,215.10,215.18,1987
1789043880,215.18,215.34,215.16,215.30,1375
1789043940,215.30,215.48,215.25,215.47,2932
1789044000,215.47,215.48,215.35,215.43,926
1789044060,215.43,215.51,215.35,215.41,1411
1789044120,215.41,215.50,215.33,215.44,535
1789044180,215.44,215.49,215.30,215.34,2024
1789044240,215.34,215.41,215.29,215.33,2506
1789044300,215.33,215.41,215.24,215.27,2535
1789044360,215.27,215.43,215.26,215.43,1235
1789044420,215.43,215.46,215.43,215.45,190
1789044480,215.45,215.66,215.40,215.58,271
1789044540,215.58,215.74,215.54,215.72,2446
1789044600,215.72,215.75,215.64,215.69,2788
1789044660,215.69,215.71,215.65,215.70,770
1789044720,215.70,215.75,215.44,215.53,450
1789044780,215.53,215.63,215.47,215.56,1372
1789044840,215.56,215.64,215.53,215.64,1330
1789044900,215.64,215.75,215.56,215.73,1290
1789044960,215.73,215.87,215.70,215.80,713
1789045020,215.80,215.83,215.57,215.64,716
1789045080,215.64,215.70,215.55,215.59,56
1789045140,215.59,215.63,215.53,215.56,2495
1789045200,215.56,215.67,215.53,215.59,71
1789045260,215.59,215.67,215.44,215.48,200
1789045320,215.48,215.49,215.39,215.42,2517
1789045380,215.42,215.56,215.42,215.55,436
1789045440,215.55,215.56,215.50,215.52,1988
1789045500,215.52,215.65,215.50,215.63,1963
1789045560,215.63,215.79,215.56,215.72,2593
1789045620,215.72,215.78,215.68,215.68,989
1789045680,215.68,215.80,215.60,215.75,2593
1789045740,215.75,215.96,215.73,215.88,2326
1789045800,215.88,215.90,215.76,215.84,2700
1789045860,215.84,215.92,215.65,215.68,911
1789045920,215.68,215.77,215.63,215.74,922
1789045980,215.74,215.80,215.63,215.63,1054
1789046040,215.63,215.75,215.61,215.69,1195
1789046100,215.69,215.74,215.51,215.57,1984
1789046160,215.57,215.57,215.42,215.43,1057
1789046220,215.43,215.45,215.31,215.33,1478
1789046280,215.33,215.49,215.30,215.45,1642
1789046340,215.45,215.48,215.34,215.39,2399
1789046400,215.39,215.43,215.34,215.36,215
1789046460,215.36,215.42,215.20,215.21,115
1789046520,215.21,215.26,215.19,215.21,412
1789046580,215.21,215.35,215.16,215.27,2260
1789046640,215.27,215.32,215.20,215.30,2943
1789046700,215.30,215.41,215.29,215.41,1386
1789046760,215.41,215.42,215.22,215.26,2113
1789046820,215.26,215.30,215.23,215.23,1070
1789046880,215.23,215.27,215.02,215.10,1950
1789046940,215.10,215.15,215.02,215.07,1036
1789047000,215.07,215.21,215.00,215.20,1984
1789047060,215.20,215.21,214.96,215.03,2907
1789047120,215.03,215.20,214.95,215.15,243
1789047180,215.15,215.22,215.07,215.16,1228
1789047240,215.16,215.23,215.13,215.13,2792
1789047300,215.13,215.17,215.01,215.06,77
1789047360,215.06,215.14,215.06,215.07,605
1789047420,215.07,215.30,215.04,215.21,2826
1789047480,215.21,215.31,215.20,215.27,2147
1789047540,215.27,215.31,215.12,215.16,2721
1789047600,215.16,215.20,215.02,215.09,2557
1789047660,215.09,215.18,215.02,215.10,1377
1789047720,215.10,215.15,215.08,215.10,1946
1789047780,215.10,215.21,215.10,215.15,1316
1789047840,215.15,215.22,215.14,215.15,513
1789047900,215.15,215.21,215.01,215.02,2522
1789047960,215.02,215.02,214.88,214.92,120
1789048020,214.92,214.96,214.90,214.94,2818
1789048080,214.94,214.95,214.83,214.88,2451
1789048140,214.88,214.98,214.84,214.91,1666
1789048200,214.91,214.96,214.68,214.74,1005
1789048260,214.74,214.89,214.71,214.83,2933
1789048320,214.83,214.89,214.80,214.82,1048
1789048380,214.82,214.85,214.69,214.76,1953
1789048440,214.76,214.76,214.67,214.73,1513
1789048500,214.73,214.82,214.65,214.75,704
1789048560,214.75,214.78,214.67,214.70,1568
1789048620,214.70,214.72,214.47,214.54,2112
1789048680,214.54,214.59,214.48,214.49,1696
1789048740,214.49,214.71,214.48,214.65,1502
1789048800,214.65,214.76,214.60,214.72,2658
1789048860,214.72,214.80,214.51,214.56,105
1789048920,214.56,214.65,214.47,214.50,1677
1789048980,214.50,214.59,214.38,214.38,614
1789049040,214.38,214.48,214.30,214.44,1275
1789049100,214.44,214.51,214.32,214.40,698
1789049160,214.40,214.57,214.31,214.52,2112
1789049220,214.52,214.54,214.34,214.40,2026
1789049280,214.40,214.56,214.33,214.55,354
1789049340,214.55,214.55,214.44,214.46,1403
1789049400,214.46,214.56,214.44,214.53,164
1789049460,214.53,214.68,214.48,214.65,1097
1789049520,214.65,214.77,214.57,214.69,1418
1789049580,214.69,214.85,214.68,214.79,2703
1789049640,214.79,214.82,214.78,214.79,1526
1789049700,214.79,215.01,214.71,214.93,346
1789049760,214.93,214.99,214.81,214.86,2892
1789049820,214.86,214.94,214.68,214.76,2001
1789049880,214.76,214.80,214.63,214.69,222
1789049940,214.69,214.81,214.66,214.73,1611
1789050000,214.73,214.94,214.72,214.89,591
1789050060,214.89,214.91,214.76,214.84,756
1789050120,214.84,214.92,214.64,214.69,2635
1789050180,214.69,214.91,214.64,214.85,2234
1789050240,214.85,214.86,214.77,214.83,328
1789050300,214.83,214.94,214.82,214.89,2094
1789050360,214.89,214.91,214.71,214.72,792
1789050420,214.72,214.89,214.70,214.88,1785
1789050480,214.88,215.09,214.83,215.04,814
1789050540,215.04,215.22,214.97,215.16,210
1789050600,215.16,215.31,215.08,215.28,963
1789050660,215.28,215.29,215.15,215.21,1827
1789050720,215.21,215.46,215.16,215.37,1597
1789050780,215.37,215.40,215.19,215.26,1080
1789050840,215.26,215.30,215.24,215.26,378
1789050900,215.26,215.32,215.09,215.11,2935
1789050960,215.11,215.15,215.03,215.15,1289
1789051020,215.15,215.18,214.95,215.03,2243
1789051080,215.03,215.09,214.95,214.97,891
1789051140,214.97,215.11,214.94,215.04,2776
1789051200,215.04,215.10,215.01,215.05,2876
1789051260,215.05,215.12,214.99,215.03,2006
1789051320,215.03,215.11,214.96,215.09,1303
1789051380,215.09,215.16,215.00,215.10,576
1789051440,215.10,215.18,214.91,214.97,853
1789051500,214.97,215.00,214.82,214.86,1973
1789051560,214.86,214.94,214.70,214.72,1427
1789051620,214.72,214.77,214.50,214.56,1934
1789051680,214.56,214.58,214.35,214.40,1508
1789051740,214.40,214.43,214.30,214.35,2546
1789051800,214.35,214.41,214.29,214.39,2866
1789051860,214.39,214.44,214.37,214.40,2037
1789051920,214.40,214.48,214.38,214.47,2241
1789051980,214.47,214.48,214.29,214.35,707
1789052040,214.35,214.41,214.15,214.22,1708
1789052100,214.22,214.33,214.17,214.25,339
1789052160,214.25,214.27,214.21,214.26,805
1789052220,214.26,214.30,214.04,214.11,2321
1789052280,214.11,214.18,214.02,214.08,2758
1789052340,214.08,214.14,214.07,214.10,1848
1789052400,214.10,214.19,214.03,214.15,2846
1789052460,214.15,214.23,214.08,214.12,2656
1789052520,214.12,214.15,214.09,214.12,2137
1789052580,214.12,214.20,214.09,214.11,1907
1789052640,214.11,214.22,214.07,214.16,1199
1789052700,214.16,214.24,213.97,214.02,660
1789052760,214.02,214.06,213.91,213.94,886
1789052820,213.94,214.01,213.87,213.93,1861
1789052880,213.93,213.96,213.85,213.94,159
1789052940,213.94,214.00,213.78,213.84,1851
1789053000,213.84,213.94,213.78,213.89,2058
1789053060,213.89,213.90,213.73,213.76,1325
1789053120,213.76,213.79,213.73,213.79,2681
1789053180,213.79,213.85,213.60,213.65,2035
1789053240,213.65,213.84,213.59,213.79,2913
1789053300,213.79,213.84,213.75,213.82,1996
1789053360,213.82,213.96,213.80,213.89,641
1789053420,213.89,213.91,213.70,213.74,2825
1789053480,213.74,213.96,213.68,213.89,1628
1789053540,213.89,213.97,213.79,213.80,472
1789053600,213.80,213.88,213.61,213.67,1216
1789053660,213.67,213.76,213.62,213.69,2366
1789053720,213.69,213.79,213.68,213.77,1939
1789053780,213.77,214.00,213.77,213.94,1304
1789053840,213.94,213.95,213.73,213.81,1084
1789053900,213.81,213.97,213.78,213.96,1010
1789053960,213.96,214.04,213.88,214.01,823
1789054020,214.01,214.18,213.97,214.18,2908
1789054080,214.18,214.23,214.10,214.17,2058
1789054140,214.17,214.18,214.16,214.18,2722
1789054200,214.18,214.21,214.05,214.09,2464
1789054260,214.09,214.16,213.88,213.96,637
1789054320,213.96,214.09,213.92,214.06,405
1789054380,214.06,214.28,214.04,214.22,2989
1789054440,214.22,214.26,214.15,214.23,598
1789054500,214.23,214.37,214.16,214.35,2134
1789054560,214.35,214.46,214.34,214.45,1378
1789054620,214.45,214.61,214.37,214.58,205
1789054680,214.58,214.76,214.57,214.75,1609
1789054740,214.75,214.85,214.73,214.80,2492
1789054800,214.80,214.86,214.73,214.77,1995
1789054860,214.77,214.83,214.77,214.80,2190
1789054920,214.80,214.87,214.74,214.75,398
1789054980,214.75,214.83,214.66,214.67,2856
1789055040,214.67,214.78,214.67,214.71,2865
1789055100,214.71,214.79,214.68,214.75,1350
1789055160,214.75,214.78,214.71,214.72,2615
1789055220,214.72,214.82,214.69,214.76,2932
1789055280,214.76,214.84,214.58,214.65,294
1789055340,214.65,214.77,214.64,214.76,1382
1789055400,214.76,214.80,214.63,214.64,72
1789055460,214.64,214.71,214.47,214.54,190
1789055520,214.54,214.55,214.30,214.38,2544
1789055580,214.38,214.41,214.36,214.39,2739
1789055640,214.39,214.39,214.35,214.37,577
1789055700,214.37,214.38,214.26,214.27,1959
1789055760,214.27,214.28,214.19,214.27,986
1789055820,214.27,214.35,214.15,214.16,1409
1789055880,214.16,214.26,214.09,214.21,548
1789055940,214.21,214.24,214.15,214.17,1818
1789056000,214.17,214.22,214.10,214.21,1361
1789056060,214.21,214.35,214.17,214.30,2767
1789056120,214.30,214.46,214.24,214.39,2309
1789056180,214.39,214.61,214.37,214.53,2986
1789056240,214.53,214.57,214.44,214.48,119
1789056300,214.48,214.65,214.40,214.61,120
1789056360,214.61,214.65,214.43,214.45,2828
1789056420,214.45,214.45,214.39,214.44,386
1789056480,214.44,214.60,214.39,214.54,345
1789056540,214.54,214.60,214.39,214.47,2909
1789056600,214.47,214.55,214.42,214.55,904
1789056660,214.55,214.58,214.45,214.50,2053
1789056720,214.50,214.57,214.37,214.44,2723
1789056780,214.44,214.57,214.38,214.55,438
1789056840,214.55,214.62,214.41,214.45,907
1789056900,214.45,214.49,214.35,214.39,2101
1789056960,214.39,214.44,214.26,214.34,720
1789057020,214.34,214.35,214.24,214.30,2042
1789057080,214.30,214.38,214.27,214.33,2529
1789057140,214.33,214.52,214.27,214.47,1928
1789057200,214.47,214.66,214.42,214.61,1906
1789057260,214.61,214.66,214.49,214.52,1728
1789057320,214.52,214.71,214.44,214.67,1391
1789057380,214.67,214.72,214.53,214.59,651
1789057440,214.59,214.69,214.51,214.61,2395
1789057500,214.61,214.64,214.55,214.58,533
1789057560,214.58,214.59,214.42,214.45,821
1789057620,214.45,214.68,214.43,214.60,1813
1789057680,214.60,214.67,214.45,214.48,2389
1789057740,214.48,214.69,214.44,214.62,2125
1789057800,214.62,214.65,214.50,214.53,2815
1789057860,214.53,214.55,214.41,214.45,2943
1789057920,214.45,214.60,214.42,214.59,64
1789057980,214.59,214.72,214.57,214.64,1644
1789058040,214.64,214.68,214.51,214.55,223
1789058100,214.55,214.55,214.43,214.49,114
1789058160,214.49,214.52,214.36,214.39,1391
1789058220,214.39,214.46,214.26,214.29,2103
1789058280,214.29,214.31,214.21,214.26,55
1789058340,214.26,214.29,214.03,214.11,2581
1789058400,214.11,214.22,214.08,214.19,2446
1789058460,214.19,214.25,214.11,214.23,787
1789058520,214.23,214.32,214.18,214.25,1340
1789058580,214.25,214.29,214.17,214.20,580
1789058640,214.20,214.31,214.14,214.29,2874
1789058700,214.29,214.53,214.22,214.45,159
1789058760,214.45,214.60,214.40,214.55,1200
1789058820,214.55,214.57,214.46,214.50,2625
1789058880,214.50,214.58,214.47,214.52,2876
1789058940,214.52,214.66,214.48,214.59,2901
1789059000,214.59,214.60,214.46,214.54,1050
1789059060,214.54,214.61,214.44,214.47,2934
1789059120,214.47,214.63,214.45,214.60,2276
1789059180,214.60,214.73,214.52,214.65,2232
1789059240,214.65,214.71,214.65,214.68,51
1789059300,214.68,214.78,214.60,214.73,1029
1789059360,214.73,214.79,214.61,214.69,2012
1789059420,214.69,214.73,214.51,214.55,2736
1789059480,214.55,214.75,214.50,214.68,2650
1789059540,214.68,214.72,214.48,214.54,2761
1789059600,214.54,214.59,214.40,214.45,2829
1789059660,214.45,214.68,214.43,214.62,1832
1789059720,214.62,214.76,214.59,214.71,1082
1789059780,214.71,214.86,214.68,214.82,2366
1789059840,214.82,214.87,214.62,214.70,1836
1789059900,214.70,214.93,214.62,214.87,1260
1789059960,214.87,215.04,214.79,215.01,2579
1789060020,215.01,215.01,214.90,214.96,404
1789060080,214.96,215.00,214.89,214.99,75
1789060140,214.99,215.07,214.80,214.83,1865
1789060200,214.83,214.85,214.73,214.81,1481
1789060260,214.81,214.82,214.65,214.66,1362
1789060320,214.66,214.73,214.58,214.64,1579
1789060380,214.64,214.65,214.55,214.63,1608
1789060440,214.63,214.72,214.63,214.71,1933
1789060500,214.71,214.87,214.69,214.84,2145
1789060560,214.84,215.02,214.77,215.00,2175
1789060620,215.00,215.09,214.93,215.06,518
1789060680,215.06,215.09,214.95,214.96,2129
1789060740,214.96,215.10,214.93,215.06,2226
1789060800,215.06,215.10,214.94,214.98,1565
1789060860,214.98,214.99,214.85,214.91,1380
1789060920,214.91,214.93,214.78,214.80,2707
1789060980,214.80,215.01,214.73,214.95,194
1789061040,214.95,214.97,214.74,214.79,2328
1789061100,214.79,214.82,214.69,214.76,376
1789061160,214.76,214.81,214.59,214.62,348
1789061220,214.62,214.81,214.56,214.79,1005
1789061280,214.79,214.91,214.76,214.88,1263
1789061340,214.88,215.11,214.84,215.05,2421
1789061400,215.05,215.13,215.00,215.10,1261
1789061460,215.10,215.17,214.93,214.95,1504
1789061520,214.95,215.00,214.89,214.99,1743
1789061580,214.99,215.17,214.96,215.12,2648
1789061640,215.12,215.21,215.08,215.18,2134
1789061700,215.18,215.35,215.14,215.30,2826
1789061760,215.30,215.38,215.29,215.30,1840
1789061820,215.30,215.33,215.23,215.24,826
1789061880,215.24,215.40,215.23,215.34,276
1789061940,215.34,215.48,215.33,215.45,664
1789062000,215.45,215.52,215.36,215.40,2572
1789062060,215.40,215.43,215.36,215.42,560
1789062120,215.42,215.63,215.35,215.59,1985
1789062180,215.59,215.65,215.45,215.53,239
1789062240,215.53,215.70,215.45,215.65,328
1789062300,215.65,215.78,215.64,215.73,801
1789062360,215.73,215.77,215.50,215.57,422
1789062420,215.57,215.59,215.54,215.55,841
1789062480,215.55,215.57,215.44,215.47,90
1789062540,215.47,215.52,215.29,215.32,1008
1789062600,215.32,215.40,215.26,215.32,2465
1789062660,215.32,215.39,215.24,215.35,279
1789062720,215.35,215.46,215.33,215.45,656
1789062780,215.45,215.53,215.40,215.44,2183
1789062840,215.44,215.52,215.37,215.50,381
1789062900,215.50,215.53,215.41,215.47,2095
1789062960,215.47,215.51,215.42,215.46,240
1789063020,215.46,215.54,215.41,215.41,659
1789063080,215.41,215.46,215.26,215.31,2278
1789063140,215.31,215.51,215.25,215.48,1853
1789098300,215.48,215.54,215.44,215.47,1076
1789098360,215.47,215.54,215.24,215.31,875
1789098420,215.31,215.45,215.28,215.40,2450
1789098480,215.40,215.54,215.32,215.51,525
1789098540,215.51,215.59,215.39,215.42,334
1789098600,215.42,215.50,215.20,215.26,2420
1789098660,215.26,215.26,215.03,215.12,2640
1789098720,215.12,215.18,215.02,215.08,943
1789098780,215.08,215.13,215.02,215.11,2060
1789098840,215.11,215.31,215.05,215.28,1776
1789098900,215.28,215.36,215.25,215.35,2184
1789098960,215.35,215.41,215.32,215.39,2758
1789099020,215.39,215.49,215.34,215.45,168
1789099080,215.45,215.67,215.40,215.62,1739
1789099140,215.62,215.84,215.60,215.79,2967
1789099200,215.79,216.00,215.71,215.92,105
1789099260,215.92,216.07,215.90,216.06,1812
1789099320,216.06,216.13,216.04,216.11,2530
1789099380,216.11,216.18,216.00,216.04,2674
1789099440,216.04,216.16,216.02,216.07,2669
1789099500,216.07,216.13,216.05,216.12,2792
1789099560,216.12,216.18,215.99,216.02,71
1789099620,216.02,216.07,215.96,216.06,1268
1789099680,216.06,216.12,215.87,215.93,2319
1789099740,215.93,215.96,215.77,215.84,1633
1789099800,215.84,216.07,215.82,216.00,1218
1789099860,216.00,216.06,215.85,215.92,590
1789099920,215.92,215.98,215.72,215.81,2959
1789099980,215.81,215.84,215.73,215.76,2357
1789100040,215.76,215.91,215.69,215.83,641
1789100100,215.83,215.93,215.75,215.91,1736
1789100160,215.91,216.00,215.85,215.93,1836
1789100220,215.93,215.98,215.72,215.78,897
1789100280,215.78,215.84,215.59,215.67,2508
1789100340,215.67,215.85,215.61,215.78,1584
1789100400,215.78,215.95,215.71,215.94,2733
1789100460,215.94,216.00,215.79,215.80,2241
1789100520,215.80,215.88,215.73,215.74,742
1789100580,215.74,215.79,215.67,215.74,2195
1789100640,215.74,215.92,215.67,215.86,1441
1789100700,215.86,216.04,215.85,216.03,1610
1789100760,216.03,216.09,215.80,215.87,2061
1789100820,215.87,215.91,215.78,215.86,2607
1789100880,215.86,215.89,215.78,215.80,1767
1789100940,215.80,215.81,215.73,215.77,2548
1789101000,215.77,215.93,215.75,215.85,414
1789101060,215.85,215.92,215.78,215.88,1655
1789101120,215.88,216.03,215.88,216.01,357
1789101180,216.01,216.20,215.96,216.18,2365
1789101240,216.18,216.21,215.94,216.02,1165
1789101300,216.02,216.19,215.99,216.16,2428
1789101360,216.16,216.35,216.08,216.33,608
1789101420,216.33,216.35,216.26,216.29,2254
1789101480,216.29,216.38,216.12,216.19,2972
1789101540,216.19,216.41,216.11,216.32,1795
1789101600,216.32,216.48,216.25,216.46,769
1789101660,216.46,216.55,216.38,216.47,321
1789101720,216.47,216.60,216.42,216.56,267
1789101780,216.56,216.57,216.38,216.46,1042
1789101840,216.46,216.57,216.45,216.53,1103
1789101900,216.53,216.59,216.51,216.54,1933
1789101960,216.54,216.69,216.46,216.67,54
1789102020,216.67,216.72,216.58,216.66,153
1789102080,216.66,216.68,216.57,216.61,1893
1789102140,216.61,216.64,216.58,216.64,326
1789102200,216.64,216.71,216.55,216.59,2663
1789102260,216.59,216.67,216.54,216.65,346
1789102320,216.65,216.69,216.46,216.49,1220
1789102380,216.49,216.66,216.48,216.61,881
1789102440,216.61,216.63,216.44,216.47,759
1789102500,216.47,216.72,216.41,216.64,569
1789102560,216.64,216.71,216.58,216.67,2725
1789102620,216.67,216.75,216.60,216.72,1906
1789102680,216.72,216.73,216.61,216.61,2008
1789102740,216.61,216.64,216.42,216.50,1810
1789102800,216.50,216.65,216.42,216.58,151
1789102860,216.58,216.62,216.48,216.50,2227
1789102920,216.50,216.52,216.35,216.40,1171
1789102980,216.40,216.47,216.39,216.46,1400
1789103040,216.46,216.48,216.33,216.36,505
1789103100,216.36,216.44,216.32,216.38,2153
1789103160,216.38,216.49,216.36,216.43,2330
1789103220,216.43,216.50,216.42,216.46,2397
1789103280,216.46,216.53,216.32,216.37,605
1789103340,216.37,216.57,216.29,216.52,191
1789103400,216.52,216.61,216.40,216.46,1330
1789103460,216.46,216.60,216.38,216.57,386
1789103520,216.57,216.78,216.53,216.73,2682
1789103580,216.73,216.97,216.73,216.90,246
1789103640,216.90,216.92,216.81,216.84,1739
1789103700,216.84,216.88,216.76,216.77,2347
1789103760,216.77,216.83,216.62,216.63,2667
1789103820,216.63,216.73,216.58,216.65,1817
1789103880,216.65,216.67,216.53,216.60,1676
1789103940,216.60,216.76,216.52,216.76,782
1789104000,216.76,216.85,216.69,216.84,93
1789104060,216.84,217.02,216.77,217.00,1234
1789104120,217.00,217.12,216.92,217.08,2003
1789104180,217.08,217.11,216.91,216.98,2686
1789104240,216.98,217.18,216.95,217.10,207
1789104300,217.10,217.11,216.96,217.01,122
1789104360,217.01,217.08,216.80,216.85,2115
1789104420,216.85,217.06,216.84,217.02,901
1789104480,217.02,217.03,216.89,216.96,595
1789104540,216.96,217.01,216.89,217.00,2584
1789104600,217.00,217.22,216.99,217.15,260
1789104660,217.15,217.23,216.97,217.00,51
1789104720,217.00,217.09,216.94,217.01,89
1789104780,217.01,217.16,217.01,217.08,1969
1789104840,217.08,217.16,216.99,217.09,345
1789104900,217.09,217.17,217.05,217.16,701
1789104960,217.16,217.21,217.08,217.11,259
1789105020,217.11,217.16,217.08,217.11,2093
1789105080,217.11,217.15,216.97,216.98,1417
1789105140,216.98,217.17,216.90,217.13,454
1789105200,217.13,217.18,217.11,217.13,154
1789105260,217.13,217.24,217.08,217.23,1407
1789105320,217.23,217.25,217.04,217.10,2421
1789105380,217.10,217.16,216.96,216.98,2391
1789105440,216.98,217.06,216.87,216.93,1475
1789105500,216.93,216.98,216.89,216.95,2851
1789105560,216.95,217.01,216.87,217.01,609
1789105620,217.01,217.14,216.95,217.09,99
1789105680,217.09,217.28,217.04,217.21,464
1789105740,217.21,217.40,217.17,217.37,703
1789105800,217.37,217.62,217.29,217.54,932
1789105860,217.54,217.73,217.49,217.69,1208
1789105920,217.69,217.72,217.62,217.63,2914
1789105980,217.63,217.77,217.58,217.73,525
1789106040,217.73,217.75,217.54,217.57,2296
1789106100,217.57,217.61,217.41,217.47,1723
1789106160,217.47,217.53,217.38,217.46,907
1789106220,217.46,217.46,217.25,217.32,2859
1789106280,217.32,217.37,217.28,217.33,2043
1789106340,217.33,217.35,217.29,217.29,530
1789106400,217.29,217.33,217.21,217.29,1193
1789106460,217.29,217.36,217.25,217.27,1092
1789106520,217.27,217.31,217.18,217.19,2143
1789106580,217.19,217.25,217.02,217.02,1686
1789106640,217.02,217.05,216.83,216.90,847
1789106700,216.90,216.93,216.87,216.91,871
1789106760,216.91,216.92,216.87,216.91,812
1789106820,216.91,217.16,216.84,217.08,2522
1789106880,217.08,217.10,216.96,216.98,2110
1789106940,216.98,217.03,216.97,217.00,2087
1789107000,217.00,217.05,216.97,216.97,1906
1789107060,216.97,217.14,216.89,217.13,2510
1789107120,217.13,217.22,217.08,217.14,2959
1789107180,217.14,217.21,217.04,217.10,713
1789107240,217.10,217.15,216.92,217.00,823
1789107300,217.00,217.09,216.91,216.94,1107
1789107360,216.94,217.02,216.90,217.00,2353
1789107420,217.00,217.03,216.97,216.97,2420
1789107480,216.97,216.98,216.81,216.89,2710
1789107540,216.89,216.95,216.77,216.80,1076
1789107600,216.80,216.85,216.64,216.71,81
1789107660,216.71,216.78,216.63,216.67,1305
1789107720,216.67,216.70,216.63,216.70,2839
1789107780,216.70,216.78,216.66,216.69,1269
1789107840,216.69,216.75,216.52,216.60,2037
1789107900,216.60,216.66,216.56,216.65,609
1789107960,216.65,216.87,216.59,216.81,680
1789108020,216.81,217.01,216.72,216.95,1641
1789108080,216.95,217.00,216.87,216.87,2036
1789108140,216.87,216.90,216.70,216.78,2587
1789108200,216.78,216.89,216.76,216.88,1034
1789108260,216.88,217.01,216.85,217.00,1152
1789108320,217.00,217.14,216.94,217.10,1735
1789108380,217.10,217.24,217.04,217.18,208
1789108440,217.18,217.23,217.07,217.08,1977
1789108500,217.08,217.10,216.88,216.93,2512
1789108560,216.93,217.01,216.72,216.78,2691
1789108620,216.78,216.96,216.76,216.90,2580
1789108680,216.90,216.98,216.82,216.97,1628
1789108740,216.97,217.15,216.94,217.14,2638
1789108800,217.14,217.17,217.06,217.10,1338
1789108860,217.10,217.14,216.89,216.96,1779
1789108920,216.96,217.17,216.92,217.08,2007
1789108980,217.08,217.11,216.95,217.02,1597
1789109040,217.02,217.08,217.00,217.05,2637
1789109100,217.05,217.09,216.96,217.01,195
1789109160,217.01,217.08,216.86,216.94,1848
1789109220,216.94,217.06,216.93,217.04,278
1789109280,217.04,217.06,216.92,216.94,2119
1789109340,216.94,217.06,216.87,217.05,1956
1789109400,217.05,217.06,216.91,216.92,2543
1789109460,216.92,216.97,216.78,216.83,1114
1789109520,216.83,216.86,216.69,216.77,1810
1789109580,216.77,216.93,216.73,216.89,2720
1789109640,216.89,217.04,216.88,217.01,817
1789109700,217.01,217.05,216.94,217.03,1941
1789109760,217.03,217.21,216.99,217.17,402
1789109820,217.17,217.18,216.95,217.01,1431
1789109880,217.01,217.10,216.94,217.05,850
1789109940,217.05,217.11,216.95,217.02,2274
1789110000,217.02,217.07,216.91,216.94,1284
1789110060,216.94,216.98,216.82,216.84,2158
1789110120,216.84,216.94,216.76,216.91,1255
1789110180,216.91,217.10,216.90,217.06,2703
1789110240,217.06,217.10,216.91,216.99,2464
1789110300,216.99,217.03,216.81,216.84,691
1789110360,216.84,216.94,216.75,216.90,698
1789110420,216.90,217.00,216.86,216.98,427
1789110480,216.98,217.05,216.89,217.01,73
1789110540,217.01,217.19,216.97,217.16,1246
1789110600,217.16,217.22,217.01,217.05,1994
1789110660,217.05,217.08,216.91,216.96,356
1789110720,216.96,217.04,216.88,216.97,2906
1789110780,216.97,217.06,216.91,217.06,2506
1789110840,217.06,217.07,216.89,216.96,2136
1789110900,216.96,216.96,216.87,216.96,1400
1789110960,216.96,217.15,216.89,217.09,1590
1789111020,217.09,217.11,217.00,217.10,2743
1789111080,217.10,217.33,217.04,217.28,969
1789111140,217.28,217.52,217.28,217.46,1063
1789111200,217.46,217.71,217.40,217.63,2617
1789111260,217.63,217.68,217.52,217.55,1749
1789111320,217.55,217.64,217.48,217.63,2510
1789111380,217.63,217.74,217.55,217.68,514
1789111440,217.68,217.86,217.61,217.78,1422
1789111500,217.78,217.78,217.73,217.78,1242
1789111560,217.78,217.93,217.70,217.92,661
1789111620,217.92,217.95,217.80,217.87,1647
1789111680,217.87,217.91,217.67,217.73,1864
1789111740,217.73,217.74,217.65,217.67,1017
1789111800,217.67,217.69,217.56,217.63,1055
1789111860,217.63,217.64,217.53,217.56,867
1789111920,217.56,217.65,217.51,217.61,123
1789111980,217.61,217.79,217.53,217.74,2857
1789112040,217.74,217.77,217.58,217.67,640
1789112100,217.67,217.71,217.65,217.70,1023
1789112160,217.70,217.72,217.58,217.65,614
1789112220,217.65,217.85,217.58,217.82,1953
1789112280,217.82,217.96,217.81,217.92,709
1789112340,217.92,217.94,217.81,217.82,2204
1789112400,217.82,217.98,217.77,217.92,2617
1789112460,217.92,218.11,217.86,218.04,1650
1789112520,218.04,218.13,218.01,218.06,2994
1789112580,218.06,218.15,217.86,217.93,635
1789112640,217.93,217.97,217.77,217.77,161
1789112700,217.77,217.78,217.71,217.74,1080
1789112760,217.74,217.87,217.72,217.79,1262
1789112820,217.79,217.85,217.71,217.77,136
1789112880,217.77,217.79,217.63,217.67,2644
1789112940,217.67,217.74,217.63,217.71,1587
1789113000,217.71,217.77,217.65,217.75,622
1789113060,217.75,217.99,217.70,217.92,2335
1789113120,217.92,218.08,217.90,218.00,2198
1789113180,218.00,218.01,217.89,217.92,1990
1789113240,217.92,217.94,217.87,217.89,2784
1789113300,217.89,217.93,217.88,217.91,2748
1789113360,217.91,217.94,217.69,217.76,2587
1789113420,217.76,217.87,217.71,217.79,2078
1789113480,217.79,218.00,217.75,217.96,588
1789113540,217.96,217.97,217.92,217.95,2352
1789113600,217.95,217.99,217.85,217.91,1660
1789113660,217.91,217.91,217.83,217.90,456
1789113720,217.90,218.12,217.86,218.05,1177
1789113780,218.05,218.10,217.84,217.92,1043
1789113840,217.92,217.98,217.78,217.79,2006
1789113900,217.79,217.85,217.62,217.64,2497
1789113960,217.64,217.68,217.50,217.57,2287
1789114020,217.57,217.63,217.55,217.62,922
1789114080,217.62,217.78,217.57,217.74,294
1789114140,217.74,217.81,217.70,217.76,128
1789114200,217.76,217.83,217.68,217.77,2356
1789114260,217.77,217.79,217.69,217.74,1260
1789114320,217.74,217.76,217.73,217.75,2273
1789114380,217.75,217.97,217.69,217.91,2175
1789114440,217.91,217.99,217.81,217.83,2865
1789114500,217.83,217.83,217.71,217.75,2324
1789114560,217.75,217.81,217.70,217.79,1990
1789114620,217.79,217.87,217.56,217.63,1695
1789114680,217.63,217.64,217.54,217.55,1238
1789114740,217.55,217.67,217.51,217.63,304
1789114800,217.63,217.81,217.61,217.78,1569
1789114860,217.78,217.82,217.61,217.64,365
1789114920,217.64,217.80,217.57,217.73,2047
1789114980,217.73,217.77,217.60,217.67,1504
1789115040,217.67,217.68,217.53,217.55,662
1789115100,217.55,217.69,217.52,217.61,1960
1789115160,217.61,217.65,217.51,217.55,2487
1789115220,217.55,217.61,217.46,217.58,2502
1789115280,217.58,217.59,217.56,217.56,2802
1789115340,217.56,217.67,217.50,217.67,527
1789115400,217.67,217.83,217.59,217.79,650
1789115460,217.79,217.80,217.62,217.64,2274
1789115520,217.64,217.70,217.58,217.60,1714
1789115580,217.60,217.62,217.47,217.51,74
1789115640,217.51,217.72,217.49,217.67,1732
1789115700,217.67,217.88,217.62,217.83,1278
1789115760,217.83,218.04,217.81,217.95,489
1789115820,217.95,218.02,217.89,217.95,464
1789115880,217.95,217.95,217.92,217.95,701
1789115940,217.95,218.15,217.90,218.13,683
1789116000,218.13,218.19,218.01,218.05,2776
1789116060,218.05,218.09,217.85,217.90,673
1789116120,217.90,217.99,217.81,217.99,664
1789116180,217.99,218.11,217.97,218.10,999
1789116240,218.10,218.29,218.07,218.25,257
1789116300,218.25,218.39,218.23,218.38,1653
1789116360,218.38,218.55,218.37,218.54,690
1789116420,218.54,218.69,218.54,218.67,2331
1789116480,218.67,218.94,218.64,218.85,628
1789116540,218.85,218.90,218.67,218.70,1235
1789116600,218.70,218.70,218.63,218.67,1393
1789116660,218.67,218.83,218.64,218.79,1108
1789116720,218.79,218.90,218.76,218.90,1485
1789116780,218.90,219.06,218.87,219.01,531
1789116840,219.01,219.09,218.91,219.00,2808
1789116900,219.00,219.03,218.92,218.95,1629
1789116960,218.95,218.97,218.76,218.78,2498
1789117020,218.78,218.89,218.76,218.89,962
1789117080,218.89,218.98,218.71,218.77,2538
1789117140,218.77,218.91,218.71,218.84,1408
1789117200,218.84,219.01,218.80,218.95,2459
1789117260,218.95,219.14,218.87,219.09,1458
1789117320,219.09,219.15,219.03,219.14,478
1789117380,219.14,219.23,219.13,219.19,136
1789117440,219.19,219.34,219.15,219.26,1932
1789117500,219.26,219.30,219.14,219.19,2328
1789117560,219.19,219.38,219.16,219.29,2514
1789117620,219.29,219.46,219.25,219.42,1937
1789117680,219.42,219.46,219.31,219.32,1851
1789117740,219.32,219.53,219.26,219.48,1461
1789117800,219.48,219.54,219.37,219.39,2018
1789117860,219.39,219.40,219.26,219.32,2180
1789117920,219.32,219.53,219.31,219.47,2444
1789117980,219.47,219.48,219.41,219.43,895
1789118040,219.43,219.49,219.32,219.32,2696
1789118100,219.32,219.33,219.16,219.22,440
1789118160,219.22,219.29,219.14,219.28,411
1789118220,219.28,219.32,219.20,219.21,473
1789118280,219.21,219.30,219.09,219.12,1656
1789118340,219.12,219.20,219.02,219.06,2017
1789118400,219.06,219.11,218.92,219.00,661
1789118460,219.00,219.06,218.93,218.95,506
1789118520,218.95,219.03,218.85,218.89,972
1789118580,218.89,218.96,218.86,218.89,368
1789118640,218.89,218.90,218.67,218.76,646
1789118700,218.76,218.81,218.61,218.65,1402
1789118760,218.65,218.68,218.60,218.68,1239
1789118820,218.68,218.80,218.59,218.74,936
1789118880,218.74,218.77,218.58,218.63,1736
1789118940,218.63,218.67,218.46,218.53,65
1789119000,218.53,218.72,218.46,218.65,1286
1789119060,218.65,218.72,218.43,218.49,1501
1789119120,218.49,218.59,218.45,218.56,760
1789119180,218.56,218.72,218.52,218.70,2314
1789119240,218.70,218.74,218.53,218.59,965
1789119300,218.59,218.67,218.41,218.45,2098
1789119360,218.45,218.60,218.44,218.59,439
1789119420,218.59,218.65,218.40,218.48,2066
1789119480,218.48,218.57,218.37,218.40,1266
1789119540,218.40,218.50,218.36,218.50,2428
1789119600,218.50,218.51,218.40,218.46,1147
1789119660,218.46,218.52,218.32,218.36,2679
1789119720,218.36,218.57,218.33,218.50,2227
1789119780,218.50,218.64,218.42,218.60,2897
1789119840,218.60,218.61,218.48,218.53,2682
1789119900,218.53,218.61,218.50,218.57,2889
1789119960,218.57,218.64,218.45,218.54,2672
1789120020,218.54,218.69,218.54,218.68,489
1789120080,218.68,218.75,218.44,218.52,60
1789120140,218.52,218.53,218.36,218.40,458
1789120200,218.40,218.50,218.38,218.48,1109
1789120260,218.48,218.49,218.34,218.42,2344
1789120320,218.42,218.46,218.27,218.28,2007
1789120380,218.28,218.33,218.26,218.28,2607
1789120440,218.28,218.44,218.19,218.37,1354
1789120500,218.37,218.52,218.28,218.47,2466
1789120560,218.47,218.60,218.41,218.58,2845
1789120620,218.58,218.68,218.51,218.60,529
1789120680,218.60,218.68,218.58,218.64,1110
1789120740,218.64,218.72,218.50,218.56,707
1789120800,218.56,218.71,218.49,218.69,1498
1789120860,218.69,218.88,218.63,218.85,1483
1789120920,218.85,218.91,218.83,218.90,1171
1789120980,218.90,218.90,218.75,218.78,586
1789121040,218.78,218.82,218.65,218.70,260
1789121100,218.70,218.78,218.67,218.69,522
1789121160,218.69,218.80,218.68,218.72,291
1789121220,218.72,218.79,218.63,218.68,2392
1789121280,218.68,218.75,218.50,218.55,1724
1789121340,218.55,218.67,218.47,218.63,1405
1789121400,218.63,218.68,218.60,218.66,1504
1789121460,218.66,218.76,218.66,218.72,1660
1789121520,218.72,218.81,218.55,218.56,2531
1789121580,218.56,218.61,218.46,218.53,2701
1789121640,218.53,218.76,218.45,218.70,2913
1789121700,218.70,218.75,218.62,218.63,2440
1789121760,218.63,218.67,218.60,218.62,1154
1789121820,218.62,218.69,218.57,218.61,2304
1789121880,218.61,218.64,218.57,218.63,744
1789121940,218.63,218.75,218.59,218.69,461
1789122000,218.69,218.90,218.69,218.85,1121
1789122060,218.85,219.01,218.82,218.94,1662
1789122120,218.94,219.18,218.89,219.12,231
1789122180,219.12,219.24,219.10,219.16,53
1789122240,219.16,219.20,219.02,219.02,700
1789122300,219.02,219.08,218.90,218.91,708
1789122360,218.91,218.96,218.88,218.93,966
1789122420,218.93,218.98,218.77,218.79,786
1789122480,218.79,218.86,218.68,218.68,2301
1789122540,218.68,218.76,218.67,218.69,2132
1789122600,218.69,218.75,218.51,218.54,2339
1789122660,218.54,218.58,218.43,218.44,1922
1789122720,218.44,218.63,218.43,218.59,506
1789122780,218.59,218.68,218.51,218.66,900
1789122840,218.66,218.73,218.57,218.64,1246
1789122900,218.64,218.65,218.59,218.63,1420
1789122960,218.63,218.66,218.53,218.61,2485
1789123020,218.61,218.79,218.57,218.75,1050
1789123080,218.75,218.78,218.72,218.73,1424
1789123140,218.73,218.76,218.65,218.65,427
1789123200,218.65,218.71,218.51,218.54,1813
1789123260,218.54,218.55,218.46,218.51,2690
1789123320,218.51,218.68,218.48,218.62,2113
1789123380,218.62,218.83,218.60,218.77,2967
1789123440,218.77,218.85,218.66,218.69,2626
1789123500,218.69,218.73,218.62,218.70,1528
1789123560,218.70,218.77,218.47,218.53,1159
1789123620,218.53,218.57,218.40,218.40,443
1789123680,218.40,218.58,218.38,218.52,2413
1789123740,218.52,218.67,218.51,218.59,1070
1789123800,218.59,218.70,218.59,218.70,458
1789123860,218.70,218.77,218.52,218.56,2271
1789123920,218.56,218.57,218.40,218.42,1108
1789123980,218.42,218.60,218.37,218.59,2453
1789124040,218.59,218.82,218.54,218.74,1812
1789124100,218.74,218.76,218.63,218.70,989
1789124160,218.70,218.80,218.62,218.78,721
1789124220,218.78,218.82,218.73,218.76,1197
1789124280,218.76,218.97,218.75,218.88,1540
1789124340,218.88,218.93,218.78,218.82,765
1789124400,218.82,218.91,218.76,218.79,2838
1789124460,218.79,218.85,218.71,218.72,2075
1789124520,218.72,218.76,218.50,218.58,2380
1789124580,218.58,218.62,218.42,218.51,1866
1789124640,218.51,218.57,218.38,218.42,2699
1789124700,218.42,218.58,218.39,218.56,1930
1789124760,218.56,218.76,218.52,218.69,2934
1789124820,218.69,218.70,218.50,218.54,909
1789124880,218.54,218.57,218.52,218.54,1171
1789124940,218.54,218.75,218.54,218.68,255
1789125000,218.68,218.70,218.51,218.52,2976
1789125060,218.52,218.59,218.51,218.54,1145
1789125120,218.54,218.58,218.35,218.37,1914
1789125180,218.37,218.41,218.24,218.27,657
1789125240,218.27,218.39,218.26,218.33,1393
1789125300,218.33,218.35,218.15,218.21,2902
1789125360,218.21,218.42,218.18,218.37,2824
1789125420,218.37,218.42,218.23,218.29,1179
1789125480,218.29,218.38,218.21,218.35,2123
1789125540,218.35,218.38,218.18,218.19,1062
1789125600,218.19,218.28,218.11,218.27,1775
1789125660,218.27,218.46,218.26,218.39,2908
1789125720,218.39,218.57,218.33,218.57,697
1789125780,218.57,218.71,218.49,218.66,2525
1789125840,218.66,218.70,218.66,218.68,2839
1789125900,218.68,218.69,218.57,218.58,1230
1789125960,218.58,218.74,218.49,218.66,2589
1789126020,218.66,218.77,218.65,218.71,971
1789126080,218.71,218.80,218.65,218.74,2996
1789126140,218.74,218.74,218.63,218.64,324
1789126200,218.64,218.68,218.56,218.65,815
1789126260,218.65,218.84,218.59,218.79,268
1789126320,218.79,218.79,218.75,218.76,2578
1789126380,218.76,218.77,218.68,218.69,1669
1789126440,218.69,218.74,218.46,218.53,2786
1789126500,218.53,218.69,218.50,218.67,1072
1789126560,218.67,218.83,218.61,218.79,82
1789126620,218.79,219.00,218.74,218.92,1545
1789126680,218.92,219.00,218.72,218.76,2612
1789126740,218.76,218.83,218.62,218.67,675
1789126800,218.67,218.75,218.55,218.59,1846
1789126860,218.59,218.62,218.59,218.59,1306
1789126920,218.59,218.65,218.51,218.63,1944
1789126980,218.63,218.65,218.51,218.53,898
1789127040,218.53,218.58,218.32,218.36,1401
1789127100,218.36,218.54,218.34,218.49,1484
1789127160,218.49,218.55,218.39,218.46,1051
1789127220,218.46,218.56,218.43,218.54,600
1789127280,218.54,218.60,218.33,218.39,2936
1789127340,218.39,218.55,218.32,218.49,1585
1789127400,218.49,218.51,218.42,218.46,1980
1789127460,218.46,218.72,218.43,218.63,2503
1789127520,218.63,218.73,218.56,218.72,1870
1789127580,218.72,218.73,218.67,218.70,1973
1789127640,218.70,218.84,218.68,218.76,2588
1789127700,218.76,218.82,218.70,218.76,1053
1789127760,218.76,218.96,218.71,218.89,1678
1789127820,218.89,218.93,218.85,218.91,914
1789127880,218.91,219.08,218.90,219.00,1951
1789127940,219.00,219.05,218.85,218.90,1305
1789128000,218.90,218.99,218.79,218.84,1728
1789128060,218.84,218.90,218.74,218.81,2944
1789128120,218.81,218.81,218.71,218.74,2473
1789128180,218.74,218.84,218.74,218.75,2163
1789128240,218.75,218.77,218.68,218.76,604
1789128300,218.76,218.83,218.71,218.73,1532
1789128360,218.73,218.83,218.65,218.78,1573
1789128420,218.78,218.84,218.57,218.61,332
1789128480,218.61,218.68,218.54,218.59,1565
1789128540,218.59,218.60,218.37,218.45,482
1789128600,218.45,218.50,218.26,218.28,1672
1789128660,218.28,218.49,218.21,218.43,2315
1789128720,218.43,218.60,218.42,218.57,494
1789128780,218.57,218.70,218.57,218.67,1722
1789128840,218.67,218.76,218.59,218.75,2546
1789128900,218.75,218.90,218.66,218.88,1819
1789128960,218.88,218.93,218.85,218.91,2237
1789129020,218.91,218.95,218.84,218.90,1129
1789129080,218.90,218.96,218.76,218.78,2335
1789129140,218.78,218.85,218.73,218.79,2859
1789129200,218.79,218.91,218.73,218.90,1998
1789129260,218.90,218.96,218.87,218.93,358
1789129320,218.93,219.10,218.86,219.02,2944
1789129380,219.02,219.03,218.89,218.92,2306
1789129440,218.92,219.03,218.83,218.97,2160
1789129500,218.97,218.97,218.87,218.90,1152
1789129560,218.90,219.05,218.90,218.98,440
1789129620,218.98,219.00,218.85,218.86,2934
1789129680,218.86,218.96,218.85,218.87,2282
1789129740,218.87,218.94,218.87,218.91,875
1789129800,218.91,219.07,218.91,219.05,1487
1789129860,219.05,219.18,219.04,219.12,198
1789129920,219.12,219.16,219.06,219.07,2568
1789129980,219.07,219.24,219.01,219.16,2272
1789130040,219.16,219.28,219.08,219.26,2399
1789130100,219.26,219.28,219.10,219.18,1451
1789130160,219.18,219.40,219.14,219.33,738
1789130220,219.33,219.38,219.16,219.17,1000
1789130280,219.17,219.28,219.10,219.22,117
1789130340,219.22,219.29,219.00,219.06,204
1789130400,219.06,219.18,218.99,219.10,2257
1789130460,219.10,219.12,218.95,218.97,2010
1789130520,218.97,219.00,218.82,218.91,1093
1789130580,218.91,218.93,218.87,218.87,2155
1789130640,218.87,218.92,218.77,218.82,2618
1789130700,218.82,218.90,218.72,218.72,2450
1789130760,218.72,218.79,218.62,218.64,171
1789130820,218.64,218.69,218.42,218.48,2857
1789130880,218.48,218.60,218.46,218.52,947
1789130940,218.52,218.54,218.46,218.49,2113
1789131000,218.49,218.60,218.41,218.53,2172
1789131060,218.53,218.63,218.45,218.56,1169
1789131120,218.56,218.64,218.50,218.63,1532
1789131180,218.63,218.70,218.48,218.55,2100
1789131240,218.55,218.79,218.51,218.71,968
1789131300,218.71,218.90,218.66,218.88,2114
1789131360,218.88,218.91,218.81,218.91,1414
1789131420,218.91,218.97,218.73,218.76,447
1789131480,218.76,218.84,218.63,218.65,1246
1789131540,218.65,218.68,218.46,218.48,1413
1789131600,218.48,218.68,218.45,218.61,2811
1789131660,218.61,218.79,218.55,218.77,2368
1789131720,218.77,218.81,218.59,218.62,1340
1789131780,218.62,218.70,218.56,218.70,1245
1789131840,218.70,218.72,218.58,218.59,1629
1789131900,218.59,218.63,218.40,218.43,2965
1789131960,218.43,218.59,218.40,218.54,1126
1789132020,218.54,218.59,218.48,218.55,1922
1789132080,218.55,218.63,218.51,218.63,388
1789132140,218.63,218.81,218.56,218.75,1120
1789132200,218.75,218.84,218.65,218.69,1733
1789132260,218.69,218.77,218.60,218.64,466
1789132320,218.64,218.72,218.50,218.52,2438
1789132380,218.52,218.58,218.37,218.41,1106
1789132440,218.41,218.46,218.40,218.43,1179
1789132500,218.43,218.60,218.41,218.57,1814
1789132560,218.57,218.74,218.51,218.68,2062
1789132620,218.68,218.76,218.63,218.71,1468
1789132680,218.71,218.78,218.67,218.69,200
1789132740,218.69,218.76,218.49,218.55,2766
1789132800,218.55,218.57,218.40,218.42,1996
1789132860,218.42,218.50,218.28,218.32,2989
1789132920,218.32,218.37,218.27,218.36,1483
1789132980,218.36,218.41,218.32,218.38,2941
1789133040,218.38,218.53,218.31,218.46,1857
1789133100,218.46,218.53,218.29,218.34,1639
1789133160,218.34,218.41,218.25,218.28,1215
1789133220,218.28,218.31,218.26,218.28,2356
1789133280,218.28,218.38,218.26,218.36,2155
1789133340,218.36,218.41,218.20,218.23,2809
1789133400,218.23,218.29,218.14,218.15,1476
1789133460,218.15,218.16,217.91,217.99,241
1789133520,217.99,218.01,217.90,217.93,823
1789133580,217.93,218.10,217.86,218.10,1186
1789133640,218.10,218.21,218.07,218.15,1391
1789133700,218.15,218.17,218.11,218.16,684
1789133760,218.16,218.35,218.09,218.28,1009
1789133820,218.28,218.35,218.08,218.15,415
1789133880,218.15,218.22,218.10,218.13,1294
1789133940,218.13,218.20,218.09,218.19,737
1789134000,218.19,218.34,218.18,218.31,836
1789134060,218.31,218.31,218.09,218.16,2051
1789134120,218.16,218.24,218.14,218.15,1393
1789134180,218.15,218.23,218.03,218.07,616
1789134240,218.07,218.15,217.92,217.98,738
1789134300,217.98,218.03,217.83,217.91,1683
1789134360,217.91,217.93,217.80,217.87,514
1789134420,217.87,217.97,217.81,217.94,1663
1789134480,217.94,217.95,217.77,217.83,649
1789134540,217.83,218.02,217.82,218.00,2425
1789134600,218.00,218.01,217.75,217.83,806
1789134660,217.83,217.92,217.75,217.89,1523
1789134720,217.89,217.90,217.84,217.86,2367
1789134780,217.86,217.88,217.75,217.83,675
1789134840,217.83,217.88,217.71,217.79,2547
1789134900,217.79,217.85,217.59,217.68,343
1789134960,217.68,217.73,217.53,217.56,424
1789135020,217.56,217.58,217.47,217.49,62
1789135080,217.49,217.64,217.47,217.57,657
1789135140,217.57,217.72,217.49,217.66,2962
1789135200,217.66,217.69,217.53,217.60,1602
1789135260,217.60,217.68,217.48,217.49,2688
1789135320,217.49,217.53,217.32,217.39,1371
1789135380,217.39,217.42,217.29,217.34,1130
1789135440,217.34,217.41,217.20,217.21,400
1789135500,217.21,217.28,217.06,217.08,555
1789135560,217.08,217.26,217.07,217.24,1687
1789135620,217.24,217.30,217.05,217.09,2050
1789135680,217.09,217.22,217.04,217.14,2567
1789135740,217.14,217.32,217.06,217.28,633
1789135800,217.28,217.31,217.17,217.25,2638
1789135860,217.25,217.32,217.15,217.21,1205
1789135920,217.21,217.28,217.11,217.12,2873
1789135980,217.12,217.22,217.04,217.15,1751
1789136040,217.15,217.20,216.98,217.03,2925
1789136100,217.03,217.21,216.96,217.16,1409
1789136160,217.16,217.33,217.09,217.32,1374
1789136220,217.32,217.50,217.28,217.43,1916
1789136280,217.43,217.63,217.37,217.55,2155
1789136340,217.55,217.69,217.48,217.66,600
1789136400,217.66,217.73,217.63,217.67,581
1789136460,217.67,217.77,217.66,217.72,2618
1789136520,217.72,217.80,217.50,217.56,911
1789136580,217.56,217.78,217.53,217.70,2499
1789136640,217.70,217.76,217.62,217.72,704
1789136700,217.72,217.90,217.67,217.88,1437
1789136760,217.88,217.92,217.83,217.84,1964
1789136820,217.84,217.85,217.62,217.69,2429
1789136880,217.69,217.83,217.65,217.80,580
1789136940,217.80,217.86,217.65,217.72,1293
1789137000,217.72,217.80,217.53,217.57,2571
1789137060,217.57,217.59,217.36,217.42,2623
1789137120,217.42,217.53,217.41,217.45,1027
1789137180,217.45,217.50,217.40,217.42,981
1789137240,217.42,217.49,217.21,217.28,490
1789137300,217.28,217.32,217.18,217.25,2561
1789137360,217.25,217.33,217.10,217.14,1520
1789137420,217.14,217.16,217.09,217.15,2621
1789137480,217.15,217.24,217.14,217.20,117
1789137540,217.20,217.36,217.16,217.30,583
1789137600,217.30,217.40,217.29,217.38,593
1789137660,217.38,217.60,217.34,217.56,750
1789137720,217.56,217.57,217.44,217.45,1271
1789137780,217.45,217.64,217.45,217.58,1791
1789137840,217.58,217.63,217.39,217.45,424
1789137900,217.45,217.55,217.42,217.53,1326
1789137960,217.53,217.56,217.41,217.47,2632
1789138020,217.47,217.49,217.39,217.44,1089
1789138080,217.44,217.49,217.38,217.42,501
1789138140,217.42,217.47,217.32,217.39,2237
1789138200,217.39,217.41,217.36,217.39,1178
1789138260,217.39,217.40,217.24,217.24,2851
1789138320,217.24,217.29,217.16,217.24,630
1789138380,217.24,217.27,217.05,217.09,1482
1789138440,217.09,217.28,217.01,217.23,2100
1789138500,217.23,217.37,217.16,217.32,2865
1789138560,217.32,217.42,217.23,217.36,769
1789138620,217.36,217.44,217.26,217.28,1533
1789138680,217.28,217.44,217.23,217.36,1381
1789138740,217.36,217.59,217.33,217.51,507
1789138800,217.51,217.57,217.41,217.44,2455
1789138860,217.44,217.47,217.35,217.38,406
1789138920,217.38,217.46,217.24,217.26,2318
1789138980,217.26,217.36,217.17,217.35,2869
1789139040,217.35,217.38,217.25,217.32,1020
1789139100,217.32,217.39,217.15,217.21,1894
1789139160,217.21,217.24,217.14,217.18,416
1789139220,217.18,217.24,217.13,217.24,2754
1789139280,217.24,217.30,217.13,217.16,56
1789139340,217.16,217.16,216.99,217.05,798
1789139400,217.05,217.13,217.03,217.04,1041
1789139460,217.04,217.12,216.97,217.08,1707
1789139520,217.08,217.30,217.08,217.24,1596
1789139580,217.24,217.24,217.05,217.14,1624
1789139640,217.14,217.21,216.95,216.99,2755
1789139700,216.99,217.13,216.95,217.12,410
1789139760,217.12,217.15,217.03,217.07,137
1789139820,217.07,217.26,217.00,217.17,1180
1789139880,217.17,217.31,217.09,217.26,901
1789139940,217.26,217.35,217.26,217.32,2898
1789140000,217.32,217.45,217.30,217.37,2996
1789140060,217.37,217.54,217.31,217.54,707
1789140120,217.54,217.70,217.46,217.62,1239
1789140180,217.62,217.72,217.59,217.66,868
1789140240,217.66,217.74,217.55,217.64,815
1789140300,217.64,217.85,217.57,217.79,2832
1789140360,217.79,217.99,217.72,217.93,1974
1789140420,217.93,217.99,217.73,217.81,2171
1789140480,217.81,217.94,217.79,217.90,2873
1789140540,217.90,218.11,217.89,218.07,938
1789140600,218.07,218.13,218.04,218.11,2688
1789140660,218.11,218.14,217.89,217.96,85
1789140720,217.96,218.01,217.76,217.84,2083
1789140780,217.84,217.91,217.80,217.80,2748
1789140840,217.80,217.82,217.66,217.67,1010
1789140900,217.67,217.68,217.58,217.59,108
1789140960,217.59,217.79,217.53,217.77,455
1789141020,217.77,217.81,217.73,217.76,2919
1789141080,217.76,217.94,217.70,217.88,1913
1789141140,217.88,217.96,217.78,217.86,1479
1789141200,217.86,218.06,217.82,217.99,1667
1789141260,217.99,218.13,217.96,218.11,2929
1789141320,218.11,218.14,218.01,218.08,2232
1789141380,218.08,218.15,218.02,218.02,1636
1789141440,218.02,218.04,217.85,217.93,2513
1789141500,217.93,218.07,217.88,218.01,2173
1789141560,218.01,218.09,217.88,217.95,2065
1789141620,217.95,217.99,217.78,217.82,652
1789141680,217.82,217.88,217.73,217.77,1511
1789141740,217.77,217.85,217.75,217.80,2459
1789141800,217.80,217.99,217.74,217.93,304
1789141860,217.93,218.01,217.87,217.96,117
1789141920,217.96,218.03,217.92,218.02,451
1789141980,218.02,218.02,217.78,217.85,724
1789142040,217.85,217.92,217.73,217.75,2845
1789142100,217.75,217.81,217.62,217.69,2982
1789142160,217.69,217.88,217.66,217.82,2088
1789142220,217.82,217.87,217.70,217.78,2105
1789142280,217.78,217.79,217.57,217.65,155
1789142340,217.65,217.84,217.64,217.80,2277
1789142400,217.80,217.87,217.72,217.72,79
1789142460,217.72,217.75,217.53,217.55,941
1789142520,217.55,217.71,217.53,217.69,2377
1789142580,217.69,217.71,217.58,217.62,611
1789142640,217.62,217.80,217.60,217.74,2819
1789142700,217.74,217.82,217.57,217.63,373
1789142760,217.63,217.69,217.51,217.51,2787
1789142820,217.51,217.57,217.34,217.37,2214
1789142880,217.37,217.47,217.31,217.43,1513
1789142940,217.43,217.55,217.34,217.48,1554
1789143000,217.48,217.49,217.40,217.47,461
1789143060,217.47,217.49,217.35,217.39,2622
1789143120,217.39,217.50,217.37,217.43,607
1789143180,217.43,217.45,217.30,217.35,919
1789143240,217.35,217.43,217.16,217.24,887
1789143300,217.24,217.26,217.16,217.18,509
1789143360,217.18,217.38,217.17,217.33,2407
1789143420,217.33,217.44,217.28,217.35,2942
1789143480,217.35,217.50,217.31,217.44,309
1789143540,217.44,217.49,217.25,217.32,2902
1789143600,217.32,217.33,217.23,217.26,938
1789143660,217.26,217.28,217.22,217.27,1367
1789143720,217.27,217.45,217.24,217.41,2146
1789143780,217.41,217.64,217.39,217.58,581
1789143840,217.58,217.77,217.56,217.71,2118
1789143900,217.71,217.76,217.52,217.55,1809
1789143960,217.55,217.57,217.42,217.46,1676
1789144020,217.46,217.58,217.45,217.54,1962
1789144080,217.54,217.62,217.30,217.39,541
1789144140,217.39,217.62,217.33,217.54,2394
1789144200,217.54,217.60,217.32,217.40,428
1789144260,217.40,217.53,217.31,217.46,144
1789144320,217.46,217.50,217.44,217.47,1478
1789144380,217.47,217.48,217.32,217.40,2079
1789144440,217.40,217.58,217.39,217.52,912
1789144500,217.52,217.66,217.46,217.58,1238
1789144560,217.58,217.64,217.44,217.50,287
1789144620,217.50,217.58,217.48,217.58,2832
1789144680,217.58,217.62,217.37,217.42,1040
1789144740,217.42,217.52,217.34,217.50,1187
1789144800,217.50,217.54,217.41,217.41,1221
1789144860,217.41,217.47,217.30,217.33,2742
1789144920,217.33,217.53,217.30,217.50,607
1789144980,217.50,217.65,217.49,217.62,499
1789145040,217.62,217.82,217.54,217.78,2969
1789145100,217.78,217.86,217.65,217.68,1546
1789145160,217.68,217.70,217.49,217.53,2602
1789145220,217.53,217.60,217.45,217.55,1850
1789145280,217.55,217.72,217.54,217.66,797
1789145340,217.66,217.83,217.65,217.80,1762
1789145400,217.80,217.86,217.73,217.74,1334
1789145460,217.74,217.81,217.73,217.80,2031
1789145520,217.80,217.84,217.71,217.74,690
1789145580,217.74,217.82,217.67,217.69,957
1789145640,217.69,217.74,217.53,217.56,2964
1789145700,217.56,217.60,217.43,217.46,1135
1789145760,217.46,217.52,217.37,217.40,516
1789145820,217.40,217.48,217.31,217.33,1868
1789145880,217.33,217.36,217.23,217.29,1440
1789145940,217.29,217.48,217.22,217.40,2999
1789146000,217.40,217.47,217.24,217.29,221
1789146060,217.29,217.36,217.18,217.20,2626
1789146120,217.20,217.28,217.19,217.21,1161
1789146180,217.21,217.22,217.01,217.04,2524
1789146240,217.04,217.10,216.98,216.99,2809
1789146300,216.99,217.14,216.96,217.06,1334
1789146360,217.06,217.13,216.90,216.97,153
1789146420,216.97,217.03,216.86,216.90,768
1789146480,216.90,217.00,216.83,216.97,1255
1789146540,216.97,217.15,216.96,217.12,1712
1789146600,217.12,217.16,217.05,217.11,1586
1789146660,217.11,217.27,217.06,217.19,703
1789146720,217.19,217.41,217.18,217.34,221
1789146780,217.34,217.51,217.31,217.43,776
1789146840,217.43,217.44,217.33,217.40,1404
1789146900,217.40,217.56,217.35,217.54,2376
1789146960,217.54,217.62,217.40,217.46,2025
1789147020,217.46,217.54,217.33,217.41,117
1789147080,217.41,217.50,217.37,217.45,584
1789147140,217.45,217.53,217.32,217.38,1048
1789147200,217.38,217.43,217.25,217.26,1378
1789147260,217.26,217.34,217.22,217.30,2357
1789147320,217.30,217.35,217.14,217.14,2424
1789147380,217.14,217.20,217.08,217.14,684
1789147440,217.14,217.37,217.12,217.29,2507
1789147500,217.29,217.37,217.10,217.18,2857
1789147560,217.18,217.34,217.14,217.33,640
1789147620,217.33,217.34,217.23,217.31,1618
1789147680,217.31,217.35,217.26,217.29,858
1789147740,217.29,217.30,217.14,217.16,2440
1789147800,217.16,217.24,217.07,217.13,2364
1789147860,217.13,217.30,217.08,217.29,2736
1789147920,217.29,217.45,217.27,217.43,1277
1789147980,217.43,217.55,217.42,217.47,667
1789148040,217.47,217.57,217.42,217.56,1488
1789148100,217.56,217.76,217.53,217.73,2665
1789148160,217.73,217.81,217.70,217.77,2943
1789148220,217.77,217.80,217.72,217.73,2282
1789148280,217.73,217.83,217.69,217.79,857
1789148340,217.79,217.80,217.63,217.72,2435
1789148400,217.72,217.80,217.69,217.75,523
1789148460,217.75,217.93,217.67,217.88,1661
1789148520,217.88,217.89,217.78,217.83,2896
1789148580,217.83,217.93,217.76,217.87,390
1789148640,217.87,217.96,217.85,217.89,1489
1789148700,217.89,218.02,217.84,217.97,1547
1789148760,217.97,218.02,217.79,217.86,495
1789148820,217.86,217.94,217.77,217.85,1979
1789148880,217.85,217.91,217.66,217.74,1340
1789148940,217.74,217.93,217.74,217.91,185
1789149000,217.91,218.00,217.85,217.93,878
1789149060,217.93,218.07,217.92,218.06,2868
1789149120,218.06,218.14,218.00,218.11,1613
1789149180,218.11,218.30,218.10,218.26,57
1789149240,218.26,218.33,218.01,218.10,1048
1789149300,218.10,218.28,218.09,218.21,1434
1789149360,218.21,218.29,218.03,218.10,2659
1789149420,218.10,218.23,218.09,218.20,1094
1789149480,218.20,218.30,218.12,218.29,2642
1789149540,218.29,218.46,218.23,218.44,207
1789357500,218.44,218.51,218.35,218.40,443
1789357560,218.40,218.43,218.21,218.28,2032
1789357620,218.28,218.41,218.24,218.33,593
1789357680,218.33,218.39,218.21,218.23,2333
1789357740,218.23,218.33,218.22,218.32,2972
1789357800,218.32,218.34,218.26,218.27,769
1789357860,218.27,218.30,218.09,218.16,2287
1789357920,218.16,218.21,218.15,218.19,2313
1789357980,218.19,218.27,217.99,218.07,65
1789358040,218.07,218.15,217.96,217.99,2397
1789358100,217.99,218.00,217.84,217.86,2594
1789358160,217.86,218.11,217.85,218.03,179
1789358220,218.03,218.18,218.02,218.17,2306
1789358280,218.17,218.23,217.99,218.05,389
1789358340,218.05,218.12,217.97,218.10,2382
1789358400,218.10,218.23,218.09,218.14,1309
1789358460,218.14,218.33,218.14,218.27,880
1789358520,218.27,218.37,218.22,218.35,2323
1789358580,218.35,218.51,218.27,218.48,674
1789358640,218.48,218.51,218.29,218.31,734
1789358700,218.31,218.38,218.14,218.22,1223
1789358760,218.22,218.25,218.02,218.07,1515
1789358820,218.07,218.14,217.94,217.97,2934
1789358880,217.97,218.02,217.79,217.81,430
1789358940,217.81,217.88,217.64,217.64,975
1789359000,217.64,217.86,217.61,217.79,1986
1789359060,217.79,217.88,217.71,217.85,2555
1789359120,217.85,217.99,217.84,217.95,986
1789359180,217.95,218.19,217.90,218.13,2521
1789359240,218.13,218.19,217.98,218.01,1636
1789359300,218.01,218.06,217.84,217.85,2640
1789359360,217.85,218.03,217.78,217.98,1026
1789359420,217.98,218.04,217.82,217.84,620
1789359480,217.84,217.92,217.74,217.77,1133
1789359540,217.77,217.79,217.68,217.75,2119
1789359600,217.75,217.82,217.66,217.72,2110
1789359660,217.72,217.82,217.63,217.81,914
1789359720,217.81,218.00,217.72,217.97,930
1789359780,217.97,218.01,217.94,217.96,1177
1789359840,217.96,218.10,217.89,218.06,356
1789359900,218.06,218.15,217.99,218.10,182
1789359960,218.10,218.18,218.04,218.04,156
1789360020,218.04,218.06,217.97,218.01,2785
1789360080,218.01,218.23,218.00,218.17,851
1789360140,218.17,218.32,218.16,218.29,2401
1789360200,218.29,218.36,218.26,218.32,2202
1789360260,218.32,218.49,218.26,218.41,2454
1789360320,218.41,218.56,218.36,218.48,2988
1789360380,218.48,218.54,218.44,218.45,2451
1789360440,218.45,218.51,218.25,218.28,2520
1789360500,218.28,218.36,218.04,218.12,2289
1789360560,218.12,218.30,218.09,218.29,2436
1789360620,218.29,218.29,218.19,218.24,1271
1789360680,218.24,218.33,218.13,218.18,493
1789360740,218.18,218.18,218.05,218.08,1249
1789360800,218.08,218.10,217.94,217.97,1442
1789360860,217.97,218.06,217.92,218.02,966
1789360920,218.02,218.08,218.00,218.05,513
1789360980,218.05,218.25,217.98,218.22,1882
1789361040,218.22,218.30,218.15,218.25,2033
1789361100,218.25,218.36,218.21,218.28,2065
1789361160,218.28,218.29,218.18,218.24,1259
1789361220,218.24,218.32,218.06,218.11,2975
1789361280,218.11,218.20,218.01,218.07,2492
1789361340,218.07,218.15,218.06,218.11,1698
1789361400,218.11,218.13,218.09,218.13,78
1789361460,218.13,218.26,218.09,218.22,88
1789361520,218.22,218.30,218.08,218.13,1798
1789361580,218.13,218.18,217.98,218.05,811
1789361640,218.05,218.20,218.04,218.14,1381
1789361700,218.14,218.23,218.12,218.22,1903
1789361760,218.22,218.32,218.15,218.30,54
1789361820,218.30,218.43,218.30,218.35,521
1789361880,218.35,218.37,218.34,218.35,1628
1789361940,218.35,218.46,218.27,218.42,2920
1789362000,218.42,218.57,218.41,218.51,606
1789362060,218.51,218.51,218.41,218.47,2218
1789362120,218.47,218.50,218.34,218.35,2786
1789362180,218.35,218.41,218.22,218.29,1357
1789362240,218.29,218.46,218.26,218.41,1465
1789362300,218.41,218.49,218.38,218.45,961
1789362360,218.45,218.63,218.44,218.59,204
1789362420,218.59,218.63,218.54,218.60,822
1789362480,218.60,218.69,218.54,218.68,171
1789362540,218.68,218.84,218.66,218.84,2135
1789362600,218.84,218.87,218.76,218.86,745
1789362660,218.86,218.99,218.79,218.98,2358
1789362720,218.98,219.04,218.88,218.94,239
1789362780,218.94,218.98,218.80,218.83,958
1789362840,218.83,218.91,218.73,218.76,2847
1789362900,218.76,218.96,218.74,218.90,2502
1789362960,218.90,219.09,218.88,219.02,623
1789363020,219.02,219.26,218.98,219.19,2444
1789363080,219.19,219.24,219.06,219.14,1678
1789363140,219.14,219.18,219.10,219.17,2385
1789363200,219.17,219.23,219.11,219.20,2504
1789363260,219.20,219.29,219.19,219.24,852
1789363320,219.24,219.38,219.17,219.34,278
1789363380,219.34,219.45,219.27,219.42,2561
1789363440,219.42,219.54,219.38,219.54,2998
1789363500,219.54,219.75,219.47,219.69,1712
1789363560,219.69,219.77,219.52,219.58,1815
1789363620,219.58,219.66,219.51,219.59,514
1789363680,219.59,219.63,219.52,219.55,1695
1789363740,219.55,219.76,219.53,219.73,948
1789363800,219.73,219.90,219.69,219.82,1725
1789363860,219.82,219.86,219.66,219.67,145
1789363920,219.67,219.78,219.61,219.77,1628
1789363980,219.77,219.89,219.69,219.85,2782
1789364040,219.85,219.87,219.79,219.86,2119
1789364100,219.86,220.01,219.79,219.97,2850
1789364160,219.97,220.08,219.91,220.03,676
1789364220,220.03,220.21,219.95,220.19,1343
1789364280,220.19,220.31,220.17,220.30,2924
1789364340,220.30,220.32,220.16,220.20,2251
1789364400,220.20,220.37,220.13,220.31,1270
1789364460,220.31,220.33,220.13,220.17,2738
1789364520,220.17,220.25,220.17,220.21,2610
1789364580,220.21,220.35,220.17,220.30,846
1789364640,220.30,220.34,220.11,220.19,1445
1789364700,220.19,220.36,220.18,220.28,1567
1789364760,220.28,220.30,220.13,220.19,1865
1789364820,220.19,220.27,220.04,220.10,905
1789364880,220.10,220.23,220.02,220.15,397
1789364940,220.15,220.24,220.07,220.21,1404
1789365000,220.21,220.28,220.04,220.09,1506
1789365060,220.09,220.18,219.94,220.00,840
1789365120,220.00,220.13,219.93,220.04,2201
1789365180,220.04,220.04,219.99,219.99,2766
1789365240,219.99,220.06,219.97,220.03,2437
1789365300,220.03,220.10,219.96,220.02,2110
1789365360,220.02,220.17,220.00,220.11,2471
1789365420,220.11,220.19,220.06,220.16,2455
1789365480,220.16,220.25,220.13,220.21,2870
1789365540,220.21,220.26,220.11,220.14,777
1789365600,220.14,220.21,220.14,220.17,793
1789365660,220.17,220.26,219.96,220.04,1782
1789365720,220.04,220.28,219.99,220.19,1048
1789365780,220.19,220.19,219.99,220.08,1046
1789365840,220.08,220.16,219.87,219.94,1489
1789365900,219.94,220.11,219.88,220.03,701
1789365960,220.03,220.12,219.98,219.99,2685
1789366020,219.99,220.07,219.93,220.07,2986
1789366080,220.07,220.15,219.89,219.91,53
1789366140,219.91,220.06,219.86,220.02,2267
1789366200,220.02,220.18,219.94,220.12,1979
1789366260,220.12,220.27,220.06,220.25,1754
1789366320,220.25,220.34,220.16,220.24,1186
1789366380,220.24,220.43,220.20,220.36,2098
1789366440,220.36,220.55,220.28,220.48,377
1789366500,220.48,220.63,220.40,220.62,2551
1789366560,220.62,220.67,220.54,220.57,766
1789366620,220.57,220.78,220.52,220.69,2013
1789366680,220.69,220.69,220.57,220.63,289
1789366740,220.63,220.89,220.60,220.80,291
1789366800,220.80,220.85,220.71,220.75,2207
1789366860,220.75,220.77,220.64,220.65,719
1789366920,220.65,220.70,220.62,220.63,108
1789366980,220.63,220.69,220.55,220.65,2188
1789367040,220.65,220.77,220.62,220.76,1025
1789367100,220.76,220.97,220.69,220.93,1426
1789367160,220.93,220.95,220.91,220.92,2506
1789367220,220.92,220.96,220.72,220.78,2561
1789367280,220.78,220.85,220.69,220.76,1098
1789367340,220.76,220.82,220.70,220.81,317
1789367400,220.81,220.82,220.70,220.77,875
1789367460,220.77,220.94,220.76,220.89,2485
1789367520,220.89,220.98,220.74,220.77,2689
1789367580,220.77,220.83,220.76,220.83,2859
1789367640,220.83,221.02,220.81,220.93,54
1789367700,220.93,220.96,220.81,220.82,57
1789367760,220.82,220.96,220.77,220.93,2199
1789367820,220.93,221.06,220.92,221.01,1949
1789367880,221.01,221.03,220.91,220.99,2652
1789367940,220.99,221.06,220.93,221.02,2826
1789368000,221.02,221.04,220.81,220.87,401
1789368060,220.87,220.94,220.72,220.74,1225
1789368120,220.74,220.88,220.69,220.81,1963
1789368180,220.81,221.00,220.73,220.94,193
1789368240,220.94,221.18,220.90,221.11,1534
1789368300,221.11,221.30,221.10,221.26,1877
1789368360,221.26,221.46,221.22,221.40,1369
1789368420,221.40,221.42,221.22,221.25,887
1789368480,221.25,221.28,221.11,221.19,2764
1789368540,221.19,221.24,221.11,221.24,2919
1789368600,221.24,221.26,221.12,221.12,2753
1789368660,221.12,221.31,221.05,221.27,2309
1789368720,221.27,221.35,221.13,221.21,2313
1789368780,221.21,221.22,221.04,221.04,2023
1789368840,221.04,221.05,220.90,220.92,1461
1789368900,220.92,220.98,220.84,220.87,1412
1789368960,220.87,220.90,220.82,220.85,1597
1789369020,220.85,221.02,220.81,220.93,2834
1789369080,220.93,221.13,220.90,221.09,2189
1789369140,221.09,221.11,220.99,221.05,1285
1789369200,221.05,221.25,221.04,221.19,530
1789369260,221.19,221.24,221.11,221.13,586
1789369320,221.13,221.15,221.00,221.07,1669
1789369380,221.07,221.20,221.02,221.17,1228
1789369440,221.17,221.35,221.13,221.30,1873
1789369500,221.30,221.32,221.17,221.17,954
1789369560,221.17,221.26,221.10,221.17,1550
1789369620,221.17,221.30,221.14,221.27,2893
1789369680,221.27,221.34,221.18,221.23,1958
1789369740,221.23,221.28,221.22,221.27,2507
1789369800,221.27,221.28,221.09,221.11,1383
1789369860,221.11,221.19,221.00,221.02,1660
1789369920,221.02,221.25,220.94,221.16,2386
1789369980,221.16,221.25,221.13,221.24,1859
1789370040,221.24,221.37,221.18,221.30,999
1789370100,221.30,221.47,221.26,221.40,105
1789370160,221.40,221.64,221.39,221.57,2819
1789370220,221.57,221.77,221.50,221.68,2123
1789370280,221.68,221.74,221.60,221.65,2971
1789370340,221.65,221.70,221.48,221.49,1860
1789370400,221.49,221.62,221.43,221.60,2427
1789370460,221.60,221.65,221.56,221.58,954
1789370520,221.58,221.69,221.49,221.60,2275
1789370580,221.60,221.67,221.60,221.60,829
1789370640,221.60,221.71,221.56,221.69,1292
1789370700,221.69,221.79,221.62,221.77,2754
1789370760,221.77,221.78,221.62,221.65,223
1789370820,221.65,221.68,221.60,221.65,241
1789370880,221.65,221.76,221.60,221.75,1515
1789370940,221.75,221.80,221.58,221.63,1369
1789371000,221.63,221.73,221.59,221.65,2380
1789371060,221.65,221.83,221.63,221.83,1764
1789371120,221.83,221.90,221.81,221.87,2580
1789371180,221.87,221.93,221.65,221.73,1717
1789371240,221.73,221.80,221.67,221.74,885
1789371300,221.74,221.76,221.55,221.62,767
1789371360,221.62,221.70,221.51,221.60,1305
1789371420,221.60,221.65,221.53,221.54,446
1789371480,221.54,221.58,221.46,221.58,2551
1789371540,221.58,221.80,221.50,221.71,366
1789371600,221.71,221.94,221.67,221.87,542
1789371660,221.87,221.93,221.62,221.71,345
1789371720,221.71,221.79,221.50,221.59,1336
1789371780,221.59,221.79,221.56,221.76,1081
1789371840,221.76,221.77,221.57,221.60,236
1789371900,221.60,221.67,221.43,221.45,141
1789371960,221.45,221.46,221.33,221.35,228
1789372020,221.35,221.47,221.29,221.46,1672
1789372080,221.46,221.61,221.43,221.56,1058
1789372140,221.56,221.71,221.54,221.65,2181
1789372200,221.65,221.90,221.63,221.82,1130
1789372260,221.82,221.91,221.80,221.85,972
1789372320,221.85,221.99,221.78,221.94,2070
1789372380,221.94,222.06,221.94,221.98,495
1789372440,221.98,222.04,221.89,222.00,2762
1789372500,222.00,222.08,221.96,221.99,336
1789372560,221.99,222.03,221.84,221.90,1280
1789372620,221.90,222.16,221.85,222.07,1207
1789372680,222.07,222.30,222.06,222.24,523
1789372740,222.24,222.33,222.20,222.25,1574
1789372800,222.25,222.49,222.22,222.41,823
1789372860,222.41,222.41,222.25,222.33,2711
1789372920,222.33,222.35,222.26,222.33,917
1789372980,222.33,222.43,222.31,222.40,229
1789373040,222.40,222.45,222.39,222.43,509
1789373100,222.43,222.50,222.23,222.26,2309
1789373160,222.26,222.45,222.19,222.41,2919
1789373220,222.41,222.59,222.35,222.51,1920
1789373280,222.51,222.73,222.42,222.69,1595
1789373340,222.69,222.72,222.61,222.72,603
1789373400,222.72,222.79,222.64,222.72,2300
1789373460,222.72,222.75,222.54,222.60,2026
1789373520,222.60,222.60,222.51,222.56,1073
1789373580,222.56,222.69,222.52,222.66,582
1789373640,222.66,222.74,222.63,222.69,2527
1789373700,222.69,222.78,222.62,222.63,1816
1789373760,222.63,222.68,222.60,222.66,748
1789373820,222.66,222.73,222.56,222.60,1611
1789373880,222.60,222.68,222.48,222.54,822
1789373940,222.54,222.71,222.49,222.66,1761
1789374000,222.66,222.75,222.61,222.74,2191
1789374060,222.74,222.77,222.60,222.68,2103
1789374120,222.68,222.92,222.60,222.85,85
1789374180,222.85,222.92,222.77,222.92,1583
1789374240,222.92,223.00,222.90,222.97,2943
1789374300,222.97,223.01,222.77,222.80,1924
1789374360,222.80,222.82,222.80,222.82,2429
1789374420,222.82,222.89,222.79,222.87,2946
1789374480,222.87,223.11,222.86,223.04,777
1789374540,223.04,223.08,222.97,223.00,862
1789374600,223.00,223.05,222.90,222.93,1554
1789374660,222.93,223.08,222.86,223.04,1004
1789374720,223.04,223.05,222.83,222.89,1531
1789374780,222.89,222.95,222.81,222.86,743
1789374840,222.86,223.02,222.84,222.93,820
1789374900,222.93,222.94,222.84,222.85,2179
1789374960,222.85,222.94,222.83,222.84,2755
1789375020,222.84,223.04,222.83,222.98,691
1789375080,222.98,223.06,222.76,222.82,1256
1789375140,222.82,222.90,222.63,222.71,279
1789375200,222.71,222.77,222.54,222.61,1449
1789375260,222.61,222.73,222.56,222.65,1009
1789375320,222.65,222.73,222.50,222.55,1247
1789375380,222.55,222.55,222.46,222.46,734
1789375440,222.46,222.53,222.45,222.48,2492
1789375500,222.48,222.56,222.41,222.45,1345
1789375560,222.45,222.67,222.41,222.63,1419
1789375620,222.63,222.80,222.63,222.79,2537
1789375680,222.79,222.80,222.66,222.66,1732
1789375740,222.66,222.71,222.60,222.61,1826
1789375800,222.61,222.68,222.51,222.57,2915
1789375860,222.57,222.64,222.34,222.43,95
1789375920,222.43,222.62,222.35,222.58,1900
1789375980,222.58,222.69,222.52,222.69,928
1789376040,222.69,222.72,222.56,222.60,574
1789376100,222.60,222.61,222.53,222.56,238
1789376160,222.56,222.75,222.53,222.69,469
1789376220,222.69,222.91,222.61,222.87,2821
1789376280,222.87,222.91,222.81,222.85,2062
1789376340,222.85,222.89,222.72,222.75,798
1789376400,222.75,222.79,222.68,222.73,1524
1789376460,222.73,222.77,222.66,222.66,362
1789376520,222.66,222.73,222.61,222.64,164
1789376580,222.64,222.72,222.49,222.51,785
1789376640,222.51,222.57,222.45,222.46,1165
1789376700,222.46,222.53,222.45,222.45,1463
1789376760,222.45,222.55,222.43,222.47,1032
1789376820,222.47,222.59,222.46,222.50,2294
1789376880,222.50,222.68,222.43,222.66,2830
1789376940,222.66,222.77,222.59,222.69,1327
1789377000,222.69,222.77,222.63,222.75,735
1789377060,222.75,222.83,222.55,222.62,1490
1789377120,222.62,222.64,222.50,222.53,1758
1789377180,222.53,222.62,222.42,222.49,1818
1789377240,222.49,222.50,222.38,222.46,1078
1789377300,222.46,222.52,222.32,222.37,1389
1789377360,222.37,222.48,222.36,222.43,2702
1789377420,222.43,222.45,222.27,222.33,1462
1789377480,222.33,222.52,222.27,222.46,873
1789377540,222.46,222.53,222.30,222.33,2089
1789377600,222.33,222.39,222.19,222.20,1103
1789377660,222.20,222.30,222.16,222.26,2891
1789377720,222.26,222.27,222.19,222.24,1563
1789377780,222.24,222.44,222.22,222.40,2815
1789377840,222.40,222.47,222.35,222.45,1655
1789377900,222.45,222.63,222.43,222.55,2912
1789377960,222.55,222.65,222.49,222.57,2044
1789378020,222.57,222.62,222.45,222.49,1841
1789378080,222.49,222.59,222.47,222.57,1596
1789378140,222.57,222.64,222.50,222.62,537
1789378200,222.62,222.63,222.47,222.51,248
1789378260,222.51,222.61,222.46,222.60,1288
1789378320,222.60,222.67,222.54,222.60,2628
1789378380,222.60,222.67,222.43,222.51,626
1789378440,222.51,222.52,222.42,222.49,2432
1789378500,222.49,222.65,222.43,222.59,2740
1789378560,222.59,222.73,222.52,222.65,2025
1789378620,222.65,222.71,222.52,222.55,1370
1789378680,222.55,222.59,222.51,222.54,1893
1789378740,222.54,222.56,222.51,222.53,1164
1789378800,222.53,222.56,222.44,222.46,1433
1789378860,222.46,222.65,222.43,222.60,2632
1789378920,222.60,222.60,222.53,222.54,1552
1789378980,222.54,222.63,222.47,222.50,1364
1789379040,222.50,222.55,222.44,222.48,2453
1789379100,222.48,222.56,222.41,222.43,2410
1789379160,222.43,222.45,222.39,222.43,2517
1789379220,222.43,222.46,222.35,222.42,668
1789379280,222.42,222.60,222.37,222.56,1441
1789379340,222.56,222.59,222.56,222.57,266
1789379400,222.57,222.67,222.54,222.59,523
1789379460,222.59,222.69,222.58,222.62,1414
1789379520,222.62,222.70,222.43,222.45,2669
1789379580,222.45,222.61,222.45,222.57,1272
1789379640,222.57,222.61,222.34,222.43,2043
1789379700,222.43,222.48,222.28,222.32,111
1789379760,222.32,222.40,222.19,222.25,2764
1789379820,222.25,222.33,222.17,222.25,601
1789379880,222.25,222.29,222.23,222.26,1241
1789379940,222.26,222.29,222.24,222.28,2045
1789380000,222.28,222.37,222.08,222.15,1575
1789380060,222.15,222.23,221.98,222.02,1446
1789380120,222.02,222.03,221.96,221.99,440
1789380180,221.99,222.02,221.82,221.90,110
1789380240,221.90,221.94,221.82,221.91,2078
1789380300,221.91,221.92,221.71,221.80,331
1789380360,221.80,221.80,221.60,221.63,1499
1789380420,221.63,221.69,221.43,221.51,122
1789380480,221.51,221.54,221.35,221.40,701
1789380540,221.40,221.56,221.32,221.48,1319
1789380600,221.48,221.49,221.43,221.48,1177
1789380660,221.48,221.56,221.40,221.49,505
1789380720,221.49,221.51,221.39,221.47,689
1789380780,221.47,221.52,221.32,221.36,2853
1789380840,221.36,221.59,221.32,221.53,336
1789380900,221.53,221.61,221.50,221.53,2345
1789380960,221.53,221.56,221.36,221.44,2795
1789381020,221.44,221.61,221.41,221.55,1820
1789381080,221.55,221.59,221.50,221.52,144
1789381140,221.52,221.63,221.47,221.58,717
1789381200,221.58,221.60,221.42,221.43,2752
1789381260,221.43,221.58,221.36,221.52,1941
1789381320,221.52,221.69,221.50,221.64,2942
1789381380,221.64,221.71,221.53,221.61,1804
1789381440,221.61,221.79,221.60,221.73,541
1789381500,221.73,221.85,221.70,221.85,2271
1789381560,221.85,222.04,221.78,222.01,2266
1789381620,222.01,222.05,221.93,221.96,1153
1789381680,221.96,221.98,221.84,221.84,867
1789381740,221.84,222.01,221.84,221.97,1711
1789381800,221.97,222.01,221.96,221.98,610
1789381860,221.98,222.01,221.94,221.96,1800
1789381920,221.96,222.01,221.94,221.96,2762
1789381980,221.96,222.00,221.90,221.94,233
1789382040,221.94,222.10,221.85,222.07,1364
1789382100,222.07,222.21,222.04,222.20,1094
1789382160,222.20,222.28,222.07,222.14,424
1789382220,222.14,222.31,222.07,222.25,1311
1789382280,222.25,222.37,222.19,222.32,1556
1789382340,222.32,222.48,222.29,222.47,1814
1789382400,222.47,222.49,222.31,222.33,2256
1789382460,222.33,222.36,222.17,222.25,2301
1789382520,222.25,222.48,222.21,222.39,1612
1789382580,222.39,222.44,222.30,222.36,1363
1789382640,222.36,222.43,222.11,222.19,1689
1789382700,222.19,222.21,222.12,222.20,2523
1789382760,222.20,222.40,222.18,222.33,2536
1789382820,222.33,222.51,222.32,222.43,2114
1789382880,222.43,222.64,222.40,222.61,1927
1789382940,222.61,222.78,222.60,222.73,2808
1789383000,222.73,222.89,222.71,222.89,2488
1789383060,222.89,222.91,222.80,222.80,341
1789383120,222.80,222.96,222.76,222.94,462
1789383180,222.94,223.01,222.86,222.87,142
1789383240,222.87,222.91,222.76,222.84,1487
1789383300,222.84,222.85,222.72,222.72,2975
1789383360,222.72,222.89,222.67,222.83,123
1789383420,222.83,222.84,222.69,222.74,1433
1789383480,222.74,222.88,222.68,222.80,1401
1789383540,222.80,223.01,222.75,222.92,1863
1789383600,222.92,223.03,222.83,223.02,1724
1789383660,223.02,223.02,222.95,222.99,688
1789383720,222.99,223.02,222.90,222.92,1289
1789383780,222.92,223.03,222.85,222.98,2547
1789383840,222.98,223.00,222.82,222.82,1617
1789383900,222.82,222.98,222.74,222.89,2434
1789383960,222.89,222.92,222.85,222.92,1067
1789384020,222.92,222.98,222.78,222.80,1331
1789384080,222.80,222.95,222.74,222.92,120
1789384140,222.92,222.96,222.74,222.79,2331
1789384200,222.79,222.82,222.66,222.72,2797
1789384260,222.72,222.87,222.65,222.85,233
1789384320,222.85,222.92,222.69,222.73,1715
1789384380,222.73,222.90,222.65,222.89,2333
1789384440,222.89,222.90,222.72,222.81,1153
1789384500,222.81,222.84,222.80,222.83,2046
1789384560,222.83,222.90,222.64,222.69,1079
1789384620,222.69,222.90,222.63,222.83,1874
1789384680,222.83,222.91,222.81,222.89,1090
1789384740,222.89,222.97,222.72,222.81,1193
1789384800,222.81,222.85,222.69,222.71,1171
1789384860,222.71,222.77,222.58,222.62,2291
1789384920,222.62,222.70,222.50,222.57,2949
1789384980,222.57,222.59,222.54,222.56,736
1789385040,222.56,222.56,222.41,222.48,228
1789385100,222.48,222.56,222.46,222.52,1227
1789385160,222.52,222.59,222.29,222.37,2097
1789385220,222.37,222.54,222.32,222.49,1100
1789385280,222.49,222.54,222.37,222.39,464
1789385340,222.39,222.59,222.35,222.53,1401
1789385400,222.53,222.60,222.38,222.47,2785
1789385460,222.47,222.54,222.28,222.30,1346
1789385520,222.30,222.39,222.13,222.14,708
1789385580,222.14,222.22,221.93,222.00,2170
1789385640,222.00,222.07,221.88,221.91,1331
1789385700,221.91,222.07,221.83,222.00,2345
1789385760,222.00,222.03,221.91,221.98,2549
1789385820,221.98,221.99,221.79,221.82,1753
1789385880,221.82,221.89,221.75,221.86,2271
1789385940,221.86,221.88,221.83,221.86,1012
1789386000,221.86,221.95,221.80,221.91,2508
1789386060,221.91,221.94,221.89,221.91,922
1789386120,221.91,222.06,221.83,222.02,330
1789386180,222.02,222.02,221.92,221.98,1566
1789386240,221.98,222.15,221.94,222.13,1878
1789386300,222.13,222.32,222.09,222.29,2858
1789386360,222.29,222.40,222.23,222.35,2187
1789386420,222.35,222.35,222.21,222.23,2915
1789386480,222.23,222.32,222.13,222.20,868
1789386540,222.20,222.21,222.04,222.07,525
1789386600,222.07,222.11,221.94,221.94,1773
1789386660,221.94,221.96,221.81,221.83,1724
1789386720,221.83,221.91,221.76,221.89,863
1789386780,221.89,222.06,221.86,221.99,911
1789386840,221.99,222.05,221.82,221.84,2936
1789386900,221.84,221.95,221.83,221.90,2301
1789386960,221.90,221.98,221.75,221.81,1127
1789387020,221.81,221.85,221.68,221.71,2453
1789387080,221.71,221.90,221.67,221.87,1366
1789387140,221.87,221.94,221.73,221.80,1207
1789387200,221.80,221.81,221.72,221.73,2705
1789387260,221.73,221.81,221.61,221.63,1912
1789387320,221.63,221.72,221.61,221.67,1292
1789387380,221.67,221.85,221.62,221.82,1793
1789387440,221.82,221.84,221.74,221.77,721
1789387500,221.77,221.88,221.74,221.80,683
1789387560,221.80,221.93,221.77,221.93,1385
1789387620,221.93,222.01,221.86,221.86,808
1789387680,221.86,222.09,221.80,222.02,1768
1789387740,222.02,222.04,221.96,222.01,854
1789387800,222.01,222.11,221.94,222.10,2044
1789387860,222.10,222.19,221.93,222.01,1868
1789387920,222.01,222.20,222.00,222.12,55
1789387980,222.12,222.17,222.04,222.11,1370
1789388040,222.11,222.27,222.11,222.19,556
1789388100,222.19,222.30,222.16,222.23,2032
1789388160,222.23,222.32,222.19,222.24,392
1789388220,222.24,222.37,222.23,222.29,304
1789388280,222.29,222.38,222.25,222.37,1511
1789388340,222.37,222.43,222.14,222.23,2691
1789388400,222.23,222.30,222.04,222.10,1164
1789388460,222.10,222.22,222.03,222.22,1139
1789388520,222.22,222.41,222.14,222.39,1849
1789388580,222.39,222.42,222.23,222.29,2996
1789388640,222.29,222.38,222.28,222.37,870
1789388700,222.37,222.44,222.27,222.36,2646
1789388760,222.36,222.46,222.33,222.46,1147
1789388820,222.46,222.49,222.28,222.31,86
1789388880,222.31,222.46,222.31,222.45,2615
1789388940,222.45,222.54,222.24,222.31,1545
1789389000,222.31,222.32,222.18,222.19,1210
1789389060,222.19,222.24,221.95,222.03,1003
1789389120,222.03,222.07,221.93,222.00,89
1789389180,222.00,222.07,221.96,222.01,1033
1789389240,222.01,222.17,221.96,222.10,2450
1789389300,222.10,222.22,222.07,222.18,1888
1789389360,222.18,222.40,222.11,222.32,240
1789389420,222.32,222.39,222.19,222.27,2214
1789389480,222.27,222.33,222.17,222.18,1052
1789389540,222.18,222.28,222.11,222.23,819
1789389600,222.23,222.32,222.02,222.11,1782
1789389660,222.11,222.16,222.07,222.13,535
1789389720,222.13,222.27,222.12,222.21,1047
1789389780,222.21,222.21,222.10,222.17,2176
1789389840,222.17,222.34,222.12,222.29,578
1789389900,222.29,222.46,222.20,222.39,1870
1789389960,222.39,222.43,222.32,222.43,2631
1789390020,222.43,222.47,222.37,222.46,491
1789390080,222.46,222.65,222.40,222.62,2289
1789390140,222.62,222.68,222.60,222.61,1653
1789390200,222.61,222.66,222.54,222.57,1899
1789390260,222.57,222.69,222.54,222.64,695
1789390320,222.64,222.82,222.59,222.78,351
1789390380,222.78,222.84,222.60,222.64,1038
1789390440,222.64,222.85,222.55,222.82,1527
1789390500,222.82,222.90,222.77,222.85,1905
1789390560,222.85,222.94,222.64,222.68,144
1789390620,222.68,222.68,222.61,222.63,403
1789390680,222.63,222.72,222.55,222.62,644
1789390740,222.62,222.65,222.53,222.61,132
1789390800,222.61,222.73,222.61,222.68,556
1789390860,222.68,222.76,222.67,222.71,872
1789390920,222.71,222.87,222.64,222.84,443
1789390980,222.84,222.97,222.75,222.92,2340
1789391040,222.92,223.16,222.87,223.10,2112
1789391100,223.10,223.13,222.90,222.98,2539
1789391160,222.98,223.01,222.80,222.86,393
1789391220,222.86,223.02,222.78,222.99,1906
1789391280,222.99,223.08,222.89,222.96,101
1789391340,222.96,223.04,222.96,223.00,1287
1789391400,223.00,223.16,222.98,223.15,116
1789391460,223.15,223.16,223.02,223.06,2677
1789391520,223.06,223.24,223.04,223.24,2249
1789391580,223.24,223.35,223.16,223.33,1121
1789391640,223.33,223.41,223.33,223.40,606
1789391700,223.40,223.65,223.36,223.57,1740
1789391760,223.57,223.58,223.49,223.56,2226
1789391820,223.56,223.75,223.54,223.66,1744
1789391880,223.66,223.74,223.59,223.72,125
1789391940,223.72,223.80,223.55,223.60,184
1789392000,223.60,223.85,223.59,223.78,2529
1789392060,223.78,223.79,223.55,223.63,500
1789392120,223.63,223.67,223.46,223.49,1348
1789392180,223.49,223.57,223.42,223.46,2882
1789392240,223.46,223.59,223.41,223.54,348
1789392300,223.54,223.60,223.49,223.50,151
1789392360,223.50,223.69,223.49,223.63,1679
1789392420,223.63,223.71,223.60,223.62,2552
1789392480,223.62,223.74,223.60,223.65,652
1789392540,223.65,223.82,223.61,223.77,1038
1789392600,223.77,223.82,223.63,223.69,977
1789392660,223.69,223.81,223.67,223.74,2428
1789392720,223.74,223.90,223.71,223.83,1672
1789392780,223.83,223.87,223.70,223.76,958
1789392840,223.76,223.82,223.67,223.81,1322
1789392900,223.81,223.84,223.59,223.65,781
1789392960,223.65,223.69,223.48,223.56,1334
1789393020,223.56,223.64,223.55,223.62,424
1789393080,223.62,223.64,223.40,223.48,2388
1789393140,223.48,223.55,223.28,223.32,375
1789393200,223.32,223.34,223.24,223.31,1893
1789393260,223.31,223.39,223.26,223.33,264
1789393320,223.33,223.41,223.21,223.26,2220
1789393380,223.26,223.30,223.23,223.29,2787
1789393440,223.29,223.47,223.28,223.43,487
1789393500,223.43,223.63,223.42,223.56,1425
1789393560,223.56,223.65,223.52,223.63,206
1789393620,223.63,223.77,223.61,223.69,2427
1789393680,223.69,223.84,223.60,223.76,2342
1789393740,223.76,223.78,223.70,223.77,1746
1789393800,223.77,223.99,223.76,223.92,2271
1789393860,223.92,224.03,223.87,223.99,133
1789393920,223.99,224.23,223.91,224.15,1935
1789393980,224.15,224.26,224.13,224.24,2199
1789394040,224.24,224.27,224.03,224.11,1051
1789394100,224.11,224.16,223.97,224.01,1296
1789394160,224.01,224.13,224.01,224.06,2108
1789394220,224.06,224.11,223.88,223.92,2445
1789394280,223.92,224.04,223.90,223.99,225
1789394340,223.99,224.07,223.92,224.03,920
1789394400,224.03,224.13,224.02,224.09,2240
1789394460,224.09,224.32,224.08,224.26,1309
1789394520,224.26,224.33,224.20,224.31,485
1789394580,224.31,224.34,224.16,224.19,1216
1789394640,224.19,224.25,224.14,224.15,2705
1789394700,224.15,224.23,224.02,224.10,1317
1789394760,224.10,224.11,224.01,224.10,735
1789394820,224.10,224.12,223.92,223.93,2167
1789394880,223.93,224.02,223.87,223.96,2374
1789394940,223.96,224.02,223.89,223.93,2960
1789395000,223.93,224.07,223.92,224.01,2615
1789395060,224.01,224.16,223.95,224.14,929
1789395120,224.14,224.22,223.96,224.02,2662
1789395180,224.02,224.10,223.86,223.94,2418
1789395240,223.94,224.00,223.92,223.94,2627
1789395300,223.94,224.08,223.90,224.01,1362
1789395360,224.01,224.09,223.82,223.87,1547
1789395420,223.87,223.99,223.78,223.94,2133
1789395480,223.94,223.95,223.84,223.86,2182
1789395540,223.86,223.97,223.81,223.97,694
1789395600,223.97,224.03,223.94,223.95,579
1789395660,223.95,223.98,223.91,223.96,2060
1789395720,223.96,224.11,223.93,224.03,2169
1789395780,224.03,224.08,223.98,224.01,2618
1789395840,224.01,224.07,223.84,223.91,2732
1789395900,223.91,223.99,223.86,223.98,1708
1789395960,223.98,224.20,223.92,224.11,429
1789396020,224.11,224.20,224.11,224.18,1369
1789396080,224.18,224.18,224.00,224.04,75
1789396140,224.04,224.15,223.96,224.13,2601
1789396200,224.13,224.21,224.06,224.13,2405
1789396260,224.13,224.15,224.03,224.06,2058
1789396320,224.06,224.21,224.01,224.18,541
1789396380,224.18,224.24,224.06,224.11,829
1789396440,224.11,224.16,223.92,223.95,1648
1789396500,223.95,224.03,223.86,224.00,1417
1789396560,224.00,224.22,223.95,224.14,1204
1789396620,224.14,224.17,224.00,224.01,2976
1789396680,224.01,224.16,223.97,224.08,2409
1789396740,224.08,224.15,224.01,224.03,1742
1789396800,224.03,224.18,224.00,224.10,1156
1789396860,224.10,224.26,224.09,224.18,1335
1789396920,224.18,224.21,224.09,224.19,675
1789396980,224.19,224.37,224.17,224.34,570
1789397040,224.34,224.52,224.26,224.49,1372
1789397100,224.49,224.63,224.44,224.55,1600
1789397160,224.55,224.60,224.40,224.44,1214
1789397220,224.44,224.50,224.28,224.36,759
1789397280,224.36,224.43,224.20,224.28,2038
1789397340,224.28,224.33,224.04,224.11,97
1789397400,224.11,224.20,224.03,224.18,2848
1789397460,224.18,224.26,224.12,224.13,921
1789397520,224.13,224.21,224.05,224.19,2959
1789397580,224.19,224.40,224.11,224.33,2406
1789397640,224.33,224.40,224.28,224.30,665
1789397700,224.30,224.37,224.24,224.26,2371
1789397760,224.26,224.32,224.09,224.18,456
1789397820,224.18,224.25,224.17,224.20,937
1789397880,224.20,224.33,224.13,224.25,1477
1789397940,224.25,224.30,224.06,224.08,873
1789398000,224.08,224.10,223.98,224.05,97
1789398060,224.05,224.25,224.02,224.17,1329
1789398120,224.17,224.30,224.15,224.30,773
1789398180,224.30,224.35,224.22,224.28,2772
1789398240,224.28,224.47,224.22,224.46,1921
1789398300,224.46,224.72,224.39,224.63,276
1789398360,224.63,224.68,224.45,224.48,2911
1789398420,224.48,224.52,224.26,224.33,2397
1789398480,224.33,224.45,224.26,224.37,599
1789398540,224.37,224.38,224.11,224.20,1011
1789398600,224.20,224.25,224.12,224.15,1476
1789398660,224.15,224.23,224.00,224.08,283
1789398720,224.08,224.16,223.96,224.00,2747
1789398780,224.00,224.20,223.97,224.15,1394
1789398840,224.15,224.21,224.05,224.13,775
1789398900,224.13,224.19,224.10,224.16,1278
1789398960,224.16,224.20,224.02,224.08,1607
1789399020,224.08,224.21,224.00,224.17,2502
1789399080,224.17,224.20,224.03,224.05,1350
1789399140,224.05,224.13,223.98,224.11,545
1789399200,224.11,224.22,224.05,224.19,699
1789399260,224.19,224.43,224.11,224.35,211
1789399320,224.35,224.41,224.28,224.38,1076
1789399380,224.38,224.44,224.22,224.29,2913
1789399440,224.29,224.37,224.15,224.17,2444
1789399500,224.17,224.20,224.06,224.09,2441
1789399560,224.09,224.31,224.02,224.25,1679
1789399620,224.25,224.33,224.10,224.17,500
1789399680,224.17,224.38,224.12,224.31,841
1789399740,224.31,224.39,224.27,224.38,1194
1789399800,224.38,224.47,224.30,224.42,1236
1789399860,224.42,224.55,224.37,224.50,1335
1789399920,224.50,224.57,224.47,224.54,2382
1789399980,224.54,224.63,224.30,224.38,1150
1789400040,224.38,224.63,224.35,224.55,891
1789400100,224.55,224.58,224.34,224.41,2133
1789400160,224.41,224.48,224.37,224.43,1413
1789400220,224.43,224.47,224.29,224.32,2986
1789400280,224.32,224.39,224.27,224.29,2028
1789400340,224.29,224.37,224.25,224.26,1158
1789400400,224.26,224.29,224.01,224.10,2881
1789400460,224.10,224.22,224.09,224.13,2750
1789400520,224.13,224.27,224.10,224.26,2396
1789400580,224.26,224.42,224.23,224.40,846
1789400640,224.40,224.53,224.32,224.51,325
1789400700,224.51,224.52,224.35,224.37,350
1789400760,224.37,224.40,224.17,224.20,707
1789400820,224.20,224.32,224.11,224.30,103
1789400880,224.30,224.48,224.28,224.40,2312
1789400940,224.40,224.47,224.35,224.36,1672
1789401000,224.36,224.42,224.31,224.37,111
1789401060,224.37,224.41,224.25,224.26,671
1789401120,224.26,224.36,224.18,224.28,521
1789401180,224.28,224.28,224.10,224.13,2746
1789401240,224.13,224.21,223.90,223.98,894
1789401300,223.98,224.10,223.97,224.02,1910
1789401360,224.02,224.05,223.91,223.91,2869
1789401420,223.91,224.13,223.83,224.08,2927
1789401480,224.08,224.11,223.90,223.95,1673
1789401540,223.95,223.99,223.87,223.97,1618
1789401600,223.97,223.99,223.80,223.86,2463
1789401660,223.86,223.93,223.74,223.82,2297
1789401720,223.82,223.90,223.76,223.87,1588
1789401780,223.87,224.08,223.79,224.01,1915
1789401840,224.01,224.10,223.90,223.98,2667
1789401900,223.98,224.00,223.96,223.98,138
1789401960,223.98,224.06,223.82,223.82,2351
1789402020,223.82,223.89,223.77,223.80,2528
1789402080,223.80,224.00,223.79,223.96,1317
1789402140,223.96,223.99,223.84,223.86,1132
1789402200,223.86,223.88,223.78,223.81,1941
1789402260,223.81,223.96,223.80,223.93,876
1789402320,223.93,224.02,223.88,223.89,1741
1789402380,223.89,223.89,223.85,223.86,2986
1789402440,223.86,224.08,223.79,224.02,1454
1789402500,224.02,224.13,223.99,224.12,2712
1789402560,224.12,224.36,224.07,224.28,1476
1789402620,224.28,224.41,224.24,224.36,204
1789402680,224.36,224.48,224.31,224.44,697
1789402740,224.44,224.62,224.42,224.57,2034
1789402800,224.57,224.75,224.53,224.68,1462
1789402860,224.68,224.78,224.64,224.71,2710
1789402920,224.71,224.72,224.61,224.66,1686
1789402980,224.66,224.76,224.61,224.69,655
1789403040,224.69,224.89,224.63,224.85,2940
1789403100,224.85,225.01,224.80,224.96,2558
1789403160,224.96,224.98,224.88,224.97,2782
1789403220,224.97,225.06,224.96,224.98,982
1789403280,224.98,224.99,224.90,224.96,72
1789403340,224.96,225.13,224.93,225.05,478
1789403400,225.05,225.11,225.01,225.02,1810
1789403460,225.02,225.10,224.81,224.85,2753
1789403520,224.85,225.02,224.82,224.99,1310
1789403580,224.99,225.16,224.91,225.14,654
1789403640,225.14,225.19,224.95,225.04,1411
1789403700,225.04,225.25,225.00,225.20,1555
1789403760,225.20,225.40,225.19,225.38,1424
1789403820,225.38,225.43,225.21,225.25,266
1789403880,225.25,225.30,225.06,225.11,344
1789403940,225.11,225.20,225.02,225.10,1947
1789404000,225.10,225.24,225.10,225.15,590
1789404060,225.15,225.23,225.11,225.17,706
1789404120,225.17,225.21,225.00,225.07,547
1789404180,225.07,225.30,225.05,225.22,2680
1789404240,225.22,225.28,225.09,225.15,2475
1789404300,225.15,225.25,225.08,225.25,899
1789404360,225.25,225.40,225.22,225.38,1119
1789404420,225.38,225.51,225.31,225.44,749
1789404480,225.44,225.56,225.36,225.53,2931
1789404540,225.53,225.55,225.43,225.52,806
1789404600,225.52,225.71,225.50,225.63,1973
1789404660,225.63,225.77,225.61,225.74,685
1789404720,225.74,225.80,225.62,225.69,2533
1789404780,225.69,225.69,225.56,225.64,1820
1789404840,225.64,225.71,225.49,225.52,998
1789404900,225.52,225.52,225.43,225.48,1307
1789404960,225.48,225.62,225.44,225.57,1756
1789405020,225.57,225.59,225.37,225.41,273
1789405080,225.41,225.50,225.41,225.47,2644
1789405140,225.47,225.58,225.42,225.57,1681
1789405200,225.57,225.58,225.41,225.41,2904
1789405260,225.41,225.67,225.33,225.59,2136
1789405320,225.59,225.61,225.50,225.57,2123
1789405380,225.57,225.77,225.49,225.71,2250
1789405440,225.71,225.78,225.57,225.65,680
1789405500,225.65,225.83,225.63,225.78,336
1789405560,225.78,225.85,225.68,225.70,2936
1789405620,225.70,225.97,225.62,225.88,70
1789405680,225.88,225.95,225.77,225.80,804
1789405740,225.80,225.85,225.59,225.63,2497
1789405800,225.63,225.77,225.62,225.70,2384
1789405860,225.70,225.77,225.65,225.67,85
1789405920,225.67,225.70,225.62,225.67,2824
1789405980,225.67,225.70,225.51,225.57,1347
1789406040,225.57,225.81,225.51,225.73,761
1789406100,225.73,225.89,225.66,225.81,1354
1789406160,225.81,225.88,225.74,225.78,362
1789406220,225.78,225.84,225.67,225.74,2138
1789406280,225.74,225.75,225.65,225.70,413
1789406340,225.70,225.74,225.63,225.69,1617
1789406400,225.69,225.73,225.65,225.71,2088
1789406460,225.71,225.79,225.62,225.69,2898
1789406520,225.69,225.77,225.51,225.54,294
1789406580,225.54,225.71,225.53,225.69,2291
1789406640,225.69,225.75,225.49,225.52,1820
1789406700,225.52,225.53,225.38,225.44,2609
1789406760,225.44,225.55,225.39,225.47,419
1789406820,225.47,225.62,225.38,225.57,1666
1789406880,225.57,225.59,225.42,225.48,1642
1789406940,225.48,225.48,225.46,225.46,1571
1789407000,225.46,225.50,225.29,225.29,1598
1789407060,225.29,225.35,225.15,225.22,543
1789407120,225.22,225.47,225.21,225.40,2305
1789407180,225.40,225.41,225.21,225.23,1393
1789407240,225.23,225.30,225.22,225.24,1741
1789407300,225.24,225.30,225.16,225.18,1553
1789407360,225.18,225.39,225.10,225.32,2149
1789407420,225.32,225.38,225.29,225.33,2928
1789407480,225.33,225.48,225.28,225.40,2403
1789407540,225.40,225.41,225.20,225.25,2726
1789407600,225.25,225.29,225.08,225.09,2922
1789407660,225.09,225.11,225.03,225.08,543
1789407720,225.08,225.26,225.08,225.24,2417
1789407780,225.24,225.43,225.22,225.39,1139
1789407840,225.39,225.44,225.25,225.31,1635
1789407900,225.31,225.44,225.25,225.43,1233
1789407960,225.43,225.44,225.40,225.41,465
1789408020,225.41,225.46,225.37,225.42,1240
1789408080,225.42,225.44,225.22,225.27,2796
1789408140,225.27,225.30,225.27,225.28,1965
1789408200,225.28,225.34,225.12,225.19,836
1789408260,225.19,225.27,225.18,225.22,781
1789408320,225.22,225.31,225.17,225.29,1666
1789408380,225.29,225.29,225.27,225.28,2821
1789408440,225.28,225.44,225.23,225.37,998
1789408500,225.37,225.41,225.18,225.24,1443
1789408560,225.24,225.43,225.17,225.37,2039
1789408620,225.37,225.54,225.29,225.52,132
1789408680,225.52,225.52,225.48,225.51,487
1789408740,225.51,225.55,225.37,225.45,2739
1789443900,225.45,225.52,225.26,225.30,964
1789443960,225.30,225.54,225.21,225.46,151
1789444020,225.46,225.51,225.31,225.33,2318
1789444080,225.33,225.48,225.28,225.41,2497
1789444140,225.41,225.44,225.20,225.24,2860
1789444200,225.24,225.39,225.21,225.35,1297
1789444260,225.35,225.40,225.29,225.30,1366
1789444320,225.30,225.47,225.24,225.38,1081
1789444380,225.38,225.59,225.36,225.53,946
1789444440,225.53,225.72,225.48,225.69,65
1789444500,225.69,225.81,225.64,225.75,981
1789444560,225.75,225.76,225.57,225.60,2216
1789444620,225.60,225.64,225.59,225.60,76
1789444680,225.60,225.86,225.59,225.78,1999
1789444740,225.78,225.78,225.69,225.78,1295
1789444800,225.78,225.92,225.75,225.88,612
1789444860,225.88,226.13,225.80,226.05,318
1789444920,226.05,226.07,225.96,226.04,2010
1789444980,226.04,226.18,226.01,226.14,287
1789445040,226.14,226.28,226.11,226.28,813
1789445100,226.28,226.31,226.08,226.17,745
1789445160,226.17,226.35,226.14,226.29,115
1789445220,226.29,226.34,226.22,226.29,2703
1789445280,226.29,226.30,226.23,226.25,547
1789445340,226.25,226.28,226.18,226.21,713
1789445400,226.21,226.23,226.09,226.11,899
1789445460,226.11,226.19,226.09,226.15,1710
1789445520,226.15,226.19,226.08,226.19,1419
1789445580,226.19,226.32,226.17,226.26,1262
1789445640,226.26,226.29,226.23,226.28,1114
1789445700,226.28,226.36,226.22,226.27,2618
1789445760,226.27,226.36,226.21,226.24,1932
1789445820,226.24,226.25,226.06,226.12,1558
1789445880,226.12,226.20,226.12,226.19,2871
1789445940,226.19,226.25,225.98,226.04,1032
1789446000,226.04,226.11,225.96,226.00,1389
1789446060,226.00,226.14,225.98,226.11,2044
1789446120,226.11,226.33,226.05,226.25,954
1789446180,226.25,226.51,226.18,226.42,1187
1789446240,226.42,226.51,226.34,226.47,1805
1789446300,226.47,226.53,226.32,226.36,1471
1789446360,226.36,226.39,226.24,226.31,1670
1789446420,226.31,226.41,226.28,226.38,2676
1789446480,226.38,226.38,226.27,226.36,1975
1789446540,226.36,226.37,226.32,226.33,186
1789446600,226.33,226.48,226.26,226.43,1031
1789446660,226.43,226.46,226.38,226.43,2108
1789446720,226.43,226.49,226.36,226.39,2087
1789446780,226.39,226.49,226.38,226.49,2286
1789446840,226.49,226.58,226.45,226.46,1556
1789446900,226.46,226.55,226.46,226.49,1836
1789446960,226.49,226.57,226.41,226.50,2745
1789447020,226.50,226.69,226.41,226.68,1500
1789447080,226.68,226.76,226.55,226.62,1771
1789447140,226.62,226.76,226.53,226.75,2901
1789447200,226.75,226.85,226.73,226.84,119
1789447260,226.84,227.07,226.83,227.01,1176
1789447320,227.01,227.18,226.99,227.16,1451
1789447380,227.16,227.21,226.96,227.00,361
1789447440,227.00,227.05,226.93,227.04,2322
1789447500,227.04,227.11,226.98,227.05,835
1789447560,227.05,227.20,227.02,227.12,2771
1789447620,227.12,227.17,226.95,227.03,1089
1789447680,227.03,227.21,226.96,227.20,1470
1789447740,227.20,227.29,227.14,227.20,2623
1789447800,227.20,227.28,227.20,227.24,2263
1789447860,227.24,227.42,227.20,227.38,2297
1789447920,227.38,227.45,227.25,227.34,2148
1789447980,227.34,227.36,227.21,227.25,374
1789448040,227.25,227.33,227.18,227.21,421
1789448100,227.21,227.23,227.12,227.13,1081
1789448160,227.13,227.21,227.02,227.07,2709
1789448220,227.07,227.27,227.01,227.18,1884
1789448280,227.18,227.27,227.17,227.18,114
1789448340,227.18,227.32,227.14,227.23,595
1789448400,227.23,227.29,227.14,227.19,1575
1789448460,227.19,227.24,227.18,227.22,2249
1789448520,227.22,227.35,227.21,227.29,1767
1789448580,227.29,227.39,227.23,227.34,1248
1789448640,227.34,227.40,227.25,227.29,2957
1789448700,227.29,227.52,227.20,227.47,1135
1789448760,227.47,227.50,227.31,227.33,892
1789448820,227.33,227.37,227.13,227.17,1274
1789448880,227.17,227.19,227.10,227.18,1999
1789448940,227.18,227.30,227.11,227.24,480
1789449000,227.24,227.41,227.22,227.34,447
1789449060,227.34,227.49,227.25,227.49,2927
1789449120,227.49,227.56,227.38,227.44,2917
1789449180,227.44,227.50,227.42,227.46,2487
1789449240,227.46,227.53,227.42,227.51,694
1789449300,227.51,227.77,227.45,227.69,784
1789449360,227.69,227.75,227.57,227.58,1455
1789449420,227.58,227.77,227.51,227.68,2139
1789449480,227.68,227.84,227.66,227.82,656
1789449540,227.82,227.90,227.72,227.76,260
1789449600,227.76,227.78,227.63,227.72,905
1789449660,227.72,227.87,227.64,227.82,354
1789449720,227.82,228.07,227.82,227.99,1390
1789449780,227.99,228.04,227.87,227.89,2829
1789449840,227.89,227.98,227.65,227.74,642
1789449900,227.74,227.96,227.72,227.91,1239
1789449960,227.91,228.18,227.90,228.09,867
1789450020,228.09,228.09,227.93,227.98,2420
1789450080,227.98,228.09,227.90,228.06,2224
1789450140,228.06,228.25,228.01,228.21,2013
1789450200,228.21,228.42,228.16,228.33,2567
1789450260,228.33,228.52,228.29,228.49,1025
1789450320,228.49,228.51,228.34,228.35,1115
1789450380,228.35,228.52,228.34,228.49,2600
1789450440,228.49,228.54,228.30,228.33,2346
1789450500,228.33,228.38,228.23,228.31,2851
1789450560,228.31,228.33,228.22,228.29,2627
1789450620,228.29,228.41,228.29,228.37,2017
1789450680,228.37,228.40,228.33,228.36,2991
1789450740,228.36,228.57,228.32,228.54,2072
1789450800,228.54,228.61,228.52,228.54,2769
1789450860,228.54,228.69,228.46,228.68,1339
1789450920,228.68,228.77,228.53,228.59,1099
1789450980,228.59,228.66,228.43,228.45,726
1789451040,228.45,228.50,228.25,228.29,2120
1789451100,228.29,228.38,228.23,228.32,2014
1789451160,228.32,228.36,228.14,228.22,1766
1789451220,228.22,228.38,228.14,228.37,2085
1789451280,228.37,228.43,228.18,228.21,2007
1789451340,228.21,228.30,228.17,228.18,915
1789451400,228.18,228.21,228.05,228.11,2198
1789451460,228.11,228.26,228.06,228.20,2274
1789451520,228.20,228.21,227.95,228.04,1260
1789451580,228.04,228.27,228.03,228.20,2599
1789451640,228.20,228.25,228.01,228.07,1249
1789451700,228.07,228.10,227.93,227.98,411
1789451760,227.98,227.98,227.81,227.84,1532
1789451820,227.84,227.89,227.75,227.82,258
1789451880,227.82,227.83,227.78,227.82,825
1789451940,227.82,228.08,227.74,228.00,1600
1789452000,228.00,228.16,227.95,228.15,2250
1789452060,228.15,228.19,227.96,228.03,854
1789452120,228.03,228.07,227.98,228.03,2707
1789452180,228.03,228.09,227.96,227.96,2837
1789452240,227.96,228.11,227.90,228.06,2185
1789452300,228.06,228.06,228.00,228.03,1432
1789452360,228.03,228.11,227.89,227.97,2374
1789452420,227.97,228.05,227.85,227.93,764
1789452480,227.93,227.98,227.88,227.96,380
1789452540,227.96,228.15,227.87,228.08,1911
1789452600,228.08,228.08,227.99,227.99,2968
1789452660,227.99,228.07,227.76,227.83,2481
1789452720,227.83,227.87,227.63,227.68,1411
1789452780,227.68,227.70,227.59,227.60,2579
1789452840,227.60,227.72,227.56,227.71,939
1789452900,227.71,227.82,227.63,227.73,1924
1789452960,227.73,227.78,227.70,227.75,377
1789453020,227.75,227.84,227.63,227.64,2906
1789453080,227.64,227.76,227.60,227.67,1120
1789453140,227.67,227.70,227.47,227.51,1289
1789453200,227.51,227.52,227.30,227.36,2716
1789453260,227.36,227.40,227.22,227.31,1145
1789453320,227.31,227.37,227.12,227.15,2260
1789453380,227.15,227.21,227.10,227.11,815
1789453440,227.11,227.14,226.94,226.98,2311
1789453500,226.98,227.08,226.92,227.02,491
1789453560,227.02,227.07,226.88,226.96,843
1789453620,226.96,227.12,226.89,227.05,1403
1789453680,227.05,227.20,227.03,227.11,1421
1789453740,227.11,227.20,227.00,227.03,411
1789453800,227.03,227.12,226.96,226.97,1630
1789453860,226.97,227.05,226.92,227.02,2751
1789453920,227.02,227.20,227.00,227.18,2009
1789453980,227.18,227.39,227.10,227.33,1264
1789454040,227.33,227.38,227.26,227.31,2484
1789454100,227.31,227.38,227.25,227.32,855
1789454160,227.32,227.52,227.31,227.44,1207
1789454220,227.44,227.50,227.33,227.42,426
1789454280,227.42,227.45,227.24,227.28,1951
1789454340,227.28,227.33,227.23,227.32,2860
1789454400,227.32,227.58,227.29,227.49,1530
1789454460,227.49,227.52,227.44,227.51,2994
1789454520,227.51,227.58,227.39,227.39,2192
1789454580,227.39,227.43,227.32,227.37,1824
1789454640,227.37,227.44,227.24,227.30,2332
1789454700,227.30,227.32,227.18,227.22,962
1789454760,227.22,227.23,227.08,227.13,1761
1789454820,227.13,227.15,226.95,227.02,1016
1789454880,227.02,227.08,226.77,226.85,1665
1789454940,226.85,226.86,226.73,226.80,2025
1789455000,226.80,226.81,226.71,226.73,1904
1789455060,226.73,226.79,226.67,226.77,1949
1789455120,226.77,226.94,226.74,226.86,2439
1789455180,226.86,226.93,226.77,226.83,2274
1789455240,226.83,226.83,226.81,226.83,1304
1789455300,226.83,226.96,226.76,226.87,2950
1789455360,226.87,227.12,226.81,227.06,2448
1789455420,227.06,227.09,227.04,227.09,520
1789455480,227.09,227.09,226.89,226.93,571
1789455540,226.93,227.18,226.86,227.10,2963
1789455600,227.10,227.18,226.99,227.07,1042
1789455660,227.07,227.29,226.99,227.20,868
1789455720,227.20,227.38,227.20,227.37,995
1789455780,227.37,227.54,227.36,227.51,980
1789455840,227.51,227.53,227.38,227.44,2680
1789455900,227.44,227.55,227.43,227.47,2052
1789455960,227.47,227.54,227.40,227.52,1100
1789456020,227.52,227.57,227.37,227.44,1950
1789456080,227.44,227.46,227.38,227.38,2004
1789456140,227.38,227.42,227.24,227.25,54
1789456200,227.25,227.39,227.17,227.35,1377
1789456260,227.35,227.62,227.32,227.54,2235
1789456320,227.54,227.73,227.46,227.71,2177
1789456380,227.71,227.79,227.57,227.61,1601
1789456440,227.61,227.76,227.54,227.74,1995
1789456500,227.74,227.79,227.65,227.65,1374
1789456560,227.65,227.69,227.59,227.59,1857
1789456620,227.59,227.63,227.50,227.52,2491
1789456680,227.52,227.58,227.37,227.38,452
1789456740,227.38,227.44,227.15,227.21,2090
1789456800,227.21,227.36,227.17,227.36,362
1789456860,227.36,227.42,227.32,227.41,1489
1789456920,227.41,227.58,227.34,227.54,2847
1789456980,227.54,227.67,227.47,227.63,630
1789457040,227.63,227.67,227.59,227.60,1795
1789457100,227.60,227.82,227.56,227.76,1639
1789457160,227.76,227.94,227.70,227.94,1801
1789457220,227.94,228.05,227.89,228.02,743
1789457280,228.02,228.02,227.95,228.02,724
1789457340,228.02,228.10,227.83,227.91,843
1789457400,227.91,228.14,227.84,228.09,2442
1789457460,228.09,228.16,228.08,228.14,1875
1789457520,228.14,228.36,228.07,228.28,1808
1789457580,228.28,228.30,228.21,228.29,768
1789457640,228.29,228.40,228.28,228.32,1716
1789457700,228.32,228.40,228.24,228.31,1661
1789457760,228.31,228.54,228.27,228.49,2161
1789457820,228.49,228.63,228.49,228.58,1563
1789457880,228.58,228.70,228.52,228.62,1241
1789457940,228.62,228.83,228.54,228.77,2203
1789458000,228.77,228.95,228.70,228.95,2347
1789458060,228.95,229.06,228.88,228.98,1240
1789458120,228.98,229.03,228.84,228.90,988
1789458180,228.90,229.02,228.82,229.00,511
1789458240,229.00,229.11,228.92,229.09,165
1789458300,229.09,229.23,229.01,229.20,1051
1789458360,229.20,229.37,229.20,229.35,2000
1789458420,229.35,229.38,229.32,229.35,2828
1789458480,229.35,229.55,229.30,229.51,1368
1789458540,229.51,229.51,229.28,229.37,242
1789458600,229.37,229.50,229.33,229.50,698
1789458660,229.50,229.70,229.43,229.64,992
1789458720,229.64,229.68,229.41,229.47,2010
1789458780,229.47,229.66,229.38,229.58,1837
1789458840,229.58,229.62,229.36,229.44,1119
1789458900,229.44,229.60,229.36,229.59,2675
1789458960,229.59,229.66,229.43,229.47,1130
1789459020,229.47,229.57,229.47,229.54,2204
1789459080,229.54,229.61,229.43,229.45,2226
1789459140,229.45,229.66,229.41,229.60,647
1789459200,229.60,229.66,229.53,229.59,142
1789459260,229.59,229.73,229.58,229.67,178
1789459320,229.67,229.76,229.63,229.66,2174
1789459380,229.66,229.72,229.52,229.53,2338
1789459440,229.53,229.58,229.39,229.40,520
1789459500,229.40,229.43,229.28,229.34,1964
1789459560,229.34,229.43,229.27,229.31,143
1789459620,229.31,229.41,229.25,229.39,1352
1789459680,229.39,229.61,229.31,229.55,685
1789459740,229.55,229.63,229.51,229.53,1429
1789459800,229.53,229.59,229.45,229.56,2073
1789459860,229.56,229.59,229.34,229.40,1936
1789459920,229.40,229.48,229.34,229.44,1053
1789459980,229.44,229.51,229.36,229.48,306
1789460040,229.48,229.57,229.26,229.32,2284
1789460100,229.32,229.33,229.21,229.24,808
1789460160,229.24,229.32,229.10,229.17,1404
1789460220,229.17,229.34,229.14,229.25,757
1789460280,229.25,229.30,229.16,229.21,2918
1789460340,229.21,229.30,229.14,229.20,246
1789460400,229.20,229.27,229.11,229.15,854
1789460460,229.15,229.22,229.07,229.19,1858
1789460520,229.19,229.37,229.17,229.30,1352
1789460580,229.30,229.34,229.20,229.22,1404
1789460640,229.22,229.47,229.18,229.41,476
1789460700,229.41,229.44,229.33,229.43,2001
1789460760,229.43,229.46,229.19,229.28,81
1789460820,229.28,229.44,229.22,229.36,296
1789460880,229.36,229.41,229.28,229.32,1530
1789460940,229.32,229.40,229.26,229.39,2797
1789461000,229.39,229.41,229.17,229.23,2718
1789461060,229.23,229.41,229.14,229.33,2825
1789461120,229.33,229.34,229.21,229.30,2483
1789461180,229.30,229.37,229.25,229.33,636
1789461240,229.33,229.53,229.31,229.46,723
1789461300,229.46,229.54,229.35,229.43,2617
1789461360,229.43,229.44,229.31,229.32,2088
1789461420,229.32,229.38,229.08,229.15,2744
1789461480,229.15,229.37,229.14,229.33,1060
1789461540,229.33,229.33,229.24,229.32,552
1789461600,229.32,229.32,229.22,229.28,1783
1789461660,229.28,229.51,229.23,229.44,2743
1789461720,229.44,229.46,229.21,229.27,2774
1789461780,229.27,229.45,229.22,229.41,740
1789461840,229.41,229.48,229.28,229.34,2069
1789461900,229.34,229.50,229.26,229.47,2152
1789461960,229.47,229.48,229.34,229.42,342
1789462020,229.42,229.44,229.31,229.38,2493
1789462080,229.38,229.52,229.30,229.52,1138
1789462140,229.52,229.55,229.33,229.42,1251
1789462200,229.42,229.46,229.36,229.45,2404
1789462260,229.45,229.53,229.28,229.28,1684
1789462320,229.28,229.52,229.28,229.44,2003
1789462380,229.44,229.46,229.35,229.38,325
1789462440,229.38,229.46,229.22,229.24,2606
1789462500,229.24,229.45,229.19,229.41,2520
1789462560,229.41,229.49,229.41,229.41,2562
1789462620,229.41,229.47,229.41,229.45,2953
1789462680,229.45,229.62,229.44,229.59,2089
1789462740,229.59,229.65,229.53,229.64,1549
1789462800,229.64,229.67,229.45,229.47,1607
1789462860,229.47,229.48,229.29,229.34,2027
1789462920,229.34,229.49,229.32,229.42,1001
1789462980,229.42,229.43,229.23,229.27,487
1789463040,229.27,229.40,229.24,229.32,676
1789463100,229.32,229.45,229.23,229.43,2284
1789463160,229.43,229.57,229.36,229.56,83
1789463220,229.56,229.62,229.37,229.41,2925
1789463280,229.41,229.48,229.23,229.31,2019
1789463340,229.31,229.31,229.16,229.22,1279
1789463400,229.22,229.25,229.14,229.15,2528
1789463460,229.15,229.36,229.07,229.30,2400
1789463520,229.30,229.52,229.29,229.43,2434
1789463580,229.43,229.59,229.36,229.55,2561
1789463640,229.55,229.59,229.43,229.49,276
1789463700,229.49,229.54,229.36,229.41,231
1789463760,229.41,229.44,229.33,229.34,1098
1789463820,229.34,229.41,229.17,229.25,1853
1789463880,229.25,229.33,229.04,229.12,1293
1789463940,229.12,229.13,228.87,228.95,465
1789464000,228.95,229.04,228.81,228.83,408
1789464060,228.83,228.92,228.82,228.86,2281
1789464120,228.86,228.95,228.66,228.69,2507
1789464180,228.69,228.75,228.62,228.63,2422
1789464240,228.63,228.75,228.58,228.74,1838
1789464300,228.74,228.83,228.69,228.78,217
1789464360,228.78,228.82,228.57,228.63,2760
1789464420,228.63,228.69,228.55,228.66,626
1789464480,228.66,228.74,228.58,228.69,866
1789464540,228.69,228.73,228.59,228.64,1917
1789464600,228.64,228.67,228.48,228.51,803
1789464660,228.51,228.52,228.46,228.49,1555
1789464720,228.49,228.60,228.43,228.59,2819
1789464780,228.59,228.64,228.54,228.62,1845
1789464840,228.62,228.63,228.59,228.60,344
1789464900,228.60,228.80,228.58,228.78,2193
1789464960,228.78,228.79,228.63,228.66,2292
1789465020,228.66,228.82,228.62,228.74,1042
1789465080,228.74,228.86,228.70,228.78,770
1789465140,228.78,228.81,228.62,228.68,2997
1789465200,228.68,228.70,228.54,228.56,1407
1789465260,228.56,228.70,228.50,228.62,956
1789465320,228.62,228.65,228.36,228.44,726
1789465380,228.44,228.48,228.35,228.41,2677
1789465440,228.41,228.47,228.28,228.29,898
1789465500,228.29,228.45,228.22,228.40,2670
1789465560,228.40,228.48,228.37,228.45,1972
1789465620,228.45,228.59,228.41,228.56,445
1789465680,228.56,228.57,228.47,228.56,2423
1789465740,228.56,228.63,228.40,228.41,865
1789465800,228.41,228.51,228.34,228.42,1207
1789465860,228.42,228.44,228.16,228.25,621
1789465920,228.25,228.30,228.16,228.17,1801
1789465980,228.17,228.20,228.05,228.07,1893
1789466040,228.07,228.10,227.94,228.02,1152
1789466100,228.02,228.13,227.97,228.04,2104
1789466160,228.04,228.25,227.97,228.19,1080
1789466220,228.19,228.27,228.11,228.18,1269
1789466280,228.18,228.27,228.11,228.20,2482
1789466340,228.20,228.35,228.12,228.31,1222
1789466400,228.31,228.32,228.22,228.26,625
1789466460,228.26,228.33,228.08,228.16,532
1789466520,228.16,228.32,228.12,228.29,2408
1789466580,228.29,228.50,228.22,228.44,1689
1789466640,228.44,228.45,228.38,228.42,1001
1789466700,228.42,228.47,228.35,228.42,1248
1789466760,228.42,228.58,228.42,228.52,1198
1789466820,228.52,228.58,228.44,228.55,2832
1789466880,228.55,228.59,228.52,228.52,1184
1789466940,228.52,228.58,228.48,228.55,353
1789467000,228.55,228.71,228.50,228.66,498
1789467060,228.66,228.66,228.58,228.63,2585
1789467120,228.63,228.65,228.44,228.48,2174
1789467180,228.48,228.69,228.40,228.64,2334
1789467240,228.64,228.73,228.58,228.62,1617
1789467300,228.62,228.77,228.57,228.72,1426
1789467360,228.72,228.77,228.67,228.71,1469
1789467420,228.71,228.81,228.62,228.78,354
1789467480,228.78,228.84,228.73,228.81,2781
1789467540,228.81,228.86,228.57,228.66,2275
1789467600,228.66,228.68,228.52,228.55,1132
1789467660,228.55,228.75,228.55,228.74,2636
1789467720,228.74,228.78,228.65,228.76,1810
1789467780,228.76,229.00,228.73,228.91,763
1789467840,228.91,229.09,228.85,229.09,2731
1789467900,229.09,229.14,229.07,229.14,2188
1789467960,229.14,229.17,229.04,229.05,1679
1789468020,229.05,229.33,228.99,229.24,2536
1789468080,229.24,229.48,229.21,229.42,1757
1789468140,229.42,229.44,229.28,229.32,1066
1789468200,229.32,229.37,229.23,229.32,1324
1789468260,229.32,229.35,229.26,229.28,1887
1789468320,229.28,229.31,229.03,229.12,191
1789468380,229.12,229.28,229.11,229.27,507
1789468440,229.27,229.51,229.26,229.46,2151
1789468500,229.46,229.68,229.38,229.64,1697
1789468560,229.64,229.67,229.58,229.66,747
1789468620,229.66,229.77,229.66,229.70,2272
1789468680,229.70,229.76,229.66,229.73,412
1789468740,229.73,229.80,229.55,229.58,2561
1789468800,229.58,229.63,229.38,229.43,2092
1789468860,229.43,229.49,229.17,229.26,2709
1789468920,229.26,229.30,229.21,229.28,1945
1789468980,229.28,229.35,229.10,229.13,148
1789469040,229.13,229.22,229.05,229.18,851
1789469100,229.18,229.37,229.18,229.28,870
1789469160,229.28,229.30,229.17,229.21,1683
1789469220,229.21,229.28,229.20,229.28,772
1789469280,229.28,229.31,229.13,229.19,1401
1789469340,229.19,229.38,229.14,229.36,2719
1789469400,229.36,229.42,229.18,229.24,1231
1789469460,229.24,229.27,229.07,229.13,2423
1789469520,229.13,229.35,229.08,229.31,2054
1789469580,229.31,229.46,229.30,229.45,435
1789469640,229.45,229.47,229.41,229.45,2508
1789469700,229.45,229.49,229.31,229.33,1663
1789469760,229.33,229.36,229.15,229.19,2415
1789469820,229.19,229.27,229.05,229.06,1336
1789469880,229.06,229.29,229.05,229.20,234
1789469940,229.20,229.26,229.11,229.12,2751
1789470000,229.12,229.19,229.07,229.13,887
1789470060,229.13,229.18,229.10,229.14,611
1789470120,229.14,229.19,228.95,229.04,2148
1789470180,229.04,229.21,228.97,229.15,2339
1789470240,229.15,229.16,229.12,229.15,2545
1789470300,229.15,229.41,229.09,229.33,250
1789470360,229.33,229.34,229.18,229.26,2686
1789470420,229.26,229.43,229.18,229.43,2631
1789470480,229.43,229.47,229.27,229.30,1465
1789470540,229.30,229.51,229.30,229.42,2148
1789470600,229.42,229.61,229.37,229.59,1945
1789470660,229.59,229.79,229.53,229.76,522
1789470720,229.76,229.79,229.62,229.67,426
1789470780,229.67,229.69,229.52,229.61,2010
1789470840,229.61,229.66,229.34,229.43,1352
1789470900,229.43,229.51,229.41,229.47,594
1789470960,229.47,229.53,229.42,229.52,921
1789471020,229.52,229.54,229.40,229.49,1600
1789471080,229.49,229.54,229.27,229.35,2350
1789471140,229.35,229.35,229.26,229.27,2765
1789471200,229.27,229.33,229.18,229.24,1926
1789471260,229.24,229.31,229.17,229.22,2664
1789471320,229.22,229.30,229.18,229.24,951
1789471380,229.24,229.47,229.23,229.41,1472
1789471440,229.41,229.63,229.41,229.59,2589
1789471500,229.59,229.74,229.52,229.71,2904
1789471560,229.71,229.72,229.66,229.66,2301
1789471620,229.66,229.67,229.58,229.62,2952
1789471680,229.62,229.63,229.58,229.58,2776
1789471740,229.58,229.75,229.51,229.70,2697
1789471800,229.70,229.78,229.63,229.72,2271
1789471860,229.72,229.89,229.67,229.83,1513
1789471920,229.83,229.87,229.75,229.82,2566
1789471980,229.82,229.84,229.64,229.65,210
1789472040,229.65,229.86,229.63,229.80,1139
1789472100,229.80,229.95,229.75,229.88,1228
1789472160,229.88,229.92,229.71,229.79,2690
1789472220,229.79,229.84,229.73,229.82,1163
1789472280,229.82,229.89,229.79,229.88,388
1789472340,229.88,229.93,229.86,229.93,2146
1789472400,229.93,229.98,229.90,229.93,2897
1789472460,229.93,229.98,229.79,229.88,429
1789472520,229.88,230.14,229.88,230.05,421
1789472580,230.05,230.09,229.97,229.99,2331
1789472640,229.99,230.02,229.82,229.87,968
1789472700,229.87,230.02,229.78,229.96,768
1789472760,229.96,230.09,229.94,230.05,2709
1789472820,230.05,230.22,230.01,230.22,2645
1789472880,230.22,230.28,230.14,230.23,552
1789472940,230.23,230.28,230.22,230.22,2102
1789473000,230.22,230.30,230.13,230.23,1802
1789473060,230.23,230.28,230.10,230.11,864
1789473120,230.11,230.32,230.02,230.27,856
1789473180,230.27,230.36,230.18,230.28,2497
1789473240,230.28,230.33,230.26,230.32,2749
1789473300,230.32,230.33,230.25,230.27,2838
1789473360,230.27,230.30,230.21,230.29,2299
1789473420,230.29,230.30,230.26,230.30,1863
1789473480,230.30,230.38,230.16,230.23,2854
1789473540,230.23,230.35,230.22,230.32,644
1789473600,230.32,230.40,230.19,230.28,1252
1789473660,230.28,230.30,230.09,230.12,2001
1789473720,230.12,230.16,230.07,230.16,1187
1789473780,230.16,230.17,230.07,230.10,1374
1789473840,230.10,230.14,230.09,230.14,113
1789473900,230.14,230.33,230.07,230.30,2696
1789473960,230.30,230.33,230.11,230.20,2076
1789474020,230.20,230.20,230.03,230.04,868
1789474080,230.04,230.04,229.81,229.86,1334
1789474140,229.86,229.93,229.63,229.71,1144
1789474200,229.71,229.91,229.69,229.82,1441
1789474260,229.82,229.91,229.78,229.81,494
1789474320,229.81,229.84,229.77,229.80,2176
1789474380,229.80,229.80,229.70,229.72,296
1789474440,229.72,229.73,229.58,229.60,2192
1789474500,229.60,229.66,229.44,229.49,1717
1789474560,229.49,229.68,229.45,229.65,940
1789474620,229.65,229.77,229.62,229.69,2504
1789474680,229.69,229.75,229.53,229.55,2971
1789474740,229.55,229.58,229.37,229.41,921
1789474800,229.41,229.49,229.23,229.25,2171
1789474860,229.25,229.36,229.25,229.32,2857
1789474920,229.32,229.46,229.29,229.42,56
1789474980,229.42,229.47,229.40,229.46,295
1789475040,229.46,229.52,229.36,229.41,572
1789475100,229.41,229.52,229.36,229.43,1717
1789475160,229.43,229.66,229.37,229.61,1786
1789475220,229.61,229.76,229.52,229.73,2594
1789475280,229.73,229.87,229.67,229.79,1075
1789475340,229.79,229.87,229.71,229.79,1664
1789475400,229.79,229.83,229.66,229.71,472
1789475460,229.71,229.79,229.69,229.76,2857
1789475520,229.76,229.78,229.70,229.76,1547
1789475580,229.76,229.88,229.69,229.86,219
1789475640,229.86,229.92,229.71,229.78,536
1789475700,229.78,229.93,229.77,229.89,1460
1789475760,229.89,229.93,229.86,229.89,2127
1789475820,229.89,229.97,229.83,229.89,1433
1789475880,229.89,230.07,229.81,229.98,381
1789475940,229.98,230.02,229.87,229.96,1887
1789476000,229.96,230.02,229.87,229.88,1927
1789476060,229.88,229.97,229.87,229.93,1200
1789476120,229.93,229.99,229.79,229.80,2488
1789476180,229.80,229.87,229.60,229.67,2606
1789476240,229.67,229.68,229.53,229.59,660
1789476300,229.59,229.64,229.37,229.41,1979
1789476360,229.41,229.46,229.34,229.44,2300
1789476420,229.44,229.50,229.33,229.39,2626
1789476480,229.39,229.48,229.31,229.47,413
1789476540,229.47,229.52,229.33,229.41,140
1789476600,229.41,229.50,229.29,229.34,2567
1789476660,229.34,229.52,229.31,229.45,2999
1789476720,229.45,229.45,229.27,229.35,1150
1789476780,229.35,229.52,229.29,229.45,2217
1789476840,229.45,229.49,229.33,229.34,1405
1789476900,229.34,229.44,229.34,229.41,1519
1789476960,229.41,229.43,229.22,229.23,133
1789477020,229.23,229.42,229.18,229.36,2317
1789477080,229.36,229.42,229.18,229.26,176
1789477140,229.26,229.50,229.18,229.44,2341
1789477200,229.44,229.64,229.39,229.57,1031
1789477260,229.57,229.71,229.56,229.69,2934
1789477320,229.69,229.70,229.60,229.69,2655
1789477380,229.69,229.73,229.64,229.67,2892
1789477440,229.67,229.84,229.59,229.83,1775
1789477500,229.83,229.93,229.81,229.90,1754
1789477560,229.90,229.91,229.89,229.90,437
1789477620,229.90,230.08,229.83,230.03,1712
1789477680,230.03,230.09,229.97,230.06,2670
1789477740,230.06,230.24,230.00,230.18,2303
1789477800,230.18,230.19,229.98,230.03,2028
1789477860,230.03,230.17,230.00,230.11,2524
1789477920,230.11,230.20,230.02,230.03,2703
1789477980,230.03,230.17,230.02,230.14,1664
1789478040,230.14,230.28,230.06,230.19,2254
1789478100,230.19,230.28,230.04,230.05,2775
1789478160,230.05,230.08,229.99,230.02,443
1789478220,230.02,230.16,230.01,230.12,761
1789478280,230.12,230.13,230.03,230.08,1601
1789478340,230.08,230.23,230.00,230.18,2480
1789478400,230.18,230.30,230.10,230.27,2707
1789478460,230.27,230.35,230.19,230.26,843
1789478520,230.26,230.27,230.12,230.15,2539
1789478580,230.15,230.37,230.09,230.28,301
1789478640,230.28,230.53,230.25,230.47,1016
1789478700,230.47,230.49,230.41,230.42,2403
1789478760,230.42,230.61,230.37,230.53,2092
1789478820,230.53,230.69,230.46,230.64,390
1789478880,230.64,230.64,230.49,230.49,2359
1789478940,230.49,230.51,230.32,230.36,1603
1789479000,230.36,230.40,230.27,230.40,2135
1789479060,230.40,230.43,230.25,230.29,1342
1789479120,230.29,230.33,230.21,230.26,526
1789479180,230.26,230.31,230.12,230.16,1605
1789479240,230.16,230.17,230.06,230.07,1821
1789479300,230.07,230.08,229.98,230.02,1828
1789479360,230.02,230.03,229.88,229.95,2477
1789479420,229.95,230.19,229.86,230.11,2272
1789479480,230.11,230.18,229.92,229.99,894
1789479540,229.99,230.02,229.84,229.90,1416
1789479600,229.90,229.91,229.86,229.89,1093
1789479660,229.89,229.95,229.65,229.73,1652
1789479720,229.73,229.80,229.68,229.75,214
1789479780,229.75,229.83,229.59,229.61,1493
1789479840,229.61,229.67,229.57,229.64,162
1789479900,229.64,229.72,229.59,229.67,1599
1789479960,229.67,229.74,229.66,229.66,1436
1789480020,229.66,229.80,229.64,229.78,2661
1789480080,229.78,229.84,229.76,229.77,832
1789480140,229.77,229.90,229.72,229.89,2024
1789480200,229.89,229.91,229.78,229.81,1317
1789480260,229.81,229.89,229.70,229.76,910
1789480320,229.76,229.81,229.69,229.79,2748
1789480380,229.79,230.01,229.71,229.96,2704
1789480440,229.96,230.06,229.88,229.99,872
1789480500,229.99,230.07,229.92,230.03,1056
1789480560,230.03,230.09,229.88,229.93,1396
1789480620,229.93,230.10,229.87,230.02,1315
1789480680,230.02,230.20,229.95,230.13,1074
1789480740,230.13,230.14,230.04,230.06,1693
1789480800,230.06,230.13,229.85,229.93,1681
1789480860,229.93,229.96,229.84,229.93,2708
1789480920,229.93,230.05,229.87,230.03,231
1789480980,230.03,230.05,229.93,229.94,2527
1789481040,229.94,230.03,229.91,229.93,2100
1789481100,229.93,229.95,229.82,229.87,1988
1789481160,229.87,229.93,229.86,229.90,604
1789481220,229.90,230.06,229.84,230.01,1465
1789481280,230.01,230.07,230.00,230.04,2656
1789481340,230.04,230.07,229.96,230.05,2601
1789481400,230.05,230.19,229.99,230.13,1523
1789481460,230.13,230.19,230.01,230.03,1603
1789481520,230.03,230.19,229.95,230.10,1070
1789481580,230.10,230.28,230.08,230.24,2887
1789481640,230.24,230.26,230.03,230.12,590
1789481700,230.12,230.19,230.02,230.03,639
1789481760,230.03,230.10,229.99,230.08,2744
1789481820,230.08,230.10,229.92,229.95,898
1789481880,229.95,229.98,229.71,229.80,1899
1789481940,229.80,229.81,229.76,229.80,2907
1789482000,229.80,229.85,229.61,229.66,2572
1789482060,229.66,229.75,229.60,229.73,335
1789482120,229.73,229.75,229.51,229.58,889
1789482180,229.58,229.64,229.42,229.48,2848
1789482240,229.48,229.56,229.40,229.51,2985
1789482300,229.51,229.53,229.34,229.38,1539
1789482360,229.38,229.48,229.36,229.43,1624
1789482420,229.43,229.49,229.39,229.43,328
1789482480,229.43,229.54,229.42,229.54,1944
1789482540,229.54,229.56,229.41,229.46,1086
1789482600,229.46,229.55,229.38,229.51,2865
1789482660,229.51,229.51,229.49,229.50,1217
1789482720,229.50,229.58,229.50,229.58,2942
1789482780,229.58,229.62,229.39,229.47,2527
1789482840,229.47,229.56,229.34,229.36,334
1789482900,229.36,229.56,229.30,229.55,1459
1789482960,229.55,229.69,229.51,229.63,657
1789483020,229.63,229.76,229.57,229.67,999
1789483080,229.67,229.90,229.64,229.85,2236
1789483140,229.85,229.89,229.84,229.84,1793
1789483200,229.84,229.93,229.76,229.85,1391
1789483260,229.85,229.93,229.77,229.88,1090
1789483320,229.88,229.90,229.72,229.76,816
1789483380,229.76,229.80,229.56,229.59,1669
1789483440,229.59,229.73,229.57,229.70,2482
1789483500,229.70,229.80,229.63,229.72,2198
1789483560,229.72,229.79,229.58,229.67,1969
1789483620,229.67,229.68,229.48,229.52,2277
1789483680,229.52,229.75,229.47,229.69,416
1789483740,229.69,229.70,229.52,229.60,619
1789483800,229.60,229.69,229.60,229.68,1155
1789483860,229.68,229.74,229.65,229.70,1710
1789483920,229.70,229.78,229.50,229.59,356
1789483980,229.59,229.61,229.48,229.48,1938
1789484040,229.48,229.49,229.32,229.33,2521
1789484100,229.33,229.36,229.30,229.34,240
1789484160,229.34,229.53,229.31,229.47,1166
1789484220,229.47,229.62,229.44,229.60,1922
1789484280,229.60,229.61,229.57,229.58,1265
1789484340,229.58,229.75,229.56,229.71,2748
1789484400,229.71,229.75,229.65,229.69,759
1789484460,229.69,229.72,229.51,229.56,2183
1789484520,229.56,229.69,229.56,229.60,519
1789484580,229.60,229.61,229.38,229.44,1396
1789484640,229.44,229.66,229.39,229.57,2563
1789484700,229.57,229.65,229.37,229.44,2841
1789484760,229.44,229.49,229.38,229.46,389
1789484820,229.46,229.52,229.25,229.32,2036
1789484880,229.32,229.49,229.28,229.47,254
1789484940,229.47,229.58,229.39,229.58,1685
1789485000,229.58,229.63,229.37,229.44,2670
1789485060,229.44,229.45,229.28,229.33,1101
1789485120,229.33,229.39,229.24,229.29,2560
1789485180,229.29,229.46,229.22,229.43,1541
1789485240,229.43,229.56,229.36,229.51,2463
1789485300,229.51,229.60,229.45,229.56,2887
1789485360,229.56,229.59,229.41,229.43,2551
1789485420,229.43,229.56,229.37,229.50,2426
1789485480,229.50,229.59,229.27,229.34,1616
1789485540,229.34,229.42,229.14,229.21,1198
1789485600,229.21,229.33,229.14,229.30,1433
1789485660,229.30,229.39,229.08,229.15,1731
1789485720,229.15,229.23,229.09,229.12,815
1789485780,229.12,229.13,228.97,229.06,1993
1789485840,229.06,229.32,228.99,229.24,2489
1789485900,229.24,229.46,229.18,229.39,2285
1789485960,229.39,229.64,229.32,229.57,2707
1789486020,229.57,229.63,229.54,229.61,2604
1789486080,229.61,229.75,229.60,229.72,931
1789486140,229.72,229.82,229.64,229.81,561
1789486200,229.81,229.90,229.77,229.84,2291
1789486260,229.84,229.88,229.72,229.76,2850
1789486320,229.76,229.77,229.55,229.60,994
1789486380,229.60,229.69,229.40,229.45,2953
1789486440,229.45,229.59,229.41,229.50,978
1789486500,229.50,229.58,229.29,229.38,447
1789486560,229.38,229.45,229.34,229.40,81
1789486620,229.40,229.46,229.14,229.23,2554
1789486680,229.23,229.44,229.21,229.39,642
1789486740,229.39,229.48,229.27,229.32,1735
1789486800,229.32,229.40,229.17,229.25,1590
1789486860,229.25,229.33,229.18,229.33,2547
1789486920,229.33,229.46,229.27,229.45,2236
1789486980,229.45,229.56,229.45,229.51,2050
1789487040,229.51,229.62,229.49,229.59,2291
1789487100,229.59,229.79,229.50,229.75,1225
1789487160,229.75,229.81,229.58,229.62,1541
1789487220,229.62,229.72,229.56,229.69,2092
1789487280,229.69,229.77,229.69,229.69,984
1789487340,229.69,229.73,229.48,229.52,1506
1789487400,229.52,229.66,229.50,229.60,2743
1789487460,229.60,229.80,229.58,229.78,1094
1789487520,229.78,229.86,229.74,229.81,2942
1789487580,229.81,229.96,229.75,229.89,2471
1789487640,229.89,230.09,229.85,230.05,108
1789487700,230.05,230.14,230.03,230.11,1568
1789487760,230.11,230.20,230.06,230.08,2203
1789487820,230.08,230.16,230.02,230.10,832
1789487880,230.10,230.32,230.10,230.25,891
1789487940,230.25,230.25,230.13,230.17,2829
1789488000,230.17,230.17,230.08,230.17,326
1789488060,230.17,230.36,230.08,230.29,2226
1789488120,230.29,230.31,230.17,230.21,1725
1789488180,230.21,230.25,229.97,230.05,1356
1789488240,230.05,230.11,229.99,230.04,2952
1789488300,230.04,230.24,229.97,230.20,2641
1789488360,230.20,230.38,230.19,230.36,2953
1789488420,230.36,230.47,230.31,230.44,2690
1789488480,230.44,230.48,230.22,230.27,1873
1789488540,230.27,230.28,230.16,230.22,2137
1789488600,230.22,230.27,230.00,230.04,1037
1789488660,230.04,230.05,229.95,229.97,1524
1789488720,229.97,230.18,229.89,230.12,1797
1789488780,230.12,230.17,230.12,230.13,119
1789488840,230.13,230.14,230.02,230.03,1804
1789488900,230.03,230.17,230.03,230.08,2728
1789488960,230.08,230.19,230.03,230.14,1889
1789489020,230.14,230.30,230.13,230.28,1179
1789489080,230.28,230.53,230.19,230.46,1257
1789489140,230.46,230.50,230.23,230.28,2564
1789489200,230.28,230.33,230.10,230.11,342
1789489260,230.11,230.22,230.08,230.13,1768
1789489320,230.13,230.18,230.07,230.11,887
1789489380,230.11,230.28,230.10,230.27,63
1789489440,230.27,230.32,230.21,230.27,2362
1789489500,230.27,230.34,230.21,230.29,2018
1789489560,230.29,230.33,230.23,230.29,2209
1789489620,230.29,230.35,230.28,230.28,2268
1789489680,230.28,230.31,230.22,230.27,171
1789489740,230.27,230.51,230.24,230.42,2119
1789489800,230.42,230.51,230.27,230.29,1150
1789489860,230.29,230.50,230.25,230.42,2632
1789489920,230.42,230.59,230.33,230.50,1404
1789489980,230.50,230.69,230.47,230.62,1360
1789490040,230.62,230.83,230.56,230.79,352
1789490100,230.79,230.85,230.73,230.74,2513
1789490160,230.74,230.80,230.66,230.74,1845
1789490220,230.74,230.76,230.73,230.76,1659
1789490280,230.76,230.85,230.59,230.65,1781
1789490340,230.65,230.67,230.53,230.61,2048
1789490400,230.61,230.86,230.61,230.79,1488
1789490460,230.79,230.91,230.70,230.86,2011
1789490520,230.86,231.06,230.85,231.05,1440
1789490580,231.05,231.07,230.96,230.99,1502
1789490640,230.99,231.15,230.91,231.12,611
1789490700,231.12,231.20,230.91,230.94,2012
1789490760,230.94,231.11,230.91,231.08,2486
1789490820,231.08,231.15,230.95,230.96,2127
1789490880,230.96,231.09,230.95,231.00,1841
1789490940,231.00,231.11,230.99,231.05,2809
1789491000,231.05,231.13,230.99,231.12,1231
1789491060,231.12,231.35,231.10,231.29,2767
1789491120,231.29,231.35,231.22,231.34,145
1789491180,231.34,231.40,231.24,231.30,399
1789491240,231.30,231.33,231.20,231.26,923
1789491300,231.26,231.27,231.13,231.18,861
1789491360,231.18,231.22,230.95,231.03,1265
1789491420,231.03,231.10,230.82,230.90,665
1789491480,230.90,230.99,230.74,230.79,2565
1789491540,230.79,230.88,230.63,230.70,759
1789491600,230.70,230.73,230.56,230.58,2985
1789491660,230.58,230.76,230.55,230.76,2833
1789491720,230.76,230.76,230.65,230.67,805
1789491780,230.67,230.75,230.44,230.50,1704
1789491840,230.50,230.59,230.47,230.56,1753
1789491900,230.56,230.73,230.49,230.66,2611
1789491960,230.66,230.71,230.50,230.58,1288
1789492020,230.58,230.66,230.37,230.45,1368
1789492080,230.45,230.54,230.44,230.51,2784
1789492140,230.51,230.72,230.48,230.67,191
1789492200,230.67,230.76,230.50,230.51,420
1789492260,230.51,230.59,230.49,230.53,1022
1789492320,230.53,230.62,230.44,230.46,2740
1789492380,230.46,230.52,230.42,230.51,1153
1789492440,230.51,230.57,230.44,230.54,1331
1789492500,230.54,230.62,230.36,230.43,1316
1789492560,230.43,230.50,230.24,230.30,1940
1789492620,230.30,230.46,230.24,230.39,410
1789492680,230.39,230.42,230.17,230.22,2457
1789492740,230.22,230.33,230.19,230.27,1999
1789492800,230.27,230.32,230.21,230.22,644
1789492860,230.22,230.35,230.14,230.26,1591
1789492920,230.26,230.48,230.23,230.41,1752
1789492980,230.41,230.61,230.33,230.53,431
1789493040,230.53,230.60,230.31,230.40,2308
1789493100,230.40,230.45,230.18,230.23,1712
1789493160,230.23,230.24,230.08,230.16,1043
1789493220,230.16,230.26,230.09,230.20,2725
1789493280,230.20,230.20,230.01,230.02,2049
1789493340,230.02,230.18,229.94,230.13,575
1789493400,230.13,230.31,230.06,230.30,2960
1789493460,230.30,230.31,230.23,230.26,544
1789493520,230.26,230.30,230.17,230.23,2713
1789493580,230.23,230.35,230.17,230.30,2391
1789493640,230.30,230.51,230.22,230.46,1570
1789493700,230.46,230.51,230.22,230.31,683
1789493760,230.31,230.35,230.08,230.13,2262
1789493820,230.13,230.26,230.10,230.24,1643
1789493880,230.24,230.47,230.16,230.40,2811
1789493940,230.40,230.57,230.38,230.51,737
1789494000,230.51,230.69,230.43,230.62,621
1789494060,230.62,230.89,230.60,230.81,1338
1789494120,230.81,230.84,230.71,230.78,712
1789494180,230.78,230.89,230.77,230.86,1362
1789494240,230.86,230.91,230.65,230.74,2749
1789494300,230.74,230.79,230.70,230.74,743
1789494360,230.74,230.75,230.49,230.58,2596
1789494420,230.58,230.74,230.49,230.67,972
1789494480,230.67,230.73,230.56,230.63,1144
1789494540,230.63,230.73,230.61,230.66,568
1789494600,230.66,230.67,230.53,230.56,1479
1789494660,230.56,230.57,230.46,230.54,1829
1789494720,230.54,230.66,230.47,230.62,811
1789494780,230.62,230.70,230.55,230.67,650
1789494840,230.67,230.73,230.60,230.61,2572
1789494900,230.61,230.77,230.55,230.74,2119
1789494960,230.74,230.78,230.59,230.67,125
1789495020,230.67,230.77,230.59,230.70,1300
1789495080,230.70,230.77,230.58,230.64,1111
1789495140,230.64,230.72,230.47,230.54,2839
1789530300,230.54,230.58,230.46,230.47,1108
1789530360,230.47,230.70,230.41,230.63,311
1789530420,230.63,230.84,230.63,230.79,2681
1789530480,230.79,230.86,230.76,230.83,2552
1789530540,230.83,230.89,230.79,230.81,2928
1789530600,230.81,230.89,230.73,230.73,2962
1789530660,230.73,230.77,230.64,230.74,2506
1789530720,230.74,230.81,230.65,230.78,1280
1789530780,230.78,230.94,230.73,230.92,1387
1789530840,230.92,230.95,230.75,230.82,1704
1789530900,230.82,230.99,230.81,230.92,122
1789530960,230.92,231.08,230.84,230.99,2859
1789531020,230.99,231.07,230.89,230.98,1787
1789531080,230.98,231.15,230.92,231.07,1448
1789531140,231.07,231.09,230.94,231.02,1733
1789531200,231.02,231.21,230.97,231.13,1679
1789531260,231.13,231.22,231.13,231.16,1273
1789531320,231.16,231.36,231.10,231.28,355
1789531380,231.28,231.48,231.26,231.42,1505
1789531440,231.42,231.51,231.39,231.51,1628
1789531500,231.51,231.62,231.48,231.53,2221
1789531560,231.53,231.57,231.46,231.52,154
1789531620,231.52,231.53,231.51,231.52,220
1789531680,231.52,231.54,231.45,231.52,2753
1789531740,231.52,231.57,231.40,231.44,178
1789531800,231.44,231.65,231.43,231.61,1780
1789531860,231.61,231.69,231.44,231.51,323
1789531920,231.51,231.58,231.44,231.56,1041
1789531980,231.56,231.72,231.56,231.69,2443
1789532040,231.69,231.76,231.68,231.69,575
1789532100,231.69,231.95,231.61,231.86,2166
1789532160,231.86,232.02,231.80,231.97,2002
1789532220,231.97,232.14,231.95,232.11,586
1789532280,232.11,232.15,232.06,232.13,418
1789532340,232.13,232.33,232.08,232.26,1944
1789532400,232.26,232.39,232.22,232.33,961
1789532460,232.33,232.40,232.25,232.27,578
1789532520,232.27,232.36,232.11,232.15,1505
1789532580,232.15,232.18,232.13,232.14,2918
1789532640,232.14,232.18,232.06,232.14,1968
1789532700,232.14,232.15,232.01,232.03,1029
1789532760,232.03,232.26,231.96,232.21,1773
1789532820,232.21,232.38,232.12,232.30,2121
1789532880,232.30,232.34,232.16,232.21,1016
1789532940,232.21,232.30,232.17,232.24,77
1789533000,232.24,232.28,232.14,232.19,2741
1789533060,232.19,232.40,232.12,232.33,850
1789533120,232.33,232.39,232.15,232.21,1257
1789533180,232.21,232.47,232.17,232.39,1822
1789533240,232.39,232.40,232.32,232.35,2319
1789533300,232.35,232.59,232.31,232.53,800
1789533360,232.53,232.78,232.51,232.71,2992
1789533420,232.71,232.88,232.67,232.81,2673
1789533480,232.81,232.88,232.62,232.65,2316
1789533540,232.65,232.71,232.61,232.68,708
1789533600,232.68,232.86,232.64,232.81,426
1789533660,232.81,232.86,232.66,232.73,1194
1789533720,232.73,232.82,232.46,232.55,1517
1789533780,232.55,232.61,232.46,232.46,2239
1789533840,232.46,232.67,232.37,232.65,428
1789533900,232.65,232.72,232.60,232.65,1157
1789533960,232.65,232.72,232.52,232.55,548
1789534020,232.55,232.64,232.55,232.58,226
1789534080,232.58,232.63,232.49,232.62,1447
1789534140,232.62,232.65,232.42,232.51,1276
1789534200,232.51,232.78,232.42,232.70,2565
1789534260,232.70,232.91,232.64,232.83,1346
1789534320,232.83,232.99,232.76,232.94,1009
1789534380,232.94,232.97,232.83,232.90,345
1789534440,232.90,232.90,232.63,232.72,1643
1789534500,232.72,232.77,232.53,232.61,1055
1789534560,232.61,232.84,232.53,232.76,438
1789534620,232.76,232.88,232.71,232.83,2028
1789534680,232.83,232.88,232.74,232.75,1951
1789534740,232.75,232.91,232.70,232.85,961
1789534800,232.85,232.94,232.67,232.71,151
1789534860,232.71,232.93,232.65,232.86,821
1789534920,232.86,232.94,232.79,232.83,475
1789534980,232.83,232.87,232.78,232.80,1336
1789535040,232.80,232.86,232.54,232.63,2821
1789535100,232.63,232.68,232.38,232.45,713
1789535160,232.45,232.65,232.44,232.64,2601
1789535220,232.64,232.65,232.51,232.54,1097
1789535280,232.54,232.61,232.50,232.55,887
1789535340,232.55,232.62,232.39,232.43,554
1789535400,232.43,232.49,232.26,232.33,2536
1789535460,232.33,232.37,232.15,232.18,2514
1789535520,232.18,232.24,232.05,232.11,359
1789535580,232.11,232.24,232.08,232.18,1843
1789535640,232.18,232.20,232.06,232.06,2359
1789535700,232.06,232.20,232.06,232.12,986
1789535760,232.12,232.13,232.06,232.12,2376
1789535820,232.12,232.21,231.92,231.94,841
1789535880,231.94,232.01,231.76,231.83,1162
1789535940,231.83,232.02,231.82,231.93,1804
1789536000,231.93,232.08,231.88,232.06,1590
1789536060,232.06,232.08,232.00,232.06,2709
1789536120,232.06,232.14,231.98,231.99,57
1789536180,231.99,232.14,231.94,232.08,1239
1789536240,232.08,232.16,232.05,232.12,2916
1789536300,232.12,232.26,232.04,232.22,1164
1789536360,232.22,232.25,232.12,232.20,2638
1789536420,232.20,232.44,232.12,232.35,748
1789536480,232.35,232.39,232.09,232.18,1318
1789536540,232.18,232.23,232.01,232.09,750
1789536600,232.09,232.16,232.03,232.07,576
1789536660,232.07,232.21,232.02,232.19,1610
1789536720,232.19,232.22,232.04,232.11,1089
1789536780,232.11,232.16,232.03,232.14,1094
1789536840,232.14,232.16,232.09,232.10,484
1789536900,232.10,232.17,232.04,232.04,1182
1789536960,232.04,232.30,231.95,232.22,923
1789537020,232.22,232.32,232.21,232.31,225
1789537080,232.31,232.35,232.26,232.34,136
1789537140,232.34,232.40,232.11,232.16,534
1789537200,232.16,232.32,232.10,232.28,1698
1789537260,232.28,232.33,232.09,232.15,2579
1789537320,232.15,232.25,232.15,232.20,260
1789537380,232.20,232.26,232.10,232.18,1930
1789537440,232.18,232.27,232.16,232.26,2737
1789537500,232.26,232.28,232.11,232.19,619
1789537560,232.19,232.26,232.00,232.07,1343
1789537620,232.07,232.19,232.04,232.12,2209
1789537680,232.12,232.25,232.09,232.16,2868
1789537740,232.16,232.20,232.03,232.05,1511
1789537800,232.05,232.06,231.89,231.95,429
1789537860,231.95,231.96,231.73,231.79,2670
1789537920,231.79,231.87,231.66,231.69,2723
1789537980,231.69,231.75,231.60,231.68,1727
1789538040,231.68,231.75,231.64,231.71,1223
1789538100,231.71,231.81,231.69,231.79,2446
1789538160,231.79,231.82,231.66,231.70,1519
1789538220,231.70,231.79,231.61,231.65,793
1789538280,231.65,231.84,231.59,231.78,547
1789538340,231.78,231.86,231.77,231.80,318
1789538400,231.80,231.88,231.64,231.66,2218
1789538460,231.66,231.70,231.63,231.66,2820
1789538520,231.66,231.73,231.46,231.50,2413
1789538580,231.50,231.58,231.28,231.35,2928
1789538640,231.35,231.58,231.27,231.50,2223
1789538700,231.50,231.56,231.45,231.55,859
1789538760,231.55,231.56,231.53,231.54,2293
1789538820,231.54,231.79,231.54,231.72,2682
1789538880,231.72,231.75,231.60,231.63,2490
1789538940,231.63,231.68,231.43,231.46,2397
1789539000,231.46,231.51,231.25,231.29,1728
1789539060,231.29,231.38,231.27,231.32,2969
1789539120,231.32,231.55,231.29,231.48,2054
1789539180,231.48,231.63,231.44,231.59,2914
1789539240,231.59,231.68,231.51,231.54,1297
1789539300,231.54,231.59,231.41,231.50,1070
1789539360,231.50,231.65,231.45,231.60,2341
1789539420,231.60,231.72,231.51,231.63,1245
1789539480,231.63,231.66,231.57,231.65,300
1789539540,231.65,231.81,231.58,231.72,2504
1789539600,231.72,231.88,231.64,231.87,777
1789539660,231.87,231.90,231.84,231.85,2547
1789539720,231.85,232.00,231.81,231.97,275
1789539780,231.97,232.05,231.83,231.87,1605
1789539840,231.87,231.91,231.79,231.90,262
1789539900,231.90,231.94,231.71,231.75,2891
1789539960,231.75,231.93,231.74,231.85,2114
1789540020,231.85,231.97,231.82,231.93,1138
1789540080,231.93,231.97,231.79,231.84,966
1789540140,231.84,231.98,231.76,231.91,1289
1789540200,231.91,231.97,231.78,231.87,746
1789540260,231.87,231.95,231.84,231.86,1940
1789540320,231.86,231.95,231.81,231.93,1790
1789540380,231.93,231.99,231.74,231.81,1475
1789540440,231.81,231.95,231.77,231.87,1715
1789540500,231.87,231.91,231.75,231.76,1305
1789540560,231.76,231.77,231.51,231.59,2352
1789540620,231.59,231.60,231.46,231.54,2505
1789540680,231.54,231.58,231.37,231.43,1198
1789540740,231.43,231.45,231.36,231.41,2663
1789540800,231.41,231.53,231.41,231.48,1645
1789540860,231.48,231.68,231.46,231.62,1797
1789540920,231.62,231.71,231.56,231.70,2379
1789540980,231.70,231.73,231.59,231.61,2970
1789541040,231.61,231.69,231.59,231.64,1097
1789541100,231.64,231.68,231.44,231.47,1752
1789541160,231.47,231.53,231.36,231.40,2328
1789541220,231.40,231.60,231.40,231.57,1373
1789541280,231.57,231.63,231.45,231.53,2142
1789541340,231.53,231.59,231.44,231.49,1076
1789541400,231.49,231.67,231.48,231.65,963
1789541460,231.65,231.66,231.58,231.63,2523
1789541520,231.63,231.69,231.43,231.51,2739
1789541580,231.51,231.71,231.43,231.70,865
1789541640,231.70,231.74,231.58,231.60,549
1789541700,231.60,231.64,231.47,231.53,1048
1789541760,231.53,231.55,231.32,231.36,1961
1789541820,231.36,231.41,231.29,231.35,2907
1789541880,231.35,231.61,231.31,231.53,2358
1789541940,231.53,231.62,231.46,231.47,766
1789542000,231.47,231.52,231.27,231.33,834
1789542060,231.33,231.36,231.29,231.35,783
1789542120,231.35,231.50,231.30,231.44,2810
1789542180,231.44,231.48,231.38,231.39,1452
1789542240,231.39,231.51,231.36,231.44,681
1789542300,231.44,231.60,231.41,231.51,2016
1789542360,231.51,231.59,231.27,231.36,493
1789542420,231.36,231.45,231.27,231.44,794
1789542480,231.44,231.53,231.36,231.37,2185
1789542540,231.37,231.53,231.30,231.50,2669
1789542600,231.50,231.61,231.42,231.60,2587
1789542660,231.60,231.66,231.37,231.43,1762
1789542720,231.43,231.63,231.41,231.54,1735
1789542780,231.54,231.70,231.49,231.61,538
1789542840,231.61,231.70,231.48,231.50,2030
1789542900,231.50,231.53,231.34,231.39,2040
1789542960,231.39,231.47,231.33,231.45,1169
1789543020,231.45,231.48,231.33,231.39,783
1789543080,231.39,231.60,231.35,231.56,1557
1789543140,231.56,231.61,231.33,231.39,1250
1789543200,231.39,231.42,231.27,231.30,2176
1789543260,231.30,231.49,231.25,231.45,1146
1789543320,231.45,231.53,231.37,231.42,2717
1789543380,231.42,231.43,231.25,231.31,1434
1789543440,231.31,231.37,231.29,231.35,2346
1789543500,231.35,231.37,231.16,231.18,1390
1789543560,231.18,231.26,231.06,231.12,834
1789543620,231.12,231.13,231.11,231.12,2053
1789543680,231.12,231.19,231.00,231.04,2495
1789543740,231.04,231.29,230.97,231.21,825
1789543800,231.21,231.29,231.12,231.27,1323
1789543860,231.27,231.46,231.26,231.39,2410
1789543920,231.39,231.56,231.31,231.47,2431
1789543980,231.47,231.55,231.37,231.40,141
1789544040,231.40,231.48,231.22,231.26,2963
1789544100,231.26,231.39,231.18,231.36,1058
1789544160,231.36,231.54,231.30,231.46,1252
1789544220,231.46,231.63,231.41,231.55,2294
1789544280,231.55,231.64,231.53,231.54,2340
1789544340,231.54,231.62,231.39,231.45,1805
1789544400,231.45,231.67,231.40,231.59,1551
1789544460,231.59,231.62,231.43,231.47,1258
1789544520,231.47,231.51,231.37,231.44,143
1789544580,231.44,231.51,231.37,231.42,1062
1789544640,231.42,231.48,231.32,231.38,2852
1789544700,231.38,231.44,231.23,231.24,2513
1789544760,231.24,231.25,231.19,231.22,1089
1789544820,231.22,231.37,231.15,231.32,896
1789544880,231.32,231.39,231.22,231.23,2765
1789544940,231.23,231.37,231.21,231.33,1368
1789545000,231.33,231.35,231.24,231.33,1040
1789545060,231.33,231.38,231.17,231.20,2041
1789545120,231.20,231.27,231.14,231.18,1889
1789545180,231.18,231.24,231.02,231.06,628
1789545240,231.06,231.23,231.05,231.16,2999
1789545300,231.16,231.34,231.10,231.34,2465
1789545360,231.34,231.42,231.27,231.38,1972
1789545420,231.38,231.49,231.33,231.44,2992
1789545480,231.44,231.46,231.38,231.42,2704
1789545540,231.42,231.55,231.36,231.48,2839
1789545600,231.48,231.67,231.40,231.61,2923
1789545660,231.61,231.62,231.49,231.50,1681
1789545720,231.50,231.59,231.42,231.44,136
1789545780,231.44,231.46,231.34,231.38,1374
1789545840,231.38,231.42,231.31,231.40,2158
1789545900,231.40,231.55,231.40,231.49,2557
1789545960,231.49,231.53,231.36,231.38,2823
1789546020,231.38,231.43,231.23,231.28,80
1789546080,231.28,231.29,231.10,231.11,930
1789546140,231.11,231.17,230.91,230.97,1386
1789546200,230.97,230.99,230.87,230.90,2142
1789546260,230.90,230.95,230.82,230.88,789
1789546320,230.88,230.97,230.85,230.97,1465
1789546380,230.97,231.06,230.78,230.80,570
1789546440,230.80,230.87,230.73,230.86,2373
1789546500,230.86,231.06,230.83,231.04,2204
1789546560,231.04,231.05,230.92,231.01,626
1789546620,231.01,231.03,230.81,230.84,2617
1789546680,230.84,230.89,230.80,230.86,1521
1789546740,230.86,230.89,230.76,230.80,1904
1789546800,230.80,230.98,230.78,230.89,640
1789546860,230.89,230.90,230.71,230.80,252
1789546920,230.80,231.04,230.74,230.95,196
1789546980,230.95,231.18,230.91,231.10,389
1789547040,231.10,231.31,231.07,231.25,833
1789547100,231.25,231.33,231.23,231.28,1719
1789547160,231.28,231.40,231.19,231.36,2234
1789547220,231.36,231.46,231.28,231.39,1022
1789547280,231.39,231.45,231.38,231.44,159
1789547340,231.44,231.64,231.39,231.63,1063
1789547400,231.63,231.72,231.48,231.51,176
1789547460,231.51,231.55,231.42,231.52,2144
1789547520,231.52,231.66,231.46,231.63,2157
1789547580,231.63,231.65,231.44,231.45,734
1789547640,231.45,231.59,231.40,231.53,2298
1789547700,231.53,231.55,231.35,231.40,556
1789547760,231.40,231.43,231.23,231.27,2238
1789547820,231.27,231.42,231.26,231.38,2323
1789547880,231.38,231.47,231.23,231.24,1961
1789547940,231.24,231.26,231.13,231.13,1241
1789548000,231.13,231.16,231.04,231.14,836
1789548060,231.14,231.15,230.97,231.00,1443
1789548120,231.00,231.08,230.83,230.86,1109
1789548180,230.86,230.98,230.84,230.91,2723
1789548240,230.91,230.92,230.80,230.88,647
1789548300,230.88,231.04,230.79,231.02,1073
1789548360,231.02,231.10,230.84,230.90,182
1789548420,230.90,230.94,230.74,230.74,1617
1789548480,230.74,230.79,230.72,230.78,2732
1789548540,230.78,230.80,230.71,230.71,2980
1789548600,230.71,230.80,230.47,230.53,2814
1789548660,230.53,230.60,230.38,230.39,1184
1789548720,230.39,230.51,230.37,230.49,229
1789548780,230.49,230.57,230.36,230.41,856
1789548840,230.41,230.47,230.32,230.33,909
1789548900,230.33,230.38,230.29,230.35,2075
1789548960,230.35,230.53,230.28,230.46,1557
1789549020,230.46,230.49,230.39,230.45,560
1789549080,230.45,230.53,230.28,230.30,2791
1789549140,230.30,230.34,230.28,230.34,1248
1789549200,230.34,230.43,230.31,230.41,2586
1789549260,230.41,230.50,230.28,230.30,2267
1789549320,230.30,230.42,230.24,230.33,2132
1789549380,230.33,230.40,230.16,230.20,2193
1789549440,230.20,230.30,230.19,230.21,1004
1789549500,230.21,230.46,230.13,230.40,1356
1789549560,230.40,230.45,230.31,230.44,1084
1789549620,230.44,230.56,230.38,230.50,880
1789549680,230.50,230.56,230.40,230.46,1009
1789549740,230.46,230.69,230.41,230.64,2437
1789549800,230.64,230.66,230.55,230.66,1485
1789549860,230.66,230.81,230.66,230.73,994
1789549920,230.73,230.77,230.68,230.72,1903
1789549980,230.72,230.94,230.68,230.86,151
1789550040,230.86,230.94,230.77,230.79,392
1789550100,230.79,230.87,230.60,230.61,2913
1789550160,230.61,230.64,230.51,230.54,1395
1789550220,230.54,230.55,230.34,230.41,2921
1789550280,230.41,230.44,230.33,230.40,2939
1789550340,230.40,230.52,230.33,230.48,2131
1789550400,230.48,230.54,230.23,230.31,535
1789550460,230.31,230.32,230.16,230.20,1431
1789550520,230.20,230.25,230.12,230.12,423
1789550580,230.12,230.16,229.98,230.05,1878
1789550640,230.05,230.29,230.03,230.20,1029
1789550700,230.20,230.28,230.18,230.23,1039
1789550760,230.23,230.36,230.21,230.32,1583
1789550820,230.32,230.36,230.15,230.18,2634
1789550880,230.18,230.23,230.02,230.03,1047
1789550940,230.03,230.12,229.79,229.86,752
1789551000,229.86,230.10,229.84,230.02,1716
1789551060,230.02,230.08,229.82,229.88,211
1789551120,229.88,229.91,229.87,229.89,2229
1789551180,229.89,229.93,229.79,229.80,1412
1789551240,229.80,229.85,229.76,229.80,2331
1789551300,229.80,230.02,229.77,229.94,2552
1789551360,229.94,229.95,229.85,229.85,2226
1789551420,229.85,229.89,229.73,229.78,2866
1789551480,229.78,229.87,229.63,229.67,2101
1789551540,229.67,229.73,229.62,229.64,363
1789551600,229.64,229.75,229.55,229.74,2826
1789551660,229.74,229.79,229.63,229.69,1984
1789551720,229.69,229.75,229.58,229.66,1451
1789551780,229.66,229.76,229.63,229.67,92
1789551840,229.67,229.71,229.64,229.68,2876
1789551900,229.68,229.80,229.61,229.71,214
1789551960,229.71,229.75,229.66,229.74,893
1789552020,229.74,229.78,229.56,229.57,2633
1789552080,229.57,229.60,229.51,229.51,2275
1789552140,229.51,229.71,229.46,229.67,1996
1789552200,229.67,229.72,229.64,229.68,2084
1789552260,229.68,229.74,229.64,229.73,644
1789552320,229.73,229.81,229.71,229.77,244
1789552380,229.77,229.80,229.65,229.70,2425
1789552440,229.70,229.79,229.63,229.66,740
1789552500,229.66,229.69,229.44,229.50,2884
1789552560,229.50,229.61,229.49,229.52,579
1789552620,229.52,229.76,229.51,229.70,331
1789552680,229.70,229.89,229.66,229.83,639
1789552740,229.83,229.89,229.79,229.88,1403
1789552800,229.88,229.98,229.82,229.95,1887
1789552860,229.95,229.95,229.82,229.87,192
1789552920,229.87,230.01,229.84,229.99,2927
1789552980,229.99,230.01,229.77,229.83,507
1789553040,229.83,229.96,229.82,229.93,1948
1789553100,229.93,230.13,229.91,230.11,2965
1789553160,230.11,230.12,230.02,230.04,1941
1789553220,230.04,230.19,230.02,230.16,1013
1789553280,230.16,230.24,230.11,230.16,2141
1789553340,230.16,230.22,230.10,230.22,1681
1789553400,230.22,230.23,230.16,230.19,2260
1789553460,230.19,230.20,230.10,230.10,1747
1789553520,230.10,230.13,229.90,229.94,784
1789553580,229.94,230.17,229.89,230.10,1267
1789553640,230.10,230.16,229.93,229.96,561
1789553700,229.96,230.15,229.94,230.06,1476
1789553760,230.06,230.06,229.85,229.89,481
1789553820,229.89,230.05,229.84,229.97,2219
1789553880,229.97,230.09,229.95,230.04,2583
1789553940,230.04,230.23,229.97,230.19,552
1789554000,230.19,230.25,229.97,230.03,1605
1789554060,230.03,230.26,229.99,230.17,2138
1789554120,230.17,230.18,230.08,230.14,2865
1789554180,230.14,230.26,230.07,230.21,1400
1789554240,230.21,230.43,230.14,230.35,593
1789554300,230.35,230.49,230.27,230.41,468
1789554360,230.41,230.59,230.36,230.52,1040
1789554420,230.52,230.60,230.47,230.54,1896
1789554480,230.54,230.72,230.53,230.71,387
1789554540,230.71,230.77,230.60,230.66,314
1789554600,230.66,230.79,230.59,230.72,1697
1789554660,230.72,230.77,230.65,230.65,480
1789554720,230.65,230.84,230.56,230.77,62
1789554780,230.77,230.92,230.72,230.87,484
1789554840,230.87,231.02,230.80,230.98,507
1789554900,230.98,230.99,230.91,230.93,2335
1789554960,230.93,231.07,230.93,230.98,1610
1789555020,230.98,231.04,230.94,230.95,584
1789555080,230.95,231.01,230.82,230.87,2659
1789555140,230.87,230.90,230.67,230.75,812
1789555200,230.75,230.86,230.70,230.82,2279
1789555260,230.82,230.93,230.74,230.88,1155
1789555320,230.88,231.03,230.85,230.94,2661
1789555380,230.94,231.16,230.87,231.12,1721
1789555440,231.12,231.25,231.03,231.16,1010
1789555500,231.16,231.23,231.09,231.18,436
1789555560,231.18,231.32,231.11,231.25,445
1789555620,231.25,231.31,230.99,231.08,1431
1789555680,231.08,231.17,231.03,231.13,2787
1789555740,231.13,231.19,231.12,231.15,369
1789555800,231.15,231.21,230.93,231.01,1275
1789555860,231.01,231.03,230.93,230.95,2471
1789555920,230.95,231.19,230.92,231.10,642
1789555980,231.10,231.15,230.99,231.06,480
1789556040,231.06,231.17,231.05,231.13,2582
1789556100,231.13,231.31,231.10,231.24,57
1789556160,231.24,231.51,231.21,231.43,1527
1789556220,231.43,231.68,231.43,231.61,631
1789556280,231.61,231.82,231.59,231.74,2712
1789556340,231.74,231.82,231.67,231.79,1351
1789556400,231.79,231.91,231.77,231.83,192
1789556460,231.83,231.90,231.77,231.78,343
1789556520,231.78,231.91,231.76,231.88,436
1789556580,231.88,231.90,231.79,231.82,1185
1789556640,231.82,231.90,231.70,231.74,1448
1789556700,231.74,231.99,231.66,231.92,349
1789556760,231.92,232.10,231.89,232.09,1685
1789556820,232.09,232.17,231.97,232.02,1080
1789556880,232.02,232.13,231.99,232.07,2653
1789556940,232.07,232.10,232.01,232.07,675
1789557000,232.07,232.20,232.00,232.18,1895
1789557060,232.18,232.29,232.10,232.21,1771
1789557120,232.21,232.30,232.15,232.22,2232
1789557180,232.22,232.41,232.18,232.38,2641
1789557240,232.38,232.39,232.21,232.22,848
1789557300,232.22,232.27,232.13,232.20,2777
1789557360,232.20,232.41,232.15,232.33,2064
1789557420,232.33,232.56,232.25,232.52,2958
1789557480,232.52,232.54,232.37,232.43,2381
1789557540,232.43,232.62,232.38,232.60,195
1789557600,232.60,232.67,232.50,232.50,1450
1789557660,232.50,232.57,232.35,232.39,909
1789557720,232.39,232.43,232.19,232.27,1123
1789557780,232.27,232.31,232.09,232.16,764
1789557840,232.16,232.24,232.05,232.12,1997
1789557900,232.12,232.14,232.02,232.08,255
1789557960,232.08,232.31,232.03,232.25,2135
1789558020,232.25,232.36,232.16,232.30,2488
1789558080,232.30,232.34,232.29,232.34,1972
1789558140,232.34,232.37,232.27,232.34,193
1789558200,232.34,232.36,232.28,232.33,1811
1789558260,232.33,232.42,232.26,232.37,2596
1789558320,232.37,232.41,232.31,232.35,415
1789558380,232.35,232.43,232.27,232.33,110
1789558440,232.33,232.42,232.17,232.22,1736
1789558500,232.22,232.29,232.08,232.14,1440
1789558560,232.14,232.14,232.06,232.13,490
1789558620,232.13,232.14,232.00,232.07,202
1789558680,232.07,232.14,231.91,231.93,496
1789558740,231.93,232.09,231.89,232.00,1267
1789558800,232.00,232.19,231.97,232.13,535
1789558860,232.13,232.20,232.01,232.05,2113
1789558920,232.05,232.05,231.97,232.01,1545
1789558980,232.01,232.13,231.94,232.12,2211
1789559040,232.12,232.15,232.11,232.15,1836
1789559100,232.15,232.31,232.10,232.25,897
1789559160,232.25,232.36,232.25,232.33,2044
1789559220,232.33,232.45,232.30,232.40,590
1789559280,232.40,232.42,232.33,232.41,1946
1789559340,232.41,232.46,232.37,232.39,2019
1789559400,232.39,232.44,232.32,232.43,869
1789559460,232.43,232.52,232.41,232.50,2881
1789559520,232.50,232.72,232.44,232.68,1874
1789559580,232.68,232.90,232.62,232.82,663
1789559640,232.82,232.91,232.63,232.67,2730
1789559700,232.67,232.85,232.67,232.78,2593
1789559760,232.78,232.88,232.69,232.85,2005
1789559820,232.85,232.86,232.80,232.83,203
1789559880,232.83,233.01,232.83,232.97,2021
1789559940,232.97,233.13,232.91,233.11,1377
1789560000,233.11,233.12,232.91,232.97,697
1789560060,232.97,233.20,232.94,233.13,1997
1789560120,233.13,233.18,233.07,233.12,1360
1789560180,233.12,233.15,232.87,232.95,2645
1789560240,232.95,233.03,232.74,232.79,1155
1789560300,232.79,232.85,232.66,232.71,2567
1789560360,232.71,232.76,232.52,232.59,1248
1789560420,232.59,232.82,232.56,232.73,2474
1789560480,232.73,232.73,232.61,232.69,2205
1789560540,232.69,232.76,232.43,232.52,2866
1789560600,232.52,232.73,232.50,232.70,2717
1789560660,232.70,232.81,232.70,232.73,1709
1789560720,232.73,232.77,232.67,232.76,2887
1789560780,232.76,232.85,232.74,232.83,1514
1789560840,232.83,232.92,232.83,232.84,1181
1789560900,232.84,233.10,232.76,233.02,1409
1789560960,233.02,233.09,232.90,232.91,127
1789561020,232.91,232.92,232.83,232.91,853
1789561080,232.91,233.15,232.87,233.09,2790
1789561140,233.09,233.15,233.03,233.06,1025
1789561200,233.06,233.10,232.98,233.08,2204
1789561260,233.08,233.12,233.04,233.05,417
1789561320,233.05,233.21,233.03,233.18,599
1789561380,233.18,233.33,233.09,233.28,236
1789561440,233.28,233.36,233.21,233.29,2537
1789561500,233.29,233.49,233.28,233.40,1313
1789561560,233.40,233.43,233.23,233.32,175
1789561620,233.32,233.47,233.31,233.45,2661
1789561680,233.45,233.55,233.37,233.48,2300
1789561740,233.48,233.49,233.32,233.33,2414
1789561800,233.33,233.46,233.31,233.37,542
1789561860,233.37,233.60,233.32,233.54,1276
1789561920,233.54,233.63,233.50,233.60,1979
1789561980,233.60,233.80,233.55,233.76,1657
1789562040,233.76,233.80,233.58,233.62,240
1789562100,233.62,233.63,233.55,233.58,1710
1789562160,233.58,233.61,233.42,233.48,164
1789562220,233.48,233.58,233.39,233.56,1368
1789562280,233.56,233.72,233.54,233.63,2496
1789562340,233.63,233.83,233.58,233.74,1838
1789562400,233.74,233.91,233.70,233.86,1550
1789562460,233.86,234.04,233.77,234.00,427
1789562520,234.00,234.03,233.82,233.88,2069
1789562580,233.88,233.93,233.84,233.93,1484
1789562640,233.93,234.06,233.84,234.00,1855
1789562700,234.00,234.05,233.76,233.83,1296
1789562760,233.83,233.92,233.69,233.78,2954
1789562820,233.78,233.85,233.59,233.66,656
1789562880,233.66,233.90,233.64,233.82,2434
1789562940,233.82,233.97,233.75,233.90,2320
1789563000,233.90,233.95,233.77,233.85,1204
1789563060,233.85,233.92,233.77,233.89,2044
1789563120,233.89,233.97,233.87,233.90,475
1789563180,233.90,234.16,233.85,234.08,1012
1789563240,234.08,234.31,234.07,234.22,2696
1789563300,234.22,234.31,234.12,234.21,1320
1789563360,234.21,234.27,234.14,234.23,2305
1789563420,234.23,234.39,234.16,234.33,2707
1789563480,234.33,234.52,234.31,234.50,1664
1789563540,234.50,234.57,234.42,234.54,233
1789563600,234.54,234.57,234.37,234.41,1258
1789563660,234.41,234.50,234.39,234.44,144
1789563720,234.44,234.53,234.28,234.37,2214
1789563780,234.37,234.50,234.34,234.42,1101
1789563840,234.42,234.48,234.34,234.44,484
1789563900,234.44,234.46,234.35,234.45,2703
1789563960,234.45,234.66,234.43,234.64,2349
1789564020,234.64,234.69,234.57,234.69,1634
1789564080,234.69,234.70,234.49,234.56,546
1789564140,234.56,234.62,234.48,234.57,2790
1789564200,234.57,234.64,234.42,234.46,2457
1789564260,234.46,234.52,234.43,234.52,410
1789564320,234.52,234.76,234.52,234.67,489
1789564380,234.67,234.73,234.62,234.67,240
1789564440,234.67,234.72,234.59,234.63,951
1789564500,234.63,234.67,234.56,234.60,853
1789564560,234.60,234.64,234.43,234.49,1613
1789564620,234.49,234.50,234.24,234.32,73
1789564680,234.32,234.45,234.23,234.36,2343
1789564740,234.36,234.41,234.34,234.40,2832
1789564800,234.40,234.59,234.32,234.58,2139
1789564860,234.58,234.63,234.39,234.40,1350
1789564920,234.40,234.49,234.33,234.42,2817
1789564980,234.42,234.47,234.23,234.28,2203
1789565040,234.28,234.30,234.16,234.22,788
1789565100,234.22,234.29,234.19,234.20,2258
1789565160,234.20,234.29,233.99,234.04,1714
1789565220,234.04,234.20,234.00,234.13,803
1789565280,234.13,234.17,234.04,234.07,982
1789565340,234.07,234.17,234.05,234.10,1898
1789565400,234.10,234.11,233.96,234.05,1049
1789565460,234.05,234.13,233.91,233.99,128
1789565520,233.99,234.01,233.91,233.95,1188
1789565580,233.95,234.05,233.90,233.96,710
1789565640,233.96,233.97,233.72,233.78,120
1789565700,233.78,233.83,233.53,233.60,2356
1789565760,233.60,233.65,233.44,233.50,1943
1789565820,233.50,233.52,233.38,233.40,1867
1789565880,233.40,233.66,233.32,233.57,894
1789565940,233.57,233.75,233.53,233.68,532
1789566000,233.68,233.73,233.52,233.54,1565
1789566060,233.54,233.55,233.40,233.47,1082
1789566120,233.47,233.66,233.44,233.65,1278
1789566180,233.65,233.67,233.43,233.49,2586
1789566240,233.49,233.51,233.47,233.48,2384
1789566300,233.48,233.50,233.34,233.41,596
1789566360,233.41,233.49,233.21,233.25,1572
1789566420,233.25,233.27,233.06,233.10,841
1789566480,233.10,233.23,233.01,233.19,1461
1789566540,233.19,233.21,233.09,233.13,457
1789566600,233.13,233.26,233.07,233.24,420
1789566660,233.24,233.46,233.19,233.39,2159
1789566720,233.39,233.39,233.27,233.35,1724
1789566780,233.35,233.46,233.27,233.40,2573
1789566840,233.40,233.58,233.36,233.49,1457
1789566900,233.49,233.57,233.47,233.55,2317
1789566960,233.55,233.61,233.49,233.61,1784
1789567020,233.61,233.62,233.49,233.54,838
1789567080,233.54,233.72,233.54,233.63,207
1789567140,233.63,233.73,233.60,233.67,969
1789567200,233.67,233.74,233.58,233.59,208
1789567260,233.59,233.67,233.49,233.55,379
1789567320,233.55,233.61,233.48,233.60,1034
1789567380,233.60,233.78,233.55,233.69,1677
1789567440,233.69,233.96,233.65,233.88,2591
1789567500,233.88,233.97,233.68,233.72,755
1789567560,233.72,233.77,233.64,233.72,1988
1789567620,233.72,233.85,233.69,233.77,255
1789567680,233.77,233.86,233.75,233.85,2786
1789567740,233.85,233.87,233.66,233.70,2303
1789567800,233.70,233.75,233.58,233.67,774
1789567860,233.67,233.69,233.59,233.64,2234
1789567920,233.64,233.68,233.63,233.64,2089
1789567980,233.64,233.68,233.51,233.53,1007
1789568040,233.53,233.61,233.42,233.47,2464
1789568100,233.47,233.56,233.26,233.31,2442
1789568160,233.31,233.48,233.25,233.42,1798
1789568220,233.42,233.59,233.38,233.54,2366
1789568280,233.54,233.62,233.50,233.55,1514
1789568340,233.55,233.75,233.47,233.74,914
1789568400,233.74,233.75,233.55,233.57,553
1789568460,233.57,233.72,233.49,233.67,872
1789568520,233.67,233.90,233.61,233.82,613
1789568580,233.82,233.93,233.75,233.88,1288
1789568640,233.88,233.89,233.69,233.73,2194
1789568700,233.73,233.85,233.64,233.76,2782
1789568760,233.76,233.98,233.74,233.95,1477
1789568820,233.95,234.20,233.92,234.13,524
1789568880,234.13,234.15,233.90,233.97,2872
1789568940,233.97,234.12,233.96,234.09,687
1789569000,234.09,234.23,234.02,234.20,2805
1789569060,234.20,234.39,234.19,234.37,2813
1789569120,234.37,234.56,234.33,234.56,2508
1789569180,234.56,234.65,234.49,234.64,318
1789569240,234.64,234.66,234.50,234.52,1428
1789569300,234.52,234.56,234.46,234.49,489
1789569360,234.49,234.55,234.48,234.51,1192
1789569420,234.51,234.69,234.45,234.62,2290
1789569480,234.62,234.64,234.38,234.47,700
1789569540,234.47,234.47,234.29,234.38,2193
1789569600,234.38,234.40,234.20,234.25,2767
1789569660,234.25,234.30,234.15,234.19,2833
1789569720,234.19,234.28,234.11,234.21,1716
1789569780,234.21,234.27,234.00,234.08,1239
1789569840,234.08,234.13,233.87,233.91,1538
1789569900,233.91,233.98,233.77,233.78,766
1789569960,233.78,233.84,233.69,233.76,1448
1789570020,233.76,233.81,233.57,233.65,490
1789570080,233.65,233.69,233.54,233.57,481
1789570140,233.57,233.77,233.49,233.73,153
1789570200,233.73,233.94,233.65,233.92,300
1789570260,233.92,234.09,233.86,234.09,1506
1789570320,234.09,234.14,234.04,234.06,2109
1789570380,234.06,234.14,234.00,234.10,1209
1789570440,234.10,234.12,233.90,233.95,2038
1789570500,233.95,234.14,233.88,234.05,179
1789570560,234.05,234.25,234.02,234.19,2086
1789570620,234.19,234.25,234.06,234.11,1941
1789570680,234.11,234.23,234.06,234.20,2848
1789570740,234.20,234.37,234.17,234.36,1188
1789570800,234.36,234.38,234.18,234.19,1978
1789570860,234.19,234.20,234.08,234.13,2409
1789570920,234.13,234.36,234.12,234.27,2007
1789570980,234.27,234.44,234.24,234.43,97
1789571040,234.43,234.51,234.39,234.41,940
1789571100,234.41,234.60,234.39,234.51,2224
1789571160,234.51,234.56,234.25,234.34,759
1789571220,234.34,234.58,234.29,234.52,114
1789571280,234.52,234.70,234.46,234.69,1557
1789571340,234.69,234.86,234.62,234.85,2119
1789571400,234.85,234.90,234.63,234.71,1054
1789571460,234.71,234.84,234.64,234.76,1777
1789571520,234.76,234.81,234.56,234.61,355
1789571580,234.61,234.83,234.55,234.74,381
1789571640,234.74,234.77,234.51,234.57,2328
1789571700,234.57,234.60,234.37,234.45,692
1789571760,234.45,234.45,234.36,234.43,2414
1789571820,234.43,234.51,234.42,234.44,994
1789571880,234.44,234.49,234.26,234.28,803
1789571940,234.28,234.36,234.12,234.13,632
1789572000,234.13,234.29,234.12,234.25,1425
1789572060,234.25,234.29,234.09,234.11,2901
1789572120,234.11,234.16,234.05,234.10,1798
1789572180,234.10,234.19,234.05,234.10,2424
1789572240,234.10,234.22,234.02,234.16,1792
1789572300,234.16,234.25,234.01,234.02,1001
1789572360,234.02,234.04,233.99,233.99,942
1789572420,233.99,234.14,233.99,234.10,482
1789572480,234.10,234.14,233.91,234.00,2395
1789572540,234.00,234.03,233.86,233.87,222
1789572600,233.87,234.07,233.84,234.00,2959
1789572660,234.00,234.05,233.84,233.92,391
1789572720,233.92,233.96,233.68,233.74,1480
1789572780,233.74,233.98,233.73,233.93,2626
1789572840,233.93,234.01,233.85,233.86,2762
1789572900,233.86,233.94,233.79,233.81,310
1789572960,233.81,233.85,233.77,233.82,228
1789573020,233.82,234.08,233.76,234.01,884
1789573080,234.01,234.10,233.94,234.02,1172
1789573140,234.02,234.07,234.02,234.06,2672
1789573200,234.06,234.15,233.98,234.01,1242
1789573260,234.01,234.17,233.99,234.12,2071
1789573320,234.12,234.13,234.02,234.07,998
1789573380,234.07,234.09,233.93,234.00,2887
1789573440,234.00,234.05,233.96,234.03,2833
1789573500,234.03,234.10,233.88,233.89,887
1789573560,233.89,234.01,233.80,233.98,478
1789573620,233.98,234.15,233.95,234.09,689
1789573680,234.09,234.22,234.04,234.20,1342
1789573740,234.20,234.31,234.17,234.24,2932
1789573800,234.24,234.31,234.05,234.12,2705
1789573860,234.12,234.15,233.94,234.03,1045
1789573920,234.03,234.10,233.82,233.90,1101
1789573980,233.90,233.96,233.83,233.95,1792
1789574040,233.95,234.06,233.89,234.06,1418
1789574100,234.06,234.09,233.98,234.09,1989
1789574160,234.09,234.24,234.04,234.21,402
1789574220,234.21,234.28,234.18,234.26,2412
1789574280,234.26,234.48,234.19,234.43,1304
1789574340,234.43,234.45,234.27,234.27,1237
1789574400,234.27,234.33,234.21,234.21,2988
1789574460,234.21,234.45,234.15,234.36,2088
1789574520,234.36,234.45,234.27,234.33,1773
1789574580,234.33,234.41,234.14,234.18,513
1789574640,234.18,234.29,234.17,234.29,2905
1789574700,234.29,234.49,234.22,234.41,2610
1789574760,234.41,234.41,234.34,234.38,371
1789574820,234.38,234.41,234.27,234.32,1724
1789574880,234.32,234.52,234.31,234.50,2786
1789574940,234.50,234.59,234.25,234.32,2713
1789575000,234.32,234.47,234.25,234.39,1999
1789575060,234.39,234.51,234.32,234.44,323
1789575120,234.44,234.50,234.23,234.29,86
1789575180,234.29,234.30,234.10,234.16,1448
1789575240,234.16,234.33,234.11,234.32,2628
1789575300,234.32,234.37,234.29,234.32,275
1789575360,234.32,234.33,234.24,234.30,2508
1789575420,234.30,234.44,234.29,234.39,2653
1789575480,234.39,234.41,234.28,234.31,2875
1789575540,234.31,234.31,234.17,234.19,1901
1789575600,234.19,234.22,234.12,234.12,2164
1789575660,234.12,234.25,234.08,234.20,2664
1789575720,234.20,234.33,234.20,234.27,2596
1789575780,234.27,234.35,234.17,234.21,547
1789575840,234.21,234.27,234.19,234.21,1643
1789575900,234.21,234.29,234.05,234.09,1807
1789575960,234.09,234.16,234.01,234.08,2897
1789576020,234.08,234.25,234.05,234.19,2603
1789576080,234.19,234.43,234.14,234.34,550
1789576140,234.34,234.40,234.30,234.33,2774
1789576200,234.33,234.46,234.31,234.39,233
1789576260,234.39,234.42,234.34,234.39,1165
1789576320,234.39,234.51,234.35,234.50,1621
1789576380,234.50,234.70,234.46,234.63,1349
1789576440,234.63,234.84,234.61,234.80,2870
1789576500,234.80,234.95,234.79,234.91,104
1789576560,234.91,234.92,234.76,234.85,1146
1789576620,234.85,234.87,234.72,234.79,2507
1789576680,234.79,234.82,234.62,234.70,1315
1789576740,234.70,234.81,234.69,234.78,563
1789576800,234.78,234.81,234.65,234.67,1939
1789576860,234.67,234.74,234.55,234.55,601
1789576920,234.55,234.56,234.53,234.55,182
1789576980,234.55,234.59,234.50,234.51,627
1789577040,234.51,234.57,234.44,234.56,1045
1789577100,234.56,234.58,234.50,234.50,1627
1789577160,234.50,234.56,234.45,234.48,1612
1789577220,234.48,234.61,234.41,234.61,1924
1789577280,234.61,234.62,234.47,234.54,1300
1789577340,234.54,234.58,234.38,234.46,1690
1789577400,234.46,234.53,234.24,234.32,665
1789577460,234.32,234.38,234.10,234.14,2536
1789577520,234.14,234.20,233.94,234.02,1663
1789577580,234.02,234.13,233.94,234.06,84
1789577640,234.06,234.12,233.97,233.99,1586
1789577700,233.99,234.05,233.96,234.00,1398
1789577760,234.00,234.05,233.89,233.96,963
1789577820,233.96,234.09,233.87,234.02,496
1789577880,234.02,234.04,233.93,233.95,1636
1789577940,233.95,234.03,233.83,233.88,2372
1789578000,233.88,233.92,233.74,233.77,443
1789578060,233.77,233.79,233.67,233.67,1630
1789578120,233.67,233.74,233.56,233.57,1838
1789578180,233.57,233.60,233.49,233.49,1819
1789578240,233.49,233.53,233.38,233.46,1326
1789578300,233.46,233.63,233.44,233.62,1336
1789578360,233.62,233.78,233.60,233.72,1299
1789578420,233.72,233.77,233.65,233.74,1456
1789578480,233.74,233.78,233.58,233.61,264
1789578540,233.61,233.63,233.46,233.48,604
1789578600,233.48,233.52,233.47,233.50,2716
1789578660,233.50,233.57,233.42,233.54,2903
1789578720,233.54,233.60,233.39,233.40,2646
1789578780,233.40,233.41,233.14,233.22,257
1789578840,233.22,233.31,233.10,233.13,1742
1789578900,233.13,233.36,233.04,233.30,2730
1789578960,233.30,233.36,233.09,233.13,2570
1789579020,233.13,233.22,232.91,232.95,599
1789579080,232.95,233.01,232.76,232.84,2184
1789579140,232.84,232.87,232.60,232.68,1331
1789579200,232.68,232.82,232.65,232.79,2750
1789579260,232.79,232.87,232.64,232.68,215
1789579320,232.68,232.72,232.60,232.70,628
1789579380,232.70,232.90,232.68,232.84,2761
1789579440,232.84,232.86,232.66,232.74,2917
1789579500,232.74,232.88,232.65,232.88,465
1789579560,232.88,232.97,232.70,232.76,1146
1789579620,232.76,232.77,232.65,232.65,2873
1789579680,232.65,232.74,232.44,232.51,2015
1789579740,232.51,232.52,232.38,232.45,677
1789579800,232.45,232.49,232.30,232.33,2310
1789579860,232.33,232.36,232.17,232.20,1641
1789579920,232.20,232.29,232.12,232.17,2629
1789579980,232.17,232.25,232.10,232.15,2246
1789580040,232.15,232.17,232.02,232.09,824
1789580100,232.09,232.10,231.88,231.96,1239
1789580160,231.96,232.04,231.85,231.86,2754
1789580220,231.86,232.05,231.80,232.00,442
1789580280,232.00,232.06,231.92,231.99,1377
1789580340,231.99,232.10,231.90,232.08,2687
1789580400,232.08,232.13,231.99,232.12,696
1789580460,232.12,232.18,232.07,232.17,793
1789580520,232.17,232.18,232.09,232.12,492
1789580580,232.12,232.16,232.05,232.06,264
1789580640,232.06,232.16,232.01,232.08,861
1789580700,232.08,232.12,231.91,231.97,2475
1789580760,231.97,232.01,231.89,231.93,2329
1789580820,231.93,231.94,231.77,231.77,462
1789580880,231.77,231.85,231.59,231.65,2987
1789580940,231.65,231.71,231.44,231.51,284
1789581000,231.51,231.59,231.40,231.45,2401
1789581060,231.45,231.49,231.28,231.36,89
1789581120,231.36,231.46,231.28,231.39,2460
1789581180,231.39,231.52,231.32,231.45,613
1789581240,231.45,231.46,231.36,231.44,768
1789581300,231.44,231.60,231.42,231.53,755
1789581360,231.53,231.55,231.27,231.36,1423
1789581420,231.36,231.48,231.27,231.47,2707
1789581480,231.47,231.51,231.25,231.34,1073
1789581540,231.34,231.56,231.29,231.48,2747
1789616700,231.48,231.55,231.46,231.51,996
1789616760,231.51,231.53,231.36,231.41,1388
1789616820,231.41,231.45,231.23,231.28,2904
1789616880,231.28,231.44,231.25,231.39,1754
1789616940,231.39,231.47,231.32,231.44,156
1789617000,231.44,231.47,231.42,231.44,1540
1789617060,231.44,231.55,231.38,231.55,601
1789617120,231.55,231.69,231.52,231.66,1739
1789617180,231.66,231.78,231.60,231.69,1045
1789617240,231.69,231.80,231.69,231.72,2486
1789617300,231.72,231.85,231.69,231.80,1004
1789617360,231.80,231.91,231.79,231.82,1809
1789617420,231.82,231.85,231.61,231.68,1665
1789617480,231.68,231.73,231.51,231.55,724
1789617540,231.55,231.61,231.38,231.43,690
1789617600,231.43,231.47,231.37,231.44,2352
1789617660,231.44,231.53,231.27,231.31,2584
1789617720,231.31,231.45,231.31,231.45,2283
1789617780,231.45,231.54,231.35,231.38,2858
1789617840,231.38,231.46,231.12,231.21,2395
1789617900,231.21,231.37,231.20,231.36,1297
1789617960,231.36,231.49,231.32,231.42,94
1789618020,231.42,231.46,231.41,231.42,2647
1789618080,231.42,231.49,231.33,231.36,1233
1789618140,231.36,231.54,231.34,231.49,1755
1789618200,231.49,231.55,231.42,231.53,371
1789618260,231.53,231.62,231.46,231.48,596
1789618320,231.48,231.52,231.36,231.38,865
1789618380,231.38,231.54,231.35,231.47,1305
1789618440,231.47,231.49,231.37,231.38,1096
1789618500,231.38,231.43,231.35,231.39,1290
1789618560,231.39,231.53,231.35,231.52,1506
1789618620,231.52,231.66,231.51,231.57,1480
1789618680,231.57,231.69,231.55,231.65,1968
1789618740,231.65,231.74,231.59,231.60,2115
1789618800,231.60,231.64,231.53,231.62,83
1789618860,231.62,231.70,231.52,231.53,1793
1789618920,231.53,231.61,231.51,231.53,1827
1789618980,231.53,231.61,231.49,231.50,628
1789619040,231.50,231.68,231.48,231.65,698
1789619100,231.65,231.74,231.60,231.67,915
1789619160,231.67,231.74,231.58,231.63,1039
1789619220,231.63,231.71,231.62,231.65,855
1789619280,231.65,231.69,231.45,231.53,787
1789619340,231.53,231.60,231.51,231.57,2880
1789619400,231.57,231.83,231.57,231.75,2257
1789619460,231.75,231.90,231.74,231.85,2650
1789619520,231.85,231.85,231.72,231.79,180
1789619580,231.79,231.95,231.77,231.87,2324
1789619640,231.87,232.00,231.81,231.95,1578
1789619700,231.95,232.03,231.88,231.89,2446
1789619760,231.89,232.09,231.85,232.01,2959
1789619820,232.01,232.09,231.77,231.83,1628
1789619880,231.83,231.86,231.68,231.70,2130
1789619940,231.70,231.87,231.65,231.80,2669
1789620000,231.80,231.92,231.80,231.86,1576
1789620060,231.86,232.01,231.81,232.01,998
1789620120,232.01,232.01,231.88,231.93,322
1789620180,231.93,232.08,231.87,232.02,486
1789620240,232.02,232.15,231.93,232.13,2612
1789620300,232.13,232.14,231.90,231.98,1547
1789620360,231.98,232.00,231.87,231.95,1211
1789620420,231.95,232.03,231.95,231.99,2712
1789620480,231.99,232.24,231.91,232.17,1938
1789620540,232.17,232.34,232.09,232.29,2385
1789620600,232.29,232.30,232.16,232.23,2859
1789620660,232.23,232.28,232.07,232.15,1423
1789620720,232.15,232.23,232.06,232.22,1664
1789620780,232.22,232.42,232.14,232.36,1705
1789620840,232.36,232.53,232.35,232.48,2040
1789620900,232.48,232.50,232.27,232.34,2407
1789620960,232.34,232.40,232.16,232.17,2961
1789621020,232.17,232.37,232.14,232.28,732
1789621080,232.28,232.29,232.16,232.21,2897
1789621140,232.21,232.30,232.14,232.16,2710
1789621200,232.16,232.20,232.06,232.13,1535
1789621260,232.13,232.18,232.13,232.14,952
1789621320,232.14,232.33,232.06,232.30,947
1789621380,232.30,232.32,232.22,232.28,454
1789621440,232.28,232.37,232.15,232.24,1921
1789621500,232.24,232.32,232.14,232.20,2024
1789621560,232.20,232.37,232.18,232.30,2205
1789621620,232.30,232.38,232.14,232.16,2658
1789621680,232.16,232.18,232.06,232.08,2001
1789621740,232.08,232.10,232.04,232.07,1679
1789621800,232.07,232.19,232.06,232.11,1478
1789621860,232.11,232.11,231.92,231.99,221
1789621920,231.99,232.03,231.93,231.98,1327
1789621980,231.98,232.23,231.93,232.17,1809
1789622040,232.17,232.29,232.10,232.28,2481
1789622100,232.28,232.31,232.16,232.18,253
1789622160,232.18,232.27,232.04,232.04,735
1789622220,232.04,232.22,231.98,232.22,567
1789622280,232.22,232.31,232.22,232.28,1731
1789622340,232.28,232.40,232.23,232.38,2198
1789622400,232.38,232.56,232.35,232.54,2112
1789622460,232.54,232.61,232.38,232.46,2028
1789622520,232.46,232.59,232.38,232.53,1220
1789622580,232.53,232.57,232.49,232.52,961
1789622640,232.52,232.66,232.49,232.57,683
1789622700,232.57,232.62,232.38,232.39,1345
1789622760,232.39,232.52,232.32,232.48,1905
1789622820,232.48,232.60,232.40,232.51,1788
1789622880,232.51,232.53,232.42,232.53,119
1789622940,232.53,232.58,232.29,232.36,1053
1789623000,232.36,232.39,232.15,232.20,993
1789623060,232.20,232.23,232.00,232.07,659
1789623120,232.07,232.14,231.81,231.90,2289
1789623180,231.90,232.05,231.83,232.02,1061
1789623240,232.02,232.10,231.79,231.88,2626
1789623300,231.88,232.09,231.87,232.07,2244
1789623360,232.07,232.22,231.99,232.19,1405
1789623420,232.19,232.24,232.16,232.21,432
1789623480,232.21,232.21,232.09,232.10,1933
1789623540,232.10,232.17,231.90,231.93,1362
1789623600,231.93,232.06,231.88,232.01,2579
1789623660,232.01,232.21,231.94,232.20,823
1789623720,232.20,232.25,232.05,232.13,630
1789623780,232.13,232.23,232.10,232.14,2437
1789623840,232.14,232.21,232.01,232.06,2527
1789623900,232.06,232.08,231.98,232.04,2209
1789623960,232.04,232.12,231.97,232.02,2338
1789624020,232.02,232.03,231.86,231.89,1104
1789624080,231.89,231.95,231.87,231.90,1283
1789624140,231.90,231.99,231.83,231.97,2227
1789624200,231.97,232.03,231.95,231.98,2869
1789624260,231.98,231.99,231.89,231.95,884
1789624320,231.95,232.05,231.92,232.02,695
1789624380,232.02,232.06,231.94,231.94,1389
1789624440,231.94,232.17,231.90,232.09,588
1789624500,232.09,232.10,232.08,232.10,631
1789624560,232.10,232.15,231.95,232.01,55
1789624620,232.01,232.20,232.00,232.11,131
1789624680,232.11,232.18,231.92,231.95,2585
1789624740,231.95,232.02,231.77,231.80,1090
1789624800,231.80,231.83,231.69,231.70,2407
1789624860,231.70,231.79,231.69,231.78,237
1789624920,231.78,231.86,231.73,231.79,2435
1789624980,231.79,231.96,231.77,231.91,1571
1789625040,231.91,232.00,231.83,231.90,2567
1789625100,231.90,231.96,231.82,231.87,2271
1789625160,231.87,231.90,231.74,231.76,1514
1789625220,231.76,231.77,231.59,231.63,566
1789625280,231.63,231.65,231.54,231.64,793
1789625340,231.64,231.83,231.60,231.80,482
1789625400,231.80,231.86,231.75,231.79,120
1789625460,231.79,231.82,231.74,231.76,1503
1789625520,231.76,231.85,231.72,231.78,326
1789625580,231.78,231.82,231.52,231.61,1849
1789625640,231.61,231.73,231.55,231.70,1147
1789625700,231.70,231.93,231.61,231.87,1161
1789625760,231.87,231.90,231.78,231.81,2258
1789625820,231.81,231.94,231.75,231.85,455
1789625880,231.85,231.90,231.81,231.85,2435
1789625940,231.85,231.90,231.68,231.71,2597
1789626000,231.71,231.77,231.49,231.58,1041
1789626060,231.58,231.71,231.57,231.68,198
1789626120,231.68,231.71,231.50,231.55,1743
1789626180,231.55,231.65,231.53,231.64,2552
1789626240,231.64,231.72,231.58,231.71,235
1789626300,231.71,231.75,231.47,231.55,1786
1789626360,231.55,231.57,231.38,231.44,1401
1789626420,231.44,231.45,231.24,231.29,702
1789626480,231.29,231.55,231.27,231.48,847
1789626540,231.48,231.59,231.42,231.54,188
1789626600,231.54,231.56,231.37,231.43,734
1789626660,231.43,231.43,231.37,231.41,1194
1789626720,231.41,231.46,231.35,231.36,98
1789626780,231.36,231.52,231.28,231.49,2034
1789626840,231.49,231.62,231.48,231.59,1474
1789626900,231.59,231.73,231.50,231.67,53
1789626960,231.67,231.84,231.62,231.81,2952
1789627020,231.81,232.04,231.79,231.95,342
1789627080,231.95,232.01,231.86,231.94,2475
1789627140,231.94,232.13,231.93,232.07,556
1789627200,232.07,232.22,232.06,232.20,1581
1789627260,232.20,232.24,231.98,232.02,2156
1789627320,232.02,232.23,231.97,232.18,927
1789627380,232.18,232.19,232.14,232.17,1488
1789627440,232.17,232.23,232.05,232.08,489
1789627500,232.08,232.12,232.02,232.07,1281
1789627560,232.07,232.07,231.97,232.02,603
1789627620,232.02,232.11,231.91,231.99,352
1789627680,231.99,232.08,231.83,231.89,1477
1789627740,231.89,231.97,231.80,231.93,1225
1789627800,231.93,232.16,231.92,232.08,949
1789627860,232.08,232.16,232.00,232.06,1004
1789627920,232.06,232.10,231.94,231.99,717
1789627980,231.99,232.08,231.85,231.92,1271
1789628040,231.92,232.06,231.91,232.00,2939
1789628100,232.00,232.18,231.97,232.16,2819
1789628160,232.16,232.29,232.15,232.25,1492
1789628220,232.25,232.34,232.17,232.26,2399
1789628280,232.26,232.40,232.24,232.31,1774
1789628340,232.31,232.33,232.18,232.27,1426
1789628400,232.27,232.29,232.15,232.23,104
1789628460,232.23,232.29,232.14,232.21,695
1789628520,232.21,232.23,232.05,232.12,2725
1789628580,232.12,232.12,232.01,232.05,2102
1789628640,232.05,232.09,232.00,232.08,162
1789628700,232.08,232.21,232.00,232.20,1276
1789628760,232.20,232.27,232.14,232.20,1068
1789628820,232.20,232.31,232.20,232.30,1462
1789628880,232.30,232.44,232.24,232.38,2141
1789628940,232.38,232.41,232.26,232.31,440
1789629000,232.31,232.43,232.29,232.35,902
1789629060,232.35,232.44,232.15,232.20,1830
1789629120,232.20,232.25,232.20,232.20,808
1789629180,232.20,232.35,232.14,232.26,696
1789629240,232.26,232.31,232.18,232.23,1963
1789629300,232.23,232.46,232.19,232.42,355
1789629360,232.42,232.45,232.29,232.31,1849
1789629420,232.31,232.38,232.24,232.28,839
1789629480,232.28,232.36,232.24,232.32,2844
1789629540,232.32,232.53,232.29,232.48,1551
1789629600,232.48,232.48,232.32,232.40,631
1789629660,232.40,232.47,232.18,232.26,2298
1789629720,232.26,232.30,232.06,232.09,2464
1789629780,232.09,232.27,232.08,232.19,500
1789629840,232.19,232.20,232.15,232.16,2304
1789629900,232.16,232.35,232.14,232.27,2209
1789629960,232.27,232.34,232.09,232.15,658
1789630020,232.15,232.23,232.12,232.16,2664
1789630080,232.16,232.16,232.00,232.03,2987
1789630140,232.03,232.10,231.94,232.07,1237
1789630200,232.07,232.11,232.02,232.07,147
1789630260,232.07,232.12,232.01,232.06,2202
1789630320,232.06,232.09,231.94,231.99,2307
1789630380,231.99,232.04,231.89,231.96,1199
1789630440,231.96,232.09,231.96,232.08,1084
1789630500,232.08,232.14,231.92,231.94,1019
1789630560,231.94,231.98,231.73,231.79,2264
1789630620,231.79,231.80,231.74,231.79,406
1789630680,231.79,231.86,231.64,231.67,1071
1789630740,231.67,231.68,231.57,231.60,1782
1789630800,231.60,231.69,231.43,231.51,711
1789630860,231.51,231.56,231.35,231.39,1742
1789630920,231.39,231.48,231.30,231.32,1456
1789630980,231.32,231.38,231.20,231.23,2553
1789631040,231.23,231.25,231.03,231.12,186
1789631100,231.12,231.34,231.10,231.27,532
1789631160,231.27,231.40,231.21,231.36,2159
1789631220,231.36,231.39,231.28,231.29,1991
1789631280,231.29,231.46,231.28,231.42,626
1789631340,231.42,231.51,231.40,231.51,1613
1789631400,231.51,231.69,231.47,231.68,1564
1789631460,231.68,231.86,231.60,231.85,1550
1789631520,231.85,231.89,231.81,231.83,247
1789631580,231.83,231.85,231.66,231.72,1544
1789631640,231.72,231.87,231.67,231.80,2181
1789631700,231.80,232.03,231.77,231.96,2742
1789631760,231.96,232.17,231.90,232.12,2370
1789631820,232.12,232.15,232.11,232.14,503
1789631880,232.14,232.18,231.98,231.99,2423
1789631940,231.99,232.06,231.90,231.92,1966
1789632000,231.92,231.95,231.89,231.94,2556
1789632060,231.94,231.94,231.80,231.84,1887
1789632120,231.84,231.99,231.79,231.94,2956
1789632180,231.94,232.00,231.88,231.96,613
1789632240,231.96,232.13,231.90,232.08,1325
1789632300,232.08,232.09,231.98,232.07,1052
1789632360,232.07,232.07,231.92,232.01,2310
1789632420,232.01,232.09,231.86,231.88,2929
1789632480,231.88,231.98,231.86,231.90,2482
1789632540,231.90,231.94,231.83,231.89,2689
1789632600,231.89,231.89,231.73,231.73,2892
1789632660,231.73,231.78,231.67,231.77,1876
1789632720,231.77,231.98,231.68,231.90,2244
1789632780,231.90,231.97,231.74,231.76,1375
1789632840,231.76,231.85,231.58,231.63,659
1789632900,231.63,231.69,231.40,231.45,2655
1789632960,231.45,231.50,231.37,231.41,2077
1789633020,231.41,231.48,231.26,231.33,1153
1789633080,231.33,231.53,231.30,231.46,1360
1789633140,231.46,231.55,231.24,231.31,570
1789633200,231.31,231.34,231.18,231.27,681
1789633260,231.27,231.46,231.19,231.42,2287
1789633320,231.42,231.55,231.36,231.48,1556
1789633380,231.48,231.68,231.40,231.63,1130
1789633440,231.63,231.65,231.58,231.64,228
1789633500,231.64,231.80,231.61,231.71,210
1789633560,231.71,231.77,231.52,231.60,1227
1789633620,231.60,231.67,231.54,231.57,497
1789633680,231.57,231.60,231.38,231.46,1933
1789633740,231.46,231.59,231.37,231.56,2702
1789633800,231.56,231.68,231.56,231.62,1675
1789633860,231.62,231.64,231.44,231.48,1109
1789633920,231.48,231.61,231.39,231.61,2813
1789633980,231.61,231.67,231.53,231.58,1395
1789634040,231.58,231.66,231.41,231.41,837
1789634100,231.41,231.48,231.38,231.44,2679
1789634160,231.44,231.49,231.36,231.39,1651
1789634220,231.39,231.48,231.33,231.46,708
1789634280,231.46,231.52,231.29,231.33,2976
1789634340,231.33,231.55,231.24,231.48,2892
1789634400,231.48,231.53,231.30,231.35,1230
1789634460,231.35,231.51,231.28,231.47,1525
1789634520,231.47,231.64,231.41,231.61,2634
1789634580,231.61,231.68,231.49,231.52,622
1789634640,231.52,231.53,231.45,231.47,1734
1789634700,231.47,231.71,231.41,231.62,1796
1789634760,231.62,231.69,231.52,231.59,2140
1789634820,231.59,231.64,231.47,231.52,765
1789634880,231.52,231.69,231.51,231.68,175
1789634940,231.68,231.92,231.67,231.83,2750
1789635000,231.83,232.02,231.77,231.94,968
1789635060,231.94,232.07,231.85,232.00,1270
1789635120,232.00,232.02,231.90,231.96,2243
1789635180,231.96,232.04,231.95,232.00,693
1789635240,232.00,232.22,232.00,232.13,359
1789635300,232.13,232.19,232.11,232.19,1137
1789635360,232.19,232.34,232.10,232.31,588
1789635420,232.31,232.39,232.28,232.36,1188
1789635480,232.36,232.39,232.14,232.21,309
1789635540,232.21,232.24,232.03,232.12,2013
1789635600,232.12,232.25,232.09,232.21,308
1789635660,232.21,232.42,232.15,232.34,1642
1789635720,232.34,232.42,232.14,232.16,2779
1789635780,232.16,232.42,232.13,232.33,2221
1789635840,232.33,232.41,232.28,232.38,860
1789635900,232.38,232.56,232.31,232.49,324
1789635960,232.49,232.67,232.43,232.65,961
1789636020,232.65,232.78,232.56,232.69,1448
1789636080,232.69,232.72,232.49,232.52,823
1789636140,232.52,232.61,232.47,232.60,2933
1789636200,232.60,232.72,232.58,232.68,2139
1789636260,232.68,232.71,232.49,232.53,368
1789636320,232.53,232.54,232.31,232.35,2845
1789636380,232.35,232.55,232.27,232.49,2860
1789636440,232.49,232.54,232.47,232.52,1763
1789636500,232.52,232.55,232.31,232.40,154
1789636560,232.40,232.64,232.32,232.57,1857
1789636620,232.57,232.61,232.57,232.61,1498
1789636680,232.61,232.77,232.56,232.72,1141
1789636740,232.72,232.78,232.72,232.77,1650
1789636800,232.77,232.95,232.74,232.90,1625
1789636860,232.90,232.90,232.84,232.90,1047
1789636920,232.90,232.94,232.83,232.89,1410
1789636980,232.89,233.15,232.81,233.06,1142
1789637040,233.06,233.07,232.98,233.05,1129
1789637100,233.05,233.13,232.99,233.04,2999
1789637160,233.04,233.13,232.85,232.87,1009
1789637220,232.87,232.92,232.70,232.73,1466
1789637280,232.73,232.79,232.57,232.64,1799
1789637340,232.64,232.68,232.42,232.47,2767
1789637400,232.47,232.52,232.32,232.33,622
1789637460,232.33,232.38,232.22,232.27,2539
1789637520,232.27,232.37,232.19,232.35,1455
1789637580,232.35,232.41,232.28,232.29,72
1789637640,232.29,232.32,232.08,232.13,1543
1789637700,232.13,232.30,232.11,232.27,2816
1789637760,232.27,232.29,232.10,232.12,963
1789637820,232.12,232.14,231.98,232.01,193
1789637880,232.01,232.13,231.99,232.05,2688
1789637940,232.05,232.15,231.99,232.12,1395
1789638000,232.12,232.15,232.04,232.10,2776
1789638060,232.10,232.22,232.09,232.14,1804
1789638120,232.14,232.23,232.09,232.16,2243
1789638180,232.16,232.32,232.15,232.32,2469
1789638240,232.32,232.34,232.26,232.27,399
1789638300,232.27,232.29,232.16,232.22,1464
1789638360,232.22,232.44,232.14,232.36,1450
1789638420,232.36,232.38,232.29,232.32,2252
1789638480,232.32,232.37,232.31,232.37,1625
1789638540,232.37,232.47,232.34,232.44,675
1789638600,232.44,232.50,232.21,232.28,1371
1789638660,232.28,232.41,232.27,232.36,1708
1789638720,232.36,232.51,232.31,232.47,1351
1789638780,232.47,232.52,232.35,232.36,641
1789638840,232.36,232.44,232.35,232.43,2260
1789638900,232.43,232.67,232.41,232.61,1134
1789638960,232.61,232.68,232.57,232.58,2573
1789639020,232.58,232.81,232.57,232.76,197
1789639080,232.76,232.99,232.75,232.91,2156
1789639140,232.91,232.93,232.84,232.91,878
1789639200,232.91,233.03,232.85,233.00,2833
1789639260,233.00,233.14,232.95,233.06,245
1789639320,233.06,233.31,232.98,233.23,1637
1789639380,233.23,233.28,233.12,233.14,1139
1789639440,233.14,233.18,233.11,233.11,2718
1789639500,233.11,233.14,233.04,233.10,782
1789639560,233.10,233.15,232.98,233.03,875
1789639620,233.03,233.07,232.96,233.03,1408
1789639680,233.03,233.10,232.98,232.98,2013
1789639740,232.98,233.20,232.91,233.17,1509
1789639800,233.17,233.18,232.98,233.07,349
1789639860,233.07,233.20,232.99,233.14,969
1789639920,233.14,233.28,233.11,233.21,323
1789639980,233.21,233.29,233.01,233.09,1318
1789640040,233.09,233.22,233.03,233.18,464
1789640100,233.18,233.21,233.08,233.13,1650
1789640160,233.13,233.17,232.98,233.00,1407
1789640220,233.00,233.07,232.96,233.02,491
1789640280,233.02,233.13,232.96,233.08,1259
1789640340,233.08,233.13,232.99,233.04,2064
1789640400,233.04,233.13,232.98,233.11,2380
1789640460,233.11,233.17,232.94,232.97,1438
1789640520,232.97,233.21,232.88,233.15,1655
1789640580,233.15,233.25,233.14,233.20,2866
1789640640,233.20,233.23,233.11,233.20,811
1789640700,233.20,233.23,233.11,233.18,387
1789640760,233.18,233.19,233.08,233.12,1823
1789640820,233.12,233.16,233.01,233.02,727
1789640880,233.02,233.25,232.98,233.16,396
1789640940,233.16,233.30,233.12,233.23,1589
1789641000,233.23,233.30,233.04,233.09,2839
1789641060,233.09,233.22,233.04,233.14,256
1789641120,233.14,233.21,233.02,233.11,2994
1789641180,233.11,233.16,233.09,233.13,1035
1789641240,233.13,233.18,233.08,233.12,2869
1789641300,233.12,233.19,232.99,233.01,1684
1789641360,233.01,233.10,232.95,233.03,1963
1789641420,233.03,233.03,232.87,232.90,2082
1789641480,232.90,233.11,232.89,233.07,2127
1789641540,233.07,233.29,233.02,233.21,1470
1789641600,233.21,233.29,233.19,233.26,1496
1789641660,233.26,233.27,233.19,233.25,1636
1789641720,233.25,233.34,233.19,233.33,611
1789641780,233.33,233.38,233.24,233.27,1229
1789641840,233.27,233.36,233.22,233.26,2728
1789641900,233.26,233.34,233.05,233.14,1206
1789641960,233.14,233.16,233.11,233.12,364
1789642020,233.12,233.17,232.96,233.00,1983
1789642080,233.00,233.28,232.97,233.19,2496
1789642140,233.19,233.27,233.18,233.20,1473
1789642200,233.20,233.21,232.94,233.03,90
1789642260,233.03,233.04,232.96,232.99,1367
1789642320,232.99,233.06,232.83,232.85,2729
1789642380,232.85,232.90,232.79,232.82,2203
1789642440,232.82,232.89,232.80,232.80,724
1789642500,232.80,233.04,232.77,232.99,490
1789642560,232.99,233.14,232.97,233.05,1007
1789642620,233.05,233.10,232.84,232.92,2060
1789642680,232.92,233.15,232.84,233.06,78
1789642740,233.06,233.32,233.06,233.23,1088
1789642800,233.23,233.43,233.23,233.37,1270
1789642860,233.37,233.42,233.28,233.30,1254
1789642920,233.30,233.43,233.26,233.37,2178
1789642980,233.37,233.54,233.32,233.46,1341
1789643040,233.46,233.64,233.43,233.57,1200
1789643100,233.57,233.72,233.54,233.72,1828
1789643160,233.72,233.91,233.72,233.86,1512
1789643220,233.86,233.97,233.79,233.94,1542
1789643280,233.94,234.12,233.91,234.05,1157
1789643340,234.05,234.17,233.97,234.08,246
1789643400,234.08,234.25,234.02,234.18,1617
1789643460,234.18,234.20,233.94,234.03,84
1789643520,234.03,234.07,233.99,234.01,491
1789643580,234.01,234.09,233.97,234.03,2475
1789643640,234.03,234.07,233.92,233.97,2230
1789643700,233.97,234.06,233.90,233.99,1071
1789643760,233.99,234.20,233.90,234.12,115
1789643820,234.12,234.13,234.04,234.12,2472
1789643880,234.12,234.32,234.06,234.29,348
1789643940,234.29,234.36,234.20,234.25,2145
1789644000,234.25,234.30,234.24,234.30,791
1789644060,234.30,234.36,234.06,234.15,515
1789644120,234.15,234.20,234.05,234.06,580
1789644180,234.06,234.07,233.98,234.03,62
1789644240,234.03,234.06,233.81,233.88,649
1789644300,233.88,233.97,233.73,233.78,995
1789644360,233.78,233.86,233.76,233.82,758
1789644420,233.82,234.04,233.78,234.01,1654
1789644480,234.01,234.24,234.00,234.16,1511
1789644540,234.16,234.27,234.14,234.23,598
1789644600,234.23,234.47,234.16,234.40,2878
1789644660,234.40,234.46,234.20,234.24,2552
1789644720,234.24,234.41,234.24,234.35,265
1789644780,234.35,234.38,234.14,234.19,2026
1789644840,234.19,234.27,234.13,234.20,2030
1789644900,234.20,234.27,234.16,234.18,2636
1789644960,234.18,234.23,234.01,234.04,1766
1789645020,234.04,234.22,234.01,234.22,1886
1789645080,234.22,234.27,234.04,234.06,1346
1789645140,234.06,234.11,233.90,233.93,2743
1789645200,233.93,233.96,233.71,233.75,1067
1789645260,233.75,233.78,233.65,233.69,1805
1789645320,233.69,233.73,233.55,233.64,2818
1789645380,233.64,233.82,233.57,233.76,694
1789645440,233.76,233.88,233.68,233.80,1634
1789645500,233.80,233.88,233.69,233.77,2192
1789645560,233.77,233.81,233.71,233.71,1655
1789645620,233.71,233.71,233.49,233.54,2874
1789645680,233.54,233.61,233.48,233.54,311
1789645740,233.54,233.62,233.40,233.45,2234
1789645800,233.45,233.51,233.26,233.28,1554
1789645860,233.28,233.32,233.04,233.12,1412
1789645920,233.12,233.23,233.04,233.23,770
1789645980,233.23,233.38,233.18,233.31,576
1789646040,233.31,233.38,233.30,233.30,2824
1789646100,233.30,233.39,233.20,233.25,917
1789646160,233.25,233.42,233.21,233.42,193
1789646220,233.42,233.64,233.33,233.58,2339
1789646280,233.58,233.59,233.49,233.54,2132
1789646340,233.54,233.61,233.48,233.58,2792
1789646400,233.58,233.66,233.51,233.61,2963
1789646460,233.61,233.64,233.49,233.51,2244
1789646520,233.51,233.56,233.35,233.41,1531
1789646580,233.41,233.59,233.37,233.53,349
1789646640,233.53,233.62,233.35,233.40,170
1789646700,233.40,233.63,233.35,233.56,392
1789646760,233.56,233.57,233.33,233.41,1772
1789646820,233.41,233.49,233.25,233.31,362
1789646880,233.31,233.32,233.13,233.16,2356
1789646940,233.16,233.21,233.03,233.04,2029
1789647000,233.04,233.21,232.96,233.14,1334
1789647060,233.14,233.18,232.88,232.97,2333
1789647120,232.97,233.10,232.92,233.06,1946
1789647180,233.06,233.24,233.06,233.18,2395
1789647240,233.18,233.24,232.92,233.01,521
1789647300,233.01,233.07,232.93,232.98,1277
1789647360,232.98,233.18,232.94,233.13,2110
1789647420,233.13,233.19,232.94,233.03,1690
1789647480,233.03,233.25,233.00,233.17,645
1789647540,233.17,233.36,233.16,233.35,1839
1789647600,233.35,233.36,233.12,233.20,2503
1789647660,233.20,233.29,233.08,233.11,1406
1789647720,233.11,233.16,232.89,232.96,1557
1789647780,232.96,233.11,232.93,233.02,323
1789647840,233.02,233.06,232.86,232.91,1622
1789647900,232.91,232.94,232.70,232.75,341
1789647960,232.75,232.75,232.67,232.74,2723
1789648020,232.74,232.82,232.61,232.69,2759
1789648080,232.69,232.75,232.68,232.72,934
1789648140,232.72,232.90,232.70,232.84,2850
1789648200,232.84,232.93,232.67,232.73,1986
1789648260,232.73,232.91,232.65,232.87,2848
1789648320,232.87,232.94,232.78,232.92,1685
1789648380,232.92,233.00,232.87,232.95,2415
1789648440,232.95,233.05,232.92,232.98,682
1789648500,232.98,233.02,232.85,232.86,894
1789648560,232.86,233.03,232.77,232.95,1100
1789648620,232.95,233.17,232.92,233.08,1595
1789648680,233.08,233.13,232.95,232.98,312
1789648740,232.98,233.13,232.96,233.05,157
1789648800,233.05,233.13,232.89,232.92,531
1789648860,232.92,233.07,232.89,233.04,167
1789648920,233.04,233.17,232.97,233.14,159
1789648980,233.14,233.23,233.00,233.07,2429
1789649040,233.07,233.23,232.98,233.20,93
1789649100,233.20,233.25,233.19,233.20,1971
1789649160,233.20,233.39,233.17,233.35,2928
1789649220,233.35,233.39,233.24,233.25,2015
1789649280,233.25,233.29,233.24,233.26,1067
1789649340,233.26,233.35,233.08,233.12,1385
1789649400,233.12,233.20,233.06,233.12,1702
1789649460,233.12,233.14,233.00,233.02,808
1789649520,233.02,233.19,233.00,233.14,1091
1789649580,233.14,233.34,233.09,233.32,1781
1789649640,233.32,233.47,233.30,233.41,1049
1789649700,233.41,233.62,233.33,233.58,874
1789649760,233.58,233.59,233.40,233.45,2939
1789649820,233.45,233.64,233.39,233.60,2695
1789649880,233.60,233.77,233.55,233.73,1832
1789649940,233.73,233.95,233.69,233.90,1955
1789650000,233.90,233.91,233.80,233.82,2087
1789650060,233.82,233.89,233.65,233.72,935
1789650120,233.72,233.88,233.66,233.83,1475
1789650180,233.83,233.91,233.78,233.90,375
1789650240,233.90,233.93,233.70,233.74,484
1789650300,233.74,233.85,233.70,233.83,1169
1789650360,233.83,233.99,233.78,233.96,1521
1789650420,233.96,234.13,233.90,234.04,540
1789650480,234.04,234.10,233.92,233.93,2636
1789650540,233.93,233.94,233.82,233.83,1147
1789650600,233.83,233.85,233.77,233.79,1158
1789650660,233.79,233.93,233.77,233.91,2136
1789650720,233.91,234.13,233.86,234.09,1822
1789650780,234.09,234.12,233.88,233.96,134
1789650840,233.96,234.11,233.88,234.04,2646
1789650900,234.04,234.06,233.90,233.96,2571
1789650960,233.96,234.13,233.93,234.09,230
1789651020,234.09,234.15,233.85,233.93,2782
1789651080,233.93,233.93,233.78,233.85,1614
1789651140,233.85,233.85,233.63,233.68,1883
1789651200,233.68,233.75,233.50,233.55,889
1789651260,233.55,233.56,233.52,233.52,2791
1789651320,233.52,233.61,233.50,233.61,1317
1789651380,233.61,233.63,233.52,233.53,582
1789651440,233.53,233.61,233.48,233.58,1059
1789651500,233.58,233.76,233.52,233.75,1060
1789651560,233.75,233.82,233.72,233.76,342
1789651620,233.76,233.81,233.67,233.77,2087
1789651680,233.77,233.79,233.60,233.67,1424
1789651740,233.67,233.77,233.63,233.74,2376
1789651800,233.74,233.77,233.69,233.72,78
1789651860,233.72,233.76,233.64,233.70,351
1789651920,233.70,233.92,233.61,233.87,2149
1789651980,233.87,233.89,233.80,233.86,2937
1789652040,233.86,233.88,233.66,233.73,2352
1789652100,233.73,233.91,233.69,233.82,1052
1789652160,233.82,233.87,233.64,233.66,160
1789652220,233.66,233.72,233.59,233.64,921
1789652280,233.64,233.85,233.56,233.78,1778
1789652340,233.78,233.96,233.70,233.90,208
1789652400,233.90,234.10,233.88,234.08,2776
1789652460,234.08,234.11,234.05,234.07,2929
1789652520,234.07,234.16,234.04,234.09,1463
1789652580,234.09,234.17,234.08,234.11,1542
1789652640,234.11,234.27,234.02,234.27,2854
1789652700,234.27,234.33,234.12,234.18,922
1789652760,234.18,234.24,233.95,234.03,2204
1789652820,234.03,234.04,233.95,233.97,1566
1789652880,233.97,234.04,233.82,233.90,1547
1789652940,233.90,234.05,233.82,234.00,2387
1789653000,234.00,234.02,233.87,233.92,1983
1789653060,233.92,233.92,233.79,233.86,626
1789653120,233.86,233.97,233.80,233.93,2415
1789653180,233.93,234.10,233.85,234.01,1090
1789653240,234.01,234.11,233.93,234.03,2503
1789653300,234.03,234.08,233.95,234.01,1367
1789653360,234.01,234.12,233.99,234.05,2525
1789653420,234.05,234.24,233.98,234.19,1328
1789653480,234.19,234.20,233.99,234.05,56
1789653540,234.05,234.05,233.82,233.91,172
1789653600,233.91,234.12,233.91,234.06,2774
1789653660,234.06,234.09,233.96,234.04,1050
1789653720,234.04,234.24,233.95,234.20,2691
1789653780,234.20,234.26,234.17,234.26,2369
1789653840,234.26,234.30,234.25,234.30,1606
1789653900,234.30,234.51,234.27,234.43,444
1789653960,234.43,234.51,234.37,234.49,1650
1789654020,234.49,234.57,234.39,234.41,1596
1789654080,234.41,234.64,234.32,234.56,2386
1789654140,234.56,234.63,234.54,234.54,724
1789654200,234.54,234.80,234.45,234.72,1230
1789654260,234.72,234.84,234.65,234.76,253
1789654320,234.76,234.96,234.72,234.88,298
1789654380,234.88,235.10,234.86,235.06,2918
1789654440,235.06,235.15,234.97,234.99,699
1789654500,234.99,235.10,234.98,235.07,340
1789654560,235.07,235.11,234.88,234.97,2517
1789654620,234.97,235.02,234.79,234.82,2605
1789654680,234.82,234.90,234.60,234.65,2976
1789654740,234.65,234.92,234.60,234.83,2450
1789654800,234.83,234.89,234.74,234.81,1177
1789654860,234.81,234.82,234.73,234.78,1396
1789654920,234.78,234.92,234.73,234.83,1611
1789654980,234.83,234.90,234.77,234.82,2120
1789655040,234.82,235.01,234.80,234.93,497
1789655100,234.93,235.16,234.84,235.07,722
1789655160,235.07,235.14,235.07,235.09,452
1789655220,235.09,235.26,235.09,235.24,1165
1789655280,235.24,235.28,235.12,235.19,281
1789655340,235.19,235.27,235.12,235.21,319
1789655400,235.21,235.41,235.19,235.36,403
1789655460,235.36,235.44,235.17,235.21,810
1789655520,235.21,235.29,235.12,235.14,445
1789655580,235.14,235.29,235.05,235.25,1477
1789655640,235.25,235.36,235.17,235.31,2567
1789655700,235.31,235.35,235.11,235.16,1239
1789655760,235.16,235.35,235.14,235.34,92
1789655820,235.34,235.57,235.32,235.53,345
1789655880,235.53,235.54,235.37,235.40,963
1789655940,235.40,235.57,235.39,235.49,2206
1789656000,235.49,235.56,235.28,235.36,187
1789656060,235.36,235.63,235.30,235.55,2925
1789656120,235.55,235.58,235.51,235.55,73
1789656180,235.55,235.77,235.46,235.69,1391
1789656240,235.69,235.95,235.68,235.87,2943
1789656300,235.87,235.97,235.85,235.93,2494
1789656360,235.93,236.01,235.84,236.00,2093
1789656420,236.00,236.06,235.79,235.86,2386
1789656480,235.86,235.87,235.75,235.82,969
1789656540,235.82,235.90,235.78,235.85,377
1789656600,235.85,235.87,235.80,235.85,2105
1789656660,235.85,235.87,235.66,235.68,891
1789656720,235.68,235.76,235.50,235.53,2712
1789656780,235.53,235.63,235.52,235.61,2270
1789656840,235.61,235.62,235.57,235.62,2680
1789656900,235.62,235.85,235.54,235.76,2503
1789656960,235.76,235.84,235.70,235.78,2242
1789657020,235.78,235.84,235.57,235.65,1408
1789657080,235.65,235.65,235.57,235.62,1426
1789657140,235.62,235.81,235.54,235.76,1550
1789657200,235.76,235.97,235.70,235.90,936
1789657260,235.90,235.98,235.83,235.84,681
1789657320,235.84,235.93,235.60,235.67,1694
1789657380,235.67,235.72,235.52,235.54,1740
1789657440,235.54,235.61,235.47,235.48,1168
1789657500,235.48,235.55,235.47,235.50,1233
1789657560,235.50,235.75,235.45,235.67,2051
1789657620,235.67,235.80,235.59,235.74,2887
1789657680,235.74,235.82,235.64,235.64,500
1789657740,235.64,235.69,235.52,235.57,2077
1789657800,235.57,235.64,235.50,235.60,570
1789657860,235.60,235.78,235.57,235.75,2724
1789657920,235.75,235.95,235.74,235.86,527
1789657980,235.86,235.90,235.74,235.83,1075
1789658040,235.83,235.88,235.80,235.86,1375
1789658100,235.86,235.90,235.77,235.82,1279
1789658160,235.82,235.90,235.63,235.66,874
1789658220,235.66,235.67,235.64,235.66,2340
1789658280,235.66,235.70,235.47,235.55,395
1789658340,235.55,235.75,235.50,235.66,1875
1789658400,235.66,235.74,235.58,235.69,2285
1789658460,235.69,235.76,235.64,235.69,2375
1789658520,235.69,235.90,235.63,235.84,339
1789658580,235.84,235.85,235.70,235.73,508
1789658640,235.73,235.91,235.72,235.88,260
1789658700,235.88,236.06,235.84,236.06,2101
1789658760,236.06,236.15,235.97,236.12,2833
1789658820,236.12,236.25,236.07,236.17,1801
1789658880,236.17,236.32,236.09,236.25,2395
1789658940,236.25,236.33,236.16,236.26,1035
1789659000,236.26,236.31,236.14,236.18,2376
1789659060,236.18,236.21,236.13,236.19,421
1789659120,236.19,236.25,236.04,236.06,1505
1789659180,236.06,236.24,236.00,236.20,1577
1789659240,236.20,236.22,236.06,236.07,393
1789659300,236.07,236.23,236.05,236.17,144
1789659360,236.17,236.26,236.00,236.04,1385
1789659420,236.04,236.09,235.86,235.92,328
1789659480,235.92,235.99,235.79,235.87,1295
1789659540,235.87,235.99,235.85,235.93,1478
1789659600,235.93,236.12,235.86,236.04,2834
1789659660,236.04,236.10,235.97,236.09,843
1789659720,236.09,236.13,235.88,235.94,984
1789659780,235.94,236.09,235.89,236.01,2007
1789659840,236.01,236.04,235.91,235.97,1558
1789659900,235.97,236.09,235.88,236.08,1910
1789659960,236.08,236.09,235.89,235.90,301
1789660020,235.90,235.98,235.82,235.96,1542
1789660080,235.96,236.02,235.75,235.78,2727
1789660140,235.78,235.92,235.74,235.90,260
1789660200,235.90,235.91,235.78,235.81,2381
1789660260,235.81,235.99,235.77,235.96,1621
1789660320,235.96,235.97,235.85,235.85,904
1789660380,235.85,236.10,235.78,236.04,1960
1789660440,236.04,236.21,235.95,236.19,1440
1789660500,236.19,236.42,236.13,236.36,2651
1789660560,236.36,236.38,236.33,236.37,204
1789660620,236.37,236.43,236.29,236.37,450
1789660680,236.37,236.60,236.35,236.54,1956
1789660740,236.54,236.67,236.47,236.65,2103
1789660800,236.65,236.80,236.57,236.74,1524
1789660860,236.74,236.79,236.57,236.62,1008
1789660920,236.62,236.85,236.62,236.78,1979
1789660980,236.78,236.87,236.70,236.71,1859
1789661040,236.71,236.75,236.68,236.71,2203
1789661100,236.71,236.74,236.53,236.53,1610
1789661160,236.53,236.62,236.42,236.45,1234
1789661220,236.45,236.46,236.35,236.43,2177
1789661280,236.43,236.45,236.33,236.40,1004
1789661340,236.40,236.51,236.33,236.50,2780
1789661400,236.50,236.64,236.49,236.55,2392
1789661460,236.55,236.63,236.47,236.61,2999
1789661520,236.61,236.67,236.58,236.59,955
1789661580,236.59,236.74,236.53,236.74,1111
1789661640,236.74,236.80,236.72,236.77,809
1789661700,236.77,236.78,236.59,236.67,2543
1789661760,236.67,236.83,236.65,236.80,312
1789661820,236.80,236.88,236.61,236.69,1107
1789661880,236.69,236.82,236.68,236.79,128
1789661940,236.79,236.81,236.61,236.69,327
1789662000,236.69,236.72,236.45,236.54,2387
1789662060,236.54,236.75,236.46,236.70,1155
1789662120,236.70,236.76,236.63,236.72,1239
1789662180,236.72,236.92,236.65,236.88,1534
1789662240,236.88,236.91,236.64,236.73,1100
1789662300,236.73,236.97,236.65,236.90,1870
1789662360,236.90,237.09,236.85,237.01,1601
1789662420,237.01,237.23,237.00,237.17,941
1789662480,237.17,237.18,237.15,237.17,2666
1789662540,237.17,237.18,236.95,237.04,808
1789662600,237.04,237.12,236.98,237.03,2448
1789662660,237.03,237.07,236.83,236.87,948
1789662720,236.87,237.00,236.78,236.94,2789
1789662780,236.94,236.99,236.85,236.86,1113
1789662840,236.86,236.91,236.86,236.88,391
1789662900,236.88,236.91,236.66,236.70,2667
1789662960,236.70,236.74,236.52,236.61,2420
1789663020,236.61,236.69,236.50,236.53,2964
1789663080,236.53,236.60,236.40,236.48,246
1789663140,236.48,236.57,236.32,236.37,1038
1789663200,236.37,236.39,236.24,236.32,980
1789663260,236.32,236.43,236.32,236.41,2884
1789663320,236.41,236.67,236.38,236.59,2439
1789663380,236.59,236.67,236.42,236.44,490
1789663440,236.44,236.50,236.37,236.42,1782
1789663500,236.42,236.50,236.42,236.44,2593
1789663560,236.44,236.53,236.30,236.35,1713
1789663620,236.35,236.41,236.33,236.40,1693
1789663680,236.40,236.57,236.33,236.51,2327
1789663740,236.51,236.52,236.48,236.50,182
1789663800,236.50,236.59,236.40,236.48,1479
1789663860,236.48,236.53,236.39,236.47,1658
1789663920,236.47,236.54,236.41,236.47,1608
1789663980,236.47,236.56,236.37,236.45,2189
1789664040,236.45,236.54,236.34,236.35,2330
1789664100,236.35,236.45,236.32,236.41,2649
1789664160,236.41,236.53,236.41,236.46,1297
1789664220,236.46,236.50,236.23,236.30,882
1789664280,236.30,236.35,236.29,236.30,1718
1789664340,236.30,236.47,236.26,236.42,2174
1789664400,236.42,236.42,236.25,236.26,2636
1789664460,236.26,236.32,236.23,236.24,2426
1789664520,236.24,236.38,236.19,236.38,1390
1789664580,236.38,236.42,236.19,236.23,2955
1789664640,236.23,236.37,236.15,236.28,2053
1789664700,236.28,236.33,236.23,236.29,65
1789664760,236.29,236.32,236.12,236.12,2730
1789664820,236.12,236.27,236.03,236.25,2105
1789664880,236.25,236.32,236.18,236.29,1878
1789664940,236.29,236.33,236.21,236.25,2952
1789665000,236.25,236.33,236.20,236.31,134
1789665060,236.31,236.50,236.29,236.48,338
1789665120,236.48,236.50,236.25,236.34,2527
1789665180,236.34,236.48,236.32,236.41,1777
1789665240,236.41,236.44,236.33,236.43,278
1789665300,236.43,236.50,236.34,236.48,1885
1789665360,236.48,236.56,236.25,236.33,2242
1789665420,236.33,236.47,236.27,236.40,535
1789665480,236.40,236.49,236.40,236.41,894
1789665540,236.41,236.61,236.40,236.57,2427
1789665600,236.57,236.66,236.37,236.45,2037
1789665660,236.45,236.46,236.38,236.38,2638
1789665720,236.38,236.39,236.23,236.24,892
1789665780,236.24,236.32,236.20,236.29,1319
1789665840,236.29,236.38,236.11,236.20,278
1789665900,236.20,236.24,236.12,236.16,1017
1789665960,236.16,236.25,236.13,236.18,2429
1789666020,236.18,236.35,236.12,236.26,286
1789666080,236.26,236.26,235.99,236.08,2026
1789666140,236.08,236.11,236.03,236.06,88
1789666200,236.06,236.28,236.00,236.19,1652
1789666260,236.19,236.30,236.14,236.27,495
1789666320,236.27,236.33,236.27,236.27,2926
1789666380,236.27,236.29,236.23,236.29,2125
1789666440,236.29,236.34,236.28,236.30,1598
1789666500,236.30,236.42,236.28,236.40,645
1789666560,236.40,236.40,236.36,236.39,1852
1789666620,236.39,236.46,236.37,236.37,2852
1789666680,236.37,236.51,236.35,236.42,1252
1789666740,236.42,236.63,236.36,236.55,680
1789666800,236.55,236.57,236.43,236.46,339
1789666860,236.46,236.68,236.41,236.61,52
1789666920,236.61,236.67,236.60,236.65,2881
1789666980,236.65,236.73,236.51,236.53,1864
1789667040,236.53,236.69,236.52,236.65,2108
1789667100,236.65,236.74,236.41,236.48,2382
1789667160,236.48,236.53,236.45,236.52,1867
1789667220,236.52,236.62,236.44,236.62,1933
1789667280,236.62,236.84,236.59,236.75,1791
1789667340,236.75,236.92,236.72,236.91,2287
1789667400,236.91,236.94,236.90,236.90,743
1789667460,236.90,236.92,236.83,236.92,2466
1789667520,236.92,237.05,236.86,236.99,1308
1789667580,236.99,237.20,236.97,237.11,1006
1789667640,237.11,237.16,237.05,237.10,2413
1789667700,237.10,237.19,237.02,237.04,1793
1789667760,237.04,237.09,236.98,236.99,796
1789667820,236.99,237.06,236.92,237.00,2145
1789667880,237.00,237.03,236.83,236.85,2311
1789667940,236.85,237.05,236.83,237.01,1671
1789703100,237.01,237.06,236.85,236.94,400
1789703160,236.94,236.98,236.83,236.91,2738
1789703220,236.91,237.10,236.90,237.01,1174
1789703280,237.01,237.09,236.97,237.04,1578
1789703340,237.04,237.08,236.79,236.87,162
1789703400,236.87,237.09,236.84,237.04,71
1789703460,237.04,237.29,237.01,237.20,1424
1789703520,237.20,237.31,237.16,237.27,57
1789703580,237.27,237.36,237.14,237.19,2403
1789703640,237.19,237.39,237.17,237.38,2748
1789703700,237.38,237.47,237.33,237.45,1702
1789703760,237.45,237.50,237.44,237.47,1782
1789703820,237.47,237.70,237.40,237.63,1507
1789703880,237.63,237.69,237.57,237.67,2346
1789703940,237.67,237.76,237.56,237.58,1520
1789704000,237.58,237.62,237.42,237.44,1085
1789704060,237.44,237.47,237.43,237.46,1890
1789704120,237.46,237.52,237.23,237.28,2720
1789704180,237.28,237.37,237.14,237.18,2161
1789704240,237.18,237.25,236.96,237.00,1788
1789704300,237.00,237.18,236.95,237.11,2874
1789704360,237.11,237.27,237.07,237.18,292
1789704420,237.18,237.25,237.07,237.12,167
1789704480,237.12,237.36,237.04,237.29,902
1789704540,237.29,237.49,237.29,237.48,1290
1789704600,237.48,237.53,237.33,237.38,893
1789704660,237.38,237.46,237.24,237.27,1858
1789704720,237.27,237.49,237.20,237.40,1511
1789704780,237.40,237.46,237.33,237.40,1143
1789704840,237.40,237.56,237.33,237.53,1893
1789704900,237.53,237.61,237.50,237.61,939
1789704960,237.61,237.66,237.36,237.45,1625
1789705020,237.45,237.46,237.26,237.33,2626
1789705080,237.33,237.42,237.30,237.42,828
1789705140,237.42,237.45,237.23,237.30,2525
1789705200,237.30,237.44,237.28,237.36,1289
1789705260,237.36,237.55,237.31,237.54,1001
1789705320,237.54,237.76,237.50,237.72,2149
1789705380,237.72,237.76,237.64,237.71,688
1789705440,237.71,237.74,237.59,237.61,2110
1789705500,237.61,237.82,237.57,237.75,2261
1789705560,237.75,237.83,237.56,237.63,1307
1789705620,237.63,237.67,237.52,237.54,1668
1789705680,237.54,237.63,237.45,237.55,2681
1789705740,237.55,237.74,237.52,237.66,2993
1789705800,237.66,237.89,237.61,237.83,2204
1789705860,237.83,237.88,237.79,237.88,1034
1789705920,237.88,237.89,237.82,237.82,2711
1789705980,237.82,237.83,237.56,237.65,2755
1789706040,237.65,237.70,237.58,237.60,293
1789706100,237.60,237.61,237.52,237.53,1526
1789706160,237.53,237.62,237.41,237.43,1883
1789706220,237.43,237.51,237.36,237.40,1051
1789706280,237.40,237.59,237.33,237.57,643
1789706340,237.57,237.64,237.44,237.45,501
1789706400,237.45,237.49,237.43,237.44,383
1789706460,237.44,237.47,237.36,237.41,1343
1789706520,237.41,237.56,237.36,237.55,824
1789706580,237.55,237.62,237.48,237.60,2380
1789706640,237.60,237.65,237.55,237.64,2094
1789706700,237.64,237.83,237.55,237.76,1513
1789706760,237.76,237.91,237.67,237.84,2474
1789706820,237.84,237.91,237.70,237.77,1940
1789706880,237.77,237.78,237.66,237.72,2585
1789706940,237.72,237.81,237.54,237.55,2808
1789707000,237.55,237.62,237.45,237.52,1114
1789707060,237.52,237.54,237.38,237.45,2034
1789707120,237.45,237.55,237.39,237.46,331
1789707180,237.46,237.50,237.33,237.36,2082
1789707240,237.36,237.43,237.32,237.37,2119
1789707300,237.37,237.43,237.30,237.31,270
1789707360,237.31,237.39,237.15,237.24,1634
1789707420,237.24,237.38,237.17,237.30,1892
1789707480,237.30,237.54,237.27,237.49,187
1789707540,237.49,237.54,237.29,237.31,1519
1789707600,237.31,237.34,237.10,237.13,986
1789707660,237.13,237.19,236.97,237.01,2765
1789707720,237.01,237.20,236.98,237.11,1334
1789707780,237.11,237.17,237.05,237.13,2234
1789707840,237.13,237.25,237.12,237.18,1239
1789707900,237.18,237.20,237.11,237.11,2057
1789707960,237.11,237.20,237.00,237.01,1994
1789708020,237.01,237.04,236.83,236.89,2894
1789708080,236.89,236.98,236.79,236.86,123
1789708140,236.86,236.94,236.73,236.82,1956
1789708200,236.82,236.91,236.74,236.81,2195
1789708260,236.81,236.85,236.80,236.82,1806
1789708320,236.82,237.05,236.78,237.00,1041
1789708380,237.00,237.08,236.98,237.00,2492
1789708440,237.00,237.06,236.91,236.92,552
1789708500,236.92,237.01,236.85,236.94,1416
1789708560,236.94,236.98,236.85,236.85,1833
1789708620,236.85,236.98,236.82,236.92,2420
1789708680,236.92,237.07,236.83,237.03,978
1789708740,237.03,237.06,236.97,236.99,2744
1789708800,236.99,237.20,236.92,237.15,1929
1789708860,237.15,237.33,237.11,237.30,1841
1789708920,237.30,237.47,237.23,237.39,2300
1789708980,237.39,237.55,237.38,237.48,2149
1789709040,237.48,237.51,237.34,237.38,427
1789709100,237.38,237.43,237.21,237.30,1131
1789709160,237.30,237.36,237.13,237.18,307
1789709220,237.18,237.40,237.14,237.32,2931
1789709280,237.32,237.34,237.27,237.30,123
1789709340,237.30,237.31,237.08,237.14,2776
1789709400,237.14,237.34,237.06,237.30,2447
1789709460,237.30,237.49,237.29,237.43,162
1789709520,237.43,237.45,237.35,237.36,257
1789709580,237.36,237.49,237.30,237.49,1271
1789709640,237.49,237.57,237.45,237.54,806
1789709700,237.54,237.69,237.47,237.65,2495
1789709760,237.65,237.72,237.60,237.63,1701
1789709820,237.63,237.64,237.56,237.62,385
1789709880,237.62,237.76,237.60,237.71,2586
1789709940,237.71,237.76,237.66,237.75,1750
1789710000,237.75,237.82,237.68,237.77,1959
1789710060,237.77,237.92,237.76,237.89,1205
1789710120,237.89,237.99,237.85,237.91,2153
1789710180,237.91,238.00,237.90,237.97,1613
1789710240,237.97,238.05,237.93,238.04,232
1789710300,238.04,238.09,237.91,237.96,728
1789710360,237.96,238.08,237.93,237.99,862
1789710420,237.99,238.19,237.91,238.12,1557
1789710480,238.12,238.32,238.05,238.24,789
1789710540,238.24,238.29,238.24,238.28,248
1789710600,238.28,238.42,238.28,238.33,1870
1789710660,238.33,238.49,238.29,238.40,1212
1789710720,238.40,238.47,238.35,238.37,1672
1789710780,238.37,238.50,238.34,238.46,164
1789710840,238.46,238.69,238.45,238.64,2499
1789710900,238.64,238.72,238.41,238.46,2341
1789710960,238.46,238.55,238.20,238.29,2299
1789711020,238.29,238.43,238.20,238.34,1788
1789711080,238.34,238.37,238.13,238.17,1066
1789711140,238.17,238.26,238.12,238.17,1866
1789711200,238.17,238.27,238.09,238.18,467
1789711260,238.18,238.24,238.10,238.22,1051
1789711320,238.22,238.32,238.19,238.26,200
1789711380,238.26,238.28,238.08,238.08,2246
1789711440,238.08,238.10,237.98,238.03,2281
1789711500,238.03,238.10,237.79,237.86,1506
1789711560,237.86,238.02,237.81,237.96,1256
1789711620,237.96,238.05,237.74,237.79,60
1789711680,237.79,238.02,237.76,237.98,281
1789711740,237.98,238.21,237.96,238.17,2367
1789711800,238.17,238.22,238.01,238.03,2866
1789711860,238.03,238.15,237.97,238.07,2514
1789711920,238.07,238.14,237.90,237.99,810
1789711980,237.99,238.07,237.90,237.95,2432
1789712040,237.95,237.99,237.79,237.83,64
1789712100,237.83,237.97,237.80,237.93,1904
1789712160,237.93,237.96,237.78,237.79,1630
1789712220,237.79,238.03,237.72,237.94,2850
1789712280,237.94,238.01,237.71,237.77,1455
1789712340,237.77,237.86,237.69,237.78,2647
1789712400,237.78,237.85,237.59,237.60,1030
1789712460,237.60,237.82,237.54,237.79,547
1789712520,237.79,238.00,237.70,237.95,1855
1789712580,237.95,237.97,237.78,237.78,2209
1789712640,237.78,237.83,237.61,237.69,970
1789712700,237.69,237.81,237.60,237.81,955
1789712760,237.81,237.99,237.79,237.99,1793
1789712820,237.99,238.00,237.84,237.87,1124
1789712880,237.87,237.92,237.77,237.87,208
1789712940,237.87,237.96,237.72,237.78,2528
1789713000,237.78,237.94,237.72,237.85,1113
1789713060,237.85,237.86,237.60,237.69,2626
1789713120,237.69,237.88,237.67,237.79,2930
1789713180,237.79,238.03,237.78,237.98,2878
1789713240,237.98,238.15,237.94,238.07,2869
1789713300,238.07,238.07,237.82,237.92,2405
1789713360,237.92,237.97,237.81,237.82,1629
1789713420,237.82,237.91,237.65,237.70,861
1789713480,237.70,237.95,237.64,237.86,2724
1789713540,237.86,237.92,237.81,237.83,2452
1789713600,237.83,237.86,237.61,237.69,816
1789713660,237.69,237.87,237.65,237.84,2767
1789713720,237.84,237.84,237.79,237.82,1260
1789713780,237.82,237.93,237.75,237.86,1918
1789713840,237.86,238.10,237.85,238.02,1604
1789713900,238.02,238.06,237.77,237.84,2251
1789713960,237.84,237.93,237.80,237.81,2994
1789714020,237.81,238.00,237.76,237.98,410
1789714080,237.98,238.07,237.90,238.02,2262
1789714140,238.02,238.09,237.81,237.90,2774
1789714200,237.90,237.92,237.76,237.77,460
1789714260,237.77,237.85,237.71,237.84,668
1789714320,237.84,237.84,237.74,237.74,1718
1789714380,237.74,237.81,237.65,237.73,2225
1789714440,237.73,237.80,237.65,237.79,2785
1789714500,237.79,237.83,237.60,237.69,828
1789714560,237.69,237.71,237.61,237.69,128
1789714620,237.69,237.83,237.65,237.83,532
1789714680,237.83,238.01,237.79,237.99,2488
1789714740,237.99,238.04,237.90,237.91,1059
1789714800,237.91,237.99,237.76,237.83,2767
1789714860,237.83,237.92,237.65,237.71,2619
1789714920,237.71,237.83,237.70,237.82,278
1789714980,237.82,238.07,237.75,237.98,2343
1789715040,237.98,238.06,237.81,237.87,1391
1789715100,237.87,237.93,237.75,237.78,701
1789715160,237.78,237.89,237.72,237.81,829
1789715220,237.81,237.90,237.72,237.76,295
1789715280,237.76,237.81,237.52,237.58,1129
1789715340,237.58,237.64,237.57,237.63,1531
1789715400,237.63,237.75,237.61,237.66,2248
1789715460,237.66,237.86,237.63,237.82,2769
1789715520,237.82,237.89,237.76,237.83,1314
1789715580,237.83,238.05,237.82,237.99,1863
1789715640,237.99,238.05,237.96,238.00,997
1789715700,238.00,238.04,237.89,237.94,2429
1789715760,237.94,238.00,237.93,238.00,1240
1789715820,238.00,238.03,237.92,237.94,450
1789715880,237.94,238.05,237.85,238.04,951
1789715940,238.04,238.10,237.98,238.01,604
1789716000,238.01,238.11,237.94,238.04,2278
1789716060,238.04,238.04,237.97,237.99,1211
1789716120,237.99,237.99,237.88,237.96,237
1789716180,237.96,238.11,237.94,238.04,552
1789716240,238.04,238.08,238.01,238.02,2607
1789716300,238.02,238.10,237.90,237.96,604
1789716360,237.96,238.01,237.87,237.94,2280
1789716420,237.94,238.10,237.92,238.03,2677
1789716480,238.03,238.05,237.86,237.93,1857
1789716540,237.93,238.06,237.89,237.99,1818
1789716600,237.99,238.19,237.90,238.13,912
1789716660,238.13,238.14,238.08,238.12,2875
1789716720,238.12,238.38,238.04,238.31,2866
1789716780,238.31,238.36,238.23,238.32,2166
1789716840,238.32,238.37,238.16,238.19,2580
1789716900,238.19,238.23,238.08,238.14,1912
1789716960,238.14,238.36,238.06,238.27,1629
1789717020,238.27,238.32,238.05,238.10,1993
1789717080,238.10,238.34,238.10,238.29,1984
1789717140,238.29,238.46,238.22,238.43,1004
1789717200,238.43,238.50,238.20,238.27,60
1789717260,238.27,238.45,238.23,238.43,2306
1789717320,238.43,238.43,238.32,238.36,271
1789717380,238.36,238.42,238.32,238.34,1311
1789717440,238.34,238.56,238.30,238.53,1514
1789717500,238.53,238.62,238.35,238.44,1327
1789717560,238.44,238.46,238.24,238.33,2997
1789717620,238.33,238.35,238.23,238.31,2551
1789717680,238.31,238.44,238.23,238.44,1869
1789717740,238.44,238.56,238.37,238.50,1734
1789717800,238.50,238.55,238.48,238.54,81
1789717860,238.54,238.58,238.36,238.38,1171
1789717920,238.38,238.44,238.23,238.29,1544
1789717980,238.29,238.44,238.28,238.42,541
1789718040,238.42,238.57,238.34,238.54,2060
1789718100,238.54,238.58,238.43,238.46,306
1789718160,238.46,238.52,238.32,238.34,1328
1789718220,238.34,238.52,238.27,238.46,1049
1789718280,238.46,238.59,238.37,238.51,596
1789718340,238.51,238.67,238.48,238.58,2218
1789718400,238.58,238.84,238.51,238.78,2564
1789718460,238.78,238.84,238.78,238.81,1863
1789718520,238.81,239.04,238.73,238.98,970
1789718580,238.98,239.12,238.95,239.12,646
1789718640,239.12,239.23,239.04,239.22,1394
1789718700,239.22,239.30,239.07,239.12,1886
1789718760,239.12,239.27,239.04,239.24,2823
1789718820,239.24,239.32,239.12,239.17,2709
1789718880,239.17,239.37,239.10,239.36,2110
1789718940,239.36,239.47,239.31,239.42,2508
1789719000,239.42,239.53,239.37,239.47,562
1789719060,239.47,239.64,239.42,239.60,1767
1789719120,239.60,239.72,239.56,239.65,1563
1789719180,239.65,239.74,239.44,239.49,680
1789719240,239.49,239.50,239.31,239.31,754
1789719300,239.31,239.32,239.27,239.30,246
1789719360,239.30,239.39,239.13,239.16,2336
1789719420,239.16,239.22,239.06,239.11,880
1789719480,239.11,239.16,239.03,239.16,1830
1789719540,239.16,239.20,239.01,239.09,1076
1789719600,239.09,239.25,239.06,239.22,1843
1789719660,239.22,239.32,239.12,239.20,307
1789719720,239.20,239.27,239.13,239.23,1590
1789719780,239.23,239.26,239.17,239.21,1612
1789719840,239.21,239.25,239.15,239.15,2775
1789719900,239.15,239.22,239.00,239.02,124
1789719960,239.02,239.03,238.80,238.89,271
1789720020,238.89,238.98,238.63,238.72,1865
1789720080,238.72,238.79,238.62,238.66,561
1789720140,238.66,238.83,238.60,238.76,432
1789720200,238.76,238.78,238.58,238.60,2700
1789720260,238.60,238.76,238.52,238.76,1011
1789720320,238.76,238.85,238.73,238.82,2625
1789720380,238.82,238.90,238.75,238.77,392
1789720440,238.77,238.80,238.57,238.61,913
1789720500,238.61,238.68,238.46,238.46,1986
1789720560,238.46,238.49,238.44,238.48,2232
1789720620,238.48,238.65,238.41,238.63,1909
1789720680,238.63,238.84,238.55,238.75,2699
1789720740,238.75,238.79,238.74,238.76,372
1789720800,238.76,238.81,238.65,238.69,2201
1789720860,238.69,238.74,238.66,238.74,1392
1789720920,238.74,238.77,238.73,238.74,1346
1789720980,238.74,238.77,238.64,238.64,1016
1789721040,238.64,238.69,238.50,238.53,2509
1789721100,238.53,238.67,238.49,238.66,1352
1789721160,238.66,238.74,238.65,238.68,1322
1789721220,238.68,238.71,238.44,238.50,2296
1789721280,238.50,238.53,238.29,238.38,1607
1789721340,238.38,238.41,238.31,238.31,1544
1789721400,238.31,238.50,238.29,238.43,1787
1789721460,238.43,238.46,238.24,238.28,1439
1789721520,238.28,238.48,238.21,238.43,2844
1789721580,238.43,238.64,238.40,238.61,614
1789721640,238.61,238.71,238.45,238.47,2919
1789721700,238.47,238.73,238.43,238.65,549
1789721760,238.65,238.75,238.63,238.72,2642
1789721820,238.72,238.77,238.66,238.66,2679
1789721880,238.66,238.75,238.66,238.67,343
1789721940,238.67,238.89,238.64,238.81,612
1789722000,238.81,238.87,238.67,238.72,1545
1789722060,238.72,238.83,238.64,238.77,2678
1789722120,238.77,238.85,238.58,238.62,965
1789722180,238.62,238.63,238.43,238.48,2911
1789722240,238.48,238.49,238.32,238.41,2303
1789722300,238.41,238.46,238.25,238.26,1184
1789722360,238.26,238.34,238.22,238.26,429
1789722420,238.26,238.28,238.14,238.17,849
1789722480,238.17,238.23,238.10,238.23,1142
1789722540,238.23,238.32,238.10,238.15,86
1789722600,238.15,238.20,238.07,238.17,1638
1789722660,238.17,238.24,237.95,238.02,1421
1789722720,238.02,238.03,237.87,237.95,2301
1789722780,237.95,238.18,237.94,238.12,2207
1789722840,238.12,238.14,238.11,238.11,2435
1789722900,238.11,238.17,237.96,238.02,2747
1789722960,238.02,238.03,237.95,238.01,381
1789723020,238.01,238.03,237.89,237.95,1193
1789723080,237.95,238.06,237.93,237.97,2174
1789723140,237.97,238.12,237.94,238.06,2387
1789723200,238.06,238.15,237.81,237.89,638
1789723260,237.89,237.94,237.82,237.85,274
1789723320,237.85,238.10,237.76,238.01,439
1789723380,238.01,238.24,237.94,238.17,2641
1789723440,238.17,238.34,238.16,238.26,2913
1789723500,238.26,238.32,238.08,238.09,467
1789723560,238.09,238.13,238.03,238.05,190
1789723620,238.05,238.09,238.00,238.00,2632
1789723680,238.00,238.17,237.93,238.15,889
1789723740,238.15,238.32,238.10,238.28,2658
1789723800,238.28,238.46,238.26,238.40,1080
1789723860,238.40,238.45,238.27,238.31,2375
1789723920,238.31,238.34,238.08,238.17,2539
1789723980,238.17,238.21,238.10,238.18,1131
1789724040,238.18,238.37,238.10,238.31,2942
1789724100,238.31,238.34,238.19,238.26,1568
1789724160,238.26,238.45,238.24,238.45,2122
1789724220,238.45,238.68,238.45,238.63,946
1789724280,238.63,238.65,238.56,238.58,1450
1789724340,238.58,238.65,238.49,238.57,2506
1789724400,238.57,238.78,238.48,238.74,89
1789724460,238.74,238.76,238.68,238.71,1710
1789724520,238.71,238.75,238.67,238.71,520
1789724580,238.71,238.81,238.66,238.76,1605
1789724640,238.76,238.97,238.73,238.90,750
1789724700,238.90,238.97,238.75,238.83,1948
1789724760,238.83,238.90,238.71,238.76,998
1789724820,238.76,238.79,238.54,238.63,211
1789724880,238.63,238.84,238.63,238.75,2725
1789724940,238.75,238.82,238.69,238.70,2471
1789725000,238.70,238.84,238.68,238.77,1689
1789725060,238.77,238.85,238.53,238.60,2395
1789725120,238.60,238.72,238.54,238.66,2267
1789725180,238.66,238.72,238.58,238.63,524
1789725240,238.63,238.71,238.56,238.68,2171
1789725300,238.68,238.75,238.64,238.75,670
1789725360,238.75,238.79,238.72,238.75,1899
1789725420,238.75,238.82,238.73,238.76,504
1789725480,238.76,238.85,238.71,238.80,1813
1789725540,238.80,238.85,238.74,238.82,1310
1789725600,238.82,239.08,238.76,239.01,1550
1789725660,239.01,239.09,238.95,239.07,528
1789725720,239.07,239.16,239.02,239.05,296
1789725780,239.05,239.29,239.04,239.25,1901
1789725840,239.25,239.25,239.16,239.17,1921
1789725900,239.17,239.19,239.14,239.18,130
1789725960,239.18,239.22,239.15,239.17,2604
1789726020,239.17,239.26,238.95,239.01,1096
1789726080,239.01,239.11,238.94,239.08,2897
1789726140,239.08,239.17,238.99,239.04,1024
1789726200,239.04,239.16,239.02,239.14,1852
1789726260,239.14,239.15,239.07,239.08,602
1789726320,239.08,239.17,239.01,239.04,1595
1789726380,239.04,239.13,238.84,238.93,2779
1789726440,238.93,238.99,238.90,238.90,604
1789726500,238.90,239.16,238.89,239.09,1528
1789726560,239.09,239.18,238.97,239.01,2166
1789726620,239.01,239.10,238.99,239.08,1140
1789726680,239.08,239.15,238.99,239.07,1015
1789726740,239.07,239.29,239.00,239.22,1187
1789726800,239.22,239.31,239.10,239.15,418
1789726860,239.15,239.21,239.14,239.20,2079
1789726920,239.20,239.28,239.11,239.16,2221
1789726980,239.16,239.35,239.13,239.31,2930
1789727040,239.31,239.38,239.13,239.16,1261
1789727100,239.16,239.27,239.11,239.23,642
1789727160,239.23,239.40,239.22,239.31,1448
1789727220,239.31,239.37,239.16,239.16,2189
1789727280,239.16,239.40,239.08,239.34,95
1789727340,239.34,239.43,239.19,239.27,566
1789727400,239.27,239.45,239.24,239.38,2594
1789727460,239.38,239.49,239.33,239.44,296
1789727520,239.44,239.53,239.39,239.41,642
1789727580,239.41,239.44,239.28,239.35,2605
1789727640,239.35,239.38,239.30,239.34,2034
1789727700,239.34,239.40,239.10,239.16,2399
1789727760,239.16,239.34,239.09,239.26,687
1789727820,239.26,239.29,239.20,239.26,442
1789727880,239.26,239.40,239.20,239.38,2807
1789727940,239.38,239.44,239.18,239.23,558
1789728000,239.23,239.32,239.21,239.22,618
1789728060,239.22,239.30,239.13,239.17,2054
1789728120,239.17,239.34,239.12,239.34,133
1789728180,239.34,239.38,239.33,239.36,360
1789728240,239.36,239.41,239.22,239.23,2410
1789728300,239.23,239.35,239.17,239.32,281
1789728360,239.32,239.33,239.18,239.22,572
1789728420,239.22,239.36,239.15,239.28,2416
1789728480,239.28,239.39,239.26,239.36,181
1789728540,239.36,239.44,239.32,239.40,2759
1789728600,239.40,239.41,239.36,239.39,1444
1789728660,239.39,239.56,239.33,239.50,1815
1789728720,239.50,239.55,239.24,239.32,1672
1789728780,239.32,239.42,239.28,239.35,537
1789728840,239.35,239.45,239.22,239.31,815
1789728900,239.31,239.33,239.29,239.29,488
1789728960,239.29,239.36,239.17,239.20,848
1789729020,239.20,239.40,239.15,239.39,2234
1789729080,239.39,239.41,239.21,239.24,1910
1789729140,239.24,239.25,239.02,239.05,1774
1789729200,239.05,239.13,239.03,239.05,405
1789729260,239.05,239.26,239.03,239.24,2813
1789729320,239.24,239.38,239.18,239.37,1821
1789729380,239.37,239.39,239.30,239.35,767
1789729440,239.35,239.36,239.17,239.19,78
1789729500,239.19,239.22,239.07,239.13,2752
1789729560,239.13,239.14,238.91,238.95,1151
1789729620,238.95,239.03,238.90,238.92,842
1789729680,238.92,239.03,238.85,238.99,1955
1789729740,238.99,239.08,238.80,238.82,130
1789729800,238.82,238.87,238.78,238.83,2775
1789729860,238.83,238.92,238.78,238.81,2755
1789729920,238.81,238.90,238.76,238.89,2610
1789729980,238.89,239.08,238.86,239.05,533
1789730040,239.05,239.07,238.92,238.93,2807
1789730100,238.93,239.12,238.88,239.04,101
1789730160,239.04,239.24,238.95,239.20,221
1789730220,239.20,239.28,239.15,239.17,506
1789730280,239.17,239.38,239.12,239.36,2812
1789730340,239.36,239.58,239.32,239.51,381
1789730400,239.51,239.66,239.45,239.61,965
1789730460,239.61,239.64,239.48,239.52,1162
1789730520,239.52,239.58,239.34,239.38,2421
1789730580,239.38,239.52,239.36,239.50,1925
1789730640,239.50,239.69,239.50,239.65,229
1789730700,239.65,239.86,239.60,239.84,2651
1789730760,239.84,240.04,239.75,240.00,2105
1789730820,240.00,240.15,239.97,240.12,1491
1789730880,240.12,240.33,240.10,240.23,760
1789730940,240.23,240.25,240.05,240.12,1817
1789731000,240.12,240.17,239.85,239.94,2457
1789731060,239.94,239.98,239.86,239.89,2264
1789731120,239.89,240.14,239.88,240.06,1389
1789731180,240.06,240.17,240.05,240.13,1538
1789731240,240.13,240.21,239.92,239.96,2524
1789731300,239.96,240.02,239.88,239.93,2381
1789731360,239.93,240.02,239.87,239.87,2473
1789731420,239.87,239.87,239.66,239.70,1993
1789731480,239.70,239.81,239.70,239.77,1371
1789731540,239.77,239.84,239.65,239.70,1580
1789731600,239.70,239.71,239.47,239.54,2816
1789731660,239.54,239.62,239.37,239.45,1129
1789731720,239.45,239.67,239.43,239.60,1306
1789731780,239.60,239.81,239.58,239.72,1042
1789731840,239.72,239.91,239.67,239.90,1194
1789731900,239.90,239.95,239.78,239.85,2790
1789731960,239.85,239.89,239.75,239.83,741
1789732020,239.83,239.89,239.76,239.78,1082
1789732080,239.78,239.86,239.62,239.69,818
1789732140,239.69,239.92,239.64,239.86,1510
1789732200,239.86,239.92,239.64,239.73,1113
1789732260,239.73,239.85,239.65,239.85,2186
1789732320,239.85,239.92,239.70,239.75,498
1789732380,239.75,239.76,239.63,239.64,1649
1789732440,239.64,239.72,239.57,239.62,2548
1789732500,239.62,239.68,239.44,239.44,610
1789732560,239.44,239.52,239.42,239.44,2791
1789732620,239.44,239.53,239.27,239.31,1029
1789732680,239.31,239.46,239.29,239.36,2110
1789732740,239.36,239.42,239.35,239.39,1337
1789732800,239.39,239.43,239.39,239.42,1963
1789732860,239.42,239.42,239.29,239.31,441
1789732920,239.31,239.42,239.23,239.40,341
1789732980,239.40,239.47,239.23,239.27,1704
1789733040,239.27,239.41,239.19,239.34,2844
1789733100,239.34,239.56,239.29,239.47,925
1789733160,239.47,239.48,239.35,239.40,606
1789733220,239.40,239.60,239.31,239.56,290
1789733280,239.56,239.65,239.53,239.64,2872
1789733340,239.64,239.71,239.54,239.68,1319
1789733400,239.68,239.76,239.66,239.76,2777
1789733460,239.76,239.79,239.59,239.61,2797
1789733520,239.61,239.69,239.61,239.63,2410
1789733580,239.63,239.65,239.56,239.62,1940
1789733640,239.62,239.70,239.59,239.63,188
1789733700,239.63,239.73,239.61,239.64,834
1789733760,239.64,239.71,239.51,239.55,263
1789733820,239.55,239.60,239.43,239.52,938
1789733880,239.52,239.67,239.50,239.63,2437
1789733940,239.63,239.78,239.61,239.72,2950
1789734000,239.72,239.96,239.66,239.90,691
1789734060,239.90,239.92,239.81,239.87,1599
1789734120,239.87,239.93,239.82,239.86,2657
1789734180,239.86,239.95,239.59,239.68,2184
1789734240,239.68,239.89,239.62,239.80,1114
1789734300,239.80,239.97,239.75,239.96,125
1789734360,239.96,240.11,239.96,240.04,102
1789734420,240.04,240.29,239.95,240.21,2598
1789734480,240.21,240.26,240.20,240.22,2740
1789734540,240.22,240.22,240.08,240.16,287
1789734600,240.16,240.24,239.96,240.02,2279
1789734660,240.02,240.03,239.83,239.86,2479
1789734720,239.86,239.93,239.86,239.88,2334
1789734780,239.88,240.15,239.87,240.07,2490
1789734840,240.07,240.13,239.86,239.91,2052
1789734900,239.91,239.97,239.72,239.78,2052
1789734960,239.78,239.93,239.74,239.87,1934
1789735020,239.87,240.01,239.83,240.01,2318
1789735080,240.01,240.07,239.84,239.86,181
1789735140,239.86,239.94,239.77,239.87,1866
1789735200,239.87,239.89,239.80,239.85,1225
1789735260,239.85,239.97,239.76,239.96,2077
1789735320,239.96,239.99,239.81,239.89,2084
1789735380,239.89,239.92,239.80,239.90,1639
1789735440,239.90,239.99,239.82,239.82,1439
1789735500,239.82,239.97,239.73,239.91,1617
1789735560,239.91,239.93,239.70,239.77,1192
1789735620,239.77,239.81,239.74,239.81,927
1789735680,239.81,239.97,239.79,239.88,2826
1789735740,239.88,239.90,239.65,239.74,1719
1789735800,239.74,239.89,239.71,239.82,1774
1789735860,239.82,239.89,239.67,239.70,2772
1789735920,239.70,239.83,239.63,239.76,1794
1789735980,239.76,239.91,239.67,239.86,2375
1789736040,239.86,239.95,239.73,239.76,1582
1789736100,239.76,239.81,239.74,239.75,875
1789736160,239.75,239.98,239.75,239.93,1851
1789736220,239.93,240.20,239.89,240.10,261
1789736280,240.10,240.15,239.85,239.92,165
1789736340,239.92,239.96,239.82,239.86,1250
1789736400,239.86,240.12,239.79,240.05,2745
1789736460,240.05,240.12,239.91,239.96,536
1789736520,239.96,240.00,239.70,239.77,528
1789736580,239.77,239.98,239.76,239.94,625
1789736640,239.94,239.99,239.88,239.98,1884
1789736700,239.98,240.12,239.89,240.06,2000
1789736760,240.06,240.13,239.91,239.97,835
1789736820,239.97,240.14,239.92,240.06,2551
1789736880,240.06,240.18,240.01,240.10,2145
1789736940,240.10,240.23,240.10,240.21,762
1789737000,240.21,240.48,240.15,240.40,1489
1789737060,240.40,240.43,240.31,240.32,1899
1789737120,240.32,240.38,240.24,240.28,820
1789737180,240.28,240.46,240.21,240.39,1048
1789737240,240.39,240.51,240.33,240.50,1670
1789737300,240.50,240.53,240.33,240.37,479
1789737360,240.37,240.64,240.31,240.56,213
1789737420,240.56,240.74,240.52,240.70,1298
1789737480,240.70,240.74,240.46,240.52,2478
1789737540,240.52,240.57,240.31,240.35,2996
1789737600,240.35,240.47,240.26,240.38,476
1789737660,240.38,240.40,240.34,240.35,2522
1789737720,240.35,240.37,240.13,240.22,2103
1789737780,240.22,240.28,240.21,240.23,2083
1789737840,240.23,240.27,240.15,240.20,1308
1789737900,240.20,240.29,240.13,240.28,2968
1789737960,240.28,240.28,240.13,240.15,1159
1789738020,240.15,240.24,239.97,240.00,846
1789738080,240.00,240.14,239.90,240.08,627
1789738140,240.08,240.11,239.98,240.05,2315
1789738200,240.05,240.23,239.96,240.16,2016
1789738260,240.16,240.23,240.05,240.14,1661
1789738320,240.14,240.23,240.02,240.06,1756
1789738380,240.06,240.34,240.03,240.25,1414
1789738440,240.25,240.34,240.03,240.13,1204
1789738500,240.13,240.39,240.06,240.32,792
1789738560,240.32,240.54,240.22,240.48,2611
1789738620,240.48,240.57,240.45,240.48,415
1789738680,240.48,240.64,240.42,240.57,2835
1789738740,240.57,240.58,240.40,240.45,1294
1789738800,240.45,240.52,240.30,240.31,510
1789738860,240.31,240.38,240.28,240.31,2257
1789738920,240.31,240.36,240.25,240.25,1525
1789738980,240.25,240.28,240.10,240.18,227
1789739040,240.18,240.24,239.93,240.00,2342
1789739100,240.00,240.09,239.99,240.09,1182
1789739160,240.09,240.19,240.01,240.16,775
1789739220,240.16,240.20,240.06,240.09,281
1789739280,240.09,240.14,240.01,240.04,895
1789739340,240.04,240.15,239.97,240.09,572
1789739400,240.09,240.11,240.00,240.05,2858
1789739460,240.05,240.28,239.97,240.20,1192
1789739520,240.20,240.44,240.11,240.38,1611
1789739580,240.38,240.45,240.25,240.32,299
1789739640,240.32,240.44,240.27,240.37,692
1789739700,240.37,240.52,240.33,240.52,2906
1789739760,240.52,240.61,240.42,240.43,2215
1789739820,240.43,240.48,240.23,240.27,1326
1789739880,240.27,240.49,240.23,240.43,1465
1789739940,240.43,240.45,240.38,240.44,2633
1789740000,240.44,240.48,240.40,240.43,2110
1789740060,240.43,240.50,240.34,240.41,1801
1789740120,240.41,240.58,240.35,240.56,2750
1789740180,240.56,240.61,240.37,240.40,1095
1789740240,240.40,240.57,240.33,240.52,2846
1789740300,240.52,240.59,240.49,240.58,1359
1789740360,240.58,240.63,240.39,240.45,2220
1789740420,240.45,240.47,240.35,240.41,1579
1789740480,240.41,240.47,240.23,240.30,1253
1789740540,240.30,240.47,240.25,240.40,1543
1789740600,240.40,240.45,240.21,240.29,2650
1789740660,240.29,240.48,240.26,240.43,1114
1789740720,240.43,240.43,240.28,240.35,2831
1789740780,240.35,240.40,240.30,240.32,1153
1789740840,240.32,240.40,240.14,240.19,2798
1789740900,240.19,240.19,240.03,240.05,2023
1789740960,240.05,240.11,239.98,240.10,1420
1789741020,240.10,240.30,240.04,240.21,167
1789741080,240.21,240.23,239.96,240.03,343
1789741140,240.03,240.07,239.87,239.93,1916
1789741200,239.93,239.96,239.76,239.80,1064
1789741260,239.80,239.88,239.79,239.82,1990
1789741320,239.82,239.86,239.75,239.78,2666
1789741380,239.78,239.84,239.63,239.67,569
1789741440,239.67,239.69,239.58,239.61,2131
1789741500,239.61,239.82,239.55,239.74,1192
1789741560,239.74,239.80,239.62,239.71,702
1789741620,239.71,239.84,239.70,239.83,2136
1789741680,239.83,239.92,239.67,239.74,2555
1789741740,239.74,239.85,239.73,239.77,2913
1789741800,239.77,239.77,239.59,239.60,1211
1789741860,239.60,239.73,239.52,239.66,1304
1789741920,239.66,239.84,239.59,239.78,183
1789741980,239.78,239.87,239.58,239.66,837
1789742040,239.66,239.75,239.57,239.74,2656
1789742100,239.74,239.91,239.66,239.83,813
1789742160,239.83,239.88,239.68,239.74,946
1789742220,239.74,239.92,239.68,239.87,1400
1789742280,239.87,239.90,239.64,239.70,2308
1789742340,239.70,239.84,239.63,239.82,2083
1789742400,239.82,240.00,239.78,239.95,664
1789742460,239.95,239.96,239.85,239.90,1122
1789742520,239.90,239.95,239.73,239.75,1532
1789742580,239.75,239.95,239.73,239.93,490
1789742640,239.93,240.01,239.80,239.81,279
1789742700,239.81,239.86,239.60,239.66,831
1789742760,239.66,239.88,239.66,239.85,2587
1789742820,239.85,239.85,239.71,239.75,1522
1789742880,239.75,239.77,239.67,239.68,734
1789742940,239.68,239.74,239.58,239.67,473
1789743000,239.67,239.70,239.47,239.49,969
1789743060,239.49,239.50,239.40,239.45,2365
1789743120,239.45,239.50,239.22,239.28,2976
1789743180,239.28,239.34,239.05,239.11,920
1789743240,239.11,239.27,239.09,239.26,193
1789743300,239.26,239.33,239.10,239.11,170
1789743360,239.11,239.17,238.92,238.94,2144
1789743420,238.94,238.94,238.76,238.83,1597
1789743480,238.83,238.99,238.82,238.99,2491
1789743540,238.99,239.02,238.84,238.92,2588
1789743600,238.92,239.06,238.84,239.04,2111
1789743660,239.04,239.08,238.99,239.03,1921
1789743720,239.03,239.16,239.00,239.09,976
1789743780,239.09,239.17,239.06,239.06,1018
1789743840,239.06,239.08,238.90,238.92,2153
1789743900,238.92,239.16,238.86,239.08,160
1789743960,239.08,239.22,239.07,239.21,131
1789744020,239.21,239.33,239.12,239.26,1814
1789744080,239.26,239.30,239.15,239.17,2644
1789744140,239.17,239.36,239.12,239.32,1785
1789744200,239.32,239.37,239.20,239.21,1293
1789744260,239.21,239.32,239.20,239.28,252
1789744320,239.28,239.53,239.21,239.46,463
1789744380,239.46,239.48,239.20,239.29,2997
1789744440,239.29,239.41,239.21,239.34,1261
1789744500,239.34,239.38,239.30,239.30,2642
1789744560,239.30,239.48,239.30,239.41,176
1789744620,239.41,239.47,239.37,239.45,2059
1789744680,239.45,239.55,239.40,239.49,1104
1789744740,239.49,239.60,239.46,239.58,1442
1789744800,239.58,239.76,239.57,239.76,2625
1789744860,239.76,239.84,239.55,239.60,311
1789744920,239.60,239.62,239.56,239.58,374
1789744980,239.58,239.64,239.56,239.62,2305
1789745040,239.62,239.66,239.56,239.64,2788
1789745100,239.64,239.65,239.54,239.58,2391
1789745160,239.58,239.58,239.45,239.50,1123
1789745220,239.50,239.63,239.47,239.57,1385
1789745280,239.57,239.61,239.50,239.54,1194
1789745340,239.54,239.55,239.41,239.49,2829
1789745400,239.49,239.58,239.31,239.37,1089
1789745460,239.37,239.56,239.36,239.53,1339
1789745520,239.53,239.60,239.44,239.52,1667
1789745580,239.52,239.58,239.51,239.54,2683
1789745640,239.54,239.59,239.48,239.56,174
1789745700,239.56,239.58,239.45,239.49,2546
1789745760,239.49,239.76,239.42,239.68,636
1789745820,239.68,239.84,239.64,239.76,1179
1789745880,239.76,239.83,239.65,239.72,1104
1789745940,239.72,239.73,239.63,239.71,2841
1789746000,239.71,239.89,239.62,239.88,2747
1789746060,239.88,240.06,239.79,239.99,2906
1789746120,239.99,240.04,239.81,239.89,334
1789746180,239.89,239.99,239.83,239.92,2935
1789746240,239.92,240.01,239.88,239.94,373
1789746300,239.94,240.09,239.87,240.00,2011
1789746360,240.00,240.04,239.93,239.95,2537
1789746420,239.95,240.11,239.91,240.03,1295
1789746480,240.03,240.09,239.98,239.99,633
1789746540,239.99,240.04,239.91,239.92,846
1789746600,239.92,240.14,239.83,240.07,464
1789746660,240.07,240.28,239.99,240.25,1810
1789746720,240.25,240.32,240.00,240.08,2079
1789746780,240.08,240.25,240.05,240.18,132
1789746840,240.18,240.20,240.09,240.14,1004
1789746900,240.14,240.17,240.11,240.16,1340
1789746960,240.16,240.20,239.95,240.02,2776
1789747020,240.02,240.13,239.96,240.09,121
1789747080,240.09,240.17,240.07,240.16,2698
1789747140,240.16,240.39,240.09,240.33,210
1789747200,240.33,240.44,240.25,240.38,2755
1789747260,240.38,240.64,240.32,240.57,1877
1789747320,240.57,240.58,240.43,240.51,300
1789747380,240.51,240.76,240.44,240.69,2447
1789747440,240.69,240.74,240.68,240.68,1609
1789747500,240.68,240.81,240.59,240.72,1851
1789747560,240.72,240.80,240.57,240.57,1970
1789747620,240.57,240.63,240.56,240.59,2349
1789747680,240.59,240.65,240.52,240.60,2874
1789747740,240.60,240.64,240.48,240.52,1139
1789747800,240.52,240.63,240.46,240.62,1724
1789747860,240.62,240.73,240.61,240.67,2767
1789747920,240.67,240.71,240.58,240.62,1240
1789747980,240.62,240.67,240.58,240.65,2198
1789748040,240.65,240.73,240.57,240.71,567
1789748100,240.71,240.81,240.70,240.81,2748
1789748160,240.81,241.00,240.76,241.00,1356
1789748220,241.00,241.07,240.78,240.83,321
1789748280,240.83,240.89,240.60,240.67,1549
1789748340,240.67,240.71,240.50,240.60,1585
1789748400,240.60,240.70,240.57,240.69,455
1789748460,240.69,240.95,240.67,240.88,1049
1789748520,240.88,240.97,240.68,240.71,355
1789748580,240.71,240.76,240.65,240.73,2206
1789748640,240.73,240.80,240.49,240.55,1731
1789748700,240.55,240.61,240.29,240.37,1791
1789748760,240.37,240.55,240.34,240.52,2780
1789748820,240.52,240.61,240.45,240.49,841
1789748880,240.49,240.52,240.33,240.37,1995
1789748940,240.37,240.56,240.28,240.47,934
1789749000,240.47,240.63,240.43,240.61,301
1789749060,240.61,240.65,240.55,240.60,2338
1789749120,240.60,240.60,240.37,240.42,1872
1789749180,240.42,240.58,240.37,240.54,320
1789749240,240.54,240.61,240.42,240.44,1887
1789749300,240.44,240.47,240.30,240.39,328
1789749360,240.39,240.41,240.30,240.41,806
1789749420,240.41,240.63,240.31,240.54,287
1789749480,240.54,240.67,240.47,240.64,2372
1789749540,240.64,240.71,240.53,240.54,1390
1789749600,240.54,240.71,240.45,240.66,1113
1789749660,240.66,240.74,240.60,240.65,2293
1789749720,240.65,240.80,240.61,240.77,171
1789749780,240.77,240.87,240.68,240.84,1706
1789749840,240.84,240.87,240.72,240.77,1255
1789749900,240.77,240.81,240.68,240.78,229
1789749960,240.78,240.82,240.53,240.61,1590
1789750020,240.61,240.76,240.53,240.69,1363
1789750080,240.69,240.80,240.61,240.72,2379
1789750140,240.72,240.78,240.62,240.68,2205
1789750200,240.68,240.73,240.63,240.71,1454
1789750260,240.71,240.82,240.67,240.73,1283
1789750320,240.73,240.75,240.62,240.67,2802
1789750380,240.67,240.74,240.48,240.57,1588
1789750440,240.57,240.70,240.54,240.62,179
1789750500,240.62,240.88,240.61,240.79,260
1789750560,240.79,240.90,240.74,240.80,2630
1789750620,240.80,240.83,240.78,240.81,2175
1789750680,240.81,240.96,240.73,240.88,1082
1789750740,240.88,241.05,240.83,241.01,336
1789750800,241.01,241.05,240.81,240.83,1608
1789750860,240.83,240.92,240.71,240.73,2522
1789750920,240.73,240.90,240.71,240.87,1640
1789750980,240.87,240.93,240.70,240.78,1906
1789751040,240.78,240.82,240.54,240.63,1634
1789751100,240.63,240.68,240.53,240.62,556
1789751160,240.62,240.88,240.59,240.81,1300
1789751220,240.81,241.03,240.74,240.97,524
1789751280,240.97,240.99,240.90,240.90,1438
1789751340,240.90,241.05,240.82,241.00,1761
1789751400,241.00,241.17,241.00,241.11,670
1789751460,241.11,241.36,241.07,241.30,265
1789751520,241.30,241.32,241.10,241.12,1295
1789751580,241.12,241.22,241.06,241.12,1470
1789751640,241.12,241.14,241.07,241.14,1380
1789751700,241.14,241.29,241.05,241.21,813
1789751760,241.21,241.25,241.19,241.25,194
1789751820,241.25,241.31,241.17,241.28,1693
1789751880,241.28,241.34,241.21,241.30,2510
1789751940,241.30,241.38,241.28,241.31,1055
1789752000,241.31,241.33,241.20,241.24,2093
1789752060,241.24,241.27,241.12,241.18,966
1789752120,241.18,241.27,241.09,241.22,2211
1789752180,241.22,241.45,241.13,241.41,2987
1789752240,241.41,241.56,241.35,241.49,2960
1789752300,241.49,241.53,241.41,241.46,2072
1789752360,241.46,241.53,241.32,241.40,341
1789752420,241.40,241.48,241.21,241.30,2541
1789752480,241.30,241.46,241.29,241.44,1412
1789752540,241.44,241.46,241.31,241.40,964
1789752600,241.40,241.49,241.30,241.34,71
1789752660,241.34,241.35,241.26,241.31,499
1789752720,241.31,241.38,241.29,241.30,2260
1789752780,241.30,241.32,241.05,241.14,2724
1789752840,241.14,241.28,241.10,241.21,1939
1789752900,241.21,241.27,241.17,241.18,2418
1789752960,241.18,241.23,241.09,241.22,2379
1789753020,241.22,241.26,241.07,241.13,1360
1789753080,241.13,241.30,241.07,241.27,1495
1789753140,241.27,241.50,241.24,241.45,597
1789753200,241.45,241.52,241.25,241.31,1467
1789753260,241.31,241.39,241.24,241.37,1963
1789753320,241.37,241.39,241.21,241.29,1967
1789753380,241.29,241.47,241.20,241.44,2304
1789753440,241.44,241.64,241.40,241.58,1015
1789753500,241.58,241.65,241.40,241.49,67
1789753560,241.49,241.56,241.27,241.36,2335
1789753620,241.36,241.42,241.27,241.38,561
1789753680,241.38,241.40,241.31,241.36,2075
1789753740,241.36,241.59,241.35,241.53,1103
1789753800,241.53,241.55,241.41,241.46,143
1789753860,241.46,241.62,241.41,241.53,1711
1789753920,241.53,241.62,241.44,241.50,924
1789753980,241.50,241.59,241.25,241.34,1113
1789754040,241.34,241.53,241.31,241.47,2871
1789754100,241.47,241.57,241.39,241.40,2509
1789754160,241.40,241.46,241.30,241.32,2133
1789754220,241.32,241.45,241.24,241.43,820
1789754280,241.43,241.45,241.43,241.44,75
1789754340,241.44,241.52,241.32,241.35,546
1789962300,241.35,241.38,241.17,241.21,1979
1789962360,241.21,241.39,241.20,241.33,1499
1789962420,241.33,241.34,241.16,241.24,979
1789962480,241.24,241.26,241.15,241.15,1026
1789962540,241.15,241.22,240.94,241.01,264
1789962600,241.01,241.20,240.93,241.12,611
1789962660,241.12,241.16,240.88,240.96,77
1789962720,240.96,241.23,240.95,241.14,2909
1789962780,241.14,241.16,240.99,241.07,2911
1789962840,241.07,241.16,241.07,241.12,1864
1789962900,241.12,241.20,241.08,241.13,1902
1789962960,241.13,241.18,241.08,241.08,952
1789963020,241.08,241.15,240.82,240.90,1747
1789963080,240.90,240.92,240.71,240.75,887
1789963140,240.75,240.80,240.69,240.78,1297
1789963200,240.78,240.94,240.73,240.93,989
1789963260,240.93,241.02,240.76,240.76,272
1789963320,240.76,240.77,240.65,240.72,2061
1789963380,240.72,240.79,240.67,240.78,200
1789963440,240.78,240.80,240.66,240.74,1686
1789963500,240.74,240.79,240.60,240.69,829
1789963560,240.69,240.74,240.44,240.52,190
1789963620,240.52,240.68,240.48,240.63,1348
1789963680,240.63,240.83,240.56,240.77,1317
1789963740,240.77,240.78,240.59,240.65,1440
1789963800,240.65,240.74,240.56,240.65,2867
1789963860,240.65,240.85,240.56,240.83,2879
1789963920,240.83,240.94,240.74,240.91,1205
1789963980,240.91,240.91,240.85,240.86,1157
1789964040,240.86,240.89,240.68,240.71,1571
1789964100,240.71,240.80,240.50,240.53,2524
1789964160,240.53,240.63,240.45,240.60,168
1789964220,240.60,240.61,240.47,240.56,778
1789964280,240.56,240.62,240.55,240.59,1312
1789964340,240.59,240.62,240.56,240.62,2591
1789964400,240.62,240.75,240.59,240.66,1281
1789964460,240.66,240.72,240.65,240.72,2490
1789964520,240.72,240.78,240.69,240.74,2652
1789964580,240.74,240.90,240.70,240.89,1604
1789964640,240.89,240.96,240.86,240.95,2094
1789964700,240.95,241.04,240.86,240.91,1717
1789964760,240.91,240.97,240.82,240.90,2961
1789964820,240.90,241.15,240.82,241.09,273
1789964880,241.09,241.32,241.00,241.28,380
1789964940,241.28,241.42,241.26,241.33,1917
1789965000,241.33,241.43,241.16,241.21,98
1789965060,241.21,241.33,241.17,241.33,1546
1789965120,241.33,241.54,241.25,241.49,1427
1789965180,241.49,241.64,241.44,241.58,2161
1789965240,241.58,241.66,241.43,241.52,2989
1789965300,241.52,241.53,241.33,241.41,2769
1789965360,241.41,241.46,241.32,241.44,1449
1789965420,241.44,241.47,241.22,241.31,2243
1789965480,241.31,241.53,241.26,241.47,1172
1789965540,241.47,241.52,241.37,241.44,1422
1789965600,241.44,241.47,241.35,241.36,1352
1789965660,241.36,241.52,241.33,241.49,1171
1789965720,241.49,241.67,241.42,241.65,2482
1789965780,241.65,241.84,241.61,241.82,265
1789965840,241.82,241.87,241.65,241.69,1672
1789965900,241.69,241.78,241.51,241.54,1729
1789965960,241.54,241.60,241.48,241.59,237
1789966020,241.59,241.60,241.41,241.44,2380
1789966080,241.44,241.49,241.19,241.26,2711
1789966140,241.26,241.30,241.07,241.08,664
1789966200,241.08,241.29,241.03,241.24,2871
1789966260,241.24,241.28,241.16,241.27,2102
1789966320,241.27,241.31,241.16,241.18,2502
1789966380,241.18,241.20,241.00,241.03,1179
1789966440,241.03,241.26,240.95,241.21,2354
1789966500,241.21,241.35,241.18,241.32,2426
1789966560,241.32,241.56,241.24,241.47,1387
1789966620,241.47,241.52,241.47,241.47,2200
1789966680,241.47,241.49,241.41,241.47,1788
1789966740,241.47,241.51,241.41,241.41,1616
1789966800,241.41,241.49,241.24,241.32,1971
1789966860,241.32,241.52,241.25,241.47,2442
1789966920,241.47,241.50,241.24,241.33,1580
1789966980,241.33,241.40,241.29,241.37,1880
1789967040,241.37,241.44,241.26,241.27,1782
1789967100,241.27,241.30,241.17,241.19,2175
1789967160,241.19,241.24,241.12,241.15,2538
1789967220,241.15,241.25,241.15,241.18,1699
1789967280,241.18,241.22,241.13,241.19,2713
1789967340,241.19,241.25,241.09,241.18,1211
1789967400,241.18,241.28,241.07,241.10,477
1789967460,241.10,241.18,241.09,241.13,554
1789967520,241.13,241.26,241.10,241.26,1760
1789967580,241.26,241.30,241.18,241.20,2691
1789967640,241.20,241.28,241.18,241.27,1099
1789967700,241.27,241.35,241.11,241.13,1098
1789967760,241.13,241.17,241.05,241.05,933
1789967820,241.05,241.21,241.03,241.16,1793
1789967880,241.16,241.36,241.13,241.29,935
1789967940,241.29,241.30,241.10,241.11,2616
1789968000,241.11,241.13,241.07,241.07,1649
1789968060,241.07,241.12,241.02,241.04,329
1789968120,241.04,241.10,240.85,240.87,1113
1789968180,240.87,240.93,240.80,240.83,1320
1789968240,240.83,241.02,240.75,240.93,596
1789968300,240.93,241.02,240.89,240.94,913
1789968360,240.94,241.16,240.87,241.09,1933
1789968420,241.09,241.18,240.86,240.94,1791
1789968480,240.94,241.16,240.85,241.12,2858
1789968540,241.12,241.32,241.03,241.25,2465
1789968600,241.25,241.34,241.10,241.12,449
1789968660,241.12,241.20,241.02,241.04,742
1789968720,241.04,241.12,240.96,241.01,201
1789968780,241.01,241.10,240.87,240.90,1621
1789968840,240.90,241.08,240.83,241.01,1932
1789968900,241.01,241.15,240.92,241.09,364
1789968960,241.09,241.26,241.05,241.20,2986
1789969020,241.20,241.27,241.14,241.24,181
1789969080,241.24,241.24,241.06,241.06,1818
1789969140,241.06,241.13,241.06,241.10,252
1789969200,241.10,241.18,241.08,241.13,753
1789969260,241.13,241.21,241.05,241.09,2978
1789969320,241.09,241.13,240.89,240.91,339
1789969380,240.91,240.94,240.72,240.73,1670
1789969440,240.73,240.91,240.69,240.90,1916
1789969500,240.90,240.92,240.80,240.86,387
1789969560,240.86,240.91,240.78,240.78,561
1789969620,240.78,241.02,240.69,240.95,1590
1789969680,240.95,241.10,240.94,241.04,574
1789969740,241.04,241.11,240.93,241.00,2841
1789969800,241.00,241.04,240.83,240.92,488
1789969860,240.92,240.97,240.79,240.79,2163
1789969920,240.79,241.01,240.73,240.96,1360
1789969980,240.96,241.16,240.89,241.12,1071
1789970040,241.12,241.29,241.03,241.28,2636
1789970100,241.28,241.42,241.27,241.40,864
1789970160,241.40,241.47,241.36,241.41,1283
1789970220,241.41,241.50,241.29,241.31,599
1789970280,241.31,241.35,241.26,241.29,2936
1789970340,241.29,241.34,241.11,241.20,2313
1789970400,241.20,241.23,241.18,241.20,1345
1789970460,241.20,241.25,240.99,241.05,1075
1789970520,241.05,241.29,241.02,241.22,882
1789970580,241.22,241.41,241.21,241.33,254
1789970640,241.33,241.40,241.22,241.28,1508
1789970700,241.28,241.34,241.09,241.14,2974
1789970760,241.14,241.19,241.08,241.08,1436
1789970820,241.08,241.15,240.89,240.90,1244
1789970880,240.90,240.92,240.72,240.76,1479
1789970940,240.76,241.00,240.74,240.94,70
1789971000,240.94,240.94,240.71,240.76,1526
1789971060,240.76,240.91,240.72,240.82,1767
1789971120,240.82,240.85,240.68,240.74,1706
1789971180,240.74,240.93,240.68,240.88,2672
1789971240,240.88,241.03,240.87,241.01,1839
1789971300,241.01,241.03,240.98,241.01,735
1789971360,241.01,241.15,241.00,241.07,1753
1789971420,241.07,241.13,241.05,241.06,2170
1789971480,241.06,241.12,241.01,241.06,349
1789971540,241.06,241.15,240.89,240.92,1343
1789971600,240.92,240.96,240.74,240.76,2195
1789971660,240.76,240.81,240.55,240.60,1960
1789971720,240.60,240.68,240.54,240.63,2118
1789971780,240.63,240.70,240.58,240.64,2581
1789971840,240.64,240.74,240.56,240.72,2316
1789971900,240.72,240.89,240.71,240.81,1831
1789971960,240.81,240.90,240.68,240.69,669
1789972020,240.69,240.74,240.43,240.50,2530
1789972080,240.50,240.73,240.45,240.66,177
1789972140,240.66,240.90,240.64,240.84,344
1789972200,240.84,240.89,240.78,240.78,2880
1789972260,240.78,240.82,240.58,240.60,2759
1789972320,240.60,240.66,240.41,240.45,2583
1789972380,240.45,240.51,240.24,240.31,763
1789972440,240.31,240.37,240.19,240.24,501
1789972500,240.24,240.27,240.17,240.23,121
1789972560,240.23,240.40,240.15,240.32,2499
1789972620,240.32,240.37,240.06,240.15,321
1789972680,240.15,240.22,239.96,240.00,705
1789972740,240.00,240.15,239.94,240.13,2310
1789972800,240.13,240.22,240.12,240.21,1180
1789972860,240.21,240.30,240.00,240.07,1053
1789972920,240.07,240.29,240.00,240.26,1125
1789972980,240.26,240.26,240.03,240.09,2916
1789973040,240.09,240.33,240.07,240.23,607
1789973100,240.23,240.32,240.15,240.28,1896
1789973160,240.28,240.40,240.21,240.37,1089
1789973220,240.37,240.42,240.19,240.23,479
1789973280,240.23,240.51,240.19,240.43,1023
1789973340,240.43,240.46,240.25,240.34,2426
1789973400,240.34,240.38,240.11,240.19,2278
1789973460,240.19,240.34,240.19,240.29,272
1789973520,240.29,240.34,240.13,240.16,2477
1789973580,240.16,240.37,240.15,240.33,1010
1789973640,240.33,240.38,240.19,240.25,2464
1789973700,240.25,240.29,240.10,240.12,1473
1789973760,240.12,240.33,240.08,240.27,848
1789973820,240.27,240.33,240.20,240.30,1819
1789973880,240.30,240.34,240.14,240.15,572
1789973940,240.15,240.17,240.07,240.16,603
1789974000,240.16,240.23,240.06,240.08,1973
1789974060,240.08,240.14,239.92,239.94,1795
1789974120,239.94,240.01,239.93,240.00,2332
1789974180,240.00,240.05,239.94,240.04,2190
1789974240,240.04,240.08,239.85,239.94,538
1789974300,239.94,240.01,239.77,239.82,2535
1789974360,239.82,239.99,239.75,239.92,1516
1789974420,239.92,240.01,239.77,239.85,511
1789974480,239.85,239.94,239.80,239.89,1381
1789974540,239.89,239.94,239.73,239.76,818
1789974600,239.76,239.83,239.65,239.71,1352
1789974660,239.71,239.80,239.51,239.61,126
1789974720,239.61,239.76,239.52,239.72,465
1789974780,239.72,239.79,239.62,239.62,1548
1789974840,239.62,239.66,239.41,239.50,1130
1789974900,239.50,239.72,239.47,239.65,2043
1789974960,239.65,239.74,239.56,239.58,421
1789975020,239.58,239.62,239.53,239.60,2033
1789975080,239.60,239.66,239.34,239.42,1213
1789975140,239.42,239.43,239.23,239.29,2419
1789975200,239.29,239.46,239.22,239.39,2843
1789975260,239.39,239.45,239.12,239.21,2680
1789975320,239.21,239.21,239.17,239.20,2370
1789975380,239.20,239.36,239.16,239.27,1966
1789975440,239.27,239.36,239.26,239.27,1043
1789975500,239.27,239.46,239.22,239.38,1713
1789975560,239.38,239.53,239.37,239.50,1806
1789975620,239.50,239.72,239.46,239.66,388
1789975680,239.66,239.78,239.60,239.77,593
1789975740,239.77,239.99,239.71,239.96,1967
1789975800,239.96,240.18,239.90,240.15,1510
1789975860,240.15,240.40,240.15,240.32,148
1789975920,240.32,240.33,240.14,240.23,592
1789975980,240.23,240.44,240.23,240.41,2667
1789976040,240.41,240.43,240.29,240.30,2264
1789976100,240.30,240.35,240.21,240.32,2497
1789976160,240.32,240.40,240.32,240.39,1717
1789976220,240.39,240.41,240.29,240.35,538
1789976280,240.35,240.40,240.24,240.28,1508
1789976340,240.28,240.28,240.11,240.17,99
1789976400,240.17,240.18,240.05,240.08,2309
1789976460,240.08,240.19,240.06,240.17,1525
1789976520,240.17,240.24,239.92,240.01,2506
1789976580,240.01,240.10,239.88,239.89,1923
1789976640,239.89,239.97,239.74,239.82,2376
1789976700,239.82,239.97,239.76,239.93,213
1789976760,239.93,240.00,239.85,239.93,1433
1789976820,239.93,240.14,239.86,240.09,641
1789976880,240.09,240.12,240.04,240.11,1415
1789976940,240.11,240.32,240.10,240.30,1460
1789977000,240.30,240.54,240.25,240.49,2014
1789977060,240.49,240.57,240.29,240.38,1220
1789977120,240.38,240.45,240.32,240.34,1115
1789977180,240.34,240.42,240.20,240.22,2452
1789977240,240.22,240.25,240.17,240.20,2981
1789977300,240.20,240.27,240.07,240.13,1631
1789977360,240.13,240.21,239.93,239.96,201
1789977420,239.96,240.02,239.87,239.93,311
1789977480,239.93,240.06,239.85,240.03,766
1789977540,240.03,240.30,239.95,240.21,2020
1789977600,240.21,240.36,240.20,240.31,550
1789977660,240.31,240.34,240.25,240.25,2127
1789977720,240.25,240.46,240.25,240.40,2117
1789977780,240.40,240.58,240.38,240.57,876
1789977840,240.57,240.83,240.51,240.74,1318
1789977900,240.74,240.85,240.65,240.76,2215
1789977960,240.76,240.77,240.55,240.61,2464
1789978020,240.61,240.61,240.35,240.43,1383
1789978080,240.43,240.49,240.39,240.41,2456
1789978140,240.41,240.50,240.39,240.46,2141
1789978200,240.46,240.62,240.44,240.56,2222
1789978260,240.56,240.70,240.55,240.61,1905
1789978320,240.61,240.66,240.46,240.49,2969
1789978380,240.49,240.53,240.43,240.44,2464
1789978440,240.44,240.48,240.43,240.45,748
1789978500,240.45,240.55,240.38,240.53,2601
1789978560,240.53,240.71,240.51,240.65,1027
1789978620,240.65,240.83,240.59,240.80,1497
1789978680,240.80,241.00,240.73,240.91,2819
1789978740,240.91,241.03,240.90,241.01,471
1789978800,241.01,241.29,240.95,241.19,1528
1789978860,241.19,241.35,241.18,241.27,147
1789978920,241.27,241.31,241.23,241.26,770
1789978980,241.26,241.35,241.21,241.21,1643
1789979040,241.21,241.40,241.12,241.37,160
1789979100,241.37,241.53,241.30,241.45,2458
1789979160,241.45,241.67,241.43,241.59,1309
1789979220,241.59,241.71,241.58,241.69,803
1789979280,241.69,241.78,241.56,241.59,2137
1789979340,241.59,241.64,241.57,241.62,2811
1789979400,241.62,241.64,241.53,241.61,1349
1789979460,241.61,241.65,241.43,241.44,2426
1789979520,241.44,241.62,241.44,241.61,1369
1789979580,241.61,241.62,241.51,241.55,447
1789979640,241.55,241.63,241.39,241.45,2577
1789979700,241.45,241.58,241.42,241.51,838
1789979760,241.51,241.52,241.46,241.46,1247
1789979820,241.46,241.56,241.37,241.53,2227
1789979880,241.53,241.63,241.34,241.39,1429
1789979940,241.39,241.60,241.32,241.57,1295
1789980000,241.57,241.69,241.52,241.65,1813
1789980060,241.65,241.71,241.44,241.53,509
1789980120,241.53,241.54,241.48,241.53,2244
1789980180,241.53,241.57,241.50,241.54,2406
1789980240,241.54,241.77,241.53,241.71,2970
1789980300,241.71,241.78,241.68,241.69,1865
1789980360,241.69,241.72,241.54,241.57,1034
1789980420,241.57,241.68,241.55,241.58,2726
1789980480,241.58,241.60,241.39,241.41,730
1789980540,241.41,241.48,241.27,241.28,2260
1789980600,241.28,241.36,241.05,241.14,1605
1789980660,241.14,241.29,241.12,241.27,2452
1789980720,241.27,241.42,241.22,241.35,1108
1789980780,241.35,241.43,241.16,241.26,2851
1789980840,241.26,241.35,241.14,241.18,2668
1789980900,241.18,241.24,241.05,241.11,1525
1789980960,241.11,241.35,241.04,241.30,932
1789981020,241.30,241.31,241.11,241.17,708
1789981080,241.17,241.21,241.09,241.18,1753
1789981140,241.18,241.37,241.10,241.31,2823
1789981200,241.31,241.36,241.09,241.15,2277
1789981260,241.15,241.23,241.07,241.13,868
1789981320,241.13,241.15,240.94,241.03,841
1789981380,241.03,241.05,240.91,240.95,1600
1789981440,240.95,240.99,240.79,240.84,796
1789981500,240.84,240.95,240.78,240.86,1959
1789981560,240.86,240.89,240.64,240.72,2759
1789981620,240.72,240.92,240.71,240.88,2075
1789981680,240.88,240.93,240.65,240.73,2413
1789981740,240.73,241.00,240.72,240.92,487
1789981800,240.92,241.12,240.91,241.08,2794
1789981860,241.08,241.12,240.85,240.94,933
1789981920,240.94,241.12,240.90,241.09,1227
1789981980,241.09,241.14,240.88,240.92,530
1789982040,240.92,241.14,240.86,241.05,407
1789982100,241.05,241.30,241.01,241.23,2445
1789982160,241.23,241.25,241.06,241.08,2346
1789982220,241.08,241.14,240.99,241.04,1031
1789982280,241.04,241.08,240.96,240.99,433
1789982340,240.99,241.20,240.94,241.13,2302
1789982400,241.13,241.18,241.08,241.08,1742
1789982460,241.08,241.15,240.85,240.91,1712
1789982520,240.91,240.97,240.67,240.76,2954
1789982580,240.76,240.85,240.65,240.67,538
1789982640,240.67,240.69,240.42,240.50,2584
1789982700,240.50,240.52,240.30,240.39,730
1789982760,240.39,240.50,240.39,240.50,1921
1789982820,240.50,240.53,240.36,240.39,347
1789982880,240.39,240.47,240.31,240.38,1264
1789982940,240.38,240.54,240.31,240.46,1102
1789983000,240.46,240.57,240.39,240.51,2243
1789983060,240.51,240.64,240.50,240.58,1300
1789983120,240.58,240.60,240.47,240.48,1786
1789983180,240.48,240.70,240.43,240.64,614
1789983240,240.64,240.78,240.56,240.70,116
1789983300,240.70,240.78,240.66,240.78,2468
1789983360,240.78,240.86,240.67,240.72,1215
1789983420,240.72,240.79,240.56,240.60,804
1789983480,240.60,240.65,240.58,240.60,1817
1789983540,240.60,240.62,240.55,240.60,670
1789983600,240.60,240.84,240.56,240.78,95
1789983660,240.78,240.85,240.64,240.66,2339
1789983720,240.66,240.71,240.52,240.59,2684
1789983780,240.59,240.86,240.53,240.79,1835
1789983840,240.79,240.87,240.65,240.69,2458
1789983900,240.69,240.76,240.50,240.52,1399
1789983960,240.52,240.69,240.51,240.61,1249
1789984020,240.61,240.70,240.52,240.59,1480
1789984080,240.59,240.65,240.49,240.50,284
1789984140,240.50,240.57,240.44,240.54,1823
1789984200,240.54,240.67,240.53,240.60,1877
1789984260,240.60,240.65,240.39,240.41,2301
1789984320,240.41,240.60,240.37,240.54,1874
1789984380,240.54,240.71,240.52,240.64,856
1789984440,240.64,240.73,240.57,240.60,1104
1789984500,240.60,240.74,240.57,240.66,1040
1789984560,240.66,240.83,240.60,240.80,1282
1789984620,240.80,240.93,240.80,240.87,2645
1789984680,240.87,240.95,240.75,240.77,874
1789984740,240.77,240.87,240.73,240.81,482
1789984800,240.81,240.87,240.75,240.84,2372
1789984860,240.84,240.89,240.77,240.88,1607
1789984920,240.88,240.96,240.78,240.85,1974
1789984980,240.85,240.88,240.59,240.68,2569
1789985040,240.68,240.75,240.58,240.65,2197
1789985100,240.65,240.90,240.64,240.82,754
1789985160,240.82,240.93,240.78,240.88,2820
1789985220,240.88,241.00,240.81,240.91,2266
1789985280,240.91,240.92,240.83,240.91,971
1789985340,240.91,240.96,240.74,240.81,2331
1789985400,240.81,240.84,240.81,240.83,2625
1789985460,240.83,241.01,240.75,240.98,2877
1789985520,240.98,241.15,240.90,241.12,2483
1789985580,241.12,241.33,241.10,241.26,2211
1789985640,241.26,241.29,241.15,241.16,376
1789985700,241.16,241.32,241.07,241.24,1572
1789985760,241.24,241.33,241.08,241.09,2708
1789985820,241.09,241.15,241.03,241.09,2557
1789985880,241.09,241.19,240.89,240.91,2504
1789985940,240.91,241.06,240.88,241.04,891
1789986000,241.04,241.15,241.03,241.11,835
1789986060,241.11,241.19,240.84,240.93,2338
1789986120,240.93,241.12,240.92,241.11,2623
1789986180,241.11,241.17,241.07,241.08,2260
1789986240,241.08,241.13,240.88,240.95,2770
1789986300,240.95,241.04,240.79,240.84,638
1789986360,240.84,240.91,240.76,240.91,2629
1789986420,240.91,240.97,240.82,240.93,76
1789986480,240.93,241.20,240.89,241.12,866
1789986540,241.12,241.27,241.07,241.20,769
1789986600,241.20,241.24,240.95,241.04,1339
1789986660,241.04,241.14,241.00,241.07,1211
1789986720,241.07,241.28,241.00,241.24,1043
1789986780,241.24,241.28,241.22,241.23,2218
1789986840,241.23,241.50,241.17,241.41,63
1789986900,241.41,241.41,241.22,241.24,1719
1789986960,241.24,241.25,241.02,241.11,1658
1789987020,241.11,241.19,240.99,240.99,1409
1789987080,240.99,241.04,240.72,240.80,2467
1789987140,240.80,240.98,240.74,240.98,2722
1789987200,240.98,241.06,240.89,241.02,358
1789987260,241.02,241.15,240.97,241.10,1656
1789987320,241.10,241.28,241.07,241.21,2455
1789987380,241.21,241.26,241.04,241.06,195
1789987440,241.06,241.10,240.90,240.93,1516
1789987500,240.93,241.17,240.91,241.08,405
1789987560,241.08,241.10,241.01,241.04,2805
1789987620,241.04,241.11,240.97,241.08,2780
1789987680,241.08,241.15,240.95,240.99,1968
1789987740,240.99,241.00,240.74,240.82,1774
1789987800,240.82,240.86,240.75,240.83,1412
1789987860,240.83,240.85,240.79,240.83,1562
1789987920,240.83,240.91,240.70,240.77,1747
1789987980,240.77,240.88,240.77,240.87,2070
1789988040,240.87,240.95,240.69,240.76,1445
1789988100,240.76,240.82,240.57,240.66,1553
1789988160,240.66,240.88,240.61,240.84,1235
1789988220,240.84,240.89,240.58,240.68,77
1789988280,240.68,240.76,240.59,240.69,1619
1789988340,240.69,240.76,240.49,240.55,530
1789988400,240.55,240.77,240.49,240.69,2334
1789988460,240.69,240.75,240.67,240.73,421
1789988520,240.73,240.87,240.69,240.80,694
1789988580,240.80,240.84,240.74,240.77,2707
1789988640,240.77,240.79,240.68,240.73,286
1789988700,240.73,240.89,240.69,240.80,2420
1789988760,240.80,240.99,240.79,240.93,177
1789988820,240.93,240.98,240.75,240.80,1342
1789988880,240.80,240.85,240.63,240.69,1246
1789988940,240.69,240.71,240.42,240.51,2276
1789989000,240.51,240.55,240.33,240.40,999
1789989060,240.40,240.47,240.18,240.24,413
1789989120,240.24,240.25,240.18,240.19,2614
1789989180,240.19,240.24,240.05,240.10,2665
1789989240,240.10,240.18,239.97,240.06,2769
1789989300,240.06,240.07,239.84,239.93,527
1789989360,239.93,239.93,239.81,239.81,2611
1789989420,239.81,240.01,239.73,239.92,619
1789989480,239.92,239.99,239.78,239.86,763
1789989540,239.86,239.87,239.69,239.76,172
1789989600,239.76,239.85,239.53,239.60,283
1789989660,239.60,239.67,239.53,239.55,1901
1789989720,239.55,239.62,239.39,239.39,728
1789989780,239.39,239.49,239.23,239.29,275
1789989840,239.29,239.35,239.27,239.28,220
1789989900,239.28,239.45,239.25,239.38,1220
1789989960,239.38,239.47,239.22,239.27,1468
1789990020,239.27,239.37,239.21,239.35,774
1789990080,239.35,239.44,239.11,239.19,660
1789990140,239.19,239.28,239.09,239.17,1509
1789990200,239.17,239.34,239.09,239.30,182
1789990260,239.30,239.52,239.21,239.46,1055
1789990320,239.46,239.54,239.26,239.33,1954
1789990380,239.33,239.58,239.30,239.52,1099
1789990440,239.52,239.59,239.44,239.56,1200
1789990500,239.56,239.63,239.34,239.43,2441
1789990560,239.43,239.51,239.25,239.27,970
1789990620,239.27,239.31,239.08,239.14,1730
1789990680,239.14,239.31,239.12,239.25,1085
1789990740,239.25,239.44,239.20,239.41,1673
1789990800,239.41,239.62,239.38,239.60,2731
1789990860,239.60,239.60,239.57,239.59,1220
1789990920,239.59,239.69,239.53,239.64,466
1789990980,239.64,239.68,239.43,239.46,358
1789991040,239.46,239.56,239.36,239.45,439
1789991100,239.45,239.51,239.43,239.45,2212
1789991160,239.45,239.47,239.24,239.32,1068
1789991220,239.32,239.41,239.26,239.30,893
1789991280,239.30,239.46,239.26,239.43,2902
1789991340,239.43,239.43,239.36,239.39,213
1789991400,239.39,239.48,239.32,239.41,2013
1789991460,239.41,239.58,239.36,239.53,1054
1789991520,239.53,239.54,239.38,239.46,2751
1789991580,239.46,239.49,239.39,239.40,1059
1789991640,239.40,239.46,239.14,239.21,804
1789991700,239.21,239.30,238.99,239.08,2064
1789991760,239.08,239.11,238.88,238.91,2054
1789991820,238.91,238.95,238.66,238.73,1375
1789991880,238.73,238.88,238.67,238.79,2162
1789991940,238.79,239.02,238.70,238.97,1996
1789992000,238.97,239.08,238.97,239.03,935
1789992060,239.03,239.08,238.78,238.87,1450
1789992120,238.87,238.88,238.69,238.78,2331
1789992180,238.78,238.79,238.61,238.70,1877
1789992240,238.70,238.82,238.64,238.82,1390
1789992300,238.82,238.90,238.67,238.70,2811
1789992360,238.70,238.74,238.65,238.67,1257
1789992420,238.67,238.80,238.63,238.77,1470
1789992480,238.77,238.85,238.71,238.84,1806
1789992540,238.84,239.05,238.78,238.99,1583
1789992600,238.99,239.07,238.91,238.95,2924
1789992660,238.95,239.04,238.90,238.92,1723
1789992720,238.92,239.21,238.83,239.12,2881
1789992780,239.12,239.33,239.07,239.28,2328
1789992840,239.28,239.29,239.09,239.18,1900
1789992900,239.18,239.23,239.02,239.09,2746
1789992960,239.09,239.21,239.08,239.16,552
1789993020,239.16,239.19,239.09,239.16,457
1789993080,239.16,239.17,239.11,239.12,1022
1789993140,239.12,239.15,239.06,239.11,1388
1789993200,239.11,239.18,238.98,239.02,2298
1789993260,239.02,239.06,238.94,239.00,555
1789993320,239.00,239.13,238.96,239.05,2319
1789993380,239.05,239.26,239.03,239.16,2487
1789993440,239.16,239.21,238.99,239.02,2776
1789993500,239.02,239.15,239.01,239.15,2035
1789993560,239.15,239.22,238.99,239.05,2416
1789993620,239.05,239.06,238.99,239.02,2675
1789993680,239.02,239.09,238.98,239.05,1735
1789993740,239.05,239.14,238.87,238.92,811
1789993800,238.92,239.17,238.87,239.08,1977
1789993860,239.08,239.35,239.04,239.26,1187
1789993920,239.26,239.42,239.24,239.40,2893
1789993980,239.40,239.46,239.17,239.23,740
1789994040,239.23,239.35,239.18,239.28,2002
1789994100,239.28,239.48,239.21,239.41,1388
1789994160,239.41,239.47,239.39,239.42,1026
1789994220,239.42,239.54,239.35,239.47,485
1789994280,239.47,239.47,239.29,239.29,2703
1789994340,239.29,239.33,239.21,239.28,808
1789994400,239.28,239.30,239.16,239.25,518
1789994460,239.25,239.45,239.17,239.42,2906
1789994520,239.42,239.56,239.33,239.55,1228
1789994580,239.55,239.63,239.49,239.53,422
1789994640,239.53,239.54,239.40,239.41,1462
1789994700,239.41,239.52,239.34,239.52,526
1789994760,239.52,239.56,239.43,239.55,2995
1789994820,239.55,239.66,239.48,239.59,583
1789994880,239.59,239.62,239.39,239.41,1957
1789994940,239.41,239.60,239.36,239.54,581
1789995000,239.54,239.61,239.49,239.59,1441
1789995060,239.59,239.71,239.52,239.68,666
1789995120,239.68,239.82,239.61,239.73,1069
1789995180,239.73,239.75,239.61,239.66,1145
1789995240,239.66,239.74,239.58,239.64,2628
1789995300,239.64,239.72,239.57,239.61,380
1789995360,239.61,239.68,239.52,239.56,552
1789995420,239.56,239.66,239.53,239.59,1758
1789995480,239.59,239.72,239.51,239.63,1684
1789995540,239.63,239.68,239.59,239.65,861
1789995600,239.65,239.72,239.56,239.60,2082
1789995660,239.60,239.83,239.52,239.79,2364
1789995720,239.79,239.99,239.77,239.91,119
1789995780,239.91,239.97,239.66,239.73,2332
1789995840,239.73,239.91,239.72,239.87,2833
1789995900,239.87,240.08,239.81,240.03,2558
1789995960,240.03,240.08,239.96,240.07,1084
1789996020,240.07,240.16,239.95,240.03,423
1789996080,240.03,240.06,239.93,239.98,2035
1789996140,239.98,240.05,239.97,239.98,2789
1789996200,239.98,240.20,239.94,240.14,2050
1789996260,240.14,240.19,240.08,240.16,2872
1789996320,240.16,240.17,239.97,240.04,458
1789996380,240.04,240.09,239.90,239.93,2478
1789996440,239.93,239.98,239.76,239.77,2574
1789996500,239.77,239.90,239.73,239.85,2626
1789996560,239.85,239.86,239.62,239.68,2075
1789996620,239.68,239.69,239.51,239.54,487
1789996680,239.54,239.56,239.46,239.46,989
1789996740,239.46,239.55,239.31,239.34,949
1789996800,239.34,239.45,239.32,239.37,954
1789996860,239.37,239.44,239.17,239.26,2593
1789996920,239.26,239.51,239.20,239.44,2854
1789996980,239.44,239.50,239.42,239.48,1137
1789997040,239.48,239.53,239.31,239.37,1387
1789997100,239.37,239.50,239.29,239.42,255
1789997160,239.42,239.58,239.34,239.53,81
1789997220,239.53,239.53,239.46,239.52,383
1789997280,239.52,239.60,239.39,239.42,2677
1789997340,239.42,239.43,239.31,239.37,1058
1789997400,239.37,239.45,239.17,239.24,1327
1789997460,239.24,239.28,239.19,239.25,96
1789997520,239.25,239.48,239.24,239.42,1995
1789997580,239.42,239.50,239.29,239.36,2059
1789997640,239.36,239.55,239.31,239.54,1964
1789997700,239.54,239.76,239.50,239.67,2738
1789997760,239.67,239.72,239.42,239.49,2404
1789997820,239.49,239.71,239.49,239.68,348
1789997880,239.68,239.84,239.65,239.81,2448
1789997940,239.81,239.85,239.63,239.68,1331
1789998000,239.68,239.76,239.49,239.50,2334
1789998060,239.50,239.67,239.43,239.67,1162
1789998120,239.67,239.73,239.43,239.52,770
1789998180,239.52,239.55,239.47,239.55,736
1789998240,239.55,239.63,239.47,239.51,155
1789998300,239.51,239.63,239.51,239.56,1765
1789998360,239.56,239.63,239.48,239.63,171
1789998420,239.63,239.74,239.58,239.66,1708
1789998480,239.66,239.69,239.60,239.68,2978
1789998540,239.68,239.88,239.58,239.82,129
1789998600,239.82,239.93,239.75,239.90,1126
1789998660,239.90,239.97,239.83,239.88,2486
1789998720,239.88,240.01,239.84,240.00,1045
1789998780,240.00,240.25,239.92,240.20,792
1789998840,240.20,240.37,240.19,240.32,2695
1789998900,240.32,240.39,240.12,240.20,736
1789998960,240.20,240.24,239.97,240.04,1454
1789999020,240.04,240.09,239.96,240.00,2274
1789999080,240.00,240.17,239.97,240.13,852
1789999140,240.13,240.20,239.95,239.97,2666
1789999200,239.97,240.07,239.95,239.97,1498
1789999260,239.97,239.99,239.91,239.96,139
1789999320,239.96,240.00,239.86,239.88,1101
1789999380,239.88,239.90,239.80,239.89,2887
1789999440,239.89,239.94,239.86,239.90,219
1789999500,239.90,239.91,239.70,239.74,879
1789999560,239.74,239.87,239.69,239.81,1876
1789999620,239.81,239.86,239.67,239.69,418
1789999680,239.69,239.71,239.59,239.63,603
1789999740,239.63,239.66,239.56,239.63,2688
1789999800,239.63,239.81,239.61,239.75,2949
1789999860,239.75,239.75,239.67,239.69,2212
1789999920,239.69,239.75,239.62,239.71,1843
1789999980,239.71,239.72,239.59,239.67,1323
1790000040,239.67,239.78,239.59,239.69,2372
1790000100,239.69,239.85,239.61,239.76,2223
1790000160,239.76,239.77,239.65,239.65,918
1790000220,239.65,239.79,239.60,239.73,616
1790000280,239.73,239.84,239.71,239.80,1280
1790000340,239.80,239.99,239.71,239.94,1980
1790000400,239.94,240.01,239.91,239.92,2437
1790000460,239.92,240.10,239.85,240.04,749
1790000520,240.04,240.13,239.95,240.01,1577
1790000580,240.01,240.12,239.99,240.02,2566
1790000640,240.02,240.19,239.95,240.15,803
1790000700,240.15,240.24,239.97,239.97,2630
1790000760,239.97,240.18,239.88,240.13,70
1790000820,240.13,240.31,240.08,240.27,257
1790000880,240.27,240.29,240.06,240.09,2709
1790000940,240.09,240.23,240.00,240.23,1895
1790001000,240.23,240.31,240.09,240.17,2149
1790001060,240.17,240.26,239.93,239.99,2079
1790001120,239.99,240.03,239.81,239.87,1225
1790001180,239.87,240.02,239.81,239.95,1518
1790001240,239.95,240.06,239.86,240.04,754
1790001300,240.04,240.17,240.00,240.10,141
1790001360,240.10,240.16,240.02,240.07,1126
1790001420,240.07,240.16,239.97,240.13,2352
1790001480,240.13,240.15,240.04,240.14,710
1790001540,240.14,240.17,239.90,239.98,2833
1790001600,239.98,240.15,239.90,240.13,1344
1790001660,240.13,240.27,240.09,240.25,943
1790001720,240.25,240.34,240.23,240.26,1960
1790001780,240.26,240.33,240.03,240.12,1859
1790001840,240.12,240.20,240.05,240.08,1330
1790001900,240.08,240.11,240.06,240.06,2577
1790001960,240.06,240.14,239.95,240.03,1636
1790002020,240.03,240.18,239.99,240.14,1220
1790002080,240.14,240.23,240.06,240.09,1254
1790002140,240.09,240.33,240.07,240.24,729
1790002200,240.24,240.26,240.05,240.13,2366
1790002260,240.13,240.16,239.94,240.00,2453
1790002320,240.00,240.03,239.80,239.88,703
1790002380,239.88,239.92,239.65,239.70,1758
1790002440,239.70,239.79,239.59,239.59,2910
1790002500,239.59,239.67,239.47,239.52,297
1790002560,239.52,239.59,239.46,239.49,526
1790002620,239.49,239.54,239.37,239.44,1323
1790002680,239.44,239.49,239.42,239.48,759
1790002740,239.48,239.51,239.40,239.47,243
1790002800,239.47,239.48,239.32,239.35,1463
1790002860,239.35,239.41,239.31,239.39,2757
1790002920,239.39,239.46,239.36,239.38,2731
1790002980,239.38,239.58,239.29,239.55,1100
1790003040,239.55,239.70,239.52,239.63,1142
1790003100,239.63,239.68,239.42,239.46,1844
1790003160,239.46,239.54,239.40,239.50,2846
1790003220,239.50,239.52,239.38,239.39,2790
1790003280,239.39,239.48,239.23,239.31,724
1790003340,239.31,239.31,239.26,239.31,663
1790003400,239.31,239.35,239.21,239.28,1745
1790003460,239.28,239.36,239.18,239.23,1022
1790003520,239.23,239.31,239.05,239.10,2043
1790003580,239.10,239.29,239.10,239.26,2041
1790003640,239.26,239.37,239.17,239.30,591
1790003700,239.30,239.38,239.23,239.34,680
1790003760,239.34,239.43,239.28,239.40,2899
1790003820,239.40,239.47,239.31,239.39,1970
1790003880,239.39,239.41,239.22,239.31,2010
1790003940,239.31,239.52,239.29,239.43,2302
1790004000,239.43,239.62,239.35,239.59,973
1790004060,239.59,239.71,239.59,239.67,2774
1790004120,239.67,239.85,239.61,239.84,2195
1790004180,239.84,239.87,239.65,239.71,2942
1790004240,239.71,239.83,239.62,239.78,243
1790004300,239.78,239.83,239.58,239.66,1327
1790004360,239.66,239.75,239.43,239.47,2237
1790004420,239.47,239.50,239.35,239.43,2144
1790004480,239.43,239.44,239.40,239.43,937
1790004540,239.43,239.52,239.38,239.48,610
1790004600,239.48,239.55,239.39,239.39,1054
1790004660,239.39,239.40,239.18,239.23,2897
1790004720,239.23,239.34,239.23,239.25,996
1790004780,239.25,239.45,239.19,239.43,1122
1790004840,239.43,239.47,239.38,239.41,2422
1790004900,239.41,239.44,239.19,239.24,1781
1790004960,239.24,239.33,239.13,239.15,63
1790005020,239.15,239.18,238.94,238.97,775
1790005080,238.97,239.22,238.89,239.15,1387
1790005140,239.15,239.21,239.12,239.16,2575
1790005200,239.16,239.20,239.10,239.12,1194
1790005260,239.12,239.17,239.00,239.07,956
1790005320,239.07,239.18,238.99,239.09,764
1790005380,239.09,239.16,238.93,238.94,2905
1790005440,238.94,238.98,238.81,238.82,525
1790005500,238.82,239.03,238.73,238.98,715
1790005560,238.98,239.10,238.95,239.03,697
1790005620,239.03,239.04,238.91,238.99,2733
1790005680,238.99,239.03,238.77,238.81,1886
1790005740,238.81,238.83,238.64,238.66,2109
1790005800,238.66,238.75,238.50,238.54,373
1790005860,238.54,238.55,238.51,238.52,829
1790005920,238.52,238.65,238.49,238.57,276
1790005980,238.57,238.59,238.46,238.55,2650
1790006040,238.55,238.64,238.48,238.55,1781
1790006100,238.55,238.60,238.35,238.44,1254
1790006160,238.44,238.53,238.26,238.28,1971
1790006220,238.28,238.33,238.12,238.20,80
1790006280,238.20,238.24,238.00,238.09,2989
1790006340,238.09,238.17,237.85,237.92,1522
1790006400,237.92,237.98,237.86,237.97,1642
1790006460,237.97,238.18,237.92,238.11,2491
1790006520,238.11,238.17,238.10,238.12,384
1790006580,238.12,238.18,238.03,238.08,1929
1790006640,238.08,238.27,238.08,238.27,1475
1790006700,238.27,238.48,238.18,238.43,330
1790006760,238.43,238.64,238.35,238.61,176
1790006820,238.61,238.70,238.42,238.50,2027
1790006880,238.50,238.53,238.30,238.39,390
1790006940,238.39,238.59,238.34,238.55,925
1790007000,238.55,238.59,238.54,238.55,2279
1790007060,238.55,238.62,238.45,238.51,1661
1790007120,238.51,238.70,238.51,238.67,2989
1790007180,238.67,238.81,238.61,238.78,425
1790007240,238.78,238.83,238.58,238.64,1766
1790007300,238.64,238.84,238.58,238.80,1741
1790007360,238.80,238.92,238.71,238.88,426
1790007420,238.88,238.99,238.81,238.95,1847
1790007480,238.95,239.02,238.85,238.95,1544
1790007540,238.95,238.97,238.83,238.90,627
1790007600,238.90,238.99,238.89,238.96,2537
1790007660,238.96,239.21,238.88,239.13,2690
1790007720,239.13,239.28,239.13,239.20,1228
1790007780,239.20,239.41,239.16,239.32,199
1790007840,239.32,239.48,239.31,239.43,2795
1790007900,239.43,239.62,239.35,239.57,1569
1790007960,239.57,239.67,239.52,239.63,177
1790008020,239.63,239.64,239.49,239.56,2689
1790008080,239.56,239.72,239.47,239.68,1706
1790008140,239.68,239.76,239.54,239.60,2593
1790008200,239.60,239.63,239.56,239.63,2532
1790008260,239.63,239.66,239.51,239.59,1596
1790008320,239.59,239.68,239.46,239.53,2381
1790008380,239.53,239.60,239.38,239.41,547
1790008440,239.41,239.47,239.38,239.40,1672
1790008500,239.40,239.48,239.28,239.34,1752
1790008560,239.34,239.35,239.12,239.18,1305
1790008620,239.18,239.26,238.94,239.01,2943
1790008680,239.01,239.20,238.98,239.18,2471
1790008740,239.18,239.18,238.99,239.00,982
1790008800,239.00,239.13,238.93,239.04,1086
1790008860,239.04,239.13,238.92,238.99,139
1790008920,238.99,239.06,238.81,238.82,1974
1790008980,238.82,238.86,238.77,238.85,2204
1790009040,238.85,238.93,238.76,238.83,844
1790009100,238.83,238.96,238.78,238.92,1522
1790009160,238.92,238.99,238.72,238.80,2906
1790009220,238.80,238.85,238.76,238.77,1369
1790009280,238.77,238.86,238.68,238.77,1120
1790009340,238.77,238.79,238.62,238.64,303
1790009400,238.64,238.69,238.56,238.60,909
1790009460,238.60,238.71,238.56,238.70,2554
1790009520,238.70,238.83,238.66,238.77,485
1790009580,238.77,238.85,238.62,238.68,681
1790009640,238.68,238.70,238.66,238.68,1794
1790009700,238.68,238.75,238.48,238.54,1536
1790009760,238.54,238.65,238.53,238.59,2076
1790009820,238.59,238.61,238.39,238.45,597
1790009880,238.45,238.58,238.36,238.51,551
1790009940,238.51,238.72,238.44,238.70,257
1790010000,238.70,238.70,238.62,238.65,2381
1790010060,238.65,238.74,238.50,238.52,1898
1790010120,238.52,238.59,238.37,238.45,2804
1790010180,238.45,238.51,238.20,238.29,1853
1790010240,238.29,238.55,238.23,238.47,355
1790010300,238.47,238.72,238.40,238.65,1551
1790010360,238.65,238.67,238.43,238.48,1706
1790010420,238.48,238.71,238.46,238.67,974
1790010480,238.67,238.68,238.64,238.66,384
1790010540,238.66,238.74,238.62,238.65,1895
1790010600,238.65,238.70,238.59,238.63,1159
1790010660,238.63,238.69,238.55,238.56,111
1790010720,238.56,238.68,238.54,238.65,327
1790010780,238.65,238.72,238.64,238.66,1940
1790010840,238.66,238.74,238.51,238.58,2798
1790010900,238.58,238.64,238.52,238.58,2671
1790010960,238.58,238.64,238.53,238.59,2933
1790011020,238.59,238.67,238.55,238.56,428
1790011080,238.56,238.57,238.50,238.57,1304
1790011140,238.57,238.60,238.49,238.51,1162
1790011200,238.51,238.55,238.28,238.36,2092
1790011260,238.36,238.37,238.17,238.25,2429
1790011320,238.25,238.50,238.17,238.44,2045
1790011380,238.44,238.48,238.27,238.28,2437
1790011440,238.28,238.48,238.20,238.43,2250
1790011500,238.43,238.44,238.25,238.31,2632
1790011560,238.31,238.32,238.13,238.18,1414
1790011620,238.18,238.44,238.15,238.37,2800
1790011680,238.37,238.44,238.29,238.40,134
1790011740,238.40,238.61,238.33,238.52,1163
1790011800,238.52,238.68,238.43,238.62,2430
1790011860,238.62,238.66,238.43,238.44,307
1790011920,238.44,238.69,238.39,238.61,2529
1790011980,238.61,238.65,238.59,238.61,2892
1790012040,238.61,238.84,238.56,238.75,353
1790012100,238.75,238.81,238.67,238.78,917
1790012160,238.78,238.87,238.69,238.70,2081
1790012220,238.70,238.75,238.70,238.74,2762
1790012280,238.74,238.91,238.64,238.86,1540
1790012340,238.86,238.94,238.65,238.73,2020
1790012400,238.73,238.78,238.51,238.56,469
1790012460,238.56,238.60,238.39,238.43,376
1790012520,238.43,238.51,238.29,238.31,2521
1790012580,238.31,238.37,238.20,238.28,1257
1790012640,238.28,238.49,238.23,238.42,406
1790012700,238.42,238.46,238.32,238.37,2483
1790012760,238.37,238.56,238.37,238.50,64
1790012820,238.50,238.57,238.41,238.49,159
1790012880,238.49,238.57,238.33,238.34,286
1790012940,238.34,238.52,238.33,238.46,2469
1790013000,238.46,238.55,238.40,238.45,2195
1790013060,238.45,238.63,238.40,238.61,668
1790013120,238.61,238.74,238.55,238.68,1342
1790013180,238.68,238.75,238.58,238.61,1986
1790013240,238.61,238.87,238.58,238.80,1573
1790013300,238.80,238.84,238.72,238.78,1485
1790013360,238.78,238.79,238.54,238.61,1575
1790013420,238.61,238.69,238.55,238.62,588
1790013480,238.62,238.71,238.56,238.64,1172
1790013540,238.64,238.85,238.55,238.78,2016
1790048700,238.78,238.86,238.61,238.64,2649
1790048760,238.64,238.68,238.40,238.47,1140
1790048820,238.47,238.55,238.46,238.51,298
1790048880,238.51,238.57,238.43,238.47,98
1790048940,238.47,238.47,238.36,238.42,2348
1790049000,238.42,238.52,238.33,238.40,2823
1790049060,238.40,238.63,238.32,238.59,1798
1790049120,238.59,238.68,238.35,238.43,748
1790049180,238.43,238.61,238.39,238.55,1804
1790049240,238.55,238.62,238.36,238.40,1995
1790049300,238.40,238.43,238.28,238.37,350
1790049360,238.37,238.48,238.29,238.43,2750
1790049420,238.43,238.49,238.36,238.36,2534
1790049480,238.36,238.37,238.18,238.20,384
1790049540,238.20,238.24,237.98,238.07,1756
1790049600,238.07,238.08,238.04,238.07,2029
1790049660,238.07,238.20,238.04,238.12,2211
1790049720,238.12,238.20,237.93,238.02,1782
1790049780,238.02,238.06,237.98,238.06,274
1790049840,238.06,238.12,237.87,237.90,1385
1790049900,237.90,238.05,237.87,237.96,1289
1790049960,237.96,238.20,237.95,238.11,2066
1790050020,238.11,238.14,238.04,238.08,2151
1790050080,238.08,238.30,238.06,238.22,770
1790050140,238.22,238.24,238.01,238.06,2416
1790050200,238.06,238.07,237.90,237.97,1542
1790050260,237.97,238.11,237.95,238.07,222
1790050320,238.07,238.18,238.07,238.17,1671
1790050380,238.17,238.21,237.93,238.02,1600
1790050440,238.02,238.24,237.95,238.16,2041
1790050500,238.16,238.30,238.13,238.24,2814
1790050560,238.24,238.26,238.12,238.19,2162
1790050620,238.19,238.34,238.19,238.33,2446
1790050680,238.33,238.38,238.17,238.19,1741
1790050740,238.19,238.26,238.05,238.11,1344
1790050800,238.11,238.20,238.02,238.19,811
1790050860,238.19,238.28,238.04,238.10,1250
1790050920,238.10,238.33,238.06,238.27,591
1790050980,238.27,238.35,238.25,238.26,1997
1790051040,238.26,238.43,238.24,238.36,1642
1790051100,238.36,238.50,238.34,238.45,1835
1790051160,238.45,238.47,238.28,238.32,1856
1790051220,238.32,238.35,238.21,238.23,297
1790051280,238.23,238.26,238.03,238.12,1795
1790051340,238.12,238.19,238.05,238.18,1345
1790051400,238.18,238.25,238.11,238.22,716
1790051460,238.22,238.40,238.19,238.32,965
1790051520,238.32,238.37,238.20,238.28,1635
1790051580,238.28,238.34,238.21,238.33,464
1790051640,238.33,238.52,238.32,238.49,101
1790051700,238.49,238.59,238.46,238.48,1780
1790051760,238.48,238.51,238.36,238.45,416
1790051820,238.45,238.62,238.45,238.57,2091
1790051880,238.57,238.64,238.32,238.41,1205
1790051940,238.41,238.61,238.33,238.52,961
1790052000,238.52,238.68,238.50,238.67,2133
1790052060,238.67,238.76,238.63,238.69,215
1790052120,238.69,238.82,238.62,238.74,982
1790052180,238.74,238.97,238.65,238.91,1789
1790052240,238.91,238.93,238.71,238.79,1417
1790052300,238.79,238.95,238.74,238.93,2573
1790052360,238.93,238.96,238.88,238.95,2698
1790052420,238.95,238.98,238.80,238.84,2788
1790052480,238.84,238.92,238.83,238.84,1056
1790052540,238.84,238.98,238.84,238.94,2097
1790052600,238.94,239.16,238.89,239.07,2900
1790052660,239.07,239.27,239.00,239.20,1198
1790052720,239.20,239.33,239.18,239.30,1754
1790052780,239.30,239.34,239.13,239.17,2035
1790052840,239.17,239.26,239.15,239.22,1260
1790052900,239.22,239.27,239.04,239.12,910
1790052960,239.12,239.19,239.04,239.12,446
1790053020,239.12,239.20,239.04,239.14,2152
1790053080,239.14,239.15,238.95,239.01,2748
1790053140,239.01,239.15,239.01,239.10,2526
1790053200,239.10,239.11,239.05,239.06,2492
1790053260,239.06,239.14,238.83,238.91,361
1790053320,238.91,238.95,238.79,238.86,1176
1790053380,238.86,238.92,238.74,238.78,830
1790053440,238.78,238.80,238.57,238.62,246
1790053500,238.62,238.82,238.54,238.76,408
1790053560,238.76,238.83,238.72,238.78,68
1790053620,238.78,238.93,238.69,238.88,346
1790053680,238.88,238.91,238.83,238.83,455
1790053740,238.83,238.83,238.78,238.80,2062
1790053800,238.80,239.06,238.72,238.99,313
1790053860,238.99,239.19,238.95,239.15,1520
1790053920,239.15,239.26,239.07,239.22,1547
1790053980,239.22,239.31,238.96,239.05,2309
1790054040,239.05,239.05,238.93,238.96,1793
1790054100,238.96,239.03,238.88,238.91,2397
1790054160,238.91,238.97,238.91,238.91,2835
1790054220,238.91,238.99,238.83,238.96,124
1790054280,238.96,239.04,238.77,238.78,472
1790054340,238.78,238.98,238.76,238.91,312
1790054400,238.91,239.00,238.72,238.75,1178
1790054460,238.75,238.87,238.74,238.83,1215
1790054520,238.83,238.86,238.69,238.78,1213
1790054580,238.78,238.94,238.75,238.88,631
1790054640,238.88,238.97,238.77,238.83,960
1790054700,238.83,238.88,238.72,238.80,1037
1790054760,238.80,238.89,238.75,238.81,732
1790054820,238.81,239.04,238.72,238.96,1483
1790054880,238.96,239.11,238.91,239.09,1277
1790054940,239.09,239.18,239.06,239.07,195
1790055000,239.07,239.15,239.01,239.09,1061
1790055060,239.09,239.13,239.04,239.07,1308
1790055120,239.07,239.16,239.00,239.07,2499
1790055180,239.07,239.16,238.89,238.95,1790
1790055240,238.95,238.95,238.70,238.78,2621
1790055300,238.78,239.04,238.73,238.96,1610
1790055360,238.96,239.00,238.85,238.90,1643
1790055420,238.90,238.99,238.68,238.75,1213
1790055480,238.75,238.96,238.68,238.91,2369
1790055540,238.91,239.12,238.82,239.07,262
1790055600,239.07,239.10,239.00,239.09,2933
1790055660,239.09,239.10,238.89,238.92,2789
1790055720,238.92,239.03,238.89,238.94,1333
1790055780,238.94,238.96,238.79,238.80,2174
1790055840,238.80,238.81,238.65,238.65,128
1790055900,238.65,238.87,238.62,238.80,1734
1790055960,238.80,238.84,238.58,238.67,1887
1790056020,238.67,238.75,238.47,238.54,1533
1790056080,238.54,238.62,238.36,238.39,2719
1790056140,238.39,238.44,238.18,238.23,673
1790056200,238.23,238.29,238.08,238.08,531
1790056260,238.08,238.13,238.05,238.10,2026
1790056320,238.10,238.10,238.03,238.09,2559
1790056380,238.09,238.19,238.07,238.11,2426
1790056440,238.11,238.22,238.03,238.20,2036
1790056500,238.20,238.27,238.00,238.08,1966
1790056560,238.08,238.16,237.95,237.98,1007
1790056620,237.98,238.16,237.92,238.14,1700
1790056680,238.14,238.26,238.05,238.18,743
1790056740,238.18,238.29,238.18,238.27,2450
1790056800,238.27,238.30,238.10,238.12,333
1790056860,238.12,238.20,237.92,238.01,743
1790056920,238.01,238.10,237.99,238.05,2706
1790056980,238.05,238.21,238.05,238.13,1203
1790057040,238.13,238.30,238.04,238.27,2059
1790057100,238.27,238.55,238.20,238.46,862
1790057160,238.46,238.47,238.40,238.43,2173
1790057220,238.43,238.69,238.42,238.60,1637
1790057280,238.60,238.60,238.42,238.47,2744
1790057340,238.47,238.56,238.43,238.49,1241
1790057400,238.49,238.65,238.42,238.64,1169
1790057460,238.64,238.90,238.56,238.83,2353
1790057520,238.83,238.99,238.79,238.94,1164
1790057580,238.94,238.97,238.77,238.85,469
1790057640,238.85,238.94,238.78,238.85,300
1790057700,238.85,238.90,238.82,238.88,1925
1790057760,238.88,238.94,238.80,238.87,2048
1790057820,238.87,238.88,238.69,238.77,499
1790057880,238.77,238.98,238.69,238.93,2705
1790057940,238.93,238.97,238.80,238.83,1991
1790058000,238.83,238.88,238.66,238.75,1190
1790058060,238.75,238.85,238.72,238.78,2429
1790058120,238.78,238.82,238.63,238.67,1937
1790058180,238.67,238.90,238.59,238.87,1918
1790058240,238.87,239.00,238.78,238.99,1061
1790058300,238.99,239.20,238.94,239.18,1980
1790058360,239.18,239.28,239.14,239.26,2204
1790058420,239.26,239.38,239.17,239.29,355
1790058480,239.29,239.34,239.21,239.34,273
1790058540,239.34,239.43,239.26,239.27,2279
1790058600,239.27,239.36,239.18,239.22,2396
1790058660,239.22,239.32,239.21,239.30,1679
1790058720,239.30,239.39,239.29,239.37,439
1790058780,239.37,239.46,239.30,239.36,315
1790058840,239.36,239.56,239.29,239.53,1054
1790058900,239.53,239.58,239.41,239.43,898
1790058960,239.43,239.47,239.43,239.44,2882
1790059020,239.44,239.53,239.41,239.46,2635
1790059080,239.46,239.48,239.20,239.29,197
1790059140,239.29,239.44,239.20,239.37,1428
1790059200,239.37,239.46,239.21,239.21,1211
1790059260,239.21,239.40,239.15,239.33,2024
1790059320,239.33,239.40,239.28,239.29,103
1790059380,239.29,239.36,239.14,239.19,2438
1790059440,239.19,239.29,239.16,239.27,1188
1790059500,239.27,239.29,239.16,239.16,2758
1790059560,239.16,239.31,239.15,239.29,893
1790059620,239.29,239.53,239.25,239.47,568
1790059680,239.47,239.49,239.39,239.41,975
1790059740,239.41,239.50,239.36,239.42,2211
1790059800,239.42,239.52,239.36,239.49,2445
1790059860,239.49,239.57,239.43,239.54,965
1790059920,239.54,239.62,239.51,239.60,1597
1790059980,239.60,239.65,239.57,239.60,2666
1790060040,239.60,239.77,239.55,239.76,1759
1790060100,239.76,239.87,239.69,239.84,2283
1790060160,239.84,239.93,239.72,239.79,2950
1790060220,239.79,239.81,239.75,239.78,2491
1790060280,239.78,239.91,239.71,239.86,2489
1790060340,239.86,239.93,239.83,239.91,1611
1790060400,239.91,240.02,239.85,239.94,2388
1790060460,239.94,240.02,239.78,239.85,2325
1790060520,239.85,240.07,239.81,240.03,1162
1790060580,240.03,240.12,239.96,239.96,977
1790060640,239.96,240.10,239.92,240.02,1990
1790060700,240.02,240.14,239.94,240.07,1322
1790060760,240.07,240.27,239.99,240.22,2802
1790060820,240.22,240.40,240.19,240.36,2122
1790060880,240.36,240.49,240.36,240.49,2685
1790060940,240.49,240.67,240.44,240.58,1486
1790061000,240.58,240.67,240.50,240.50,307
1790061060,240.50,240.71,240.45,240.62,2439
1790061120,240.62,240.66,240.60,240.62,2339
1790061180,240.62,240.77,240.53,240.71,2683
1790061240,240.71,240.90,240.62,240.88,2172
1790061300,240.88,240.95,240.62,240.71,1531
1790061360,240.71,240.78,240.51,240.56,855
1790061420,240.56,240.73,240.50,240.71,2229
1790061480,240.71,240.80,240.61,240.65,2167
1790061540,240.65,240.78,240.59,240.71,2825
1790061600,240.71,240.71,240.49,240.53,1387
1790061660,240.53,240.58,240.36,240.45,631
1790061720,240.45,240.46,240.22,240.31,1550
1790061780,240.31,240.58,240.27,240.50,1541
1790061840,240.50,240.74,240.40,240.69,327
1790061900,240.69,240.71,240.56,240.65,1054
1790061960,240.65,240.81,240.61,240.77,2273
1790062020,240.77,240.79,240.66,240.68,577
1790062080,240.68,240.81,240.61,240.72,142
1790062140,240.72,240.76,240.64,240.66,1785
1790062200,240.66,240.79,240.65,240.76,2325
1790062260,240.76,240.77,240.58,240.65,1652
1790062320,240.65,240.76,240.58,240.67,410
1790062380,240.67,240.83,240.62,240.78,2278
1790062440,240.78,240.79,240.57,240.63,2541
1790062500,240.63,240.65,240.37,240.46,2823
1790062560,240.46,240.68,240.37,240.61,60
1790062620,240.61,240.65,240.43,240.45,1597
1790062680,240.45,240.49,240.35,240.38,158
1790062740,240.38,240.39,240.22,240.23,2155
1790062800,240.23,240.40,240.21,240.31,1129
1790062860,240.31,240.32,240.26,240.30,184
1790062920,240.30,240.39,240.19,240.28,732
1790062980,240.28,240.45,240.23,240.41,1593
1790063040,240.41,240.43,240.29,240.38,1316
1790063100,240.38,240.45,240.20,240.25,395
1790063160,240.25,240.35,240.17,240.33,1115
1790063220,240.33,240.38,240.15,240.21,2809
1790063280,240.21,240.48,240.19,240.39,488
1790063340,240.39,240.65,240.34,240.59,2264
1790063400,240.59,240.67,240.48,240.54,394
1790063460,240.54,240.63,240.46,240.53,2778
1790063520,240.53,240.76,240.47,240.68,2701
1790063580,240.68,240.75,240.54,240.59,2817
1790063640,240.59,240.60,240.51,240.57,798
1790063700,240.57,240.57,240.42,240.50,2721
1790063760,240.50,240.50,240.40,240.43,2638
1790063820,240.43,240.47,240.28,240.33,2455
1790063880,240.33,240.43,240.32,240.42,866
1790063940,240.42,240.45,240.24,240.30,2284
1790064000,240.30,240.39,240.25,240.30,1078
1790064060,240.30,240.52,240.23,240.45,789
1790064120,240.45,240.47,240.34,240.41,2679
1790064180,240.41,240.60,240.37,240.58,973
1790064240,240.58,240.64,240.32,240.40,1409
1790064300,240.40,240.55,240.33,240.47,1491
1790064360,240.47,240.55,240.38,240.40,353
1790064420,240.40,240.49,240.33,240.46,291
1790064480,240.46,240.55,240.38,240.45,1257
1790064540,240.45,240.53,240.45,240.48,1686
1790064600,240.48,240.48,240.37,240.42,2989
1790064660,240.42,240.55,240.33,240.49,1510
1790064720,240.49,240.64,240.47,240.57,1523
1790064780,240.57,240.61,240.56,240.59,1998
1790064840,240.59,240.69,240.47,240.47,222
1790064900,240.47,240.56,240.41,240.50,362
1790064960,240.50,240.56,240.45,240.49,101
1790065020,240.49,240.49,240.41,240.48,1527
1790065080,240.48,240.56,240.47,240.54,1973
1790065140,240.54,240.61,240.40,240.48,2014
1790065200,240.48,240.72,240.44,240.65,2667
1790065260,240.65,240.68,240.42,240.47,848
1790065320,240.47,240.61,240.45,240.60,1708
1790065380,240.60,240.69,240.50,240.59,2247
1790065440,240.59,240.63,240.51,240.56,169
1790065500,240.56,240.64,240.45,240.45,2007
1790065560,240.45,240.52,240.18,240.26,894
1790065620,240.26,240.30,240.06,240.09,1458
1790065680,240.09,240.13,239.96,239.97,2697
1790065740,239.97,240.04,239.84,239.85,595
1790065800,239.85,239.87,239.68,239.70,1137
1790065860,239.70,239.85,239.70,239.83,2063
1790065920,239.83,239.87,239.73,239.75,2852
1790065980,239.75,239.82,239.59,239.63,206
1790066040,239.63,239.76,239.55,239.69,815
1790066100,239.69,239.71,239.64,239.66,1198
1790066160,239.66,239.84,239.62,239.77,319
1790066220,239.77,239.91,239.72,239.90,2086
1790066280,239.90,239.93,239.74,239.83,164
1790066340,239.83,239.96,239.75,239.90,2449
1790066400,239.90,240.01,239.90,239.99,1999
1790066460,239.99,240.03,239.85,239.88,1246
1790066520,239.88,240.05,239.86,240.04,1351
1790066580,240.04,240.25,239.97,240.17,2523
1790066640,240.17,240.43,240.11,240.35,259
1790066700,240.35,240.56,240.27,240.47,633
1790066760,240.47,240.65,240.41,240.60,2437
1790066820,240.60,240.77,240.56,240.73,2983
1790066880,240.73,240.90,240.68,240.89,779
1790066940,240.89,240.94,240.78,240.80,1247
1790067000,240.80,240.89,240.76,240.78,2292
1790067060,240.78,240.92,240.70,240.91,1443
1790067120,240.91,240.96,240.90,240.95,2622
1790067180,240.95,241.02,240.79,240.79,2382
1790067240,240.79,240.87,240.65,240.73,1943
1790067300,240.73,240.87,240.67,240.82,1499
1790067360,240.82,240.92,240.77,240.90,2309
1790067420,240.90,240.95,240.77,240.83,1185
1790067480,240.83,240.90,240.77,240.88,2512
1790067540,240.88,241.00,240.85,240.99,2115
1790067600,240.99,241.09,240.97,241.07,2166
1790067660,241.07,241.12,240.92,241.01,386
1790067720,241.01,241.08,240.76,240.85,1335
1790067780,240.85,240.99,240.78,240.94,2805
1790067840,240.94,241.01,240.90,240.91,1775
1790067900,240.91,240.95,240.89,240.94,253
1790067960,240.94,241.02,240.91,240.95,2654
1790068020,240.95,240.97,240.82,240.82,749
1790068080,240.82,240.83,240.71,240.80,1658
1790068140,240.80,240.88,240.70,240.72,644
1790068200,240.72,240.76,240.59,240.66,1696
1790068260,240.66,240.72,240.60,240.70,209
1790068320,240.70,240.78,240.66,240.71,282
1790068380,240.71,240.78,240.52,240.53,1847
1790068440,240.53,240.54,240.32,240.34,1876
1790068500,240.34,240.34,240.15,240.24,2697
1790068560,240.24,240.40,240.15,240.33,1781
1790068620,240.33,240.39,240.27,240.38,1633
1790068680,240.38,240.47,240.35,240.39,454
1790068740,240.39,240.45,240.30,240.35,1113
1790068800,240.35,240.37,240.14,240.18,1340
1790068860,240.18,240.36,240.16,240.27,2026
1790068920,240.27,240.30,240.04,240.09,434
1790068980,240.09,240.21,240.00,240.16,877
1790069040,240.16,240.24,240.07,240.15,2734
1790069100,240.15,240.16,239.99,240.03,1120
1790069160,240.03,240.12,239.81,239.86,559
1790069220,239.86,239.96,239.84,239.87,1190
1790069280,239.87,240.02,239.82,239.94,142
1790069340,239.94,240.06,239.92,240.01,2299
1790069400,240.01,240.04,239.95,240.01,859
1790069460,240.01,240.10,239.93,240.05,2937
1790069520,240.05,240.30,239.99,240.21,1782
1790069580,240.21,240.37,240.19,240.32,2922
1790069640,240.32,240.43,240.28,240.43,2501
1790069700,240.43,240.43,240.38,240.39,107
1790069760,240.39,240.40,240.21,240.25,2470
1790069820,240.25,240.53,240.19,240.44,2781
1790069880,240.44,240.51,240.40,240.50,2557
1790069940,240.50,240.52,240.43,240.50,1604
1790070000,240.50,240.56,240.29,240.32,1631
1790070060,240.32,240.38,240.19,240.25,392
1790070120,240.25,240.37,240.22,240.31,1946
1790070180,240.31,240.34,240.14,240.18,1355
1790070240,240.18,240.23,240.04,240.06,1346
1790070300,240.06,240.07,239.90,239.90,2890
1790070360,239.90,239.97,239.76,239.85,2074
1790070420,239.85,239.88,239.66,239.71,1804
1790070480,239.71,239.79,239.54,239.62,2453
1790070540,239.62,239.78,239.55,239.72,1471
1790070600,239.72,239.77,239.70,239.74,1157
1790070660,239.74,239.90,239.67,239.81,937
1790070720,239.81,239.99,239.74,239.90,2818
1790070780,239.90,239.93,239.68,239.72,2904
1790070840,239.72,239.78,239.70,239.75,1723
1790070900,239.75,239.91,239.66,239.82,953
1790070960,239.82,239.88,239.64,239.68,899
1790071020,239.68,239.75,239.61,239.70,1666
1790071080,239.70,239.90,239.61,239.84,2218
1790071140,239.84,240.05,239.81,239.99,1188
1790071200,239.99,240.24,239.90,240.18,467
1790071260,240.18,240.29,240.12,240.24,2774
1790071320,240.24,240.32,240.19,240.21,1350
1790071380,240.21,240.22,240.11,240.19,1847
1790071440,240.19,240.27,240.12,240.14,2974
1790071500,240.14,240.23,240.07,240.18,518
1790071560,240.18,240.19,240.10,240.11,1032
1790071620,240.11,240.18,240.08,240.09,2823
1790071680,240.09,240.17,239.85,239.91,140
1790071740,239.91,240.17,239.85,240.09,1767
1790071800,240.09,240.13,239.86,239.94,2081
1790071860,239.94,239.96,239.86,239.87,2166
1790071920,239.87,240.05,239.83,240.02,101
1790071980,240.02,240.05,239.90,239.98,1471
1790072040,239.98,240.21,239.90,240.13,1582
1790072100,240.13,240.15,240.07,240.12,2065
1790072160,240.12,240.25,240.08,240.22,1980
1790072220,240.22,240.31,240.16,240.24,1542
1790072280,240.24,240.30,240.05,240.14,393
1790072340,240.14,240.20,240.06,240.19,223
1790072400,240.19,240.23,239.97,240.01,453
1790072460,240.01,240.02,239.90,239.95,2143
1790072520,239.95,240.15,239.94,240.14,475
1790072580,240.14,240.15,239.95,239.96,2519
1790072640,239.96,240.17,239.87,240.15,75
1790072700,240.15,240.32,240.13,240.28,367
1790072760,240.28,240.42,240.20,240.34,2124
1790072820,240.34,240.41,240.23,240.31,2392
1790072880,240.31,240.56,240.26,240.49,308
1790072940,240.49,240.64,240.46,240.61,2082
1790073000,240.61,240.78,240.55,240.71,1308
1790073060,240.71,240.81,240.66,240.76,305
1790073120,240.76,240.79,240.75,240.78,1247
1790073180,240.78,240.86,240.63,240.65,1764
1790073240,240.65,240.68,240.49,240.54,1399
1790073300,240.54,240.62,240.42,240.45,938
1790073360,240.45,240.48,240.33,240.35,718
1790073420,240.35,240.41,240.35,240.41,1856
1790073480,240.41,240.57,240.38,240.55,365
1790073540,240.55,240.73,240.50,240.66,441
1790073600,240.66,240.73,240.60,240.62,1049
1790073660,240.62,240.69,240.56,240.64,429
1790073720,240.64,240.75,240.55,240.66,1369
1790073780,240.66,240.89,240.62,240.80,2638
1790073840,240.80,240.84,240.75,240.77,814
1790073900,240.77,240.80,240.67,240.71,1536
1790073960,240.71,240.76,240.48,240.53,2725
1790074020,240.53,240.57,240.45,240.56,1346
1790074080,240.56,240.74,240.55,240.70,1677
1790074140,240.70,240.87,240.63,240.78,2316
1790074200,240.78,240.87,240.71,240.87,2223
1790074260,240.87,240.93,240.67,240.74,2891
1790074320,240.74,240.91,240.67,240.87,1277
1790074380,240.87,240.92,240.79,240.90,362
1790074440,240.90,240.96,240.79,240.82,74
1790074500,240.82,241.06,240.77,240.99,1262
1790074560,240.99,241.03,240.78,240.84,1520
1790074620,240.84,241.04,240.82,240.96,1354
1790074680,240.96,241.05,240.91,241.01,877
1790074740,241.01,241.12,240.98,241.05,1317
1790074800,241.05,241.22,241.04,241.16,567
1790074860,241.16,241.20,241.06,241.14,1897
1790074920,241.14,241.26,241.11,241.17,192
1790074980,241.17,241.30,241.09,241.23,2937
1790075040,241.23,241.26,241.17,241.23,2069
1790075100,241.23,241.25,241.03,241.04,2849
1790075160,241.04,241.06,240.86,240.94,465
1790075220,240.94,241.07,240.89,241.02,1710
1790075280,241.02,241.11,240.93,240.95,1013
1790075340,240.95,241.05,240.86,241.01,2190
1790075400,241.01,241.14,240.92,241.05,2527
1790075460,241.05,241.10,240.97,241.09,2570
1790075520,241.09,241.17,241.01,241.12,978
1790075580,241.12,241.19,240.92,240.96,1616
1790075640,240.96,240.97,240.85,240.94,568
1790075700,240.94,241.04,240.85,240.97,160
1790075760,240.97,241.04,240.89,240.96,2311
1790075820,240.96,241.02,240.93,240.97,355
1790075880,240.97,241.06,240.89,240.90,169
1790075940,240.90,240.93,240.80,240.83,320
1790076000,240.83,240.92,240.76,240.82,410
1790076060,240.82,240.93,240.77,240.91,1869
1790076120,240.91,240.98,240.81,240.90,1563
1790076180,240.90,240.98,240.87,240.88,2536
1790076240,240.88,240.97,240.66,240.70,2621
1790076300,240.70,240.70,240.63,240.66,180
1790076360,240.66,240.73,240.56,240.56,564
1790076420,240.56,240.63,240.54,240.59,423
1790076480,240.59,240.78,240.52,240.70,1869
1790076540,240.70,240.78,240.55,240.58,791
1790076600,240.58,240.59,240.45,240.48,2502
1790076660,240.48,240.62,240.41,240.54,1499
1790076720,240.54,240.67,240.54,240.64,1269
1790076780,240.64,240.86,240.57,240.81,1354
1790076840,240.81,240.91,240.72,240.86,176
1790076900,240.86,240.89,240.74,240.74,272
1790076960,240.74,240.81,240.67,240.74,1706
1790077020,240.74,240.79,240.52,240.59,664
1790077080,240.59,240.64,240.53,240.63,739
1790077140,240.63,240.77,240.59,240.72,1289
1790077200,240.72,240.77,240.50,240.54,966
1790077260,240.54,240.62,240.47,240.49,907
1790077320,240.49,240.52,240.26,240.36,1929
1790077380,240.36,240.56,240.35,240.53,2773
1790077440,240.53,240.55,240.35,240.38,2631
1790077500,240.38,240.39,240.18,240.22,681
1790077560,240.22,240.34,240.14,240.26,2387
1790077620,240.26,240.45,240.19,240.40,436
1790077680,240.40,240.44,240.26,240.26,1979
1790077740,240.26,240.48,240.19,240.41,2037
1790077800,240.41,240.48,240.37,240.44,2487
1790077860,240.44,240.46,240.41,240.46,1025
1790077920,240.46,240.53,240.29,240.30,1484
1790077980,240.30,240.35,240.14,240.17,2697
1790078040,240.17,240.19,239.96,240.03,1705
1790078100,240.03,240.26,239.99,240.22,1994
1790078160,240.22,240.32,240.17,240.24,1420
1790078220,240.24,240.28,240.14,240.14,1109
1790078280,240.14,240.22,240.11,240.15,1928
1790078340,240.15,240.28,240.09,240.23,1653
1790078400,240.23,240.30,240.16,240.25,448
1790078460,240.25,240.27,240.11,240.20,1784
1790078520,240.20,240.21,240.01,240.06,2044
1790078580,240.06,240.07,239.81,239.88,501
1790078640,239.88,239.95,239.66,239.69,2082
1790078700,239.69,239.78,239.68,239.70,1971
1790078760,239.70,239.84,239.61,239.77,1413
1790078820,239.77,239.84,239.65,239.67,1700
1790078880,239.67,239.71,239.67,239.69,1512
1790078940,239.69,239.79,239.66,239.76,945
1790079000,239.76,240.00,239.73,239.91,342
1790079060,239.91,240.10,239.88,240.07,1167
1790079120,240.07,240.28,240.01,240.26,2828
1790079180,240.26,240.35,240.18,240.18,2164
1790079240,240.18,240.19,240.10,240.14,1717
1790079300,240.14,240.19,240.02,240.06,1303
1790079360,240.06,240.32,240.05,240.23,2483
1790079420,240.23,240.25,240.04,240.09,2108
1790079480,240.09,240.18,239.99,240.07,1805
1790079540,240.07,240.17,240.00,240.07,984
1790079600,240.07,240.13,240.00,240.05,220
1790079660,240.05,240.07,239.86,239.89,1720
1790079720,239.89,239.92,239.76,239.77,1839
1790079780,239.77,239.98,239.77,239.91,1064
1790079840,239.91,240.03,239.89,239.94,2788
1790079900,239.94,239.99,239.81,239.84,2403
1790079960,239.84,240.01,239.79,239.92,956
1790080020,239.92,239.96,239.77,239.79,1204
1790080080,239.79,239.80,239.71,239.72,2096
1790080140,239.72,239.75,239.52,239.55,2049
1790080200,239.55,239.68,239.49,239.63,2407
1790080260,239.63,239.71,239.40,239.48,2104
1790080320,239.48,239.71,239.48,239.66,1710
1790080380,239.66,239.87,239.65,239.79,2712
1790080440,239.79,239.85,239.69,239.73,443
1790080500,239.73,239.92,239.69,239.83,2227
1790080560,239.83,239.90,239.64,239.67,2136
1790080620,239.67,239.75,239.64,239.72,783
1790080680,239.72,239.80,239.70,239.75,2002
1790080740,239.75,239.93,239.68,239.89,2482
1790080800,239.89,239.97,239.71,239.74,2064
1790080860,239.74,239.81,239.65,239.70,1476
1790080920,239.70,239.72,239.49,239.53,1177
1790080980,239.53,239.72,239.44,239.70,2194
1790081040,239.70,239.79,239.50,239.57,1154
1790081100,239.57,239.61,239.56,239.60,1882
1790081160,239.60,239.68,239.48,239.48,1076
1790081220,239.48,239.56,239.48,239.52,2566
1790081280,239.52,239.75,239.52,239.70,2873
1790081340,239.70,239.82,239.67,239.75,1215
1790081400,239.75,239.83,239.56,239.62,1165
1790081460,239.62,239.89,239.59,239.80,1034
1790081520,239.80,239.88,239.75,239.83,2827
1790081580,239.83,239.96,239.81,239.93,2834
1790081640,239.93,240.09,239.88,240.02,1828
1790081700,240.02,240.11,239.93,240.09,1894
1790081760,240.09,240.14,239.94,239.98,1227
1790081820,239.98,240.07,239.85,239.86,1328
1790081880,239.86,239.92,239.84,239.89,2309
1790081940,239.89,239.96,239.83,239.89,877
1790082000,239.89,239.95,239.82,239.89,301
1790082060,239.89,240.07,239.88,240.06,1903
1790082120,240.06,240.07,239.97,239.99,2641
1790082180,239.99,240.06,239.82,239.89,2847
1790082240,239.89,240.06,239.87,240.06,1334
1790082300,240.06,240.15,240.04,240.06,1836
1790082360,240.06,240.07,239.98,240.02,1258
1790082420,240.02,240.07,239.84,239.88,81
1790082480,239.88,239.90,239.71,239.72,2999
1790082540,239.72,239.80,239.63,239.70,345
1790082600,239.70,239.78,239.66,239.67,263
1790082660,239.67,239.78,239.65,239.76,2497
1790082720,239.76,239.84,239.68,239.81,1398
1790082780,239.81,239.84,239.73,239.82,1743
1790082840,239.82,239.85,239.75,239.83,2568
1790082900,239.83,239.99,239.78,239.92,2431
1790082960,239.92,240.00,239.84,239.98,88
1790083020,239.98,240.10,239.93,240.03,391
1790083080,240.03,240.04,239.97,239.97,2105
1790083140,239.97,240.10,239.89,240.09,509
1790083200,240.09,240.29,240.01,240.24,2555
1790083260,240.24,240.40,240.19,240.30,2529
1790083320,240.30,240.35,240.23,240.28,797
1790083380,240.28,240.36,240.10,240.14,2132
1790083440,240.14,240.17,240.02,240.06,1503
1790083500,240.06,240.08,240.02,240.04,2659
1790083560,240.04,240.21,240.03,240.14,1354
1790083620,240.14,240.15,239.96,240.03,1314
1790083680,240.03,240.08,239.86,239.95,621
1790083740,239.95,240.17,239.93,240.11,1956
1790083800,240.11,240.30,240.05,240.21,271
1790083860,240.21,240.24,240.11,240.11,1467
1790083920,240.11,240.23,240.07,240.20,1528
1790083980,240.20,240.31,240.13,240.27,2035
1790084040,240.27,240.36,240.20,240.21,2726
1790084100,240.21,240.36,240.15,240.36,1012
1790084160,240.36,240.48,240.27,240.47,1747
1790084220,240.47,240.63,240.39,240.61,1878
1790084280,240.61,240.69,240.40,240.47,1404
1790084340,240.47,240.52,240.41,240.51,1471
1790084400,240.51,240.66,240.44,240.60,2652
1790084460,240.60,240.70,240.53,240.67,2706
1790084520,240.67,240.82,240.59,240.79,2953
1790084580,240.79,240.85,240.72,240.82,2111
1790084640,240.82,240.85,240.73,240.76,582
1790084700,240.76,240.80,240.63,240.69,1628
1790084760,240.69,240.78,240.65,240.70,2643
1790084820,240.70,240.79,240.69,240.76,635
1790084880,240.76,240.82,240.66,240.68,706
1790084940,240.68,240.75,240.55,240.61,1530
1790085000,240.61,240.62,240.46,240.53,1652
1790085060,240.53,240.61,240.45,240.46,2612
1790085120,240.46,240.46,240.26,240.27,1045
1790085180,240.27,240.44,240.25,240.40,931
1790085240,240.40,240.42,240.18,240.22,2657
1790085300,240.22,240.47,240.20,240.38,1642
1790085360,240.38,240.44,240.22,240.29,2825
1790085420,240.29,240.34,240.09,240.13,1744
1790085480,240.13,240.26,240.04,240.18,768
1790085540,240.18,240.26,240.16,240.25,2101
1790085600,240.25,240.40,240.17,240.35,1789
1790085660,240.35,240.42,240.18,240.22,2418
1790085720,240.22,240.30,240.18,240.20,398
1790085780,240.20,240.27,240.10,240.16,1220
1790085840,240.16,240.30,240.13,240.28,1960
1790085900,240.28,240.29,240.05,240.13,1384
1790085960,240.13,240.25,240.06,240.20,144
1790086020,240.20,240.32,240.14,240.23,2849
1790086080,240.23,240.48,240.22,240.42,1227
1790086140,240.42,240.48,240.20,240.24,1554
1790086200,240.24,240.33,240.12,240.17,641
1790086260,240.17,240.20,240.10,240.12,2575
1790086320,240.12,240.17,239.97,240.01,1329
1790086380,240.01,240.18,239.95,240.12,1871
1790086440,240.12,240.25,240.03,240.21,1777
1790086500,240.21,240.24,240.01,240.03,1550
1790086560,240.03,240.05,239.93,239.94,2168
1790086620,239.94,240.01,239.90,239.99,439
1790086680,239.99,240.20,239.96,240.12,623
1790086740,240.12,240.23,240.11,240.17,1227
1790086800,240.17,240.25,240.04,240.12,278
1790086860,240.12,240.14,240.10,240.12,1225
1790086920,240.12,240.17,239.89,239.96,1804
1790086980,239.96,240.14,239.91,240.06,2886
1790087040,240.06,240.23,239.97,240.13,376
1790087100,240.13,240.17,239.97,239.99,2990
1790087160,239.99,240.02,239.79,239.85,2970
1790087220,239.85,239.89,239.65,239.75,428
1790087280,239.75,239.80,239.67,239.69,497
1790087340,239.69,239.71,239.69,239.70,167
1790087400,239.70,239.77,239.48,239.54,299
1790087460,239.54,239.63,239.50,239.55,87
1790087520,239.55,239.59,239.43,239.48,1909
1790087580,239.48,239.62,239.45,239.53,2710
1790087640,239.53,239.66,239.44,239.58,588
1790087700,239.58,239.64,239.56,239.62,2074
1790087760,239.62,239.69,239.59,239.64,703
1790087820,239.64,239.71,239.60,239.68,1613
1790087880,239.68,239.96,239.68,239.87,1155
1790087940,239.87,240.02,239.82,240.00,1024
1790088000,240.00,240.23,239.93,240.17,2516
1790088060,240.17,240.36,240.12,240.32,1057
1790088120,240.32,240.35,240.18,240.23,2012
1790088180,240.23,240.31,240.08,240.12,2693
1790088240,240.12,240.24,240.07,240.15,2886
1790088300,240.15,240.18,240.11,240.16,2852
1790088360,240.16,240.42,240.10,240.33,2154
1790088420,240.33,240.60,240.32,240.51,1420
1790088480,240.51,240.57,240.44,240.46,58
1790088540,240.46,240.49,240.38,240.46,540
1790088600,240.46,240.55,240.20,240.29,886
1790088660,240.29,240.50,240.26,240.42,460
1790088720,240.42,240.43,240.33,240.41,2647
1790088780,240.41,240.51,240.33,240.46,2287
1790088840,240.46,240.53,240.25,240.34,2707
1790088900,240.34,240.51,240.30,240.43,1063
1790088960,240.43,240.44,240.31,240.34,1698
1790089020,240.34,240.41,240.30,240.37,745
1790089080,240.37,240.41,240.15,240.24,1789
1790089140,240.24,240.25,240.12,240.13,448
1790089200,240.13,240.24,240.11,240.19,2444
1790089260,240.19,240.21,239.96,240.04,2527
1790089320,240.04,240.22,239.96,240.17,2228
1790089380,240.17,240.26,240.11,240.15,853
1790089440,240.15,240.23,240.15,240.17,2257
1790089500,240.17,240.25,240.12,240.17,150
1790089560,240.17,240.31,240.10,240.26,697
1790089620,240.26,240.33,240.21,240.31,193
1790089680,240.31,240.43,240.29,240.36,613
1790089740,240.36,240.44,240.34,240.38,207
1790089800,240.38,240.42,240.20,240.27,266
1790089860,240.27,240.38,240.19,240.32,772
1790089920,240.32,240.55,240.31,240.49,1699
1790089980,240.49,240.53,240.28,240.34,2590
1790090040,240.34,240.54,240.33,240.52,1631
1790090100,240.52,240.58,240.49,240.51,1802
1790090160,240.51,240.75,240.50,240.68,1992
1790090220,240.68,240.77,240.61,240.74,2871
1790090280,240.74,240.83,240.65,240.70,105
1790090340,240.70,240.75,240.49,240.53,206
1790090400,240.53,240.68,240.50,240.63,2945
1790090460,240.63,240.63,240.42,240.51,702
1790090520,240.51,240.55,240.35,240.37,1054
1790090580,240.37,240.44,240.31,240.37,1721
1790090640,240.37,240.38,240.27,240.28,2533
1790090700,240.28,240.31,240.22,240.30,2006
1790090760,240.30,240.47,240.28,240.46,359
1790090820,240.46,240.66,240.38,240.60,1415
1790090880,240.60,240.72,240.53,240.72,2905
1790090940,240.72,240.74,240.63,240.67,2774
1790091000,240.67,240.89,240.62,240.80,775
1790091060,240.80,240.84,240.58,240.62,2064
1790091120,240.62,240.71,240.51,240.58,2684
1790091180,240.58,240.64,240.48,240.53,1859
1790091240,240.53,240.74,240.52,240.68,266
1790091300,240.68,240.90,240.64,240.82,1506
1790091360,240.82,240.92,240.77,240.85,1413
1790091420,240.85,241.08,240.83,241.02,2988
1790091480,241.02,241.13,241.02,241.11,1928
1790091540,241.11,241.19,241.05,241.16,1582
1790091600,241.16,241.27,241.09,241.22,2619
1790091660,241.22,241.45,241.21,241.36,678
1790091720,241.36,241.39,241.35,241.37,2177
1790091780,241.37,241.40,241.24,241.25,2897
1790091840,241.25,241.27,241.19,241.27,799
1790091900,241.27,241.40,241.20,241.40,2296
1790091960,241.40,241.58,241.38,241.50,444
1790092020,241.50,241.60,241.50,241.52,1618
1790092080,241.52,241.77,241.48,241.72,1087
1790092140,241.72,241.77,241.52,241.58,1963
1790092200,241.58,241.68,241.49,241.65,2314
1790092260,241.65,241.72,241.57,241.67,1151
1790092320,241.67,241.68,241.52,241.53,1731
1790092380,241.53,241.65,241.46,241.61,1921
1790092440,241.61,241.80,241.60,241.71,258
1790092500,241.71,241.90,241.65,241.81,1971
1790092560,241.81,241.86,241.61,241.68,1857
1790092620,241.68,241.91,241.60,241.84,136
1790092680,241.84,241.84,241.75,241.81,1508
1790092740,241.81,241.91,241.63,241.65,821
1790092800,241.65,241.91,241.65,241.83,1501
1790092860,241.83,241.98,241.75,241.94,1857
1790092920,241.94,242.17,241.88,242.09,593
1790092980,242.09,242.15,241.96,242.05,2065
1790093040,242.05,242.15,241.99,242.12,2997
1790093100,242.12,242.25,242.08,242.23,1227
1790093160,242.23,242.24,242.11,242.13,2013
1790093220,242.13,242.27,242.07,242.25,2259
1790093280,242.25,242.43,242.24,242.35,2889
1790093340,242.35,242.56,242.26,242.54,2199
1790093400,242.54,242.63,242.47,242.62,365
1790093460,242.62,242.68,242.42,242.48,2496
1790093520,242.48,242.57,242.26,242.34,2332
1790093580,242.34,242.36,242.25,242.30,2234
1790093640,242.30,242.36,242.21,242.24,2098
1790093700,242.24,242.26,242.07,242.15,2055
1790093760,242.15,242.23,242.01,242.05,1638
1790093820,242.05,242.14,241.97,242.04,1547
1790093880,242.04,242.13,241.98,242.01,1975
1790093940,242.01,242.04,241.97,242.00,1782
1790094000,242.00,242.03,241.93,241.98,2644
1790094060,241.98,242.06,241.90,241.94,1600
1790094120,241.94,241.98,241.83,241.89,1154
1790094180,241.89,242.07,241.84,242.05,1593
1790094240,242.05,242.06,241.89,241.97,779
1790094300,241.97,241.98,241.82,241.86,649
1790094360,241.86,241.89,241.71,241.75,1524
1790094420,241.75,242.00,241.72,241.92,2936
1790094480,241.92,241.99,241.82,241.85,2767
1790094540,241.85,242.00,241.82,241.91,1323
1790094600,241.91,242.00,241.89,241.91,284
1790094660,241.91,241.94,241.78,241.84,689
1790094720,241.84,241.91,241.78,241.81,1261
1790094780,241.81,241.81,241.77,241.81,1037
1790094840,241.81,242.03,241.74,242.00,240
1790094900,242.00,242.08,241.92,241.98,1578
1790094960,241.98,242.04,241.82,241.83,743
1790095020,241.83,242.05,241.75,242.00,1070
1790095080,242.00,242.14,241.93,242.10,879
1790095140,242.10,242.30,242.01,242.27,2618
1790095200,242.27,242.37,242.26,242.36,478
1790095260,242.36,242.44,242.31,242.36,885
1790095320,242.36,242.45,242.19,242.28,974
1790095380,242.28,242.30,242.20,242.20,1896
1790095440,242.20,242.26,242.04,242.13,1962
1790095500,242.13,242.17,242.02,242.05,2602
1790095560,242.05,242.21,241.99,242.21,155
1790095620,242.21,242.22,242.09,242.13,2029
1790095680,242.13,242.21,242.08,242.11,872
1790095740,242.11,242.26,242.11,242.22,788
1790095800,242.22,242.29,242.00,242.09,64
1790095860,242.09,242.18,242.08,242.13,1569
1790095920,242.13,242.14,242.02,242.11,812
1790095980,242.11,242.13,241.99,242.05,1073
1790096040,242.05,242.22,242.03,242.20,1415
1790096100,242.20,242.24,241.99,242.09,579
1790096160,242.09,242.13,242.00,242.10,1413
1790096220,242.10,242.32,242.02,242.25,2553
1790096280,242.25,242.37,242.20,242.30,1538
1790096340,242.30,242.33,242.24,242.27,1023
1790096400,242.27,242.45,242.21,242.44,527
1790096460,242.44,242.46,242.27,242.30,555
1790096520,242.30,242.30,242.15,242.19,1702
1790096580,242.19,242.25,242.08,242.08,2080
1790096640,242.08,242.26,242.03,242.19,956
1790096700,242.19,242.32,242.13,242.26,2175
1790096760,242.26,242.27,242.12,242.18,1824
1790096820,242.18,242.30,242.09,242.29,1766
1790096880,242.29,242.56,242.24,242.47,235
1790096940,242.47,242.70,242.47,242.62,1094
1790097000,242.62,242.86,242.60,242.79,2646
1790097060,242.79,242.82,242.66,242.72,186
1790097120,242.72,242.87,242.65,242.79,1953
1790097180,242.79,243.00,242.73,242.91,1002
1790097240,242.91,243.00,242.82,242.92,92
1790097300,242.92,243.00,242.88,242.93,410
1790097360,242.93,243.01,242.71,242.77,909
1790097420,242.77,242.87,242.52,242.60,2820
1790097480,242.60,242.70,242.56,242.69,2892
1790097540,242.69,242.76,242.60,242.64,2995
1790097600,242.64,242.70,242.55,242.64,2854
1790097660,242.64,242.67,242.51,242.59,2945
1790097720,242.59,242.61,242.46,242.51,2993
1790097780,242.51,242.69,242.43,242.69,608
1790097840,242.69,242.70,242.54,242.62,1454
1790097900,242.62,242.72,242.52,242.69,2083
1790097960,242.69,242.97,242.60,242.89,1958
1790098020,242.89,243.00,242.80,242.93,2304
1790098080,242.93,243.02,242.87,242.92,2792
1790098140,242.92,243.09,242.85,243.05,2373
1790098200,243.05,243.11,242.88,242.88,2557
1790098260,242.88,242.96,242.76,242.86,2106
1790098320,242.86,242.88,242.73,242.79,746
1790098380,242.79,243.06,242.76,242.97,463
1790098440,242.97,243.03,242.88,243.01,1728
1790098500,243.01,243.02,242.92,242.96,1762
1790098560,242.96,243.04,242.82,242.87,265
1790098620,242.87,242.96,242.83,242.87,2532
1790098680,242.87,242.87,242.78,242.82,172
1790098740,242.82,242.83,242.74,242.76,552
1790098800,242.76,242.90,242.73,242.88,1270
1790098860,242.88,242.95,242.62,242.70,1596
1790098920,242.70,242.77,242.67,242.73,1762
1790098980,242.73,242.76,242.69,242.74,2678
1790099040,242.74,242.78,242.59,242.65,1957
1790099100,242.65,242.74,242.55,242.57,1233
1790099160,242.57,242.78,242.49,242.70,2775
1790099220,242.70,242.73,242.62,242.70,1380
1790099280,242.70,242.97,242.63,242.89,479
1790099340,242.89,243.10,242.84,243.01,1586
1790099400,243.01,243.20,242.96,243.20,375
1790099460,243.20,243.31,243.17,243.23,558
1790099520,243.23,243.32,243.15,243.27,2646
1790099580,243.27,243.35,243.18,243.29,2691
1790099640,243.29,243.38,243.05,243.11,665
1790099700,243.11,243.34,243.11,243.25,843
1790099760,243.25,243.37,243.19,243.28,2148
1790099820,243.28,243.31,243.25,243.26,852
1790099880,243.26,243.43,243.19,243.42,844
1790099940,243.42,243.43,243.30,243.38,112
1790135100,243.38,243.45,243.35,243.38,2855
1790135160,243.38,243.47,243.29,243.38,1152
1790135220,243.38,243.62,243.37,243.54,2606
1790135280,243.54,243.57,243.42,243.49,246
1790135340,243.49,243.70,243.44,243.68,2077
1790135400,243.68,243.74,243.50,243.57,1005
1790135460,243.57,243.62,243.46,243.56,1383
1790135520,243.56,243.79,243.51,243.73,2816
1790135580,243.73,243.79,243.51,243.58,507
1790135640,243.58,243.62,243.50,243.61,1920
1790135700,243.61,243.82,243.53,243.80,1713
1790135760,243.80,243.82,243.58,243.67,1657
1790135820,243.67,243.73,243.61,243.64,473
1790135880,243.64,243.67,243.56,243.66,2556
1790135940,243.66,243.84,243.61,243.84,2890
1790136000,243.84,244.06,243.80,244.02,887
1790136060,244.02,244.04,243.90,243.97,2377
1790136120,243.97,244.07,243.92,244.02,2739
1790136180,244.02,244.11,243.94,244.01,2908
1790136240,244.01,244.16,243.99,244.14,771
1790136300,244.14,244.23,244.14,244.19,971
1790136360,244.19,244.23,244.09,244.13,2899
1790136420,244.13,244.32,244.11,244.23,1735
1790136480,244.23,244.35,244.16,244.27,1552
1790136540,244.27,244.43,244.25,244.38,2912
1790136600,244.38,244.39,244.28,244.37,2717
1790136660,244.37,244.41,244.16,244.23,1947
1790136720,244.23,244.31,244.21,244.21,2347
1790136780,244.21,244.36,244.18,244.34,1524
1790136840,244.34,244.35,244.23,244.32,68
1790136900,244.32,244.52,244.32,244.44,2213
1790136960,244.44,244.53,244.34,244.37,1970
1790137020,244.37,244.39,244.24,244.26,919
1790137080,244.26,244.47,244.18,244.45,1554
1790137140,244.45,244.47,244.43,244.46,2896
1790137200,244.46,244.61,244.41,244.54,2683
1790137260,244.54,244.72,244.47,244.68,1061
1790137320,244.68,244.70,244.67,244.68,1946
1790137380,244.68,244.73,244.66,244.71,2021
1790137440,244.71,244.73,244.49,244.55,636
1790137500,244.55,244.55,244.34,244.38,694
1790137560,244.38,244.52,244.30,244.45,1911
1790137620,244.45,244.53,244.34,244.44,924
1790137680,244.44,244.72,244.41,244.62,187
1790137740,244.62,244.63,244.44,244.53,2688
1790137800,244.53,244.63,244.39,244.41,135
1790137860,244.41,244.46,244.20,244.27,2365
1790137920,244.27,244.28,244.05,244.09,989
1790137980,244.09,244.21,244.00,244.11,1994
1790138040,244.11,244.14,244.02,244.04,392
1790138100,244.04,244.10,243.95,244.09,1961
1790138160,244.09,244.17,243.91,243.98,1799
1790138220,243.98,244.14,243.94,244.13,2800
1790138280,244.13,244.20,244.06,244.06,238
1790138340,244.06,244.24,244.05,244.20,400
1790138400,244.20,244.20,243.96,244.02,1064
1790138460,244.02,244.08,243.91,243.98,2854
1790138520,243.98,244.04,243.74,243.81,2796
1790138580,243.81,244.05,243.78,243.98,266
1790138640,243.98,244.03,243.75,243.83,1050
1790138700,243.83,243.98,243.74,243.97,2682
1790138760,243.97,244.10,243.97,244.05,2543
1790138820,244.05,244.32,243.97,244.24,2773
1790138880,244.24,244.25,244.13,244.14,1829
1790138940,244.14,244.20,244.12,244.15,1637
1790139000,244.15,244.22,243.92,243.97,661
1790139060,243.97,244.02,243.94,243.94,1667
1790139120,243.94,244.03,243.82,243.91,1012
1790139180,243.91,244.01,243.88,243.94,2680
1790139240,243.94,244.01,243.73,243.79,2690
1790139300,243.79,243.95,243.69,243.86,667
1790139360,243.86,244.08,243.79,244.00,2447
1790139420,244.00,244.14,243.94,244.07,1700
1790139480,244.07,244.10,243.96,243.99,343
1790139540,243.99,244.10,243.94,244.03,681
1790139600,244.03,244.07,243.99,244.03,148
1790139660,244.03,244.24,244.00,244.19,1448
1790139720,244.19,244.35,244.14,244.33,2365
1790139780,244.33,244.52,244.24,244.49,404
1790139840,244.49,244.63,244.46,244.60,1823
1790139900,244.60,244.74,244.51,244.72,2258
1790139960,244.72,244.76,244.66,244.67,892
1790140020,244.67,244.69,244.62,244.65,1213
1790140080,244.65,244.69,244.51,244.55,658
1790140140,244.55,244.64,244.52,244.55,1151
1790140200,244.55,244.57,244.44,244.54,1404
1790140260,244.54,244.62,244.36,244.42,2754
1790140320,244.42,244.44,244.36,244.39,868
1790140380,244.39,244.48,244.30,244.34,896
1790140440,244.34,244.44,244.28,244.37,1481
1790140500,244.37,244.38,244.35,244.35,2015
1790140560,244.35,244.53,244.30,244.52,1422
1790140620,244.52,244.77,244.46,244.70,2510
1790140680,244.70,245.00,244.69,244.90,1684
1790140740,244.90,244.94,244.74,244.80,1768
1790140800,244.80,244.91,244.71,244.90,808
1790140860,244.90,245.04,244.90,245.04,1054
1790140920,245.04,245.25,244.98,245.24,2438
1790140980,245.24,245.32,245.07,245.16,1189
1790141040,245.16,245.19,245.00,245.05,236
1790141100,245.05,245.07,244.86,244.95,2234
1790141160,244.95,245.03,244.92,244.98,1162
1790141220,244.98,245.17,244.97,245.08,496
1790141280,245.08,245.09,244.86,244.93,913
1790141340,244.93,245.01,244.73,244.81,2690
1790141400,244.81,244.83,244.60,244.65,2493
1790141460,244.65,244.73,244.42,244.47,539
1790141520,244.47,244.54,244.26,244.29,2747
1790141580,244.29,244.49,244.26,244.44,1646
1790141640,244.44,244.45,244.25,244.32,1097
1790141700,244.32,244.48,244.26,244.42,405
1790141760,244.42,244.47,244.18,244.25,630
1790141820,244.25,244.31,244.07,244.09,1314
1790141880,244.09,244.15,243.99,244.09,88
1790141940,244.09,244.20,244.02,244.19,2201
1790142000,244.19,244.37,244.16,244.36,2923
1790142060,244.36,244.38,244.33,244.37,1768
1790142120,244.37,244.48,244.36,244.46,214
1790142180,244.46,244.51,244.28,244.30,1246
1790142240,244.30,244.38,244.22,244.35,1691
1790142300,244.35,244.39,244.19,244.20,1177
1790142360,244.20,244.32,244.16,244.23,713
1790142420,244.23,244.27,244.15,244.24,135
1790142480,244.24,244.34,244.18,244.22,1904
1790142540,244.22,244.28,244.09,244.15,2734
1790142600,244.15,244.16,243.99,244.04,2663
1790142660,244.04,244.07,244.00,244.06,119
1790142720,244.06,244.12,244.02,244.06,1188
1790142780,244.06,244.07,243.95,244.01,1743
1790142840,244.01,244.10,243.79,243.83,1816
1790142900,243.83,243.92,243.82,243.92,1198
1790142960,243.92,243.93,243.82,243.88,328
1790143020,243.88,243.93,243.70,243.71,2956
1790143080,243.71,243.89,243.68,243.81,2951
1790143140,243.81,243.99,243.73,243.97,1312
1790143200,243.97,244.04,243.90,244.00,2792
1790143260,244.00,244.22,243.94,244.18,891
1790143320,244.18,244.26,244.07,244.13,1106
1790143380,244.13,244.23,244.01,244.03,509
1790143440,244.03,244.04,243.82,243.87,1323
1790143500,243.87,243.91,243.77,243.88,2910
1790143560,243.88,243.93,243.82,243.89,1551
1790143620,243.89,244.07,243.82,244.01,2539
1790143680,244.01,244.11,243.86,243.86,997
1790143740,243.86,243.87,243.76,243.80,2915
1790143800,243.80,243.83,243.71,243.78,631
1790143860,243.78,244.02,243.71,243.95,2267
1790143920,243.95,244.04,243.86,244.02,2447
1790143980,244.02,244.14,243.93,244.10,932
1790144040,244.10,244.17,244.03,244.07,1602
1790144100,244.07,244.20,244.02,244.19,2189
1790144160,244.19,244.26,244.04,244.06,770
1790144220,244.06,244.33,243.98,244.25,2803
1790144280,244.25,244.36,244.15,244.31,572
1790144340,244.31,244.41,244.31,244.33,2336
1790144400,244.33,244.48,244.25,244.39,1823
1790144460,244.39,244.57,244.38,244.48,2065
1790144520,244.48,244.55,244.23,244.32,1707
1790144580,244.32,244.50,244.30,244.41,891
1790144640,244.41,244.55,244.41,244.55,588
1790144700,244.55,244.60,244.47,244.55,2431
1790144760,244.55,244.65,244.48,244.50,577
1790144820,244.50,244.57,244.40,244.48,1939
1790144880,244.48,244.63,244.39,244.57,2710
1790144940,244.57,244.66,244.50,244.50,920
1790145000,244.50,244.61,244.48,244.55,727
1790145060,244.55,244.77,244.53,244.74,2133
1790145120,244.74,244.81,244.65,244.68,1577
1790145180,244.68,244.86,244.65,244.78,441
1790145240,244.78,244.78,244.61,244.63,2209
1790145300,244.63,244.80,244.60,244.71,1025
1790145360,244.71,244.93,244.63,244.90,215
1790145420,244.90,244.93,244.63,244.73,2884
1790145480,244.73,244.80,244.48,244.54,2727
1790145540,244.54,244.59,244.40,244.48,307
1790145600,244.48,244.64,244.40,244.59,2163
1790145660,244.59,244.61,244.47,244.56,2610
1790145720,244.56,244.63,244.43,244.51,894
1790145780,244.51,244.60,244.45,244.57,1935
1790145840,244.57,244.65,244.47,244.50,2143
1790145900,244.50,244.52,244.42,244.48,203
1790145960,244.48,244.62,244.43,244.58,85
1790146020,244.58,244.62,244.42,244.50,1641
1790146080,244.50,244.52,244.28,244.38,667
1790146140,244.38,244.43,244.15,244.24,2154
1790146200,244.24,244.33,244.12,244.19,953
1790146260,244.19,244.26,244.16,244.19,2187
1790146320,244.19,244.28,243.99,244.05,1503
1790146380,244.05,244.06,243.91,243.97,1782
1790146440,243.97,244.18,243.87,244.10,170
1790146500,244.10,244.29,244.04,244.20,2884
1790146560,244.20,244.41,244.19,244.38,1504
1790146620,244.38,244.42,244.26,244.31,2330
1790146680,244.31,244.53,244.28,244.48,1412
1790146740,244.48,244.51,244.41,244.47,215
1790146800,244.47,244.55,244.21,244.30,1048
1790146860,244.30,244.45,244.28,244.42,222
1790146920,244.42,244.46,244.38,244.42,1027
1790146980,244.42,244.54,244.32,244.45,1487
1790147040,244.45,244.52,244.38,244.41,680
1790147100,244.41,244.53,244.37,244.45,2202
1790147160,244.45,244.53,244.36,244.42,2238
1790147220,244.42,244.56,244.41,244.54,1429
1790147280,244.54,244.63,244.33,244.43,2836
1790147340,244.43,244.65,244.41,244.63,1967
1790147400,244.63,244.63,244.35,244.45,2751
1790147460,244.45,244.47,244.24,244.26,174
1790147520,244.26,244.37,244.25,244.29,2183
1790147580,244.29,244.53,244.24,244.49,735
1790147640,244.49,244.51,244.35,244.44,2925
1790147700,244.44,244.59,244.41,244.54,958
1790147760,244.54,244.63,244.44,244.45,1949
1790147820,244.45,244.61,244.40,244.61,426
1790147880,244.61,244.72,244.59,244.65,1663
1790147940,244.65,244.83,244.58,244.78,748
1790148000,244.78,244.88,244.76,244.83,2798
1790148060,244.83,244.87,244.63,244.68,2581
1790148120,244.68,244.75,244.61,244.67,2535
1790148180,244.67,244.69,244.52,244.61,1565
1790148240,244.61,244.79,244.55,244.72,304
1790148300,244.72,244.78,244.55,244.56,1645
1790148360,244.56,244.65,244.50,244.51,900
1790148420,244.51,244.60,244.34,244.38,2598
1790148480,244.38,244.45,244.32,244.36,656
1790148540,244.36,244.39,244.28,244.30,2610
1790148600,244.30,244.32,244.27,244.29,459
1790148660,244.29,244.35,244.20,244.28,1197
1790148720,244.28,244.47,244.20,244.40,470
1790148780,244.40,244.60,244.38,244.54,187
1790148840,244.54,244.60,244.44,244.50,512
1790148900,244.50,244.52,244.34,244.41,1605
1790148960,244.41,244.48,244.32,244.36,1988
1790149020,244.36,244.56,244.34,244.49,1316
1790149080,244.49,244.57,244.43,244.49,2456
1790149140,244.49,244.49,244.43,244.44,2161
1790149200,244.44,244.51,244.26,244.31,1473
1790149260,244.31,244.34,244.18,244.18,2404
1790149320,244.18,244.22,244.10,244.19,2144
1790149380,244.19,244.30,244.13,244.30,834
1790149440,244.30,244.40,244.22,244.33,2254
1790149500,244.33,244.34,244.18,244.23,270
1790149560,244.23,244.27,244.17,244.24,268
1790149620,244.24,244.47,244.17,244.44,1139
1790149680,244.44,244.54,244.34,244.46,1518
1790149740,244.46,244.56,244.42,244.54,311
1790149800,244.54,244.68,244.53,244.62,1556
1790149860,244.62,244.83,244.56,244.78,1371
1790149920,244.78,244.82,244.63,244.65,2132
1790149980,244.65,244.68,244.50,244.55,135
1790150040,244.55,244.59,244.34,244.44,2393
1790150100,244.44,244.58,244.36,244.49,534
1790150160,244.49,244.59,244.47,244.55,2763
1790150220,244.55,244.56,244.32,244.38,1082
1790150280,244.38,244.45,244.30,244.30,1900
1790150340,244.30,244.51,244.28,244.50,161
1790150400,244.50,244.60,244.41,244.58,1905
1790150460,244.58,244.67,244.42,244.43,665
1790150520,244.43,244.52,244.36,244.39,811
1790150580,244.39,244.45,244.24,244.29,2318
1790150640,244.29,244.52,244.21,244.42,1311
1790150700,244.42,244.49,244.31,244.35,199
1790150760,244.35,244.56,244.31,244.47,1588
1790150820,244.47,244.55,244.39,244.39,469
1790150880,244.39,244.48,244.28,244.29,1234
1790150940,244.29,244.31,244.10,244.11,2036
1790151000,244.11,244.20,243.99,244.04,288
1790151060,244.04,244.20,244.03,244.17,2096
1790151120,244.17,244.20,243.98,244.06,84
1790151180,244.06,244.13,243.87,243.94,2865
1790151240,243.94,244.14,243.86,244.06,613
1790151300,244.06,244.14,243.97,244.08,1600
1790151360,244.08,244.27,244.08,244.25,917
1790151420,244.25,244.26,244.18,244.25,1941
1790151480,244.25,244.44,244.24,244.42,1065
1790151540,244.42,244.45,244.28,244.30,1416
1790151600,244.30,244.49,244.27,244.42,94
1790151660,244.42,244.42,244.15,244.24,1454
1790151720,244.24,244.25,244.07,244.13,554
1790151780,244.13,244.22,244.06,244.07,2063
1790151840,244.07,244.07,243.87,243.89,1969
1790151900,243.89,243.97,243.80,243.82,461
1790151960,243.82,243.86,243.81,243.84,2960
1790152020,243.84,243.94,243.77,243.90,1474
1790152080,243.90,243.99,243.86,243.95,2457
1790152140,243.95,244.04,243.84,243.89,2706
1790152200,243.89,243.94,243.77,243.78,1048
1790152260,243.78,243.84,243.75,243.78,144
1790152320,243.78,243.82,243.59,243.62,563
1790152380,243.62,243.68,243.48,243.50,2900
1790152440,243.50,243.53,243.45,243.51,2585
1790152500,243.51,243.77,243.43,243.68,2443
1790152560,243.68,243.69,243.59,243.64,2856
1790152620,243.64,243.67,243.61,243.64,451
1790152680,243.64,243.68,243.60,243.66,2286
1790152740,243.66,243.84,243.60,243.76,2891
1790152800,243.76,243.92,243.67,243.91,662
1790152860,243.91,243.97,243.72,243.75,141
1790152920,243.75,243.79,243.61,243.64,524
1790152980,243.64,243.70,243.51,243.61,723
1790153040,243.61,243.73,243.52,243.70,1132
1790153100,243.70,243.74,243.47,243.52,2281
1790153160,243.52,243.54,243.30,243.36,2745
1790153220,243.36,243.40,243.20,243.22,1977
1790153280,243.22,243.28,243.12,243.23,2571
1790153340,243.23,243.29,242.99,243.06,2410
1790153400,243.06,243.23,242.99,243.18,165
1790153460,243.18,243.20,242.93,243.00,2689
1790153520,243.00,243.02,242.92,242.92,1385
1790153580,242.92,243.12,242.83,243.09,1531
1790153640,243.09,243.12,243.08,243.10,2758
1790153700,243.10,243.32,243.01,243.28,2457
1790153760,243.28,243.34,243.11,243.17,2717
1790153820,243.17,243.24,243.15,243.23,305
1790153880,243.23,243.27,243.17,243.26,1516
1790153940,243.26,243.36,243.19,243.31,2643
1790154000,243.31,243.38,243.24,243.30,2755
1790154060,243.30,243.38,243.18,243.25,683
1790154120,243.25,243.33,243.22,243.28,2683
1790154180,243.28,243.36,243.20,243.28,1219
1790154240,243.28,243.42,243.20,243.33,1161
1790154300,243.33,243.43,243.30,243.35,510
1790154360,243.35,243.44,243.09,243.18,2309
1790154420,243.18,243.31,243.09,243.27,2986
1790154480,243.27,243.29,243.19,243.24,602
1790154540,243.24,243.44,243.20,243.35,1288
1790154600,243.35,243.55,243.32,243.51,466
1790154660,243.51,243.65,243.45,243.62,2257
1790154720,243.62,243.64,243.46,243.54,2144
1790154780,243.54,243.65,243.51,243.61,1952
1790154840,243.61,243.66,243.53,243.61,1217
1790154900,243.61,243.85,243.56,243.76,419
1790154960,243.76,243.84,243.71,243.81,768
1790155020,243.81,243.88,243.69,243.75,1974
1790155080,243.75,243.79,243.69,243.74,352
1790155140,243.74,243.75,243.70,243.74,2310
1790155200,243.74,243.75,243.64,243.69,1673
1790155260,243.69,243.75,243.66,243.73,230
1790155320,243.73,243.98,243.66,243.90,892
1790155380,243.90,243.91,243.70,243.75,2806
1790155440,243.75,243.95,243.70,243.93,1327
1790155500,243.93,244.09,243.89,244.06,1872
1790155560,244.06,244.10,244.04,244.08,822
1790155620,244.08,244.26,244.06,244.24,1159
1790155680,244.24,244.25,244.09,244.09,2214
1790155740,244.09,244.18,244.04,244.09,1389
1790155800,244.09,244.13,243.88,243.91,1598
1790155860,243.91,244.13,243.86,244.10,1206
1790155920,244.10,244.30,244.08,244.25,855
1790155980,244.25,244.38,244.16,244.29,109
1790156040,244.29,244.47,244.29,244.39,1119
1790156100,244.39,244.57,244.37,244.56,2058
1790156160,244.56,244.65,244.54,244.62,55
1790156220,244.62,244.70,244.40,244.44,65
1790156280,244.44,244.52,244.40,244.51,1239
1790156340,244.51,244.60,244.27,244.33,629
1790156400,244.33,244.48,244.29,244.40,1086
1790156460,244.40,244.49,244.16,244.24,520
1790156520,244.24,244.24,244.01,244.11,1931
1790156580,244.11,244.30,244.06,244.28,2931
1790156640,244.28,244.34,244.09,244.18,2004
1790156700,244.18,244.23,244.02,244.05,283
1790156760,244.05,244.06,243.84,243.90,1605
1790156820,243.90,243.97,243.90,243.92,2601
1790156880,243.92,244.00,243.75,243.82,198
1790156940,243.82,243.97,243.76,243.89,2288
1790157000,243.89,243.91,243.81,243.91,136
1790157060,243.91,244.12,243.90,244.04,1454
1790157120,244.04,244.10,244.02,244.06,1147
1790157180,244.06,244.16,243.87,243.87,419
1790157240,243.87,243.91,243.85,243.88,2792
1790157300,243.88,243.90,243.74,243.80,1814
1790157360,243.80,243.81,243.57,243.61,405
1790157420,243.61,243.66,243.58,243.61,1276
1790157480,243.61,243.62,243.43,243.44,463
1790157540,243.44,243.55,243.41,243.52,929
1790157600,243.52,243.53,243.36,243.36,393
1790157660,243.36,243.42,243.24,243.32,769
1790157720,243.32,243.49,243.27,243.43,1148
1790157780,243.43,243.53,243.38,243.46,886
1790157840,243.46,243.48,243.43,243.43,2085
1790157900,243.43,243.52,243.29,243.39,150
1790157960,243.39,243.46,243.22,243.25,2683
1790158020,243.25,243.48,243.21,243.39,584
1790158080,243.39,243.48,243.13,243.21,470
1790158140,243.21,243.26,243.10,243.12,1166
1790158200,243.12,243.14,243.00,243.03,2774
1790158260,243.03,243.30,242.95,243.21,1151
1790158320,243.21,243.35,243.14,243.27,1340
1790158380,243.27,243.33,243.11,243.20,421
1790158440,243.20,243.29,242.97,243.07,1918
1790158500,243.07,243.16,242.96,243.00,2663
1790158560,243.00,243.04,242.83,242.86,1863
1790158620,242.86,243.02,242.86,242.99,2716
1790158680,242.99,243.05,242.78,242.82,662
1790158740,242.82,242.88,242.81,242.87,612
1790158800,242.87,243.12,242.85,243.03,71
1790158860,243.03,243.13,242.81,242.90,1407
1790158920,242.90,242.97,242.63,242.73,888
1790158980,242.73,242.80,242.72,242.74,936
1790159040,242.74,242.89,242.66,242.85,1777
1790159100,242.85,242.91,242.80,242.89,933
1790159160,242.89,243.10,242.85,243.02,1995
1790159220,243.02,243.09,242.84,242.89,318
1790159280,242.89,243.12,242.82,243.04,1082
1790159340,243.04,243.17,242.97,243.13,458
1790159400,243.13,243.22,243.07,243.13,326
1790159460,243.13,243.20,243.03,243.07,1409
1790159520,243.07,243.11,243.03,243.10,505
1790159580,243.10,243.15,242.96,243.02,2028
1790159640,243.02,243.11,242.97,242.99,1015
1790159700,242.99,243.05,242.96,243.03,1025
1790159760,243.03,243.12,242.88,242.92,2124
1790159820,242.92,243.13,242.86,243.06,1210
1790159880,243.06,243.21,243.05,243.15,2167
1790159940,243.15,243.26,243.06,243.22,236
1790160000,243.22,243.31,243.19,243.20,130
1790160060,243.20,243.24,243.04,243.12,1174
1790160120,243.12,243.13,242.92,243.01,2265
1790160180,243.01,243.05,242.84,242.89,834
1790160240,242.89,242.94,242.80,242.92,1368
1790160300,242.92,242.99,242.80,242.86,2532
1790160360,242.86,242.88,242.82,242.88,1882
1790160420,242.88,242.97,242.85,242.85,2821
1790160480,242.85,242.86,242.57,242.66,2005
1790160540,242.66,242.69,242.52,242.52,2553
1790160600,242.52,242.52,242.31,242.36,2384
1790160660,242.36,242.55,242.34,242.47,1017
1790160720,242.47,242.55,242.31,242.32,1263
1790160780,242.32,242.40,242.25,242.35,2235
1790160840,242.35,242.37,242.24,242.29,777
1790160900,242.29,242.48,242.19,242.46,1020
1790160960,242.46,242.46,242.22,242.29,219
1790161020,242.29,242.38,242.28,242.30,893
1790161080,242.30,242.30,242.15,242.19,1002
1790161140,242.19,242.27,242.07,242.08,2087
1790161200,242.08,242.22,242.03,242.21,1714
1790161260,242.21,242.36,242.17,242.30,1516
1790161320,242.30,242.31,242.24,242.27,2636
1790161380,242.27,242.47,242.18,242.39,2650
1790161440,242.39,242.41,242.15,242.22,2304
1790161500,242.22,242.23,241.99,242.07,741
1790161560,242.07,242.23,242.05,242.15,1646
1790161620,242.15,242.19,241.97,242.02,1544
1790161680,242.02,242.10,241.86,241.90,2520
1790161740,241.90,242.02,241.84,241.98,1353
1790161800,241.98,242.06,241.92,242.04,1097
1790161860,242.04,242.09,241.99,242.06,1205
1790161920,242.06,242.11,241.89,241.92,142
1790161980,241.92,241.95,241.70,241.76,2072
1790162040,241.76,241.79,241.60,241.68,2599
1790162100,241.68,241.76,241.61,241.64,104
1790162160,241.64,241.77,241.57,241.69,2946
1790162220,241.69,241.70,241.63,241.65,1885
1790162280,241.65,241.71,241.64,241.68,2540
1790162340,241.68,241.74,241.61,241.69,1328
1790162400,241.69,241.77,241.60,241.64,1979
1790162460,241.64,241.69,241.46,241.50,2650
1790162520,241.50,241.57,241.34,241.39,1267
1790162580,241.39,241.48,241.38,241.41,2484
1790162640,241.41,241.63,241.34,241.57,2140
1790162700,241.57,241.65,241.57,241.60,183
1790162760,241.60,241.66,241.48,241.52,2313
1790162820,241.52,241.59,241.38,241.40,2442
1790162880,241.40,241.48,241.35,241.44,1710
1790162940,241.44,241.51,241.32,241.41,339
1790163000,241.41,241.49,241.30,241.37,1990
1790163060,241.37,241.46,241.36,241.38,2497
1790163120,241.38,241.41,241.20,241.29,2639
1790163180,241.29,241.48,241.21,241.38,2548
1790163240,241.38,241.55,241.35,241.51,1382
1790163300,241.51,241.57,241.27,241.34,1394
1790163360,241.34,241.43,241.26,241.36,385
1790163420,241.36,241.41,241.22,241.26,606
1790163480,241.26,241.41,241.23,241.35,2285
1790163540,241.35,241.48,241.30,241.45,1556
1790163600,241.45,241.55,241.40,241.49,2688
1790163660,241.49,241.64,241.48,241.61,1801
1790163720,241.61,241.70,241.54,241.64,132
1790163780,241.64,241.68,241.57,241.58,2199
1790163840,241.58,241.61,241.43,241.44,2311
1790163900,241.44,241.71,241.38,241.62,2287
1790163960,241.62,241.84,241.60,241.77,265
1790164020,241.77,241.85,241.76,241.84,1448
1790164080,241.84,242.06,241.76,241.98,1260
1790164140,241.98,242.06,241.79,241.85,760
1790164200,241.85,241.94,241.80,241.92,1772
1790164260,241.92,242.06,241.84,242.02,832
1790164320,242.02,242.12,241.96,242.06,1307
1790164380,242.06,242.13,241.91,241.96,1904
1790164440,241.96,242.03,241.79,241.79,159
1790164500,241.79,241.79,241.57,241.66,1420
1790164560,241.66,241.71,241.64,241.68,1495
1790164620,241.68,241.78,241.62,241.72,975
1790164680,241.72,241.87,241.71,241.79,2144
1790164740,241.79,241.79,241.76,241.76,1448
1790164800,241.76,242.02,241.71,241.93,315
1790164860,241.93,242.00,241.90,241.92,293
1790164920,241.92,241.94,241.80,241.84,1207
1790164980,241.84,242.01,241.83,241.95,1941
1790165040,241.95,241.96,241.88,241.88,1468
1790165100,241.88,241.91,241.70,241.77,2863
1790165160,241.77,241.80,241.51,241.58,1125
1790165220,241.58,241.72,241.56,241.64,149
1790165280,241.64,241.79,241.63,241.74,796
1790165340,241.74,241.84,241.74,241.76,2627
1790165400,241.76,241.77,241.56,241.58,1095
1790165460,241.58,241.60,241.45,241.50,178
1790165520,241.50,241.66,241.46,241.61,1048
1790165580,241.61,241.85,241.58,241.80,1698
1790165640,241.80,241.85,241.69,241.70,448
1790165700,241.70,241.94,241.66,241.86,1339
1790165760,241.86,241.89,241.62,241.68,712
1790165820,241.68,241.76,241.67,241.68,1494
1790165880,241.68,241.70,241.48,241.52,378
1790165940,241.52,241.55,241.32,241.39,2467
1790166000,241.39,241.58,241.33,241.51,603
1790166060,241.51,241.59,241.49,241.50,698
1790166120,241.50,241.55,241.42,241.42,97
1790166180,241.42,241.60,241.33,241.52,504
1790166240,241.52,241.66,241.49,241.59,2823
1790166300,241.59,241.64,241.54,241.61,2808
1790166360,241.61,241.70,241.53,241.56,2456
1790166420,241.56,241.57,241.36,241.40,2698
1790166480,241.40,241.57,241.37,241.54,614
1790166540,241.54,241.56,241.37,241.46,490
1790166600,241.46,241.50,241.29,241.38,2810
1790166660,241.38,241.51,241.31,241.50,674
1790166720,241.50,241.53,241.35,241.39,1208
1790166780,241.39,241.65,241.36,241.58,1458
1790166840,241.58,241.64,241.38,241.46,1701
1790166900,241.46,241.53,241.45,241.51,456
1790166960,241.51,241.52,241.36,241.38,1466
1790167020,241.38,241.46,241.30,241.39,1322
1790167080,241.39,241.53,241.33,241.51,401
1790167140,241.51,241.57,241.46,241.47,876
1790167200,241.47,241.47,241.28,241.34,2350
1790167260,241.34,241.43,241.25,241.43,358
1790167320,241.43,241.70,241.43,241.62,1917
1790167380,241.62,241.66,241.54,241.59,149
1790167440,241.59,241.67,241.43,241.51,2025
1790167500,241.51,241.70,241.44,241.67,1310
1790167560,241.67,241.67,241.59,241.65,2431
1790167620,241.65,241.67,241.48,241.49,1714
1790167680,241.49,241.55,241.45,241.50,1712
1790167740,241.50,241.59,241.46,241.55,490
1790167800,241.55,241.56,241.40,241.45,1980
1790167860,241.45,241.57,241.45,241.55,1144
1790167920,241.55,241.67,241.47,241.61,1761
1790167980,241.61,241.78,241.57,241.74,2681
1790168040,241.74,241.76,241.66,241.69,2127
1790168100,241.69,241.70,241.66,241.66,2497
1790168160,241.66,241.81,241.65,241.77,2636
1790168220,241.77,241.86,241.55,241.59,2757
1790168280,241.59,241.65,241.51,241.55,2545
1790168340,241.55,241.66,241.48,241.66,626
1790168400,241.66,241.88,241.64,241.86,1361
1790168460,241.86,241.91,241.73,241.80,245
1790168520,241.80,241.85,241.66,241.68,1328
1790168580,241.68,241.75,241.43,241.50,426
1790168640,241.50,241.56,241.24,241.33,937
1790168700,241.33,241.34,241.16,241.19,2032
1790168760,241.19,241.28,241.07,241.09,661
1790168820,241.09,241.14,240.90,240.91,1001
1790168880,240.91,240.93,240.84,240.92,551
1790168940,240.92,241.15,240.87,241.09,779
1790169000,241.09,241.18,241.02,241.18,1529
1790169060,241.18,241.38,241.09,241.29,1968
1790169120,241.29,241.47,241.21,241.44,372
1790169180,241.44,241.48,241.30,241.31,2583
1790169240,241.31,241.51,241.29,241.46,1228
1790169300,241.46,241.51,241.39,241.39,1977
1790169360,241.39,241.48,241.26,241.35,2583
1790169420,241.35,241.41,241.15,241.17,1386
1790169480,241.17,241.23,240.98,241.04,300
1790169540,241.04,241.12,240.93,241.02,770
1790169600,241.02,241.07,240.81,240.84,2127
1790169660,240.84,240.93,240.82,240.93,474
1790169720,240.93,241.01,240.75,240.78,1375
1790169780,240.78,240.79,240.64,240.73,638
1790169840,240.73,240.92,240.72,240.92,2663
1790169900,240.92,240.92,240.70,240.76,954
1790169960,240.76,240.79,240.53,240.62,1550
1790170020,240.62,240.83,240.58,240.74,110
1790170080,240.74,240.87,240.70,240.78,2272
1790170140,240.78,240.81,240.58,240.67,1175
1790170200,240.67,240.83,240.60,240.76,527
1790170260,240.76,240.83,240.67,240.68,177
1790170320,240.68,240.80,240.67,240.76,1186
1790170380,240.76,240.86,240.74,240.86,2912
1790170440,240.86,241.03,240.80,241.03,1107
1790170500,241.03,241.09,240.83,240.86,350
1790170560,240.86,240.89,240.76,240.84,1173
1790170620,240.84,240.95,240.84,240.93,1963
1790170680,240.93,241.00,240.76,240.78,895
1790170740,240.78,240.83,240.70,240.70,1188
1790170800,240.70,240.79,240.53,240.61,1276
1790170860,240.61,240.77,240.58,240.77,1725
1790170920,240.77,240.93,240.69,240.89,578
1790170980,240.89,241.06,240.86,241.00,177
1790171040,241.00,241.06,240.91,240.98,77
1790171100,240.98,241.20,240.95,241.13,1587
1790171160,241.13,241.17,241.06,241.09,102
1790171220,241.09,241.32,241.02,241.23,1361
1790171280,241.23,241.45,241.22,241.43,465
1790171340,241.43,241.66,241.41,241.57,1187
1790171400,241.57,241.80,241.51,241.77,974
1790171460,241.77,241.85,241.63,241.72,1603
1790171520,241.72,241.73,241.61,241.69,1824
1790171580,241.69,241.79,241.64,241.79,1675
1790171640,241.79,241.86,241.79,241.83,1374
1790171700,241.83,241.96,241.76,241.94,2694
1790171760,241.94,242.07,241.92,242.03,1739
1790171820,242.03,242.05,242.01,242.03,1495
1790171880,242.03,242.06,242.02,242.02,1762
1790171940,242.02,242.02,241.86,241.88,1683
1790172000,241.88,241.98,241.82,241.91,2134
1790172060,241.91,241.92,241.66,241.73,2936
1790172120,241.73,241.86,241.68,241.81,1754
1790172180,241.81,242.04,241.75,241.97,2239
1790172240,241.97,242.07,241.91,242.00,2884
1790172300,242.00,242.09,242.00,242.06,681
1790172360,242.06,242.28,242.05,242.24,1196
1790172420,242.24,242.33,242.01,242.05,1800
1790172480,242.05,242.10,241.81,241.90,90
1790172540,241.90,241.96,241.82,241.96,1879
1790172600,241.96,242.06,241.87,242.04,2826
1790172660,242.04,242.16,241.98,242.10,2117
1790172720,242.10,242.22,242.10,242.19,1334
1790172780,242.19,242.21,242.07,242.16,787
1790172840,242.16,242.29,242.09,242.25,2003
1790172900,242.25,242.46,242.16,242.43,2271
1790172960,242.43,242.52,242.24,242.29,1257
1790173020,242.29,242.50,242.28,242.44,1665
1790173080,242.44,242.66,242.41,242.57,1322
1790173140,242.57,242.58,242.48,242.54,1074
1790173200,242.54,242.69,242.48,242.65,2219
1790173260,242.65,242.92,242.63,242.82,2706
1790173320,242.82,242.91,242.79,242.85,746
1790173380,242.85,242.87,242.70,242.76,1132
1790173440,242.76,242.77,242.58,242.66,2088
1790173500,242.66,242.68,242.44,242.52,403
1790173560,242.52,242.57,242.34,242.40,1313
1790173620,242.40,242.62,242.32,242.57,1847
1790173680,242.57,242.74,242.48,242.70,1574
1790173740,242.70,242.79,242.62,242.77,429
1790173800,242.77,242.93,242.69,242.88,738
1790173860,242.88,242.96,242.78,242.81,1907
1790173920,242.81,242.90,242.72,242.74,887
1790173980,242.74,242.83,242.64,242.66,1796
1790174040,242.66,242.76,242.60,242.71,1384
1790174100,242.71,242.78,242.58,242.67,299
1790174160,242.67,242.86,242.63,242.79,2581
1790174220,242.79,242.80,242.65,242.72,2981
1790174280,242.72,242.79,242.56,242.65,1738
1790174340,242.65,242.71,242.51,242.59,932
1790174400,242.59,242.68,242.46,242.47,119
1790174460,242.47,242.52,242.36,242.39,2853
1790174520,242.39,242.42,242.19,242.28,393
1790174580,242.28,242.39,242.21,242.35,60
1790174640,242.35,242.46,242.31,242.39,1845
1790174700,242.39,242.43,242.35,242.38,538
1790174760,242.38,242.40,242.17,242.27,1772
1790174820,242.27,242.51,242.25,242.45,92
1790174880,242.45,242.57,242.42,242.54,1249
1790174940,242.54,242.69,242.46,242.60,826
1790175000,242.60,242.64,242.49,242.55,115
1790175060,242.55,242.61,242.42,242.45,2755
1790175120,242.45,242.72,242.36,242.63,1790
1790175180,242.63,242.65,242.43,242.51,2289
1790175240,242.51,242.67,242.43,242.58,288
1790175300,242.58,242.68,242.48,242.61,1708
1790175360,242.61,242.70,242.40,242.44,1225
1790175420,242.44,242.47,242.27,242.30,1983
1790175480,242.30,242.50,242.28,242.48,71
1790175540,242.48,242.62,242.39,242.59,1835
1790175600,242.59,242.75,242.53,242.74,134
1790175660,242.74,242.87,242.66,242.81,1575
1790175720,242.81,242.86,242.72,242.79,2100
1790175780,242.79,242.86,242.58,242.65,1867
1790175840,242.65,242.66,242.55,242.64,1077
1790175900,242.64,242.73,242.45,242.53,1850
1790175960,242.53,242.59,242.47,242.56,81
1790176020,242.56,242.82,242.46,242.74,1139
1790176080,242.74,242.76,242.54,242.56,1515
1790176140,242.56,242.65,242.32,242.41,1201
1790176200,242.41,242.49,242.15,242.24,1830
1790176260,242.24,242.34,242.19,242.28,756
1790176320,242.28,242.34,242.22,242.27,2018
1790176380,242.27,242.33,242.16,242.20,2863
1790176440,242.20,242.20,242.07,242.11,1066
1790176500,242.11,242.19,241.88,241.93,1830
1790176560,241.93,241.98,241.87,241.94,2708
1790176620,241.94,241.97,241.89,241.95,1492
1790176680,241.95,242.01,241.81,241.84,1015
1790176740,241.84,242.04,241.84,242.02,2707
1790176800,242.02,242.17,241.97,242.13,1034
1790176860,242.13,242.16,242.04,242.05,1371
1790176920,242.05,242.20,242.03,242.18,307
1790176980,242.18,242.24,242.14,242.19,693
1790177040,242.19,242.23,242.12,242.13,694
1790177100,242.13,242.39,242.06,242.33,807
1790177160,242.33,242.34,242.14,242.19,2207
1790177220,242.19,242.20,242.01,242.11,238
1790177280,242.11,242.16,241.87,241.92,1907
1790177340,241.92,241.94,241.81,241.84,606
1790177400,241.84,241.86,241.77,241.78,845
1790177460,241.78,242.01,241.68,241.97,1948
1790177520,241.97,241.98,241.87,241.87,1819
1790177580,241.87,241.95,241.63,241.72,487
1790177640,241.72,241.82,241.70,241.79,698
1790177700,241.79,241.96,241.77,241.93,2231
1790177760,241.93,241.95,241.83,241.84,2828
1790177820,241.84,242.11,241.75,242.04,343
1790177880,242.04,242.13,241.78,241.87,2323
1790177940,241.87,241.93,241.84,241.89,2140
1790178000,241.89,241.97,241.68,241.73,633
1790178060,241.73,241.77,241.48,241.57,670
1790178120,241.57,241.67,241.48,241.63,2964
1790178180,241.63,241.64,241.42,241.45,56
1790178240,241.45,241.48,241.28,241.28,2410
1790178300,241.28,241.28,241.16,241.22,1468
1790178360,241.22,241.31,241.04,241.09,677
1790178420,241.09,241.26,241.03,241.25,690
1790178480,241.25,241.30,241.05,241.06,146
1790178540,241.06,241.27,241.00,241.18,2592
1790178600,241.18,241.26,241.05,241.08,1759
1790178660,241.08,241.28,241.07,241.19,2806
1790178720,241.19,241.31,241.12,241.22,644
1790178780,241.22,241.27,241.16,241.20,149
1790178840,241.20,241.20,241.07,241.08,526
1790178900,241.08,241.28,241.05,241.21,1580
1790178960,241.21,241.41,241.12,241.34,1560
1790179020,241.34,241.55,241.32,241.52,289
1790179080,241.52,241.60,241.46,241.59,1434
1790179140,241.59,241.70,241.52,241.69,626
1790179200,241.69,241.88,241.63,241.82,78
1790179260,241.82,241.86,241.71,241.79,1585
1790179320,241.79,241.80,241.57,241.65,2339
1790179380,241.65,241.87,241.65,241.82,1461
1790179440,241.82,241.92,241.75,241.85,157
1790179500,241.85,242.10,241.76,242.04,849
1790179560,242.04,242.18,241.99,242.12,891
1790179620,242.12,242.37,242.09,242.28,356
1790179680,242.28,242.36,242.19,242.22,648
1790179740,242.22,242.25,242.06,242.07,1274
1790179800,242.07,242.29,242.03,242.25,2558
1790179860,242.25,242.29,242.21,242.23,542
1790179920,242.23,242.24,242.00,242.09,2967
1790179980,242.09,242.15,242.00,242.02,771
1790180040,242.02,242.12,241.99,242.08,2359
1790180100,242.08,242.28,242.02,242.23,721
1790180160,242.23,242.43,242.19,242.36,225
1790180220,242.36,242.44,242.20,242.24,827
1790180280,242.24,242.34,242.23,242.31,1544
1790180340,242.31,242.32,242.12,242.20,880
1790180400,242.20,242.23,242.17,242.19,2411
1790180460,242.19,242.42,242.11,242.39,2007
1790180520,242.39,242.46,242.34,242.45,2182
1790180580,242.45,242.67,242.40,242.64,1434
1790180640,242.64,242.80,242.64,242.78,2075
1790180700,242.78,242.98,242.68,242.97,914
1790180760,242.97,243.12,242.94,243.06,2863
1790180820,243.06,243.17,243.05,243.10,1613
1790180880,243.10,243.12,243.07,243.12,1566
1790180940,243.12,243.20,243.04,243.06,1655
1790181000,243.06,243.32,243.02,243.24,259
1790181060,243.24,243.30,243.13,243.16,1085
1790181120,243.16,243.35,243.10,243.29,162
1790181180,243.29,243.30,243.11,243.14,1137
1790181240,243.14,243.22,243.08,243.09,1079
1790181300,243.09,243.36,243.08,243.28,2730
1790181360,243.28,243.28,243.09,243.11,2877
1790181420,243.11,243.11,242.91,242.92,135
1790181480,242.92,243.14,242.85,243.09,606
1790181540,243.09,243.25,243.09,243.16,229
1790181600,243.16,243.25,243.10,243.11,2966
1790181660,243.11,243.11,242.90,242.94,1222
1790181720,242.94,243.12,242.92,243.03,1406
1790181780,243.03,243.22,242.97,243.13,372
1790181840,243.13,243.27,243.13,243.22,816
1790181900,243.22,243.25,243.19,243.22,2354
1790181960,243.22,243.28,243.20,243.21,1914
1790182020,243.21,243.22,243.11,243.18,1322
1790182080,243.18,243.32,243.08,243.32,2989
1790182140,243.32,243.41,243.24,243.40,143
1790182200,243.40,243.52,243.38,243.44,241
1790182260,243.44,243.66,243.41,243.59,154
1790182320,243.59,243.81,243.54,243.75,505
1790182380,243.75,243.98,243.69,243.91,200
1790182440,243.91,244.00,243.86,243.96,1309
1790182500,243.96,244.20,243.86,244.12,1812
1790182560,244.12,244.19,243.97,244.03,2167
1790182620,244.03,244.25,243.99,244.19,1909
1790182680,244.19,244.36,244.13,244.26,2100
1790182740,244.26,244.29,244.01,244.10,2370
1790182800,244.10,244.11,243.97,244.04,2378
1790182860,244.04,244.15,243.99,244.10,351
1790182920,244.10,244.19,244.04,244.08,1043
1790182980,244.08,244.15,244.07,244.11,2419
1790183040,244.11,244.29,244.03,244.23,492
1790183100,244.23,244.29,244.06,244.07,980
1790183160,244.07,244.15,243.91,243.96,2728
1790183220,243.96,244.05,243.71,243.80,1072
1790183280,243.80,243.87,243.78,243.79,2449
1790183340,243.79,243.81,243.53,243.62,2139
1790183400,243.62,243.67,243.48,243.51,2925
1790183460,243.51,243.52,243.39,243.40,788
1790183520,243.40,243.62,243.31,243.54,1336
1790183580,243.54,243.61,243.46,243.53,2308
1790183640,243.53,243.75,243.47,243.71,2408
1790183700,243.71,243.77,243.54,243.54,1673
1790183760,243.54,243.72,243.45,243.72,2475
1790183820,243.72,243.75,243.59,243.66,1828
1790183880,243.66,243.75,243.57,243.74,1742
1790183940,243.74,243.76,243.65,243.66,469
1790184000,243.66,243.79,243.66,243.77,723
1790184060,243.77,244.02,243.68,243.97,2108
1790184120,243.97,244.00,243.71,243.79,1924
1790184180,243.79,243.85,243.73,243.84,1739
1790184240,243.84,243.91,243.84,243.84,599
1790184300,243.84,243.86,243.63,243.72,1629
1790184360,243.72,243.75,243.50,243.57,1093
1790184420,243.57,243.70,243.52,243.69,2396
1790184480,243.69,243.73,243.62,243.62,2484
1790184540,243.62,243.73,243.57,243.65,1288
1790184600,243.65,243.67,243.43,243.51,90
1790184660,243.51,243.52,243.40,243.50,1634
1790184720,243.50,243.54,243.48,243.49,1713
1790184780,243.49,243.58,243.26,243.35,1599
1790184840,243.35,243.40,243.27,243.28,2103
1790184900,243.28,243.45,243.19,243.40,2668
1790184960,243.40,243.55,243.37,243.54,604
1790185020,243.54,243.62,243.40,243.40,2128
1790185080,243.40,243.46,243.28,243.28,71
1790185140,243.28,243.37,243.26,243.27,57
1790185200,243.27,243.29,243.11,243.20,1286
1790185260,243.20,243.29,242.97,243.03,1220
1790185320,243.03,243.08,242.98,243.03,217
1790185380,243.03,243.18,242.97,243.10,1848
1790185440,243.10,243.19,243.00,243.02,1213
1790185500,243.02,243.22,242.98,243.14,1913
1790185560,243.14,243.18,243.06,243.10,1641
1790185620,243.10,243.34,243.09,243.25,1272
1790185680,243.25,243.26,243.19,243.23,1765
1790185740,243.23,243.34,243.15,243.29,2830
1790185800,243.29,243.38,243.19,243.26,1903
1790185860,243.26,243.35,243.19,243.19,952
1790185920,243.19,243.42,243.12,243.38,1652
1790185980,243.38,243.55,243.36,243.48,1577
1790186040,243.48,243.63,243.48,243.60,2033
1790186100,243.60,243.62,243.55,243.61,1633
1790186160,243.61,243.62,243.53,243.59,1699
1790186220,243.59,243.59,243.49,243.59,2444
1790186280,243.59,243.61,243.33,243.43,2613
1790186340,243.43,243.51,243.24,243.27,1337
1790221500,243.27,243.28,243.16,243.22,1336
1790221560,243.22,243.27,243.05,243.12,2291
1790221620,243.12,243.36,243.04,243.28,1139
1790221680,243.28,243.30,243.22,243.26,906
1790221740,243.26,243.28,243.21,243.23,705
1790221800,243.23,243.28,243.09,243.17,2769
1790221860,243.17,243.26,243.11,243.16,1574
1790221920,243.16,243.27,243.12,243.24,107
1790221980,243.24,243.48,243.21,243.42,1307
1790222040,243.42,243.45,243.39,243.44,2695
1790222100,243.44,243.52,243.35,243.41,1857
1790222160,243.41,243.47,243.28,243.32,2740
1790222220,243.32,243.51,243.27,243.44,2754
1790222280,243.44,243.49,243.43,243.48,2622
1790222340,243.48,243.54,243.29,243.39,986
1790222400,243.39,243.41,243.21,243.22,1699
1790222460,243.22,243.29,243.16,243.20,2520
1790222520,243.20,243.34,243.13,243.34,965
1790222580,243.34,243.51,243.26,243.48,1442
1790222640,243.48,243.63,243.42,243.61,2569
1790222700,243.61,243.68,243.54,243.63,2998
1790222760,243.63,243.83,243.59,243.78,2579
1790222820,243.78,243.82,243.76,243.78,2704
1790222880,243.78,243.88,243.55,243.63,812
1790222940,243.63,243.76,243.61,243.75,1536
1790223000,243.75,243.80,243.62,243.63,2381
1790223060,243.63,243.83,243.62,243.81,858
1790223120,243.81,243.87,243.72,243.73,190
1790223180,243.73,243.94,243.65,243.93,1537
1790223240,243.93,243.94,243.84,243.91,2772
1790223300,243.91,243.96,243.82,243.85,1178
1790223360,243.85,244.07,243.83,243.99,2601
1790223420,243.99,244.04,243.91,243.98,2165
1790223480,243.98,243.99,243.73,243.80,2996
1790223540,243.80,243.89,243.80,243.80,2148
1790223600,243.80,243.82,243.73,243.79,2576
1790223660,243.79,243.80,243.67,243.76,2973
1790223720,243.76,243.79,243.57,243.65,2189
1790223780,243.65,243.67,243.60,243.62,1894
1790223840,243.62,243.69,243.41,243.50,374
1790223900,243.50,243.70,243.42,243.68,2239
1790223960,243.68,243.89,243.68,243.86,2528
1790224020,243.86,243.94,243.85,243.85,1530
1790224080,243.85,243.95,243.62,243.67,509
1790224140,243.67,243.92,243.57,243.87,2174
1790224200,243.87,244.06,243.81,244.04,457
1790224260,244.04,244.22,244.01,244.13,2362
1790224320,244.13,244.32,244.05,244.32,2377
1790224380,244.32,244.60,244.25,244.51,823
1790224440,244.51,244.59,244.37,244.46,226
1790224500,244.46,244.47,244.26,244.31,1308
1790224560,244.31,244.34,244.17,244.24,1331
1790224620,244.24,244.36,244.18,244.36,2123
1790224680,244.36,244.47,244.34,244.45,2277
1790224740,244.45,244.54,244.45,244.47,50
1790224800,244.47,244.49,244.20,244.29,1269
1790224860,244.29,244.50,244.24,244.48,292
1790224920,244.48,244.50,244.30,244.38,538
1790224980,244.38,244.51,244.32,244.42,2611
1790225040,244.42,244.51,244.34,244.49,1235
1790225100,244.49,244.58,244.30,244.40,2834
1790225160,244.40,244.41,244.36,244.37,2257
1790225220,244.37,244.58,244.30,244.48,2100
1790225280,244.48,244.70,244.48,244.61,2647
1790225340,244.61,244.62,244.46,244.50,269
1790225400,244.50,244.68,244.48,244.62,1763
1790225460,244.62,244.67,244.51,244.52,2363
1790225520,244.52,244.60,244.51,244.57,967
1790225580,244.57,244.77,244.50,244.71,524
1790225640,244.71,244.80,244.61,244.61,2620
1790225700,244.61,244.69,244.45,244.48,739
1790225760,244.48,244.49,244.44,244.48,2073
1790225820,244.48,244.71,244.41,244.64,1667
1790225880,244.64,244.82,244.58,244.75,1894
1790225940,244.75,244.86,244.68,244.82,2826
1790226000,244.82,245.05,244.81,245.02,1395
1790226060,245.02,245.23,244.94,245.19,610
1790226120,245.19,245.27,245.00,245.06,848
1790226180,245.06,245.12,244.82,244.91,129
1790226240,244.91,245.01,244.83,244.84,440
1790226300,244.84,244.88,244.60,244.69,2666
1790226360,244.69,244.80,244.64,244.75,288
1790226420,244.75,244.76,244.52,244.57,2445
1790226480,244.57,244.58,244.37,244.46,2579
1790226540,244.46,244.60,244.43,244.52,252
1790226600,244.52,244.54,244.37,244.42,140
1790226660,244.42,244.46,244.22,244.26,635
1790226720,244.26,244.46,244.23,244.40,2092
1790226780,244.40,244.46,244.25,244.33,1697
1790226840,244.33,244.35,244.22,244.30,1151
1790226900,244.30,244.53,244.28,244.45,123
1790226960,244.45,244.53,244.39,244.40,208
1790227020,244.40,244.49,244.36,244.48,1350
1790227080,244.48,244.54,244.39,244.54,2827
1790227140,244.54,244.78,244.46,244.70,740
1790227200,244.70,244.73,244.53,244.55,1349
1790227260,244.55,244.75,244.50,244.67,1921
1790227320,244.67,244.70,244.53,244.57,1237
1790227380,244.57,244.66,244.38,244.40,1417
1790227440,244.40,244.65,244.34,244.60,762
1790227500,244.60,244.64,244.49,244.54,2326
1790227560,244.54,244.63,244.42,244.42,894
1790227620,244.42,244.59,244.36,244.50,1679
1790227680,244.50,244.56,244.45,244.48,1656
1790227740,244.48,244.57,244.46,244.50,1724
1790227800,244.50,244.54,244.36,244.44,1149
1790227860,244.44,244.59,244.40,244.49,2107
1790227920,244.49,244.67,244.40,244.63,1182
1790227980,244.63,244.69,244.43,244.52,2198
1790228040,244.52,244.71,244.50,244.66,2777
1790228100,244.66,244.79,244.57,244.77,1057
1790228160,244.77,244.93,244.68,244.84,1391
1790228220,244.84,244.98,244.75,244.92,813
1790228280,244.92,244.93,244.75,244.84,2769
1790228340,244.84,244.88,244.82,244.87,675
1790228400,244.87,244.90,244.83,244.87,819
1790228460,244.87,245.08,244.84,245.05,2620
1790228520,245.05,245.18,244.98,245.13,219
1790228580,245.13,245.16,245.05,245.13,450
1790228640,245.13,245.18,245.06,245.13,2167
1790228700,245.13,245.22,244.94,244.94,628
1790228760,244.94,245.01,244.93,244.94,358
1790228820,244.94,245.10,244.92,245.01,2124
1790228880,245.01,245.01,244.90,244.94,1266
1790228940,244.94,245.12,244.90,245.05,1170
1790229000,245.05,245.08,244.98,245.07,470
1790229060,245.07,245.33,244.99,245.24,2984
1790229120,245.24,245.31,245.12,245.16,270
1790229180,245.16,245.20,245.11,245.13,1634
1790229240,245.13,245.15,244.99,245.07,793
1790229300,245.07,245.09,244.93,244.95,2201
1790229360,244.95,244.95,244.83,244.90,1377
1790229420,244.90,245.08,244.86,245.04,2386
1790229480,245.04,245.07,244.86,244.88,2758
1790229540,244.88,244.97,244.73,244.76,1882
1790229600,244.76,244.94,244.68,244.93,2722
1790229660,244.93,244.95,244.90,244.94,2637
1790229720,244.94,245.17,244.93,245.08,1567
1790229780,245.08,245.26,245.06,245.25,905
1790229840,245.25,245.41,245.17,245.41,2778
1790229900,245.41,245.44,245.26,245.27,2667
1790229960,245.27,245.33,245.13,245.23,297
1790230020,245.23,245.26,245.11,245.14,1405
1790230080,245.14,245.35,245.11,245.34,309
1790230140,245.34,245.37,245.30,245.32,842
1790230200,245.32,245.49,245.26,245.41,2838
1790230260,245.41,245.49,245.25,245.34,2801
1790230320,245.34,245.43,245.20,245.20,517
1790230380,245.20,245.23,245.00,245.05,1803
1790230440,245.05,245.32,245.00,245.23,2614
1790230500,245.23,245.25,245.02,245.08,1694
1790230560,245.08,245.17,245.03,245.11,2337
1790230620,245.11,245.25,245.03,245.24,1798
1790230680,245.24,245.42,245.22,245.37,847
1790230740,245.37,245.48,245.31,245.46,1616
1790230800,245.46,245.59,245.37,245.58,1159
1790230860,245.58,245.60,245.45,245.49,1961
1790230920,245.49,245.63,245.48,245.56,1513
1790230980,245.56,245.71,245.54,245.68,1582
1790231040,245.68,245.69,245.55,245.59,2101
1790231100,245.59,245.60,245.52,245.53,154
1790231160,245.53,245.57,245.32,245.35,1790
1790231220,245.35,245.37,245.12,245.21,2285
1790231280,245.21,245.31,245.15,245.16,174
1790231340,245.16,245.18,245.04,245.07,1125
1790231400,245.07,245.16,244.97,244.98,262
1790231460,244.98,245.21,244.90,245.17,1476
1790231520,245.17,245.24,245.11,245.11,1983
1790231580,245.11,245.33,245.09,245.24,2068
1790231640,245.24,245.51,245.21,245.42,2464
1790231700,245.42,245.64,245.37,245.56,1347
1790231760,245.56,245.74,245.55,245.70,2395
1790231820,245.70,245.71,245.58,245.61,83
1790231880,245.61,245.71,245.57,245.71,1373
1790231940,245.71,245.90,245.70,245.90,2004
1790232000,245.90,246.03,245.88,245.95,1383
1790232060,245.95,245.97,245.75,245.84,1485
1790232120,245.84,246.00,245.83,245.96,1084
1790232180,245.96,246.17,245.91,246.12,1480
1790232240,246.12,246.19,246.05,246.07,1813
1790232300,246.07,246.07,245.95,245.97,697
1790232360,245.97,245.97,245.85,245.94,2365
1790232420,245.94,246.01,245.85,245.92,2687
1790232480,245.92,246.13,245.90,246.06,52
1790232540,246.06,246.08,246.04,246.07,1901
1790232600,246.07,246.13,246.05,246.05,2543
1790232660,246.05,246.14,245.86,245.87,830
1790232720,245.87,245.97,245.86,245.88,932
1790232780,245.88,246.07,245.84,246.02,1840
1790232840,246.02,246.07,246.02,246.07,601
1790232900,246.07,246.09,246.01,246.01,142
1790232960,246.01,246.11,245.96,246.09,643
1790233020,246.09,246.14,245.92,246.01,956
1790233080,246.01,246.07,245.97,245.99,1771
1790233140,245.99,246.03,245.78,245.80,1563
1790233200,245.80,246.02,245.77,245.96,1481
1790233260,245.96,246.07,245.95,246.03,1171
1790233320,246.03,246.09,245.90,245.94,1516
1790233380,245.94,245.95,245.73,245.76,822
1790233440,245.76,245.90,245.75,245.80,2458
1790233500,245.80,245.89,245.67,245.77,64
1790233560,245.77,246.05,245.69,245.97,771
1790233620,245.97,246.05,245.83,245.89,728
1790233680,245.89,246.08,245.86,246.03,2066
1790233740,246.03,246.25,245.99,246.19,910
1790233800,246.19,246.20,245.96,246.05,2119
1790233860,246.05,246.10,245.88,245.91,1167
1790233920,245.91,246.00,245.73,245.83,126
1790233980,245.83,245.87,245.72,245.73,2896
1790234040,245.73,245.83,245.68,245.80,2701
1790234100,245.80,245.90,245.79,245.82,1249
1790234160,245.82,246.03,245.75,246.02,1570
1790234220,246.02,246.19,245.98,246.13,153
1790234280,246.13,246.26,246.06,246.18,874
1790234340,246.18,246.40,246.09,246.37,1616
1790234400,246.37,246.42,246.28,246.37,1181
1790234460,246.37,246.58,246.27,246.52,1379
1790234520,246.52,246.55,246.49,246.49,1901
1790234580,246.49,246.54,246.26,246.33,1017
1790234640,246.33,246.38,246.08,246.15,2929
1790234700,246.15,246.34,246.09,246.27,2008
1790234760,246.27,246.38,246.23,246.29,1192
1790234820,246.29,246.46,246.19,246.38,1209
1790234880,246.38,246.47,246.30,246.34,220
1790234940,246.34,246.56,246.29,246.49,1262
1790235000,246.49,246.51,246.35,246.36,1292
1790235060,246.36,246.48,246.27,246.41,521
1790235120,246.41,246.44,246.24,246.26,1335
1790235180,246.26,246.38,246.19,246.29,2224
1790235240,246.29,246.47,246.21,246.44,2745
1790235300,246.44,246.50,246.24,246.31,1756
1790235360,246.31,246.37,246.23,246.25,374
1790235420,246.25,246.32,246.03,246.08,1039
1790235480,246.08,246.31,246.00,246.28,1766
1790235540,246.28,246.37,246.27,246.35,2413
1790235600,246.35,246.57,246.32,246.55,1127
1790235660,246.55,246.64,246.47,246.59,1487
1790235720,246.59,246.66,246.47,246.49,1699
1790235780,246.49,246.70,246.47,246.64,1713
1790235840,246.64,246.69,246.62,246.63,2932
1790235900,246.63,246.72,246.62,246.64,1275
1790235960,246.64,246.88,246.60,246.79,801
1790236020,246.79,246.81,246.62,246.63,2002
1790236080,246.63,246.63,246.44,246.53,2777
1790236140,246.53,246.57,246.36,246.46,2385
1790236200,246.46,246.65,246.37,246.58,1214
1790236260,246.58,246.67,246.53,246.58,1133
1790236320,246.58,246.60,246.40,246.41,413
1790236380,246.41,246.42,246.24,246.27,439
1790236440,246.27,246.36,246.09,246.14,2064
1790236500,246.14,246.20,245.95,245.99,269
1790236560,245.99,246.08,245.96,246.03,2471
1790236620,246.03,246.14,246.01,246.11,334
1790236680,246.11,246.16,246.09,246.13,2261
1790236740,246.13,246.39,246.04,246.32,2879
1790236800,246.32,246.33,246.28,246.30,2531
1790236860,246.30,246.39,246.08,246.13,494
1790236920,246.13,246.31,246.05,246.23,1388
1790236980,246.23,246.42,246.16,246.39,669
1790237040,246.39,246.47,246.26,246.34,2889
1790237100,246.34,246.44,246.27,246.38,2252
1790237160,246.38,246.38,246.13,246.19,2530
1790237220,246.19,246.40,246.17,246.35,1345
1790237280,246.35,246.58,246.33,246.53,175
1790237340,246.53,246.58,246.49,246.49,1874
1790237400,246.49,246.71,246.48,246.69,2723
1790237460,246.69,246.79,246.67,246.71,734
1790237520,246.71,246.86,246.67,246.76,526
1790237580,246.76,247.01,246.72,246.92,2344
1790237640,246.92,246.96,246.81,246.89,141
1790237700,246.89,246.96,246.83,246.85,614
1790237760,246.85,246.94,246.80,246.91,1080
1790237820,246.91,246.97,246.66,246.74,2400
1790237880,246.74,246.87,246.64,246.85,1275
1790237940,246.85,246.95,246.83,246.88,679
1790238000,246.88,247.03,246.86,247.00,2766
1790238060,247.00,247.00,246.82,246.87,2968
1790238120,246.87,246.92,246.68,246.74,2830
1790238180,246.74,246.93,246.72,246.83,936
1790238240,246.83,247.09,246.80,247.00,627
1790238300,247.00,247.09,246.90,246.92,2921
1790238360,246.92,246.98,246.75,246.79,2098
1790238420,246.79,247.08,246.77,246.99,1960
1790238480,246.99,247.05,246.87,246.89,125
1790238540,246.89,246.92,246.88,246.88,1920
1790238600,246.88,247.05,246.86,247.00,1765
1790238660,247.00,247.29,246.99,247.20,2346
1790238720,247.20,247.46,247.15,247.39,2070
1790238780,247.39,247.39,247.30,247.39,2811
1790238840,247.39,247.42,247.19,247.27,1687
1790238900,247.27,247.40,247.17,247.32,664
1790238960,247.32,247.42,247.16,247.23,332
1790239020,247.23,247.36,247.15,247.34,1784
1790239080,247.34,247.54,247.30,247.48,2305
1790239140,247.48,247.62,247.38,247.56,863
1790239200,247.56,247.63,247.49,247.57,1011
1790239260,247.57,247.62,247.54,247.56,702
1790239320,247.56,247.67,247.48,247.64,648
1790239380,247.64,247.72,247.64,247.67,2819
1790239440,247.67,247.78,247.64,247.68,78
1790239500,247.68,247.78,247.55,247.55,2234
1790239560,247.55,247.77,247.47,247.68,2554
1790239620,247.68,247.75,247.65,247.73,1758
1790239680,247.73,247.78,247.65,247.65,86
1790239740,247.65,247.72,247.43,247.50,2263
1790239800,247.50,247.68,247.46,247.63,1445
1790239860,247.63,247.69,247.58,247.58,1139
1790239920,247.58,247.68,247.56,247.63,2115
1790239980,247.63,247.73,247.54,247.55,1642
1790240040,247.55,247.69,247.50,247.59,1679
1790240100,247.59,247.70,247.53,247.67,1606
1790240160,247.67,247.70,247.40,247.49,274
1790240220,247.49,247.49,247.39,247.47,2551
1790240280,247.47,247.53,247.35,247.37,2073
1790240340,247.37,247.46,247.33,247.41,617
1790240400,247.41,247.62,247.39,247.57,484
1790240460,247.57,247.80,247.54,247.74,991
1790240520,247.74,247.79,247.66,247.70,393
1790240580,247.70,247.72,247.57,247.58,1574
1790240640,247.58,247.82,247.54,247.73,323
1790240700,247.73,247.91,247.64,247.82,1866
1790240760,247.82,247.92,247.77,247.88,2180
1790240820,247.88,248.04,247.78,248.00,218
1790240880,248.00,248.08,247.93,248.05,702
1790240940,248.05,248.10,247.83,247.89,1461
1790241000,247.89,248.14,247.82,248.08,2867
1790241060,248.08,248.19,248.01,248.12,146
1790241120,248.12,248.19,248.04,248.12,2131
1790241180,248.12,248.15,247.92,247.97,2821
1790241240,247.97,248.05,247.92,247.99,1598
1790241300,247.99,248.05,247.78,247.83,2906
1790241360,247.83,247.89,247.78,247.85,2610
1790241420,247.85,247.95,247.81,247.87,1269
1790241480,247.87,247.96,247.77,247.78,397
1790241540,247.78,247.88,247.69,247.69,2801
1790241600,247.69,247.82,247.67,247.78,402
1790241660,247.78,247.86,247.69,247.83,1049
1790241720,247.83,248.04,247.76,247.97,1437
1790241780,247.97,248.17,247.93,248.16,1237
1790241840,248.16,248.23,247.95,247.99,715
1790241900,247.99,248.07,247.83,247.88,1978
1790241960,247.88,247.92,247.74,247.78,473
1790242020,247.78,247.82,247.58,247.65,1755
1790242080,247.65,247.75,247.57,247.69,1963
1790242140,247.69,247.73,247.59,247.63,871
1790242200,247.63,247.65,247.60,247.60,2413
1790242260,247.60,247.70,247.42,247.47,600
1790242320,247.47,247.57,247.46,247.50,1626
1790242380,247.50,247.60,247.43,247.52,2754
1790242440,247.52,247.76,247.43,247.70,675
1790242500,247.70,247.91,247.68,247.83,1444
1790242560,247.83,247.84,247.56,247.65,1175
1790242620,247.65,247.72,247.56,247.57,1963
1790242680,247.57,247.58,247.44,247.52,220
1790242740,247.52,247.70,247.47,247.63,838
1790242800,247.63,247.83,247.57,247.81,1385
1790242860,247.81,247.82,247.74,247.74,2350
1790242920,247.74,247.98,247.67,247.89,2342
1790242980,247.89,247.92,247.84,247.91,1799
1790243040,247.91,248.17,247.83,248.11,245
1790243100,248.11,248.12,247.86,247.95,2479
1790243160,247.95,248.06,247.93,248.02,1233
1790243220,248.02,248.29,248.01,248.22,733
1790243280,248.22,248.28,248.03,248.06,1720
1790243340,248.06,248.13,247.94,247.96,2692
1790243400,247.96,247.97,247.74,247.79,1211
1790243460,247.79,247.82,247.60,247.61,681
1790243520,247.61,247.71,247.60,247.69,651
1790243580,247.69,247.91,247.67,247.87,2594
1790243640,247.87,247.94,247.73,247.81,2702
1790243700,247.81,248.06,247.73,248.00,619
1790243760,248.00,248.15,247.93,248.10,2720
1790243820,248.10,248.34,248.06,248.25,828
1790243880,248.25,248.34,248.21,248.21,2910
1790243940,248.21,248.28,248.13,248.23,1180
1790244000,248.23,248.33,248.08,248.15,2278
1790244060,248.15,248.28,248.12,248.19,2002
1790244120,248.19,248.23,248.15,248.17,1470
1790244180,248.17,248.37,248.08,248.34,1325
1790244240,248.34,248.37,248.20,248.27,1661
1790244300,248.27,248.33,248.24,248.31,2370
1790244360,248.31,248.54,248.23,248.46,302
1790244420,248.46,248.48,248.40,248.43,2497
1790244480,248.43,248.66,248.37,248.62,102
1790244540,248.62,248.79,248.56,248.79,2388
1790244600,248.79,248.79,248.62,248.67,1418
1790244660,248.67,248.83,248.64,248.74,423
1790244720,248.74,248.98,248.67,248.92,686
1790244780,248.92,249.09,248.84,249.07,247
1790244840,249.07,249.21,248.98,249.12,2342
1790244900,249.12,249.14,248.96,248.98,669
1790244960,248.98,249.02,248.77,248.82,1576
1790245020,248.82,248.98,248.77,248.89,842
1790245080,248.89,249.08,248.86,248.99,1674
1790245140,248.99,249.18,248.98,249.09,2979
1790245200,249.09,249.16,249.07,249.08,2562
1790245260,249.08,249.12,248.98,249.11,2142
1790245320,249.11,249.21,249.07,249.16,2943
1790245380,249.16,249.24,248.96,249.03,2990
1790245440,249.03,249.18,248.99,249.15,872
1790245500,249.15,249.23,249.05,249.10,167
1790245560,249.10,249.14,248.88,248.93,2979
1790245620,248.93,249.11,248.90,249.09,2244
1790245680,249.09,249.31,249.06,249.22,1392
1790245740,249.22,249.26,248.99,249.05,2999
1790245800,249.05,249.13,248.93,249.02,357
1790245860,249.02,249.08,249.01,249.03,2704
1790245920,249.03,249.07,248.84,248.92,1458
1790245980,248.92,249.01,248.86,248.93,1978
1790246040,248.93,248.94,248.74,248.82,553
1790246100,248.82,248.97,248.74,248.87,1111
1790246160,248.87,248.94,248.75,248.77,825
1790246220,248.77,248.80,248.68,248.78,1234
1790246280,248.78,248.87,248.69,248.83,1642
1790246340,248.83,249.04,248.78,249.00,1560
1790246400,249.00,249.06,248.84,248.92,1664
1790246460,248.92,249.00,248.90,248.92,2948
1790246520,248.92,248.98,248.81,248.83,2857
1790246580,248.83,248.92,248.79,248.87,1351
1790246640,248.87,248.92,248.59,248.68,2553
1790246700,248.68,248.76,248.60,248.64,68
1790246760,248.64,248.68,248.52,248.61,468
1790246820,248.61,248.81,248.54,248.80,2524
1790246880,248.80,248.86,248.71,248.83,117
1790246940,248.83,248.86,248.62,248.71,1161
1790247000,248.71,248.73,248.68,248.68,2631
1790247060,248.68,248.97,248.60,248.87,459
1790247120,248.87,249.11,248.82,249.07,1120
1790247180,249.07,249.14,249.06,249.07,1312
1790247240,249.07,249.15,248.95,248.96,437
1790247300,248.96,249.17,248.96,249.16,501
1790247360,249.16,249.37,249.12,249.33,926
1790247420,249.33,249.41,249.31,249.37,2237
1790247480,249.37,249.50,249.33,249.45,625
1790247540,249.45,249.64,249.44,249.59,1295
1790247600,249.59,249.68,249.57,249.61,1702
1790247660,249.61,249.68,249.58,249.64,2644
1790247720,249.64,249.69,249.43,249.51,1273
1790247780,249.51,249.58,249.33,249.37,1011
1790247840,249.37,249.46,249.15,249.25,1660
1790247900,249.25,249.35,249.19,249.30,1851
1790247960,249.30,249.38,249.10,249.17,2957
1790248020,249.17,249.26,249.02,249.08,2152
1790248080,249.08,249.25,249.02,249.18,828
1790248140,249.18,249.40,249.12,249.36,1606
1790248200,249.36,249.41,249.18,249.19,404
1790248260,249.19,249.30,249.13,249.22,2820
1790248320,249.22,249.23,249.07,249.07,2953
1790248380,249.07,249.14,248.99,249.09,130
1790248440,249.09,249.15,248.92,248.96,2322
1790248500,248.96,249.08,248.90,249.04,676
1790248560,249.04,249.21,248.97,249.20,1269
1790248620,249.20,249.21,249.03,249.07,2203
1790248680,249.07,249.11,248.93,248.98,346
1790248740,248.98,249.02,248.92,248.93,1046
1790248800,248.93,249.00,248.72,248.81,505
1790248860,248.81,249.04,248.79,248.98,702
1790248920,248.98,249.20,248.97,249.14,1157
1790248980,249.14,249.22,248.89,248.97,2098
1790249040,248.97,249.22,248.95,249.13,1404
1790249100,249.13,249.15,248.91,248.99,2961
1790249160,248.99,249.11,248.92,249.08,323
1790249220,249.08,249.15,248.82,248.89,2220
1790249280,248.89,248.90,248.83,248.89,2853
1790249340,248.89,248.94,248.86,248.89,860
1790249400,248.89,249.11,248.84,249.06,1796
1790249460,249.06,249.06,248.81,248.88,1374
1790249520,248.88,249.01,248.86,248.93,1353
1790249580,248.93,248.99,248.79,248.81,2935
1790249640,248.81,249.09,248.77,249.00,1911
1790249700,249.00,249.17,248.98,249.16,580
1790249760,249.16,249.37,249.07,249.33,57
1790249820,249.33,249.42,249.21,249.23,1278
1790249880,249.23,249.39,249.18,249.29,2052
1790249940,249.29,249.39,249.19,249.37,2072
1790250000,249.37,249.45,249.32,249.42,714
1790250060,249.42,249.44,249.37,249.42,2718
1790250120,249.42,249.63,249.32,249.57,1839
1790250180,249.57,249.64,249.34,249.38,2496
1790250240,249.38,249.41,249.22,249.29,2031
1790250300,249.29,249.36,249.13,249.15,2190
1790250360,249.15,249.27,249.07,249.19,706
1790250420,249.19,249.24,248.99,249.02,2298
1790250480,249.02,249.28,249.02,249.20,1876
1790250540,249.20,249.35,249.13,249.25,2097
1790250600,249.25,249.48,249.24,249.38,1864
1790250660,249.38,249.60,249.34,249.54,2942
1790250720,249.54,249.65,249.50,249.58,1075
1790250780,249.58,249.62,249.53,249.59,2829
1790250840,249.59,249.67,249.35,249.41,2109
1790250900,249.41,249.44,249.30,249.38,1070
1790250960,249.38,249.40,249.24,249.31,809
1790251020,249.31,249.45,249.29,249.37,892
1790251080,249.37,249.54,249.28,249.44,564
1790251140,249.44,249.52,249.36,249.46,2985
1790251200,249.46,249.54,249.37,249.43,1052
1790251260,249.43,249.52,249.24,249.27,1952
1790251320,249.27,249.28,249.10,249.16,2536
1790251380,249.16,249.26,249.07,249.10,1500
1790251440,249.10,249.18,248.92,248.95,1993
1790251500,248.95,249.13,248.92,249.12,2442
1790251560,249.12,249.13,249.05,249.12,1577
1790251620,249.12,249.16,249.06,249.10,1348
1790251680,249.10,249.33,249.07,249.27,1788
1790251740,249.27,249.40,249.25,249.35,1149
1790251800,249.35,249.55,249.35,249.55,1729
1790251860,249.55,249.59,249.34,249.43,2035
1790251920,249.43,249.56,249.42,249.52,2210
1790251980,249.52,249.54,249.44,249.45,830
1790252040,249.45,249.53,249.36,249.45,2905
1790252100,249.45,249.52,249.34,249.36,2575
1790252160,249.36,249.44,249.27,249.43,2126
1790252220,249.43,249.58,249.35,249.51,1841
1790252280,249.51,249.62,249.44,249.53,2665
1790252340,249.53,249.61,249.32,249.38,349
1790252400,249.38,249.38,249.18,249.26,232
1790252460,249.26,249.33,249.18,249.19,2251
1790252520,249.19,249.22,249.18,249.22,2554
1790252580,249.22,249.32,249.21,249.29,767
1790252640,249.29,249.44,249.20,249.42,236
1790252700,249.42,249.44,249.31,249.41,90
1790252760,249.41,249.48,249.39,249.44,1189
1790252820,249.44,249.46,249.42,249.44,2164
1790252880,249.44,249.52,249.25,249.33,746
1790252940,249.33,249.52,249.28,249.50,2947
1790253000,249.50,249.52,249.30,249.31,1995
1790253060,249.31,249.45,249.22,249.35,845
1790253120,249.35,249.52,249.34,249.48,2776
1790253180,249.48,249.69,249.42,249.63,2849
1790253240,249.63,249.71,249.40,249.45,2594
1790253300,249.45,249.52,249.43,249.45,1151
1790253360,249.45,249.64,249.39,249.60,2720
1790253420,249.60,249.69,249.57,249.60,1993
1790253480,249.60,249.75,249.59,249.66,910
1790253540,249.66,249.69,249.46,249.50,1795
1790253600,249.50,249.59,249.44,249.50,222
1790253660,249.50,249.52,249.26,249.35,2011
1790253720,249.35,249.43,249.18,249.20,429
1790253780,249.20,249.33,249.15,249.26,812
1790253840,249.26,249.51,249.18,249.43,641
1790253900,249.43,249.43,249.29,249.37,2775
1790253960,249.37,249.41,249.19,249.22,2807
1790254020,249.22,249.25,249.14,249.22,2143
1790254080,249.22,249.31,249.13,249.17,1770
1790254140,249.17,249.19,249.01,249.04,1913
1790254200,249.04,249.16,248.96,249.06,2019
1790254260,249.06,249.16,249.06,249.14,2854
1790254320,249.14,249.22,249.08,249.12,1025
1790254380,249.12,249.16,249.09,249.14,1388
1790254440,249.14,249.21,248.91,249.00,2128
1790254500,249.00,249.27,248.98,249.18,2323
1790254560,249.18,249.43,249.10,249.38,2208
1790254620,249.38,249.47,249.30,249.31,2207
1790254680,249.31,249.34,249.24,249.32,1119
1790254740,249.32,249.33,249.21,249.23,2791
1790254800,249.23,249.26,249.15,249.20,2082
1790254860,249.20,249.44,249.18,249.39,483
1790254920,249.39,249.55,249.35,249.46,1545
1790254980,249.46,249.51,249.30,249.37,1847
1790255040,249.37,249.49,249.30,249.49,603
1790255100,249.49,249.52,249.41,249.47,1637
1790255160,249.47,249.62,249.39,249.56,1152
1790255220,249.56,249.68,249.54,249.59,168
1790255280,249.59,249.59,249.53,249.56,1839
1790255340,249.56,249.61,249.46,249.54,1407
1790255400,249.54,249.60,249.46,249.47,1253
1790255460,249.47,249.53,249.41,249.46,2884
1790255520,249.46,249.47,249.39,249.45,747
1790255580,249.45,249.46,249.37,249.42,415
1790255640,249.42,249.61,249.32,249.51,1049
1790255700,249.51,249.68,249.45,249.60,2279
1790255760,249.60,249.73,249.59,249.69,766
1790255820,249.69,249.70,249.57,249.59,961
1790255880,249.59,249.61,249.39,249.48,2476
1790255940,249.48,249.50,249.36,249.37,399
1790256000,249.37,249.46,249.15,249.24,1511
1790256060,249.24,249.34,249.12,249.18,1100
1790256120,249.18,249.21,249.09,249.19,1440
1790256180,249.19,249.25,249.11,249.20,1563
1790256240,249.20,249.23,248.94,249.01,231
1790256300,249.01,249.03,248.94,249.01,1217
1790256360,249.01,249.20,249.01,249.17,605
1790256420,249.17,249.24,248.96,249.05,1476
1790256480,249.05,249.30,249.03,249.21,2538
1790256540,249.21,249.39,249.17,249.38,2260
1790256600,249.38,249.56,249.31,249.49,258
1790256660,249.49,249.56,249.29,249.37,2317
1790256720,249.37,249.41,249.28,249.36,2645
1790256780,249.36,249.38,249.30,249.38,2773
1790256840,249.38,249.43,249.18,249.24,257
1790256900,249.24,249.46,249.22,249.42,2524
1790256960,249.42,249.46,249.27,249.33,1934
1790257020,249.33,249.42,249.19,249.25,2768
1790257080,249.25,249.50,249.22,249.41,2280
1790257140,249.41,249.48,249.39,249.42,544
1790257200,249.42,249.44,249.34,249.41,2484
1790257260,249.41,249.56,249.31,249.56,2600
1790257320,249.56,249.59,249.39,249.46,1229
1790257380,249.46,249.50,249.38,249.46,1048
1790257440,249.46,249.58,249.38,249.49,2303
1790257500,249.49,249.51,249.29,249.34,1680
1790257560,249.34,249.53,249.24,249.44,1762
1790257620,249.44,249.63,249.40,249.54,1536
1790257680,249.54,249.58,249.40,249.46,2136
1790257740,249.46,249.58,249.36,249.55,680
1790257800,249.55,249.62,249.50,249.54,107
1790257860,249.54,249.56,249.39,249.43,1645
1790257920,249.43,249.52,249.27,249.29,1864
1790257980,249.29,249.48,249.29,249.43,893
1790258040,249.43,249.55,249.42,249.53,2963
1790258100,249.53,249.57,249.35,249.36,1144
1790258160,249.36,249.52,249.35,249.50,136
1790258220,249.50,249.61,249.44,249.60,696
1790258280,249.60,249.83,249.57,249.77,1205
1790258340,249.77,249.93,249.74,249.88,1642
1790258400,249.88,249.92,249.82,249.86,2354
1790258460,249.86,250.02,249.79,249.94,2510
1790258520,249.94,249.97,249.81,249.91,1669
1790258580,249.91,250.01,249.80,249.82,297
1790258640,249.82,249.86,249.80,249.86,118
1790258700,249.86,249.90,249.62,249.70,217
1790258760,249.70,249.80,249.57,249.64,716
1790258820,249.64,249.71,249.45,249.50,867
1790258880,249.50,249.69,249.45,249.64,1865
1790258940,249.64,249.86,249.57,249.82,159
1790259000,249.82,249.86,249.76,249.83,1253
1790259060,249.83,249.84,249.60,249.69,2825
1790259120,249.69,249.71,249.59,249.67,2232
1790259180,249.67,249.70,249.55,249.59,131
1790259240,249.59,249.69,249.54,249.65,2136
1790259300,249.65,249.70,249.43,249.50,2245
1790259360,249.50,249.70,249.43,249.63,2218
1790259420,249.63,249.68,249.60,249.61,749
1790259480,249.61,249.62,249.50,249.55,2461
1790259540,249.55,249.71,249.46,249.67,794
1790259600,249.67,249.75,249.40,249.48,2786
1790259660,249.48,249.71,249.38,249.63,1583
1790259720,249.63,249.68,249.37,249.47,1724
1790259780,249.47,249.73,249.38,249.63,246
1790259840,249.63,249.76,249.57,249.67,1391
1790259900,249.67,249.69,249.57,249.62,2723
1790259960,249.62,249.68,249.42,249.46,492
1790260020,249.46,249.65,249.44,249.59,777
1790260080,249.59,249.61,249.51,249.58,1103
1790260140,249.58,249.73,249.49,249.65,155
1790260200,249.65,249.75,249.59,249.73,2747
1790260260,249.73,249.82,249.70,249.76,1081
1790260320,249.76,249.80,249.63,249.65,2706
1790260380,249.65,249.82,249.56,249.77,2436
1790260440,249.77,249.86,249.59,249.67,917
1790260500,249.67,249.75,249.55,249.62,1427
1790260560,249.62,249.69,249.53,249.54,2101
1790260620,249.54,249.60,249.43,249.47,2513
1790260680,249.47,249.73,249.39,249.67,518
1790260740,249.67,249.76,249.64,249.70,1545
1790260800,249.70,249.71,249.50,249.59,1131
1790260860,249.59,249.62,249.52,249.56,2958
1790260920,249.56,249.65,249.48,249.49,2399
1790260980,249.49,249.72,249.42,249.66,2591
1790261040,249.66,249.68,249.60,249.66,2519
1790261100,249.66,249.72,249.65,249.65,1948
1790261160,249.65,249.69,249.38,249.47,759
1790261220,249.47,249.63,249.45,249.56,1974
1790261280,249.56,249.61,249.55,249.58,989
1790261340,249.58,249.77,249.57,249.74,2806
1790261400,249.74,249.75,249.62,249.66,1304
1790261460,249.66,249.72,249.56,249.65,1242
1790261520,249.65,249.90,249.58,249.81,1216
1790261580,249.81,250.05,249.81,250.00,1763
1790261640,250.00,250.03,249.78,249.81,86
1790261700,249.81,249.83,249.76,249.79,1731
1790261760,249.79,249.90,249.76,249.85,1730
1790261820,249.85,249.89,249.75,249.86,452
1790261880,249.86,249.93,249.65,249.71,1026
1790261940,249.71,249.77,249.60,249.62,1359
1790262000,249.62,249.67,249.58,249.61,2443
1790262060,249.61,249.69,249.37,249.44,135
1790262120,249.44,249.49,249.33,249.36,1843
1790262180,249.36,249.37,249.12,249.17,270
1790262240,249.17,249.39,249.09,249.31,2998
1790262300,249.31,249.35,249.16,249.25,1678
1790262360,249.25,249.48,249.22,249.43,794
1790262420,249.43,249.68,249.40,249.61,1176
1790262480,249.61,249.70,249.41,249.46,2822
1790262540,249.46,249.66,249.41,249.61,2395
1790262600,249.61,249.74,249.58,249.72,149
1790262660,249.72,249.76,249.53,249.54,218
1790262720,249.54,249.59,249.38,249.43,1340
1790262780,249.43,249.59,249.42,249.57,374
1790262840,249.57,249.70,249.48,249.62,1594
1790262900,249.62,249.69,249.61,249.65,1750
1790262960,249.65,249.74,249.47,249.52,475
1790263020,249.52,249.59,249.50,249.53,1185
1790263080,249.53,249.63,249.44,249.46,350
1790263140,249.46,249.54,249.25,249.30,1763
1790263200,249.30,249.32,249.28,249.28,1427
1790263260,249.28,249.37,249.13,249.18,2768
1790263320,249.18,249.33,249.15,249.29,256
1790263380,249.29,249.43,249.27,249.33,989
1790263440,249.33,249.40,249.11,249.20,348
1790263500,249.20,249.45,249.15,249.35,1972
1790263560,249.35,249.36,249.25,249.26,2539
1790263620,249.26,249.44,249.26,249.44,2323
1790263680,249.44,249.47,249.34,249.35,1019
1790263740,249.35,249.41,249.28,249.31,862
1790263800,249.31,249.37,249.23,249.27,251
1790263860,249.27,249.28,249.09,249.17,1011
1790263920,249.17,249.37,249.08,249.28,1163
1790263980,249.28,249.52,249.21,249.48,1398
1790264040,249.48,249.60,249.46,249.56,466
1790264100,249.56,249.74,249.46,249.67,2311
1790264160,249.67,249.73,249.56,249.64,919
1790264220,249.64,249.89,249.55,249.80,1640
1790264280,249.80,249.86,249.68,249.75,858
1790264340,249.75,249.84,249.71,249.79,420
1790264400,249.79,249.87,249.71,249.72,141
1790264460,249.72,249.79,249.47,249.55,2564
1790264520,249.55,249.64,249.48,249.58,67
1790264580,249.58,249.60,249.50,249.55,2066
1790264640,249.55,249.66,249.48,249.60,2065
1790264700,249.60,249.65,249.50,249.54,2542
1790264760,249.54,249.78,249.54,249.74,1177
1790264820,249.74,249.88,249.65,249.83,622
1790264880,249.83,250.04,249.75,250.03,2880
1790264940,250.03,250.17,249.96,250.08,2264
1790265000,250.08,250.28,250.01,250.19,774
1790265060,250.19,250.28,250.09,250.10,527
1790265120,250.10,250.10,249.87,249.94,2972
1790265180,249.94,250.14,249.86,250.07,2409
1790265240,250.07,250.09,250.02,250.02,1958
1790265300,250.02,250.12,250.01,250.08,388
1790265360,250.08,250.25,250.08,250.20,1060
1790265420,250.20,250.26,250.14,250.15,2012
1790265480,250.15,250.40,250.06,250.31,1226
1790265540,250.31,250.44,250.25,250.42,300
1790265600,250.42,250.51,250.31,250.34,2029
1790265660,250.34,250.55,250.30,250.46,763
1790265720,250.46,250.46,250.32,250.38,1132
1790265780,250.38,250.56,250.37,250.55,1071
1790265840,250.55,250.73,250.50,250.67,2411
1790265900,250.67,250.91,250.59,250.83,1599
1790265960,250.83,251.02,250.82,251.02,2727
1790266020,251.02,251.19,251.02,251.15,543
1790266080,251.15,251.32,251.11,251.22,2357
1790266140,251.22,251.27,251.04,251.07,2733
1790266200,251.07,251.15,250.90,250.91,982
1790266260,250.91,251.17,250.83,251.10,2509
1790266320,251.10,251.29,251.04,251.23,527
1790266380,251.23,251.41,251.21,251.33,1540
1790266440,251.33,251.41,251.08,251.15,2362
1790266500,251.15,251.32,251.11,251.27,2734
1790266560,251.27,251.31,251.01,251.08,2884
1790266620,251.08,251.20,251.06,251.17,988
1790266680,251.17,251.23,251.02,251.09,332
1790266740,251.09,251.24,251.03,251.19,803
1790266800,251.19,251.22,251.08,251.09,723
1790266860,251.09,251.30,251.05,251.21,2621
1790266920,251.21,251.40,251.14,251.31,1030
1790266980,251.31,251.47,251.30,251.42,1870
1790267040,251.42,251.43,251.34,251.37,1602
1790267100,251.37,251.65,251.36,251.57,1431
1790267160,251.57,251.60,251.42,251.51,558
1790267220,251.51,251.52,251.26,251.34,1709
1790267280,251.34,251.39,251.18,251.23,1569
1790267340,251.23,251.25,251.17,251.18,496
1790267400,251.18,251.46,251.16,251.38,2546
1790267460,251.38,251.52,251.32,251.43,2228
1790267520,251.43,251.44,251.33,251.40,1789
1790267580,251.40,251.40,251.25,251.28,1378
1790267640,251.28,251.34,251.05,251.14,1512
1790267700,251.14,251.37,251.06,251.34,1941
1790267760,251.34,251.36,251.17,251.18,973
1790267820,251.18,251.24,250.96,250.99,487
1790267880,250.99,251.01,250.75,250.80,517
1790267940,250.80,250.87,250.71,250.84,1341
1790268000,250.84,250.95,250.76,250.94,2908
1790268060,250.94,250.96,250.85,250.89,542
1790268120,250.89,250.90,250.73,250.77,2167
1790268180,250.77,250.83,250.68,250.70,2189
1790268240,250.70,250.76,250.44,250.52,1321
1790268300,250.52,250.66,250.45,250.64,2422
1790268360,250.64,250.84,250.58,250.78,161
1790268420,250.78,250.80,250.69,250.79,2538
1790268480,250.79,250.94,250.71,250.90,2543
1790268540,250.90,250.99,250.87,250.91,2690
1790268600,250.91,251.13,250.90,251.03,2762
1790268660,251.03,251.08,250.85,250.93,1158
1790268720,250.93,251.21,250.92,251.13,74
1790268780,251.13,251.18,251.06,251.14,1514
1790268840,251.14,251.24,251.10,251.11,2322
1790268900,251.11,251.19,251.04,251.16,328
1790268960,251.16,251.21,250.95,251.05,2623
1790269020,251.05,251.23,251.03,251.20,643
1790269080,251.20,251.29,251.06,251.12,2482
1790269140,251.12,251.20,250.91,250.97,934
1790269200,250.97,251.10,250.96,251.08,2107
1790269260,251.08,251.37,251.05,251.28,1032
1790269320,251.28,251.43,251.24,251.40,1734
1790269380,251.40,251.54,251.37,251.49,1394
1790269440,251.49,251.49,251.34,251.41,2084
1790269500,251.41,251.55,251.36,251.45,2006
1790269560,251.45,251.59,251.38,251.50,1964
1790269620,251.50,251.71,251.46,251.63,1810
1790269680,251.63,251.71,251.58,251.58,1236
1790269740,251.58,251.68,251.49,251.50,1104
1790269800,251.50,251.56,251.38,251.39,1840
1790269860,251.39,251.61,251.34,251.55,2375
1790269920,251.55,251.61,251.50,251.59,334
1790269980,251.59,251.68,251.37,251.44,2435
1790270040,251.44,251.57,251.43,251.53,211
1790270100,251.53,251.60,251.34,251.39,2878
1790270160,251.39,251.63,251.37,251.55,2640
1790270220,251.55,251.65,251.53,251.56,1037
1790270280,251.56,251.76,251.51,251.73,2942
1790270340,251.73,251.98,251.65,251.89,2892
1790270400,251.89,251.98,251.86,251.87,1875
1790270460,251.87,251.90,251.75,251.80,1501
1790270520,251.80,251.82,251.58,251.65,2685
1790270580,251.65,251.81,251.63,251.80,1654
1790270640,251.80,251.81,251.57,251.64,182
1790270700,251.64,251.70,251.59,251.62,2097
1790270760,251.62,251.64,251.41,251.43,2314
1790270820,251.43,251.50,251.31,251.40,2422
1790270880,251.40,251.46,251.34,251.45,709
1790270940,251.45,251.59,251.38,251.50,1846
1790271000,251.50,251.57,251.37,251.45,950
1790271060,251.45,251.48,251.28,251.33,2540
1790271120,251.33,251.42,251.10,251.19,2269
1790271180,251.19,251.26,251.02,251.07,2440
1790271240,251.07,251.17,251.01,251.13,380
1790271300,251.13,251.20,250.96,250.97,1223
1790271360,250.97,251.06,250.85,250.88,2211
1790271420,250.88,250.98,250.77,250.86,544
1790271480,250.86,250.87,250.78,250.85,2219
1790271540,250.85,251.10,250.80,251.00,2207
1790271600,251.00,251.12,250.94,251.09,1478
1790271660,251.09,251.25,251.03,251.23,2637
1790271720,251.23,251.36,251.17,251.28,738
1790271780,251.28,251.33,251.16,251.21,1924
1790271840,251.21,251.31,251.21,251.27,899
1790271900,251.27,251.54,251.23,251.47,486
1790271960,251.47,251.74,251.44,251.67,254
1790272020,251.67,251.75,251.39,251.49,1989
1790272080,251.49,251.73,251.45,251.64,2245
1790272140,251.64,251.70,251.42,251.48,290
1790272200,251.48,251.52,251.38,251.39,1873
1790272260,251.39,251.46,251.27,251.36,2783
1790272320,251.36,251.41,251.35,251.40,1535
1790272380,251.40,251.60,251.33,251.58,2961
1790272440,251.58,251.81,251.53,251.76,326
1790272500,251.76,251.99,251.68,251.93,2475
1790272560,251.93,252.17,251.89,252.08,1308
1790272620,252.08,252.16,251.89,251.95,132
1790272680,251.95,252.17,251.95,252.07,1794
1790272740,252.07,252.20,251.99,252.12,897
1790307900,252.12,252.31,252.07,252.27,2964
1790307960,252.27,252.39,252.20,252.35,1953
1790308020,252.35,252.39,252.13,252.21,1817
1790308080,252.21,252.26,252.03,252.05,2158
1790308140,252.05,252.11,251.97,252.08,1445
1790308200,252.08,252.12,251.94,252.02,2453
1790308260,252.02,252.04,251.95,252.03,2933
1790308320,252.03,252.04,251.88,251.92,478
1790308380,251.92,252.04,251.90,252.02,1642
1790308440,252.02,252.11,251.84,251.85,1295
1790308500,251.85,251.92,251.71,251.74,2269
1790308560,251.74,252.03,251.65,251.93,956
1790308620,251.93,252.08,251.93,252.05,975
1790308680,252.05,252.08,251.77,251.87,1322
1790308740,251.87,251.98,251.82,251.91,1801
1790308800,251.91,252.08,251.87,252.01,2999
1790308860,252.01,252.08,251.73,251.82,2694
1790308920,251.82,251.88,251.67,251.73,2188
1790308980,251.73,251.76,251.57,251.60,1855
1790309040,251.60,251.60,251.38,251.47,1680
1790309100,251.47,251.51,251.32,251.34,2710
1790309160,251.34,251.35,251.18,251.19,1418
1790309220,251.19,251.27,251.00,251.10,1264
1790309280,251.10,251.16,250.98,251.05,1427
1790309340,251.05,251.08,250.90,250.97,950
1790309400,250.97,250.97,250.80,250.81,439
1790309460,250.81,250.91,250.79,250.88,2153
1790309520,250.88,250.91,250.66,250.69,1712
1790309580,250.69,250.91,250.65,250.82,985
1790309640,250.82,250.89,250.73,250.84,2908
1790309700,250.84,250.91,250.78,250.87,1404
1790309760,250.87,250.97,250.83,250.95,1828
1790309820,250.95,251.09,250.92,251.01,2615
1790309880,251.01,251.06,250.88,250.93,431
1790309940,250.93,250.94,250.86,250.88,2491
1790310000,250.88,251.09,250.83,251.05,2744
1790310060,251.05,251.10,250.99,251.06,1325
1790310120,251.06,251.10,250.82,250.91,2238
1790310180,250.91,250.99,250.80,250.88,2096
1790310240,250.88,250.94,250.80,250.84,1340
1790310300,250.84,251.08,250.83,251.02,675
1790310360,251.02,251.06,250.80,250.83,864
1790310420,250.83,250.86,250.72,250.82,1442
1790310480,250.82,250.82,250.74,250.75,540
1790310540,250.75,251.00,250.66,250.93,926
1790310600,250.93,251.08,250.88,250.99,805
1790310660,250.99,251.20,250.94,251.14,1648
1790310720,251.14,251.34,251.07,251.26,2294
1790310780,251.26,251.40,251.17,251.32,1065
1790310840,251.32,251.34,251.16,251.25,367
1790310900,251.25,251.28,251.00,251.10,2437
1790310960,251.10,251.15,251.03,251.07,1106
1790311020,251.07,251.21,250.99,251.15,1987
1790311080,251.15,251.23,251.07,251.22,59
1790311140,251.22,251.30,251.02,251.05,1292
1790311200,251.05,251.30,251.00,251.23,2114
1790311260,251.23,251.28,251.14,251.26,1528
1790311320,251.26,251.33,251.04,251.13,2115
1790311380,251.13,251.35,251.11,251.27,977
1790311440,251.27,251.53,251.19,251.46,1280
1790311500,251.46,251.47,251.23,251.32,679
1790311560,251.32,251.33,251.12,251.13,1464
1790311620,251.13,251.42,251.10,251.33,1490
1790311680,251.33,251.55,251.31,251.50,1230
1790311740,251.50,251.67,251.48,251.64,687
1790311800,251.64,251.78,251.62,251.69,2888
1790311860,251.69,251.80,251.61,251.79,2459
1790311920,251.79,252.04,251.79,251.99,1203
1790311980,251.99,252.28,251.96,252.19,2530
1790312040,252.19,252.37,252.12,252.34,1457
1790312100,252.34,252.38,252.13,252.18,826
1790312160,252.18,252.22,252.08,252.16,1064
1790312220,252.16,252.31,252.11,252.23,2119
1790312280,252.23,252.29,252.13,252.21,667
1790312340,252.21,252.47,252.16,252.38,2900
1790312400,252.38,252.41,252.24,252.29,1538
1790312460,252.29,252.53,252.24,252.44,2933
1790312520,252.44,252.47,252.28,252.33,1725
1790312580,252.33,252.45,252.32,252.37,761
1790312640,252.37,252.46,252.30,252.35,1115
1790312700,252.35,252.40,252.25,252.26,646
1790312760,252.26,252.29,251.97,252.07,1112
1790312820,252.07,252.08,251.83,251.92,2931
1790312880,251.92,252.11,251.90,252.04,2408
1790312940,252.04,252.19,252.00,252.19,1716
1790313000,252.19,252.42,252.18,252.34,1089
1790313060,252.34,252.43,252.23,252.24,2007
1790313120,252.24,252.30,252.16,252.24,2884
1790313180,252.24,252.25,252.13,252.20,2317
1790313240,252.20,252.23,252.01,252.06,1578
1790313300,252.06,252.25,251.97,252.24,482
1790313360,252.24,252.30,252.12,252.20,2604
1790313420,252.20,252.25,252.16,252.22,1325
1790313480,252.22,252.34,252.17,252.24,1321
1790313540,252.24,252.32,252.09,252.19,351
1790313600,252.19,252.22,251.99,252.08,1664
1790313660,252.08,252.18,251.94,252.00,1987
1790313720,252.00,252.05,251.73,251.80,1695
1790313780,251.80,251.90,251.74,251.81,2165
1790313840,251.81,252.10,251.71,252.00,2080
1790313900,252.00,252.03,251.84,251.85,563
1790313960,251.85,251.88,251.69,251.73,1324
1790314020,251.73,251.82,251.69,251.79,1104
1790314080,251.79,251.83,251.70,251.73,1908
1790314140,251.73,251.76,251.56,251.65,1236
1790314200,251.65,251.85,251.56,251.84,326
1790314260,251.84,252.00,251.75,251.92,1938
1790314320,251.92,252.00,251.80,251.85,1126
1790314380,251.85,252.01,251.75,251.98,2889
1790314440,251.98,252.05,251.82,251.86,2832
1790314500,251.86,251.90,251.86,251.88,2170
1790314560,251.88,251.91,251.68,251.70,400
1790314620,251.70,251.74,251.66,251.74,1946
1790314680,251.74,251.80,251.53,251.60,2984
1790314740,251.60,251.60,251.51,251.56,1128
1790314800,251.56,251.64,251.52,251.53,2535
1790314860,251.53,251.67,251.48,251.66,258
1790314920,251.66,251.69,251.58,251.63,1809
1790314980,251.63,251.91,251.54,251.82,2388
1790315040,251.82,251.83,251.65,251.66,1172
1790315100,251.66,251.79,251.65,251.71,931
1790315160,251.71,251.79,251.63,251.65,792
1790315220,251.65,251.77,251.59,251.67,508
1790315280,251.67,251.77,251.50,251.55,2291
1790315340,251.55,251.57,251.28,251.37,2957
1790315400,251.37,251.49,251.30,251.48,787
1790315460,251.48,251.59,251.41,251.51,673
1790315520,251.51,251.69,251.42,251.60,772
1790315580,251.60,251.80,251.52,251.79,1867
1790315640,251.79,251.97,251.74,251.89,2942
1790315700,251.89,252.05,251.84,252.02,1313
1790315760,252.02,252.16,251.98,252.13,2889
1790315820,252.13,252.14,252.01,252.09,2729
1790315880,252.09,252.10,251.93,251.99,1415
1790315940,251.99,252.07,251.76,251.83,1558
1790316000,251.83,251.83,251.64,251.69,1828
1790316060,251.69,251.72,251.51,251.53,246
1790316120,251.53,251.62,251.43,251.43,687
1790316180,251.43,251.60,251.41,251.51,1440
1790316240,251.51,251.59,251.46,251.56,822
1790316300,251.56,251.63,251.46,251.54,1885
1790316360,251.54,251.64,251.42,251.42,2689
1790316420,251.42,251.45,251.37,251.42,2815
1790316480,251.42,251.52,251.18,251.26,2376
1790316540,251.26,251.46,251.23,251.37,1343
1790316600,251.37,251.40,251.15,251.22,1487
1790316660,251.22,251.27,251.03,251.05,959
1790316720,251.05,251.24,250.96,251.22,2464
1790316780,251.22,251.27,251.14,251.15,1287
1790316840,251.15,251.24,251.00,251.04,336
1790316900,251.04,251.07,250.91,250.97,2820
1790316960,250.97,250.98,250.92,250.93,2155
1790317020,250.93,250.97,250.70,250.77,2078
1790317080,250.77,250.95,250.75,250.95,300
1790317140,250.95,251.18,250.89,251.15,1966
1790317200,251.15,251.34,251.05,251.27,1063
1790317260,251.27,251.34,251.19,251.25,1834
1790317320,251.25,251.46,251.19,251.42,2513
1790317380,251.42,251.45,251.41,251.43,2446
1790317440,251.43,251.62,251.42,251.54,2965
1790317500,251.54,251.59,251.49,251.51,1575
1790317560,251.51,251.53,251.40,251.49,854
1790317620,251.49,251.59,251.38,251.42,2639
1790317680,251.42,251.50,251.34,251.37,1878
1790317740,251.37,251.39,251.24,251.29,2078
1790317800,251.29,251.34,251.20,251.28,2037
1790317860,251.28,251.50,251.26,251.41,2090
1790317920,251.41,251.62,251.38,251.59,665
1790317980,251.59,251.65,251.47,251.49,870
1790318040,251.49,251.54,251.40,251.49,896
1790318100,251.49,251.65,251.46,251.62,2704
1790318160,251.62,251.89,251.57,251.82,2242
1790318220,251.82,252.05,251.77,252.00,1658
1790318280,252.00,252.04,251.87,251.92,2636
1790318340,251.92,252.05,251.85,252.00,1652
1790318400,252.00,252.22,251.97,252.20,2946
1790318460,252.20,252.30,252.13,252.28,2415
1790318520,252.28,252.29,252.27,252.29,2474
1790318580,252.29,252.31,252.13,252.22,392
1790318640,252.22,252.31,252.05,252.12,343
1790318700,252.12,252.16,252.01,252.09,1309
1790318760,252.09,252.31,252.00,252.23,2465
1790318820,252.23,252.27,251.99,252.05,2821
1790318880,252.05,252.20,252.02,252.16,1903
1790318940,252.16,252.19,251.94,251.96,2354
1790319000,251.96,252.03,251.77,251.79,2652
1790319060,251.79,251.86,251.72,251.74,320
1790319120,251.74,251.80,251.68,251.76,2314
1790319180,251.76,251.97,251.75,251.91,1671
1790319240,251.91,252.00,251.86,251.88,2761
1790319300,251.88,251.96,251.73,251.81,499
1790319360,251.81,251.83,251.78,251.79,2835
1790319420,251.79,251.98,251.78,251.96,2845
1790319480,251.96,252.14,251.96,252.05,2251
1790319540,252.05,252.14,251.93,251.94,457
1790319600,251.94,252.04,251.91,251.96,1903
1790319660,251.96,252.14,251.95,252.06,484
1790319720,252.06,252.14,251.94,251.96,290
1790319780,251.96,251.99,251.77,251.82,720
1790319840,251.82,252.00,251.78,251.99,536
1790319900,251.99,252.08,251.97,252.05,941
1790319960,252.05,252.12,251.96,251.97,2903
1790320020,251.97,252.04,251.94,252.00,1638
1790320080,252.00,252.15,251.96,252.15,1468
1790320140,252.15,252.19,252.11,252.18,1877
1790320200,252.18,252.27,251.96,252.03,484
1790320260,252.03,252.03,251.77,251.85,1251
1790320320,251.85,251.93,251.74,251.82,468
1790320380,251.82,251.91,251.75,251.80,784
1790320440,251.80,251.96,251.77,251.86,213
1790320500,251.86,251.98,251.80,251.97,2592
1790320560,251.97,252.04,251.92,251.94,440
1790320620,251.94,252.21,251.87,252.11,2317
1790320680,252.11,252.26,252.11,252.18,2175
1790320740,252.18,252.22,252.15,252.22,817
1790320800,252.22,252.45,252.16,252.38,2276
1790320860,252.38,252.42,252.37,252.40,2867
1790320920,252.40,252.42,252.31,252.41,1757
1790320980,252.41,252.58,252.32,252.54,93
1790321040,252.54,252.62,252.41,252.48,1136
1790321100,252.48,252.68,252.43,252.61,1284
1790321160,252.61,252.62,252.42,252.47,1920
1790321220,252.47,252.70,252.40,252.62,1781
1790321280,252.62,252.72,252.60,252.71,355
1790321340,252.71,252.82,252.68,252.74,700
1790321400,252.74,252.81,252.68,252.78,2343
1790321460,252.78,252.79,252.54,252.64,927
1790321520,252.64,252.83,252.60,252.83,2250
1790321580,252.83,252.92,252.71,252.76,678
1790321640,252.76,252.77,252.57,252.63,1426
1790321700,252.63,252.77,252.62,252.72,2183
1790321760,252.72,252.75,252.62,252.71,2195
1790321820,252.71,252.79,252.54,252.59,1569
1790321880,252.59,252.65,252.51,252.60,1626
1790321940,252.60,252.67,252.39,252.42,185
1790322000,252.42,252.44,252.20,252.27,2496
1790322060,252.27,252.36,252.20,252.23,2435
1790322120,252.23,252.38,252.14,252.28,1309
1790322180,252.28,252.37,252.12,252.17,413
1790322240,252.17,252.26,252.01,252.04,2660
1790322300,252.04,252.06,251.92,251.93,650
1790322360,251.93,252.05,251.91,251.96,2414
1790322420,251.96,252.05,251.79,251.81,1359
1790322480,251.81,252.02,251.77,251.96,1585
1790322540,251.96,252.11,251.93,252.08,1680
1790322600,252.08,252.29,252.07,252.28,712
1790322660,252.28,252.41,252.25,252.41,2002
1790322720,252.41,252.69,252.37,252.62,474
1790322780,252.62,252.66,252.51,252.59,2606
1790322840,252.59,252.64,252.39,252.42,1616
1790322900,252.42,252.55,252.35,252.50,2119
1790322960,252.50,252.67,252.44,252.62,1941
1790323020,252.62,252.72,252.59,252.62,2721
1790323080,252.62,252.74,252.53,252.66,525
1790323140,252.66,252.75,252.48,252.52,1646
1790323200,252.52,252.61,252.44,252.55,1351
1790323260,252.55,252.58,252.55,252.58,1454
1790323320,252.58,252.73,252.54,252.68,953
1790323380,252.68,252.76,252.40,252.49,1571
1790323440,252.49,252.53,252.40,252.44,980
1790323500,252.44,252.51,252.41,252.43,76
1790323560,252.43,252.48,252.30,252.36,1989
1790323620,252.36,252.43,252.29,252.36,606
1790323680,252.36,252.43,252.10,252.20,412
1790323740,252.20,252.30,252.19,252.27,2314
1790323800,252.27,252.28,252.17,252.26,51
1790323860,252.26,252.28,252.17,252.28,2369
1790323920,252.28,252.48,252.20,252.44,2196
1790323980,252.44,252.45,252.42,252.43,2694
1790324040,252.43,252.51,252.38,252.39,356
1790324100,252.39,252.43,252.28,252.38,299
1790324160,252.38,252.52,252.36,252.49,915
1790324220,252.49,252.70,252.40,252.63,355
1790324280,252.63,252.70,252.45,252.54,1152
1790324340,252.54,252.67,252.49,252.65,886
1790324400,252.65,252.76,252.57,252.68,368
1790324460,252.68,252.83,252.61,252.83,69
1790324520,252.83,252.90,252.76,252.89,2639
1790324580,252.89,252.89,252.72,252.75,316
1790324640,252.75,252.83,252.57,252.59,909
1790324700,252.59,252.78,252.49,252.72,492
1790324760,252.72,252.81,252.67,252.74,2381
1790324820,252.74,252.81,252.62,252.63,735
1790324880,252.63,252.71,252.52,252.57,2052
1790324940,252.57,252.71,252.55,252.62,2273
1790325000,252.62,252.65,252.55,252.63,2267
1790325060,252.63,252.73,252.34,252.44,707
1790325120,252.44,252.52,252.36,252.39,2878
1790325180,252.39,252.59,252.34,252.57,2875
1790325240,252.57,252.76,252.51,252.70,542
1790325300,252.70,252.82,252.62,252.72,2810
1790325360,252.72,252.96,252.66,252.91,948
1790325420,252.91,252.97,252.86,252.91,707
1790325480,252.91,253.00,252.83,252.95,1810
1790325540,252.95,253.16,252.94,253.14,1728
1790325600,253.14,253.26,253.10,253.24,1421
1790325660,253.24,253.26,253.19,253.22,520
1790325720,253.22,253.28,253.08,253.17,2974
1790325780,253.17,253.18,253.08,253.10,1757
1790325840,253.10,253.17,253.00,253.08,1601
1790325900,253.08,253.15,252.98,253.05,2190
1790325960,253.05,253.05,252.93,252.97,1349
1790326020,252.97,253.06,252.94,252.94,1835
1790326080,252.94,252.94,252.90,252.94,931
1790326140,252.94,252.98,252.89,252.95,2343
1790326200,252.95,252.99,252.74,252.83,2729
1790326260,252.83,252.99,252.74,252.94,1620
1790326320,252.94,252.96,252.83,252.85,730
1790326380,252.85,252.91,252.80,252.82,264
1790326440,252.82,252.90,252.80,252.83,1184
1790326500,252.83,253.05,252.75,252.96,1505
1790326560,252.96,253.03,252.91,253.00,949
1790326620,253.00,253.14,252.99,253.05,400
1790326680,253.05,253.05,252.91,252.94,145
1790326740,252.94,253.11,252.84,253.03,2371
1790326800,253.03,253.11,252.87,252.89,673
1790326860,252.89,253.06,252.87,252.98,2636
1790326920,252.98,253.17,252.90,253.13,2408
1790326980,253.13,253.14,252.89,252.99,993
1790327040,252.99,253.10,252.96,253.05,1557
1790327100,253.05,253.31,252.96,253.25,1111
1790327160,253.25,253.25,253.10,253.10,1159
1790327220,253.10,253.11,252.97,253.01,2099
1790327280,253.01,253.16,252.98,253.12,2881
1790327340,253.12,253.27,253.04,253.21,2406
1790327400,253.21,253.27,252.99,253.04,812
1790327460,253.04,253.07,252.79,252.89,331
1790327520,252.89,252.89,252.67,252.71,860
1790327580,252.71,252.76,252.63,252.71,1590
1790327640,252.71,252.97,252.70,252.89,2024
1790327700,252.89,253.08,252.83,253.00,2223
1790327760,253.00,253.01,252.81,252.81,2202
1790327820,252.81,252.96,252.75,252.96,299
1790327880,252.96,253.08,252.91,253.03,1088
1790327940,253.03,253.10,252.88,252.90,2556
1790328000,252.90,252.99,252.69,252.72,774
1790328060,252.72,252.82,252.70,252.81,949
1790328120,252.81,252.92,252.81,252.85,2681
1790328180,252.85,252.86,252.84,252.84,737
1790328240,252.84,252.91,252.62,252.65,165
1790328300,252.65,252.68,252.52,252.54,137
1790328360,252.54,252.57,252.44,252.50,2870
1790328420,252.50,252.75,252.46,252.70,856
1790328480,252.70,252.76,252.64,252.74,2531
1790328540,252.74,252.78,252.74,252.74,2797
1790328600,252.74,252.98,252.73,252.90,456
1790328660,252.90,253.17,252.84,253.10,1677
1790328720,253.10,253.12,253.07,253.10,1361
1790328780,253.10,253.12,253.01,253.07,2391
1790328840,253.07,253.18,252.98,253.15,1222
1790328900,253.15,253.18,253.11,253.14,476
1790328960,253.14,253.22,253.06,253.09,679
1790329020,253.09,253.11,253.02,253.09,1986
1790329080,253.09,253.20,253.07,253.17,1464
1790329140,253.17,253.18,253.02,253.02,2027
1790329200,253.02,253.11,252.97,253.10,2326
1790329260,253.10,253.19,252.86,252.95,1182
1790329320,252.95,253.08,252.93,253.00,639
1790329380,253.00,253.07,252.95,253.01,1920
1790329440,253.01,253.11,252.91,252.99,715
1790329500,252.99,253.03,252.95,252.96,935
1790329560,252.96,253.03,252.88,252.96,304
1790329620,252.96,252.97,252.71,252.78,1827
1790329680,252.78,252.80,252.62,252.69,1252
1790329740,252.69,252.86,252.69,252.81,1370
1790329800,252.81,253.06,252.75,252.97,2036
1790329860,252.97,253.02,252.78,252.79,252
1790329920,252.79,252.99,252.79,252.94,457
1790329980,252.94,253.02,252.84,252.87,850
1790330040,252.87,252.89,252.64,252.67,1366
1790330100,252.67,252.75,252.50,252.54,1426
1790330160,252.54,252.60,252.31,252.41,1059
1790330220,252.41,252.59,252.32,252.58,2676
1790330280,252.58,252.80,252.55,252.77,1469
1790330340,252.77,252.94,252.74,252.90,2849
1790330400,252.90,252.99,252.88,252.92,1571
1790330460,252.92,252.97,252.73,252.76,1335
1790330520,252.76,252.97,252.72,252.93,1906
1790330580,252.93,252.99,252.81,252.84,366
1790330640,252.84,252.89,252.79,252.88,1527
1790330700,252.88,253.00,252.86,252.92,2399
1790330760,252.92,253.02,252.90,253.00,2984
1790330820,253.00,253.08,252.95,253.00,1881
1790330880,253.00,253.20,252.91,253.17,1476
1790330940,253.17,253.28,253.13,253.20,1896
1790331000,253.20,253.25,253.07,253.11,1454
1790331060,253.11,253.20,253.05,253.18,1190
1790331120,253.18,253.20,252.91,253.00,2070
1790331180,253.00,253.23,252.96,253.15,2233
1790331240,253.15,253.21,253.07,253.17,2824
1790331300,253.17,253.20,253.02,253.12,471
1790331360,253.12,253.40,253.05,253.32,2750
1790331420,253.32,253.47,253.26,253.39,2272
1790331480,253.39,253.59,253.37,253.50,285
1790331540,253.50,253.57,253.44,253.45,1411
1790331600,253.45,253.54,253.35,253.46,802
1790331660,253.46,253.70,253.38,253.62,505
1790331720,253.62,253.84,253.52,253.82,386
1790331780,253.82,254.06,253.79,254.02,2921
1790331840,254.02,254.08,253.97,254.05,2613
1790331900,254.05,254.12,253.98,254.05,775
1790331960,254.05,254.13,253.96,254.12,2918
1790332020,254.12,254.16,254.08,254.13,2560
1790332080,254.13,254.17,254.01,254.05,1726
1790332140,254.05,254.12,253.96,253.99,686
1790332200,253.99,254.05,253.70,253.80,1520
1790332260,253.80,253.98,253.72,253.94,1047
1790332320,253.94,254.02,253.89,253.99,321
1790332380,253.99,254.02,253.77,253.87,2411
1790332440,253.87,253.94,253.64,253.70,2224
1790332500,253.70,253.93,253.63,253.85,2115
1790332560,253.85,253.99,253.77,253.98,1861
1790332620,253.98,254.05,253.73,253.79,2584
1790332680,253.79,253.82,253.51,253.60,2777
1790332740,253.60,253.74,253.56,253.72,722
1790332800,253.72,253.78,253.64,253.68,783
1790332860,253.68,253.82,253.61,253.79,100
1790332920,253.79,253.85,253.71,253.76,1912
1790332980,253.76,253.81,253.57,253.61,765
1790333040,253.61,253.81,253.54,253.79,2230
1790333100,253.79,253.85,253.76,253.84,2761
1790333160,253.84,253.97,253.83,253.90,2738
1790333220,253.90,253.90,253.88,253.88,2554
1790333280,253.88,253.92,253.76,253.80,837
1790333340,253.80,253.84,253.68,253.78,1601
1790333400,253.78,253.86,253.74,253.76,1200
1790333460,253.76,253.76,253.56,253.64,1498
1790333520,253.64,253.87,253.54,253.81,1669
1790333580,253.81,253.89,253.75,253.82,739
1790333640,253.82,253.86,253.66,253.72,324
1790333700,253.72,253.80,253.54,253.60,1126
1790333760,253.60,253.72,253.57,253.65,2283
1790333820,253.65,253.66,253.44,253.52,1628
1790333880,253.52,253.54,253.41,253.44,2458
1790333940,253.44,253.72,253.37,253.62,1890
1790334000,253.62,253.85,253.62,253.79,2506
1790334060,253.79,253.84,253.58,253.61,1934
1790334120,253.61,253.73,253.61,253.72,55
1790334180,253.72,253.93,253.69,253.84,2076
1790334240,253.84,253.93,253.65,253.73,1680
1790334300,253.73,253.91,253.70,253.81,2435
1790334360,253.81,253.98,253.78,253.93,1090
1790334420,253.93,254.01,253.85,253.88,970
1790334480,253.88,254.07,253.86,253.97,1871
1790334540,253.97,254.16,253.94,254.08,450
1790334600,254.08,254.15,254.01,254.01,192
1790334660,254.01,254.09,253.77,253.85,1351
1790334720,253.85,254.06,253.79,254.00,352
1790334780,254.00,254.02,253.76,253.86,2791
1790334840,253.86,253.88,253.77,253.77,1775
1790334900,253.77,253.87,253.63,253.66,2878
1790334960,253.66,253.87,253.63,253.80,2338
1790335020,253.80,253.95,253.70,253.88,1430
1790335080,253.88,253.96,253.86,253.89,2960
1790335140,253.89,254.12,253.82,254.09,2950
1790335200,254.09,254.26,254.04,254.18,2268
1790335260,254.18,254.20,254.04,254.06,1677
1790335320,254.06,254.08,253.84,253.88,1689
1790335380,253.88,254.04,253.79,253.97,1086
1790335440,253.97,253.97,253.92,253.94,1175
1790335500,253.94,254.05,253.86,253.95,456
1790335560,253.95,254.04,253.89,254.03,1528
1790335620,254.03,254.31,253.93,254.21,2972
1790335680,254.21,254.22,254.11,254.20,1214
1790335740,254.20,254.25,254.11,254.19,1944
1790335800,254.19,254.28,254.12,254.21,1317
1790335860,254.21,254.25,254.08,254.16,2376
1790335920,254.16,254.35,254.10,254.26,2797
1790335980,254.26,254.29,254.03,254.08,2149
1790336040,254.08,254.12,253.89,253.90,244
1790336100,253.90,254.02,253.84,253.95,308
1790336160,253.95,253.99,253.86,253.87,1972
1790336220,253.87,254.07,253.78,254.02,2686
1790336280,254.02,254.08,253.85,253.94,2368
1790336340,253.94,253.97,253.77,253.85,916
1790336400,253.85,253.93,253.72,253.80,224
1790336460,253.80,253.80,253.66,253.76,426
1790336520,253.76,253.82,253.72,253.80,335
1790336580,253.80,253.87,253.78,253.78,2662
1790336640,253.78,253.84,253.62,253.63,2970
1790336700,253.63,253.64,253.45,253.55,625
1790336760,253.55,253.82,253.48,253.75,1463
1790336820,253.75,253.83,253.70,253.76,2155
1790336880,253.76,253.88,253.69,253.80,2456
1790336940,253.80,254.02,253.73,253.96,875
1790337000,253.96,254.06,253.93,253.94,2034
1790337060,253.94,254.02,253.77,253.82,1778
1790337120,253.82,253.94,253.75,253.84,1880
1790337180,253.84,253.92,253.62,253.72,828
1790337240,253.72,253.93,253.71,253.87,2154
1790337300,253.87,253.92,253.76,253.82,2763
1790337360,253.82,253.98,253.77,253.92,2003
1790337420,253.92,253.94,253.72,253.72,1709
1790337480,253.72,253.99,253.66,253.90,1047
1790337540,253.90,253.93,253.72,253.72,646
1790337600,253.72,253.73,253.51,253.61,1679
1790337660,253.61,253.69,253.37,253.42,2382
1790337720,253.42,253.58,253.32,253.54,942
1790337780,253.54,253.64,253.45,253.54,2911
1790337840,253.54,253.55,253.38,253.48,1684
1790337900,253.48,253.56,253.33,253.39,1002
1790337960,253.39,253.59,253.32,253.58,1086
1790338020,253.58,253.65,253.46,253.48,1766
1790338080,253.48,253.60,253.43,253.51,964
1790338140,253.51,253.53,253.42,253.52,2680
1790338200,253.52,253.59,253.28,253.37,1735
1790338260,253.37,253.44,253.26,253.27,2876
1790338320,253.27,253.51,253.27,253.45,2750
1790338380,253.45,253.50,253.29,253.38,1352
1790338440,253.38,253.44,253.32,253.38,2719
1790338500,253.38,253.40,253.18,253.24,419
1790338560,253.24,253.28,253.06,253.13,1885
1790338620,253.13,253.19,253.08,253.13,828
1790338680,253.13,253.14,252.98,253.02,1689
1790338740,253.02,253.19,253.01,253.19,785
1790338800,253.19,253.26,252.96,253.00,1935
1790338860,253.00,253.10,252.97,253.07,389
1790338920,253.07,253.25,252.99,253.25,2719
1790338980,253.25,253.25,253.17,253.24,2889
1790339040,253.24,253.32,253.07,253.11,2615
1790339100,253.11,253.35,253.06,253.30,1063
1790339160,253.30,253.37,253.09,253.16,818
1790339220,253.16,253.20,252.92,252.97,1425
1790339280,252.97,253.03,252.88,252.99,1326
1790339340,252.99,253.19,252.94,253.10,2767
1790339400,253.10,253.16,252.88,252.95,1391
1790339460,252.95,253.12,252.87,253.06,699
1790339520,253.06,253.11,252.95,252.99,514
1790339580,252.99,253.08,252.96,253.06,1756
1790339640,253.06,253.07,252.92,252.97,2755
1790339700,252.97,253.02,252.96,253.02,1734
1790339760,253.02,253.07,252.98,253.03,387
1790339820,253.03,253.06,252.87,252.89,765
1790339880,252.89,252.93,252.73,252.81,1088
1790339940,252.81,252.92,252.75,252.92,1811
1790340000,252.92,253.15,252.82,253.10,1680
1790340060,253.10,253.34,253.02,253.30,1065
1790340120,253.30,253.33,253.11,253.13,2074
1790340180,253.13,253.19,253.07,253.10,397
1790340240,253.10,253.12,253.00,253.11,1235
1790340300,253.11,253.18,252.98,252.99,89
1790340360,252.99,253.01,252.81,252.90,722
1790340420,252.90,252.99,252.81,252.89,806
1790340480,252.89,252.98,252.79,252.89,457
1790340540,252.89,252.94,252.66,252.72,457
1790340600,252.72,252.75,252.72,252.75,2512
1790340660,252.75,252.80,252.53,252.61,2210
1790340720,252.61,252.67,252.38,252.46,1997
1790340780,252.46,252.48,252.25,252.29,822
1790340840,252.29,252.38,252.22,252.25,2484
1790340900,252.25,252.32,252.16,252.26,475
1790340960,252.26,252.35,252.24,252.26,1593
1790341020,252.26,252.32,252.25,252.30,2955
1790341080,252.30,252.39,252.21,252.31,547
1790341140,252.31,252.40,252.22,252.37,2212
1790341200,252.37,252.38,252.30,252.31,2469
1790341260,252.31,252.32,252.13,252.15,977
1790341320,252.15,252.22,252.07,252.15,445
1790341380,252.15,252.23,251.99,252.05,2939
1790341440,252.05,252.14,251.87,251.90,696
1790341500,251.90,251.93,251.82,251.84,2829
1790341560,251.84,251.96,251.83,251.88,809
1790341620,251.88,251.90,251.76,251.82,420
1790341680,251.82,251.88,251.59,251.64,1107
1790341740,251.64,251.65,251.63,251.63,1055
1790341800,251.63,251.81,251.63,251.72,2603
1790341860,251.72,251.81,251.62,251.69,2249
1790341920,251.69,251.78,251.56,251.56,2241
1790341980,251.56,251.80,251.52,251.73,152
1790342040,251.73,251.95,251.71,251.93,813
1790342100,251.93,252.02,251.63,251.73,771
1790342160,251.73,251.79,251.56,251.57,2069
1790342220,251.57,251.60,251.43,251.48,201
1790342280,251.48,251.63,251.43,251.63,1361
1790342340,251.63,251.66,251.49,251.54,1975
1790342400,251.54,251.58,251.38,251.39,1428
1790342460,251.39,251.48,251.25,251.27,1195
1790342520,251.27,251.32,251.10,251.14,935
1790342580,251.14,251.36,251.11,251.28,2362
1790342640,251.28,251.53,251.20,251.45,2368
1790342700,251.45,251.60,251.40,251.59,2668
1790342760,251.59,251.69,251.45,251.54,2713
1790342820,251.54,251.64,251.33,251.41,2107
1790342880,251.41,251.53,251.39,251.47,1829
1790342940,251.47,251.66,251.47,251.61,671
1790343000,251.61,251.68,251.53,251.58,2457
1790343060,251.58,251.77,251.56,251.75,256
1790343120,251.75,251.89,251.70,251.82,1436
1790343180,251.82,251.90,251.74,251.83,193
1790343240,251.83,252.03,251.82,252.01,654
1790343300,252.01,252.24,251.99,252.21,623
1790343360,252.21,252.36,252.14,252.29,741
1790343420,252.29,252.42,252.20,252.35,1184
1790343480,252.35,252.51,252.31,252.45,461
1790343540,252.45,252.54,252.35,252.47,469
1790343600,252.47,252.66,252.45,252.58,1370
1790343660,252.58,252.61,252.53,252.55,2721
1790343720,252.55,252.68,252.48,252.67,1948
1790343780,252.67,252.76,252.62,252.64,346
1790343840,252.64,252.67,252.62,252.63,738
1790343900,252.63,252.76,252.59,252.66,2800
1790343960,252.66,252.80,252.59,252.78,2847
1790344020,252.78,252.85,252.68,252.73,862
1790344080,252.73,252.83,252.58,252.62,555
1790344140,252.62,252.70,252.37,252.45,1176
1790344200,252.45,252.53,252.40,252.45,1587
1790344260,252.45,252.48,252.18,252.28,2716
1790344320,252.28,252.31,252.15,252.22,612
1790344380,252.22,252.31,252.16,252.23,2348
1790344440,252.23,252.26,252.12,252.19,807
1790344500,252.19,252.25,252.14,252.23,344
1790344560,252.23,252.31,252.19,252.27,1316
1790344620,252.27,252.27,252.24,252.24,2090
1790344680,252.24,252.35,252.16,252.27,2423
1790344740,252.27,252.38,252.18,252.29,1477
1790344800,252.29,252.37,252.10,252.16,335
1790344860,252.16,252.19,251.89,251.97,1456
1790344920,251.97,252.04,251.85,251.93,2336
1790344980,251.93,251.98,251.70,251.78,798
1790345040,251.78,251.82,251.58,251.67,2003
1790345100,251.67,251.89,251.62,251.83,921
1790345160,251.83,251.93,251.67,251.73,2334
1790345220,251.73,251.81,251.51,251.53,1397
1790345280,251.53,251.55,251.50,251.51,2283
1790345340,251.51,251.61,251.50,251.57,791
1790345400,251.57,251.72,251.57,251.63,2260
1790345460,251.63,251.65,251.48,251.54,155
1790345520,251.54,251.77,251.48,251.72,562
1790345580,251.72,251.94,251.66,251.92,1888
1790345640,251.92,251.95,251.76,251.85,141
1790345700,251.85,252.04,251.80,251.94,1823
1790345760,251.94,251.97,251.88,251.91,2772
1790345820,251.91,251.91,251.83,251.89,2322
1790345880,251.89,251.96,251.80,251.80,2790
1790345940,251.80,251.89,251.80,251.81,55
1790346000,251.81,251.87,251.69,251.77,1561
1790346060,251.77,251.78,251.60,251.65,705
1790346120,251.65,251.74,251.61,251.69,1006
1790346180,251.69,251.74,251.63,251.73,2022
1790346240,251.73,251.77,251.69,251.72,2755
1790346300,251.72,251.96,251.66,251.89,2704
1790346360,251.89,252.12,251.80,252.04,926
1790346420,252.04,252.11,251.91,251.92,1743
1790346480,251.92,252.01,251.77,251.83,347
1790346540,251.83,251.93,251.65,251.69,1040
1790346600,251.69,251.85,251.65,251.84,2954
1790346660,251.84,251.92,251.82,251.89,658
1790346720,251.89,251.92,251.70,251.75,240
1790346780,251.75,251.76,251.71,251.72,2217
1790346840,251.72,251.81,251.46,251.52,1135
1790346900,251.52,251.54,251.39,251.39,2683
1790346960,251.39,251.48,251.32,251.33,2253
1790347020,251.33,251.38,251.25,251.30,1548
1790347080,251.30,251.30,251.11,251.12,2357
1790347140,251.12,251.18,251.02,251.05,1738
1790347200,251.05,251.18,251.03,251.11,2546
1790347260,251.11,251.12,250.98,251.00,474
1790347320,251.00,251.19,250.99,251.10,699
1790347380,251.10,251.10,251.01,251.03,2077
1790347440,251.03,251.08,250.81,250.87,2266
1790347500,250.87,250.91,250.69,250.77,2062
1790347560,250.77,251.01,250.77,250.91,1244
1790347620,250.91,250.94,250.70,250.74,1210
1790347680,250.74,250.81,250.67,250.80,1422
1790347740,250.80,250.82,250.54,250.61,909
1790347800,250.61,250.78,250.51,250.69,1589
1790347860,250.69,250.72,250.62,250.64,2970
1790347920,250.64,250.82,250.57,250.78,2577
1790347980,250.78,251.02,250.75,250.97,686
1790348040,250.97,251.19,250.97,251.14,852
1790348100,251.14,251.22,250.94,250.95,1323
1790348160,250.95,251.02,250.89,250.95,781
1790348220,250.95,251.02,250.81,250.88,2734
1790348280,250.88,251.04,250.87,251.00,1014
1790348340,251.00,251.03,250.95,250.98,1611
1790348400,250.98,251.09,250.92,251.09,2129
1790348460,251.09,251.21,251.05,251.15,357
1790348520,251.15,251.30,251.10,251.25,1619
1790348580,251.25,251.29,251.09,251.12,2809
1790348640,251.12,251.32,251.12,251.26,1965
1790348700,251.26,251.44,251.19,251.35,433
1790348760,251.35,251.51,251.34,251.43,1866
1790348820,251.43,251.43,251.35,251.43,1992
1790348880,251.43,251.48,251.25,251.30,2931
1790348940,251.30,251.34,251.10,251.18,2745
1790349000,251.18,251.23,251.05,251.10,2449
1790349060,251.10,251.11,250.90,250.97,1195
1790349120,250.97,250.98,250.76,250.81,2597
1790349180,250.81,250.88,250.62,250.70,2470
1790349240,250.70,250.74,250.65,250.65,2547
1790349300,250.65,250.73,250.59,250.65,2211
1790349360,250.65,250.83,250.61,250.74,2042
1790349420,250.74,250.93,250.67,250.90,1439
1790349480,250.90,251.02,250.86,251.01,770
1790349540,251.01,251.10,250.89,250.99,1670
1790349600,250.99,251.06,250.76,250.81,1111
1790349660,250.81,250.91,250.77,250.82,1445
1790349720,250.82,250.97,250.76,250.90,2261
1790349780,250.90,251.00,250.81,250.85,1430
1790349840,250.85,251.08,250.84,251.00,847
1790349900,251.00,251.12,250.95,251.11,2360
1790349960,251.11,251.11,251.05,251.06,313
1790350020,251.06,251.12,250.95,250.99,1570
1790350080,250.99,251.04,250.90,250.98,2444
1790350140,250.98,251.01,250.87,250.89,2412
1790350200,250.89,250.98,250.77,250.87,633
1790350260,250.87,251.05,250.86,250.95,2418
1790350320,250.95,251.13,250.91,251.04,1982
1790350380,251.04,251.22,250.96,251.15,2894
1790350440,251.15,251.23,250.93,251.03,1530
1790350500,251.03,251.20,251.01,251.16,386
1790350560,251.16,251.17,251.05,251.08,2679
1790350620,251.08,251.14,250.92,250.94,1783
1790350680,250.94,251.00,250.86,250.97,2573
1790350740,250.97,251.00,250.79,250.80,1169
1790350800,250.80,251.00,250.76,250.97,1247
1790350860,250.97,251.04,250.76,250.84,2311
1790350920,250.84,251.01,250.78,250.92,1584
1790350980,250.92,250.99,250.74,250.84,333
1790351040,250.84,251.03,250.75,250.94,1823
1790351100,250.94,251.05,250.87,251.03,348
1790351160,251.03,251.20,251.02,251.12,1450
1790351220,251.12,251.37,251.03,251.28,2642
1790351280,251.28,251.41,251.22,251.35,1584
1790351340,251.35,251.62,251.26,251.54,1722
1790351400,251.54,251.59,251.46,251.48,931
1790351460,251.48,251.75,251.45,251.68,2554
1790351520,251.68,251.75,251.60,251.61,614
1790351580,251.61,251.66,251.51,251.58,2043
1790351640,251.58,251.67,251.51,251.64,1132
1790351700,251.64,251.73,251.55,251.70,2247
1790351760,251.70,251.97,251.61,251.89,2037
1790351820,251.89,251.94,251.73,251.74,2953
1790351880,251.74,251.95,251.71,251.92,637
1790351940,251.92,251.96,251.72,251.73,151
1790352000,251.73,251.75,251.71,251.73,498
1790352060,251.73,251.93,251.68,251.86,551
1790352120,251.86,252.13,251.77,252.04,2091
1790352180,252.04,252.10,251.78,251.87,236
1790352240,251.87,251.98,251.84,251.93,721
1790352300,251.93,252.12,251.86,252.06,2549
1790352360,252.06,252.12,252.03,252.11,273
1790352420,252.11,252.16,251.94,252.01,894
1790352480,252.01,252.08,251.79,251.88,1221
1790352540,251.88,251.95,251.64,251.73,811
1790352600,251.73,251.80,251.58,251.65,598
1790352660,251.65,251.73,251.56,251.69,1130
1790352720,251.69,251.71,251.60,251.66,1644
1790352780,251.66,251.75,251.45,251.47,2592
1790352840,251.47,251.51,251.41,251.48,2087
1790352900,251.48,251.52,251.37,251.46,1447
1790352960,251.46,251.52,251.32,251.37,1225
1790353020,251.37,251.51,251.27,251.46,2679
1790353080,251.46,251.49,251.36,251.48,421
1790353140,251.48,251.71,251.45,251.65,546
1790353200,251.65,251.74,251.47,251.54,137
1790353260,251.54,251.71,251.51,251.70,818
1790353320,251.70,251.70,251.59,251.68,2383
1790353380,251.68,251.70,251.48,251.56,2646
1790353440,251.56,251.69,251.47,251.66,2981
1790353500,251.66,251.87,251.59,251.82,2630
1790353560,251.82,251.89,251.62,251.72,2799
1790353620,251.72,251.91,251.62,251.90,2866
1790353680,251.90,251.94,251.68,251.73,1712
1790353740,251.73,251.92,251.67,251.83,447
1790353800,251.83,251.86,251.66,251.76,2102
1790353860,251.76,251.84,251.69,251.82,961
1790353920,251.82,251.83,251.69,251.73,1940
1790353980,251.73,251.82,251.70,251.79,2058
1790354040,251.79,251.87,251.60,251.68,679
1790354100,251.68,251.71,251.51,251.54,1081
1790354160,251.54,251.63,251.29,251.36,2420
1790354220,251.36,251.49,251.34,251.47,2517
1790354280,251.47,251.63,251.40,251.55,1882
1790354340,251.55,251.68,251.53,251.58,294
1790354400,251.58,251.85,251.51,251.78,2630
1790354460,251.78,251.90,251.75,251.87,2371
1790354520,251.87,251.95,251.69,251.72,2789
1790354580,251.72,251.76,251.57,251.57,2943
1790354640,251.57,251.82,251.50,251.76,2122
1790354700,251.76,251.85,251.68,251.74,130
1790354760,251.74,251.96,251.64,251.91,2511
1790354820,251.91,252.02,251.90,251.95,805
1790354880,251.95,252.05,251.93,251.98,1352
1790354940,251.98,252.10,251.92,252.06,2193
1790355000,252.06,252.21,251.99,252.11,2841
1790355060,252.11,252.30,252.04,252.28,976
1790355120,252.28,252.47,252.21,252.40,2893
1790355180,252.40,252.45,252.26,252.33,263
1790355240,252.33,252.39,252.09,252.19,561
1790355300,252.19,252.24,252.12,252.14,1406
1790355360,252.14,252.23,252.10,252.22,1306
1790355420,252.22,252.28,252.04,252.07,1582
1790355480,252.07,252.35,252.06,252.26,1463
1790355540,252.26,252.32,252.14,252.15,2086
1790355600,252.15,252.36,252.15,252.29,2709
1790355660,252.29,252.50,252.20,252.49,129
1790355720,252.49,252.51,252.28,252.31,195
1790355780,252.31,252.36,252.27,252.31,378
1790355840,252.31,252.44,252.28,252.42,2468
1790355900,252.42,252.60,252.40,252.57,702
1790355960,252.57,252.58,252.43,252.53,1218
1790356020,252.53,252.55,252.42,252.51,1572
1790356080,252.51,252.55,252.48,252.52,2155
1790356140,252.52,252.55,252.45,252.50,1656
1790356200,252.50,252.53,252.32,252.36,2886
1790356260,252.36,252.39,252.26,252.26,1553
1790356320,252.26,252.39,252.19,252.29,2929
1790356380,252.29,252.32,252.16,252.24,1669
1790356440,252.24,252.32,252.18,252.23,2551
1790356500,252.23,252.28,252.04,252.10,2613
1790356560,252.10,252.18,251.98,252.03,678
1790356620,252.03,252.10,251.81,251.88,1422
1790356680,251.88,252.06,251.81,251.99,1573
1790356740,251.99,252.18,251.89,252.16,467
1790356800,252.16,252.21,251.93,252.01,1384
1790356860,252.01,252.10,251.98,252.00,658
1790356920,252.00,252.08,251.95,251.98,1874
1790356980,251.98,252.16,251.94,252.10,1834
1790357040,252.10,252.26,252.03,252.21,1391
1790357100,252.21,252.38,252.17,252.30,2711
1790357160,252.30,252.33,252.21,252.23,1965
1790357220,252.23,252.32,252.16,252.29,743
1790357280,252.29,252.48,252.21,252.44,2031
1790357340,252.44,252.54,252.40,252.53,1277
1790357400,252.53,252.62,252.45,252.59,1018
1790357460,252.59,252.59,252.48,252.55,462
1790357520,252.55,252.56,252.40,252.48,1207
1790357580,252.48,252.56,252.44,252.51,872
1790357640,252.51,252.60,252.34,252.35,626
1790357700,252.35,252.48,252.29,252.43,403
1790357760,252.43,252.43,252.21,252.29,1273
1790357820,252.29,252.52,252.20,252.45,1861
1790357880,252.45,252.47,252.21,252.29,1161
1790357940,252.29,252.30,252.06,252.11,856
1790358000,252.11,252.16,252.08,252.15,1707
1790358060,252.15,252.21,252.08,252.18,1062
1790358120,252.18,252.41,252.12,252.36,2297
1790358180,252.36,252.38,252.10,252.17,438
1790358240,252.17,252.35,252.15,252.28,1171
1790358300,252.28,252.31,252.17,252.20,1825
1790358360,252.20,252.22,252.04,252.07,1005
1790358420,252.07,252.17,252.05,252.16,146
1790358480,252.16,252.25,252.08,252.14,1818
1790358540,252.14,252.14,251.96,252.02,2684
1790358600,252.02,252.06,251.91,251.96,1269
1790358660,251.96,251.97,251.76,251.82,2631
1790358720,251.82,251.89,251.76,251.82,1204
1790358780,251.82,251.99,251.72,251.98,951
1790358840,251.98,252.18,251.94,252.11,1229
1790358900,252.11,252.33,252.05,252.30,2652
1790358960,252.30,252.36,252.17,252.20,482
1790359020,252.20,252.26,252.10,252.25,2238
1790359080,252.25,252.28,252.09,252.09,2615
1790359140,252.09,252.30,252.04,252.21,113
1790567100,252.21,252.27,252.13,252.23,99
1790567160,252.23,252.31,252.19,252.21,973
1790567220,252.21,252.40,252.13,252.37,1378
1790567280,252.37,252.44,252.28,252.42,67
1790567340,252.42,252.60,252.40,252.54,1804
1790567400,252.54,252.72,252.51,252.67,1102
1790567460,252.67,252.86,252.64,252.77,1790
1790567520,252.77,252.78,252.56,252.61,2894
1790567580,252.61,252.65,252.43,252.52,1627
1790567640,252.52,252.59,252.47,252.53,1213
1790567700,252.53,252.53,252.46,252.49,888
1790567760,252.49,252.54,252.43,252.44,2760
1790567820,252.44,252.44,252.38,252.39,623
1790567880,252.39,252.55,252.37,252.46,286
1790567940,252.46,252.51,252.29,252.32,1692
1790568000,252.32,252.40,252.30,252.34,2275
1790568060,252.34,252.55,252.32,252.47,759
1790568120,252.47,252.51,252.35,252.40,483
1790568180,252.40,252.48,252.24,252.26,2421
1790568240,252.26,252.36,252.14,252.14,719
1790568300,252.14,252.29,252.12,252.25,253
1790568360,252.25,252.28,252.03,252.06,1225
1790568420,252.06,252.14,251.89,251.93,206
1790568480,251.93,252.02,251.78,251.87,2493
1790568540,251.87,252.04,251.82,251.99,1622
1790568600,251.99,252.08,251.86,251.92,2855
1790568660,251.92,252.04,251.92,251.94,2658
1790568720,251.94,252.05,251.85,252.01,506
1790568780,252.01,252.02,251.92,252.00,498
1790568840,252.00,252.02,251.86,251.93,1465
1790568900,251.93,252.03,251.92,251.95,1624
1790568960,251.95,251.99,251.68,251.76,807
1790569020,251.76,251.98,251.76,251.94,2018
1790569080,251.94,252.00,251.85,251.95,2612
1790569140,251.95,252.10,251.90,252.07,263
1790569200,252.07,252.11,251.91,251.98,2323
1790569260,251.98,252.16,251.92,252.14,875
1790569320,252.14,252.21,251.93,251.98,1942
1790569380,251.98,252.10,251.98,252.10,1619
1790569440,252.10,252.24,252.01,252.23,363
1790569500,252.23,252.31,251.99,252.09,904
1790569560,252.09,252.11,251.98,252.05,2995
1790569620,252.05,252.14,251.87,251.91,167
1790569680,251.91,252.03,251.89,251.96,392
1790569740,251.96,251.99,251.71,251.78,2349
1790569800,251.78,251.97,251.76,251.92,699
1790569860,251.92,252.12,251.83,252.08,1535
1790569920,252.08,252.12,252.06,252.07,2124
1790569980,252.07,252.11,251.92,252.01,1480
1790570040,252.01,252.05,251.96,252.00,1996
1790570100,252.00,252.10,251.99,252.04,499
1790570160,252.04,252.09,251.98,251.98,422
1790570220,251.98,252.20,251.93,252.11,1574
1790570280,252.11,252.13,252.05,252.08,1864
1790570340,252.08,252.20,252.04,252.13,110
1790570400,252.13,252.14,252.02,252.07,2336
1790570460,252.07,252.30,252.00,252.23,629
1790570520,252.23,252.40,252.16,252.33,1843
1790570580,252.33,252.60,252.31,252.50,808
1790570640,252.50,252.50,252.37,252.46,1259
1790570700,252.46,252.54,252.33,252.40,1739
1790570760,252.40,252.62,252.37,252.57,610
1790570820,252.57,252.60,252.35,252.44,2161
1790570880,252.44,252.48,252.22,252.25,1356
1790570940,252.25,252.29,252.04,252.07,1993
1790571000,252.07,252.26,252.03,252.18,278
1790571060,252.18,252.27,252.01,252.07,1336
1790571120,252.07,252.26,252.05,252.26,1829
1790571180,252.26,252.41,252.19,252.41,1792
1790571240,252.41,252.51,252.30,252.39,1066
1790571300,252.39,252.44,252.35,252.35,1275
1790571360,252.35,252.60,252.29,252.50,1695
1790571420,252.50,252.66,252.48,252.58,183
1790571480,252.58,252.70,252.52,252.68,1595
1790571540,252.68,252.74,252.60,252.63,122
1790571600,252.63,252.90,252.61,252.81,521
1790571660,252.81,252.84,252.56,252.65,107
1790571720,252.65,252.80,252.65,252.73,313
1790571780,252.73,252.82,252.69,252.72,845
1790571840,252.72,252.94,252.70,252.84,875
1790571900,252.84,252.84,252.68,252.76,686
1790571960,252.76,252.91,252.67,252.89,1871
1790572020,252.89,252.90,252.82,252.84,2440
1790572080,252.84,252.98,252.80,252.89,1678
1790572140,252.89,252.98,252.77,252.80,1804
1790572200,252.80,252.86,252.54,252.63,2849
1790572260,252.63,252.74,252.57,252.73,2466
1790572320,252.73,252.96,252.66,252.92,1167
1790572380,252.92,252.93,252.82,252.89,2697
1790572440,252.89,252.89,252.68,252.72,2787
1790572500,252.72,252.75,252.62,252.69,1642
1790572560,252.69,252.71,252.64,252.69,1881
1790572620,252.69,252.77,252.59,252.70,2760
1790572680,252.70,252.83,252.68,252.77,2201
1790572740,252.77,252.85,252.59,252.64,2067
1790572800,252.64,252.69,252.57,252.69,2998
1790572860,252.69,252.78,252.62,252.66,1675
1790572920,252.66,252.71,252.46,252.51,843
1790572980,252.51,252.56,252.49,252.52,2495
1790573040,252.52,252.72,252.47,252.69,1673
1790573100,252.69,252.85,252.66,252.75,797
1790573160,252.75,252.83,252.64,252.71,2349
1790573220,252.71,252.86,252.64,252.86,834
1790573280,252.86,252.95,252.83,252.88,1127
1790573340,252.88,253.00,252.87,252.93,1936
1790573400,252.93,253.14,252.88,253.05,83
1790573460,253.05,253.12,252.91,252.95,859
1790573520,252.95,252.99,252.85,252.93,2531
1790573580,252.93,253.02,252.88,252.88,1970
1790573640,252.88,253.02,252.82,252.98,1828
1790573700,252.98,253.04,252.77,252.84,393
1790573760,252.84,252.98,252.77,252.96,2515
1790573820,252.96,253.04,252.77,252.79,815
1790573880,252.79,252.87,252.60,252.68,2180
1790573940,252.68,252.71,252.66,252.66,1976
1790574000,252.66,252.70,252.60,252.63,1507
1790574060,252.63,252.72,252.42,252.51,1870
1790574120,252.51,252.64,252.45,252.57,643
1790574180,252.57,252.62,252.33,252.38,538
1790574240,252.38,252.42,252.26,252.28,149
1790574300,252.28,252.54,252.26,252.48,1851
1790574360,252.48,252.54,252.28,252.34,1644
1790574420,252.34,252.37,252.19,252.21,1384
1790574480,252.21,252.31,252.15,252.17,2103
1790574540,252.17,252.19,252.00,252.09,2699
1790574600,252.09,252.10,251.99,252.01,1185
1790574660,252.01,252.01,251.87,251.89,2072
1790574720,251.89,251.95,251.77,251.82,244
1790574780,251.82,251.92,251.58,251.65,2517
1790574840,251.65,251.72,251.51,251.55,1896
1790574900,251.55,251.59,251.40,251.45,987
1790574960,251.45,251.47,251.37,251.45,222
1790575020,251.45,251.53,251.29,251.38,181
1790575080,251.38,251.41,251.30,251.37,2639
1790575140,251.37,251.45,251.28,251.32,383
1790575200,251.32,251.42,251.24,251.26,1719
1790575260,251.26,251.41,251.22,251.40,1246
1790575320,251.40,251.44,251.28,251.33,1668
1790575380,251.33,251.50,251.26,251.47,2791
1790575440,251.47,251.63,251.38,251.54,129
1790575500,251.54,251.56,251.39,251.43,1549
1790575560,251.43,251.56,251.37,251.52,2199
1790575620,251.52,251.60,251.37,251.42,1228
1790575680,251.42,251.44,251.32,251.35,934
1790575740,251.35,251.44,251.16,251.21,1052
1790575800,251.21,251.37,251.13,251.33,2897
1790575860,251.33,251.36,251.25,251.27,483
1790575920,251.27,251.43,251.25,251.35,1494
1790575980,251.35,251.56,251.26,251.52,507
1790576040,251.52,251.63,251.43,251.56,1200
1790576100,251.56,251.64,251.54,251.57,1600
1790576160,251.57,251.74,251.55,251.73,1819
1790576220,251.73,251.77,251.46,251.54,2312
1790576280,251.54,251.60,251.48,251.50,2415
1790576340,251.50,251.54,251.45,251.47,1154
1790576400,251.47,251.52,251.37,251.37,1337
1790576460,251.37,251.50,251.32,251.40,2816
1790576520,251.40,251.41,251.27,251.34,1301
1790576580,251.34,251.35,251.08,251.16,387
1790576640,251.16,251.18,251.05,251.06,843
1790576700,251.06,251.12,250.90,250.91,1033
1790576760,250.91,250.96,250.71,250.72,1079
1790576820,250.72,250.73,250.51,250.58,620
1790576880,250.58,250.65,250.56,250.60,209
1790576940,250.60,250.72,250.50,250.65,2762
1790577000,250.65,250.72,250.62,250.69,2600
1790577060,250.69,250.79,250.62,250.75,934
1790577120,250.75,250.87,250.69,250.86,638
1790577180,250.86,250.95,250.76,250.79,1911
1790577240,250.79,250.86,250.69,250.73,375
1790577300,250.73,250.90,250.65,250.89,756
1790577360,250.89,250.94,250.77,250.86,1681
1790577420,250.86,251.12,250.81,251.04,1588
1790577480,251.04,251.06,250.88,250.95,2467
1790577540,250.95,250.98,250.82,250.89,1986
1790577600,250.89,251.06,250.83,250.98,61
1790577660,250.98,251.05,250.89,251.00,1953
1790577720,251.00,251.05,250.82,250.89,2720
1790577780,250.89,250.98,250.82,250.82,1393
1790577840,250.82,250.82,250.77,250.82,405
1790577900,250.82,250.84,250.78,250.82,2960
1790577960,250.82,250.88,250.73,250.88,562
1790578020,250.88,250.92,250.74,250.77,205
1790578080,250.77,250.85,250.54,250.58,306
1790578140,250.58,250.68,250.51,250.60,2643
1790578200,250.60,250.68,250.57,250.66,1286
1790578260,250.66,250.72,250.46,250.48,1259
1790578320,250.48,250.50,250.30,250.33,999
1790578380,250.33,250.52,250.31,250.46,1646
1790578440,250.46,250.52,250.40,250.44,1562
1790578500,250.44,250.55,250.40,250.48,2319
1790578560,250.48,250.55,250.29,250.38,1669
1790578620,250.38,250.48,250.28,250.37,2086
1790578680,250.37,250.43,250.26,250.31,797
1790578740,250.31,250.54,250.22,250.45,184
1790578800,250.45,250.63,250.44,250.58,2982
1790578860,250.58,250.68,250.41,250.43,1355
1790578920,250.43,250.56,250.36,250.47,2772
1790578980,250.47,250.49,250.42,250.45,2863
1790579040,250.45,250.64,250.43,250.58,1125
1790579100,250.58,250.74,250.48,250.67,527
1790579160,250.67,250.73,250.50,250.60,780
1790579220,250.60,250.69,250.38,250.45,1517
1790579280,250.45,250.55,250.38,250.52,247
1790579340,250.52,250.62,250.45,250.58,848
1790579400,250.58,250.62,250.46,250.56,1857
1790579460,250.56,250.66,250.45,250.48,479
1790579520,250.48,250.53,250.36,250.40,858
1790579580,250.40,250.57,250.37,250.51,512
1790579640,250.51,250.64,250.44,250.55,1446
1790579700,250.55,250.84,250.52,250.74,2031
1790579760,250.74,250.76,250.57,250.60,371
1790579820,250.60,250.62,250.57,250.60,1159
1790579880,250.60,250.86,250.51,250.77,813
1790579940,250.77,250.89,250.68,250.86,954
1790580000,250.86,250.95,250.72,250.82,1775
1790580060,250.82,250.86,250.74,250.81,283
1790580120,250.81,251.06,250.76,251.01,2220
1790580180,251.01,251.13,250.98,251.11,1402
1790580240,251.11,251.14,250.91,250.96,483
1790580300,250.96,251.08,250.89,251.06,260
1790580360,251.06,251.07,250.90,250.94,2537
1790580420,250.94,251.02,250.89,251.01,767
1790580480,251.01,251.05,250.82,250.83,409
1790580540,250.83,250.91,250.62,250.64,2187
1790580600,250.64,250.66,250.60,250.61,2863
1790580660,250.61,250.77,250.55,250.71,2209
1790580720,250.71,250.81,250.69,250.76,1276
1790580780,250.76,250.98,250.70,250.91,729
1790580840,250.91,251.00,250.75,250.79,1232
1790580900,250.79,250.88,250.58,250.62,2693
1790580960,250.62,250.64,250.39,250.46,1109
1790581020,250.46,250.48,250.26,250.30,1086
1790581080,250.30,250.37,250.07,250.14,1695
1790581140,250.14,250.21,249.92,249.95,1865
1790581200,249.95,250.01,249.91,249.93,633
1790581260,249.93,250.11,249.89,250.11,1002
1790581320,250.11,250.33,250.02,250.24,459
1790581380,250.24,250.32,250.12,250.19,1562
1790581440,250.19,250.32,250.10,250.30,1482
1790581500,250.30,250.49,250.24,250.46,1329
1790581560,250.46,250.54,250.25,250.28,446
1790581620,250.28,250.48,250.26,250.48,1495
1790581680,250.48,250.58,250.38,250.50,1336
1790581740,250.50,250.59,250.40,250.57,181
1790581800,250.57,250.77,250.52,250.73,720
1790581860,250.73,250.76,250.53,250.63,897
1790581920,250.63,250.65,250.39,250.47,2373
1790581980,250.47,250.70,250.40,250.61,526
1790582040,250.61,250.89,250.59,250.81,429
1790582100,250.81,250.92,250.78,250.90,2420
1790582160,250.90,251.01,250.84,250.97,1812
1790582220,250.97,251.13,250.89,251.11,1651
1790582280,251.11,251.19,250.96,251.02,1554
1790582340,251.02,251.16,251.00,251.12,2223
1790582400,251.12,251.25,251.11,251.25,2280
1790582460,251.25,251.29,251.07,251.14,2086
1790582520,251.14,251.22,250.91,250.96,2619
1790582580,250.96,251.04,250.76,250.79,1934
1790582640,250.79,250.86,250.55,250.61,2439
1790582700,250.61,250.74,250.56,250.70,2572
1790582760,250.70,250.73,250.61,250.66,63
1790582820,250.66,250.68,250.52,250.56,1733
1790582880,250.56,250.65,250.53,250.61,2019
1790582940,250.61,250.67,250.43,250.49,732
1790583000,250.49,250.70,250.43,250.61,145
1790583060,250.61,250.82,250.56,250.72,1321
1790583120,250.72,250.82,250.67,250.72,2965
1790583180,250.72,250.90,250.72,250.86,1326
1790583240,250.86,250.92,250.82,250.90,2894
1790583300,250.90,251.14,250.86,251.07,2471
1790583360,251.07,251.16,250.99,251.02,1888
1790583420,251.02,251.11,250.97,251.04,1357
1790583480,251.04,251.07,250.91,250.91,2404
1790583540,250.91,251.09,250.90,251.05,1243
1790583600,251.05,251.17,251.00,251.16,851
1790583660,251.16,251.30,251.09,251.26,751
1790583720,251.26,251.35,251.21,251.22,2938
1790583780,251.22,251.28,251.08,251.11,423
1790583840,251.11,251.18,251.03,251.10,2688
1790583900,251.10,251.28,251.01,251.19,2477
1790583960,251.19,251.20,251.11,251.20,1517
1790584020,251.20,251.22,251.08,251.14,551
1790584080,251.14,251.24,250.97,250.99,2449
1790584140,250.99,251.01,250.84,250.85,2787
1790584200,250.85,250.85,250.69,250.71,1965
1790584260,250.71,250.80,250.69,250.75,1613
1790584320,250.75,250.84,250.53,250.56,323
1790584380,250.56,250.69,250.49,250.67,2691
1790584440,250.67,250.74,250.47,250.55,2131
1790584500,250.55,250.62,250.46,250.60,511
1790584560,250.60,250.69,250.42,250.51,748
1790584620,250.51,250.56,250.38,250.48,883
1790584680,250.48,250.62,250.41,250.55,2097
1790584740,250.55,250.64,250.53,250.61,151
1790584800,250.61,250.77,250.56,250.74,1355
1790584860,250.74,250.95,250.70,250.90,2800
1790584920,250.90,250.93,250.76,250.82,1375
1790584980,250.82,250.86,250.76,250.79,2756
1790585040,250.79,250.80,250.61,250.65,2060
1790585100,250.65,250.80,250.64,250.70,1518
1790585160,250.70,250.88,250.66,250.87,122
1790585220,250.87,250.97,250.82,250.85,2793
1790585280,250.85,250.92,250.75,250.84,946
1790585340,250.84,250.99,250.81,250.94,2299
1790585400,250.94,251.03,250.84,250.94,386
1790585460,250.94,251.15,250.85,251.10,883
1790585520,251.10,251.18,251.01,251.07,1713
1790585580,251.07,251.29,251.03,251.23,2426
1790585640,251.23,251.33,251.06,251.11,2520
1790585700,251.11,251.15,250.89,250.94,898
1790585760,250.94,251.01,250.66,250.76,2092
1790585820,250.76,250.76,250.73,250.75,2051
1790585880,250.75,250.94,250.73,250.88,2091
1790585940,250.88,250.98,250.64,250.70,1166
1790586000,250.70,250.72,250.52,250.58,1865
1790586060,250.58,250.65,250.55,250.56,2723
1790586120,250.56,250.57,250.48,250.49,2299
1790586180,250.49,250.70,250.42,250.66,372
1790586240,250.66,250.73,250.63,250.64,607
1790586300,250.64,250.68,250.56,250.66,1226
1790586360,250.66,250.82,250.58,250.73,833
1790586420,250.73,250.80,250.60,250.68,642
1790586480,250.68,250.69,250.58,250.64,2767
1790586540,250.64,250.85,250.55,250.76,1094
1790586600,250.76,250.83,250.72,250.82,1148
1790586660,250.82,251.03,250.74,250.99,1202
1790586720,250.99,251.18,250.96,251.17,1163
1790586780,251.17,251.39,251.09,251.35,103
1790586840,251.35,251.37,251.19,251.29,1652
1790586900,251.29,251.55,251.24,251.47,1779
1790586960,251.47,251.56,251.37,251.41,2336
1790587020,251.41,251.61,251.38,251.53,1710
1790587080,251.53,251.73,251.48,251.66,1410
1790587140,251.66,251.82,251.61,251.78,793
1790587200,251.78,251.82,251.61,251.64,907
1790587260,251.64,251.68,251.60,251.63,2865
1790587320,251.63,251.69,251.50,251.56,1715
1790587380,251.56,251.76,251.52,251.73,2592
1790587440,251.73,251.83,251.73,251.75,2998
1790587500,251.75,251.85,251.50,251.56,518
1790587560,251.56,251.73,251.50,251.66,692
1790587620,251.66,251.86,251.64,251.82,2710
1790587680,251.82,251.98,251.78,251.91,1769
1790587740,251.91,251.94,251.88,251.89,2855
1790587800,251.89,251.99,251.84,251.95,493
1790587860,251.95,252.03,251.76,251.83,1506
1790587920,251.83,251.90,251.66,251.75,2981
1790587980,251.75,251.80,251.70,251.72,497
1790588040,251.72,251.84,251.66,251.82,2341
1790588100,251.82,251.96,251.81,251.95,2836
1790588160,251.95,252.02,251.82,251.91,676
1790588220,251.91,252.16,251.87,252.08,922
1790588280,252.08,252.17,252.04,252.16,1781
1790588340,252.16,252.22,252.06,252.17,2925
1790588400,252.17,252.18,251.90,251.99,640
1790588460,251.99,252.01,251.93,251.98,723
1790588520,251.98,252.01,251.89,251.97,829
1790588580,251.97,252.09,251.96,252.06,1767
1790588640,252.06,252.11,251.93,252.01,1553
1790588700,252.01,252.23,251.95,252.19,1445
1790588760,252.19,252.25,252.07,252.10,987
1790588820,252.10,252.17,251.90,251.96,888
1790588880,251.96,252.02,251.78,251.85,2231
1790588940,251.85,251.94,251.66,251.71,539
1790589000,251.71,251.77,251.52,251.59,1947
1790589060,251.59,251.81,251.53,251.79,1048
1790589120,251.79,252.06,251.77,251.98,69
1790589180,251.98,252.12,251.97,252.07,1859
1790589240,252.07,252.11,251.98,252.07,2513
1790589300,252.07,252.26,252.06,252.24,2489
1790589360,252.24,252.36,252.23,252.30,428
1790589420,252.30,252.39,252.26,252.35,1475
1790589480,252.35,252.41,252.13,252.16,956
1790589540,252.16,252.34,252.11,252.24,376
1790589600,252.24,252.34,252.01,252.05,1073
1790589660,252.05,252.11,251.96,252.02,2256
1790589720,252.02,252.04,251.99,252.03,2094
1790589780,252.03,252.28,252.01,252.21,2995
1790589840,252.21,252.31,252.21,252.22,1348
1790589900,252.22,252.27,251.99,252.06,1682
1790589960,252.06,252.14,251.90,252.00,426
1790590020,252.00,252.07,251.77,251.86,1633
1790590080,251.86,252.13,251.78,252.05,2831
1790590140,252.05,252.26,252.01,252.18,65
1790590200,252.18,252.41,252.12,252.38,1504
1790590260,252.38,252.46,252.18,252.24,1144
1790590320,252.24,252.27,252.10,252.18,2350
1790590380,252.18,252.36,252.18,252.36,1700
1790590440,252.36,252.44,252.26,252.26,2026
1790590500,252.26,252.36,252.20,252.32,2344
1790590560,252.32,252.39,252.13,252.20,377
1790590620,252.20,252.37,252.18,252.34,2302
1790590680,252.34,252.35,252.29,252.35,2384
1790590740,252.35,252.52,252.31,252.50,1772
1790590800,252.50,252.56,252.30,252.38,2406
1790590860,252.38,252.58,252.32,252.57,2769
1790590920,252.57,252.73,252.50,252.70,2991
1790590980,252.70,252.87,252.66,252.80,1628
1790591040,252.80,252.96,252.77,252.88,1297
1790591100,252.88,252.92,252.64,252.69,149
1790591160,252.69,252.69,252.52,252.55,2779
1790591220,252.55,252.61,252.48,252.59,87
1790591280,252.59,252.63,252.51,252.56,144
1790591340,252.56,252.71,252.48,252.63,215
1790591400,252.63,252.71,252.45,252.48,1804
1790591460,252.48,252.55,252.48,252.53,2296
1790591520,252.53,252.68,252.52,252.59,141
1790591580,252.59,252.87,252.53,252.77,2309
1790591640,252.77,252.85,252.54,252.61,2782
1790591700,252.61,252.83,252.58,252.76,1797
1790591760,252.76,252.86,252.70,252.79,980
1790591820,252.79,252.82,252.61,252.70,2622
1790591880,252.70,252.72,252.47,252.50,682
1790591940,252.50,252.59,252.32,252.36,2872
1790592000,252.36,252.41,252.14,252.17,1982
1790592060,252.17,252.24,252.01,252.02,1271
1790592120,252.02,252.24,251.92,252.17,2700
1790592180,252.17,252.26,252.02,252.04,1342
1790592240,252.04,252.11,252.03,252.03,2783
1790592300,252.03,252.14,251.98,252.07,979
1790592360,252.07,252.09,251.89,251.89,2111
1790592420,251.89,252.00,251.83,251.97,501
1790592480,251.97,252.04,251.82,251.91,1074
1790592540,251.91,251.98,251.82,251.87,2648
1790592600,251.87,251.94,251.82,251.92,1723
1790592660,251.92,252.02,251.81,251.88,361
1790592720,251.88,251.97,251.62,251.70,1323
1790592780,251.70,251.91,251.66,251.86,934
1790592840,251.86,251.96,251.61,251.67,2678
1790592900,251.67,251.77,251.60,251.73,1577
1790592960,251.73,251.81,251.50,251.56,1432
1790593020,251.56,251.85,251.56,251.76,2349
1790593080,251.76,251.78,251.63,251.66,1273
1790593140,251.66,251.75,251.48,251.57,235
1790593200,251.57,251.67,251.50,251.58,2445
1790593260,251.58,251.64,251.55,251.62,2506
1790593320,251.62,251.68,251.53,251.56,1327
1790593380,251.56,251.62,251.37,251.39,738
1790593440,251.39,251.48,251.32,251.37,1785
1790593500,251.37,251.39,251.33,251.34,645
1790593560,251.34,251.58,251.32,251.48,2179
1790593620,251.48,251.58,251.36,251.36,349
1790593680,251.36,251.42,251.14,251.18,2175
1790593740,251.18,251.36,251.09,251.27,2639
1790593800,251.27,251.36,251.26,251.29,1102
1790593860,251.29,251.36,251.22,251.30,1973
1790593920,251.30,251.49,251.20,251.48,1001
1790593980,251.48,251.51,251.39,251.46,885
1790594040,251.46,251.63,251.36,251.58,1910
1790594100,251.58,251.84,251.51,251.79,1191
1790594160,251.79,251.85,251.75,251.83,1610
1790594220,251.83,251.88,251.67,251.72,1604
1790594280,251.72,251.78,251.52,251.53,2053
1790594340,251.53,251.61,251.31,251.38,703
1790594400,251.38,251.43,251.21,251.29,330
1790594460,251.29,251.56,251.22,251.49,2083
1790594520,251.49,251.67,251.40,251.66,857
1790594580,251.66,251.87,251.57,251.84,2950
1790594640,251.84,251.92,251.60,251.68,944
1790594700,251.68,251.70,251.53,251.57,1249
1790594760,251.57,251.65,251.54,251.61,2459
1790594820,251.61,251.71,251.51,251.53,116
1790594880,251.53,251.72,251.49,251.64,1383
1790594940,251.64,251.80,251.60,251.74,2569
1790595000,251.74,251.84,251.68,251.77,421
1790595060,251.77,251.83,251.71,251.81,2191
1790595120,251.81,251.92,251.75,251.91,1101
1790595180,251.91,252.15,251.91,252.11,319
1790595240,252.11,252.15,251.91,251.96,1642
1790595300,251.96,252.05,251.89,251.93,2791
1790595360,251.93,252.19,251.88,252.10,567
1790595420,252.10,252.32,252.08,252.28,1599
1790595480,252.28,252.37,252.14,252.22,1514
1790595540,252.22,252.27,252.14,252.24,1049
1790595600,252.24,252.45,252.23,252.39,657
1790595660,252.39,252.47,252.34,252.34,1218
1790595720,252.34,252.48,252.31,252.45,1106
1790595780,252.45,252.54,252.23,252.27,2105
1790595840,252.27,252.34,252.18,252.20,2077
1790595900,252.20,252.34,252.12,252.30,957
1790595960,252.30,252.45,252.30,252.44,237
1790596020,252.44,252.54,252.38,252.49,2386
1790596080,252.49,252.55,252.42,252.53,2501
1790596140,252.53,252.66,252.47,252.64,297
1790596200,252.64,252.81,252.60,252.80,1965
1790596260,252.80,252.89,252.59,252.64,1447
1790596320,252.64,252.65,252.62,252.64,2535
1790596380,252.64,252.65,252.42,252.48,1335
1790596440,252.48,252.68,252.44,252.60,940
1790596500,252.60,252.83,252.52,252.73,728
1790596560,252.73,252.89,252.65,252.83,2575
1790596620,252.83,252.89,252.61,252.70,357
1790596680,252.70,252.71,252.48,252.56,1899
1790596740,252.56,252.78,252.54,252.76,2898
1790596800,252.76,252.85,252.70,252.80,1718
1790596860,252.80,252.87,252.66,252.73,1369
1790596920,252.73,252.80,252.72,252.77,2991
1790596980,252.77,252.94,252.74,252.91,2716
1790597040,252.91,252.93,252.76,252.85,1608
1790597100,252.85,252.91,252.66,252.69,2636
1790597160,252.69,252.70,252.48,252.55,2881
1790597220,252.55,252.65,252.43,252.48,1895
1790597280,252.48,252.54,252.41,252.50,833
1790597340,252.50,252.52,252.37,252.46,110
1790597400,252.46,252.64,252.43,252.61,2774
1790597460,252.61,252.73,252.58,252.64,2676
1790597520,252.64,252.88,252.61,252.79,2377
1790597580,252.79,252.86,252.60,252.69,2856
1790597640,252.69,252.76,252.55,252.59,754
1790597700,252.59,252.66,252.39,252.40,1812
1790597760,252.40,252.57,252.35,252.53,1345
1790597820,252.53,252.55,252.48,252.55,417
1790597880,252.55,252.64,252.40,252.47,2284
1790597940,252.47,252.51,252.39,252.42,649
1790598000,252.42,252.63,252.41,252.55,1234
1790598060,252.55,252.70,252.51,252.63,2563
1790598120,252.63,252.73,252.63,252.65,2087
1790598180,252.65,252.84,252.65,252.77,403
1790598240,252.77,252.84,252.64,252.65,438
1790598300,252.65,252.73,252.61,252.65,2550
1790598360,252.65,252.67,252.56,252.61,1015
1790598420,252.61,252.62,252.36,252.42,2625
1790598480,252.42,252.44,252.34,252.38,641
1790598540,252.38,252.51,252.29,252.44,477
1790598600,252.44,252.50,252.17,252.26,2317
1790598660,252.26,252.54,252.22,252.46,1905
1790598720,252.46,252.68,252.40,252.62,2024
1790598780,252.62,252.64,252.46,252.53,2976
1790598840,252.53,252.56,252.52,252.52,1568
1790598900,252.52,252.53,252.31,252.39,1260
1790598960,252.39,252.40,252.23,252.26,1650
1790599020,252.26,252.34,252.11,252.16,1430
1790599080,252.16,252.37,252.15,252.27,2658
1790599140,252.27,252.50,252.18,252.44,1749
1790599200,252.44,252.66,252.40,252.57,1445
1790599260,252.57,252.69,252.51,252.60,623
1790599320,252.60,252.65,252.52,252.61,1177
1790599380,252.61,252.75,252.51,252.71,2891
1790599440,252.71,252.87,252.65,252.82,2540
1790599500,252.82,252.91,252.78,252.83,280
1790599560,252.83,252.84,252.57,252.66,877
1790599620,252.66,252.74,252.49,252.50,2608
1790599680,252.50,252.54,252.39,252.46,933
1790599740,252.46,252.56,252.37,252.52,750
1790599800,252.52,252.55,252.52,252.54,2468
1790599860,252.54,252.55,252.30,252.37,1143
1790599920,252.37,252.58,252.36,252.57,1260
1790599980,252.57,252.77,252.56,252.77,81
1790600040,252.77,252.81,252.73,252.77,1437
1790600100,252.77,252.80,252.58,252.59,2024
1790600160,252.59,252.68,252.43,252.53,941
1790600220,252.53,252.69,252.50,252.62,1276
1790600280,252.62,252.73,252.59,252.69,1224
1790600340,252.69,252.87,252.69,252.81,2901
1790600400,252.81,252.86,252.72,252.75,2849
1790600460,252.75,252.92,252.66,252.85,1184
1790600520,252.85,252.92,252.72,252.80,853
1790600580,252.80,253.03,252.78,252.99,607
1790600640,252.99,253.03,252.75,252.80,593
1790600700,252.80,252.84,252.58,252.65,974
1790600760,252.65,252.85,252.57,252.78,1881
1790600820,252.78,252.93,252.76,252.86,2763
1790600880,252.86,252.90,252.79,252.80,1529
1790600940,252.80,252.82,252.52,252.62,2057
1790601000,252.62,252.89,252.53,252.83,101
1790601060,252.83,252.99,252.78,252.98,848
1790601120,252.98,252.99,252.81,252.85,1257
1790601180,252.85,252.93,252.60,252.69,2745
1790601240,252.69,252.94,252.68,252.84,124
1790601300,252.84,253.04,252.77,253.01,2112
1790601360,253.01,253.10,252.90,252.99,1555
1790601420,252.99,253.06,252.89,252.90,2552
1790601480,252.90,252.98,252.85,252.87,1569
1790601540,252.87,252.94,252.82,252.87,2249
1790601600,252.87,252.92,252.72,252.77,1726
1790601660,252.77,252.85,252.60,252.68,1570
1790601720,252.68,252.74,252.62,252.72,282
1790601780,252.72,252.81,252.45,252.53,2222
1790601840,252.53,252.72,252.47,252.70,2904
1790601900,252.70,252.80,252.56,252.56,1381
1790601960,252.56,252.81,252.46,252.76,938
1790602020,252.76,252.85,252.72,252.82,671
1790602080,252.82,252.87,252.74,252.83,1294
1790602140,252.83,252.97,252.79,252.96,1883
1790602200,252.96,253.00,252.70,252.79,211
1790602260,252.79,252.80,252.54,252.62,1523
1790602320,252.62,252.67,252.37,252.43,814
1790602380,252.43,252.48,252.21,252.27,862
1790602440,252.27,252.27,252.21,252.27,2207
1790602500,252.27,252.46,252.18,252.41,794
1790602560,252.41,252.57,252.35,252.53,1870
1790602620,252.53,252.57,252.29,252.38,2387
1790602680,252.38,252.61,252.29,252.51,2173
1790602740,252.51,252.61,252.29,252.33,2798
1790602800,252.33,252.47,252.30,252.42,619
1790602860,252.42,252.54,252.41,252.52,176
1790602920,252.52,252.69,252.42,252.64,2364
1790602980,252.64,252.73,252.56,252.66,1646
1790603040,252.66,252.75,252.63,252.68,1921
1790603100,252.68,252.71,252.64,252.69,2027
1790603160,252.69,252.78,252.64,252.70,445
1790603220,252.70,252.83,252.68,252.74,1594
1790603280,252.74,252.87,252.74,252.80,1075
1790603340,252.80,252.87,252.65,252.70,1918
1790603400,252.70,252.75,252.54,252.62,1847
1790603460,252.62,252.64,252.56,252.59,403
1790603520,252.59,252.63,252.44,252.46,1123
1790603580,252.46,252.62,252.42,252.54,1506
1790603640,252.54,252.60,252.32,252.39,2772
1790603700,252.39,252.58,252.34,252.48,2679
1790603760,252.48,252.52,252.37,252.39,2692
1790603820,252.39,252.50,252.36,252.46,2590
1790603880,252.46,252.52,252.29,252.32,2977
1790603940,252.32,252.40,252.25,252.28,1103
1790604000,252.28,252.34,252.18,252.31,710
1790604060,252.31,252.49,252.23,252.40,2626
1790604120,252.40,252.45,252.27,252.29,1920
1790604180,252.29,252.56,252.20,252.50,952
1790604240,252.50,252.60,252.29,252.32,2958
1790604300,252.32,252.56,252.27,252.52,2197
1790604360,252.52,252.55,252.33,252.35,226
1790604420,252.35,252.39,252.31,252.32,1095
1790604480,252.32,252.35,252.22,252.26,1188
1790604540,252.26,252.28,252.05,252.07,1225
1790604600,252.07,252.14,252.00,252.11,476
1790604660,252.11,252.18,251.91,252.00,1685
1790604720,252.00,252.09,251.91,252.09,1353
1790604780,252.09,252.12,252.03,252.07,656
1790604840,252.07,252.25,252.05,252.23,1213
1790604900,252.23,252.38,252.18,252.30,2360
1790604960,252.30,252.39,252.24,252.27,2032
1790605020,252.27,252.32,252.14,252.17,2450
1790605080,252.17,252.37,252.13,252.28,2142
1790605140,252.28,252.39,252.23,252.36,1231
1790605200,252.36,252.43,252.31,252.35,1206
1790605260,252.35,252.42,252.26,252.35,249
1790605320,252.35,252.56,252.30,252.54,2360
1790605380,252.54,252.62,252.30,252.37,2448
1790605440,252.37,252.60,252.30,252.51,1023
1790605500,252.51,252.53,252.43,252.46,560
1790605560,252.46,252.57,252.39,252.56,1510
1790605620,252.56,252.79,252.51,252.72,1748
1790605680,252.72,252.89,252.62,252.81,68
1790605740,252.81,252.82,252.75,252.78,2258
1790605800,252.78,252.99,252.71,252.97,277
1790605860,252.97,253.02,252.71,252.78,2940
1790605920,252.78,252.84,252.57,252.66,2360
1790605980,252.66,252.72,252.66,252.70,824
1790606040,252.70,252.72,252.57,252.64,1129
1790606100,252.64,252.88,252.62,252.84,966
1790606160,252.84,252.99,252.83,252.90,975
1790606220,252.90,253.11,252.86,253.04,2320
1790606280,253.04,253.19,253.00,253.09,504
1790606340,253.09,253.11,253.08,253.09,783
1790606400,253.09,253.16,253.02,253.05,914
1790606460,253.05,253.25,253.05,253.17,1605
1790606520,253.17,253.34,253.10,253.27,770
1790606580,253.27,253.36,253.16,253.24,1588
1790606640,253.24,253.28,253.01,253.06,333
1790606700,253.06,253.10,253.03,253.04,1447
1790606760,253.04,253.05,252.90,252.92,1807
1790606820,252.92,253.14,252.84,253.05,330
1790606880,253.05,253.09,252.77,252.87,909
1790606940,252.87,252.96,252.68,252.73,2656
1790607000,252.73,252.96,252.67,252.91,540
1790607060,252.91,252.92,252.70,252.74,2058
1790607120,252.74,252.83,252.62,252.63,301
1790607180,252.63,252.75,252.55,252.75,2894
1790607240,252.75,252.86,252.74,252.78,2015
1790607300,252.78,252.85,252.71,252.81,2595
1790607360,252.81,253.04,252.79,252.98,108
1790607420,252.98,253.22,252.94,253.17,451
1790607480,253.17,253.38,253.15,253.32,2697
1790607540,253.32,253.57,253.28,253.47,194
1790607600,253.47,253.63,253.43,253.58,2868
1790607660,253.58,253.76,253.55,253.69,2954
1790607720,253.69,253.73,253.62,253.73,979
1790607780,253.73,253.95,253.70,253.86,1602
1790607840,253.86,254.07,253.83,254.00,1486
1790607900,254.00,254.21,253.93,254.18,2272
1790607960,254.18,254.28,254.15,254.17,727
1790608020,254.17,254.42,254.16,254.33,1796
1790608080,254.33,254.33,254.21,254.30,252
1790608140,254.30,254.38,254.10,254.11,651
1790608200,254.11,254.13,253.98,254.02,2805
1790608260,254.02,254.13,253.99,254.12,2975
1790608320,254.12,254.18,254.01,254.02,433
1790608380,254.02,254.20,254.01,254.11,1293
1790608440,254.11,254.28,254.06,254.22,2300
1790608500,254.22,254.23,254.20,254.21,2010
1790608560,254.21,254.39,254.12,254.38,2262
1790608620,254.38,254.60,254.33,254.57,237
1790608680,254.57,254.63,254.55,254.62,2143
1790608740,254.62,254.87,254.62,254.79,1232
1790608800,254.79,254.88,254.69,254.86,773
1790608860,254.86,255.10,254.77,255.00,1464
1790608920,255.00,255.23,254.97,255.18,1252
1790608980,255.18,255.22,255.02,255.09,644
1790609040,255.09,255.17,254.94,254.94,1823
1790609100,254.94,255.00,254.81,254.81,2997
1790609160,254.81,254.81,254.62,254.67,1930
1790609220,254.67,254.80,254.62,254.76,2891
1790609280,254.76,254.82,254.75,254.81,752
1790609340,254.81,254.90,254.57,254.65,2724
1790609400,254.65,254.69,254.47,254.55,1433
1790609460,254.55,254.75,254.47,254.74,793
1790609520,254.74,254.74,254.62,254.68,411
1790609580,254.68,254.83,254.66,254.79,229
1790609640,254.79,254.89,254.66,254.67,2499
1790609700,254.67,254.70,254.58,254.66,1616
1790609760,254.66,254.88,254.58,254.85,614
1790609820,254.85,254.90,254.74,254.75,845
1790609880,254.75,254.95,254.71,254.94,2210
1790609940,254.94,255.12,254.93,255.06,203
1790610000,255.06,255.09,254.92,254.95,2110
1790610060,254.95,255.13,254.93,255.09,619
1790610120,255.09,255.25,255.09,255.24,363
1790610180,255.24,255.45,255.19,255.35,2983
1790610240,255.35,255.45,255.30,255.42,1825
1790610300,255.42,255.48,255.34,255.34,2512
1790610360,255.34,255.54,255.32,255.51,1902
1790610420,255.51,255.56,255.31,255.34,1921
1790610480,255.34,255.53,255.28,255.52,595
1790610540,255.52,255.72,255.45,255.71,1702
1790610600,255.71,255.77,255.53,255.57,590
1790610660,255.57,255.57,255.51,255.56,2875
1790610720,255.56,255.68,255.55,255.64,1491
1790610780,255.64,255.69,255.38,255.46,1895
1790610840,255.46,255.51,255.29,255.37,1539
1790610900,255.37,255.43,255.26,255.27,1047
1790610960,255.27,255.42,255.25,255.38,2114
1790611020,255.38,255.41,255.33,255.34,1799
1790611080,255.34,255.47,255.29,255.37,2059
1790611140,255.37,255.46,255.23,255.27,2689
1790611200,255.27,255.42,255.17,255.40,2113
1790611260,255.40,255.48,255.32,255.38,1446
1790611320,255.38,255.48,255.21,255.30,1445
1790611380,255.30,255.32,255.18,255.21,1717
1790611440,255.21,255.21,255.16,255.20,199
1790611500,255.20,255.42,255.14,255.34,1304
1790611560,255.34,255.39,255.18,255.27,386
1790611620,255.27,255.49,255.23,255.48,1312
1790611680,255.48,255.57,255.25,255.32,100
1790611740,255.32,255.42,255.23,255.38,2901
1790611800,255.38,255.59,255.34,255.52,1239
1790611860,255.52,255.58,255.43,255.46,1131
1790611920,255.46,255.60,255.44,255.51,762
1790611980,255.51,255.54,255.47,255.48,2935
1790612040,255.48,255.59,255.44,255.54,2878
1790612100,255.54,255.75,255.49,255.70,658
1790612160,255.70,255.80,255.66,255.75,1139
1790612220,255.75,255.78,255.65,255.75,169
1790612280,255.75,255.80,255.57,255.59,408
1790612340,255.59,255.61,255.55,255.56,2217
1790612400,255.56,255.62,255.37,255.42,325
1790612460,255.42,255.59,255.42,255.58,2308
1790612520,255.58,255.79,255.54,255.72,394
1790612580,255.72,255.82,255.53,255.54,1138
1790612640,255.54,255.56,255.35,255.43,2527
1790612700,255.43,255.53,255.22,255.31,948
1790612760,255.31,255.53,255.30,255.51,2892
1790612820,255.51,255.61,255.29,255.35,1441
1790612880,255.35,255.42,255.25,255.33,1035
1790612940,255.33,255.56,255.30,255.52,1446
1790613000,255.52,255.58,255.47,255.52,2313
1790613060,255.52,255.78,255.42,255.70,533
1790613120,255.70,255.79,255.56,255.65,645
1790613180,255.65,255.68,255.54,255.60,651
1790613240,255.60,255.70,255.59,255.68,2139
1790613300,255.68,255.90,255.61,255.89,2672
1790613360,255.89,255.98,255.69,255.76,1204
1790613420,255.76,255.84,255.58,255.62,2509
1790613480,255.62,255.81,255.58,255.78,1769
1790613540,255.78,255.79,255.71,255.75,491
1790613600,255.75,255.85,255.56,255.62,803
1790613660,255.62,255.66,255.43,255.44,576
1790613720,255.44,255.50,255.22,255.29,2319
1790613780,255.29,255.35,255.15,255.20,1329
1790613840,255.20,255.46,255.14,255.39,144
1790613900,255.39,255.45,255.24,255.24,1875
1790613960,255.24,255.25,255.19,255.22,198
1790614020,255.22,255.49,255.14,255.39,1756
1790614080,255.39,255.63,255.34,255.53,132
1790614140,255.53,255.57,255.43,255.52,2379
1790614200,255.52,255.70,255.49,255.65,1645
1790614260,255.65,255.72,255.43,255.49,789
1790614320,255.49,255.73,255.43,255.64,2329
1790614380,255.64,255.67,255.64,255.64,1724
1790614440,255.64,255.93,255.56,255.83,2949
1790614500,255.83,255.83,255.62,255.65,523
1790614560,255.65,255.79,255.55,255.78,883
1790614620,255.78,255.83,255.52,255.62,1680
1790614680,255.62,255.83,255.60,255.75,1866
1790614740,255.75,255.80,255.63,255.68,2436
1790614800,255.68,255.69,255.66,255.68,2911
1790614860,255.68,255.68,255.60,255.61,1491
1790614920,255.61,255.90,255.60,255.80,1458
1790614980,255.80,255.93,255.72,255.84,2284
1790615040,255.84,255.85,255.66,255.73,107
1790615100,255.73,255.84,255.71,255.81,1234
1790615160,255.81,256.01,255.71,256.00,2043
1790615220,256.00,256.04,255.83,255.85,1419
1790615280,255.85,255.85,255.79,255.84,2895
1790615340,255.84,256.02,255.75,255.99,2411
1790615400,255.99,256.25,255.96,256.20,395
1790615460,256.20,256.25,256.05,256.15,2837
1790615520,256.15,256.20,255.94,255.98,679
1790615580,255.98,256.14,255.97,256.09,645
1790615640,256.09,256.34,256.09,256.26,796
1790615700,256.26,256.30,256.04,256.08,1667
1790615760,256.08,256.24,256.08,256.18,1795
1790615820,256.18,256.26,256.04,256.13,2729
1790615880,256.13,256.22,256.05,256.05,746
1790615940,256.05,256.24,256.05,256.24,1352
1790616000,256.24,256.24,256.03,256.09,1939
1790616060,256.09,256.09,255.83,255.90,2850
1790616120,255.90,256.09,255.89,256.06,183
1790616180,256.06,256.12,255.90,255.98,1768
1790616240,255.98,256.06,255.77,255.81,2259
1790616300,255.81,255.85,255.75,255.81,895
1790616360,255.81,255.89,255.71,255.84,2494
1790616420,255.84,255.93,255.82,255.84,2603
1790616480,255.84,256.01,255.83,255.95,108
1790616540,255.95,256.16,255.90,256.08,2126
1790616600,256.08,256.26,256.01,256.25,282
1790616660,256.25,256.44,256.19,256.35,2123
1790616720,256.35,256.40,256.20,256.22,593
1790616780,256.22,256.32,256.12,256.29,2252
1790616840,256.29,256.32,256.26,256.27,1620
1790616900,256.27,256.36,256.06,256.11,60
1790616960,256.11,256.13,255.90,255.93,2129
1790617020,255.93,256.01,255.83,255.91,1049
1790617080,255.91,255.98,255.72,255.81,1237
1790617140,255.81,255.93,255.75,255.88,2089
1790617200,255.88,256.05,255.81,256.03,137
1790617260,256.03,256.14,256.01,256.13,1458
1790617320,256.13,256.22,256.07,256.18,1479
1790617380,256.18,256.35,256.12,256.25,131
1790617440,256.25,256.37,256.25,256.30,1659
1790617500,256.30,256.43,256.27,256.34,1327
1790617560,256.34,256.49,256.24,256.41,2932
1790617620,256.41,256.47,256.38,256.39,2847
1790617680,256.39,256.54,256.32,256.50,2609
1790617740,256.50,256.55,256.36,256.39,2986
1790617800,256.39,256.67,256.38,256.59,194
1790617860,256.59,256.62,256.39,256.46,777
1790617920,256.46,256.54,256.21,256.29,2870
1790617980,256.29,256.29,256.27,256.28,2855
1790618040,256.28,256.50,256.24,256.48,2709
1790618100,256.48,256.50,256.33,256.33,225
1790618160,256.33,256.39,256.19,256.26,829
1790618220,256.26,256.34,256.12,256.20,511
1790618280,256.20,256.20,256.11,256.17,2358
1790618340,256.17,256.33,256.14,256.31,1147
1790653500,256.31,256.38,256.08,256.17,1915
1790653560,256.17,256.29,256.12,256.28,2274
1790653620,256.28,256.35,256.11,256.20,2990
1790653680,256.20,256.24,255.94,256.03,2269
1790653740,256.03,256.15,255.95,256.15,1642
1790653800,256.15,256.23,256.06,256.19,1031
1790653860,256.19,256.26,255.94,255.99,1339
1790653920,255.99,256.02,255.96,255.97,2269
1790653980,255.97,256.26,255.89,256.16,1306
1790654040,256.16,256.20,256.06,256.09,568
1790654100,256.09,256.19,255.85,255.95,1866
1790654160,255.95,256.17,255.94,256.09,173
1790654220,256.09,256.17,255.95,255.95,2426
1790654280,255.95,256.02,255.86,255.94,2167
1790654340,255.94,256.12,255.88,256.06,387
1790654400,256.06,256.10,256.03,256.10,2889
1790654460,256.10,256.16,256.10,256.14,317
1790654520,256.14,256.24,256.10,256.19,1149
1790654580,256.19,256.35,256.15,256.29,1839
1790654640,256.29,256.32,256.22,256.27,637
1790654700,256.27,256.35,256.24,256.30,1915
1790654760,256.30,256.33,256.20,256.23,719
1790654820,256.23,256.23,256.04,256.11,2279
1790654880,256.11,256.25,256.05,256.23,359
1790654940,256.23,256.30,256.23,256.30,2086
1790655000,256.30,256.52,256.26,256.42,2119
1790655060,256.42,256.49,256.37,256.38,2712
1790655120,256.38,256.40,256.29,256.32,1461
1790655180,256.32,256.36,256.09,256.15,357
1790655240,256.15,256.33,256.08,256.26,874
1790655300,256.26,256.50,256.17,256.42,1727
1790655360,256.42,256.62,256.36,256.55,1639
1790655420,256.55,256.79,256.45,256.76,1302
1790655480,256.76,256.84,256.63,256.67,1779
1790655540,256.67,256.73,256.47,256.50,2039
1790655600,256.50,256.54,256.31,256.40,2999
1790655660,256.40,256.54,256.33,256.52,1080
1790655720,256.52,256.63,256.48,256.58,2942
1790655780,256.58,256.66,256.45,256.53,2865
1790655840,256.53,256.62,256.27,256.36,2160
1790655900,256.36,256.42,256.09,256.18,187
1790655960,256.18,256.27,256.06,256.08,857
1790656020,256.08,256.39,256.08,256.29,571
1790656080,256.29,256.39,256.27,256.27,1485
1790656140,256.27,256.54,256.19,256.45,1918
1790656200,256.45,256.69,256.36,256.66,1562
1790656260,256.66,256.95,256.65,256.85,1635
1790656320,256.85,257.10,256.80,257.05,664
1790656380,257.05,257.18,256.98,257.13,2092
1790656440,257.13,257.22,257.04,257.12,2755
1790656500,257.12,257.36,257.08,257.32,2068
1790656560,257.32,257.34,257.24,257.30,1202
1790656620,257.30,257.42,257.30,257.39,600
1790656680,257.39,257.42,257.14,257.21,2385
1790656740,257.21,257.31,257.20,257.27,861
1790656800,257.27,257.47,257.24,257.40,1577
1790656860,257.40,257.49,257.34,257.39,2703
1790656920,257.39,257.43,257.33,257.33,276
1790656980,257.33,257.42,257.12,257.19,1778
1790657040,257.19,257.38,257.18,257.36,2327
1790657100,257.36,257.43,257.24,257.33,1947
1790657160,257.33,257.36,257.29,257.31,1288
1790657220,257.31,257.53,257.31,257.44,237
1790657280,257.44,257.59,257.43,257.54,958
1790657340,257.54,257.63,257.37,257.39,1840
1790657400,257.39,257.54,257.38,257.47,1063
1790657460,257.47,257.57,257.40,257.40,571
1790657520,257.40,257.46,257.31,257.45,1326
1790657580,257.45,257.48,257.29,257.38,424
1790657640,257.38,257.59,257.37,257.52,469
1790657700,257.52,257.61,257.51,257.60,1522
1790657760,257.60,257.70,257.49,257.52,1997
1790657820,257.52,257.67,257.47,257.63,215
1790657880,257.63,257.89,257.62,257.84,2314
1790657940,257.84,257.94,257.81,257.89,1491
1790658000,257.89,257.99,257.72,257.80,2025
1790658060,257.80,258.05,257.72,257.99,1255
1790658120,257.99,258.15,257.94,258.05,1409
1790658180,258.05,258.17,257.95,258.16,1831
1790658240,258.16,258.25,258.16,258.19,1105
1790658300,258.19,258.28,258.15,258.24,774
1790658360,258.24,258.40,258.19,258.31,2578
1790658420,258.31,258.32,258.16,258.21,1002
1790658480,258.21,258.27,258.05,258.14,2135
1790658540,258.14,258.18,257.98,258.04,2088
1790658600,258.04,258.14,257.93,257.93,2301
1790658660,257.93,258.09,257.90,258.09,2704
1790658720,258.09,258.16,258.07,258.11,251
1790658780,258.11,258.21,258.01,258.10,2662
1790658840,258.10,258.19,258.10,258.13,350
1790658900,258.13,258.22,257.98,258.00,1631
1790658960,258.00,258.02,257.99,258.00,578
1790659020,258.00,258.02,257.85,257.89,450
1790659080,257.89,258.14,257.88,258.10,2093
1790659140,258.10,258.17,258.00,258.04,1967
1790659200,258.04,258.13,258.01,258.07,2250
1790659260,258.07,258.28,257.98,258.23,1090
1790659320,258.23,258.42,258.21,258.32,2059
1790659380,258.32,258.37,258.24,258.29,1050
1790659440,258.29,258.45,258.26,258.40,2127
1790659500,258.40,258.57,258.33,258.56,1001
1790659560,258.56,258.57,258.41,258.42,380
1790659620,258.42,258.58,258.36,258.56,2709
1790659680,258.56,258.60,258.38,258.44,1875
1790659740,258.44,258.51,258.37,258.47,190
1790659800,258.47,258.55,258.34,258.39,717
1790659860,258.39,258.46,258.15,258.22,1650
1790659920,258.22,258.44,258.12,258.36,2556
1790659980,258.36,258.43,258.23,258.31,1340
1790660040,258.31,258.56,258.25,258.46,2427
1790660100,258.46,258.54,258.36,258.41,1643
1790660160,258.41,258.44,258.34,258.39,226
1790660220,258.39,258.65,258.31,258.56,1023
1790660280,258.56,258.73,258.52,258.71,314
1790660340,258.71,258.83,258.68,258.78,1447
1790660400,258.78,258.83,258.69,258.72,147
1790660460,258.72,258.79,258.57,258.62,1592
1790660520,258.62,258.67,258.54,258.66,1742
1790660580,258.66,258.89,258.59,258.80,1669
1790660640,258.80,258.90,258.63,258.71,2466
1790660700,258.71,258.78,258.51,258.58,2756
1790660760,258.58,258.64,258.39,258.39,493
1790660820,258.39,258.46,258.22,258.30,1230
1790660880,258.30,258.41,258.25,258.40,2517
1790660940,258.40,258.45,258.36,258.39,2300
1790661000,258.39,258.59,258.34,258.49,2372
1790661060,258.49,258.51,258.30,258.35,2977
1790661120,258.35,258.46,258.26,258.37,2197
1790661180,258.37,258.49,258.34,258.45,2097
1790661240,258.45,258.66,258.45,258.62,1914
1790661300,258.62,258.74,258.59,258.70,2695
1790661360,258.70,258.74,258.54,258.63,2088
1790661420,258.63,258.72,258.58,258.59,2342
1790661480,258.59,258.65,258.58,258.65,700
1790661540,258.65,258.74,258.44,258.52,2487
1790661600,258.52,258.52,258.30,258.36,1273
1790661660,258.36,258.52,258.29,258.51,947
1790661720,258.51,258.74,258.41,258.66,318
1790661780,258.66,258.73,258.65,258.66,1094
1790661840,258.66,258.81,258.61,258.75,2380
1790661900,258.75,258.83,258.64,258.70,2126
1790661960,258.70,258.82,258.69,258.82,2029
1790662020,258.82,258.83,258.71,258.76,154
1790662080,258.76,258.83,258.70,258.81,2014
1790662140,258.81,259.02,258.81,258.93,839
1790662200,258.93,259.04,258.84,258.99,1938
1790662260,258.99,259.26,258.96,259.16,2858
1790662320,259.16,259.42,259.11,259.34,1822
1790662380,259.34,259.44,259.25,259.30,879
1790662440,259.30,259.39,259.20,259.27,2444
1790662500,259.27,259.46,259.17,259.46,2320
1790662560,259.46,259.55,259.31,259.36,931
1790662620,259.36,259.40,259.15,259.21,2618
1790662680,259.21,259.25,259.19,259.23,2508
1790662740,259.23,259.53,259.15,259.43,2328
1790662800,259.43,259.56,259.35,259.54,1829
1790662860,259.54,259.66,259.47,259.57,1884
1790662920,259.57,259.70,259.54,259.67,2619
1790662980,259.67,259.69,259.52,259.55,1811
1790663040,259.55,259.59,259.51,259.58,2955
1790663100,259.58,259.69,259.50,259.59,1566
1790663160,259.59,259.66,259.44,259.45,643
1790663220,259.45,259.66,259.42,259.59,1425
1790663280,259.59,259.68,259.42,259.43,2404
1790663340,259.43,259.47,259.33,259.35,1037
1790663400,259.35,259.44,259.20,259.26,2654
1790663460,259.26,259.33,259.06,259.13,990
1790663520,259.13,259.35,259.10,259.29,2658
1790663580,259.29,259.41,259.26,259.32,2269
1790663640,259.32,259.34,259.21,259.26,2759
1790663700,259.26,259.46,259.18,259.41,320
1790663760,259.41,259.68,259.33,259.60,985
1790663820,259.60,259.65,259.44,259.47,669
1790663880,259.47,259.64,259.40,259.63,1936
1790663940,259.63,259.73,259.56,259.60,1352
1790664000,259.60,259.88,259.57,259.80,875
1790664060,259.80,259.84,259.66,259.75,845
1790664120,259.75,259.83,259.70,259.80,280
1790664180,259.80,260.01,259.75,259.98,2495
1790664240,259.98,260.03,259.71,259.81,1202
1790664300,259.81,260.04,259.79,260.00,1114
1790664360,260.00,260.01,259.90,259.90,1524
1790664420,259.90,259.97,259.71,259.74,1240
1790664480,259.74,259.90,259.64,259.90,393
1790664540,259.90,259.95,259.67,259.75,1543
1790664600,259.75,259.96,259.68,259.91,2574
1790664660,259.91,259.93,259.70,259.73,1758
1790664720,259.73,259.86,259.67,259.77,2800
1790664780,259.77,260.08,259.72,259.98,1817
1790664840,259.98,260.12,259.98,260.02,960
1790664900,260.02,260.06,259.97,259.99,2948
1790664960,259.99,260.20,259.97,260.19,2714
1790665020,260.19,260.23,260.06,260.13,1718
1790665080,260.13,260.29,260.08,260.24,1301
1790665140,260.24,260.34,260.21,260.31,181
1790665200,260.31,260.47,260.21,260.42,700
1790665260,260.42,260.46,260.20,260.24,2793
1790665320,260.24,260.28,260.18,260.24,505
1790665380,260.24,260.28,260.23,260.24,1426
1790665440,260.24,260.32,260.09,260.18,2998
1790665500,260.18,260.22,259.95,259.98,687
1790665560,259.98,260.08,259.83,259.85,1671
1790665620,259.85,259.86,259.73,259.83,891
1790665680,259.83,260.00,259.77,259.90,2953
1790665740,259.90,260.00,259.80,259.90,1746
1790665800,259.90,259.99,259.86,259.96,2932
1790665860,259.96,260.16,259.95,260.10,1049
1790665920,260.10,260.11,260.03,260.04,2787
1790665980,260.04,260.07,260.01,260.01,1106
1790666040,260.01,260.08,259.89,259.89,246
1790666100,259.89,259.98,259.73,259.78,1276
1790666160,259.78,259.81,259.70,259.75,1563
1790666220,259.75,259.92,259.65,259.91,1241
1790666280,259.91,260.07,259.87,260.04,2271
1790666340,260.04,260.28,260.00,260.25,1870
1790666400,260.25,260.52,260.23,260.43,1183
1790666460,260.43,260.43,260.14,260.23,1090
1790666520,260.23,260.44,260.15,260.42,2357
1790666580,260.42,260.68,260.38,260.59,2341
1790666640,260.59,260.81,260.53,260.71,1770
1790666700,260.71,260.77,260.48,260.53,778
1790666760,260.53,260.60,260.35,260.36,382
1790666820,260.36,260.58,260.32,260.55,2772
1790666880,260.55,260.59,260.46,260.48,1205
1790666940,260.48,260.56,260.44,260.55,1215
1790667000,260.55,260.56,260.45,260.51,2028
1790667060,260.51,260.53,260.39,260.44,2866
1790667120,260.44,260.70,260.34,260.64,63
1790667180,260.64,260.81,260.58,260.73,1106
1790667240,260.73,260.83,260.65,260.68,1027
1790667300,260.68,260.93,260.64,260.85,2049
1790667360,260.85,261.08,260.80,260.99,1427
1790667420,260.99,261.18,260.98,261.08,1998
1790667480,261.08,261.14,261.06,261.12,2755
1790667540,261.12,261.20,260.82,260.92,2625
1790667600,260.92,260.94,260.77,260.79,1133
1790667660,260.79,260.83,260.69,260.71,1575
1790667720,260.71,260.95,260.71,260.87,2156
1790667780,260.87,261.01,260.82,261.00,1895
1790667840,261.00,261.19,260.91,261.10,1342
1790667900,261.10,261.20,261.07,261.20,52
1790667960,261.20,261.23,261.15,261.19,1622
1790668020,261.19,261.31,261.15,261.24,1703
1790668080,261.24,261.29,261.02,261.04,2204
1790668140,261.04,261.09,261.00,261.09,1434
1790668200,261.09,261.26,261.03,261.16,2763
1790668260,261.16,261.38,261.07,261.34,1523
1790668320,261.34,261.48,261.32,261.42,391
1790668380,261.42,261.67,261.41,261.62,421
1790668440,261.62,261.82,261.53,261.80,2910
1790668500,261.80,262.06,261.70,261.99,740
1790668560,261.99,262.04,261.90,261.97,1102
1790668620,261.97,262.23,261.97,262.15,2118
1790668680,262.15,262.19,262.07,262.15,2374
1790668740,262.15,262.18,262.12,262.13,265
1790668800,262.13,262.23,262.03,262.12,111
1790668860,262.12,262.15,262.05,262.11,1568
1790668920,262.11,262.11,261.94,262.03,1362
1790668980,262.03,262.07,261.82,261.88,2890
1790669040,261.88,261.92,261.64,261.69,1401
1790669100,261.69,261.83,261.63,261.78,2712
1790669160,261.78,261.86,261.72,261.81,1792
1790669220,261.81,261.94,261.74,261.90,1792
1790669280,261.90,261.99,261.68,261.73,72
1790669340,261.73,261.96,261.65,261.87,602
1790669400,261.87,262.05,261.86,262.03,2630
1790669460,262.03,262.29,261.97,262.23,288
1790669520,262.23,262.47,262.15,262.38,305
1790669580,262.38,262.59,262.34,262.53,2857
1790669640,262.53,262.63,262.42,262.47,2952
1790669700,262.47,262.53,262.39,262.53,2856
1790669760,262.53,262.55,262.44,262.48,981
1790669820,262.48,262.72,262.47,262.66,434
1790669880,262.66,262.73,262.60,262.70,1559
1790669940,262.70,262.77,262.58,262.68,2913
1790670000,262.68,262.92,262.60,262.86,2668
1790670060,262.86,262.96,262.78,262.90,1421
1790670120,262.90,262.96,262.81,262.88,2605
1790670180,262.88,262.96,262.80,262.86,2591
1790670240,262.86,262.87,262.77,262.82,2218
1790670300,262.82,262.85,262.69,262.71,960
1790670360,262.71,262.86,262.66,262.79,1627
1790670420,262.79,262.88,262.55,262.60,1911
1790670480,262.60,262.65,262.39,262.40,307
1790670540,262.40,262.50,262.26,262.30,2312
1790670600,262.30,262.39,262.20,262.29,1069
1790670660,262.29,262.48,262.22,262.45,2401
1790670720,262.45,262.64,262.44,262.56,1074
1790670780,262.56,262.58,262.36,262.44,2026
1790670840,262.44,262.49,262.37,262.39,2883
1790670900,262.39,262.41,262.17,262.22,1769
1790670960,262.22,262.22,261.95,262.04,2792
1790671020,262.04,262.19,261.98,262.14,1430
1790671080,262.14,262.33,262.11,262.25,985
1790671140,262.25,262.34,262.15,262.20,1278
1790671200,262.20,262.45,262.12,262.38,937
1790671260,262.38,262.50,262.33,262.48,2417
1790671320,262.48,262.63,262.40,262.59,2433
1790671380,262.59,262.73,262.52,262.69,788
1790671440,262.69,262.72,262.65,262.68,2487
1790671500,262.68,262.76,262.64,262.65,828
1790671560,262.65,262.72,262.44,262.50,1369
1790671620,262.50,262.74,262.47,262.69,1619
1790671680,262.69,262.98,262.69,262.90,1199
1790671740,262.90,262.91,262.78,262.87,2722
1790671800,262.87,262.93,262.85,262.92,1004
1790671860,262.92,263.11,262.84,263.03,1059
1790671920,263.03,263.03,262.77,262.86,324
1790671980,262.86,262.95,262.76,262.88,508
1790672040,262.88,263.00,262.86,262.94,272
1790672100,262.94,263.07,262.85,262.97,959
1790672160,262.97,262.99,262.72,262.81,2795
1790672220,262.81,262.84,262.67,262.76,1009
1790672280,262.76,262.80,262.72,262.74,1136
1790672340,262.74,262.86,262.69,262.78,990
1790672400,262.78,262.99,262.74,262.96,2787
1790672460,262.96,263.02,262.86,263.00,1162
1790672520,263.00,263.22,262.92,263.13,2680
1790672580,263.13,263.41,263.09,263.33,1853
1790672640,263.33,263.42,263.19,263.21,1693
1790672700,263.21,263.51,263.11,263.42,2377
1790672760,263.42,263.48,263.22,263.29,530
1790672820,263.29,263.36,263.19,263.25,2633
1790672880,263.25,263.34,263.03,263.05,896
1790672940,263.05,263.20,262.97,263.10,2723
1790673000,263.10,263.15,262.96,262.98,1498
1790673060,262.98,263.09,262.94,262.99,2016
1790673120,262.99,263.05,262.77,262.79,2146
1790673180,262.79,262.91,262.76,262.81,298
1790673240,262.81,262.87,262.65,262.73,202
1790673300,262.73,262.84,262.63,262.75,510
1790673360,262.75,262.84,262.58,262.67,320
1790673420,262.67,262.73,262.57,262.72,822
1790673480,262.72,262.75,262.54,262.58,1696
1790673540,262.58,262.71,262.55,262.66,796
1790673600,262.66,262.76,262.51,262.52,2350
1790673660,262.52,262.61,262.47,262.51,233
1790673720,262.51,262.54,262.41,262.53,137
1790673780,262.53,262.60,262.37,262.41,1165
1790673840,262.41,262.51,262.37,262.39,1927
1790673900,262.39,262.42,262.20,262.21,2862
1790673960,262.21,262.36,262.15,262.26,704
1790674020,262.26,262.39,262.22,262.31,2423
1790674080,262.31,262.36,262.15,262.24,1691
1790674140,262.24,262.34,262.17,262.32,1381
1790674200,262.32,262.43,262.26,262.34,1582
1790674260,262.34,262.44,262.16,262.17,1449
1790674320,262.17,262.46,262.16,262.36,2084
1790674380,262.36,262.43,262.26,262.28,2646
1790674440,262.28,262.48,262.26,262.46,1639
1790674500,262.46,262.47,262.33,262.38,2304
1790674560,262.38,262.48,262.31,262.46,2128
1790674620,262.46,262.66,262.39,262.58,780
1790674680,262.58,262.66,262.49,262.50,790
1790674740,262.50,262.66,262.41,262.60,1968
1790674800,262.60,262.76,262.57,262.75,1903
1790674860,262.75,262.90,262.70,262.82,2080
1790674920,262.82,262.82,262.67,262.74,1527
1790674980,262.74,262.76,262.53,262.55,1300
1790675040,262.55,262.63,262.40,262.49,2634
1790675100,262.49,262.53,262.32,262.39,477
1790675160,262.39,262.48,262.26,262.30,1731
1790675220,262.30,262.42,262.28,262.32,1176
1790675280,262.32,262.37,262.17,262.24,670
1790675340,262.24,262.48,262.23,262.39,2885
1790675400,262.39,262.48,262.35,262.48,2323
1790675460,262.48,262.50,262.33,262.35,410
1790675520,262.35,262.46,262.26,262.39,2789
1790675580,262.39,262.48,262.35,262.48,1457
1790675640,262.48,262.49,262.40,262.44,2416
1790675700,262.44,262.54,262.35,262.37,1099
1790675760,262.37,262.55,262.35,262.52,1612
1790675820,262.52,262.62,262.45,262.51,1587
1790675880,262.51,262.69,262.49,262.60,737
1790675940,262.60,262.90,262.50,262.80,323
1790676000,262.80,262.90,262.70,262.87,2615
1790676060,262.87,262.89,262.61,262.68,923
1790676120,262.68,262.70,262.43,262.52,2180
1790676180,262.52,262.55,262.45,262.52,2284
1790676240,262.52,262.69,262.42,262.68,2777
1790676300,262.68,262.96,262.61,262.89,1914
1790676360,262.89,262.93,262.70,262.72,2471
1790676420,262.72,262.88,262.67,262.86,1449
1790676480,262.86,262.89,262.70,262.72,142
1790676540,262.72,262.94,262.69,262.91,1889
1790676600,262.91,263.03,262.87,262.94,788
1790676660,262.94,263.03,262.79,262.79,1205
1790676720,262.79,262.83,262.64,262.68,2717
1790676780,262.68,262.68,262.47,262.48,2929
1790676840,262.48,262.58,262.40,262.54,2007
1790676900,262.54,262.84,262.49,262.75,2868
1790676960,262.75,262.88,262.69,262.84,737
1790677020,262.84,262.90,262.61,262.70,1797
1790677080,262.70,262.84,262.66,262.81,317
1790677140,262.81,262.85,262.67,262.72,758
1790677200,262.72,262.81,262.60,262.66,1212
1790677260,262.66,262.85,262.61,262.79,372
1790677320,262.79,262.81,262.61,262.65,1757
1790677380,262.65,262.73,262.58,262.66,2143
1790677440,262.66,262.71,262.57,262.63,2375
1790677500,262.63,262.71,262.52,262.55,1865
1790677560,262.55,262.68,262.53,262.60,2142
1790677620,262.60,262.69,262.53,262.69,713
1790677680,262.69,262.91,262.66,262.85,481
1790677740,262.85,262.86,262.74,262.76,296
1790677800,262.76,262.97,262.75,262.92,2934
1790677860,262.92,262.95,262.79,262.80,309
1790677920,262.80,262.94,262.73,262.87,2432
1790677980,262.87,263.10,262.77,263.02,1639
1790678040,263.02,263.17,262.94,263.07,148
1790678100,263.07,263.15,263.01,263.05,473
1790678160,263.05,263.07,262.96,263.04,2905
1790678220,263.04,263.09,262.92,262.97,1072
1790678280,262.97,263.02,262.79,262.89,2495
1790678340,262.89,263.02,262.85,262.99,1148
1790678400,262.99,263.08,262.99,263.07,183
1790678460,263.07,263.17,262.97,263.01,473
1790678520,263.01,263.13,262.95,263.05,929
1790678580,263.05,263.06,262.90,262.97,369
1790678640,262.97,263.07,262.73,262.78,152
1790678700,262.78,262.80,262.70,262.79,575
1790678760,262.79,262.82,262.62,262.67,1183
1790678820,262.67,262.81,262.58,262.80,1058
1790678880,262.80,262.88,262.76,262.84,1148
1790678940,262.84,262.98,262.76,262.94,1695
1790679000,262.94,263.13,262.90,263.07,1660
1790679060,263.07,263.27,263.06,263.26,586
1790679120,263.26,263.50,263.18,263.41,2368
1790679180,263.41,263.56,263.32,263.52,1700
1790679240,263.52,263.61,263.36,263.45,134
1790679300,263.45,263.55,263.37,263.41,1400
1790679360,263.41,263.63,263.33,263.61,2665
1790679420,263.61,263.76,263.57,263.73,2015
1790679480,263.73,263.83,263.56,263.58,2825
1790679540,263.58,263.70,263.56,263.68,245
1790679600,263.68,263.71,263.53,263.59,2960
1790679660,263.59,263.59,263.47,263.53,651
1790679720,263.53,263.64,263.52,263.56,2546
1790679780,263.56,263.66,263.54,263.58,2459
1790679840,263.58,263.68,263.41,263.47,2244
1790679900,263.47,263.49,263.40,263.44,1738
1790679960,263.44,263.45,263.34,263.41,2375
1790680020,263.41,263.51,263.17,263.26,361
1790680080,263.26,263.40,263.18,263.32,273
1790680140,263.32,263.36,263.29,263.30,2811
1790680200,263.30,263.41,263.27,263.35,2920
1790680260,263.35,263.41,263.22,263.23,1140
1790680320,263.23,263.40,263.16,263.36,2432
1790680380,263.36,263.47,263.29,263.42,359
1790680440,263.42,263.70,263.36,263.60,674
1790680500,263.60,263.69,263.55,263.56,1942
1790680560,263.56,263.86,263.54,263.76,2297
1790680620,263.76,263.77,263.52,263.56,2615
1790680680,263.56,263.76,263.55,263.69,2675
1790680740,263.69,263.89,263.65,263.84,2613
1790680800,263.84,264.08,263.74,264.05,2190
1790680860,264.05,264.05,263.88,263.93,472
1790680920,263.93,264.00,263.75,263.77,1409
1790680980,263.77,264.00,263.71,263.90,2401
1790681040,263.90,263.97,263.89,263.89,816
1790681100,263.89,263.93,263.79,263.83,2163
1790681160,263.83,263.92,263.64,263.64,2971
1790681220,263.64,263.72,263.55,263.58,1424
1790681280,263.58,263.70,263.56,263.63,362
1790681340,263.63,263.81,263.58,263.77,2860
1790681400,263.77,263.78,263.70,263.77,1088
1790681460,263.77,264.05,263.76,263.95,2686
1790681520,263.95,263.99,263.73,263.78,470
1790681580,263.78,263.79,263.70,263.76,1882
1790681640,263.76,263.97,263.69,263.94,1118
1790681700,263.94,263.99,263.66,263.74,1100
1790681760,263.74,263.81,263.61,263.70,312
1790681820,263.70,263.84,263.60,263.79,395
1790681880,263.79,263.80,263.61,263.69,835
1790681940,263.69,263.79,263.61,263.79,394
1790682000,263.79,263.92,263.70,263.91,74
1790682060,263.91,263.92,263.84,263.84,1548
1790682120,263.84,263.90,263.68,263.70,1660
1790682180,263.70,263.78,263.60,263.77,2982
1790682240,263.77,263.80,263.58,263.68,679
1790682300,263.68,263.78,263.48,263.50,1950
1790682360,263.50,263.53,263.36,263.45,1195
1790682420,263.45,263.48,263.29,263.38,2724
1790682480,263.38,263.44,263.31,263.37,2719
1790682540,263.37,263.49,263.37,263.41,793
1790682600,263.41,263.53,263.31,263.49,318
1790682660,263.49,263.54,263.34,263.39,566
1790682720,263.39,263.47,263.13,263.23,1350
1790682780,263.23,263.29,263.04,263.04,2325
1790682840,263.04,263.25,262.97,263.22,95
1790682900,263.22,263.29,263.10,263.12,2703
1790682960,263.12,263.24,263.11,263.21,267
1790683020,263.21,263.21,263.16,263.20,1501
1790683080,263.20,263.28,263.04,263.10,2202
1790683140,263.10,263.11,262.88,262.92,2795
1790683200,262.92,263.15,262.89,263.07,1617
1790683260,263.07,263.12,262.89,262.98,2655
1790683320,262.98,263.09,262.87,263.00,1014
1790683380,263.00,263.00,262.85,262.85,155
1790683440,262.85,262.85,262.67,262.71,2920
1790683500,262.71,262.75,262.59,262.66,277
1790683560,262.66,262.71,262.59,262.61,1002
1790683620,262.61,262.64,262.36,262.43,2388
1790683680,262.43,262.66,262.41,262.59,1591
1790683740,262.59,262.66,262.47,262.54,794
1790683800,262.54,262.56,262.45,262.51,1956
1790683860,262.51,262.52,262.28,262.32,789
1790683920,262.32,262.46,262.26,262.41,186
1790683980,262.41,262.55,262.35,262.51,1383
1790684040,262.51,262.53,262.29,262.31,2350
1790684100,262.31,262.37,262.13,262.22,670
1790684160,262.22,262.24,262.02,262.07,1303
1790684220,262.07,262.27,262.00,262.22,1517
1790684280,262.22,262.23,262.12,262.18,540
1790684340,262.18,262.34,262.18,262.33,915
1790684400,262.33,262.43,262.13,262.19,1659
1790684460,262.19,262.37,262.18,262.30,1386
1790684520,262.30,262.38,262.10,262.15,527
1790684580,262.15,262.25,262.05,262.16,2627
1790684640,262.16,262.20,262.06,262.11,2493
1790684700,262.11,262.27,262.07,262.17,681
1790684760,262.17,262.32,262.10,262.31,1802
1790684820,262.31,262.51,262.25,262.47,2893
1790684880,262.47,262.56,262.26,262.33,1063
1790684940,262.33,262.54,262.28,262.51,1436
1790685000,262.51,262.51,262.33,262.36,420
1790685060,262.36,262.62,262.26,262.57,1697
1790685120,262.57,262.64,262.35,262.43,1563
1790685180,262.43,262.47,262.36,262.45,689
1790685240,262.45,262.50,262.37,262.46,2000
1790685300,262.46,262.51,262.20,262.26,2219
1790685360,262.26,262.32,262.10,262.10,1944
1790685420,262.10,262.17,261.88,261.98,252
1790685480,261.98,262.15,261.91,262.14,1876
1790685540,262.14,262.24,262.12,262.21,985
1790685600,262.21,262.22,261.99,262.04,571
1790685660,262.04,262.10,261.99,262.09,2833
1790685720,262.09,262.13,261.88,261.97,1585
1790685780,261.97,262.09,261.92,262.01,2024
1790685840,262.01,262.07,261.98,261.98,1358
1790685900,261.98,262.03,261.94,261.99,1576
1790685960,261.99,262.17,261.92,262.09,1479
1790686020,262.09,262.12,262.03,262.11,750
1790686080,262.11,262.15,261.92,261.98,2775
1790686140,261.98,262.02,261.78,261.79,117
1790686200,261.79,261.80,261.58,261.63,2377
1790686260,261.63,261.81,261.58,261.77,220
1790686320,261.77,261.81,261.75,261.81,337
1790686380,261.81,261.89,261.64,261.72,2206
1790686440,261.72,261.92,261.67,261.82,2579
1790686500,261.82,261.92,261.76,261.80,469
1790686560,261.80,262.01,261.76,261.95,558
1790686620,261.95,262.01,261.77,261.84,2982
1790686680,261.84,261.94,261.78,261.81,1369
1790686740,261.81,262.04,261.74,261.98,949
1790686800,261.98,262.04,261.79,261.88,1549
1790686860,261.88,262.08,261.78,262.03,1198
1790686920,262.03,262.16,262.01,262.07,368
1790686980,262.07,262.30,262.01,262.27,539
1790687040,262.27,262.37,262.17,262.34,723
1790687100,262.34,262.37,262.08,262.17,211
1790687160,262.17,262.19,262.05,262.12,880
1790687220,262.12,262.16,262.02,262.11,562
1790687280,262.11,262.12,261.94,262.00,2569
1790687340,262.00,262.10,261.79,261.82,1147
1790687400,261.82,261.98,261.76,261.88,1187
1790687460,261.88,261.94,261.82,261.82,432
1790687520,261.82,261.84,261.71,261.79,1801
1790687580,261.79,261.90,261.77,261.85,2761
1790687640,261.85,262.06,261.84,261.97,1904
1790687700,261.97,262.17,261.87,262.10,723
1790687760,262.10,262.10,261.81,261.90,2515
1790687820,261.90,262.05,261.89,261.97,2217
1790687880,261.97,262.03,261.71,261.77,422
1790687940,261.77,261.93,261.70,261.88,2556
1790688000,261.88,261.94,261.67,261.76,898
1790688060,261.76,261.81,261.70,261.79,2242
1790688120,261.79,262.04,261.78,261.97,674
1790688180,261.97,262.16,261.91,262.09,2805
1790688240,262.09,262.13,261.85,261.89,1032
1790688300,261.89,261.97,261.84,261.95,2067
1790688360,261.95,261.96,261.71,261.77,193
1790688420,261.77,261.94,261.75,261.93,999
1790688480,261.93,261.96,261.73,261.78,725
1790688540,261.78,261.99,261.71,261.92,2355
1790688600,261.92,261.94,261.81,261.91,2915
1790688660,261.91,262.06,261.81,261.97,1044
1790688720,261.97,262.25,261.96,262.18,1195
1790688780,262.18,262.22,261.99,262.01,78
1790688840,262.01,262.03,261.83,261.85,1493
1790688900,261.85,261.97,261.76,261.92,2468
1790688960,261.92,262.01,261.91,261.93,1528
1790689020,261.93,261.97,261.81,261.82,1148
1790689080,261.82,261.96,261.73,261.90,1511
1790689140,261.90,261.95,261.80,261.81,486
1790689200,261.81,261.84,261.64,261.65,614
1790689260,261.65,261.94,261.62,261.86,2283
1790689320,261.86,261.90,261.68,261.69,1893
1790689380,261.69,261.71,261.65,261.66,2864
1790689440,261.66,261.67,261.52,261.57,2600
1790689500,261.57,261.76,261.56,261.71,1906
1790689560,261.71,261.82,261.64,261.74,1481
1790689620,261.74,261.82,261.66,261.75,1827
1790689680,261.75,261.76,261.56,261.60,1235
1790689740,261.60,261.67,261.49,261.58,2200
1790689800,261.58,261.62,261.53,261.59,2440
1790689860,261.59,261.64,261.38,261.48,1532
1790689920,261.48,261.58,261.45,261.47,534
1790689980,261.47,261.49,261.25,261.28,1999
1790690040,261.28,261.33,261.07,261.14,807
1790690100,261.14,261.22,260.94,260.97,1103
1790690160,260.97,261.11,260.92,261.05,1001
1790690220,261.05,261.26,261.00,261.18,1771
1790690280,261.18,261.26,261.05,261.09,1526
1790690340,261.09,261.12,260.86,260.90,219
1790690400,260.90,261.04,260.90,261.02,1767
1790690460,261.02,261.08,260.96,261.02,2861
1790690520,261.02,261.21,260.99,261.14,76
1790690580,261.14,261.20,260.89,260.96,2278
1790690640,260.96,260.97,260.77,260.78,2083
1790690700,260.78,260.85,260.51,260.58,2193
1790690760,260.58,260.65,260.46,260.55,976
1790690820,260.55,260.79,260.48,260.70,2576
1790690880,260.70,260.76,260.46,260.51,2652
1790690940,260.51,260.68,260.42,260.61,343
1790691000,260.61,260.87,260.55,260.81,321
1790691060,260.81,260.86,260.74,260.80,2105
1790691120,260.80,260.86,260.58,260.63,2847
1790691180,260.63,260.70,260.48,260.49,444
1790691240,260.49,260.53,260.47,260.50,2539
1790691300,260.50,260.61,260.49,260.58,2821
1790691360,260.58,260.62,260.31,260.41,1431
1790691420,260.41,260.49,260.24,260.24,1209
1790691480,260.24,260.24,260.04,260.12,1453
1790691540,260.12,260.18,259.92,259.95,2720
1790691600,259.95,259.97,259.77,259.79,790
1790691660,259.79,259.86,259.68,259.75,958
1790691720,259.75,259.81,259.71,259.77,1325
1790691780,259.77,259.78,259.73,259.78,2170
1790691840,259.78,259.84,259.75,259.75,275
1790691900,259.75,259.77,259.69,259.76,984
1790691960,259.76,259.79,259.68,259.79,435
1790692020,259.79,260.06,259.78,260.00,2707
1790692080,260.00,260.03,259.74,259.82,1492
1790692140,259.82,259.91,259.56,259.62,1185
1790692200,259.62,259.78,259.52,259.71,2226
1790692260,259.71,259.77,259.58,259.67,574
1790692320,259.67,259.72,259.66,259.72,1408
1790692380,259.72,259.78,259.68,259.76,168
1790692440,259.76,259.90,259.69,259.80,1082
1790692500,259.80,260.05,259.77,259.99,2879
1790692560,259.99,260.04,259.87,259.91,730
1790692620,259.91,260.01,259.76,259.83,1700
1790692680,259.83,259.90,259.62,259.66,2542
1790692740,259.66,259.75,259.41,259.51,2943
1790692800,259.51,259.57,259.32,259.37,2984
1790692860,259.37,259.44,259.34,259.38,2632
1790692920,259.38,259.61,259.29,259.54,335
1790692980,259.54,259.56,259.36,259.41,456
1790693040,259.41,259.51,259.31,259.36,2734
1790693100,259.36,259.43,259.15,259.24,2097
1790693160,259.24,259.29,259.12,259.16,2869
1790693220,259.16,259.35,259.07,259.29,2171
1790693280,259.29,259.57,259.27,259.50,1170
1790693340,259.50,259.53,259.27,259.32,2125
1790693400,259.32,259.37,259.15,259.19,1800
1790693460,259.19,259.25,258.96,259.00,2619
1790693520,259.00,259.02,258.83,258.88,502
1790693580,258.88,258.88,258.78,258.86,1479
1790693640,258.86,259.02,258.79,258.94,117
1790693700,258.94,258.98,258.81,258.82,1061
1790693760,258.82,258.96,258.81,258.94,1460
1790693820,258.94,259.16,258.93,259.15,192
1790693880,259.15,259.25,259.07,259.17,2115
1790693940,259.17,259.20,259.03,259.10,2089
1790694000,259.10,259.15,258.87,258.95,1720
1790694060,258.95,259.03,258.74,258.77,2902
1790694120,258.77,259.02,258.70,258.95,737
1790694180,258.95,259.04,258.90,259.00,2427
1790694240,259.00,259.00,258.90,258.98,2539
1790694300,258.98,259.07,258.89,258.98,446
1790694360,258.98,259.02,258.78,258.84,2091
1790694420,258.84,258.85,258.73,258.75,1178
1790694480,258.75,258.75,258.52,258.61,2066
1790694540,258.61,258.70,258.58,258.65,138
1790694600,258.65,258.83,258.59,258.82,872
1790694660,258.82,258.91,258.73,258.77,395
1790694720,258.77,258.87,258.64,258.67,966
1790694780,258.67,258.76,258.65,258.67,678
1790694840,258.67,258.80,258.63,258.74,1900
1790694900,258.74,258.80,258.53,258.60,2563
1790694960,258.60,258.66,258.59,258.63,1861
1790695020,258.63,258.72,258.61,258.64,2779
1790695080,258.64,258.82,258.54,258.74,1096
1790695140,258.74,258.80,258.60,258.68,926
1790695200,258.68,258.73,258.43,258.48,1029
1790695260,258.48,258.70,258.39,258.61,1002
1790695320,258.61,258.81,258.61,258.74,2901
1790695380,258.74,258.81,258.49,258.58,913
1790695440,258.58,258.65,258.48,258.56,159
1790695500,258.56,258.76,258.50,258.68,1288
1790695560,258.68,258.82,258.62,258.78,2149
1790695620,258.78,259.03,258.69,258.94,196
1790695680,258.94,259.10,258.88,259.09,1933
1790695740,259.09,259.13,258.95,258.95,2084
1790695800,258.95,259.03,258.84,258.92,2458
1790695860,258.92,259.07,258.83,259.04,243
1790695920,259.04,259.27,258.95,259.20,1969
1790695980,259.20,259.44,259.15,259.36,604
1790696040,259.36,259.53,259.30,259.53,1420
1790696100,259.53,259.55,259.39,259.44,2919
1790696160,259.44,259.68,259.43,259.58,2917
1790696220,259.58,259.61,259.37,259.39,309
1790696280,259.39,259.46,259.33,259.46,70
1790696340,259.46,259.54,259.19,259.26,1481
1790696400,259.26,259.32,259.17,259.27,673
1790696460,259.27,259.47,259.25,259.45,371
1790696520,259.45,259.54,259.37,259.49,363
1790696580,259.49,259.66,259.45,259.60,766
1790696640,259.60,259.69,259.43,259.53,2379
1790696700,259.53,259.62,259.38,259.38,1917
1790696760,259.38,259.47,259.28,259.39,2482
1790696820,259.39,259.44,259.22,259.24,357
1790696880,259.24,259.25,259.10,259.20,2250
1790696940,259.20,259.22,259.15,259.15,1876
1790697000,259.15,259.28,259.11,259.28,1808
1790697060,259.28,259.29,259.25,259.29,268
1790697120,259.29,259.39,259.22,259.35,590
1790697180,259.35,259.57,259.31,259.48,1954
1790697240,259.48,259.50,259.41,259.48,390
1790697300,259.48,259.52,259.27,259.37,253
1790697360,259.37,259.44,259.21,259.28,1944
1790697420,259.28,259.41,259.19,259.34,262
1790697480,259.34,259.51,259.24,259.47,407
1790697540,259.47,259.52,259.46,259.47,1425
1790697600,259.47,259.57,259.45,259.47,2294
1790697660,259.47,259.71,259.44,259.61,1651
1790697720,259.61,259.75,259.58,259.72,531
1790697780,259.72,259.84,259.68,259.74,1361
1790697840,259.74,259.77,259.52,259.55,2608
1790697900,259.55,259.62,259.44,259.49,2841
1790697960,259.49,259.55,259.45,259.49,1347
1790698020,259.49,259.67,259.47,259.65,203
1790698080,259.65,259.67,259.41,259.48,917
1790698140,259.48,259.50,259.31,259.34,842
1790698200,259.34,259.36,259.19,259.28,971
1790698260,259.28,259.36,259.19,259.25,2604
1790698320,259.25,259.51,259.24,259.45,547
1790698380,259.45,259.48,259.28,259.29,2416
1790698440,259.29,259.32,259.25,259.28,645
1790698500,259.28,259.42,259.21,259.33,1598
1790698560,259.33,259.35,259.18,259.19,943
1790698620,259.19,259.20,259.08,259.11,2437
1790698680,259.11,259.12,258.89,258.94,533
1790698740,258.94,259.08,258.89,259.07,2286
1790698800,259.07,259.12,258.86,258.91,1012
1790698860,258.91,259.01,258.67,258.77,2439
1790698920,258.77,258.86,258.52,258.61,2698
1790698980,258.61,258.80,258.54,258.80,1473
1790699040,258.80,258.84,258.78,258.80,682
1790699100,258.80,258.88,258.74,258.86,2566
1790699160,258.86,258.89,258.75,258.76,155
1790699220,258.76,258.96,258.66,258.86,1034
1790699280,258.86,259.01,258.85,258.96,260
1790699340,258.96,259.00,258.88,258.92,493
1790699400,258.92,258.95,258.80,258.82,1443
1790699460,258.82,258.86,258.65,258.74,132
1790699520,258.74,258.74,258.63,258.70,1371
1790699580,258.70,258.93,258.69,258.90,2581
1790699640,258.90,259.16,258.89,259.10,2581
1790699700,259.10,259.36,259.09,259.27,437
1790699760,259.27,259.46,259.25,259.41,1285
1790699820,259.41,259.65,259.40,259.59,469
1790699880,259.59,259.79,259.49,259.79,1061
1790699940,259.79,259.80,259.54,259.60,2588
1790700000,259.60,259.61,259.50,259.57,2082
1790700060,259.57,259.63,259.45,259.49,1277
1790700120,259.49,259.52,259.44,259.45,2284
1790700180,259.45,259.50,259.33,259.36,1054
1790700240,259.36,259.37,259.17,259.24,2404
1790700300,259.24,259.29,259.12,259.13,2401
1790700360,259.13,259.37,259.08,259.32,2871
1790700420,259.32,259.40,259.17,259.26,2592
1790700480,259.26,259.28,259.03,259.08,2484
1790700540,259.08,259.12,258.90,258.99,871
1790700600,258.99,259.07,258.84,258.84,2040
1790700660,258.84,258.88,258.75,258.84,1378
1790700720,258.84,259.01,258.83,258.95,2881
1790700780,258.95,259.03,258.87,258.94,2892
1790700840,258.94,259.23,258.86,259.14,2317
1790700900,259.14,259.18,258.96,258.97,1830
1790700960,258.97,259.00,258.87,258.94,230
1790701020,258.94,258.98,258.76,258.77,2465
1790701080,258.77,258.81,258.60,258.67,1439
1790701140,258.67,258.71,258.61,258.64,1818
1790701200,258.64,258.71,258.62,258.71,2214
1790701260,258.71,258.87,258.67,258.78,906
1790701320,258.78,258.87,258.69,258.82,1323
1790701380,258.82,258.89,258.80,258.88,2178
1790701440,258.88,259.00,258.85,258.96,744
1790701500,258.96,259.10,258.92,259.02,1033
1790701560,259.02,259.08,258.95,259.05,301
1790701620,259.05,259.07,258.83,258.89,1669
1790701680,258.89,258.93,258.88,258.91,204
1790701740,258.91,258.94,258.70,258.80,1695
1790701800,258.80,258.99,258.75,258.95,1819
1790701860,258.95,259.06,258.93,258.99,559
1790701920,258.99,259.09,258.78,258.86,2995
1790701980,258.86,258.87,258.63,258.73,2578
1790702040,258.73,258.89,258.71,258.80,1039
1790702100,258.80,258.83,258.64,258.66,1260
1790702160,258.66,258.88,258.57,258.85,1512
1790702220,258.85,259.07,258.80,259.05,1112
1790702280,259.05,259.12,259.00,259.04,743
1790702340,259.04,259.12,258.89,258.97,2760
1790702400,258.97,259.03,258.73,258.83,482
1790702460,258.83,258.89,258.75,258.79,1393
1790702520,258.79,258.82,258.63,258.67,1079
1790702580,258.67,258.73,258.49,258.53,1569
1790702640,258.53,258.54,258.35,258.42,852
1790702700,258.42,258.59,258.40,258.52,89
1790702760,258.52,258.56,258.45,258.50,1478
1790702820,258.50,258.65,258.44,258.58,2654
1790702880,258.58,258.61,258.40,258.42,1806
1790702940,258.42,258.42,258.39,258.39,1223
1790703000,258.39,258.62,258.36,258.57,2142
1790703060,258.57,258.70,258.55,258.68,2578
1790703120,258.68,258.77,258.59,258.59,779
1790703180,258.59,258.64,258.41,258.43,1406
1790703240,258.43,258.52,258.30,258.37,2890
1790703300,258.37,258.46,258.10,258.18,1440
1790703360,258.18,258.32,258.15,258.27,2666
1790703420,258.27,258.35,258.23,258.24,545
1790703480,258.24,258.27,258.02,258.06,903
1790703540,258.06,258.11,257.98,258.01,865
1790703600,258.01,258.08,257.88,257.90,2412
1790703660,257.90,258.02,257.82,257.99,1873
1790703720,257.99,258.07,257.79,257.82,1511
1790703780,257.82,257.83,257.72,257.76,168
1790703840,257.76,257.93,257.66,257.84,741
1790703900,257.84,258.05,257.79,258.02,1413
1790703960,258.02,258.23,258.00,258.14,2550
1790704020,258.14,258.23,257.99,258.00,2501
1790704080,258.00,258.11,257.92,258.07,1079
1790704140,258.07,258.25,257.99,258.15,1302
1790704200,258.15,258.32,258.07,258.26,2070
1790704260,258.26,258.35,258.17,258.29,2955
1790704320,258.29,258.48,258.23,258.45,1653
1790704380,258.45,258.46,258.41,258.46,2662
1790704440,258.46,258.54,258.35,258.35,2551
1790704500,258.35,258.45,258.14,258.19,584
1790704560,258.19,258.30,258.10,258.26,2726
1790704620,258.26,258.26,258.15,258.19,2103
1790704680,258.19,258.25,257.96,258.01,904
1790704740,258.01,258.10,257.92,258.02,500
1790739900,258.02,258.04,257.73,257.83,2531
1790739960,257.83,257.89,257.71,257.74,1873
1790740020,257.74,257.83,257.56,257.57,2826
1790740080,257.57,257.86,257.54,257.76,2464
1790740140,257.76,257.82,257.62,257.62,427
1790740200,257.62,257.83,257.55,257.74,2558
1790740260,257.74,258.03,257.69,257.93,2813
1790740320,257.93,257.96,257.89,257.95,1464
1790740380,257.95,258.18,257.86,258.09,2631
1790740440,258.09,258.35,258.00,258.28,381
1790740500,258.28,258.30,258.03,258.12,1357
1790740560,258.12,258.34,258.04,258.30,458
1790740620,258.30,258.37,258.19,258.20,2660
1790740680,258.20,258.38,258.16,258.30,351
1790740740,258.30,258.33,258.21,258.32,1091
1790740800,258.32,258.36,258.13,258.14,55
1790740860,258.14,258.21,258.13,258.14,234
1790740920,258.14,258.19,257.89,257.98,1578
1790740980,257.98,258.17,257.98,258.08,1630
1790741040,258.08,258.10,257.81,257.91,1618
1790741100,257.91,257.95,257.71,257.78,2600
1790741160,257.78,258.01,257.70,257.96,227
1790741220,257.96,258.03,257.93,257.96,2537
1790741280,257.96,258.12,257.95,258.06,2176
1790741340,258.06,258.15,257.82,257.92,862
1790741400,257.92,257.99,257.85,257.85,2337
1790741460,257.85,258.04,257.83,257.98,2405
1790741520,257.98,258.18,257.98,258.09,958
1790741580,258.09,258.13,257.94,257.96,2160
1790741640,257.96,258.06,257.95,258.04,77
1790741700,258.04,258.20,257.98,258.20,1161
1790741760,258.20,258.20,257.97,258.05,560
1790741820,258.05,258.24,258.01,258.21,794
1790741880,258.21,258.28,258.11,258.13,1458
1790741940,258.13,258.23,258.04,258.05,972
1790742000,258.05,258.15,257.95,257.98,1947
1790742060,257.98,258.07,257.91,258.07,1158
1790742120,258.07,258.10,258.02,258.02,2802
1790742180,258.02,258.23,257.98,258.13,839
1790742240,258.13,258.20,257.91,257.98,2400
1790742300,257.98,258.23,257.88,258.13,1391
1790742360,258.13,258.21,258.12,258.12,1578
1790742420,258.12,258.19,257.94,257.98,2292
1790742480,257.98,258.06,257.78,257.85,2748
1790742540,257.85,258.05,257.78,257.95,338
1790742600,257.95,257.99,257.81,257.89,1606
1790742660,257.89,257.94,257.75,257.80,1071
1790742720,257.80,257.90,257.67,257.71,1938
1790742780,257.71,257.74,257.57,257.62,1049
1790742840,257.62,257.71,257.41,257.43,2829
1790742900,257.43,257.45,257.21,257.23,1998
1790742960,257.23,257.44,257.15,257.41,71
1790743020,257.41,257.46,257.26,257.31,630
1790743080,257.31,257.58,257.26,257.52,1339
1790743140,257.52,257.56,257.37,257.39,84
1790743200,257.39,257.46,257.27,257.30,609
1790743260,257.30,257.38,257.19,257.24,2735
1790743320,257.24,257.28,257.07,257.16,2674
1790743380,257.16,257.34,257.15,257.27,659
1790743440,257.27,257.28,257.08,257.14,2969
1790743500,257.14,257.27,257.13,257.22,2350
1790743560,257.22,257.24,257.12,257.19,2179
1790743620,257.19,257.32,257.17,257.32,1895
1790743680,257.32,257.41,257.25,257.39,1010
1790743740,257.39,257.56,257.36,257.56,506
1790743800,257.56,257.77,257.49,257.68,2736
1790743860,257.68,257.80,257.63,257.73,829
1790743920,257.73,257.75,257.69,257.72,158
1790743980,257.72,257.87,257.69,257.85,2392
1790744040,257.85,257.94,257.77,257.89,623
1790744100,257.89,257.97,257.73,257.74,786
1790744160,257.74,257.77,257.60,257.62,1760
1790744220,257.62,257.70,257.41,257.44,425
1790744280,257.44,257.63,257.42,257.58,2492
1790744340,257.58,257.71,257.56,257.69,2367
1790744400,257.69,257.82,257.66,257.78,1739
1790744460,257.78,257.91,257.70,257.90,1407
1790744520,257.90,258.14,257.82,258.05,1277
1790744580,258.05,258.06,257.96,257.96,128
1790744640,257.96,258.12,257.89,258.07,1052
1790744700,258.07,258.16,258.02,258.04,2085
1790744760,258.04,258.23,258.02,258.22,1105
1790744820,258.22,258.27,258.02,258.02,1246
1790744880,258.02,258.12,257.89,257.94,2236
1790744940,257.94,258.00,257.89,257.95,246
1790745000,257.95,258.03,257.85,257.93,605
1790745060,257.93,258.02,257.65,257.74,2182
1790745120,257.74,257.76,257.70,257.71,894
1790745180,257.71,257.80,257.66,257.70,2521
1790745240,257.70,257.76,257.50,257.57,1904
1790745300,257.57,257.80,257.52,257.75,1058
1790745360,257.75,257.92,257.74,257.89,932
1790745420,257.89,257.98,257.84,257.95,728
1790745480,257.95,258.23,257.86,258.16,1937
1790745540,258.16,258.16,257.94,258.01,116
1790745600,258.01,258.06,257.83,257.93,2491
1790745660,257.93,258.01,257.81,257.91,1383
1790745720,257.91,258.03,257.85,257.96,2784
1790745780,257.96,258.21,257.94,258.12,2920
1790745840,258.12,258.16,258.01,258.05,2101
1790745900,258.05,258.23,258.04,258.17,424
1790745960,258.17,258.33,258.14,258.24,2411
1790746020,258.24,258.51,258.17,258.43,537
1790746080,258.43,258.67,258.40,258.61,1357
1790746140,258.61,258.69,258.52,258.62,312
1790746200,258.62,258.69,258.51,258.58,2936
1790746260,258.58,258.74,258.54,258.68,457
1790746320,258.68,258.79,258.65,258.69,2211
1790746380,258.69,258.86,258.66,258.76,2237
1790746440,258.76,258.84,258.70,258.72,1782
1790746500,258.72,258.74,258.66,258.71,2606
1790746560,258.71,258.94,258.71,258.90,783
1790746620,258.90,258.98,258.85,258.91,2048
1790746680,258.91,258.94,258.88,258.91,365
1790746740,258.91,259.07,258.87,259.06,190
1790746800,259.06,259.08,259.03,259.06,75
1790746860,259.06,259.16,258.98,259.03,2844
1790746920,259.03,259.09,258.98,258.99,2136
1790746980,258.99,259.02,258.91,258.98,750
1790747040,258.98,259.07,258.84,258.84,1028
1790747100,258.84,258.89,258.78,258.88,2431
1790747160,258.88,258.95,258.85,258.88,1237
1790747220,258.88,258.96,258.79,258.95,828
1790747280,258.95,258.96,258.91,258.92,922
1790747340,258.92,259.12,258.87,259.07,2900
1790747400,259.07,259.25,258.98,259.24,2760
1790747460,259.24,259.38,259.22,259.30,514
1790747520,259.30,259.37,259.20,259.36,118
1790747580,259.36,259.37,259.14,259.19,1180
1790747640,259.19,259.26,259.14,259.21,2272
1790747700,259.21,259.32,259.18,259.31,773
1790747760,259.31,259.48,259.28,259.40,989
1790747820,259.40,259.44,259.25,259.29,1973
1790747880,259.29,259.30,259.19,259.24,1576
1790747940,259.24,259.31,259.12,259.14,2220
1790748000,259.14,259.15,259.03,259.11,1768
1790748060,259.11,259.20,258.97,258.99,1075
1790748120,258.99,259.14,258.91,259.07,1157
1790748180,259.07,259.34,259.05,259.27,2398
1790748240,259.27,259.45,259.25,259.39,2539
1790748300,259.39,259.48,259.27,259.37,892
1790748360,259.37,259.49,259.30,259.46,77
1790748420,259.46,259.62,259.45,259.52,2499
1790748480,259.52,259.60,259.42,259.45,1922
1790748540,259.45,259.52,259.37,259.38,2536
1790748600,259.38,259.53,259.31,259.43,1557
1790748660,259.43,259.47,259.36,259.47,2004
1790748720,259.47,259.68,259.39,259.61,1875
1790748780,259.61,259.64,259.58,259.61,1579
1790748840,259.61,259.66,259.38,259.47,2673
1790748900,259.47,259.49,259.29,259.36,2186
1790748960,259.36,259.50,259.35,259.40,584
1790749020,259.40,259.46,259.31,259.36,243
1790749080,259.36,259.43,259.34,259.39,1545
1790749140,259.39,259.43,259.23,259.30,2082
1790749200,259.30,259.46,259.28,259.36,2967
1790749260,259.36,259.41,259.21,259.24,2986
1790749320,259.24,259.33,259.19,259.25,2499
1790749380,259.25,259.41,259.18,259.39,1345
1790749440,259.39,259.49,259.18,259.28,1960
1790749500,259.28,259.52,259.25,259.47,713
1790749560,259.47,259.54,259.33,259.34,420
1790749620,259.34,259.42,259.15,259.18,2238
1790749680,259.18,259.32,259.15,259.30,698
1790749740,259.30,259.59,259.25,259.51,187
1790749800,259.51,259.56,259.44,259.55,1735
1790749860,259.55,259.62,259.37,259.40,1213
1790749920,259.40,259.58,259.37,259.50,1040
1790749980,259.50,259.51,259.42,259.50,420
1790750040,259.50,259.69,259.41,259.59,1603
1790750100,259.59,259.61,259.49,259.58,2210
1790750160,259.58,259.69,259.58,259.61,1875
1790750220,259.61,259.82,259.56,259.78,1520
1790750280,259.78,259.87,259.73,259.74,2653
1790750340,259.74,259.95,259.73,259.88,1592
1790750400,259.88,259.95,259.82,259.86,935
1790750460,259.86,259.96,259.83,259.86,2187
1790750520,259.86,259.87,259.80,259.85,173
1790750580,259.85,260.12,259.79,260.02,1178
1790750640,260.02,260.12,259.88,259.88,1232
1790750700,259.88,260.00,259.83,259.93,1007
1790750760,259.93,260.01,259.77,259.87,1784
1790750820,259.87,259.96,259.64,259.67,2994
1790750880,259.67,259.86,259.66,259.83,2433
1790750940,259.83,260.03,259.81,259.97,1896
1790751000,259.97,260.00,259.94,259.96,2284
1790751060,259.96,260.17,259.90,260.13,1254
1790751120,260.13,260.20,259.98,260.06,2660
1790751180,260.06,260.21,259.96,260.14,2421
1790751240,260.14,260.15,259.91,260.01,2162
1790751300,260.01,260.29,259.94,260.22,1811
1790751360,260.22,260.42,260.20,260.37,1841
1790751420,260.37,260.62,260.31,260.54,1689
1790751480,260.54,260.67,260.44,260.63,865
1790751540,260.63,260.71,260.58,260.62,2840
1790751600,260.62,260.67,260.47,260.50,1037
1790751660,260.50,260.54,260.32,260.35,549
1790751720,260.35,260.38,260.23,260.30,2285
1790751780,260.30,260.42,260.23,260.37,2399
1790751840,260.37,260.48,260.27,260.42,1195
1790751900,260.42,260.52,260.26,260.31,1660
1790751960,260.31,260.33,260.13,260.15,913
1790752020,260.15,260.33,260.11,260.26,1318
1790752080,260.26,260.32,260.21,260.32,1424
1790752140,260.32,260.36,260.23,260.28,1303
1790752200,260.28,260.28,260.14,260.16,1840
1790752260,260.16,260.24,259.92,260.01,598
1790752320,260.01,260.13,259.94,260.12,2711
1790752380,260.12,260.26,260.04,260.26,652
1790752440,260.26,260.34,260.04,260.06,2911
1790752500,260.06,260.06,259.92,259.96,2189
1790752560,259.96,260.17,259.95,260.15,1951
1790752620,260.15,260.38,260.11,260.36,694
1790752680,260.36,260.41,260.18,260.20,669
1790752740,260.20,260.40,260.16,260.31,960
1790752800,260.31,260.41,260.16,260.22,1897
1790752860,260.22,260.47,260.16,260.42,1838
1790752920,260.42,260.45,260.28,260.33,2038
1790752980,260.33,260.38,260.17,260.19,602
1790753040,260.19,260.29,260.12,260.24,2756
1790753100,260.24,260.35,260.22,260.32,1794
1790753160,260.32,260.47,260.24,260.42,1021
1790753220,260.42,260.62,260.37,260.57,382
1790753280,260.57,260.67,260.43,260.50,761
1790753340,260.50,260.58,260.42,260.50,1580
1790753400,260.50,260.60,260.46,260.55,2022
1790753460,260.55,260.73,260.54,260.65,1865
1790753520,260.65,260.75,260.51,260.57,767
1790753580,260.57,260.62,260.41,260.47,59
1790753640,260.47,260.70,260.38,260.60,1581
1790753700,260.60,260.69,260.52,260.66,2311
1790753760,260.66,260.86,260.62,260.82,771
1790753820,260.82,261.04,260.75,260.94,2470
1790753880,260.94,261.06,260.91,261.05,566
1790753940,261.05,261.27,260.96,261.22,101
1790754000,261.22,261.24,261.18,261.18,2565
1790754060,261.18,261.38,261.09,261.36,2436
1790754120,261.36,261.43,261.23,261.28,1654
1790754180,261.28,261.47,261.19,261.45,997
1790754240,261.45,261.62,261.37,261.56,1171
1790754300,261.56,261.65,261.42,261.51,1094
1790754360,261.51,261.59,261.38,261.43,391
1790754420,261.43,261.48,261.29,261.30,857
1790754480,261.30,261.39,261.11,261.12,1395
1790754540,261.12,261.21,260.93,261.02,1997
1790754600,261.02,261.08,260.92,261.02,280
1790754660,261.02,261.05,260.92,261.03,1602
1790754720,261.03,261.13,260.89,260.93,937
1790754780,260.93,261.08,260.86,261.03,1769
1790754840,261.03,261.10,260.91,260.97,406
1790754900,260.97,261.15,260.90,261.07,2542
1790754960,261.07,261.14,261.02,261.12,123
1790755020,261.12,261.16,260.95,260.96,2561
1790755080,260.96,261.07,260.87,261.06,2412
1790755140,261.06,261.30,260.97,261.22,452
1790755200,261.22,261.48,261.13,261.38,607
1790755260,261.38,261.46,261.13,261.19,1748
1790755320,261.19,261.25,261.06,261.07,1759
1790755380,261.07,261.15,260.91,261.01,2199
1790755440,261.01,261.21,260.96,261.20,1050
1790755500,261.20,261.37,261.16,261.28,2496
1790755560,261.28,261.52,261.22,261.46,1788
1790755620,261.46,261.59,261.38,261.50,1802
1790755680,261.50,261.68,261.47,261.64,2305
1790755740,261.64,261.86,261.55,261.81,2388
1790755800,261.81,261.96,261.72,261.87,1730
1790755860,261.87,261.92,261.75,261.80,2996
1790755920,261.80,261.82,261.59,261.68,2277
1790755980,261.68,261.73,261.54,261.59,2883
1790756040,261.59,261.61,261.56,261.61,1399
1790756100,261.61,261.71,261.41,261.51,1079
1790756160,261.51,261.70,261.43,261.65,2777
1790756220,261.65,261.67,261.56,261.65,1508
1790756280,261.65,261.72,261.49,261.57,2358
1790756340,261.57,261.66,261.35,261.40,1340
1790756400,261.40,261.46,261.18,261.22,1264
1790756460,261.22,261.53,261.19,261.43,984
1790756520,261.43,261.66,261.41,261.63,2561
1790756580,261.63,261.67,261.44,261.50,2009
1790756640,261.50,261.73,261.42,261.68,2420
1790756700,261.68,261.84,261.63,261.78,139
1790756760,261.78,261.82,261.66,261.71,1782
1790756820,261.71,261.91,261.62,261.84,2098
1790756880,261.84,261.94,261.80,261.85,2046
1790756940,261.85,261.94,261.81,261.88,2564
1790757000,261.88,261.93,261.66,261.76,579
1790757060,261.76,262.05,261.73,261.95,2789
1790757120,261.95,261.96,261.71,261.80,1871
1790757180,261.80,261.87,261.57,261.64,1475
1790757240,261.64,261.68,261.44,261.45,1860
1790757300,261.45,261.54,261.39,261.46,923
1790757360,261.46,261.52,261.40,261.43,1079
1790757420,261.43,261.72,261.42,261.63,1040
1790757480,261.63,261.72,261.41,261.47,926
1790757540,261.47,261.57,261.46,261.53,1050
1790757600,261.53,261.59,261.30,261.35,2223
1790757660,261.35,261.51,261.29,261.48,2444
1790757720,261.48,261.58,261.26,261.33,676
1790757780,261.33,261.41,261.29,261.33,1411
1790757840,261.33,261.58,261.25,261.51,1295
1790757900,261.51,261.68,261.41,261.58,822
1790757960,261.58,261.84,261.53,261.78,633
1790758020,261.78,261.82,261.53,261.62,2126
1790758080,261.62,261.70,261.47,261.53,2890
1790758140,261.53,261.61,261.39,261.44,537
1790758200,261.44,261.67,261.42,261.62,215
1790758260,261.62,261.71,261.43,261.52,1120
1790758320,261.52,261.56,261.48,261.54,2889
1790758380,261.54,261.65,261.47,261.58,297
1790758440,261.58,261.64,261.50,261.62,836
1790758500,261.62,261.77,261.55,261.73,2163
1790758560,261.73,261.83,261.45,261.55,2280
1790758620,261.55,261.59,261.40,261.42,409
1790758680,261.42,261.48,261.24,261.29,470
1790758740,261.29,261.49,261.29,261.40,276
1790758800,261.40,261.51,261.33,261.49,2856
1790758860,261.49,261.58,261.28,261.29,1873
1790758920,261.29,261.34,261.07,261.11,321
1790758980,261.11,261.13,260.87,260.91,1611
1790759040,260.91,261.09,260.91,261.04,976
1790759100,261.04,261.24,261.02,261.23,512
1790759160,261.23,261.46,261.15,261.43,2982
1790759220,261.43,261.49,261.26,261.30,2024
1790759280,261.30,261.37,261.11,261.17,1827
1790759340,261.17,261.36,261.10,261.28,504
1790759400,261.28,261.44,261.21,261.41,2150
1790759460,261.41,261.42,261.20,261.21,2816
1790759520,261.21,261.31,261.04,261.08,741
1790759580,261.08,261.32,261.07,261.25,1856
1790759640,261.25,261.50,261.15,261.45,2278
1790759700,261.45,261.46,261.24,261.29,1610
1790759760,261.29,261.37,261.04,261.14,966
1790759820,261.14,261.29,261.06,261.21,185
1790759880,261.21,261.44,261.16,261.35,1905
1790759940,261.35,261.40,261.29,261.31,2644
1790760000,261.31,261.40,261.08,261.17,648
1790760060,261.17,261.18,260.97,261.05,1419
1790760120,261.05,261.18,260.98,261.08,799
1790760180,261.08,261.30,261.07,261.20,2066
1790760240,261.20,261.38,261.14,261.36,886
1790760300,261.36,261.44,261.20,261.23,1114
1790760360,261.23,261.26,261.06,261.10,195
1790760420,261.10,261.15,260.96,260.98,1542
1790760480,260.98,260.99,260.86,260.92,760
1790760540,260.92,260.95,260.81,260.84,140
1790760600,260.84,261.08,260.76,261.03,2109
1790760660,261.03,261.08,260.87,260.90,2622
1790760720,260.90,261.12,260.82,261.03,720
1790760780,261.03,261.29,260.96,261.20,1093
1790760840,261.20,261.29,261.20,261.24,2732
1790760900,261.24,261.40,261.21,261.32,253
1790760960,261.32,261.43,261.22,261.42,2034
1790761020,261.42,261.51,261.32,261.36,1867
1790761080,261.36,261.56,261.33,261.50,2138
1790761140,261.50,261.56,261.30,261.32,1984
1790761200,261.32,261.38,261.09,261.12,1168
1790761260,261.12,261.32,261.06,261.22,1430
1790761320,261.22,261.25,261.11,261.18,2547
1790761380,261.18,261.22,261.03,261.07,728
1790761440,261.07,261.14,260.85,260.95,210
1790761500,260.95,261.06,260.89,261.00,2953
1790761560,261.00,261.02,260.94,260.98,1057
1790761620,260.98,261.00,260.95,261.00,2987
1790761680,261.00,261.04,260.82,260.91,448
1790761740,260.91,261.00,260.87,260.90,2240
1790761800,260.90,260.96,260.87,260.91,320
1790761860,260.91,260.97,260.73,260.77,1266
1790761920,260.77,260.78,260.60,260.65,1196
1790761980,260.65,260.72,260.65,260.71,1303
1790762040,260.71,260.74,260.41,260.51,1791
1790762100,260.51,260.59,260.41,260.56,1187
1790762160,260.56,260.82,260.50,260.75,2598
1790762220,260.75,260.79,260.67,260.77,961
1790762280,260.77,260.79,260.65,260.71,537
1790762340,260.71,260.76,260.55,260.64,2740
1790762400,260.64,260.85,260.63,260.75,1329
1790762460,260.75,260.84,260.71,260.75,503
1790762520,260.75,260.80,260.67,260.68,639
1790762580,260.68,260.95,260.67,260.87,732
1790762640,260.87,260.97,260.86,260.88,1477
1790762700,260.88,261.13,260.79,261.08,2962
1790762760,261.08,261.10,261.01,261.02,1241
1790762820,261.02,261.15,261.01,261.06,1750
1790762880,261.06,261.06,260.95,261.04,1876
1790762940,261.04,261.09,260.80,260.89,194
1790763000,260.89,260.93,260.75,260.81,254
1790763060,260.81,260.87,260.61,260.65,1816
1790763120,260.65,260.68,260.41,260.48,1282
1790763180,260.48,260.52,260.30,260.40,748
1790763240,260.40,260.42,260.23,260.24,894
1790763300,260.24,260.49,260.18,260.39,1354
1790763360,260.39,260.45,260.25,260.33,2780
1790763420,260.33,260.56,260.32,260.51,106
1790763480,260.51,260.52,260.29,260.31,1671
1790763540,260.31,260.60,260.22,260.52,2347
1790763600,260.52,260.72,260.49,260.67,830
1790763660,260.67,260.74,260.53,260.56,300
1790763720,260.56,260.62,260.34,260.39,2937
1790763780,260.39,260.45,260.34,260.36,1002
1790763840,260.36,260.52,260.29,260.51,1677
1790763900,260.51,260.69,260.44,260.64,1682
1790763960,260.64,260.71,260.49,260.53,681
1790764020,260.53,260.57,260.36,260.39,909
1790764080,260.39,260.42,260.25,260.30,1249
1790764140,260.30,260.39,260.28,260.36,1996
1790764200,260.36,260.43,260.18,260.27,987
1790764260,260.27,260.28,260.01,260.07,1212
1790764320,260.07,260.33,260.00,260.24,2644
1790764380,260.24,260.28,259.98,260.08,1263
1790764440,260.08,260.27,260.08,260.19,1817
1790764500,260.19,260.20,260.00,260.10,2046
1790764560,260.10,260.12,259.97,260.04,318
1790764620,260.04,260.12,259.84,259.91,1613
1790764680,259.91,260.09,259.88,260.08,393
1790764740,260.08,260.16,260.02,260.12,342
1790764800,260.12,260.12,259.89,259.92,905
1790764860,259.92,260.04,259.90,260.00,2764
1790764920,260.00,260.00,259.87,259.94,2611
1790764980,259.94,260.00,259.81,259.85,665
1790765040,259.85,259.98,259.75,259.96,2350
1790765100,259.96,260.01,259.90,259.92,375
1790765160,259.92,259.94,259.70,259.80,157
1790765220,259.80,259.89,259.53,259.62,1204
1790765280,259.62,259.72,259.45,259.51,804
1790765340,259.51,259.69,259.41,259.62,2884
1790765400,259.62,259.70,259.35,259.43,456
1790765460,259.43,259.51,259.26,259.29,859
1790765520,259.29,259.38,259.25,259.37,1262
1790765580,259.37,259.45,259.26,259.33,1499
1790765640,259.33,259.48,259.32,259.46,1550
1790765700,259.46,259.48,259.33,259.42,1426
1790765760,259.42,259.45,259.23,259.30,978
1790765820,259.30,259.31,259.06,259.11,395
1790765880,259.11,259.11,258.90,258.98,1833
1790765940,258.98,259.10,258.88,259.09,1158
1790766000,259.09,259.34,259.05,259.27,2950
1790766060,259.27,259.32,259.27,259.28,1402
1790766120,259.28,259.29,259.13,259.18,1623
1790766180,259.18,259.25,259.12,259.20,2606
1790766240,259.20,259.42,259.10,259.39,2668
1790766300,259.39,259.49,259.23,259.26,1666
1790766360,259.26,259.34,259.24,259.31,1142
1790766420,259.31,259.32,259.03,259.11,2130
1790766480,259.11,259.19,258.95,259.01,2019
1790766540,259.01,259.23,258.91,259.14,2369
1790766600,259.14,259.16,259.03,259.04,2815
1790766660,259.04,259.21,258.98,259.11,2129
1790766720,259.11,259.20,259.02,259.09,1442
1790766780,259.09,259.10,258.93,258.95,2880
1790766840,258.95,259.03,258.90,258.94,808
1790766900,258.94,259.01,258.77,258.82,512
1790766960,258.82,258.90,258.74,258.77,2435
1790767020,258.77,259.02,258.76,258.93,214
1790767080,258.93,258.95,258.79,258.86,2962
1790767140,258.86,259.06,258.77,259.03,2036
1790767200,259.03,259.15,258.93,259.10,436
1790767260,259.10,259.13,259.01,259.07,512
1790767320,259.07,259.15,259.05,259.08,2955
1790767380,259.08,259.16,259.02,259.09,1881
1790767440,259.09,259.28,259.03,259.19,2732
1790767500,259.19,259.33,259.10,259.25,1628
1790767560,259.25,259.45,259.24,259.39,61
1790767620,259.39,259.41,259.36,259.37,539
1790767680,259.37,259.62,259.31,259.55,2022
1790767740,259.55,259.67,259.47,259.64,376
1790767800,259.64,259.65,259.49,259.52,777
1790767860,259.52,259.62,259.46,259.61,1883
1790767920,259.61,259.64,259.58,259.64,2943
1790767980,259.64,259.84,259.64,259.74,2672
1790768040,259.74,259.87,259.71,259.83,2436
1790768100,259.83,259.89,259.60,259.67,941
1790768160,259.67,259.70,259.66,259.70,2414
1790768220,259.70,259.80,259.44,259.54,1315
1790768280,259.54,259.59,259.34,259.41,1529
1790768340,259.41,259.47,259.32,259.41,2218
1790768400,259.41,259.46,259.18,259.23,1322
1790768460,259.23,259.44,259.19,259.43,2877
1790768520,259.43,259.57,259.33,259.50,971
1790768580,259.50,259.81,259.40,259.71,1984
1790768640,259.71,259.81,259.61,259.68,2070
1790768700,259.68,259.76,259.44,259.49,1893
1790768760,259.49,259.57,259.25,259.33,858
1790768820,259.33,259.39,259.20,259.24,418
1790768880,259.24,259.33,259.16,259.27,1788
1790768940,259.27,259.30,259.08,259.11,1453
1790769000,259.11,259.17,259.10,259.16,1253
1790769060,259.16,259.42,259.12,259.36,785
1790769120,259.36,259.37,259.34,259.35,1524
1790769180,259.35,259.53,259.28,259.52,967
1790769240,259.52,259.61,259.29,259.32,503
1790769300,259.32,259.34,259.17,259.24,449
1790769360,259.24,259.33,259.08,259.16,1287
1790769420,259.16,259.20,258.97,259.03,485
1790769480,259.03,259.12,259.02,259.10,2806
1790769540,259.10,259.16,259.03,259.15,1508
1790769600,259.15,259.21,259.03,259.11,693
1790769660,259.11,259.20,259.08,259.10,1332
1790769720,259.10,259.31,259.04,259.26,849
1790769780,259.26,259.47,259.24,259.45,1353
1790769840,259.45,259.55,259.41,259.42,389
1790769900,259.42,259.58,259.41,259.58,201
1790769960,259.58,259.68,259.49,259.58,2083
1790770020,259.58,259.66,259.33,259.40,2743
1790770080,259.40,259.49,259.18,259.26,2191
1790770140,259.26,259.31,259.13,259.20,1224
1790770200,259.20,259.28,259.14,259.25,2237
1790770260,259.25,259.42,259.23,259.39,1459
1790770320,259.39,259.46,259.13,259.19,1876
1790770380,259.19,259.46,259.12,259.40,1157
1790770440,259.40,259.48,259.32,259.40,1615
1790770500,259.40,259.46,259.18,259.22,348
1790770560,259.22,259.40,259.21,259.33,370
1790770620,259.33,259.38,259.29,259.30,2796
1790770680,259.30,259.37,259.18,259.23,1690
1790770740,259.23,259.26,259.20,259.22,647
1790770800,259.22,259.36,259.15,259.32,1243
1790770860,259.32,259.33,259.12,259.22,1848
1790770920,259.22,259.26,259.08,259.10,1769
1790770980,259.10,259.23,259.06,259.21,261
1790771040,259.21,259.44,259.11,259.39,556
1790771100,259.39,259.40,259.25,259.26,1661
1790771160,259.26,259.34,259.23,259.28,892
1790771220,259.28,259.29,259.01,259.10,506
1790771280,259.10,259.17,259.02,259.12,2088
1790771340,259.12,259.38,259.03,259.28,2018
1790771400,259.28,259.44,259.19,259.39,105
1790771460,259.39,259.44,259.26,259.28,562
1790771520,259.28,259.32,259.16,259.23,105
1790771580,259.23,259.23,259.17,259.17,1921
1790771640,259.17,259.18,259.00,259.09,1943
1790771700,259.09,259.28,259.03,259.21,437
1790771760,259.21,259.22,259.21,259.21,700
1790771820,259.21,259.28,259.13,259.15,2825
1790771880,259.15,259.22,259.11,259.19,2045
1790771940,259.19,259.20,259.04,259.07,146
1790772000,259.07,259.08,258.95,259.04,1874
1790772060,259.04,259.13,258.93,259.02,1522
1790772120,259.02,259.04,258.98,259.02,2217
1790772180,259.02,259.04,258.78,258.87,373
1790772240,258.87,259.14,258.81,259.06,461
1790772300,259.06,259.16,258.97,259.06,2174
1790772360,259.06,259.13,258.91,258.95,2997
1790772420,258.95,259.04,258.90,259.00,791
1790772480,259.00,259.22,258.98,259.13,1970
1790772540,259.13,259.33,259.06,259.23,1787
1790772600,259.23,259.29,259.07,259.14,560
1790772660,259.14,259.19,258.96,259.04,1134
1790772720,259.04,259.07,258.94,259.02,1289
1790772780,259.02,259.05,258.96,259.03,1372
1790772840,259.03,259.05,258.91,258.95,2252
1790772900,258.95,259.04,258.85,258.94,494
1790772960,258.94,259.05,258.84,259.04,929
1790773020,259.04,259.27,259.00,259.25,2991
1790773080,259.25,259.35,258.99,259.08,2811
1790773140,259.08,259.15,258.93,258.98,2265
1790773200,258.98,259.15,258.92,259.14,929
1790773260,259.14,259.19,259.06,259.19,1903
1790773320,259.19,259.27,259.06,259.10,1585
1790773380,259.10,259.22,259.09,259.12,1340
1790773440,259.12,259.25,259.07,259.19,396
1790773500,259.19,259.26,259.15,259.21,642
1790773560,259.21,259.47,259.17,259.39,1707
1790773620,259.39,259.45,259.29,259.31,1928
1790773680,259.31,259.48,259.22,259.41,1212
1790773740,259.41,259.47,259.26,259.32,2121
1790773800,259.32,259.35,259.28,259.28,668
1790773860,259.28,259.53,259.23,259.44,447
1790773920,259.44,259.63,259.41,259.58,2037
1790773980,259.58,259.62,259.44,259.46,1101
1790774040,259.46,259.58,259.42,259.54,2625
1790774100,259.54,259.64,259.51,259.62,1958
1790774160,259.62,259.73,259.54,259.66,2715
1790774220,259.66,259.74,259.47,259.49,264
1790774280,259.49,259.57,259.23,259.30,788
1790774340,259.30,259.32,259.27,259.30,208
1790774400,259.30,259.32,259.14,259.22,2597
1790774460,259.22,259.27,259.12,259.16,1193
1790774520,259.16,259.21,259.07,259.14,2731
1790774580,259.14,259.21,259.03,259.03,701
1790774640,259.03,259.27,258.96,259.23,531
1790774700,259.23,259.29,259.05,259.06,297
1790774760,259.06,259.08,258.90,258.97,1422
1790774820,258.97,259.13,258.88,259.03,1580
1790774880,259.03,259.06,258.78,258.84,1454
1790774940,258.84,258.89,258.79,258.82,185
1790775000,258.82,258.86,258.69,258.74,1701
1790775060,258.74,258.77,258.46,258.55,1131
1790775120,258.55,258.70,258.52,258.65,361
1790775180,258.65,258.69,258.55,258.67,2243
1790775240,258.67,258.74,258.47,258.53,450
1790775300,258.53,258.80,258.45,258.70,1484
1790775360,258.70,258.79,258.61,258.77,2686
1790775420,258.77,258.83,258.52,258.60,1557
1790775480,258.60,258.66,258.34,258.43,2071
1790775540,258.43,258.48,258.25,258.26,72
1790775600,258.26,258.29,258.12,258.20,435
1790775660,258.20,258.36,258.10,258.28,2664
1790775720,258.28,258.37,258.19,258.22,2342
1790775780,258.22,258.40,258.20,258.38,1030
1790775840,258.38,258.54,258.29,258.44,2528
1790775900,258.44,258.54,258.37,258.40,587
1790775960,258.40,258.57,258.40,258.49,2846
1790776020,258.49,258.52,258.34,258.41,1952
1790776080,258.41,258.52,258.33,258.46,1859
1790776140,258.46,258.53,258.27,258.35,2661
1790776200,258.35,258.45,258.17,258.23,763
1790776260,258.23,258.23,258.05,258.12,2733
1790776320,258.12,258.18,258.10,258.10,362
1790776380,258.10,258.16,258.04,258.14,1167
1790776440,258.14,258.41,258.10,258.35,2731
1790776500,258.35,258.45,258.29,258.45,242
1790776560,258.45,258.52,258.30,258.32,878
1790776620,258.32,258.38,258.26,258.27,80
1790776680,258.27,258.27,258.07,258.14,1260
1790776740,258.14,258.14,258.01,258.11,2128
1790776800,258.11,258.12,257.91,257.96,2254
1790776860,257.96,258.02,257.85,257.86,1196
1790776920,257.86,258.10,257.80,258.06,2009
1790776980,258.06,258.15,257.93,257.95,548
1790777040,257.95,258.00,257.90,257.91,1608
1790777100,257.91,258.09,257.86,258.05,2661
1790777160,258.05,258.05,257.92,258.02,1705
1790777220,258.02,258.08,257.92,258.06,2844
1790777280,258.06,258.17,257.98,258.10,1872
1790777340,258.10,258.20,258.01,258.11,1893
1790777400,258.11,258.25,258.08,258.17,2902
1790777460,258.17,258.40,258.09,258.35,831
1790777520,258.35,258.56,258.35,258.51,2831
1790777580,258.51,258.76,258.42,258.71,2291
1790777640,258.71,258.82,258.68,258.75,648
1790777700,258.75,258.85,258.67,258.80,2312
1790777760,258.80,258.87,258.78,258.79,1517
1790777820,258.79,258.85,258.57,258.64,1602
1790777880,258.64,258.76,258.55,258.71,196
1790777940,258.71,258.77,258.43,258.53,2940
1790778000,258.53,258.60,258.36,258.43,381
1790778060,258.43,258.43,258.20,258.30,487
1790778120,258.30,258.45,258.30,258.45,2658
1790778180,258.45,258.53,258.45,258.47,441
1790778240,258.47,258.73,258.42,258.67,772
1790778300,258.67,258.70,258.60,258.62,1064
1790778360,258.62,258.81,258.59,258.76,1652
1790778420,258.76,258.86,258.69,258.78,113
1790778480,258.78,258.90,258.68,258.86,2823
1790778540,258.86,259.06,258.80,258.99,1353
1790778600,258.99,259.18,258.92,259.08,314
1790778660,259.08,259.17,258.98,259.09,132
1790778720,259.09,259.17,259.06,259.07,1558
1790778780,259.07,259.14,258.83,258.89,2806
1790778840,258.89,258.95,258.86,258.91,2032
1790778900,258.91,259.05,258.85,259.01,117
1790778960,259.01,259.01,258.92,258.94,616
1790779020,258.94,259.02,258.91,259.01,869
1790779080,259.01,259.21,258.95,259.20,1357
1790779140,259.20,259.28,259.11,259.27,192
1790779200,259.27,259.31,259.26,259.28,2331
1790779260,259.28,259.41,259.18,259.39,2852
1790779320,259.39,259.49,259.35,259.49,1438
1790779380,259.49,259.59,259.38,259.45,894
1790779440,259.45,259.52,259.30,259.38,1497
1790779500,259.38,259.49,259.34,259.41,1104
1790779560,259.41,259.49,259.33,259.39,2949
1790779620,259.39,259.41,259.23,259.26,1426
1790779680,259.26,259.29,259.24,259.26,1406
1790779740,259.26,259.35,259.16,259.19,417
1790779800,259.19,259.22,258.95,259.00,1893
1790779860,259.00,259.16,258.91,259.07,141
1790779920,259.07,259.10,259.00,259.01,101
1790779980,259.01,259.05,258.88,258.93,2142
1790780040,258.93,259.18,258.90,259.10,2850
1790780100,259.10,259.26,259.02,259.16,1719
1790780160,259.16,259.37,259.06,259.27,497
1790780220,259.27,259.41,259.17,259.38,1481
1790780280,259.38,259.45,259.27,259.32,897
1790780340,259.32,259.40,259.19,259.26,1804
1790780400,259.26,259.49,259.19,259.44,2805
1790780460,259.44,259.47,259.24,259.26,480
1790780520,259.26,259.42,259.20,259.37,1669
1790780580,259.37,259.41,259.32,259.38,213
1790780640,259.38,259.47,259.29,259.38,2136
1790780700,259.38,259.62,259.35,259.54,320
1790780760,259.54,259.61,259.38,259.45,1948
1790780820,259.45,259.64,259.41,259.62,480
1790780880,259.62,259.70,259.44,259.44,359
1790780940,259.44,259.53,259.33,259.38,1456
1790781000,259.38,259.59,259.34,259.50,950
1790781060,259.50,259.62,259.40,259.58,127
1790781120,259.58,259.62,259.36,259.44,1366
1790781180,259.44,259.70,259.37,259.60,621
1790781240,259.60,259.66,259.43,259.50,1240
1790781300,259.50,259.61,259.47,259.55,1654
1790781360,259.55,259.59,259.33,259.38,2330
1790781420,259.38,259.42,259.23,259.30,2013
1790781480,259.30,259.34,259.15,259.25,200
1790781540,259.25,259.35,259.14,259.18,2530
1790781600,259.18,259.32,259.13,259.25,1549
1790781660,259.25,259.35,259.19,259.22,232
1790781720,259.22,259.31,258.93,259.02,2449
1790781780,259.02,259.03,258.80,258.89,748
1790781840,258.89,259.02,258.87,258.93,843
1790781900,258.93,259.14,258.85,259.12,2320
1790781960,259.12,259.22,259.11,259.21,1421
1790782020,259.21,259.28,258.94,259.03,902
1790782080,259.03,259.12,258.81,258.89,2905
1790782140,258.89,258.97,258.70,258.71,525
1790782200,258.71,258.75,258.49,258.57,1411
1790782260,258.57,258.68,258.52,258.59,789
1790782320,258.59,258.68,258.54,258.61,1441
1790782380,258.61,258.73,258.52,258.72,1388
1790782440,258.72,258.96,258.64,258.89,923
1790782500,258.89,259.12,258.89,259.04,1086
1790782560,259.04,259.30,258.97,259.24,1073
1790782620,259.24,259.33,259.17,259.19,2553
1790782680,259.19,259.30,259.18,259.29,1545
1790782740,259.29,259.32,259.25,259.27,2424
1790782800,259.27,259.42,259.17,259.33,1103
1790782860,259.33,259.37,259.15,259.21,75
1790782920,259.21,259.42,259.20,259.39,1013
1790782980,259.39,259.66,259.36,259.57,1022
1790783040,259.57,259.61,259.49,259.54,2935
1790783100,259.54,259.56,259.34,259.43,1900
1790783160,259.43,259.50,259.35,259.44,2072
1790783220,259.44,259.48,259.24,259.24,1943
1790783280,259.24,259.24,259.17,259.24,114
1790783340,259.24,259.47,259.22,259.40,1743
1790783400,259.40,259.47,259.16,259.20,302
1790783460,259.20,259.44,259.10,259.35,2712
1790783520,259.35,259.54,259.34,259.46,182
1790783580,259.46,259.61,259.40,259.58,1461
1790783640,259.58,259.80,259.49,259.77,1760
1790783700,259.77,259.93,259.77,259.84,1590
1790783760,259.84,259.88,259.67,259.76,2728
1790783820,259.76,259.79,259.57,259.62,2348
1790783880,259.62,259.72,259.42,259.52,1670
1790783940,259.52,259.70,259.44,259.62,1952
1790784000,259.62,259.79,259.52,259.70,669
1790784060,259.70,259.80,259.54,259.63,735
1790784120,259.63,259.65,259.59,259.60,1738
1790784180,259.60,259.79,259.50,259.73,519
1790784240,259.73,259.89,259.65,259.80,1310
1790784300,259.80,259.80,259.53,259.61,1388
1790784360,259.61,259.64,259.47,259.55,2578
1790784420,259.55,259.55,259.39,259.47,526
1790784480,259.47,259.51,259.38,259.49,2458
1790784540,259.49,259.75,259.47,259.67,1014
1790784600,259.67,259.76,259.62,259.70,2909
1790784660,259.70,259.79,259.49,259.59,2051
1790784720,259.59,259.88,259.50,259.80,2454
1790784780,259.80,260.05,259.74,260.01,2018
1790784840,260.01,260.06,259.76,259.85,92
1790784900,259.85,259.85,259.62,259.72,1170
1790784960,259.72,259.81,259.69,259.70,1807
1790785020,259.70,259.79,259.67,259.78,2615
1790785080,259.78,259.92,259.69,259.87,1276
1790785140,259.87,259.97,259.85,259.89,1429
1790785200,259.89,259.90,259.73,259.82,1494
1790785260,259.82,259.92,259.66,259.68,545
1790785320,259.68,259.74,259.61,259.72,1323
1790785380,259.72,259.92,259.70,259.90,1642
1790785440,259.90,259.99,259.84,259.98,967
1790785500,259.98,260.16,259.88,260.12,2691
1790785560,260.12,260.15,260.11,260.15,1574
1790785620,260.15,260.17,260.14,260.15,997
1790785680,260.15,260.19,259.98,260.05,203
1790785740,260.05,260.10,259.89,259.91,1497
1790785800,259.91,260.10,259.91,260.01,1403
1790785860,260.01,260.09,259.87,259.97,1548
1790785920,259.97,260.01,259.82,259.90,1308
1790785980,259.90,260.00,259.73,259.80,2815
1790786040,259.80,259.90,259.55,259.65,451
1790786100,259.65,259.86,259.58,259.79,1162
1790786160,259.79,259.83,259.60,259.62,1618
1790786220,259.62,259.63,259.58,259.62,692
1790786280,259.62,259.78,259.56,259.78,2848
1790786340,259.78,259.84,259.68,259.73,2266
1790786400,259.73,259.79,259.54,259.56,468
1790786460,259.56,259.63,259.54,259.55,1027
1790786520,259.55,259.74,259.45,259.66,605
1790786580,259.66,259.68,259.59,259.67,295
1790786640,259.67,259.74,259.51,259.55,2944
1790786700,259.55,259.65,259.55,259.61,651
1790786760,259.61,259.86,259.55,259.80,616
1790786820,259.80,259.87,259.68,259.74,1763
1790786880,259.74,259.76,259.71,259.72,697
1790786940,259.72,259.78,259.60,259.70,1182
1790787000,259.70,259.79,259.55,259.63,2244
1790787060,259.63,259.65,259.43,259.50,2385
1790787120,259.50,259.55,259.38,259.46,2216
1790787180,259.46,259.52,259.32,259.33,2016
1790787240,259.33,259.38,259.31,259.38,2786
1790787300,259.38,259.47,259.14,259.24,253
1790787360,259.24,259.28,259.04,259.12,1067
1790787420,259.12,259.17,258.86,258.93,1951
1790787480,258.93,259.12,258.86,259.02,2363
1790787540,259.02,259.11,259.02,259.08,2258
1790787600,259.08,259.30,259.00,259.22,2585
1790787660,259.22,259.49,259.18,259.40,2754
1790787720,259.40,259.44,259.16,259.22,1375
1790787780,259.22,259.32,259.14,259.16,1303
1790787840,259.16,259.39,259.10,259.32,2472
1790787900,259.32,259.36,259.23,259.31,2815
1790787960,259.31,259.47,259.31,259.46,593
1790788020,259.46,259.65,259.46,259.62,1032
1790788080,259.62,259.87,259.61,259.82,1256
1790788140,259.82,259.83,259.64,259.65,1100
1790788200,259.65,259.93,259.62,259.84,1930
1790788260,259.84,260.00,259.81,259.98,2186
1790788320,259.98,260.11,259.88,260.09,2801
1790788380,260.09,260.20,260.06,260.18,1474
1790788440,260.18,260.48,260.18,260.39,2468
1790788500,260.39,260.55,260.38,260.53,2176
1790788560,260.53,260.56,260.43,260.48,2733
1790788620,260.48,260.73,260.44,260.65,2239
1790788680,260.65,260.70,260.56,260.68,1934
1790788740,260.68,260.69,260.49,260.50,2035
1790788800,260.50,260.67,260.46,260.64,1901
1790788860,260.64,260.65,260.55,260.61,2301
1790788920,260.61,260.67,260.43,260.47,665
1790788980,260.47,260.50,260.26,260.32,2153
1790789040,260.32,260.50,260.29,260.44,1627
1790789100,260.44,260.57,260.35,260.53,2850
1790789160,260.53,260.72,260.49,260.70,1557
1790789220,260.70,260.77,260.59,260.63,2610
1790789280,260.63,260.77,260.53,260.74,1585
1790789340,260.74,260.91,260.71,260.87,832
1790789400,260.87,261.01,260.79,260.94,897
1790789460,260.94,260.95,260.84,260.90,788
1790789520,260.90,260.99,260.81,260.97,1512
1790789580,260.97,261.18,260.87,261.12,1353
1790789640,261.12,261.17,261.03,261.11,758
1790789700,261.11,261.22,261.06,261.21,1550
1790789760,261.21,261.27,261.04,261.09,2381
1790789820,261.09,261.09,260.93,261.02,1086
1790789880,261.02,261.02,260.84,260.93,2974
1790789940,260.93,261.05,260.87,260.99,2297
1790790000,260.99,261.03,260.90,261.02,525
1790790060,261.02,261.24,261.02,261.14,576
1790790120,261.14,261.20,261.08,261.09,1035
1790790180,261.09,261.18,261.03,261.17,1681
1790790240,261.17,261.20,261.07,261.08,2548
1790790300,261.08,261.25,260.98,261.16,1925
1790790360,261.16,261.21,261.05,261.07,2525
1790790420,261.07,261.26,260.99,261.16,2789
1790790480,261.16,261.44,261.09,261.34,1871
1790790540,261.34,261.37,261.16,261.24,835
1790790600,261.24,261.29,261.20,261.26,2304
1790790660,261.26,261.52,261.19,261.46,639
1790790720,261.46,261.49,261.39,261.46,1182
1790790780,261.46,261.53,261.43,261.44,2179
1790790840,261.44,261.46,261.22,261.31,840
1790790900,261.31,261.42,261.26,261.40,1190
1790790960,261.40,261.52,261.36,261.51,2177
1790791020,261.51,261.61,261.43,261.46,67
1790791080,261.46,261.56,261.43,261.47,1267
1790791140,261.47,261.49,261.37,261.44,2078
1790826300,261.44,261.59,261.40,261.59,1209
1790826360,261.59,261.63,261.45,261.50,677
1790826420,261.50,261.77,261.45,261.67,167
1790826480,261.67,261.72,261.56,261.62,1080
1790826540,261.62,261.75,261.62,261.75,2538
1790826600,261.75,261.85,261.52,261.61,1705
1790826660,261.61,261.68,261.33,261.42,1854
1790826720,261.42,261.49,261.35,261.38,102
1790826780,261.38,261.43,261.34,261.41,1996
1790826840,261.41,261.56,261.40,261.55,970
1790826900,261.55,261.63,261.46,261.61,1269
1790826960,261.61,261.64,261.54,261.61,227
1790827020,261.61,261.71,261.45,261.51,1121
1790827080,261.51,261.60,261.31,261.37,2747
1790827140,261.37,261.45,261.21,261.25,1696
1790827200,261.25,261.37,261.16,261.28,722
1790827260,261.28,261.39,261.23,261.35,520
1790827320,261.35,261.45,261.10,261.16,2197
1790827380,261.16,261.41,261.14,261.34,2867
1790827440,261.34,261.38,261.17,261.18,2312
1790827500,261.18,261.26,260.97,261.01,1290
1790827560,261.01,261.11,260.74,260.83,2193
1790827620,260.83,260.96,260.78,260.91,99
1790827680,260.91,261.06,260.83,261.00,2300
1790827740,261.00,261.06,260.87,260.95,249
1790827800,260.95,261.12,260.95,261.07,1059
1790827860,261.07,261.16,261.00,261.05,1329
1790827920,261.05,261.16,260.97,261.10,2414
1790827980,261.10,261.26,261.05,261.20,2287
1790828040,261.20,261.25,261.18,261.21,2093
1790828100,261.21,261.31,261.16,261.23,1656
1790828160,261.23,261.28,261.22,261.22,1095
1790828220,261.22,261.47,261.16,261.42,1552
1790828280,261.42,261.48,261.42,261.48,1819
1790828340,261.48,261.61,261.38,261.61,561
1790828400,261.61,261.67,261.60,261.62,368
1790828460,261.62,261.78,261.59,261.71,345
1790828520,261.71,261.81,261.51,261.54,2925
1790828580,261.54,261.55,261.46,261.52,60
1790828640,261.52,261.78,261.43,261.73,2770
1790828700,261.73,261.90,261.68,261.89,567
1790828760,261.89,262.13,261.87,262.10,2150
1790828820,262.10,262.24,262.00,262.15,1544
1790828880,262.15,262.25,262.10,262.12,349
1790828940,262.12,262.23,262.03,262.19,2461
1790829000,262.19,262.29,262.05,262.08,2922
1790829060,262.08,262.14,261.95,261.96,1727
1790829120,261.96,262.06,261.90,261.96,989
1790829180,261.96,261.97,261.78,261.81,1290
1790829240,261.81,262.11,261.80,262.01,1232
1790829300,262.01,262.07,261.96,262.01,623
1790829360,262.01,262.09,261.75,261.81,1313
1790829420,261.81,262.02,261.77,261.98,1903
1790829480,261.98,262.05,261.91,262.04,2805
1790829540,262.04,262.23,261.94,262.18,1220
1790829600,262.18,262.24,262.05,262.07,1837
1790829660,262.07,262.14,261.94,261.98,1109
1790829720,261.98,262.14,261.97,262.06,2177
1790829780,262.06,262.11,261.93,261.96,1936
1790829840,261.96,261.97,261.83,261.93,1415
1790829900,261.93,262.00,261.68,261.75,227
1790829960,261.75,261.92,261.68,261.82,274
1790830020,261.82,261.86,261.71,261.77,1442
1790830080,261.77,262.04,261.75,261.97,2698
1790830140,261.97,262.06,261.81,261.91,1141
1790830200,261.91,261.93,261.78,261.86,431
1790830260,261.86,261.93,261.74,261.78,563
1790830320,261.78,261.89,261.73,261.88,2215
1790830380,261.88,261.95,261.84,261.90,1704
1790830440,261.90,262.10,261.80,262.08,956
1790830500,262.08,262.31,261.98,262.28,944
1790830560,262.28,262.35,262.06,262.14,1661
1790830620,262.14,262.19,262.02,262.05,1632
1790830680,262.05,262.11,261.91,261.92,2562
1790830740,261.92,262.16,261.84,262.10,108
1790830800,262.10,262.20,262.06,262.15,928
1790830860,262.15,262.40,262.05,262.31,1359
1790830920,262.31,262.38,262.16,262.26,601
1790830980,262.26,262.51,262.22,262.45,259
1790831040,262.45,262.50,262.23,262.33,1913
1790831100,262.33,262.58,262.23,262.49,932
1790831160,262.49,262.71,262.43,262.61,2883
1790831220,262.61,262.66,262.51,262.58,1126
1790831280,262.58,262.68,262.47,262.54,1326
1790831340,262.54,262.80,262.49,262.73,886
1790831400,262.73,262.86,262.71,262.83,1922
1790831460,262.83,262.84,262.75,262.81,1711
1790831520,262.81,262.81,262.61,262.68,1429
1790831580,262.68,262.73,262.66,262.72,2359
1790831640,262.72,262.77,262.67,262.77,2715
1790831700,262.77,262.87,262.69,262.69,2602
1790831760,262.69,262.96,262.61,262.89,2983
1790831820,262.89,263.16,262.88,263.06,1507
1790831880,263.06,263.13,262.77,262.86,1656
1790831940,262.86,262.95,262.77,262.92,2051
1790832000,262.92,262.92,262.79,262.87,1200
1790832060,262.87,263.04,262.79,263.02,825
1790832120,263.02,263.24,262.93,263.14,2712
1790832180,263.14,263.20,262.91,263.01,2307
1790832240,263.01,263.04,262.86,262.93,2488
1790832300,262.93,262.99,262.79,262.86,596
1790832360,262.86,263.06,262.81,263.04,2658
1790832420,263.04,263.10,262.91,262.93,1024
1790832480,262.93,263.02,262.75,262.81,947
1790832540,262.81,262.88,262.68,262.68,2379
1790832600,262.68,262.88,262.66,262.82,2954
1790832660,262.82,262.84,262.65,262.68,1485
1790832720,262.68,262.78,262.65,262.77,999
1790832780,262.77,262.82,262.73,262.82,2283
1790832840,262.82,262.88,262.71,262.76,2056
1790832900,262.76,262.96,262.76,262.86,557
1790832960,262.86,263.03,262.79,262.98,1047
1790833020,262.98,263.26,262.92,263.19,1979
1790833080,263.19,263.28,263.01,263.11,2367
1790833140,263.11,263.18,263.07,263.07,2070
1790833200,263.07,263.32,263.05,263.22,354
1790833260,263.22,263.31,263.09,263.17,546
1790833320,263.17,263.25,263.06,263.16,1724
1790833380,263.16,263.20,263.01,263.02,2775
1790833440,263.02,263.02,263.00,263.02,2012
1790833500,263.02,263.13,262.97,263.03,168
1790833560,263.03,263.11,263.03,263.05,2251
1790833620,263.05,263.11,262.82,262.86,2016
1790833680,262.86,262.98,262.77,262.90,2290
1790833740,262.90,263.10,262.81,263.00,2865
1790833800,263.00,263.18,262.91,263.12,668
1790833860,263.12,263.21,263.07,263.21,2855
1790833920,263.21,263.36,263.18,263.35,1107
1790833980,263.35,263.39,263.32,263.34,2627
1790834040,263.34,263.35,263.27,263.33,2290
1790834100,263.33,263.56,263.32,263.46,2682
1790834160,263.46,263.49,263.33,263.43,1085
1790834220,263.43,263.47,263.41,263.44,1750
1790834280,263.44,263.47,263.24,263.33,2913
1790834340,263.33,263.36,263.14,263.17,1586
1790834400,263.17,263.18,262.91,263.01,2870
1790834460,263.01,263.01,262.91,262.93,695
1790834520,262.93,263.09,262.90,262.99,1830
1790834580,262.99,263.00,262.92,262.94,2451
1790834640,262.94,263.04,262.82,262.90,1275
1790834700,262.90,262.92,262.66,262.71,1549
1790834760,262.71,262.95,262.70,262.88,676
1790834820,262.88,262.90,262.80,262.88,591
1790834880,262.88,263.01,262.81,263.01,2165
1790834940,263.01,263.03,262.76,262.82,1286
1790835000,262.82,262.90,262.58,262.66,1684
1790835060,262.66,262.72,262.44,262.46,555
1790835120,262.46,262.47,262.23,262.29,463
1790835180,262.29,262.39,262.24,262.29,2838
1790835240,262.29,262.39,262.28,262.35,1778
1790835300,262.35,262.61,262.27,262.51,1299
1790835360,262.51,262.52,262.31,262.39,1006
1790835420,262.39,262.44,262.27,262.35,694
1790835480,262.35,262.39,262.27,262.30,837
1790835540,262.30,262.39,262.22,262.27,930
1790835600,262.27,262.37,262.26,262.27,1248
1790835660,262.27,262.40,262.20,262.33,2669
1790835720,262.33,262.44,262.32,262.36,1826
1790835780,262.36,262.36,262.14,262.20,370
1790835840,262.20,262.23,261.97,262.01,2733
1790835900,262.01,262.22,261.93,262.13,1967
1790835960,262.13,262.17,261.97,262.05,428
1790836020,262.05,262.11,262.00,262.09,2269
1790836080,262.09,262.36,262.08,262.28,2725
1790836140,262.28,262.48,262.20,262.44,1740
1790836200,262.44,262.54,262.33,262.41,2035
1790836260,262.41,262.43,262.35,262.36,1124
1790836320,262.36,262.52,262.33,262.50,422
1790836380,262.50,262.58,262.45,262.52,1841
1790836440,262.52,262.57,262.38,262.39,884
1790836500,262.39,262.60,262.36,262.54,1037
1790836560,262.54,262.57,262.35,262.42,1044
1790836620,262.42,262.67,262.39,262.60,2089
1790836680,262.60,262.69,262.55,262.61,2615
1790836740,262.61,262.62,262.42,262.45,360
1790836800,262.45,262.49,262.32,262.35,1179
1790836860,262.35,262.60,262.33,262.56,1078
1790836920,262.56,262.61,262.38,262.46,1230
1790836980,262.46,262.51,262.27,262.35,2594
1790837040,262.35,262.46,262.30,262.41,158
1790837100,262.41,262.50,262.36,262.42,567
1790837160,262.42,262.68,262.36,262.62,2233
1790837220,262.62,262.69,262.40,262.45,266
1790837280,262.45,262.45,262.32,262.32,1393
1790837340,262.32,262.42,262.18,262.22,2432
1790837400,262.22,262.25,262.05,262.06,1344
1790837460,262.06,262.33,262.01,262.24,62
1790837520,262.24,262.31,262.03,262.06,2060
1790837580,262.06,262.15,262.00,262.12,1444
1790837640,262.12,262.33,262.08,262.32,1316
1790837700,262.32,262.49,262.29,262.44,1858
1790837760,262.44,262.72,262.42,262.65,644
1790837820,262.65,262.68,262.58,262.64,2142
1790837880,262.64,262.71,262.37,262.47,617
1790837940,262.47,262.56,262.44,262.56,437
1790838000,262.56,262.62,262.32,262.39,1426
1790838060,262.39,262.47,262.30,262.35,2803
1790838120,262.35,262.41,262.27,262.32,386
1790838180,262.32,262.42,262.32,262.32,1861
1790838240,262.32,262.37,262.09,262.14,830
1790838300,262.14,262.23,262.08,262.20,2435
1790838360,262.20,262.26,261.94,262.00,2907
1790838420,262.00,262.04,261.85,261.93,2862
1790838480,261.93,262.12,261.89,262.09,538
1790838540,262.09,262.31,262.07,262.23,596
1790838600,262.23,262.26,262.04,262.12,2705
1790838660,262.12,262.29,262.10,262.24,501
1790838720,262.24,262.33,262.23,262.30,719
1790838780,262.30,262.43,262.25,262.33,2409
1790838840,262.33,262.42,262.11,262.16,2574
1790838900,262.16,262.21,261.97,262.04,111
1790838960,262.04,262.23,262.02,262.17,695
1790839020,262.17,262.30,262.09,262.21,870
1790839080,262.21,262.24,262.10,262.11,1047
1790839140,262.11,262.18,262.11,262.11,1559
1790839200,262.11,262.16,262.00,262.04,2973
1790839260,262.04,262.10,261.91,261.95,2653
1790839320,261.95,262.13,261.94,262.07,2864
1790839380,262.07,262.11,261.91,262.01,2242
1790839440,262.01,262.16,262.00,262.08,698
1790839500,262.08,262.18,261.93,261.99,2317
1790839560,261.99,262.10,261.89,262.01,928
1790839620,262.01,262.22,261.98,262.20,1336
1790839680,262.20,262.44,262.14,262.34,2284
1790839740,262.34,262.41,262.11,262.19,738
1790839800,262.19,262.23,262.00,262.05,94
1790839860,262.05,262.26,261.95,262.17,2667
1790839920,262.17,262.20,262.01,262.08,2216
1790839980,262.08,262.19,262.05,262.10,1050
1790840040,262.10,262.32,262.05,262.26,1305
1790840100,262.26,262.31,262.16,262.30,1823
1790840160,262.30,262.37,262.19,262.20,1206
1790840220,262.20,262.37,262.14,262.35,151
1790840280,262.35,262.44,262.14,262.15,2725
1790840340,262.15,262.23,262.05,262.17,2056
1790840400,262.17,262.35,262.17,262.34,1922
1790840460,262.34,262.40,262.24,262.34,2976
1790840520,262.34,262.45,262.25,262.43,1734
1790840580,262.43,262.46,262.22,262.29,203
1790840640,262.29,262.38,262.18,262.26,397
1790840700,262.26,262.41,262.25,262.35,227
1790840760,262.35,262.51,262.27,262.44,1950
1790840820,262.44,262.59,262.36,262.55,935
1790840880,262.55,262.66,262.50,262.58,1475
1790840940,262.58,262.61,262.40,262.41,2051
1790841000,262.41,262.54,262.34,262.52,1965
1790841060,262.52,262.52,262.36,262.45,2088
1790841120,262.45,262.45,262.29,262.34,2109
1790841180,262.34,262.56,262.24,262.47,1089
1790841240,262.47,262.57,262.18,262.28,2575
1790841300,262.28,262.46,262.25,262.43,1083
1790841360,262.43,262.49,262.39,262.39,1158
1790841420,262.39,262.54,262.29,262.52,373
1790841480,262.52,262.64,262.48,262.63,1707
1790841540,262.63,262.82,262.55,262.78,2011
1790841600,262.78,262.90,262.74,262.90,2217
1790841660,262.90,263.06,262.85,263.05,2095
1790841720,263.05,263.21,263.00,263.19,417
1790841780,263.19,263.22,263.05,263.14,1453
1790841840,263.14,263.36,263.11,263.32,2233
1790841900,263.32,263.37,263.04,263.13,184
1790841960,263.13,263.17,262.84,262.94,2159
1790842020,262.94,262.99,262.89,262.95,1930
1790842080,262.95,262.98,262.83,262.84,2464
1790842140,262.84,263.04,262.79,262.99,917
1790842200,262.99,263.02,262.76,262.82,1911
1790842260,262.82,263.01,262.74,262.92,1500
1790842320,262.92,263.01,262.75,262.82,1538
1790842380,262.82,262.92,262.61,262.68,853
1790842440,262.68,262.72,262.46,262.53,1432
1790842500,262.53,262.61,262.36,262.38,1235
1790842560,262.38,262.54,262.29,262.46,353
1790842620,262.46,262.46,262.25,262.32,1239
1790842680,262.32,262.57,262.25,262.47,2198
1790842740,262.47,262.69,262.44,262.66,644
1790842800,262.66,262.78,262.61,262.73,1831
1790842860,262.73,262.94,262.68,262.84,750
1790842920,262.84,262.99,262.77,262.90,1428
1790842980,262.90,263.04,262.88,263.04,960
1790843040,263.04,263.06,262.78,262.88,2782
1790843100,262.88,263.14,262.85,263.07,779
1790843160,263.07,263.10,262.91,262.98,581
1790843220,262.98,263.07,262.88,262.92,2647
1790843280,262.92,262.97,262.65,262.74,2037
1790843340,262.74,262.80,262.60,262.67,2041
1790843400,262.67,262.74,262.55,262.60,1071
1790843460,262.60,262.62,262.47,262.53,2462
1790843520,262.53,262.71,262.47,262.67,2330
1790843580,262.67,262.71,262.56,262.59,76
1790843640,262.59,262.61,262.40,262.44,1539
1790843700,262.44,262.47,262.29,262.38,2228
1790843760,262.38,262.46,262.34,262.38,1029
1790843820,262.38,262.43,262.16,262.26,1612
1790843880,262.26,262.30,262.20,262.27,899
1790843940,262.27,262.37,262.04,262.14,357
1790844000,262.14,262.30,262.10,262.21,55
1790844060,262.21,262.27,262.07,262.13,2046
1790844120,262.13,262.22,261.96,262.02,392
1790844180,262.02,262.03,261.88,261.92,2997
1790844240,261.92,262.12,261.83,262.04,1625
1790844300,262.04,262.18,261.98,262.15,1018
1790844360,262.15,262.16,262.07,262.10,86
1790844420,262.10,262.32,262.01,262.22,498
1790844480,262.22,262.24,262.05,262.14,1529
1790844540,262.14,262.42,262.09,262.33,2736
1790844600,262.33,262.41,262.21,262.22,1203
1790844660,262.22,262.50,262.19,262.41,1157
1790844720,262.41,262.66,262.36,262.60,1368
1790844780,262.60,262.64,262.40,262.44,1265
1790844840,262.44,262.44,262.26,262.33,660
1790844900,262.33,262.39,262.16,262.25,837
1790844960,262.25,262.50,262.16,262.46,105
1790845020,262.46,262.55,262.37,262.38,2618
1790845080,262.38,262.48,262.26,262.29,150
1790845140,262.29,262.31,262.11,262.15,1497
1790845200,262.15,262.37,262.14,262.28,518
1790845260,262.28,262.32,262.26,262.26,2744
1790845320,262.26,262.47,262.23,262.43,2705
1790845380,262.43,262.46,262.27,262.33,1957
1790845440,262.33,262.56,262.29,262.47,1694
1790845500,262.47,262.50,262.27,262.28,392
1790845560,262.28,262.38,262.26,262.31,509
1790845620,262.31,262.34,262.10,262.13,67
1790845680,262.13,262.22,262.09,262.20,1309
1790845740,262.20,262.29,262.11,262.21,1785
1790845800,262.21,262.31,262.14,262.15,2629
1790845860,262.15,262.20,262.08,262.18,148
1790845920,262.18,262.25,262.11,262.13,997
1790845980,262.13,262.35,262.08,262.26,1649
1790846040,262.26,262.49,262.20,262.39,2377
1790846100,262.39,262.48,262.19,262.28,1754
1790846160,262.28,262.31,262.12,262.15,331
1790846220,262.15,262.32,262.14,262.30,283
1790846280,262.30,262.39,262.08,262.10,454
1790846340,262.10,262.12,261.89,261.95,1235
1790846400,261.95,261.96,261.68,261.76,1208
1790846460,261.76,261.86,261.58,261.60,2497
1790846520,261.60,261.78,261.54,261.69,1707
1790846580,261.69,261.69,261.51,261.55,1425
1790846640,261.55,261.61,261.30,261.37,905
1790846700,261.37,261.60,261.35,261.55,584
1790846760,261.55,261.58,261.52,261.57,2949
1790846820,261.57,261.65,261.53,261.62,1844
1790846880,261.62,261.64,261.50,261.58,286
1790846940,261.58,261.63,261.36,261.41,736
1790847000,261.41,261.45,261.20,261.24,2928
1790847060,261.24,261.33,261.14,261.27,2916
1790847120,261.27,261.35,261.25,261.26,1751
1790847180,261.26,261.29,261.21,261.26,1542
1790847240,261.26,261.51,261.17,261.45,2905
1790847300,261.45,261.53,261.43,261.51,1229
1790847360,261.51,261.51,261.47,261.49,2837
1790847420,261.49,261.52,261.36,261.40,1823
1790847480,261.40,261.45,261.21,261.23,1525
1790847540,261.23,261.25,261.01,261.08,2867
1790847600,261.08,261.12,260.90,260.96,2634
1790847660,260.96,261.05,260.84,260.85,410
1790847720,260.85,260.97,260.84,260.94,1421
1790847780,260.94,261.04,260.88,260.99,2574
1790847840,260.99,261.09,260.82,260.87,1658
1790847900,260.87,260.97,260.77,260.84,538
1790847960,260.84,260.89,260.74,260.79,113
1790848020,260.79,260.89,260.57,260.61,2183
1790848080,260.61,260.91,260.53,260.82,879
1790848140,260.82,260.93,260.80,260.90,1862
1790848200,260.90,261.08,260.88,261.07,128
1790848260,261.07,261.17,260.93,260.93,1715
1790848320,260.93,261.13,260.90,261.09,496
1790848380,261.09,261.19,261.03,261.18,656
1790848440,261.18,261.29,261.13,261.25,2267
1790848500,261.25,261.26,261.18,261.19,2178
1790848560,261.19,261.40,261.14,261.36,2087
1790848620,261.36,261.49,261.34,261.46,2608
1790848680,261.46,261.70,261.39,261.60,1094
1790848740,261.60,261.78,261.60,261.71,1348
1790848800,261.71,261.81,261.68,261.70,2070
1790848860,261.70,261.81,261.70,261.79,2743
1790848920,261.79,261.85,261.66,261.73,1007
1790848980,261.73,261.91,261.70,261.87,2421
1790849040,261.87,262.12,261.86,262.07,2226
1790849100,262.07,262.10,261.96,262.05,1627
1790849160,262.05,262.10,261.89,261.93,2358
1790849220,261.93,261.95,261.86,261.91,2946
1790849280,261.91,261.92,261.82,261.85,1218
1790849340,261.85,262.08,261.85,262.04,2021
1790849400,262.04,262.10,261.96,262.00,557
1790849460,262.00,262.18,261.99,262.09,1224
1790849520,262.09,262.24,262.05,262.15,764
1790849580,262.15,262.20,262.05,262.17,519
1790849640,262.17,262.24,261.96,262.01,817
1790849700,262.01,262.21,261.96,262.18,518
1790849760,262.18,262.25,261.92,262.02,2236
1790849820,262.02,262.11,261.78,261.87,1779
1790849880,261.87,261.92,261.83,261.87,2668
1790849940,261.87,262.15,261.78,262.08,1083
1790850000,262.08,262.18,262.02,262.04,1781
1790850060,262.04,262.20,261.99,262.18,264
1790850120,262.18,262.19,261.98,262.01,966
1790850180,262.01,262.26,261.93,262.18,456
1790850240,262.18,262.20,262.00,262.01,182
1790850300,262.01,262.20,261.98,262.17,2250
1790850360,262.17,262.45,262.09,262.37,197
1790850420,262.37,262.56,262.35,262.55,1399
1790850480,262.55,262.68,262.46,262.67,2839
1790850540,262.67,262.76,262.47,262.51,2731
1790850600,262.51,262.60,262.32,262.39,111
1790850660,262.39,262.50,262.32,262.44,2149
1790850720,262.44,262.54,262.35,262.52,2414
1790850780,262.52,262.65,262.47,262.57,265
1790850840,262.57,262.69,262.51,262.65,125
1790850900,262.65,262.69,262.61,262.63,2933
1790850960,262.63,262.91,262.57,262.82,2288
1790851020,262.82,263.08,262.82,262.99,588
1790851080,262.99,263.16,262.90,263.14,2895
1790851140,263.14,263.23,263.12,263.21,1277
1790851200,263.21,263.22,263.01,263.05,2138
1790851260,263.05,263.09,262.88,262.97,2973
1790851320,262.97,263.12,262.94,263.04,2082
1790851380,263.04,263.07,262.90,262.95,2365
1790851440,262.95,263.13,262.94,263.06,2328
1790851500,263.06,263.16,262.78,262.87,2548
1790851560,262.87,262.94,262.64,262.74,1384
1790851620,262.74,262.98,262.70,262.93,1352
1790851680,262.93,262.95,262.73,262.83,1230
1790851740,262.83,262.88,262.57,262.64,1699
1790851800,262.64,262.90,262.63,262.84,304
1790851860,262.84,262.92,262.75,262.88,1585
1790851920,262.88,262.97,262.86,262.96,2912
1790851980,262.96,263.00,262.78,262.82,573
1790852040,262.82,262.87,262.65,262.71,2021
1790852100,262.71,262.75,262.67,262.68,462
1790852160,262.68,262.77,262.59,262.64,306
1790852220,262.64,262.65,262.52,262.60,972
1790852280,262.60,262.86,262.52,262.81,1518
1790852340,262.81,263.03,262.78,262.95,2464
1790852400,262.95,263.10,262.87,263.05,2629
1790852460,263.05,263.10,262.94,262.97,2664
1790852520,262.97,263.19,262.95,263.11,1614
1790852580,263.11,263.29,263.09,263.29,1710
1790852640,263.29,263.39,263.22,263.29,2256
1790852700,263.29,263.56,263.28,263.47,1892
1790852760,263.47,263.56,263.30,263.40,1911
1790852820,263.40,263.52,263.36,263.43,1509
1790852880,263.43,263.51,263.23,263.33,2905
1790852940,263.33,263.41,263.24,263.39,2798
1790853000,263.39,263.47,263.36,263.41,1973
1790853060,263.41,263.60,263.37,263.58,2953
1790853120,263.58,263.61,263.53,263.53,2603
1790853180,263.53,263.59,263.25,263.34,2748
1790853240,263.34,263.35,263.21,263.27,1257
1790853300,263.27,263.34,263.24,263.27,2785
1790853360,263.27,263.34,263.20,263.23,605
1790853420,263.23,263.25,262.96,263.06,966
1790853480,263.06,263.14,262.89,262.91,1174
1790853540,262.91,262.98,262.83,262.93,401
1790853600,262.93,263.03,262.90,262.93,1023
1790853660,262.93,263.14,262.88,263.09,2164
1790853720,263.09,263.23,263.02,263.23,1515
1790853780,263.23,263.33,263.18,263.29,2651
1790853840,263.29,263.33,263.15,263.18,673
1790853900,263.18,263.38,263.08,263.36,639
1790853960,263.36,263.43,263.21,263.29,815
1790854020,263.29,263.34,263.18,263.22,2546
1790854080,263.22,263.27,263.09,263.19,1500
1790854140,263.19,263.29,263.14,263.15,2727
1790854200,263.15,263.21,262.99,263.03,190
1790854260,263.03,263.09,262.96,263.05,2130
1790854320,263.05,263.08,262.96,262.98,615
1790854380,262.98,263.04,262.85,262.87,852
1790854440,262.87,262.88,262.70,262.70,555
1790854500,262.70,262.83,262.66,262.81,965
1790854560,262.81,262.96,262.80,262.88,642
1790854620,262.88,262.99,262.83,262.89,762
1790854680,262.89,262.93,262.71,262.81,1077
1790854740,262.81,263.05,262.74,262.96,2674
1790854800,262.96,262.96,262.66,262.76,2962
1790854860,262.76,262.78,262.64,262.71,2650
1790854920,262.71,262.78,262.56,262.60,1079
1790854980,262.60,262.89,262.58,262.80,75
1790855040,262.80,262.81,262.63,262.67,2195
1790855100,262.67,262.72,262.59,262.61,1108
1790855160,262.61,262.86,262.52,262.76,2594
1790855220,262.76,262.87,262.72,262.78,681
1790855280,262.78,262.79,262.72,262.74,2162
1790855340,262.74,262.78,262.55,262.65,1421
1790855400,262.65,262.67,262.42,262.52,2582
1790855460,262.52,262.55,262.49,262.54,1257
1790855520,262.54,262.64,262.40,262.42,2406
1790855580,262.42,262.52,262.35,262.41,1636
1790855640,262.41,262.61,262.40,262.55,1366
1790855700,262.55,262.63,262.42,262.46,1165
1790855760,262.46,262.48,262.25,262.35,2555
1790855820,262.35,262.50,262.27,262.45,2281
1790855880,262.45,262.55,262.23,262.29,425
1790855940,262.29,262.34,262.20,262.30,2168
1790856000,262.30,262.42,262.23,262.37,1636
1790856060,262.37,262.52,262.29,262.45,1348
1790856120,262.45,262.54,262.36,262.48,2064
1790856180,262.48,262.53,262.37,262.39,1232
1790856240,262.39,262.60,262.32,262.54,1068
1790856300,262.54,262.58,262.33,262.40,2254
1790856360,262.40,262.44,262.23,262.30,1616
1790856420,262.30,262.34,262.26,262.26,1493
1790856480,262.26,262.42,262.18,262.38,2394
1790856540,262.38,262.47,262.15,262.22,1844
1790856600,262.22,262.28,262.17,262.20,394
1790856660,262.20,262.24,262.15,262.23,1815
1790856720,262.23,262.36,262.20,262.34,2751
1790856780,262.34,262.48,262.28,262.43,712
1790856840,262.43,262.67,262.40,262.57,792
1790856900,262.57,262.77,262.56,262.75,475
1790856960,262.75,262.83,262.65,262.79,2572
1790857020,262.79,262.92,262.76,262.88,161
1790857080,262.88,263.05,262.79,263.05,1937
1790857140,263.05,263.11,262.88,262.90,589
1790857200,262.90,263.10,262.82,263.09,727
1790857260,263.09,263.10,262.87,262.95,938
1790857320,262.95,263.17,262.85,263.11,564
1790857380,263.11,263.18,263.04,263.13,737
1790857440,263.13,263.14,263.06,263.12,532
1790857500,263.12,263.19,262.89,262.98,1139
1790857560,262.98,263.15,262.98,263.13,2081
1790857620,263.13,263.27,263.12,263.17,790
1790857680,263.17,263.28,263.14,263.27,2488
1790857740,263.27,263.36,263.15,263.25,1448
1790857800,263.25,263.36,263.15,263.30,417
1790857860,263.30,263.31,263.21,263.26,1332
1790857920,263.26,263.33,263.18,263.20,65
1790857980,263.20,263.20,263.01,263.01,976
1790858040,263.01,263.05,262.85,262.89,2759
1790858100,262.89,262.90,262.64,262.72,2864
1790858160,262.72,262.80,262.67,262.72,1268
1790858220,262.72,262.81,262.49,262.57,1955
1790858280,262.57,262.58,262.37,262.43,1627
1790858340,262.43,262.57,262.33,262.49,2190
1790858400,262.49,262.65,262.45,262.59,2742
1790858460,262.59,262.71,262.57,262.70,2148
1790858520,262.70,262.80,262.46,262.53,149
1790858580,262.53,262.54,262.47,262.51,1608
1790858640,262.51,262.68,262.44,262.68,2028
1790858700,262.68,262.78,262.65,262.77,1466
1790858760,262.77,262.98,262.68,262.93,2922
1790858820,262.93,262.98,262.86,262.93,1317
1790858880,262.93,263.00,262.89,262.91,1502
1790858940,262.91,263.11,262.89,263.02,1270
1790859000,263.02,263.11,262.98,263.03,475
1790859060,263.03,263.11,262.90,262.92,258
1790859120,262.92,263.00,262.85,263.00,1833
1790859180,263.00,263.03,262.85,262.85,1876
1790859240,262.85,262.94,262.77,262.77,701
1790859300,262.77,262.80,262.64,262.66,1747
1790859360,262.66,262.68,262.53,262.59,2406
1790859420,262.59,262.84,262.51,262.75,259
1790859480,262.75,262.91,262.73,262.89,2889
1790859540,262.89,263.03,262.86,263.01,378
1790859600,263.01,263.09,262.91,262.94,1408
1790859660,262.94,263.10,262.91,263.09,475
1790859720,263.09,263.20,263.07,263.14,2612
1790859780,263.14,263.36,263.12,263.26,830
1790859840,263.26,263.34,263.17,263.26,157
1790859900,263.26,263.30,263.10,263.12,2324
1790859960,263.12,263.18,262.93,263.01,2772
1790860020,263.01,263.02,262.77,262.86,494
1790860080,262.86,263.02,262.77,262.92,1309
1790860140,262.92,263.19,262.84,263.11,789
1790860200,263.11,263.34,263.09,263.29,921
1790860260,263.29,263.48,263.26,263.38,2511
1790860320,263.38,263.47,263.13,263.18,53
1790860380,263.18,263.20,263.01,263.11,2788
1790860440,263.11,263.22,263.09,263.16,855
1790860500,263.16,263.20,263.08,263.08,1646
1790860560,263.08,263.18,263.05,263.18,2525
1790860620,263.18,263.26,262.98,263.01,2179
1790860680,263.01,263.07,262.81,262.82,2159
1790860740,262.82,262.91,262.69,262.70,958
1790860800,262.70,262.80,262.52,262.61,763
1790860860,262.61,262.75,262.52,262.66,1260
1790860920,262.66,262.97,262.57,262.87,1245
1790860980,262.87,262.94,262.77,262.89,1643
1790861040,262.89,262.96,262.81,262.87,2002
1790861100,262.87,263.00,262.79,262.95,795
1790861160,262.95,263.07,262.85,262.99,2278
1790861220,262.99,263.01,262.74,262.82,2096
1790861280,262.82,262.92,262.71,262.81,1065
1790861340,262.81,262.89,262.70,262.80,2615
1790861400,262.80,262.89,262.60,262.69,429
1790861460,262.69,262.98,262.67,262.88,1781
1790861520,262.88,262.99,262.85,262.93,1733
1790861580,262.93,262.97,262.79,262.86,2461
1790861640,262.86,262.93,262.67,262.74,2582
1790861700,262.74,262.92,262.71,262.91,2270
1790861760,262.91,262.92,262.71,262.81,1868
1790861820,262.81,262.87,262.79,262.80,2047
1790861880,262.80,262.96,262.75,262.89,2522
1790861940,262.89,263.00,262.86,262.94,1973
1790862000,262.94,263.01,262.92,262.97,1503
1790862060,262.97,263.19,262.93,263.17,237
1790862120,263.17,263.19,263.08,263.09,2457
1790862180,263.09,263.10,262.82,262.92,491
1790862240,262.92,262.94,262.83,262.93,2404
1790862300,262.93,263.20,262.92,263.14,2985
1790862360,263.14,263.21,263.05,263.15,1900
1790862420,263.15,263.43,263.13,263.35,1806
1790862480,263.35,263.35,263.25,263.28,1568
1790862540,263.28,263.55,263.20,263.46,366
1790862600,263.46,263.67,263.43,263.58,874
1790862660,263.58,263.61,263.52,263.58,1905
1790862720,263.58,263.71,263.55,263.68,1540
1790862780,263.68,263.83,263.61,263.78,2998
1790862840,263.78,263.80,263.58,263.68,1121
1790862900,263.68,263.76,263.58,263.59,1509
1790862960,263.59,263.85,263.54,263.79,270
1790863020,263.79,263.97,263.77,263.92,2033
1790863080,263.92,264.00,263.84,263.84,370
1790863140,263.84,263.93,263.69,263.74,802
1790863200,263.74,263.76,263.44,263.54,2017
1790863260,263.54,263.61,263.44,263.53,2453
1790863320,263.53,263.56,263.44,263.47,2335
1790863380,263.47,263.68,263.38,263.63,157
1790863440,263.63,263.84,263.60,263.75,2810
1790863500,263.75,263.92,263.66,263.87,813
1790863560,263.87,263.94,263.67,263.69,2891
1790863620,263.69,263.75,263.61,263.69,1217
1790863680,263.69,263.83,263.65,263.75,183
1790863740,263.75,263.95,263.75,263.90,820
1790863800,263.90,264.05,263.82,263.98,1494
1790863860,263.98,264.03,263.77,263.86,2637
1790863920,263.86,264.15,263.82,264.05,1254
1790863980,264.05,264.13,264.00,264.07,1538
1790864040,264.07,264.14,263.97,264.03,2430
1790864100,264.03,264.13,264.00,264.04,2375
1790864160,264.04,264.15,264.02,264.06,443
1790864220,264.06,264.14,263.87,263.89,1038
1790864280,263.89,264.03,263.86,264.02,366
1790864340,264.02,264.18,264.01,264.14,1872
1790864400,264.14,264.32,264.14,264.29,1543
1790864460,264.29,264.33,264.09,264.18,201
1790864520,264.18,264.27,264.01,264.08,604
1790864580,264.08,264.25,264.00,264.23,2356
1790864640,264.23,264.33,264.07,264.17,1002
1790864700,264.17,264.24,264.01,264.09,526
1790864760,264.09,264.22,264.03,264.22,1483
1790864820,264.22,264.26,264.07,264.15,153
1790864880,264.15,264.29,264.05,264.19,601
1790864940,264.19,264.45,264.13,264.36,587
1790865000,264.36,264.37,264.07,264.16,741
1790865060,264.16,264.16,263.96,264.01,1756
1790865120,264.01,264.06,263.85,263.93,2546
1790865180,263.93,264.01,263.86,263.89,523
1790865240,263.89,264.00,263.81,263.91,699
1790865300,263.91,264.06,263.83,264.02,2621
1790865360,264.02,264.09,263.81,263.87,2577
1790865420,263.87,263.93,263.67,263.77,1621
1790865480,263.77,263.85,263.69,263.72,691
1790865540,263.72,263.91,263.72,263.85,2317
1790865600,263.85,263.86,263.83,263.86,2562
1790865660,263.86,264.00,263.79,263.91,2534
1790865720,263.91,264.07,263.84,263.99,108
1790865780,263.99,264.03,263.77,263.82,1945
1790865840,263.82,263.82,263.76,263.77,1544
1790865900,263.77,263.84,263.71,263.74,2207
1790865960,263.74,263.79,263.69,263.77,1895
1790866020,263.77,263.78,263.71,263.75,2884
1790866080,263.75,263.99,263.67,263.89,2161
1790866140,263.89,263.98,263.73,263.76,785
1790866200,263.76,264.05,263.74,263.97,1390
1790866260,263.97,264.24,263.92,264.15,129
1790866320,264.15,264.22,264.00,264.09,2337
1790866380,264.09,264.15,264.04,264.08,2600
1790866440,264.08,264.22,264.05,264.17,1186
1790866500,264.17,264.17,264.09,264.13,1760
1790866560,264.13,264.20,264.09,264.11,460
1790866620,264.11,264.25,264.06,264.17,1497
1790866680,264.17,264.37,264.11,264.28,1957
1790866740,264.28,264.37,264.18,264.27,2075
1790866800,264.27,264.45,264.24,264.40,2310
1790866860,264.40,264.46,264.24,264.29,919
1790866920,264.29,264.43,264.29,264.34,2198
1790866980,264.34,264.47,264.25,264.38,2923
1790867040,264.38,264.44,264.32,264.32,644
1790867100,264.32,264.43,264.28,264.40,1861
1790867160,264.40,264.44,264.28,264.28,1798
1790867220,264.28,264.36,264.04,264.08,2537
1790867280,264.08,264.20,264.02,264.14,2863
1790867340,264.14,264.31,264.10,264.24,2540
1790867400,264.24,264.34,264.06,264.12,2350
1790867460,264.12,264.30,264.03,264.22,2656
1790867520,264.22,264.28,263.99,264.02,2556
1790867580,264.02,264.24,263.91,264.17,1484
1790867640,264.17,264.24,263.93,263.99,2636
1790867700,263.99,264.13,263.96,264.03,2655
1790867760,264.03,264.05,264.00,264.01,2992
1790867820,264.01,264.10,263.89,263.92,2141
1790867880,263.92,263.94,263.83,263.83,2366
1790867940,263.83,264.01,263.74,263.94,1459
1790868000,263.94,263.95,263.87,263.93,1401
1790868060,263.93,263.99,263.79,263.90,56
1790868120,263.90,263.96,263.80,263.95,181
1790868180,263.95,264.00,263.75,263.78,873
1790868240,263.78,263.90,263.74,263.83,1674
1790868300,263.83,263.99,263.77,263.89,394
1790868360,263.89,263.95,263.75,263.81,2035
1790868420,263.81,263.89,263.73,263.87,1327
1790868480,263.87,264.00,263.83,263.99,1350
1790868540,263.99,264.08,263.88,263.93,2649
1790868600,263.93,263.94,263.76,263.80,535
1790868660,263.80,264.03,263.73,264.01,2411
1790868720,264.01,264.27,263.99,264.19,333
1790868780,264.19,264.23,264.01,264.10,1711
1790868840,264.10,264.17,264.08,264.12,2508
1790868900,264.12,264.36,264.08,264.33,1174
1790868960,264.33,264.38,264.26,264.29,63
1790869020,264.29,264.38,264.01,264.11,2358
1790869080,264.11,264.16,263.95,263.99,1623
1790869140,263.99,264.04,263.98,263.99,300
1790869200,263.99,264.27,263.91,264.19,2679
1790869260,264.19,264.26,263.98,264.00,1309
1790869320,264.00,264.09,263.79,263.89,2613
1790869380,263.89,264.04,263.79,263.97,2544
1790869440,263.97,264.07,263.89,264.07,1586
1790869500,264.07,264.33,263.99,264.26,273
1790869560,264.26,264.42,264.16,264.38,2468
1790869620,264.38,264.61,264.37,264.58,296
1790869680,264.58,264.59,264.43,264.52,609
1790869740,264.52,264.60,264.48,264.55,2257
1790869800,264.55,264.64,264.40,264.48,644
1790869860,264.48,264.67,264.47,264.66,1713
1790869920,264.66,264.75,264.57,264.69,1460
1790869980,264.69,264.82,264.67,264.76,1061
1790870040,264.76,264.83,264.56,264.57,1972
1790870100,264.57,264.71,264.52,264.67,2763
1790870160,264.67,264.89,264.61,264.80,1784
1790870220,264.80,265.00,264.77,264.92,705
1790870280,264.92,265.00,264.90,265.00,342
1790870340,265.00,265.21,264.98,265.15,2132
1790870400,265.15,265.19,265.03,265.06,1317
1790870460,265.06,265.12,265.02,265.06,2218
1790870520,265.06,265.31,265.04,265.25,2590
1790870580,265.25,265.32,265.21,265.21,2942
1790870640,265.21,265.30,265.12,265.16,296
1790870700,265.16,265.25,265.07,265.19,2511
1790870760,265.19,265.25,265.01,265.09,1895
1790870820,265.09,265.09,265.00,265.05,1488
1790870880,265.05,265.11,265.01,265.07,1221
1790870940,265.07,265.07,264.84,264.89,636
1790871000,264.89,264.97,264.79,264.86,731
1790871060,264.86,264.94,264.77,264.89,2980
1790871120,264.89,264.91,264.61,264.69,2990
1790871180,264.69,264.70,264.52,264.54,2252
1790871240,264.54,264.61,264.52,264.56,2698
1790871300,264.56,264.77,264.52,264.69,2672
1790871360,264.69,264.76,264.47,264.50,2938
1790871420,264.50,264.57,264.32,264.42,1083
1790871480,264.42,264.44,264.32,264.39,2268
1790871540,264.39,264.61,264.36,264.55,2455
1790871600,264.55,264.75,264.49,264.66,564
1790871660,264.66,264.71,264.55,264.59,1386
1790871720,264.59,264.66,264.40,264.49,1914
1790871780,264.49,264.70,264.45,264.64,1847
1790871840,264.64,264.72,264.61,264.63,2693
1790871900,264.63,264.72,264.40,264.47,1234
1790871960,264.47,264.51,264.34,264.40,2747
1790872020,264.40,264.44,264.27,264.36,2879
1790872080,264.36,264.40,264.21,264.22,2958
1790872140,264.22,264.24,264.03,264.09,1630
1790872200,264.09,264.18,263.94,264.02,2054
1790872260,264.02,264.16,263.97,264.13,2702
1790872320,264.13,264.28,264.10,264.27,372
1790872380,264.27,264.31,264.14,264.22,2695
1790872440,264.22,264.24,263.97,264.06,2882
1790872500,264.06,264.30,264.05,264.25,2519
1790872560,264.25,264.46,264.20,264.36,1460
1790872620,264.36,264.40,264.28,264.32,928
1790872680,264.32,264.39,264.14,264.20,708
1790872740,264.20,264.20,263.98,264.05,134
1790872800,264.05,264.28,264.04,264.21,1039
1790872860,264.21,264.29,263.99,264.05,2372
1790872920,264.05,264.15,263.96,264.12,2962
1790872980,264.12,264.18,263.98,264.04,2613
1790873040,264.04,264.27,263.94,264.18,2548
1790873100,264.18,264.32,264.13,264.32,1185
1790873160,264.32,264.50,264.22,264.39,2157
1790873220,264.39,264.57,264.31,264.52,393
1790873280,264.52,264.64,264.51,264.55,805
1790873340,264.55,264.63,264.41,264.49,2984
1790873400,264.49,264.56,264.33,264.42,470
1790873460,264.42,264.50,264.42,264.45,1826
1790873520,264.45,264.53,264.23,264.27,721
1790873580,264.27,264.35,264.08,264.10,2521
1790873640,264.10,264.18,263.89,263.96,400
1790873700,263.96,264.21,263.85,264.12,527
1790873760,264.12,264.20,264.06,264.11,1413
1790873820,264.11,264.16,264.05,264.12,374
1790873880,264.12,264.22,263.93,263.99,435
1790873940,263.99,264.03,263.78,263.87,694
1790874000,263.87,264.11,263.80,264.08,266
1790874060,264.08,264.14,263.91,263.91,2274
1790874120,263.91,264.00,263.90,263.97,1860
1790874180,263.97,264.03,263.77,263.78,1387
1790874240,263.78,263.93,263.71,263.86,2434
1790874300,263.86,264.14,263.85,264.08,2119
1790874360,264.08,264.11,263.94,263.95,510
1790874420,263.95,263.96,263.79,263.86,2375
1790874480,263.86,264.08,263.85,264.03,1684
1790874540,264.03,264.13,263.90,263.91,2789
1790874600,263.91,264.08,263.82,264.01,773
1790874660,264.01,264.11,263.90,263.91,1733
1790874720,263.91,264.05,263.86,264.04,1639
1790874780,264.04,264.13,264.02,264.13,1397
1790874840,264.13,264.23,263.92,264.01,2430
1790874900,264.01,264.10,263.96,264.01,1624
1790874960,264.01,264.10,263.93,264.07,1706
1790875020,264.07,264.13,264.04,264.07,2294
1790875080,264.07,264.20,264.06,264.12,998
1790875140,264.12,264.30,264.07,264.21,823
1790875200,264.21,264.26,264.05,264.09,656
1790875260,264.09,264.16,264.08,264.15,2631
1790875320,264.15,264.22,264.01,264.05,784
1790875380,264.05,264.08,263.81,263.86,2519
1790875440,263.86,263.89,263.67,263.74,2837
1790875500,263.74,263.79,263.61,263.62,657
1790875560,263.62,263.83,263.52,263.76,2879
1790875620,263.76,264.04,263.68,263.95,1090
1790875680,263.95,264.03,263.89,263.96,76
1790875740,263.96,264.00,263.87,263.97,1599
1790875800,263.97,264.06,263.83,263.86,2448
1790875860,263.86,263.97,263.67,263.75,1037
1790875920,263.75,263.78,263.66,263.67,1188
1790875980,263.67,263.72,263.55,263.56,2077
1790876040,263.56,263.58,263.48,263.52,2866
1790876100,263.52,263.53,263.28,263.38,1084
1790876160,263.38,263.66,263.30,263.56,1240
1790876220,263.56,263.68,263.53,263.63,2791
1790876280,263.63,263.64,263.52,263.60,1101
1790876340,263.60,263.63,263.38,263.48,2500
1790876400,263.48,263.74,263.41,263.68,2026
1790876460,263.68,263.84,263.67,263.80,77
1790876520,263.80,263.93,263.73,263.83,1081
1790876580,263.83,264.10,263.79,264.00,325
1790876640,264.00,264.27,263.90,264.17,754
1790876700,264.17,264.20,264.00,264.07,2633
1790876760,264.07,264.28,263.97,264.26,442
1790876820,264.26,264.45,264.21,264.38,385
1790876880,264.38,264.44,264.14,264.25,1659
1790876940,264.25,264.28,264.18,264.24,1611
1790877000,264.24,264.48,264.15,264.40,2253
1790877060,264.40,264.64,264.40,264.54,1453
1790877120,264.54,264.71,264.49,264.64,768
1790877180,264.64,264.72,264.53,264.59,1915
1790877240,264.59,264.86,264.51,264.78,1776
1790877300,264.78,264.88,264.73,264.75,2595
1790877360,264.75,264.80,264.71,264.73,1063
1790877420,264.73,265.01,264.66,264.92,1869
1790877480,264.92,264.96,264.84,264.88,1614
1790877540,264.88,264.98,264.87,264.88,2862
