Timestamp,Open,High,Low,Close,Volume
1788234300,1274.90,1274.90,1265.00,1268.60,192231
1788234360,1268.90,1270.80,1267.20,1269.10,57979
1788234420,1269.50,1270.50,1268.70,1269.60,35850
1788234480,1269.40,1270.30,1269.20,1270.20,30470
1788234540,1269.10,1269.90,1268.50,1268.50,49399
1788234600,1269.00,1269.90,1268.80,1269.40,24707
1788234660,1269.30,1269.60,1268.60,1269.60,29773
1788234720,1269.60,1270.60,1268.90,1270.60,18331
1788234780,1270.60,1270.60,1269.20,1269.50,14019
1788234840,1269.50,1269.50,1267.30,1267.30,25152
1788234900,1267.20,1267.40,1265.90,1267.40,29949
1788234960,1267.50,1269.20,1267.30,1268.10,63237
1788235020,1268.10,1268.70,1267.20,1267.40,53511
1788235080,1267.50,1268.40,1267.40,1267.90,13975
1788235140,1268.10,1268.50,1267.70,1268.10,13865
1788235200,1268.00,1268.00,1266.40,1267.60,21898
1788235260,1267.10,1267.90,1266.40,1267.00,10727
1788235320,1267.20,1267.20,1266.30,1266.90,18873
1788235380,1267.80,1268.70,1267.80,1268.60,31623
1788235440,1268.70,1269.50,1268.60,1269.50,11610
1788235500,1269.50,1269.90,1269.00,1269.90,18836
1788235560,1269.80,1269.80,1268.00,1268.10,8088
1788235620,1268.00,1268.10,1267.10,1267.10,15323
1788235680,1267.00,1267.60,1266.80,1266.80,20135
1788235740,1266.80,1267.00,1266.60,1266.70,5760
1788235800,1266.50,1267.00,1266.30,1266.40,12749
1788235860,1266.70,1266.70,1266.10,1266.50,16483
1788235920,1266.50,1266.60,1265.20,1265.30,22000
1788235980,1265.30,1265.60,1265.00,1265.20,18027
1788236040,1265.20,1265.70,1264.00,1265.70,19081
1788236100,1265.90,1266.00,1265.50,1266.00,3983
1788236160,1266.00,1266.50,1266.00,1266.30,4275
1788236220,1266.30,1266.50,1265.40,1266.40,10991
1788236280,1266.40,1266.40,1265.60,1266.40,2710
1788236340,1266.30,1267.10,1266.30,1266.70,30898
1788236400,1266.60,1266.80,1266.20,1266.70,3152
1788236460,1267.00,1267.00,1264.90,1265.40,29034
1788236520,1265.50,1266.30,1265.40,1265.70,12018
1788236580,1265.90,1266.00,1265.10,1265.60,2352
1788236640,1264.80,1266.00,1264.40,1264.80,14869
1788236700,1265.30,1265.30,1264.50,1264.70,4564
1788236760,1265.00,1265.10,1264.90,1265.00,5652
1788236820,1264.90,1265.70,1264.90,1265.20,6861
1788236880,1265.10,1265.60,1265.00,1265.00,8263
1788236940,1265.00,1265.40,1265.00,1265.40,2496
1788237000,1265.40,1265.80,1264.70,1265.10,5402
1788237060,1265.10,1265.50,1264.70,1265.50,16622
1788237120,1265.50,1266.20,1265.50,1266.20,4012
1788237180,1266.30,1267.00,1266.30,1266.90,6595
1788237240,1267.00,1267.70,1267.00,1267.20,8198
1788237300,1267.40,1267.70,1266.70,1267.70,13747
1788237360,1267.50,1267.70,1266.60,1267.20,9340
1788237420,1267.20,1268.50,1266.70,1268.10,12789
1788237480,1268.30,1268.60,1268.10,1268.50,6875
1788237540,1268.50,1268.50,1267.40,1267.40,4233
1788237600,1267.40,1267.70,1266.60,1267.10,5685
1788237660,1267.10,1267.40,1267.00,1267.20,15694
1788237720,1267.20,1267.50,1266.70,1267.50,5241
1788237780,1267.40,1267.70,1267.30,1267.50,3376
1788237840,1267.50,1267.60,1267.10,1267.40,5644
1788237900,1267.30,1268.00,1267.30,1268.00,3818
1788237960,1268.00,1268.10,1267.40,1267.50,7659
1788238020,1267.40,1267.80,1267.10,1267.40,6181
1788238080,1267.00,1267.60,1266.30,1267.60,16002
1788238140,1267.60,1268.40,1267.40,1268.20,6530
1788238200,1267.90,1268.90,1267.90,1268.90,6649
1788238260,1268.90,1269.00,1268.50,1269.00,4564
1788238320,1269.00,1269.00,1268.90,1269.00,1849
1788238380,1269.00,1269.50,1268.90,1269.40,8569
1788238440,1269.30,1269.50,1268.70,1268.70,6626
1788238500,1268.70,1269.60,1268.40,1269.40,11414
1788238560,1269.50,1269.60,1269.00,1269.30,8686
1788238620,1269.20,1269.70,1268.70,1269.10,68124
1788238680,1269.10,1269.10,1268.00,1268.60,5222
1788238740,1268.60,1268.60,1268.40,1268.50,3701
1788238800,1268.50,1269.50,1268.40,1268.90,5566
1788238860,1269.30,1269.60,1268.60,1269.00,4457
1788238920,1269.00,1269.30,1268.60,1268.90,4052
1788238980,1268.90,1268.90,1268.60,1268.60,2461
1788239040,1268.50,1268.50,1266.90,1268.00,27689
1788239100,1268.00,1268.40,1267.50,1268.30,6744
1788239160,1268.30,1268.50,1268.10,1268.40,2850
1788239220,1268.20,1268.40,1268.10,1268.10,3158
1788239280,1268.10,1268.40,1267.90,1268.10,3615
1788239340,1268.10,1268.30,1268.00,1268.10,2439
1788239400,1268.10,1268.40,1268.00,1268.30,5166
1788239460,1268.40,1268.40,1267.50,1267.60,9591
1788239520,1267.60,1267.70,1267.00,1267.30,7138
1788239580,1267.30,1268.40,1267.20,1268.10,19602
1788239640,1268.10,1268.20,1268.10,1268.20,1778
1788239700,1268.20,1268.70,1268.20,1268.60,21895
1788239760,1268.60,1268.60,1268.50,1268.60,2186
1788239820,1268.60,1268.60,1268.50,1268.60,4930
1788239880,1268.70,1268.80,1268.60,1268.70,5816
1788239940,1268.70,1268.80,1268.50,1268.80,2809
1788240000,1268.80,1269.00,1268.70,1269.00,5247
1788240060,1269.00,1269.80,1268.90,1269.80,7844
1788240120,1269.90,1270.70,1269.90,1270.10,21101
1788240180,1270.00,1271.60,1270.00,1271.60,12518
1788240240,1271.60,1272.60,1271.00,1271.90,22824
1788240300,1272.00,1272.30,1271.40,1272.10,7831
1788240360,1272.10,1272.70,1271.90,1272.40,6159
1788240420,1272.20,1272.60,1272.00,1272.50,20051
1788240480,1272.50,1272.60,1272.00,1272.20,4248
1788240540,1272.40,1272.50,1272.00,1272.00,5952
1788240600,1272.10,1272.40,1272.00,1272.10,5350
1788240660,1272.40,1272.40,1270.90,1271.40,10256
1788240720,1271.70,1271.70,1269.60,1270.40,22664
1788240780,1270.40,1271.80,1270.00,1271.70,26295
1788240840,1271.70,1272.00,1271.20,1272.00,5759
1788240900,1271.80,1272.10,1271.20,1271.50,3862
1788240960,1271.70,1272.10,1271.70,1272.00,3869
1788241020,1271.90,1272.30,1271.90,1272.20,11821
1788241080,1272.10,1272.50,1272.00,1272.40,8461
1788241140,1272.50,1272.50,1271.70,1271.90,4867
1788241200,1272.00,1272.60,1271.80,1272.50,13248
1788241260,1272.60,1272.60,1272.10,1272.30,4494
1788241320,1272.30,1272.50,1272.00,1272.40,8938
1788241380,1272.80,1273.10,1272.80,1273.00,4312
1788241440,1273.40,1273.40,1272.90,1273.30,10529
1788241500,1273.20,1273.40,1272.50,1272.50,4646
1788241560,1272.50,1272.90,1271.60,1272.50,19207
1788241620,1272.50,1272.70,1272.00,1272.30,4202
1788241680,1272.30,1273.00,1272.00,1273.00,15561
1788241740,1273.40,1273.40,1272.70,1273.00,4294
1788241800,1272.90,1275.10,1272.90,1274.30,35346
1788241860,1274.40,1274.80,1273.20,1273.30,6993
1788241920,1273.20,1273.50,1272.90,1273.20,5208
1788241980,1273.20,1273.90,1272.60,1272.80,4710
1788242040,1272.90,1273.70,1272.80,1273.60,1846
1788242100,1273.90,1273.90,1272.90,1273.30,10475
1788242160,1273.50,1274.00,1273.50,1274.00,6724
1788242220,1273.90,1273.90,1273.00,1273.80,4277
1788242280,1273.30,1273.80,1272.40,1272.80,6694
1788242340,1272.90,1273.10,1272.00,1273.10,39882
1788242400,1273.20,1273.90,1273.10,1273.80,3575
1788242460,1273.90,1273.90,1273.00,1273.70,1959
1788242520,1273.60,1273.70,1273.00,1273.50,5513
1788242580,1273.40,1273.80,1273.20,1273.20,9628
1788242640,1273.30,1273.30,1272.50,1272.70,7240
1788242700,1272.80,1272.90,1272.50,1272.60,3609
1788242760,1272.50,1273.00,1272.00,1272.30,4719
1788242820,1272.30,1273.00,1272.10,1272.80,2516
1788242880,1272.70,1272.80,1272.00,1272.50,2803
1788242940,1272.40,1272.70,1272.00,1272.40,3991
1788243000,1272.50,1272.70,1272.00,1272.60,4233
1788243060,1272.70,1272.90,1272.40,1272.50,5400
1788243120,1272.60,1272.80,1272.30,1272.70,4730
1788243180,1272.80,1272.80,1272.40,1272.80,2208
1788243240,1272.60,1272.90,1272.30,1272.70,4030
1788243300,1272.80,1272.90,1272.50,1272.90,2381
1788243360,1272.80,1272.90,1272.80,1272.90,3019
1788243420,1272.80,1272.90,1272.30,1272.80,3044
1788243480,1272.80,1272.90,1271.70,1272.80,11787
1788243540,1272.90,1272.90,1272.50,1272.80,4416
1788243600,1272.90,1272.90,1272.00,1272.70,4158
1788243660,1272.60,1272.80,1272.20,1272.20,3208
1788243720,1272.40,1272.40,1271.70,1271.90,9595
1788243780,1271.90,1272.30,1271.60,1272.00,2739
1788243840,1271.80,1272.30,1271.60,1272.30,4695
1788243900,1272.20,1273.70,1272.20,1273.20,33574
1788243960,1273.20,1273.40,1271.50,1273.10,15956
1788244020,1273.20,1273.30,1272.50,1273.00,5359
1788244080,1273.00,1273.20,1272.60,1273.20,4238
1788244140,1273.20,1273.20,1273.00,1273.10,1747
1788244200,1273.10,1273.10,1272.00,1272.70,13982
1788244260,1272.70,1272.70,1272.60,1272.70,3096
1788244320,1272.70,1272.80,1272.40,1272.40,3892
1788244380,1272.40,1273.00,1272.30,1273.00,4301
1788244440,1273.00,1273.30,1273.00,1273.20,3475
1788244500,1273.10,1273.20,1272.80,1273.00,4773
1788244560,1273.10,1273.10,1272.90,1273.00,4090
1788244620,1273.00,1273.00,1272.90,1273.00,2984
1788244680,1273.00,1273.00,1271.20,1271.80,8738
1788244740,1271.80,1271.90,1271.30,1271.50,3271
1788244800,1271.30,1271.70,1270.60,1271.70,27617
1788244860,1271.70,1272.00,1271.40,1272.00,2521
1788244920,1271.80,1272.30,1271.10,1271.40,8600
1788244980,1271.30,1271.60,1271.30,1271.50,2872
1788245040,1271.60,1271.60,1270.60,1271.00,2818
1788245100,1271.00,1271.50,1270.70,1270.70,3039
1788245160,1270.80,1271.80,1270.50,1271.20,52927
1788245220,1271.00,1271.40,1270.60,1270.80,3889
1788245280,1270.80,1272.00,1270.40,1271.50,53467
1788245340,1271.50,1272.00,1271.20,1271.50,3936
1788245400,1271.50,1271.90,1271.00,1271.80,5050
1788245460,1271.80,1271.90,1271.30,1271.80,3311
1788245520,1271.90,1272.20,1271.40,1271.70,10449
1788245580,1271.90,1272.00,1271.00,1271.50,5698
1788245640,1271.60,1272.10,1271.50,1271.70,5977
1788245700,1271.70,1272.00,1271.50,1272.00,3578
1788245760,1272.00,1272.50,1271.50,1272.20,9991
1788245820,1272.30,1272.50,1271.80,1271.90,4190
1788245880,1272.00,1272.40,1271.40,1271.70,14411
1788245940,1271.80,1272.40,1271.10,1271.10,25290
1788246000,1271.20,1271.20,1270.50,1270.70,11588
1788246060,1270.70,1271.00,1270.40,1270.50,6216
1788246120,1270.70,1270.90,1270.50,1270.70,3067
1788246180,1270.40,1270.80,1269.00,1269.50,15386
1788246240,1269.60,1269.80,1268.70,1269.30,5432
1788246300,1269.30,1269.30,1268.50,1269.00,6190
1788246360,1269.00,1269.40,1268.80,1269.10,4744
1788246420,1269.10,1269.90,1268.90,1269.60,9989
1788246480,1269.70,1270.00,1268.70,1269.10,12767
1788246540,1269.00,1269.90,1268.90,1269.60,9980
1788246600,1269.60,1270.00,1269.20,1270.00,219191
1788246660,1270.00,1270.30,1268.50,1270.00,16991
1788246720,1270.00,1270.50,1269.70,1270.40,9666
1788246780,1270.40,1270.50,1269.20,1269.80,10598
1788246840,1269.80,1270.10,1269.10,1269.60,9282
1788246900,1269.90,1271.20,1269.60,1270.30,14604
1788246960,1270.20,1271.00,1270.00,1270.80,10997
1788247020,1270.70,1271.40,1270.20,1271.00,12941
1788247080,1271.00,1271.60,1270.60,1271.40,12305
1788247140,1271.40,1271.80,1270.90,1271.50,20077
1788247200,1271.50,1272.00,1271.10,1271.80,13309
1788247260,1271.90,1272.00,1270.90,1271.90,12648
1788247320,1271.90,1272.00,1271.10,1272.00,12611
1788247380,1272.00,1272.10,1270.90,1271.70,12440
1788247440,1271.70,1272.10,1269.20,1269.70,17565
1788247500,1269.70,1269.70,1268.40,1269.10,8502
1788247560,1269.10,1269.50,1268.60,1269.10,4498
1788247620,1269.10,1269.20,1269.00,1269.10,3311
1788247680,1269.50,1269.50,1268.80,1269.20,3343
1788247740,1269.50,1269.70,1268.70,1268.80,5405
1788247800,1269.00,1270.20,1268.70,1270.20,9226
1788247860,1269.90,1270.20,1268.80,1269.00,5136
1788247920,1269.00,1269.60,1268.90,1269.60,4466
1788247980,1269.60,1269.80,1269.20,1269.30,4222
1788248040,1269.20,1269.80,1269.10,1269.60,4636
1788248100,1269.50,1269.60,1268.80,1269.00,5387
1788248160,1269.00,1269.20,1268.70,1268.80,3219
1788248220,1268.80,1269.20,1268.80,1269.10,3395
1788248280,1269.20,1269.30,1268.60,1269.10,10417
1788248340,1269.10,1269.60,1268.70,1269.30,4372
1788248400,1269.30,1269.40,1268.10,1268.20,4183
1788248460,1268.20,1268.40,1266.70,1267.40,13599
1788248520,1267.40,1267.60,1266.60,1267.40,7968
1788248580,1267.40,1267.60,1266.70,1267.10,7069
1788248640,1267.10,1267.60,1266.50,1267.00,7236
1788248700,1267.10,1267.10,1266.20,1266.70,15220
1788248760,1266.50,1266.70,1266.10,1266.60,5907
1788248820,1266.60,1266.60,1265.10,1265.80,11422
1788248880,1265.90,1266.30,1265.50,1266.30,19218
1788248940,1266.20,1266.50,1266.00,1266.20,4607
1788249000,1266.30,1266.50,1266.10,1266.30,2951
1788249060,1266.20,1266.60,1266.20,1266.40,9527
1788249120,1266.50,1266.60,1266.00,1266.10,6070
1788249180,1266.10,1266.50,1265.90,1266.50,4225
1788249240,1266.50,1266.60,1266.40,1266.60,4392
1788249300,1266.60,1266.70,1266.10,1266.40,5026
1788249360,1266.30,1266.40,1266.00,1266.30,5046
1788249420,1266.20,1266.30,1265.00,1265.50,9090
1788249480,1265.40,1265.80,1265.00,1265.50,8146
1788249540,1265.50,1265.70,1265.20,1265.70,2343
1788249600,1265.70,1265.90,1265.20,1265.90,2804
1788249660,1265.90,1266.20,1265.80,1266.20,4053
1788249720,1266.20,1266.30,1265.50,1265.80,3940
1788249780,1265.70,1265.80,1265.00,1265.60,5478
1788249840,1265.60,1266.00,1265.40,1265.70,7464
1788249900,1265.70,1265.70,1265.40,1265.50,3339
1788249960,1265.60,1265.60,1264.00,1264.20,16361
1788250020,1264.20,1265.00,1264.10,1264.70,17392
1788250080,1265.00,1265.10,1264.20,1264.60,15333
1788250140,1264.70,1265.10,1263.30,1263.70,13067
1788250200,1264.10,1264.50,1262.80,1263.70,57268
1788250260,1263.70,1263.70,1263.10,1263.30,4178
1788250320,1263.30,1263.60,1262.60,1262.90,8313
1788250380,1262.90,1263.20,1262.30,1262.70,9043
1788250440,1262.30,1264.20,1262.30,1263.90,51386
1788250500,1263.90,1264.00,1263.20,1264.00,17665
1788250560,1264.00,1264.40,1263.80,1264.00,5469
1788250620,1263.90,1264.00,1263.70,1263.80,3371
1788250680,1263.80,1264.00,1263.50,1264.00,3248
1788250740,1264.00,1264.00,1263.70,1263.90,4355
1788250800,1263.90,1264.00,1261.60,1261.90,29237
1788250860,1262.00,1262.70,1261.80,1262.30,15683
1788250920,1262.30,1262.70,1262.00,1262.40,11533
1788250980,1262.50,1262.70,1262.00,1262.50,4614
1788251040,1262.50,1262.50,1262.30,1262.40,3593
1788251100,1262.30,1262.30,1262.10,1262.20,5690
1788251160,1262.30,1263.00,1262.20,1263.00,5510
1788251220,1263.00,1263.70,1263.00,1263.50,16133
1788251280,1263.50,1264.00,1263.30,1263.70,10108
1788251340,1263.80,1264.40,1263.80,1264.10,6420
1788251400,1264.10,1264.20,1263.00,1263.70,19675
1788251460,1263.70,1264.00,1263.70,1264.00,3134
1788251520,1264.00,1264.00,1262.50,1263.00,8324
1788251580,1263.10,1263.10,1262.00,1262.50,12985
1788251640,1262.50,1263.50,1262.30,1262.70,12019
1788251700,1263.00,1263.50,1262.00,1263.50,6372
1788251760,1263.50,1263.70,1263.30,1263.40,4113
1788251820,1263.50,1263.60,1263.30,1263.40,5172
1788251880,1263.30,1263.30,1262.40,1263.00,10849
1788251940,1263.00,1263.20,1262.50,1262.90,6021
1788252000,1262.90,1263.00,1262.20,1263.00,8744
1788252060,1263.00,1263.30,1262.90,1263.20,3796
1788252120,1263.20,1263.30,1262.30,1262.60,5673
1788252180,1262.60,1262.60,1261.00,1261.30,25587
1788252240,1261.30,1262.00,1261.10,1262.00,5195
1788252300,1262.00,1262.10,1261.80,1262.00,5282
1788252360,1262.00,1262.00,1261.50,1261.90,4007
1788252420,1261.80,1262.00,1261.50,1261.90,4325
1788252480,1260.90,1261.20,1258.80,1259.20,36174
1788252540,1259.20,1261.60,1259.20,1261.60,9171
1788252600,1261.60,1261.80,1261.00,1261.50,15200
1788252660,1261.50,1262.00,1260.90,1261.00,6599
1788252720,1261.00,1261.30,1260.10,1260.70,8359
1788252780,1260.70,1261.40,1260.30,1261.20,19004
1788252840,1261.20,1261.50,1260.90,1261.20,5101
1788252900,1261.20,1261.50,1261.10,1261.40,11773
1788252960,1261.40,1261.50,1260.50,1260.90,6047
1788253020,1261.00,1261.00,1260.90,1260.90,3787
1788253080,1261.00,1261.10,1260.70,1260.80,6424
1788253140,1260.80,1261.80,1260.80,1261.80,12420
1788253200,1261.80,1261.80,1260.60,1261.10,6770
1788253260,1260.90,1261.60,1260.60,1261.60,2442
1788253320,1261.80,1261.80,1261.10,1261.10,6031
1788253380,1261.10,1261.30,1260.90,1260.90,3599
1788253440,1260.90,1261.50,1260.60,1261.50,15481
1788253500,1261.80,1262.40,1261.60,1261.70,34103
1788253560,1262.00,1262.00,1261.40,1261.70,4143
1788253620,1261.60,1261.70,1260.80,1261.20,3725
1788253680,1261.10,1261.70,1260.00,1260.00,18449
1788253740,1260.10,1260.30,1259.10,1260.00,22018
1788253800,1260.00,1260.00,1259.30,1259.80,7573
1788253860,1259.80,1259.90,1259.50,1259.60,3217
1788253920,1259.70,1261.00,1259.60,1260.80,10780
1788253980,1260.90,1260.90,1260.00,1260.40,3033
1788254040,1260.60,1260.80,1260.50,1260.80,4994
1788254100,1260.70,1261.90,1260.50,1261.60,46198
1788254160,1261.60,1261.90,1261.10,1261.20,19128
1788254220,1261.30,1261.30,1261.10,1261.20,11424
1788254280,1261.20,1261.20,1260.30,1260.40,20372
1788254340,1260.10,1260.70,1259.50,1260.70,51251
1788254400,1260.70,1260.80,1259.90,1260.40,37711
1788254460,1260.40,1260.80,1260.30,1260.70,13488
1788254520,1260.60,1260.90,1260.10,1260.90,38224
1788254580,1260.90,1260.90,1259.90,1260.00,19734
1788254640,1260.30,1260.80,1260.20,1260.60,24348
1788254700,1260.50,1261.30,1260.00,1260.00,54861
1788254760,1260.50,1260.70,1259.90,1259.90,32232
1788254820,1260.00,1260.40,1259.30,1259.40,19072
1788254880,1259.40,1259.40,1258.50,1258.60,28590
1788254940,1258.60,1259.40,1258.30,1258.30,44999
1788255000,1258.20,1258.50,1257.80,1258.00,33717
1788255060,1258.00,1258.00,1257.90,1258.00,37410
1788255120,1258.00,1258.00,1257.10,1257.60,42694
1788255180,1257.40,1257.50,1257.20,1257.20,35305
1788255240,1257.30,1257.60,1257.20,1257.40,25730
1788255300,1257.40,1258.90,1257.10,1258.90,43179
1788255360,1258.90,1259.00,1257.80,1258.10,150809
1788255420,1258.10,1258.10,1256.80,1258.10,91729
1788255480,1257.90,1258.20,1257.50,1258.20,154190
1788255540,1258.10,1258.50,1257.30,1257.50,61813
1788255600,1257.40,1257.40,1256.70,1257.00,30454
1788255660,1257.00,1257.00,1256.60,1256.80,37873
1788255720,1256.80,1258.10,1255.00,1256.40,133182
1788255780,1256.70,1257.40,1256.60,1257.10,39325
1788255840,1256.90,1257.80,1256.50,1257.50,23453
1788255900,1257.50,1257.50,1257.50,1257.50,0
1788255960,1257.50,1257.50,1257.50,1257.50,0
1788256020,1257.50,1257.50,1257.50,1257.50,0
1788256080,1257.50,1257.50,1257.50,1257.50,0
1788256140,1257.50,1257.50,1257.50,1257.50,0
1788256200,1257.50,1257.50,1257.50,1257.50,0
1788256260,1257.50,1257.50,1257.50,1257.50,0
1788256320,1257.50,1257.50,1257.50,1257.50,0
1788256380,1257.50,1257.50,1257.50,1257.50,0
1788256440,1257.50,1257.50,1257.50,1257.50,0
1788256500,1257.50,1257.50,1257.50,1257.50,0
1788256560,1257.50,1257.50,1257.50,1257.50,0
1788256620,1257.50,1257.50,1257.50,1257.50,0
1788256680,1257.50,1257.50,1257.50,1257.50,0
1788256740,1257.50,1258.00,1257.50,1258.00,183500
1788320700,1254.60,1257.00,1250.40,1253.20,95338
1788320760,1253.10,1253.30,1251.60,1252.10,40937
1788320820,1252.10,1253.70,1251.80,1253.00,43305
1788320880,1253.20,1254.60,1253.00,1254.20,60157
1788320940,1254.30,1256.50,1253.80,1255.80,42281
1788321000,1255.80,1258.00,1255.50,1257.70,46645
1788321060,1257.80,1260.00,1256.60,1259.50,45634
1788321120,1259.60,1259.80,1256.50,1257.10,27410
1788321180,1257.20,1257.20,1254.20,1254.80,27305
1788321240,1254.90,1255.80,1254.70,1255.40,9382
1788321300,1255.40,1256.40,1255.40,1255.70,14254
1788321360,1255.70,1256.80,1255.50,1256.40,9442
1788321420,1256.40,1256.40,1256.00,1256.30,19423
1788321480,1256.10,1256.10,1254.70,1254.90,7852
1788321540,1255.30,1255.70,1255.20,1255.60,8586
1788321600,1255.50,1255.60,1254.50,1254.50,13414
1788321660,1254.80,1254.80,1254.50,1254.70,5529
1788321720,1254.70,1255.00,1254.10,1254.40,11006
1788321780,1254.60,1255.30,1254.40,1255.00,5361
1788321840,1255.20,1255.60,1255.00,1255.40,6557
1788321900,1255.40,1255.50,1254.50,1255.10,8000
1788321960,1255.00,1255.10,1253.60,1253.70,11546
1788322020,1253.50,1254.30,1253.30,1254.10,6480
1788322080,1254.20,1254.40,1253.60,1253.80,4314
1788322140,1253.70,1253.80,1253.10,1253.30,6056
1788322200,1253.20,1253.80,1253.10,1253.10,9452
1788322260,1253.20,1254.60,1253.20,1254.60,10398
1788322320,1254.60,1255.50,1254.40,1255.50,19318
1788322380,1255.60,1255.60,1254.50,1255.10,37199
1788322440,1255.10,1256.00,1255.10,1255.90,9583
1788322500,1255.90,1255.90,1254.90,1254.90,14949
1788322560,1255.10,1255.20,1254.40,1254.40,59860
1788322620,1254.40,1254.60,1254.30,1254.60,9522
1788322680,1254.60,1254.80,1254.10,1254.60,16682
1788322740,1254.50,1255.20,1254.50,1255.20,41004
1788322800,1255.20,1255.50,1255.10,1255.50,9164
1788322860,1255.50,1255.70,1255.20,1255.30,32824
1788322920,1255.60,1255.60,1255.00,1255.10,44292
1788322980,1255.10,1255.50,1253.60,1255.30,20368
1788323040,1255.20,1255.40,1254.60,1255.30,9687
1788323100,1255.40,1255.40,1254.70,1255.00,9361
1788323160,1255.00,1257.40,1254.60,1257.30,22242
1788323220,1257.40,1258.30,1257.40,1257.60,11418
1788323280,1257.60,1257.70,1257.30,1257.50,6127
1788323340,1257.40,1257.50,1257.20,1257.40,8604
1788323400,1257.40,1257.40,1257.30,1257.30,2656
1788323460,1257.40,1257.40,1257.10,1257.10,5698
1788323520,1256.90,1257.00,1256.90,1256.90,16054
1788323580,1256.70,1256.80,1253.70,1253.70,14564
1788323640,1254.10,1254.30,1252.40,1254.30,12794
1788323700,1254.20,1256.10,1254.00,1255.10,84859
1788323760,1255.00,1255.30,1255.00,1255.20,2402
1788323820,1255.10,1255.80,1255.10,1255.50,5744
1788323880,1255.40,1255.50,1254.70,1255.00,3071
1788323940,1254.80,1255.00,1254.10,1254.40,12415
1788324000,1254.70,1256.50,1254.30,1256.50,257993
1788324060,1256.30,1256.50,1256.10,1256.20,3369
1788324120,1256.30,1258.40,1256.30,1258.30,22933
1788324180,1258.20,1259.60,1258.10,1259.50,24884
1788324240,1259.10,1259.40,1259.10,1259.40,5691
1788324300,1259.40,1261.80,1259.10,1261.80,34764
1788324360,1261.80,1262.40,1261.30,1262.20,28503
1788324420,1262.20,1262.20,1260.90,1261.30,18856
1788324480,1261.00,1261.70,1260.70,1261.70,9388
1788324540,1261.70,1262.20,1261.10,1261.70,18308
1788324600,1261.60,1263.70,1261.50,1263.50,19408
1788324660,1263.40,1265.80,1263.10,1265.50,29012
1788324720,1265.50,1266.90,1265.40,1265.80,44596
1788324780,1266.00,1266.20,1264.70,1264.70,46312
1788324840,1264.70,1265.00,1263.80,1264.50,8402
1788324900,1264.80,1264.80,1263.90,1264.00,5590
1788324960,1263.90,1264.00,1263.40,1263.50,20453
1788325020,1263.40,1263.80,1262.80,1263.80,15266
1788325080,1263.70,1264.00,1263.00,1263.10,14745
1788325140,1263.00,1263.00,1262.30,1262.70,6426
1788325200,1262.60,1263.60,1262.60,1263.00,7254
1788325260,1262.90,1263.90,1262.60,1263.90,25162
1788325320,1263.90,1263.90,1263.60,1263.70,6417
1788325380,1263.70,1263.80,1263.30,1263.60,4778
1788325440,1263.60,1263.70,1263.10,1263.50,5190
1788325500,1263.50,1263.70,1263.40,1263.70,5645
1788325560,1263.60,1265.30,1263.60,1264.70,9869
1788325620,1264.60,1264.70,1264.00,1264.70,6454
1788325680,1264.70,1264.70,1264.30,1264.50,7093
1788325740,1264.40,1264.50,1263.70,1264.00,16951
1788325800,1264.00,1264.50,1263.70,1264.50,9287
1788325860,1264.40,1264.70,1263.40,1263.40,11618
1788325920,1263.60,1263.60,1262.10,1262.40,4467
1788325980,1262.10,1263.00,1261.50,1263.00,9723
1788326040,1262.90,1263.00,1262.00,1262.10,4041
1788326100,1262.20,1262.20,1261.50,1262.10,3731
1788326160,1262.00,1262.10,1260.60,1260.90,6586
1788326220,1260.70,1261.50,1260.70,1261.20,7451
1788326280,1261.20,1261.90,1261.20,1261.70,4874
1788326340,1261.60,1261.90,1261.60,1261.80,2306
1788326400,1261.70,1262.10,1261.20,1261.70,11678
1788326460,1261.30,1261.70,1260.80,1261.40,7164
1788326520,1261.40,1261.50,1260.10,1260.50,4991
1788326580,1260.30,1260.60,1259.70,1259.70,12326
1788326640,1259.70,1260.60,1259.40,1260.20,9274
1788326700,1260.00,1260.20,1259.30,1259.70,3345
1788326760,1259.60,1260.10,1259.40,1260.00,5593
1788326820,1260.00,1260.20,1259.80,1259.80,6360
1788326880,1259.70,1259.80,1259.00,1259.20,4089
1788326940,1259.20,1259.80,1259.00,1259.50,16560
1788327000,1259.60,1260.00,1259.20,1259.50,10540
1788327060,1259.90,1260.00,1258.30,1258.30,7689
1788327120,1258.30,1258.80,1258.10,1258.20,4116
1788327180,1258.10,1258.20,1257.70,1257.70,4954
1788327240,1257.60,1257.90,1257.10,1257.10,4714
1788327300,1257.50,1257.90,1256.90,1257.30,12795
1788327360,1257.30,1257.70,1257.00,1257.40,3706
1788327420,1257.20,1257.90,1257.20,1257.90,7213
1788327480,1257.90,1258.20,1257.70,1258.00,6551
1788327540,1258.10,1258.60,1257.70,1258.10,11507
1788327600,1258.10,1258.20,1258.00,1258.20,5394
1788327660,1258.00,1258.30,1258.00,1258.10,3618
1788327720,1258.20,1258.20,1257.30,1257.80,8154
1788327780,1258.20,1258.20,1257.50,1258.10,7831
1788327840,1257.70,1258.30,1257.70,1258.00,6215
1788327900,1258.10,1258.10,1257.60,1257.80,3488
1788327960,1257.90,1257.90,1257.20,1257.40,6006
1788328020,1257.30,1257.90,1257.30,1257.90,9642
1788328080,1257.60,1259.10,1257.30,1258.70,18901
1788328140,1258.60,1258.90,1258.00,1258.40,8903
1788328200,1258.50,1259.10,1257.90,1258.90,14144
1788328260,1258.70,1259.10,1258.10,1259.00,8988
1788328320,1259.00,1259.00,1258.30,1258.90,8595
1788328380,1259.00,1260.60,1258.50,1259.50,58867
1788328440,1259.80,1259.80,1258.50,1258.90,6883
1788328500,1258.60,1259.00,1257.90,1258.60,21775
1788328560,1258.60,1259.10,1258.00,1258.50,7048
1788328620,1258.50,1258.50,1257.60,1257.60,8187
1788328680,1258.00,1258.10,1257.50,1257.80,6137
1788328740,1257.70,1257.80,1257.30,1257.60,3308
1788328800,1257.50,1257.50,1256.60,1256.80,12787
1788328860,1256.90,1256.90,1256.50,1256.80,4843
1788328920,1256.70,1257.00,1256.70,1257.00,24868
1788328980,1257.00,1257.00,1256.10,1256.70,7740
1788329040,1256.70,1256.80,1256.40,1256.70,13074
1788329100,1257.10,1257.10,1256.20,1256.50,6896
1788329160,1256.30,1256.70,1256.20,1256.40,3293
1788329220,1256.40,1256.80,1256.00,1256.70,12666
1788329280,1256.60,1257.00,1256.30,1256.80,13556
1788329340,1257.00,1257.40,1257.00,1257.20,9925
1788329400,1257.20,1257.30,1256.70,1256.80,10492
1788329460,1256.80,1257.00,1256.30,1256.80,15705
1788329520,1256.40,1257.00,1256.00,1256.00,21339
1788329580,1256.00,1257.00,1256.00,1256.10,10844
1788329640,1256.30,1256.50,1256.10,1256.40,1730
1788329700,1256.40,1256.60,1256.00,1256.60,10867
1788329760,1256.80,1256.80,1256.00,1256.20,9266
1788329820,1256.30,1256.40,1256.00,1256.00,7593
1788329880,1256.10,1256.40,1256.00,1256.40,11039
1788329940,1256.30,1256.40,1256.00,1256.00,17954
1788330000,1256.10,1256.20,1254.60,1254.90,58153
1788330060,1254.90,1254.90,1254.60,1254.60,2057
1788330120,1254.70,1255.50,1254.60,1255.20,14498
1788330180,1255.00,1256.00,1255.00,1255.60,18045
1788330240,1255.90,1256.10,1254.50,1255.00,30811
1788330300,1255.10,1255.30,1254.30,1254.50,10374
1788330360,1254.60,1254.80,1254.00,1254.00,5940
1788330420,1254.10,1254.30,1253.80,1254.10,5762
1788330480,1254.00,1254.10,1253.70,1254.00,7541
1788330540,1254.20,1254.80,1253.70,1254.60,8936
1788330600,1254.40,1254.40,1254.00,1254.10,5409
1788330660,1254.10,1254.20,1254.00,1254.20,5153
1788330720,1254.20,1254.20,1254.00,1254.00,7593
1788330780,1254.20,1254.30,1253.40,1253.40,28035
1788330840,1253.40,1254.00,1253.00,1253.90,12488
1788330900,1253.90,1253.90,1253.50,1253.60,3654
1788330960,1253.70,1253.90,1253.60,1253.90,6742
1788331020,1253.80,1253.90,1253.30,1253.30,5925
1788331080,1253.30,1253.90,1253.30,1253.80,16738
1788331140,1253.90,1254.00,1253.80,1254.00,3705
1788331200,1253.90,1255.00,1253.90,1254.80,17176
1788331260,1254.80,1255.40,1254.50,1254.70,17543
1788331320,1255.00,1256.10,1254.80,1255.80,25663
1788331380,1255.50,1255.80,1255.50,1255.80,6087
1788331440,1255.70,1255.80,1255.20,1255.60,10649
1788331500,1255.40,1256.50,1255.40,1255.80,25182
1788331560,1256.00,1256.00,1255.50,1255.50,3710
1788331620,1255.60,1255.60,1255.50,1255.60,9210
1788331680,1255.60,1255.60,1255.00,1255.00,7916
1788331740,1255.20,1255.20,1254.80,1255.00,5920
1788331800,1254.80,1255.00,1254.50,1254.50,6941
1788331860,1254.60,1254.60,1253.50,1253.50,10734
1788331920,1253.70,1253.70,1253.30,1253.50,6851
1788331980,1253.50,1254.70,1253.00,1254.30,32685
1788332040,1254.00,1254.30,1254.00,1254.10,2352
1788332100,1254.00,1254.40,1254.00,1254.30,15294
1788332160,1254.20,1254.60,1254.10,1254.60,16252
1788332220,1254.40,1254.60,1254.00,1254.00,5620
1788332280,1254.20,1254.30,1254.00,1254.20,7819
1788332340,1254.30,1255.40,1254.20,1255.30,15643
1788332400,1255.20,1255.70,1254.40,1255.70,20202
1788332460,1255.70,1256.20,1255.60,1256.10,14067
1788332520,1256.00,1256.40,1256.00,1256.30,6103
1788332580,1256.40,1256.40,1256.30,1256.40,4910
1788332640,1256.30,1256.40,1256.10,1256.20,7342
1788332700,1256.10,1256.40,1255.90,1256.30,11863
1788332760,1256.30,1257.30,1255.80,1257.30,20440
1788332820,1257.60,1259.00,1257.30,1258.00,28279
1788332880,1257.80,1258.20,1257.80,1258.00,7207
1788332940,1258.00,1258.70,1257.70,1258.70,23109
1788333000,1258.70,1259.00,1257.60,1258.00,10451
1788333060,1258.00,1259.00,1257.10,1258.50,63259
1788333120,1258.50,1259.10,1258.00,1258.40,27264
1788333180,1258.30,1260.00,1257.80,1260.00,36612
1788333240,1260.10,1261.00,1259.90,1260.00,18171
1788333300,1260.40,1260.40,1258.60,1258.60,9352
1788333360,1259.00,1260.00,1258.60,1260.00,11197
1788333420,1260.00,1260.50,1259.70,1259.80,7421
1788333480,1259.70,1260.10,1259.70,1260.10,5560
1788333540,1260.30,1261.00,1260.20,1260.70,6692
1788333600,1260.60,1260.70,1259.50,1259.90,13201
1788333660,1259.50,1259.90,1259.00,1259.30,13852
1788333720,1259.40,1260.00,1259.40,1259.90,4819
1788333780,1260.00,1260.00,1259.40,1259.80,6275
1788333840,1259.60,1259.90,1259.30,1259.80,8481
1788333900,1259.70,1259.90,1258.40,1258.80,14364
1788333960,1258.80,1259.60,1258.60,1259.50,8058
1788334020,1259.20,1259.70,1259.20,1259.60,3002
1788334080,1259.20,1259.50,1258.70,1259.10,9198
1788334140,1259.10,1259.70,1258.80,1259.20,7854
1788334200,1259.70,1259.70,1259.00,1259.00,3929
1788334260,1259.30,1259.30,1259.00,1259.10,5921
1788334320,1259.10,1259.50,1258.30,1258.80,11566
1788334380,1258.80,1258.80,1258.00,1258.40,7295
1788334440,1258.10,1258.40,1257.70,1258.00,7849
1788334500,1258.00,1258.00,1257.30,1257.60,4850
1788334560,1257.60,1257.60,1257.20,1257.20,6834
1788334620,1257.20,1257.50,1257.20,1257.40,25553
1788334680,1257.40,1257.40,1257.20,1257.30,4202
1788334740,1257.20,1257.30,1257.00,1257.10,8019
1788334800,1257.00,1257.10,1256.60,1257.00,5882
1788334860,1257.10,1258.00,1257.00,1258.00,13201
1788334920,1257.70,1258.00,1257.00,1257.50,6332
1788334980,1257.20,1257.60,1257.10,1257.60,7782
1788335040,1257.20,1257.80,1256.80,1257.30,19355
1788335100,1257.30,1257.40,1256.80,1256.80,4848
1788335160,1256.70,1257.10,1256.70,1256.90,9808
1788335220,1257.10,1257.20,1256.90,1257.10,5870
1788335280,1256.80,1257.20,1256.80,1256.80,4873
1788335340,1257.00,1257.70,1256.50,1257.50,44252
1788335400,1257.60,1257.70,1256.90,1257.30,13125
1788335460,1256.90,1257.50,1256.80,1257.30,18526
1788335520,1256.90,1257.40,1256.50,1256.90,4462
1788335580,1256.80,1256.90,1256.00,1256.00,5028
1788335640,1256.00,1257.00,1256.00,1256.90,14905
1788335700,1256.80,1256.90,1256.60,1256.90,5487
1788335760,1256.90,1257.00,1256.80,1257.00,5303
1788335820,1257.00,1257.00,1256.60,1256.90,5914
1788335880,1256.90,1256.90,1256.60,1256.70,10229
1788335940,1256.60,1256.70,1256.60,1256.60,4918
1788336000,1256.60,1256.70,1256.30,1256.50,5686
1788336060,1256.50,1256.70,1256.20,1256.40,9759
1788336120,1256.50,1256.50,1256.40,1256.40,5504
1788336180,1256.50,1256.50,1256.10,1256.10,7193
1788336240,1256.40,1256.40,1256.30,1256.40,7388
1788336300,1256.40,1256.50,1256.30,1256.50,7051
1788336360,1256.50,1257.00,1256.30,1257.00,14435
1788336420,1257.00,1257.00,1256.50,1256.70,6416
1788336480,1256.60,1256.70,1256.20,1256.50,5563
1788336540,1256.20,1256.40,1255.40,1255.60,7205
1788336600,1255.50,1255.80,1255.20,1255.80,18835
1788336660,1255.30,1257.20,1255.30,1257.00,67966
1788336720,1256.80,1257.50,1256.30,1257.30,48834
1788336780,1257.40,1257.40,1256.60,1257.00,105281
1788336840,1256.70,1257.20,1256.70,1257.20,13306
1788336900,1257.20,1257.70,1257.10,1257.60,14783
1788336960,1257.50,1258.00,1257.50,1257.60,96418
1788337020,1257.30,1258.90,1257.30,1258.40,47880
1788337080,1258.30,1258.60,1257.70,1258.00,30698
1788337140,1258.10,1258.20,1257.50,1257.60,22850
1788337200,1257.60,1257.60,1257.10,1257.30,5928
1788337260,1257.20,1258.10,1257.00,1257.30,25222
1788337320,1257.20,1257.30,1257.00,1257.10,3579
1788337380,1257.10,1257.50,1257.10,1257.50,19298
1788337440,1257.50,1257.50,1257.10,1257.20,4158
1788337500,1257.20,1257.20,1256.80,1256.90,21431
1788337560,1256.10,1256.70,1255.80,1255.90,57000
1788337620,1255.80,1258.60,1255.80,1258.00,86433
1788337680,1258.00,1258.00,1257.60,1257.80,207993
1788337740,1257.70,1258.00,1257.70,1258.00,9085
1788337800,1258.00,1259.50,1258.00,1259.50,38858
1788337860,1259.50,1260.50,1259.40,1260.10,16431
1788337920,1260.00,1260.30,1260.00,1260.10,30360
1788337980,1260.00,1260.40,1259.60,1260.00,4502
1788338040,1259.60,1260.00,1258.90,1259.00,79427
1788338100,1258.90,1259.00,1257.80,1258.20,15290
1788338160,1258.10,1259.20,1258.00,1258.90,55537
1788338220,1259.20,1260.10,1258.90,1259.40,48038
1788338280,1259.30,1259.60,1259.10,1259.10,8558
1788338340,1259.00,1259.10,1258.80,1259.00,9407
1788338400,1258.90,1259.30,1258.80,1259.30,11109
1788338460,1259.20,1259.30,1258.70,1258.90,6522
1788338520,1258.90,1259.60,1258.70,1259.20,18194
1788338580,1259.10,1259.20,1258.70,1258.80,6454
1788338640,1258.80,1259.70,1258.40,1259.30,26815
1788338700,1259.30,1259.60,1259.10,1259.50,4623
1788338760,1259.40,1259.50,1258.60,1258.70,6311
1788338820,1258.70,1259.60,1258.10,1259.30,24608
1788338880,1259.10,1259.10,1257.00,1257.20,19952
1788338940,1257.00,1257.20,1257.00,1257.20,6528
1788339000,1257.20,1257.20,1256.30,1256.30,11151
1788339060,1256.30,1256.40,1256.00,1256.30,5304
1788339120,1256.20,1256.30,1255.50,1255.80,17086
1788339180,1255.70,1255.80,1255.60,1255.80,3492
1788339240,1255.80,1255.80,1254.60,1255.80,26892
1788339300,1255.70,1256.20,1255.50,1255.70,13946
1788339360,1255.80,1256.40,1255.70,1256.10,9322
1788339420,1256.10,1256.20,1256.00,1256.10,2378
1788339480,1256.10,1257.30,1256.00,1257.30,22492
1788339540,1257.30,1258.10,1257.20,1257.80,33233
1788339600,1257.70,1257.90,1257.50,1257.80,8219
1788339660,1257.80,1258.00,1257.60,1258.00,9944
1788339720,1257.90,1258.20,1257.90,1258.20,19586
1788339780,1258.10,1258.20,1257.50,1258.00,51605
1788339840,1258.10,1258.20,1258.00,1258.00,14691
1788339900,1258.10,1258.10,1257.80,1258.00,15388
1788339960,1258.00,1258.20,1257.80,1258.20,51145
1788340020,1258.30,1258.50,1258.00,1258.00,12019
1788340080,1258.00,1258.00,1257.70,1257.70,15981
1788340140,1257.80,1257.80,1257.50,1257.60,13114
1788340200,1257.80,1258.10,1257.70,1257.90,20630
1788340260,1258.00,1258.20,1257.50,1257.60,19060
1788340320,1257.60,1257.70,1257.00,1257.20,9072
1788340380,1257.30,1257.30,1256.30,1256.30,6491
1788340440,1256.20,1256.20,1254.90,1255.00,11726
1788340500,1254.90,1255.20,1254.90,1255.10,20376
1788340560,1255.30,1255.50,1255.20,1255.30,6035
1788340620,1255.40,1255.50,1255.30,1255.40,6455
1788340680,1255.50,1256.00,1255.40,1255.90,18864
1788340740,1256.00,1256.00,1255.40,1255.60,10087
1788340800,1255.30,1255.40,1254.40,1254.50,10744
1788340860,1254.30,1255.10,1254.20,1254.60,25146
1788340920,1254.60,1255.00,1254.60,1254.90,12327
1788340980,1255.00,1255.00,1254.00,1254.00,8625
1788341040,1254.10,1254.10,1253.40,1253.60,20027
1788341100,1253.70,1253.70,1252.40,1252.40,13077
1788341160,1252.50,1252.70,1252.10,1252.10,11656
1788341220,1252.20,1252.60,1252.10,1252.30,25295
1788341280,1252.40,1252.50,1252.10,1252.30,11674
1788341340,1252.30,1253.20,1252.20,1252.50,22550
1788341400,1252.50,1252.70,1252.40,1252.60,7243
1788341460,1252.70,1252.70,1251.50,1251.50,18676
1788341520,1251.70,1251.70,1250.60,1251.10,23188
1788341580,1251.00,1251.30,1250.60,1250.60,16251
1788341640,1250.60,1250.70,1250.10,1250.30,18155
1788341700,1250.70,1251.90,1250.40,1251.70,46022
1788341760,1251.70,1251.80,1250.90,1251.30,27203
1788341820,1251.40,1251.40,1250.70,1250.90,55344
1788341880,1251.00,1251.60,1251.00,1251.30,23923
1788341940,1251.40,1252.40,1251.30,1252.10,26171
1788342000,1252.00,1252.90,1252.00,1252.90,24097
1788342060,1253.20,1253.30,1252.80,1252.80,16004
1788342120,1252.80,1252.80,1252.10,1252.80,26931
1788342180,1252.60,1253.00,1251.70,1252.10,37159
1788342240,1252.50,1253.10,1250.00,1251.40,35230
1788342300,1251.40,1251.40,1251.40,1251.40,4
1788342360,1251.40,1251.40,1251.40,1251.40,0
1788342420,1251.40,1251.40,1251.40,1251.40,0
1788342480,1251.40,1251.40,1251.40,1251.40,0
1788342540,1251.40,1251.40,1251.40,1251.40,0
1788342600,1251.40,1251.40,1251.40,1251.40,0
1788342660,1251.40,1251.40,1251.40,1251.40,0
1788342720,1251.40,1251.40,1251.40,1251.40,0
1788342780,1251.40,1251.40,1251.40,1251.40,0
1788342840,1251.40,1251.40,1251.40,1251.40,0
1788342900,1251.40,1251.40,1251.40,1251.40,0
1788342960,1251.40,1251.40,1251.40,1251.40,0
1788343020,1251.40,1251.40,1251.40,1251.40,0
1788343080,1251.40,1251.40,1251.40,1251.40,0
1788343140,1251.40,1253.90,1251.40,1253.90,169855
1788407100,1265.00,1268.00,1260.20,1267.50,66419
1788407160,1267.90,1271.00,1265.90,1268.90,23850
1788407220,1269.40,1270.10,1268.00,1268.00,9903
1788407280,1268.20,1268.80,1267.50,1267.60,11737
1788407340,1268.10,1269.10,1267.10,1267.90,11226
1788407400,1268.20,1268.20,1266.70,1267.50,6653
1788407460,1267.50,1268.50,1267.00,1267.00,41983
1788407520,1267.30,1269.30,1266.70,1269.30,16021
1788407580,1269.30,1272.50,1269.10,1270.50,43285
1788407640,1270.70,1270.70,1269.40,1269.80,13057
1788407700,1269.90,1270.40,1269.30,1270.00,19757
1788407760,1270.00,1270.40,1269.30,1269.30,7251
1788407820,1269.30,1269.30,1268.30,1268.50,8183
1788407880,1268.40,1268.40,1267.50,1267.70,18680
1788407940,1267.50,1268.60,1267.20,1267.80,12498
1788408000,1267.80,1270.50,1267.80,1270.50,16593
1788408060,1270.80,1271.70,1270.80,1271.30,16558
1788408120,1271.30,1271.40,1269.60,1270.20,9640
1788408180,1270.30,1273.70,1270.30,1273.50,42882
1788408240,1273.50,1274.90,1273.50,1274.30,19751
1788408300,1274.40,1274.50,1273.60,1273.80,21257
1788408360,1273.70,1274.20,1273.10,1274.00,9661
1788408420,1273.70,1273.90,1273.10,1273.70,8315
1788408480,1273.90,1274.10,1273.00,1273.50,25627
1788408540,1273.40,1273.40,1272.80,1273.40,10377
1788408600,1273.40,1277.20,1273.40,1277.10,70936
1788408660,1277.20,1277.40,1276.10,1276.60,12003
1788408720,1276.80,1276.80,1275.40,1275.40,11067
1788408780,1275.50,1277.00,1275.30,1277.00,26028
1788408840,1277.50,1278.70,1276.70,1277.10,46567
1788408900,1277.40,1278.70,1277.30,1278.70,25405
1788408960,1278.70,1278.90,1278.30,1278.70,19209
1788409020,1278.70,1278.80,1277.10,1278.20,23264
1788409080,1278.20,1278.50,1276.30,1277.30,17804
1788409140,1276.70,1278.50,1276.60,1278.00,27897
1788409200,1278.00,1278.20,1276.30,1276.30,9473
1788409260,1276.40,1278.00,1276.40,1277.40,29938
1788409320,1277.70,1277.90,1277.10,1277.10,3824
1788409380,1277.40,1278.00,1276.10,1276.50,7456
1788409440,1276.70,1278.00,1276.50,1277.10,9680
1788409500,1277.20,1277.80,1276.90,1277.40,4624
1788409560,1277.30,1277.80,1275.50,1275.70,21017
1788409620,1276.00,1276.90,1275.90,1276.10,7983
1788409680,1276.20,1276.20,1275.20,1275.30,4826
1788409740,1275.70,1275.70,1274.50,1274.70,10454
1788409800,1274.50,1274.90,1274.30,1274.30,5532
1788409860,1275.00,1275.20,1274.60,1275.00,5752
1788409920,1275.00,1275.10,1274.60,1274.90,1856
1788409980,1274.90,1274.90,1274.60,1274.60,3035
1788410040,1274.60,1274.70,1274.50,1274.50,2260
1788410100,1274.60,1274.70,1273.50,1273.50,8492
1788410160,1273.40,1273.50,1272.00,1272.60,21519
1788410220,1272.90,1272.90,1271.90,1272.30,15426
1788410280,1272.60,1272.70,1271.40,1272.00,5959
1788410340,1272.00,1272.00,1271.30,1271.30,2213
1788410400,1271.40,1273.20,1271.30,1272.60,19008
1788410460,1272.70,1272.70,1271.90,1271.90,4337
1788410520,1272.00,1272.20,1271.50,1271.80,1757
1788410580,1272.00,1272.00,1271.50,1271.60,1183
1788410640,1271.70,1272.00,1271.50,1271.90,1105
1788410700,1271.70,1271.70,1271.50,1271.60,475
1788410760,1271.60,1272.30,1271.50,1271.60,2710
1788410820,1272.00,1272.00,1271.60,1271.60,1125
1788410880,1271.80,1272.50,1271.80,1272.40,3547
1788410940,1272.50,1272.70,1272.20,1272.60,1490
1788411000,1272.70,1272.70,1272.30,1272.50,1695
1788411060,1272.30,1272.50,1272.10,1272.10,2871
1788411120,1271.90,1272.30,1271.70,1272.00,2392
1788411180,1272.10,1272.10,1271.00,1271.50,4527
1788411240,1271.20,1271.60,1271.00,1271.10,3860
1788411300,1270.90,1270.90,1270.10,1270.10,2521
1788411360,1270.10,1270.50,1269.30,1269.60,14045
1788411420,1269.70,1270.00,1269.20,1269.30,3388
1788411480,1269.30,1269.70,1269.00,1269.30,1460
1788411540,1269.50,1269.50,1268.20,1269.00,10412
1788411600,1269.10,1269.30,1268.50,1268.80,6053
1788411660,1269.20,1269.20,1268.60,1268.60,1133
1788411720,1268.80,1269.30,1268.50,1269.00,2138
1788411780,1269.00,1269.20,1268.60,1268.60,1923
1788411840,1268.50,1268.50,1268.10,1268.30,1937
1788411900,1268.10,1268.70,1268.10,1268.10,2351
1788411960,1268.60,1269.00,1267.80,1268.80,17220
1788412020,1268.80,1269.10,1267.90,1268.00,14272
1788412080,1268.00,1268.80,1267.90,1268.30,2423
1788412140,1268.50,1268.50,1266.50,1267.40,21626
1788412200,1267.40,1267.80,1266.90,1267.00,2587
1788412260,1267.10,1267.40,1266.70,1266.80,3689
1788412320,1267.10,1267.10,1265.80,1266.00,10193
1788412380,1265.80,1266.90,1265.60,1266.70,7620
1788412440,1266.70,1266.90,1266.40,1266.60,1905
1788412500,1266.70,1266.70,1266.10,1266.20,1928
1788412560,1266.20,1266.50,1265.90,1265.90,7454
1788412620,1265.90,1266.10,1265.70,1265.80,3651
1788412680,1266.10,1266.10,1265.80,1266.00,2215
1788412740,1266.10,1266.10,1265.80,1266.00,2492
1788412800,1265.90,1266.70,1265.80,1266.50,11571
1788412860,1266.80,1267.20,1266.30,1266.50,5891
1788412920,1266.60,1267.20,1266.50,1267.20,3286
1788412980,1267.10,1268.60,1266.20,1268.60,4794
1788413040,1268.60,1268.60,1267.00,1267.70,13501
1788413100,1267.70,1268.10,1267.70,1268.10,1566
1788413160,1268.40,1268.50,1268.00,1268.40,2612
1788413220,1268.30,1268.70,1268.10,1268.10,3050
1788413280,1268.30,1269.00,1267.90,1268.30,13487
1788413340,1268.30,1269.00,1268.30,1268.80,2048
1788413400,1268.90,1269.80,1268.70,1269.30,9057
1788413460,1269.70,1270.10,1269.40,1269.50,7171
1788413520,1269.50,1269.90,1269.00,1269.30,17726
1788413580,1269.60,1269.60,1268.70,1269.20,4663
1788413640,1269.20,1269.60,1269.10,1269.30,1308
1788413700,1269.10,1269.30,1268.80,1269.00,3488
1788413760,1269.00,1269.20,1268.70,1269.00,1365
1788413820,1269.30,1269.60,1269.00,1269.20,3655
1788413880,1269.40,1269.70,1269.30,1269.50,3476
1788413940,1269.50,1269.80,1268.00,1268.00,4821
1788414000,1267.80,1268.40,1267.70,1267.70,2776
1788414060,1267.80,1267.80,1267.30,1267.60,4774
1788414120,1267.80,1267.80,1267.20,1267.30,1853
1788414180,1267.40,1267.50,1266.60,1267.50,24213
1788414240,1268.00,1268.30,1267.50,1268.10,3928
1788414300,1268.30,1268.50,1267.50,1267.60,1661
1788414360,1267.90,1268.50,1267.60,1268.00,1979
1788414420,1268.00,1268.50,1267.70,1268.10,1407
1788414480,1268.50,1268.70,1268.10,1268.50,1907
1788414540,1268.30,1269.00,1268.30,1268.80,3384
1788414600,1268.90,1269.30,1268.70,1268.70,1411
1788414660,1268.80,1269.20,1268.70,1268.80,1524
1788414720,1268.90,1269.30,1268.90,1269.10,1768
1788414780,1269.10,1269.50,1269.00,1269.30,1028
1788414840,1269.30,1269.40,1268.70,1268.90,2478
1788414900,1269.30,1269.50,1268.80,1269.10,1623
1788414960,1269.20,1269.30,1269.00,1269.10,2299
1788415020,1269.30,1269.30,1269.00,1269.10,927
1788415080,1269.20,1269.20,1268.90,1268.90,1466
1788415140,1269.00,1269.00,1268.80,1268.80,2228
1788415200,1268.80,1269.60,1268.80,1269.50,2436
1788415260,1269.40,1269.50,1268.80,1269.00,980
1788415320,1268.90,1269.10,1268.70,1268.80,1038
1788415380,1268.80,1269.50,1268.50,1268.60,2412
1788415440,1269.00,1271.80,1269.00,1271.50,8376
1788415500,1271.50,1272.30,1271.50,1271.70,6813
1788415560,1272.10,1272.30,1271.80,1271.80,1075
1788415620,1271.80,1272.40,1271.80,1272.40,4044
1788415680,1272.50,1272.50,1271.80,1271.80,1221
1788415740,1272.10,1272.10,1271.50,1271.60,3696
1788415800,1271.80,1272.00,1271.30,1271.90,2431
1788415860,1271.90,1272.00,1271.50,1271.60,3338
1788415920,1271.70,1272.40,1271.60,1272.20,2623
1788415980,1272.20,1272.30,1272.00,1272.00,1172
1788416040,1272.00,1272.30,1272.00,1272.00,954
1788416100,1272.10,1272.30,1272.00,1272.00,2232
1788416160,1272.10,1272.20,1271.90,1271.90,5429
1788416220,1271.80,1272.50,1271.60,1272.00,5039
1788416280,1272.10,1272.90,1272.00,1272.70,2698
1788416340,1273.00,1273.50,1272.30,1272.90,6901
1788416400,1272.90,1273.70,1272.90,1273.50,9491
1788416460,1273.60,1273.90,1272.90,1273.40,22071
1788416520,1273.10,1273.60,1273.00,1273.10,1826
1788416580,1273.20,1273.30,1272.50,1272.90,2575
1788416640,1272.80,1272.80,1272.50,1272.60,1267
1788416700,1272.60,1272.70,1272.00,1272.00,2656
1788416760,1272.20,1272.60,1272.00,1272.50,1232
1788416820,1272.50,1273.80,1272.50,1273.80,6753
1788416880,1273.90,1274.40,1273.80,1274.00,4926
1788416940,1274.10,1274.20,1273.90,1273.90,1185
1788417000,1273.90,1274.10,1273.40,1273.40,3728
1788417060,1273.40,1273.40,1272.60,1272.90,2941
1788417120,1273.00,1273.50,1272.90,1273.40,1960
1788417180,1273.50,1273.50,1273.00,1273.20,1662
1788417240,1273.10,1273.30,1272.10,1273.10,11259
1788417300,1273.00,1273.50,1272.60,1273.10,2679
1788417360,1273.30,1273.60,1273.00,1273.40,1621
1788417420,1273.50,1273.50,1273.10,1273.10,1628
1788417480,1273.10,1273.40,1272.90,1273.10,1224
1788417540,1273.20,1273.40,1272.70,1272.80,871
1788417600,1273.20,1273.80,1273.00,1273.50,1774
1788417660,1273.60,1273.80,1273.30,1273.40,1181
1788417720,1273.60,1273.60,1273.10,1273.50,1292
1788417780,1273.50,1273.70,1273.00,1273.70,1547
1788417840,1273.80,1274.00,1273.50,1273.70,2396
1788417900,1273.80,1273.80,1273.30,1273.40,1105
1788417960,1273.70,1273.80,1272.70,1273.20,3208
1788418020,1273.20,1273.50,1272.60,1272.70,3097
1788418080,1273.20,1273.30,1272.70,1272.70,1362
1788418140,1272.70,1273.10,1272.50,1272.50,4963
1788418200,1272.60,1273.00,1272.50,1272.90,8529
1788418260,1273.00,1273.00,1272.60,1272.60,3300
1788418320,1273.00,1273.00,1272.40,1272.40,1141
1788418380,1272.40,1273.00,1272.10,1272.90,2321
1788418440,1272.90,1273.00,1272.30,1272.60,1381
1788418500,1272.70,1272.80,1272.40,1272.80,1376
1788418560,1272.70,1273.40,1272.70,1272.70,4426
1788418620,1272.80,1272.80,1272.30,1272.80,3490
1788418680,1272.40,1273.10,1272.40,1272.90,2225
1788418740,1272.90,1272.90,1272.30,1272.30,1944
1788418800,1271.80,1272.40,1271.80,1272.20,6854
1788418860,1272.40,1272.90,1272.20,1272.70,2097
1788418920,1272.70,1273.50,1272.70,1273.20,2407
1788418980,1273.50,1273.50,1273.00,1273.00,1318
1788419040,1273.00,1273.40,1272.80,1272.90,900
1788419100,1273.20,1273.20,1272.30,1272.40,5886
1788419160,1272.50,1272.60,1272.20,1272.50,3450
1788419220,1272.60,1272.80,1272.20,1272.30,3352
1788419280,1272.30,1273.40,1272.30,1273.40,2763
1788419340,1273.30,1273.70,1273.10,1273.50,3063
1788419400,1273.60,1273.60,1273.00,1273.30,1374
1788419460,1273.50,1273.70,1273.00,1273.40,1764
1788419520,1273.50,1273.50,1272.30,1272.60,5186
1788419580,1272.80,1273.30,1272.50,1272.70,1094
1788419640,1273.10,1273.40,1273.00,1273.40,1222
1788419700,1273.30,1273.60,1273.10,1273.10,828
1788419760,1273.60,1273.60,1273.20,1273.20,1292
1788419820,1273.30,1273.30,1272.30,1273.30,7166
1788419880,1273.20,1273.20,1272.60,1272.70,2447
1788419940,1272.60,1273.30,1272.40,1272.40,5192
1788420000,1272.40,1273.00,1272.10,1273.00,3051
1788420060,1272.90,1273.20,1272.70,1273.00,824
1788420120,1273.10,1273.20,1272.60,1272.90,11310
1788420180,1273.00,1273.20,1273.00,1273.00,1780
1788420240,1273.10,1273.40,1273.00,1273.00,859
1788420300,1273.20,1273.20,1272.40,1272.40,1343
1788420360,1272.40,1272.50,1271.80,1272.50,2137
1788420420,1272.50,1272.90,1272.40,1272.70,3562
1788420480,1273.20,1273.40,1272.90,1273.00,1297
1788420540,1272.90,1273.40,1272.90,1273.10,789
1788420600,1273.20,1273.30,1272.80,1272.90,1322
1788420660,1273.00,1273.20,1272.90,1272.90,1268
1788420720,1272.90,1273.00,1272.20,1272.20,1787
1788420780,1272.50,1272.90,1272.20,1272.40,3208
1788420840,1272.40,1272.90,1272.40,1272.60,977
1788420900,1272.50,1273.30,1272.50,1273.20,1452
1788420960,1272.80,1273.30,1272.80,1273.00,1140
1788421020,1273.20,1273.50,1273.10,1273.30,2845
1788421080,1273.30,1273.50,1273.20,1273.20,1872
1788421140,1273.30,1273.40,1273.20,1273.30,762
1788421200,1273.20,1273.50,1273.20,1273.40,1745
1788421260,1273.50,1274.80,1273.40,1274.80,14631
1788421320,1275.20,1276.00,1275.10,1275.80,18784
1788421380,1276.00,1276.00,1275.00,1275.20,4219
1788421440,1275.10,1275.70,1275.10,1275.50,6892
1788421500,1275.70,1276.20,1275.50,1275.70,11786
1788421560,1275.80,1276.20,1275.60,1275.70,3249
1788421620,1275.90,1276.10,1275.30,1276.10,11110
1788421680,1276.20,1276.60,1275.40,1275.50,5378
1788421740,1275.50,1275.60,1274.50,1274.70,8180
1788421800,1274.90,1274.90,1273.80,1274.20,3984
1788421860,1273.90,1274.80,1273.90,1274.60,8619
1788421920,1274.80,1275.30,1274.20,1274.20,8393
1788421980,1274.40,1275.40,1274.40,1274.40,3447
1788422040,1274.90,1274.90,1273.90,1273.90,1250
1788422100,1274.00,1274.00,1272.90,1273.30,3517
1788422160,1273.50,1274.70,1273.50,1274.30,2546
1788422220,1274.30,1274.70,1274.00,1274.40,879
1788422280,1274.40,1274.90,1274.20,1274.40,916
1788422340,1274.40,1275.00,1273.80,1274.40,6283
1788422400,1274.40,1274.60,1274.30,1274.60,2097
1788422460,1274.60,1275.00,1274.50,1275.00,4485
1788422520,1274.80,1274.80,1273.50,1273.80,2117
1788422580,1273.80,1274.60,1273.60,1274.60,2861
1788422640,1274.50,1274.60,1274.20,1274.50,3997
1788422700,1274.40,1275.00,1274.40,1275.00,12741
1788422760,1275.00,1275.40,1274.90,1275.20,26825
1788422820,1275.00,1275.90,1274.40,1274.40,14388
1788422880,1274.70,1274.80,1273.70,1274.00,2169
1788422940,1274.00,1274.00,1272.90,1273.10,6426
1788423000,1273.40,1273.90,1273.10,1273.90,11170
1788423060,1273.40,1274.00,1273.20,1273.20,9932
1788423120,1272.90,1274.00,1272.90,1273.90,17161
1788423180,1273.90,1274.40,1272.40,1272.70,21923
1788423240,1273.20,1273.70,1271.90,1273.50,41962
1788423300,1273.50,1273.70,1273.10,1273.30,2075
1788423360,1273.40,1274.40,1273.00,1273.40,2834
1788423420,1273.30,1273.60,1272.60,1273.20,3607
1788423480,1273.20,1273.80,1272.90,1273.00,5561
1788423540,1272.90,1273.70,1272.70,1273.50,29790
1788423600,1273.60,1273.90,1272.70,1272.80,38574
1788423660,1273.00,1273.00,1272.50,1272.60,7894
1788423720,1273.00,1273.00,1272.10,1272.40,14281
1788423780,1272.30,1272.60,1272.00,1272.10,6607
1788423840,1272.10,1272.30,1272.00,1272.30,7513
1788423900,1272.30,1272.60,1272.00,1272.20,7234
1788423960,1272.50,1272.90,1272.20,1272.80,2972
1788424020,1272.90,1273.10,1272.90,1273.10,10179
1788424080,1273.00,1273.50,1272.90,1273.40,14665
1788424140,1273.30,1274.00,1273.20,1273.80,5428
1788424200,1274.00,1274.80,1273.60,1274.80,3297
1788424260,1274.60,1274.80,1273.70,1274.10,5960
1788424320,1274.20,1274.40,1273.50,1273.60,12149
1788424380,1273.70,1275.00,1273.60,1274.90,13519
1788424440,1275.00,1275.00,1273.90,1274.00,5126
1788424500,1273.90,1274.00,1273.90,1273.90,3139
1788424560,1273.90,1273.90,1273.60,1273.90,4266
1788424620,1273.80,1273.90,1273.10,1273.60,6682
1788424680,1273.60,1273.90,1273.40,1273.90,6906
1788424740,1273.80,1273.90,1273.70,1273.90,2089
1788424800,1273.80,1273.80,1273.20,1273.60,7338
1788424860,1273.60,1273.60,1273.30,1273.60,2461
1788424920,1273.60,1273.60,1273.40,1273.60,1716
1788424980,1273.60,1273.60,1273.40,1273.60,2806
1788425040,1273.50,1273.60,1273.20,1273.50,4113
1788425100,1273.50,1273.60,1272.80,1273.30,10936
1788425160,1273.40,1275.00,1273.20,1275.00,35777
1788425220,1275.00,1275.20,1274.40,1275.20,4112
1788425280,1275.30,1275.50,1274.60,1275.30,3673
1788425340,1275.30,1275.60,1274.80,1275.40,3634
1788425400,1275.40,1275.60,1275.30,1275.60,5938
1788425460,1275.60,1275.80,1275.10,1275.30,19168
1788425520,1275.30,1275.40,1273.80,1274.30,10266
1788425580,1274.50,1275.20,1274.50,1274.90,2659
1788425640,1275.00,1275.10,1273.90,1274.00,8358
1788425700,1274.00,1274.00,1273.90,1274.00,3213
1788425760,1274.00,1274.00,1273.80,1273.90,2889
1788425820,1274.00,1274.00,1273.70,1274.00,2954
1788425880,1274.00,1274.10,1273.90,1274.00,9074
1788425940,1274.00,1274.30,1274.00,1274.20,4591
1788426000,1274.20,1274.20,1273.70,1273.80,9834
1788426060,1273.90,1274.40,1273.90,1274.30,31871
1788426120,1274.30,1274.30,1273.80,1274.00,5959
1788426180,1274.20,1274.30,1273.70,1274.20,7568
1788426240,1274.30,1274.30,1274.00,1274.20,7997
1788426300,1274.10,1274.20,1273.70,1274.00,3952
1788426360,1274.10,1274.20,1273.50,1274.00,7660
1788426420,1274.00,1274.00,1273.70,1273.80,3871
1788426480,1273.80,1273.90,1273.40,1273.80,13873
1788426540,1273.90,1273.90,1273.40,1273.70,4129
1788426600,1273.80,1273.80,1273.00,1273.00,8875
1788426660,1272.90,1273.20,1272.70,1272.70,5461
1788426720,1272.90,1272.90,1272.50,1272.70,8517
1788426780,1272.70,1272.90,1272.10,1272.30,9282
1788426840,1272.30,1272.70,1271.90,1271.90,7143
1788426900,1271.90,1273.40,1271.50,1273.00,27844
1788426960,1272.90,1273.40,1272.40,1273.10,51594
1788427020,1273.10,1273.60,1271.90,1272.30,32147
1788427080,1272.40,1273.90,1271.90,1273.60,103917
1788427140,1273.70,1275.50,1273.60,1274.30,18155
1788427200,1274.40,1274.70,1273.50,1273.50,7844
1788427260,1273.70,1273.90,1273.00,1273.10,11817
1788427320,1273.00,1273.40,1272.30,1272.30,8700
1788427380,1272.50,1272.50,1271.90,1272.30,7268
1788427440,1271.90,1272.40,1271.90,1272.20,4372
1788427500,1271.80,1272.60,1271.80,1272.40,6111
1788427560,1272.30,1272.30,1271.10,1271.20,12282
1788427620,1271.40,1271.40,1270.70,1270.70,7962
1788427680,1270.90,1270.90,1270.10,1270.30,9636
1788427740,1270.10,1270.20,1269.60,1269.80,20224
1788427800,1269.90,1270.00,1269.30,1269.40,6556
1788427860,1269.40,1273.00,1269.40,1271.40,35972
1788427920,1271.30,1272.40,1271.00,1271.90,6433
1788427980,1271.80,1272.40,1271.40,1271.60,6348
1788428040,1271.60,1271.60,1269.70,1269.90,24912
1788428100,1269.80,1269.90,1269.10,1269.70,27841
1788428160,1269.70,1269.70,1268.90,1269.00,28641
1788428220,1268.90,1269.00,1268.80,1268.80,12899
1788428280,1268.90,1270.20,1268.40,1269.90,52849
1788428340,1270.00,1271.20,1269.60,1270.30,33180
1788428400,1270.10,1270.40,1269.50,1269.90,38280
1788428460,1269.90,1270.20,1269.80,1270.10,25550
1788428520,1270.00,1271.80,1270.00,1271.60,40358
1788428580,1271.60,1272.80,1271.30,1272.50,14823
1788428640,1272.70,1273.50,1269.70,1269.70,25212
1788428700,1270.50,1270.50,1270.50,1270.50,218
1788428760,1270.50,1270.50,1270.50,1270.50,0
1788428820,1270.50,1270.50,1270.50,1270.50,0
1788428880,1270.50,1270.50,1270.50,1270.50,0
1788428940,1270.50,1270.50,1270.50,1270.50,0
1788429000,1270.50,1270.50,1270.50,1270.50,0
1788429060,1270.50,1270.50,1270.50,1270.50,0
1788429120,1270.50,1270.50,1270.50,1270.50,0
1788429180,1270.50,1270.50,1270.50,1270.50,0
1788429240,1270.50,1270.50,1270.50,1270.50,0
1788429300,1270.50,1270.50,1270.50,1270.50,0
1788429360,1270.50,1270.50,1270.50,1270.50,0
1788429420,1270.50,1270.50,1270.50,1270.50,0
1788429480,1270.50,1270.50,1270.50,1270.50,0
1788429540,1267.00,1267.00,1267.00,1267.00,140594
1788493500,1270.30,1270.30,1267.40,1267.50,18278
1788493560,1267.00,1268.40,1266.20,1266.80,12459
1788493620,1266.80,1266.90,1263.50,1264.00,9109
1788493680,1264.00,1264.70,1262.30,1264.40,11682
1788493740,1264.50,1265.40,1264.10,1265.00,3067
1788493800,1265.30,1265.40,1264.50,1264.60,2986
1788493860,1264.60,1265.00,1264.50,1264.70,1835
1788493920,1264.70,1265.80,1264.70,1265.80,3667
1788493980,1266.00,1266.00,1265.60,1266.00,804
1788494040,1266.00,1266.00,1265.60,1265.80,1526
1788494100,1265.90,1266.00,1265.30,1265.30,2817
1788494160,1265.30,1265.60,1264.80,1265.00,3163
1788494220,1265.00,1265.00,1264.00,1264.00,17520
1788494280,1264.00,1264.00,1263.10,1263.60,2001
1788494340,1263.80,1264.40,1263.50,1264.40,8453
1788494400,1264.50,1264.80,1264.00,1264.00,2376
1788494460,1263.70,1263.70,1262.00,1262.40,17435
1788494520,1263.00,1263.50,1263.00,1263.00,998
1788494580,1263.00,1263.70,1263.00,1263.50,1130
1788494640,1263.50,1264.40,1263.50,1263.90,4094
1788494700,1263.90,1264.50,1263.70,1264.50,10648
1788494760,1264.50,1264.50,1263.20,1263.70,17893
1788494820,1263.90,1265.00,1263.90,1264.60,4945
1788494880,1264.60,1265.50,1264.60,1265.20,1146
1788494940,1265.20,1265.30,1265.00,1265.30,1386
1788495000,1265.30,1267.00,1265.30,1266.60,12834
1788495060,1266.60,1266.70,1265.90,1266.20,2787
1788495120,1266.20,1266.70,1266.20,1266.50,2178
1788495180,1266.70,1266.70,1266.30,1266.70,3049
1788495240,1266.70,1267.20,1265.90,1267.20,24583
1788495300,1267.30,1269.50,1267.30,1269.10,6991
1788495360,1269.10,1269.50,1269.00,1269.00,1350
1788495420,1269.20,1269.20,1268.30,1268.30,7345
1788495480,1268.50,1268.80,1268.30,1268.30,1201
1788495540,1268.00,1268.20,1268.00,1268.00,1109
1788495600,1268.10,1268.20,1267.80,1267.80,2249
1788495660,1268.20,1268.60,1268.20,1268.60,1821
1788495720,1268.60,1269.50,1267.30,1267.30,8689
1788495780,1267.40,1267.40,1266.10,1267.20,5112
1788495840,1267.20,1267.20,1266.20,1266.30,2002
1788495900,1266.90,1266.90,1266.10,1266.10,1523
1788495960,1266.30,1266.60,1266.00,1266.00,1220
1788496020,1265.90,1266.40,1265.40,1265.40,3676
1788496080,1265.90,1266.00,1264.40,1264.70,15511
1788496140,1264.60,1265.00,1264.20,1264.30,11162
1788496200,1264.70,1265.50,1264.40,1265.00,1444
1788496260,1265.00,1265.00,1264.60,1264.60,10592
1788496320,1264.60,1265.00,1264.50,1264.70,2590
1788496380,1265.00,1266.00,1264.60,1265.40,105166
1788496440,1265.70,1266.20,1265.40,1265.60,4351
1788496500,1265.90,1266.00,1264.80,1264.90,5212
1788496560,1265.00,1265.00,1264.30,1264.30,1488
1788496620,1264.50,1264.60,1263.70,1263.90,3875
1788496680,1264.30,1264.70,1263.90,1264.70,3869
1788496740,1264.60,1264.60,1263.80,1263.90,1920
1788496800,1263.80,1263.90,1263.30,1263.60,2279
1788496860,1264.00,1264.20,1263.30,1264.20,17716
1788496920,1263.70,1264.20,1263.70,1264.10,920
1788496980,1264.00,1264.00,1263.70,1263.70,673
1788497040,1263.70,1264.00,1263.30,1263.60,2147
1788497100,1264.00,1264.00,1263.30,1263.30,1043
1788497160,1263.00,1264.20,1262.50,1262.50,43243
1788497220,1263.10,1263.80,1262.60,1263.20,1616
1788497280,1263.40,1263.90,1263.00,1263.90,1877
1788497340,1263.90,1264.00,1262.50,1263.30,41878
1788497400,1263.00,1264.20,1262.60,1263.90,7962
1788497460,1264.00,1264.70,1263.50,1264.30,4374
1788497520,1264.70,1264.90,1264.10,1264.60,2945
1788497580,1264.70,1264.70,1264.20,1264.60,1524
1788497640,1264.30,1265.10,1264.30,1264.60,2760
1788497700,1265.10,1265.50,1264.60,1265.50,3604
1788497760,1265.40,1265.40,1264.30,1265.00,3747
1788497820,1264.50,1265.20,1264.50,1264.60,1671
1788497880,1265.10,1265.20,1264.50,1264.80,2972
1788497940,1265.20,1265.30,1264.70,1265.10,2712
1788498000,1265.20,1266.40,1265.10,1266.10,6692
1788498060,1266.10,1266.50,1266.00,1266.50,1965
1788498120,1266.50,1266.80,1266.10,1266.20,2278
1788498180,1266.60,1266.80,1266.10,1266.10,1244
1788498240,1266.00,1266.40,1266.00,1266.00,3726
1788498300,1266.00,1266.40,1266.00,1266.00,4418
1788498360,1266.00,1266.40,1266.00,1266.10,1503
1788498420,1266.30,1268.50,1266.00,1267.80,14555
1788498480,1267.80,1269.00,1267.40,1268.40,6874
1788498540,1268.70,1268.80,1268.40,1268.40,869
1788498600,1268.60,1269.30,1268.50,1269.20,8778
1788498660,1269.10,1269.10,1268.60,1268.60,2946
1788498720,1269.00,1269.00,1267.70,1268.00,8603
1788498780,1268.40,1268.40,1267.80,1268.30,1966
1788498840,1268.00,1268.30,1267.50,1267.50,4820
1788498900,1267.50,1268.00,1267.50,1267.50,647
1788498960,1268.00,1268.00,1267.00,1267.10,5536
1788499020,1267.50,1267.90,1267.20,1267.40,5395
1788499080,1267.70,1267.80,1267.30,1267.70,1030
1788499140,1267.90,1267.90,1267.50,1267.50,8671
1788499200,1267.50,1268.00,1267.50,1267.70,10125
1788499260,1268.00,1268.10,1267.70,1267.80,2514
1788499320,1268.00,1268.00,1267.60,1267.60,2654
1788499380,1268.00,1268.00,1267.70,1267.70,2326
1788499440,1268.00,1268.00,1267.70,1268.00,675
1788499500,1268.00,1268.10,1267.80,1267.80,2951
1788499560,1268.00,1268.00,1267.30,1267.30,10061
1788499620,1266.80,1267.50,1266.80,1267.10,2046
1788499680,1267.30,1267.60,1267.10,1267.30,536
1788499740,1267.60,1267.70,1267.30,1267.30,1109
1788499800,1267.30,1268.10,1267.30,1267.80,22836
1788499860,1268.10,1268.20,1267.80,1267.80,3629
1788499920,1267.70,1268.20,1267.70,1267.70,15821
1788499980,1268.00,1268.00,1267.70,1267.70,566
1788500040,1267.80,1268.00,1267.70,1267.70,1518
1788500100,1268.00,1268.00,1267.70,1267.80,1030
1788500160,1267.90,1267.90,1267.70,1267.70,481
1788500220,1267.90,1268.20,1267.70,1268.20,24445
1788500280,1268.20,1268.40,1267.80,1267.80,7495
1788500340,1268.20,1268.30,1267.80,1267.80,6317
1788500400,1267.70,1269.50,1267.70,1269.40,19799
1788500460,1269.90,1270.90,1269.40,1269.50,14937
1788500520,1269.90,1270.00,1268.10,1268.20,3858
1788500580,1268.20,1268.90,1268.20,1268.90,1034
1788500640,1269.00,1269.40,1268.60,1269.40,1795
1788500700,1269.30,1269.30,1268.70,1268.70,2391
1788500760,1269.00,1269.10,1268.00,1268.00,4155
1788500820,1268.40,1269.20,1268.40,1269.00,4972
1788500880,1269.20,1269.50,1268.80,1269.10,1140
1788500940,1269.50,1269.90,1269.00,1269.90,2433
1788501000,1269.50,1270.00,1269.40,1269.40,1449
1788501060,1269.60,1270.00,1269.40,1269.60,780
1788501120,1269.80,1269.90,1269.50,1269.50,1020
1788501180,1269.90,1269.90,1269.50,1269.80,3919
1788501240,1269.50,1269.70,1268.60,1268.80,1402
1788501300,1268.80,1269.10,1268.60,1268.70,942
1788501360,1269.10,1269.10,1268.50,1268.50,4137
1788501420,1268.90,1269.00,1268.50,1268.50,646
1788501480,1268.50,1268.70,1268.00,1268.60,5049
1788501540,1268.50,1268.60,1268.00,1268.00,1861
1788501600,1268.00,1269.00,1268.00,1268.80,6230
1788501660,1268.30,1268.90,1268.30,1268.50,904
1788501720,1268.80,1268.90,1268.30,1268.40,2640
1788501780,1268.80,1268.90,1268.10,1268.10,440
1788501840,1268.10,1268.40,1268.00,1268.10,1028
1788501900,1268.30,1268.60,1268.10,1268.20,3223
1788501960,1268.50,1268.80,1268.20,1268.50,2403
1788502020,1268.70,1268.70,1268.10,1268.10,1670
1788502080,1268.50,1270.50,1268.10,1270.20,23656
1788502140,1270.60,1277.10,1270.10,1273.80,407414
1788502200,1273.90,1273.90,1272.00,1272.00,13571
1788502260,1272.50,1272.50,1272.00,1272.00,10400
1788502320,1272.40,1272.40,1270.80,1271.00,2868
1788502380,1271.60,1271.70,1271.00,1271.10,2164
1788502440,1271.40,1271.40,1270.00,1270.50,6365
1788502500,1270.00,1270.50,1269.80,1270.20,3412
1788502560,1270.50,1270.80,1270.10,1270.40,2552
1788502620,1270.70,1270.80,1270.40,1270.40,1136
1788502680,1270.80,1270.90,1270.30,1270.30,3830
1788502740,1270.60,1271.50,1270.30,1271.20,4660
1788502800,1271.30,1273.50,1271.20,1273.00,6235
1788502860,1273.50,1273.80,1273.10,1273.80,1228
1788502920,1273.70,1274.90,1273.70,1274.20,6295
1788502980,1274.70,1274.80,1274.00,1274.80,3627
1788503040,1274.80,1274.90,1274.00,1274.70,921
1788503100,1274.40,1274.50,1274.00,1274.40,1105
1788503160,1274.00,1274.50,1273.50,1273.50,6582
1788503220,1273.80,1273.80,1273.10,1273.30,2708
1788503280,1273.80,1273.80,1273.00,1273.30,2097
1788503340,1273.50,1273.80,1273.10,1273.50,1193
1788503400,1273.50,1273.70,1272.60,1272.90,4792
1788503460,1272.90,1273.00,1272.50,1272.70,3761
1788503520,1272.70,1273.10,1272.60,1272.70,2998
1788503580,1273.00,1273.10,1272.50,1272.90,1345
1788503640,1272.50,1273.10,1272.30,1272.60,6303
1788503700,1272.70,1272.80,1272.10,1272.20,1949
1788503760,1272.60,1272.70,1272.20,1272.60,1127
1788503820,1272.20,1272.50,1272.10,1272.30,1709
1788503880,1272.50,1273.30,1272.50,1273.20,6715
1788503940,1273.30,1273.30,1272.60,1272.60,1119
1788504000,1273.00,1273.10,1272.30,1272.60,1714
1788504060,1272.80,1272.80,1272.30,1272.80,1110
1788504120,1272.40,1272.90,1272.40,1272.90,1756
1788504180,1272.90,1273.00,1271.90,1271.90,2215
1788504240,1272.00,1272.60,1271.70,1272.60,8934
1788504300,1272.60,1272.80,1272.20,1272.60,1534
1788504360,1272.60,1273.60,1272.20,1273.60,6693
1788504420,1273.60,1273.60,1273.20,1273.50,2258
1788504480,1273.40,1274.00,1273.20,1273.20,3865
1788504540,1273.70,1273.70,1273.00,1273.00,1440
1788504600,1273.30,1273.40,1273.00,1273.00,806
1788504660,1273.30,1273.40,1273.00,1273.00,2237
1788504720,1273.20,1273.60,1273.00,1273.50,5030
1788504780,1273.50,1274.00,1273.50,1274.00,1312
1788504840,1273.80,1274.60,1273.70,1273.70,3012
1788504900,1274.20,1274.80,1273.30,1274.70,3037
1788504960,1274.80,1275.70,1274.70,1275.00,9031
1788505020,1275.00,1275.30,1274.30,1274.30,2002
1788505080,1274.80,1274.80,1274.30,1274.80,1698
1788505140,1274.80,1275.00,1274.50,1275.00,1634
1788505200,1275.00,1275.00,1273.70,1274.50,11322
1788505260,1274.50,1274.50,1273.90,1274.30,3530
1788505320,1274.30,1274.40,1273.80,1274.10,1341
1788505380,1274.40,1274.60,1274.10,1274.20,2382
1788505440,1274.50,1274.60,1273.60,1274.50,5390
1788505500,1274.50,1274.60,1273.30,1273.90,3703
1788505560,1273.50,1273.90,1273.20,1273.20,4860
1788505620,1273.50,1273.60,1273.10,1273.10,1270
1788505680,1273.50,1273.60,1273.10,1273.10,2171
1788505740,1273.40,1273.70,1273.10,1273.70,1128
1788505800,1273.70,1273.80,1273.20,1273.80,3191
1788505860,1273.80,1273.90,1273.40,1273.50,2111
1788505920,1273.90,1273.90,1273.50,1273.50,4086
1788505980,1273.80,1273.80,1273.00,1273.60,20763
1788506040,1273.60,1273.90,1273.10,1273.60,4104
1788506100,1273.30,1273.60,1273.10,1273.20,3169
1788506160,1273.20,1273.60,1273.00,1273.50,9265
1788506220,1273.50,1273.60,1273.20,1273.20,1245
1788506280,1273.60,1273.60,1273.20,1273.50,987
1788506340,1273.60,1273.60,1273.10,1273.20,1741
1788506400,1273.50,1273.50,1273.10,1273.40,1258
1788506460,1273.40,1273.50,1273.10,1273.10,1848
1788506520,1273.40,1274.40,1273.20,1274.10,23858
1788506580,1273.90,1274.20,1273.80,1274.00,999
1788506640,1274.00,1274.00,1273.30,1273.70,2716
1788506700,1273.70,1273.90,1273.20,1273.50,2562
1788506760,1273.20,1273.50,1273.10,1273.40,1080
1788506820,1273.10,1273.40,1273.00,1273.20,4224
1788506880,1273.20,1273.50,1273.10,1273.50,1979
1788506940,1273.50,1274.00,1273.50,1274.00,1869
1788507000,1273.60,1276.40,1273.60,1275.90,10665
1788507060,1275.90,1276.40,1274.00,1274.70,23891
1788507120,1274.70,1274.70,1274.00,1274.60,1745
1788507180,1274.60,1274.80,1274.30,1274.80,1511
1788507240,1274.60,1276.00,1274.40,1275.50,12673
1788507300,1275.60,1275.70,1275.00,1275.00,7796
1788507360,1275.30,1275.40,1275.00,1275.00,6448
1788507420,1275.30,1275.40,1274.70,1274.90,7311
1788507480,1275.10,1275.10,1274.30,1275.00,4473
1788507540,1275.10,1275.20,1274.40,1275.00,4828
1788507600,1275.20,1275.60,1274.60,1275.20,3425
1788507660,1275.60,1275.60,1274.40,1274.40,3863
1788507720,1274.90,1274.90,1274.50,1274.80,1918
1788507780,1274.80,1274.90,1274.50,1274.90,1808
1788507840,1274.80,1275.00,1273.90,1274.00,23762
1788507900,1274.00,1274.60,1273.80,1274.30,18433
1788507960,1274.30,1274.60,1273.80,1274.50,3586
1788508020,1274.50,1275.00,1274.40,1274.90,3236
1788508080,1274.90,1275.00,1274.10,1274.30,2442
1788508140,1274.90,1275.40,1274.70,1275.40,3489
1788508200,1275.10,1275.50,1275.00,1275.40,1932
1788508260,1275.10,1275.50,1275.00,1275.00,1282
1788508320,1275.40,1276.00,1275.00,1275.90,11792
1788508380,1275.50,1276.00,1275.00,1275.40,16994
1788508440,1275.40,1275.90,1275.00,1275.60,17265
1788508500,1275.60,1275.90,1275.20,1275.20,5741
1788508560,1275.20,1276.20,1275.20,1275.70,9068
1788508620,1276.00,1276.00,1275.20,1275.30,2838
1788508680,1275.50,1276.30,1275.20,1275.60,5867
1788508740,1275.70,1275.70,1275.00,1275.70,5808
1788508800,1275.70,1275.80,1275.20,1275.40,1797
1788508860,1275.80,1276.00,1275.40,1275.40,1188
1788508920,1275.40,1275.50,1275.00,1275.00,5767
1788508980,1275.20,1275.80,1275.00,1275.50,5820
1788509040,1275.90,1275.90,1275.10,1275.10,2382
1788509100,1275.10,1278.20,1275.10,1278.10,143222
1788509160,1278.00,1278.80,1278.00,1278.20,6956
1788509220,1278.50,1279.70,1277.90,1278.40,24238
1788509280,1278.70,1279.00,1277.70,1278.30,36843
1788509340,1278.50,1278.90,1278.10,1278.90,3786
1788509400,1278.90,1279.50,1278.30,1278.70,17528
1788509460,1279.10,1279.30,1278.40,1279.20,23438
1788509520,1279.10,1279.10,1277.90,1278.40,29131
1788509580,1278.40,1278.60,1277.90,1277.90,8692
1788509640,1278.00,1278.60,1277.60,1278.50,11778
1788509700,1278.70,1278.80,1278.20,1278.70,8004
1788509760,1278.70,1278.70,1278.30,1278.30,3786
1788509820,1278.30,1278.70,1278.30,1278.70,2137
1788509880,1278.60,1278.80,1278.30,1278.30,1295
1788509940,1278.70,1278.70,1278.00,1278.50,10392
1788510000,1278.50,1278.80,1278.50,1278.50,1617
1788510060,1278.80,1278.80,1278.50,1278.50,1255
1788510120,1278.80,1278.90,1278.50,1278.50,2744
1788510180,1278.80,1278.80,1278.50,1278.60,2445
1788510240,1278.60,1278.70,1278.50,1278.50,1303
1788510300,1278.60,1278.60,1278.50,1278.50,1461
1788510360,1278.60,1279.10,1278.50,1279.10,10833
1788510420,1279.50,1280.70,1279.50,1279.50,103332
1788510480,1280.00,1280.00,1279.10,1279.40,3080
1788510540,1279.40,1279.60,1279.00,1279.10,1655
1788510600,1279.50,1279.50,1279.00,1279.20,2895
1788510660,1279.40,1279.50,1278.80,1279.40,2847
1788510720,1278.90,1279.40,1278.60,1278.60,5707
1788510780,1279.10,1279.20,1278.60,1278.60,1759
1788510840,1279.00,1279.30,1278.60,1278.90,4888
1788510900,1279.30,1279.40,1278.90,1279.00,1995
1788510960,1279.40,1279.50,1278.90,1278.90,1656
1788511020,1279.40,1279.40,1278.90,1279.00,4209
1788511080,1279.30,1279.30,1278.90,1278.90,5682
1788511140,1279.00,1279.10,1278.80,1278.80,1148
1788511200,1278.80,1279.00,1278.70,1279.00,2259
1788511260,1279.00,1279.30,1278.80,1278.90,3988
1788511320,1279.00,1279.80,1278.90,1279.80,8210
1788511380,1279.80,1280.60,1279.40,1280.00,43309
1788511440,1280.30,1280.50,1280.00,1280.50,1507
1788511500,1280.30,1280.50,1280.20,1280.20,2167
1788511560,1280.00,1280.10,1279.10,1279.10,8037
1788511620,1279.40,1279.40,1279.00,1279.00,2525
1788511680,1279.40,1279.70,1278.80,1279.50,2335
1788511740,1279.00,1279.60,1278.80,1278.80,4895
1788511800,1279.20,1280.20,1279.00,1279.60,9384
1788511860,1280.10,1280.10,1279.00,1279.20,4209
1788511920,1279.30,1279.40,1279.00,1279.00,1910
1788511980,1279.20,1279.20,1278.60,1278.90,3886
1788512040,1279.00,1279.10,1278.60,1279.10,1262
1788512100,1279.20,1279.20,1279.10,1279.10,1334
1788512160,1279.20,1279.80,1279.20,1279.40,1934
1788512220,1279.60,1279.80,1279.10,1279.20,8857
1788512280,1279.20,1279.70,1279.10,1279.10,3928
1788512340,1279.60,1279.70,1279.30,1279.50,2005
1788512400,1279.60,1280.40,1279.30,1280.20,172614
1788512460,1280.30,1280.30,1279.20,1279.40,7664
1788512520,1279.90,1280.10,1279.30,1279.80,8816
1788512580,1280.20,1280.50,1279.70,1280.40,2572
1788512640,1280.50,1280.50,1280.10,1280.10,4602
1788512700,1280.30,1280.40,1280.00,1280.00,2065
1788512760,1280.20,1280.30,1279.60,1279.80,2374
1788512820,1279.60,1280.00,1279.20,1279.60,18115
1788512880,1279.80,1279.80,1278.90,1278.90,4990
1788512940,1279.10,1279.20,1278.50,1278.50,8443
1788513000,1278.70,1278.70,1278.50,1278.60,2776
1788513060,1278.70,1278.90,1277.60,1278.20,15224
1788513120,1278.40,1278.60,1277.70,1278.60,28107
1788513180,1278.60,1278.70,1278.40,1278.50,6391
1788513240,1278.60,1278.70,1278.50,1278.60,2210
1788513300,1278.70,1278.90,1278.50,1278.60,2209
1788513360,1278.50,1278.90,1278.50,1278.70,2123
1788513420,1278.80,1279.00,1278.60,1279.00,8748
1788513480,1278.90,1279.10,1278.80,1278.80,5346
1788513540,1278.90,1279.40,1278.90,1279.30,6392
1788513600,1279.50,1279.50,1278.80,1279.20,11026
1788513660,1279.20,1279.90,1279.20,1279.70,10667
1788513720,1279.50,1279.70,1279.40,1279.40,4487
1788513780,1279.40,1279.60,1279.20,1279.50,7862
1788513840,1279.30,1279.70,1279.30,1279.40,6553
1788513900,1279.40,1279.50,1279.00,1279.40,26144
1788513960,1279.40,1279.50,1279.30,1279.30,2798
1788514020,1279.30,1279.80,1279.30,1279.70,5908
1788514080,1279.70,1279.90,1279.60,1279.70,33440
1788514140,1279.70,1279.80,1278.60,1279.10,119917
1788514200,1279.10,1279.60,1278.90,1279.10,14794
1788514260,1279.10,1279.60,1278.60,1278.70,13534
1788514320,1278.70,1280.10,1278.50,1280.10,278411
1788514380,1280.00,1280.10,1279.20,1279.20,44241
1788514440,1279.20,1279.20,1277.80,1278.30,27852
1788514500,1278.10,1278.50,1277.20,1278.10,27291
1788514560,1278.20,1279.10,1277.20,1277.30,50362
1788514620,1277.60,1277.60,1276.00,1276.50,36599
1788514680,1276.50,1276.80,1276.10,1276.20,23218
1788514740,1276.10,1276.50,1275.80,1276.00,17314
1788514800,1276.20,1276.50,1275.60,1275.70,51637
1788514860,1275.90,1275.90,1273.20,1274.50,40195
1788514920,1274.50,1275.30,1274.00,1274.10,48828
1788514980,1274.10,1274.30,1272.40,1273.30,35744
1788515040,1273.30,1273.80,1271.00,1273.00,5310
1788515100,1273.00,1273.00,1273.00,1273.00,115
1788515160,1273.00,1273.00,1273.00,1273.00,0
1788515220,1273.00,1273.00,1273.00,1273.00,0
1788515280,1273.00,1273.00,1273.00,1273.00,0
1788515340,1273.00,1273.00,1273.00,1273.00,0
1788515400,1273.00,1273.00,1273.00,1273.00,0
1788515460,1273.00,1273.00,1273.00,1273.00,0
1788515520,1273.00,1273.00,1273.00,1273.00,0
1788515580,1273.00,1273.00,1273.00,1273.00,0
1788515640,1273.00,1273.00,1273.00,1273.00,0
1788515700,1273.00,1273.00,1273.00,1273.00,0
1788515760,1273.00,1273.00,1273.00,1273.00,0
1788515820,1273.00,1273.00,1273.00,1273.00,0
1788515880,1273.00,1273.00,1273.00,1273.00,82221
1788515940,1273.00,1273.00,1273.00,1273.00,0
1788752700,1271.00,1271.90,1265.60,1266.50,23797
1788752760,1265.90,1268.70,1264.60,1268.40,15722
1788752820,1268.60,1269.50,1267.20,1267.60,7577
1788752880,1267.60,1268.70,1267.50,1267.90,5253
1788752940,1268.30,1268.50,1267.00,1267.10,4983
1788753000,1266.60,1267.40,1265.80,1267.40,10876
1788753060,1267.00,1268.00,1267.00,1267.50,7048
1788753120,1267.50,1267.50,1266.50,1267.20,7354
1788753180,1267.50,1267.50,1267.10,1267.10,1068
1788753240,1267.90,1268.40,1267.30,1267.60,9755
1788753300,1268.10,1268.50,1267.60,1267.80,5427
1788753360,1267.80,1268.10,1267.60,1267.90,6814
1788753420,1267.90,1267.90,1267.00,1267.30,16198
1788753480,1267.20,1267.20,1266.50,1266.60,2653
1788753540,1266.50,1266.70,1266.00,1266.20,5089
1788753600,1266.20,1266.90,1266.00,1266.80,10156
1788753660,1266.20,1266.80,1266.00,1266.00,4708
1788753720,1266.00,1266.60,1266.00,1266.10,1568
1788753780,1266.50,1266.90,1266.10,1266.90,3027
1788753840,1266.90,1266.90,1266.60,1266.90,1339
1788753900,1266.90,1267.50,1266.90,1267.50,3606
1788753960,1267.90,1268.50,1267.90,1268.10,1396
1788754020,1268.30,1268.80,1268.20,1268.20,2366
1788754080,1268.30,1268.30,1268.20,1268.20,1025
1788754140,1268.20,1268.20,1267.50,1268.00,6934
1788754200,1268.10,1268.40,1268.10,1268.40,2813
1788754260,1268.30,1268.50,1268.20,1268.20,2681
1788754320,1268.20,1268.20,1267.80,1267.90,2232
1788754380,1268.00,1268.00,1267.70,1267.90,1250
1788754440,1267.90,1267.90,1267.10,1267.40,5111
1788754500,1267.40,1268.30,1267.40,1268.30,8487
1788754560,1267.90,1268.00,1267.70,1267.70,2700
1788754620,1267.80,1268.10,1267.40,1267.40,3316
1788754680,1267.20,1267.40,1266.70,1267.00,4745
1788754740,1267.00,1267.30,1266.70,1266.80,1680
1788754800,1266.70,1266.70,1266.40,1266.40,1518
1788754860,1266.50,1266.50,1265.90,1265.90,3034
1788754920,1266.10,1266.10,1265.90,1266.00,552
1788754980,1266.10,1266.20,1265.60,1266.20,3703
1788755040,1266.20,1266.50,1266.00,1266.20,2364
1788755100,1266.10,1266.50,1266.00,1266.50,3513
1788755160,1266.90,1267.20,1266.80,1267.10,1873
1788755220,1267.20,1267.50,1267.20,1267.20,2393
1788755280,1267.00,1267.00,1266.30,1266.30,3847
1788755340,1266.10,1266.30,1266.00,1266.20,1311
1788755400,1266.10,1266.20,1265.80,1266.20,1045
1788755460,1266.20,1266.30,1265.50,1265.70,21967
1788755520,1266.00,1267.50,1265.70,1266.70,28081
1788755580,1266.70,1266.90,1266.50,1266.80,1466
1788755640,1266.80,1266.80,1266.40,1266.50,1357
1788755700,1266.40,1266.50,1266.40,1266.50,700
1788755760,1266.50,1266.50,1266.40,1266.50,755
1788755820,1266.50,1266.80,1266.50,1266.60,4533
1788755880,1266.60,1266.60,1266.10,1266.50,3482
1788755940,1266.50,1266.50,1266.40,1266.50,719
1788756000,1266.50,1266.50,1266.00,1266.00,1356
1788756060,1266.20,1266.20,1266.00,1266.00,879
1788756120,1266.00,1266.00,1265.70,1265.80,1943
1788756180,1266.00,1266.00,1265.70,1265.70,818
1788756240,1265.90,1265.90,1265.70,1265.90,1731
1788756300,1265.80,1266.40,1265.80,1266.30,4284
1788756360,1266.00,1266.30,1264.40,1265.30,10647
1788756420,1264.70,1265.10,1264.20,1264.90,5808
1788756480,1264.80,1265.90,1264.80,1265.90,7189
1788756540,1265.80,1265.90,1265.10,1265.60,5081
1788756600,1265.50,1265.80,1265.30,1265.60,1028
1788756660,1265.60,1265.60,1265.10,1265.60,557
1788756720,1265.60,1265.70,1265.20,1265.50,1371
1788756780,1265.60,1265.60,1265.40,1265.40,1369
1788756840,1265.40,1265.40,1265.20,1265.20,1180
1788756900,1265.10,1265.20,1265.00,1265.00,1175
1788756960,1265.10,1265.10,1264.60,1264.70,1409
1788757020,1264.70,1264.80,1264.60,1264.80,2687
1788757080,1264.70,1264.80,1264.60,1264.80,754
1788757140,1264.80,1264.80,1264.60,1264.80,965
1788757200,1264.70,1265.00,1264.70,1265.00,1126
1788757260,1265.00,1265.60,1264.80,1265.60,5238
1788757320,1265.60,1265.70,1265.60,1265.70,845
1788757380,1265.70,1265.80,1265.60,1265.70,1497
1788757440,1265.70,1265.80,1265.50,1265.50,2811
1788757500,1265.50,1266.80,1265.50,1266.70,12701
1788757560,1266.80,1267.40,1266.70,1267.40,6599
1788757620,1267.20,1267.70,1267.20,1267.70,1380
1788757680,1267.70,1267.80,1267.60,1267.80,1021
1788757740,1267.60,1268.20,1267.60,1268.00,4943
1788757800,1267.90,1268.10,1267.80,1267.80,836
1788757860,1267.90,1268.30,1267.90,1268.20,4123
1788757920,1268.30,1268.50,1268.20,1268.50,1365
1788757980,1268.40,1268.40,1268.30,1268.30,2002
1788758040,1268.30,1268.30,1267.80,1268.10,6223
1788758100,1268.10,1268.40,1267.90,1267.90,2591
1788758160,1268.00,1268.10,1267.50,1267.50,4921
1788758220,1267.50,1267.50,1267.40,1267.40,1553
1788758280,1267.50,1267.50,1266.90,1266.90,4808
1788758340,1267.10,1268.00,1266.90,1267.60,9026
1788758400,1267.80,1268.00,1267.80,1268.00,1243
1788758460,1268.00,1268.00,1267.90,1268.00,1863
1788758520,1268.00,1268.00,1267.90,1267.90,1596
1788758580,1268.00,1268.00,1267.30,1267.80,1914
1788758640,1267.80,1267.80,1267.50,1267.70,1924
1788758700,1267.60,1267.70,1267.40,1267.60,1636
1788758760,1267.60,1267.90,1267.50,1267.90,1718
1788758820,1267.90,1267.90,1267.80,1267.80,1218
1788758880,1267.90,1268.00,1267.70,1268.00,1911
1788758940,1268.00,1268.00,1267.60,1268.00,864
1788759000,1267.80,1268.20,1267.80,1268.20,707
1788759060,1268.10,1268.50,1268.10,1268.20,3261
1788759120,1268.30,1268.80,1268.20,1268.80,1951
1788759180,1268.90,1268.90,1268.70,1268.70,1917
1788759240,1268.60,1268.60,1267.50,1267.90,3946
1788759300,1267.80,1267.90,1267.70,1267.80,615
1788759360,1267.80,1267.80,1267.70,1267.80,1177
1788759420,1267.80,1267.80,1267.40,1267.50,2265
1788759480,1267.40,1267.50,1267.30,1267.40,3503
1788759540,1267.50,1267.70,1267.40,1267.40,1396
1788759600,1267.40,1267.70,1267.40,1267.60,1550
1788759660,1267.60,1267.90,1267.50,1267.90,1621
1788759720,1267.90,1268.00,1267.20,1267.40,1534
1788759780,1267.80,1267.90,1267.10,1267.90,6352
1788759840,1267.80,1268.50,1267.80,1268.50,3434
1788759900,1268.40,1268.50,1267.70,1267.90,1671
1788759960,1267.80,1267.90,1267.40,1267.80,3267
1788760020,1267.80,1268.40,1267.70,1268.40,1932
1788760080,1268.40,1268.50,1268.20,1268.50,1610
1788760140,1268.50,1268.50,1268.00,1268.40,1897
1788760200,1268.00,1268.40,1268.00,1268.00,1887
1788760260,1268.20,1268.50,1268.00,1268.50,1723
1788760320,1268.50,1269.30,1268.40,1269.20,4641
1788760380,1269.20,1269.50,1269.20,1269.50,3976
1788760440,1269.50,1269.50,1268.50,1268.50,2774
1788760500,1268.50,1268.70,1268.50,1268.70,1825
1788760560,1268.70,1268.70,1268.60,1268.70,645
1788760620,1268.80,1268.80,1268.20,1268.50,3224
1788760680,1268.50,1269.20,1268.30,1268.60,4627
1788760740,1269.00,1269.00,1268.40,1268.50,2169
1788760800,1268.70,1269.30,1268.50,1268.90,3272
1788760860,1269.00,1269.20,1268.50,1268.80,4201
1788760920,1268.80,1269.30,1268.60,1269.00,1745
1788760980,1268.90,1269.30,1268.30,1268.50,6068
1788761040,1268.90,1268.90,1268.50,1268.60,1454
1788761100,1268.50,1268.60,1268.00,1268.30,2319
1788761160,1268.20,1268.20,1268.10,1268.20,1136
1788761220,1268.00,1268.00,1266.00,1266.10,15517
1788761280,1266.10,1266.50,1266.10,1266.40,1275
1788761340,1266.40,1266.40,1266.10,1266.10,2357
1788761400,1266.30,1266.50,1266.00,1266.10,2254
1788761460,1266.50,1267.30,1266.00,1267.00,4414
1788761520,1267.00,1267.50,1267.00,1267.50,1278
1788761580,1267.50,1267.50,1267.10,1267.50,2474
1788761640,1267.60,1267.70,1267.60,1267.70,1310
1788761700,1267.70,1267.90,1267.60,1267.80,2052
1788761760,1267.90,1268.40,1267.70,1268.10,1726
1788761820,1268.40,1268.90,1268.30,1268.50,1550
1788761880,1268.90,1268.90,1268.50,1268.60,1989
1788761940,1268.70,1268.70,1268.00,1268.10,3530
1788762000,1268.30,1268.40,1267.90,1268.00,1671
1788762060,1267.90,1268.30,1267.80,1268.00,2090
1788762120,1268.10,1268.30,1268.00,1268.20,2638
1788762180,1268.30,1268.50,1267.50,1267.90,8160
1788762240,1268.50,1268.60,1268.20,1268.30,352
1788762300,1268.50,1268.50,1268.20,1268.50,780
1788762360,1268.30,1268.50,1268.20,1268.30,1202
1788762420,1268.50,1268.50,1268.20,1268.20,1246
1788762480,1268.40,1268.50,1268.20,1268.20,1493
1788762540,1268.40,1269.30,1268.30,1269.00,4189
1788762600,1269.20,1269.30,1268.90,1269.30,2187
1788762660,1269.30,1269.30,1268.50,1268.60,1208
1788762720,1268.90,1269.00,1268.60,1268.70,391
1788762780,1268.80,1268.80,1268.50,1268.50,1727
1788762840,1268.70,1268.80,1268.50,1268.50,693
1788762900,1268.50,1268.80,1268.50,1268.50,2148
1788762960,1268.70,1268.90,1268.50,1268.60,2929
1788763020,1268.90,1269.00,1268.60,1268.60,889
1788763080,1269.00,1269.30,1268.60,1269.00,1988
1788763140,1269.00,1269.20,1268.70,1269.00,1395
1788763200,1268.70,1269.00,1267.60,1268.10,17031
1788763260,1268.20,1268.50,1267.60,1267.90,3360
1788763320,1267.90,1268.70,1267.90,1268.10,1265
1788763380,1268.60,1268.60,1267.70,1268.00,1351
1788763440,1268.00,1268.00,1267.80,1267.90,1463
1788763500,1268.00,1268.60,1268.00,1268.60,1128
1788763560,1268.60,1268.80,1268.60,1268.80,1762
1788763620,1268.60,1268.60,1268.20,1268.60,1355
1788763680,1268.60,1268.60,1267.50,1267.70,4015
1788763740,1267.80,1267.80,1266.60,1266.80,5662
1788763800,1266.40,1266.80,1266.00,1266.30,1866
1788763860,1266.60,1266.60,1266.10,1266.50,474
1788763920,1266.50,1266.50,1266.10,1266.50,708
1788763980,1266.40,1266.40,1266.10,1266.40,1294
1788764040,1266.40,1266.60,1266.20,1266.60,1558
1788764100,1266.60,1266.80,1266.40,1266.70,3888
1788764160,1266.70,1266.70,1266.40,1266.40,1275
1788764220,1266.80,1267.10,1266.30,1266.50,1717
1788764280,1266.30,1266.50,1266.10,1266.10,2216
1788764340,1266.40,1266.60,1264.00,1264.80,25711
1788764400,1264.60,1264.90,1263.90,1264.10,9563
1788764460,1264.20,1264.60,1264.10,1264.40,1515
1788764520,1264.40,1265.20,1264.20,1264.90,4513
1788764580,1265.10,1265.20,1264.80,1265.20,3663
1788764640,1265.20,1265.20,1264.80,1265.00,734
1788764700,1264.80,1265.20,1264.20,1265.00,8511
1788764760,1265.10,1265.30,1264.50,1264.90,5007
1788764820,1265.20,1266.00,1265.00,1265.90,8581
1788764880,1266.00,1266.10,1264.30,1264.60,11622
1788764940,1265.10,1265.10,1264.10,1264.60,7628
1788765000,1264.50,1265.40,1264.50,1265.10,9013
1788765060,1264.60,1265.40,1264.50,1265.30,13487
1788765120,1265.20,1265.40,1263.50,1263.60,13179
1788765180,1263.80,1263.90,1263.20,1263.50,3143
1788765240,1263.50,1263.60,1263.00,1263.30,4991
1788765300,1263.10,1263.50,1262.70,1262.90,3128
1788765360,1262.90,1263.00,1262.50,1262.70,1829
1788765420,1262.50,1263.00,1262.00,1263.00,4219
1788765480,1262.70,1263.30,1262.40,1263.10,3638
1788765540,1263.10,1263.30,1262.60,1263.10,2792
1788765600,1262.60,1263.10,1262.00,1262.40,3182
1788765660,1262.50,1262.90,1262.20,1262.20,2030
1788765720,1262.80,1262.80,1262.30,1262.60,1427
1788765780,1262.20,1262.70,1262.20,1262.60,1497
1788765840,1262.70,1263.00,1262.30,1262.60,2692
1788765900,1263.00,1263.20,1262.60,1263.00,1029
1788765960,1263.10,1263.80,1263.10,1263.60,1731
1788766020,1263.60,1264.30,1263.40,1264.30,2264
1788766080,1263.90,1264.30,1263.90,1264.00,1719
1788766140,1264.10,1264.10,1263.70,1264.10,729
1788766200,1264.00,1264.40,1263.90,1264.00,2614
1788766260,1264.00,1264.60,1263.70,1264.50,1871
1788766320,1264.60,1264.60,1264.00,1264.50,1563
1788766380,1264.50,1264.50,1264.10,1264.40,2346
1788766440,1264.40,1264.40,1263.60,1264.30,3242
1788766500,1264.10,1264.40,1264.10,1264.30,1098
1788766560,1264.30,1264.40,1264.10,1264.40,439
1788766620,1264.10,1264.40,1264.10,1264.30,1340
1788766680,1264.30,1264.50,1264.30,1264.50,2151
1788766740,1264.50,1264.60,1264.20,1264.40,1906
1788766800,1264.30,1264.60,1264.30,1264.50,1571
1788766860,1264.40,1264.50,1264.00,1264.20,3645
1788766920,1264.20,1264.20,1264.00,1264.20,919
1788766980,1264.20,1264.20,1264.00,1264.20,1885
1788767040,1264.10,1264.50,1264.10,1264.50,1461
1788767100,1264.50,1264.60,1264.40,1264.50,1161
1788767160,1264.60,1264.60,1264.20,1264.60,1704
1788767220,1264.60,1264.80,1264.50,1264.70,1307
1788767280,1264.80,1264.80,1264.00,1264.20,1601
1788767340,1264.00,1264.60,1264.00,1264.30,1621
1788767400,1264.50,1264.50,1264.20,1264.50,719
1788767460,1264.60,1264.60,1263.80,1263.90,1670
1788767520,1263.90,1264.70,1263.10,1263.40,8961
1788767580,1263.40,1264.00,1263.10,1263.50,1677
1788767640,1263.50,1264.50,1263.50,1264.40,14080
1788767700,1264.30,1264.60,1263.60,1264.00,9521
1788767760,1264.30,1264.50,1264.00,1264.30,1004
1788767820,1264.20,1264.40,1263.70,1263.70,1616
1788767880,1263.70,1264.10,1263.40,1263.50,1605
1788767940,1263.60,1263.70,1263.50,1263.60,1006
1788768000,1263.50,1264.10,1263.50,1263.90,1306
1788768060,1264.10,1264.20,1263.70,1264.00,2195
1788768120,1264.20,1264.20,1263.60,1263.70,977
1788768180,1263.70,1264.00,1263.60,1263.80,805
1788768240,1264.00,1264.10,1263.70,1263.70,736
1788768300,1263.90,1264.10,1263.70,1263.70,1772
1788768360,1263.80,1264.10,1263.60,1263.90,1436
1788768420,1263.90,1264.30,1263.80,1264.00,2014
1788768480,1264.30,1264.50,1263.90,1264.20,1186
1788768540,1263.90,1264.50,1263.90,1263.90,2676
1788768600,1263.60,1263.90,1263.60,1263.80,805
1788768660,1263.80,1264.50,1263.60,1264.50,1429
1788768720,1264.50,1264.70,1264.40,1264.50,1332
1788768780,1264.50,1264.60,1264.00,1264.10,1128
1788768840,1264.00,1264.70,1264.00,1264.30,1816
1788768900,1264.30,1264.70,1264.20,1264.50,1320
1788768960,1264.50,1264.90,1264.40,1264.70,2491
1788769020,1264.70,1264.80,1264.10,1264.40,3248
1788769080,1264.40,1264.50,1263.80,1264.10,3670
1788769140,1264.30,1264.40,1263.80,1263.90,1441
1788769200,1263.90,1264.20,1263.80,1263.90,1907
1788769260,1264.10,1264.10,1263.50,1263.60,3587
1788769320,1263.60,1263.80,1262.70,1263.70,3486
1788769380,1263.80,1264.90,1263.60,1264.80,8827
1788769440,1264.90,1264.90,1264.30,1264.40,688
1788769500,1264.50,1264.90,1264.00,1264.00,7799
1788769560,1264.00,1264.40,1263.90,1264.30,2177
1788769620,1264.20,1264.30,1264.00,1264.00,749
1788769680,1264.00,1264.30,1264.00,1264.20,793
1788769740,1264.20,1264.80,1264.20,1264.20,8128
1788769800,1264.20,1264.40,1263.90,1264.40,822
1788769860,1264.50,1264.80,1264.40,1264.60,725
1788769920,1264.50,1264.90,1264.40,1264.40,2937
1788769980,1264.50,1264.80,1264.40,1264.80,1456
1788770040,1264.90,1265.00,1264.30,1264.80,2019
1788770100,1264.90,1265.10,1264.50,1264.60,2503
1788770160,1264.80,1264.90,1264.60,1264.80,1303
1788770220,1264.80,1265.10,1264.80,1265.10,784
1788770280,1265.10,1265.10,1264.40,1264.50,4735
1788770340,1264.70,1265.20,1264.50,1265.00,1781
1788770400,1265.10,1265.50,1265.10,1265.40,1784
1788770460,1265.40,1265.60,1265.20,1265.40,2070
1788770520,1265.20,1265.60,1265.00,1265.30,5860
1788770580,1265.30,1265.40,1265.10,1265.30,1050
1788770640,1265.20,1265.70,1265.20,1265.50,2420
1788770700,1265.40,1265.80,1265.00,1265.00,2639
1788770760,1265.50,1265.60,1265.00,1265.40,738
1788770820,1265.20,1265.90,1265.20,1265.30,6984
1788770880,1265.40,1265.60,1264.70,1265.30,6663
1788770940,1265.10,1265.70,1265.10,1265.20,1785
1788771000,1265.40,1265.80,1265.30,1265.80,2434
1788771060,1265.80,1266.00,1265.70,1265.80,3133
1788771120,1265.90,1266.40,1265.70,1266.20,24662
1788771180,1266.20,1266.80,1266.00,1266.50,3850
1788771240,1266.60,1266.80,1266.20,1266.60,3226
1788771300,1266.50,1266.80,1266.30,1266.80,2903
1788771360,1266.80,1267.20,1266.70,1266.90,2608
1788771420,1267.00,1267.50,1267.00,1267.50,4428
1788771480,1267.50,1267.80,1267.30,1267.70,2628
1788771540,1267.80,1267.80,1267.30,1267.60,5404
1788771600,1267.60,1267.80,1267.50,1267.60,3927
1788771660,1267.60,1267.80,1267.20,1267.40,2374
1788771720,1267.40,1267.60,1266.80,1267.20,5232
1788771780,1267.40,1267.60,1266.80,1267.30,2564
1788771840,1267.40,1267.50,1267.20,1267.40,3896
1788771900,1267.30,1267.50,1266.60,1266.70,6470
1788771960,1267.00,1267.00,1266.30,1266.70,4694
1788772020,1266.70,1266.80,1266.10,1266.10,4515
1788772080,1266.30,1267.30,1266.00,1266.60,44771
1788772140,1266.90,1267.00,1266.40,1266.50,3794
1788772200,1266.50,1266.80,1266.00,1266.00,6497
1788772260,1265.90,1266.10,1265.60,1266.00,4905
1788772320,1266.00,1266.10,1265.60,1265.80,4668
1788772380,1265.70,1266.00,1264.40,1264.40,8766
1788772440,1264.70,1265.30,1264.50,1265.00,4017
1788772500,1264.60,1265.20,1264.50,1264.50,4891
1788772560,1264.90,1265.20,1264.60,1264.90,4271
1788772620,1264.50,1265.10,1264.50,1265.00,5933
1788772680,1264.80,1265.20,1264.50,1264.60,3868
1788772740,1265.00,1265.00,1263.60,1264.00,10862
1788772800,1264.60,1265.50,1264.30,1265.30,7718
1788772860,1265.20,1265.40,1264.50,1264.70,10402
1788772920,1265.00,1265.30,1264.60,1265.00,10506
1788772980,1264.90,1265.40,1264.20,1264.70,9324
1788773040,1265.00,1265.20,1264.40,1264.80,6296
1788773100,1264.80,1265.60,1264.60,1265.00,15635
1788773160,1265.30,1265.90,1264.80,1265.50,7938
1788773220,1265.90,1266.00,1264.30,1264.30,9161
1788773280,1264.30,1264.70,1263.80,1263.90,9387
1788773340,1264.40,1264.60,1263.70,1263.90,11010
1788773400,1263.70,1264.30,1263.60,1264.20,9528
1788773460,1264.00,1264.20,1263.50,1263.60,11281
1788773520,1263.50,1263.70,1263.20,1263.60,6270
1788773580,1263.60,1264.10,1263.60,1264.10,5509
1788773640,1264.20,1264.40,1263.60,1264.10,10281
1788773700,1264.10,1264.20,1263.80,1264.20,11422
1788773760,1264.10,1264.50,1263.90,1264.10,13576
1788773820,1264.10,1264.10,1263.90,1264.00,12403
1788773880,1263.90,1264.10,1263.70,1264.00,12090
1788773940,1263.80,1264.00,1263.30,1263.30,20621
1788774000,1264.00,1264.80,1263.60,1263.70,28642
1788774060,1263.80,1264.00,1262.80,1263.90,12552
1788774120,1263.90,1264.90,1263.50,1263.60,14949
1788774180,1264.00,1264.50,1263.60,1264.30,10165
1788774240,1264.30,1266.00,1261.60,1266.00,21882
1788774300,1266.00,1266.00,1266.00,1266.00,5649
1788774360,1266.00,1266.00,1266.00,1266.00,0
1788774420,1266.00,1266.00,1266.00,1266.00,0
1788774480,1266.00,1266.00,1266.00,1266.00,0
1788774540,1266.00,1266.00,1266.00,1266.00,0
1788774600,1266.00,1266.00,1266.00,1266.00,0
1788774660,1266.00,1266.00,1266.00,1266.00,0
1788774720,1266.00,1266.00,1266.00,1266.00,0
1788774780,1266.00,1266.00,1266.00,1266.00,0
1788774840,1266.00,1266.00,1266.00,1266.00,0
1788774900,1266.00,1266.00,1266.00,1266.00,0
1788774960,1266.00,1266.00,1266.00,1266.00,0
1788775020,1266.00,1266.00,1266.00,1266.00,0
1788775080,1266.00,1266.00,1266.00,1266.00,0
1788775140,1266.00,1266.00,1266.00,1266.00,0
1788839100,1262.80,1264.90,1254.00,1255.20,28820
1788839160,1255.40,1257.10,1254.70,1257.00,9812
1788839220,1257.00,1257.40,1256.70,1256.90,3464
1788839280,1256.90,1257.00,1256.50,1256.50,1933
1788839340,1256.50,1257.00,1256.50,1256.90,4517
1788839400,1256.90,1256.90,1256.20,1256.60,1784
1788839460,1256.60,1257.80,1256.50,1257.70,1026
1788839520,1257.70,1257.70,1256.20,1256.20,1427
1788839580,1256.20,1257.10,1256.00,1256.20,2337
1788839640,1256.50,1256.60,1256.10,1256.10,1878
1788839700,1255.50,1256.10,1255.50,1256.10,2447
1788839760,1256.10,1256.60,1255.50,1256.20,2705
1788839820,1256.20,1256.50,1256.00,1256.20,539
1788839880,1256.20,1256.70,1255.90,1256.70,1671
1788839940,1256.40,1256.70,1255.40,1255.80,4430
1788840000,1255.40,1255.80,1255.00,1255.50,1937
1788840060,1255.40,1255.50,1254.20,1254.80,4803
1788840120,1254.80,1255.40,1254.60,1254.90,3190
1788840180,1255.20,1255.40,1254.90,1255.10,3458
1788840240,1256.20,1256.20,1255.20,1255.30,2639
1788840300,1255.70,1256.10,1255.40,1255.80,1355
1788840360,1255.80,1256.10,1255.50,1255.50,3761
1788840420,1255.60,1255.80,1255.30,1255.50,1350
1788840480,1255.50,1255.80,1255.10,1255.70,1170
1788840540,1255.70,1255.70,1255.60,1255.70,482
1788840600,1255.70,1255.80,1255.00,1255.30,1346
1788840660,1255.30,1256.00,1255.20,1255.40,3598
1788840720,1255.40,1255.80,1255.20,1255.20,4237
1788840780,1255.40,1255.70,1255.20,1255.30,5550
1788840840,1255.60,1255.90,1255.40,1255.90,1652
1788840900,1255.90,1255.90,1255.30,1255.30,1341
1788840960,1255.30,1256.00,1255.30,1255.80,440
1788841020,1256.00,1256.00,1255.30,1256.00,1519
1788841080,1255.80,1256.30,1255.60,1255.90,7586
1788841140,1256.00,1256.60,1256.00,1256.60,3324
1788841200,1256.40,1257.00,1256.40,1256.60,3312
1788841260,1256.80,1257.00,1256.00,1256.60,6452
1788841320,1256.60,1256.60,1255.30,1255.30,3237
1788841380,1255.70,1255.70,1255.30,1255.30,3231
1788841440,1255.10,1255.20,1254.60,1254.60,1502
1788841500,1254.60,1254.80,1254.50,1254.70,1404
1788841560,1254.80,1254.90,1254.70,1254.70,825
1788841620,1254.90,1255.00,1254.80,1255.00,4628
1788841680,1255.00,1255.30,1255.00,1255.30,2326
1788841740,1255.50,1255.70,1255.20,1255.30,5948
1788841800,1255.40,1255.70,1255.20,1255.70,4630
1788841860,1255.60,1256.00,1255.50,1256.00,4716
1788841920,1256.10,1256.50,1255.40,1256.20,3217
1788841980,1255.90,1255.90,1255.20,1255.50,4666
1788842040,1255.50,1255.60,1254.70,1255.10,2552
1788842100,1255.20,1255.20,1254.70,1254.90,2180
1788842160,1254.90,1255.20,1254.70,1255.20,3611
1788842220,1254.90,1255.60,1254.90,1255.10,7534
1788842280,1255.00,1255.80,1255.00,1255.80,3017
1788842340,1255.50,1256.30,1255.50,1256.30,1709
1788842400,1256.40,1256.70,1256.20,1256.20,2725
1788842460,1256.20,1257.20,1256.10,1257.10,4534
1788842520,1257.00,1257.30,1256.80,1257.30,6520
1788842580,1256.90,1258.30,1256.90,1257.90,11375
1788842640,1258.10,1258.60,1258.00,1258.60,2950
1788842700,1258.60,1259.40,1258.60,1258.80,7796
1788842760,1258.80,1258.80,1258.60,1258.70,1276
1788842820,1258.80,1258.80,1258.10,1258.20,3056
1788842880,1258.20,1258.20,1257.40,1258.00,7802
1788842940,1258.00,1258.30,1257.60,1258.30,2343
1788843000,1258.30,1259.50,1258.30,1259.20,7368
1788843060,1258.80,1258.80,1257.50,1257.50,7683
1788843120,1257.60,1257.60,1257.20,1257.30,2929
1788843180,1256.80,1257.00,1256.30,1256.30,8017
1788843240,1256.40,1256.40,1253.90,1254.60,18877
1788843300,1254.20,1254.20,1252.40,1253.30,21975
1788843360,1252.90,1253.40,1252.40,1252.60,9937
1788843420,1252.60,1253.60,1252.60,1253.00,9459
1788843480,1253.00,1253.30,1252.60,1253.00,5240
1788843540,1253.00,1253.40,1252.90,1253.10,4182
1788843600,1252.90,1253.40,1252.90,1253.40,3435
1788843660,1253.40,1253.40,1252.50,1252.50,19231
1788843720,1252.50,1253.00,1252.40,1253.00,4592
1788843780,1253.00,1253.30,1252.80,1252.90,5547
1788843840,1253.00,1253.30,1252.80,1252.80,4346
1788843900,1253.00,1253.10,1252.60,1252.80,3239
1788843960,1252.60,1252.80,1251.40,1252.00,12101
1788844020,1252.00,1253.50,1251.50,1253.20,14932
1788844080,1253.10,1253.50,1252.10,1252.10,6009
1788844140,1252.10,1252.40,1251.60,1251.90,7053
1788844200,1252.30,1252.70,1251.90,1252.40,4355
1788844260,1252.40,1253.00,1252.10,1253.00,5712
1788844320,1252.80,1253.00,1252.30,1252.60,7731
1788844380,1252.70,1252.90,1252.30,1252.30,4853
1788844440,1252.50,1252.50,1251.20,1252.00,8318
1788844500,1252.00,1252.90,1251.70,1252.10,5037
1788844560,1252.10,1253.00,1252.10,1252.80,3135
1788844620,1252.60,1253.30,1252.20,1252.60,7957
1788844680,1252.70,1253.00,1252.30,1252.60,3701
1788844740,1252.60,1253.10,1252.20,1252.60,4848
1788844800,1252.40,1253.30,1252.30,1252.60,4383
1788844860,1253.00,1253.00,1252.40,1252.50,4796
1788844920,1252.60,1252.90,1252.30,1252.60,4923
1788844980,1252.60,1252.80,1252.00,1252.50,3642
1788845040,1252.60,1252.80,1252.00,1252.60,5959
1788845100,1252.60,1252.80,1252.00,1252.70,10846
1788845160,1252.60,1253.10,1252.20,1252.20,6762
1788845220,1252.60,1252.60,1252.20,1252.60,3247
1788845280,1252.60,1252.90,1252.10,1252.90,6152
1788845340,1252.60,1252.80,1252.10,1252.30,6113
1788845400,1252.80,1252.80,1252.30,1252.60,5505
1788845460,1252.60,1253.10,1252.30,1252.60,4175
1788845520,1252.60,1253.10,1252.30,1252.30,5041
1788845580,1252.80,1252.80,1252.10,1252.10,6355
1788845640,1252.50,1252.80,1252.10,1252.60,7030
1788845700,1252.60,1253.00,1252.00,1252.60,7471
1788845760,1252.70,1253.30,1252.40,1252.70,12925
1788845820,1252.70,1253.60,1252.40,1252.80,11328
1788845880,1252.60,1253.00,1251.90,1251.90,5512
1788845940,1252.40,1252.60,1250.70,1251.20,9692
1788846000,1251.20,1251.80,1250.60,1251.10,7491
1788846060,1250.70,1251.50,1250.50,1251.30,6635
1788846120,1251.40,1251.40,1250.60,1251.20,4666
1788846180,1251.00,1251.00,1250.20,1250.90,5721
1788846240,1250.90,1250.90,1250.20,1250.80,5792
1788846300,1250.80,1250.90,1250.00,1250.00,10269
1788846360,1250.00,1250.40,1249.50,1250.00,10932
1788846420,1250.30,1250.30,1249.80,1249.80,5503
1788846480,1249.80,1250.60,1249.60,1250.00,11273
1788846540,1250.20,1250.50,1249.60,1250.00,7576
1788846600,1250.00,1250.40,1249.60,1250.30,5047
1788846660,1250.30,1250.90,1250.10,1250.80,6310
1788846720,1250.50,1250.80,1250.10,1250.40,3572
1788846780,1250.40,1250.80,1249.90,1250.00,5645
1788846840,1250.30,1250.80,1249.80,1250.50,4061
1788846900,1250.70,1250.90,1250.00,1250.30,4418
1788846960,1250.70,1250.90,1250.40,1250.70,4097
1788847020,1250.70,1250.70,1249.00,1249.00,6417
1788847080,1249.20,1249.40,1247.00,1247.20,21597
1788847140,1247.50,1248.10,1246.80,1247.30,8477
1788847200,1247.80,1248.30,1246.80,1247.10,8091
1788847260,1247.30,1247.90,1246.90,1247.90,5081
1788847320,1247.90,1248.00,1246.00,1246.10,13217
1788847380,1246.00,1246.50,1245.30,1246.10,8485
1788847440,1245.90,1246.60,1245.70,1246.30,7880
1788847500,1246.30,1246.70,1245.40,1245.90,5612
1788847560,1246.00,1246.10,1245.10,1245.20,7475
1788847620,1245.20,1245.90,1244.50,1245.00,18038
1788847680,1245.00,1245.30,1244.50,1245.30,8009
1788847740,1245.30,1245.30,1243.90,1244.10,7516
1788847800,1244.50,1244.80,1243.90,1244.40,3521
1788847860,1244.20,1244.60,1243.70,1243.70,5177
1788847920,1243.80,1244.50,1243.40,1244.30,5248
1788847980,1244.40,1244.70,1243.20,1243.70,5874
1788848040,1243.60,1244.30,1243.40,1243.90,9177
1788848100,1243.80,1244.60,1243.60,1244.40,7343
1788848160,1244.40,1245.00,1244.40,1245.00,9889
1788848220,1244.80,1245.00,1244.00,1244.00,10437
1788848280,1244.40,1244.60,1244.00,1244.00,6778
1788848340,1244.20,1244.30,1243.00,1243.70,10076
1788848400,1243.50,1243.60,1242.20,1243.10,11868
1788848460,1243.40,1244.00,1243.30,1243.70,6299
1788848520,1244.00,1244.40,1243.30,1244.10,9061
1788848580,1244.00,1244.30,1243.60,1244.00,8197
1788848640,1243.90,1244.30,1243.50,1244.00,8547
1788848700,1244.00,1244.10,1243.30,1243.80,9677
1788848760,1243.80,1243.80,1243.20,1243.70,5867
1788848820,1243.80,1243.80,1243.40,1243.70,5108
1788848880,1243.70,1243.90,1243.40,1243.70,6577
1788848940,1243.70,1243.80,1243.10,1243.10,4223
1788849000,1243.60,1244.40,1243.20,1244.20,12345
1788849060,1244.30,1244.90,1244.00,1244.50,7015
1788849120,1244.70,1245.70,1244.70,1245.00,7207
1788849180,1245.00,1245.60,1244.90,1245.50,5369
1788849240,1245.00,1245.40,1241.10,1242.00,31541
1788849300,1242.10,1242.50,1241.40,1242.10,7876
1788849360,1241.30,1242.00,1241.00,1241.40,5919
1788849420,1241.00,1242.10,1241.00,1241.90,7469
1788849480,1241.90,1242.10,1241.00,1241.50,5612
1788849540,1241.40,1242.40,1241.10,1242.00,7666
1788849600,1242.10,1243.80,1240.50,1243.10,26865
1788849660,1243.50,1245.00,1243.50,1244.70,15555
1788849720,1244.70,1245.40,1244.40,1245.20,13076
1788849780,1245.30,1246.00,1245.20,1245.90,8520
1788849840,1246.00,1247.00,1245.90,1246.90,11470
1788849900,1246.90,1247.30,1245.80,1247.30,12032
1788849960,1247.30,1247.80,1246.90,1247.30,12330
1788850020,1247.10,1247.40,1246.30,1246.80,16747
1788850080,1246.80,1246.80,1245.10,1245.50,5972
1788850140,1245.80,1246.40,1245.10,1245.60,13849
1788850200,1245.80,1246.00,1244.40,1245.50,16318
1788850260,1245.50,1245.60,1244.40,1244.80,10519
1788850320,1244.70,1245.10,1244.40,1245.10,7942
1788850380,1245.00,1245.30,1244.20,1244.90,21347
1788850440,1244.90,1245.60,1244.70,1245.40,5922
1788850500,1245.50,1245.50,1244.60,1245.20,5111
1788850560,1245.10,1245.10,1244.00,1244.70,6248
1788850620,1244.60,1244.80,1244.20,1244.70,7875
1788850680,1244.50,1244.60,1242.50,1242.60,43617
1788850740,1242.60,1243.30,1241.90,1243.20,33530
1788850800,1243.20,1243.30,1242.50,1243.20,10629
1788850860,1243.20,1245.20,1243.10,1244.30,8658
1788850920,1244.10,1245.20,1242.90,1242.90,21128
1788850980,1243.20,1244.00,1242.60,1244.00,5450
1788851040,1244.00,1244.10,1243.50,1244.10,6674
1788851100,1244.20,1244.80,1243.90,1244.30,6315
1788851160,1244.70,1245.20,1244.30,1244.60,7546
1788851220,1244.60,1245.00,1244.00,1244.40,10133
1788851280,1244.40,1244.60,1243.40,1244.00,6764
1788851340,1243.80,1244.40,1243.20,1243.80,6056
1788851400,1243.80,1244.20,1243.30,1244.00,7368
1788851460,1243.90,1244.30,1243.30,1244.30,6265
1788851520,1244.20,1244.30,1243.20,1243.40,11193
1788851580,1243.60,1244.00,1243.00,1243.50,6983
1788851640,1243.60,1243.60,1242.30,1243.10,7674
1788851700,1243.10,1243.10,1242.00,1243.00,5932
1788851760,1242.90,1243.00,1242.40,1242.90,5059
1788851820,1242.80,1243.10,1242.50,1242.70,6620
1788851880,1242.70,1242.90,1242.10,1242.70,7512
1788851940,1242.70,1243.00,1242.00,1242.50,7464
1788852000,1242.50,1242.70,1241.50,1242.30,7190
1788852060,1242.70,1243.40,1242.20,1242.60,6365
1788852120,1242.60,1243.10,1242.20,1242.30,7313
1788852180,1242.70,1243.20,1242.40,1242.70,9038
1788852240,1242.80,1243.20,1242.30,1243.20,4856
1788852300,1243.20,1243.80,1242.80,1243.40,8953
1788852360,1243.30,1243.80,1242.80,1243.40,6016
1788852420,1243.40,1244.30,1243.40,1243.50,6258
1788852480,1243.50,1244.60,1243.50,1244.40,11067
1788852540,1244.40,1244.40,1242.20,1242.50,16826
1788852600,1242.60,1243.10,1242.00,1242.50,6609
1788852660,1242.60,1242.70,1242.00,1242.50,4940
1788852720,1242.50,1243.50,1242.50,1243.00,3153
1788852780,1243.10,1243.20,1243.10,1243.10,4045
1788852840,1243.00,1243.10,1242.00,1242.00,7395
1788852900,1242.00,1242.30,1240.90,1241.10,17235
1788852960,1241.10,1242.30,1240.90,1242.30,5229
1788853020,1242.30,1242.50,1241.60,1241.90,6531
1788853080,1241.80,1242.00,1240.90,1241.30,5469
1788853140,1241.10,1241.40,1240.70,1241.00,4134
1788853200,1241.20,1241.70,1241.00,1241.50,8335
1788853260,1241.60,1241.90,1241.00,1241.10,3852
1788853320,1241.10,1241.90,1241.00,1241.50,8545
1788853380,1241.70,1242.00,1241.30,1241.90,3601
1788853440,1242.00,1242.20,1241.10,1241.70,4667
1788853500,1241.70,1242.00,1241.10,1241.70,8132
1788853560,1241.20,1241.90,1241.10,1241.80,5679
1788853620,1241.80,1241.90,1241.30,1241.80,3020
1788853680,1241.80,1241.80,1240.70,1241.20,4564
1788853740,1241.40,1241.50,1240.70,1240.70,5991
1788853800,1240.90,1241.70,1240.90,1241.70,3306
1788853860,1241.70,1241.70,1241.20,1241.30,6019
1788853920,1241.40,1241.40,1240.50,1240.50,6724
1788853980,1240.90,1241.20,1240.40,1240.90,4649
1788854040,1241.20,1241.40,1240.90,1241.00,3986
1788854100,1241.20,1241.50,1240.80,1241.30,3560
1788854160,1241.40,1241.80,1241.10,1241.20,4930
1788854220,1241.10,1241.70,1240.90,1241.60,5573
1788854280,1241.60,1241.80,1240.60,1240.70,5525
1788854340,1240.90,1241.70,1240.70,1240.80,6018
1788854400,1240.90,1241.60,1240.70,1241.30,4359
1788854460,1241.20,1241.50,1240.50,1240.50,4372
1788854520,1240.70,1240.90,1240.20,1240.20,5348
1788854580,1240.50,1240.50,1240.00,1240.30,8321
1788854640,1240.30,1240.80,1240.00,1240.20,4250
1788854700,1240.50,1241.50,1240.40,1240.60,6973
1788854760,1241.00,1241.40,1240.50,1241.40,5846
1788854820,1241.20,1241.50,1240.50,1240.80,6749
1788854880,1240.90,1241.30,1240.20,1240.50,7813
1788854940,1240.70,1240.90,1240.10,1240.70,4140
1788855000,1240.90,1241.00,1240.50,1240.50,15727
1788855060,1240.70,1240.70,1239.60,1239.60,19931
1788855120,1240.00,1240.30,1239.50,1239.70,7392
1788855180,1239.90,1240.30,1239.90,1240.20,3585
1788855240,1240.10,1240.20,1239.50,1239.80,6513
1788855300,1240.00,1240.30,1239.70,1240.00,3622
1788855360,1240.20,1241.00,1239.80,1240.10,50950
1788855420,1240.20,1241.40,1240.20,1241.00,7720
1788855480,1241.20,1242.00,1241.00,1241.70,6288
1788855540,1241.90,1242.40,1241.50,1242.00,5679
1788855600,1242.10,1242.60,1242.00,1242.00,5146
1788855660,1242.10,1242.20,1241.30,1241.50,5031
1788855720,1242.00,1242.40,1242.00,1242.00,5481
1788855780,1242.20,1243.40,1242.10,1242.60,6207
1788855840,1242.90,1243.40,1242.60,1242.80,6152
1788855900,1242.90,1243.30,1242.60,1242.60,5523
1788855960,1243.00,1243.80,1242.80,1243.80,5792
1788856020,1243.70,1243.90,1243.30,1243.80,11451
1788856080,1243.90,1244.30,1243.20,1243.90,14897
1788856140,1244.10,1244.30,1243.50,1244.00,11900
1788856200,1244.40,1245.30,1244.00,1244.40,13561
1788856260,1244.60,1245.50,1244.30,1245.00,11783
1788856320,1245.00,1245.50,1244.00,1244.20,7291
1788856380,1244.30,1245.10,1244.30,1244.80,5803
1788856440,1244.80,1245.50,1244.60,1245.10,6630
1788856500,1245.20,1245.70,1244.90,1245.00,22650
1788856560,1245.50,1245.60,1244.20,1245.00,23175
1788856620,1245.00,1245.10,1244.20,1244.70,46793
1788856680,1245.00,1245.50,1244.50,1244.50,32680
1788856740,1245.00,1245.20,1244.30,1244.50,6896
1788856800,1244.70,1245.10,1243.90,1244.70,8256
1788856860,1244.70,1245.20,1244.70,1244.80,4533
1788856920,1245.00,1245.50,1244.80,1245.00,5397
1788856980,1245.10,1245.40,1244.80,1245.00,6029
1788857040,1245.00,1245.30,1244.20,1244.20,6758
1788857100,1244.30,1245.00,1244.20,1244.70,12685
1788857160,1244.70,1245.30,1244.70,1244.90,4799
1788857220,1245.00,1245.60,1245.00,1245.50,5465
1788857280,1245.60,1245.70,1244.90,1245.50,9127
1788857340,1245.60,1246.00,1245.00,1245.10,30125
1788857400,1245.10,1246.40,1245.00,1245.50,10379
1788857460,1245.60,1245.90,1245.00,1245.20,6123
1788857520,1245.30,1246.00,1245.10,1245.80,3802
1788857580,1245.90,1246.60,1245.80,1246.60,5122
1788857640,1245.60,1246.10,1245.20,1245.80,8323
1788857700,1245.90,1246.00,1245.20,1245.90,3015
1788857760,1245.60,1246.20,1245.50,1246.10,5656
1788857820,1246.10,1246.30,1245.70,1246.10,6388
1788857880,1246.30,1246.40,1245.60,1246.30,3610
1788857940,1246.20,1246.30,1245.80,1246.00,3572
1788858000,1246.10,1246.10,1245.40,1245.40,4803
1788858060,1245.80,1245.80,1245.50,1245.70,4758
1788858120,1245.80,1246.70,1245.70,1246.50,6619
1788858180,1246.60,1246.90,1246.10,1246.70,5185
1788858240,1246.70,1246.80,1246.00,1246.60,5284
1788858300,1246.60,1247.00,1246.50,1246.80,5925
1788858360,1246.90,1247.00,1246.60,1246.90,5604
1788858420,1246.90,1247.00,1246.50,1246.50,4687
1788858480,1246.60,1246.60,1245.20,1245.20,10123
1788858540,1245.30,1245.60,1245.20,1245.60,9758
1788858600,1245.60,1246.00,1245.10,1245.30,14722
1788858660,1245.40,1246.50,1245.30,1246.20,5319
1788858720,1246.30,1246.30,1246.20,1246.20,5385
1788858780,1246.20,1246.30,1245.40,1245.90,5814
1788858840,1245.90,1246.30,1245.80,1246.00,5550
1788858900,1246.00,1246.10,1245.50,1245.90,7345
1788858960,1245.90,1246.30,1245.60,1246.00,9733
1788859020,1246.00,1246.40,1245.60,1245.80,5513
1788859080,1246.00,1246.70,1245.90,1246.50,9348
1788859140,1246.40,1246.40,1245.40,1245.50,5450
1788859200,1245.50,1246.20,1244.60,1244.80,103253
1788859260,1244.80,1245.00,1243.80,1244.20,17492
1788859320,1244.30,1244.30,1243.40,1243.80,14006
1788859380,1243.90,1244.10,1243.30,1243.70,11364
1788859440,1243.80,1244.40,1243.20,1244.30,18036
1788859500,1244.20,1244.50,1244.00,1244.40,16835
1788859560,1244.50,1245.00,1244.30,1244.90,24841
1788859620,1245.00,1245.70,1244.80,1245.30,48741
1788859680,1245.30,1245.60,1244.90,1244.90,58121
1788859740,1245.00,1246.90,1244.90,1246.70,42196
1788859800,1246.40,1246.40,1245.20,1245.50,20695
1788859860,1245.40,1245.50,1245.00,1245.00,24383
1788859920,1245.00,1245.10,1244.60,1244.90,29627
1788859980,1244.90,1245.00,1244.90,1245.00,28444
1788860040,1245.00,1245.00,1244.90,1245.00,26026
1788860100,1244.90,1245.30,1244.90,1245.30,29752
1788860160,1245.30,1246.00,1245.30,1245.90,25189
1788860220,1246.00,1246.60,1246.00,1246.00,24393
1788860280,1245.80,1245.90,1244.80,1244.80,21007
1788860340,1244.90,1245.50,1244.80,1245.00,23347
1788860400,1244.90,1247.00,1244.80,1246.80,121563
1788860460,1246.80,1247.30,1246.70,1247.00,21838
1788860520,1247.00,1248.00,1247.00,1247.20,28699
1788860580,1247.30,1247.30,1245.10,1246.20,31484
1788860640,1246.20,1247.50,1244.50,1244.90,10906
1788860700,1244.90,1244.90,1244.90,1244.90,0
1788860760,1244.90,1244.90,1244.90,1244.90,0
1788860820,1244.90,1244.90,1244.90,1244.90,0
1788860880,1244.90,1244.90,1244.90,1244.90,0
1788860940,1244.90,1244.90,1244.90,1244.90,0
1788861000,1244.90,1244.90,1244.90,1244.90,0
1788861060,1244.90,1244.90,1244.90,1244.90,0
1788861120,1244.90,1244.90,1244.90,1244.90,0
1788861180,1244.90,1244.90,1244.90,1244.90,0
1788861240,1244.90,1244.90,1244.90,1244.90,0
1788861300,1244.90,1244.90,1244.90,1244.90,0
1788861360,1244.90,1244.90,1244.90,1244.90,0
1788861420,1244.90,1244.90,1244.90,1244.90,0
1788861480,1244.90,1244.90,1244.90,1244.90,0
1788861540,1244.90,1244.90,1244.90,1244.90,270612
1788925080,1236.00,1236.00,1236.00,1236.00,12181
1788925140,1236.00,1236.00,1236.00,1236.00,0
1788925200,1236.00,1236.00,1236.00,1236.00,0
1788925260,1236.00,1236.00,1236.00,1236.00,0
1788925320,1236.00,1236.00,1236.00,1236.00,0
1788925380,1236.00,1236.00,1236.00,1236.00,0
1788925440,1236.00,1236.00,1236.00,1236.00,0
1788925500,1236.00,1241.90,1236.00,1239.50,85030
1788925560,1239.20,1239.80,1236.10,1236.20,53734
1788925620,1236.60,1236.60,1234.70,1236.20,55305
1788925680,1236.60,1237.60,1235.50,1236.60,54350
1788925740,1237.20,1237.20,1236.60,1237.10,23761
1788925800,1236.90,1239.50,1236.00,1239.20,40451
1788925860,1239.40,1239.40,1238.40,1238.50,6844
1788925920,1238.40,1238.40,1237.30,1237.70,8803
1788925980,1237.70,1239.10,1237.60,1238.10,62415
1788926040,1237.80,1238.20,1237.80,1238.20,29143
1788926100,1238.20,1238.20,1237.30,1237.70,22790
1788926160,1238.10,1239.00,1237.80,1237.80,89283
1788926220,1237.80,1239.10,1237.00,1238.90,69935
1788926280,1238.90,1238.90,1238.40,1238.60,6276
1788926340,1238.70,1239.70,1238.60,1239.40,27691
1788926400,1239.40,1239.60,1238.60,1238.60,12299
1788926460,1238.80,1239.80,1238.80,1239.70,25936
1788926520,1239.40,1239.40,1239.00,1239.00,13811
1788926580,1239.10,1240.50,1239.10,1240.40,33767
1788926640,1240.40,1240.60,1238.40,1238.80,64847
1788926700,1239.50,1239.70,1237.80,1237.80,118075
1788926760,1238.50,1240.00,1238.50,1239.60,63836
1788926820,1239.90,1239.90,1239.30,1239.50,7567
1788926880,1239.60,1239.60,1239.30,1239.60,11743
1788926940,1239.60,1240.90,1239.50,1240.00,38011
1788927000,1240.20,1240.70,1239.30,1239.60,33599
1788927060,1239.60,1239.60,1238.70,1238.80,28299
1788927120,1238.80,1241.50,1238.70,1241.20,1012428
1788927180,1241.00,1241.00,1240.00,1240.20,51358
1788927240,1240.20,1240.20,1239.60,1239.70,10109
1788927300,1239.60,1240.00,1239.50,1240.00,48269
1788927360,1240.90,1240.90,1240.10,1240.10,30307
1788927420,1240.40,1240.50,1240.10,1240.50,21917
1788927480,1240.50,1240.50,1238.90,1238.90,22553
1788927540,1239.30,1241.70,1238.60,1241.40,90275
1788927600,1241.30,1241.30,1240.60,1241.10,11917
1788927660,1241.00,1241.00,1240.20,1240.50,8204
1788927720,1240.50,1240.50,1240.10,1240.20,7421
1788927780,1240.10,1240.20,1240.10,1240.20,4700
1788927840,1240.20,1240.30,1239.70,1239.80,55041
1788927900,1239.80,1239.80,1239.70,1239.70,2664
1788927960,1239.70,1239.90,1239.70,1239.90,15506
1788928020,1239.80,1240.90,1239.80,1240.60,14166
1788928080,1240.70,1240.80,1239.40,1240.50,51799
1788928140,1240.60,1240.60,1240.00,1240.40,37082
1788928200,1240.40,1241.70,1240.40,1241.40,24384
1788928260,1241.40,1241.40,1240.60,1240.90,7029
1788928320,1240.90,1242.20,1240.90,1242.00,14456
1788928380,1241.80,1241.80,1241.20,1241.50,22243
1788928440,1241.60,1241.90,1241.60,1241.80,16337
1788928500,1241.80,1241.80,1241.50,1241.60,10465
1788928560,1241.60,1242.70,1241.50,1242.40,19228
1788928620,1242.10,1242.20,1241.70,1241.70,7787
1788928680,1241.70,1243.50,1241.70,1243.10,33841
1788928740,1243.20,1244.80,1243.20,1244.00,44283
1788928800,1244.00,1244.10,1243.50,1243.60,4819
1788928860,1243.70,1244.90,1243.60,1244.90,25456
1788928920,1244.80,1245.00,1244.60,1244.80,3982
1788928980,1244.90,1245.10,1244.20,1244.30,28519
1788929040,1244.30,1244.30,1243.50,1243.70,26328
1788929100,1243.70,1244.80,1243.70,1244.10,20625
1788929160,1244.10,1245.00,1243.70,1245.00,20227
1788929220,1245.00,1245.10,1244.90,1245.00,10006
1788929280,1245.10,1246.70,1245.00,1246.40,21554
1788929340,1246.30,1249.00,1246.30,1248.70,35584
1788929400,1248.50,1250.20,1248.10,1249.40,26721
1788929460,1249.40,1249.60,1248.10,1248.20,8617
1788929520,1248.30,1248.40,1248.10,1248.10,10841
1788929580,1248.20,1248.20,1248.00,1248.10,15660
1788929640,1249.00,1249.70,1246.90,1246.90,36394
1788929700,1246.90,1246.90,1245.70,1245.90,8484
1788929760,1245.90,1246.20,1245.20,1245.20,29781
1788929820,1245.40,1246.00,1245.30,1245.70,15055
1788929880,1246.00,1247.00,1246.00,1246.70,4368
1788929940,1246.90,1247.70,1246.90,1247.60,5367
1788930000,1247.60,1249.30,1247.60,1248.50,6886
1788930060,1248.50,1248.60,1247.60,1247.80,1683
1788930120,1247.50,1247.80,1247.00,1247.10,11690
1788930180,1247.00,1248.30,1246.80,1247.70,18967
1788930240,1247.70,1247.90,1247.10,1247.30,3388
1788930300,1247.30,1247.30,1246.80,1246.80,4110
1788930360,1246.80,1247.40,1246.60,1247.10,8326
1788930420,1247.10,1247.40,1246.50,1246.60,3687
1788930480,1246.50,1246.50,1245.80,1245.80,5003
1788930540,1245.90,1245.90,1245.60,1245.70,21930
1788930600,1245.70,1247.00,1245.70,1247.00,19549
1788930660,1247.00,1247.50,1246.50,1247.40,9772
1788930720,1247.40,1247.60,1246.90,1247.30,2681
1788930780,1247.20,1247.20,1246.50,1246.50,3276
1788930840,1246.50,1247.00,1246.50,1246.90,5024
1788930900,1247.00,1247.00,1246.50,1246.90,3734
1788930960,1247.00,1247.00,1246.80,1246.90,7209
1788931020,1246.80,1247.00,1246.60,1246.60,4018
1788931080,1246.60,1247.00,1246.30,1246.50,30527
1788931140,1246.50,1246.60,1246.40,1246.50,3292
1788931200,1246.50,1246.70,1246.40,1246.50,3654
1788931260,1246.50,1246.50,1244.90,1245.30,60344
1788931320,1245.30,1245.60,1245.20,1245.50,21372
1788931380,1245.40,1247.00,1245.40,1246.70,11915
1788931440,1246.70,1247.10,1246.60,1247.10,3973
1788931500,1247.10,1247.40,1246.90,1246.90,3042
1788931560,1246.90,1246.90,1245.90,1246.40,1833
1788931620,1246.40,1246.60,1246.10,1246.50,6638
1788931680,1246.50,1246.90,1246.40,1246.90,6411
1788931740,1246.90,1247.20,1246.70,1246.80,4877
1788931800,1246.70,1246.80,1246.30,1246.80,10711
1788931860,1247.00,1247.40,1246.50,1246.90,6449
1788931920,1246.80,1247.00,1246.50,1246.90,2612
1788931980,1246.90,1246.90,1246.30,1246.80,3535
1788932040,1246.70,1246.80,1246.00,1246.30,5311
1788932100,1246.40,1246.40,1245.50,1245.70,3467
1788932160,1246.10,1246.30,1245.70,1245.70,23905
1788932220,1245.80,1246.80,1245.60,1246.00,11553
1788932280,1246.10,1246.10,1244.60,1245.00,59531
1788932340,1244.90,1245.50,1244.50,1245.50,20328
1788932400,1245.50,1245.80,1245.30,1245.50,4317
1788932460,1245.60,1245.70,1245.40,1245.60,1128
1788932520,1245.80,1245.90,1245.00,1245.00,5750
1788932580,1245.10,1245.10,1244.40,1244.50,10674
1788932640,1244.70,1244.90,1244.30,1244.30,9809
1788932700,1244.10,1244.30,1243.50,1243.70,5644
1788932760,1243.80,1243.80,1243.50,1243.50,5586
1788932820,1243.60,1243.70,1243.50,1243.70,3034
1788932880,1243.70,1243.90,1243.50,1243.90,25109
1788932940,1243.90,1244.70,1243.80,1244.60,17167
1788933000,1244.60,1244.90,1244.50,1244.80,5219
1788933060,1244.80,1244.80,1244.20,1244.40,2591
1788933120,1244.30,1244.30,1243.70,1244.20,5288
1788933180,1244.20,1244.20,1243.80,1244.00,2299
1788933240,1243.90,1244.10,1243.80,1244.10,5938
1788933300,1244.10,1244.50,1243.90,1244.30,12765
1788933360,1244.50,1244.50,1243.60,1243.60,8530
1788933420,1243.70,1243.70,1243.50,1243.70,8332
1788933480,1243.70,1243.70,1242.50,1242.80,47049
1788933540,1242.80,1243.00,1242.60,1242.90,4858
1788933600,1242.90,1242.90,1242.60,1242.70,2906
1788933660,1242.90,1243.00,1242.80,1243.00,9284
1788933720,1242.90,1243.00,1242.60,1242.80,19805
1788933780,1242.80,1244.30,1242.70,1244.00,197021
1788933840,1244.00,1244.70,1243.80,1244.10,6380
1788933900,1244.10,1244.90,1244.00,1244.90,3198
1788933960,1244.90,1245.20,1244.80,1245.20,5984
1788934020,1245.20,1245.70,1244.60,1245.30,17144
1788934080,1245.30,1245.40,1245.10,1245.20,1783
1788934140,1245.20,1245.20,1245.10,1245.20,2257
1788934200,1245.20,1245.30,1245.00,1245.30,4460
1788934260,1245.30,1245.80,1245.20,1245.30,28970
1788934320,1245.40,1245.60,1245.10,1245.40,2947
1788934380,1245.50,1245.60,1245.20,1245.40,5143
1788934440,1245.40,1245.40,1244.40,1244.60,7835
1788934500,1244.80,1244.80,1244.20,1244.70,4786
1788934560,1244.70,1244.80,1244.30,1244.60,5067
1788934620,1244.40,1244.50,1244.10,1244.50,16829
1788934680,1244.50,1244.70,1244.20,1244.70,11672
1788934740,1244.80,1244.90,1243.90,1244.50,6158
1788934800,1244.40,1245.00,1244.00,1244.90,6285
1788934860,1244.90,1244.90,1244.20,1244.60,4665
1788934920,1244.60,1244.80,1244.40,1244.80,5555
1788934980,1244.80,1244.80,1244.20,1244.50,8208
1788935040,1244.50,1244.70,1243.90,1244.20,9250
1788935100,1244.60,1244.80,1244.10,1244.60,10569
1788935160,1244.80,1245.20,1244.60,1244.80,15597
1788935220,1244.90,1245.00,1244.60,1244.90,14184
1788935280,1244.80,1245.00,1244.50,1245.00,4386
1788935340,1245.00,1245.00,1244.60,1244.80,10183
1788935400,1244.70,1244.70,1244.40,1244.60,4641
1788935460,1244.60,1244.60,1244.00,1244.10,7569
1788935520,1244.00,1244.20,1243.90,1244.20,9813
1788935580,1244.20,1244.20,1243.60,1244.20,3106
1788935640,1244.30,1244.80,1244.20,1244.60,11904
1788935700,1244.80,1245.00,1244.20,1244.30,7415
1788935760,1244.30,1244.30,1243.80,1244.00,2681
1788935820,1243.80,1244.00,1243.60,1244.00,5006
1788935880,1244.00,1244.10,1243.70,1244.10,3902
1788935940,1244.10,1245.30,1244.10,1245.10,36187
1788936000,1245.20,1245.40,1245.10,1245.40,1708
1788936060,1245.50,1245.70,1245.40,1245.60,3825
1788936120,1245.60,1246.20,1245.50,1246.20,7241
1788936180,1246.20,1246.20,1246.00,1246.20,1555
1788936240,1246.20,1246.50,1245.60,1245.90,2976
1788936300,1245.70,1245.90,1245.40,1245.70,2420
1788936360,1245.70,1245.70,1245.10,1245.30,5610
1788936420,1245.30,1245.40,1245.20,1245.40,11868
1788936480,1245.70,1246.20,1245.70,1246.10,19923
1788936540,1246.20,1246.20,1245.30,1245.40,8617
1788936600,1245.50,1245.90,1245.40,1245.50,2151
1788936660,1245.90,1245.90,1245.50,1245.80,4321
1788936720,1245.80,1246.10,1245.60,1245.70,2979
1788936780,1245.80,1245.80,1245.30,1245.40,3775
1788936840,1245.70,1245.80,1245.60,1245.80,2477
1788936900,1245.80,1245.80,1245.60,1245.80,6550
1788936960,1245.80,1245.90,1245.60,1245.90,4147
1788937020,1245.90,1247.50,1245.80,1246.40,45227
1788937080,1246.40,1247.40,1246.00,1247.10,89144
1788937140,1247.20,1249.00,1246.90,1248.60,19090
1788937200,1249.00,1249.90,1249.00,1249.80,7242
1788937260,1249.80,1250.00,1248.60,1249.10,8162
1788937320,1249.50,1250.00,1249.50,1250.00,8953
1788937380,1249.90,1252.00,1249.90,1251.50,25393
1788937440,1251.50,1252.90,1251.30,1252.40,22093
1788937500,1252.20,1255.60,1252.20,1255.00,48542
1788937560,1254.90,1255.10,1254.00,1254.00,13869
1788937620,1254.40,1255.20,1254.00,1254.30,11669
1788937680,1254.50,1255.60,1253.90,1254.70,32549
1788937740,1254.80,1255.60,1254.80,1255.30,19843
1788937800,1255.30,1256.50,1255.20,1256.50,22770
1788937860,1256.50,1256.70,1256.00,1256.60,11912
1788937920,1256.60,1257.40,1256.40,1256.70,16978
1788937980,1257.00,1257.40,1256.30,1256.40,7639
1788938040,1256.40,1256.50,1256.00,1256.40,5929
1788938100,1256.20,1256.60,1254.00,1254.50,20626
1788938160,1254.90,1255.20,1254.40,1255.20,5954
1788938220,1255.10,1255.30,1254.60,1254.60,6618
1788938280,1254.60,1254.60,1254.10,1254.30,3125
1788938340,1254.40,1254.40,1253.60,1253.60,6639
1788938400,1253.70,1253.70,1253.60,1253.60,4370
1788938460,1253.70,1253.80,1253.60,1253.80,11729
1788938520,1253.80,1254.00,1253.70,1254.00,5516
1788938580,1253.90,1254.00,1253.40,1253.60,10953
1788938640,1253.80,1253.80,1252.70,1253.30,6465
1788938700,1253.10,1253.50,1252.80,1253.00,5982
1788938760,1253.00,1253.70,1252.90,1253.70,7364
1788938820,1253.50,1253.80,1253.40,1253.70,4933
1788938880,1253.70,1253.80,1253.00,1253.20,4684
1788938940,1253.20,1253.20,1252.70,1252.90,5097
1788939000,1252.60,1253.10,1252.40,1252.60,11982
1788939060,1252.80,1252.90,1252.20,1252.20,4624
1788939120,1252.70,1252.90,1251.80,1252.00,13382
1788939180,1252.50,1252.90,1251.70,1252.90,13244
1788939240,1252.90,1252.90,1251.90,1252.50,6263
1788939300,1252.70,1252.70,1251.90,1252.40,5240
1788939360,1252.40,1252.50,1252.10,1252.50,5082
1788939420,1252.50,1253.50,1252.50,1253.50,12323
1788939480,1253.50,1253.70,1252.80,1252.90,3124
1788939540,1252.90,1253.00,1252.60,1252.70,3247
1788939600,1252.60,1252.70,1252.00,1252.10,4266
1788939660,1252.10,1252.20,1252.00,1252.20,7117
1788939720,1252.00,1252.60,1251.20,1252.20,38747
1788939780,1252.30,1252.50,1251.80,1252.40,3211
1788939840,1252.40,1252.40,1252.20,1252.30,1660
1788939900,1252.30,1252.40,1251.50,1251.90,4509
1788939960,1252.00,1252.20,1251.70,1252.00,2263
1788940020,1251.90,1252.10,1251.60,1251.60,2630
1788940080,1252.10,1252.50,1251.90,1252.00,14106
1788940140,1252.10,1252.30,1251.10,1251.20,5815
1788940200,1251.60,1251.70,1251.10,1251.50,6625
1788940260,1251.50,1252.90,1251.50,1252.60,10784
1788940320,1252.60,1252.70,1252.10,1252.10,2550
1788940380,1252.40,1252.40,1251.50,1251.90,1832
1788940440,1252.10,1252.10,1251.40,1251.80,5688
1788940500,1251.90,1252.10,1251.50,1251.80,9054
1788940560,1251.90,1252.00,1251.70,1252.00,5979
1788940620,1251.60,1251.90,1251.10,1251.10,4986
1788940680,1251.50,1251.50,1251.00,1251.40,7271
1788940740,1251.40,1251.50,1250.90,1251.50,6476
1788940800,1251.50,1251.60,1251.30,1251.60,9106
1788940860,1251.60,1251.70,1251.00,1251.70,6880
1788940920,1251.40,1251.70,1250.90,1251.00,4458
1788940980,1251.00,1251.10,1250.80,1251.10,5586
1788941040,1251.10,1251.10,1250.10,1250.80,15144
1788941100,1250.80,1251.00,1250.20,1250.90,8505
1788941160,1250.90,1251.00,1250.40,1250.90,7796
1788941220,1250.40,1251.00,1250.40,1251.00,5151
1788941280,1251.00,1252.30,1250.70,1252.30,14959
1788941340,1252.30,1252.80,1251.60,1252.80,4402
1788941400,1252.80,1252.80,1252.00,1252.60,4213
1788941460,1252.60,1253.50,1252.10,1253.40,5374
1788941520,1253.40,1253.50,1253.30,1253.40,1871
1788941580,1253.50,1253.80,1253.30,1253.80,3633
1788941640,1253.70,1253.70,1252.50,1252.90,2868
1788941700,1252.90,1253.40,1252.70,1253.10,4004
1788941760,1252.90,1253.00,1252.20,1252.60,3493
1788941820,1252.60,1253.00,1252.20,1252.90,5119
1788941880,1252.90,1252.90,1252.50,1252.60,2314
1788941940,1252.60,1253.00,1252.50,1253.00,1524
1788942000,1253.00,1253.10,1252.80,1253.00,2497
1788942060,1253.00,1253.40,1252.90,1253.20,3771
1788942120,1253.20,1253.30,1252.30,1253.00,2122
1788942180,1253.10,1253.30,1252.60,1253.10,2719
1788942240,1253.10,1253.30,1252.50,1252.80,1937
1788942300,1252.80,1253.00,1252.50,1252.80,3083
1788942360,1252.90,1253.20,1252.60,1253.00,3182
1788942420,1253.20,1253.20,1252.60,1253.00,1714
1788942480,1253.00,1253.10,1252.50,1253.10,2452
1788942540,1253.10,1253.80,1252.80,1253.80,4388
1788942600,1253.80,1254.70,1253.80,1254.20,6168
1788942660,1254.10,1255.00,1253.90,1254.90,6613
1788942720,1255.00,1255.50,1254.90,1255.30,5053
1788942780,1255.30,1255.30,1254.80,1255.20,5155
1788942840,1255.20,1255.50,1254.80,1255.00,6550
1788942900,1255.00,1255.00,1254.30,1254.80,4285
1788942960,1254.80,1255.00,1254.40,1255.00,4459
1788943020,1255.00,1255.00,1254.30,1254.60,5271
1788943080,1254.60,1254.70,1253.50,1254.60,7276
1788943140,1254.60,1254.70,1253.90,1253.90,5163
1788943200,1253.60,1254.30,1253.30,1253.50,5119
1788943260,1253.50,1254.20,1250.70,1251.30,11450
1788943320,1251.30,1251.30,1250.40,1250.80,3920
1788943380,1250.80,1251.00,1250.00,1250.30,5814
1788943440,1250.30,1250.60,1248.80,1250.30,11011
1788943500,1250.30,1250.40,1249.10,1249.30,5640
1788943560,1249.30,1249.60,1248.00,1248.50,6916
1788943620,1248.60,1249.10,1248.20,1249.00,6052
1788943680,1249.00,1249.00,1248.00,1248.70,6217
1788943740,1248.70,1249.10,1248.20,1248.50,5967
1788943800,1248.50,1249.00,1248.30,1248.80,6862
1788943860,1248.80,1249.00,1248.10,1248.50,9630
1788943920,1248.50,1249.10,1248.30,1248.80,6091
1788943980,1249.00,1249.00,1247.00,1248.30,62395
1788944040,1247.90,1248.20,1247.20,1247.40,9988
1788944100,1247.80,1248.10,1247.50,1247.60,5309
1788944160,1248.00,1248.50,1247.70,1247.90,6661
1788944220,1248.10,1248.10,1247.10,1247.30,5458
1788944280,1247.30,1248.30,1247.10,1247.60,5905
1788944340,1247.70,1248.20,1247.30,1247.60,4067
1788944400,1247.90,1248.00,1247.00,1247.80,6192
1788944460,1247.90,1247.90,1246.70,1246.70,3711
1788944520,1247.40,1247.80,1246.80,1247.50,3400
1788944580,1247.60,1247.60,1246.50,1246.60,5406
1788944640,1246.90,1246.90,1245.20,1245.30,7895
1788944700,1245.60,1246.50,1245.30,1246.00,8707
1788944760,1246.00,1246.60,1245.50,1246.30,7211
1788944820,1246.30,1246.40,1245.30,1246.30,10764
1788944880,1246.00,1246.10,1244.00,1244.50,67350
1788944940,1244.50,1244.80,1243.50,1243.50,9837
1788945000,1243.90,1243.90,1242.60,1242.60,9942
1788945060,1243.00,1243.80,1242.70,1243.10,10236
1788945120,1243.30,1243.70,1242.50,1242.80,18086
1788945180,1243.20,1243.20,1242.70,1243.00,12215
1788945240,1243.20,1243.40,1242.60,1242.60,14269
1788945300,1242.80,1242.80,1241.40,1241.50,18154
1788945360,1241.60,1242.60,1241.50,1242.20,12187
1788945420,1242.20,1242.90,1241.70,1242.50,4512
1788945480,1242.60,1242.60,1242.20,1242.30,7674
1788945540,1242.30,1243.50,1241.80,1242.60,20163
1788945600,1242.60,1243.80,1242.20,1242.90,51967
1788945660,1243.00,1243.90,1242.50,1242.50,12948
1788945720,1242.50,1242.70,1241.50,1241.90,14558
1788945780,1241.90,1242.00,1241.60,1241.70,12006
1788945840,1241.80,1242.40,1241.80,1242.30,5023
1788945900,1242.00,1242.50,1242.00,1242.10,9138
1788945960,1242.10,1242.30,1241.00,1241.40,17078
1788946020,1241.40,1241.90,1241.00,1241.50,15324
1788946080,1241.40,1241.40,1240.40,1240.60,20133
1788946140,1240.60,1241.00,1240.30,1241.00,54624
1788946200,1241.10,1241.20,1240.50,1240.60,48273
1788946260,1240.60,1241.80,1240.60,1240.90,26811
1788946320,1240.90,1241.10,1240.60,1241.00,16948
1788946380,1241.00,1241.30,1240.60,1240.80,12271
1788946440,1241.40,1241.40,1240.30,1240.30,17199
1788946500,1240.30,1240.30,1239.30,1239.40,24866
1788946560,1239.40,1240.10,1239.20,1239.50,39134
1788946620,1239.60,1240.60,1239.30,1240.40,27111
1788946680,1240.20,1241.50,1240.20,1241.10,25670
1788946740,1241.80,1241.80,1240.60,1241.00,18480
1788946800,1240.90,1241.00,1240.50,1240.90,79639
1788946860,1240.80,1241.50,1240.80,1241.20,25959
1788946920,1241.30,1241.70,1240.60,1241.60,19166
1788946980,1241.60,1242.00,1241.10,1241.50,13423
1788947040,1241.20,1243.00,1240.00,1242.00,12286
1788947100,1242.00,1242.00,1242.00,1242.00,11
1788947160,1242.00,1242.00,1242.00,1242.00,0
1788947220,1242.00,1242.00,1242.00,1242.00,0
1788947280,1242.00,1242.00,1242.00,1242.00,0
1788947340,1242.00,1242.00,1242.00,1242.00,0
1788947400,1242.00,1242.00,1242.00,1242.00,0
1788947460,1242.00,1242.00,1242.00,1242.00,0
1788947520,1242.00,1242.00,1242.00,1242.00,0
1788947580,1242.00,1242.00,1242.00,1242.00,0
1788947640,1242.00,1242.00,1242.00,1242.00,0
1788947700,1242.00,1242.00,1242.00,1242.00,0
1788947760,1242.00,1242.00,1242.00,1242.00,0
1788947820,1242.00,1242.00,1242.00,1242.00,0
1788947880,1242.00,1242.00,1238.50,1238.50,235427
1788947940,1238.50,1238.50,1238.50,1238.50,0
1789011900,1242.10,1249.30,1240.40,1246.10,39890
1789011960,1246.10,1246.20,1244.30,1244.40,16375
1789012020,1244.70,1246.00,1244.30,1245.60,13108
1789012080,1246.60,1249.60,1246.10,1248.70,8443
1789012140,1248.40,1249.90,1247.10,1248.30,9924
1789012200,1248.80,1248.80,1247.10,1247.50,4245
1789012260,1247.50,1250.30,1247.10,1250.30,18792
1789012320,1250.30,1251.10,1249.80,1250.50,17588
1789012380,1250.90,1251.10,1250.10,1250.50,6386
1789012440,1251.70,1253.10,1251.30,1251.90,22002
1789012500,1251.80,1252.30,1251.10,1251.50,14579
1789012560,1251.50,1251.70,1251.00,1251.50,7065
1789012620,1251.60,1253.20,1251.60,1251.60,14929
1789012680,1252.50,1252.50,1251.30,1252.10,14646
1789012740,1252.10,1252.90,1251.60,1251.90,13709
1789012800,1252.40,1252.40,1249.70,1249.90,16960
1789012860,1249.90,1250.50,1248.20,1250.30,24462
1789012920,1249.80,1250.60,1249.70,1250.20,5976
1789012980,1249.60,1250.40,1249.60,1250.30,6077
1789013040,1250.20,1250.20,1248.70,1249.10,11487
1789013100,1248.80,1248.90,1248.10,1248.80,5129
1789013160,1248.80,1249.40,1248.70,1249.20,6241
1789013220,1249.20,1250.00,1249.20,1249.70,4800
1789013280,1249.70,1249.70,1249.00,1249.50,6695
1789013340,1249.50,1249.50,1249.00,1249.30,4521
1789013400,1249.30,1249.30,1248.00,1248.00,6183
1789013460,1248.00,1248.40,1247.90,1247.90,8582
1789013520,1247.70,1249.40,1247.70,1249.00,11392
1789013580,1249.00,1249.00,1248.20,1248.20,5944
1789013640,1248.60,1248.60,1247.50,1248.10,7407
1789013700,1248.40,1249.00,1248.10,1248.50,6633
1789013760,1248.30,1248.40,1247.40,1247.70,4363
1789013820,1247.70,1248.10,1247.20,1247.60,3493
1789013880,1248.00,1248.40,1247.80,1248.20,3529
1789013940,1248.40,1248.70,1247.90,1248.70,2583
1789014000,1248.80,1249.60,1248.50,1249.40,3885
1789014060,1249.60,1250.40,1248.70,1249.50,14245
1789014120,1250.20,1250.90,1249.60,1250.70,2824
1789014180,1250.90,1251.50,1250.00,1250.10,4584
1789014240,1250.60,1251.60,1250.10,1251.30,9642
1789014300,1251.40,1251.60,1250.30,1250.30,7144
1789014360,1250.60,1250.90,1250.00,1250.30,1836
1789014420,1250.20,1250.30,1249.40,1249.50,3017
1789014480,1249.60,1250.00,1249.10,1249.70,4743
1789014540,1249.70,1250.00,1249.20,1250.00,3073
1789014600,1249.90,1250.40,1248.00,1248.30,8343
1789014660,1248.70,1248.70,1247.30,1247.80,3386
1789014720,1248.00,1248.00,1246.80,1246.90,6720
1789014780,1246.90,1247.00,1246.40,1246.70,5468
1789014840,1247.00,1247.50,1246.50,1247.10,2282
1789014900,1247.30,1247.40,1247.10,1247.10,1607
1789014960,1247.30,1247.40,1246.10,1246.50,5347
1789015020,1246.50,1247.20,1245.90,1245.90,9501
1789015080,1246.40,1247.00,1246.10,1246.40,4077
1789015140,1246.50,1247.10,1246.10,1246.70,2380
1789015200,1246.80,1247.20,1246.70,1247.10,4159
1789015260,1247.10,1247.20,1246.30,1246.90,2909
1789015320,1247.20,1247.20,1246.50,1246.60,2515
1789015380,1246.90,1247.20,1246.00,1246.20,6285
1789015440,1246.70,1247.80,1246.50,1247.30,5277
1789015500,1247.90,1249.70,1247.20,1249.70,9233
1789015560,1249.70,1250.00,1249.10,1249.30,4667
1789015620,1249.70,1249.70,1248.40,1248.40,1394
1789015680,1248.60,1249.30,1248.30,1248.40,3781
1789015740,1248.50,1249.00,1248.20,1248.60,2471
1789015800,1248.40,1248.60,1248.20,1248.20,1546
1789015860,1248.20,1249.60,1247.20,1248.10,37353
1789015920,1248.20,1248.80,1247.40,1248.60,5262
1789015980,1248.70,1250.00,1248.60,1250.00,6426
1789016040,1250.40,1250.50,1249.80,1250.50,6222
1789016100,1250.50,1252.50,1250.10,1252.50,7431
1789016160,1252.70,1252.80,1252.00,1252.70,9454
1789016220,1252.80,1252.90,1252.20,1252.50,2247
1789016280,1252.60,1252.70,1252.20,1252.50,4333
1789016340,1252.50,1253.60,1252.30,1253.60,13825
1789016400,1253.80,1254.50,1253.10,1253.40,22225
1789016460,1253.50,1253.70,1252.40,1252.60,4106
1789016520,1252.80,1252.90,1252.60,1252.70,3394
1789016580,1252.80,1253.50,1252.20,1253.30,13261
1789016640,1253.30,1253.30,1252.80,1252.80,3266
1789016700,1253.00,1253.00,1252.80,1253.00,3189
1789016760,1253.00,1253.50,1252.50,1253.50,3485
1789016820,1253.40,1253.80,1252.90,1253.20,8995
1789016880,1253.60,1253.90,1253.20,1253.70,2482
1789016940,1253.80,1254.30,1253.60,1254.20,3249
1789017000,1254.10,1255.20,1254.10,1255.10,25133
1789017060,1255.20,1255.20,1253.30,1253.80,16698
1789017120,1253.90,1253.90,1252.10,1252.10,14571
1789017180,1252.30,1252.30,1251.10,1251.60,8839
1789017240,1251.60,1251.90,1251.50,1251.80,3414
1789017300,1252.00,1252.70,1251.70,1252.00,10508
1789017360,1251.50,1252.50,1250.50,1250.50,15528
1789017420,1250.70,1251.20,1250.20,1250.20,6607
1789017480,1250.50,1250.50,1250.00,1250.00,8387
1789017540,1250.10,1250.50,1250.10,1250.30,2492
1789017600,1250.30,1250.30,1249.50,1250.00,4427
1789017660,1250.00,1250.50,1250.00,1250.50,4151
1789017720,1250.60,1251.10,1250.40,1250.80,3839
1789017780,1250.90,1250.90,1250.60,1250.60,4813
1789017840,1250.70,1250.90,1250.20,1250.60,3903
1789017900,1250.50,1251.00,1250.40,1250.50,3029
1789017960,1250.50,1250.80,1250.10,1250.30,3189
1789018020,1250.50,1250.60,1250.10,1250.60,2856
1789018080,1250.90,1250.90,1250.20,1250.70,5919
1789018140,1250.60,1251.00,1250.60,1251.00,700
1789018200,1251.40,1251.50,1250.70,1250.70,1873
1789018260,1251.00,1251.20,1249.60,1250.00,3520
1789018320,1250.00,1250.30,1249.90,1250.10,2368
1789018380,1250.20,1250.30,1249.60,1249.90,15556
1789018440,1250.00,1250.60,1249.80,1250.50,4720
1789018500,1250.50,1250.50,1249.60,1250.00,3865
1789018560,1249.70,1250.50,1249.20,1249.50,63778
1789018620,1249.50,1249.50,1248.60,1249.00,3424
1789018680,1249.20,1249.90,1249.00,1249.90,1958
1789018740,1248.70,1250.20,1248.70,1250.20,9450
1789018800,1250.20,1250.90,1250.20,1250.50,2621
1789018860,1250.70,1250.70,1250.00,1250.30,3862
1789018920,1250.40,1251.00,1250.40,1250.90,910
1789018980,1251.00,1252.00,1250.90,1251.50,4291
1789019040,1251.60,1251.70,1251.40,1251.70,1238
1789019100,1251.70,1252.90,1251.30,1252.90,15793
1789019160,1253.10,1253.90,1252.50,1253.90,6400
1789019220,1253.90,1254.90,1253.30,1254.50,10280
1789019280,1254.50,1254.70,1253.20,1253.70,6835
1789019340,1254.20,1254.20,1253.00,1253.00,3114
1789019400,1253.20,1253.20,1251.80,1251.90,6039
1789019460,1252.40,1252.90,1252.40,1252.60,1992
1789019520,1252.80,1253.10,1252.60,1252.70,4477
1789019580,1253.00,1253.20,1252.30,1252.30,14365
1789019640,1252.40,1252.40,1251.50,1251.70,8887
1789019700,1251.80,1251.80,1251.50,1251.80,772
1789019760,1251.80,1252.00,1251.60,1251.90,2622
1789019820,1251.80,1251.80,1250.60,1251.10,3815
1789019880,1250.90,1251.10,1250.50,1250.80,2636
1789019940,1250.80,1251.50,1250.50,1250.60,8934
1789020000,1250.50,1251.70,1250.50,1251.50,8739
1789020060,1251.60,1251.60,1250.80,1250.90,2603
1789020120,1251.00,1251.20,1250.40,1250.90,1529
1789020180,1251.00,1251.00,1250.00,1250.30,2391
1789020240,1250.40,1250.40,1249.90,1250.10,3485
1789020300,1250.10,1250.40,1250.00,1250.20,2679
1789020360,1250.30,1250.40,1249.70,1250.00,3757
1789020420,1249.70,1250.20,1249.70,1250.10,1831
1789020480,1250.10,1250.50,1250.00,1250.30,3153
1789020540,1250.30,1250.50,1249.80,1249.80,6689
1789020600,1249.90,1250.40,1249.60,1250.10,2976
1789020660,1250.20,1250.20,1250.00,1250.20,1583
1789020720,1250.20,1250.20,1249.30,1250.00,6775
1789020780,1250.00,1250.00,1249.50,1249.90,4107
1789020840,1250.00,1250.40,1249.90,1250.40,3514
1789020900,1250.40,1250.60,1250.30,1250.50,2183
1789020960,1250.60,1250.60,1250.50,1250.60,903
1789021020,1250.60,1250.80,1250.50,1250.50,3544
1789021080,1250.10,1250.20,1249.70,1250.20,2188
1789021140,1250.10,1250.40,1249.80,1250.00,10146
1789021200,1250.40,1250.40,1249.80,1250.10,6792
1789021260,1250.10,1250.10,1249.30,1249.90,20146
1789021320,1250.10,1250.20,1249.20,1250.10,32744
1789021380,1250.10,1250.30,1249.60,1249.70,2875
1789021440,1250.10,1250.10,1249.30,1250.10,16254
1789021500,1249.70,1250.30,1249.50,1250.00,8212
1789021560,1250.10,1250.20,1249.20,1250.10,18312
1789021620,1250.10,1250.20,1249.60,1250.10,7162
1789021680,1250.20,1250.20,1249.70,1250.10,7521
1789021740,1250.10,1250.30,1249.70,1250.00,10875
1789021800,1250.10,1250.20,1249.70,1250.00,1899
1789021860,1250.10,1250.10,1249.60,1249.70,25337
1789021920,1249.80,1250.40,1249.70,1250.40,2470
1789021980,1250.30,1250.40,1249.00,1249.00,3326
1789022040,1249.20,1249.50,1249.10,1249.20,2757
1789022100,1249.10,1249.30,1249.00,1249.10,4525
1789022160,1249.30,1249.30,1248.90,1249.10,4524
1789022220,1249.30,1249.30,1249.00,1249.00,2699
1789022280,1249.00,1249.20,1248.90,1249.00,11653
1789022340,1249.00,1249.10,1247.10,1247.20,21286
1789022400,1247.20,1248.20,1246.80,1248.00,4947
1789022460,1248.20,1248.40,1248.00,1248.40,775
1789022520,1248.50,1249.20,1248.40,1248.60,6156
1789022580,1249.00,1249.10,1248.30,1249.00,3401
1789022640,1248.90,1249.20,1248.60,1248.70,2967
1789022700,1248.80,1249.00,1248.60,1249.00,2038
1789022760,1249.10,1251.00,1249.00,1250.90,12844
1789022820,1250.80,1251.00,1250.00,1250.10,5855
1789022880,1250.10,1250.10,1249.70,1249.70,2070
1789022940,1249.80,1250.20,1249.80,1250.20,2750
1789023000,1250.40,1251.10,1250.00,1251.00,5849
1789023060,1251.00,1251.20,1250.90,1251.20,2215
1789023120,1251.40,1251.50,1250.50,1250.70,5971
1789023180,1250.80,1250.90,1249.80,1250.50,6700
1789023240,1250.50,1250.50,1250.20,1250.20,2187
1789023300,1250.50,1250.60,1249.90,1250.60,3732
1789023360,1250.60,1250.70,1250.50,1250.60,1926
1789023420,1250.60,1250.60,1250.50,1250.60,2556
1789023480,1250.70,1250.70,1250.50,1250.60,1558
1789023540,1250.60,1250.60,1249.90,1250.10,4349
1789023600,1250.10,1250.40,1249.70,1249.70,3504
1789023660,1250.10,1250.10,1249.60,1250.10,5582
1789023720,1250.00,1250.30,1250.00,1250.20,1601
1789023780,1250.00,1250.10,1249.80,1250.10,3882
1789023840,1250.20,1250.30,1249.40,1250.30,50934
1789023900,1250.50,1251.20,1249.80,1251.20,24423
1789023960,1251.20,1251.40,1251.00,1251.00,7677
1789024020,1251.10,1251.80,1251.10,1251.80,3282
1789024080,1251.80,1251.80,1251.10,1251.60,6684
1789024140,1251.60,1251.60,1249.70,1251.10,12547
1789024200,1251.20,1251.30,1250.50,1250.50,4043
1789024260,1251.00,1251.10,1250.20,1250.30,3149
1789024320,1250.50,1251.00,1250.20,1250.70,9335
1789024380,1250.60,1250.80,1250.30,1250.60,6596
1789024440,1250.30,1250.60,1250.30,1250.30,4937
1789024500,1250.30,1250.30,1250.10,1250.30,2239
1789024560,1250.30,1250.30,1249.60,1250.10,5997
1789024620,1250.00,1250.10,1249.90,1249.90,5079
1789024680,1250.10,1250.10,1249.80,1250.00,1871
1789024740,1250.10,1250.50,1250.00,1250.50,6090
1789024800,1250.50,1250.60,1249.90,1250.30,6795
1789024860,1250.30,1250.40,1250.00,1250.20,4042
1789024920,1250.30,1250.40,1249.70,1249.70,7772
1789024980,1250.00,1250.40,1249.70,1249.90,3375
1789025040,1250.40,1250.40,1249.90,1249.90,3963
1789025100,1250.30,1250.30,1249.10,1249.20,17939
1789025160,1249.70,1250.10,1249.30,1250.00,26386
1789025220,1250.10,1250.30,1249.20,1249.70,3353
1789025280,1249.70,1249.70,1249.10,1249.40,2900
1789025340,1249.40,1249.50,1247.90,1247.90,6092
1789025400,1248.20,1248.70,1248.00,1248.10,12060
1789025460,1248.10,1248.30,1247.30,1248.30,17239
1789025520,1247.90,1248.60,1247.90,1248.30,2399
1789025580,1248.50,1248.70,1248.00,1248.70,5258
1789025640,1248.60,1248.60,1248.10,1248.40,3939
1789025700,1248.50,1248.90,1247.70,1248.00,3880
1789025760,1248.40,1248.50,1247.40,1248.10,9300
1789025820,1248.50,1248.90,1248.10,1248.30,7309
1789025880,1248.80,1249.00,1248.40,1248.50,1818
1789025940,1248.60,1249.60,1248.60,1249.60,4522
1789026000,1249.60,1249.80,1249.10,1249.40,4525
1789026060,1249.80,1250.00,1249.00,1249.20,9582
1789026120,1249.70,1249.90,1249.10,1249.40,2890
1789026180,1249.70,1249.90,1249.20,1249.40,4727
1789026240,1249.80,1249.90,1249.40,1249.90,2147
1789026300,1250.40,1250.40,1249.10,1249.60,3892
1789026360,1249.60,1249.60,1249.00,1249.20,2113
1789026420,1249.50,1249.90,1249.00,1249.70,4383
1789026480,1249.90,1250.30,1249.50,1250.00,2380
1789026540,1250.30,1250.40,1249.40,1249.60,4861
1789026600,1250.10,1250.30,1249.50,1249.60,5924
1789026660,1249.50,1250.40,1249.50,1250.40,5722
1789026720,1250.40,1250.40,1250.00,1250.00,4561
1789026780,1250.30,1250.40,1250.00,1250.20,1759
1789026840,1250.40,1250.40,1250.20,1250.40,1443
1789026900,1250.50,1250.60,1250.00,1250.00,5721
1789026960,1250.30,1250.40,1250.00,1250.10,6060
1789027020,1250.20,1250.30,1249.50,1249.50,23696
1789027080,1249.80,1250.10,1249.10,1249.90,26000
1789027140,1250.10,1250.10,1249.30,1250.00,24981
1789027200,1250.10,1250.10,1249.10,1249.60,27674
1789027260,1250.10,1250.10,1249.70,1250.00,3330
1789027320,1250.10,1250.10,1249.60,1250.00,6946
1789027380,1250.10,1250.10,1249.40,1249.60,32498
1789027440,1249.60,1250.10,1248.70,1249.30,57926
1789027500,1249.40,1250.00,1248.30,1248.40,42234
1789027560,1248.40,1248.80,1246.60,1247.50,50295
1789027620,1247.10,1248.00,1246.60,1247.00,41549
1789027680,1247.20,1248.00,1247.10,1247.90,8194
1789027740,1247.90,1248.00,1247.10,1247.20,12101
1789027800,1247.20,1247.70,1246.20,1247.00,16732
1789027860,1247.10,1247.10,1245.90,1246.90,48258
1789027920,1247.00,1247.10,1246.10,1246.40,69857
1789027980,1246.80,1247.20,1246.00,1246.80,33346
1789028040,1247.10,1247.30,1246.80,1247.10,3030
1789028100,1247.10,1247.50,1246.70,1247.00,22753
1789028160,1247.40,1248.00,1246.70,1247.50,13453
1789028220,1247.20,1247.80,1246.80,1247.00,5757
1789028280,1247.00,1247.20,1246.50,1247.00,8741
1789028340,1247.30,1247.80,1247.00,1247.00,4145
1789028400,1247.50,1247.60,1246.80,1247.40,3653
1789028460,1247.40,1247.50,1246.70,1247.30,4735
1789028520,1247.50,1247.70,1246.80,1247.70,6088
1789028580,1247.60,1247.70,1247.10,1247.10,4331
1789028640,1247.50,1247.60,1246.80,1246.90,2888
1789028700,1247.20,1247.40,1246.60,1246.90,6193
1789028760,1247.00,1247.30,1246.70,1246.90,9984
1789028820,1247.30,1247.40,1246.40,1246.80,4688
1789028880,1247.30,1247.50,1246.00,1246.70,22317
1789028940,1246.00,1247.30,1245.70,1246.90,36122
1789029000,1247.00,1247.50,1246.90,1247.20,2692
1789029060,1247.20,1247.40,1246.70,1247.00,2967
1789029120,1247.00,1247.20,1246.00,1246.90,41666
1789029180,1246.90,1247.10,1245.80,1246.80,31031
1789029240,1247.10,1247.20,1246.00,1246.60,30978
1789029300,1246.60,1247.00,1246.00,1246.80,58479
1789029360,1247.00,1247.50,1246.70,1246.80,3369
1789029420,1247.20,1247.40,1246.80,1247.00,5691
1789029480,1247.00,1247.40,1246.50,1247.10,3583
1789029540,1247.40,1247.70,1246.70,1247.30,5064
1789029600,1247.40,1247.80,1247.00,1247.00,4844
1789029660,1247.00,1247.20,1246.80,1247.20,2816
1789029720,1247.20,1247.40,1246.90,1246.90,4171
1789029780,1247.10,1247.30,1246.50,1247.00,11848
1789029840,1247.00,1247.20,1246.50,1246.70,5299
1789029900,1246.70,1247.10,1246.00,1246.50,29738
1789029960,1246.50,1247.10,1245.50,1247.00,82143
1789030020,1247.00,1247.10,1245.20,1246.10,39739
1789030080,1246.50,1246.50,1245.50,1246.00,7540
1789030140,1246.20,1246.20,1245.90,1246.10,36208
1789030200,1246.10,1246.50,1246.00,1246.30,7372
1789030260,1246.50,1246.90,1246.30,1246.50,5052
1789030320,1246.50,1246.90,1245.90,1246.50,6686
1789030380,1246.70,1246.70,1246.10,1246.40,4202
1789030440,1246.40,1246.70,1245.80,1246.60,19470
1789030500,1246.60,1247.10,1246.10,1246.10,6940
1789030560,1246.60,1246.60,1245.60,1246.20,11358
1789030620,1246.20,1246.20,1245.80,1246.10,3855
1789030680,1246.20,1246.30,1245.60,1246.30,33199
1789030740,1246.00,1246.50,1246.00,1246.50,2169
1789030800,1246.50,1246.60,1245.80,1246.20,5018
1789030860,1246.40,1246.40,1245.70,1246.00,11076
1789030920,1246.10,1246.20,1245.80,1245.80,8179
1789030980,1246.10,1246.20,1243.90,1244.30,166563
1789031040,1244.40,1244.40,1243.10,1243.10,27286
1789031100,1243.10,1243.20,1242.70,1242.80,4247
1789031160,1243.00,1243.00,1242.50,1242.50,4007
1789031220,1242.90,1242.90,1242.00,1242.00,6895
1789031280,1242.50,1242.50,1242.00,1242.10,4026
1789031340,1242.50,1242.90,1242.10,1242.60,10259
1789031400,1243.00,1244.80,1242.80,1244.80,38457
1789031460,1244.80,1244.80,1244.00,1244.00,4490
1789031520,1244.20,1244.70,1244.00,1244.10,4174
1789031580,1244.50,1244.70,1244.10,1244.30,2122
1789031640,1244.70,1245.30,1244.40,1244.50,22844
1789031700,1245.00,1245.00,1244.00,1244.50,6663
1789031760,1244.50,1246.40,1244.20,1245.30,10360
1789031820,1245.70,1247.00,1245.40,1246.60,5277
1789031880,1246.60,1247.10,1246.20,1246.40,21686
1789031940,1246.60,1247.80,1246.50,1247.80,8374
1789032000,1248.00,1249.10,1247.50,1248.70,22457
1789032060,1249.00,1249.50,1248.60,1248.70,12850
1789032120,1249.20,1249.20,1246.30,1247.10,28751
1789032180,1247.80,1247.90,1247.10,1247.90,12002
1789032240,1247.90,1247.90,1247.30,1247.30,5392
1789032300,1247.70,1247.80,1247.30,1247.50,13164
1789032360,1247.50,1247.80,1245.80,1246.20,12017
1789032420,1246.30,1247.20,1246.10,1246.30,20054
1789032480,1246.40,1246.60,1246.30,1246.50,2742
1789032540,1246.50,1246.90,1246.50,1246.70,17040
1789032600,1246.60,1246.60,1245.60,1245.80,17168
1789032660,1245.80,1247.50,1245.50,1247.30,10041
1789032720,1247.60,1247.70,1246.80,1247.70,20940
1789032780,1247.70,1248.40,1247.40,1248.00,19236
1789032840,1248.30,1248.60,1247.70,1248.10,8353
1789032900,1248.20,1248.40,1247.80,1248.10,16585
1789032960,1248.10,1248.10,1247.70,1248.00,8337
1789033020,1248.00,1248.20,1248.00,1248.10,14321
1789033080,1248.00,1248.50,1247.60,1248.40,9305
1789033140,1248.50,1248.90,1248.40,1248.80,14480
1789033200,1248.90,1249.00,1248.70,1248.80,42451
1789033260,1248.80,1248.80,1248.30,1248.40,14645
1789033320,1248.00,1248.50,1245.80,1246.50,80185
1789033380,1247.10,1247.10,1246.00,1246.00,28791
1789033440,1246.10,1247.00,1246.00,1246.00,20891
1789033500,1246.00,1246.00,1246.00,1246.00,900
1789033560,1246.00,1246.00,1246.00,1246.00,0
1789033620,1246.00,1246.00,1246.00,1246.00,0
1789033680,1246.00,1246.00,1246.00,1246.00,0
1789033740,1246.00,1246.00,1246.00,1246.00,0
1789033800,1246.00,1246.00,1246.00,1246.00,0
1789033860,1246.00,1246.00,1246.00,1246.00,0
1789033920,1246.00,1246.00,1246.00,1246.00,0
1789033980,1246.00,1246.00,1246.00,1246.00,0
1789034040,1246.00,1246.00,1246.00,1246.00,0
1789034100,1246.00,1246.00,1246.00,1246.00,0
1789034160,1246.00,1246.00,1246.00,1246.00,0
1789034220,1246.00,1246.00,1246.00,1246.00,0
1789034280,1246.00,1246.00,1246.00,1246.00,0
1789034340,1246.00,1246.00,1246.00,1246.00,286608
1789098300,1237.90,1237.90,1229.80,1235.00,76521
1789098360,1235.40,1235.50,1233.20,1235.20,60333
1789098420,1235.20,1235.80,1234.00,1234.70,44933
1789098480,1234.60,1234.60,1231.40,1232.40,28890
1789098540,1232.40,1233.30,1232.10,1233.00,10977
1789098600,1232.90,1234.90,1232.40,1234.60,10331
1789098660,1234.60,1235.00,1233.80,1234.40,16439
1789098720,1234.40,1234.40,1232.30,1233.10,19855
1789098780,1233.10,1233.90,1233.10,1233.40,5066
1789098840,1233.40,1235.20,1233.40,1235.20,7091
1789098900,1235.00,1238.20,1234.70,1237.70,68905
1789098960,1237.80,1240.40,1237.50,1239.20,71260
1789099020,1239.20,1239.30,1238.00,1239.20,13080
1789099080,1237.80,1241.00,1237.80,1240.40,19345
1789099140,1239.80,1240.90,1238.90,1239.30,74158
1789099200,1239.30,1239.30,1237.20,1237.20,13782
1789099260,1237.70,1238.20,1237.20,1237.40,8865
1789099320,1236.80,1237.00,1235.50,1235.70,17875
1789099380,1235.80,1236.60,1234.20,1235.00,14508
1789099440,1235.30,1236.10,1233.90,1234.40,13217
1789099500,1234.40,1234.90,1234.10,1234.80,2367
1789099560,1234.80,1235.20,1234.10,1235.00,4088
1789099620,1235.00,1235.30,1234.60,1234.90,6783
1789099680,1234.90,1235.10,1234.60,1234.90,3434
1789099740,1235.20,1238.60,1235.10,1237.50,9648
1789099800,1237.80,1237.90,1237.10,1237.60,5451
1789099860,1237.90,1237.90,1236.80,1237.20,7462
1789099920,1237.40,1237.60,1236.50,1237.10,6816
1789099980,1237.10,1237.70,1236.90,1237.70,6137
1789100040,1237.70,1238.20,1237.40,1238.20,6279
1789100100,1238.30,1238.30,1237.50,1237.90,5004
1789100160,1237.90,1238.30,1237.30,1238.30,9309
1789100220,1238.00,1238.30,1237.60,1237.60,3948
1789100280,1237.80,1237.90,1236.80,1237.40,5597
1789100340,1237.40,1237.40,1236.60,1237.00,5273
1789100400,1237.00,1237.40,1236.80,1236.80,6562
1789100460,1236.80,1237.20,1236.30,1236.70,4160
1789100520,1236.40,1237.00,1236.30,1236.60,4376
1789100580,1237.10,1237.10,1235.70,1236.10,5710
1789100640,1236.30,1237.20,1236.20,1237.00,6562
1789100700,1237.00,1238.10,1237.00,1238.00,4748
1789100760,1238.00,1238.40,1237.40,1237.60,10636
1789100820,1238.00,1239.70,1237.70,1239.40,7567
1789100880,1239.40,1239.60,1238.40,1239.40,8703
1789100940,1239.00,1239.00,1237.80,1237.80,9317
1789101000,1237.70,1238.40,1237.20,1237.30,8494
1789101060,1237.20,1237.30,1237.00,1237.30,6540
1789101120,1237.30,1237.90,1237.00,1237.70,7451
1789101180,1238.00,1239.00,1237.80,1238.90,8303
1789101240,1238.40,1239.30,1238.30,1239.10,8945
1789101300,1238.90,1239.30,1238.70,1239.30,4554
1789101360,1239.30,1239.30,1238.50,1238.60,6916
1789101420,1238.50,1239.30,1238.50,1239.00,5895
1789101480,1238.80,1239.20,1238.50,1239.20,7330
1789101540,1239.20,1240.00,1239.10,1240.00,11637
1789101600,1240.00,1240.00,1239.20,1240.00,13405
1789101660,1239.90,1240.20,1239.80,1240.10,6013
1789101720,1240.10,1240.40,1240.00,1240.20,7148
1789101780,1240.30,1240.70,1240.10,1240.40,25593
1789101840,1240.60,1242.00,1240.60,1242.00,7801
1789101900,1242.10,1243.20,1242.10,1243.10,6357
1789101960,1243.10,1244.90,1242.60,1242.60,17524
1789102020,1242.60,1243.10,1241.20,1241.50,10168
1789102080,1241.50,1242.30,1240.10,1240.90,16249
1789102140,1241.20,1241.50,1240.70,1240.90,8697
1789102200,1240.90,1241.60,1240.80,1241.40,5798
1789102260,1241.40,1242.70,1241.40,1242.70,5586
1789102320,1242.70,1246.80,1242.70,1246.20,12954
1789102380,1246.20,1246.40,1245.00,1245.50,7790
1789102440,1245.90,1246.20,1245.20,1246.10,16136
1789102500,1246.00,1246.40,1245.10,1246.20,9357
1789102560,1246.00,1246.40,1246.00,1246.20,4576
1789102620,1246.30,1246.50,1245.60,1245.60,8369
1789102680,1245.60,1245.60,1244.20,1244.30,13747
1789102740,1244.30,1245.20,1244.00,1244.90,8977
1789102800,1245.00,1245.10,1244.10,1245.00,8778
1789102860,1245.00,1246.20,1244.50,1245.80,9793
1789102920,1246.00,1246.30,1245.20,1245.80,6233
1789102980,1245.70,1246.00,1245.30,1245.70,6907
1789103040,1245.70,1246.00,1245.40,1246.00,9046
1789103100,1246.00,1246.30,1245.80,1246.00,7103
1789103160,1246.00,1246.20,1245.20,1245.90,7873
1789103220,1245.40,1245.70,1244.20,1244.60,12260
1789103280,1244.60,1245.60,1243.80,1245.60,8353
1789103340,1245.30,1245.80,1245.30,1245.30,4997
1789103400,1245.70,1245.80,1244.80,1244.80,9058
1789103460,1245.40,1245.40,1243.40,1245.20,64302
1789103520,1245.20,1245.30,1244.50,1245.10,6620
1789103580,1245.10,1245.10,1243.90,1244.40,5443
1789103640,1243.80,1244.90,1243.80,1244.40,14283
1789103700,1244.90,1245.40,1243.60,1244.30,18092
1789103760,1244.30,1244.30,1243.20,1243.40,5677
1789103820,1243.70,1244.30,1243.40,1244.20,4141
1789103880,1244.20,1244.40,1244.10,1244.40,5365
1789103940,1244.20,1244.50,1243.70,1244.00,10615
1789104000,1244.00,1244.00,1242.00,1242.50,31632
1789104060,1242.50,1243.00,1242.30,1243.00,12513
1789104120,1243.00,1243.00,1242.60,1242.80,5098
1789104180,1242.80,1242.80,1241.80,1242.00,113019
1789104240,1241.80,1242.00,1241.60,1242.00,8881
1789104300,1242.00,1242.00,1241.00,1241.50,4586
1789104360,1241.10,1241.50,1240.20,1240.70,6522
1789104420,1240.70,1241.10,1240.30,1241.00,6621
1789104480,1241.00,1241.40,1240.50,1241.40,7435
1789104540,1241.40,1241.40,1240.50,1240.70,4096
1789104600,1240.20,1241.00,1239.80,1240.00,15291
1789104660,1240.00,1240.00,1239.60,1240.00,8329
1789104720,1240.00,1240.00,1239.60,1239.80,5551
1789104780,1239.90,1241.40,1239.90,1240.40,18662
1789104840,1240.90,1241.00,1240.00,1240.80,2845
1789104900,1240.80,1240.90,1239.10,1239.10,5444
1789104960,1239.60,1240.90,1239.60,1240.70,4854
1789105020,1240.70,1241.90,1240.70,1241.80,6242
1789105080,1241.80,1241.90,1241.30,1241.70,3614
1789105140,1241.70,1242.40,1241.20,1242.40,4105
1789105200,1242.40,1242.90,1242.00,1242.90,5385
1789105260,1242.50,1242.90,1242.10,1242.60,2958
1789105320,1242.60,1244.30,1242.30,1243.80,7627
1789105380,1244.30,1246.30,1244.30,1245.90,7768
1789105440,1246.40,1247.40,1245.70,1246.90,11674
1789105500,1246.90,1247.00,1244.80,1245.30,6520
1789105560,1245.20,1245.90,1244.80,1245.90,2995
1789105620,1245.90,1247.50,1245.70,1246.30,4733
1789105680,1246.30,1246.60,1245.10,1245.90,4393
1789105740,1245.90,1245.90,1244.80,1245.70,3311
1789105800,1245.80,1246.00,1244.90,1245.30,4478
1789105860,1245.30,1246.00,1244.70,1245.80,4263
1789105920,1245.90,1246.50,1245.40,1246.20,5751
1789105980,1246.00,1246.40,1245.60,1246.40,4850
1789106040,1246.50,1246.80,1245.60,1245.70,3324
1789106100,1246.30,1246.30,1245.10,1245.50,3391
1789106160,1245.50,1245.80,1245.00,1245.00,4835
1789106220,1245.00,1245.50,1244.50,1245.40,4517
1789106280,1245.20,1245.30,1244.40,1245.20,3052
1789106340,1245.20,1245.20,1244.40,1244.90,3437
1789106400,1244.90,1245.30,1244.50,1245.20,6088
1789106460,1244.80,1245.30,1244.70,1245.20,4292
1789106520,1245.00,1245.30,1244.40,1245.10,4489
1789106580,1244.50,1245.10,1244.40,1244.90,2712
1789106640,1244.90,1245.20,1244.10,1245.10,3048
1789106700,1245.10,1245.20,1244.50,1245.00,2800
1789106760,1245.00,1246.40,1245.00,1246.40,6130
1789106820,1246.40,1247.00,1246.10,1246.40,3775
1789106880,1246.90,1247.30,1246.00,1246.50,3790
1789106940,1246.50,1246.50,1245.10,1245.80,5199
1789107000,1245.70,1246.10,1245.30,1246.00,2906
1789107060,1246.00,1246.30,1245.20,1245.60,4850
1789107120,1245.60,1245.70,1244.80,1245.30,4763
1789107180,1244.90,1246.40,1244.90,1246.00,6244
1789107240,1246.00,1246.70,1246.00,1246.20,10981
1789107300,1246.50,1246.60,1245.20,1245.20,4346
1789107360,1245.50,1246.30,1245.20,1246.00,3768
1789107420,1246.10,1246.40,1245.60,1245.60,5894
1789107480,1245.60,1245.70,1244.30,1244.80,4182
1789107540,1244.80,1244.90,1244.00,1244.50,3576
1789107600,1244.60,1244.80,1244.00,1244.00,5666
1789107660,1244.00,1244.50,1243.30,1244.00,5924
1789107720,1244.00,1244.20,1242.90,1243.80,6305
1789107780,1243.90,1244.10,1243.20,1244.00,4974
1789107840,1244.00,1244.70,1243.70,1244.70,4113
1789107900,1244.80,1244.80,1244.10,1244.60,5373
1789107960,1244.70,1245.50,1244.70,1245.40,3472
1789108020,1245.60,1245.60,1244.10,1244.50,3165
1789108080,1244.50,1245.30,1243.90,1245.30,8930
1789108140,1245.40,1246.00,1245.30,1246.00,7673
1789108200,1246.10,1247.00,1245.60,1246.70,5368
1789108260,1246.80,1246.90,1246.00,1246.60,3692
1789108320,1246.70,1246.80,1246.10,1246.50,4715
1789108380,1246.10,1246.60,1245.70,1246.00,3960
1789108440,1246.40,1246.70,1245.80,1246.70,6923
1789108500,1246.80,1247.10,1246.40,1246.90,7237
1789108560,1247.00,1247.10,1246.10,1246.10,7081
1789108620,1246.60,1246.60,1245.80,1246.00,5455
1789108680,1246.30,1246.60,1245.90,1246.50,3259
1789108740,1246.50,1246.70,1245.90,1246.60,3676
1789108800,1246.60,1246.60,1245.30,1245.60,5505
1789108860,1245.70,1246.00,1245.20,1245.80,5690
1789108920,1245.90,1246.10,1245.20,1245.90,8880
1789108980,1245.40,1246.10,1245.20,1245.90,8293
1789109040,1245.90,1246.40,1245.40,1246.30,4622
1789109100,1246.30,1246.50,1245.60,1245.90,6779
1789109160,1246.00,1246.30,1245.50,1246.30,4668
1789109220,1246.40,1246.70,1246.00,1246.60,3225
1789109280,1246.70,1246.90,1246.20,1246.80,3931
1789109340,1246.80,1247.00,1246.40,1247.00,5942
1789109400,1247.00,1247.50,1246.60,1247.00,7387
1789109460,1247.10,1247.30,1246.20,1246.70,3581
1789109520,1246.90,1247.00,1246.20,1246.80,3546
1789109580,1246.90,1247.30,1246.40,1247.10,7096
1789109640,1247.20,1247.90,1246.60,1247.70,6654
1789109700,1247.70,1247.70,1246.70,1247.10,4296
1789109760,1247.10,1247.40,1246.70,1247.30,3486
1789109820,1247.40,1247.50,1246.70,1247.40,3199
1789109880,1247.40,1247.40,1246.60,1246.60,4312
1789109940,1247.10,1247.10,1246.20,1247.00,4009
1789110000,1246.90,1247.10,1246.40,1246.70,4773
1789110060,1247.10,1247.10,1246.40,1247.00,3812
1789110120,1247.00,1247.10,1246.20,1246.80,3878
1789110180,1246.40,1246.80,1246.10,1246.80,4959
1789110240,1246.80,1247.10,1246.30,1246.80,7294
1789110300,1247.20,1248.70,1246.60,1248.40,8940
1789110360,1248.10,1248.50,1247.00,1247.40,4877
1789110420,1247.40,1248.80,1247.00,1248.20,9363
1789110480,1248.80,1249.00,1248.10,1248.90,11672
1789110540,1248.70,1248.70,1247.40,1247.90,6565
1789110600,1247.90,1248.00,1247.00,1247.20,6823
1789110660,1247.80,1250.00,1247.10,1250.00,22214
1789110720,1250.00,1250.30,1249.50,1249.80,12017
1789110780,1250.40,1250.60,1249.50,1249.50,7364
1789110840,1250.00,1250.20,1249.50,1249.90,6121
1789110900,1249.50,1250.30,1249.00,1249.00,13348
1789110960,1249.50,1249.80,1248.10,1249.80,31698
1789111020,1249.80,1249.80,1248.80,1249.60,14341
1789111080,1249.60,1250.10,1248.90,1249.60,16318
1789111140,1250.10,1250.60,1250.00,1250.60,7925
1789111200,1250.60,1250.60,1249.80,1250.50,6893
1789111260,1250.50,1250.50,1249.80,1250.20,3588
1789111320,1250.20,1250.90,1249.60,1250.80,11418
1789111380,1250.70,1251.30,1250.20,1250.70,7973
1789111440,1250.70,1250.70,1249.80,1250.40,4247
1789111500,1250.40,1251.50,1250.10,1250.50,10954
1789111560,1251.10,1251.20,1250.00,1250.40,11108
1789111620,1250.40,1251.30,1250.40,1251.10,7021
1789111680,1251.10,1251.60,1250.70,1251.20,10368
1789111740,1251.10,1251.20,1250.10,1250.70,4705
1789111800,1250.70,1250.70,1249.60,1250.20,3992
1789111860,1250.20,1250.20,1249.50,1249.90,4699
1789111920,1249.90,1250.00,1249.30,1249.70,11552
1789111980,1249.30,1249.70,1248.50,1248.90,5879
1789112040,1248.90,1249.00,1247.10,1247.30,22495
1789112100,1247.20,1247.80,1245.80,1247.30,30043
1789112160,1247.30,1248.30,1246.90,1248.10,42536
1789112220,1248.10,1249.00,1247.30,1248.80,41609
1789112280,1248.80,1248.80,1247.40,1248.40,35727
1789112340,1248.40,1248.40,1247.40,1247.90,9184
1789112400,1247.90,1248.10,1246.60,1246.60,9022
1789112460,1247.10,1247.10,1246.20,1247.10,14036
1789112520,1247.10,1248.10,1246.60,1247.90,17325
1789112580,1247.90,1248.90,1247.90,1248.90,7926
1789112640,1248.90,1249.40,1248.50,1249.00,19373
1789112700,1249.30,1249.50,1248.60,1249.00,10816
1789112760,1249.20,1249.20,1249.00,1249.20,5558
1789112820,1249.20,1249.30,1249.00,1249.20,4726
1789112880,1249.00,1249.40,1249.00,1249.30,11232
1789112940,1249.00,1249.40,1248.70,1249.30,29407
1789113000,1249.30,1249.40,1248.70,1249.20,20731
1789113060,1249.20,1249.50,1249.00,1249.40,10102
1789113120,1249.40,1250.00,1249.00,1250.00,8364
1789113180,1250.00,1250.20,1249.60,1250.00,5793
1789113240,1250.00,1250.20,1249.50,1250.00,3995
1789113300,1250.10,1250.50,1249.60,1250.40,4464
1789113360,1250.50,1250.60,1249.80,1250.40,5300
1789113420,1250.30,1250.50,1249.50,1250.00,4929
1789113480,1250.00,1250.10,1249.40,1249.50,4765
1789113540,1250.00,1250.60,1249.60,1250.30,6054
1789113600,1250.40,1250.70,1249.80,1250.60,3283
1789113660,1250.50,1250.60,1249.50,1250.60,5685
1789113720,1250.60,1250.70,1250.00,1250.20,3486
1789113780,1250.50,1250.60,1249.10,1249.50,3306
1789113840,1249.40,1249.50,1249.20,1249.40,8821
1789113900,1249.40,1249.40,1246.60,1246.70,65601
1789113960,1247.10,1247.10,1246.10,1246.80,19764
1789114020,1246.90,1247.00,1246.00,1246.80,3396
1789114080,1246.80,1248.40,1246.30,1248.30,21390
1789114140,1248.30,1248.40,1246.30,1246.90,7410
1789114200,1247.00,1247.20,1246.50,1247.00,3688
1789114260,1247.00,1247.10,1245.20,1245.80,17972
1789114320,1245.40,1245.90,1245.30,1245.90,4940
1789114380,1245.90,1246.10,1245.50,1246.10,4102
1789114440,1246.10,1246.50,1245.70,1246.00,4851
1789114500,1245.80,1246.00,1242.90,1243.50,38144
1789114560,1243.60,1244.40,1243.30,1243.90,13375
1789114620,1243.90,1244.80,1243.70,1244.20,43053
1789114680,1244.50,1245.10,1244.10,1244.10,6099
1789114740,1244.60,1244.70,1243.60,1244.70,5858
1789114800,1244.30,1245.70,1244.30,1245.20,5688
1789114860,1245.60,1246.00,1244.90,1245.00,6265
1789114920,1245.40,1245.60,1244.50,1245.20,4796
1789114980,1245.20,1245.40,1244.80,1245.40,4562
1789115040,1245.40,1248.00,1244.80,1245.60,17191
1789115100,1245.60,1247.30,1244.80,1247.10,24250
1789115160,1247.00,1247.10,1246.00,1246.70,12123
1789115220,1247.10,1247.10,1246.10,1246.30,9710
1789115280,1246.70,1247.10,1246.00,1246.50,4751
1789115340,1246.50,1246.90,1246.10,1246.80,3386
1789115400,1246.80,1247.10,1246.20,1247.00,6162
1789115460,1246.80,1247.30,1246.00,1246.60,9622
1789115520,1246.60,1248.30,1246.20,1248.20,13828
1789115580,1248.20,1249.50,1247.60,1248.60,14276
1789115640,1248.60,1248.60,1247.40,1248.20,4630
1789115700,1248.20,1248.20,1247.10,1247.10,9355
1789115760,1247.60,1248.10,1246.70,1247.30,5472
1789115820,1247.60,1247.80,1246.80,1247.00,7303
1789115880,1247.40,1247.70,1246.20,1246.30,8444
1789115940,1246.70,1247.10,1246.20,1246.30,4995
1789116000,1246.60,1247.20,1246.20,1247.00,6515
1789116060,1247.10,1247.40,1246.40,1246.90,5619
1789116120,1246.90,1247.90,1246.90,1247.70,4464
1789116180,1247.90,1248.80,1247.40,1248.30,6214
1789116240,1248.30,1248.40,1247.80,1248.30,5849
1789116300,1248.30,1248.50,1247.40,1247.70,5641
1789116360,1248.10,1248.80,1247.30,1248.20,5398
1789116420,1248.60,1248.90,1247.70,1248.40,10329
1789116480,1248.60,1248.70,1247.70,1248.50,15312
1789116540,1248.50,1248.70,1247.90,1248.40,4293
1789116600,1248.00,1248.50,1247.90,1248.00,4870
1789116660,1248.30,1248.50,1247.90,1247.90,6181
1789116720,1248.20,1248.20,1247.40,1247.90,14536
1789116780,1248.20,1248.60,1247.60,1247.60,15673
1789116840,1247.90,1249.70,1247.60,1249.00,105564
1789116900,1249.00,1249.50,1248.50,1248.50,5492
1789116960,1248.80,1248.90,1248.50,1248.50,6057
1789117020,1248.80,1248.80,1247.50,1248.20,6684
1789117080,1248.10,1248.20,1247.40,1247.40,4320
1789117140,1247.40,1248.00,1246.90,1247.40,3554
1789117200,1247.70,1248.00,1247.10,1247.60,4011
1789117260,1247.90,1248.50,1247.40,1248.50,7718
1789117320,1248.50,1248.50,1247.10,1247.30,5526
1789117380,1247.60,1247.90,1246.70,1247.60,7000
1789117440,1247.60,1247.90,1247.10,1247.20,4240
1789117500,1247.70,1247.90,1247.20,1247.80,5518
1789117560,1247.80,1249.50,1247.30,1249.20,7822
1789117620,1249.20,1249.60,1248.40,1248.60,4871
1789117680,1248.60,1248.80,1248.00,1248.20,7405
1789117740,1248.50,1249.40,1248.20,1249.40,9007
1789117800,1249.20,1249.20,1248.40,1248.50,7205
1789117860,1248.50,1250.00,1248.50,1249.60,69131
1789117920,1249.50,1250.50,1249.50,1250.20,13955
1789117980,1250.30,1250.40,1249.90,1250.20,6593
1789118040,1250.20,1250.20,1250.00,1250.20,6502
1789118100,1250.20,1250.20,1249.70,1250.00,6023
1789118160,1249.90,1250.40,1249.60,1250.00,9682
1789118220,1250.10,1250.20,1249.60,1250.20,6442
1789118280,1250.20,1250.50,1249.70,1250.10,6732
1789118340,1251.40,1252.30,1251.40,1251.90,118511
1789118400,1251.50,1252.30,1251.40,1252.00,52690
1789118460,1252.00,1252.10,1251.30,1251.80,64286
1789118520,1252.10,1252.80,1251.90,1252.80,11008
1789118580,1252.80,1252.80,1252.10,1252.70,6022
1789118640,1252.70,1252.70,1250.40,1250.60,12972
1789118700,1250.60,1251.10,1250.50,1251.10,7948
1789118760,1251.10,1251.10,1250.40,1250.90,7977
1789118820,1250.90,1250.90,1250.50,1250.60,6061
1789118880,1250.90,1251.30,1249.80,1250.30,38350
1789118940,1250.30,1251.00,1249.90,1250.60,16924
1789119000,1250.50,1250.50,1249.60,1250.20,7970
1789119060,1250.00,1250.30,1248.30,1248.60,27280
1789119120,1248.60,1248.70,1248.20,1248.70,7436
1789119180,1248.70,1248.90,1248.50,1248.50,6240
1789119240,1248.10,1248.50,1248.00,1248.40,7101
1789119300,1248.00,1249.20,1248.00,1249.20,19071
1789119360,1249.00,1249.30,1248.50,1249.30,19299
1789119420,1249.10,1249.90,1249.10,1249.90,13266
1789119480,1249.60,1249.60,1248.90,1248.90,14032
1789119540,1249.40,1249.90,1248.80,1249.90,14131
1789119600,1249.90,1250.80,1249.90,1250.50,44283
1789119660,1250.50,1251.00,1249.70,1251.00,34896
1789119720,1251.00,1251.40,1250.20,1251.10,181938
1789119780,1251.10,1251.10,1250.20,1251.00,49720
1789119840,1251.10,1251.10,1250.10,1251.00,9678
1789119900,1251.10,1251.10,1251.10,1251.10,287
1789119960,1251.10,1251.10,1251.10,1251.10,0
1789120020,1251.10,1251.10,1251.10,1251.10,0
1789120080,1251.10,1251.10,1251.10,1251.10,0
1789120140,1251.10,1251.10,1251.10,1251.10,0
1789120200,1251.10,1251.10,1251.10,1251.10,0
1789120260,1251.10,1251.10,1251.10,1251.10,0
1789120320,1251.10,1251.10,1251.10,1251.10,0
1789120380,1251.10,1251.10,1251.10,1251.10,0
1789120440,1251.10,1251.10,1251.10,1251.10,0
1789120500,1251.10,1251.10,1251.10,1251.10,0
1789120560,1251.10,1251.10,1251.10,1251.10,0
1789120620,1251.10,1251.10,1251.10,1251.10,0
1789120680,1251.10,1251.10,1251.10,1251.10,0
1789120740,1251.10,1251.10,1246.00,1246.00,217727
1789443900,1254.00,1254.00,1242.20,1242.20,65470
1789443960,1242.30,1244.00,1240.60,1241.50,41222
1789444020,1241.60,1241.60,1239.30,1240.00,20913
1789444080,1240.00,1241.10,1239.00,1239.30,28813
1789444140,1239.60,1239.80,1238.00,1239.60,20160
1789444200,1239.40,1240.90,1239.00,1240.80,19679
1789444260,1240.80,1241.10,1240.30,1240.90,12897
1789444320,1240.60,1241.00,1239.70,1240.30,16557
1789444380,1240.30,1242.00,1239.80,1242.00,27941
1789444440,1241.80,1242.50,1240.40,1240.90,70706
1789444500,1240.50,1241.00,1239.70,1240.10,26149
1789444560,1240.10,1240.40,1239.90,1240.00,12405
1789444620,1239.50,1240.30,1239.50,1240.10,125983
1789444680,1240.00,1240.90,1240.00,1240.40,29331
1789444740,1240.40,1241.00,1240.40,1240.80,4213
1789444800,1240.70,1241.70,1240.10,1241.50,20335
1789444860,1241.60,1242.70,1241.60,1242.40,16013
1789444920,1242.40,1243.30,1242.20,1242.80,7710
1789444980,1242.80,1242.80,1241.30,1241.30,8088
1789445040,1241.30,1241.80,1241.00,1241.30,2269
1789445100,1241.30,1241.50,1241.00,1241.00,17348
1789445160,1240.40,1240.70,1240.20,1240.20,5917
1789445220,1240.00,1240.00,1238.40,1239.00,4368
1789445280,1239.00,1239.10,1237.60,1238.90,5021
1789445340,1238.80,1240.80,1238.80,1240.80,24582
1789445400,1240.60,1240.90,1240.20,1240.90,7439
1789445460,1240.90,1240.90,1240.30,1240.90,6312
1789445520,1240.80,1240.90,1240.50,1240.90,1789
1789445580,1241.00,1242.80,1240.40,1242.80,12482
1789445640,1242.50,1243.00,1241.00,1241.70,8463
1789445700,1241.70,1241.70,1240.30,1241.10,6643
1789445760,1241.10,1241.70,1240.10,1240.10,4999
1789445820,1240.10,1240.80,1240.00,1240.10,3742
1789445880,1240.10,1240.80,1240.10,1240.70,5159
1789445940,1240.80,1240.80,1239.60,1239.70,8677
1789446000,1240.10,1240.60,1240.10,1240.60,7147
1789446060,1240.60,1240.60,1239.90,1240.30,9552
1789446120,1240.30,1240.30,1239.00,1240.10,107994
1789446180,1240.10,1240.70,1239.40,1240.10,50387
1789446240,1239.60,1240.70,1239.50,1240.10,25501
1789446300,1240.10,1240.70,1239.10,1240.60,148911
1789446360,1240.40,1242.00,1240.40,1241.60,34731
1789446420,1241.50,1243.40,1240.40,1240.70,31049
1789446480,1240.70,1240.70,1238.60,1239.70,13124
1789446540,1239.30,1240.00,1239.30,1240.00,6833
1789446600,1240.00,1240.00,1239.00,1239.80,18145
1789446660,1239.40,1240.10,1239.40,1239.90,13180
1789446720,1239.90,1241.00,1239.90,1240.00,11965
1789446780,1240.30,1240.70,1240.10,1240.20,11937
1789446840,1239.60,1239.80,1239.10,1239.10,12968
1789446900,1238.60,1239.10,1237.40,1238.40,15628
1789446960,1238.40,1238.70,1237.60,1238.20,15351
1789447020,1238.20,1238.50,1237.00,1238.00,15460
1789447080,1238.00,1238.00,1236.30,1237.00,14214
1789447140,1237.00,1237.00,1235.20,1235.50,25874
1789447200,1235.50,1236.80,1235.40,1236.80,10990
1789447260,1236.80,1237.80,1236.60,1237.80,7953
1789447320,1237.70,1239.30,1237.00,1239.30,23400
1789447380,1239.30,1239.60,1238.60,1238.80,11819
1789447440,1239.00,1239.80,1238.70,1239.70,18758
1789447500,1239.70,1239.80,1238.90,1239.80,10660
1789447560,1239.80,1240.80,1239.80,1239.90,11525
1789447620,1240.00,1240.40,1239.70,1240.40,11997
1789447680,1240.30,1240.50,1240.30,1240.30,10720
1789447740,1240.40,1241.00,1240.40,1240.40,13651
1789447800,1240.20,1240.40,1239.00,1239.30,13801
1789447860,1239.30,1239.70,1238.80,1239.10,12257
1789447920,1239.20,1240.10,1238.60,1240.00,14030
1789447980,1239.90,1240.10,1239.30,1240.10,12608
1789448040,1240.10,1240.60,1239.20,1239.40,13984
1789448100,1239.90,1240.00,1238.60,1239.80,19109
1789448160,1239.80,1240.40,1238.90,1240.40,12045
1789448220,1240.40,1241.00,1239.90,1240.00,13291
1789448280,1240.20,1240.80,1239.70,1240.50,13597
1789448340,1240.50,1240.80,1239.60,1240.00,14811
1789448400,1240.00,1240.90,1239.40,1240.90,17552
1789448460,1240.90,1241.00,1239.70,1240.20,12577
1789448520,1240.20,1240.50,1239.70,1240.50,10230
1789448580,1240.40,1241.00,1240.20,1240.70,12119
1789448640,1240.90,1241.00,1239.60,1240.40,17060
1789448700,1240.40,1241.00,1240.10,1240.50,10887
1789448760,1240.50,1241.00,1240.10,1240.60,10415
1789448820,1240.30,1240.90,1239.70,1239.70,17508
1789448880,1240.20,1240.60,1239.60,1239.60,10619
1789448940,1240.00,1240.90,1240.00,1240.90,10085
1789449000,1240.80,1241.00,1240.00,1240.40,14946
1789449060,1240.40,1240.90,1239.70,1240.30,16485
1789449120,1240.30,1240.60,1239.30,1239.90,18978
1789449180,1239.90,1240.10,1238.40,1239.00,14984
1789449240,1239.00,1239.60,1238.40,1238.60,13895
1789449300,1238.60,1239.90,1238.40,1239.80,10859
1789449360,1239.70,1239.70,1238.30,1238.60,13303
1789449420,1238.50,1239.60,1238.40,1238.80,20137
1789449480,1238.70,1240.00,1238.70,1239.90,10911
1789449540,1239.40,1240.10,1238.90,1238.90,15360
1789449600,1238.90,1239.00,1237.60,1237.80,21170
1789449660,1237.80,1238.80,1237.10,1237.60,8006
1789449720,1237.60,1237.60,1236.20,1237.10,17758
1789449780,1237.10,1237.60,1236.40,1237.00,10278
1789449840,1237.00,1237.50,1236.20,1236.70,10054
1789449900,1236.70,1237.10,1236.20,1236.40,9880
1789449960,1236.40,1236.90,1236.20,1236.60,10419
1789450020,1236.60,1236.90,1236.10,1236.10,9083
1789450080,1235.80,1236.70,1235.00,1236.40,30071
1789450140,1236.40,1236.80,1236.00,1236.10,7825
1789450200,1236.10,1236.10,1234.60,1235.70,12047
1789450260,1235.70,1235.80,1235.00,1235.30,6398
1789450320,1235.30,1237.50,1235.30,1237.50,6156
1789450380,1237.40,1237.50,1236.50,1236.90,5732
1789450440,1236.50,1238.00,1236.20,1237.90,19586
1789450500,1237.80,1237.80,1236.10,1236.70,6252
1789450560,1237.00,1237.50,1236.70,1237.40,6242
1789450620,1236.90,1237.10,1235.90,1236.10,9269
1789450680,1236.10,1237.30,1236.10,1237.00,6822
1789450740,1237.10,1237.60,1236.20,1236.50,7088
1789450800,1236.50,1237.10,1235.60,1237.00,14916
1789450860,1236.70,1237.50,1236.60,1236.80,10837
1789450920,1236.80,1237.30,1236.50,1237.20,10115
1789450980,1236.70,1237.20,1236.10,1236.60,10541
1789451040,1236.60,1237.20,1236.10,1236.70,15348
1789451100,1236.30,1237.10,1236.20,1237.00,6120
1789451160,1236.80,1237.00,1235.70,1235.70,23052
1789451220,1235.70,1236.40,1235.60,1236.20,7156
1789451280,1235.90,1236.60,1235.10,1235.10,9687
1789451340,1235.00,1235.80,1234.30,1235.40,14055
1789451400,1235.40,1235.80,1234.60,1235.70,6372
1789451460,1235.70,1235.70,1233.00,1233.50,13346
1789451520,1233.20,1235.10,1233.20,1234.20,13727
1789451580,1234.00,1235.30,1233.80,1235.10,11366
1789451640,1235.30,1235.50,1234.50,1234.90,6614
1789451700,1234.50,1235.30,1234.20,1234.30,7182
1789451760,1234.30,1234.30,1233.10,1233.30,44750
1789451820,1233.30,1233.90,1232.90,1233.60,29974
1789451880,1233.10,1233.90,1232.90,1233.00,7593
1789451940,1232.60,1233.80,1232.60,1233.20,7677
1789452000,1233.20,1233.90,1232.70,1233.10,10224
1789452060,1232.90,1233.50,1232.40,1232.90,7726
1789452120,1232.60,1234.20,1232.60,1234.20,22197
1789452180,1234.30,1234.60,1233.60,1234.40,14469
1789452240,1234.40,1234.40,1232.40,1232.80,13603
1789452300,1232.30,1233.00,1232.20,1232.50,10107
1789452360,1232.20,1233.30,1232.20,1232.70,8230
1789452420,1232.70,1234.60,1232.70,1234.40,8781
1789452480,1234.30,1235.00,1233.90,1234.70,6861
1789452540,1234.70,1235.30,1234.10,1235.00,8284
1789452600,1235.00,1235.10,1232.60,1233.40,8751
1789452660,1233.40,1234.20,1233.30,1233.90,7884
1789452720,1233.90,1233.90,1232.90,1233.10,8764
1789452780,1232.90,1233.50,1232.60,1233.10,10024
1789452840,1232.60,1233.50,1232.60,1233.40,10318
1789452900,1233.40,1233.50,1232.70,1233.40,6862
1789452960,1232.90,1233.40,1232.70,1233.30,6403
1789453020,1233.30,1233.50,1232.80,1233.00,12127
1789453080,1233.40,1233.50,1232.70,1233.10,12152
1789453140,1233.10,1233.40,1232.50,1233.30,11586
1789453200,1232.80,1233.50,1232.70,1233.00,9970
1789453260,1233.00,1233.60,1232.60,1233.30,23909
1789453320,1232.80,1233.20,1231.70,1232.30,9636
1789453380,1231.80,1232.70,1231.70,1232.50,9455
1789453440,1232.30,1233.20,1232.30,1233.20,10579
1789453500,1233.20,1233.40,1232.50,1233.00,8469
1789453560,1233.30,1233.50,1232.60,1233.10,6908
1789453620,1232.60,1233.40,1232.50,1233.00,8291
1789453680,1233.30,1236.40,1232.80,1235.60,14812
1789453740,1235.60,1236.10,1234.70,1236.10,8528
1789453800,1236.00,1236.50,1234.60,1234.80,13323
1789453860,1235.30,1235.70,1233.80,1234.90,10720
1789453920,1234.80,1235.60,1234.20,1235.00,7498
1789453980,1235.00,1236.40,1234.40,1235.90,15819
1789454040,1235.60,1236.10,1235.20,1235.70,8106
1789454100,1235.70,1236.40,1235.40,1236.30,7677
1789454160,1236.30,1236.30,1234.80,1235.40,13272
1789454220,1235.40,1235.70,1234.90,1234.90,9248
1789454280,1234.80,1236.30,1234.80,1235.90,8570
1789454340,1236.00,1236.00,1234.70,1235.10,10896
1789454400,1235.00,1235.60,1234.00,1234.60,7905
1789454460,1234.60,1235.00,1234.10,1234.90,6906
1789454520,1234.50,1236.00,1234.50,1235.10,22519
1789454580,1235.30,1235.80,1234.40,1235.10,45730
1789454640,1235.10,1235.70,1234.30,1235.60,35128
1789454700,1235.60,1235.60,1233.30,1234.30,34734
1789454760,1233.80,1234.40,1233.30,1233.40,10073
1789454820,1233.70,1234.50,1233.10,1234.40,6918
1789454880,1233.90,1234.20,1233.10,1233.80,5856
1789454940,1233.80,1233.90,1232.00,1232.20,11353
1789455000,1232.10,1233.00,1232.00,1232.20,18172
1789455060,1232.20,1233.30,1232.10,1233.20,9545
1789455120,1232.80,1233.50,1232.40,1232.60,5987
1789455180,1233.20,1233.30,1232.20,1232.60,6975
1789455240,1232.30,1233.00,1231.80,1232.90,12318
1789455300,1232.60,1233.10,1232.10,1232.60,5711
1789455360,1232.60,1232.80,1231.90,1232.60,6153
1789455420,1232.30,1233.30,1232.20,1232.60,8398
1789455480,1232.80,1233.00,1232.30,1233.00,7010
1789455540,1232.70,1233.10,1232.20,1232.60,5839
1789455600,1232.20,1232.90,1232.10,1232.90,5757
1789455660,1232.90,1232.90,1232.10,1232.50,7363
1789455720,1232.50,1233.20,1232.20,1232.50,6227
1789455780,1232.50,1233.00,1232.20,1233.00,10293
1789455840,1232.70,1233.70,1232.60,1233.40,9759
1789455900,1232.90,1234.40,1232.60,1234.20,10107
1789455960,1234.30,1234.80,1233.90,1234.70,5656
1789456020,1234.60,1235.50,1234.10,1235.50,11027
1789456080,1235.50,1235.90,1234.50,1234.80,9510
1789456140,1234.50,1235.10,1234.30,1234.60,7347
1789456200,1234.60,1235.20,1234.30,1235.00,6941
1789456260,1234.70,1235.20,1234.40,1235.10,6230
1789456320,1234.60,1235.60,1234.60,1235.50,6015
1789456380,1235.20,1235.40,1234.20,1234.20,7076
1789456440,1234.60,1235.10,1233.90,1234.10,7159
1789456500,1234.10,1234.70,1233.30,1234.70,10424
1789456560,1234.20,1235.40,1234.20,1234.80,8374
1789456620,1234.40,1235.70,1234.40,1235.20,8627
1789456680,1235.00,1236.20,1235.00,1235.60,9255
1789456740,1235.50,1236.10,1234.70,1235.20,19033
1789456800,1235.00,1236.00,1234.60,1235.40,11404
1789456860,1235.40,1235.50,1234.70,1234.80,8228
1789456920,1234.70,1235.30,1234.40,1234.90,6209
1789456980,1234.90,1235.20,1234.20,1234.80,6244
1789457040,1235.20,1235.50,1234.40,1234.80,10487
1789457100,1235.20,1235.30,1234.00,1234.20,8403
1789457160,1234.20,1234.50,1233.80,1234.30,6691
1789457220,1233.80,1234.30,1233.60,1234.10,5187
1789457280,1233.70,1234.00,1232.10,1232.20,13906
1789457340,1232.60,1233.30,1232.40,1232.70,6317
1789457400,1233.10,1233.80,1232.60,1232.60,8660
1789457460,1232.80,1233.50,1232.60,1233.10,9035
1789457520,1233.10,1233.50,1231.90,1232.30,9648
1789457580,1232.40,1232.80,1231.90,1232.70,9271
1789457640,1232.90,1233.20,1232.40,1232.70,7092
1789457700,1232.50,1234.00,1232.50,1233.70,7482
1789457760,1233.20,1233.70,1232.30,1233.00,10089
1789457820,1232.70,1233.50,1232.70,1233.20,7709
1789457880,1232.70,1233.20,1232.30,1232.80,19692
1789457940,1232.40,1233.20,1232.30,1232.80,7295
1789458000,1232.40,1233.40,1232.40,1232.40,6262
1789458060,1232.40,1232.80,1231.70,1232.00,14854
1789458120,1232.60,1232.90,1231.90,1232.90,5876
1789458180,1232.40,1233.50,1232.40,1232.80,6833
1789458240,1232.80,1233.50,1232.50,1233.00,5738
1789458300,1233.00,1233.00,1232.10,1232.30,6505
1789458360,1232.80,1233.40,1232.30,1232.50,13259
1789458420,1232.10,1233.10,1231.50,1232.90,12585
1789458480,1232.90,1233.50,1232.50,1233.00,13612
1789458540,1233.00,1233.50,1232.80,1233.10,7101
1789458600,1233.10,1233.50,1232.30,1232.80,12857
1789458660,1232.40,1232.90,1232.10,1232.70,8107
1789458720,1232.20,1232.60,1232.10,1232.10,6232
1789458780,1231.80,1232.30,1230.40,1230.90,16580
1789458840,1230.60,1231.20,1230.00,1230.40,20874
1789458900,1230.40,1230.60,1230.00,1230.60,8900
1789458960,1230.60,1231.60,1230.00,1231.40,8508
1789459020,1231.80,1231.80,1230.90,1231.50,6342
1789459080,1231.50,1231.80,1230.90,1231.50,6582
1789459140,1231.50,1232.20,1230.70,1230.80,10226
1789459200,1230.80,1231.10,1230.20,1230.20,6678
1789459260,1230.60,1230.60,1228.60,1229.20,8822
1789459320,1229.10,1230.50,1229.10,1229.50,10530
1789459380,1229.50,1230.30,1229.50,1229.90,6977
1789459440,1230.00,1230.60,1229.90,1230.30,5552
1789459500,1230.20,1231.00,1230.20,1230.90,6024
1789459560,1231.00,1232.10,1230.90,1232.00,6005
1789459620,1231.90,1232.30,1231.20,1231.30,8406
1789459680,1231.30,1231.80,1230.60,1231.30,6556
1789459740,1230.80,1231.70,1230.80,1231.50,5296
1789459800,1231.00,1231.50,1230.70,1231.30,7496
1789459860,1230.80,1231.30,1229.60,1231.10,21572
1789459920,1231.00,1231.40,1230.40,1230.70,7682
1789459980,1230.40,1231.00,1230.20,1230.70,9135
1789460040,1230.30,1231.10,1230.00,1230.00,7863
1789460100,1230.00,1231.20,1230.00,1231.20,14657
1789460160,1231.20,1231.40,1230.00,1231.20,17299
1789460220,1230.70,1231.30,1230.70,1231.20,5560
1789460280,1230.70,1231.20,1230.70,1231.00,5738
1789460340,1231.10,1231.60,1231.00,1231.50,5178
1789460400,1231.30,1232.20,1231.00,1231.60,26703
1789460460,1231.50,1232.20,1231.30,1231.70,6803
1789460520,1231.70,1232.20,1231.20,1231.90,7742
1789460580,1232.00,1232.00,1231.00,1231.60,6528
1789460640,1231.60,1231.90,1231.10,1231.60,5496
1789460700,1231.60,1231.80,1230.70,1231.20,9222
1789460760,1231.20,1232.40,1230.80,1232.20,7050
1789460820,1232.20,1232.90,1231.70,1232.60,8256
1789460880,1232.20,1233.00,1231.40,1232.00,9667
1789460940,1231.70,1232.10,1231.10,1231.10,4923
1789461000,1231.60,1231.90,1230.70,1230.90,4691
1789461060,1230.90,1232.00,1230.60,1230.60,6569
1789461120,1230.60,1231.40,1230.60,1230.60,5561
1789461180,1230.60,1231.30,1230.50,1231.10,4392
1789461240,1231.10,1231.60,1230.60,1230.70,5488
1789461300,1230.60,1231.20,1230.10,1230.50,5349
1789461360,1230.50,1231.60,1230.50,1231.60,10650
1789461420,1231.30,1231.90,1230.70,1231.50,8703
1789461480,1230.90,1231.40,1230.50,1230.70,5596
1789461540,1230.70,1231.10,1230.10,1230.70,6233
1789461600,1230.30,1230.70,1228.20,1228.30,17823
1789461660,1228.30,1228.70,1226.90,1227.60,19003
1789461720,1227.10,1227.90,1226.50,1227.40,9980
1789461780,1227.40,1228.50,1227.40,1228.50,7003
1789461840,1228.50,1228.50,1227.70,1227.90,5769
1789461900,1227.50,1228.30,1225.80,1226.80,25027
1789461960,1226.80,1227.70,1226.80,1227.00,13810
1789462020,1227.50,1227.90,1227.00,1227.50,4922
1789462080,1227.90,1228.00,1226.80,1227.30,7762
1789462140,1227.30,1227.60,1226.80,1227.00,10164
1789462200,1227.00,1228.00,1226.40,1226.60,18242
1789462260,1226.20,1227.70,1226.00,1226.70,6743
1789462320,1226.70,1227.60,1226.50,1227.00,15465
1789462380,1227.50,1228.20,1226.70,1227.50,14530
1789462440,1227.60,1228.00,1227.30,1227.30,7162
1789462500,1227.50,1228.10,1227.10,1227.50,11771
1789462560,1227.50,1227.90,1227.20,1227.20,9894
1789462620,1227.70,1227.90,1226.80,1227.40,12809
1789462680,1227.40,1227.80,1226.70,1226.90,9291
1789462740,1226.90,1227.60,1226.80,1227.10,5033
1789462800,1227.10,1227.70,1226.70,1226.70,5296
1789462860,1226.70,1227.60,1226.70,1227.10,7453
1789462920,1227.40,1228.00,1227.40,1227.60,6088
1789462980,1227.60,1228.00,1227.60,1227.90,7037
1789463040,1227.90,1227.90,1227.00,1227.20,7821
1789463100,1227.50,1227.50,1226.50,1226.50,9288
1789463160,1227.00,1228.60,1226.60,1228.40,30247
1789463220,1228.00,1228.50,1225.40,1225.60,102062
1789463280,1225.90,1226.00,1224.40,1225.00,34340
1789463340,1224.90,1226.00,1224.10,1225.60,74884
1789463400,1225.80,1226.00,1225.20,1225.90,78251
1789463460,1226.30,1227.70,1226.10,1227.40,7353
1789463520,1227.40,1228.40,1226.80,1227.50,13837
1789463580,1227.50,1227.90,1226.40,1226.40,9884
1789463640,1226.60,1227.00,1225.20,1225.50,19618
1789463700,1225.50,1226.20,1225.00,1225.60,13043
1789463760,1225.00,1225.50,1222.80,1223.20,44802
1789463820,1223.20,1223.20,1221.70,1222.30,16017
1789463880,1221.80,1222.30,1219.90,1220.80,61302
1789463940,1220.80,1221.10,1220.30,1221.00,35850
1789464000,1221.10,1223.20,1221.00,1223.20,46059
1789464060,1222.70,1224.80,1222.70,1224.30,24303
1789464120,1224.50,1225.40,1223.70,1223.90,26596
1789464180,1224.20,1224.20,1222.80,1222.90,13770
1789464240,1222.80,1223.90,1222.80,1223.30,16835
1789464300,1223.10,1223.80,1223.00,1223.40,11986
1789464360,1223.30,1223.70,1222.60,1223.50,12786
1789464420,1223.30,1223.60,1223.00,1223.50,17025
1789464480,1223.50,1223.50,1222.80,1222.90,11628
1789464540,1222.90,1222.90,1222.40,1222.90,12269
1789464600,1222.90,1222.90,1222.10,1222.30,21715
1789464660,1222.60,1223.40,1222.40,1222.50,13335
1789464720,1222.70,1223.10,1222.50,1222.60,15638
1789464780,1223.30,1223.70,1222.60,1223.70,22475
1789464840,1223.70,1225.10,1223.60,1224.90,32618
1789464900,1224.90,1225.50,1224.70,1225.50,30557
1789464960,1225.50,1225.50,1224.20,1224.50,26531
1789465020,1224.30,1225.00,1224.30,1224.90,22469
1789465080,1224.90,1225.00,1224.10,1224.10,17052
1789465140,1224.10,1225.00,1224.10,1225.00,20965
1789465200,1225.00,1225.00,1223.90,1224.30,24577
1789465260,1224.30,1225.80,1223.90,1225.20,27224
1789465320,1225.20,1225.20,1224.10,1225.10,30807
1789465380,1224.90,1226.30,1224.40,1225.40,47596
1789465440,1225.50,1226.50,1224.50,1224.50,19226
1789465500,1224.50,1224.50,1224.50,1224.50,73
1789465560,1224.50,1224.50,1224.50,1224.50,0
1789465620,1224.50,1224.50,1224.50,1224.50,0
1789465680,1224.50,1224.50,1224.50,1224.50,0
1789465740,1224.50,1224.50,1224.50,1224.50,0
1789465800,1224.50,1224.50,1224.50,1224.50,0
1789465860,1224.50,1224.50,1224.50,1224.50,0
1789465920,1224.50,1224.50,1224.50,1224.50,0
1789465980,1224.50,1224.50,1224.50,1224.50,0
1789466040,1224.50,1224.50,1224.50,1224.50,0
1789466100,1224.50,1224.50,1224.50,1224.50,0
1789466160,1224.50,1224.50,1224.50,1224.50,0
1789466220,1224.50,1224.50,1224.50,1224.50,0
1789466280,1224.50,1224.50,1224.50,1224.50,0
1789466340,1222.90,1222.90,1222.90,1222.90,318808
1789530300,1230.00,1232.70,1227.60,1231.20,33780
1789530360,1231.90,1232.20,1228.00,1230.30,12294
1789530420,1230.30,1230.90,1230.10,1230.80,4573
1789530480,1230.60,1230.60,1227.90,1228.40,3063
1789530540,1228.40,1229.40,1228.10,1229.30,6755
1789530600,1229.30,1229.30,1227.10,1229.10,5900
1789530660,1229.10,1229.60,1228.30,1229.60,4809
1789530720,1229.60,1229.70,1229.10,1229.20,3609
1789530780,1229.20,1229.20,1228.60,1229.00,6123
1789530840,1228.80,1228.80,1226.00,1226.00,10453
1789530900,1226.40,1226.60,1225.10,1225.10,9034
1789530960,1225.60,1227.40,1225.60,1227.40,10863
1789531020,1227.40,1227.40,1225.90,1227.00,5915
1789531080,1227.00,1227.00,1225.20,1225.70,9361
1789531140,1225.80,1226.50,1225.50,1226.10,4036
1789531200,1226.10,1226.70,1225.60,1225.90,7596
1789531260,1225.90,1227.50,1225.90,1226.20,5385
1789531320,1227.00,1227.00,1225.60,1226.10,4438
1789531380,1225.70,1226.60,1225.40,1226.30,8429
1789531440,1226.30,1227.80,1226.30,1227.60,2517
1789531500,1227.00,1227.00,1226.10,1226.40,3606
1789531560,1226.20,1227.20,1226.20,1226.90,2279
1789531620,1227.00,1227.00,1226.10,1226.30,4608
1789531680,1226.20,1226.20,1224.60,1225.20,6176
1789531740,1225.00,1225.90,1224.90,1225.90,4156
1789531800,1225.90,1226.20,1225.40,1226.00,4063
1789531860,1225.80,1226.00,1225.00,1225.80,3869
1789531920,1225.70,1225.70,1223.80,1225.10,10260
1789531980,1225.10,1226.40,1224.70,1225.50,7273
1789532040,1225.50,1226.10,1225.20,1225.60,2968
1789532100,1225.20,1225.80,1224.60,1225.80,7481
1789532160,1225.90,1226.30,1225.40,1226.30,3975
1789532220,1226.30,1226.30,1223.70,1225.00,5715
1789532280,1225.30,1226.40,1224.90,1225.90,5640
1789532340,1226.10,1227.80,1226.00,1227.80,6798
1789532400,1227.80,1229.00,1227.50,1229.00,12952
1789532460,1228.70,1229.00,1227.00,1228.70,10191
1789532520,1228.80,1230.30,1228.20,1229.70,11249
1789532580,1229.70,1230.20,1229.20,1229.40,9914
1789532640,1229.60,1230.40,1229.60,1230.40,7388
1789532700,1230.90,1231.50,1230.20,1231.00,13099
1789532760,1231.50,1233.40,1231.30,1233.40,28088
1789532820,1233.50,1234.50,1230.00,1233.40,152804
1789532880,1233.40,1233.80,1232.60,1233.30,20361
1789532940,1233.30,1234.00,1233.20,1234.00,10546
1789533000,1234.00,1234.70,1233.30,1233.90,34624
1789533060,1233.90,1234.50,1232.60,1233.30,28587
1789533120,1233.50,1233.60,1232.10,1232.80,21830
1789533180,1233.20,1233.80,1233.00,1233.60,10337
1789533240,1233.50,1233.90,1232.80,1233.20,9049
1789533300,1233.20,1233.20,1232.60,1232.60,11872
1789533360,1232.50,1233.40,1232.10,1232.60,9449
1789533420,1232.90,1233.00,1232.00,1232.90,8594
1789533480,1233.10,1233.20,1232.60,1232.80,12052
1789533540,1232.70,1234.30,1232.70,1234.30,7631
1789533600,1234.30,1234.90,1234.10,1234.70,10239
1789533660,1234.60,1234.80,1233.30,1234.70,14950
1789533720,1234.80,1235.30,1234.00,1234.50,18045
1789533780,1235.00,1235.00,1233.40,1233.40,15000
1789533840,1233.30,1234.70,1233.20,1234.30,95117
1789533900,1234.30,1235.50,1234.20,1235.40,9767
1789533960,1235.30,1237.40,1235.20,1237.30,20364
1789534020,1237.30,1238.60,1237.20,1238.10,14406
1789534080,1238.30,1239.20,1237.70,1237.90,23549
1789534140,1237.90,1238.60,1237.80,1238.40,22790
1789534200,1238.30,1238.60,1238.20,1238.60,11340
1789534260,1238.30,1238.60,1237.90,1238.10,10411
1789534320,1238.10,1239.00,1238.10,1239.00,10743
1789534380,1238.90,1240.50,1238.90,1240.30,23020
1789534440,1240.50,1241.30,1239.30,1240.60,62069
1789534500,1240.60,1242.30,1239.60,1241.80,19420
1789534560,1241.80,1242.50,1241.50,1241.60,10745
1789534620,1241.60,1242.70,1241.20,1242.60,14885
1789534680,1242.50,1243.50,1242.50,1243.00,12604
1789534740,1243.00,1243.70,1242.90,1243.60,8072
1789534800,1243.30,1244.70,1243.30,1243.70,13132
1789534860,1243.70,1244.30,1243.60,1244.20,6361
1789534920,1243.80,1245.30,1243.80,1244.90,13774
1789534980,1244.90,1245.00,1243.80,1244.70,14942
1789535040,1244.70,1246.80,1244.50,1246.70,22949
1789535100,1246.60,1248.60,1246.30,1248.50,23282
1789535160,1248.50,1250.50,1248.50,1250.00,41299
1789535220,1249.90,1250.10,1247.00,1247.70,23208
1789535280,1247.60,1249.20,1247.30,1247.30,27462
1789535340,1247.30,1247.30,1245.60,1246.60,33707
1789535400,1246.40,1248.40,1246.00,1248.00,41651
1789535460,1248.20,1248.90,1247.80,1248.20,15608
1789535520,1248.20,1248.20,1247.70,1247.70,9391
1789535580,1247.80,1250.70,1247.80,1250.40,30382
1789535640,1250.30,1250.80,1249.80,1250.60,14869
1789535700,1250.70,1250.80,1250.20,1250.70,20263
1789535760,1250.70,1250.80,1250.40,1250.80,7919
1789535820,1250.80,1251.60,1249.30,1250.30,28867
1789535880,1250.30,1251.40,1250.20,1251.00,28955
1789535940,1250.90,1252.50,1250.60,1252.30,19508
1789536000,1252.30,1252.50,1251.30,1251.80,19813
1789536060,1251.80,1252.00,1251.70,1251.90,9544
1789536120,1251.90,1252.50,1251.60,1251.60,15677
1789536180,1252.00,1252.40,1251.10,1251.60,13066
1789536240,1251.40,1252.00,1251.00,1251.00,27471
1789536300,1251.30,1251.30,1246.20,1246.60,140145
1789536360,1246.50,1247.00,1246.10,1246.50,20638
1789536420,1246.40,1247.50,1246.30,1247.00,163324
1789536480,1247.00,1247.00,1246.90,1246.90,17501
1789536540,1247.00,1247.20,1246.10,1246.10,31689
1789536600,1246.30,1247.00,1246.30,1247.00,15766
1789536660,1247.00,1247.20,1246.90,1247.00,171854
1789536720,1247.00,1250.60,1247.00,1250.50,77956
1789536780,1250.30,1251.50,1250.30,1251.00,19002
1789536840,1250.80,1251.00,1249.50,1249.80,7267
1789536900,1249.80,1249.90,1248.00,1249.90,17866
1789536960,1249.80,1249.90,1249.00,1249.30,7731
1789537020,1249.10,1249.70,1248.50,1248.90,7651
1789537080,1248.80,1249.60,1248.70,1249.20,12646
1789537140,1249.20,1249.70,1248.60,1249.40,15999
1789537200,1249.40,1249.70,1249.10,1249.30,9204
1789537260,1249.30,1249.50,1248.30,1248.90,22850
1789537320,1248.80,1249.30,1247.60,1248.20,17691
1789537380,1248.20,1248.30,1247.60,1247.60,9812
1789537440,1247.80,1247.80,1246.00,1246.40,11714
1789537500,1246.40,1246.80,1245.40,1246.50,24245
1789537560,1246.50,1247.20,1246.00,1246.20,17067
1789537620,1246.10,1246.20,1244.60,1245.00,22098
1789537680,1244.80,1246.70,1244.80,1245.40,17310
1789537740,1245.50,1245.60,1244.80,1245.10,13518
1789537800,1245.10,1245.30,1244.40,1245.30,25476
1789537860,1245.30,1245.40,1244.10,1244.70,13305
1789537920,1244.70,1246.50,1244.20,1246.50,19315
1789537980,1246.50,1248.00,1246.40,1246.70,24813
1789538040,1246.40,1246.80,1245.00,1245.50,12906
1789538100,1245.20,1245.90,1244.90,1245.40,8714
1789538160,1245.20,1245.70,1244.90,1245.60,7954
1789538220,1245.60,1246.20,1244.80,1244.90,18198
1789538280,1244.80,1245.60,1244.40,1244.60,10120
1789538340,1244.70,1245.20,1244.00,1244.10,8750
1789538400,1244.10,1245.40,1244.10,1245.40,11707
1789538460,1245.00,1245.60,1244.30,1244.80,11307
1789538520,1244.90,1246.50,1244.40,1246.00,60474
1789538580,1246.30,1246.80,1245.70,1246.40,14720
1789538640,1246.10,1246.50,1245.70,1246.50,7503
1789538700,1246.50,1246.80,1245.60,1246.20,12608
1789538760,1246.70,1247.10,1246.00,1247.00,35870
1789538820,1247.00,1247.10,1246.60,1246.90,15327
1789538880,1247.00,1247.60,1246.90,1247.10,23290
1789538940,1247.10,1247.30,1246.50,1247.00,9616
1789539000,1246.80,1246.90,1246.00,1246.60,15144
1789539060,1246.60,1246.70,1246.00,1246.50,25949
1789539120,1246.50,1247.40,1246.40,1247.10,10148
1789539180,1247.00,1247.20,1246.50,1246.50,8264
1789539240,1246.50,1246.80,1246.30,1246.50,7905
1789539300,1246.80,1246.80,1246.10,1246.40,8173
1789539360,1246.40,1246.40,1246.10,1246.40,9797
1789539420,1246.40,1246.60,1246.00,1246.30,9691
1789539480,1246.40,1246.70,1246.40,1246.60,8289
1789539540,1246.60,1246.90,1246.10,1246.10,11045
1789539600,1246.10,1247.20,1246.10,1246.90,13786
1789539660,1247.00,1247.30,1246.00,1246.40,21468
1789539720,1246.20,1246.70,1244.70,1245.40,28164
1789539780,1245.40,1245.40,1244.20,1245.00,12569
1789539840,1245.00,1245.20,1244.30,1244.70,19766
1789539900,1244.60,1244.80,1244.20,1244.70,13088
1789539960,1244.80,1245.00,1243.20,1243.70,18900
1789540020,1243.70,1244.00,1243.00,1243.80,36761
1789540080,1243.80,1244.00,1243.40,1243.90,11999
1789540140,1243.60,1244.10,1243.50,1243.80,10080
1789540200,1243.80,1244.40,1243.60,1244.40,21626
1789540260,1244.40,1244.40,1243.00,1243.50,16827
1789540320,1243.40,1243.50,1241.10,1241.70,30933
1789540380,1241.60,1242.00,1241.30,1242.00,10767
1789540440,1242.00,1242.70,1241.90,1242.30,8298
1789540500,1242.30,1242.60,1242.00,1242.60,12214
1789540560,1242.20,1243.50,1242.20,1243.10,20832
1789540620,1243.50,1245.00,1243.10,1243.80,24326
1789540680,1244.20,1244.20,1242.00,1242.50,10743
1789540740,1242.30,1242.90,1241.60,1242.80,12259
1789540800,1242.80,1243.60,1242.60,1243.40,16450
1789540860,1243.40,1243.90,1242.90,1243.90,27865
1789540920,1243.50,1244.00,1242.40,1242.90,14324
1789540980,1243.30,1244.60,1243.00,1244.40,11351
1789541040,1244.50,1244.70,1243.60,1243.60,8767
1789541100,1243.60,1243.70,1242.40,1242.50,8930
1789541160,1243.00,1243.00,1242.10,1242.90,8521
1789541220,1242.90,1244.30,1242.80,1243.90,9856
1789541280,1243.90,1244.60,1243.70,1244.10,8649
1789541340,1244.10,1244.40,1244.00,1244.10,6487
1789541400,1244.10,1244.20,1241.90,1241.90,13508
1789541460,1242.20,1242.30,1240.80,1241.30,45549
1789541520,1241.50,1241.60,1240.80,1241.00,10675
1789541580,1241.00,1241.10,1240.00,1240.40,47544
1789541640,1240.10,1240.50,1239.90,1240.00,42250
1789541700,1240.40,1241.40,1240.40,1241.30,13279
1789541760,1241.40,1241.60,1240.10,1241.60,9000
1789541820,1241.50,1241.70,1240.60,1240.90,8468
1789541880,1240.90,1242.00,1240.70,1242.00,8659
1789541940,1241.80,1242.20,1241.00,1241.80,4777
1789542000,1241.60,1242.60,1241.50,1242.60,11925
1789542060,1242.90,1244.00,1242.60,1243.60,6988
1789542120,1244.00,1244.00,1243.80,1243.90,3090
1789542180,1243.90,1245.70,1243.90,1244.80,15648
1789542240,1245.00,1245.30,1244.80,1244.90,3361
1789542300,1244.70,1245.70,1244.70,1245.10,11820
1789542360,1245.10,1245.20,1244.00,1244.20,6747
1789542420,1244.40,1244.70,1244.20,1244.70,4717
1789542480,1244.90,1245.20,1244.50,1245.20,6869
1789542540,1245.00,1245.80,1244.80,1245.60,5731
1789542600,1245.60,1245.80,1245.00,1245.50,5130
1789542660,1245.50,1245.90,1245.30,1245.80,5343
1789542720,1245.70,1246.50,1245.70,1246.50,6223
1789542780,1246.50,1247.60,1245.40,1245.50,27434
1789542840,1245.50,1246.00,1245.40,1245.50,5629
1789542900,1245.50,1245.70,1243.60,1244.50,42428
1789542960,1244.30,1246.50,1244.20,1246.40,21482
1789543020,1246.50,1247.00,1246.40,1246.50,8742
1789543080,1246.50,1246.80,1246.30,1246.60,3990
1789543140,1246.80,1247.10,1246.40,1246.70,4779
1789543200,1246.70,1246.70,1246.00,1246.20,5779
1789543260,1246.20,1246.40,1245.50,1245.80,4574
1789543320,1246.00,1246.30,1245.60,1245.90,7139
1789543380,1246.10,1246.90,1245.90,1246.80,6240
1789543440,1246.80,1247.20,1246.50,1247.00,12018
1789543500,1247.00,1247.20,1246.30,1246.70,9643
1789543560,1246.70,1247.20,1246.50,1247.20,5297
1789543620,1247.20,1247.20,1246.30,1246.70,7646
1789543680,1246.70,1247.10,1245.90,1246.70,6818
1789543740,1246.70,1246.70,1245.80,1245.80,7643
1789543800,1245.80,1246.20,1245.80,1245.90,6337
1789543860,1245.90,1246.80,1245.90,1246.10,7601
1789543920,1246.30,1246.90,1246.10,1246.20,5200
1789543980,1246.50,1246.70,1245.60,1245.60,7099
1789544040,1246.40,1247.90,1246.10,1247.90,8887
1789544100,1247.90,1247.90,1247.00,1247.50,13236
1789544160,1247.40,1248.30,1247.10,1248.10,11468
1789544220,1248.10,1248.50,1247.80,1247.90,38328
1789544280,1248.30,1249.00,1247.90,1248.90,12885
1789544340,1249.00,1249.50,1248.00,1248.60,23630
1789544400,1248.60,1249.00,1247.90,1248.30,20663
1789544460,1248.20,1248.60,1247.60,1247.80,6474
1789544520,1247.60,1248.10,1247.00,1247.10,10261
1789544580,1247.30,1247.30,1246.80,1246.90,7711
1789544640,1247.00,1247.00,1246.90,1247.00,3878
1789544700,1246.90,1247.00,1246.10,1246.40,10854
1789544760,1246.60,1246.80,1246.10,1246.50,7233
1789544820,1246.50,1247.00,1246.20,1247.00,5412
1789544880,1247.00,1247.20,1246.80,1247.00,8378
1789544940,1247.10,1247.30,1247.10,1247.30,5037
1789545000,1247.30,1247.50,1247.10,1247.30,7901
1789545060,1247.30,1247.30,1246.90,1247.30,4915
1789545120,1247.30,1247.50,1247.20,1247.50,4515
1789545180,1247.50,1248.00,1247.50,1247.60,7966
1789545240,1247.70,1248.00,1247.30,1247.90,6471
1789545300,1248.00,1248.30,1247.80,1247.90,4832
1789545360,1247.80,1247.90,1247.20,1247.50,7369
1789545420,1247.50,1247.50,1246.40,1246.40,8102
1789545480,1246.20,1246.50,1245.50,1245.50,14130
1789545540,1245.50,1245.90,1244.70,1245.10,10272
1789545600,1245.10,1246.20,1245.00,1246.00,6650
1789545660,1246.20,1246.70,1246.00,1246.40,7356
1789545720,1246.30,1247.20,1246.30,1246.90,8803
1789545780,1246.80,1247.00,1246.20,1246.50,4075
1789545840,1246.60,1246.90,1246.30,1246.70,4899
1789545900,1246.90,1247.50,1246.80,1247.30,12824
1789545960,1247.30,1247.50,1246.20,1246.40,12886
1789546020,1246.90,1246.90,1246.00,1246.30,5569
1789546080,1246.30,1247.40,1245.80,1247.40,68302
1789546140,1247.40,1247.50,1247.10,1247.20,9590
1789546200,1247.30,1247.50,1246.70,1247.30,36017
1789546260,1247.00,1247.40,1246.10,1246.80,12366
1789546320,1246.30,1246.90,1246.10,1246.50,5040
1789546380,1246.30,1246.70,1246.30,1246.50,4609
1789546440,1246.60,1246.70,1245.70,1246.00,6908
1789546500,1246.00,1246.90,1245.90,1246.80,6152
1789546560,1246.70,1246.80,1245.60,1245.70,6673
1789546620,1245.50,1246.00,1245.50,1246.00,5876
1789546680,1246.00,1246.70,1245.60,1245.90,34309
1789546740,1245.90,1246.50,1245.40,1246.10,20308
1789546800,1246.40,1246.70,1245.90,1246.60,7484
1789546860,1246.60,1246.60,1245.50,1245.50,9030
1789546920,1246.10,1246.40,1245.40,1246.40,12763
1789546980,1246.40,1246.40,1246.00,1246.30,5495
1789547040,1246.30,1246.50,1245.60,1246.10,8249
1789547100,1246.10,1246.40,1245.60,1246.30,8278
1789547160,1246.10,1246.50,1246.00,1246.40,7723
1789547220,1246.40,1246.70,1246.40,1246.50,5887
1789547280,1246.40,1246.50,1245.60,1246.20,5804
1789547340,1246.20,1246.60,1246.00,1246.40,6187
1789547400,1246.40,1246.70,1246.30,1246.60,4273
1789547460,1246.70,1246.70,1246.60,1246.70,12141
1789547520,1246.60,1246.70,1246.60,1246.60,4846
1789547580,1246.70,1246.90,1246.60,1246.80,13134
1789547640,1246.90,1246.90,1246.80,1246.90,5986
1789547700,1246.90,1246.90,1246.80,1246.80,4150
1789547760,1246.90,1246.90,1246.50,1246.70,18005
1789547820,1246.60,1246.90,1246.30,1246.60,23471
1789547880,1246.90,1246.90,1246.30,1246.50,11837
1789547940,1246.40,1246.50,1246.30,1246.40,3862
1789548000,1246.40,1246.40,1246.00,1246.10,6903
1789548060,1246.10,1246.40,1246.10,1246.30,4367
1789548120,1246.40,1247.90,1246.30,1247.90,10656
1789548180,1247.90,1248.80,1247.50,1248.40,12476
1789548240,1248.40,1248.70,1248.00,1248.50,5148
1789548300,1248.60,1248.80,1248.10,1248.60,5592
1789548360,1248.60,1248.80,1248.30,1248.70,5215
1789548420,1248.70,1249.00,1248.60,1248.60,5514
1789548480,1248.50,1249.00,1248.50,1248.70,18758
1789548540,1248.80,1248.80,1247.30,1247.60,6594
1789548600,1247.50,1248.20,1247.50,1248.00,8323
1789548660,1247.90,1248.20,1247.30,1247.90,6181
1789548720,1247.90,1248.50,1247.90,1248.40,6806
1789548780,1248.20,1248.50,1248.10,1248.50,5782
1789548840,1248.50,1248.50,1248.00,1248.20,4822
1789548900,1248.20,1248.30,1248.00,1248.00,6027
1789548960,1248.00,1248.20,1247.90,1248.20,4571
1789549020,1247.60,1247.70,1247.30,1247.50,14021
1789549080,1247.50,1247.90,1247.40,1247.70,5390
1789549140,1247.70,1248.60,1247.70,1248.20,6925
1789549200,1248.30,1248.40,1247.90,1248.00,6195
1789549260,1247.80,1248.10,1247.30,1247.50,8067
1789549320,1247.70,1247.90,1247.10,1247.80,7995
1789549380,1247.80,1248.00,1247.20,1248.00,21277
1789549440,1248.00,1248.00,1247.20,1247.80,6767
1789549500,1247.80,1248.30,1247.60,1248.00,12625
1789549560,1248.20,1248.30,1247.70,1248.30,6773
1789549620,1248.20,1248.30,1247.40,1248.00,6222
1789549680,1247.90,1248.00,1246.60,1247.20,14529
1789549740,1246.90,1247.40,1246.70,1247.10,8372
1789549800,1247.10,1247.40,1246.60,1247.00,8340
1789549860,1247.00,1247.20,1246.10,1246.20,30237
1789549920,1246.80,1247.00,1245.50,1246.10,43501
1789549980,1245.90,1246.40,1245.40,1246.40,20432
1789550040,1246.40,1247.00,1246.00,1246.00,18298
1789550100,1246.20,1246.20,1245.60,1246.10,9053
1789550160,1246.20,1246.40,1245.90,1246.10,6391
1789550220,1246.00,1246.10,1245.00,1245.50,26931
1789550280,1245.50,1245.90,1244.60,1245.20,10030
1789550340,1244.90,1245.00,1244.50,1244.60,7385
1789550400,1244.80,1245.50,1244.60,1245.10,8825
1789550460,1245.10,1245.20,1244.50,1244.50,11901
1789550520,1244.50,1245.50,1244.10,1245.40,11639
1789550580,1245.10,1245.40,1244.80,1245.30,7457
1789550640,1245.10,1245.30,1244.30,1245.10,19010
1789550700,1245.00,1245.40,1244.30,1245.30,18506
1789550760,1245.30,1245.50,1244.80,1245.00,7869
1789550820,1245.20,1245.60,1244.20,1244.90,12377
1789550880,1245.20,1246.20,1244.90,1245.20,15609
1789550940,1245.30,1245.50,1244.20,1244.70,12444
1789551000,1244.60,1244.60,1243.20,1244.40,27717
1789551060,1244.30,1245.00,1244.30,1245.00,17099
1789551120,1244.80,1245.30,1244.10,1244.20,16328
1789551180,1244.10,1244.40,1244.10,1244.40,21978
1789551240,1244.30,1244.80,1243.40,1244.60,58027
1789551300,1244.40,1244.60,1244.00,1244.60,22464
1789551360,1244.50,1244.90,1244.30,1244.50,19324
1789551420,1244.60,1245.70,1244.40,1245.60,18520
1789551480,1245.50,1245.50,1244.40,1245.00,18020
1789551540,1245.00,1245.10,1243.70,1243.80,52711
1789551600,1243.80,1243.80,1240.50,1241.00,29958
1789551660,1241.50,1243.80,1241.30,1243.80,25289
1789551720,1243.70,1243.80,1241.60,1241.80,30735
1789551780,1242.30,1242.70,1241.60,1242.40,17453
1789551840,1242.30,1243.90,1241.80,1243.90,16420
1789551900,1243.80,1243.80,1243.80,1243.80,3
1789551960,1243.80,1243.80,1243.80,1243.80,0
1789552020,1243.80,1243.80,1243.80,1243.80,0
1789552080,1243.80,1243.80,1243.80,1243.80,0
1789552140,1243.80,1243.80,1243.80,1243.80,0
1789552200,1243.80,1243.80,1243.80,1243.80,0
1789552260,1243.80,1243.80,1243.80,1243.80,0
1789552320,1243.80,1243.80,1243.80,1243.80,0
1789552380,1243.80,1243.80,1243.80,1243.80,0
1789552440,1243.80,1243.80,1243.80,1243.80,0
1789552500,1243.80,1243.80,1243.80,1243.80,0
1789552560,1243.80,1243.80,1243.80,1243.80,0
1789552620,1243.80,1243.80,1243.80,1243.80,0
1789552680,1243.80,1243.80,1243.80,1243.80,0
1789552740,1243.80,1243.80,1241.00,1241.00,142039
1789616700,1238.00,1241.00,1233.00,1238.40,109737
1789616760,1238.30,1241.40,1237.80,1240.90,17516
1789616820,1241.20,1243.50,1240.20,1243.50,8141
1789616880,1243.50,1243.80,1241.50,1241.50,5358
1789616940,1241.00,1241.50,1241.00,1241.50,6314
1789617000,1241.50,1242.50,1241.00,1241.80,6447
1789617060,1241.80,1241.90,1240.70,1241.50,3201
1789617120,1241.50,1241.90,1240.50,1240.50,4465
1789617180,1240.50,1244.00,1240.50,1244.00,4640
1789617240,1244.00,1244.40,1243.70,1243.80,6304
1789617300,1244.00,1245.90,1244.00,1244.60,12709
1789617360,1244.60,1244.70,1243.60,1244.30,5647
1789617420,1244.30,1244.40,1243.50,1244.40,3765
1789617480,1245.00,1245.30,1245.00,1245.30,5352
1789617540,1245.30,1245.30,1245.00,1245.30,1524
1789617600,1245.40,1248.40,1245.40,1247.00,10833
1789617660,1247.30,1249.80,1247.00,1249.80,11036
1789617720,1249.80,1251.40,1249.80,1251.00,17704
1789617780,1251.00,1252.70,1250.40,1251.00,9648
1789617840,1251.00,1252.00,1250.80,1251.20,10725
1789617900,1251.20,1254.70,1251.20,1254.10,26056
1789617960,1254.10,1254.60,1253.00,1253.80,11148
1789618020,1254.00,1255.80,1253.00,1254.70,19430
1789618080,1254.80,1254.80,1253.20,1253.20,7595
1789618140,1253.20,1253.60,1251.40,1251.40,9021
1789618200,1251.80,1251.80,1250.80,1251.40,8111
1789618260,1251.70,1251.70,1250.60,1250.80,5823
1789618320,1250.90,1250.90,1250.00,1250.00,5701
1789618380,1250.00,1252.30,1249.50,1252.00,27243
1789618440,1252.20,1252.70,1251.60,1252.70,12043
1789618500,1252.70,1252.80,1251.30,1251.80,6212
1789618560,1251.80,1252.20,1251.00,1252.20,3624
1789618620,1252.20,1252.90,1251.90,1252.70,3118
1789618680,1252.70,1253.40,1252.20,1252.70,4404
1789618740,1252.90,1253.80,1252.90,1253.70,5556
1789618800,1253.70,1253.70,1252.80,1253.30,4239
1789618860,1253.30,1253.30,1252.80,1253.20,3548
1789618920,1253.20,1255.40,1253.20,1255.10,17790
1789618980,1255.10,1257.30,1254.10,1256.20,33736
1789619040,1256.20,1257.40,1256.10,1257.00,11717
1789619100,1257.00,1257.00,1256.20,1257.00,8521
1789619160,1257.00,1257.00,1254.90,1255.80,24054
1789619220,1255.80,1256.70,1255.20,1256.60,15825
1789619280,1256.60,1256.60,1255.40,1255.70,8174
1789619340,1255.70,1255.80,1255.00,1255.00,3793
1789619400,1255.00,1255.40,1254.90,1255.20,2265
1789619460,1255.20,1256.00,1255.00,1255.70,7112
1789619520,1255.70,1255.70,1255.20,1255.30,12900
1789619580,1255.30,1255.40,1255.00,1255.30,4931
1789619640,1255.30,1255.40,1255.00,1255.20,21416
1789619700,1255.50,1257.00,1255.50,1256.80,20295
1789619760,1256.90,1256.90,1256.00,1256.40,7187
1789619820,1256.40,1256.40,1255.50,1256.20,11255
1789619880,1256.20,1256.30,1255.80,1256.30,3527
1789619940,1256.30,1256.40,1256.00,1256.40,2604
1789620000,1255.60,1256.70,1255.60,1256.50,10841
1789620060,1256.60,1256.60,1256.10,1256.40,2308
1789620120,1256.40,1256.40,1256.30,1256.30,1411
1789620180,1256.20,1256.20,1255.60,1256.10,11149
1789620240,1256.10,1256.10,1255.60,1256.00,963
1789620300,1256.00,1256.10,1255.60,1256.10,14044
1789620360,1256.10,1256.10,1255.80,1256.00,5166
1789620420,1256.10,1256.10,1254.30,1254.30,22691
1789620480,1254.30,1254.30,1253.50,1254.00,28460
1789620540,1254.10,1255.00,1253.70,1254.40,4678
1789620600,1254.70,1256.10,1254.40,1256.10,10228
1789620660,1256.10,1257.00,1256.10,1256.90,11248
1789620720,1257.00,1257.20,1256.90,1257.10,14364
1789620780,1257.20,1257.20,1256.30,1256.30,11200
1789620840,1256.60,1257.60,1256.50,1257.20,15674
1789620900,1256.90,1257.10,1256.70,1256.70,8177
1789620960,1257.10,1257.10,1256.50,1256.60,6688
1789621020,1256.60,1256.80,1256.40,1256.80,6247
1789621080,1256.80,1256.80,1256.00,1256.30,7345
1789621140,1256.30,1257.00,1256.30,1256.70,18399
1789621200,1256.70,1256.90,1256.20,1256.90,9076
1789621260,1256.90,1256.90,1255.60,1255.60,8960
1789621320,1255.70,1255.70,1255.10,1255.40,6464
1789621380,1255.40,1255.40,1255.00,1255.30,4030
1789621440,1255.30,1255.30,1253.60,1254.20,19396
1789621500,1254.20,1254.70,1253.10,1254.50,14707
1789621560,1254.90,1255.50,1254.50,1255.10,10831
1789621620,1255.50,1255.50,1255.10,1255.20,6421
1789621680,1255.20,1255.20,1254.50,1254.50,6089
1789621740,1254.80,1254.90,1254.50,1254.70,4147
1789621800,1254.80,1254.80,1253.60,1254.70,13953
1789621860,1254.70,1254.70,1254.50,1254.60,8408
1789621920,1254.60,1254.60,1253.50,1253.90,4441
1789621980,1254.00,1254.90,1252.70,1253.50,28535
1789622040,1253.20,1254.10,1253.20,1253.80,27417
1789622100,1253.90,1254.00,1252.40,1253.30,55096
1789622160,1253.60,1253.60,1253.00,1253.20,5973
1789622220,1253.30,1253.30,1253.20,1253.20,7217
1789622280,1253.30,1253.30,1252.20,1252.30,6345
1789622340,1252.70,1252.70,1252.30,1252.70,2629
1789622400,1252.70,1254.00,1252.60,1253.60,20105
1789622460,1253.80,1254.00,1253.60,1253.70,5110
1789622520,1253.90,1253.90,1253.00,1253.30,2589
1789622580,1253.40,1253.50,1253.10,1253.50,2196
1789622640,1253.50,1253.50,1253.30,1253.30,2757
1789622700,1253.40,1254.40,1253.40,1254.40,7720
1789622760,1254.30,1254.60,1253.30,1253.90,13798
1789622820,1253.90,1254.00,1253.50,1253.60,6753
1789622880,1253.60,1253.60,1253.50,1253.50,3599
1789622940,1253.50,1253.60,1253.30,1253.60,2538
1789623000,1253.60,1253.60,1252.50,1252.50,9849
1789623060,1252.50,1253.10,1252.50,1252.80,12771
1789623120,1252.80,1253.00,1252.60,1252.60,8786
1789623180,1252.70,1252.70,1252.00,1252.20,18464
1789623240,1252.30,1252.30,1252.10,1252.20,4936
1789623300,1252.10,1252.20,1251.40,1251.90,30999
1789623360,1251.90,1252.20,1251.40,1252.10,31744
1789623420,1252.10,1252.10,1251.00,1251.20,19591
1789623480,1251.20,1251.30,1251.10,1251.10,6988
1789623540,1251.20,1251.20,1250.50,1251.00,14968
1789623600,1250.80,1251.00,1250.80,1250.90,16944
1789623660,1250.80,1251.60,1250.80,1251.60,11320
1789623720,1251.60,1252.80,1251.50,1252.30,8015
1789623780,1252.30,1253.10,1252.30,1252.90,15305
1789623840,1252.90,1253.00,1251.30,1251.30,8572
1789623900,1251.90,1252.10,1251.40,1251.90,10327
1789623960,1252.00,1252.10,1251.40,1251.80,3300
1789624020,1251.80,1252.30,1251.70,1252.30,5754
1789624080,1252.40,1253.00,1252.00,1252.80,6406
1789624140,1252.90,1253.30,1252.80,1253.20,3056
1789624200,1253.10,1253.60,1253.10,1253.60,4754
1789624260,1253.70,1254.00,1253.10,1253.20,9667
1789624320,1253.20,1253.20,1251.50,1251.80,6380
1789624380,1251.80,1251.80,1251.50,1251.60,2197
1789624440,1251.70,1252.10,1251.60,1252.00,4681
1789624500,1252.10,1252.10,1251.90,1252.10,1106
1789624560,1252.10,1252.60,1252.00,1252.00,2501
1789624620,1252.20,1252.20,1251.60,1251.70,3685
1789624680,1251.70,1252.00,1251.60,1251.90,4669
1789624740,1252.00,1252.20,1251.90,1252.20,5064
1789624800,1252.20,1252.20,1251.50,1251.60,18241
1789624860,1251.80,1252.20,1251.70,1252.20,5158
1789624920,1252.20,1253.40,1252.10,1253.10,11225
1789624980,1253.00,1253.00,1252.20,1252.40,1920
1789625040,1252.40,1253.20,1252.10,1252.30,9893
1789625100,1252.80,1252.80,1252.00,1252.10,4734
1789625160,1252.20,1253.40,1252.10,1253.10,9541
1789625220,1253.20,1253.40,1252.60,1252.80,2204
1789625280,1252.90,1253.50,1252.60,1252.80,9770
1789625340,1253.20,1253.30,1252.50,1252.80,2121
1789625400,1253.00,1253.00,1252.90,1252.90,3047
1789625460,1253.20,1253.60,1252.90,1253.40,5157
1789625520,1253.40,1253.60,1253.10,1253.60,1595
1789625580,1253.90,1253.90,1253.20,1253.50,4098
1789625640,1253.70,1253.70,1252.70,1253.30,4881
1789625700,1253.30,1253.40,1252.70,1253.00,8444
1789625760,1253.00,1253.00,1252.40,1252.80,11241
1789625820,1252.70,1252.70,1252.50,1252.60,4258
1789625880,1252.70,1253.20,1252.70,1252.90,5409
1789625940,1253.00,1253.20,1252.60,1252.80,5430
1789626000,1252.80,1252.80,1252.50,1252.60,3495
1789626060,1252.70,1253.10,1252.60,1253.10,4731
1789626120,1253.10,1253.90,1253.00,1253.90,7369
1789626180,1253.90,1253.90,1249.60,1249.60,228058
1789626240,1249.50,1251.00,1249.50,1250.80,45652
1789626300,1250.80,1251.10,1250.00,1250.60,9062
1789626360,1250.60,1251.30,1250.50,1251.30,19788
1789626420,1251.30,1251.90,1251.20,1251.80,5420
1789626480,1251.80,1251.80,1251.00,1251.50,4580
1789626540,1251.50,1251.50,1251.20,1251.40,3386
1789626600,1251.50,1251.80,1250.90,1250.90,6560
1789626660,1251.40,1251.80,1250.70,1250.80,38416
1789626720,1250.90,1251.40,1250.60,1251.20,16101
1789626780,1251.30,1251.30,1250.60,1250.60,18672
1789626840,1251.00,1251.10,1250.50,1250.60,28837
1789626900,1250.60,1251.10,1250.40,1250.60,19878
1789626960,1250.90,1252.00,1250.60,1252.00,6108
1789627020,1252.00,1254.50,1251.90,1254.30,13516
1789627080,1254.30,1254.60,1253.50,1253.90,5298
1789627140,1254.00,1254.20,1253.40,1253.40,3110
1789627200,1253.70,1253.70,1253.40,1253.60,3836
1789627260,1253.50,1253.70,1253.50,1253.60,3186
1789627320,1253.50,1253.60,1252.80,1253.20,3870
1789627380,1253.40,1254.30,1253.10,1254.30,15018
1789627440,1254.40,1254.80,1253.40,1254.00,16910
1789627500,1254.20,1254.70,1253.00,1253.70,6105
1789627560,1253.30,1254.30,1253.30,1254.10,5313
1789627620,1254.10,1254.70,1254.10,1254.70,4248
1789627680,1254.60,1254.90,1254.00,1254.30,5434
1789627740,1254.30,1254.50,1254.00,1254.50,15190
1789627800,1254.40,1254.70,1254.10,1254.50,5237
1789627860,1254.60,1254.80,1254.50,1254.70,5572
1789627920,1254.60,1255.30,1254.60,1255.30,6606
1789627980,1255.40,1255.80,1255.10,1255.10,6443
1789628040,1255.60,1255.60,1254.20,1255.00,9428
1789628100,1255.00,1255.00,1254.00,1254.30,10795
1789628160,1254.10,1254.30,1252.00,1252.00,35238
1789628220,1252.30,1253.10,1252.00,1252.80,6714
1789628280,1252.80,1252.90,1251.90,1252.20,5681
1789628340,1252.20,1254.10,1252.20,1253.60,9024
1789628400,1253.60,1253.70,1252.80,1253.00,5431
1789628460,1253.10,1253.50,1252.50,1253.00,4011
1789628520,1252.90,1253.50,1252.90,1253.30,4351
1789628580,1253.40,1253.40,1252.80,1253.00,5719
1789628640,1253.00,1253.00,1252.20,1252.20,2859
1789628700,1252.20,1252.70,1252.20,1252.70,4571
1789628760,1252.70,1252.80,1252.20,1252.80,7700
1789628820,1252.80,1253.00,1252.70,1252.90,3921
1789628880,1252.90,1253.00,1252.80,1252.90,5133
1789628940,1252.80,1253.70,1252.80,1253.40,6115
1789629000,1253.40,1253.80,1253.10,1253.10,3028
1789629060,1253.20,1253.80,1252.70,1253.20,4421
1789629120,1253.20,1253.40,1252.70,1253.10,6289
1789629180,1252.90,1253.10,1252.30,1252.50,4544
1789629240,1252.40,1252.60,1251.40,1252.60,14545
1789629300,1252.60,1252.70,1252.30,1252.60,2959
1789629360,1252.70,1252.80,1252.30,1252.30,5236
1789629420,1252.30,1252.80,1252.10,1252.10,3493
1789629480,1252.50,1252.50,1251.50,1251.60,7686
1789629540,1251.50,1251.80,1251.00,1251.40,3659
1789629600,1251.40,1252.00,1251.30,1252.00,8274
1789629660,1252.00,1252.30,1251.00,1251.60,29597
1789629720,1251.60,1251.60,1250.90,1251.40,8095
1789629780,1250.90,1251.70,1250.90,1251.50,5597
1789629840,1251.50,1252.00,1251.40,1251.50,4457
1789629900,1251.60,1251.70,1251.00,1251.20,6580
1789629960,1251.20,1251.60,1251.10,1251.20,3992
1789630020,1251.20,1251.60,1251.10,1251.60,3155
1789630080,1251.50,1252.00,1251.50,1251.60,5131
1789630140,1251.30,1251.70,1251.30,1251.60,1408
1789630200,1251.60,1252.10,1251.30,1251.90,5110
1789630260,1252.10,1252.30,1251.40,1251.50,4767
1789630320,1251.40,1251.50,1251.00,1251.20,6720
1789630380,1251.30,1251.40,1251.10,1251.40,4417
1789630440,1251.40,1251.80,1251.00,1251.20,8650
1789630500,1251.20,1251.70,1251.10,1251.50,4723
1789630560,1251.60,1251.70,1251.00,1251.50,3993
1789630620,1251.50,1251.50,1251.00,1251.40,4612
1789630680,1251.40,1251.80,1251.10,1251.70,4372
1789630740,1251.60,1252.00,1251.60,1252.00,4315
1789630800,1251.90,1252.00,1251.00,1251.30,3515
1789630860,1251.30,1251.40,1251.20,1251.30,3258
1789630920,1251.40,1251.60,1251.20,1251.60,2935
1789630980,1251.50,1251.60,1251.00,1251.00,4677
1789631040,1251.30,1251.30,1251.10,1251.10,2488
1789631100,1251.20,1251.20,1250.40,1250.60,5446
1789631160,1250.40,1250.80,1250.40,1250.80,5666
1789631220,1250.70,1251.00,1249.50,1249.90,14595
1789631280,1250.10,1251.00,1250.10,1250.80,4987
1789631340,1250.50,1251.00,1250.20,1250.20,6790
1789631400,1250.70,1250.70,1250.10,1250.20,5859
1789631460,1250.20,1250.40,1250.10,1250.30,2961
1789631520,1250.20,1250.30,1249.50,1249.60,7994
1789631580,1249.30,1250.00,1249.30,1249.70,5270
1789631640,1249.70,1249.80,1249.00,1249.50,6287
1789631700,1249.60,1249.60,1248.00,1248.80,20920
1789631760,1248.70,1249.00,1248.10,1248.20,13145
1789631820,1248.20,1248.60,1246.60,1246.80,46237
1789631880,1246.90,1248.00,1246.40,1246.80,26143
1789631940,1247.30,1247.60,1245.10,1245.90,26478
1789632000,1245.10,1245.90,1244.70,1245.60,26465
1789632060,1245.60,1246.40,1245.50,1246.00,2372
1789632120,1246.00,1246.30,1245.30,1245.40,13423
1789632180,1245.70,1245.70,1244.00,1244.40,10146
1789632240,1244.40,1244.40,1243.80,1243.80,3777
1789632300,1243.70,1244.40,1243.30,1244.00,4201
1789632360,1244.00,1244.00,1243.50,1243.90,2469
1789632420,1243.90,1244.10,1243.60,1243.90,2559
1789632480,1244.00,1244.00,1243.70,1243.90,2861
1789632540,1243.90,1244.90,1243.80,1244.90,9980
1789632600,1244.90,1245.20,1244.60,1245.00,6825
1789632660,1245.00,1246.40,1244.90,1246.00,5479
1789632720,1246.10,1246.40,1244.50,1244.90,12424
1789632780,1245.00,1245.30,1244.70,1244.90,2726
1789632840,1245.00,1245.00,1244.70,1245.00,1027
1789632900,1245.00,1245.10,1244.70,1244.80,2815
1789632960,1245.10,1245.10,1244.80,1244.90,2033
1789633020,1244.90,1245.30,1244.80,1245.20,11013
1789633080,1244.70,1245.20,1244.50,1244.70,6477
1789633140,1244.70,1245.00,1244.40,1244.60,1864
1789633200,1244.60,1244.80,1244.40,1244.80,1884
1789633260,1244.90,1244.90,1244.50,1244.50,2965
1789633320,1244.90,1245.00,1244.80,1244.80,1413
1789633380,1244.80,1244.80,1241.20,1241.50,87222
1789633440,1241.50,1243.00,1240.40,1243.00,71437
1789633500,1242.80,1242.90,1242.20,1242.80,8260
1789633560,1242.40,1243.30,1242.20,1242.20,12328
1789633620,1242.70,1243.20,1242.20,1242.60,5232
1789633680,1243.00,1243.00,1242.50,1242.50,6966
1789633740,1242.80,1243.00,1241.50,1241.70,19986
1789633800,1242.10,1242.50,1241.80,1242.40,6982
1789633860,1242.00,1242.80,1241.60,1242.80,25685
1789633920,1242.60,1243.00,1242.40,1242.80,2231
1789633980,1243.00,1243.00,1242.50,1243.00,3219
1789634040,1243.00,1243.70,1242.90,1243.30,22414
1789634100,1243.00,1243.40,1242.90,1243.20,5459
1789634160,1243.40,1243.40,1242.40,1243.10,6664
1789634220,1243.30,1243.80,1242.50,1243.10,8275
1789634280,1243.50,1243.50,1242.50,1242.60,9853
1789634340,1242.80,1242.80,1241.20,1242.70,77609
1789634400,1242.70,1242.70,1241.90,1242.20,11802
1789634460,1242.70,1242.70,1241.10,1241.80,22667
1789634520,1241.90,1241.90,1241.10,1241.40,5546
1789634580,1241.50,1241.80,1241.20,1241.70,13167
1789634640,1241.80,1241.90,1241.30,1241.70,5709
1789634700,1241.50,1241.70,1241.50,1241.60,6472
1789634760,1241.50,1241.60,1241.00,1241.10,5040
1789634820,1241.10,1241.40,1240.60,1241.10,37817
1789634880,1241.10,1242.00,1240.90,1241.60,10104
1789634940,1241.90,1242.00,1241.00,1241.50,7382
1789635000,1241.20,1241.40,1240.70,1241.20,7261
1789635060,1241.20,1241.30,1240.60,1241.20,4914
1789635120,1241.00,1241.80,1241.00,1241.20,10919
1789635180,1241.10,1241.20,1240.50,1240.90,9886
1789635240,1240.60,1241.70,1240.60,1240.90,8828
1789635300,1240.80,1241.40,1240.50,1241.00,11724
1789635360,1241.00,1241.00,1240.30,1240.70,6652
1789635420,1240.40,1241.60,1240.40,1240.90,13667
1789635480,1240.60,1240.90,1240.10,1240.20,7432
1789635540,1240.30,1242.40,1240.30,1241.90,19951
1789635600,1241.70,1242.00,1241.00,1241.40,7468
1789635660,1241.30,1242.00,1241.00,1241.70,11439
1789635720,1241.60,1241.60,1241.00,1241.00,5454
1789635780,1241.00,1241.80,1240.70,1241.30,15437
1789635840,1241.20,1241.20,1240.70,1240.90,4818
1789635900,1240.80,1241.40,1240.80,1241.40,9152
1789635960,1241.30,1242.00,1241.00,1241.30,8559
1789636020,1241.20,1243.50,1241.00,1243.40,17591
1789636080,1242.90,1242.90,1241.60,1242.10,13252
1789636140,1241.70,1242.20,1241.60,1242.00,6728
1789636200,1241.90,1242.00,1241.10,1241.90,8677
1789636260,1241.90,1242.00,1241.00,1241.80,9446
1789636320,1241.70,1242.00,1240.50,1240.90,7980
1789636380,1240.60,1240.90,1240.30,1240.40,6049
1789636440,1240.30,1240.60,1240.00,1240.40,12160
1789636500,1240.50,1241.00,1240.00,1240.10,5192
1789636560,1240.10,1240.90,1239.80,1240.70,8009
1789636620,1240.70,1240.70,1240.00,1240.00,10303
1789636680,1240.20,1241.10,1240.10,1240.40,18076
1789636740,1240.50,1241.20,1240.40,1241.10,13849
1789636800,1241.00,1241.20,1240.50,1241.10,8878
1789636860,1241.30,1241.50,1240.40,1241.00,32638
1789636920,1241.10,1241.10,1240.70,1241.00,5371
1789636980,1240.90,1241.10,1240.70,1241.10,29238
1789637040,1240.70,1241.10,1240.70,1241.00,23403
1789637100,1241.10,1241.10,1240.60,1241.00,30695
1789637160,1241.10,1241.10,1240.40,1240.60,51888
1789637220,1240.50,1241.10,1240.50,1241.10,10209
1789637280,1241.00,1241.10,1240.80,1241.00,22206
1789637340,1241.00,1241.20,1240.90,1241.10,9366
1789637400,1241.10,1241.10,1241.00,1241.00,44626
1789637460,1241.00,1241.10,1240.90,1241.10,11370
1789637520,1241.10,1241.10,1241.00,1241.10,8279
1789637580,1241.00,1241.10,1240.80,1241.10,21350
1789637640,1241.10,1241.10,1240.80,1240.80,20427
1789637700,1241.10,1241.10,1240.80,1241.10,10944
1789637760,1241.00,1241.10,1240.70,1241.10,27125
1789637820,1241.10,1241.70,1241.00,1241.50,14727
1789637880,1241.40,1241.60,1241.30,1241.40,12087
1789637940,1241.50,1241.60,1241.40,1241.60,23520
1789638000,1241.60,1242.30,1241.20,1242.20,52266
1789638060,1241.50,1241.90,1241.30,1241.70,19468
1789638120,1241.50,1242.40,1241.10,1241.80,55447
1789638180,1241.80,1242.60,1241.70,1242.60,30018
1789638240,1242.60,1242.80,1241.60,1242.80,10851
1789638300,1242.80,1242.80,1242.80,1242.80,624
1789638360,1242.80,1242.80,1242.80,1242.80,0
1789638420,1242.80,1242.80,1242.80,1242.80,0
1789638480,1242.80,1242.80,1242.80,1242.80,0
1789638540,1242.80,1242.80,1242.80,1242.80,0
1789638600,1242.80,1242.80,1242.80,1242.80,0
1789638660,1242.80,1242.80,1242.80,1242.80,0
1789638720,1242.80,1242.80,1242.80,1242.80,0
1789638780,1242.80,1242.80,1242.80,1242.80,0
1789638840,1242.80,1242.80,1242.80,1242.80,0
1789638900,1242.80,1242.80,1242.80,1242.80,0
1789638960,1242.80,1242.80,1242.80,1242.80,0
1789639020,1242.80,1242.80,1242.80,1242.80,0
1789639080,1242.80,1242.80,1240.00,1240.00,134149
1789639140,1240.00,1240.00,1240.00,1240.00,0
1789703100,1244.00,1249.00,1243.30,1247.10,57520
1789703160,1247.90,1248.30,1246.00,1246.90,40625
1789703220,1246.90,1249.90,1246.90,1249.30,8585
1789703280,1249.00,1249.20,1247.50,1247.50,9526
1789703340,1247.80,1248.10,1247.20,1248.00,6012
1789703400,1248.00,1248.00,1246.60,1247.70,13692
1789703460,1247.70,1247.70,1247.00,1247.00,1676
1789703520,1247.10,1248.20,1246.40,1246.40,4082
1789703580,1246.90,1247.30,1246.30,1247.30,1804
1789703640,1247.40,1247.40,1246.50,1246.50,3478
1789703700,1246.50,1247.10,1246.00,1247.00,2506
1789703760,1247.10,1247.50,1247.00,1247.30,2265
1789703820,1247.30,1247.50,1246.70,1247.20,2320
1789703880,1247.10,1247.50,1246.70,1247.20,2096
1789703940,1247.20,1247.80,1247.10,1247.30,2543
1789704000,1247.10,1247.10,1245.00,1245.20,4454
1789704060,1245.30,1246.80,1245.00,1246.40,5758
1789704120,1246.60,1246.90,1246.10,1246.90,1244
1789704180,1246.50,1247.10,1246.00,1247.10,3434
1789704240,1247.00,1247.00,1246.00,1246.10,2364
1789704300,1246.10,1246.50,1246.00,1246.40,1597
1789704360,1246.40,1247.90,1246.40,1247.70,25326
1789704420,1247.60,1247.60,1246.00,1246.50,4130
1789704480,1246.80,1247.00,1246.50,1246.50,708
1789704540,1246.50,1246.90,1246.50,1246.50,1140
1789704600,1246.90,1247.00,1246.50,1246.80,1053
1789704660,1246.80,1247.00,1246.60,1246.80,3293
1789704720,1247.00,1247.10,1246.30,1246.80,8151
1789704780,1247.00,1247.80,1246.30,1246.90,4819
1789704840,1246.90,1247.00,1246.40,1246.50,786
1789704900,1246.70,1247.00,1246.30,1246.30,2732
1789704960,1246.00,1246.40,1245.70,1246.20,9149
1789705020,1246.10,1246.20,1245.50,1245.80,2068
1789705080,1246.40,1246.40,1245.80,1246.20,540
1789705140,1246.70,1247.00,1246.00,1246.40,1754
1789705200,1246.00,1246.30,1245.70,1245.70,2349
1789705260,1245.80,1246.40,1245.60,1246.40,937
1789705320,1246.40,1246.50,1246.00,1246.40,566
1789705380,1246.80,1247.00,1246.50,1246.60,791
1789705440,1246.80,1246.90,1246.50,1246.90,1243
1789705500,1246.90,1246.90,1246.40,1246.40,3249
1789705560,1246.30,1246.30,1245.50,1246.00,1632
1789705620,1246.00,1246.30,1245.50,1245.90,1053
1789705680,1245.60,1245.70,1245.50,1245.50,1553
1789705740,1245.50,1245.60,1245.00,1245.00,1604
1789705800,1245.30,1245.60,1245.00,1245.60,1701
1789705860,1245.20,1245.60,1245.20,1245.30,3794
1789705920,1245.30,1245.40,1245.10,1245.10,1143
1789705980,1245.10,1245.10,1243.90,1244.00,10723
1789706040,1244.00,1244.30,1244.00,1244.20,2958
1789706100,1244.30,1245.20,1244.10,1244.80,3429
1789706160,1244.80,1245.00,1244.10,1244.90,3071
1789706220,1244.30,1244.80,1244.00,1244.40,1124
1789706280,1244.40,1244.80,1244.20,1244.80,1025
1789706340,1244.80,1245.50,1244.70,1244.70,8067
1789706400,1245.00,1245.40,1244.80,1245.00,1200
1789706460,1245.10,1245.40,1244.70,1245.40,1838
1789706520,1245.00,1245.50,1244.60,1244.60,1161
1789706580,1244.60,1245.00,1244.60,1244.80,240
1789706640,1244.90,1244.90,1244.70,1244.70,693
1789706700,1244.70,1244.90,1244.70,1244.90,1338
1789706760,1244.80,1244.90,1244.60,1244.60,1877
1789706820,1244.70,1244.90,1244.60,1244.90,794
1789706880,1244.90,1244.90,1244.60,1244.90,889
1789706940,1244.80,1244.90,1244.70,1244.90,3109
1789707000,1244.90,1244.90,1244.70,1244.80,720
1789707060,1244.90,1244.90,1244.60,1244.60,1278
1789707120,1244.70,1244.70,1244.50,1244.70,280
1789707180,1244.70,1244.70,1244.40,1244.40,356
1789707240,1244.50,1244.50,1243.60,1244.30,4922
1789707300,1244.20,1244.50,1244.00,1244.30,18165
1789707360,1244.30,1244.30,1242.10,1242.60,19589
1789707420,1242.70,1243.10,1242.00,1243.10,5133
1789707480,1242.90,1244.50,1242.90,1243.80,84780
1789707540,1243.80,1243.90,1243.50,1243.60,1340
1789707600,1243.50,1243.60,1243.30,1243.30,608
1789707660,1243.40,1243.60,1243.10,1243.30,2989
1789707720,1243.30,1243.30,1242.30,1242.40,3448
1789707780,1242.30,1242.90,1242.30,1242.80,9442
1789707840,1242.70,1242.80,1242.60,1242.60,364
1789707900,1242.70,1242.80,1242.60,1242.80,1043
1789707960,1242.70,1242.90,1242.60,1242.90,768
1789708020,1242.90,1243.10,1242.70,1243.10,2532
1789708080,1243.30,1243.50,1242.90,1243.10,3784
1789708140,1243.10,1243.40,1242.70,1242.70,2309
1789708200,1242.70,1242.90,1242.00,1242.20,1926
1789708260,1242.20,1242.30,1242.10,1242.30,577
1789708320,1242.20,1243.20,1242.20,1243.00,5222
1789708380,1242.90,1243.50,1242.90,1243.10,6503
1789708440,1242.70,1243.20,1242.70,1243.00,3153
1789708500,1243.00,1243.10,1242.90,1243.10,448
1789708560,1243.00,1243.20,1242.90,1243.00,1133
1789708620,1243.10,1244.40,1242.90,1244.40,13822
1789708680,1244.40,1244.80,1243.90,1244.20,9412
1789708740,1244.10,1244.10,1243.60,1243.90,2310
1789708800,1243.80,1244.00,1243.80,1244.00,871
1789708860,1244.00,1244.20,1244.00,1244.20,1252
1789708920,1244.20,1244.40,1244.00,1244.20,1564
1789708980,1244.20,1244.30,1244.10,1244.30,1253
1789709040,1244.30,1244.50,1244.10,1244.50,1227
1789709100,1244.50,1245.10,1244.40,1244.70,4104
1789709160,1244.60,1244.60,1244.30,1244.60,904
1789709220,1244.60,1244.60,1244.30,1244.40,817
1789709280,1244.30,1244.50,1244.10,1244.40,756
1789709340,1244.30,1244.40,1244.20,1244.20,528
1789709400,1244.20,1244.30,1244.20,1244.30,472
1789709460,1244.30,1244.30,1243.60,1243.70,8667
1789709520,1243.60,1244.40,1243.40,1244.40,8034
1789709580,1244.40,1244.50,1244.30,1244.40,762
1789709640,1244.50,1244.50,1244.20,1244.20,1367
1789709700,1244.00,1244.10,1243.20,1243.40,14709
1789709760,1243.40,1243.60,1243.40,1243.50,593
1789709820,1243.60,1243.60,1243.50,1243.60,479
1789709880,1243.60,1243.80,1243.50,1243.70,1029
1789709940,1243.70,1244.10,1243.70,1244.00,796
1789710000,1244.20,1244.30,1243.70,1244.20,2254
1789710060,1244.20,1244.30,1244.10,1244.20,526
1789710120,1244.30,1244.30,1243.90,1243.90,884
1789710180,1243.90,1243.90,1243.50,1243.70,1761
1789710240,1243.70,1243.70,1242.50,1242.90,10778
1789710300,1242.90,1242.90,1242.60,1242.90,1088
1789710360,1242.90,1243.00,1242.80,1242.80,1501
1789710420,1242.80,1242.80,1242.00,1242.40,14662
1789710480,1242.30,1242.50,1241.50,1242.20,12162
1789710540,1242.30,1242.90,1242.30,1242.90,1467
1789710600,1242.70,1243.90,1242.70,1243.80,12537
1789710660,1243.80,1244.00,1243.80,1243.90,410
1789710720,1244.00,1244.00,1243.70,1243.70,1413
1789710780,1243.80,1243.90,1243.60,1243.90,953
1789710840,1243.80,1243.90,1243.70,1243.90,945
1789710900,1243.90,1244.00,1243.60,1243.90,2209
1789710960,1243.80,1243.90,1243.60,1243.60,1045
1789711020,1243.60,1243.60,1243.50,1243.50,1771
1789711080,1243.50,1243.90,1243.50,1243.90,2528
1789711140,1243.80,1245.20,1243.80,1245.10,56893
1789711200,1245.00,1246.80,1245.00,1246.00,20092
1789711260,1246.00,1246.10,1243.60,1244.30,32922
1789711320,1244.30,1244.50,1244.00,1244.10,2311
1789711380,1244.10,1244.20,1242.00,1242.20,30990
1789711440,1242.20,1242.30,1241.40,1242.20,6211
1789711500,1242.00,1242.40,1241.90,1242.40,2189
1789711560,1242.40,1242.60,1241.60,1242.50,12165
1789711620,1242.50,1242.50,1242.10,1242.50,1488
1789711680,1242.40,1242.50,1242.00,1242.50,5939
1789711740,1242.50,1243.00,1242.00,1243.00,6710
1789711800,1243.00,1243.00,1242.20,1242.90,3395
1789711860,1242.90,1243.50,1242.10,1243.40,5134
1789711920,1243.30,1243.40,1242.80,1242.80,1345
1789711980,1242.80,1243.40,1242.10,1243.20,3264
1789712040,1243.10,1243.30,1243.00,1243.20,782
1789712100,1243.20,1244.00,1242.90,1243.80,10966
1789712160,1243.80,1244.30,1243.50,1243.90,6093
1789712220,1244.00,1244.20,1243.00,1244.20,4205
1789712280,1244.20,1244.20,1243.60,1244.10,1475
1789712340,1244.10,1244.50,1243.90,1243.90,3403
1789712400,1244.40,1244.50,1243.70,1244.10,651
1789712460,1244.10,1244.10,1241.50,1242.10,27478
1789712520,1242.20,1242.40,1242.10,1242.40,2802
1789712580,1242.40,1243.20,1242.10,1242.50,4103
1789712640,1242.80,1243.20,1242.30,1243.10,4352
1789712700,1243.10,1243.20,1242.80,1242.90,877
1789712760,1242.90,1243.00,1242.00,1243.00,4153
1789712820,1242.90,1243.60,1242.60,1243.40,10191
1789712880,1243.20,1243.70,1242.50,1242.60,3600
1789712940,1242.60,1242.60,1242.00,1242.00,2320
1789713000,1242.30,1243.00,1242.00,1242.00,4799
1789713060,1242.80,1243.10,1242.70,1243.10,2572
1789713120,1243.00,1243.10,1242.80,1242.90,1768
1789713180,1242.90,1242.90,1242.50,1242.80,1057
1789713240,1242.80,1242.80,1242.60,1242.80,404
1789713300,1242.80,1242.90,1242.70,1242.90,853
1789713360,1242.90,1243.00,1242.00,1243.00,12860
1789713420,1243.00,1243.00,1242.10,1242.30,3585
1789713480,1242.30,1242.30,1241.50,1241.70,12106
1789713540,1241.70,1241.70,1241.00,1241.60,14823
1789713600,1241.50,1242.30,1241.00,1242.20,7708
1789713660,1242.20,1242.90,1242.20,1242.90,2499
1789713720,1242.90,1243.20,1242.50,1243.20,14938
1789713780,1243.10,1243.70,1242.90,1243.70,12183
1789713840,1243.70,1243.80,1242.90,1242.90,5292
1789713900,1243.20,1243.40,1243.10,1243.10,2595
1789713960,1243.40,1243.70,1243.30,1243.70,6169
1789714020,1243.80,1243.80,1242.50,1242.60,19856
1789714080,1242.60,1243.00,1242.30,1243.00,3579
1789714140,1242.80,1243.00,1242.00,1242.60,7435
1789714200,1242.60,1242.90,1241.10,1242.70,33990
1789714260,1242.70,1242.80,1241.70,1242.80,5189
1789714320,1242.80,1242.80,1241.60,1242.70,9175
1789714380,1242.70,1242.70,1242.00,1242.40,2921
1789714440,1242.30,1242.50,1241.50,1242.30,4298
1789714500,1242.10,1242.20,1241.30,1242.00,3144
1789714560,1241.90,1241.90,1240.50,1241.10,11144
1789714620,1241.10,1242.30,1240.50,1242.00,5954
1789714680,1242.10,1242.60,1241.30,1242.20,5812
1789714740,1242.40,1242.50,1241.20,1242.40,22504
1789714800,1242.20,1243.60,1241.80,1243.00,3395
1789714860,1243.20,1243.20,1242.10,1242.80,1368
1789714920,1242.70,1242.80,1242.40,1242.50,574
1789714980,1242.40,1242.70,1241.80,1242.60,8835
1789715040,1242.60,1242.70,1242.40,1242.50,511
1789715100,1242.60,1242.60,1242.50,1242.60,879
1789715160,1242.50,1243.30,1242.50,1243.20,1624
1789715220,1243.20,1243.70,1243.00,1243.60,3683
1789715280,1243.50,1243.80,1243.10,1243.10,1474
1789715340,1243.10,1243.20,1242.10,1242.80,10290
1789715400,1242.80,1243.30,1242.80,1243.10,1358
1789715460,1243.10,1243.80,1242.90,1243.50,5116
1789715520,1243.40,1244.00,1243.40,1243.80,1062
1789715580,1243.80,1244.00,1243.60,1244.00,9536
1789715640,1243.90,1244.00,1243.70,1243.90,3812
1789715700,1243.90,1243.90,1243.20,1243.70,1532
1789715760,1243.70,1244.00,1243.00,1243.90,8821
1789715820,1243.90,1244.00,1243.80,1243.90,2175
1789715880,1243.90,1244.00,1243.70,1243.80,3769
1789715940,1243.80,1244.00,1243.70,1243.90,270
1789716000,1243.80,1243.90,1242.70,1243.00,4822
1789716060,1242.90,1243.30,1242.90,1243.00,289
1789716120,1243.00,1243.40,1242.90,1243.40,609
1789716180,1243.20,1243.60,1243.20,1243.50,1366
1789716240,1243.40,1243.90,1243.20,1243.40,2939
1789716300,1243.40,1243.40,1242.70,1242.80,1608
1789716360,1242.80,1242.80,1242.60,1242.80,912
1789716420,1242.80,1242.90,1242.50,1242.70,5684
1789716480,1242.60,1242.80,1242.00,1242.30,3509
1789716540,1242.30,1244.00,1242.00,1244.00,30861
1789716600,1244.00,1244.40,1243.40,1244.40,3246
1789716660,1244.40,1245.00,1244.00,1245.00,9645
1789716720,1244.70,1245.90,1244.50,1245.50,22478
1789716780,1245.00,1246.00,1245.00,1246.00,6027
1789716840,1246.00,1246.00,1245.60,1245.70,4429
1789716900,1245.70,1245.80,1244.30,1245.40,17279
1789716960,1245.10,1245.40,1244.80,1245.10,3385
1789717020,1245.10,1245.10,1244.10,1244.90,4884
1789717080,1244.80,1245.40,1244.80,1245.10,5205
1789717140,1245.00,1245.20,1244.70,1245.00,1841
1789717200,1244.90,1245.40,1244.80,1245.20,5480
1789717260,1245.20,1245.20,1244.70,1245.00,3211
1789717320,1245.00,1245.20,1244.60,1245.10,6285
1789717380,1245.00,1245.10,1244.50,1244.50,2496
1789717440,1244.70,1244.90,1244.50,1244.90,5426
1789717500,1244.90,1244.90,1244.10,1244.10,4347
1789717560,1244.10,1244.50,1243.80,1244.50,5975
1789717620,1244.30,1244.50,1244.30,1244.40,1719
1789717680,1244.40,1244.40,1243.80,1244.10,5054
1789717740,1244.20,1244.30,1243.60,1244.00,1674
1789717800,1244.00,1244.00,1243.40,1243.40,6230
1789717860,1243.50,1243.50,1243.20,1243.40,3828
1789717920,1243.60,1243.60,1243.50,1243.60,4734
1789717980,1243.60,1243.90,1243.30,1243.80,7695
1789718040,1243.80,1243.80,1242.60,1242.90,13056
1789718100,1242.90,1243.80,1242.60,1243.60,27702
1789718160,1243.50,1244.20,1243.50,1244.10,8951
1789718220,1244.00,1244.10,1243.20,1243.40,1968
1789718280,1243.40,1243.70,1242.50,1243.30,15221
1789718340,1243.30,1243.30,1242.50,1242.60,4660
1789718400,1243.00,1243.20,1242.50,1243.00,6606
1789718460,1242.90,1243.70,1242.40,1243.50,21142
1789718520,1243.50,1243.60,1243.40,1243.40,1527
1789718580,1243.40,1243.90,1243.00,1243.70,10369
1789718640,1243.80,1243.90,1243.10,1243.30,1890
1789718700,1243.20,1243.40,1242.60,1243.40,11219
1789718760,1243.20,1243.80,1243.10,1243.40,12033
1789718820,1243.40,1243.40,1243.00,1243.10,3175
1789718880,1243.10,1243.40,1243.00,1243.40,9546
1789718940,1243.40,1244.10,1243.30,1243.60,4117
1789719000,1243.80,1243.90,1243.10,1243.50,4133
1789719060,1243.40,1243.50,1243.00,1243.20,9022
1789719120,1243.40,1244.30,1243.10,1243.60,13094
1789719180,1243.40,1243.80,1243.00,1243.20,7386
1789719240,1243.10,1243.20,1243.00,1243.00,8122
1789719300,1243.10,1243.40,1243.00,1243.30,26326
1789719360,1243.20,1243.40,1243.10,1243.40,6221
1789719420,1243.40,1243.90,1243.30,1243.60,13133
1789719480,1243.50,1243.60,1242.80,1243.10,18210
1789719540,1243.10,1243.30,1242.80,1243.10,14802
1789719600,1243.00,1243.20,1242.90,1243.10,4743
1789719660,1243.10,1243.50,1242.50,1243.40,18235
1789719720,1243.30,1243.40,1242.60,1242.90,5570
1789719780,1243.10,1243.20,1242.70,1243.10,5537
1789719840,1243.00,1243.20,1242.50,1243.10,14234
1789719900,1243.10,1243.20,1242.50,1243.10,9243
1789719960,1243.00,1243.20,1242.90,1243.20,8890
1789720020,1243.10,1243.60,1243.10,1243.40,8239
1789720080,1243.40,1244.00,1243.10,1244.00,12378
1789720140,1243.90,1244.00,1243.10,1243.40,10598
1789720200,1243.70,1243.70,1243.10,1243.60,7310
1789720260,1243.70,1243.70,1243.10,1243.70,8571
1789720320,1243.80,1244.10,1243.30,1244.10,31467
1789720380,1244.00,1244.20,1243.90,1244.10,3041
1789720440,1244.00,1244.40,1243.70,1244.30,6324
1789720500,1244.20,1244.60,1244.00,1244.60,5536
1789720560,1244.30,1244.80,1243.60,1244.80,10645
1789720620,1244.80,1245.20,1244.70,1245.00,7466
1789720680,1244.90,1245.10,1244.20,1244.80,9505
1789720740,1244.70,1247.70,1244.60,1247.30,27508
1789720800,1247.30,1247.60,1246.10,1247.10,8972
1789720860,1247.10,1247.20,1246.00,1246.70,7823
1789720920,1246.70,1246.80,1245.70,1246.40,7740
1789720980,1246.20,1246.20,1245.10,1245.10,5097
1789721040,1245.20,1246.20,1245.20,1245.50,11924
1789721100,1245.50,1246.50,1245.50,1245.80,8346
1789721160,1245.90,1246.40,1245.30,1246.30,7455
1789721220,1246.10,1246.40,1245.60,1246.00,5980
1789721280,1246.20,1246.20,1245.80,1246.20,5094
1789721340,1246.20,1246.80,1246.00,1246.60,6988
1789721400,1246.60,1246.60,1245.70,1245.70,6592
1789721460,1246.00,1246.90,1246.00,1246.70,14922
1789721520,1246.70,1246.90,1246.60,1246.80,5624
1789721580,1246.80,1246.80,1245.60,1246.10,9336
1789721640,1246.00,1246.50,1245.60,1246.30,9420
1789721700,1246.20,1246.30,1245.50,1246.10,7464
1789721760,1246.10,1246.10,1245.60,1245.70,8811
1789721820,1245.90,1246.50,1245.60,1246.10,14563
1789721880,1246.20,1246.70,1245.80,1246.30,13890
1789721940,1246.30,1246.30,1246.20,1246.20,3593
1789722000,1246.30,1246.40,1246.20,1246.20,8713
1789722060,1246.20,1246.30,1245.60,1245.80,4021
1789722120,1245.60,1245.90,1245.30,1245.50,8405
1789722180,1245.50,1246.70,1245.50,1246.10,23950
1789722240,1246.10,1246.20,1246.00,1246.20,3651
1789722300,1246.20,1246.20,1246.10,1246.10,5179
1789722360,1246.20,1246.20,1245.80,1245.80,4559
1789722420,1246.00,1246.00,1245.50,1245.70,5741
1789722480,1245.60,1246.30,1245.10,1246.20,21916
1789722540,1246.10,1246.30,1246.00,1246.10,3496
1789722600,1245.90,1246.20,1245.20,1246.20,16441
1789722660,1246.10,1246.30,1246.10,1246.10,5388
1789722720,1246.10,1246.30,1245.50,1245.50,3297
1789722780,1245.70,1245.70,1245.20,1245.20,9467
1789722840,1245.20,1245.20,1244.40,1244.40,7192
1789722900,1244.60,1244.80,1243.50,1243.60,26271
1789722960,1243.50,1244.40,1243.50,1244.30,22498
1789723020,1244.20,1245.30,1244.10,1245.30,94377
1789723080,1245.00,1245.40,1244.80,1245.10,42575
1789723140,1245.10,1245.60,1245.10,1245.50,11491
1789723200,1245.60,1246.10,1245.40,1245.50,56954
1789723260,1245.50,1245.70,1245.30,1245.30,10316
1789723320,1245.30,1246.80,1245.30,1246.70,25862
1789723380,1246.60,1246.80,1246.30,1246.40,15136
1789723440,1246.50,1246.70,1246.30,1246.60,13457
1789723500,1246.60,1246.60,1246.30,1246.30,14730
1789723560,1246.30,1246.30,1246.00,1246.00,16233
1789723620,1246.00,1246.30,1245.40,1245.40,28946
1789723680,1245.40,1246.00,1245.10,1245.90,24686
1789723740,1246.00,1246.40,1246.00,1246.40,16604
1789723800,1245.50,1246.90,1245.40,1246.20,40390
1789723860,1246.20,1246.90,1246.20,1246.60,30094
1789723920,1246.50,1246.50,1245.90,1246.50,34134
1789723980,1246.20,1247.90,1246.20,1247.40,61930
1789724040,1247.40,1247.90,1246.00,1246.10,62107
1789724100,1246.00,1246.90,1246.00,1246.50,42261
1789724160,1246.50,1247.20,1246.50,1247.00,46745
1789724220,1247.10,1247.30,1246.60,1247.10,113772
1789724280,1247.10,1247.40,1246.20,1246.70,143706
1789724340,1246.70,1246.80,1246.20,1246.50,50645
1789724400,1246.30,1246.80,1246.30,1246.70,67031
1789724460,1246.70,1247.10,1246.40,1246.80,57745
1789724520,1246.60,1247.30,1246.30,1246.30,71968
1789724580,1246.00,1247.00,1245.80,1246.50,49173
1789724640,1246.40,1246.80,1242.10,1245.10,47024
1789724700,1245.10,1245.10,1245.10,1245.10,1211
1789724760,1245.10,1245.10,1245.10,1245.10,0
1789724820,1245.10,1245.10,1245.10,1245.10,0
1789724880,1245.10,1245.10,1245.10,1245.10,0
1789724940,1245.10,1245.10,1245.10,1245.10,0
1789725000,1245.10,1245.10,1245.10,1245.10,0
1789725060,1245.10,1245.10,1245.10,1245.10,0
1789725120,1245.10,1245.10,1245.10,1245.10,0
1789725180,1245.10,1245.10,1245.10,1245.10,0
1789725240,1245.10,1245.10,1245.10,1245.10,0
1789725300,1245.10,1245.10,1245.10,1245.10,0
1789725360,1245.10,1245.10,1245.10,1245.10,0
1789725420,1245.10,1245.10,1245.10,1245.10,0
1789725480,1245.10,1257.00,1245.10,1257.00,2133813
1789725540,1257.00,1257.00,1257.00,1257.00,0
1789962300,1248.00,1251.10,1246.00,1249.90,13183
1789962360,1249.20,1249.20,1246.60,1247.80,16583
1789962420,1247.80,1249.30,1247.50,1249.30,5051
1789962480,1249.00,1249.80,1248.90,1249.10,6538
1789962540,1248.60,1249.10,1247.10,1247.10,12710
1789962600,1246.50,1248.70,1246.40,1248.00,15054
1789962660,1248.00,1248.70,1247.50,1248.00,7152
1789962720,1247.90,1248.60,1247.50,1248.50,6260
1789962780,1248.80,1249.60,1248.60,1248.90,9781
1789962840,1248.90,1249.70,1248.30,1248.70,10354
1789962900,1248.70,1248.70,1247.60,1248.00,4151
1789962960,1248.00,1250.00,1248.00,1249.70,12858
1789963020,1249.80,1249.80,1249.20,1249.20,5543
1789963080,1249.20,1249.40,1249.20,1249.30,4634
1789963140,1249.30,1249.60,1249.10,1249.20,4056
1789963200,1249.10,1249.50,1249.10,1249.20,9906
1789963260,1248.60,1249.20,1248.60,1249.00,2228
1789963320,1249.00,1249.80,1248.00,1248.40,20530
1789963380,1248.70,1249.10,1248.50,1248.60,9985
1789963440,1248.70,1248.70,1248.40,1248.60,2474
1789963500,1248.60,1250.00,1248.60,1250.00,7739
1789963560,1250.00,1250.50,1248.10,1248.20,16980
1789963620,1248.10,1248.50,1247.50,1247.70,3726
1789963680,1247.70,1248.40,1247.70,1248.10,3831
1789963740,1248.10,1248.30,1248.10,1248.30,1525
1789963800,1248.30,1248.30,1248.20,1248.30,1106
1789963860,1248.20,1248.50,1248.20,1248.40,2774
1789963920,1248.40,1248.70,1248.30,1248.70,3489
1789963980,1248.70,1248.80,1248.40,1248.50,4732
1789964040,1248.50,1248.60,1248.40,1248.40,1766
1789964100,1248.60,1248.70,1248.50,1248.70,3751
1789964160,1248.70,1248.80,1248.50,1248.80,1865
1789964220,1248.80,1248.80,1246.90,1246.90,18557
1789964280,1246.90,1248.20,1246.90,1248.00,17677
1789964340,1247.90,1248.00,1247.00,1247.40,8648
1789964400,1247.20,1247.70,1247.20,1247.60,4927
1789964460,1247.50,1247.80,1247.30,1247.80,2502
1789964520,1247.60,1247.80,1246.50,1246.50,6570
1789964580,1246.80,1246.80,1244.80,1245.40,19008
1789964640,1245.30,1245.40,1244.30,1244.30,20027
1789964700,1244.30,1244.50,1244.00,1244.10,4605
1789964760,1244.10,1244.20,1243.60,1244.10,6639
1789964820,1243.70,1244.60,1243.70,1244.50,15154
1789964880,1244.30,1244.50,1243.80,1244.00,3829
1789964940,1244.00,1244.40,1243.50,1244.40,8109
1789965000,1244.40,1244.60,1243.70,1244.00,8585
1789965060,1244.10,1244.20,1243.40,1243.50,3938
1789965120,1243.60,1244.10,1242.90,1243.40,4724
1789965180,1243.00,1244.10,1243.00,1243.80,1627
1789965240,1244.00,1244.30,1243.80,1243.80,4468
1789965300,1243.80,1244.30,1242.40,1242.90,21661
1789965360,1242.90,1243.00,1242.00,1242.40,5968
1789965420,1242.10,1242.50,1242.00,1242.50,7182
1789965480,1242.40,1242.80,1242.40,1242.60,19080
1789965540,1242.40,1242.90,1242.20,1242.40,6875
1789965600,1242.30,1242.50,1242.30,1242.30,1605
1789965660,1242.40,1242.90,1242.30,1242.80,12171
1789965720,1242.90,1243.30,1242.80,1242.90,4548
1789965780,1243.10,1243.50,1243.00,1243.30,3323
1789965840,1243.20,1243.30,1242.60,1242.80,5052
1789965900,1242.80,1243.20,1242.30,1242.70,8064
1789965960,1242.60,1243.20,1242.50,1243.10,2241
1789966020,1243.20,1243.40,1243.10,1243.40,1758
1789966080,1243.30,1244.10,1243.30,1243.80,5528
1789966140,1243.80,1243.80,1243.20,1243.20,3256
1789966200,1243.30,1243.60,1243.20,1243.20,2380
1789966260,1243.30,1243.60,1243.20,1243.60,803
1789966320,1243.60,1243.70,1243.10,1243.30,4048
1789966380,1243.60,1243.80,1243.30,1243.80,3167
1789966440,1243.70,1243.80,1243.20,1243.20,3281
1789966500,1243.30,1243.50,1242.20,1242.30,9118
1789966560,1242.30,1242.90,1242.20,1242.90,5848
1789966620,1242.80,1243.00,1242.20,1242.20,6603
1789966680,1242.80,1243.70,1242.60,1243.30,4353
1789966740,1243.50,1243.80,1243.30,1243.60,3722
1789966800,1243.60,1243.60,1242.90,1243.10,4723
1789966860,1243.10,1243.50,1243.00,1243.20,2949
1789966920,1243.40,1243.40,1243.00,1243.20,3507
1789966980,1243.20,1243.20,1242.30,1242.50,8991
1789967040,1242.90,1243.00,1242.00,1242.60,5935
1789967100,1242.90,1243.00,1242.60,1243.00,2249
1789967160,1242.80,1243.20,1242.80,1243.00,3752
1789967220,1243.10,1243.10,1242.60,1242.80,4089
1789967280,1243.00,1243.20,1242.80,1243.00,4982
1789967340,1243.20,1243.20,1242.80,1243.20,2369
1789967400,1243.10,1243.20,1243.10,1243.10,2074
1789967460,1243.20,1243.90,1243.10,1243.40,5138
1789967520,1243.60,1244.00,1243.30,1243.80,6466
1789967580,1243.70,1243.80,1243.30,1243.60,5660
1789967640,1243.70,1244.40,1243.70,1244.30,7537
1789967700,1244.40,1245.20,1244.30,1244.70,11555
1789967760,1244.70,1246.30,1244.70,1246.10,13219
1789967820,1246.20,1246.50,1245.20,1245.70,11519
1789967880,1245.30,1246.00,1245.30,1245.50,5379
1789967940,1245.70,1246.30,1245.60,1246.20,5316
1789968000,1246.30,1246.30,1246.20,1246.30,5864
1789968060,1246.30,1246.60,1246.20,1246.60,7108
1789968120,1246.50,1247.40,1246.50,1247.30,18043
1789968180,1247.40,1248.00,1247.30,1248.00,13490
1789968240,1247.60,1248.20,1247.40,1248.00,12247
1789968300,1247.60,1248.00,1246.20,1246.70,13389
1789968360,1246.20,1247.70,1246.20,1247.70,7000
1789968420,1247.30,1247.90,1247.30,1247.90,6990
1789968480,1247.70,1247.90,1246.60,1247.20,10687
1789968540,1247.20,1247.80,1247.20,1247.60,5997
1789968600,1247.70,1247.90,1247.20,1247.50,6375
1789968660,1247.50,1248.00,1247.40,1247.40,4496
1789968720,1247.90,1248.00,1247.30,1247.30,10601
1789968780,1247.40,1248.00,1247.30,1247.90,4671
1789968840,1247.90,1248.10,1247.20,1247.40,7296
1789968900,1247.50,1248.20,1247.50,1248.00,6409
1789968960,1248.00,1248.30,1247.60,1248.30,8608
1789969020,1248.30,1248.50,1247.80,1248.40,6422
1789969080,1248.40,1248.50,1247.60,1248.10,9619
1789969140,1248.40,1248.60,1248.20,1248.20,6263
1789969200,1248.20,1248.70,1248.20,1248.60,4409
1789969260,1248.60,1248.80,1248.20,1248.20,6197
1789969320,1248.50,1248.80,1248.20,1248.20,6554
1789969380,1248.40,1248.70,1247.90,1248.00,9351
1789969440,1248.00,1248.80,1248.00,1248.40,5724
1789969500,1248.40,1248.70,1248.00,1248.30,9982
1789969560,1248.20,1248.60,1247.60,1247.70,6668
1789969620,1247.70,1248.30,1247.40,1247.90,12832
1789969680,1248.00,1248.30,1247.10,1247.60,7759
1789969740,1247.30,1247.90,1247.00,1247.60,9282
1789969800,1247.50,1248.00,1247.20,1247.20,7082
1789969860,1247.30,1247.80,1247.10,1247.40,6315
1789969920,1247.50,1248.00,1247.40,1248.00,4166
1789969980,1248.00,1248.30,1247.90,1248.20,5424
1789970040,1247.90,1248.20,1247.70,1247.70,8146
1789970100,1248.10,1248.10,1247.50,1247.90,6592
1789970160,1247.90,1248.00,1247.50,1247.50,4613
1789970220,1247.90,1248.60,1247.50,1248.50,12847
1789970280,1248.50,1248.70,1248.00,1248.40,11387
1789970340,1248.40,1248.60,1248.00,1248.30,5753
1789970400,1248.30,1248.70,1248.30,1248.70,5186
1789970460,1248.70,1248.70,1248.00,1248.30,7057
1789970520,1248.40,1248.70,1248.20,1248.60,4504
1789970580,1248.50,1248.90,1248.40,1248.40,12823
1789970640,1248.50,1248.50,1248.20,1248.30,10127
1789970700,1248.30,1248.30,1248.00,1248.10,5990
1789970760,1248.00,1248.40,1248.00,1248.20,7995
1789970820,1248.00,1248.70,1248.00,1248.60,5707
1789970880,1248.40,1248.70,1248.20,1248.20,6469
1789970940,1248.20,1248.70,1248.20,1248.20,5021
1789971000,1248.40,1248.50,1248.00,1248.40,6278
1789971060,1248.40,1248.60,1247.80,1248.20,6070
1789971120,1248.00,1248.40,1248.00,1248.00,7540
1789971180,1248.20,1248.40,1247.90,1248.00,7471
1789971240,1248.00,1248.50,1247.70,1248.50,6739
1789971300,1248.00,1248.50,1247.80,1248.00,7770
1789971360,1247.80,1248.00,1246.50,1247.00,12717
1789971420,1246.50,1247.20,1246.20,1246.40,7552
1789971480,1246.40,1247.00,1246.30,1246.80,4984
1789971540,1246.20,1246.80,1246.10,1246.20,6086
1789971600,1246.30,1246.80,1246.10,1246.60,14590
1789971660,1246.40,1246.80,1246.00,1246.00,7011
1789971720,1246.40,1246.70,1246.20,1246.40,4099
1789971780,1246.60,1246.80,1246.50,1246.60,5442
1789971840,1246.60,1247.00,1246.40,1246.50,4671
1789971900,1246.70,1246.90,1246.60,1246.90,4011
1789971960,1246.90,1247.70,1246.80,1247.50,19800
1789972020,1247.30,1247.80,1247.30,1247.50,4607
1789972080,1247.50,1247.80,1247.00,1247.10,11338
1789972140,1246.90,1247.50,1246.70,1246.70,7220
1789972200,1246.70,1247.50,1246.60,1246.70,6150
1789972260,1247.00,1247.30,1246.70,1247.30,3972
1789972320,1247.30,1247.30,1246.40,1247.00,10340
1789972380,1247.00,1247.20,1245.80,1245.90,26351
1789972440,1245.90,1246.50,1245.70,1246.30,24429
1789972500,1245.90,1246.60,1245.60,1245.80,15167
1789972560,1246.20,1246.60,1245.90,1246.10,5573
1789972620,1246.10,1246.70,1245.00,1245.00,13905
1789972680,1245.40,1245.50,1245.00,1245.00,8018
1789972740,1245.00,1245.20,1244.40,1244.90,21090
1789972800,1244.70,1245.00,1244.00,1244.20,15452
1789972860,1244.30,1245.40,1244.10,1245.00,9395
1789972920,1245.00,1245.10,1244.80,1245.10,23394
1789972980,1245.10,1246.00,1245.00,1245.50,24211
1789973040,1245.50,1246.00,1244.50,1244.70,12547
1789973100,1244.70,1245.00,1244.70,1245.00,5295
1789973160,1244.70,1245.00,1244.70,1244.90,5263
1789973220,1245.00,1245.10,1244.90,1245.00,3392
1789973280,1245.10,1246.10,1245.10,1245.40,33644
1789973340,1245.40,1246.00,1245.40,1245.80,5642
1789973400,1245.90,1246.00,1245.40,1245.70,12451
1789973460,1245.80,1246.50,1245.70,1245.70,9624
1789973520,1245.70,1246.20,1244.80,1245.30,28762
1789973580,1245.50,1245.80,1244.90,1245.40,4968
1789973640,1245.50,1245.90,1245.50,1245.70,4552
1789973700,1245.80,1245.90,1245.30,1245.40,6253
1789973760,1245.50,1246.00,1245.50,1245.60,4607
1789973820,1245.70,1246.20,1245.50,1245.60,5598
1789973880,1245.60,1246.30,1245.60,1246.30,7223
1789973940,1246.10,1246.70,1246.10,1246.70,4484
1789974000,1246.40,1247.00,1246.40,1246.80,8103
1789974060,1247.00,1247.20,1246.60,1247.10,7736
1789974120,1247.10,1247.20,1246.50,1246.90,8336
1789974180,1247.00,1247.40,1246.50,1246.70,7654
1789974240,1246.60,1246.80,1246.30,1246.80,8770
1789974300,1246.70,1247.50,1246.70,1247.50,19252
1789974360,1247.70,1248.00,1247.40,1247.70,10988
1789974420,1247.70,1249.70,1247.70,1249.40,24389
1789974480,1249.40,1250.00,1249.30,1249.90,8331
1789974540,1249.60,1250.00,1249.10,1249.40,20063
1789974600,1249.40,1250.30,1249.30,1250.00,22481
1789974660,1250.10,1250.10,1249.50,1249.90,16680
1789974720,1249.70,1250.10,1249.70,1250.00,7366
1789974780,1250.00,1251.00,1249.90,1250.80,17408
1789974840,1250.80,1251.10,1250.50,1251.00,6611
1789974900,1250.90,1251.00,1249.80,1250.10,13407
1789974960,1250.20,1250.40,1249.70,1250.30,12636
1789975020,1250.30,1250.90,1249.80,1250.90,6127
1789975080,1251.00,1251.20,1250.40,1250.40,6696
1789975140,1250.40,1250.90,1250.00,1250.50,7375
1789975200,1250.30,1250.60,1250.00,1250.40,6516
1789975260,1250.40,1250.40,1249.50,1249.90,8581
1789975320,1250.00,1250.50,1249.20,1250.20,11888
1789975380,1249.90,1250.10,1249.20,1249.70,8861
1789975440,1249.70,1249.90,1249.10,1249.30,8634
1789975500,1249.30,1250.00,1249.20,1249.70,15744
1789975560,1249.70,1250.00,1249.00,1249.80,10874
1789975620,1250.00,1250.10,1249.30,1249.90,10138
1789975680,1249.60,1250.20,1249.20,1249.80,10815
1789975740,1249.80,1249.90,1248.70,1249.20,10555
1789975800,1249.30,1249.40,1248.40,1249.00,10246
1789975860,1248.60,1249.30,1248.30,1248.50,8005
1789975920,1248.60,1249.00,1248.50,1248.50,6350
1789975980,1248.70,1248.80,1247.70,1248.70,12230
1789976040,1248.60,1248.90,1248.00,1248.50,8275
1789976100,1248.50,1249.00,1248.20,1249.00,10125
1789976160,1248.80,1249.20,1248.80,1249.20,6539
1789976220,1248.90,1249.50,1248.00,1248.10,19466
1789976280,1248.30,1248.90,1248.00,1248.30,7580
1789976340,1248.70,1249.00,1247.90,1248.70,10135
1789976400,1248.50,1249.10,1247.80,1249.00,9408
1789976460,1248.90,1249.10,1247.90,1248.50,9753
1789976520,1248.10,1249.20,1248.10,1249.10,6397
1789976580,1249.00,1249.30,1248.50,1249.20,6955
1789976640,1249.10,1249.20,1248.70,1249.10,7437
1789976700,1248.90,1250.00,1248.90,1249.80,9677
1789976760,1250.00,1251.30,1249.90,1251.30,11124
1789976820,1251.00,1251.50,1251.00,1251.10,7150
1789976880,1251.10,1252.30,1251.10,1252.10,12663
1789976940,1251.90,1252.80,1251.90,1252.50,8458
1789977000,1252.40,1252.90,1251.50,1252.20,14382
1789977060,1252.50,1252.60,1251.60,1252.30,5791
1789977120,1252.20,1252.50,1251.80,1251.90,8040
1789977180,1252.30,1252.50,1251.30,1252.00,8678
1789977240,1251.80,1252.00,1250.90,1251.70,7413
1789977300,1251.20,1252.10,1251.00,1251.90,5786
1789977360,1252.10,1252.70,1251.70,1252.60,6001
1789977420,1252.60,1253.00,1252.50,1253.00,5361
1789977480,1252.80,1253.00,1252.50,1252.90,4947
1789977540,1252.70,1252.90,1252.00,1252.60,7332
1789977600,1252.70,1252.90,1251.70,1251.70,7575
1789977660,1251.70,1252.50,1251.60,1252.30,7122
1789977720,1251.80,1252.80,1251.80,1252.80,6977
1789977780,1252.80,1252.90,1252.10,1252.80,7198
1789977840,1252.30,1253.10,1252.00,1252.30,9817
1789977900,1253.00,1253.20,1252.20,1252.90,7900
1789977960,1252.90,1253.10,1252.40,1252.40,7848
1789978020,1252.80,1253.10,1252.20,1252.70,7066
1789978080,1252.20,1252.70,1252.00,1252.20,9121
1789978140,1252.40,1252.80,1252.00,1252.70,6037
1789978200,1252.70,1253.10,1252.00,1252.50,16396
1789978260,1253.00,1253.30,1252.20,1252.80,13148
1789978320,1253.10,1253.20,1252.10,1252.10,10177
1789978380,1252.60,1252.80,1251.20,1251.70,48698
1789978440,1252.20,1252.70,1251.70,1252.30,11935
1789978500,1252.20,1252.60,1251.00,1251.50,11323
1789978560,1251.20,1252.00,1251.20,1251.30,15263
1789978620,1251.80,1252.30,1251.60,1252.10,8625
1789978680,1252.20,1252.60,1251.70,1252.50,13069
1789978740,1252.90,1253.30,1252.20,1252.80,10460
1789978800,1252.90,1253.40,1252.40,1253.10,12123
1789978860,1253.10,1253.30,1252.50,1253.20,16225
1789978920,1252.70,1253.40,1252.60,1253.30,12095
1789978980,1252.90,1253.60,1252.70,1253.20,12087
1789979040,1252.80,1253.40,1252.50,1253.20,11686
1789979100,1252.80,1254.00,1252.80,1253.70,16373
1789979160,1253.80,1253.80,1252.50,1253.30,27840
1789979220,1252.90,1253.80,1252.70,1253.60,12473
1789979280,1253.40,1254.20,1253.20,1253.30,14388
1789979340,1253.00,1254.30,1253.00,1253.90,19036
1789979400,1253.70,1254.20,1253.00,1253.90,16273
1789979460,1253.40,1254.20,1253.00,1253.50,34267
1789979520,1254.10,1254.30,1252.80,1253.30,14760
1789979580,1252.70,1253.70,1252.60,1253.00,11465
1789979640,1252.80,1253.10,1251.50,1252.00,10727
1789979700,1251.60,1252.60,1251.00,1251.90,33784
1789979760,1251.90,1253.10,1251.90,1252.30,20854
1789979820,1252.10,1253.50,1252.10,1253.00,8644
1789979880,1252.50,1253.60,1252.40,1252.90,17895
1789979940,1253.00,1253.50,1252.40,1252.70,26426
1789980000,1253.00,1253.00,1252.00,1252.00,6752
1789980060,1252.40,1252.50,1252.00,1252.50,5862
1789980120,1252.50,1252.80,1252.00,1252.50,6940
1789980180,1252.50,1252.60,1252.00,1252.10,7572
1789980240,1252.10,1252.70,1251.30,1251.60,35319
1789980300,1251.40,1251.60,1251.20,1251.30,6168
1789980360,1251.30,1252.00,1251.00,1251.80,5922
1789980420,1251.40,1252.20,1251.40,1252.10,6453
1789980480,1252.10,1253.00,1251.90,1252.90,12529
1789980540,1252.90,1253.00,1252.30,1252.90,7312
1789980600,1252.90,1253.20,1251.00,1251.20,7176
1789980660,1251.20,1251.40,1250.30,1250.80,18913
1789980720,1250.30,1250.70,1248.80,1249.30,16564
1789980780,1249.00,1250.00,1248.90,1249.80,11665
1789980840,1249.60,1250.40,1249.60,1250.30,5480
1789980900,1250.30,1250.50,1250.10,1250.40,6716
1789980960,1250.50,1250.60,1249.80,1250.50,8558
1789981020,1250.50,1250.80,1250.00,1250.30,5837
1789981080,1250.30,1250.40,1249.40,1249.90,7106
1789981140,1249.80,1250.50,1249.10,1250.40,9224
1789981200,1250.40,1250.40,1248.90,1249.30,6708
1789981260,1249.30,1249.70,1249.10,1249.40,4458
1789981320,1249.20,1249.80,1249.00,1249.30,11221
1789981380,1249.10,1249.70,1249.10,1249.60,7208
1789981440,1249.60,1249.70,1248.80,1249.30,6798
1789981500,1249.10,1249.40,1248.90,1249.00,7667
1789981560,1248.80,1249.30,1248.70,1249.10,6687
1789981620,1249.10,1249.10,1248.70,1249.10,4025
1789981680,1249.10,1249.10,1248.80,1249.10,5590
1789981740,1249.10,1249.10,1248.50,1248.80,4979
1789981800,1248.70,1249.30,1248.70,1249.20,6691
1789981860,1249.40,1249.40,1248.90,1249.40,4789
1789981920,1249.00,1249.20,1248.20,1248.90,27439
1789981980,1248.90,1249.10,1247.90,1248.40,10909
1789982040,1248.40,1249.00,1247.90,1248.50,36521
1789982100,1248.20,1249.00,1248.20,1248.80,8119
1789982160,1248.50,1249.00,1248.20,1248.70,13639
1789982220,1248.60,1248.70,1247.70,1248.60,6237
1789982280,1248.20,1249.10,1247.80,1248.00,42589
1789982340,1248.00,1248.00,1247.80,1248.00,16574
1789982400,1247.90,1248.00,1247.60,1247.70,12253
1789982460,1247.60,1247.60,1247.10,1247.10,10982
1789982520,1247.20,1247.20,1247.00,1247.20,10996
1789982580,1247.20,1247.40,1246.80,1246.80,9403
1789982640,1247.00,1247.80,1247.00,1247.40,16014
1789982700,1247.40,1247.90,1247.30,1247.70,11747
1789982760,1247.70,1248.00,1247.50,1247.90,12093
1789982820,1247.90,1247.90,1247.80,1247.90,9485
1789982880,1247.90,1248.00,1247.70,1247.90,13271
1789982940,1247.70,1247.90,1247.50,1247.70,13413
1789983000,1247.70,1248.00,1247.70,1247.90,19042
1789983060,1248.10,1248.50,1247.90,1248.00,18407
1789983120,1248.00,1248.00,1247.40,1247.40,9969
1789983180,1247.40,1248.30,1247.10,1248.30,13150
1789983240,1248.30,1248.30,1247.40,1247.70,10118
1789983300,1247.70,1248.20,1247.60,1248.20,30950
1789983360,1248.30,1248.40,1247.80,1247.80,21997
1789983420,1247.80,1248.30,1247.80,1247.90,10788
1789983480,1247.90,1248.20,1247.90,1248.20,9917
1789983540,1248.10,1248.40,1247.40,1248.00,14508
1789983600,1248.10,1248.10,1247.50,1247.80,22570
1789983660,1247.90,1248.10,1247.30,1247.60,22000
1789983720,1248.10,1248.90,1247.40,1248.50,32335
1789983780,1248.30,1248.70,1247.00,1248.70,15452
1789983840,1248.60,1248.90,1246.10,1248.00,9516
1789983900,1248.00,1248.00,1248.00,1248.00,0
1789983960,1248.00,1248.00,1248.00,1248.00,0
1789984020,1248.00,1248.00,1248.00,1248.00,0
1789984080,1248.00,1248.00,1248.00,1248.00,0
1789984140,1248.00,1248.00,1248.00,1248.00,0
1789984200,1248.00,1248.00,1248.00,1248.00,0
1789984260,1248.00,1248.00,1248.00,1248.00,0
1789984320,1248.00,1248.00,1248.00,1248.00,0
1789984380,1248.00,1248.00,1248.00,1248.00,0
1789984440,1248.00,1248.00,1248.00,1248.00,0
1789984500,1248.00,1248.00,1248.00,1248.00,0
1789984560,1248.00,1248.00,1248.00,1248.00,0
1789984620,1248.00,1248.00,1248.00,1248.00,0
1789984680,1248.00,1250.00,1248.00,1250.00,91119
1789984740,1250.00,1250.00,1250.00,1250.00,0
1790048700,1245.20,1251.20,1243.00,1246.40,42572
1790048760,1246.90,1247.20,1245.40,1245.50,17009
1790048820,1245.80,1246.60,1245.50,1246.20,6143
1790048880,1246.30,1247.80,1246.30,1247.80,3785
1790048940,1247.50,1248.30,1247.00,1247.20,7027
1790049000,1247.20,1247.20,1246.40,1246.90,4089
1790049060,1247.00,1248.30,1246.70,1248.30,5207
1790049120,1248.30,1248.50,1248.00,1248.00,2729
1790049180,1248.30,1249.90,1248.00,1249.90,4352
1790049240,1249.90,1251.80,1249.90,1250.90,11997
1790049300,1250.90,1251.00,1250.50,1250.80,3040
1790049360,1250.60,1251.00,1247.30,1247.30,15727
1790049420,1247.10,1247.50,1246.60,1247.20,5729
1790049480,1247.50,1248.00,1247.00,1247.80,4537
1790049540,1247.40,1248.10,1247.40,1248.10,1988
1790049600,1248.10,1248.50,1248.10,1248.40,1100
1790049660,1248.20,1248.30,1247.80,1248.00,10145
1790049720,1248.00,1248.10,1247.60,1247.70,4394
1790049780,1248.00,1248.00,1247.50,1247.50,3367
1790049840,1247.50,1248.10,1247.50,1247.80,1704
1790049900,1247.80,1248.30,1247.80,1248.00,1448
1790049960,1248.00,1248.30,1248.00,1248.20,944
1790050020,1248.20,1249.80,1248.20,1249.80,5182
1790050080,1250.00,1250.20,1249.30,1249.70,5687
1790050140,1249.60,1250.10,1249.50,1250.10,2803
1790050200,1250.50,1250.70,1249.60,1249.60,6100
1790050260,1249.60,1250.00,1249.60,1249.70,2741
1790050320,1249.70,1250.00,1249.70,1250.00,3918
1790050380,1250.20,1251.00,1250.20,1250.70,5068
1790050440,1250.80,1251.10,1250.70,1251.00,5982
1790050500,1251.00,1251.50,1249.30,1249.30,7371
1790050560,1249.30,1249.40,1249.00,1249.10,3991
1790050620,1249.10,1249.30,1249.10,1249.20,1848
1790050680,1249.20,1249.80,1249.20,1249.20,3079
1790050740,1249.30,1249.50,1249.20,1249.30,483
1790050800,1249.50,1249.80,1249.30,1249.40,1298
1790050860,1249.40,1249.40,1248.40,1248.50,4836
1790050920,1248.50,1248.50,1248.10,1248.20,2576
1790050980,1248.20,1248.30,1248.20,1248.20,1164
1790051040,1248.20,1248.30,1246.80,1247.30,7835
1790051100,1247.30,1247.60,1246.80,1247.20,5044
1790051160,1247.00,1248.30,1247.00,1247.10,17801
1790051220,1247.00,1247.60,1247.00,1247.50,2362
1790051280,1247.50,1247.90,1247.50,1247.70,3946
1790051340,1248.00,1248.40,1247.90,1248.20,1429
1790051400,1248.60,1248.60,1248.30,1248.30,2826
1790051460,1248.30,1248.30,1247.40,1247.60,2341
1790051520,1247.50,1247.70,1247.30,1247.50,1306
1790051580,1247.50,1248.30,1247.50,1248.00,5390
1790051640,1248.00,1248.90,1248.00,1248.50,4448
1790051700,1248.50,1248.50,1247.30,1247.30,5164
1790051760,1247.40,1248.10,1247.40,1248.10,12601
1790051820,1248.10,1249.20,1247.80,1248.80,5661
1790051880,1249.00,1251.30,1248.80,1250.10,20305
1790051940,1250.10,1252.00,1249.90,1252.00,7381
1790052000,1251.90,1253.00,1251.70,1251.70,12836
1790052060,1251.70,1252.20,1251.60,1251.60,4084
1790052120,1251.80,1251.90,1251.10,1251.60,4848
1790052180,1252.00,1252.00,1251.60,1252.00,3585
1790052240,1252.00,1253.00,1252.00,1252.20,7937
1790052300,1252.50,1253.50,1252.10,1253.20,24421
1790052360,1253.10,1255.00,1252.30,1255.00,30740
1790052420,1254.70,1255.60,1254.50,1254.70,10005
1790052480,1254.70,1254.90,1253.70,1254.00,4631
1790052540,1254.00,1254.00,1253.00,1253.20,2855
1790052600,1253.20,1253.30,1253.00,1253.00,2033
1790052660,1253.00,1253.20,1251.00,1251.00,18960
1790052720,1251.10,1251.40,1251.00,1251.10,9672
1790052780,1251.10,1251.70,1251.00,1251.00,5855
1790052840,1251.00,1252.00,1250.70,1251.60,12638
1790052900,1251.60,1252.40,1251.60,1251.70,5911
1790052960,1251.70,1252.20,1251.00,1251.00,7246
1790053020,1251.00,1251.60,1250.70,1251.30,3850
1790053080,1251.30,1252.40,1251.20,1251.50,7254
1790053140,1252.00,1252.40,1251.00,1251.00,6644
1790053200,1251.00,1251.50,1250.40,1250.60,6204
1790053260,1250.80,1251.20,1250.30,1251.00,18792
1790053320,1251.20,1251.20,1250.40,1250.50,6720
1790053380,1250.50,1251.00,1249.00,1249.00,8660
1790053440,1249.00,1249.40,1248.40,1248.40,8309
1790053500,1248.40,1248.40,1246.80,1247.10,13758
1790053560,1247.10,1247.10,1246.40,1246.70,7661
1790053620,1246.70,1247.40,1246.70,1246.90,4049
1790053680,1247.20,1247.20,1246.50,1246.50,5046
1790053740,1246.50,1247.00,1246.10,1246.20,6116
1790053800,1246.30,1247.30,1246.30,1247.20,3014
1790053860,1247.20,1247.50,1246.20,1246.20,2280
1790053920,1246.00,1246.00,1245.10,1246.00,5362
1790053980,1246.00,1246.70,1246.00,1246.50,1451
1790054040,1246.50,1246.50,1244.50,1244.50,20694
1790054100,1244.20,1244.60,1244.00,1244.30,2623
1790054160,1244.30,1245.40,1244.30,1245.10,2487
1790054220,1245.30,1246.00,1245.10,1245.20,9259
1790054280,1245.30,1246.10,1245.00,1245.70,14998
1790054340,1245.70,1246.00,1245.30,1245.30,3461
1790054400,1245.00,1245.00,1244.20,1244.30,4654
1790054460,1244.30,1244.80,1244.20,1244.50,5181
1790054520,1244.50,1244.90,1243.00,1243.30,12562
1790054580,1243.30,1244.10,1243.20,1243.80,4745
1790054640,1243.80,1244.20,1243.80,1243.90,1960
1790054700,1244.00,1244.30,1243.80,1244.20,6294
1790054760,1244.40,1244.60,1244.10,1244.40,11709
1790054820,1244.40,1246.00,1244.40,1245.30,24798
1790054880,1245.30,1246.00,1244.80,1245.30,4680
1790054940,1245.60,1246.10,1245.30,1245.50,6054
1790055000,1245.50,1246.10,1244.70,1244.70,8532
1790055060,1244.80,1245.30,1244.30,1244.60,3405
1790055120,1244.60,1245.20,1244.50,1244.50,1818
1790055180,1244.50,1244.60,1244.20,1244.30,2381
1790055240,1244.30,1244.50,1244.00,1244.00,4030
1790055300,1244.00,1244.40,1244.00,1244.10,3014
1790055360,1244.20,1244.80,1244.10,1244.60,4776
1790055420,1244.60,1244.80,1244.00,1244.40,10002
1790055480,1244.40,1244.60,1243.80,1243.90,9054
1790055540,1243.80,1244.50,1243.70,1244.40,8317
1790055600,1244.20,1245.00,1244.00,1244.00,3077
1790055660,1244.00,1244.80,1244.00,1244.10,2359
1790055720,1244.20,1244.50,1244.10,1244.30,2161
1790055780,1244.30,1245.00,1244.30,1244.50,2626
1790055840,1244.70,1245.20,1244.50,1244.80,2769
1790055900,1244.80,1245.00,1244.60,1244.60,1899
1790055960,1244.60,1245.00,1244.00,1244.70,9753
1790056020,1244.70,1245.30,1244.30,1244.50,8329
1790056080,1244.50,1245.00,1244.20,1244.20,3103
1790056140,1244.30,1244.30,1244.10,1244.10,1176
1790056200,1244.20,1244.20,1244.00,1244.00,2911
1790056260,1244.00,1244.40,1243.80,1243.90,4136
1790056320,1244.00,1244.70,1244.00,1244.30,5000
1790056380,1244.40,1244.70,1244.30,1244.50,1668
1790056440,1244.50,1245.40,1244.50,1244.80,7364
1790056500,1244.80,1245.40,1244.80,1244.90,5738
1790056560,1244.90,1245.50,1244.80,1245.10,6338
1790056620,1245.10,1245.80,1244.80,1245.70,4398
1790056680,1245.20,1245.40,1245.00,1245.20,2588
1790056740,1245.40,1245.40,1244.70,1244.70,2263
1790056800,1244.80,1245.00,1244.30,1244.30,6983
1790056860,1244.70,1244.80,1244.30,1244.30,5283
1790056920,1244.30,1244.40,1243.70,1243.90,4150
1790056980,1243.90,1244.50,1243.90,1244.00,2449
1790057040,1244.00,1244.10,1243.70,1243.70,2342
1790057100,1243.50,1243.50,1243.10,1243.20,5121
1790057160,1243.30,1243.90,1243.20,1243.50,3130
1790057220,1243.60,1244.30,1243.30,1243.30,7841
1790057280,1243.30,1244.10,1242.70,1243.30,35407
1790057340,1243.50,1243.50,1242.10,1242.10,8862
1790057400,1242.60,1242.70,1242.00,1242.70,7364
1790057460,1243.00,1243.20,1242.40,1242.70,5328
1790057520,1242.70,1242.90,1242.10,1242.20,2531
1790057580,1242.10,1242.30,1242.00,1242.10,5051
1790057640,1242.00,1242.00,1241.40,1241.70,5981
1790057700,1242.00,1242.00,1241.60,1241.60,1620
1790057760,1241.60,1241.80,1240.60,1240.90,17790
1790057820,1240.80,1241.80,1240.80,1240.90,10044
1790057880,1240.90,1241.90,1240.10,1241.30,26948
1790057940,1241.70,1241.90,1241.40,1241.50,1797
1790058000,1241.50,1241.60,1241.20,1241.20,1614
1790058060,1241.40,1241.40,1241.20,1241.20,1311
1790058120,1241.20,1242.40,1241.20,1242.30,4083
1790058180,1242.40,1242.40,1241.50,1241.70,2806
1790058240,1241.70,1241.80,1241.20,1241.30,2188
1790058300,1241.30,1241.50,1241.10,1241.20,3558
1790058360,1241.20,1241.50,1241.00,1241.50,2259
1790058420,1241.60,1242.30,1241.20,1241.40,6265
1790058480,1241.90,1242.60,1241.40,1242.20,3998
1790058540,1242.20,1242.90,1242.20,1242.70,5016
1790058600,1242.40,1243.00,1242.10,1242.10,2936
1790058660,1242.10,1242.50,1241.70,1241.70,1138
1790058720,1241.80,1242.20,1241.70,1242.00,2380
1790058780,1242.10,1242.70,1242.00,1242.50,3670
1790058840,1242.50,1242.90,1242.20,1242.50,2149
1790058900,1242.80,1242.80,1242.10,1242.30,29798
1790058960,1242.30,1242.80,1242.10,1242.60,1926
1790059020,1242.60,1243.00,1242.30,1242.80,1947
1790059080,1242.90,1243.10,1242.40,1242.70,3239
1790059140,1242.70,1243.10,1242.60,1242.70,2169
1790059200,1243.10,1243.10,1242.60,1242.60,2130
1790059260,1242.60,1242.70,1242.00,1242.00,5073
1790059320,1242.10,1242.40,1242.00,1242.20,2531
1790059380,1242.20,1242.50,1242.00,1242.00,3308
1790059440,1242.00,1242.70,1242.00,1242.00,3275
1790059500,1242.00,1242.50,1242.00,1242.50,2532
1790059560,1242.00,1243.00,1242.00,1242.30,3224
1790059620,1242.30,1242.80,1242.30,1242.50,2137
1790059680,1243.00,1243.00,1242.40,1242.60,1591
1790059740,1242.30,1243.50,1242.30,1243.20,2734
1790059800,1243.50,1243.50,1243.00,1243.20,3033
1790059860,1243.20,1243.40,1242.90,1243.20,3459
1790059920,1243.30,1243.80,1242.80,1243.00,12432
1790059980,1243.30,1243.60,1243.00,1243.40,4545
1790060040,1243.50,1243.60,1242.50,1242.50,8411
1790060100,1242.50,1243.00,1242.40,1242.50,6066
1790060160,1242.70,1243.10,1242.00,1242.10,2947
1790060220,1242.20,1243.00,1242.00,1242.70,14538
1790060280,1242.90,1243.90,1242.40,1243.10,11055
1790060340,1243.10,1243.20,1242.50,1242.60,3612
1790060400,1242.50,1243.50,1242.20,1242.70,6486
1790060460,1243.20,1244.50,1242.60,1244.30,3685
1790060520,1244.30,1244.90,1244.00,1244.50,7951
1790060580,1244.50,1244.70,1243.70,1243.70,3294
1790060640,1243.80,1244.80,1243.70,1244.30,2163
1790060700,1244.30,1244.90,1244.30,1244.30,2596
1790060760,1244.30,1244.30,1243.90,1244.00,2145
1790060820,1244.00,1244.00,1243.40,1243.60,1694
1790060880,1243.70,1243.70,1242.70,1243.00,3282
1790060940,1243.00,1243.30,1242.70,1242.90,2008
1790061000,1243.30,1243.70,1242.00,1243.20,9847
1790061060,1243.50,1243.50,1242.50,1243.20,6222
1790061120,1243.20,1243.70,1243.20,1243.50,2024
1790061180,1243.50,1243.80,1242.90,1243.00,4823
1790061240,1243.10,1243.40,1242.20,1242.20,4746
1790061300,1242.40,1242.80,1242.00,1242.20,7781
1790061360,1242.10,1243.10,1242.00,1242.70,4035
1790061420,1242.60,1242.70,1242.20,1242.50,2759
1790061480,1242.50,1243.30,1242.40,1243.30,3066
1790061540,1242.70,1243.40,1242.10,1242.40,4246
1790061600,1242.10,1242.80,1242.10,1242.30,8585
1790061660,1242.70,1242.70,1242.00,1242.40,7867
1790061720,1242.60,1243.50,1242.30,1243.20,3274
1790061780,1243.50,1243.50,1242.40,1242.50,8780
1790061840,1242.50,1243.10,1242.30,1242.30,3037
1790061900,1242.70,1242.90,1242.00,1242.10,4614
1790061960,1242.10,1243.10,1242.00,1243.00,2425
1790062020,1242.90,1243.00,1242.20,1242.20,9542
1790062080,1242.20,1242.80,1242.00,1242.40,3776
1790062140,1242.40,1242.80,1242.20,1242.50,3413
1790062200,1242.40,1242.50,1242.00,1242.10,6308
1790062260,1242.10,1243.00,1242.10,1243.00,9661
1790062320,1243.00,1243.20,1242.20,1242.30,3998
1790062380,1242.30,1242.70,1242.20,1242.20,2086
1790062440,1242.20,1242.80,1242.20,1242.30,1236
1790062500,1242.40,1242.50,1242.20,1242.40,4346
1790062560,1242.40,1242.80,1242.40,1242.60,1573
1790062620,1242.60,1242.90,1242.50,1242.70,3648
1790062680,1242.70,1243.10,1242.70,1242.80,1804
1790062740,1242.80,1243.20,1242.70,1243.20,1353
1790062800,1242.90,1243.40,1242.90,1243.30,7210
1790062860,1243.40,1243.40,1242.70,1243.20,4396
1790062920,1243.40,1243.40,1243.20,1243.40,2238
1790062980,1243.50,1243.50,1242.90,1243.10,7042
1790063040,1243.20,1243.90,1243.20,1243.70,4977
1790063100,1243.90,1243.90,1243.20,1243.50,7107
1790063160,1243.70,1244.00,1243.40,1243.60,2843
1790063220,1243.60,1243.70,1243.40,1243.40,5649
1790063280,1243.50,1243.50,1243.20,1243.40,1393
1790063340,1243.90,1244.00,1243.40,1243.90,1622
1790063400,1243.90,1244.00,1242.60,1242.60,23435
1790063460,1242.60,1242.60,1242.20,1242.20,4092
1790063520,1242.30,1243.20,1242.20,1242.60,12978
1790063580,1243.20,1243.50,1242.70,1242.80,2012
1790063640,1242.80,1243.30,1242.50,1243.10,1884
1790063700,1243.10,1243.40,1243.10,1243.30,1211
1790063760,1243.30,1243.50,1243.20,1243.30,3175
1790063820,1243.40,1243.90,1243.30,1243.70,1134
1790063880,1243.90,1243.90,1243.70,1243.70,1251
1790063940,1243.70,1243.80,1243.70,1243.70,2078
1790064000,1243.70,1243.80,1243.70,1243.70,1188
1790064060,1243.70,1244.00,1243.70,1243.80,1482
1790064120,1243.80,1244.00,1243.80,1243.90,1799
1790064180,1243.90,1244.00,1243.30,1243.50,6655
1790064240,1243.50,1243.90,1243.50,1243.60,1824
1790064300,1243.70,1243.70,1243.10,1243.40,2974
1790064360,1243.50,1244.00,1243.10,1243.30,1653
1790064420,1243.30,1243.40,1243.10,1243.10,1564
1790064480,1243.40,1243.50,1242.40,1243.10,2973
1790064540,1242.50,1243.10,1242.50,1242.70,2645
1790064600,1242.70,1243.00,1242.70,1242.90,1484
1790064660,1243.20,1243.40,1242.70,1242.70,2878
1790064720,1242.70,1243.20,1242.70,1242.90,2392
1790064780,1242.40,1242.40,1242.00,1242.10,12204
1790064840,1242.10,1242.50,1242.10,1242.10,3959
1790064900,1242.10,1242.10,1240.90,1241.10,58943
1790064960,1241.10,1242.00,1241.10,1241.60,2317
1790065020,1241.60,1242.50,1241.60,1242.20,2123
1790065080,1242.20,1242.20,1241.30,1241.60,8770
1790065140,1241.60,1242.10,1241.40,1241.80,2155
1790065200,1242.00,1242.00,1241.20,1241.90,3072
1790065260,1242.00,1242.30,1241.90,1242.10,4116
1790065320,1242.10,1242.80,1242.00,1242.30,6895
1790065380,1242.30,1242.60,1241.30,1241.30,4155
1790065440,1241.50,1241.60,1241.00,1241.20,3890
1790065500,1241.40,1241.90,1241.10,1241.60,4046
1790065560,1241.40,1242.00,1240.90,1241.70,5876
1790065620,1241.70,1242.00,1241.50,1241.50,3867
1790065680,1241.50,1242.10,1241.00,1241.50,7683
1790065740,1241.50,1242.10,1241.40,1241.60,8206
1790065800,1241.60,1241.70,1240.80,1241.30,8096
1790065860,1241.30,1241.50,1240.80,1241.20,7448
1790065920,1241.50,1241.80,1240.90,1241.20,4548
1790065980,1241.20,1241.50,1240.70,1240.70,3064
1790066040,1240.90,1241.60,1240.80,1241.00,8240
1790066100,1241.00,1241.70,1240.80,1240.80,3511
1790066160,1240.80,1241.80,1240.50,1241.60,5259
1790066220,1241.70,1241.80,1241.40,1241.40,2255
1790066280,1241.40,1241.50,1241.00,1241.10,4285
1790066340,1241.10,1241.70,1241.10,1241.50,3706
1790066400,1241.80,1241.80,1241.40,1241.50,2705
1790066460,1241.50,1241.90,1241.20,1241.70,4018
1790066520,1241.70,1242.60,1241.20,1242.40,12859
1790066580,1242.70,1242.90,1241.40,1242.00,21090
1790066640,1241.90,1244.70,1241.40,1244.30,38108
1790066700,1244.90,1246.20,1244.20,1244.20,24509
1790066760,1244.50,1244.50,1243.20,1244.00,23269
1790066820,1243.80,1245.10,1243.80,1244.70,8640
1790066880,1245.20,1245.30,1243.70,1243.90,12650
1790066940,1243.90,1244.80,1243.90,1244.50,7539
1790067000,1244.60,1245.60,1244.50,1245.00,12257
1790067060,1244.80,1245.50,1244.20,1244.30,29750
1790067120,1244.40,1244.60,1244.10,1244.10,4417
1790067180,1244.30,1244.60,1244.30,1244.40,3833
1790067240,1243.90,1243.90,1242.60,1242.60,21541
1790067300,1242.60,1244.00,1242.60,1243.70,3646
1790067360,1243.70,1244.10,1243.00,1243.50,4978
1790067420,1243.90,1245.40,1243.40,1245.20,23199
1790067480,1245.00,1245.00,1243.70,1244.00,4523
1790067540,1244.00,1244.50,1243.70,1243.80,7377
1790067600,1244.00,1244.10,1243.30,1243.30,10279
1790067660,1243.30,1244.40,1243.00,1243.90,11296
1790067720,1244.40,1245.10,1244.10,1244.80,10852
1790067780,1244.80,1246.00,1244.80,1245.90,28068
1790067840,1245.90,1246.00,1244.20,1244.40,22491
1790067900,1244.40,1245.40,1244.40,1245.20,6529
1790067960,1245.20,1246.00,1245.10,1246.00,5534
1790068020,1245.60,1246.00,1245.10,1245.50,24823
1790068080,1245.90,1245.90,1244.70,1244.80,5786
1790068140,1244.70,1245.40,1244.70,1245.00,2551
1790068200,1245.20,1245.70,1245.00,1245.00,4661
1790068260,1244.80,1244.80,1243.90,1244.50,11561
1790068320,1244.30,1244.30,1243.20,1243.40,5224
1790068380,1243.40,1243.90,1243.40,1243.50,3828
1790068440,1243.50,1243.90,1243.10,1243.10,6359
1790068500,1243.10,1244.00,1243.00,1243.50,7218
1790068560,1243.50,1243.70,1243.30,1243.30,8273
1790068620,1243.30,1243.60,1243.10,1243.40,7206
1790068680,1243.40,1243.40,1243.00,1243.00,4036
1790068740,1243.00,1243.10,1242.60,1242.60,4832
1790068800,1242.60,1243.30,1242.40,1243.30,8936
1790068860,1243.10,1243.10,1242.20,1242.40,7900
1790068920,1242.50,1242.50,1241.30,1242.00,11442
1790068980,1242.00,1242.40,1241.00,1241.60,15076
1790069040,1241.90,1242.60,1241.10,1242.10,17711
1790069100,1242.20,1243.00,1241.60,1242.80,15047
1790069160,1242.80,1243.00,1241.70,1242.60,12115
1790069220,1242.90,1242.90,1242.10,1242.20,7860
1790069280,1242.00,1242.00,1241.50,1241.50,11362
1790069340,1241.50,1242.30,1241.20,1242.30,13492
1790069400,1242.10,1242.80,1242.10,1242.70,15497
1790069460,1242.70,1243.60,1242.10,1243.10,14015
1790069520,1243.00,1243.40,1242.80,1243.30,11580
1790069580,1242.90,1243.30,1242.80,1243.30,8202
1790069640,1243.40,1243.60,1243.20,1243.20,7523
1790069700,1243.20,1243.70,1243.10,1243.50,11098
1790069760,1243.60,1243.60,1243.20,1243.20,10897
1790069820,1242.70,1243.30,1242.70,1243.20,19693
1790069880,1243.20,1243.50,1242.70,1243.40,26705
1790069940,1243.20,1243.70,1242.70,1243.70,33268
1790070000,1243.80,1244.00,1243.30,1243.90,19158
1790070060,1243.90,1244.00,1243.30,1243.90,9787
1790070120,1244.00,1244.10,1243.00,1244.10,16589
1790070180,1244.20,1244.50,1243.40,1243.40,30173
1790070240,1243.20,1246.00,1243.20,1246.00,18675
1790070300,1246.00,1246.00,1246.00,1246.00,0
1790070360,1246.00,1246.00,1246.00,1246.00,0
1790070420,1246.00,1246.00,1246.00,1246.00,0
1790070480,1246.00,1246.00,1246.00,1246.00,0
1790070540,1246.00,1246.00,1246.00,1246.00,0
1790070600,1246.00,1246.00,1246.00,1246.00,0
1790070660,1246.00,1246.00,1246.00,1246.00,0
1790070720,1246.00,1246.00,1246.00,1246.00,0
1790070780,1246.00,1246.00,1246.00,1246.00,0
1790070840,1246.00,1246.00,1246.00,1246.00,0
1790070900,1246.00,1246.00,1246.00,1246.00,0
1790070960,1246.00,1246.00,1246.00,1246.00,0
1790071020,1246.00,1246.00,1246.00,1246.00,0
1790071080,1246.00,1246.00,1242.70,1242.70,105605
1790071140,1242.70,1242.70,1242.70,1242.70,0
1790135100,1242.20,1246.80,1238.90,1245.80,59019
1790135160,1245.70,1246.00,1243.70,1244.50,21284
1790135220,1244.50,1246.70,1244.50,1246.70,9350
1790135280,1247.00,1248.00,1246.80,1247.60,17450
1790135340,1247.60,1247.80,1247.40,1247.80,5222
1790135400,1247.80,1247.80,1246.50,1246.50,11355
1790135460,1246.80,1246.80,1246.50,1246.50,2815
1790135520,1246.60,1246.70,1246.10,1246.20,5247
1790135580,1246.10,1246.10,1245.40,1245.60,3468
1790135640,1245.60,1245.90,1245.00,1245.60,12136
1790135700,1245.90,1245.90,1244.10,1244.70,8757
1790135760,1244.10,1244.70,1243.50,1244.00,13813
1790135820,1244.00,1244.00,1243.90,1244.00,10542
1790135880,1244.00,1244.30,1243.70,1243.70,17047
1790135940,1243.70,1243.80,1243.00,1243.00,5060
1790136000,1243.00,1243.50,1243.00,1243.50,4517
1790136060,1243.50,1243.50,1242.80,1243.00,2182
1790136120,1243.10,1243.50,1243.10,1243.50,2725
1790136180,1243.50,1243.70,1243.10,1243.60,21896
1790136240,1243.60,1243.60,1241.60,1242.50,11041
1790136300,1242.90,1243.10,1242.30,1242.40,4662
1790136360,1242.40,1242.40,1241.60,1241.90,3065
1790136420,1241.90,1242.30,1241.70,1242.30,1016
1790136480,1242.10,1242.60,1242.10,1242.10,2006
1790136540,1242.40,1242.50,1241.80,1241.90,2857
1790136600,1241.90,1242.30,1241.90,1242.10,587
1790136660,1242.00,1242.30,1242.00,1242.10,499
1790136720,1242.30,1242.50,1242.10,1242.50,2026
1790136780,1242.50,1242.50,1242.10,1242.30,2662
1790136840,1242.30,1242.30,1242.00,1242.00,3737
1790136900,1242.20,1242.20,1242.00,1242.20,3015
1790136960,1242.20,1242.20,1242.10,1242.20,470
1790137020,1242.20,1242.20,1242.10,1242.20,1010
1790137080,1242.20,1242.20,1241.90,1241.90,4983
1790137140,1241.90,1242.00,1241.60,1241.70,1089
1790137200,1241.80,1242.10,1241.50,1241.80,3566
1790137260,1241.80,1242.10,1241.60,1241.60,2451
1790137320,1241.80,1242.00,1241.60,1241.80,905
1790137380,1241.90,1241.90,1241.10,1241.10,3669
1790137440,1241.20,1241.20,1240.30,1240.50,6084
1790137500,1240.90,1241.80,1240.90,1241.80,5880
1790137560,1241.80,1243.50,1241.80,1243.50,18356
1790137620,1243.60,1245.80,1243.60,1245.50,24651
1790137680,1245.50,1245.70,1244.90,1245.50,4433
1790137740,1245.60,1247.00,1245.50,1247.00,5682
1790137800,1246.90,1247.30,1246.90,1247.00,7883
1790137860,1247.00,1247.30,1246.90,1246.90,2780
1790137920,1247.00,1247.00,1246.20,1246.70,1844
1790137980,1246.70,1246.90,1246.30,1246.60,2538
1790138040,1246.60,1246.80,1246.60,1246.60,1390
1790138100,1246.70,1247.30,1246.60,1247.30,8750
1790138160,1247.30,1247.50,1246.80,1247.00,2401
1790138220,1247.00,1247.00,1246.60,1246.60,1177
1790138280,1246.80,1246.90,1246.40,1246.40,4301
1790138340,1246.40,1246.90,1246.40,1246.80,1116
1790138400,1246.80,1246.80,1246.30,1246.70,4155
1790138460,1246.70,1246.70,1245.50,1245.50,4615
1790138520,1245.80,1246.00,1245.50,1245.70,1279
1790138580,1245.80,1246.30,1245.70,1246.20,1948
1790138640,1246.30,1246.40,1245.60,1245.80,2771
1790138700,1246.30,1246.80,1246.10,1246.80,2722
1790138760,1246.50,1246.80,1246.50,1246.70,685
1790138820,1246.60,1247.40,1246.60,1247.40,6336
1790138880,1247.30,1247.40,1247.20,1247.20,1159
1790138940,1247.30,1247.30,1247.20,1247.30,1040
1790139000,1247.00,1247.50,1247.00,1247.30,3135
1790139060,1247.30,1247.80,1247.00,1247.40,2993
1790139120,1247.80,1247.80,1247.20,1247.40,2540
1790139180,1247.40,1247.60,1247.20,1247.60,1059
1790139240,1247.60,1247.60,1247.20,1247.30,5007
1790139300,1247.30,1247.60,1247.10,1247.10,2622
1790139360,1247.50,1247.70,1247.10,1247.70,2102
1790139420,1247.70,1247.70,1247.60,1247.70,1541
1790139480,1247.60,1248.00,1247.50,1247.50,4667
1790139540,1247.90,1247.90,1247.50,1247.60,2766
1790139600,1247.60,1247.80,1247.50,1247.60,4156
1790139660,1247.20,1247.60,1247.00,1247.30,3787
1790139720,1247.00,1247.70,1247.00,1247.20,5289
1790139780,1247.50,1247.60,1246.50,1247.40,3824
1790139840,1247.60,1247.90,1247.40,1247.60,1763
1790139900,1247.60,1247.60,1246.80,1246.90,5317
1790139960,1247.00,1247.10,1246.40,1246.40,2468
1790140020,1246.80,1247.20,1246.70,1247.10,2571
1790140080,1247.00,1247.60,1246.80,1247.60,1755
1790140140,1247.60,1248.00,1247.50,1247.50,3713
1790140200,1247.50,1247.50,1246.80,1246.80,2985
1790140260,1247.30,1247.40,1246.60,1246.60,3884
1790140320,1246.30,1246.30,1245.70,1245.90,5110
1790140380,1245.90,1246.40,1245.60,1246.00,4225
1790140440,1246.00,1246.80,1245.80,1246.80,20483
1790140500,1246.40,1247.00,1246.40,1246.90,5630
1790140560,1246.90,1247.00,1246.60,1246.60,1390
1790140620,1246.70,1246.80,1246.20,1246.30,1938
1790140680,1246.70,1247.00,1246.50,1246.90,837
1790140740,1246.80,1247.10,1246.60,1246.80,3096
1790140800,1246.40,1246.90,1246.40,1246.90,1496
1790140860,1246.80,1247.10,1246.60,1247.00,1905
1790140920,1247.00,1247.60,1246.70,1247.60,11654
1790140980,1247.60,1248.10,1247.20,1248.10,4917
1790141040,1248.10,1248.40,1246.50,1246.70,5822
1790141100,1246.90,1247.60,1246.70,1247.20,3274
1790141160,1247.20,1247.70,1247.00,1247.50,2608
1790141220,1247.60,1248.00,1247.30,1247.80,2240
1790141280,1247.80,1247.80,1247.00,1247.00,2551
1790141340,1247.30,1247.60,1246.90,1246.90,2004
1790141400,1246.60,1247.10,1246.50,1247.00,2590
1790141460,1247.00,1247.40,1246.60,1247.40,1371
1790141520,1247.10,1248.00,1247.10,1247.50,11524
1790141580,1247.60,1247.60,1247.00,1247.00,2164
1790141640,1247.10,1247.20,1246.40,1246.40,2893
1790141700,1246.80,1247.90,1246.40,1247.90,7143
1790141760,1248.20,1251.00,1248.20,1251.00,35519
1790141820,1251.00,1251.00,1250.10,1250.70,9723
1790141880,1250.70,1250.70,1249.50,1250.30,15850
1790141940,1250.30,1250.40,1249.80,1250.40,3124
1790142000,1250.10,1250.80,1249.60,1250.50,15349
1790142060,1250.70,1250.80,1250.00,1250.30,7928
1790142120,1250.30,1251.00,1250.00,1251.00,19082
1790142180,1251.00,1251.80,1250.90,1251.20,13535
1790142240,1251.50,1251.50,1250.40,1251.10,9082
1790142300,1251.10,1251.60,1250.70,1251.60,4920
1790142360,1251.50,1252.00,1251.10,1252.00,12601
1790142420,1251.90,1252.00,1248.50,1249.10,14819
1790142480,1249.10,1249.60,1248.70,1249.60,5203
1790142540,1249.50,1249.70,1249.20,1249.20,2580
1790142600,1249.00,1249.80,1248.80,1249.70,12117
1790142660,1249.70,1249.80,1248.50,1249.00,7343
1790142720,1248.60,1249.10,1248.20,1248.30,5337
1790142780,1248.30,1248.80,1248.30,1248.80,1495
1790142840,1248.70,1249.30,1248.70,1249.30,3555
1790142900,1249.30,1249.60,1248.80,1249.60,2449
1790142960,1249.60,1249.60,1249.00,1249.00,3603
1790143020,1249.00,1249.40,1248.70,1249.00,4233
1790143080,1249.00,1249.00,1248.40,1248.80,4506
1790143140,1248.80,1249.00,1248.70,1248.90,1971
1790143200,1248.80,1249.40,1248.70,1248.90,2263
1790143260,1248.70,1249.00,1248.50,1248.80,1859
1790143320,1248.60,1249.00,1248.60,1249.00,2185
1790143380,1249.00,1249.50,1248.70,1249.50,1511
1790143440,1249.50,1249.60,1249.00,1249.40,1580
1790143500,1249.40,1249.40,1248.60,1249.20,5367
1790143560,1249.20,1249.20,1248.60,1249.20,1569
1790143620,1249.20,1249.30,1248.60,1248.80,1267
1790143680,1248.60,1249.00,1248.30,1248.80,3515
1790143740,1248.90,1249.10,1248.50,1248.70,1356
1790143800,1248.90,1248.90,1248.50,1248.70,2032
1790143860,1248.70,1249.40,1248.20,1249.20,9140
1790143920,1249.20,1249.20,1248.70,1249.10,2284
1790143980,1249.10,1249.20,1248.40,1249.10,3235
1790144040,1249.00,1249.00,1248.60,1249.00,1571
1790144100,1249.00,1249.10,1248.40,1248.60,5323
1790144160,1248.60,1248.70,1247.70,1248.00,4070
1790144220,1248.00,1248.00,1247.00,1247.40,21993
1790144280,1247.40,1247.40,1246.50,1246.70,6167
1790144340,1246.60,1246.70,1245.40,1245.40,13358
1790144400,1245.80,1246.00,1245.00,1245.30,5490
1790144460,1245.30,1246.00,1245.00,1245.40,5816
1790144520,1245.40,1245.90,1245.40,1245.70,1433
1790144580,1245.60,1245.90,1245.50,1245.50,2075
1790144640,1245.90,1245.90,1245.50,1245.70,1640
1790144700,1245.80,1245.80,1244.40,1244.90,7167
1790144760,1245.00,1245.00,1243.70,1244.20,9177
1790144820,1244.20,1244.30,1243.60,1243.90,6470
1790144880,1243.90,1244.50,1243.60,1243.90,48597
1790144940,1243.80,1245.60,1243.80,1245.50,30226
1790145000,1245.50,1245.60,1245.00,1245.50,1137
1790145060,1245.50,1246.00,1245.30,1246.00,1805
1790145120,1246.00,1246.20,1245.20,1245.90,3280
1790145180,1245.40,1246.00,1245.20,1245.80,2888
1790145240,1245.80,1245.90,1245.30,1245.70,1390
1790145300,1245.70,1246.00,1245.20,1245.40,2948
1790145360,1245.20,1245.90,1245.10,1245.50,4290
1790145420,1245.90,1246.00,1244.20,1245.10,23605
1790145480,1245.00,1245.30,1244.10,1244.60,11400
1790145540,1244.40,1245.10,1244.30,1245.10,2669
1790145600,1245.00,1245.70,1244.60,1245.30,31040
1790145660,1245.30,1245.50,1245.10,1245.50,1663
1790145720,1245.60,1245.70,1245.50,1245.70,1698
1790145780,1245.70,1246.60,1245.60,1246.60,5505
1790145840,1246.70,1247.00,1246.40,1246.80,4744
1790145900,1246.80,1247.20,1246.40,1246.80,9002
1790145960,1246.90,1247.10,1246.30,1247.00,15268
1790146020,1247.00,1247.40,1246.70,1247.10,3649
1790146080,1247.10,1247.50,1246.80,1247.20,1734
1790146140,1247.40,1248.00,1247.00,1248.00,2626
1790146200,1248.00,1248.50,1248.00,1248.40,4495
1790146260,1248.40,1248.40,1247.50,1247.90,4582
1790146320,1247.90,1247.90,1246.80,1247.00,5143
1790146380,1247.00,1247.70,1246.70,1247.20,4429
1790146440,1247.20,1247.70,1246.60,1247.60,3411
1790146500,1247.60,1247.60,1246.70,1247.00,4229
1790146560,1247.30,1247.50,1246.70,1247.20,4806
1790146620,1247.10,1247.70,1246.90,1247.20,4441
1790146680,1247.60,1247.80,1247.20,1247.60,3493
1790146740,1247.60,1247.60,1246.10,1247.00,14792
1790146800,1247.00,1247.50,1246.30,1246.40,2915
1790146860,1246.50,1246.70,1245.60,1246.20,7324
1790146920,1246.20,1247.90,1245.70,1247.60,13793
1790146980,1247.90,1248.20,1247.30,1248.00,5944
1790147040,1248.00,1248.50,1247.90,1248.50,2479
1790147100,1248.50,1249.00,1248.10,1248.80,5276
1790147160,1248.70,1248.80,1248.00,1248.40,3814
1790147220,1248.40,1248.50,1247.50,1248.10,2957
1790147280,1248.10,1248.10,1247.50,1247.90,1858
1790147340,1247.90,1248.20,1247.70,1247.90,1581
1790147400,1248.20,1248.40,1247.90,1248.20,1864
1790147460,1248.00,1248.90,1248.00,1248.90,6175
1790147520,1248.90,1248.90,1248.30,1248.50,4244
1790147580,1248.50,1248.70,1248.20,1248.50,3260
1790147640,1248.40,1249.20,1248.10,1249.00,34569
1790147700,1248.90,1249.20,1247.90,1248.90,8438
1790147760,1249.00,1249.00,1247.40,1247.80,5002
1790147820,1247.80,1247.80,1246.90,1247.40,4188
1790147880,1247.40,1247.60,1247.10,1247.40,1679
1790147940,1247.40,1247.60,1247.00,1247.40,1735
1790148000,1247.40,1247.50,1247.00,1247.50,2900
1790148060,1247.30,1248.50,1247.30,1248.50,3530
1790148120,1248.40,1248.40,1247.50,1247.80,7089
1790148180,1247.80,1248.00,1247.50,1247.70,7220
1790148240,1247.70,1247.90,1247.50,1247.80,5226
1790148300,1247.90,1248.00,1247.50,1247.80,4323
1790148360,1247.50,1248.00,1247.50,1248.00,15130
1790148420,1248.00,1248.10,1247.70,1248.10,2020
1790148480,1248.10,1248.30,1247.80,1248.20,3974
1790148540,1248.20,1248.20,1247.70,1248.10,3543
1790148600,1248.10,1248.40,1247.80,1248.40,5386
1790148660,1248.30,1248.30,1247.80,1248.00,2975
1790148720,1248.00,1248.10,1247.60,1248.10,11703
1790148780,1247.80,1248.10,1247.50,1247.60,2764
1790148840,1247.70,1247.70,1247.10,1247.40,1615
1790148900,1247.00,1247.40,1246.30,1246.70,5182
1790148960,1246.40,1247.60,1246.40,1247.50,4668
1790149020,1247.50,1248.30,1247.20,1248.20,1114
1790149080,1248.20,1248.60,1247.80,1248.60,2728
1790149140,1248.60,1248.60,1247.40,1247.90,2099
1790149200,1247.90,1247.90,1245.90,1246.00,17764
1790149260,1246.00,1246.00,1245.60,1246.00,14924
1790149320,1246.20,1246.90,1246.00,1246.80,15143
1790149380,1246.80,1246.80,1246.10,1246.50,4651
1790149440,1246.50,1246.90,1246.10,1246.90,4148
1790149500,1246.70,1247.00,1246.50,1247.00,5756
1790149560,1247.00,1247.20,1246.60,1247.00,1660
1790149620,1246.60,1247.10,1246.60,1246.70,866
1790149680,1246.70,1247.10,1246.50,1246.70,15872
1790149740,1246.70,1246.70,1246.20,1246.50,2306
1790149800,1246.50,1246.50,1245.90,1246.00,1889
1790149860,1245.90,1246.00,1245.80,1245.90,1028
1790149920,1245.90,1246.00,1245.70,1246.00,1926
1790149980,1246.00,1246.80,1245.80,1246.80,27256
1790150040,1246.70,1247.30,1246.70,1247.20,5971
1790150100,1247.20,1247.40,1247.10,1247.10,1459
1790150160,1247.40,1247.50,1247.10,1247.40,1107
1790150220,1247.40,1247.50,1247.10,1247.20,2220
1790150280,1247.20,1247.50,1247.20,1247.40,1876
1790150340,1247.60,1247.60,1246.60,1246.90,4438
1790150400,1247.00,1247.10,1246.40,1246.90,3390
1790150460,1246.70,1246.90,1246.70,1246.70,544
1790150520,1246.90,1247.20,1245.30,1245.50,4330
1790150580,1245.50,1246.50,1245.30,1245.90,3029
1790150640,1245.90,1246.10,1244.60,1244.70,7827
1790150700,1245.00,1245.00,1244.10,1244.10,1785
1790150760,1244.40,1244.80,1243.80,1244.60,17281
1790150820,1244.80,1245.50,1244.60,1245.50,4737
1790150880,1245.10,1245.50,1245.10,1245.10,986
1790150940,1245.40,1245.40,1245.10,1245.10,1132
1790151000,1245.20,1245.50,1245.10,1245.50,1485
1790151060,1245.50,1245.50,1245.30,1245.50,1791
1790151120,1245.50,1245.50,1244.70,1245.00,3632
1790151180,1245.30,1245.50,1244.70,1244.90,2265
1790151240,1245.00,1245.70,1244.80,1245.70,8598
1790151300,1245.90,1246.20,1245.70,1246.20,3421
1790151360,1246.00,1246.00,1245.70,1246.00,1448
1790151420,1246.00,1246.30,1245.60,1246.10,4989
1790151480,1246.10,1246.10,1245.40,1245.70,1649
1790151540,1245.70,1246.10,1245.60,1245.70,1053
1790151600,1245.80,1246.00,1245.70,1246.00,2263
1790151660,1246.00,1246.00,1245.80,1245.80,801
1790151720,1245.80,1245.80,1245.40,1245.60,1782
1790151780,1245.40,1245.60,1245.20,1245.50,2179
1790151840,1245.50,1245.50,1245.20,1245.40,1001
1790151900,1245.40,1245.50,1245.10,1245.10,1924
1790151960,1245.40,1245.40,1245.00,1245.30,2735
1790152020,1245.30,1245.30,1244.80,1245.00,1453
1790152080,1245.00,1245.20,1245.00,1245.20,1229
1790152140,1245.20,1245.40,1245.10,1245.40,3269
1790152200,1245.50,1245.50,1245.20,1245.50,2930
1790152260,1245.20,1245.50,1245.20,1245.30,1123
1790152320,1245.30,1245.50,1245.30,1245.50,953
1790152380,1245.50,1245.80,1245.50,1245.80,16294
1790152440,1245.80,1246.40,1245.60,1246.00,4059
1790152500,1246.00,1246.00,1245.80,1246.00,776
1790152560,1246.00,1246.30,1245.80,1246.30,1310
1790152620,1246.30,1246.50,1245.90,1246.00,2297
1790152680,1246.30,1246.30,1246.00,1246.20,976
1790152740,1246.20,1246.40,1246.10,1246.40,1046
1790152800,1246.40,1247.00,1246.20,1247.00,1564
1790152860,1247.00,1247.00,1246.70,1247.00,1004
1790152920,1246.70,1247.00,1246.70,1247.00,1700
1790152980,1247.00,1247.00,1246.70,1246.70,1399
1790153040,1247.00,1247.00,1246.30,1246.80,3696
1790153100,1246.40,1246.80,1246.40,1246.80,1083
1790153160,1246.80,1247.00,1246.70,1246.90,2356
1790153220,1246.90,1247.00,1246.40,1246.70,11044
1790153280,1246.70,1246.80,1246.40,1246.80,916
1790153340,1246.80,1246.80,1246.60,1246.80,851
1790153400,1246.80,1246.80,1246.20,1246.20,2686
1790153460,1246.60,1246.60,1246.20,1246.50,980
1790153520,1246.50,1246.50,1246.20,1246.50,720
1790153580,1246.50,1247.40,1246.20,1247.40,3099
1790153640,1247.40,1247.50,1247.00,1247.10,2489
1790153700,1247.10,1247.10,1246.70,1246.70,1037
1790153760,1246.90,1246.90,1246.20,1246.80,4308
1790153820,1246.70,1246.90,1245.90,1246.10,4717
1790153880,1246.10,1246.30,1246.00,1246.30,2802
1790153940,1246.30,1246.40,1245.80,1246.40,2330
1790154000,1246.40,1246.40,1246.10,1246.30,987
1790154060,1246.10,1246.20,1245.20,1245.50,14961
1790154120,1245.40,1245.80,1245.20,1245.30,4327
1790154180,1245.30,1245.70,1244.70,1245.00,12157
1790154240,1245.00,1245.20,1244.60,1244.60,2926
1790154300,1244.60,1245.00,1244.50,1244.50,3271
1790154360,1244.50,1245.20,1244.50,1244.70,3467
1790154420,1245.00,1245.10,1244.70,1245.10,1439
1790154480,1245.30,1245.30,1244.90,1245.30,3398
1790154540,1245.00,1245.50,1245.00,1245.00,4986
1790154600,1245.20,1245.60,1245.20,1245.40,1905
1790154660,1245.40,1245.40,1244.80,1245.00,3859
1790154720,1245.00,1245.60,1244.80,1244.90,4235
1790154780,1244.90,1245.00,1244.50,1245.00,1682
1790154840,1244.60,1245.00,1244.50,1244.50,4686
1790154900,1244.80,1244.90,1244.10,1244.40,3907
1790154960,1244.10,1244.40,1243.90,1243.90,6642
1790155020,1243.90,1244.00,1243.60,1244.00,7673
1790155080,1243.70,1244.40,1243.70,1244.30,9531
1790155140,1244.10,1244.70,1244.10,1244.60,5244
1790155200,1244.30,1244.60,1243.70,1244.60,13125
1790155260,1244.20,1245.40,1244.10,1245.30,6997
1790155320,1245.00,1245.60,1244.80,1245.10,9467
1790155380,1244.80,1245.80,1244.60,1245.70,10925
1790155440,1245.30,1245.90,1244.90,1245.40,7150
1790155500,1245.10,1245.50,1244.90,1245.30,6251
1790155560,1245.00,1245.80,1244.70,1245.60,48017
1790155620,1245.60,1245.90,1245.30,1245.80,9554
1790155680,1245.60,1246.30,1245.60,1246.10,10200
1790155740,1246.10,1246.50,1245.80,1246.30,13945
1790155800,1246.20,1246.80,1245.80,1246.10,23090
1790155860,1246.20,1246.20,1244.30,1244.50,9751
1790155920,1244.80,1244.80,1244.20,1244.60,4965
1790155980,1244.60,1244.60,1244.50,1244.50,2422
1790156040,1244.50,1244.60,1244.10,1244.20,9110
1790156100,1244.30,1244.30,1243.50,1243.50,7237
1790156160,1243.70,1244.80,1243.70,1244.30,20544
1790156220,1244.60,1244.70,1244.10,1244.70,5173
1790156280,1244.70,1245.00,1244.60,1245.00,3116
1790156340,1245.00,1245.00,1244.30,1244.50,4661
1790156400,1244.20,1245.00,1243.80,1244.80,12878
1790156460,1244.70,1245.20,1244.50,1245.00,11337
1790156520,1245.00,1245.30,1244.50,1245.00,18132
1790156580,1245.20,1246.10,1245.10,1246.10,26245
1790156640,1245.50,1247.00,1243.10,1247.00,17792
1790156700,1247.00,1247.00,1247.00,1247.00,167
1790156760,1247.00,1247.00,1247.00,1247.00,0
1790156820,1247.00,1247.00,1247.00,1247.00,0
1790156880,1247.00,1247.00,1247.00,1247.00,0
1790156940,1247.00,1247.00,1247.00,1247.00,0
1790157000,1247.00,1247.00,1247.00,1247.00,0
1790157060,1247.00,1247.00,1247.00,1247.00,0
1790157120,1247.00,1247.00,1247.00,1247.00,0
1790157180,1247.00,1247.00,1247.00,1247.00,0
1790157240,1247.00,1247.00,1247.00,1247.00,0
1790157300,1247.00,1247.00,1247.00,1247.00,0
1790157360,1247.00,1247.00,1247.00,1247.00,0
1790157420,1247.00,1247.00,1247.00,1247.00,0
1790157480,1247.00,1247.00,1247.00,1247.00,0
1790157540,1247.00,1247.00,1243.20,1243.20,132392
1790221500,1225.20,1225.20,1210.00,1212.30,215017
1790221560,1213.30,1213.30,1201.80,1206.00,219420
1790221620,1206.20,1210.20,1203.80,1204.00,191411
1790221680,1203.50,1204.60,1200.20,1200.70,172120
1790221740,1200.70,1201.60,1193.40,1193.90,202438
1790221800,1193.40,1195.50,1190.60,1195.10,124733
1790221860,1195.60,1201.40,1195.10,1199.60,146777
1790221920,1198.80,1200.20,1197.40,1200.00,74185
1790221980,1199.90,1202.90,1199.00,1201.80,92140
1790222040,1202.30,1202.50,1200.40,1200.90,102538
1790222100,1200.80,1201.80,1200.20,1201.70,21385
1790222160,1201.30,1202.40,1198.60,1199.20,104467
1790222220,1199.00,1199.60,1197.20,1199.40,39784
1790222280,1199.20,1200.60,1199.20,1199.90,29746
1790222340,1199.70,1200.20,1198.50,1198.90,49708
1790222400,1198.90,1199.70,1198.20,1199.20,20645
1790222460,1198.60,1199.30,1198.00,1198.70,25850
1790222520,1198.30,1199.20,1197.30,1198.50,19606
1790222580,1198.30,1198.30,1194.50,1195.00,85151
1790222640,1195.20,1197.70,1194.70,1197.50,31567
1790222700,1197.30,1199.20,1197.10,1198.00,24314
1790222760,1198.10,1199.20,1197.60,1199.20,39800
1790222820,1198.80,1199.80,1198.50,1199.80,16456
1790222880,1199.70,1199.70,1197.70,1197.80,17196
1790222940,1198.20,1199.10,1197.00,1197.40,19524
1790223000,1198.10,1199.70,1198.00,1199.10,18119
1790223060,1199.10,1199.50,1197.20,1198.70,11520
1790223120,1198.70,1200.30,1198.30,1199.90,20665
1790223180,1199.90,1199.90,1198.50,1199.00,17875
1790223240,1198.90,1199.00,1197.30,1197.70,18245
1790223300,1197.80,1199.90,1197.10,1199.40,41625
1790223360,1200.00,1200.10,1199.00,1200.10,23126
1790223420,1200.00,1201.40,1199.60,1200.20,35256
1790223480,1200.00,1201.00,1199.90,1200.40,49309
1790223540,1200.40,1201.40,1200.00,1200.80,32149
1790223600,1200.80,1202.20,1200.50,1201.60,73962
1790223660,1201.60,1202.00,1201.00,1201.10,16101
1790223720,1201.10,1202.60,1201.00,1201.10,71514
1790223780,1200.90,1201.10,1199.20,1200.10,26009
1790223840,1199.90,1200.90,1199.90,1200.80,38304
1790223900,1200.60,1201.00,1199.60,1200.00,13607
1790223960,1199.90,1200.20,1199.80,1200.20,12405
1790224020,1200.20,1201.30,1200.00,1200.10,9798
1790224080,1200.00,1200.40,1200.00,1200.30,9595
1790224140,1200.20,1200.20,1199.60,1200.00,7037
1790224200,1200.20,1200.30,1200.00,1200.20,5148
1790224260,1200.20,1200.30,1200.00,1200.10,4810
1790224320,1200.20,1200.90,1200.10,1200.40,12590
1790224380,1200.30,1200.90,1200.30,1200.90,8043
1790224440,1200.80,1201.50,1200.80,1201.20,26421
1790224500,1201.20,1202.30,1201.10,1202.00,39944
1790224560,1202.00,1202.00,1200.20,1200.50,24729
1790224620,1200.50,1201.30,1200.50,1200.70,6810
1790224680,1200.70,1201.40,1200.70,1201.30,5003
1790224740,1201.30,1201.90,1201.10,1201.30,18946
1790224800,1201.30,1201.30,1200.50,1200.60,10051
1790224860,1199.50,1199.80,1198.30,1198.30,46522
1790224920,1198.20,1198.40,1197.00,1198.00,30539
1790224980,1197.60,1198.00,1196.00,1196.50,22293
1790225040,1196.30,1196.60,1195.60,1196.40,25255
1790225100,1196.40,1196.60,1195.30,1195.60,20075
1790225160,1195.60,1195.70,1194.40,1194.90,36310
1790225220,1194.90,1195.00,1193.60,1193.90,31036
1790225280,1193.90,1194.80,1193.40,1193.50,32905
1790225340,1193.50,1196.20,1193.30,1196.20,32561
1790225400,1196.20,1196.80,1196.10,1196.50,11387
1790225460,1196.50,1196.90,1196.20,1196.70,10236
1790225520,1196.70,1196.70,1195.70,1195.70,11233
1790225580,1196.00,1196.50,1195.50,1196.10,11735
1790225640,1196.00,1196.70,1196.00,1196.10,6265
1790225700,1196.10,1196.60,1195.60,1196.50,9105
1790225760,1196.50,1198.80,1195.90,1198.00,30307
1790225820,1198.00,1198.30,1197.50,1197.70,8820
1790225880,1197.50,1197.70,1197.00,1197.10,7471
1790225940,1197.10,1197.80,1197.10,1197.30,8245
1790226000,1197.30,1197.80,1197.30,1197.40,7322
1790226060,1197.40,1198.20,1197.10,1198.10,8863
1790226120,1198.00,1198.20,1197.90,1198.10,2844
1790226180,1197.80,1199.20,1196.60,1199.20,80995
1790226240,1199.20,1199.50,1196.90,1198.40,42618
1790226300,1197.80,1199.20,1197.50,1197.60,24424
1790226360,1197.50,1199.20,1197.40,1198.60,10816
1790226420,1199.10,1200.10,1198.00,1198.00,70044
1790226480,1198.10,1198.10,1197.30,1197.30,14731
1790226540,1197.40,1197.70,1196.60,1197.00,14182
1790226600,1197.00,1197.10,1196.30,1196.60,15658
1790226660,1196.30,1196.60,1195.30,1195.50,19914
1790226720,1195.70,1196.00,1195.10,1195.50,17479
1790226780,1195.60,1195.70,1194.10,1195.30,17049
1790226840,1195.00,1195.90,1194.80,1195.50,15459
1790226900,1195.90,1195.90,1195.30,1195.90,6126
1790226960,1195.30,1195.90,1194.50,1194.80,21190
1790227020,1194.30,1195.20,1194.30,1195.00,9976
1790227080,1194.50,1195.00,1194.00,1194.60,24716
1790227140,1194.60,1195.50,1193.50,1195.50,23548
1790227200,1195.50,1196.60,1195.30,1196.50,11261
1790227260,1196.30,1197.30,1195.50,1196.10,8472
1790227320,1196.00,1196.60,1195.60,1196.60,10992
1790227380,1196.30,1196.90,1196.10,1196.40,5508
1790227440,1196.30,1196.70,1196.20,1196.30,6983
1790227500,1196.30,1196.90,1196.10,1196.60,5176
1790227560,1196.60,1196.90,1195.90,1196.50,10669
1790227620,1196.50,1196.50,1196.10,1196.30,4503
1790227680,1196.00,1196.30,1195.80,1196.30,5168
1790227740,1196.40,1196.50,1196.10,1196.20,4673
1790227800,1196.10,1196.40,1194.70,1194.80,16838
1790227860,1194.50,1195.00,1194.10,1194.70,14194
1790227920,1194.70,1194.80,1194.20,1194.60,8266
1790227980,1194.40,1195.00,1193.70,1195.00,23319
1790228040,1194.90,1196.40,1194.80,1196.20,10067
1790228100,1195.80,1195.90,1195.00,1195.30,7456
1790228160,1195.00,1195.00,1194.40,1194.80,8017
1790228220,1195.00,1195.30,1194.80,1195.10,6736
1790228280,1195.30,1195.40,1193.80,1194.20,16999
1790228340,1194.10,1194.50,1193.70,1193.80,8274
1790228400,1193.70,1194.60,1193.50,1194.40,10655
1790228460,1194.20,1194.90,1194.10,1194.40,5453
1790228520,1194.20,1195.10,1193.30,1193.50,24608
1790228580,1193.60,1194.00,1193.20,1193.50,12555
1790228640,1193.50,1193.50,1193.00,1193.50,13897
1790228700,1193.30,1195.80,1193.30,1195.70,15945
1790228760,1195.40,1195.50,1194.00,1194.90,12060
1790228820,1194.70,1196.70,1194.40,1196.00,52094
1790228880,1195.80,1196.50,1195.70,1195.90,19854
1790228940,1195.90,1196.60,1195.30,1196.60,19779
1790229000,1196.50,1197.70,1195.90,1196.20,31179
1790229060,1196.10,1196.50,1196.00,1196.40,6244
1790229120,1196.20,1196.80,1196.20,1196.70,10614
1790229180,1196.50,1196.70,1196.40,1196.60,6064
1790229240,1196.50,1197.20,1196.50,1197.00,19860
1790229300,1197.00,1197.10,1197.00,1197.00,44115
1790229360,1197.10,1197.10,1196.50,1197.10,22585
1790229420,1197.10,1198.00,1197.00,1197.50,33723
1790229480,1197.10,1197.30,1196.10,1196.50,23515
1790229540,1196.10,1196.80,1196.10,1196.60,11265
1790229600,1196.50,1197.00,1196.40,1196.40,10309
1790229660,1196.50,1196.60,1196.20,1196.20,6658
1790229720,1196.30,1196.40,1195.00,1195.60,25504
1790229780,1195.90,1195.90,1194.60,1195.20,80832
1790229840,1195.20,1195.30,1194.50,1194.80,8918
1790229900,1194.80,1195.10,1194.60,1195.00,10146
1790229960,1194.90,1195.00,1194.60,1194.90,6763
1790230020,1194.80,1195.00,1194.40,1195.00,17380
1790230080,1195.00,1195.00,1194.40,1194.50,10615
1790230140,1194.70,1194.70,1193.50,1193.90,16361
1790230200,1193.70,1194.00,1193.40,1193.70,7195
1790230260,1193.60,1193.80,1193.60,1193.70,8322
1790230320,1193.60,1194.20,1193.60,1194.20,13135
1790230380,1193.90,1194.40,1193.20,1193.60,16826
1790230440,1193.50,1194.00,1193.10,1193.30,22103
1790230500,1193.20,1193.40,1193.00,1193.20,7978
1790230560,1193.10,1193.20,1191.00,1191.50,40980
1790230620,1191.20,1191.80,1191.20,1191.60,9616
1790230680,1191.60,1193.10,1191.20,1193.10,20823
1790230740,1192.60,1192.60,1191.20,1191.60,23900
1790230800,1191.20,1191.60,1191.10,1191.50,8465
1790230860,1191.30,1191.50,1191.00,1191.10,14459
1790230920,1191.10,1191.40,1190.30,1190.40,29302
1790230980,1190.60,1190.70,1190.30,1190.60,12291
1790231040,1190.50,1191.10,1190.50,1191.00,12478
1790231100,1191.00,1191.00,1190.70,1190.80,14811
1790231160,1190.70,1191.00,1190.50,1190.90,17268
1790231220,1190.60,1191.00,1190.60,1191.00,10200
1790231280,1190.60,1191.10,1190.50,1190.80,13248
1790231340,1191.10,1191.10,1190.20,1190.20,11860
1790231400,1190.40,1190.60,1189.20,1190.00,62743
1790231460,1190.20,1190.70,1189.90,1190.60,9743
1790231520,1190.60,1190.60,1189.30,1189.60,21633
1790231580,1189.00,1190.00,1188.50,1189.10,65985
1790231640,1189.10,1189.20,1188.60,1189.00,39513
1790231700,1189.50,1189.80,1188.20,1188.70,34277
1790231760,1188.20,1188.30,1187.60,1188.00,26360
1790231820,1188.00,1188.00,1186.70,1187.00,30855
1790231880,1187.00,1187.40,1186.30,1187.40,80854
1790231940,1187.30,1187.90,1187.00,1187.50,9378
1790232000,1187.50,1188.50,1187.00,1188.00,19375
1790232060,1188.10,1188.30,1187.50,1187.60,11240
1790232120,1187.60,1187.80,1187.00,1187.20,18921
1790232180,1187.20,1187.50,1187.10,1187.30,12973
1790232240,1187.30,1187.70,1186.50,1186.70,17220
1790232300,1186.60,1187.00,1186.40,1187.00,17069
1790232360,1187.00,1187.00,1185.50,1186.00,22021
1790232420,1185.90,1186.00,1185.30,1185.50,12820
1790232480,1185.50,1185.90,1185.30,1185.40,20043
1790232540,1185.40,1185.60,1185.10,1185.40,12628
1790232600,1185.40,1185.80,1183.50,1183.80,38662
1790232660,1183.80,1183.80,1182.10,1182.70,44122
1790232720,1182.70,1184.40,1182.40,1184.10,20268
1790232780,1184.00,1184.10,1183.00,1183.80,21171
1790232840,1183.80,1184.70,1183.60,1184.40,14096
1790232900,1184.40,1185.00,1183.10,1183.20,22958
1790232960,1183.40,1184.50,1183.20,1184.10,22816
1790233020,1183.90,1185.80,1183.80,1185.80,20684
1790233080,1185.90,1187.40,1185.50,1186.30,71917
1790233140,1186.80,1186.80,1185.50,1185.80,21740
1790233200,1186.00,1186.80,1185.80,1186.40,21706
1790233260,1186.50,1186.70,1185.60,1185.80,20293
1790233320,1185.70,1185.80,1184.40,1184.90,24882
1790233380,1184.80,1186.40,1184.80,1186.40,19116
1790233440,1186.40,1186.40,1185.50,1186.00,11373
1790233500,1185.80,1186.50,1185.50,1186.40,14326
1790233560,1186.30,1186.90,1185.90,1186.60,13231
1790233620,1186.30,1186.50,1185.40,1186.00,15462
1790233680,1185.70,1186.80,1185.60,1186.80,15861
1790233740,1186.80,1186.80,1185.60,1186.50,16770
1790233800,1186.30,1187.20,1186.20,1187.20,20734
1790233860,1187.10,1187.70,1186.30,1186.70,18028
1790233920,1186.30,1186.70,1185.70,1186.00,11847
1790233980,1186.00,1186.80,1185.80,1186.50,10686
1790234040,1186.40,1187.00,1186.30,1186.70,10721
1790234100,1186.50,1187.40,1186.40,1186.80,12192
1790234160,1186.70,1186.90,1186.30,1186.50,11565
1790234220,1186.30,1187.20,1186.30,1187.20,12292
1790234280,1186.90,1187.40,1186.60,1187.00,9655
1790234340,1186.70,1186.80,1186.20,1186.30,13471
1790234400,1186.30,1187.70,1186.30,1187.60,25627
1790234460,1187.40,1187.90,1186.70,1186.90,12694
1790234520,1187.00,1187.30,1186.60,1186.60,10015
1790234580,1186.60,1187.40,1186.50,1186.90,13395
1790234640,1186.80,1186.90,1185.70,1186.00,14851
1790234700,1185.90,1186.20,1185.30,1185.50,12802
1790234760,1185.50,1186.20,1185.30,1185.50,12044
1790234820,1185.60,1186.10,1185.20,1186.00,11156
1790234880,1185.90,1186.20,1185.50,1185.90,10319
1790234940,1185.80,1186.10,1185.40,1186.00,10111
1790235000,1186.00,1186.40,1185.30,1185.40,9622
1790235060,1185.30,1186.40,1185.20,1186.10,23703
1790235120,1186.00,1186.10,1185.60,1185.80,9337
1790235180,1185.70,1186.20,1185.60,1185.90,12155
1790235240,1185.90,1185.90,1185.60,1185.70,12436
1790235300,1185.60,1186.00,1185.50,1185.50,13300
1790235360,1185.40,1185.50,1185.00,1185.40,11311
1790235420,1185.30,1186.30,1185.30,1186.10,11334
1790235480,1185.90,1187.00,1185.60,1186.30,11878
1790235540,1186.40,1186.50,1185.80,1186.50,11041
1790235600,1186.40,1186.40,1185.40,1185.50,10154
1790235660,1185.50,1185.60,1185.20,1185.60,11241
1790235720,1185.50,1186.90,1185.40,1186.70,26549
1790235780,1186.50,1187.50,1186.30,1187.40,14095
1790235840,1187.40,1187.50,1186.70,1186.90,12732
1790235900,1186.90,1187.30,1186.50,1186.80,11185
1790235960,1186.50,1187.10,1186.40,1186.70,10208
1790236020,1186.70,1187.10,1185.50,1185.60,17817
1790236080,1185.70,1185.70,1185.00,1185.10,12491
1790236140,1185.00,1185.30,1185.00,1185.30,13062
1790236200,1185.30,1185.30,1184.20,1184.80,20921
1790236260,1184.60,1185.40,1184.60,1184.80,13581
1790236320,1185.00,1185.60,1184.80,1185.10,12916
1790236380,1185.10,1185.70,1184.90,1185.10,14501
1790236440,1185.00,1185.90,1184.90,1185.80,13313
1790236500,1185.60,1186.40,1185.00,1185.00,12590
1790236560,1185.00,1185.10,1183.40,1184.00,23670
1790236620,1183.90,1184.40,1183.40,1183.70,21149
1790236680,1183.70,1184.30,1183.50,1184.20,15212
1790236740,1184.20,1184.90,1183.70,1184.50,21884
1790236800,1184.50,1184.60,1184.00,1184.10,9153
1790236860,1184.00,1185.80,1184.00,1185.50,30416
1790236920,1185.40,1185.70,1184.50,1184.60,9952
1790236980,1184.50,1185.00,1184.00,1184.80,12468
1790237040,1184.60,1184.60,1184.00,1184.10,8342
1790237100,1184.00,1184.20,1183.70,1183.70,9633
1790237160,1183.80,1183.80,1183.30,1183.50,12712
1790237220,1183.40,1184.70,1183.30,1183.60,14463
1790237280,1183.60,1184.10,1183.30,1183.60,11278
1790237340,1183.50,1183.60,1183.20,1183.30,9681
1790237400,1183.20,1183.30,1182.50,1182.60,24548
1790237460,1182.60,1183.40,1182.50,1183.20,12959
1790237520,1183.20,1183.40,1182.60,1182.60,16959
1790237580,1182.60,1183.00,1181.20,1181.90,49918
1790237640,1181.50,1181.90,1179.50,1180.00,187548
1790237700,1180.00,1181.90,1179.90,1180.40,31555
1790237760,1180.20,1180.20,1178.00,1179.30,106349
1790237820,1178.50,1180.70,1178.50,1180.10,30389
1790237880,1180.00,1180.90,1180.00,1180.40,15527
1790237940,1180.40,1182.70,1180.40,1182.60,30048
1790238000,1182.50,1183.20,1182.20,1182.40,32814
1790238060,1182.30,1182.40,1181.20,1181.40,32516
1790238120,1181.30,1181.60,1181.00,1181.40,15420
1790238180,1181.20,1181.30,1180.80,1180.80,17245
1790238240,1181.00,1181.40,1180.40,1180.90,25632
1790238300,1180.60,1180.90,1180.20,1180.90,13895
1790238360,1180.80,1180.90,1180.00,1180.10,12849
1790238420,1180.00,1180.10,1179.30,1179.30,17982
1790238480,1179.30,1179.30,1178.10,1178.40,23766
1790238540,1178.00,1179.40,1177.90,1178.20,28557
1790238600,1178.00,1179.40,1177.80,1179.20,23625
1790238660,1179.20,1179.70,1178.70,1179.40,25376
1790238720,1179.30,1180.20,1179.10,1179.40,15117
1790238780,1179.30,1179.60,1179.00,1179.10,10665
1790238840,1179.00,1179.70,1177.40,1177.80,37859
1790238900,1177.70,1178.40,1177.70,1178.10,14803
1790238960,1178.00,1178.10,1177.30,1177.80,17217
1790239020,1178.00,1178.40,1177.00,1177.90,21436
1790239080,1177.90,1179.20,1177.70,1178.70,14376
1790239140,1178.80,1179.40,1178.20,1179.20,14581
1790239200,1179.00,1179.50,1178.40,1178.40,14414
1790239260,1178.50,1179.00,1178.20,1178.50,11359
1790239320,1178.60,1178.90,1178.40,1178.80,10827
1790239380,1178.70,1179.10,1178.50,1178.70,12929
1790239440,1178.80,1179.70,1178.70,1179.30,16197
1790239500,1179.60,1179.60,1175.00,1175.90,191391
1790239560,1175.60,1179.20,1175.60,1178.90,97841
1790239620,1178.90,1178.90,1178.30,1178.50,14102
1790239680,1178.40,1179.80,1178.40,1179.80,17459
1790239740,1179.90,1179.90,1179.50,1179.50,20406
1790239800,1179.50,1179.60,1178.20,1178.20,70377
1790239860,1178.20,1178.60,1177.00,1178.60,29792
1790239920,1178.30,1178.60,1177.30,1177.50,14477
1790239980,1177.50,1178.60,1177.50,1177.70,85564
1790240040,1177.80,1179.00,1177.60,1178.30,26095
1790240100,1178.10,1179.00,1177.90,1178.90,17450
1790240160,1178.90,1179.10,1177.60,1177.70,14936
1790240220,1177.90,1178.40,1177.70,1178.20,13646
1790240280,1178.20,1179.90,1178.20,1178.60,15676
1790240340,1178.60,1179.60,1178.50,1179.10,16891
1790240400,1179.10,1179.60,1179.00,1179.60,31192
1790240460,1180.00,1180.40,1179.50,1180.00,21639
1790240520,1180.00,1180.80,1179.70,1180.00,18815
1790240580,1179.90,1180.10,1179.50,1180.10,22619
1790240640,1180.00,1180.10,1178.50,1179.70,32111
1790240700,1179.70,1180.00,1179.10,1179.40,18607
1790240760,1179.40,1179.90,1179.00,1179.70,13687
1790240820,1179.70,1181.40,1179.60,1181.20,84698
1790240880,1181.20,1182.10,1181.00,1181.90,25406
1790240940,1181.90,1184.00,1181.70,1183.60,49103
1790241000,1183.60,1183.60,1182.60,1182.70,22054
1790241060,1182.70,1182.70,1182.60,1182.60,21642
1790241120,1182.60,1182.70,1181.20,1182.50,29221
1790241180,1182.30,1183.20,1182.10,1183.20,54345
1790241240,1183.00,1183.30,1182.60,1183.20,12959
1790241300,1183.20,1184.70,1182.70,1184.00,43178
1790241360,1184.10,1184.30,1184.00,1184.10,38308
1790241420,1184.10,1184.30,1183.50,1184.00,40265
1790241480,1183.80,1184.30,1183.40,1184.00,21089
1790241540,1184.00,1184.10,1184.00,1184.00,18498
1790241600,1184.10,1184.40,1184.00,1184.00,19888
1790241660,1184.20,1185.00,1184.00,1184.60,40447
1790241720,1184.80,1186.40,1184.10,1186.40,65777
1790241780,1186.10,1186.10,1186.00,1186.10,22265
1790241840,1186.10,1186.30,1186.00,1186.00,32525
1790241900,1186.10,1187.90,1186.00,1187.40,46256
1790241960,1187.40,1188.20,1187.30,1188.10,73931
1790242020,1188.00,1188.30,1187.30,1188.30,47776
1790242080,1188.50,1191.00,1188.10,1190.30,123211
1790242140,1190.40,1190.40,1188.80,1190.30,67058
1790242200,1190.50,1191.20,1190.00,1191.00,144399
1790242260,1190.70,1191.70,1190.00,1190.70,58011
1790242320,1190.60,1191.40,1190.30,1191.10,26236
1790242380,1190.90,1191.60,1190.90,1191.10,27919
1790242440,1191.20,1191.50,1191.00,1191.50,27262
1790242500,1191.40,1191.80,1191.00,1191.50,68762
1790242560,1191.60,1191.60,1191.50,1191.60,23605
1790242620,1191.60,1192.10,1191.60,1191.80,62128
1790242680,1191.80,1191.80,1191.10,1191.20,19392
1790242740,1191.10,1193.90,1191.10,1193.10,43224
1790242800,1193.10,1193.10,1191.70,1191.70,81158
1790242860,1192.70,1193.80,1192.50,1193.30,60877
1790242920,1193.30,1193.60,1190.00,1191.60,115976
1790242980,1191.40,1191.60,1191.00,1191.10,64750
1790243040,1191.00,1192.40,1190.90,1192.40,166006
1790243100,1192.40,1192.40,1192.40,1192.40,65
1790243160,1192.40,1192.40,1192.40,1192.40,0
1790243220,1192.40,1192.40,1192.40,1192.40,0
1790243280,1192.40,1192.40,1192.40,1192.40,0
1790243340,1192.40,1192.40,1192.40,1192.40,0
1790243400,1192.40,1192.40,1192.40,1192.40,0
1790243460,1192.40,1192.40,1192.40,1192.40,0
1790243520,1192.40,1192.40,1192.40,1192.40,0
1790243580,1192.40,1192.40,1192.40,1192.40,0
1790243640,1192.40,1192.40,1192.40,1192.40,0
1790243700,1192.40,1192.40,1192.40,1192.40,0
1790243760,1192.40,1192.40,1192.40,1192.40,0
1790243820,1192.40,1192.40,1192.40,1192.40,0
1790243880,1192.40,1192.40,1186.50,1186.50,348270
1790243940,1186.50,1186.50,1186.50,1186.50,0
1790307900,1191.50,1194.60,1191.50,1193.60,33819
1790307960,1193.60,1195.20,1193.10,1193.70,45998
1790308020,1193.70,1194.00,1193.20,1193.50,12008
1790308080,1195.00,1195.00,1194.00,1194.30,21757
1790308140,1194.30,1194.30,1193.60,1194.30,19717
1790308200,1193.20,1193.60,1193.00,1193.60,16107
1790308260,1193.40,1194.00,1192.70,1193.30,25811
1790308320,1193.50,1195.00,1193.40,1194.80,17266
1790308380,1195.50,1197.00,1195.30,1196.30,26899
1790308440,1196.20,1197.60,1196.00,1197.00,20208
1790308500,1197.30,1197.50,1196.80,1197.40,21530
1790308560,1197.40,1197.40,1196.60,1196.60,4520
1790308620,1196.80,1198.00,1196.70,1197.70,13031
1790308680,1197.70,1197.70,1195.10,1195.20,14086
1790308740,1195.40,1196.20,1194.70,1195.90,10810
1790308800,1196.20,1197.50,1195.50,1196.80,38362
1790308860,1197.00,1199.00,1196.50,1198.50,41118
1790308920,1198.80,1199.90,1198.20,1198.60,22621
1790308980,1198.80,1198.90,1197.70,1198.50,14428
1790309040,1198.70,1199.90,1198.30,1199.90,16700
1790309100,1199.90,1200.00,1197.50,1197.80,14127
1790309160,1197.60,1198.00,1196.50,1197.00,14270
1790309220,1197.00,1197.00,1194.90,1194.90,21979
1790309280,1194.80,1195.40,1194.30,1195.20,13830
1790309340,1195.20,1196.00,1195.10,1195.70,7407
1790309400,1195.70,1195.90,1195.00,1195.60,43710
1790309460,1195.50,1195.90,1195.00,1195.50,19812
1790309520,1195.70,1195.70,1195.00,1195.50,21939
1790309580,1195.10,1195.60,1193.80,1194.50,37636
1790309640,1194.80,1195.30,1194.10,1194.90,14240
1790309700,1194.90,1195.30,1194.90,1195.30,29356
1790309760,1195.00,1195.40,1194.30,1194.60,11136
1790309820,1194.60,1195.90,1194.50,1195.90,6363
1790309880,1195.90,1195.90,1195.20,1195.70,6046
1790309940,1195.70,1196.00,1195.60,1196.00,22815
1790310000,1195.80,1196.00,1195.80,1196.00,96743
1790310060,1196.00,1196.00,1195.80,1196.00,33753
1790310120,1195.70,1196.00,1195.60,1195.70,9068
1790310180,1195.70,1195.80,1195.20,1195.30,12224
1790310240,1195.30,1195.90,1195.00,1195.90,7308
1790310300,1195.60,1197.30,1195.60,1197.30,16664
1790310360,1197.10,1200.70,1196.90,1200.20,28597
1790310420,1199.80,1201.60,1199.80,1200.90,13058
1790310480,1200.90,1202.00,1200.00,1202.00,26077
1790310540,1202.00,1203.30,1201.50,1202.70,14390
1790310600,1202.80,1203.00,1202.40,1202.60,10625
1790310660,1202.40,1202.70,1202.00,1202.00,8936
1790310720,1201.90,1202.50,1201.50,1202.40,11518
1790310780,1202.40,1204.50,1202.00,1204.00,34326
1790310840,1204.10,1204.90,1204.00,1204.50,10573
1790310900,1204.50,1205.00,1204.20,1204.90,22998
1790310960,1204.90,1206.00,1204.50,1205.60,20126
1790311020,1205.70,1205.70,1204.90,1205.00,10472
1790311080,1204.90,1206.80,1204.80,1206.50,11384
1790311140,1206.80,1207.20,1206.10,1207.20,13591
1790311200,1207.40,1209.00,1206.70,1208.20,31196
1790311260,1208.20,1208.30,1207.40,1207.50,29759
1790311320,1207.50,1207.60,1206.00,1206.40,17608
1790311380,1206.60,1207.00,1206.40,1206.90,7921
1790311440,1206.90,1207.50,1206.70,1206.80,25509
1790311500,1206.80,1207.70,1206.80,1206.80,33935
1790311560,1207.00,1207.00,1205.50,1206.00,21302
1790311620,1206.00,1206.00,1205.30,1205.50,17814
1790311680,1205.90,1205.90,1204.80,1205.40,21043
1790311740,1205.70,1205.70,1204.70,1205.20,13950
1790311800,1205.20,1205.20,1203.50,1203.50,36916
1790311860,1203.90,1204.00,1202.90,1203.60,24462
1790311920,1203.60,1203.60,1202.80,1203.00,14920
1790311980,1203.30,1203.30,1202.20,1203.00,18195
1790312040,1203.00,1203.00,1202.10,1202.10,22139
1790312100,1202.50,1202.60,1201.80,1202.50,22074
1790312160,1202.50,1202.90,1201.70,1202.20,20337
1790312220,1202.30,1202.30,1201.40,1202.00,18623
1790312280,1202.00,1202.30,1201.30,1202.00,18629
1790312340,1202.00,1204.80,1201.10,1204.70,14731
1790312400,1204.70,1205.60,1204.50,1204.50,12334
1790312460,1205.00,1205.60,1204.50,1204.90,11880
1790312520,1204.90,1204.90,1203.50,1204.00,15090
1790312580,1203.90,1204.40,1203.40,1204.10,6074
1790312640,1203.80,1204.10,1202.80,1203.00,11337
1790312700,1203.10,1203.60,1202.40,1203.40,17253
1790312760,1203.40,1203.80,1203.10,1203.80,10326
1790312820,1203.80,1204.00,1203.70,1203.90,3975
1790312880,1203.90,1204.50,1203.70,1204.50,3395
1790312940,1204.50,1204.90,1204.20,1204.90,2661
1790313000,1204.90,1205.20,1204.60,1205.20,5658
1790313060,1205.20,1205.20,1204.40,1204.50,6559
1790313120,1204.50,1205.20,1204.40,1204.60,5268
1790313180,1204.50,1205.20,1204.40,1205.10,5781
1790313240,1205.10,1205.10,1204.70,1205.00,3824
1790313300,1205.10,1205.60,1203.70,1204.60,7972
1790313360,1204.80,1205.20,1204.40,1205.00,3507
1790313420,1205.00,1205.00,1204.80,1204.90,3169
1790313480,1205.00,1205.10,1204.80,1205.00,3088
1790313540,1204.90,1206.40,1204.70,1206.30,14504
1790313600,1206.10,1206.20,1205.10,1205.20,9429
1790313660,1205.20,1205.20,1205.10,1205.20,2770
1790313720,1205.30,1205.60,1204.90,1204.90,3255
1790313780,1204.70,1204.80,1204.30,1204.70,5600
1790313840,1204.50,1205.20,1204.00,1205.00,10986
1790313900,1205.00,1205.30,1204.70,1205.30,5252
1790313960,1205.30,1205.50,1205.00,1205.40,2268
1790314020,1205.00,1205.40,1205.00,1205.20,2437
1790314080,1205.00,1205.20,1204.90,1205.10,6037
1790314140,1205.00,1206.00,1204.80,1205.90,4576
1790314200,1205.90,1206.20,1205.50,1206.20,25248
1790314260,1206.40,1207.00,1206.30,1206.80,10106
1790314320,1206.80,1208.00,1206.40,1207.50,10857
1790314380,1207.60,1208.70,1207.60,1208.60,13989
1790314440,1208.70,1209.00,1208.20,1208.50,10106
1790314500,1208.40,1209.90,1208.40,1209.80,22004
1790314560,1209.70,1210.50,1209.50,1210.00,44154
1790314620,1210.00,1211.20,1209.70,1211.00,15766
1790314680,1211.00,1211.00,1209.20,1209.50,15110
1790314740,1209.50,1209.60,1208.50,1209.50,8212
1790314800,1209.50,1209.60,1209.20,1209.20,5015
1790314860,1209.50,1209.50,1208.80,1209.50,9710
1790314920,1209.50,1209.60,1208.70,1209.00,7837
1790314980,1209.00,1209.00,1207.60,1208.50,8062
1790315040,1208.40,1209.30,1208.10,1208.90,11410
1790315100,1208.90,1209.50,1208.40,1209.30,5925
1790315160,1209.30,1209.40,1209.10,1209.40,5031
1790315220,1209.40,1209.40,1209.10,1209.20,4412
1790315280,1209.10,1209.20,1208.70,1209.20,7029
1790315340,1209.00,1209.20,1208.70,1208.70,4339
1790315400,1209.00,1209.00,1208.40,1208.40,4918
1790315460,1208.40,1208.50,1208.20,1208.50,7856
1790315520,1208.20,1208.70,1208.00,1208.70,5146
1790315580,1208.70,1208.80,1208.30,1208.30,4641
1790315640,1208.80,1208.80,1207.60,1208.00,9561
1790315700,1208.00,1208.00,1207.00,1207.50,9133
1790315760,1207.20,1207.60,1206.80,1207.30,10621
1790315820,1207.30,1207.60,1206.50,1207.10,14031
1790315880,1207.00,1207.50,1206.50,1207.50,16759
1790315940,1207.50,1208.00,1207.40,1207.60,5913
1790316000,1208.00,1208.30,1207.60,1208.30,3535
1790316060,1208.30,1208.50,1207.90,1208.50,17794
1790316120,1208.50,1208.50,1207.50,1207.80,9593
1790316180,1207.80,1208.40,1207.20,1207.60,14303
1790316240,1207.60,1208.10,1207.20,1208.00,6461
1790316300,1208.00,1208.70,1207.80,1208.50,5163
1790316360,1208.50,1208.70,1206.00,1206.00,81719
1790316420,1206.00,1207.60,1206.00,1207.40,51668
1790316480,1207.50,1207.60,1207.10,1207.60,7296
1790316540,1207.60,1208.00,1207.30,1208.00,2958
1790316600,1208.00,1208.00,1207.70,1208.00,3313
1790316660,1208.00,1208.00,1207.30,1207.90,11604
1790316720,1208.00,1208.00,1207.40,1208.00,4680
1790316780,1208.00,1208.00,1207.00,1207.40,10432
1790316840,1207.10,1209.90,1207.10,1209.60,154451
1790316900,1209.60,1209.90,1209.20,1209.80,5035
1790316960,1209.80,1209.80,1209.50,1209.70,12113
1790317020,1209.60,1209.60,1208.50,1208.50,12022
1790317080,1208.50,1208.80,1208.20,1208.50,11630
1790317140,1208.00,1208.40,1208.00,1208.30,8727
1790317200,1208.30,1208.50,1207.80,1208.20,10117
1790317260,1208.20,1208.40,1207.80,1208.40,6202
1790317320,1208.40,1209.00,1208.40,1208.80,6430
1790317380,1208.70,1208.70,1208.20,1208.60,9029
1790317440,1208.60,1208.90,1208.30,1208.90,9178
1790317500,1208.90,1209.00,1208.30,1208.90,5846
1790317560,1208.90,1209.80,1208.70,1209.80,10695
1790317620,1209.80,1211.00,1209.70,1211.00,31290
1790317680,1210.90,1211.00,1210.00,1210.40,11428
1790317740,1210.60,1210.60,1209.40,1209.70,15738
1790317800,1209.50,1209.70,1209.10,1209.50,5438
1790317860,1209.50,1209.70,1209.10,1209.50,5574
1790317920,1209.40,1209.50,1208.80,1209.20,18231
1790317980,1209.30,1209.30,1208.00,1208.30,17242
1790318040,1208.60,1209.00,1207.80,1209.00,20188
1790318100,1208.90,1209.90,1208.40,1209.90,24171
1790318160,1209.90,1210.00,1209.00,1209.20,8899
1790318220,1209.20,1209.20,1208.40,1208.60,6631
1790318280,1208.60,1209.00,1208.20,1208.60,8795
1790318340,1208.50,1209.60,1208.50,1209.40,13660
1790318400,1209.40,1209.50,1208.80,1209.00,15278
1790318460,1209.10,1209.50,1209.00,1209.40,12444
1790318520,1209.40,1209.70,1209.10,1209.50,10782
1790318580,1209.50,1209.50,1208.90,1209.10,9850
1790318640,1209.00,1209.30,1209.00,1209.20,7583
1790318700,1209.20,1209.30,1209.10,1209.20,3960
1790318760,1209.20,1209.20,1209.10,1209.20,4813
1790318820,1209.10,1209.20,1208.80,1209.10,7851
1790318880,1208.80,1209.10,1208.80,1209.00,8010
1790318940,1208.80,1209.00,1208.30,1208.70,22053
1790319000,1208.40,1208.70,1208.40,1208.70,5851
1790319060,1208.60,1208.60,1208.00,1208.10,12943
1790319120,1208.10,1208.20,1207.90,1208.20,9497
1790319180,1208.20,1208.40,1208.00,1208.40,6939
1790319240,1208.40,1208.80,1208.30,1208.60,6559
1790319300,1208.50,1208.70,1208.40,1208.40,10929
1790319360,1208.40,1208.90,1208.00,1208.60,10158
1790319420,1208.60,1209.00,1208.10,1208.60,7425
1790319480,1208.60,1209.80,1208.20,1209.20,10108
1790319540,1209.20,1209.50,1209.00,1209.40,4414
1790319600,1209.40,1209.90,1209.30,1209.70,5511
1790319660,1209.70,1209.70,1209.20,1209.60,7788
1790319720,1209.60,1210.00,1209.40,1210.00,5021
1790319780,1209.90,1210.50,1209.50,1210.50,10316
1790319840,1210.50,1211.70,1210.50,1210.60,17661
1790319900,1210.80,1210.80,1209.90,1210.30,8067
1790319960,1210.30,1210.30,1208.90,1209.30,10356
1790320020,1209.50,1210.30,1209.40,1210.00,5684
1790320080,1210.20,1210.20,1208.60,1210.20,11312
1790320140,1210.20,1210.20,1209.70,1210.20,5457
1790320200,1210.20,1210.20,1209.70,1209.90,5669
1790320260,1209.90,1211.00,1209.80,1210.90,8793
1790320320,1210.90,1210.90,1210.40,1210.70,5877
1790320380,1210.70,1210.70,1209.80,1210.00,7215
1790320440,1209.90,1210.00,1209.70,1209.80,6713
1790320500,1209.70,1210.00,1209.70,1210.00,4006
1790320560,1209.90,1210.50,1209.80,1210.10,18134
1790320620,1210.10,1210.50,1209.80,1210.30,13387
1790320680,1210.30,1210.40,1209.90,1210.00,5875
1790320740,1210.00,1210.10,1209.20,1209.20,8355
1790320800,1209.20,1209.20,1208.30,1208.80,8245
1790320860,1208.80,1209.00,1207.60,1209.00,37200
1790320920,1209.00,1209.40,1208.50,1209.40,9357
1790320980,1209.40,1209.40,1208.50,1209.20,7764
1790321040,1209.30,1209.30,1208.70,1209.30,6663
1790321100,1209.30,1209.30,1208.80,1209.00,4034
1790321160,1209.00,1209.30,1208.20,1208.30,8929
1790321220,1208.30,1208.60,1207.70,1208.50,12428
1790321280,1208.50,1210.00,1208.30,1210.00,8812
1790321340,1210.00,1210.40,1209.90,1210.40,3859
1790321400,1210.40,1211.00,1210.20,1210.90,6628
1790321460,1211.00,1211.50,1210.80,1211.50,13748
1790321520,1211.50,1211.50,1210.60,1211.10,6666
1790321580,1211.10,1211.40,1210.70,1211.00,5073
1790321640,1211.30,1211.30,1209.90,1210.00,23786
1790321700,1210.00,1211.00,1209.90,1210.40,8675
1790321760,1210.50,1211.10,1210.50,1211.10,5057
1790321820,1211.10,1211.70,1211.00,1211.50,7608
1790321880,1211.50,1211.90,1211.30,1211.50,10872
1790321940,1211.30,1211.70,1211.20,1211.60,5366
1790322000,1211.50,1211.50,1210.80,1211.40,5933
1790322060,1211.40,1211.80,1211.10,1211.80,4031
1790322120,1211.70,1211.80,1211.40,1211.80,5854
1790322180,1211.80,1211.80,1211.00,1211.70,5804
1790322240,1211.70,1211.70,1210.30,1210.80,7403
1790322300,1210.80,1210.90,1210.30,1210.40,4429
1790322360,1210.40,1210.60,1210.30,1210.50,4003
1790322420,1210.60,1210.90,1210.40,1210.70,3423
1790322480,1210.70,1210.70,1210.20,1210.70,6611
1790322540,1210.70,1210.80,1210.10,1210.50,6300
1790322600,1210.80,1210.90,1210.30,1210.50,6620
1790322660,1210.30,1210.70,1210.30,1210.50,3636
1790322720,1210.40,1210.90,1210.00,1210.90,21677
1790322780,1210.60,1211.50,1210.60,1211.00,6795
1790322840,1211.00,1211.30,1210.20,1211.20,11943
1790322900,1211.20,1211.80,1210.70,1211.80,8064
1790322960,1211.80,1213.40,1211.70,1213.30,42932
1790323020,1213.30,1213.30,1212.70,1213.00,12815
1790323080,1213.00,1213.30,1212.70,1213.20,9513
1790323140,1213.20,1213.30,1212.00,1212.20,19615
1790323200,1212.30,1213.00,1212.30,1212.90,8441
1790323260,1212.90,1213.00,1212.60,1212.90,5234
1790323320,1212.90,1212.90,1212.10,1212.30,10422
1790323380,1212.20,1212.30,1211.60,1212.00,6699
1790323440,1211.80,1212.20,1211.50,1212.00,7733
1790323500,1212.00,1212.00,1211.60,1212.00,9093
1790323560,1212.00,1212.00,1211.40,1211.90,9901
1790323620,1211.90,1212.40,1211.70,1212.40,5740
1790323680,1212.70,1212.70,1212.30,1212.50,25793
1790323740,1212.60,1213.00,1211.90,1212.60,11339
1790323800,1212.30,1213.00,1212.30,1213.00,5540
1790323860,1213.00,1213.60,1212.70,1213.30,15572
1790323920,1213.40,1213.80,1213.20,1213.70,7308
1790323980,1213.70,1214.00,1213.50,1214.00,10805
1790324040,1214.00,1214.60,1213.70,1214.60,11167
1790324100,1214.50,1214.70,1214.30,1214.50,11044
1790324160,1214.50,1215.00,1214.20,1215.00,10840
1790324220,1215.10,1215.70,1213.80,1214.50,47883
1790324280,1214.60,1215.40,1214.60,1215.40,9769
1790324340,1215.40,1215.40,1215.00,1215.30,34898
1790324400,1215.30,1215.30,1215.00,1215.10,5764
1790324460,1215.10,1215.20,1215.00,1215.10,5074
1790324520,1215.00,1215.40,1215.00,1215.00,29254
1790324580,1215.00,1215.10,1215.00,1215.10,22762
1790324640,1215.10,1215.30,1215.00,1215.20,14127
1790324700,1215.00,1215.30,1215.00,1215.10,9058
1790324760,1215.30,1215.40,1215.10,1215.30,6618
1790324820,1215.40,1215.50,1215.00,1215.20,9625
1790324880,1215.20,1215.90,1215.00,1215.90,12500
1790324940,1215.90,1216.50,1215.50,1216.50,8828
1790325000,1216.80,1218.10,1216.60,1218.10,17753
1790325060,1218.50,1220.00,1218.10,1219.80,61906
1790325120,1220.00,1221.30,1219.70,1220.00,39364
1790325180,1220.00,1224.00,1220.00,1223.90,43254
1790325240,1223.90,1225.00,1221.50,1222.30,85779
1790325300,1222.30,1223.50,1220.30,1221.50,28165
1790325360,1221.50,1223.60,1220.60,1223.40,92150
1790325420,1223.50,1223.50,1222.20,1223.10,49899
1790325480,1223.10,1223.20,1222.50,1223.10,27974
1790325540,1223.10,1223.10,1220.90,1221.50,102244
1790325600,1221.20,1223.20,1221.20,1223.00,60768
1790325660,1223.20,1223.20,1221.30,1222.80,26914
1790325720,1222.70,1222.70,1220.00,1220.60,285816
1790325780,1220.60,1221.20,1219.00,1219.10,106122
1790325840,1219.50,1220.30,1219.10,1220.10,83369
1790325900,1220.10,1221.60,1220.10,1221.20,20804
1790325960,1221.60,1221.60,1220.00,1220.30,72040
1790326020,1220.50,1221.00,1220.20,1220.80,15215
1790326080,1220.50,1222.80,1220.50,1221.40,37247
1790326140,1222.10,1222.60,1221.70,1222.20,5887
1790326200,1222.00,1222.40,1221.20,1221.20,46248
1790326260,1221.30,1222.30,1221.10,1222.30,53477
1790326320,1222.10,1222.30,1221.70,1221.70,46403
1790326380,1221.90,1221.90,1221.20,1221.80,31312
1790326440,1221.50,1222.00,1221.30,1221.50,35183
1790326500,1221.70,1222.80,1221.70,1222.00,9977
1790326560,1222.10,1222.40,1221.50,1222.00,19158
1790326620,1222.00,1222.50,1221.50,1222.30,29487
1790326680,1222.50,1223.40,1222.10,1223.20,24036
1790326740,1223.40,1223.80,1222.90,1223.30,26223
1790326800,1223.50,1223.90,1223.00,1223.70,18534
1790326860,1223.90,1224.00,1222.70,1223.40,16885
1790326920,1223.30,1223.60,1222.90,1223.00,13683
1790326980,1222.70,1224.00,1222.70,1223.50,142014
1790327040,1223.50,1223.80,1223.10,1223.10,10071
1790327100,1223.50,1223.70,1223.00,1223.40,10119
1790327160,1223.10,1224.00,1223.10,1223.70,8265
1790327220,1223.40,1224.30,1223.40,1224.00,17390
1790327280,1224.20,1224.50,1223.50,1224.00,13746
1790327340,1224.20,1224.50,1223.40,1223.90,17609
1790327400,1224.10,1224.10,1223.00,1223.10,6743
1790327460,1223.00,1223.20,1222.80,1223.00,15803
1790327520,1223.10,1223.40,1223.00,1223.10,8627
1790327580,1223.10,1223.10,1220.00,1220.40,212354
1790327640,1220.50,1221.30,1220.40,1221.00,16290
1790327700,1221.00,1222.00,1221.00,1221.40,9305
1790327760,1221.40,1221.80,1221.20,1221.30,10475
1790327820,1221.00,1221.20,1220.70,1220.70,9958
1790327880,1220.90,1221.40,1220.70,1221.00,10592
1790327940,1220.80,1221.30,1220.70,1221.00,6763
1790328000,1220.90,1221.10,1220.00,1220.30,17533
1790328060,1220.20,1221.20,1220.20,1220.90,13189
1790328120,1221.00,1221.80,1220.90,1221.50,11447
1790328180,1221.40,1221.70,1221.30,1221.50,9290
1790328240,1221.60,1221.90,1221.50,1221.80,8853
1790328300,1222.00,1222.00,1221.10,1221.10,14094
1790328360,1221.10,1221.90,1221.00,1221.80,13503
1790328420,1221.70,1222.00,1221.10,1221.40,12473
1790328480,1221.30,1222.00,1221.00,1221.50,15990
1790328540,1221.40,1222.00,1221.20,1222.00,18259
1790328600,1221.70,1222.00,1220.20,1220.60,30093
1790328660,1220.70,1220.80,1220.00,1220.00,38591
1790328720,1220.20,1221.30,1220.00,1221.00,25318
1790328780,1221.00,1221.30,1221.00,1221.20,21792
1790328840,1221.10,1221.40,1220.70,1221.30,30576
1790328900,1221.40,1221.80,1221.00,1221.30,46455
1790328960,1221.50,1222.20,1221.30,1221.90,35919
1790329020,1221.80,1221.90,1220.60,1221.00,34657
1790329080,1220.90,1221.20,1220.60,1221.00,23158
1790329140,1220.70,1220.90,1220.70,1220.80,27032
1790329200,1220.80,1221.20,1220.80,1221.20,36696
1790329260,1221.10,1221.30,1220.60,1220.60,43553
1790329320,1220.60,1221.30,1220.00,1220.00,61749
1790329380,1220.10,1221.50,1220.00,1220.00,77608
1790329440,1220.10,1221.30,1220.00,1221.30,67450
1790329500,1221.30,1221.30,1221.30,1221.30,0
1790329560,1221.30,1221.30,1221.30,1221.30,0
1790329620,1221.30,1221.30,1221.30,1221.30,0
1790329680,1221.30,1221.30,1221.30,1221.30,0
1790329740,1221.30,1221.30,1221.30,1221.30,0
1790329800,1221.30,1221.30,1221.30,1221.30,0
1790329860,1221.30,1221.30,1221.30,1221.30,0
1790329920,1221.30,1221.30,1221.30,1221.30,0
1790329980,1221.30,1221.30,1221.30,1221.30,0
1790330040,1221.30,1221.30,1221.30,1221.30,0
1790330100,1221.30,1221.30,1221.30,1221.30,0
1790330160,1221.30,1221.30,1221.30,1221.30,0
1790330220,1221.30,1221.30,1221.30,1221.30,0
1790330280,1221.30,1221.30,1221.30,1221.30,0
1790330340,1222.40,1222.40,1222.40,1222.40,68564
1790567100,1211.50,1217.80,1209.10,1214.50,400102
1790567160,1214.70,1214.90,1211.10,1212.00,70050
1790567220,1212.40,1215.00,1212.30,1214.50,29730
1790567280,1214.50,1215.00,1214.10,1215.00,39882
1790567340,1215.00,1215.00,1212.20,1212.50,86999
1790567400,1212.20,1212.60,1208.80,1211.10,38660
1790567460,1211.60,1211.90,1210.50,1210.50,23807
1790567520,1210.80,1211.80,1209.60,1211.00,17915
1790567580,1211.00,1213.00,1210.70,1212.10,16982
1790567640,1212.10,1217.40,1211.90,1215.20,26453
1790567700,1215.20,1215.20,1211.60,1212.10,16622
1790567760,1212.10,1212.90,1211.70,1211.80,5769
1790567820,1212.40,1212.60,1211.80,1211.80,18658
1790567880,1211.90,1212.70,1211.20,1212.70,6571
1790567940,1212.70,1212.80,1212.10,1212.80,14343
1790568000,1212.70,1213.00,1211.50,1212.80,7359
1790568060,1213.00,1213.00,1212.60,1212.60,7989
1790568120,1212.50,1212.60,1211.80,1212.20,2569
1790568180,1212.30,1212.30,1210.10,1210.90,12035
1790568240,1211.10,1211.10,1210.40,1210.60,8703
1790568300,1210.80,1211.00,1209.50,1209.50,14899
1790568360,1209.80,1209.90,1209.30,1209.30,5979
1790568420,1209.10,1209.50,1208.10,1209.50,15722
1790568480,1209.50,1210.10,1209.10,1210.10,14203
1790568540,1210.40,1210.70,1210.00,1210.10,5387
1790568600,1210.10,1211.60,1210.00,1211.50,16512
1790568660,1212.10,1212.40,1211.20,1211.70,11717
1790568720,1211.70,1211.70,1210.70,1211.40,3723
1790568780,1211.00,1211.00,1210.50,1211.00,6546
1790568840,1211.50,1212.20,1211.00,1212.00,10927
1790568900,1212.00,1212.40,1212.00,1212.30,7615
1790568960,1212.30,1212.90,1212.30,1212.80,9758
1790569020,1212.80,1213.80,1212.50,1213.80,6489
1790569080,1214.00,1214.60,1213.40,1213.80,12652
1790569140,1213.80,1213.80,1213.00,1213.20,6122
1790569200,1213.30,1213.30,1212.00,1212.70,8979
1790569260,1212.70,1212.70,1210.40,1210.40,4427
1790569320,1210.60,1211.40,1210.50,1211.30,7427
1790569380,1211.30,1211.30,1210.50,1210.60,1841
1790569440,1210.60,1212.10,1210.20,1211.50,25760
1790569500,1210.60,1211.20,1210.40,1210.50,17871
1790569560,1210.50,1210.80,1210.40,1210.50,2085
1790569620,1210.50,1210.60,1209.90,1210.60,6054
1790569680,1210.60,1211.50,1210.60,1211.10,7483
1790569740,1211.10,1211.80,1210.70,1211.10,8135
1790569800,1211.10,1211.50,1211.00,1211.10,2953
1790569860,1211.10,1212.30,1211.00,1212.30,36252
1790569920,1212.20,1213.50,1211.60,1213.40,37636
1790569980,1213.50,1213.50,1213.10,1213.50,4039
1790570040,1213.20,1213.90,1212.10,1213.10,47711
1790570100,1213.10,1213.40,1212.70,1212.80,9346
1790570160,1212.80,1212.80,1211.00,1211.10,17460
1790570220,1211.60,1213.00,1211.50,1213.00,8111
1790570280,1213.00,1213.20,1211.50,1211.50,4451
1790570340,1211.40,1212.10,1211.00,1211.30,16769
1790570400,1211.20,1212.40,1211.00,1211.40,15037
1790570460,1211.40,1212.50,1211.40,1212.30,4076
1790570520,1212.30,1212.30,1211.10,1211.60,5882
1790570580,1211.50,1211.90,1211.50,1211.70,3576
1790570640,1211.80,1212.00,1211.50,1211.70,4280
1790570700,1211.60,1211.90,1211.00,1211.20,12268
1790570760,1211.10,1211.40,1210.50,1211.40,5588
1790570820,1211.40,1211.90,1210.80,1211.10,11745
1790570880,1211.20,1211.80,1210.60,1210.60,5473
1790570940,1211.40,1211.40,1210.60,1211.20,5143
1790571000,1211.20,1211.80,1211.10,1211.80,5457
1790571060,1211.80,1211.80,1211.40,1211.60,1287
1790571120,1211.40,1211.50,1210.70,1210.70,4159
1790571180,1211.00,1211.00,1209.20,1210.00,49943
1790571240,1210.00,1210.00,1209.50,1209.60,8451
1790571300,1209.60,1209.90,1209.30,1209.30,6591
1790571360,1209.60,1209.60,1209.00,1209.10,11249
1790571420,1209.10,1209.60,1208.80,1209.20,12483
1790571480,1209.10,1209.60,1208.30,1209.50,8759
1790571540,1209.60,1210.00,1209.50,1210.00,8143
1790571600,1210.00,1211.20,1209.90,1211.20,58580
1790571660,1211.50,1211.80,1210.00,1210.70,9288
1790571720,1210.70,1210.70,1210.20,1210.70,1970
1790571780,1210.70,1210.80,1210.50,1210.50,3250
1790571840,1210.60,1210.80,1210.20,1210.40,9643
1790571900,1210.30,1210.30,1209.90,1210.10,5870
1790571960,1210.10,1212.20,1210.10,1211.20,12208
1790572020,1211.30,1211.40,1210.10,1210.60,4825
1790572080,1210.60,1210.60,1209.80,1210.20,6108
1790572140,1210.20,1210.60,1209.50,1209.70,17147
1790572200,1209.60,1210.30,1209.50,1210.10,7945
1790572260,1210.00,1210.10,1207.60,1208.10,18110
1790572320,1208.30,1208.50,1208.00,1208.20,4840
1790572380,1208.20,1208.80,1207.60,1208.70,7053
1790572440,1208.70,1209.00,1208.60,1209.00,5115
1790572500,1209.00,1209.00,1207.50,1207.90,11949
1790572560,1207.90,1207.90,1206.60,1207.50,43192
1790572620,1207.50,1207.50,1206.70,1207.00,13528
1790572680,1207.00,1207.00,1206.80,1207.00,49568
1790572740,1207.00,1207.00,1206.70,1207.00,14987
1790572800,1207.00,1207.10,1206.90,1207.00,62883
1790572860,1207.00,1208.50,1206.90,1208.50,85150
1790572920,1208.50,1208.50,1207.40,1208.30,19099
1790572980,1208.30,1208.90,1207.40,1208.40,15393
1790573040,1208.40,1209.20,1207.90,1209.20,6638
1790573100,1209.20,1210.30,1209.10,1210.20,10688
1790573160,1210.30,1210.80,1210.20,1210.80,3236
1790573220,1210.80,1211.40,1210.20,1210.70,8388
1790573280,1210.70,1210.70,1210.00,1210.70,5579
1790573340,1210.70,1210.80,1209.20,1209.30,8338
1790573400,1209.30,1210.80,1209.30,1210.80,17564
1790573460,1210.80,1210.90,1210.40,1210.70,4883
1790573520,1210.70,1210.80,1210.50,1210.80,1639
1790573580,1210.80,1211.00,1210.50,1211.00,2822
1790573640,1210.90,1211.00,1210.00,1210.20,6860
1790573700,1210.20,1210.20,1209.20,1210.00,9698
1790573760,1210.10,1210.30,1209.90,1210.00,6019
1790573820,1210.00,1210.00,1209.20,1209.30,5887
1790573880,1209.20,1209.20,1209.00,1209.10,6646
1790573940,1209.10,1209.60,1209.00,1209.60,6189
1790574000,1209.50,1210.10,1209.40,1209.50,10334
1790574060,1209.60,1210.20,1209.40,1210.20,5302
1790574120,1210.20,1210.50,1210.10,1210.50,5334
1790574180,1210.50,1210.50,1210.00,1210.20,2601
1790574240,1210.20,1210.20,1210.00,1210.20,1513
1790574300,1210.20,1210.50,1210.00,1210.50,9061
1790574360,1210.50,1210.50,1210.00,1210.30,10635
1790574420,1210.30,1210.40,1210.00,1210.30,4225
1790574480,1210.00,1211.10,1210.00,1210.90,10601
1790574540,1211.10,1211.20,1210.90,1211.10,2415
1790574600,1211.10,1211.20,1210.00,1210.50,4590
1790574660,1210.60,1210.60,1210.20,1210.50,2182
1790574720,1210.50,1210.70,1210.30,1210.40,5416
1790574780,1210.70,1210.70,1210.20,1210.40,2506
1790574840,1210.50,1210.50,1210.00,1210.20,2232
1790574900,1210.30,1210.50,1210.30,1210.30,3370
1790574960,1210.50,1210.50,1210.30,1210.40,1319
1790575020,1210.50,1211.70,1210.30,1211.70,17454
1790575080,1211.60,1212.00,1211.40,1211.40,12756
1790575140,1211.50,1211.50,1211.10,1211.30,3870
1790575200,1211.30,1211.30,1211.00,1211.00,6653
1790575260,1211.30,1211.30,1211.10,1211.20,5757
1790575320,1211.20,1211.40,1211.10,1211.10,8074
1790575380,1211.30,1211.30,1210.20,1210.70,9545
1790575440,1210.70,1211.00,1210.40,1210.90,1657
1790575500,1210.90,1210.90,1210.70,1210.90,1166
1790575560,1210.90,1211.00,1210.80,1210.90,7619
1790575620,1210.90,1211.40,1210.90,1211.10,10229
1790575680,1210.90,1211.10,1210.50,1211.00,2022
1790575740,1211.20,1211.20,1211.00,1211.20,2018
1790575800,1211.20,1211.30,1210.90,1211.30,5424
1790575860,1211.30,1212.00,1211.10,1212.00,17850
1790575920,1212.00,1212.00,1211.30,1211.90,24878
1790575980,1211.80,1212.00,1211.70,1212.00,4137
1790576040,1212.00,1212.00,1210.70,1211.20,8109
1790576100,1211.00,1211.50,1211.00,1211.40,2090
1790576160,1211.40,1211.50,1211.10,1211.30,2335
1790576220,1211.00,1211.30,1210.60,1210.60,1941
1790576280,1210.60,1211.20,1210.10,1211.20,13315
1790576340,1211.20,1211.20,1210.80,1210.90,3453
1790576400,1211.10,1211.40,1210.80,1210.90,7038
1790576460,1210.90,1210.90,1209.40,1209.40,11220
1790576520,1209.90,1210.20,1209.30,1210.20,6597
1790576580,1210.20,1210.20,1210.00,1210.20,4692
1790576640,1210.20,1210.20,1209.00,1209.00,6591
1790576700,1209.40,1209.50,1209.00,1209.40,5153
1790576760,1209.40,1209.40,1208.00,1208.60,10979
1790576820,1208.60,1208.90,1208.50,1208.70,7351
1790576880,1208.50,1208.70,1208.00,1208.60,7502
1790576940,1208.70,1209.30,1208.60,1209.00,8582
1790577000,1209.10,1209.20,1208.20,1208.70,7921
1790577060,1208.80,1209.90,1208.80,1208.90,8960
1790577120,1208.90,1209.30,1208.80,1209.30,4067
1790577180,1209.30,1209.30,1208.80,1209.10,9122
1790577240,1209.10,1209.20,1207.60,1208.00,64535
1790577300,1208.00,1208.00,1207.70,1208.00,30663
1790577360,1208.00,1208.30,1207.90,1208.20,10530
1790577420,1208.30,1208.80,1208.20,1208.50,9206
1790577480,1208.40,1208.40,1207.90,1208.20,4234
1790577540,1208.30,1208.60,1208.20,1208.60,6166
1790577600,1208.50,1208.80,1208.30,1208.60,6717
1790577660,1208.60,1208.80,1207.90,1208.00,6861
1790577720,1208.00,1208.00,1207.20,1207.60,11443
1790577780,1207.50,1207.60,1206.20,1207.20,15696
1790577840,1207.20,1207.70,1207.10,1207.50,8462
1790577900,1207.50,1207.60,1206.60,1207.40,8797
1790577960,1207.50,1208.10,1207.40,1208.00,8425
1790578020,1207.90,1208.10,1207.40,1207.60,7056
1790578080,1207.70,1208.30,1207.70,1208.30,5617
1790578140,1208.30,1208.90,1208.20,1208.90,7415
1790578200,1208.80,1209.20,1208.80,1209.10,13168
1790578260,1208.60,1209.50,1208.60,1209.20,5504
1790578320,1209.40,1209.50,1208.00,1208.50,7556
1790578380,1208.50,1209.20,1208.30,1209.20,4456
1790578440,1209.30,1209.50,1209.00,1209.50,4880
1790578500,1209.50,1209.70,1208.90,1209.20,9865
1790578560,1209.20,1209.70,1209.00,1209.30,6183
1790578620,1209.50,1209.50,1208.30,1208.90,7981
1790578680,1209.00,1209.70,1208.90,1209.70,7579
1790578740,1209.70,1210.10,1209.60,1210.10,5571
1790578800,1209.80,1210.10,1209.70,1209.80,8143
1790578860,1209.80,1209.80,1209.00,1209.30,7772
1790578920,1209.50,1209.60,1208.60,1209.20,5862
1790578980,1209.10,1209.10,1208.40,1209.00,6733
1790579040,1209.00,1209.00,1208.30,1208.70,5629
1790579100,1208.80,1209.10,1208.50,1209.10,9180
1790579160,1209.10,1209.40,1208.30,1208.70,5759
1790579220,1208.70,1208.90,1208.40,1208.70,2809
1790579280,1208.90,1208.90,1208.40,1208.70,2785
1790579340,1208.70,1208.70,1208.30,1208.70,3640
1790579400,1208.70,1208.70,1208.30,1208.30,5428
1790579460,1208.50,1208.70,1208.00,1208.70,11316
1790579520,1208.70,1209.60,1208.60,1209.60,28135
1790579580,1209.60,1210.00,1209.20,1209.80,6773
1790579640,1209.90,1209.90,1208.40,1208.60,10570
1790579700,1209.00,1209.00,1208.40,1208.80,11336
1790579760,1208.80,1209.30,1208.50,1209.10,4004
1790579820,1209.20,1209.20,1208.40,1208.40,6087
1790579880,1208.90,1208.90,1208.40,1208.60,1836
1790579940,1208.70,1208.70,1208.40,1208.40,3263
1790580000,1208.60,1208.60,1208.50,1208.60,1671
1790580060,1208.60,1208.60,1207.70,1207.90,4665
1790580120,1207.70,1208.50,1207.70,1208.30,8073
1790580180,1208.30,1209.40,1207.70,1209.30,10257
1790580240,1209.30,1209.80,1209.00,1209.60,14423
1790580300,1209.60,1209.60,1208.90,1209.20,6206
1790580360,1209.10,1209.50,1208.80,1209.20,11235
1790580420,1209.50,1209.90,1208.50,1208.60,19280
1790580480,1208.60,1210.40,1208.60,1210.00,9919
1790580540,1210.10,1211.00,1209.80,1210.00,15997
1790580600,1210.00,1210.10,1209.90,1210.00,1559
1790580660,1210.10,1210.30,1209.90,1210.20,1213
1790580720,1210.30,1210.30,1209.30,1209.80,11588
1790580780,1209.60,1209.60,1208.40,1208.90,3909
1790580840,1208.90,1208.90,1208.20,1208.60,7013
1790580900,1208.60,1209.70,1208.50,1209.70,9642
1790580960,1209.70,1210.00,1209.00,1209.40,7731
1790581020,1209.40,1209.60,1208.80,1209.30,11099
1790581080,1209.30,1209.30,1208.30,1208.80,4805
1790581140,1208.80,1209.60,1208.60,1209.60,3259
1790581200,1209.60,1209.60,1209.50,1209.60,1561
1790581260,1209.60,1210.30,1209.50,1209.90,11324
1790581320,1209.80,1209.80,1208.90,1209.10,4672
1790581380,1209.10,1209.20,1208.90,1209.20,1614
1790581440,1209.20,1209.20,1208.70,1208.70,3007
1790581500,1208.70,1208.70,1208.30,1208.50,2354
1790581560,1208.50,1209.40,1208.50,1209.30,17585
1790581620,1209.30,1209.70,1209.00,1209.70,7795
1790581680,1209.70,1209.70,1208.50,1208.50,6447
1790581740,1208.50,1208.80,1208.00,1208.70,7896
1790581800,1208.70,1208.90,1208.60,1208.90,2968
1790581860,1208.90,1209.10,1208.80,1209.10,3299
1790581920,1209.00,1209.30,1209.00,1209.30,1115
1790581980,1209.30,1210.10,1209.10,1210.10,14372
1790582040,1209.90,1210.00,1209.50,1209.80,10849
1790582100,1210.00,1210.00,1209.80,1210.00,1320
1790582160,1210.00,1211.30,1209.90,1211.10,12422
1790582220,1211.30,1211.40,1211.10,1211.20,6860
1790582280,1211.30,1211.40,1211.10,1211.10,5168
1790582340,1211.30,1211.40,1211.10,1211.40,2844
1790582400,1211.40,1211.40,1211.10,1211.20,9586
1790582460,1211.10,1211.10,1210.30,1210.30,5434
1790582520,1210.30,1210.70,1210.30,1210.40,3921
1790582580,1210.40,1210.40,1210.00,1210.00,5255
1790582640,1210.00,1210.10,1209.40,1209.40,3009
1790582700,1209.80,1210.50,1209.40,1210.40,17415
1790582760,1210.40,1210.40,1209.60,1210.00,6763
1790582820,1210.00,1210.30,1209.60,1210.30,4546
1790582880,1210.30,1210.40,1210.00,1210.00,2724
1790582940,1210.20,1210.30,1210.00,1210.30,2384
1790583000,1210.30,1210.30,1210.20,1210.30,1775
1790583060,1210.30,1210.40,1210.20,1210.40,1068
1790583120,1210.40,1210.40,1209.50,1210.00,12141
1790583180,1210.00,1210.40,1209.70,1210.40,11746
1790583240,1210.40,1211.20,1210.20,1211.20,8202
1790583300,1211.20,1211.40,1211.20,1211.30,1458
1790583360,1211.40,1211.70,1211.30,1211.40,5567
1790583420,1211.70,1211.70,1210.90,1210.90,10829
1790583480,1210.90,1210.90,1210.20,1210.50,4176
1790583540,1210.50,1210.50,1209.90,1210.40,4920
1790583600,1210.40,1210.50,1210.00,1210.20,4304
1790583660,1210.50,1211.20,1210.20,1211.00,15131
1790583720,1211.00,1211.10,1210.60,1211.00,3178
1790583780,1211.30,1211.30,1210.70,1210.70,3268
1790583840,1211.00,1211.00,1209.50,1209.90,8070
1790583900,1209.90,1210.70,1209.70,1210.30,11253
1790583960,1210.50,1210.80,1210.30,1210.70,8195
1790584020,1210.50,1210.80,1210.10,1210.10,5593
1790584080,1210.10,1210.60,1210.10,1210.40,7590
1790584140,1210.40,1210.70,1210.40,1210.60,2249
1790584200,1210.70,1211.00,1210.50,1210.50,10233
1790584260,1210.60,1210.60,1209.50,1210.00,11948
1790584320,1209.60,1210.10,1209.40,1209.80,7790
1790584380,1209.80,1210.00,1209.40,1209.90,4860
1790584440,1210.00,1210.10,1209.60,1209.70,12582
1790584500,1209.60,1209.70,1209.10,1209.70,11229
1790584560,1209.70,1210.20,1209.00,1209.10,41383
1790584620,1209.20,1209.70,1209.00,1209.40,19311
1790584680,1209.40,1209.40,1208.70,1208.70,4923
1790584740,1209.20,1209.20,1208.00,1208.00,9956
1790584800,1208.30,1208.60,1208.00,1208.40,4211
1790584860,1208.60,1208.70,1208.10,1208.30,3766
1790584920,1208.70,1208.70,1208.30,1208.50,1857
1790584980,1208.60,1208.60,1207.80,1208.00,3697
1790585040,1208.20,1208.50,1207.80,1208.50,11568
1790585100,1208.50,1208.70,1208.20,1208.20,4410
1790585160,1208.40,1208.50,1208.20,1208.40,2143
1790585220,1208.30,1208.40,1206.60,1206.60,16902
1790585280,1206.50,1206.50,1205.00,1205.90,38087
1790585340,1206.20,1206.30,1205.40,1205.80,8974
1790585400,1206.30,1207.00,1206.00,1206.50,6609
1790585460,1206.20,1206.80,1206.20,1206.50,6145
1790585520,1206.50,1206.80,1206.10,1206.10,2618
1790585580,1206.30,1207.10,1206.10,1207.10,8119
1790585640,1206.80,1207.10,1206.80,1207.00,5156
1790585700,1207.00,1207.30,1206.80,1207.20,6532
1790585760,1207.30,1207.30,1206.80,1207.00,8984
1790585820,1207.00,1208.40,1207.00,1208.10,9199
1790585880,1208.30,1208.30,1207.20,1207.20,4426
1790585940,1207.60,1207.60,1206.80,1206.90,8836
1790586000,1207.20,1207.80,1206.90,1207.80,4096
1790586060,1207.80,1207.90,1207.30,1207.30,5099
1790586120,1207.60,1207.60,1207.20,1207.60,4344
1790586180,1207.70,1207.90,1206.90,1207.80,13337
1790586240,1207.80,1208.00,1207.60,1207.60,7455
1790586300,1207.90,1208.00,1207.30,1207.40,8370
1790586360,1207.90,1209.00,1207.90,1208.60,17345
1790586420,1208.80,1208.80,1208.00,1208.30,9332
1790586480,1208.30,1208.30,1205.00,1205.90,20676
1790586540,1205.90,1206.00,1205.30,1205.70,11462
1790586600,1205.90,1206.80,1205.80,1206.30,11473
1790586660,1206.70,1206.80,1206.00,1206.30,12982
1790586720,1206.40,1207.10,1206.30,1206.90,18145
1790586780,1206.90,1207.20,1205.80,1206.50,31001
1790586840,1206.50,1206.60,1205.40,1206.60,58922
1790586900,1206.60,1206.80,1205.70,1206.60,40225
1790586960,1206.60,1208.30,1206.40,1207.90,31891
1790587020,1207.90,1208.20,1206.20,1207.10,56255
1790587080,1207.30,1207.30,1206.20,1207.00,50804
1790587140,1207.00,1207.90,1206.30,1207.50,28087
1790587200,1207.90,1207.90,1206.10,1207.00,21670
1790587260,1207.10,1207.50,1206.50,1206.50,11536
1790587320,1206.90,1207.40,1206.50,1207.10,6944
1790587380,1207.40,1207.60,1206.80,1207.40,14387
1790587440,1207.30,1207.80,1206.70,1207.20,6737
1790587500,1207.10,1207.20,1206.70,1207.20,7008
1790587560,1207.30,1207.60,1207.10,1207.10,7743
1790587620,1207.30,1207.30,1206.70,1207.10,6927
1790587680,1206.60,1207.20,1206.60,1207.00,17493
1790587740,1207.10,1207.40,1206.30,1207.20,20712
1790587800,1207.20,1207.20,1206.00,1206.80,57685
1790587860,1206.70,1206.80,1206.30,1206.50,15960
1790587920,1206.50,1206.60,1205.80,1206.60,36662
1790587980,1206.60,1207.30,1205.80,1207.10,55123
1790588040,1207.00,1207.40,1206.80,1207.20,31248
1790588100,1206.90,1207.30,1206.50,1207.00,49375
1790588160,1207.10,1207.50,1207.00,1207.50,22369
1790588220,1207.40,1207.70,1207.40,1207.70,15277
1790588280,1207.70,1207.70,1207.50,1207.60,9373
1790588340,1207.50,1207.60,1207.40,1207.50,26262
1790588400,1207.50,1207.50,1207.40,1207.50,14078
1790588460,1207.50,1208.80,1207.40,1208.60,37363
1790588520,1208.60,1209.70,1208.30,1209.00,41816
1790588580,1209.10,1211.00,1208.80,1210.00,24715
1790588640,1209.50,1212.40,1209.40,1211.00,20737
1790588700,1211.00,1211.00,1211.00,1211.00,3
1790588760,1211.00,1211.00,1211.00,1211.00,0
1790588820,1211.00,1211.00,1211.00,1211.00,0
1790588880,1211.00,1211.00,1211.00,1211.00,0
1790588940,1211.00,1211.00,1211.00,1211.00,0
1790589000,1211.00,1211.00,1211.00,1211.00,0
1790589060,1211.00,1211.00,1211.00,1211.00,0
1790589120,1211.00,1211.00,1211.00,1211.00,0
1790589180,1211.00,1211.00,1211.00,1211.00,0
1790589240,1211.00,1211.00,1211.00,1211.00,0
1790589300,1211.00,1211.00,1211.00,1211.00,0
1790589360,1211.00,1211.00,1211.00,1211.00,0
1790589420,1211.00,1211.00,1211.00,1211.00,0
1790589480,1211.00,1211.00,1211.00,1211.00,0
1790589540,1211.00,1211.00,1209.90,1209.90,85180
1790653500,1202.00,1211.60,1202.00,1211.10,225689
1790653560,1210.70,1211.00,1206.80,1207.10,50776
1790653620,1206.60,1207.50,1205.00,1205.00,28068
1790653680,1205.00,1205.10,1200.40,1200.70,44437
1790653740,1199.30,1201.20,1198.80,1199.90,29097
1790653800,1199.90,1200.20,1197.90,1198.40,20674
1790653860,1198.40,1198.40,1196.20,1196.40,18942
1790653920,1196.60,1200.30,1196.20,1200.00,35151
1790653980,1200.50,1201.00,1198.00,1198.70,23032
1790654040,1198.70,1199.60,1198.00,1199.60,13274
1790654100,1199.30,1199.50,1197.40,1198.50,10102
1790654160,1197.90,1198.10,1196.40,1196.80,12186
1790654220,1196.40,1197.00,1196.30,1196.60,9723
1790654280,1196.70,1196.70,1195.90,1196.20,12894
1790654340,1196.30,1197.00,1195.60,1195.90,11174
1790654400,1196.00,1197.90,1195.10,1195.10,13854
1790654460,1195.20,1196.00,1195.10,1196.00,6042
1790654520,1195.90,1196.30,1194.40,1194.60,12157
1790654580,1194.40,1196.10,1194.00,1195.60,18596
1790654640,1195.60,1197.10,1195.40,1196.90,13576
1790654700,1196.70,1198.40,1196.70,1197.70,9374
1790654760,1197.60,1197.80,1197.00,1197.80,10805
1790654820,1197.80,1197.80,1196.80,1197.30,11317
1790654880,1197.30,1197.40,1196.80,1197.10,20937
1790654940,1197.00,1197.10,1196.50,1196.70,10373
1790655000,1196.70,1198.30,1196.50,1197.70,14285
1790655060,1197.70,1198.40,1196.60,1197.00,10813
1790655120,1197.30,1198.30,1197.00,1197.90,15636
1790655180,1197.90,1198.00,1195.40,1196.10,17343
1790655240,1196.10,1196.30,1195.10,1195.40,12811
1790655300,1195.50,1196.30,1194.80,1195.70,14171
1790655360,1195.50,1196.00,1195.00,1195.60,12295
1790655420,1195.60,1196.40,1195.30,1195.50,10465
1790655480,1195.50,1196.10,1195.00,1196.10,5859
1790655540,1196.40,1196.40,1195.40,1195.40,4134
1790655600,1195.40,1196.20,1195.40,1195.90,12583
1790655660,1196.00,1197.20,1195.80,1196.70,15838
1790655720,1196.70,1197.40,1196.20,1197.00,8314
1790655780,1197.10,1197.30,1197.00,1197.10,7921
1790655840,1197.10,1197.40,1196.50,1196.50,8574
1790655900,1196.50,1197.50,1196.00,1197.20,5497
1790655960,1196.80,1197.10,1196.00,1196.30,13794
1790656020,1196.30,1197.20,1195.70,1196.70,5178
1790656080,1196.90,1197.40,1195.70,1196.00,9359
1790656140,1195.80,1196.00,1195.20,1195.70,7626
1790656200,1196.00,1196.00,1195.40,1196.00,5992
1790656260,1195.70,1196.00,1195.10,1195.90,9758
1790656320,1195.90,1196.00,1195.10,1195.80,6491
1790656380,1195.70,1196.70,1195.70,1196.10,10886
1790656440,1196.40,1197.00,1195.70,1195.80,8624
1790656500,1195.60,1196.20,1194.60,1194.60,7114
1790656560,1194.60,1195.20,1193.60,1194.60,13527
1790656620,1194.60,1196.00,1194.50,1196.00,8733
1790656680,1195.80,1196.10,1194.50,1195.80,12881
1790656740,1195.80,1195.80,1195.00,1195.40,6507
1790656800,1195.20,1195.70,1194.80,1195.40,6426
1790656860,1195.30,1195.30,1194.50,1195.00,10261
1790656920,1195.30,1195.60,1194.80,1195.20,3696
1790656980,1194.80,1195.60,1194.50,1195.50,4358
1790657040,1195.40,1195.50,1194.70,1195.20,5851
1790657100,1195.10,1196.00,1194.70,1195.80,7443
1790657160,1195.60,1195.60,1195.10,1195.50,3572
1790657220,1195.10,1195.90,1195.10,1195.30,4638
1790657280,1195.60,1195.60,1195.20,1195.60,4333
1790657340,1195.60,1196.70,1193.50,1193.60,38117
1790657400,1193.70,1194.30,1193.50,1194.00,11528
1790657460,1194.00,1194.00,1191.90,1192.50,22517
1790657520,1192.30,1194.10,1192.30,1194.10,28308
1790657580,1193.90,1194.70,1193.90,1194.40,5939
1790657640,1194.40,1194.40,1193.50,1193.90,3667
1790657700,1193.80,1194.50,1193.40,1194.30,8814
1790657760,1194.30,1195.00,1194.30,1194.90,5922
1790657820,1195.00,1195.00,1194.80,1195.00,3839
1790657880,1194.90,1195.00,1194.90,1195.00,4615
1790657940,1194.90,1195.00,1194.20,1194.70,8286
1790658000,1194.20,1194.90,1194.20,1194.50,7934
1790658060,1194.60,1194.60,1194.30,1194.60,5172
1790658120,1194.90,1194.90,1193.90,1194.40,6569
1790658180,1194.40,1194.40,1194.20,1194.30,3431
1790658240,1194.30,1194.90,1194.20,1194.90,5690
1790658300,1194.90,1194.90,1194.30,1194.40,4995
1790658360,1194.60,1194.60,1193.60,1194.50,8788
1790658420,1194.00,1194.70,1193.70,1194.50,6472
1790658480,1194.00,1195.00,1194.00,1195.00,5396
1790658540,1194.80,1195.00,1194.50,1194.50,5803
1790658600,1194.20,1195.00,1194.20,1195.00,3315
1790658660,1194.90,1195.00,1194.80,1195.00,4145
1790658720,1194.90,1195.00,1194.90,1195.00,18505
1790658780,1194.90,1196.40,1194.90,1195.80,38391
1790658840,1196.00,1196.30,1194.50,1195.00,16683
1790658900,1195.00,1195.00,1194.60,1194.90,3064
1790658960,1195.00,1195.00,1193.60,1194.00,10788
1790659020,1193.80,1194.20,1193.00,1193.50,6484
1790659080,1193.20,1193.20,1192.00,1192.50,10618
1790659140,1192.10,1193.60,1192.00,1193.40,5533
1790659200,1193.40,1193.40,1192.40,1192.90,5488
1790659260,1192.90,1193.40,1192.40,1192.50,7396
1790659320,1192.50,1193.30,1192.50,1193.10,4709
1790659380,1192.90,1193.50,1192.90,1192.90,4437
1790659440,1193.00,1193.30,1192.90,1193.00,5385
1790659500,1192.90,1194.00,1192.90,1193.70,6154
1790659560,1193.70,1194.50,1192.70,1192.90,25773
1790659620,1192.80,1193.50,1192.70,1193.40,14633
1790659680,1193.30,1194.40,1193.20,1193.60,7420
1790659740,1193.30,1194.00,1193.30,1194.00,5257
1790659800,1193.90,1194.00,1192.80,1193.50,35572
1790659860,1193.50,1193.50,1191.70,1191.90,23420
1790659920,1191.90,1191.90,1190.50,1191.00,15042
1790659980,1191.00,1192.70,1190.80,1192.20,20131
1790660040,1192.00,1192.10,1190.80,1191.00,23648
1790660100,1191.40,1191.70,1190.90,1191.40,16515
1790660160,1191.40,1192.80,1191.30,1192.70,9565
1790660220,1192.70,1194.40,1192.30,1193.40,17397
1790660280,1193.40,1194.30,1193.40,1194.30,5091
1790660340,1194.10,1195.00,1194.10,1194.30,9700
1790660400,1193.80,1196.40,1193.80,1195.30,97601
1790660460,1195.40,1196.70,1195.00,1196.20,11081
1790660520,1195.90,1197.20,1195.80,1197.00,11994
1790660580,1197.00,1198.40,1196.40,1198.00,18417
1790660640,1197.70,1198.90,1196.90,1197.40,67281
1790660700,1197.60,1198.70,1197.40,1197.60,34074
1790660760,1197.70,1197.80,1195.80,1196.70,11152
1790660820,1197.10,1197.80,1197.00,1197.10,6505
1790660880,1197.10,1197.60,1197.00,1197.50,4711
1790660940,1197.50,1197.90,1197.20,1197.60,5305
1790661000,1197.60,1198.60,1197.50,1198.50,5563
1790661060,1198.60,1198.80,1197.80,1198.40,12025
1790661120,1198.40,1199.00,1198.30,1198.90,6598
1790661180,1198.60,1199.10,1198.40,1198.80,9025
1790661240,1198.50,1198.80,1198.10,1198.40,7479
1790661300,1198.50,1198.80,1198.20,1198.60,9189
1790661360,1198.60,1199.20,1198.00,1198.30,5414
1790661420,1198.20,1198.90,1198.00,1198.80,5532
1790661480,1198.80,1199.10,1198.50,1199.10,8168
1790661540,1199.20,1200.20,1199.20,1200.20,10278
1790661600,1200.00,1201.50,1200.00,1200.20,24050
1790661660,1200.60,1202.80,1200.60,1202.40,47772
1790661720,1202.40,1203.50,1202.00,1203.10,54671
1790661780,1203.50,1205.80,1203.50,1204.90,38799
1790661840,1204.80,1205.80,1204.10,1204.90,9959
1790661900,1205.10,1205.50,1203.10,1203.90,11154
1790661960,1204.00,1205.10,1203.90,1204.40,19017
1790662020,1204.60,1205.00,1203.00,1204.10,20295
1790662080,1203.90,1203.90,1201.70,1203.30,14617
1790662140,1203.30,1204.20,1202.60,1202.80,13120
1790662200,1202.60,1205.00,1202.60,1203.90,14545
1790662260,1204.30,1204.40,1203.70,1204.30,9689
1790662320,1204.40,1204.50,1202.40,1202.50,8045
1790662380,1202.40,1202.90,1201.70,1202.70,13784
1790662440,1202.40,1203.80,1202.10,1202.30,15121
1790662500,1202.80,1203.80,1202.40,1202.90,9465
1790662560,1202.90,1203.30,1202.20,1202.50,12284
1790662620,1202.50,1202.80,1200.80,1202.40,17972
1790662680,1202.50,1202.50,1201.30,1201.80,8072
1790662740,1202.00,1202.40,1201.70,1202.30,7243
1790662800,1202.30,1202.60,1202.00,1202.20,6395
1790662860,1202.40,1203.20,1202.10,1203.20,7472
1790662920,1203.00,1203.60,1202.70,1203.60,6448
1790662980,1203.50,1203.90,1202.40,1202.90,7621
1790663040,1202.80,1203.00,1202.20,1202.50,6838
1790663100,1202.90,1203.80,1202.50,1203.60,5852
1790663160,1203.50,1204.90,1203.50,1204.50,19654
1790663220,1204.50,1204.90,1204.00,1204.40,5613
1790663280,1204.10,1205.30,1204.10,1204.70,6883
1790663340,1204.70,1205.00,1204.30,1205.00,6630
1790663400,1205.00,1205.40,1204.70,1205.00,9041
1790663460,1205.10,1206.30,1205.00,1205.00,12905
1790663520,1205.00,1205.30,1204.10,1205.30,10170
1790663580,1205.10,1205.50,1204.90,1205.30,13325
1790663640,1205.30,1205.40,1204.70,1205.00,3461
1790663700,1205.10,1205.40,1204.80,1205.30,9485
1790663760,1205.20,1205.40,1205.00,1205.10,6315
1790663820,1205.30,1207.00,1205.10,1207.00,9040
1790663880,1206.80,1206.80,1205.20,1205.60,8716
1790663940,1205.80,1205.80,1204.70,1205.40,6602
1790664000,1205.40,1205.70,1204.80,1205.30,7291
1790664060,1205.10,1205.60,1204.60,1204.60,20084
1790664120,1204.90,1204.90,1203.50,1204.90,10347
1790664180,1204.90,1205.80,1204.70,1205.20,5937
1790664240,1205.30,1205.40,1204.80,1205.40,5022
1790664300,1205.20,1205.40,1204.30,1204.60,5018
1790664360,1204.70,1205.20,1204.40,1205.10,5314
1790664420,1204.80,1205.00,1204.00,1204.60,9676
1790664480,1204.80,1204.80,1203.20,1203.30,6017
1790664540,1203.60,1203.70,1203.20,1203.50,11400
1790664600,1203.50,1203.70,1202.20,1202.60,11519
1790664660,1202.70,1202.70,1201.80,1202.30,8879
1790664720,1202.50,1202.80,1201.80,1202.80,9797
1790664780,1202.90,1203.00,1202.60,1202.90,7864
1790664840,1202.70,1203.00,1202.10,1202.10,7395
1790664900,1202.50,1202.50,1201.50,1202.10,14018
1790664960,1201.90,1202.00,1201.30,1202.00,17272
1790665020,1202.70,1202.70,1200.60,1201.80,13584
1790665080,1202.00,1202.00,1200.20,1200.40,14333
1790665140,1201.40,1201.40,1198.20,1198.60,52379
1790665200,1198.70,1198.70,1194.30,1195.00,16053
1790665260,1195.10,1195.10,1193.00,1194.00,14186
1790665320,1193.60,1194.10,1192.10,1192.90,24101
1790665380,1192.90,1193.30,1191.20,1192.00,40246
1790665440,1192.30,1194.30,1192.30,1193.10,11846
1790665500,1193.50,1194.80,1192.90,1194.60,11949
1790665560,1194.40,1195.50,1193.70,1195.30,9391
1790665620,1195.30,1195.60,1194.60,1194.60,14704
1790665680,1194.70,1195.40,1193.90,1195.40,13992
1790665740,1195.30,1196.70,1195.10,1196.60,4381
1790665800,1196.60,1197.30,1196.50,1196.60,5935
1790665860,1196.60,1197.90,1196.20,1197.50,6892
1790665920,1197.60,1197.60,1196.20,1196.50,5926
1790665980,1196.60,1196.80,1195.50,1195.80,3941
1790666040,1195.90,1196.00,1194.20,1194.50,17355
1790666100,1194.50,1196.00,1193.90,1194.30,11082
1790666160,1194.80,1195.10,1194.30,1195.10,4815
1790666220,1195.10,1195.60,1194.30,1195.50,6015
1790666280,1195.50,1196.00,1194.80,1195.30,5823
1790666340,1195.30,1195.90,1194.30,1194.30,5116
1790666400,1194.70,1195.60,1194.30,1195.20,5338
1790666460,1195.10,1195.40,1194.30,1194.80,5978
1790666520,1195.20,1195.90,1194.20,1195.00,6342
1790666580,1195.00,1195.90,1194.90,1195.90,6014
1790666640,1195.80,1196.20,1194.90,1195.10,6470
1790666700,1195.00,1195.90,1194.90,1195.90,5395
1790666760,1195.80,1196.80,1195.50,1196.50,5987
1790666820,1196.80,1197.70,1195.50,1196.40,7992
1790666880,1196.40,1196.60,1195.00,1195.50,9960
1790666940,1195.30,1195.90,1195.00,1195.40,4095
1790667000,1195.60,1196.00,1195.40,1196.00,3993
1790667060,1195.80,1196.10,1195.50,1196.00,8275
1790667120,1196.10,1197.10,1196.00,1196.30,4688
1790667180,1196.50,1197.30,1195.80,1196.70,5565
1790667240,1197.00,1197.30,1196.40,1196.60,4875
1790667300,1196.70,1196.70,1196.00,1196.10,5078
1790667360,1196.60,1196.90,1196.10,1196.40,4669
1790667420,1197.00,1198.90,1196.70,1198.70,13716
1790667480,1198.70,1199.50,1198.20,1199.50,12417
1790667540,1199.10,1200.10,1199.10,1199.30,37531
1790667600,1199.40,1199.40,1198.00,1198.70,8632
1790667660,1198.80,1199.00,1197.40,1197.70,20436
1790667720,1198.00,1198.00,1197.00,1197.50,6629
1790667780,1197.50,1199.10,1197.40,1198.20,19763
1790667840,1198.40,1199.70,1197.70,1199.20,8299
1790667900,1199.30,1199.30,1197.60,1197.90,15449
1790667960,1197.80,1198.50,1197.80,1197.90,5427
1790668020,1198.00,1199.60,1197.90,1198.80,6157
1790668080,1198.80,1199.40,1198.80,1199.30,4884
1790668140,1199.20,1199.20,1197.40,1197.40,5900
1790668200,1197.60,1197.90,1196.80,1197.40,7347
1790668260,1197.40,1199.00,1197.30,1198.40,32423
1790668320,1197.90,1198.60,1197.50,1197.60,7764
1790668380,1197.80,1198.50,1197.30,1198.00,7960
1790668440,1198.20,1198.20,1196.70,1197.10,8570
1790668500,1197.20,1198.90,1197.20,1198.60,6162
1790668560,1198.60,1198.90,1197.70,1198.20,4727
1790668620,1198.20,1198.90,1198.20,1198.20,6348
1790668680,1198.20,1199.10,1197.30,1199.10,15852
1790668740,1199.00,1199.00,1198.00,1198.30,15465
1790668800,1198.10,1198.50,1197.40,1198.50,4788
1790668860,1198.40,1198.60,1197.50,1197.80,8088
1790668920,1198.30,1199.80,1197.80,1199.10,14969
1790668980,1199.10,1199.10,1197.60,1197.70,7381
1790669040,1197.70,1197.90,1196.60,1197.20,11994
1790669100,1197.40,1197.70,1196.60,1196.90,6104
1790669160,1196.90,1196.90,1196.00,1196.30,10306
1790669220,1196.10,1196.70,1196.00,1196.40,6097
1790669280,1196.70,1196.80,1196.00,1196.10,6679
1790669340,1196.10,1196.50,1196.00,1196.20,6211
1790669400,1196.30,1196.80,1196.00,1196.10,7501
1790669460,1196.20,1196.80,1196.00,1196.10,6455
1790669520,1196.30,1197.20,1196.00,1196.70,5419
1790669580,1196.70,1196.80,1196.00,1196.80,5512
1790669640,1196.70,1197.40,1196.70,1197.30,5478
1790669700,1197.10,1197.60,1196.90,1197.40,13616
1790669760,1197.50,1197.50,1196.90,1197.20,4665
1790669820,1197.50,1198.30,1197.30,1198.10,8766
1790669880,1198.20,1198.20,1197.10,1197.80,6339
1790669940,1198.00,1198.70,1197.90,1198.00,4955
1790670000,1198.10,1198.80,1197.70,1198.50,8060
1790670060,1198.60,1199.20,1198.60,1199.00,6012
1790670120,1199.10,1199.40,1198.10,1198.20,7379
1790670180,1198.20,1198.40,1197.50,1198.00,5546
1790670240,1198.00,1198.20,1197.20,1198.00,8298
1790670300,1198.30,1198.30,1197.60,1198.20,5182
1790670360,1198.00,1199.20,1197.90,1198.40,12741
1790670420,1198.40,1198.70,1197.90,1198.40,5531
1790670480,1198.10,1199.20,1197.90,1198.80,7454
1790670540,1199.00,1199.10,1198.30,1198.50,6716
1790670600,1198.50,1199.40,1197.80,1198.20,7840
1790670660,1198.20,1199.40,1198.10,1198.80,5437
1790670720,1198.80,1199.40,1198.50,1198.80,8256
1790670780,1198.90,1199.20,1198.10,1198.80,10573
1790670840,1198.70,1199.40,1198.30,1198.80,6906
1790670900,1199.30,1199.90,1198.50,1199.90,8471
1790670960,1199.90,1200.00,1199.00,1199.50,7459
1790671020,1199.40,1199.60,1198.20,1199.00,5771
1790671080,1199.00,1199.40,1198.50,1199.10,5452
1790671140,1199.20,1200.00,1199.10,1199.80,7663
1790671200,1199.80,1200.00,1199.30,1199.80,25761
1790671260,1200.00,1201.70,1199.70,1200.60,46317
1790671320,1200.30,1201.00,1200.10,1200.70,15397
1790671380,1200.90,1201.60,1200.40,1201.00,14295
1790671440,1201.00,1201.40,1200.60,1200.70,9027
1790671500,1200.20,1200.60,1200.00,1200.60,10301
1790671560,1200.20,1200.60,1200.00,1200.00,10941
1790671620,1200.00,1200.50,1199.50,1200.10,10796
1790671680,1200.10,1200.30,1200.00,1200.20,6760
1790671740,1200.20,1200.20,1199.30,1200.00,10653
1790671800,1200.00,1200.40,1200.00,1200.00,6252
1790671860,1200.30,1200.30,1200.00,1200.00,13692
1790671920,1200.20,1200.30,1199.70,1200.00,13850
1790671980,1200.00,1200.10,1198.00,1199.40,17958
1790672040,1199.40,1200.00,1198.70,1198.70,11499
1790672100,1198.80,1200.50,1198.70,1200.40,9287
1790672160,1200.20,1200.30,1199.30,1200.00,10950
1790672220,1200.10,1200.30,1199.40,1199.40,23100
1790672280,1199.50,1199.80,1198.00,1198.70,22659
1790672340,1198.70,1199.40,1198.20,1199.00,8902
1790672400,1199.20,1199.80,1197.90,1199.80,14973
1790672460,1199.90,1200.00,1198.90,1199.20,17238
1790672520,1199.40,1200.10,1199.10,1199.50,9725
1790672580,1199.70,1199.90,1198.00,1198.40,10681
1790672640,1198.30,1198.40,1197.30,1197.60,15002
1790672700,1197.60,1199.30,1197.40,1198.70,16166
1790672760,1198.90,1199.30,1198.00,1198.90,7732
1790672820,1198.80,1199.50,1198.10,1199.30,11143
1790672880,1199.50,1199.70,1198.70,1198.70,9235
1790672940,1198.90,1199.60,1198.30,1198.40,10456
1790673000,1198.40,1199.20,1198.20,1199.00,13994
1790673060,1199.10,1199.70,1198.80,1199.20,7097
1790673120,1199.00,1199.80,1198.30,1199.80,22294
1790673180,1199.50,1200.30,1199.00,1199.00,7288
1790673240,1199.10,1199.20,1198.70,1199.00,8100
1790673300,1199.00,1199.10,1198.10,1198.90,14324
1790673360,1199.00,1199.20,1198.50,1199.20,7915
1790673420,1199.00,1199.50,1198.80,1199.00,8648
1790673480,1199.00,1199.40,1198.70,1199.40,10502
1790673540,1199.30,1199.90,1198.80,1199.50,10274
1790673600,1199.50,1200.10,1199.50,1199.90,13850
1790673660,1200.00,1200.30,1199.70,1200.00,12917
1790673720,1200.10,1200.70,1199.80,1200.30,9114
1790673780,1200.20,1200.40,1199.70,1200.10,8865
1790673840,1200.00,1200.80,1200.00,1200.80,17666
1790673900,1200.80,1200.80,1199.20,1200.00,42359
1790673960,1200.10,1200.10,1199.20,1199.20,20863
1790674020,1199.50,1200.60,1199.20,1200.10,18029
1790674080,1200.60,1200.60,1200.00,1200.10,13896
1790674140,1200.10,1200.40,1199.90,1200.30,15474
1790674200,1200.00,1202.00,1199.50,1201.10,58958
1790674260,1201.20,1201.80,1200.40,1201.20,35025
1790674320,1201.10,1202.40,1201.10,1201.70,28304
1790674380,1201.70,1203.20,1201.70,1202.50,28085
1790674440,1202.60,1203.10,1201.80,1202.80,21511
1790674500,1202.80,1204.00,1202.80,1204.00,26042
1790674560,1204.00,1204.50,1203.80,1204.50,35816
1790674620,1204.50,1205.00,1203.90,1205.00,41039
1790674680,1204.80,1205.00,1203.90,1204.50,35899
1790674740,1204.70,1205.00,1204.00,1205.00,45266
1790674800,1204.90,1205.50,1204.80,1204.90,85475
1790674860,1205.00,1206.00,1204.90,1206.00,27882
1790674920,1206.30,1207.30,1204.90,1205.80,49978
1790674980,1205.60,1206.20,1204.40,1205.60,33830
1790675040,1204.60,1206.00,1202.20,1205.00,14561
1790675100,1202.00,1202.00,1202.00,1202.00,74
1790675160,1202.00,1202.00,1202.00,1202.00,0
1790675220,1202.00,1202.00,1202.00,1202.00,0
1790675280,1202.00,1202.00,1202.00,1202.00,0
1790675340,1202.00,1202.00,1202.00,1202.00,0
1790675400,1202.00,1202.00,1202.00,1202.00,0
1790675460,1202.00,1202.00,1202.00,1202.00,0
1790675520,1202.00,1202.00,1202.00,1202.00,0
1790675580,1202.00,1202.00,1202.00,1202.00,0
1790675640,1202.00,1202.00,1202.00,1202.00,0
1790675700,1202.00,1202.00,1202.00,1202.00,0
1790675760,1202.00,1202.00,1202.00,1202.00,0
1790675820,1202.00,1202.00,1202.00,1202.00,0
1790675880,1202.00,1202.00,1202.00,1202.00,0
1790675940,1202.00,1212.10,1202.00,1212.10,2301357
1790739900,1201.10,1209.50,1201.10,1205.80,100564
1790739960,1205.70,1207.50,1205.30,1205.30,21139
1790740020,1205.70,1205.70,1203.20,1203.50,24122
1790740080,1203.20,1203.50,1202.50,1203.10,20129
1790740140,1203.10,1204.80,1203.10,1204.00,15960
1790740200,1204.20,1205.70,1204.20,1205.70,13734
1790740260,1205.70,1206.90,1205.30,1206.50,24810
1790740320,1206.90,1206.90,1206.30,1206.70,11255
1790740380,1207.20,1211.00,1207.20,1211.00,32664
1790740440,1211.00,1212.00,1210.20,1210.60,19128
1790740500,1210.60,1211.10,1207.60,1207.60,14458
1790740560,1207.90,1212.20,1207.90,1212.10,37279
1790740620,1212.50,1214.60,1211.70,1214.50,24923
1790740680,1214.90,1217.50,1214.80,1216.30,28785
1790740740,1216.20,1216.40,1215.30,1216.40,27070
1790740800,1215.80,1216.30,1215.00,1215.00,103402
1790740860,1215.00,1216.50,1215.00,1215.00,55888
1790740920,1215.10,1215.30,1214.40,1214.70,79883
1790740980,1214.30,1214.70,1211.60,1211.60,12889
1790741040,1211.80,1212.60,1211.80,1212.30,4145
1790741100,1212.40,1213.20,1212.40,1213.00,6810
1790741160,1213.00,1213.00,1210.10,1210.30,9588
1790741220,1210.40,1211.30,1210.30,1211.10,7676
1790741280,1210.70,1211.10,1210.40,1211.00,7710
1790741340,1211.00,1211.20,1210.80,1210.80,5208
1790741400,1210.60,1211.60,1210.60,1210.90,5127
1790741460,1210.70,1212.00,1210.70,1211.90,6216
1790741520,1212.10,1213.50,1212.10,1212.90,4319
1790741580,1212.90,1213.50,1212.90,1213.50,3360
1790741640,1213.50,1214.50,1213.10,1214.50,10716
1790741700,1214.20,1214.70,1213.60,1213.90,10435
1790741760,1213.70,1213.90,1212.90,1213.30,5844
1790741820,1212.90,1213.00,1211.30,1211.80,11130
1790741880,1211.50,1213.00,1211.50,1212.90,9711
1790741940,1212.60,1213.30,1212.30,1212.80,5390
1790742000,1212.90,1215.40,1212.90,1215.00,11916
1790742060,1215.40,1215.40,1214.20,1214.40,7063
1790742120,1214.40,1214.40,1211.50,1211.80,6005
1790742180,1211.80,1214.10,1211.20,1214.10,11650
1790742240,1213.60,1213.90,1213.50,1213.70,5207
1790742300,1213.80,1214.10,1213.00,1213.30,5154
1790742360,1213.30,1213.90,1213.30,1213.60,2954
1790742420,1213.50,1213.70,1213.10,1213.10,5309
1790742480,1212.90,1214.00,1212.70,1213.90,5488
1790742540,1214.00,1214.10,1213.00,1213.50,5317
1790742600,1213.40,1213.70,1212.60,1213.70,16151
1790742660,1213.70,1213.90,1212.80,1213.20,2194
1790742720,1213.20,1213.70,1213.20,1213.70,2048
1790742780,1213.60,1214.10,1213.60,1213.60,4343
1790742840,1214.10,1214.60,1214.00,1214.50,3720
1790742900,1214.40,1214.40,1213.90,1214.30,4865
1790742960,1214.30,1215.00,1214.30,1215.00,3281
1790743020,1214.90,1215.20,1214.60,1214.60,4942
1790743080,1215.20,1215.30,1214.70,1214.80,4089
1790743140,1214.80,1215.10,1214.80,1214.90,2478
1790743200,1215.00,1215.00,1214.80,1215.00,3187
1790743260,1215.00,1215.60,1214.70,1214.80,12152
1790743320,1214.70,1215.30,1214.50,1215.30,5506
1790743380,1215.00,1215.80,1214.80,1214.80,4296
1790743440,1214.90,1215.90,1214.80,1215.40,5801
1790743500,1215.40,1216.00,1215.00,1215.70,8330
1790743560,1215.50,1216.80,1215.50,1216.20,5585
1790743620,1216.20,1216.70,1215.60,1215.90,3015
1790743680,1215.80,1216.10,1215.30,1215.90,17385
1790743740,1215.80,1216.10,1215.40,1216.00,3223
1790743800,1216.10,1218.40,1216.00,1218.40,19929
1790743860,1218.20,1219.00,1217.40,1217.90,18930
1790743920,1217.70,1218.60,1217.40,1218.20,7577
1790743980,1218.20,1218.50,1217.20,1217.20,5736
1790744040,1216.90,1217.20,1216.80,1216.90,7775
1790744100,1217.00,1217.40,1216.80,1217.40,4044
1790744160,1217.30,1218.00,1217.20,1217.40,6337
1790744220,1217.80,1218.30,1217.00,1217.00,5950
1790744280,1217.10,1217.80,1217.00,1217.40,7292
1790744340,1217.40,1217.50,1217.00,1217.20,5685
1790744400,1217.00,1217.30,1216.30,1216.30,5911
1790744460,1216.50,1216.90,1215.60,1216.10,9383
1790744520,1215.90,1216.50,1215.90,1216.20,6938
1790744580,1216.20,1216.40,1214.60,1215.20,22954
1790744640,1214.80,1215.40,1214.40,1214.50,13041
1790744700,1214.90,1214.90,1214.00,1214.80,3705
1790744760,1214.50,1215.50,1214.50,1215.00,8454
1790744820,1214.90,1215.40,1213.80,1215.40,10157
1790744880,1215.40,1217.50,1215.40,1217.30,8221
1790744940,1217.20,1218.00,1216.20,1218.00,14855
1790745000,1217.90,1219.00,1217.90,1218.00,11814
1790745060,1218.00,1218.00,1217.10,1217.20,2276
1790745120,1217.10,1217.10,1216.80,1216.90,3224
1790745180,1216.90,1217.10,1215.80,1216.20,8690
1790745240,1216.10,1216.20,1214.50,1214.50,9465
1790745300,1214.50,1215.80,1214.30,1215.70,5800
1790745360,1215.70,1216.50,1215.60,1216.50,9543
1790745420,1216.50,1217.50,1216.20,1217.50,2379
1790745480,1217.50,1219.00,1217.40,1219.00,16570
1790745540,1219.00,1219.00,1218.20,1219.00,5884
1790745600,1218.90,1219.50,1218.80,1219.40,6985
1790745660,1219.50,1220.90,1219.40,1220.20,30163
1790745720,1220.10,1220.10,1218.50,1219.10,5935
1790745780,1219.10,1219.10,1218.70,1219.10,4454
1790745840,1219.70,1220.00,1219.00,1219.20,4799
1790745900,1219.10,1219.30,1218.40,1218.60,4109
1790745960,1218.50,1218.80,1217.70,1218.10,8485
1790746020,1218.10,1218.30,1217.40,1218.00,7593
1790746080,1217.90,1218.20,1217.40,1218.20,3600
1790746140,1218.20,1218.20,1217.20,1217.90,5715
1790746200,1217.90,1217.90,1217.30,1217.80,4009
1790746260,1217.80,1219.30,1217.80,1219.30,4270
1790746320,1219.30,1219.60,1219.30,1219.60,2416
1790746380,1219.40,1220.00,1219.20,1219.90,3201
1790746440,1219.90,1220.00,1219.50,1219.60,4990
1790746500,1219.60,1219.60,1219.20,1219.50,3067
1790746560,1219.60,1219.90,1219.00,1219.70,6145
1790746620,1219.80,1220.40,1219.30,1220.20,8343
1790746680,1220.00,1220.80,1219.60,1220.00,7927
1790746740,1219.60,1220.30,1219.50,1219.90,4842
1790746800,1219.80,1220.30,1219.20,1220.20,6969
1790746860,1220.20,1220.40,1219.10,1220.00,7853
1790746920,1219.90,1220.80,1219.80,1220.40,4554
1790746980,1220.40,1220.70,1220.20,1220.20,4766
1790747040,1220.30,1220.90,1220.10,1220.70,5752
1790747100,1220.70,1220.70,1219.30,1220.00,4863
1790747160,1219.90,1220.40,1219.60,1219.70,4197
1790747220,1220.00,1220.40,1219.90,1220.00,4233
1790747280,1219.90,1220.60,1219.80,1220.20,4568
1790747340,1220.40,1221.60,1220.00,1220.70,17433
1790747400,1220.50,1220.50,1219.50,1220.50,12394
1790747460,1220.50,1220.60,1219.50,1219.80,16196
1790747520,1219.80,1220.20,1219.70,1220.00,4509
1790747580,1219.70,1219.70,1219.30,1219.60,8101
1790747640,1219.90,1220.00,1219.60,1220.00,7237
1790747700,1220.00,1220.10,1219.70,1220.10,4044
1790747760,1219.90,1220.10,1219.30,1219.90,4717
1790747820,1219.90,1220.40,1219.70,1220.20,4043
1790747880,1220.20,1221.80,1220.10,1221.80,6606
1790747940,1221.90,1222.20,1221.00,1221.50,19725
1790748000,1221.50,1222.20,1221.20,1222.20,6822
1790748060,1222.20,1222.50,1221.90,1222.40,6359
1790748120,1222.40,1222.60,1222.20,1222.40,3226
1790748180,1222.30,1222.70,1221.10,1221.50,10015
1790748240,1221.50,1222.10,1221.20,1222.10,10403
1790748300,1221.80,1223.10,1221.80,1222.20,9677
1790748360,1222.10,1222.10,1221.20,1221.70,2025
1790748420,1221.70,1222.20,1221.40,1222.20,2060
1790748480,1222.10,1222.40,1221.80,1221.90,1705
1790748540,1221.90,1222.30,1221.20,1222.20,3486
1790748600,1222.30,1222.30,1221.20,1221.80,8037
1790748660,1221.80,1222.10,1221.10,1222.10,4332
1790748720,1221.90,1222.10,1220.80,1221.20,3715
1790748780,1221.00,1221.40,1220.90,1221.40,2144
1790748840,1221.30,1221.40,1220.70,1221.30,4739
1790748900,1221.20,1221.40,1221.00,1221.20,2618
1790748960,1221.20,1221.40,1220.70,1221.40,2496
1790749020,1221.00,1221.40,1220.90,1221.30,1329
1790749080,1221.30,1221.50,1221.20,1221.40,3674
1790749140,1221.40,1221.70,1221.00,1221.60,3128
1790749200,1221.50,1221.90,1221.50,1221.80,3459
1790749260,1221.80,1221.80,1221.50,1221.60,4617
1790749320,1221.50,1221.70,1221.50,1221.60,2695
1790749380,1221.70,1221.70,1221.50,1221.70,2687
1790749440,1221.60,1222.70,1221.60,1222.50,10626
1790749500,1222.40,1223.60,1222.30,1223.60,15760
1790749560,1223.50,1224.60,1223.50,1224.30,20847
1790749620,1224.30,1224.50,1223.60,1223.70,4167
1790749680,1223.70,1225.40,1223.70,1224.50,39581
1790749740,1224.20,1225.30,1224.20,1224.90,18447
1790749800,1224.70,1226.60,1224.70,1224.70,47049
1790749860,1225.20,1226.30,1224.90,1226.30,8869
1790749920,1226.30,1227.20,1225.80,1227.00,14531
1790749980,1227.70,1228.10,1226.50,1227.30,38291
1790750040,1227.20,1229.10,1227.20,1228.20,59331
1790750100,1228.20,1228.40,1227.00,1227.00,11643
1790750160,1226.80,1226.90,1226.40,1226.60,7789
1790750220,1226.70,1226.90,1226.60,1226.70,1796
1790750280,1226.80,1227.00,1226.70,1226.90,9529
1790750340,1226.80,1227.00,1226.60,1226.90,5128
1790750400,1227.10,1228.20,1226.70,1228.00,21249
1790750460,1227.60,1227.70,1226.20,1226.30,4421
1790750520,1226.30,1227.00,1225.50,1227.00,12478
1790750580,1227.00,1227.00,1226.60,1226.80,7913
1790750640,1227.00,1227.20,1226.90,1227.20,4988
1790750700,1227.10,1227.10,1226.00,1226.00,12918
1790750760,1226.10,1226.60,1225.50,1226.40,7690
1790750820,1226.60,1226.70,1226.40,1226.50,2793
1790750880,1226.40,1226.40,1224.70,1225.40,39714
1790750940,1225.00,1226.20,1225.00,1225.50,18055
1790751000,1225.50,1226.60,1225.30,1226.60,14135
1790751060,1226.20,1227.90,1226.20,1227.40,21038
1790751120,1227.10,1229.00,1227.00,1228.90,5446
1790751180,1229.00,1230.60,1229.00,1230.60,24766
1790751240,1230.60,1231.00,1229.90,1230.00,9844
1790751300,1230.40,1230.50,1229.50,1230.20,8574
1790751360,1230.40,1230.60,1230.10,1230.10,3514
1790751420,1230.50,1230.50,1228.80,1229.70,17572
1790751480,1229.70,1231.00,1229.70,1230.90,10095
1790751540,1230.90,1230.90,1229.70,1230.00,3612
1790751600,1229.50,1230.80,1229.50,1230.00,11886
1790751660,1230.00,1231.70,1230.00,1231.70,5732
1790751720,1231.70,1232.00,1230.80,1231.00,5837
1790751780,1230.90,1232.20,1230.90,1232.00,16473
1790751840,1231.90,1232.80,1231.90,1232.60,8297
1790751900,1232.80,1233.60,1232.70,1233.60,17353
1790751960,1233.50,1235.80,1232.50,1232.90,47210
1790752020,1232.50,1234.00,1232.30,1233.50,10118
1790752080,1233.50,1234.00,1233.20,1233.90,7697
1790752140,1234.00,1234.10,1232.70,1233.20,6193
1790752200,1233.20,1234.20,1233.00,1234.20,7403
1790752260,1234.20,1234.70,1232.80,1234.70,7466
1790752320,1234.60,1234.70,1232.30,1232.80,9835
1790752380,1233.20,1233.20,1232.50,1232.90,2797
1790752440,1232.90,1234.40,1232.90,1234.40,6597
1790752500,1234.40,1235.20,1234.10,1234.50,15929
1790752560,1234.40,1236.00,1234.40,1235.70,8989
1790752620,1235.30,1236.00,1234.80,1235.30,11498
1790752680,1235.30,1236.00,1235.10,1235.90,5234
1790752740,1236.00,1236.50,1234.70,1235.10,15480
1790752800,1235.20,1235.40,1233.80,1234.20,8279
1790752860,1234.20,1234.50,1233.10,1234.20,8151
1790752920,1234.20,1234.50,1233.50,1233.80,5154
1790752980,1233.90,1234.20,1233.90,1234.20,3332
1790753040,1234.30,1234.40,1233.70,1234.10,3025
1790753100,1234.10,1234.40,1233.10,1233.40,5484
1790753160,1233.30,1233.40,1233.00,1233.30,3545
1790753220,1233.30,1233.50,1233.00,1233.00,5340
1790753280,1233.20,1233.20,1232.00,1232.50,13787
1790753340,1232.60,1233.70,1232.60,1233.50,14600
1790753400,1233.20,1233.20,1232.70,1233.00,4115
1790753460,1232.80,1233.10,1232.30,1233.00,6053
1790753520,1233.00,1233.70,1232.80,1233.70,4914
1790753580,1233.80,1234.00,1232.90,1233.40,10152
1790753640,1233.40,1233.90,1233.00,1233.70,6191
1790753700,1233.70,1233.70,1232.90,1233.50,4854
1790753760,1233.40,1233.70,1233.30,1233.60,4787
1790753820,1233.40,1233.60,1233.00,1233.10,6172
1790753880,1233.20,1234.00,1233.10,1233.90,7078
1790753940,1234.00,1234.90,1233.20,1234.10,25065
1790754000,1234.00,1234.00,1233.40,1234.00,6853
1790754060,1234.00,1234.00,1233.30,1233.60,4664
1790754120,1233.80,1233.90,1233.30,1233.60,7861
1790754180,1233.70,1233.90,1233.00,1233.60,8779
1790754240,1233.60,1233.70,1232.30,1233.00,20528
1790754300,1233.40,1234.00,1233.30,1233.90,4326
1790754360,1234.00,1234.00,1233.60,1233.70,4191
1790754420,1233.80,1234.10,1233.60,1234.10,4928
1790754480,1234.00,1234.20,1233.80,1234.10,4070
1790754540,1234.10,1234.20,1233.80,1234.10,5146
1790754600,1234.10,1234.10,1233.90,1234.00,4377
1790754660,1233.90,1234.40,1233.80,1234.10,5424
1790754720,1234.10,1234.60,1233.70,1234.30,7208
1790754780,1234.30,1236.90,1233.80,1236.60,185810
1790754840,1236.20,1237.10,1235.30,1235.40,54080
1790754900,1235.60,1236.90,1235.30,1235.30,20065
1790754960,1235.30,1236.10,1235.00,1235.40,12941
1790755020,1235.40,1235.90,1235.30,1235.60,5667
1790755080,1235.50,1235.80,1235.10,1235.40,12078
1790755140,1235.40,1235.70,1235.00,1235.40,4883
1790755200,1235.10,1235.70,1235.00,1235.70,4720
1790755260,1235.50,1236.80,1235.50,1236.40,9586
1790755320,1236.40,1236.90,1235.50,1235.50,11265
1790755380,1235.80,1236.50,1235.70,1236.50,5286
1790755440,1236.50,1236.60,1235.80,1236.10,7462
1790755500,1236.10,1236.80,1235.00,1236.80,31095
1790755560,1236.60,1236.80,1235.80,1235.80,7258
1790755620,1235.80,1236.00,1234.50,1234.70,9766
1790755680,1234.80,1235.20,1233.90,1234.80,20570
1790755740,1235.20,1235.40,1234.60,1235.10,8169
1790755800,1235.10,1235.10,1234.70,1234.80,5506
1790755860,1235.20,1235.20,1234.40,1234.60,5326
1790755920,1234.60,1235.20,1234.40,1234.70,8645
1790755980,1234.90,1235.20,1233.60,1233.60,25877
1790756040,1233.70,1234.20,1232.70,1232.70,23089
1790756100,1232.70,1233.00,1231.60,1233.00,18240
1790756160,1232.90,1233.00,1232.60,1232.70,5122
1790756220,1232.70,1233.60,1232.40,1233.50,35917
1790756280,1233.00,1233.70,1232.80,1233.00,24213
1790756340,1233.10,1234.00,1233.00,1233.30,4764
1790756400,1233.30,1233.30,1233.00,1233.20,4336
1790756460,1233.20,1234.00,1233.20,1233.60,5844
1790756520,1233.60,1234.00,1232.90,1232.90,8245
1790756580,1233.00,1233.90,1232.90,1233.20,10965
1790756640,1233.30,1234.00,1233.20,1233.70,7215
1790756700,1233.80,1234.70,1233.70,1234.30,8466
1790756760,1234.30,1234.70,1234.00,1234.20,13834
1790756820,1234.40,1234.90,1234.30,1234.80,7884
1790756880,1234.80,1235.10,1234.10,1234.30,36511
1790756940,1234.50,1234.70,1233.60,1233.80,21983
1790757000,1233.80,1234.20,1232.20,1232.80,29354
1790757060,1233.00,1233.50,1232.30,1233.20,28277
1790757120,1233.20,1233.50,1232.60,1233.00,8644
1790757180,1233.10,1234.70,1232.90,1234.70,5298
1790757240,1234.70,1234.70,1234.30,1234.40,5065
1790757300,1234.50,1234.70,1233.70,1234.10,7583
1790757360,1234.10,1234.40,1233.10,1233.90,33310
1790757420,1233.70,1234.60,1233.20,1234.50,31578
1790757480,1234.40,1234.80,1234.20,1234.60,5997
1790757540,1234.60,1234.60,1234.30,1234.50,7474
1790757600,1234.30,1234.60,1234.20,1234.50,6005
1790757660,1234.40,1234.40,1233.30,1233.70,13201
1790757720,1233.60,1233.70,1233.00,1233.20,7817
1790757780,1233.40,1233.50,1232.80,1233.00,5356
1790757840,1232.90,1233.00,1232.60,1232.70,6167
1790757900,1232.60,1232.70,1230.80,1231.00,18266
1790757960,1231.00,1231.70,1230.70,1230.90,29559
1790758020,1230.90,1231.40,1230.30,1230.40,12370
1790758080,1230.50,1231.40,1230.10,1230.90,20815
1790758140,1230.90,1230.90,1230.70,1230.80,7550
1790758200,1230.70,1232.70,1230.40,1232.00,112125
1790758260,1231.70,1231.80,1230.60,1230.90,25489
1790758320,1230.90,1231.40,1230.60,1230.70,10700
1790758380,1230.60,1231.10,1228.80,1229.50,19581
1790758440,1229.10,1230.00,1229.10,1229.90,18928
1790758500,1229.90,1230.20,1229.40,1229.40,22664
1790758560,1229.60,1229.60,1228.70,1228.90,17361
1790758620,1229.00,1229.70,1228.80,1229.10,11794
1790758680,1228.80,1229.10,1228.00,1228.20,14127
1790758740,1228.10,1228.50,1227.20,1227.90,20075
1790758800,1227.80,1228.00,1226.80,1226.80,14881
1790758860,1227.10,1227.60,1226.10,1227.50,19841
1790758920,1227.50,1227.50,1226.00,1226.20,17036
1790758980,1226.30,1226.40,1225.20,1225.70,24192
1790759040,1225.80,1226.10,1225.70,1226.10,13257
1790759100,1225.90,1226.10,1225.20,1225.20,18297
1790759160,1225.40,1225.50,1224.90,1225.00,26377
1790759220,1225.20,1225.20,1224.80,1224.90,15655
1790759280,1225.00,1226.50,1224.50,1225.50,23634
1790759340,1225.40,1225.50,1224.60,1224.80,14946
1790759400,1225.00,1225.10,1224.70,1225.00,15785
1790759460,1225.00,1225.10,1224.80,1225.10,16923
1790759520,1224.90,1225.50,1224.00,1224.00,23468
1790759580,1224.00,1224.50,1223.60,1224.20,22847
1790759640,1224.10,1224.20,1223.90,1224.10,11864
1790759700,1224.10,1226.20,1224.10,1225.80,43421
1790759760,1226.10,1227.90,1225.40,1227.80,43455
1790759820,1227.70,1228.10,1227.30,1227.80,22838
1790759880,1227.50,1228.60,1227.30,1228.10,22336
1790759940,1228.00,1229.40,1228.00,1229.30,18555
1790760000,1229.30,1229.30,1227.80,1228.30,32459
1790760060,1228.50,1228.70,1228.00,1228.50,18838
1790760120,1228.50,1229.20,1227.80,1228.00,29108
1790760180,1228.40,1229.00,1227.70,1227.80,22363
1790760240,1227.70,1228.60,1227.70,1228.00,25916
1790760300,1228.10,1228.80,1228.10,1228.30,22056
1790760360,1228.20,1228.40,1227.80,1228.20,32786
1790760420,1228.20,1228.20,1228.00,1228.10,20912
1790760480,1228.10,1228.10,1227.50,1227.60,53702
1790760540,1227.70,1228.40,1227.30,1228.40,49298
1790760600,1228.10,1229.00,1228.00,1228.80,29707
1790760660,1228.80,1228.90,1228.50,1228.60,23372
1790760720,1228.60,1228.60,1228.50,1228.50,18165
1790760780,1228.60,1228.80,1228.00,1228.30,52241
1790760840,1228.30,1228.50,1227.00,1227.20,53667
1790760900,1227.10,1227.20,1226.80,1227.10,68248
1790760960,1227.10,1227.20,1227.00,1227.20,49528
1790761020,1227.60,1227.60,1225.50,1225.90,151693
1790761080,1225.90,1226.20,1225.00,1225.10,20790
1790761140,1225.10,1225.50,1225.00,1225.20,21197
1790761200,1225.30,1225.80,1223.70,1224.00,90604
1790761260,1224.10,1224.10,1223.20,1223.30,87722
1790761320,1223.80,1224.20,1223.10,1223.80,141138
1790761380,1224.00,1224.20,1223.00,1223.90,116047
1790761440,1223.20,1225.00,1221.30,1225.00,62517
1790761500,1225.00,1225.00,1225.00,1225.00,48
1790761560,1225.00,1225.00,1225.00,1225.00,0
1790761620,1225.00,1225.00,1225.00,1225.00,0
1790761680,1225.00,1225.00,1225.00,1225.00,0
1790761740,1225.00,1225.00,1225.00,1225.00,0
1790761800,1225.00,1225.00,1225.00,1225.00,0
1790761860,1225.00,1225.00,1225.00,1225.00,0
1790761920,1225.00,1225.00,1225.00,1225.00,0
1790761980,1225.00,1225.00,1225.00,1225.00,0
1790762040,1225.00,1225.00,1225.00,1225.00,0
1790762100,1225.00,1225.00,1225.00,1225.00,0
1790762160,1225.00,1225.00,1225.00,1225.00,0
1790762220,1225.00,1225.00,1225.00,1225.00,0
1790762280,1225.00,1226.00,1225.00,1226.00,515819
1790762340,1226.00,1226.00,1226.00,1226.00,0
1790826300,1219.10,1231.60,1219.10,1230.10,67649
1790826360,1229.60,1234.90,1228.80,1230.70,69652
1790826420,1230.70,1231.70,1227.50,1231.00,30722
1790826480,1231.00,1231.00,1229.10,1230.30,26419
1790826540,1230.30,1231.30,1230.00,1230.50,37003
1790826600,1230.80,1231.10,1230.30,1231.00,19202
1790826660,1230.90,1232.60,1230.50,1231.40,63151
1790826720,1231.60,1231.80,1230.00,1230.10,18832
1790826780,1230.10,1232.80,1229.50,1232.60,108268
1790826840,1232.30,1232.60,1231.10,1232.10,26474
1790826900,1232.00,1234.90,1231.70,1234.60,56949
1790826960,1234.60,1234.80,1233.60,1234.80,73092
1790827020,1234.70,1235.00,1234.20,1234.20,17517
1790827080,1234.40,1235.80,1233.70,1235.10,58379
1790827140,1234.90,1236.50,1234.10,1236.10,75961
1790827200,1236.40,1239.00,1235.80,1237.50,39665
1790827260,1238.10,1238.80,1237.00,1237.20,57952
1790827320,1237.20,1238.40,1236.80,1237.10,12848
1790827380,1237.10,1237.50,1234.60,1234.60,19189
1790827440,1235.10,1235.10,1232.40,1232.60,30737
1790827500,1232.70,1234.20,1232.70,1234.10,8937
1790827560,1234.20,1235.40,1233.60,1234.70,14502
1790827620,1234.70,1234.70,1233.00,1233.20,11054
1790827680,1233.50,1233.90,1232.50,1232.60,8619
1790827740,1232.50,1232.50,1231.50,1231.80,5346
1790827800,1232.50,1233.00,1231.60,1232.10,9793
1790827860,1232.10,1233.00,1232.00,1232.10,8850
1790827920,1232.10,1232.60,1231.80,1232.00,4669
1790827980,1232.00,1232.50,1231.70,1232.00,10160
1790828040,1231.80,1233.20,1231.80,1232.50,6760
1790828100,1232.10,1233.10,1231.70,1232.90,8555
1790828160,1233.00,1233.70,1232.30,1233.40,5830
1790828220,1233.70,1235.20,1233.70,1235.20,13038
1790828280,1235.20,1235.20,1233.70,1234.30,14701
1790828340,1234.40,1234.90,1233.60,1234.50,6319
1790828400,1234.50,1234.50,1232.80,1233.60,8965
1790828460,1233.60,1236.40,1233.60,1235.00,59918
1790828520,1234.60,1235.90,1234.10,1235.80,13968
1790828580,1235.50,1236.00,1234.70,1235.80,19686
1790828640,1235.80,1235.80,1233.90,1233.90,10119
1790828700,1234.10,1235.90,1233.90,1235.90,13625
1790828760,1235.90,1237.10,1235.20,1237.00,24058
1790828820,1236.50,1237.00,1235.90,1236.80,6307
1790828880,1236.80,1236.80,1236.30,1236.80,4594
1790828940,1236.80,1239.60,1236.80,1239.10,27230
1790829000,1239.10,1240.00,1238.30,1239.60,26138
1790829060,1239.20,1240.70,1239.20,1240.10,9705
1790829120,1240.00,1241.60,1239.30,1240.10,11898
1790829180,1239.80,1239.80,1236.90,1237.60,9821
1790829240,1237.90,1239.50,1237.50,1239.50,4069
1790829300,1239.30,1239.30,1238.00,1239.00,5716
1790829360,1239.10,1239.30,1237.90,1238.00,3053
1790829420,1238.50,1238.60,1237.70,1238.60,6828
1790829480,1238.50,1238.60,1236.10,1236.10,10462
1790829540,1236.10,1236.90,1236.00,1236.00,8563
1790829600,1236.40,1236.80,1235.60,1236.10,9229
1790829660,1236.50,1236.80,1235.10,1235.40,11678
1790829720,1235.90,1236.10,1235.00,1235.70,8009
1790829780,1236.00,1236.10,1235.00,1235.50,6664
1790829840,1235.60,1235.60,1234.90,1235.50,5687
1790829900,1235.50,1236.80,1234.90,1236.50,7197
1790829960,1236.50,1237.20,1236.10,1236.60,5658
1790830020,1236.60,1236.60,1235.20,1235.60,5216
1790830080,1235.50,1236.40,1235.20,1235.60,4436
1790830140,1235.60,1236.00,1235.20,1235.80,2260
1790830200,1235.60,1236.10,1235.60,1236.10,3997
1790830260,1236.10,1238.10,1235.90,1236.40,11441
1790830320,1236.40,1237.30,1236.00,1236.30,8235
1790830380,1236.30,1236.80,1236.00,1236.80,2325
1790830440,1236.40,1236.40,1235.70,1235.80,3599
1790830500,1235.80,1236.80,1235.50,1236.60,13267
1790830560,1236.60,1237.00,1235.60,1236.30,6185
1790830620,1236.00,1237.00,1235.70,1236.60,3614
1790830680,1236.60,1236.90,1236.20,1236.90,1787
1790830740,1236.90,1237.40,1236.50,1237.40,4749
1790830800,1237.10,1237.20,1236.60,1237.20,2926
1790830860,1237.20,1239.10,1236.90,1239.10,19956
1790830920,1239.40,1240.00,1239.00,1239.50,20996
1790830980,1239.50,1239.80,1238.60,1239.40,4306
1790831040,1239.30,1239.40,1238.50,1239.10,5756
1790831100,1239.20,1239.30,1238.40,1238.90,3735
1790831160,1239.00,1239.80,1239.00,1239.40,11285
1790831220,1239.40,1239.50,1238.80,1239.20,3230
1790831280,1239.20,1239.60,1238.70,1239.20,3990
1790831340,1239.20,1239.20,1238.30,1238.90,7920
1790831400,1239.00,1239.10,1237.90,1238.30,2829
1790831460,1238.30,1238.80,1237.90,1238.00,2703
1790831520,1238.00,1238.50,1237.60,1237.70,6049
1790831580,1237.70,1237.70,1236.70,1237.10,2433
1790831640,1237.00,1237.00,1236.10,1236.50,6952
1790831700,1236.50,1236.50,1236.00,1236.00,14816
1790831760,1236.10,1236.10,1235.40,1236.10,32210
1790831820,1236.10,1236.50,1236.10,1236.50,2566
1790831880,1236.50,1237.00,1235.60,1237.00,6579
1790831940,1236.80,1237.00,1236.30,1236.40,1470
1790832000,1236.50,1236.90,1235.60,1236.50,4890
1790832060,1236.40,1236.80,1235.80,1236.80,3362
1790832120,1236.40,1236.80,1235.80,1236.30,6174
1790832180,1236.30,1236.40,1235.60,1235.60,4286
1790832240,1235.90,1236.00,1235.20,1235.60,6370
1790832300,1235.60,1235.70,1234.20,1234.70,39128
1790832360,1234.70,1235.90,1234.60,1235.50,16630
1790832420,1235.50,1235.70,1235.00,1235.60,21082
1790832480,1235.60,1235.60,1234.00,1234.40,2326
1790832540,1234.40,1235.20,1233.20,1233.60,19855
1790832600,1233.60,1233.60,1232.50,1233.00,9194
1790832660,1232.80,1233.20,1231.40,1231.60,16342
1790832720,1231.60,1232.00,1231.50,1231.80,4701
1790832780,1231.80,1231.80,1230.40,1231.70,6356
1790832840,1231.70,1233.50,1231.60,1233.10,23093
1790832900,1233.10,1233.60,1231.70,1231.70,18890
1790832960,1231.90,1233.00,1231.70,1232.50,9814
1790833020,1232.30,1232.50,1231.70,1232.00,7025
1790833080,1232.00,1232.00,1231.40,1232.00,3789
1790833140,1232.10,1232.10,1231.20,1231.20,3785
1790833200,1231.30,1231.90,1231.00,1231.80,5266
1790833260,1231.80,1232.10,1231.30,1231.80,3799
1790833320,1231.70,1231.90,1230.60,1230.90,4633
1790833380,1231.10,1231.20,1230.50,1231.10,3311
1790833440,1231.10,1231.10,1230.70,1231.10,1568
1790833500,1231.10,1231.60,1230.80,1231.50,3664
1790833560,1231.30,1231.60,1231.00,1231.30,2271
1790833620,1231.30,1231.90,1231.00,1231.30,4126
1790833680,1231.30,1231.80,1231.00,1231.20,1960
1790833740,1231.30,1231.60,1230.70,1231.20,2772
1790833800,1231.20,1232.10,1230.90,1230.90,2932
1790833860,1230.50,1232.10,1230.10,1231.50,27638
1790833920,1231.50,1231.50,1230.10,1231.10,4578
1790833980,1231.10,1231.20,1230.00,1231.10,9789
1790834040,1230.90,1231.20,1230.70,1231.00,2938
1790834100,1231.20,1231.20,1230.30,1230.80,5989
1790834160,1230.80,1231.60,1230.70,1231.20,2232
1790834220,1231.40,1231.80,1231.10,1231.20,3851
1790834280,1231.20,1231.20,1230.40,1231.00,5982
1790834340,1230.90,1231.20,1230.40,1231.10,3502
1790834400,1231.10,1233.70,1230.60,1233.60,9851
1790834460,1233.60,1233.80,1233.00,1233.50,15028
1790834520,1233.50,1233.50,1232.30,1232.70,2567
1790834580,1232.70,1232.80,1231.70,1232.80,13419
1790834640,1232.70,1232.80,1231.70,1232.80,5552
1790834700,1232.80,1233.00,1232.50,1233.00,3574
1790834760,1233.00,1233.50,1232.60,1233.30,2664
1790834820,1233.30,1234.60,1233.20,1234.30,8701
1790834880,1234.20,1234.60,1233.60,1233.60,13500
1790834940,1233.60,1234.20,1233.00,1234.10,4047
1790835000,1233.90,1233.90,1233.10,1233.40,4966
1790835060,1233.40,1234.50,1233.10,1234.50,8061
1790835120,1234.50,1237.50,1234.50,1237.10,143516
1790835180,1237.00,1238.50,1237.00,1238.10,41581
1790835240,1238.00,1239.70,1238.00,1239.10,42575
1790835300,1239.10,1239.50,1237.00,1237.00,28471
1790835360,1236.80,1237.10,1235.10,1235.80,8220
1790835420,1235.40,1239.00,1235.10,1238.20,55700
1790835480,1237.60,1237.70,1235.60,1236.20,13485
1790835540,1235.80,1236.00,1235.00,1235.80,4610
1790835600,1235.10,1235.80,1234.50,1235.30,7226
1790835660,1235.00,1235.50,1234.70,1234.70,4592
1790835720,1234.50,1234.70,1233.90,1234.40,4136
1790835780,1234.40,1235.90,1234.10,1234.50,14288
1790835840,1234.30,1234.30,1233.70,1234.00,4089
1790835900,1234.00,1234.80,1233.80,1234.40,6740
1790835960,1234.40,1235.00,1234.00,1234.90,2938
1790836020,1234.70,1234.90,1233.80,1234.80,6404
1790836080,1234.30,1234.90,1233.70,1234.20,9112
1790836140,1233.70,1234.90,1233.50,1234.90,13821
1790836200,1234.90,1234.90,1233.90,1234.40,6158
1790836260,1234.10,1234.30,1233.50,1233.50,5771
1790836320,1233.50,1233.50,1232.70,1232.80,2743
1790836380,1232.50,1232.60,1232.00,1232.10,2436
1790836440,1232.20,1232.90,1231.90,1232.10,6758
1790836500,1231.80,1232.80,1231.70,1232.60,4582
1790836560,1232.60,1233.10,1231.40,1231.50,7753
1790836620,1231.70,1232.40,1231.00,1231.70,11150
1790836680,1231.70,1232.90,1231.50,1232.90,7873
1790836740,1232.90,1234.30,1232.90,1234.30,36280
1790836800,1234.30,1234.30,1232.00,1232.00,39796
1790836860,1232.00,1233.00,1231.40,1233.00,16304
1790836920,1233.00,1233.40,1231.80,1232.30,13317
1790836980,1232.30,1233.30,1232.00,1232.70,11441
1790837040,1232.70,1233.20,1232.10,1233.10,9817
1790837100,1232.90,1233.20,1232.00,1232.80,10037
1790837160,1232.80,1234.20,1232.50,1232.50,12020
1790837220,1232.50,1233.10,1232.00,1232.60,10847
1790837280,1232.50,1232.50,1231.20,1232.20,18736
1790837340,1232.20,1232.20,1231.00,1231.90,12569
1790837400,1231.90,1232.10,1231.40,1231.90,8521
1790837460,1231.90,1231.90,1231.00,1231.10,13552
1790837520,1231.10,1231.90,1230.30,1230.30,15001
1790837580,1230.40,1231.10,1230.10,1230.30,13213
1790837640,1230.30,1230.80,1230.00,1230.80,16808
1790837700,1230.80,1231.00,1230.00,1230.20,11167
1790837760,1230.20,1230.40,1230.00,1230.40,11316
1790837820,1230.40,1230.40,1227.90,1229.60,35112
1790837880,1229.20,1230.00,1228.10,1228.20,29372
1790837940,1228.20,1228.90,1227.50,1228.70,8431
1790838000,1228.70,1228.70,1227.10,1228.30,13455
1790838060,1228.60,1229.10,1227.80,1228.90,8867
1790838120,1228.90,1230.10,1228.50,1229.40,23241
1790838180,1229.50,1230.00,1228.70,1230.00,14821
1790838240,1230.00,1230.00,1228.60,1228.90,8829
1790838300,1228.90,1229.60,1228.30,1229.00,14049
1790838360,1228.50,1229.80,1228.40,1229.60,9071
1790838420,1229.60,1229.80,1228.40,1228.80,16093
1790838480,1228.80,1229.20,1228.10,1228.60,9719
1790838540,1228.60,1228.90,1227.60,1228.70,7116
1790838600,1228.40,1229.60,1228.40,1229.20,7984
1790838660,1229.20,1229.70,1227.80,1228.60,10275
1790838720,1228.60,1229.40,1228.00,1228.00,12796
1790838780,1228.00,1228.80,1227.60,1227.70,10075
1790838840,1227.70,1228.40,1226.60,1226.80,16206
1790838900,1226.60,1226.60,1225.50,1225.60,22689
1790838960,1225.70,1225.70,1224.10,1225.00,40358
1790839020,1225.00,1225.00,1223.40,1223.50,24889
1790839080,1224.00,1225.00,1223.50,1224.70,9364
1790839140,1224.70,1224.70,1222.30,1222.30,15425
1790839200,1222.40,1223.00,1221.60,1222.70,13682
1790839260,1222.80,1223.00,1221.20,1221.50,21534
1790839320,1221.50,1222.40,1221.50,1221.80,11168
1790839380,1221.60,1222.10,1221.00,1221.60,18395
1790839440,1221.80,1221.90,1220.80,1221.50,20625
1790839500,1221.50,1221.50,1219.90,1220.30,95304
1790839560,1220.50,1220.90,1219.80,1220.00,12571
1790839620,1219.80,1220.80,1218.70,1219.90,21988
1790839680,1220.00,1220.70,1217.40,1217.90,115449
1790839740,1218.30,1220.40,1217.80,1220.10,83047
1790839800,1220.10,1220.90,1218.80,1220.40,38487
1790839860,1220.40,1220.90,1219.90,1220.50,29946
1790839920,1220.50,1222.30,1220.50,1221.90,20988
1790839980,1222.00,1223.40,1221.90,1222.30,11789
1790840040,1222.30,1224.50,1222.10,1224.10,20079
1790840100,1224.10,1224.10,1222.40,1223.30,9261
1790840160,1223.30,1223.40,1222.50,1223.20,8284
1790840220,1223.10,1223.40,1221.60,1223.40,8185
1790840280,1223.40,1224.30,1223.40,1224.30,7459
1790840340,1224.30,1225.00,1223.20,1224.50,10548
1790840400,1224.30,1224.50,1223.00,1223.00,7155
1790840460,1223.70,1224.90,1223.20,1224.50,7211
1790840520,1224.30,1224.50,1223.40,1223.60,7030
1790840580,1223.60,1224.00,1222.90,1223.00,7630
1790840640,1222.80,1223.50,1222.30,1223.30,13116
1790840700,1223.30,1223.30,1221.60,1222.40,8534
1790840760,1222.40,1222.70,1221.60,1221.90,7616
1790840820,1221.90,1222.10,1221.40,1221.80,7300
1790840880,1222.00,1222.20,1220.90,1221.30,11333
1790840940,1221.30,1221.80,1220.50,1221.50,18848
1790841000,1221.40,1222.90,1221.10,1222.70,11009
1790841060,1222.70,1223.30,1221.70,1222.20,11823
1790841120,1222.20,1222.30,1220.80,1221.90,8749
1790841180,1221.80,1222.40,1221.50,1221.80,8648
1790841240,1221.90,1222.30,1221.40,1221.90,6751
1790841300,1221.90,1222.80,1221.60,1222.70,14443
1790841360,1222.70,1223.00,1221.80,1222.00,12602
1790841420,1222.00,1222.30,1221.10,1222.30,9997
1790841480,1222.30,1222.60,1221.50,1221.90,7129
1790841540,1221.90,1222.00,1220.90,1221.30,8351
1790841600,1221.30,1221.70,1220.50,1221.70,12210
1790841660,1221.70,1222.60,1220.80,1221.30,26566
1790841720,1221.30,1222.70,1221.30,1222.30,14595
1790841780,1222.40,1223.80,1221.60,1223.30,18636
1790841840,1223.40,1224.10,1223.30,1224.10,9199
1790841900,1224.10,1224.80,1222.80,1223.60,11305
1790841960,1223.60,1223.60,1222.30,1222.80,10448
1790842020,1222.80,1223.50,1222.20,1222.70,15127
1790842080,1222.70,1223.00,1221.60,1222.00,7384
1790842140,1221.90,1221.90,1220.00,1221.80,231583
1790842200,1221.80,1221.80,1220.50,1221.00,77366
1790842260,1221.00,1221.00,1220.00,1220.10,11896
1790842320,1220.10,1220.30,1218.90,1219.70,177046
1790842380,1219.70,1220.50,1218.90,1220.50,157409
1790842440,1220.50,1221.40,1220.00,1221.00,20910
1790842500,1221.00,1221.00,1219.40,1220.30,38703
1790842560,1220.30,1221.00,1220.20,1220.70,13641
1790842620,1220.20,1220.20,1218.40,1219.20,16917
1790842680,1219.20,1219.90,1218.50,1219.20,16204
1790842740,1218.70,1219.70,1218.60,1219.30,9988
1790842800,1219.40,1219.80,1218.90,1219.20,13125
1790842860,1219.50,1220.00,1218.90,1219.40,16425
1790842920,1219.20,1219.30,1218.40,1219.30,15954
1790842980,1219.10,1219.80,1219.00,1219.80,12761
1790843040,1219.80,1219.80,1219.20,1219.50,10732
1790843100,1219.30,1220.00,1219.30,1220.00,14180
1790843160,1220.00,1220.00,1219.00,1219.20,57551
1790843220,1219.40,1219.90,1219.00,1219.60,18481
1790843280,1219.60,1219.70,1217.20,1217.80,16636
1790843340,1217.80,1218.10,1216.50,1216.90,15087
1790843400,1216.90,1217.60,1215.60,1217.20,68742
1790843460,1217.10,1217.30,1216.40,1217.00,9563
1790843520,1216.90,1217.00,1215.70,1216.20,13333
1790843580,1216.20,1216.90,1216.00,1216.40,20490
1790843640,1216.40,1217.00,1216.00,1216.10,12096
1790843700,1216.20,1217.00,1216.20,1217.00,27746
1790843760,1217.00,1217.00,1216.50,1217.00,27795
1790843820,1217.00,1219.50,1217.00,1218.80,43549
1790843880,1218.70,1218.70,1217.70,1218.00,16844
1790843940,1218.00,1218.70,1217.20,1218.30,29972
1790844000,1218.30,1218.60,1217.40,1217.70,13706
1790844060,1217.70,1218.40,1217.70,1218.10,8020
1790844120,1218.10,1218.20,1217.00,1218.20,9333
1790844180,1218.20,1218.60,1217.70,1218.40,8240
1790844240,1218.40,1218.90,1218.00,1218.40,80377
1790844300,1218.00,1218.40,1216.50,1216.50,10283
1790844360,1216.50,1217.90,1216.00,1217.80,19633
1790844420,1217.70,1217.70,1216.80,1217.50,7233
1790844480,1217.50,1218.30,1217.10,1217.60,10113
1790844540,1217.60,1217.60,1217.00,1217.50,5557
1790844600,1217.30,1217.50,1216.30,1216.80,9463
1790844660,1216.80,1217.00,1215.30,1216.80,9332
1790844720,1216.80,1218.10,1216.50,1217.90,17347
1790844780,1217.90,1217.90,1216.00,1217.50,10381
1790844840,1217.40,1217.60,1216.20,1216.50,11689
1790844900,1216.50,1217.60,1216.20,1217.40,13025
1790844960,1217.40,1218.40,1217.00,1218.30,14249
1790845020,1218.30,1218.60,1217.20,1217.60,24765
1790845080,1217.60,1218.30,1217.00,1218.00,10097
1790845140,1218.00,1218.90,1217.50,1218.20,37975
1790845200,1218.60,1220.10,1217.70,1220.10,40778
1790845260,1220.20,1221.60,1220.00,1221.40,18457
1790845320,1221.30,1221.30,1220.10,1221.20,8660
1790845380,1221.20,1223.10,1220.00,1223.10,18634
1790845440,1223.00,1223.30,1222.50,1223.10,39072
1790845500,1223.20,1223.90,1221.60,1223.50,21595
1790845560,1223.30,1223.50,1222.20,1223.50,12001
1790845620,1223.50,1224.30,1223.40,1223.50,10098
1790845680,1223.20,1223.60,1222.80,1223.00,12561
1790845740,1223.00,1223.00,1219.80,1220.90,41572
1790845800,1221.00,1221.80,1220.70,1221.60,23906
1790845860,1221.60,1221.70,1220.80,1221.50,6281
1790845920,1221.40,1221.50,1220.80,1221.20,11216
1790845980,1221.20,1221.80,1221.20,1221.50,15444
1790846040,1221.80,1222.30,1221.60,1221.60,15131
1790846100,1221.60,1222.00,1221.30,1221.30,9949
1790846160,1221.20,1222.00,1221.10,1221.50,58606
1790846220,1221.10,1222.20,1221.10,1222.20,20624
1790846280,1222.00,1222.20,1220.90,1221.10,11128
1790846340,1221.10,1221.40,1220.60,1220.70,6506
1790846400,1220.90,1221.80,1220.80,1221.60,12511
1790846460,1221.40,1222.70,1220.30,1221.80,22906
1790846520,1222.10,1222.30,1221.40,1222.00,7504
1790846580,1222.00,1222.50,1222.00,1222.30,9234
1790846640,1222.30,1222.70,1222.30,1222.70,6733
1790846700,1222.50,1223.60,1222.20,1223.00,10796
1790846760,1222.60,1224.60,1222.30,1223.90,14718
1790846820,1223.90,1224.60,1223.10,1223.10,36649
1790846880,1223.50,1223.80,1222.70,1222.70,18251
1790846940,1223.10,1223.60,1222.90,1223.40,11277
1790847000,1222.70,1223.00,1221.80,1221.80,14030
1790847060,1222.00,1222.40,1221.60,1221.70,19403
1790847120,1221.20,1221.70,1220.80,1221.00,7665
1790847180,1221.00,1221.70,1220.60,1220.90,16056
1790847240,1220.80,1222.40,1220.80,1221.80,16119
1790847300,1222.30,1223.10,1221.50,1222.70,32437
1790847360,1222.70,1223.80,1221.80,1222.70,39754
1790847420,1223.00,1223.00,1221.80,1221.90,19076
1790847480,1222.00,1222.80,1221.90,1222.70,49084
1790847540,1222.70,1223.60,1222.10,1223.30,93656
1790847600,1223.20,1223.80,1222.80,1223.20,81674
1790847660,1223.20,1223.90,1223.10,1223.30,48327
1790847720,1223.30,1223.50,1221.80,1222.60,39951
1790847780,1222.00,1222.60,1221.10,1221.10,15244
1790847840,1221.10,1223.20,1221.10,1223.10,17228
1790847900,1223.40,1223.40,1223.40,1223.40,1298
1790847960,1223.40,1223.40,1223.40,1223.40,0
1790848020,1223.40,1223.40,1223.40,1223.40,0
1790848080,1223.40,1223.40,1223.40,1223.40,0
1790848140,1223.40,1223.40,1223.40,1223.40,0
1790848200,1223.40,1223.40,1223.40,1223.40,0
1790848260,1223.40,1223.40,1223.40,1223.40,0
1790848320,1223.40,1223.40,1223.40,1223.40,0
1790848380,1223.40,1223.40,1223.40,1223.40,0
1790848440,1223.40,1223.40,1223.40,1223.40,0
1790848500,1223.40,1223.40,1223.40,1223.40,0
1790848560,1223.40,1223.40,1223.40,1223.40,0
1790848620,1223.40,1223.40,1223.40,1223.40,0
1790848680,1223.40,1223.40,1223.40,1223.40,0
1790848740,1223.40,1223.40,1217.10,1217.10,289634
