Timestamp,Open,High,Low,Close,Volume
2026-09-01 09:15:00,1420.90,1425.70,1419.20,1420.60,14583
2026-09-01 09:16:00,1420.60,1421.30,1418.70,1420.50,8186
2026-09-01 09:17:00,1420.50,1421.60,1419.50,1421.00,3250
2026-09-01 09:18:00,1420.90,1423.40,1420.60,1420.60,2504
2026-09-01 09:19:00,1420.00,1421.80,1419.90,1421.60,3559
2026-09-01 09:20:00,1420.30,1421.00,1418.00,1418.30,3780
2026-09-01 09:21:00,1417.50,1419.60,1417.50,1418.90,3802
2026-09-01 09:22:00,1419.30,1420.40,1418.40,1420.00,1993
2026-09-01 09:23:00,1420.00,1421.10,1420.00,1420.80,2075
2026-09-01 09:24:00,1421.00,1421.00,1419.10,1420.20,5017
2026-09-01 09:25:00,1419.70,1420.60,1418.00,1418.50,1172
2026-09-01 09:26:00,1418.80,1419.60,1418.30,1418.60,3186
2026-09-01 09:27:00,1418.60,1419.10,1417.20,1417.60,2924
2026-09-01 09:28:00,1417.30,1419.40,1417.20,1419.20,1010
2026-09-01 09:29:00,1419.40,1419.40,1418.90,1419.40,1175
2026-09-01 09:30:00,1419.50,1419.90,1418.60,1419.00,1152
2026-09-01 09:31:00,1419.00,1419.70,1418.50,1419.00,1632
2026-09-01 09:32:00,1419.20,1421.00,1419.20,1421.00,1892
2026-09-01 09:33:00,1420.40,1421.00,1420.30,1420.30,1132
2026-09-01 09:34:00,1419.70,1420.30,1418.90,1419.60,6621
2026-09-01 09:35:00,1420.70,1420.70,1417.20,1417.20,7728
2026-09-01 09:36:00,1416.80,1417.40,1416.00,1416.00,7149
2026-09-01 09:37:00,1415.90,1415.90,1414.50,1415.40,4460
2026-09-01 09:38:00,1415.90,1415.90,1414.60,1414.60,473
2026-09-01 09:39:00,1415.50,1417.00,1415.00,1415.30,6142
2026-09-01 09:40:00,1415.30,1415.30,1414.10,1414.50,969
2026-09-01 09:41:00,1414.20,1414.50,1413.70,1414.40,1538
2026-09-01 09:42:00,1414.50,1414.50,1413.00,1414.40,4509
2026-09-01 09:43:00,1414.50,1414.50,1413.80,1413.80,363
2026-09-01 09:44:00,1413.90,1415.30,1413.80,1415.30,684
2026-09-01 09:45:00,1415.30,1415.30,1414.50,1414.50,1984
2026-09-01 09:46:00,1414.40,1414.50,1414.00,1414.30,373
2026-09-01 09:47:00,1414.30,1414.30,1413.40,1413.80,568
2026-09-01 09:48:00,1413.70,1413.80,1413.30,1413.70,1129
2026-09-01 09:49:00,1413.80,1414.20,1413.70,1414.00,665
2026-09-01 09:50:00,1413.30,1414.20,1413.30,1414.20,735
2026-09-01 09:51:00,1414.20,1414.20,1413.30,1413.80,780
2026-09-01 09:52:00,1413.80,1414.40,1413.80,1413.80,408
2026-09-01 09:53:00,1413.80,1414.20,1413.80,1413.80,231
2026-09-01 09:54:00,1414.20,1414.20,1413.70,1413.70,628
2026-09-01 09:55:00,1413.80,1414.00,1413.80,1413.90,24
2026-09-01 09:56:00,1413.80,1413.80,1412.70,1413.00,2079
2026-09-01 09:57:00,1413.30,1413.50,1412.60,1412.60,532
2026-09-01 09:58:00,1413.00,1414.00,1412.40,1412.40,1279
2026-09-01 09:59:00,1413.20,1413.20,1412.00,1413.00,1753
2026-09-01 10:00:00,1413.00,1413.40,1413.00,1413.40,829
2026-09-01 10:01:00,1413.40,1413.40,1413.00,1413.00,191
2026-09-01 10:02:00,1413.40,1413.70,1412.70,1413.70,670
2026-09-01 10:03:00,1413.70,1413.70,1412.60,1412.60,777
2026-09-01 10:04:00,1413.20,1413.20,1412.50,1412.60,293
2026-09-01 10:05:00,1412.60,1412.60,1412.10,1412.60,221
2026-09-01 10:06:00,1413.00,1413.20,1412.60,1412.60,1020
2026-09-01 10:07:00,1412.90,1412.90,1412.20,1412.30,124
2026-09-01 10:08:00,1412.90,1413.10,1412.50,1412.90,502
2026-09-01 10:09:00,1412.90,1413.00,1412.40,1412.40,278
2026-09-01 10:10:00,1412.90,1413.00,1412.20,1412.20,1079
2026-09-01 10:11:00,1412.80,1412.80,1412.20,1412.40,85
2026-09-01 10:12:00,1412.40,1412.40,1411.50,1412.00,907
2026-09-01 10:13:00,1412.00,1412.00,1411.50,1412.00,214
2026-09-01 10:14:00,1412.10,1412.20,1411.10,1411.10,990
2026-09-01 10:15:00,1411.70,1411.70,1410.10,1410.90,2248
2026-09-01 10:16:00,1411.00,1411.00,1410.30,1410.60,649
2026-09-01 10:17:00,1410.90,1411.00,1410.40,1410.80,995
2026-09-01 10:18:00,1410.70,1410.80,1409.60,1410.00,1869
2026-09-01 10:19:00,1410.50,1411.00,1410.20,1410.20,1336
2026-09-01 10:20:00,1410.10,1410.70,1410.00,1410.60,814
2026-09-01 10:21:00,1410.20,1410.60,1409.50,1409.90,1659
2026-09-01 10:22:00,1409.90,1411.00,1409.90,1411.00,814
2026-09-01 10:23:00,1411.00,1411.00,1411.00,1411.00,190
2026-09-01 10:24:00,1411.00,1411.40,1411.00,1411.00,825
2026-09-01 10:25:00,1411.40,1411.40,1410.80,1410.80,548
2026-09-01 10:26:00,1410.80,1411.00,1410.50,1410.50,383
2026-09-01 10:27:00,1410.80,1410.90,1410.50,1410.90,1268
2026-09-01 10:28:00,1411.00,1411.00,1410.50,1411.00,165
2026-09-01 10:29:00,1411.20,1411.20,1410.60,1411.20,235
2026-09-01 10:30:00,1411.20,1411.50,1411.00,1411.30,247
2026-09-01 10:31:00,1411.30,1411.70,1410.60,1411.70,359
2026-09-01 10:32:00,1411.10,1411.90,1411.10,1411.70,310
2026-09-01 10:33:00,1411.90,1411.90,1410.40,1410.70,1287
2026-09-01 10:34:00,1410.90,1410.90,1410.30,1410.30,28
2026-09-01 10:35:00,1410.70,1410.70,1410.00,1410.50,829
2026-09-01 10:36:00,1410.50,1410.80,1410.10,1410.80,430
2026-09-01 10:37:00,1411.10,1411.60,1410.60,1411.60,318
2026-09-01 10:38:00,1411.80,1411.80,1411.80,1411.80,98
2026-09-01 10:39:00,1411.60,1412.00,1411.30,1412.00,528
2026-09-01 10:40:00,1412.00,1412.20,1411.80,1411.80,49
2026-09-01 10:41:00,1412.20,1412.20,1410.90,1411.40,730
2026-09-01 10:42:00,1411.40,1411.40,1411.00,1411.00,59
2026-09-01 10:43:00,1411.40,1411.40,1410.90,1410.90,262
2026-09-01 10:44:00,1411.40,1411.80,1410.90,1411.50,257
2026-09-01 10:45:00,1411.50,1411.50,1410.90,1410.90,356
2026-09-01 10:46:00,1411.50,1411.60,1411.00,1411.60,290
2026-09-01 10:47:00,1411.60,1411.90,1411.10,1411.10,405
2026-09-01 10:48:00,1411.50,1412.00,1411.50,1411.50,86
2026-09-01 10:49:00,1412.00,1412.70,1412.00,1412.30,738
2026-09-01 10:50:00,1412.30,1412.30,1412.20,1412.20,781
2026-09-01 10:51:00,1412.20,1412.60,1412.00,1412.60,1171
2026-09-01 10:52:00,1412.80,1412.80,1412.10,1412.80,989
2026-09-01 10:53:00,1412.70,1412.90,1412.70,1412.90,146
2026-09-01 10:54:00,1412.90,1412.90,1412.30,1412.50,557
2026-09-01 10:55:00,1412.50,1412.60,1411.00,1412.00,1356
2026-09-01 10:56:00,1412.30,1412.70,1412.10,1412.60,270
2026-09-01 10:57:00,1412.60,1412.60,1412.20,1412.20,266
2026-09-01 10:58:00,1412.40,1412.40,1412.00,1412.00,219
2026-09-01 10:59:00,1412.00,1412.40,1411.60,1412.40,191
2026-09-01 11:00:00,1412.40,1412.50,1412.40,1412.50,297
2026-09-01 11:01:00,1412.40,1412.50,1412.40,1412.50,116
2026-09-01 11:02:00,1412.50,1412.80,1412.40,1412.50,227
2026-09-01 11:03:00,1412.70,1412.70,1411.00,1411.00,856
2026-09-01 11:04:00,1411.70,1411.70,1410.40,1411.00,610
2026-09-01 11:05:00,1411.00,1412.00,1410.20,1411.10,1956
2026-09-01 11:06:00,1411.60,1411.60,1411.60,1411.60,153
2026-09-01 11:07:00,1411.80,1412.60,1411.60,1412.00,221
2026-09-01 11:08:00,1412.60,1412.80,1412.00,1412.80,688
2026-09-01 11:09:00,1412.90,1413.80,1412.90,1413.80,401
2026-09-01 11:10:00,1413.90,1414.20,1413.80,1413.80,1622
2026-09-01 11:11:00,1413.80,1414.10,1413.40,1413.40,374
2026-09-01 11:12:00,1413.50,1413.60,1413.00,1413.60,601
2026-09-01 11:13:00,1413.70,1414.00,1413.00,1413.00,1996
2026-09-01 11:14:00,1413.20,1413.30,1412.30,1413.20,200
2026-09-01 11:15:00,1413.10,1413.20,1412.80,1413.20,100
2026-09-01 11:16:00,1413.30,1413.60,1413.20,1413.20,312
2026-09-01 11:17:00,1413.40,1413.60,1413.20,1413.60,25
2026-09-01 11:18:00,1413.60,1413.60,1413.50,1413.50,236
2026-09-01 11:19:00,1413.60,1413.60,1413.00,1413.20,526
2026-09-01 11:20:00,1413.20,1413.40,1412.60,1412.60,457
2026-09-01 11:21:00,1412.30,1412.80,1412.10,1412.10,713
2026-09-01 11:22:00,1411.90,1412.00,1411.50,1411.50,637
2026-09-01 11:23:00,1412.00,1412.00,1411.50,1412.00,305
2026-09-01 11:24:00,1411.70,1412.00,1411.50,1411.50,178
2026-09-01 11:25:00,1412.00,1412.00,1411.50,1411.90,682
2026-09-01 11:26:00,1411.90,1412.00,1411.40,1412.00,317
2026-09-01 11:27:00,1412.00,1412.00,1411.50,1411.60,78
2026-09-01 11:28:00,1412.00,1412.00,1411.50,1411.60,208
2026-09-01 11:29:00,1411.60,1412.00,1411.40,1411.40,148
2026-09-01 11:30:00,1411.90,1412.10,1411.30,1411.60,298
2026-09-01 11:31:00,1412.00,1412.00,1411.10,1411.20,861
2026-09-01 11:32:00,1411.80,1411.80,1411.20,1411.70,111
2026-09-01 11:33:00,1411.70,1412.00,1411.40,1412.00,433
2026-09-01 11:34:00,1412.00,1412.00,1411.70,1411.70,113
2026-09-01 11:35:00,1411.70,1412.30,1411.70,1412.10,1111
2026-09-01 11:36:00,1412.30,1412.30,1411.70,1411.70,363
2026-09-01 11:37:00,1412.10,1412.10,1411.70,1411.70,77
2026-09-01 11:38:00,1412.10,1412.10,1411.00,1411.30,503
2026-09-01 11:39:00,1412.00,1412.00,1411.30,1411.90,206
2026-09-01 11:40:00,1411.80,1411.90,1411.00,1411.40,546
2026-09-01 11:41:00,1411.40,1412.80,1411.20,1411.50,1820
2026-09-01 11:42:00,1411.50,1411.90,1411.00,1411.50,168
2026-09-01 11:43:00,1411.50,1411.50,1410.50,1410.80,1096
2026-09-01 11:44:00,1411.20,1411.60,1411.00,1411.60,411
2026-09-01 11:45:00,1411.50,1411.80,1411.00,1411.00,727
2026-09-01 11:46:00,1411.60,1411.90,1411.00,1411.90,346
2026-09-01 11:47:00,1411.80,1411.80,1411.10,1411.80,134
2026-09-01 11:48:00,1411.80,1411.80,1411.20,1411.20,93
2026-09-01 11:49:00,1411.90,1412.00,1410.80,1410.80,94
2026-09-01 11:50:00,1411.20,1411.40,1410.90,1411.00,233
2026-09-01 11:51:00,1411.50,1411.50,1411.00,1411.00,202
2026-09-01 11:52:00,1411.40,1411.40,1411.00,1411.40,103
2026-09-01 11:53:00,1411.40,1411.60,1410.50,1411.00,1208
2026-09-01 11:54:00,1411.50,1411.50,1411.00,1411.00,357
2026-09-01 11:55:00,1411.40,1411.40,1411.00,1411.00,101
2026-09-01 11:56:00,1411.40,1411.40,1411.00,1411.00,87
2026-09-01 11:57:00,1411.30,1411.30,1411.00,1411.00,99
2026-09-01 11:58:00,1411.30,1411.30,1411.00,1411.00,131
2026-09-01 11:59:00,1411.30,1411.80,1410.50,1411.30,677
2026-09-01 12:00:00,1411.80,1412.00,1411.40,1412.00,78
2026-09-01 12:01:00,1412.00,1412.00,1411.00,1411.00,1518
2026-09-01 12:02:00,1411.00,1411.50,1411.00,1411.00,233
2026-09-01 12:03:00,1411.40,1411.40,1410.90,1410.90,1265
2026-09-01 12:04:00,1411.00,1411.30,1410.90,1410.90,175
2026-09-01 12:05:00,1411.30,1411.30,1410.90,1411.30,158
2026-09-01 12:06:00,1411.10,1411.20,1410.60,1410.60,457
2026-09-01 12:07:00,1411.20,1411.20,1410.60,1410.60,268
2026-09-01 12:08:00,1411.00,1411.20,1410.60,1410.60,471
2026-09-01 12:09:00,1411.20,1411.20,1410.60,1410.60,33
2026-09-01 12:10:00,1411.10,1411.10,1410.60,1410.60,152
2026-09-01 12:11:00,1411.10,1411.10,1410.60,1410.60,110
2026-09-01 12:12:00,1411.10,1411.10,1410.60,1411.10,147
2026-09-01 12:13:00,1411.10,1411.10,1410.50,1410.50,312
2026-09-01 12:14:00,1410.70,1410.80,1410.10,1410.80,368
2026-09-01 12:15:00,1410.70,1410.80,1410.10,1410.70,83
2026-09-01 12:16:00,1410.30,1410.70,1410.30,1410.70,86
2026-09-01 12:17:00,1410.70,1410.80,1410.30,1410.30,284
2026-09-01 12:18:00,1410.70,1410.70,1410.30,1410.30,25
2026-09-01 12:19:00,1410.30,1410.70,1410.30,1410.30,20
2026-09-01 12:20:00,1410.70,1410.70,1410.30,1410.70,443
2026-09-01 12:21:00,1410.70,1410.70,1410.00,1410.70,937
2026-09-01 12:22:00,1410.70,1410.70,1410.10,1410.30,160
2026-09-01 12:23:00,1410.70,1411.00,1410.30,1411.00,204
2026-09-01 12:24:00,1411.00,1411.00,1410.50,1410.50,91
2026-09-01 12:25:00,1411.00,1411.40,1411.00,1411.40,350
2026-09-01 12:26:00,1411.10,1411.40,1411.10,1411.10,93
2026-09-01 12:27:00,1411.40,1411.80,1411.10,1411.80,254
2026-09-01 12:28:00,1411.80,1411.80,1411.40,1411.80,47
2026-09-01 12:29:00,1411.80,1411.80,1411.40,1411.40,164
2026-09-01 12:30:00,1411.70,1411.70,1411.40,1411.40,327
2026-09-01 12:31:00,1411.70,1411.80,1411.40,1411.70,184
2026-09-01 12:32:00,1411.80,1411.80,1411.70,1411.70,115
2026-09-01 12:33:00,1411.80,1411.80,1411.30,1411.30,172
2026-09-01 12:34:00,1410.90,1411.80,1410.90,1411.70,233
2026-09-01 12:35:00,1411.70,1411.70,1410.80,1410.80,325
2026-09-01 12:36:00,1411.50,1411.50,1411.00,1411.50,30
2026-09-01 12:37:00,1411.50,1411.50,1411.10,1411.50,17
2026-09-01 12:38:00,1411.50,1411.50,1411.10,1411.50,352
2026-09-01 12:39:00,1411.50,1411.50,1407.40,1408.30,6972
2026-09-01 12:40:00,1408.70,1409.40,1407.40,1407.60,2981
2026-09-01 12:41:00,1407.80,1408.40,1407.60,1408.30,703
2026-09-01 12:42:00,1407.70,1408.60,1407.70,1408.60,1887
2026-09-01 12:43:00,1408.40,1409.20,1407.90,1408.30,1450
2026-09-01 12:44:00,1408.90,1409.00,1408.00,1408.00,738
2026-09-01 12:45:00,1408.70,1408.70,1408.00,1408.10,648
2026-09-01 12:46:00,1408.60,1408.80,1408.10,1408.10,814
2026-09-01 12:47:00,1408.70,1408.80,1408.10,1408.10,549
2026-09-01 12:48:00,1408.60,1408.60,1407.60,1407.60,1387
2026-09-01 12:49:00,1407.60,1408.00,1407.10,1407.80,1081
2026-09-01 12:50:00,1407.10,1407.80,1406.70,1407.00,1911
2026-09-01 12:51:00,1407.00,1407.90,1406.50,1407.00,2957
2026-09-01 12:52:00,1407.60,1407.60,1407.00,1407.40,668
2026-09-01 12:53:00,1407.40,1408.50,1407.00,1408.10,1789
2026-09-01 12:54:00,1408.60,1408.90,1408.10,1408.20,703
2026-09-01 12:55:00,1408.80,1409.40,1408.10,1408.10,1014
2026-09-01 12:56:00,1408.60,1410.60,1408.00,1409.40,1171
2026-09-01 12:57:00,1409.80,1410.00,1409.00,1409.60,697
2026-09-01 12:58:00,1409.60,1412.00,1409.10,1411.30,1834
2026-09-01 12:59:00,1411.80,1411.90,1411.00,1411.70,665
2026-09-01 13:00:00,1411.60,1411.60,1409.90,1410.00,564
2026-09-01 13:01:00,1410.20,1410.40,1409.90,1410.00,988
2026-09-01 13:02:00,1410.20,1410.50,1409.80,1410.00,582
2026-09-01 13:03:00,1410.40,1410.50,1409.20,1410.30,1981
2026-09-01 13:04:00,1410.30,1410.60,1409.60,1410.00,656
2026-09-01 13:05:00,1411.00,1411.50,1410.00,1410.10,1432
2026-09-01 13:06:00,1410.50,1410.60,1410.00,1410.00,506
2026-09-01 13:07:00,1410.30,1410.50,1409.90,1410.00,577
2026-09-01 13:08:00,1410.40,1411.30,1409.80,1410.00,1957
2026-09-01 13:09:00,1410.60,1410.70,1410.00,1410.30,691
2026-09-01 13:10:00,1410.70,1411.00,1410.10,1410.50,561
2026-09-01 13:11:00,1410.00,1410.50,1409.80,1410.00,1661
2026-09-01 13:12:00,1410.20,1410.20,1409.50,1410.00,649
2026-09-01 13:13:00,1410.10,1410.50,1409.50,1410.50,1299
2026-09-01 13:14:00,1410.30,1410.60,1410.00,1410.00,528
2026-09-01 13:15:00,1410.40,1410.40,1409.80,1410.40,775
2026-09-01 13:16:00,1410.30,1410.50,1409.80,1410.10,592
2026-09-01 13:17:00,1410.50,1410.50,1409.10,1409.10,1012
2026-09-01 13:18:00,1409.50,1410.30,1409.10,1410.00,990
2026-09-01 13:19:00,1410.30,1410.50,1409.90,1410.00,584
2026-09-01 13:20:00,1410.40,1410.80,1410.00,1410.00,816
2026-09-01 13:21:00,1410.50,1410.50,1410.00,1410.40,598
2026-09-01 13:22:00,1410.70,1412.50,1410.00,1412.50,5575
2026-09-01 13:23:00,1411.90,1412.40,1410.90,1410.90,2400
2026-09-01 13:24:00,1411.10,1411.50,1410.50,1411.40,737
2026-09-01 13:25:00,1411.40,1411.40,1410.60,1411.00,589
2026-09-01 13:26:00,1411.30,1411.50,1410.60,1411.00,672
2026-09-01 13:27:00,1411.50,1411.90,1410.90,1411.00,756
2026-09-01 13:28:00,1411.30,1411.80,1411.00,1411.20,641
2026-09-01 13:29:00,1411.60,1411.60,1411.00,1411.30,638
2026-09-01 13:30:00,1411.00,1411.70,1410.70,1410.70,484
2026-09-01 13:31:00,1411.20,1411.70,1410.70,1410.80,763
2026-09-01 13:32:00,1411.40,1411.40,1410.50,1411.00,691
2026-09-01 13:33:00,1411.40,1412.40,1411.00,1411.20,8998
2026-09-01 13:34:00,1411.20,1411.70,1411.10,1411.10,569
2026-09-01 13:35:00,1411.60,1412.10,1411.10,1412.00,1362
2026-09-01 13:36:00,1412.10,1412.20,1411.90,1412.00,761
2026-09-01 13:37:00,1411.40,1412.20,1411.40,1412.20,1541
2026-09-01 13:38:00,1412.20,1412.20,1411.90,1412.00,657
2026-09-01 13:39:00,1412.20,1412.30,1411.90,1412.00,1400
2026-09-01 13:40:00,1412.30,1412.30,1411.90,1412.00,715
2026-09-01 13:41:00,1412.10,1412.10,1411.90,1412.00,541
2026-09-01 13:42:00,1412.10,1412.20,1411.90,1412.00,803
2026-09-01 13:43:00,1412.20,1412.30,1411.90,1412.30,961
2026-09-01 13:44:00,1412.30,1412.40,1412.00,1412.00,640
2026-09-01 13:45:00,1412.40,1412.40,1411.90,1412.00,661
2026-09-01 13:46:00,1412.40,1412.50,1412.00,1412.00,561
2026-09-01 13:47:00,1412.40,1412.60,1411.90,1412.00,1385
2026-09-01 13:48:00,1412.60,1412.60,1411.60,1412.00,998
2026-09-01 13:49:00,1412.40,1412.40,1411.40,1412.00,1273
2026-09-01 13:50:00,1412.10,1412.20,1411.40,1412.00,1619
2026-09-01 13:51:00,1412.10,1412.10,1411.00,1412.00,2584
2026-09-01 13:52:00,1412.10,1412.30,1411.50,1412.00,920
2026-09-01 13:53:00,1412.10,1412.40,1411.50,1412.20,1315
2026-09-01 13:54:00,1412.20,1412.40,1411.70,1412.20,1452
2026-09-01 13:55:00,1412.00,1412.10,1411.90,1412.10,700
2026-09-01 13:56:00,1412.10,1412.10,1412.00,1412.00,1144
2026-09-01 13:57:00,1412.20,1412.20,1411.60,1412.10,554
2026-09-01 13:58:00,1412.00,1412.40,1412.00,1412.00,1153
2026-09-01 13:59:00,1412.30,1412.30,1411.60,1411.90,564
2026-09-01 14:00:00,1411.90,1412.10,1411.20,1412.10,969
2026-09-01 14:01:00,1412.10,1412.20,1411.50,1412.20,598
2026-09-01 14:02:00,1412.00,1412.70,1412.00,1412.70,1675
2026-09-01 14:03:00,1412.10,1412.50,1411.90,1412.30,727
2026-09-01 14:04:00,1411.90,1412.30,1411.40,1412.00,610
2026-09-01 14:05:00,1412.00,1412.10,1410.90,1411.50,554
2026-09-01 14:06:00,1411.40,1411.40,1410.00,1410.60,800
2026-09-01 14:07:00,1410.00,1410.60,1410.00,1410.60,2456
2026-09-01 14:08:00,1410.00,1410.50,1409.90,1410.50,1536
2026-09-01 14:09:00,1410.60,1410.60,1409.30,1410.50,6500
2026-09-01 14:10:00,1410.40,1410.40,1409.90,1410.20,852
2026-09-01 14:11:00,1410.00,1410.80,1410.00,1410.70,1078
2026-09-01 14:12:00,1410.60,1410.70,1410.00,1410.30,3673
2026-09-01 14:13:00,1410.30,1410.50,1409.30,1410.50,2325
2026-09-01 14:14:00,1410.50,1410.90,1410.00,1410.00,592
2026-09-01 14:15:00,1410.50,1411.10,1410.00,1411.10,1215
2026-09-01 14:16:00,1411.10,1411.20,1411.00,1411.20,972
2026-09-01 14:17:00,1411.40,1411.40,1411.00,1411.20,831
2026-09-01 14:18:00,1411.00,1411.20,1411.00,1411.00,576
2026-09-01 14:19:00,1411.20,1411.20,1411.00,1411.10,695
2026-09-01 14:20:00,1411.20,1411.20,1411.00,1411.00,901
2026-09-01 14:21:00,1411.10,1411.10,1411.00,1411.00,634
2026-09-01 14:22:00,1411.10,1411.10,1410.70,1410.90,1079
2026-09-01 14:23:00,1411.00,1411.20,1410.90,1411.10,1149
2026-09-01 14:24:00,1411.10,1411.30,1410.90,1410.90,1330
2026-09-01 14:25:00,1411.30,1411.30,1410.90,1411.00,624
2026-09-01 14:26:00,1411.30,1411.30,1410.90,1410.90,1236
2026-09-01 14:27:00,1411.20,1411.20,1410.90,1411.00,1003
2026-09-01 14:28:00,1411.20,1411.20,1411.00,1411.00,686
2026-09-01 14:29:00,1411.20,1412.00,1411.00,1412.00,1384
2026-09-01 14:30:00,1412.00,1412.10,1412.00,1412.00,6561
2026-09-01 14:31:00,1412.10,1412.10,1412.00,1412.10,5524
2026-09-01 14:32:00,1412.00,1412.20,1411.80,1412.10,4208
2026-09-01 14:33:00,1411.80,1412.10,1410.00,1411.00,8665
2026-09-01 14:34:00,1411.00,1412.40,1410.60,1412.30,9776
2026-09-01 14:35:00,1412.30,1412.90,1411.20,1411.20,7291
2026-09-01 14:36:00,1411.80,1411.80,1411.20,1411.40,2753
2026-09-01 14:37:00,1411.50,1411.50,1411.10,1411.50,11296
2026-09-01 14:38:00,1411.90,1412.30,1411.40,1412.20,7228
2026-09-01 14:39:00,1412.20,1412.20,1412.00,1412.00,1997
2026-09-01 14:40:00,1412.10,1412.10,1412.00,1412.00,8201
2026-09-01 14:41:00,1412.10,1412.10,1411.80,1411.80,6313
2026-09-01 14:42:00,1411.90,1412.00,1411.80,1411.80,5510
2026-09-01 14:43:00,1411.90,1412.10,1411.80,1412.10,10216
2026-09-01 14:44:00,1412.10,1412.10,1411.90,1411.90,3172
2026-09-01 14:45:00,1412.00,1412.00,1410.50,1410.60,19168
2026-09-01 14:46:00,1411.20,1411.20,1410.70,1411.00,3186
2026-09-01 14:47:00,1410.90,1411.70,1410.90,1411.00,17627
2026-09-01 14:48:00,1411.20,1411.20,1411.00,1411.20,4064
2026-09-01 14:49:00,1411.20,1411.20,1411.10,1411.20,9865
2026-09-01 14:50:00,1411.20,1412.10,1411.10,1412.00,23648
2026-09-01 14:51:00,1412.10,1412.30,1412.00,1412.10,2826
2026-09-01 14:52:00,1412.20,1412.20,1412.00,1412.10,9426
2026-09-01 14:53:00,1412.10,1413.90,1412.00,1413.70,13257
2026-09-01 14:54:00,1413.70,1413.80,1413.00,1413.00,3871
2026-09-01 14:55:00,1413.10,1414.30,1413.10,1414.30,21652
2026-09-01 14:56:00,1414.30,1414.30,1413.70,1413.90,7799
2026-09-01 14:57:00,1414.00,1414.00,1412.90,1412.90,8396
2026-09-01 14:58:00,1412.80,1414.30,1412.80,1414.30,11951
2026-09-01 14:59:00,1414.30,1414.30,1413.30,1413.40,8452
2026-09-01 15:00:00,1413.30,1414.40,1412.70,1414.30,16512
2026-09-01 15:01:00,1414.30,1415.50,1414.10,1415.50,15852
2026-09-01 15:02:00,1415.80,1415.80,1414.20,1414.20,22463
2026-09-01 15:03:00,1414.20,1415.40,1414.20,1414.20,17962
2026-09-01 15:04:00,1414.10,1415.10,1414.10,1415.10,10307
2026-09-01 15:05:00,1415.10,1415.10,1415.00,1415.00,9845
2026-09-01 15:06:00,1415.00,1415.10,1415.00,1415.10,10563
2026-09-01 15:07:00,1415.10,1415.10,1414.70,1414.70,15551
2026-09-01 15:08:00,1414.80,1414.80,1414.70,1414.80,7589
2026-09-01 15:09:00,1414.80,1414.80,1414.00,1414.40,20434
2026-09-01 15:10:00,1414.40,1414.80,1414.30,1414.80,8762
2026-09-01 15:11:00,1414.70,1415.00,1414.70,1414.80,9843
2026-09-01 15:12:00,1414.80,1417.40,1414.30,1415.10,46909
2026-09-01 15:13:00,1415.10,1417.10,1415.00,1417.00,5749
2026-09-01 15:14:00,1417.00,1418.50,1416.80,1417.00,9133
2026-09-01 15:15:00,1417.00,1417.00,1417.00,1417.00,0
2026-09-01 15:16:00,1417.00,1417.00,1417.00,1417.00,0
2026-09-01 15:17:00,1417.00,1417.00,1417.00,1417.00,0
2026-09-01 15:18:00,1417.00,1417.00,1417.00,1417.00,0
2026-09-01 15:19:00,1417.00,1417.00,1417.00,1417.00,0
2026-09-01 15:20:00,1417.00,1417.00,1417.00,1417.00,0
2026-09-01 15:21:00,1417.00,1417.00,1417.00,1417.00,0
2026-09-01 15:22:00,1417.00,1417.00,1417.00,1417.00,0
2026-09-01 15:23:00,1417.00,1417.00,1417.00,1417.00,0
2026-09-01 15:24:00,1417.00,1417.00,1417.00,1417.00,0
2026-09-01 15:25:00,1417.00,1417.00,1417.00,1417.00,0
2026-09-01 15:26:00,1417.00,1417.00,1417.00,1417.00,0
2026-09-01 15:27:00,1417.00,1417.00,1417.00,1417.00,0
2026-09-01 15:28:00,1417.00,1417.00,1417.00,1417.00,0
2026-09-01 15:29:00,1417.00,1423.00,1417.00,1423.00,50880
2026-09-02 09:15:00,1414.00,1414.00,1407.60,1410.30,5349
2026-09-02 09:16:00,1409.70,1410.70,1407.80,1409.80,1806
2026-09-02 09:17:00,1409.50,1412.00,1409.00,1409.90,1069
2026-09-02 09:18:00,1409.90,1409.90,1408.70,1409.00,1595
2026-09-02 09:19:00,1409.00,1410.10,1408.50,1408.80,2727
2026-09-02 09:20:00,1408.80,1409.00,1408.50,1408.50,1185
2026-09-02 09:21:00,1408.50,1409.40,1408.30,1408.30,1565
2026-09-02 09:22:00,1407.60,1409.10,1406.60,1406.60,2574
2026-09-02 09:23:00,1406.60,1407.20,1406.00,1406.70,951
2026-09-02 09:24:00,1406.60,1406.60,1404.00,1404.20,2771
2026-09-02 09:25:00,1404.00,1404.20,1403.00,1403.80,2243
2026-09-02 09:26:00,1404.10,1405.60,1404.10,1405.60,3015
2026-09-02 09:27:00,1405.60,1406.60,1405.60,1406.20,1156
2026-09-02 09:28:00,1406.60,1407.60,1405.40,1405.90,3712
2026-09-02 09:29:00,1406.70,1406.90,1405.60,1406.20,1099
2026-09-02 09:30:00,1406.20,1406.20,1405.00,1405.10,2037
2026-09-02 09:31:00,1404.00,1404.10,1403.60,1404.00,2314
2026-09-02 09:32:00,1404.00,1404.20,1403.60,1403.90,479
2026-09-02 09:33:00,1403.90,1404.90,1403.90,1404.90,1163
2026-09-02 09:34:00,1404.90,1405.10,1404.00,1404.30,1079
2026-09-02 09:35:00,1404.50,1404.50,1404.00,1404.50,646
2026-09-02 09:36:00,1404.50,1405.10,1403.90,1405.10,3046
2026-09-02 09:37:00,1405.00,1406.60,1405.00,1405.90,1025
2026-09-02 09:38:00,1405.90,1405.90,1404.70,1405.70,1941
2026-09-02 09:39:00,1405.00,1405.80,1404.80,1405.20,589
2026-09-02 09:40:00,1405.40,1405.60,1405.00,1405.50,984
2026-09-02 09:41:00,1405.60,1405.90,1405.40,1405.80,959
2026-09-02 09:42:00,1405.80,1406.00,1405.50,1406.00,681
2026-09-02 09:43:00,1406.00,1406.00,1405.60,1405.80,421
2026-09-02 09:44:00,1405.80,1405.80,1405.00,1405.00,718
2026-09-02 09:45:00,1405.00,1406.70,1404.90,1406.20,3302
2026-09-02 09:46:00,1406.30,1406.30,1405.60,1406.10,307
2026-09-02 09:47:00,1406.00,1406.10,1405.40,1405.40,634
2026-09-02 09:48:00,1405.20,1405.70,1405.20,1405.60,363
2026-09-02 09:49:00,1405.60,1406.20,1405.60,1406.20,574
2026-09-02 09:50:00,1406.20,1406.20,1405.80,1406.00,311
2026-09-02 09:51:00,1406.00,1406.80,1405.40,1406.80,765
2026-09-02 09:52:00,1406.80,1407.00,1406.10,1406.10,772
2026-09-02 09:53:00,1406.10,1406.90,1406.10,1406.70,290
2026-09-02 09:54:00,1406.70,1406.70,1404.80,1405.30,1378
2026-09-02 09:55:00,1405.80,1405.80,1404.90,1405.60,780
2026-09-02 09:56:00,1405.60,1406.50,1405.60,1406.50,1766
2026-09-02 09:57:00,1406.50,1406.70,1405.90,1406.50,610
2026-09-02 09:58:00,1406.50,1406.70,1406.10,1406.70,519
2026-09-02 09:59:00,1406.80,1406.90,1406.30,1406.30,564
2026-09-02 10:00:00,1406.40,1406.60,1406.40,1406.50,300
2026-09-02 10:01:00,1406.50,1406.90,1406.40,1406.50,717
2026-09-02 10:02:00,1405.80,1406.50,1405.80,1406.30,354
2026-09-02 10:03:00,1406.30,1407.60,1406.10,1407.20,801
2026-09-02 10:04:00,1407.40,1407.50,1406.20,1406.60,1542
2026-09-02 10:05:00,1406.60,1409.20,1406.60,1409.00,23217
2026-09-02 10:06:00,1409.10,1409.10,1408.40,1408.70,9710
2026-09-02 10:07:00,1408.60,1408.60,1408.30,1408.50,523
2026-09-02 10:08:00,1408.60,1408.60,1408.50,1408.60,1623
2026-09-02 10:09:00,1408.60,1408.60,1407.70,1407.70,742
2026-09-02 10:10:00,1407.70,1408.50,1407.70,1408.10,311
2026-09-02 10:11:00,1408.10,1408.90,1408.10,1408.40,1055
2026-09-02 10:12:00,1408.40,1408.50,1408.30,1408.30,257
2026-09-02 10:13:00,1408.90,1408.90,1408.20,1408.90,693
2026-09-02 10:14:00,1408.90,1408.90,1408.50,1408.80,529
2026-09-02 10:15:00,1408.80,1409.20,1408.60,1409.20,967
2026-09-02 10:16:00,1408.60,1409.10,1404.00,1404.80,25986
2026-09-02 10:17:00,1404.80,1404.90,1403.30,1404.00,9841
2026-09-02 10:18:00,1403.80,1404.10,1402.00,1402.50,1915
2026-09-02 10:19:00,1402.50,1402.50,1401.60,1402.20,2464
2026-09-02 10:20:00,1402.20,1402.30,1401.20,1402.10,1646
2026-09-02 10:21:00,1402.10,1403.00,1402.10,1403.00,2008
2026-09-02 10:22:00,1403.60,1403.90,1403.40,1403.40,551
2026-09-02 10:23:00,1403.00,1403.50,1403.00,1403.50,558
2026-09-02 10:24:00,1403.20,1403.50,1403.20,1403.50,555
2026-09-02 10:25:00,1403.50,1403.50,1402.80,1403.50,702
2026-09-02 10:26:00,1403.50,1403.50,1403.30,1403.30,267
2026-09-02 10:27:00,1402.90,1403.90,1402.90,1403.50,432
2026-09-02 10:28:00,1403.90,1404.10,1403.50,1404.10,522
2026-09-02 10:29:00,1403.90,1404.00,1403.50,1403.50,542
2026-09-02 10:30:00,1403.50,1403.80,1403.00,1403.40,477
2026-09-02 10:31:00,1403.40,1403.60,1402.50,1403.00,1280
2026-09-02 10:32:00,1403.20,1403.50,1402.60,1403.40,620
2026-09-02 10:33:00,1403.40,1403.60,1403.00,1403.20,714
2026-09-02 10:34:00,1403.20,1403.40,1402.60,1403.40,1297
2026-09-02 10:35:00,1403.30,1403.30,1402.70,1402.70,1392
2026-09-02 10:36:00,1403.00,1403.20,1402.80,1403.20,414
2026-09-02 10:37:00,1403.80,1404.60,1403.80,1404.60,1075
2026-09-02 10:38:00,1404.30,1404.90,1404.10,1404.70,652
2026-09-02 10:39:00,1404.70,1404.90,1403.90,1404.20,1462
2026-09-02 10:40:00,1404.20,1404.90,1403.90,1404.10,465
2026-09-02 10:41:00,1404.60,1404.60,1404.00,1404.00,508
2026-09-02 10:42:00,1404.20,1404.40,1403.40,1404.30,1313
2026-09-02 10:43:00,1404.30,1404.40,1403.60,1404.20,497
2026-09-02 10:44:00,1404.00,1406.50,1404.00,1405.60,8664
2026-09-02 10:45:00,1405.80,1406.40,1405.60,1405.90,291
2026-09-02 10:46:00,1405.90,1406.70,1405.80,1406.70,936
2026-09-02 10:47:00,1406.30,1406.90,1406.30,1406.50,448
2026-09-02 10:48:00,1406.40,1409.30,1406.00,1408.50,2880
2026-09-02 10:49:00,1408.50,1408.50,1407.70,1408.20,879
2026-09-02 10:50:00,1408.00,1408.10,1407.00,1407.50,253
2026-09-02 10:51:00,1407.50,1408.00,1407.00,1408.00,1435
2026-09-02 10:52:00,1408.00,1408.20,1407.80,1407.80,277
2026-09-02 10:53:00,1407.70,1408.50,1407.50,1408.20,857
2026-09-02 10:54:00,1408.10,1410.40,1408.00,1409.40,1242
2026-09-02 10:55:00,1409.50,1413.60,1409.50,1413.30,7050
2026-09-02 10:56:00,1413.30,1413.60,1411.20,1411.20,611
2026-09-02 10:57:00,1411.40,1411.80,1410.90,1411.50,1891
2026-09-02 10:58:00,1411.20,1413.10,1411.20,1412.50,1691
2026-09-02 10:59:00,1412.50,1413.10,1412.50,1412.60,1022
2026-09-02 11:00:00,1412.70,1413.00,1412.70,1412.70,256
2026-09-02 11:01:00,1412.80,1412.80,1411.10,1412.10,908
2026-09-02 11:02:00,1412.10,1412.60,1411.90,1412.30,734
2026-09-02 11:03:00,1412.10,1413.00,1411.90,1412.60,852
2026-09-02 11:04:00,1412.20,1412.80,1412.20,1412.50,336
2026-09-02 11:05:00,1412.50,1412.50,1411.00,1411.10,587
2026-09-02 11:06:00,1411.00,1412.90,1411.00,1412.70,1451
2026-09-02 11:07:00,1412.00,1412.40,1411.20,1412.10,1298
2026-09-02 11:08:00,1411.40,1412.90,1411.30,1411.90,2637
2026-09-02 11:09:00,1411.90,1412.00,1411.20,1412.00,662
2026-09-02 11:10:00,1411.70,1412.30,1411.50,1411.60,579
2026-09-02 11:11:00,1411.60,1412.30,1411.50,1411.70,815
2026-09-02 11:12:00,1411.70,1411.80,1409.80,1411.10,1466
2026-09-02 11:13:00,1411.10,1412.00,1411.00,1412.00,2012
2026-09-02 11:14:00,1411.40,1412.10,1410.80,1411.80,1672
2026-09-02 11:15:00,1411.50,1411.70,1409.50,1409.90,413
2026-09-02 11:16:00,1409.70,1410.00,1409.50,1409.90,506
2026-09-02 11:17:00,1410.00,1411.70,1409.80,1411.00,986
2026-09-02 11:18:00,1411.40,1412.20,1411.00,1412.20,1969
2026-09-02 11:19:00,1412.30,1412.80,1412.00,1412.70,1034
2026-09-02 11:20:00,1412.80,1412.90,1411.50,1412.90,3259
2026-09-02 11:21:00,1412.30,1413.00,1412.20,1412.80,778
2026-09-02 11:22:00,1412.30,1413.00,1412.30,1412.90,650
2026-09-02 11:23:00,1412.80,1413.10,1412.10,1413.00,1859
2026-09-02 11:24:00,1412.50,1413.90,1412.50,1413.80,794
2026-09-02 11:25:00,1414.00,1414.60,1412.90,1414.30,4381
2026-09-02 11:26:00,1414.50,1414.50,1412.80,1413.10,1693
2026-09-02 11:27:00,1413.10,1413.80,1413.00,1413.60,1858
2026-09-02 11:28:00,1413.60,1414.00,1413.20,1413.90,599
2026-09-02 11:29:00,1413.50,1413.90,1411.60,1411.90,1723
2026-09-02 11:30:00,1411.60,1412.40,1409.90,1412.10,3341
2026-09-02 11:31:00,1411.80,1412.80,1411.10,1411.10,1088
2026-09-02 11:32:00,1411.30,1412.10,1410.90,1411.10,2563
2026-09-02 11:33:00,1411.80,1412.10,1411.10,1411.20,1125
2026-09-02 11:34:00,1412.00,1412.30,1411.20,1411.40,4719
2026-09-02 11:35:00,1411.80,1413.80,1411.50,1413.50,1470
2026-09-02 11:36:00,1413.50,1413.70,1413.20,1413.60,90
2026-09-02 11:37:00,1413.60,1413.80,1413.40,1413.60,206
2026-09-02 11:38:00,1413.60,1414.50,1413.50,1414.10,1398
2026-09-02 11:39:00,1414.20,1414.40,1414.00,1414.30,113
2026-09-02 11:40:00,1414.30,1414.30,1412.60,1413.30,470
2026-09-02 11:41:00,1413.30,1413.30,1412.20,1412.40,176
2026-09-02 11:42:00,1412.60,1413.00,1412.30,1412.90,376
2026-09-02 11:43:00,1413.00,1413.00,1412.70,1412.80,165
2026-09-02 11:44:00,1412.80,1413.50,1412.70,1413.50,1581
2026-09-02 11:45:00,1413.50,1413.50,1413.00,1413.00,108
2026-09-02 11:46:00,1413.60,1413.60,1412.90,1413.40,822
2026-09-02 11:47:00,1413.40,1413.40,1412.80,1413.00,374
2026-09-02 11:48:00,1413.50,1414.10,1412.30,1413.70,1082
2026-09-02 11:49:00,1412.80,1414.00,1412.80,1413.70,426
2026-09-02 11:50:00,1413.70,1414.00,1412.90,1412.90,385
2026-09-02 11:51:00,1413.30,1416.00,1412.40,1415.20,4796
2026-09-02 11:52:00,1415.30,1415.60,1414.50,1414.50,806
2026-09-02 11:53:00,1414.80,1414.80,1414.50,1414.80,133
2026-09-02 11:54:00,1414.80,1415.00,1414.20,1414.40,357
2026-09-02 11:55:00,1414.70,1415.00,1414.00,1414.00,413
2026-09-02 11:56:00,1414.00,1415.00,1413.60,1413.60,585
2026-09-02 11:57:00,1414.20,1414.30,1413.70,1413.80,744
2026-09-02 11:58:00,1414.00,1414.20,1413.80,1414.10,466
2026-09-02 11:59:00,1414.10,1414.10,1413.10,1413.40,358
2026-09-02 12:00:00,1413.60,1413.80,1412.60,1412.60,65
2026-09-02 12:01:00,1412.70,1413.20,1412.10,1413.20,1381
2026-09-02 12:02:00,1412.80,1413.00,1412.00,1412.40,788
2026-09-02 12:03:00,1412.50,1413.00,1412.20,1412.30,252
2026-09-02 12:04:00,1412.30,1412.50,1411.50,1411.50,323
2026-09-02 12:05:00,1411.50,1413.80,1411.50,1412.80,2163
2026-09-02 12:06:00,1412.80,1413.10,1412.80,1412.90,54
2026-09-02 12:07:00,1413.00,1413.00,1412.20,1412.30,211
2026-09-02 12:08:00,1412.40,1412.50,1411.80,1412.30,147
2026-09-02 12:09:00,1412.10,1412.40,1411.80,1412.30,961
2026-09-02 12:10:00,1412.30,1412.30,1411.90,1411.90,31
2026-09-02 12:11:00,1411.90,1412.30,1411.90,1411.90,314
2026-09-02 12:12:00,1412.00,1412.20,1411.90,1411.90,139
2026-09-02 12:13:00,1412.00,1412.30,1411.90,1412.00,571
2026-09-02 12:14:00,1412.00,1412.00,1409.60,1409.70,2604
2026-09-02 12:15:00,1409.90,1410.00,1408.90,1409.60,1036
2026-09-02 12:16:00,1409.40,1409.90,1408.90,1409.30,1366
2026-09-02 12:17:00,1409.30,1409.50,1408.90,1409.30,892
2026-09-02 12:18:00,1409.40,1409.40,1408.20,1408.80,573
2026-09-02 12:19:00,1408.30,1408.50,1408.20,1408.20,181
2026-09-02 12:20:00,1408.30,1408.40,1407.80,1407.90,709
2026-09-02 12:21:00,1407.90,1408.80,1407.60,1407.60,1196
2026-09-02 12:22:00,1407.60,1411.40,1407.50,1411.40,2092
2026-09-02 12:23:00,1410.90,1411.90,1410.50,1411.60,22971
2026-09-02 12:24:00,1411.10,1412.00,1410.80,1410.80,1802
2026-09-02 12:25:00,1410.90,1410.90,1410.80,1410.80,273
2026-09-02 12:26:00,1410.90,1411.00,1410.80,1410.90,227
2026-09-02 12:27:00,1411.00,1411.10,1410.90,1411.00,778
2026-09-02 12:28:00,1411.00,1411.10,1411.00,1411.00,246
2026-09-02 12:29:00,1411.10,1411.10,1410.50,1410.60,408
2026-09-02 12:30:00,1410.70,1410.90,1410.70,1410.80,813
2026-09-02 12:31:00,1411.00,1411.60,1411.00,1411.60,620
2026-09-02 12:32:00,1411.20,1411.50,1410.70,1411.00,1250
2026-09-02 12:33:00,1411.00,1411.60,1411.00,1411.60,392
2026-09-02 12:34:00,1411.80,1411.90,1410.90,1410.90,1295
2026-09-02 12:35:00,1410.40,1410.40,1409.00,1409.70,543
2026-09-02 12:36:00,1409.50,1409.50,1408.50,1408.50,406
2026-09-02 12:37:00,1408.80,1408.90,1408.70,1408.70,45
2026-09-02 12:38:00,1408.90,1409.50,1408.70,1409.40,706
2026-09-02 12:39:00,1409.50,1410.10,1409.10,1410.00,305
2026-09-02 12:40:00,1410.00,1410.70,1409.60,1410.70,598
2026-09-02 12:41:00,1410.70,1411.00,1410.70,1410.70,415
2026-09-02 12:42:00,1410.80,1411.20,1410.50,1411.20,760
2026-09-02 12:43:00,1411.40,1411.50,1409.70,1410.10,1061
2026-09-02 12:44:00,1410.20,1411.80,1410.10,1411.10,882
2026-09-02 12:45:00,1411.50,1411.90,1411.10,1411.50,322
2026-09-02 12:46:00,1411.50,1411.90,1411.30,1411.70,597
2026-09-02 12:47:00,1411.70,1411.80,1411.50,1411.80,120
2026-09-02 12:48:00,1411.80,1411.80,1411.50,1411.80,327
2026-09-02 12:49:00,1411.90,1412.00,1411.80,1411.80,350
2026-09-02 12:50:00,1411.80,1412.00,1411.50,1411.50,143
2026-09-02 12:51:00,1411.60,1411.80,1411.30,1411.30,753
2026-09-02 12:52:00,1411.70,1411.80,1411.40,1411.50,571
2026-09-02 12:53:00,1411.60,1412.00,1411.20,1412.00,563
2026-09-02 12:54:00,1412.10,1412.10,1411.50,1412.10,573
2026-09-02 12:55:00,1412.20,1412.30,1411.60,1411.70,265
2026-09-02 12:56:00,1412.00,1412.50,1411.60,1411.90,794
2026-09-02 12:57:00,1412.00,1412.00,1411.90,1411.90,37
2026-09-02 12:58:00,1411.60,1412.00,1411.60,1411.60,123
2026-09-02 12:59:00,1411.80,1411.90,1411.60,1411.60,235
2026-09-02 13:00:00,1411.90,1411.90,1411.30,1411.40,1081
2026-09-02 13:01:00,1411.60,1411.80,1411.10,1411.30,553
2026-09-02 13:02:00,1411.30,1411.70,1411.30,1411.40,507
2026-09-02 13:03:00,1411.40,1412.00,1411.40,1411.80,199
2026-09-02 13:04:00,1412.00,1412.00,1411.50,1411.50,504
2026-09-02 13:05:00,1411.70,1412.00,1411.50,1411.70,560
2026-09-02 13:06:00,1411.90,1412.40,1411.70,1412.30,222
2026-09-02 13:07:00,1412.30,1412.40,1411.90,1412.20,313
2026-09-02 13:08:00,1412.30,1412.30,1411.90,1412.10,276
2026-09-02 13:09:00,1412.20,1412.20,1411.90,1411.90,572
2026-09-02 13:10:00,1411.90,1412.50,1411.70,1412.40,406
2026-09-02 13:11:00,1412.50,1412.60,1412.00,1412.10,400
2026-09-02 13:12:00,1412.10,1412.50,1411.30,1411.60,2612
2026-09-02 13:13:00,1411.60,1412.10,1411.60,1412.10,331
2026-09-02 13:14:00,1411.80,1411.80,1410.50,1410.50,616
2026-09-02 13:15:00,1410.50,1411.50,1410.50,1410.90,518
2026-09-02 13:16:00,1411.10,1411.20,1410.40,1410.60,792
2026-09-02 13:17:00,1410.60,1411.10,1410.40,1411.00,691
2026-09-02 13:18:00,1410.60,1412.90,1410.50,1412.70,10591
2026-09-02 13:19:00,1412.50,1412.90,1412.30,1412.40,773
2026-09-02 13:20:00,1412.80,1412.80,1412.20,1412.30,272
2026-09-02 13:21:00,1412.30,1412.80,1412.20,1412.20,721
2026-09-02 13:22:00,1412.50,1415.00,1412.10,1415.00,6249
2026-09-02 13:23:00,1414.60,1415.00,1414.30,1414.40,582
2026-09-02 13:24:00,1414.40,1414.70,1414.00,1414.50,137
2026-09-02 13:25:00,1414.00,1414.50,1414.00,1414.00,489
2026-09-02 13:26:00,1414.20,1414.40,1414.00,1414.40,551
2026-09-02 13:27:00,1414.10,1414.40,1414.00,1414.00,666
2026-09-02 13:28:00,1414.10,1414.20,1414.00,1414.20,600
2026-09-02 13:29:00,1414.20,1414.20,1414.00,1414.10,108
2026-09-02 13:30:00,1414.10,1414.10,1414.00,1414.00,464
2026-09-02 13:31:00,1414.10,1414.10,1414.00,1414.00,840
2026-09-02 13:32:00,1414.10,1414.20,1414.00,1414.10,274
2026-09-02 13:33:00,1414.10,1416.30,1414.10,1416.30,1969
2026-09-02 13:34:00,1416.10,1417.00,1415.60,1416.50,683
2026-09-02 13:35:00,1416.30,1416.70,1416.00,1416.10,679
2026-09-02 13:36:00,1416.30,1416.50,1415.80,1416.20,274
2026-09-02 13:37:00,1416.20,1416.30,1415.70,1416.10,554
2026-09-02 13:38:00,1416.00,1416.10,1416.00,1416.10,404
2026-09-02 13:39:00,1416.00,1416.70,1416.00,1416.30,834
2026-09-02 13:40:00,1416.70,1416.70,1416.00,1416.40,201
2026-09-02 13:41:00,1416.20,1416.30,1416.00,1416.00,216
2026-09-02 13:42:00,1416.20,1416.20,1415.50,1415.50,4206
2026-09-02 13:43:00,1415.60,1415.60,1415.50,1415.50,1258
2026-09-02 13:44:00,1415.50,1415.60,1414.00,1414.00,7986
2026-09-02 13:45:00,1414.00,1414.10,1414.00,1414.00,316
2026-09-02 13:46:00,1414.10,1414.10,1411.90,1411.90,4622
2026-09-02 13:47:00,1411.50,1411.50,1410.70,1410.90,1708
2026-09-02 13:48:00,1410.70,1410.90,1410.10,1410.10,1134
2026-09-02 13:49:00,1410.20,1410.80,1410.10,1410.10,678
2026-09-02 13:50:00,1410.20,1413.70,1410.00,1413.60,1476
2026-09-02 13:51:00,1413.60,1413.70,1412.80,1412.90,235
2026-09-02 13:52:00,1412.90,1413.10,1412.50,1412.90,222
2026-09-02 13:53:00,1412.90,1413.00,1412.60,1412.70,878
2026-09-02 13:54:00,1412.70,1413.00,1412.70,1412.90,311
2026-09-02 13:55:00,1412.90,1413.30,1412.80,1413.20,652
2026-09-02 13:56:00,1413.10,1413.20,1413.00,1413.20,167
2026-09-02 13:57:00,1413.20,1413.80,1413.20,1413.40,381
2026-09-02 13:58:00,1413.20,1413.80,1413.20,1413.30,246
2026-09-02 13:59:00,1413.40,1413.40,1412.80,1412.80,161
2026-09-02 14:00:00,1413.00,1413.20,1412.20,1412.70,293
2026-09-02 14:01:00,1412.60,1412.70,1412.00,1412.10,345
2026-09-02 14:02:00,1412.10,1412.30,1411.90,1412.30,632
2026-09-02 14:03:00,1412.70,1413.00,1412.60,1412.90,182
2026-09-02 14:04:00,1412.70,1412.90,1412.30,1412.60,180
2026-09-02 14:05:00,1412.50,1412.80,1412.30,1412.50,248
2026-09-02 14:06:00,1412.60,1412.60,1412.00,1412.30,298
2026-09-02 14:07:00,1412.30,1412.80,1411.90,1412.10,183
2026-09-02 14:08:00,1412.30,1412.40,1412.00,1412.40,453
2026-09-02 14:09:00,1412.10,1412.60,1412.00,1412.00,262
2026-09-02 14:10:00,1412.20,1412.50,1411.90,1411.90,282
2026-09-02 14:11:00,1411.90,1412.50,1411.90,1412.40,214
2026-09-02 14:12:00,1412.00,1412.50,1412.00,1412.10,253
2026-09-02 14:13:00,1412.30,1412.50,1411.80,1412.20,73
2026-09-02 14:14:00,1412.10,1412.20,1411.60,1412.00,167
2026-09-02 14:15:00,1411.80,1412.00,1411.50,1411.80,869
2026-09-02 14:16:00,1412.00,1412.40,1411.50,1411.50,265
2026-09-02 14:17:00,1411.50,1411.90,1410.50,1410.50,1206
2026-09-02 14:18:00,1410.50,1411.20,1410.00,1410.90,794
2026-09-02 14:19:00,1410.90,1411.20,1410.20,1410.30,182
2026-09-02 14:20:00,1410.70,1411.60,1410.30,1411.40,913
2026-09-02 14:21:00,1411.50,1411.50,1411.40,1411.40,489
2026-09-02 14:22:00,1411.40,1411.60,1411.40,1411.40,1129
2026-09-02 14:23:00,1411.50,1411.50,1411.40,1411.40,217
2026-09-02 14:24:00,1411.50,1411.50,1410.50,1410.60,674
2026-09-02 14:25:00,1410.70,1410.70,1410.00,1410.20,516
2026-09-02 14:26:00,1410.00,1410.00,1409.00,1409.50,524
2026-09-02 14:27:00,1409.50,1409.50,1409.00,1409.50,607
2026-09-02 14:28:00,1409.30,1411.10,1408.90,1411.10,965
2026-09-02 14:29:00,1411.00,1411.40,1410.80,1411.40,1204
2026-09-02 14:30:00,1411.20,1412.00,1411.10,1411.40,2444
2026-09-02 14:31:00,1411.80,1411.80,1411.20,1411.20,1547
2026-09-02 14:32:00,1411.40,1411.80,1411.40,1411.60,1489
2026-09-02 14:33:00,1411.60,1411.80,1411.10,1411.70,2285
2026-09-02 14:34:00,1411.50,1411.80,1410.90,1410.90,1778
2026-09-02 14:35:00,1411.10,1413.10,1411.10,1413.10,7378
2026-09-02 14:36:00,1412.30,1412.50,1411.50,1411.90,4772
2026-09-02 14:37:00,1411.90,1413.00,1409.70,1410.10,2179
2026-09-02 14:38:00,1410.10,1412.20,1409.80,1412.00,3425
2026-09-02 14:39:00,1412.00,1412.20,1411.90,1411.90,2068
2026-09-02 14:40:00,1412.00,1413.20,1411.60,1412.90,24753
2026-09-02 14:41:00,1413.10,1413.20,1412.50,1413.00,1444
2026-09-02 14:42:00,1413.00,1413.10,1412.50,1413.00,1277
2026-09-02 14:43:00,1412.90,1413.10,1412.80,1413.00,1408
2026-09-02 14:44:00,1413.00,1413.00,1412.50,1413.00,1122
2026-09-02 14:45:00,1413.00,1413.20,1412.80,1412.80,1596
2026-09-02 14:46:00,1413.00,1413.10,1412.80,1412.80,1571
2026-09-02 14:47:00,1412.80,1413.10,1412.80,1413.00,1117
2026-09-02 14:48:00,1413.00,1413.00,1412.70,1413.00,1324
2026-09-02 14:49:00,1413.00,1413.20,1412.80,1413.00,1612
2026-09-02 14:50:00,1412.90,1413.10,1412.00,1412.60,1521
2026-09-02 14:51:00,1412.50,1412.60,1412.10,1412.40,1212
2026-09-02 14:52:00,1411.90,1411.90,1410.70,1411.00,1789
2026-09-02 14:53:00,1411.80,1411.90,1411.50,1411.90,2859
2026-09-02 14:54:00,1410.40,1410.40,1409.00,1409.50,4278
2026-09-02 14:55:00,1409.50,1409.70,1409.10,1409.50,1218
2026-09-02 14:56:00,1409.30,1409.30,1408.30,1409.20,2707
2026-09-02 14:57:00,1409.10,1409.30,1408.50,1409.20,1413
2026-09-02 14:58:00,1409.30,1409.50,1408.80,1409.40,1417
2026-09-02 14:59:00,1409.50,1409.50,1409.10,1409.10,2827
2026-09-02 15:00:00,1409.10,1409.30,1408.40,1409.00,1848
2026-09-02 15:01:00,1409.00,1409.00,1407.20,1408.90,2442
2026-09-02 15:02:00,1408.70,1408.80,1408.40,1408.50,1741
2026-09-02 15:03:00,1408.60,1408.70,1408.40,1408.60,1909
2026-09-02 15:04:00,1408.50,1408.50,1408.30,1408.40,2205
2026-09-02 15:05:00,1408.30,1408.50,1408.10,1408.10,5526
2026-09-02 15:06:00,1408.30,1408.30,1407.40,1407.70,2271
2026-09-02 15:07:00,1407.70,1408.00,1407.50,1408.00,2283
2026-09-02 15:08:00,1408.00,1408.00,1407.90,1408.00,2705
2026-09-02 15:09:00,1407.90,1408.00,1407.90,1408.00,3082
2026-09-02 15:10:00,1408.00,1408.00,1407.10,1407.10,6220
2026-09-02 15:11:00,1407.40,1407.40,1406.50,1407.00,5333
2026-09-02 15:12:00,1406.50,1407.20,1405.90,1407.00,7250
2026-09-02 15:13:00,1407.10,1409.20,1407.10,1408.60,3799
2026-09-02 15:14:00,1408.50,1410.00,1407.70,1409.50,2529
2026-09-02 15:15:00,1409.50,1409.50,1409.50,1409.50,0
2026-09-02 15:16:00,1409.50,1409.50,1409.50,1409.50,0
2026-09-02 15:17:00,1409.50,1409.50,1409.50,1409.50,0
2026-09-02 15:18:00,1409.50,1409.50,1409.50,1409.50,0
2026-09-02 15:19:00,1409.50,1409.50,1409.50,1409.50,0
2026-09-02 15:20:00,1409.50,1409.50,1409.50,1409.50,0
2026-09-02 15:21:00,1409.50,1409.50,1409.50,1409.50,0
2026-09-02 15:22:00,1409.50,1409.50,1409.50,1409.50,0
2026-09-02 15:23:00,1409.50,1409.50,1409.50,1409.50,0
2026-09-02 15:24:00,1409.50,1409.50,1409.50,1409.50,0
2026-09-02 15:25:00,1409.50,1409.50,1409.50,1409.50,0
2026-09-02 15:26:00,1409.50,1409.50,1409.50,1409.50,0
2026-09-02 15:27:00,1409.50,1409.50,1409.50,1409.50,0
2026-09-02 15:28:00,1409.50,1409.50,1409.50,1409.50,0
2026-09-02 15:29:00,1409.50,1412.80,1409.50,1412.80,28878
2026-09-03 09:15:00,1414.00,1414.00,1405.40,1406.10,2954
2026-09-03 09:16:00,1406.10,1410.10,1406.10,1409.10,3834
2026-09-03 09:17:00,1410.00,1410.00,1407.40,1407.40,2796
2026-09-03 09:18:00,1407.40,1408.80,1407.40,1408.60,418
2026-09-03 09:19:00,1408.60,1408.60,1408.50,1408.60,1772
2026-09-03 09:20:00,1408.80,1409.50,1408.30,1409.50,194
2026-09-03 09:21:00,1409.90,1410.30,1409.90,1410.00,1146
2026-09-03 09:22:00,1409.90,1409.90,1408.10,1408.80,1515
2026-09-03 09:23:00,1408.80,1409.40,1407.70,1407.70,2028
2026-09-03 09:24:00,1408.20,1408.60,1406.70,1408.40,1453
2026-09-03 09:25:00,1407.20,1407.20,1406.50,1406.80,1455
2026-09-03 09:26:00,1406.80,1407.00,1406.10,1406.90,1062
2026-09-03 09:27:00,1406.60,1406.80,1405.00,1405.70,3664
2026-09-03 09:28:00,1405.70,1406.30,1405.00,1405.90,696
2026-09-03 09:29:00,1405.90,1407.20,1405.90,1407.20,963
2026-09-03 09:30:00,1407.20,1408.20,1406.50,1408.10,1643
2026-09-03 09:31:00,1408.10,1408.60,1408.00,1408.60,412
2026-09-03 09:32:00,1408.30,1408.40,1407.40,1408.00,588
2026-09-03 09:33:00,1408.00,1408.00,1407.70,1408.00,485
2026-09-03 09:34:00,1408.00,1408.00,1407.00,1407.80,1826
2026-09-03 09:35:00,1407.80,1409.10,1407.30,1409.10,681
2026-09-03 09:36:00,1409.00,1409.30,1407.50,1408.50,296
2026-09-03 09:37:00,1408.40,1408.40,1407.50,1407.50,417
2026-09-03 09:38:00,1407.50,1407.90,1406.80,1407.40,383
2026-09-03 09:39:00,1407.60,1408.20,1407.30,1407.80,182
2026-09-03 09:40:00,1408.40,1408.90,1407.50,1407.50,435
2026-09-03 09:41:00,1408.40,1408.40,1407.90,1408.00,636
2026-09-03 09:42:00,1408.10,1408.10,1407.60,1407.70,871
2026-09-03 09:43:00,1407.70,1407.70,1407.30,1407.60,235
2026-09-03 09:44:00,1407.30,1407.70,1407.20,1407.70,634
2026-09-03 09:45:00,1407.70,1407.70,1407.20,1407.20,262
2026-09-03 09:46:00,1407.60,1407.70,1407.60,1407.70,188
2026-09-03 09:47:00,1407.70,1407.70,1407.20,1407.70,200
2026-09-03 09:48:00,1407.20,1407.70,1407.20,1407.70,345
2026-09-03 09:49:00,1407.70,1410.40,1407.20,1409.00,10219
2026-09-03 09:50:00,1409.00,1412.70,1409.00,1412.40,17705
2026-09-03 09:51:00,1412.70,1413.00,1411.70,1411.90,7107
2026-09-03 09:52:00,1412.00,1413.00,1411.90,1412.60,1312
2026-09-03 09:53:00,1413.00,1413.00,1411.50,1412.50,4657
2026-09-03 09:54:00,1412.50,1413.00,1412.50,1413.00,419
2026-09-03 09:55:00,1413.00,1414.50,1412.70,1414.00,1519
2026-09-03 09:56:00,1413.30,1414.90,1413.30,1414.90,1294
2026-09-03 09:57:00,1414.70,1415.40,1413.70,1414.20,2890
2026-09-03 09:58:00,1414.20,1414.70,1413.90,1414.00,536
2026-09-03 09:59:00,1414.60,1414.70,1413.50,1414.00,208
2026-09-03 10:00:00,1414.00,1415.00,1414.00,1414.90,336
2026-09-03 10:01:00,1415.00,1415.00,1413.60,1414.40,1707
2026-09-03 10:02:00,1414.20,1414.20,1412.60,1413.40,922
2026-09-03 10:03:00,1413.40,1413.70,1412.90,1413.40,245
2026-09-03 10:04:00,1413.00,1413.50,1412.80,1412.80,269
2026-09-03 10:05:00,1412.90,1412.90,1412.50,1412.80,147
2026-09-03 10:06:00,1412.80,1412.80,1411.90,1411.90,610
2026-09-03 10:07:00,1411.50,1411.90,1410.60,1411.20,789
2026-09-03 10:08:00,1411.90,1412.20,1410.60,1411.40,661
2026-09-03 10:09:00,1411.40,1411.40,1411.00,1411.00,135
2026-09-03 10:10:00,1411.00,1411.40,1410.40,1411.00,479
2026-09-03 10:11:00,1411.40,1411.40,1410.40,1411.00,202
2026-09-03 10:12:00,1411.00,1411.20,1410.40,1410.40,238
2026-09-03 10:13:00,1410.80,1410.80,1408.50,1408.60,682
2026-09-03 10:14:00,1408.70,1409.50,1407.80,1408.10,1180
2026-09-03 10:15:00,1408.60,1408.80,1407.80,1408.50,265
2026-09-03 10:16:00,1408.50,1408.60,1406.00,1407.00,2729
2026-09-03 10:17:00,1407.00,1407.00,1406.30,1406.80,281
2026-09-03 10:18:00,1407.00,1407.00,1406.80,1407.00,813
2026-09-03 10:19:00,1407.00,1407.30,1406.30,1406.90,337
2026-09-03 10:20:00,1406.90,1407.30,1406.00,1406.60,1567
2026-09-03 10:21:00,1406.50,1406.60,1405.10,1405.10,3265
2026-09-03 10:22:00,1405.60,1406.10,1405.60,1406.10,269
2026-09-03 10:23:00,1406.10,1406.10,1403.10,1403.30,7047
2026-09-03 10:24:00,1403.60,1403.90,1402.20,1403.50,1730
2026-09-03 10:25:00,1403.50,1404.00,1403.40,1403.90,558
2026-09-03 10:26:00,1403.90,1404.40,1403.60,1403.60,909
2026-09-03 10:27:00,1404.00,1404.50,1404.00,1404.10,393
2026-09-03 10:28:00,1404.50,1405.70,1404.00,1405.30,2609
2026-09-03 10:29:00,1405.20,1406.30,1404.60,1405.20,513
2026-09-03 10:30:00,1405.90,1406.00,1405.00,1405.50,1066
2026-09-03 10:31:00,1405.50,1405.60,1405.00,1405.50,119
2026-09-03 10:32:00,1405.60,1406.40,1405.00,1406.40,315
2026-09-03 10:33:00,1406.30,1406.50,1405.90,1406.00,253
2026-09-03 10:34:00,1406.50,1406.80,1404.10,1405.40,2578
2026-09-03 10:35:00,1405.40,1406.20,1405.30,1405.50,235
2026-09-03 10:36:00,1406.20,1406.20,1405.10,1405.70,231
2026-09-03 10:37:00,1406.00,1406.00,1405.10,1405.90,334
2026-09-03 10:38:00,1405.90,1406.70,1405.60,1406.70,147
2026-09-03 10:39:00,1406.60,1406.70,1406.00,1406.70,201
2026-09-03 10:40:00,1406.30,1406.70,1406.00,1406.00,498
2026-09-03 10:41:00,1406.70,1406.70,1406.00,1406.20,205
2026-09-03 10:42:00,1406.20,1406.20,1405.70,1406.00,163
2026-09-03 10:43:00,1406.00,1406.00,1405.30,1405.60,651
2026-09-03 10:44:00,1406.00,1406.00,1405.30,1406.00,161
2026-09-03 10:45:00,1406.40,1406.40,1405.30,1405.30,317
2026-09-03 10:46:00,1406.00,1406.10,1405.30,1406.00,167
2026-09-03 10:47:00,1405.40,1405.90,1404.50,1405.20,1055
2026-09-03 10:48:00,1404.50,1405.60,1404.50,1405.30,253
2026-09-03 10:49:00,1405.20,1405.40,1404.30,1405.40,216
2026-09-03 10:50:00,1404.90,1406.00,1404.90,1405.90,263
2026-09-03 10:51:00,1405.50,1405.90,1404.80,1405.60,366
2026-09-03 10:52:00,1405.60,1405.60,1404.90,1405.50,295
2026-09-03 10:53:00,1405.50,1405.60,1404.50,1405.40,220
2026-09-03 10:54:00,1405.30,1405.40,1404.30,1405.20,227
2026-09-03 10:55:00,1405.20,1405.20,1404.20,1404.80,251
2026-09-03 10:56:00,1404.80,1404.90,1403.40,1404.50,835
2026-09-03 10:57:00,1404.50,1404.80,1404.10,1404.10,250
2026-09-03 10:58:00,1404.70,1404.80,1403.50,1404.00,1172
2026-09-03 10:59:00,1404.00,1404.00,1402.80,1403.10,1850
2026-09-03 11:00:00,1403.10,1404.20,1402.40,1403.70,869
2026-09-03 11:01:00,1403.80,1404.00,1402.70,1403.70,400
2026-09-03 11:02:00,1403.10,1403.70,1403.00,1403.50,1144
2026-09-03 11:03:00,1403.50,1403.60,1403.00,1403.00,375
2026-09-03 11:04:00,1403.00,1403.00,1402.10,1402.80,520
2026-09-03 11:05:00,1402.80,1402.80,1402.00,1402.80,1177
2026-09-03 11:06:00,1402.80,1403.00,1402.80,1403.00,335
2026-09-03 11:07:00,1403.00,1403.00,1398.90,1399.30,10627
2026-09-03 11:08:00,1399.30,1399.80,1399.00,1399.70,1186
2026-09-03 11:09:00,1399.50,1399.50,1398.60,1399.20,1129
2026-09-03 11:10:00,1399.20,1399.20,1397.10,1397.10,3566
2026-09-03 11:11:00,1397.30,1398.00,1396.40,1397.70,2645
2026-09-03 11:12:00,1397.30,1398.50,1397.30,1398.40,902
2026-09-03 11:13:00,1398.40,1398.70,1397.00,1397.00,824
2026-09-03 11:14:00,1397.50,1397.90,1396.10,1396.80,1258
2026-09-03 11:15:00,1396.80,1397.50,1396.40,1397.10,970
2026-09-03 11:16:00,1397.10,1397.60,1396.60,1397.00,487
2026-09-03 11:17:00,1397.00,1398.10,1396.60,1397.20,1511
2026-09-03 11:18:00,1397.80,1398.40,1397.30,1398.00,725
2026-09-03 11:19:00,1397.90,1398.70,1397.40,1398.70,1481
2026-09-03 11:20:00,1398.50,1399.10,1398.20,1398.60,539
2026-09-03 11:21:00,1398.60,1398.60,1397.60,1398.00,1016
2026-09-03 11:22:00,1398.40,1398.90,1397.90,1398.60,464
2026-09-03 11:23:00,1398.60,1398.90,1398.10,1398.80,278
2026-09-03 11:24:00,1398.60,1399.00,1398.30,1399.00,399
2026-09-03 11:25:00,1399.00,1399.30,1399.00,1399.20,965
2026-09-03 11:26:00,1399.20,1399.40,1398.80,1399.40,583
2026-09-03 11:27:00,1399.10,1399.40,1399.10,1399.30,508
2026-09-03 11:28:00,1399.30,1400.00,1399.30,1400.00,971
2026-09-03 11:29:00,1400.00,1400.30,1399.60,1400.00,286
2026-09-03 11:30:00,1400.00,1400.10,1399.60,1400.10,144
2026-09-03 11:31:00,1400.30,1401.00,1400.00,1400.90,316
2026-09-03 11:32:00,1400.90,1401.00,1400.00,1400.50,857
2026-09-03 11:33:00,1401.00,1401.00,1400.50,1400.50,487
2026-09-03 11:34:00,1401.00,1401.00,1400.20,1400.20,1084
2026-09-03 11:35:00,1400.90,1400.90,1400.20,1400.20,215
2026-09-03 11:36:00,1400.90,1400.90,1400.20,1400.90,155
2026-09-03 11:37:00,1401.00,1401.00,1400.20,1400.70,1180
2026-09-03 11:38:00,1400.70,1400.80,1400.20,1400.50,244
2026-09-03 11:39:00,1400.50,1400.50,1400.20,1400.50,197
2026-09-03 11:40:00,1400.50,1400.50,1399.60,1400.10,668
2026-09-03 11:41:00,1400.10,1400.10,1398.20,1398.90,991
2026-09-03 11:42:00,1398.90,1399.00,1398.00,1398.90,646
2026-09-03 11:43:00,1398.90,1399.20,1398.40,1398.90,856
2026-09-03 11:44:00,1398.40,1399.20,1398.40,1399.20,238
2026-09-03 11:45:00,1399.20,1399.20,1398.50,1398.90,151
2026-09-03 11:46:00,1398.90,1398.90,1398.80,1398.90,359
2026-09-03 11:47:00,1399.30,1400.00,1399.10,1399.40,670
2026-09-03 11:48:00,1399.40,1399.70,1399.00,1399.60,214
2026-09-03 11:49:00,1399.60,1399.60,1399.60,1399.60,130
2026-09-03 11:50:00,1399.60,1399.60,1399.00,1399.40,358
2026-09-03 11:51:00,1399.30,1399.30,1398.60,1399.20,299
2026-09-03 11:52:00,1399.20,1399.20,1399.00,1399.20,106
2026-09-03 11:53:00,1399.20,1399.20,1399.00,1399.20,241
2026-09-03 11:54:00,1399.10,1399.50,1399.10,1399.20,134
2026-09-03 11:55:00,1399.10,1399.10,1398.70,1398.80,214
2026-09-03 11:56:00,1398.80,1399.20,1398.00,1399.20,791
2026-09-03 11:57:00,1398.90,1399.10,1398.40,1398.40,190
2026-09-03 11:58:00,1399.00,1399.00,1398.10,1398.50,181
2026-09-03 11:59:00,1398.50,1398.50,1398.00,1398.00,511
2026-09-03 12:00:00,1398.50,1398.50,1398.00,1398.00,577
2026-09-03 12:01:00,1398.40,1398.40,1397.50,1397.50,927
2026-09-03 12:02:00,1398.00,1398.00,1397.50,1398.00,665
2026-09-03 12:03:00,1398.00,1398.00,1397.50,1397.60,546
2026-09-03 12:04:00,1397.90,1397.90,1397.50,1397.50,514
2026-09-03 12:05:00,1397.70,1397.80,1397.50,1397.80,143
2026-09-03 12:06:00,1397.80,1397.80,1397.20,1397.50,406
2026-09-03 12:07:00,1397.50,1397.50,1397.10,1397.50,377
2026-09-03 12:08:00,1397.50,1398.00,1397.10,1397.70,3464
2026-09-03 12:09:00,1398.30,1398.30,1397.60,1398.30,614
2026-09-03 12:10:00,1398.30,1398.40,1398.30,1398.40,195
2026-09-03 12:11:00,1398.40,1398.40,1397.70,1398.20,117
2026-09-03 12:12:00,1398.20,1398.20,1397.50,1398.00,221
2026-09-03 12:13:00,1398.00,1398.00,1397.30,1397.90,673
2026-09-03 12:14:00,1398.10,1399.00,1398.10,1399.00,691
2026-09-03 12:15:00,1399.00,1399.10,1397.50,1398.00,896
2026-09-03 12:16:00,1397.70,1397.70,1396.80,1397.50,1124
2026-09-03 12:17:00,1397.50,1397.50,1397.00,1397.00,435
2026-09-03 12:18:00,1397.00,1397.50,1396.10,1396.50,1175
2026-09-03 12:19:00,1397.00,1397.70,1396.50,1397.00,695
2026-09-03 12:20:00,1397.50,1397.60,1397.00,1397.60,418
2026-09-03 12:21:00,1397.60,1397.80,1397.00,1397.00,605
2026-09-03 12:22:00,1397.70,1397.70,1397.20,1397.60,365
2026-09-03 12:23:00,1397.60,1397.60,1397.20,1397.60,112
2026-09-03 12:24:00,1397.60,1397.60,1397.00,1397.30,1268
2026-09-03 12:25:00,1397.00,1397.00,1396.30,1396.50,1080
2026-09-03 12:26:00,1396.50,1397.00,1396.10,1397.00,1226
2026-09-03 12:27:00,1396.50,1396.50,1393.50,1394.20,10633
2026-09-03 12:28:00,1394.70,1395.00,1394.20,1395.00,2121
2026-09-03 12:29:00,1394.50,1395.10,1394.50,1395.00,710
2026-09-03 12:30:00,1395.00,1395.00,1394.10,1394.10,619
2026-09-03 12:31:00,1394.50,1394.80,1394.10,1394.20,1002
2026-09-03 12:32:00,1394.50,1394.80,1394.10,1394.80,575
2026-09-03 12:33:00,1394.50,1394.90,1394.30,1394.80,290
2026-09-03 12:34:00,1394.90,1394.90,1394.30,1394.60,390
2026-09-03 12:35:00,1395.00,1395.00,1394.10,1394.30,749
2026-09-03 12:36:00,1394.90,1394.90,1394.10,1394.50,516
2026-09-03 12:37:00,1394.50,1394.50,1394.00,1394.40,1438
2026-09-03 12:38:00,1394.40,1394.40,1394.00,1394.40,544
2026-09-03 12:39:00,1394.00,1394.90,1394.00,1394.90,463
2026-09-03 12:40:00,1394.90,1394.90,1394.00,1394.60,585
2026-09-03 12:41:00,1394.00,1394.80,1393.80,1394.00,510
2026-09-03 12:42:00,1394.00,1394.00,1393.00,1393.10,2469
2026-09-03 12:43:00,1393.40,1393.90,1393.10,1393.20,444
2026-09-03 12:44:00,1393.30,1393.50,1392.70,1392.80,1345
2026-09-03 12:45:00,1393.20,1393.50,1392.70,1392.80,359
2026-09-03 12:46:00,1392.70,1393.10,1392.50,1392.60,460
2026-09-03 12:47:00,1392.70,1393.10,1392.50,1392.60,680
2026-09-03 12:48:00,1392.60,1392.60,1392.00,1392.10,1190
2026-09-03 12:49:00,1392.50,1392.50,1392.10,1392.10,400
2026-09-03 12:50:00,1392.10,1393.80,1392.10,1393.80,1004
2026-09-03 12:51:00,1393.60,1394.30,1393.50,1394.00,529
2026-09-03 12:52:00,1394.30,1394.70,1394.30,1394.30,746
2026-09-03 12:53:00,1394.30,1394.30,1394.00,1394.30,706
2026-09-03 12:54:00,1394.30,1394.70,1394.00,1394.30,529
2026-09-03 12:55:00,1394.20,1396.60,1394.20,1396.30,12208
2026-09-03 12:56:00,1396.30,1396.30,1395.20,1396.20,738
2026-09-03 12:57:00,1396.10,1396.10,1395.20,1395.20,294
2026-09-03 12:58:00,1395.00,1395.60,1394.60,1395.20,419
2026-09-03 12:59:00,1395.20,1395.90,1394.90,1394.90,964
2026-09-03 13:00:00,1395.50,1395.50,1394.40,1395.20,791
2026-09-03 13:01:00,1395.20,1395.20,1394.60,1395.00,205
2026-09-03 13:02:00,1394.80,1395.00,1394.60,1395.00,287
2026-09-03 13:03:00,1394.60,1395.30,1393.90,1393.90,1116
2026-09-03 13:04:00,1393.90,1394.20,1393.50,1394.00,877
2026-09-03 13:05:00,1393.80,1395.00,1393.80,1395.00,521
2026-09-03 13:06:00,1395.00,1395.30,1394.20,1394.20,876
2026-09-03 13:07:00,1394.90,1397.50,1394.90,1395.70,24930
2026-09-03 13:08:00,1395.10,1395.70,1395.00,1395.60,831
2026-09-03 13:09:00,1395.30,1395.70,1394.00,1395.00,990
2026-09-03 13:10:00,1395.00,1395.50,1394.50,1394.70,407
2026-09-03 13:11:00,1395.30,1395.60,1394.70,1395.40,726
2026-09-03 13:12:00,1395.50,1395.70,1395.10,1395.20,729
2026-09-03 13:13:00,1395.70,1395.70,1394.10,1395.00,714
2026-09-03 13:14:00,1395.00,1395.00,1394.20,1394.90,463
2026-09-03 13:15:00,1394.70,1395.00,1394.70,1394.70,441
2026-09-03 13:16:00,1394.50,1395.70,1394.50,1395.10,1020
2026-09-03 13:17:00,1395.10,1395.90,1394.60,1395.00,635
2026-09-03 13:18:00,1395.40,1396.10,1395.00,1396.00,476
2026-09-03 13:19:00,1396.00,1396.20,1395.40,1396.00,159
2026-09-03 13:20:00,1396.10,1396.20,1395.00,1395.50,2502
2026-09-03 13:21:00,1395.40,1395.40,1395.00,1395.20,743
2026-09-03 13:22:00,1395.20,1395.20,1394.50,1394.50,356
2026-09-03 13:23:00,1395.00,1396.00,1394.50,1396.00,1212
2026-09-03 13:24:00,1396.00,1397.90,1395.60,1396.80,4326
2026-09-03 13:25:00,1397.30,1397.30,1395.80,1396.30,733
2026-09-03 13:26:00,1396.30,1397.30,1395.40,1395.40,1664
2026-09-03 13:27:00,1395.60,1396.10,1395.00,1395.60,379
2026-09-03 13:28:00,1395.60,1396.10,1394.90,1395.90,537
2026-09-03 13:29:00,1395.90,1396.30,1395.50,1395.50,514
2026-09-03 13:30:00,1395.80,1395.80,1394.40,1395.40,818
2026-09-03 13:31:00,1395.50,1395.70,1394.80,1395.70,296
2026-09-03 13:32:00,1395.60,1395.80,1394.80,1395.50,297
2026-09-03 13:33:00,1395.20,1396.10,1395.20,1395.80,392
2026-09-03 13:34:00,1395.80,1396.20,1395.50,1395.60,337
2026-09-03 13:35:00,1396.10,1396.20,1395.30,1396.00,534
2026-09-03 13:36:00,1396.00,1396.20,1395.50,1396.00,270
2026-09-03 13:37:00,1395.70,1396.60,1395.30,1395.80,1953
2026-09-03 13:38:00,1396.20,1399.00,1396.20,1398.00,2873
2026-09-03 13:39:00,1398.00,1398.20,1397.10,1397.70,955
2026-09-03 13:40:00,1397.70,1398.10,1397.10,1397.10,700
2026-09-03 13:41:00,1397.70,1397.90,1397.10,1397.80,1070
2026-09-03 13:42:00,1397.80,1397.80,1397.10,1397.70,1044
2026-09-03 13:43:00,1397.70,1397.70,1397.10,1397.50,1122
2026-09-03 13:44:00,1397.30,1397.60,1397.20,1397.50,872
2026-09-03 13:45:00,1397.60,1397.70,1397.30,1397.60,885
2026-09-03 13:46:00,1397.60,1397.60,1397.50,1397.60,1040
2026-09-03 13:47:00,1397.50,1397.50,1396.60,1397.20,2699
2026-09-03 13:48:00,1397.20,1397.50,1396.50,1397.50,922
2026-09-03 13:49:00,1397.50,1397.50,1396.90,1397.50,1309
2026-09-03 13:50:00,1397.50,1397.50,1396.80,1397.40,871
2026-09-03 13:51:00,1397.10,1397.50,1396.70,1397.50,889
2026-09-03 13:52:00,1397.50,1397.50,1397.00,1397.40,849
2026-09-03 13:53:00,1397.50,1397.50,1396.70,1397.40,1794
2026-09-03 13:54:00,1396.90,1397.40,1396.60,1397.10,1026
2026-09-03 13:55:00,1397.10,1397.20,1396.50,1397.10,1306
2026-09-03 13:56:00,1396.90,1397.70,1396.80,1397.10,960
2026-09-03 13:57:00,1397.50,1397.90,1397.10,1397.20,1003
2026-09-03 13:58:00,1397.40,1398.00,1397.40,1398.00,890
2026-09-03 13:59:00,1397.60,1398.00,1397.40,1397.40,872
2026-09-03 14:00:00,1397.40,1397.60,1396.80,1396.80,1051
2026-09-03 14:01:00,1396.80,1397.40,1396.30,1396.30,920
2026-09-03 14:02:00,1396.70,1396.70,1395.10,1395.10,2875
2026-09-03 14:03:00,1395.00,1395.60,1394.50,1394.60,4554
2026-09-03 14:04:00,1394.60,1395.50,1394.60,1394.70,1471
2026-09-03 14:05:00,1395.30,1397.10,1395.30,1396.00,2075
2026-09-03 14:06:00,1396.10,1396.10,1394.90,1394.90,1863
2026-09-03 14:07:00,1395.10,1395.80,1394.90,1395.10,909
2026-09-03 14:08:00,1395.20,1396.90,1395.10,1396.50,2727
2026-09-03 14:09:00,1396.00,1396.70,1395.70,1396.60,1373
2026-09-03 14:10:00,1396.60,1396.80,1395.70,1395.70,940
2026-09-03 14:11:00,1395.70,1396.50,1395.70,1396.40,783
2026-09-03 14:12:00,1396.10,1396.50,1395.30,1395.30,1222
2026-09-03 14:13:00,1396.00,1396.20,1395.30,1396.00,1637
2026-09-03 14:14:00,1395.80,1396.10,1395.20,1395.60,1166
2026-09-03 14:15:00,1395.60,1396.00,1395.10,1395.50,1957
2026-09-03 14:16:00,1395.40,1396.30,1395.40,1396.20,1059
2026-09-03 14:17:00,1396.20,1396.30,1395.40,1396.30,994
2026-09-03 14:18:00,1396.30,1396.40,1395.20,1396.00,1736
2026-09-03 14:19:00,1395.70,1396.40,1395.40,1396.20,930
2026-09-03 14:20:00,1396.30,1396.50,1395.60,1396.10,3680
2026-09-03 14:21:00,1396.10,1397.00,1395.90,1396.70,4082
2026-09-03 14:22:00,1396.80,1396.90,1395.90,1396.40,1967
2026-09-03 14:23:00,1396.40,1397.00,1395.70,1396.80,883
2026-09-03 14:24:00,1396.90,1396.90,1395.90,1396.80,790
2026-09-03 14:25:00,1396.80,1397.30,1396.20,1396.90,941
2026-09-03 14:26:00,1396.50,1397.40,1396.10,1397.00,1388
2026-09-03 14:27:00,1397.00,1397.00,1396.20,1396.30,1167
2026-09-03 14:28:00,1396.90,1397.30,1396.10,1396.30,1217
2026-09-03 14:29:00,1397.00,1397.40,1396.00,1396.70,1666
2026-09-03 14:30:00,1396.70,1396.90,1395.90,1395.90,1980
2026-09-03 14:31:00,1395.90,1396.60,1395.30,1396.10,3661
2026-09-03 14:32:00,1396.10,1396.20,1395.20,1396.00,1258
2026-09-03 14:33:00,1396.10,1396.40,1395.50,1396.20,976
2026-09-03 14:34:00,1396.30,1396.50,1395.60,1396.20,1152
2026-09-03 14:35:00,1396.20,1396.50,1395.70,1396.50,925
2026-09-03 14:36:00,1396.50,1396.50,1395.80,1396.50,1058
2026-09-03 14:37:00,1396.50,1396.50,1394.40,1394.80,4034
2026-09-03 14:38:00,1395.00,1395.50,1394.40,1395.10,1049
2026-09-03 14:39:00,1395.10,1395.40,1394.40,1395.40,1208
2026-09-03 14:40:00,1395.50,1395.90,1395.10,1395.90,1096
2026-09-03 14:41:00,1395.90,1395.90,1394.70,1395.00,1158
2026-09-03 14:42:00,1395.00,1395.00,1394.60,1394.60,1253
2026-09-03 14:43:00,1395.20,1395.20,1394.50,1394.80,2457
2026-09-03 14:44:00,1394.50,1395.80,1394.50,1395.00,1305
2026-09-03 14:45:00,1395.80,1396.10,1395.00,1395.90,1922
2026-09-03 14:46:00,1395.20,1396.20,1395.20,1396.20,1166
2026-09-03 14:47:00,1395.80,1396.30,1395.50,1396.20,1636
2026-09-03 14:48:00,1396.10,1396.50,1394.00,1394.90,4673
2026-09-03 14:49:00,1394.90,1395.30,1394.70,1395.30,1337
2026-09-03 14:50:00,1395.20,1396.40,1395.20,1396.40,1506
2026-09-03 14:51:00,1396.10,1396.80,1394.80,1395.20,5101
2026-09-03 14:52:00,1395.20,1395.20,1394.60,1394.60,1266
2026-09-03 14:53:00,1394.60,1395.00,1394.60,1395.00,1137
2026-09-03 14:54:00,1394.60,1395.00,1394.50,1395.00,1906
2026-09-03 14:55:00,1394.80,1395.00,1394.40,1394.80,6224
2026-09-03 14:56:00,1394.80,1395.00,1394.10,1394.70,1955
2026-09-03 14:57:00,1394.70,1395.00,1394.50,1394.90,1885
2026-09-03 14:58:00,1394.60,1394.90,1393.20,1394.30,4081
2026-09-03 14:59:00,1393.90,1394.80,1393.90,1394.50,1261
2026-09-03 15:00:00,1394.30,1395.00,1394.30,1395.00,2577
2026-09-03 15:01:00,1394.90,1395.00,1393.20,1393.80,5246
2026-09-03 15:02:00,1393.50,1393.80,1393.10,1393.10,2005
2026-09-03 15:03:00,1393.30,1393.30,1392.50,1392.50,4360
2026-09-03 15:04:00,1392.40,1392.90,1392.10,1392.10,4417
2026-09-03 15:05:00,1392.50,1392.50,1391.00,1392.00,3850
2026-09-03 15:06:00,1391.50,1392.00,1391.50,1391.50,3172
2026-09-03 15:07:00,1392.10,1392.40,1391.50,1391.80,3247
2026-09-03 15:08:00,1391.70,1391.90,1391.00,1391.00,3745
2026-09-03 15:09:00,1391.00,1391.10,1390.00,1391.00,5501
2026-09-03 15:10:00,1391.00,1391.00,1390.80,1390.80,7197
2026-09-03 15:11:00,1390.80,1390.90,1390.40,1390.60,6512
2026-09-03 15:12:00,1390.60,1392.10,1390.60,1391.40,12004
2026-09-03 15:13:00,1390.50,1391.80,1390.10,1391.40,5339
2026-09-03 15:14:00,1391.40,1391.50,1389.40,1389.80,7370
2026-09-03 15:15:00,1389.90,1389.90,1389.90,1389.90,20
2026-09-03 15:16:00,1389.90,1389.90,1389.90,1389.90,0
2026-09-03 15:17:00,1389.90,1389.90,1389.90,1389.90,0
2026-09-03 15:18:00,1389.90,1389.90,1389.90,1389.90,0
2026-09-03 15:19:00,1389.90,1389.90,1389.90,1389.90,0
2026-09-03 15:20:00,1389.90,1389.90,1389.90,1389.90,0
2026-09-03 15:21:00,1389.90,1389.90,1389.90,1389.90,0
2026-09-03 15:22:00,1389.90,1389.90,1389.90,1389.90,0
2026-09-03 15:23:00,1389.90,1389.90,1389.90,1389.90,0
2026-09-03 15:24:00,1389.90,1389.90,1389.90,1389.90,0
2026-09-03 15:25:00,1389.90,1389.90,1389.90,1389.90,0
2026-09-03 15:26:00,1389.90,1389.90,1389.90,1389.90,0
2026-09-03 15:27:00,1389.90,1389.90,1389.90,1389.90,0
2026-09-03 15:28:00,1389.90,1389.90,1389.90,1389.90,0
2026-09-03 15:29:00,1394.70,1394.70,1394.70,1394.70,30982
2026-09-04 09:15:00,1397.70,1399.10,1391.60,1395.10,30034
2026-09-04 09:16:00,1395.20,1396.80,1392.50,1393.30,9877
2026-09-04 09:17:00,1392.50,1394.00,1391.00,1394.00,7772
2026-09-04 09:18:00,1393.20,1394.60,1393.00,1393.60,6854
2026-09-04 09:19:00,1394.00,1396.00,1393.00,1393.00,21432
2026-09-04 09:20:00,1392.40,1394.00,1392.00,1392.00,8691
2026-09-04 09:21:00,1392.30,1392.40,1391.20,1392.40,3478
2026-09-04 09:22:00,1392.40,1393.10,1392.00,1392.80,2186
2026-09-04 09:23:00,1392.90,1392.90,1385.30,1387.70,12231
2026-09-04 09:24:00,1386.90,1387.80,1384.50,1386.00,13830
2026-09-04 09:25:00,1386.00,1386.70,1385.20,1386.30,2879
2026-09-04 09:26:00,1386.80,1386.80,1384.00,1384.70,6543
2026-09-04 09:27:00,1384.60,1384.60,1381.00,1382.20,5533
2026-09-04 09:28:00,1383.10,1384.00,1382.40,1383.60,4817
2026-09-04 09:29:00,1383.60,1383.60,1381.80,1382.30,3318
2026-09-04 09:30:00,1381.60,1382.30,1381.20,1381.30,8204
2026-09-04 09:31:00,1381.00,1381.00,1380.20,1381.00,2904
2026-09-04 09:32:00,1381.00,1381.00,1380.00,1380.70,3169
2026-09-04 09:33:00,1380.70,1380.70,1378.10,1378.10,6860
2026-09-04 09:34:00,1378.10,1379.30,1376.70,1377.60,8292
2026-09-04 09:35:00,1378.40,1379.40,1377.80,1378.90,2889
2026-09-04 09:36:00,1378.90,1379.40,1378.50,1379.40,2326
2026-09-04 09:37:00,1379.40,1379.40,1378.50,1378.90,2565
2026-09-04 09:38:00,1378.90,1379.00,1377.90,1378.60,3559
2026-09-04 09:39:00,1378.40,1378.90,1377.30,1378.90,3271
2026-09-04 09:40:00,1378.90,1378.90,1377.70,1378.40,1101
2026-09-04 09:41:00,1378.40,1378.90,1378.00,1378.60,1836
2026-09-04 09:42:00,1378.60,1378.60,1377.70,1377.70,1733
2026-09-04 09:43:00,1378.00,1379.20,1378.00,1378.00,3875
2026-09-04 09:44:00,1378.00,1378.40,1377.50,1378.00,1666
2026-09-04 09:45:00,1378.00,1378.00,1378.00,1378.00,1368
2026-09-04 09:46:00,1378.00,1379.90,1377.20,1378.90,4184
2026-09-04 09:47:00,1379.10,1379.10,1378.20,1378.20,716
2026-09-04 09:48:00,1378.90,1378.90,1378.20,1378.60,579
2026-09-04 09:49:00,1381.50,1382.50,1380.40,1382.40,25820
2026-09-04 09:50:00,1382.40,1384.90,1382.20,1384.00,9536
2026-09-04 09:51:00,1384.00,1385.00,1382.10,1383.00,5269
2026-09-04 09:52:00,1382.50,1382.50,1382.00,1382.50,1657
2026-09-04 09:53:00,1382.50,1382.60,1381.30,1382.30,1934
2026-09-04 09:54:00,1382.10,1385.00,1382.10,1384.70,9285
2026-09-04 09:55:00,1384.70,1384.70,1383.70,1384.50,1227
2026-09-04 09:56:00,1384.50,1384.80,1383.90,1384.50,2142
2026-09-04 09:57:00,1384.50,1385.20,1384.20,1385.00,2974
2026-09-04 09:58:00,1385.00,1385.50,1384.60,1385.50,2117
2026-09-04 09:59:00,1385.50,1385.60,1384.70,1385.60,1467
2026-09-04 10:00:00,1385.50,1386.00,1385.10,1386.00,2285
2026-09-04 10:01:00,1386.00,1386.00,1385.50,1385.50,1964
2026-09-04 10:02:00,1386.00,1386.10,1385.50,1385.70,2864
2026-09-04 10:03:00,1386.10,1386.20,1385.10,1385.90,1825
2026-09-04 10:04:00,1385.90,1385.90,1385.40,1385.90,1305
2026-09-04 10:05:00,1385.80,1386.10,1385.00,1385.00,1839
2026-09-04 10:06:00,1385.60,1385.60,1384.50,1385.30,4134
2026-09-04 10:07:00,1385.30,1388.00,1385.30,1387.80,6869
2026-09-04 10:08:00,1388.00,1388.00,1386.10,1387.20,2874
2026-09-04 10:09:00,1387.30,1391.70,1386.70,1391.00,17393
2026-09-04 10:10:00,1390.90,1391.10,1389.30,1389.60,3392
2026-09-04 10:11:00,1389.60,1390.80,1389.30,1390.40,4642
2026-09-04 10:12:00,1390.00,1390.70,1389.80,1390.20,1930
2026-09-04 10:13:00,1390.20,1390.20,1389.00,1389.40,1934
2026-09-04 10:14:00,1389.10,1389.40,1388.00,1388.20,953
2026-09-04 10:15:00,1388.90,1389.20,1387.00,1387.00,6060
2026-09-04 10:16:00,1387.70,1387.70,1387.20,1387.70,342
2026-09-04 10:17:00,1387.20,1387.70,1387.20,1387.70,961
2026-09-04 10:18:00,1387.70,1389.50,1387.20,1389.50,3083
2026-09-04 10:19:00,1389.40,1389.90,1388.30,1389.10,2960
2026-09-04 10:20:00,1388.90,1388.90,1387.00,1387.80,1703
2026-09-04 10:21:00,1387.80,1387.80,1386.00,1386.40,1315
2026-09-04 10:22:00,1386.40,1386.40,1385.20,1385.30,4564
2026-09-04 10:23:00,1385.90,1388.70,1385.10,1387.40,8413
2026-09-04 10:24:00,1388.00,1388.00,1386.40,1387.20,1048
2026-09-04 10:25:00,1387.20,1387.20,1386.00,1386.00,1003
2026-09-04 10:26:00,1386.60,1386.70,1385.40,1386.70,2854
2026-09-04 10:27:00,1386.90,1388.40,1386.30,1388.20,8097
2026-09-04 10:28:00,1388.30,1388.30,1387.50,1388.20,1504
2026-09-04 10:29:00,1388.30,1388.30,1387.20,1387.20,910
2026-09-04 10:30:00,1387.80,1387.80,1386.30,1386.30,513
2026-09-04 10:31:00,1386.90,1386.90,1385.40,1385.90,694
2026-09-04 10:32:00,1385.90,1385.90,1385.20,1385.30,1603
2026-09-04 10:33:00,1385.80,1385.80,1385.00,1385.60,932
2026-09-04 10:34:00,1385.00,1386.60,1385.00,1386.00,1123
2026-09-04 10:35:00,1386.00,1386.50,1386.00,1386.00,557
2026-09-04 10:36:00,1386.50,1386.50,1385.90,1386.40,713
2026-09-04 10:37:00,1386.00,1386.90,1385.90,1386.90,592
2026-09-04 10:38:00,1386.40,1386.40,1385.30,1385.50,763
2026-09-04 10:39:00,1385.50,1385.90,1385.40,1385.90,665
2026-09-04 10:40:00,1385.40,1389.10,1385.30,1386.80,9011
2026-09-04 10:41:00,1387.50,1387.50,1386.50,1386.50,506
2026-09-04 10:42:00,1386.80,1386.90,1386.20,1386.20,655
2026-09-04 10:43:00,1386.70,1386.70,1385.30,1385.30,686
2026-09-04 10:44:00,1386.10,1387.70,1385.40,1387.10,2122
2026-09-04 10:45:00,1387.10,1387.10,1385.80,1386.30,466
2026-09-04 10:46:00,1386.30,1387.30,1385.50,1387.30,754
2026-09-04 10:47:00,1387.70,1389.00,1387.20,1388.90,1592
2026-09-04 10:48:00,1388.90,1388.90,1387.40,1387.40,1466
2026-09-04 10:49:00,1387.90,1389.60,1387.20,1389.60,1330
2026-09-04 10:50:00,1390.00,1390.00,1388.50,1389.30,3357
2026-09-04 10:51:00,1389.80,1389.80,1388.80,1389.00,458
2026-09-04 10:52:00,1389.50,1391.00,1389.10,1391.00,1580
2026-09-04 10:53:00,1391.00,1394.00,1390.40,1392.90,17955
2026-09-04 10:54:00,1393.30,1393.30,1391.80,1392.00,1329
2026-09-04 10:55:00,1392.00,1392.00,1391.20,1391.20,353
2026-09-04 10:56:00,1391.80,1391.80,1390.90,1391.20,441
2026-09-04 10:57:00,1391.20,1391.20,1390.50,1390.50,1124
2026-09-04 10:58:00,1390.80,1390.80,1390.10,1390.80,583
2026-09-04 10:59:00,1390.80,1391.90,1390.70,1391.40,2333
2026-09-04 11:00:00,1391.90,1391.90,1390.80,1391.50,809
2026-09-04 11:01:00,1391.50,1391.90,1391.00,1391.10,752
2026-09-04 11:02:00,1391.50,1391.50,1391.00,1391.00,1019
2026-09-04 11:03:00,1391.50,1391.50,1390.20,1390.20,1610
2026-09-04 11:04:00,1390.60,1390.60,1390.00,1390.10,196
2026-09-04 11:05:00,1390.40,1390.40,1390.10,1390.30,577
2026-09-04 11:06:00,1390.30,1390.40,1390.30,1390.40,1375
2026-09-04 11:07:00,1390.40,1390.40,1390.00,1390.10,456
2026-09-04 11:08:00,1390.30,1390.30,1390.00,1390.00,3201
2026-09-04 11:09:00,1390.10,1390.10,1389.60,1390.00,989
2026-09-04 11:10:00,1390.10,1390.40,1390.00,1390.30,1955
2026-09-04 11:11:00,1390.30,1390.40,1389.70,1390.40,6161
2026-09-04 11:12:00,1390.30,1390.30,1390.00,1390.30,525
2026-09-04 11:13:00,1390.30,1390.30,1390.00,1390.00,410
2026-09-04 11:14:00,1390.00,1390.20,1390.00,1390.00,1585
2026-09-04 11:15:00,1390.20,1390.20,1390.00,1390.20,1575
2026-09-04 11:16:00,1390.20,1390.20,1389.90,1390.00,1353
2026-09-04 11:17:00,1390.10,1390.10,1390.00,1390.00,3499
2026-09-04 11:18:00,1390.10,1391.20,1390.00,1391.20,3601
2026-09-04 11:19:00,1391.60,1392.80,1391.30,1391.50,6533
2026-09-04 11:20:00,1391.80,1392.00,1390.20,1390.30,1001
2026-09-04 11:21:00,1390.10,1390.90,1390.10,1390.80,614
2026-09-04 11:22:00,1390.80,1390.80,1390.00,1390.00,669
2026-09-04 11:23:00,1390.70,1391.40,1390.00,1391.30,2062
2026-09-04 11:24:00,1392.00,1393.30,1391.50,1391.50,8761
2026-09-04 11:25:00,1392.00,1392.00,1391.30,1392.00,148
2026-09-04 11:26:00,1392.00,1392.00,1391.00,1391.00,755
2026-09-04 11:27:00,1391.20,1391.20,1390.40,1390.40,225
2026-09-04 11:28:00,1390.70,1391.40,1390.40,1391.00,1057
2026-09-04 11:29:00,1391.00,1391.00,1390.40,1390.70,87
2026-09-04 11:30:00,1390.70,1390.70,1389.60,1389.80,1286
2026-09-04 11:31:00,1390.30,1390.30,1389.60,1389.70,473
2026-09-04 11:32:00,1390.30,1391.90,1389.80,1391.10,2877
2026-09-04 11:33:00,1390.90,1390.90,1390.00,1390.00,153
2026-09-04 11:34:00,1390.50,1391.00,1389.90,1391.00,1328
2026-09-04 11:35:00,1391.00,1391.20,1390.70,1391.20,912
2026-09-04 11:36:00,1391.60,1391.60,1391.00,1391.50,296
2026-09-04 11:37:00,1391.50,1391.50,1390.60,1390.60,392
2026-09-04 11:38:00,1391.00,1392.80,1390.60,1391.40,11659
2026-09-04 11:39:00,1392.00,1392.00,1389.80,1390.00,9892
2026-09-04 11:40:00,1390.10,1390.30,1389.50,1389.70,25056
2026-09-04 11:41:00,1390.00,1390.30,1389.20,1389.20,17711
2026-09-04 11:42:00,1389.70,1389.70,1386.80,1387.50,23400
2026-09-04 11:43:00,1387.50,1387.50,1385.20,1385.40,24917
2026-09-04 11:44:00,1386.40,1387.80,1386.40,1387.50,20678
2026-09-04 11:45:00,1387.50,1387.50,1386.90,1386.90,671
2026-09-04 11:46:00,1387.00,1387.00,1386.60,1386.80,696
2026-09-04 11:47:00,1386.70,1387.40,1386.70,1387.40,1754
2026-09-04 11:48:00,1387.00,1387.50,1387.00,1387.00,3606
2026-09-04 11:49:00,1387.50,1387.50,1386.40,1387.10,1282
2026-09-04 11:50:00,1387.10,1387.10,1387.00,1387.10,204
2026-09-04 11:51:00,1387.10,1390.30,1387.00,1389.00,9495
2026-09-04 11:52:00,1389.00,1389.00,1387.60,1387.90,230
2026-09-04 11:53:00,1387.90,1387.90,1387.10,1387.80,363
2026-09-04 11:54:00,1387.80,1387.80,1387.30,1387.40,202
2026-09-04 11:55:00,1387.50,1387.90,1387.20,1387.70,1045
2026-09-04 11:56:00,1387.70,1387.70,1387.20,1387.20,262
2026-09-04 11:57:00,1387.70,1387.70,1387.00,1387.20,478
2026-09-04 11:58:00,1387.20,1387.70,1387.10,1387.70,1010
2026-09-04 11:59:00,1387.70,1387.70,1385.90,1387.50,37589
2026-09-04 12:00:00,1387.50,1387.50,1387.00,1387.40,3882
2026-09-04 12:01:00,1387.40,1387.40,1387.00,1387.20,595
2026-09-04 12:02:00,1387.20,1387.20,1387.00,1387.20,276
2026-09-04 12:03:00,1387.20,1387.20,1386.50,1387.10,2850
2026-09-04 12:04:00,1387.10,1387.10,1387.00,1387.00,14837
2026-09-04 12:05:00,1387.10,1387.10,1383.90,1384.60,32231
2026-09-04 12:06:00,1384.10,1384.50,1383.30,1383.40,5018
2026-09-04 12:07:00,1383.90,1384.20,1383.40,1384.00,2166
2026-09-04 12:08:00,1383.60,1384.70,1383.60,1384.50,500
2026-09-04 12:09:00,1384.50,1384.50,1383.20,1383.20,798
2026-09-04 12:10:00,1383.80,1383.80,1382.70,1383.40,736
2026-09-04 12:11:00,1383.40,1383.40,1383.00,1383.30,385
2026-09-04 12:12:00,1382.70,1383.20,1382.20,1382.20,1657
2026-09-04 12:13:00,1382.70,1382.70,1379.50,1379.90,12985
2026-09-04 12:14:00,1379.90,1379.90,1379.30,1379.30,808
2026-09-04 12:15:00,1379.20,1380.60,1379.20,1380.30,1018
2026-09-04 12:16:00,1380.30,1380.60,1379.50,1379.50,1204
2026-09-04 12:17:00,1379.80,1380.60,1379.30,1380.20,737
2026-09-04 12:18:00,1380.20,1380.70,1379.80,1380.40,2815
2026-09-04 12:19:00,1380.40,1380.70,1380.00,1380.00,1253
2026-09-04 12:20:00,1380.00,1380.70,1378.20,1380.60,5532
2026-09-04 12:21:00,1380.60,1380.80,1380.00,1380.40,712
2026-09-04 12:22:00,1380.60,1380.60,1380.10,1380.60,365
2026-09-04 12:23:00,1380.40,1380.60,1379.50,1380.30,4204
2026-09-04 12:24:00,1380.30,1380.50,1380.00,1380.00,740
2026-09-04 12:25:00,1380.00,1380.20,1379.20,1379.80,1040
2026-09-04 12:26:00,1379.80,1379.80,1379.40,1379.80,1541
2026-09-04 12:27:00,1379.80,1380.00,1379.50,1380.00,879
2026-09-04 12:28:00,1380.70,1381.00,1380.10,1380.70,486
2026-09-04 12:29:00,1380.70,1380.70,1380.20,1380.70,677
2026-09-04 12:30:00,1381.00,1381.00,1380.30,1380.80,1823
2026-09-04 12:31:00,1380.80,1381.00,1380.30,1380.60,503
2026-09-04 12:32:00,1380.90,1380.90,1380.20,1380.30,1076
2026-09-04 12:33:00,1380.80,1380.90,1380.30,1380.80,459
2026-09-04 12:34:00,1380.80,1380.80,1380.00,1380.70,932
2026-09-04 12:35:00,1380.70,1380.70,1380.40,1380.70,385
2026-09-04 12:36:00,1380.70,1380.70,1380.40,1380.70,194
2026-09-04 12:37:00,1380.70,1380.70,1380.10,1380.70,520
2026-09-04 12:38:00,1380.70,1380.70,1380.10,1380.10,221
2026-09-04 12:39:00,1380.70,1380.90,1380.10,1380.70,1308
2026-09-04 12:40:00,1380.70,1380.70,1380.10,1380.70,365
2026-09-04 12:41:00,1380.70,1380.70,1380.20,1380.30,262
2026-09-04 12:42:00,1380.70,1385.00,1380.70,1380.80,38252
2026-09-04 12:43:00,1381.70,1381.70,1380.60,1381.00,685
2026-09-04 12:44:00,1381.30,1381.30,1380.80,1381.30,348
2026-09-04 12:45:00,1381.40,1381.40,1380.80,1380.90,590
2026-09-04 12:46:00,1381.10,1381.80,1380.80,1381.30,705
2026-09-04 12:47:00,1381.10,1381.20,1380.50,1380.50,993
2026-09-04 12:48:00,1380.90,1385.60,1380.50,1381.90,14637
2026-09-04 12:49:00,1383.50,1383.50,1380.60,1381.00,7094
2026-09-04 12:50:00,1381.60,1382.70,1381.60,1382.30,1683
2026-09-04 12:51:00,1382.40,1382.40,1381.00,1381.00,1611
2026-09-04 12:52:00,1381.60,1381.60,1380.50,1380.50,489
2026-09-04 12:53:00,1380.80,1380.80,1380.10,1380.20,723
2026-09-04 12:54:00,1380.50,1380.70,1379.80,1380.50,4361
2026-09-04 12:55:00,1380.50,1380.50,1379.60,1380.00,242
2026-09-04 12:56:00,1380.10,1380.10,1380.00,1380.00,287
2026-09-04 12:57:00,1380.10,1380.20,1379.60,1380.10,759
2026-09-04 12:58:00,1380.20,1380.20,1379.50,1379.60,499
2026-09-04 12:59:00,1379.90,1381.00,1379.60,1380.10,690
2026-09-04 13:00:00,1380.40,1380.40,1379.50,1380.00,584
2026-09-04 13:01:00,1380.00,1380.00,1379.50,1379.60,274
2026-09-04 13:02:00,1380.00,1380.00,1379.20,1379.80,1450
2026-09-04 13:03:00,1379.50,1380.50,1379.50,1380.20,293
2026-09-04 13:04:00,1379.70,1380.20,1379.00,1380.20,943
2026-09-04 13:05:00,1380.20,1380.40,1380.00,1380.00,2195
2026-09-04 13:06:00,1380.40,1380.60,1380.00,1380.00,8494
2026-09-04 13:07:00,1380.30,1381.00,1380.20,1380.30,609
2026-09-04 13:08:00,1380.70,1380.70,1380.00,1380.00,358
2026-09-04 13:09:00,1380.40,1380.40,1377.30,1377.80,30552
2026-09-04 13:10:00,1377.80,1378.20,1377.30,1377.70,517
2026-09-04 13:11:00,1378.20,1378.40,1377.70,1378.20,523
2026-09-04 13:12:00,1378.30,1378.30,1378.20,1378.20,1604
2026-09-04 13:13:00,1378.30,1378.90,1378.00,1378.20,1114
2026-09-04 13:14:00,1378.80,1378.80,1378.20,1378.30,1656
2026-09-04 13:15:00,1378.70,1378.70,1378.20,1378.20,44
2026-09-04 13:16:00,1378.50,1378.50,1378.00,1378.50,422
2026-09-04 13:17:00,1378.50,1378.90,1378.10,1378.50,7160
2026-09-04 13:18:00,1378.80,1378.90,1378.50,1378.80,189
2026-09-04 13:19:00,1378.50,1378.80,1378.50,1378.60,1536
2026-09-04 13:20:00,1378.70,1378.70,1378.50,1378.50,135
2026-09-04 13:21:00,1378.60,1378.70,1378.00,1378.50,22785
2026-09-04 13:22:00,1378.00,1378.40,1377.40,1378.00,1039
2026-09-04 13:23:00,1378.00,1378.00,1377.20,1377.60,2052
2026-09-04 13:24:00,1377.80,1377.90,1377.60,1377.60,830
2026-09-04 13:25:00,1377.70,1377.90,1377.60,1377.90,431
2026-09-04 13:26:00,1377.90,1382.20,1377.60,1379.30,36103
2026-09-04 13:27:00,1379.40,1379.40,1377.50,1377.50,2534
2026-09-04 13:28:00,1377.70,1377.70,1377.00,1377.00,1618
2026-09-04 13:29:00,1377.10,1377.40,1377.10,1377.40,198
2026-09-04 13:30:00,1377.40,1377.40,1376.80,1377.00,1720
2026-09-04 13:31:00,1377.00,1377.00,1376.80,1376.80,372
2026-09-04 13:32:00,1376.90,1377.00,1376.80,1376.90,387
2026-09-04 13:33:00,1376.90,1377.00,1376.80,1377.00,974
2026-09-04 13:34:00,1377.00,1377.30,1377.00,1377.00,161
2026-09-04 13:35:00,1377.20,1377.80,1376.00,1376.30,4818
2026-09-04 13:36:00,1376.80,1379.10,1376.30,1377.80,12466
2026-09-04 13:37:00,1378.40,1378.40,1376.70,1376.90,611
2026-09-04 13:38:00,1377.30,1377.60,1377.00,1377.50,493
2026-09-04 13:39:00,1377.00,1377.50,1377.00,1377.20,449
2026-09-04 13:40:00,1377.50,1377.50,1377.00,1377.00,381
2026-09-04 13:41:00,1377.30,1377.30,1377.00,1377.20,93
2026-09-04 13:42:00,1377.20,1377.20,1377.00,1377.00,193
2026-09-04 13:43:00,1377.20,1377.50,1377.00,1377.10,700
2026-09-04 13:44:00,1377.50,1377.50,1377.10,1377.50,203
2026-09-04 13:45:00,1377.50,1381.00,1377.20,1379.10,20626
2026-09-04 13:46:00,1379.80,1379.80,1379.10,1379.80,432
2026-09-04 13:47:00,1379.80,1379.80,1379.20,1379.60,479
2026-09-04 13:48:00,1379.50,1379.50,1379.00,1379.40,50
2026-09-04 13:49:00,1379.30,1379.30,1378.10,1379.30,1580
2026-09-04 13:50:00,1379.30,1379.30,1378.60,1378.60,154
2026-09-04 13:51:00,1379.10,1379.30,1378.70,1379.30,607
2026-09-04 13:52:00,1379.20,1379.30,1378.90,1379.00,2310
2026-09-04 13:53:00,1379.00,1379.00,1378.70,1378.70,235
2026-09-04 13:54:00,1378.90,1378.90,1378.30,1378.80,564
2026-09-04 13:55:00,1378.80,1379.10,1378.10,1378.90,734
2026-09-04 13:56:00,1378.90,1378.90,1378.20,1378.20,128
2026-09-04 13:57:00,1378.60,1378.60,1378.20,1378.20,1202
2026-09-04 13:58:00,1378.40,1378.40,1378.00,1378.00,443
2026-09-04 13:59:00,1378.40,1378.40,1377.60,1377.60,211
2026-09-04 14:00:00,1378.00,1378.00,1377.40,1377.40,514
2026-09-04 14:01:00,1377.60,1377.60,1377.20,1377.30,411
2026-09-04 14:02:00,1377.60,1378.00,1377.50,1377.50,685
2026-09-04 14:03:00,1378.00,1378.00,1377.20,1377.20,692
2026-09-04 14:04:00,1377.80,1377.80,1377.10,1377.80,374
2026-09-04 14:05:00,1377.80,1378.70,1377.20,1378.40,1387
2026-09-04 14:06:00,1378.40,1378.70,1377.40,1377.80,295
2026-09-04 14:07:00,1377.40,1377.80,1377.40,1377.50,115
2026-09-04 14:08:00,1377.80,1377.80,1377.20,1377.80,464
2026-09-04 14:09:00,1377.80,1381.30,1377.80,1381.30,3405
2026-09-04 14:10:00,1381.50,1381.70,1379.50,1379.50,7001
2026-09-04 14:11:00,1379.90,1380.10,1379.60,1379.90,1045
2026-09-04 14:12:00,1380.00,1380.30,1380.00,1380.00,2123
2026-09-04 14:13:00,1380.00,1380.20,1380.00,1380.20,96
2026-09-04 14:14:00,1380.10,1380.30,1380.10,1380.20,284
2026-09-04 14:15:00,1380.30,1380.30,1380.20,1380.20,2057
2026-09-04 14:16:00,1380.20,1380.30,1380.10,1380.20,955
2026-09-04 14:17:00,1380.20,1380.20,1380.00,1380.00,505
2026-09-04 14:18:00,1380.10,1380.10,1380.00,1380.00,305
2026-09-04 14:19:00,1380.10,1380.10,1380.00,1380.00,808
2026-09-04 14:20:00,1380.10,1380.10,1380.00,1380.00,356
2026-09-04 14:21:00,1380.10,1380.10,1380.00,1380.00,181
2026-09-04 14:22:00,1380.10,1381.40,1380.00,1380.40,2752
2026-09-04 14:23:00,1380.80,1380.90,1380.30,1380.30,747
2026-09-04 14:24:00,1380.70,1380.70,1380.30,1380.30,708
2026-09-04 14:25:00,1380.70,1380.70,1380.20,1380.20,263
2026-09-04 14:26:00,1380.70,1380.70,1380.50,1380.70,297
2026-09-04 14:27:00,1380.70,1380.70,1380.10,1380.20,732
2026-09-04 14:28:00,1380.20,1384.10,1380.10,1383.00,10913
2026-09-04 14:29:00,1383.70,1383.70,1382.30,1382.30,1840
2026-09-04 14:30:00,1382.60,1382.60,1382.20,1382.20,2125
2026-09-04 14:31:00,1382.50,1382.50,1381.10,1381.20,1640
2026-09-04 14:32:00,1381.60,1381.60,1380.80,1381.60,804
2026-09-04 14:33:00,1381.60,1381.60,1381.20,1381.40,274
2026-09-04 14:34:00,1381.40,1381.40,1380.00,1380.20,6435
2026-09-04 14:35:00,1380.50,1380.50,1379.10,1379.10,8928
2026-09-04 14:36:00,1380.00,1380.00,1379.50,1380.00,775
2026-09-04 14:37:00,1380.00,1380.00,1379.60,1379.70,451
2026-09-04 14:38:00,1379.00,1381.50,1379.00,1381.20,15338
2026-09-04 14:39:00,1381.30,1381.40,1380.50,1381.30,3161
2026-09-04 14:40:00,1380.60,1381.30,1380.40,1380.40,266
2026-09-04 14:41:00,1380.70,1380.80,1380.10,1380.40,1636
2026-09-04 14:42:00,1380.30,1380.90,1379.50,1380.90,12538
2026-09-04 14:43:00,1380.70,1380.70,1380.00,1380.00,322
2026-09-04 14:44:00,1380.20,1380.90,1380.10,1380.80,1554
2026-09-04 14:45:00,1380.80,1380.80,1380.30,1380.70,830
2026-09-04 14:46:00,1380.70,1381.60,1380.70,1380.70,2204
2026-09-04 14:47:00,1380.30,1381.00,1380.10,1380.50,1461
2026-09-04 14:48:00,1380.50,1380.50,1380.00,1380.50,1361
2026-09-04 14:49:00,1380.30,1380.80,1380.00,1380.40,3645
2026-09-04 14:50:00,1380.40,1380.40,1380.00,1380.00,4918
2026-09-04 14:51:00,1380.10,1380.80,1380.00,1380.20,3784
2026-09-04 14:52:00,1380.90,1380.90,1380.20,1380.50,2415
2026-09-04 14:53:00,1380.50,1380.50,1380.00,1380.10,3838
2026-09-04 14:54:00,1380.10,1380.60,1379.70,1380.10,996
2026-09-04 14:55:00,1380.40,1380.40,1380.00,1380.40,1698
2026-09-04 14:56:00,1380.00,1380.50,1379.70,1379.70,3045
2026-09-04 14:57:00,1380.30,1380.30,1379.40,1379.40,2696
2026-09-04 14:58:00,1379.60,1379.60,1378.70,1379.10,3108
2026-09-04 14:59:00,1379.10,1379.10,1378.50,1378.50,1312
2026-09-04 15:00:00,1378.70,1378.70,1378.00,1378.60,19710
2026-09-04 15:01:00,1378.60,1378.60,1377.90,1378.10,2501
2026-09-04 15:02:00,1378.10,1378.10,1377.50,1377.50,2720
2026-09-04 15:03:00,1378.00,1378.10,1377.40,1377.60,2379
2026-09-04 15:04:00,1377.60,1377.80,1376.60,1376.70,6074
2026-09-04 15:05:00,1377.20,1377.70,1376.50,1377.10,5303
2026-09-04 15:06:00,1377.20,1377.30,1375.70,1376.60,5903
2026-09-04 15:07:00,1376.10,1378.40,1376.10,1378.40,5965
2026-09-04 15:08:00,1378.40,1380.00,1377.30,1378.20,12475
2026-09-04 15:09:00,1378.20,1378.20,1376.30,1376.80,2741
2026-09-04 15:10:00,1376.80,1377.60,1376.60,1376.60,6663
2026-09-04 15:11:00,1377.30,1377.30,1375.60,1376.50,4346
2026-09-04 15:12:00,1376.40,1378.80,1375.50,1377.60,15282
2026-09-04 15:13:00,1378.60,1384.90,1377.50,1383.00,14885
2026-09-04 15:14:00,1382.50,1385.00,1380.90,1381.00,7154
2026-09-04 15:15:00,1384.00,1384.00,1384.00,1384.00,305
2026-09-04 15:16:00,1384.00,1384.00,1384.00,1384.00,0
2026-09-04 15:17:00,1384.00,1384.00,1384.00,1384.00,0
2026-09-04 15:18:00,1384.00,1384.00,1384.00,1384.00,0
2026-09-04 15:19:00,1384.00,1384.00,1384.00,1384.00,0
2026-09-04 15:20:00,1384.00,1384.00,1384.00,1384.00,0
2026-09-04 15:21:00,1384.00,1384.00,1384.00,1384.00,0
2026-09-04 15:22:00,1384.00,1384.00,1384.00,1384.00,0
2026-09-04 15:23:00,1384.00,1384.00,1384.00,1384.00,0
2026-09-04 15:24:00,1384.00,1384.00,1384.00,1384.00,0
2026-09-04 15:25:00,1384.00,1384.00,1384.00,1384.00,0
2026-09-04 15:26:00,1384.00,1384.00,1384.00,1384.00,0
2026-09-04 15:27:00,1384.00,1384.00,1384.00,1384.00,0
2026-09-04 15:28:00,1384.00,1385.00,1384.00,1385.00,30868
2026-09-04 15:29:00,1385.00,1385.00,1385.00,1385.00,0
2026-09-07 09:15:00,1380.00,1386.80,1380.00,1384.50,3569
2026-09-07 09:16:00,1384.50,1384.50,1379.20,1379.30,2194
2026-09-07 09:17:00,1379.30,1380.20,1379.10,1379.20,1439
2026-09-07 09:18:00,1379.40,1380.10,1378.40,1379.80,1715
2026-09-07 09:19:00,1380.30,1380.60,1378.60,1380.60,690
2026-09-07 09:20:00,1380.70,1381.30,1380.60,1381.10,817
2026-09-07 09:21:00,1380.40,1381.60,1380.40,1381.20,871
2026-09-07 09:22:00,1381.20,1381.80,1381.10,1381.60,449
2026-09-07 09:23:00,1381.40,1381.40,1380.10,1380.10,375
2026-09-07 09:24:00,1380.50,1380.50,1378.40,1378.40,1308
2026-09-07 09:25:00,1378.60,1378.90,1378.00,1378.90,2439
2026-09-07 09:26:00,1378.80,1378.80,1376.80,1378.20,1589
2026-09-07 09:27:00,1378.20,1378.30,1377.90,1378.30,281
2026-09-07 09:28:00,1378.30,1378.60,1377.90,1378.60,163
2026-09-07 09:29:00,1378.40,1381.20,1378.40,1380.00,2677
2026-09-07 09:30:00,1380.80,1382.90,1380.80,1382.90,1230
2026-09-07 09:31:00,1382.40,1383.20,1382.20,1382.50,280
2026-09-07 09:32:00,1382.90,1382.90,1381.20,1381.50,1280
2026-09-07 09:33:00,1382.00,1382.20,1381.40,1381.70,196
2026-09-07 09:34:00,1381.20,1383.20,1380.80,1382.20,4924
2026-09-07 09:35:00,1382.10,1382.10,1380.60,1380.60,706
2026-09-07 09:36:00,1381.40,1381.40,1380.20,1380.40,1027
2026-09-07 09:37:00,1380.70,1380.70,1379.80,1379.80,203
2026-09-07 09:38:00,1379.90,1380.50,1379.20,1380.50,726
2026-09-07 09:39:00,1380.50,1380.50,1380.00,1380.40,466
2026-09-07 09:40:00,1380.40,1380.40,1380.00,1380.00,342
2026-09-07 09:41:00,1380.00,1380.90,1380.00,1380.60,522
2026-09-07 09:42:00,1380.80,1381.80,1379.90,1379.90,2400
2026-09-07 09:43:00,1380.00,1380.00,1379.80,1379.90,114
2026-09-07 09:44:00,1379.90,1380.40,1379.30,1379.90,398
2026-09-07 09:45:00,1379.80,1379.90,1379.40,1379.90,889
2026-09-07 09:46:00,1379.90,1379.90,1379.40,1379.80,117
2026-09-07 09:47:00,1379.80,1380.10,1379.80,1380.00,310
2026-09-07 09:48:00,1380.00,1380.40,1379.70,1380.40,205
2026-09-07 09:49:00,1380.00,1380.00,1379.70,1379.70,53
2026-09-07 09:50:00,1379.70,1380.30,1379.70,1380.00,252
2026-09-07 09:51:00,1380.00,1381.10,1379.70,1381.10,737
2026-09-07 09:52:00,1380.40,1380.40,1379.50,1379.90,3006
2026-09-07 09:53:00,1379.90,1379.90,1379.90,1379.90,36
2026-09-07 09:54:00,1379.90,1379.90,1379.50,1379.50,282
2026-09-07 09:55:00,1379.50,1379.50,1379.10,1379.10,151
2026-09-07 09:56:00,1379.50,1380.00,1379.10,1379.80,377
2026-09-07 09:57:00,1380.50,1380.50,1379.40,1379.90,778
2026-09-07 09:58:00,1379.40,1379.40,1379.00,1379.30,591
2026-09-07 09:59:00,1379.90,1382.10,1379.90,1381.40,6735
2026-09-07 10:00:00,1380.90,1380.90,1380.10,1380.10,354
2026-09-07 10:01:00,1380.50,1381.30,1380.00,1381.20,2288
2026-09-07 10:02:00,1381.80,1382.10,1381.50,1382.00,277
2026-09-07 10:03:00,1381.40,1383.70,1381.40,1383.40,1049
2026-09-07 10:04:00,1383.40,1383.70,1383.00,1383.60,732
2026-09-07 10:05:00,1383.70,1383.70,1382.70,1383.00,322
2026-09-07 10:06:00,1383.00,1383.00,1382.70,1382.70,108
2026-09-07 10:07:00,1383.00,1383.00,1381.60,1382.00,842
2026-09-07 10:08:00,1382.00,1382.20,1380.50,1381.00,350
2026-09-07 10:09:00,1381.00,1381.00,1380.50,1380.60,146
2026-09-07 10:10:00,1381.00,1381.00,1380.10,1380.50,1227
2026-09-07 10:11:00,1380.50,1381.50,1380.50,1381.00,1258
2026-09-07 10:12:00,1381.40,1381.40,1380.60,1380.60,164
2026-09-07 10:13:00,1380.60,1381.00,1380.60,1380.60,154
2026-09-07 10:14:00,1381.00,1381.00,1380.50,1380.60,229
2026-09-07 10:15:00,1381.00,1381.70,1381.00,1381.00,435
2026-09-07 10:16:00,1381.00,1381.00,1380.40,1380.40,301
2026-09-07 10:17:00,1380.90,1380.90,1379.40,1380.00,1986
2026-09-07 10:18:00,1380.00,1381.60,1379.40,1381.20,4281
2026-09-07 10:19:00,1380.60,1383.30,1380.60,1382.90,1410
2026-09-07 10:20:00,1383.00,1383.00,1382.70,1383.00,358
2026-09-07 10:21:00,1383.00,1383.00,1382.70,1383.00,486
2026-09-07 10:22:00,1383.00,1383.60,1382.70,1383.20,1426
2026-09-07 10:23:00,1383.60,1383.60,1383.10,1383.10,837
2026-09-07 10:24:00,1383.10,1383.30,1382.50,1382.60,243
2026-09-07 10:25:00,1383.00,1383.00,1382.40,1382.40,520
2026-09-07 10:26:00,1383.00,1383.00,1382.10,1382.10,413
2026-09-07 10:27:00,1382.40,1383.00,1382.10,1383.00,803
2026-09-07 10:28:00,1382.90,1382.90,1382.20,1382.20,515
2026-09-07 10:29:00,1382.50,1382.50,1382.00,1382.00,285
2026-09-07 10:30:00,1382.10,1382.40,1381.40,1381.40,777
2026-09-07 10:31:00,1382.00,1382.00,1381.40,1381.90,246
2026-09-07 10:32:00,1381.90,1381.90,1381.40,1381.50,418
2026-09-07 10:33:00,1381.50,1381.50,1381.40,1381.50,259
2026-09-07 10:34:00,1381.50,1381.50,1381.10,1381.50,492
2026-09-07 10:35:00,1381.50,1384.70,1381.50,1383.40,4936
2026-09-07 10:36:00,1383.60,1384.80,1383.40,1383.40,1519
2026-09-07 10:37:00,1383.40,1384.00,1383.40,1383.50,1017
2026-09-07 10:38:00,1383.90,1384.90,1383.50,1384.90,5192
2026-09-07 10:39:00,1384.90,1384.90,1384.30,1384.80,592
2026-09-07 10:40:00,1384.80,1385.40,1384.30,1385.40,1173
2026-09-07 10:41:00,1385.50,1385.50,1384.80,1384.80,185
2026-09-07 10:42:00,1385.00,1385.00,1384.20,1384.90,575
2026-09-07 10:43:00,1384.90,1385.50,1384.30,1385.00,369
2026-09-07 10:44:00,1385.50,1388.00,1384.50,1387.90,2964
2026-09-07 10:45:00,1387.70,1388.00,1386.60,1387.50,1447
2026-09-07 10:46:00,1387.50,1387.90,1386.60,1387.90,926
2026-09-07 10:47:00,1387.40,1387.50,1386.40,1387.30,1034
2026-09-07 10:48:00,1387.20,1387.20,1386.10,1386.10,761
2026-09-07 10:49:00,1386.40,1387.00,1385.80,1385.80,1613
2026-09-07 10:50:00,1385.80,1385.80,1384.20,1385.60,743
2026-09-07 10:51:00,1385.60,1385.80,1384.10,1384.10,1255
2026-09-07 10:52:00,1384.60,1384.90,1384.20,1384.30,175
2026-09-07 10:53:00,1384.80,1384.90,1384.00,1384.20,363
2026-09-07 10:54:00,1384.90,1384.90,1384.30,1384.40,449
2026-09-07 10:55:00,1384.80,1384.80,1383.30,1383.30,835
2026-09-07 10:56:00,1383.90,1385.30,1383.40,1384.20,2970
2026-09-07 10:57:00,1384.80,1385.00,1383.50,1384.00,897
2026-09-07 10:58:00,1384.00,1385.00,1383.30,1384.10,5641
2026-09-07 10:59:00,1384.70,1384.90,1383.70,1384.30,150
2026-09-07 11:00:00,1384.30,1384.90,1383.70,1384.90,294
2026-09-07 11:01:00,1384.70,1385.20,1384.20,1384.20,850
2026-09-07 11:02:00,1384.40,1384.90,1384.30,1384.50,1391
2026-09-07 11:03:00,1384.50,1384.50,1383.80,1383.90,1040
2026-09-07 11:04:00,1384.20,1384.20,1383.20,1383.80,1316
2026-09-07 11:05:00,1383.70,1383.70,1383.10,1383.10,223
2026-09-07 11:06:00,1383.80,1383.80,1383.10,1383.10,283
2026-09-07 11:07:00,1383.70,1384.50,1383.10,1384.50,654
2026-09-07 11:08:00,1384.40,1384.40,1383.70,1384.40,263
2026-09-07 11:09:00,1384.40,1384.40,1383.80,1383.80,80
2026-09-07 11:10:00,1384.00,1384.40,1383.70,1383.70,577
2026-09-07 11:11:00,1384.00,1384.80,1383.70,1384.80,598
2026-09-07 11:12:00,1384.20,1384.90,1384.00,1384.00,509
2026-09-07 11:13:00,1384.70,1384.70,1383.70,1383.80,797
2026-09-07 11:14:00,1383.80,1383.80,1383.00,1383.00,568
2026-09-07 11:15:00,1383.60,1383.60,1382.00,1382.00,853
2026-09-07 11:16:00,1382.50,1383.00,1382.00,1382.20,1245
2026-09-07 11:17:00,1382.20,1382.90,1382.10,1382.90,319
2026-09-07 11:18:00,1382.90,1382.90,1382.40,1382.40,93
2026-09-07 11:19:00,1382.60,1382.70,1381.60,1382.30,439
2026-09-07 11:20:00,1382.30,1382.80,1382.00,1382.80,263
2026-09-07 11:21:00,1383.20,1383.80,1383.00,1383.10,609
2026-09-07 11:22:00,1383.70,1383.70,1383.20,1383.20,25
2026-09-07 11:23:00,1383.60,1384.00,1383.20,1384.00,594
2026-09-07 11:24:00,1384.00,1384.10,1383.30,1383.40,10638
2026-09-07 11:25:00,1383.60,1383.60,1383.10,1383.10,522
2026-09-07 11:26:00,1383.60,1384.50,1383.30,1384.50,240
2026-09-07 11:27:00,1384.50,1385.90,1384.10,1385.90,2268
2026-09-07 11:28:00,1385.90,1385.90,1383.70,1383.70,4095
2026-09-07 11:29:00,1384.30,1384.40,1383.80,1384.40,101
2026-09-07 11:30:00,1384.60,1384.90,1383.50,1383.50,413
2026-09-07 11:31:00,1383.90,1384.10,1383.50,1384.00,453
2026-09-07 11:32:00,1384.00,1384.00,1383.50,1383.50,40
2026-09-07 11:33:00,1383.50,1383.90,1382.80,1383.40,332
2026-09-07 11:34:00,1383.20,1383.30,1382.50,1383.20,84
2026-09-07 11:35:00,1382.50,1383.30,1382.50,1383.30,59
2026-09-07 11:36:00,1383.50,1383.60,1382.60,1383.00,70
2026-09-07 11:37:00,1383.00,1383.00,1382.60,1382.70,45
2026-09-07 11:38:00,1382.90,1384.00,1382.70,1383.10,823
2026-09-07 11:39:00,1383.10,1383.10,1382.00,1382.00,218
2026-09-07 11:40:00,1382.00,1382.50,1381.00,1381.50,509
2026-09-07 11:41:00,1381.00,1381.50,1380.60,1381.00,1305
2026-09-07 11:42:00,1380.60,1381.00,1380.60,1380.60,136
2026-09-07 11:43:00,1381.00,1381.70,1380.30,1381.00,2223
2026-09-07 11:44:00,1381.60,1381.60,1381.10,1381.10,19
2026-09-07 11:45:00,1381.30,1381.90,1381.10,1381.90,178
2026-09-07 11:46:00,1382.50,1382.90,1381.80,1382.60,305
2026-09-07 11:47:00,1382.60,1383.20,1382.00,1382.50,1691
2026-09-07 11:48:00,1383.00,1383.00,1382.50,1382.50,15
2026-09-07 11:49:00,1382.50,1383.00,1382.50,1382.50,48
2026-09-07 11:50:00,1382.80,1382.80,1382.50,1382.50,213
2026-09-07 11:51:00,1382.70,1382.70,1382.10,1382.10,65
2026-09-07 11:52:00,1382.10,1382.50,1382.10,1382.10,69
2026-09-07 11:53:00,1382.10,1382.10,1382.00,1382.10,46
2026-09-07 11:54:00,1382.40,1382.50,1381.80,1381.90,206
2026-09-07 11:55:00,1382.50,1382.50,1381.90,1381.90,90
2026-09-07 11:56:00,1382.70,1382.70,1382.00,1382.00,129
2026-09-07 11:57:00,1382.50,1382.50,1382.00,1382.00,59
2026-09-07 11:58:00,1382.50,1382.50,1382.20,1382.20,38
2026-09-07 11:59:00,1382.50,1382.50,1382.20,1382.20,92
2026-09-07 12:00:00,1382.50,1382.80,1382.00,1382.80,418
2026-09-07 12:01:00,1383.00,1383.00,1382.70,1383.00,152
2026-09-07 12:02:00,1383.20,1383.50,1383.00,1383.20,320
2026-09-07 12:03:00,1383.50,1383.50,1383.20,1383.20,35
2026-09-07 12:04:00,1383.50,1383.50,1383.00,1383.00,237
2026-09-07 12:05:00,1383.50,1383.50,1382.10,1382.10,1703
2026-09-07 12:06:00,1382.50,1382.50,1382.10,1382.50,94
2026-09-07 12:07:00,1382.50,1382.50,1382.10,1382.20,311
2026-09-07 12:08:00,1382.70,1383.00,1382.30,1382.40,779
2026-09-07 12:09:00,1382.80,1382.80,1382.40,1382.40,20
2026-09-07 12:10:00,1382.80,1382.80,1382.30,1382.80,196
2026-09-07 12:11:00,1382.80,1383.00,1382.30,1382.50,598
2026-09-07 12:12:00,1382.90,1383.00,1382.50,1383.00,536
2026-09-07 12:13:00,1383.00,1383.00,1382.50,1382.90,427
2026-09-07 12:14:00,1382.90,1382.90,1382.50,1382.50,22
2026-09-07 12:15:00,1382.80,1382.90,1382.40,1382.40,78
2026-09-07 12:16:00,1382.80,1382.80,1382.40,1382.40,28
2026-09-07 12:17:00,1382.50,1382.50,1382.20,1382.20,1167
2026-09-07 12:18:00,1382.50,1383.70,1382.50,1383.40,3255
2026-09-07 12:19:00,1383.40,1383.40,1382.20,1382.80,366
2026-09-07 12:20:00,1382.70,1382.70,1382.20,1382.70,133
2026-09-07 12:21:00,1382.60,1382.60,1382.20,1382.60,65
2026-09-07 12:22:00,1382.20,1382.60,1382.20,1382.60,115
2026-09-07 12:23:00,1382.60,1382.60,1381.90,1381.90,439
2026-09-07 12:24:00,1382.00,1382.10,1381.10,1382.00,450
2026-09-07 12:25:00,1382.00,1382.00,1381.30,1381.40,74
2026-09-07 12:26:00,1381.80,1381.90,1381.40,1381.90,87
2026-09-07 12:27:00,1381.90,1381.90,1381.40,1381.40,94
2026-09-07 12:28:00,1381.80,1381.80,1380.70,1381.30,524
2026-09-07 12:29:00,1380.80,1381.30,1380.00,1380.10,1235
2026-09-07 12:30:00,1380.60,1380.60,1380.10,1380.60,174
2026-09-07 12:31:00,1380.60,1380.60,1379.50,1380.00,2665
2026-09-07 12:32:00,1380.00,1380.00,1379.80,1380.00,1328
2026-09-07 12:33:00,1380.00,1380.80,1379.80,1380.80,518
2026-09-07 12:34:00,1380.60,1380.60,1379.80,1380.00,1632
2026-09-07 12:35:00,1380.00,1380.00,1379.80,1379.80,1523
2026-09-07 12:36:00,1380.00,1380.00,1379.80,1379.90,1003
2026-09-07 12:37:00,1380.00,1380.60,1380.00,1380.60,1020
2026-09-07 12:38:00,1380.60,1380.60,1379.90,1380.00,2430
2026-09-07 12:39:00,1380.00,1380.00,1379.90,1380.00,546
2026-09-07 12:40:00,1380.00,1380.00,1379.90,1379.90,639
2026-09-07 12:41:00,1380.00,1380.00,1379.90,1380.00,767
2026-09-07 12:42:00,1380.00,1380.00,1379.50,1379.70,2040
2026-09-07 12:43:00,1379.70,1379.80,1378.90,1379.20,747
2026-09-07 12:44:00,1379.80,1379.80,1379.10,1379.20,208
2026-09-07 12:45:00,1379.70,1379.80,1379.30,1379.30,1192
2026-09-07 12:46:00,1379.80,1379.80,1379.20,1379.20,335
2026-09-07 12:47:00,1379.20,1379.70,1379.20,1379.30,69
2026-09-07 12:48:00,1379.30,1379.70,1379.20,1379.20,246
2026-09-07 12:49:00,1379.70,1379.70,1379.20,1379.20,352
2026-09-07 12:50:00,1379.70,1379.70,1379.30,1379.70,20
2026-09-07 12:51:00,1379.70,1379.70,1378.50,1379.00,1423
2026-09-07 12:52:00,1378.90,1379.00,1378.10,1378.80,406
2026-09-07 12:53:00,1378.80,1378.80,1378.10,1378.80,150
2026-09-07 12:54:00,1378.80,1378.80,1378.30,1378.70,108
2026-09-07 12:55:00,1378.70,1378.70,1377.30,1378.00,1152
2026-09-07 12:56:00,1378.40,1378.60,1378.00,1378.20,223
2026-09-07 12:57:00,1378.60,1378.90,1378.20,1378.90,671
2026-09-07 12:58:00,1378.30,1378.70,1378.20,1378.70,13
2026-09-07 12:59:00,1378.70,1378.80,1378.30,1378.80,40
2026-09-07 13:00:00,1378.80,1378.80,1378.30,1378.70,349
2026-09-07 13:01:00,1378.30,1378.80,1378.30,1378.80,203
2026-09-07 13:02:00,1378.80,1378.90,1378.30,1378.80,70
2026-09-07 13:03:00,1378.80,1378.80,1378.30,1378.30,72
2026-09-07 13:04:00,1378.70,1378.90,1378.30,1378.90,252
2026-09-07 13:05:00,1378.90,1378.90,1378.30,1378.30,103
2026-09-07 13:06:00,1378.80,1378.80,1378.30,1378.50,76
2026-09-07 13:07:00,1378.80,1379.90,1378.80,1379.90,1160
2026-09-07 13:08:00,1379.60,1379.60,1378.90,1378.90,24
2026-09-07 13:09:00,1379.50,1379.60,1378.90,1378.90,186
2026-09-07 13:10:00,1379.30,1379.30,1378.90,1379.00,43
2026-09-07 13:11:00,1379.00,1379.30,1379.00,1379.00,68
2026-09-07 13:12:00,1379.30,1379.30,1379.00,1379.00,59
2026-09-07 13:13:00,1379.30,1379.60,1379.00,1379.00,142
2026-09-07 13:14:00,1379.30,1379.30,1379.00,1379.00,61
2026-09-07 13:15:00,1379.30,1379.30,1379.00,1379.00,115
2026-09-07 13:16:00,1379.20,1379.20,1378.90,1378.90,83
2026-09-07 13:17:00,1379.20,1379.20,1378.60,1379.10,139
2026-09-07 13:18:00,1379.20,1379.20,1378.90,1379.00,170
2026-09-07 13:19:00,1378.60,1379.10,1378.60,1378.70,34
2026-09-07 13:20:00,1379.10,1379.10,1378.70,1378.70,47
2026-09-07 13:21:00,1379.10,1379.10,1378.50,1379.00,84
2026-09-07 13:22:00,1379.10,1379.20,1378.80,1378.80,209
2026-09-07 13:23:00,1379.20,1379.20,1378.70,1379.20,82
2026-09-07 13:24:00,1379.20,1379.20,1378.70,1378.80,40
2026-09-07 13:25:00,1379.20,1379.60,1378.20,1378.30,575
2026-09-07 13:26:00,1378.70,1378.70,1378.30,1378.30,60
2026-09-07 13:27:00,1378.30,1378.80,1378.30,1378.30,281
2026-09-07 13:28:00,1378.70,1378.70,1378.00,1378.00,81
2026-09-07 13:29:00,1378.30,1379.00,1378.30,1379.00,154
2026-09-07 13:30:00,1379.00,1379.00,1378.70,1379.00,97
2026-09-07 13:31:00,1378.70,1379.00,1378.70,1379.00,288
2026-09-07 13:32:00,1379.00,1379.10,1378.80,1379.00,584
2026-09-07 13:33:00,1379.00,1379.70,1378.80,1379.40,162
2026-09-07 13:34:00,1379.50,1379.90,1379.40,1379.80,274
2026-09-07 13:35:00,1380.20,1380.20,1379.00,1379.50,817
2026-09-07 13:36:00,1379.20,1379.50,1379.20,1379.40,52
2026-09-07 13:37:00,1379.40,1379.80,1379.30,1379.70,53
2026-09-07 13:38:00,1379.70,1379.90,1379.30,1379.80,291
2026-09-07 13:39:00,1379.80,1380.00,1379.60,1380.00,176
2026-09-07 13:40:00,1379.90,1380.00,1379.60,1379.60,455
2026-09-07 13:41:00,1380.00,1380.00,1379.60,1380.00,426
2026-09-07 13:42:00,1380.00,1380.00,1379.80,1380.00,914
2026-09-07 13:43:00,1380.00,1380.00,1379.80,1379.90,905
2026-09-07 13:44:00,1380.00,1381.60,1379.90,1381.30,3507
2026-09-07 13:45:00,1381.50,1382.00,1381.30,1382.00,763
2026-09-07 13:46:00,1381.80,1382.00,1381.80,1382.00,864
2026-09-07 13:47:00,1382.30,1382.80,1382.30,1382.60,637
2026-09-07 13:48:00,1382.80,1382.90,1382.60,1382.90,1040
2026-09-07 13:49:00,1382.90,1383.20,1382.90,1382.90,903
2026-09-07 13:50:00,1383.10,1383.20,1382.70,1382.70,1011
2026-09-07 13:51:00,1383.00,1383.30,1380.00,1381.80,31630
2026-09-07 13:52:00,1382.20,1382.60,1381.80,1382.10,796
2026-09-07 13:53:00,1382.40,1383.10,1382.10,1382.60,766
2026-09-07 13:54:00,1382.80,1382.80,1382.00,1382.50,843
2026-09-07 13:55:00,1382.50,1382.50,1382.00,1382.50,736
2026-09-07 13:56:00,1382.50,1382.50,1382.10,1382.50,871
2026-09-07 13:57:00,1382.50,1382.50,1382.40,1382.50,918
2026-09-07 13:58:00,1382.50,1382.50,1382.40,1382.40,649
2026-09-07 13:59:00,1382.50,1382.50,1382.40,1382.40,1070
2026-09-07 14:00:00,1382.00,1382.00,1381.90,1382.00,641
2026-09-07 14:01:00,1382.00,1382.00,1381.90,1381.90,618
2026-09-07 14:02:00,1382.00,1382.50,1381.90,1382.20,729
2026-09-07 14:03:00,1382.60,1383.00,1382.40,1383.00,804
2026-09-07 14:04:00,1383.00,1383.00,1382.30,1382.80,1234
2026-09-07 14:05:00,1382.80,1382.90,1382.30,1382.90,569
2026-09-07 14:06:00,1382.90,1382.90,1382.60,1382.80,762
2026-09-07 14:07:00,1382.90,1382.90,1382.80,1382.90,633
2026-09-07 14:08:00,1382.80,1382.90,1382.80,1382.90,1504
2026-09-07 14:09:00,1382.90,1382.90,1382.30,1382.60,1016
2026-09-07 14:10:00,1382.70,1382.90,1382.60,1382.60,763
2026-09-07 14:11:00,1382.90,1382.90,1382.60,1382.90,784
2026-09-07 14:12:00,1382.60,1383.60,1382.60,1383.10,1457
2026-09-07 14:13:00,1383.40,1383.90,1383.40,1383.80,808
2026-09-07 14:14:00,1383.80,1384.00,1383.80,1384.00,1060
2026-09-07 14:15:00,1384.00,1384.50,1383.90,1384.50,979
2026-09-07 14:16:00,1384.30,1384.70,1384.30,1384.60,859
2026-09-07 14:17:00,1384.60,1384.70,1384.00,1384.00,1310
2026-09-07 14:18:00,1384.40,1384.50,1383.90,1384.30,1222
2026-09-07 14:19:00,1384.30,1384.30,1383.30,1384.20,1171
2026-09-07 14:20:00,1384.20,1384.40,1383.80,1384.30,1100
2026-09-07 14:21:00,1384.30,1384.50,1383.40,1384.50,1579
2026-09-07 14:22:00,1384.50,1385.50,1384.30,1385.50,3087
2026-09-07 14:23:00,1385.30,1386.00,1384.90,1385.40,1789
2026-09-07 14:24:00,1386.00,1386.00,1385.40,1385.90,1131
2026-09-07 14:25:00,1385.90,1386.10,1385.60,1386.10,1017
2026-09-07 14:26:00,1385.60,1386.30,1384.60,1385.50,1747
2026-09-07 14:27:00,1385.60,1385.60,1384.90,1385.50,1274
2026-09-07 14:28:00,1385.60,1386.20,1385.00,1386.00,1031
2026-09-07 14:29:00,1386.00,1386.50,1385.30,1386.20,1375
2026-09-07 14:30:00,1386.50,1386.50,1385.60,1385.60,1249
2026-09-07 14:31:00,1386.10,1386.50,1385.90,1385.90,1087
2026-09-07 14:32:00,1386.00,1386.40,1385.90,1386.30,1133
2026-09-07 14:33:00,1386.50,1386.50,1385.10,1385.30,2486
2026-09-07 14:34:00,1385.40,1386.40,1385.40,1386.30,990
2026-09-07 14:35:00,1386.30,1386.40,1385.40,1385.60,1774
2026-09-07 14:36:00,1386.30,1386.40,1385.70,1386.10,891
2026-09-07 14:37:00,1386.30,1386.40,1385.70,1386.30,1383
2026-09-07 14:38:00,1385.90,1386.20,1385.40,1386.10,1734
2026-09-07 14:39:00,1385.80,1388.00,1385.80,1387.70,3444
2026-09-07 14:40:00,1388.00,1388.00,1387.80,1387.90,1689
2026-09-07 14:41:00,1388.00,1389.80,1387.90,1389.50,3611
2026-09-07 14:42:00,1389.20,1389.90,1389.10,1389.70,1651
2026-09-07 14:43:00,1389.70,1389.90,1389.40,1389.40,2482
2026-09-07 14:44:00,1389.90,1390.00,1389.40,1389.90,1739
2026-09-07 14:45:00,1389.90,1391.00,1389.40,1391.00,3207
2026-09-07 14:46:00,1391.00,1391.30,1390.70,1391.00,1827
2026-09-07 14:47:00,1391.00,1391.30,1389.90,1391.30,2203
2026-09-07 14:48:00,1390.90,1391.50,1390.60,1391.20,1949
2026-09-07 14:49:00,1391.00,1391.40,1390.70,1391.40,1528
2026-09-07 14:50:00,1391.20,1391.50,1390.70,1391.30,2126
2026-09-07 14:51:00,1391.20,1391.20,1390.30,1390.30,2721
2026-09-07 14:52:00,1390.30,1390.90,1389.90,1390.20,2633
2026-09-07 14:53:00,1390.70,1393.80,1390.20,1393.70,8981
2026-09-07 14:54:00,1393.80,1393.80,1392.70,1393.00,2742
2026-09-07 14:55:00,1393.00,1393.00,1392.30,1392.50,3549
2026-09-07 14:56:00,1392.40,1392.70,1391.90,1392.30,4214
2026-09-07 14:57:00,1392.00,1393.40,1392.00,1393.10,14205
2026-09-07 14:58:00,1393.10,1394.40,1393.00,1394.40,4248
2026-09-07 14:59:00,1394.50,1394.70,1393.50,1393.80,4788
2026-09-07 15:00:00,1394.00,1394.10,1393.50,1394.10,4408
2026-09-07 15:01:00,1394.00,1394.40,1392.40,1394.00,11339
2026-09-07 15:02:00,1394.00,1394.70,1393.40,1394.70,7950
2026-09-07 15:03:00,1394.70,1395.20,1394.20,1394.30,8388
2026-09-07 15:04:00,1393.80,1394.20,1393.80,1393.90,7134
2026-09-07 15:05:00,1393.90,1393.90,1390.30,1392.10,21194
2026-09-07 15:06:00,1392.10,1393.40,1391.70,1393.40,6271
2026-09-07 15:07:00,1393.40,1393.90,1393.30,1393.70,3331
2026-09-07 15:08:00,1393.70,1394.10,1393.20,1393.60,4616
2026-09-07 15:09:00,1393.60,1393.90,1392.70,1393.60,8538
2026-09-07 15:10:00,1393.50,1394.90,1393.30,1394.90,6272
2026-09-07 15:11:00,1394.70,1395.40,1394.70,1394.80,7219
2026-09-07 15:12:00,1395.10,1395.50,1394.40,1394.70,8909
2026-09-07 15:13:00,1394.70,1395.70,1394.40,1395.20,8981
2026-09-07 15:14:00,1395.00,1395.50,1391.20,1395.20,5895
2026-09-07 15:15:00,1395.20,1395.20,1395.20,1395.20,0
2026-09-07 15:16:00,1395.20,1395.20,1395.20,1395.20,0
2026-09-07 15:17:00,1395.20,1395.20,1395.20,1395.20,0
2026-09-07 15:18:00,1395.20,1395.20,1395.20,1395.20,0
2026-09-07 15:19:00,1395.20,1395.20,1395.20,1395.20,0
2026-09-07 15:20:00,1395.20,1395.20,1395.20,1395.20,0
2026-09-07 15:21:00,1395.20,1395.20,1395.20,1395.20,0
2026-09-07 15:22:00,1395.20,1395.20,1395.20,1395.20,0
2026-09-07 15:23:00,1395.20,1395.20,1395.20,1395.20,0
2026-09-07 15:24:00,1395.20,1395.20,1395.20,1395.20,0
2026-09-07 15:25:00,1395.20,1395.20,1395.20,1395.20,0
2026-09-07 15:26:00,1395.20,1395.20,1395.20,1395.20,0
2026-09-07 15:27:00,1395.20,1395.20,1395.20,1395.20,0
2026-09-07 15:28:00,1395.20,1395.20,1395.20,1395.20,0
2026-09-07 15:29:00,1395.20,1395.20,1395.20,1395.20,0
2026-09-08 09:15:00,1393.40,1393.40,1386.80,1386.90,3823
2026-09-08 09:16:00,1387.40,1390.80,1387.40,1390.60,1364
2026-09-08 09:17:00,1390.00,1390.00,1388.00,1388.40,391
2026-09-08 09:18:00,1389.40,1394.10,1389.40,1392.90,2117
2026-09-08 09:19:00,1392.90,1395.00,1392.90,1394.60,1863
2026-09-08 09:20:00,1394.60,1397.20,1393.90,1396.00,2248
2026-09-08 09:21:00,1396.00,1398.40,1395.80,1397.00,1754
2026-09-08 09:22:00,1397.00,1397.00,1394.10,1394.70,896
2026-09-08 09:23:00,1394.70,1394.70,1393.00,1393.00,516
2026-09-08 09:24:00,1392.30,1392.70,1390.90,1392.00,1487
2026-09-08 09:25:00,1391.40,1391.40,1389.50,1389.50,334
2026-09-08 09:26:00,1389.50,1389.50,1388.30,1388.60,557
2026-09-08 09:27:00,1389.30,1389.30,1388.30,1388.60,186
2026-09-08 09:28:00,1388.60,1389.00,1388.20,1388.20,273
2026-09-08 09:29:00,1388.70,1389.10,1388.20,1388.80,804
2026-09-08 09:30:00,1388.60,1389.10,1388.00,1389.10,793
2026-09-08 09:31:00,1388.40,1389.60,1388.40,1389.30,714
2026-09-08 09:32:00,1389.10,1389.30,1388.50,1389.00,150
2026-09-08 09:33:00,1389.20,1389.20,1388.10,1388.70,648
2026-09-08 09:34:00,1388.70,1389.30,1388.00,1389.30,547
2026-09-08 09:35:00,1389.20,1389.20,1387.80,1388.30,221
2026-09-08 09:36:00,1388.30,1389.00,1388.30,1389.00,549
2026-09-08 09:37:00,1388.50,1388.80,1388.10,1388.80,632
2026-09-08 09:38:00,1388.80,1390.40,1388.60,1390.00,642
2026-09-08 09:39:00,1390.30,1391.00,1389.50,1390.40,274
2026-09-08 09:40:00,1390.70,1390.80,1388.80,1388.80,185
2026-09-08 09:41:00,1388.90,1389.30,1388.20,1388.20,846
2026-09-08 09:42:00,1388.70,1389.00,1388.40,1388.50,137
2026-09-08 09:43:00,1388.30,1389.00,1386.70,1388.00,2293
2026-09-08 09:44:00,1388.00,1389.40,1388.00,1388.50,617
2026-09-08 09:45:00,1388.50,1389.40,1388.50,1389.00,503
2026-09-08 09:46:00,1389.00,1389.90,1389.00,1389.40,591
2026-09-08 09:47:00,1389.40,1390.00,1388.80,1389.00,334
2026-09-08 09:48:00,1389.40,1389.90,1388.80,1389.20,639
2026-09-08 09:49:00,1389.70,1389.70,1389.20,1389.20,108
2026-09-08 09:50:00,1389.10,1389.50,1388.30,1388.30,160
2026-09-08 09:51:00,1388.00,1388.80,1387.80,1387.90,535
2026-09-08 09:52:00,1387.90,1388.40,1387.50,1387.80,589
2026-09-08 09:53:00,1387.50,1388.00,1387.00,1387.00,984
2026-09-08 09:54:00,1387.20,1387.70,1386.80,1387.30,1289
2026-09-08 09:55:00,1387.00,1388.00,1387.00,1387.20,260
2026-09-08 09:56:00,1387.20,1387.70,1387.20,1387.70,394
2026-09-08 09:57:00,1387.80,1388.30,1387.70,1387.90,230
2026-09-08 09:58:00,1387.60,1388.80,1387.20,1387.60,321
2026-09-08 09:59:00,1387.70,1388.70,1387.70,1387.90,288
2026-09-08 10:00:00,1388.30,1388.50,1387.70,1387.70,164
2026-09-08 10:01:00,1388.10,1388.30,1387.60,1387.60,448
2026-09-08 10:02:00,1387.60,1388.40,1387.20,1387.60,281
2026-09-08 10:03:00,1387.80,1387.80,1386.00,1386.00,1348
2026-09-08 10:04:00,1386.10,1386.40,1385.70,1385.70,680
2026-09-08 10:05:00,1385.70,1386.10,1383.00,1383.50,3363
2026-09-08 10:06:00,1383.60,1384.70,1383.50,1383.50,1211
2026-09-08 10:07:00,1383.50,1384.00,1383.20,1383.20,271
2026-09-08 10:08:00,1383.80,1384.00,1383.20,1383.30,592
2026-09-08 10:09:00,1383.80,1384.10,1383.20,1384.10,270
2026-09-08 10:10:00,1384.20,1384.50,1383.80,1384.40,317
2026-09-08 10:11:00,1383.80,1384.90,1383.80,1384.80,350
2026-09-08 10:12:00,1384.80,1384.80,1384.20,1384.80,189
2026-09-08 10:13:00,1384.20,1384.90,1384.20,1384.50,163
2026-09-08 10:14:00,1384.90,1384.90,1384.20,1384.80,189
2026-09-08 10:15:00,1384.80,1385.40,1384.70,1384.70,1554
2026-09-08 10:16:00,1385.40,1385.40,1384.40,1385.10,362
2026-09-08 10:17:00,1385.10,1385.80,1385.10,1385.60,347
2026-09-08 10:18:00,1385.60,1385.60,1384.70,1384.70,421
2026-09-08 10:19:00,1384.70,1386.20,1384.70,1386.20,542
2026-09-08 10:20:00,1385.60,1386.40,1385.60,1385.60,589
2026-09-08 10:21:00,1385.50,1386.00,1385.10,1385.10,433
2026-09-08 10:22:00,1385.00,1385.50,1385.00,1385.30,206
2026-09-08 10:23:00,1385.40,1385.40,1385.00,1385.40,240
2026-09-08 10:24:00,1385.00,1385.40,1384.80,1385.40,454
2026-09-08 10:25:00,1384.80,1385.40,1384.70,1385.10,190
2026-09-08 10:26:00,1384.70,1385.30,1384.70,1385.10,115
2026-09-08 10:27:00,1384.70,1386.30,1384.70,1386.30,616
2026-09-08 10:28:00,1386.50,1386.50,1385.50,1386.00,223
2026-09-08 10:29:00,1385.70,1386.00,1385.50,1385.50,223
2026-09-08 10:30:00,1385.50,1385.70,1385.00,1385.40,436
2026-09-08 10:31:00,1385.00,1385.70,1385.00,1385.00,224
2026-09-08 10:32:00,1385.20,1385.60,1385.20,1385.30,224
2026-09-08 10:33:00,1385.80,1385.80,1384.70,1384.70,381
2026-09-08 10:34:00,1385.00,1385.10,1384.00,1384.80,298
2026-09-08 10:35:00,1384.10,1384.80,1384.10,1384.50,234
2026-09-08 10:36:00,1384.50,1384.80,1384.20,1384.20,361
2026-09-08 10:37:00,1384.40,1384.60,1384.20,1384.20,149
2026-09-08 10:38:00,1384.40,1384.80,1384.20,1384.60,233
2026-09-08 10:39:00,1385.00,1385.70,1385.00,1385.30,394
2026-09-08 10:40:00,1385.40,1385.40,1385.00,1385.20,201
2026-09-08 10:41:00,1385.10,1385.40,1385.10,1385.10,178
2026-09-08 10:42:00,1385.10,1385.50,1385.00,1385.30,327
2026-09-08 10:43:00,1385.00,1385.80,1384.80,1384.80,840
2026-09-08 10:44:00,1384.50,1385.10,1384.10,1384.10,257
2026-09-08 10:45:00,1384.70,1384.80,1384.00,1384.10,470
2026-09-08 10:46:00,1384.10,1385.10,1384.10,1384.30,145
2026-09-08 10:47:00,1384.30,1384.90,1384.30,1384.60,169
2026-09-08 10:48:00,1384.30,1385.00,1384.30,1384.90,267
2026-09-08 10:49:00,1385.00,1385.30,1385.00,1385.20,141
2026-09-08 10:50:00,1385.30,1385.50,1385.30,1385.50,159
2026-09-08 10:51:00,1385.50,1386.90,1385.30,1386.50,1694
2026-09-08 10:52:00,1386.80,1387.00,1385.90,1385.90,490
2026-09-08 10:53:00,1386.00,1386.40,1385.90,1386.20,143
2026-09-08 10:54:00,1386.20,1386.30,1385.90,1385.90,540
2026-09-08 10:55:00,1385.90,1386.50,1385.50,1386.00,1137
2026-09-08 10:56:00,1386.00,1386.30,1385.50,1385.50,433
2026-09-08 10:57:00,1385.60,1386.50,1385.30,1386.50,320
2026-09-08 10:58:00,1386.20,1387.00,1386.20,1386.40,230
2026-09-08 10:59:00,1386.40,1387.00,1386.40,1386.50,433
2026-09-08 11:00:00,1385.70,1386.50,1385.70,1386.40,284
2026-09-08 11:01:00,1385.80,1386.50,1385.70,1386.00,245
2026-09-08 11:02:00,1386.00,1386.70,1385.90,1386.70,130
2026-09-08 11:03:00,1386.10,1386.80,1385.60,1386.30,4058
2026-09-08 11:04:00,1386.70,1386.70,1386.00,1386.00,373
2026-09-08 11:05:00,1386.00,1386.90,1386.00,1386.80,824
2026-09-08 11:06:00,1387.00,1388.10,1387.00,1387.50,1302
2026-09-08 11:07:00,1387.90,1389.00,1387.50,1388.10,1652
2026-09-08 11:08:00,1388.50,1388.90,1388.10,1388.10,591
2026-09-08 11:09:00,1388.40,1389.70,1388.30,1388.50,585
2026-09-08 11:10:00,1388.40,1389.90,1388.40,1389.90,907
2026-09-08 11:11:00,1390.20,1390.90,1390.00,1390.20,885
2026-09-08 11:12:00,1390.70,1391.00,1390.40,1391.00,1664
2026-09-08 11:13:00,1390.80,1391.00,1390.60,1390.90,339
2026-09-08 11:14:00,1391.00,1391.00,1390.50,1390.90,415
2026-09-08 11:15:00,1390.60,1391.00,1390.50,1390.50,225
2026-09-08 11:16:00,1390.80,1390.80,1390.00,1390.10,722
2026-09-08 11:17:00,1390.10,1390.10,1389.30,1389.40,353
2026-09-08 11:18:00,1389.40,1390.00,1389.30,1389.30,292
2026-09-08 11:19:00,1389.30,1389.80,1389.30,1389.60,138
2026-09-08 11:20:00,1389.50,1390.20,1389.50,1389.60,225
2026-09-08 11:21:00,1389.60,1390.00,1388.90,1389.00,487
2026-09-08 11:22:00,1388.80,1389.50,1388.70,1389.40,397
2026-09-08 11:23:00,1389.70,1390.80,1388.80,1390.80,1938
2026-09-08 11:24:00,1390.70,1392.00,1390.70,1391.40,938
2026-09-08 11:25:00,1391.40,1392.20,1391.30,1391.30,3926
2026-09-08 11:26:00,1391.30,1392.40,1391.30,1392.30,743
2026-09-08 11:27:00,1392.20,1392.30,1391.40,1392.20,574
2026-09-08 11:28:00,1392.10,1392.10,1391.10,1391.70,828
2026-09-08 11:29:00,1391.70,1391.70,1391.00,1391.00,712
2026-09-08 11:30:00,1391.70,1392.20,1391.10,1392.20,497
2026-09-08 11:31:00,1391.50,1392.30,1391.20,1391.50,314
2026-09-08 11:32:00,1391.40,1392.00,1391.40,1391.50,229
2026-09-08 11:33:00,1391.50,1392.00,1391.30,1391.70,413
2026-09-08 11:34:00,1391.50,1392.10,1391.10,1391.70,696
2026-09-08 11:35:00,1391.90,1392.10,1391.30,1391.30,395
2026-09-08 11:36:00,1391.40,1392.30,1391.40,1392.30,477
2026-09-08 11:37:00,1391.80,1393.00,1391.70,1392.60,1003
2026-09-08 11:38:00,1392.10,1392.80,1391.80,1392.40,833
2026-09-08 11:39:00,1392.80,1392.90,1392.10,1392.90,246
2026-09-08 11:40:00,1392.20,1393.00,1392.20,1392.70,265
2026-09-08 11:41:00,1392.10,1392.10,1391.00,1391.10,654
2026-09-08 11:42:00,1390.30,1391.30,1390.30,1391.10,217
2026-09-08 11:43:00,1391.10,1391.30,1389.80,1389.80,605
2026-09-08 11:44:00,1390.50,1391.30,1390.10,1390.20,778
2026-09-08 11:45:00,1390.10,1390.80,1390.10,1390.60,243
2026-09-08 11:46:00,1389.70,1390.60,1389.20,1389.70,1277
2026-09-08 11:47:00,1390.10,1390.20,1389.40,1389.90,1244
2026-09-08 11:48:00,1389.80,1390.40,1389.50,1390.20,708
2026-09-08 11:49:00,1389.60,1390.30,1388.60,1388.70,2097
2026-09-08 11:50:00,1388.60,1388.90,1388.10,1388.60,1024
2026-09-08 11:51:00,1388.40,1388.60,1388.00,1388.00,276
2026-09-08 11:52:00,1388.30,1388.50,1387.10,1388.50,2110
2026-09-08 11:53:00,1388.50,1388.50,1387.50,1387.90,526
2026-09-08 11:54:00,1387.70,1388.10,1387.30,1388.10,1679
2026-09-08 11:55:00,1387.20,1388.10,1387.20,1387.90,718
2026-09-08 11:56:00,1387.30,1388.20,1387.00,1387.30,613
2026-09-08 11:57:00,1387.20,1387.90,1387.20,1387.50,354
2026-09-08 11:58:00,1388.00,1388.70,1387.50,1388.30,868
2026-09-08 11:59:00,1388.50,1388.50,1387.60,1388.30,380
2026-09-08 12:00:00,1388.30,1388.30,1387.70,1388.20,419
2026-09-08 12:01:00,1387.70,1387.80,1386.80,1387.50,851
2026-09-08 12:02:00,1387.30,1388.00,1387.10,1387.20,312
2026-09-08 12:03:00,1387.50,1388.10,1387.20,1388.10,305
2026-09-08 12:04:00,1388.70,1388.80,1388.00,1388.60,613
2026-09-08 12:05:00,1388.10,1388.80,1387.30,1387.30,1134
2026-09-08 12:06:00,1387.30,1387.30,1386.80,1386.80,311
2026-09-08 12:07:00,1386.80,1387.00,1386.50,1386.50,248
2026-09-08 12:08:00,1386.90,1387.00,1386.00,1386.50,879
2026-09-08 12:09:00,1386.60,1387.00,1386.20,1386.40,623
2026-09-08 12:10:00,1386.40,1387.00,1386.40,1386.70,578
2026-09-08 12:11:00,1386.90,1387.00,1386.50,1386.80,251
2026-09-08 12:12:00,1386.50,1386.90,1386.50,1386.70,147
2026-09-08 12:13:00,1386.70,1386.80,1385.20,1385.20,565
2026-09-08 12:14:00,1385.40,1386.10,1385.30,1385.70,401
2026-09-08 12:15:00,1385.80,1386.50,1385.50,1385.60,272
2026-09-08 12:16:00,1385.50,1386.20,1385.50,1386.20,132
2026-09-08 12:17:00,1385.90,1385.90,1385.20,1385.50,309
2026-09-08 12:18:00,1385.70,1386.30,1385.20,1386.10,330
2026-09-08 12:19:00,1386.10,1386.20,1385.20,1386.20,732
2026-09-08 12:20:00,1386.20,1386.20,1385.00,1385.40,1475
2026-09-08 12:21:00,1384.80,1385.40,1384.40,1385.10,704
2026-09-08 12:22:00,1384.50,1385.10,1384.50,1384.50,97
2026-09-08 12:23:00,1384.80,1385.30,1384.50,1384.90,219
2026-09-08 12:24:00,1385.10,1385.30,1384.70,1385.10,354
2026-09-08 12:25:00,1385.00,1385.20,1384.60,1384.70,115
2026-09-08 12:26:00,1384.70,1385.50,1384.70,1384.70,341
2026-09-08 12:27:00,1384.90,1385.40,1384.70,1384.70,205
2026-09-08 12:28:00,1385.00,1385.30,1384.70,1384.70,240
2026-09-08 12:29:00,1384.70,1385.40,1384.50,1385.40,504
2026-09-08 12:30:00,1385.40,1385.40,1384.70,1385.40,248
2026-09-08 12:31:00,1385.40,1385.40,1384.00,1384.00,838
2026-09-08 12:32:00,1384.30,1384.90,1384.00,1384.30,648
2026-09-08 12:33:00,1384.00,1384.70,1384.00,1384.60,377
2026-09-08 12:34:00,1384.20,1384.60,1384.00,1384.50,317
2026-09-08 12:35:00,1384.60,1384.60,1384.00,1384.50,485
2026-09-08 12:36:00,1384.50,1385.40,1384.10,1385.00,692
2026-09-08 12:37:00,1385.20,1385.80,1384.90,1385.80,579
2026-09-08 12:38:00,1385.70,1386.30,1385.20,1386.30,284
2026-09-08 12:39:00,1386.30,1387.00,1386.20,1386.20,899
2026-09-08 12:40:00,1386.20,1387.00,1386.20,1386.50,498
2026-09-08 12:41:00,1386.50,1386.60,1386.00,1386.60,347
2026-09-08 12:42:00,1386.00,1386.50,1386.00,1386.30,154
2026-09-08 12:43:00,1386.40,1386.40,1384.80,1384.80,1670
2026-09-08 12:44:00,1385.30,1385.50,1384.70,1385.40,214
2026-09-08 12:45:00,1385.40,1385.40,1384.80,1385.00,240
2026-09-08 12:46:00,1385.10,1385.10,1384.80,1384.90,281
2026-09-08 12:47:00,1385.00,1385.00,1384.70,1384.90,132
2026-09-08 12:48:00,1384.90,1385.00,1384.70,1384.70,161
2026-09-08 12:49:00,1384.70,1385.30,1384.70,1385.00,410
2026-09-08 12:50:00,1384.70,1385.10,1384.70,1385.00,163
2026-09-08 12:51:00,1385.10,1385.30,1385.00,1385.10,281
2026-09-08 12:52:00,1385.20,1385.20,1384.50,1384.50,159
2026-09-08 12:53:00,1384.50,1385.50,1384.50,1385.30,490
2026-09-08 12:54:00,1385.30,1385.40,1384.50,1385.30,388
2026-09-08 12:55:00,1385.60,1385.90,1385.00,1385.10,579
2026-09-08 12:56:00,1385.10,1385.70,1385.00,1385.00,251
2026-09-08 12:57:00,1385.30,1385.60,1385.10,1385.50,182
2026-09-08 12:58:00,1385.50,1386.60,1385.50,1386.20,774
2026-09-08 12:59:00,1386.20,1386.50,1386.20,1386.30,567
2026-09-08 13:00:00,1386.50,1386.60,1386.30,1386.60,156
2026-09-08 13:01:00,1386.60,1387.00,1385.60,1385.80,1116
2026-09-08 13:02:00,1386.50,1386.80,1385.70,1386.80,559
2026-09-08 13:03:00,1385.90,1386.60,1385.90,1386.60,209
2026-09-08 13:04:00,1386.60,1386.80,1386.10,1386.10,168
2026-09-08 13:05:00,1386.30,1386.50,1385.70,1386.10,281
2026-09-08 13:06:00,1385.90,1386.00,1385.00,1385.00,677
2026-09-08 13:07:00,1385.30,1385.30,1385.00,1385.00,202
2026-09-08 13:08:00,1385.00,1385.40,1385.00,1385.20,371
2026-09-08 13:09:00,1385.30,1385.30,1384.10,1384.90,891
2026-09-08 13:10:00,1384.30,1385.00,1384.00,1384.40,1330
2026-09-08 13:11:00,1384.70,1384.70,1382.10,1382.10,2553
2026-09-08 13:12:00,1382.90,1384.10,1382.40,1383.20,31328
2026-09-08 13:13:00,1383.00,1383.40,1382.70,1382.70,396
2026-09-08 13:14:00,1382.70,1383.30,1382.60,1382.90,246
2026-09-08 13:15:00,1383.40,1383.70,1383.30,1383.60,922
2026-09-08 13:16:00,1383.40,1384.00,1383.10,1383.30,956
2026-09-08 13:17:00,1383.30,1384.10,1383.30,1384.10,180
2026-09-08 13:18:00,1384.40,1384.70,1384.20,1384.60,393
2026-09-08 13:19:00,1384.50,1384.60,1384.30,1384.50,108
2026-09-08 13:20:00,1384.60,1384.80,1384.50,1384.50,785
2026-09-08 13:21:00,1384.60,1384.70,1384.50,1384.50,132
2026-09-08 13:22:00,1384.60,1384.60,1384.50,1384.60,287
2026-09-08 13:23:00,1384.60,1384.80,1384.60,1384.80,151
2026-09-08 13:24:00,1384.70,1385.90,1384.60,1385.70,2210
2026-09-08 13:25:00,1386.00,1386.70,1385.90,1386.40,689
2026-09-08 13:26:00,1386.60,1386.60,1385.70,1386.10,604
2026-09-08 13:27:00,1386.50,1386.50,1385.70,1386.20,445
2026-09-08 13:28:00,1386.20,1386.40,1385.70,1385.70,368
2026-09-08 13:29:00,1385.90,1386.10,1385.20,1385.20,480
2026-09-08 13:30:00,1385.10,1385.80,1384.70,1384.70,1155
2026-09-08 13:31:00,1384.70,1384.70,1383.70,1383.70,1471
2026-09-08 13:32:00,1383.70,1384.30,1383.50,1384.00,294
2026-09-08 13:33:00,1384.00,1384.00,1383.80,1383.90,224
2026-09-08 13:34:00,1383.90,1384.00,1383.50,1383.50,411
2026-09-08 13:35:00,1383.60,1383.60,1383.50,1383.50,406
2026-09-08 13:36:00,1383.60,1383.80,1383.50,1383.50,599
2026-09-08 13:37:00,1383.70,1383.90,1383.20,1383.80,1081
2026-09-08 13:38:00,1383.20,1383.80,1383.20,1383.50,413
2026-09-08 13:39:00,1383.70,1384.00,1383.50,1383.50,328
2026-09-08 13:40:00,1383.70,1383.90,1383.50,1383.70,470
2026-09-08 13:41:00,1383.80,1383.80,1383.20,1383.20,335
2026-09-08 13:42:00,1383.20,1383.80,1383.20,1383.40,444
2026-09-08 13:43:00,1383.40,1383.60,1381.20,1381.30,4052
2026-09-08 13:44:00,1381.40,1381.50,1380.60,1380.80,3220
2026-09-08 13:45:00,1380.80,1381.90,1380.00,1380.00,4000
2026-09-08 13:46:00,1380.00,1380.10,1379.60,1379.80,870
2026-09-08 13:47:00,1379.90,1380.30,1379.60,1380.00,2449
2026-09-08 13:48:00,1379.80,1380.00,1379.40,1380.00,1320
2026-09-08 13:49:00,1379.90,1380.00,1379.80,1380.00,2573
2026-09-08 13:50:00,1380.00,1380.30,1379.90,1380.00,2628
2026-09-08 13:51:00,1380.10,1380.10,1379.60,1379.60,1368
2026-09-08 13:52:00,1379.50,1380.00,1379.50,1379.60,634
2026-09-08 13:53:00,1379.60,1379.80,1379.60,1379.80,152
2026-09-08 13:54:00,1379.70,1379.90,1379.70,1379.70,347
2026-09-08 13:55:00,1379.70,1380.00,1379.70,1379.80,1242
2026-09-08 13:56:00,1379.90,1380.00,1379.80,1380.00,511
2026-09-08 13:57:00,1379.90,1380.40,1379.90,1380.00,4235
2026-09-08 13:58:00,1380.00,1380.10,1379.90,1380.00,1763
2026-09-08 13:59:00,1380.00,1380.30,1379.10,1379.10,4058
2026-09-08 14:00:00,1379.40,1379.40,1378.30,1378.50,1299
2026-09-08 14:01:00,1378.50,1379.90,1377.20,1379.80,23393
2026-09-08 14:02:00,1379.70,1381.50,1379.70,1381.20,4914
2026-09-08 14:03:00,1381.20,1381.70,1381.20,1381.40,2092
2026-09-08 14:04:00,1381.20,1381.50,1381.20,1381.20,2382
2026-09-08 14:05:00,1381.20,1381.30,1380.60,1380.60,2211
2026-09-08 14:06:00,1380.30,1381.50,1380.30,1380.40,2420
2026-09-08 14:07:00,1380.30,1381.40,1380.30,1380.70,2523
2026-09-08 14:08:00,1380.70,1381.40,1380.50,1380.50,2346
2026-09-08 14:09:00,1380.50,1381.10,1380.40,1380.70,2143
2026-09-08 14:10:00,1381.30,1381.30,1380.50,1381.20,2379
2026-09-08 14:11:00,1381.20,1381.80,1380.20,1381.60,2327
2026-09-08 14:12:00,1381.60,1382.20,1380.00,1380.80,4136
2026-09-08 14:13:00,1380.90,1381.80,1380.30,1380.80,163786
2026-09-08 14:14:00,1380.80,1381.80,1380.60,1381.00,2367
2026-09-08 14:15:00,1381.30,1381.50,1380.40,1380.40,1949
2026-09-08 14:16:00,1380.40,1380.40,1380.00,1380.00,3044
2026-09-08 14:17:00,1380.00,1381.00,1380.00,1380.20,2773
2026-09-08 14:18:00,1380.60,1380.80,1380.00,1380.00,1537
2026-09-08 14:19:00,1380.10,1380.80,1380.00,1380.00,3261
2026-09-08 14:20:00,1380.00,1380.40,1380.00,1380.00,2008
2026-09-08 14:21:00,1380.20,1380.30,1380.00,1380.00,1757
2026-09-08 14:22:00,1380.10,1380.60,1380.00,1380.10,2914
2026-09-08 14:23:00,1380.60,1381.20,1380.10,1381.00,3557
2026-09-08 14:24:00,1380.90,1381.30,1380.60,1381.10,2812
2026-09-08 14:25:00,1381.10,1381.20,1380.00,1380.10,3131
2026-09-08 14:26:00,1380.00,1381.50,1380.00,1380.90,2561
2026-09-08 14:27:00,1380.90,1381.40,1380.50,1380.60,4711
2026-09-08 14:28:00,1381.00,1381.30,1380.60,1380.90,2191
2026-09-08 14:29:00,1381.10,1381.80,1380.60,1381.50,2862
2026-09-08 14:30:00,1381.10,1381.50,1381.00,1381.30,2108
2026-09-08 14:31:00,1381.30,1381.40,1381.20,1381.40,2737
2026-09-08 14:32:00,1381.40,1381.60,1380.60,1380.60,1999
2026-09-08 14:33:00,1381.00,1381.00,1380.10,1380.40,3108
2026-09-08 14:34:00,1380.40,1381.30,1380.40,1380.70,2664
2026-09-08 14:35:00,1380.70,1381.10,1380.50,1381.10,2787
2026-09-08 14:36:00,1381.10,1381.20,1380.20,1380.50,2623
2026-09-08 14:37:00,1380.50,1380.50,1379.90,1380.00,2724
2026-09-08 14:38:00,1380.00,1380.90,1379.90,1380.30,3512
2026-09-08 14:39:00,1380.40,1380.50,1380.00,1380.30,2626
2026-09-08 14:40:00,1380.40,1380.50,1380.00,1380.30,2856
2026-09-08 14:41:00,1380.20,1380.20,1380.00,1380.10,2785
2026-09-08 14:42:00,1380.00,1380.10,1379.80,1379.90,2537
2026-09-08 14:43:00,1379.90,1379.90,1379.40,1379.70,3399
2026-09-08 14:44:00,1379.70,1379.90,1379.40,1379.70,2480
2026-09-08 14:45:00,1379.90,1380.00,1379.60,1380.00,2887
2026-09-08 14:46:00,1380.00,1380.30,1379.20,1379.20,6650
2026-09-08 14:47:00,1379.30,1379.30,1378.50,1378.80,3288
2026-09-08 14:48:00,1378.70,1379.10,1378.60,1378.60,2065
2026-09-08 14:49:00,1378.70,1378.90,1378.50,1378.70,2360
2026-09-08 14:50:00,1378.50,1379.40,1378.40,1378.60,4252
2026-09-08 14:51:00,1378.50,1378.60,1378.20,1378.20,1487
2026-09-08 14:52:00,1378.20,1378.90,1378.00,1378.30,4832
2026-09-08 14:53:00,1378.30,1378.40,1378.00,1378.10,4537
2026-09-08 14:54:00,1378.20,1379.00,1378.10,1378.60,3376
2026-09-08 14:55:00,1378.40,1378.50,1378.10,1378.10,3599
2026-09-08 14:56:00,1378.20,1378.70,1378.10,1378.40,3532
2026-09-08 14:57:00,1378.30,1378.40,1378.10,1378.10,3348
2026-09-08 14:58:00,1378.10,1379.30,1378.10,1379.00,5683
2026-09-08 14:59:00,1378.90,1379.40,1378.30,1378.70,5222
2026-09-08 15:00:00,1378.70,1378.90,1378.60,1378.90,2036
2026-09-08 15:01:00,1378.80,1379.40,1378.80,1379.20,6187
2026-09-08 15:02:00,1379.20,1379.20,1378.70,1378.70,988
2026-09-08 15:03:00,1378.90,1378.90,1378.70,1378.80,1095
2026-09-08 15:04:00,1378.70,1379.80,1378.70,1379.50,6554
2026-09-08 15:05:00,1379.50,1380.70,1379.20,1380.00,6726
2026-09-08 15:06:00,1380.00,1380.70,1379.90,1380.70,8207
2026-09-08 15:07:00,1380.70,1380.70,1380.40,1380.50,2041
2026-09-08 15:08:00,1380.40,1380.50,1380.00,1380.20,4404
2026-09-08 15:09:00,1380.40,1381.30,1380.40,1381.00,6134
2026-09-08 15:10:00,1380.90,1381.90,1380.90,1381.90,11725
2026-09-08 15:11:00,1381.90,1381.90,1381.00,1381.00,4481
2026-09-08 15:12:00,1381.40,1384.90,1380.80,1384.90,10163
2026-09-08 15:13:00,1384.70,1384.70,1381.60,1381.60,8862
2026-09-08 15:14:00,1381.30,1383.20,1379.60,1380.00,4139
2026-09-08 15:15:00,1382.90,1382.90,1382.90,1382.90,9
2026-09-08 15:16:00,1382.90,1382.90,1382.90,1382.90,0
2026-09-08 15:17:00,1382.90,1382.90,1382.90,1382.90,0
2026-09-08 15:18:00,1382.90,1382.90,1382.90,1382.90,0
2026-09-08 15:19:00,1382.90,1382.90,1382.90,1382.90,0
2026-09-08 15:20:00,1382.90,1382.90,1382.90,1382.90,0
2026-09-08 15:21:00,1382.90,1382.90,1382.90,1382.90,0
2026-09-08 15:22:00,1382.90,1382.90,1382.90,1382.90,0
2026-09-08 15:23:00,1382.90,1382.90,1382.90,1382.90,0
2026-09-08 15:24:00,1382.90,1382.90,1382.90,1382.90,0
2026-09-08 15:25:00,1382.90,1382.90,1382.90,1382.90,0
2026-09-08 15:26:00,1382.90,1382.90,1382.90,1382.90,0
2026-09-08 15:27:00,1382.90,1382.90,1382.90,1382.90,0
2026-09-08 15:28:00,1382.90,1382.90,1382.90,1382.90,0
2026-09-08 15:29:00,1382.90,1384.00,1382.90,1384.00,54249
2026-09-09 09:08:00,1380.00,1380.00,1380.00,1380.00,2066
2026-09-09 09:09:00,1380.00,1380.00,1380.00,1380.00,0
2026-09-09 09:10:00,1380.00,1380.00,1380.00,1380.00,0
2026-09-09 09:11:00,1380.00,1380.00,1380.00,1380.00,0
2026-09-09 09:12:00,1380.00,1380.00,1380.00,1380.00,0
2026-09-09 09:13:00,1380.00,1380.00,1380.00,1380.00,0
2026-09-09 09:14:00,1380.00,1380.00,1380.00,1380.00,0
2026-09-09 09:15:00,1380.00,1388.70,1378.00,1384.60,8482
2026-09-09 09:16:00,1385.00,1385.40,1383.60,1384.70,3336
2026-09-09 09:17:00,1384.70,1386.60,1381.80,1383.00,7188
2026-09-09 09:18:00,1383.50,1383.80,1381.30,1381.40,2483
2026-09-09 09:19:00,1381.40,1382.00,1381.10,1381.30,4067
2026-09-09 09:20:00,1381.10,1381.90,1380.00,1381.00,4524
2026-09-09 09:21:00,1381.90,1383.00,1381.40,1382.60,535
2026-09-09 09:22:00,1382.80,1385.20,1382.80,1383.80,4559
2026-09-09 09:23:00,1383.80,1386.10,1383.60,1385.60,2353
2026-09-09 09:24:00,1385.80,1386.40,1385.40,1386.10,1333
2026-09-09 09:25:00,1386.10,1386.70,1384.70,1384.70,4450
2026-09-09 09:26:00,1384.60,1384.60,1383.60,1383.80,1275
2026-09-09 09:27:00,1383.80,1384.90,1383.80,1384.50,2684
2026-09-09 09:28:00,1385.00,1385.90,1384.50,1385.80,5536
2026-09-09 09:29:00,1385.90,1385.90,1383.50,1383.50,6093
2026-09-09 09:30:00,1384.20,1384.20,1382.60,1382.80,3091
2026-09-09 09:31:00,1382.70,1382.70,1381.80,1381.80,2151
2026-09-09 09:32:00,1382.50,1382.80,1381.60,1382.20,3363
2026-09-09 09:33:00,1382.30,1382.70,1382.00,1382.40,1165
2026-09-09 09:34:00,1382.40,1382.50,1380.20,1380.20,2452
2026-09-09 09:35:00,1380.20,1380.80,1379.70,1379.70,4075
2026-09-09 09:36:00,1379.70,1380.00,1379.20,1379.90,1666
2026-09-09 09:37:00,1379.60,1380.00,1378.50,1378.60,1736
2026-09-09 09:38:00,1378.60,1379.10,1378.30,1378.70,587
2026-09-09 09:39:00,1378.70,1379.30,1378.70,1379.30,620
2026-09-09 09:40:00,1379.30,1379.80,1377.90,1378.60,2613
2026-09-09 09:41:00,1379.20,1379.20,1377.40,1378.70,5276
2026-09-09 09:42:00,1378.80,1379.20,1378.70,1378.80,4686
2026-09-09 09:43:00,1379.20,1379.40,1378.10,1378.10,1919
2026-09-09 09:44:00,1378.10,1378.80,1378.10,1378.40,588
2026-09-09 09:45:00,1378.60,1378.60,1376.10,1376.10,4798
2026-09-09 09:46:00,1376.00,1376.80,1375.20,1376.30,5451
2026-09-09 09:47:00,1376.80,1377.00,1376.50,1376.80,1935
2026-09-09 09:48:00,1377.10,1377.10,1375.60,1375.60,1660
2026-09-09 09:49:00,1375.50,1376.80,1375.50,1376.10,1515
2026-09-09 09:50:00,1376.10,1376.60,1375.70,1376.00,2405
2026-09-09 09:51:00,1376.00,1377.00,1375.00,1376.40,6234
2026-09-09 09:52:00,1376.60,1378.50,1375.90,1377.00,11135
2026-09-09 09:53:00,1377.50,1377.50,1376.50,1376.50,1913
2026-09-09 09:54:00,1377.00,1377.00,1376.30,1376.70,1757
2026-09-09 09:55:00,1376.60,1376.90,1376.50,1376.50,458
2026-09-09 09:56:00,1376.50,1376.90,1376.40,1376.40,735
2026-09-09 09:57:00,1376.60,1376.60,1375.50,1376.20,1407
2026-09-09 09:58:00,1375.70,1376.20,1375.70,1375.70,744
2026-09-09 09:59:00,1376.20,1376.20,1373.70,1375.80,3196
2026-09-09 10:00:00,1374.90,1375.40,1374.60,1374.90,2754
2026-09-09 10:01:00,1374.70,1375.00,1373.30,1375.00,5682
2026-09-09 10:02:00,1375.00,1375.00,1374.40,1374.50,1022
2026-09-09 10:03:00,1374.50,1375.10,1374.50,1375.00,1100
2026-09-09 10:04:00,1375.00,1376.50,1375.00,1376.10,1709
2026-09-09 10:05:00,1376.10,1376.10,1375.00,1375.20,2376
2026-09-09 10:06:00,1375.10,1375.60,1375.00,1375.20,1187
2026-09-09 10:07:00,1375.30,1375.60,1374.00,1374.70,2901
2026-09-09 10:08:00,1374.20,1374.70,1374.20,1374.50,183
2026-09-09 10:09:00,1374.50,1374.50,1373.30,1373.40,1170
2026-09-09 10:10:00,1373.40,1374.10,1373.10,1374.00,3306
2026-09-09 10:11:00,1374.00,1374.30,1373.40,1374.10,420
2026-09-09 10:12:00,1373.70,1374.10,1373.70,1374.10,397
2026-09-09 10:13:00,1374.10,1374.10,1373.80,1374.00,976
2026-09-09 10:14:00,1374.00,1374.10,1373.80,1374.00,1035
2026-09-09 10:15:00,1374.00,1374.10,1373.70,1374.10,619
2026-09-09 10:16:00,1374.10,1377.70,1374.00,1376.40,7271
2026-09-09 10:17:00,1376.40,1377.10,1375.80,1375.90,1985
2026-09-09 10:18:00,1376.60,1376.60,1375.80,1375.90,547
2026-09-09 10:19:00,1376.30,1376.30,1375.80,1375.80,454
2026-09-09 10:20:00,1376.20,1376.20,1375.70,1375.80,776
2026-09-09 10:21:00,1375.90,1376.80,1375.80,1376.30,2893
2026-09-09 10:22:00,1376.40,1376.90,1375.00,1375.00,1996
2026-09-09 10:23:00,1375.60,1375.60,1374.90,1375.00,468
2026-09-09 10:24:00,1375.00,1375.80,1374.90,1375.60,1590
2026-09-09 10:25:00,1375.70,1376.20,1375.10,1375.90,754
2026-09-09 10:26:00,1376.80,1376.80,1375.90,1376.50,532
2026-09-09 10:27:00,1376.10,1376.50,1376.10,1376.40,877
2026-09-09 10:28:00,1376.30,1377.00,1376.30,1377.00,2913
2026-09-09 10:29:00,1377.00,1377.70,1375.80,1376.00,2915
2026-09-09 10:30:00,1376.00,1376.60,1376.00,1376.10,673
2026-09-09 10:31:00,1376.10,1376.70,1376.10,1376.20,576
2026-09-09 10:32:00,1376.10,1376.60,1375.60,1376.20,714
2026-09-09 10:33:00,1376.20,1376.70,1376.10,1376.60,485
2026-09-09 10:34:00,1376.20,1376.70,1376.00,1376.00,1266
2026-09-09 10:35:00,1376.00,1376.40,1375.90,1376.00,538
2026-09-09 10:36:00,1375.80,1376.10,1375.80,1376.10,564
2026-09-09 10:37:00,1376.20,1376.20,1375.20,1375.90,520
2026-09-09 10:38:00,1375.60,1376.00,1375.30,1375.40,1053
2026-09-09 10:39:00,1375.00,1375.40,1374.80,1375.00,485
2026-09-09 10:40:00,1375.00,1375.00,1374.10,1374.40,794
2026-09-09 10:41:00,1374.40,1374.40,1373.50,1374.00,588
2026-09-09 10:42:00,1374.10,1374.10,1373.50,1373.60,1074
2026-09-09 10:43:00,1373.60,1373.60,1373.00,1373.20,1218
2026-09-09 10:44:00,1373.10,1374.60,1372.40,1374.20,3733
2026-09-09 10:45:00,1374.20,1374.30,1374.00,1374.10,68
2026-09-09 10:46:00,1374.10,1374.10,1373.80,1373.90,607
2026-09-09 10:47:00,1373.60,1374.30,1373.60,1374.10,1294
2026-09-09 10:48:00,1374.20,1374.50,1374.00,1374.30,1051
2026-09-09 10:49:00,1374.50,1374.60,1374.40,1374.50,248
2026-09-09 10:50:00,1374.60,1375.00,1374.60,1375.00,464
2026-09-09 10:51:00,1375.00,1375.00,1374.70,1375.00,95
2026-09-09 10:52:00,1375.00,1375.00,1374.70,1374.80,156
2026-09-09 10:53:00,1374.80,1375.00,1374.70,1375.00,60
2026-09-09 10:54:00,1374.80,1375.00,1374.80,1375.00,94
2026-09-09 10:55:00,1375.00,1375.00,1374.90,1375.00,352
2026-09-09 10:56:00,1375.00,1375.00,1374.90,1375.00,345
2026-09-09 10:57:00,1375.00,1375.40,1374.90,1375.00,3418
2026-09-09 10:58:00,1375.00,1375.60,1375.00,1375.00,613
2026-09-09 10:59:00,1375.10,1375.60,1375.00,1375.10,620
2026-09-09 11:00:00,1375.10,1375.50,1375.00,1375.00,545
2026-09-09 11:01:00,1375.50,1375.50,1374.60,1374.70,2705
2026-09-09 11:02:00,1374.70,1375.00,1374.50,1374.50,2043
2026-09-09 11:03:00,1375.00,1375.00,1374.10,1374.70,220
2026-09-09 11:04:00,1374.20,1374.80,1374.20,1374.20,210
2026-09-09 11:05:00,1374.80,1374.80,1373.00,1373.90,2291
2026-09-09 11:06:00,1373.90,1373.90,1373.30,1373.30,198
2026-09-09 11:07:00,1373.80,1374.10,1373.50,1374.10,619
2026-09-09 11:08:00,1374.20,1374.20,1373.30,1373.90,782
2026-09-09 11:09:00,1374.10,1374.30,1373.80,1374.00,514
2026-09-09 11:10:00,1374.00,1374.00,1372.10,1373.40,2384
2026-09-09 11:11:00,1373.40,1373.40,1372.40,1372.60,377
2026-09-09 11:12:00,1373.00,1373.00,1372.50,1372.90,1069
2026-09-09 11:13:00,1373.00,1373.30,1372.50,1372.80,1657
2026-09-09 11:14:00,1373.20,1373.20,1371.60,1372.00,3750
2026-09-09 11:15:00,1372.00,1373.60,1371.90,1373.50,4381
2026-09-09 11:16:00,1373.60,1373.60,1372.80,1372.80,609
2026-09-09 11:17:00,1373.30,1373.30,1372.00,1372.50,145
2026-09-09 11:18:00,1372.00,1373.00,1372.00,1372.60,331
2026-09-09 11:19:00,1373.00,1373.00,1372.80,1372.90,107
2026-09-09 11:20:00,1373.00,1373.60,1372.80,1373.20,165
2026-09-09 11:21:00,1373.60,1373.60,1373.20,1373.60,920
2026-09-09 11:22:00,1373.60,1373.70,1373.40,1373.60,483
2026-09-09 11:23:00,1373.60,1373.60,1372.80,1372.80,2195
2026-09-09 11:24:00,1372.80,1373.20,1372.80,1373.20,122
2026-09-09 11:25:00,1373.20,1373.50,1372.90,1372.90,1105
2026-09-09 11:26:00,1373.10,1373.20,1372.90,1373.10,199
2026-09-09 11:27:00,1373.10,1373.10,1373.00,1373.00,185
2026-09-09 11:28:00,1373.10,1373.10,1373.00,1373.00,40
2026-09-09 11:29:00,1373.00,1373.60,1373.00,1373.60,2125
2026-09-09 11:30:00,1373.60,1373.60,1373.10,1373.60,45
2026-09-09 11:31:00,1373.60,1373.60,1373.10,1373.60,113
2026-09-09 11:32:00,1373.60,1373.60,1373.60,1373.60,169
2026-09-09 11:33:00,1373.60,1373.60,1373.50,1373.60,559
2026-09-09 11:34:00,1373.60,1373.60,1373.50,1373.60,277
2026-09-09 11:35:00,1373.60,1373.60,1373.50,1373.50,1786
2026-09-09 11:36:00,1373.50,1373.50,1373.40,1373.50,574
2026-09-09 11:37:00,1373.50,1373.50,1373.40,1373.50,217
2026-09-09 11:38:00,1373.50,1373.50,1373.40,1373.50,267
2026-09-09 11:39:00,1373.50,1373.50,1373.40,1373.50,225
2026-09-09 11:40:00,1373.50,1373.50,1373.40,1373.50,63
2026-09-09 11:41:00,1373.50,1373.60,1373.40,1373.60,1683
2026-09-09 11:42:00,1373.60,1373.60,1373.50,1373.60,1213
2026-09-09 11:43:00,1373.60,1373.60,1373.30,1373.40,3668
2026-09-09 11:44:00,1373.40,1373.40,1373.20,1373.40,1754
2026-09-09 11:45:00,1373.40,1373.50,1373.10,1373.10,314
2026-09-09 11:46:00,1373.50,1373.50,1373.40,1373.40,23
2026-09-09 11:47:00,1373.40,1373.60,1373.10,1373.60,86
2026-09-09 11:48:00,1373.40,1373.60,1372.10,1373.00,3967
2026-09-09 11:49:00,1373.00,1373.00,1372.50,1372.80,149
2026-09-09 11:50:00,1372.80,1372.80,1371.80,1372.30,856
2026-09-09 11:51:00,1372.20,1372.20,1371.80,1371.80,40
2026-09-09 11:52:00,1372.00,1372.00,1371.30,1371.60,1074
2026-09-09 11:53:00,1371.30,1371.60,1371.00,1371.10,931
2026-09-09 11:54:00,1371.00,1372.00,1371.00,1371.80,3194
2026-09-09 11:55:00,1372.30,1372.50,1372.10,1372.30,1512
2026-09-09 11:56:00,1372.50,1372.50,1370.80,1371.20,5087
2026-09-09 11:57:00,1371.00,1371.60,1370.20,1371.50,2041
2026-09-09 11:58:00,1371.50,1371.80,1370.80,1371.00,637
2026-09-09 11:59:00,1371.00,1371.20,1370.10,1370.10,1766
2026-09-09 12:00:00,1370.00,1371.00,1368.90,1370.00,5496
2026-09-09 12:01:00,1370.00,1370.00,1369.20,1370.00,2273
2026-09-09 12:02:00,1370.00,1371.20,1369.80,1370.90,1500
2026-09-09 12:03:00,1370.90,1370.90,1370.00,1370.00,968
2026-09-09 12:04:00,1370.00,1371.10,1369.80,1370.80,2338
2026-09-09 12:05:00,1370.80,1370.80,1369.60,1370.10,1009
2026-09-09 12:06:00,1370.10,1370.30,1369.00,1369.80,1543
2026-09-09 12:07:00,1369.70,1370.00,1369.60,1369.90,1404
2026-09-09 12:08:00,1370.00,1370.00,1369.90,1370.00,690
2026-09-09 12:09:00,1370.00,1370.00,1369.40,1370.00,1183
2026-09-09 12:10:00,1370.00,1370.00,1369.00,1369.60,1211
2026-09-09 12:11:00,1369.60,1369.60,1369.50,1369.50,609
2026-09-09 12:12:00,1369.60,1370.00,1369.50,1370.00,4073
2026-09-09 12:13:00,1370.00,1370.00,1369.90,1369.90,1380
2026-09-09 12:14:00,1369.90,1370.00,1369.90,1370.00,1008
2026-09-09 12:15:00,1370.00,1370.00,1369.90,1370.00,383
2026-09-09 12:16:00,1370.00,1370.00,1369.90,1370.00,311
2026-09-09 12:17:00,1370.00,1371.90,1370.00,1371.50,5262
2026-09-09 12:18:00,1371.50,1371.60,1371.40,1371.40,331
2026-09-09 12:19:00,1371.60,1371.60,1370.60,1370.60,1467
2026-09-09 12:20:00,1370.60,1371.20,1370.60,1371.10,606
2026-09-09 12:21:00,1370.80,1371.20,1370.30,1370.30,447
2026-09-09 12:22:00,1370.90,1371.80,1370.40,1370.50,2140
2026-09-09 12:23:00,1371.00,1371.00,1370.70,1371.00,711
2026-09-09 12:24:00,1370.90,1371.00,1370.90,1370.90,827
2026-09-09 12:25:00,1371.00,1371.10,1370.90,1371.10,2233
2026-09-09 12:26:00,1371.10,1371.90,1371.10,1371.40,1514
2026-09-09 12:27:00,1371.60,1371.80,1371.40,1371.60,433
2026-09-09 12:28:00,1371.70,1372.00,1371.40,1371.90,1100
2026-09-09 12:29:00,1371.80,1372.50,1371.80,1372.20,584
2026-09-09 12:30:00,1372.40,1372.50,1372.00,1372.10,730
2026-09-09 12:31:00,1372.40,1372.80,1372.10,1372.30,712
2026-09-09 12:32:00,1372.50,1372.90,1372.50,1372.80,1006
2026-09-09 12:33:00,1372.70,1373.00,1372.70,1372.90,761
2026-09-09 12:34:00,1372.90,1373.00,1372.90,1372.90,707
2026-09-09 12:35:00,1373.00,1373.30,1372.90,1373.00,7066
2026-09-09 12:36:00,1372.90,1373.00,1372.90,1372.90,1961
2026-09-09 12:37:00,1372.90,1373.00,1371.60,1371.60,2990
2026-09-09 12:38:00,1372.00,1372.00,1371.60,1371.70,728
2026-09-09 12:39:00,1371.70,1372.10,1371.60,1372.10,946
2026-09-09 12:40:00,1372.30,1372.80,1372.10,1372.40,1128
2026-09-09 12:41:00,1372.40,1372.40,1371.60,1372.20,3200
2026-09-09 12:42:00,1372.40,1373.00,1372.20,1372.70,548
2026-09-09 12:43:00,1372.70,1372.90,1372.30,1372.40,831
2026-09-09 12:44:00,1372.80,1372.80,1372.30,1372.60,708
2026-09-09 12:45:00,1372.60,1372.80,1372.60,1372.70,670
2026-09-09 12:46:00,1372.70,1372.90,1372.00,1372.10,1512
2026-09-09 12:47:00,1372.10,1372.60,1371.70,1371.70,487
2026-09-09 12:48:00,1372.30,1372.50,1371.70,1372.00,743
2026-09-09 12:49:00,1372.20,1372.20,1372.10,1372.20,681
2026-09-09 12:50:00,1372.10,1372.20,1372.10,1372.20,714
2026-09-09 12:51:00,1372.10,1372.60,1372.10,1372.60,2289
2026-09-09 12:52:00,1372.50,1372.60,1371.60,1372.10,1661
2026-09-09 12:53:00,1372.10,1372.20,1371.50,1371.90,569
2026-09-09 12:54:00,1372.10,1372.60,1372.00,1372.30,877
2026-09-09 12:55:00,1372.50,1372.60,1371.60,1371.60,1028
2026-09-09 12:56:00,1372.10,1372.60,1371.70,1372.60,914
2026-09-09 12:57:00,1372.50,1373.00,1372.30,1373.00,953
2026-09-09 12:58:00,1372.90,1373.00,1372.90,1372.90,785
2026-09-09 12:59:00,1372.90,1373.40,1372.90,1373.10,5244
2026-09-09 13:00:00,1373.40,1373.40,1372.70,1372.90,2048
2026-09-09 13:01:00,1373.00,1373.00,1372.50,1372.90,507
2026-09-09 13:02:00,1372.80,1373.00,1372.40,1372.40,1276
2026-09-09 13:03:00,1372.40,1372.70,1371.60,1371.60,929
2026-09-09 13:04:00,1371.80,1372.40,1371.50,1372.30,3089
2026-09-09 13:05:00,1372.40,1372.70,1372.10,1372.70,2223
2026-09-09 13:06:00,1372.70,1372.80,1371.90,1372.10,348
2026-09-09 13:07:00,1372.20,1372.30,1371.60,1371.70,465
2026-09-09 13:08:00,1371.80,1372.30,1371.80,1372.30,377
2026-09-09 13:09:00,1372.20,1372.30,1372.00,1372.20,505
2026-09-09 13:10:00,1372.30,1372.50,1372.20,1372.40,739
2026-09-09 13:11:00,1372.50,1372.60,1372.30,1372.30,1000
2026-09-09 13:12:00,1372.40,1372.40,1371.70,1372.20,854
2026-09-09 13:13:00,1372.40,1372.50,1371.70,1372.10,747
2026-09-09 13:14:00,1372.10,1372.30,1371.90,1372.20,342
2026-09-09 13:15:00,1372.30,1372.40,1371.80,1372.00,1230
2026-09-09 13:16:00,1372.00,1372.40,1371.50,1372.00,473
2026-09-09 13:17:00,1372.10,1372.40,1372.10,1372.20,638
2026-09-09 13:18:00,1372.30,1372.60,1371.90,1372.20,839
2026-09-09 13:19:00,1372.20,1372.20,1371.80,1372.10,595
2026-09-09 13:20:00,1372.10,1372.20,1371.50,1371.90,709
2026-09-09 13:21:00,1372.00,1372.00,1371.50,1371.80,727
2026-09-09 13:22:00,1372.00,1372.00,1371.40,1371.50,791
2026-09-09 13:23:00,1371.70,1371.70,1371.40,1371.50,527
2026-09-09 13:24:00,1371.60,1371.80,1370.20,1370.60,778
2026-09-09 13:25:00,1370.70,1371.50,1370.60,1371.50,929
2026-09-09 13:26:00,1371.50,1371.60,1371.10,1371.20,805
2026-09-09 13:27:00,1371.20,1371.50,1371.00,1371.00,576
2026-09-09 13:28:00,1371.30,1371.30,1371.00,1371.00,820
2026-09-09 13:29:00,1371.00,1371.10,1370.80,1370.80,598
2026-09-09 13:30:00,1370.80,1370.90,1370.80,1370.80,520
2026-09-09 13:31:00,1370.90,1370.90,1370.80,1370.90,732
2026-09-09 13:32:00,1370.80,1370.90,1370.80,1370.90,736
2026-09-09 13:33:00,1370.90,1370.90,1370.60,1370.60,866
2026-09-09 13:34:00,1370.90,1370.90,1370.80,1370.80,493
2026-09-09 13:35:00,1370.80,1370.90,1370.20,1370.50,1639
2026-09-09 13:36:00,1370.40,1371.70,1370.40,1371.70,1895
2026-09-09 13:37:00,1371.70,1372.00,1371.40,1371.40,942
2026-09-09 13:38:00,1371.40,1371.60,1370.90,1371.00,779
2026-09-09 13:39:00,1371.10,1371.10,1371.00,1371.10,613
2026-09-09 13:40:00,1371.10,1371.10,1371.00,1371.00,525
2026-09-09 13:41:00,1371.00,1371.10,1371.00,1371.00,499
2026-09-09 13:42:00,1371.00,1371.10,1371.00,1371.10,555
2026-09-09 13:43:00,1371.10,1371.10,1371.00,1371.10,712
2026-09-09 13:44:00,1371.10,1371.10,1371.00,1371.00,549
2026-09-09 13:45:00,1371.10,1371.10,1371.00,1371.00,609
2026-09-09 13:46:00,1371.10,1371.10,1370.80,1370.80,2244
2026-09-09 13:47:00,1370.80,1371.60,1370.80,1371.30,1672
2026-09-09 13:48:00,1371.60,1371.80,1370.80,1371.30,1581
2026-09-09 13:49:00,1371.30,1371.30,1370.70,1370.90,401
2026-09-09 13:50:00,1371.20,1371.30,1371.00,1371.20,386
2026-09-09 13:51:00,1371.20,1371.60,1371.20,1371.40,436
2026-09-09 13:52:00,1371.60,1371.60,1371.20,1371.20,1293
2026-09-09 13:53:00,1371.30,1371.30,1370.50,1370.50,511
2026-09-09 13:54:00,1370.60,1370.60,1370.50,1370.50,1658
2026-09-09 13:55:00,1370.50,1370.60,1370.50,1370.50,691
2026-09-09 13:56:00,1370.60,1370.60,1370.50,1370.60,601
2026-09-09 13:57:00,1370.50,1370.60,1370.50,1370.60,512
2026-09-09 13:58:00,1370.50,1371.40,1370.50,1371.30,2853
2026-09-09 13:59:00,1371.40,1372.20,1371.40,1371.70,799
2026-09-09 14:00:00,1372.10,1372.30,1371.50,1371.50,1607
2026-09-09 14:01:00,1371.70,1371.80,1371.10,1371.50,603
2026-09-09 14:02:00,1371.50,1372.30,1371.50,1372.20,554
2026-09-09 14:03:00,1372.30,1372.60,1371.50,1372.00,2211
2026-09-09 14:04:00,1372.00,1372.40,1371.40,1371.40,934
2026-09-09 14:05:00,1371.80,1371.80,1371.30,1371.40,794
2026-09-09 14:06:00,1371.30,1372.70,1371.30,1372.40,3918
2026-09-09 14:07:00,1372.30,1373.00,1372.20,1372.60,4076
2026-09-09 14:08:00,1372.80,1373.00,1372.00,1372.80,1958
2026-09-09 14:09:00,1372.90,1372.90,1372.30,1372.60,887
2026-09-09 14:10:00,1372.60,1372.80,1372.30,1372.40,833
2026-09-09 14:11:00,1372.40,1372.50,1372.20,1372.30,4246
2026-09-09 14:12:00,1372.30,1372.30,1372.20,1372.30,674
2026-09-09 14:13:00,1372.20,1372.30,1372.20,1372.20,655
2026-09-09 14:14:00,1372.20,1372.30,1372.20,1372.30,803
2026-09-09 14:15:00,1372.30,1372.30,1372.20,1372.30,1003
2026-09-09 14:16:00,1372.20,1372.30,1372.20,1372.30,655
2026-09-09 14:17:00,1372.20,1372.30,1372.20,1372.20,1038
2026-09-09 14:18:00,1372.30,1372.30,1372.20,1372.30,593
2026-09-09 14:19:00,1372.30,1372.30,1372.20,1372.30,500
2026-09-09 14:20:00,1372.30,1373.00,1372.20,1372.90,576
2026-09-09 14:21:00,1373.00,1373.00,1371.90,1372.00,7588
2026-09-09 14:22:00,1372.00,1372.00,1371.70,1371.80,5173
2026-09-09 14:23:00,1372.00,1372.90,1371.90,1372.50,2428
2026-09-09 14:24:00,1372.50,1373.00,1372.20,1372.50,2028
2026-09-09 14:25:00,1372.50,1373.00,1372.40,1372.70,3030
2026-09-09 14:26:00,1373.00,1373.00,1372.00,1372.00,2692
2026-09-09 14:27:00,1372.00,1372.80,1371.10,1372.50,8766
2026-09-09 14:28:00,1372.50,1372.50,1372.00,1372.40,770
2026-09-09 14:29:00,1372.10,1372.20,1371.50,1372.00,1307
2026-09-09 14:30:00,1372.00,1372.00,1371.40,1371.60,1534
2026-09-09 14:31:00,1371.00,1371.00,1370.40,1370.50,9217
2026-09-09 14:32:00,1370.50,1371.50,1370.20,1371.40,8449
2026-09-09 14:33:00,1371.00,1371.20,1370.60,1371.00,535
2026-09-09 14:34:00,1371.00,1371.00,1370.50,1370.50,1117
2026-09-09 14:35:00,1370.50,1370.50,1369.50,1369.90,5828
2026-09-09 14:36:00,1369.90,1369.90,1369.50,1369.60,322
2026-09-09 14:37:00,1369.60,1369.60,1369.20,1369.40,1221
2026-09-09 14:38:00,1369.40,1369.40,1369.30,1369.30,549
2026-09-09 14:39:00,1369.30,1369.30,1369.20,1369.30,592
2026-09-09 14:40:00,1369.30,1369.30,1369.20,1369.30,1252
2026-09-09 14:41:00,1369.40,1369.90,1369.30,1369.80,2009
2026-09-09 14:42:00,1369.90,1370.00,1369.80,1369.80,512
2026-09-09 14:43:00,1369.90,1370.00,1369.60,1369.80,3826
2026-09-09 14:44:00,1369.80,1371.40,1369.70,1370.70,28467
2026-09-09 14:45:00,1370.80,1372.80,1370.70,1371.70,12149
2026-09-09 14:46:00,1372.00,1373.90,1371.70,1372.50,15236
2026-09-09 14:47:00,1372.40,1373.40,1371.60,1373.00,7666
2026-09-09 14:48:00,1373.40,1373.50,1372.60,1372.80,1433
2026-09-09 14:49:00,1373.00,1373.50,1371.70,1372.00,4189
2026-09-09 14:50:00,1371.70,1373.00,1371.70,1372.40,10452
2026-09-09 14:51:00,1373.00,1373.00,1372.20,1372.20,3438
2026-09-09 14:52:00,1372.80,1372.80,1372.20,1372.20,3082
2026-09-09 14:53:00,1372.10,1372.90,1371.80,1372.40,8118
2026-09-09 14:54:00,1372.40,1373.40,1372.40,1372.70,7346
2026-09-09 14:55:00,1372.70,1373.30,1372.50,1372.80,2176
2026-09-09 14:56:00,1372.80,1373.20,1372.50,1372.70,2036
2026-09-09 14:57:00,1372.60,1373.20,1372.30,1372.50,11670
2026-09-09 14:58:00,1372.50,1372.50,1371.70,1372.00,3090
2026-09-09 14:59:00,1372.00,1372.10,1370.80,1370.90,8574
2026-09-09 15:00:00,1371.00,1371.40,1370.90,1371.30,817
2026-09-09 15:01:00,1371.40,1371.60,1370.40,1370.80,4460
2026-09-09 15:02:00,1370.80,1370.90,1370.80,1370.90,556
2026-09-09 15:03:00,1370.90,1371.10,1370.30,1370.60,5773
2026-09-09 15:04:00,1370.60,1371.70,1370.40,1371.60,2337
2026-09-09 15:05:00,1371.20,1372.00,1370.40,1371.90,5240
2026-09-09 15:06:00,1371.60,1371.60,1370.50,1370.90,2087
2026-09-09 15:07:00,1370.90,1370.90,1370.70,1370.70,3002
2026-09-09 15:08:00,1370.70,1370.70,1370.50,1370.60,2255
2026-09-09 15:09:00,1370.60,1370.60,1370.00,1370.30,4368
2026-09-09 15:10:00,1370.20,1370.20,1369.00,1369.70,7000
2026-09-09 15:11:00,1369.70,1370.80,1369.20,1370.00,8980
2026-09-09 15:12:00,1370.00,1370.00,1368.00,1369.70,14724
2026-09-09 15:13:00,1369.90,1371.60,1369.70,1371.40,9498
2026-09-09 15:14:00,1371.40,1371.40,1368.30,1370.20,6943
2026-09-09 15:15:00,1370.20,1370.20,1370.20,1370.20,5
2026-09-09 15:16:00,1370.20,1370.20,1370.20,1370.20,0
2026-09-09 15:17:00,1370.20,1370.20,1370.20,1370.20,0
2026-09-09 15:18:00,1370.20,1370.20,1370.20,1370.20,0
2026-09-09 15:19:00,1370.20,1370.20,1370.20,1370.20,0
2026-09-09 15:20:00,1370.20,1370.20,1370.20,1370.20,0
2026-09-09 15:21:00,1370.20,1370.20,1370.20,1370.20,0
2026-09-09 15:22:00,1370.20,1370.20,1370.20,1370.20,0
2026-09-09 15:23:00,1370.20,1370.20,1370.20,1370.20,0
2026-09-09 15:24:00,1370.20,1370.20,1370.20,1370.20,0
2026-09-09 15:25:00,1370.20,1370.20,1370.20,1370.20,0
2026-09-09 15:26:00,1370.20,1370.20,1370.20,1370.20,0
2026-09-09 15:27:00,1370.20,1370.20,1370.20,1370.20,0
2026-09-09 15:28:00,1370.20,1370.20,1363.10,1363.10,83107
2026-09-09 15:29:00,1363.10,1363.10,1363.10,1363.10,0
2026-09-10 09:15:00,1366.80,1373.70,1365.00,1372.70,5594
2026-09-10 09:16:00,1372.30,1372.30,1369.60,1371.10,1985
2026-09-10 09:17:00,1371.10,1372.70,1370.10,1371.70,2760
2026-09-10 09:18:00,1370.60,1371.00,1368.00,1370.20,2707
2026-09-10 09:19:00,1370.70,1370.80,1370.00,1370.00,601
2026-09-10 09:20:00,1370.00,1370.00,1369.50,1369.70,818
2026-09-10 09:21:00,1369.50,1371.60,1369.50,1371.30,1202
2026-09-10 09:22:00,1371.40,1371.40,1369.00,1369.90,1531
2026-09-10 09:23:00,1369.10,1369.10,1367.60,1368.20,3562
2026-09-10 09:24:00,1368.20,1368.30,1367.60,1368.10,486
2026-09-10 09:25:00,1368.10,1370.20,1368.10,1369.60,1702
2026-09-10 09:26:00,1369.60,1371.00,1369.60,1370.10,842
2026-09-10 09:27:00,1370.70,1371.10,1370.30,1370.80,1373
2026-09-10 09:28:00,1370.80,1372.10,1370.00,1370.00,3639
2026-09-10 09:29:00,1370.00,1370.80,1370.00,1370.70,601
2026-09-10 09:30:00,1370.40,1370.60,1369.20,1369.20,1446
2026-09-10 09:31:00,1369.20,1369.50,1368.80,1369.30,276
2026-09-10 09:32:00,1369.00,1369.30,1368.20,1368.40,936
2026-09-10 09:33:00,1368.40,1370.00,1368.40,1370.00,520
2026-09-10 09:34:00,1370.20,1370.20,1370.00,1370.00,222
2026-09-10 09:35:00,1370.00,1371.40,1370.00,1371.40,1017
2026-09-10 09:36:00,1371.40,1371.40,1370.70,1371.10,1196
2026-09-10 09:37:00,1371.10,1371.90,1370.80,1371.80,787
2026-09-10 09:38:00,1371.80,1371.80,1371.20,1371.20,185
2026-09-10 09:39:00,1371.20,1371.40,1370.80,1370.80,588
2026-09-10 09:40:00,1370.80,1371.20,1370.70,1371.20,960
2026-09-10 09:41:00,1371.20,1373.50,1370.10,1373.00,11087
2026-09-10 09:42:00,1373.10,1374.40,1372.60,1374.20,4861
2026-09-10 09:43:00,1374.20,1375.00,1373.50,1374.60,4884
2026-09-10 09:44:00,1374.90,1375.40,1374.00,1374.60,3609
2026-09-10 09:45:00,1375.40,1377.10,1375.00,1376.90,6539
2026-09-10 09:46:00,1376.70,1376.70,1375.60,1376.00,2279
2026-09-10 09:47:00,1376.00,1376.00,1373.80,1375.00,4594
2026-09-10 09:48:00,1375.00,1376.00,1375.00,1376.00,1682
2026-09-10 09:49:00,1376.00,1376.30,1375.50,1376.30,1154
2026-09-10 09:50:00,1376.00,1376.90,1376.00,1376.80,1303
2026-09-10 09:51:00,1376.90,1378.20,1376.00,1377.40,3433
2026-09-10 09:52:00,1377.30,1377.30,1376.60,1377.00,1246
2026-09-10 09:53:00,1377.00,1377.00,1376.00,1376.20,1277
2026-09-10 09:54:00,1376.30,1376.70,1375.20,1375.80,1397
2026-09-10 09:55:00,1376.50,1376.60,1375.10,1375.10,2906
2026-09-10 09:56:00,1375.10,1375.90,1374.40,1375.90,1705
2026-09-10 09:57:00,1376.30,1376.40,1375.50,1375.50,2921
2026-09-10 09:58:00,1375.70,1375.70,1375.00,1375.00,373
2026-09-10 09:59:00,1375.50,1375.50,1375.00,1375.40,295
2026-09-10 10:00:00,1375.40,1375.80,1374.60,1375.60,2968
2026-09-10 10:01:00,1375.50,1375.50,1374.20,1374.20,484
2026-09-10 10:02:00,1374.70,1375.70,1374.00,1374.00,6658
2026-09-10 10:03:00,1374.10,1375.20,1374.00,1374.80,4023
2026-09-10 10:04:00,1374.80,1374.80,1373.20,1373.80,619
2026-09-10 10:05:00,1373.90,1373.90,1373.60,1373.60,170
2026-09-10 10:06:00,1373.90,1374.10,1373.60,1373.90,434
2026-09-10 10:07:00,1373.70,1374.30,1373.40,1373.50,1074
2026-09-10 10:08:00,1374.00,1374.00,1373.30,1373.70,573
2026-09-10 10:09:00,1373.70,1373.70,1373.30,1373.70,148
2026-09-10 10:10:00,1373.60,1375.40,1373.60,1375.00,1933
2026-09-10 10:11:00,1374.80,1376.60,1374.50,1376.60,4176
2026-09-10 10:12:00,1376.60,1376.70,1376.50,1376.50,821
2026-09-10 10:13:00,1376.50,1376.80,1375.30,1376.40,1587
2026-09-10 10:14:00,1376.30,1376.50,1375.30,1375.70,366
2026-09-10 10:15:00,1375.70,1375.80,1375.40,1375.70,158
2026-09-10 10:16:00,1375.70,1375.70,1375.60,1375.70,148
2026-09-10 10:17:00,1375.70,1377.70,1375.60,1377.70,3645
2026-09-10 10:18:00,1377.70,1378.30,1377.40,1377.50,1545
2026-09-10 10:19:00,1378.00,1378.00,1377.30,1377.30,1073
2026-09-10 10:20:00,1377.50,1377.90,1377.20,1377.20,1131
2026-09-10 10:21:00,1377.60,1377.90,1377.10,1377.40,856
2026-09-10 10:22:00,1377.80,1378.50,1377.50,1378.40,1652
2026-09-10 10:23:00,1378.10,1378.90,1377.70,1378.50,3744
2026-09-10 10:24:00,1378.90,1379.10,1378.40,1379.00,3658
2026-09-10 10:25:00,1379.00,1379.00,1374.90,1376.20,5504
2026-09-10 10:26:00,1376.50,1377.20,1376.10,1377.20,287
2026-09-10 10:27:00,1377.10,1377.20,1376.70,1377.20,495
2026-09-10 10:28:00,1377.20,1377.50,1376.70,1377.50,872
2026-09-10 10:29:00,1377.80,1378.00,1377.40,1377.40,1145
2026-09-10 10:30:00,1377.80,1377.80,1376.00,1376.60,2268
2026-09-10 10:31:00,1376.50,1376.50,1376.40,1376.50,271
2026-09-10 10:32:00,1376.60,1376.60,1375.70,1376.40,1130
2026-09-10 10:33:00,1376.40,1376.40,1376.00,1376.00,247
2026-09-10 10:34:00,1376.30,1376.60,1376.00,1376.60,534
2026-09-10 10:35:00,1376.60,1377.10,1376.30,1377.10,278
2026-09-10 10:36:00,1377.10,1378.00,1376.80,1378.00,4796
2026-09-10 10:37:00,1378.30,1379.00,1378.00,1379.00,3142
2026-09-10 10:38:00,1379.00,1379.30,1378.40,1378.80,1466
2026-09-10 10:39:00,1378.80,1380.00,1378.80,1379.40,1784
2026-09-10 10:40:00,1379.70,1379.70,1379.00,1379.20,809
2026-09-10 10:41:00,1379.70,1379.80,1379.20,1379.60,621
2026-09-10 10:42:00,1379.60,1379.60,1379.00,1379.00,914
2026-09-10 10:43:00,1379.00,1379.10,1378.70,1378.90,1487
2026-09-10 10:44:00,1379.00,1379.30,1378.90,1379.30,716
2026-09-10 10:45:00,1379.70,1379.70,1379.30,1379.30,1018
2026-09-10 10:46:00,1379.70,1379.70,1379.00,1379.60,1243
2026-09-10 10:47:00,1379.60,1379.60,1378.90,1379.50,351
2026-09-10 10:48:00,1379.50,1379.50,1376.00,1377.40,3927
2026-09-10 10:49:00,1375.40,1377.30,1375.40,1376.00,25256
2026-09-10 10:50:00,1376.90,1376.90,1375.50,1375.60,7101
2026-09-10 10:51:00,1376.00,1376.10,1375.20,1376.10,4593
2026-09-10 10:52:00,1376.30,1376.40,1375.70,1376.20,12637
2026-09-10 10:53:00,1376.40,1376.50,1375.50,1375.50,13114
2026-09-10 10:54:00,1376.00,1376.00,1372.30,1373.50,13697
2026-09-10 10:55:00,1373.20,1374.20,1372.10,1374.00,13783
2026-09-10 10:56:00,1374.20,1374.50,1373.30,1373.30,1321
2026-09-10 10:57:00,1373.80,1374.30,1373.10,1374.00,1857
2026-09-10 10:58:00,1374.60,1374.60,1373.80,1374.00,3699
2026-09-10 10:59:00,1374.30,1374.30,1373.50,1373.50,275
2026-09-10 11:00:00,1374.00,1374.40,1373.60,1374.40,5625
2026-09-10 11:01:00,1374.30,1374.30,1373.30,1373.30,232
2026-09-10 11:02:00,1373.90,1373.90,1372.60,1372.70,295
2026-09-10 11:03:00,1373.30,1373.30,1372.50,1373.00,405
2026-09-10 11:04:00,1372.50,1373.30,1372.50,1373.30,128
2026-09-10 11:05:00,1373.00,1373.30,1372.70,1373.20,2494
2026-09-10 11:06:00,1373.20,1373.20,1372.20,1372.30,340
2026-09-10 11:07:00,1372.80,1372.80,1372.30,1372.30,328
2026-09-10 11:08:00,1372.80,1372.80,1372.30,1372.80,137
2026-09-10 11:09:00,1372.80,1372.80,1372.50,1372.80,346
2026-09-10 11:10:00,1372.80,1372.80,1370.20,1371.00,5477
2026-09-10 11:11:00,1371.50,1372.20,1371.00,1372.20,2600
2026-09-10 11:12:00,1372.40,1372.70,1372.10,1372.10,449
2026-09-10 11:13:00,1372.00,1372.20,1371.40,1372.20,362
2026-09-10 11:14:00,1371.60,1372.50,1371.60,1372.20,233
2026-09-10 11:15:00,1372.40,1374.00,1372.20,1373.10,7325
2026-09-10 11:16:00,1373.60,1373.60,1373.00,1373.40,162
2026-09-10 11:17:00,1373.00,1373.20,1372.20,1372.30,485
2026-09-10 11:18:00,1372.80,1372.80,1372.30,1372.70,46
2026-09-10 11:19:00,1372.70,1372.80,1370.10,1371.00,3686
2026-09-10 11:20:00,1371.00,1371.10,1370.50,1371.00,4247
2026-09-10 11:21:00,1371.30,1371.40,1370.50,1371.00,6338
2026-09-10 11:22:00,1371.30,1372.80,1371.30,1372.70,1986
2026-09-10 11:23:00,1372.70,1372.80,1372.30,1372.70,140
2026-09-10 11:24:00,1372.70,1373.00,1372.30,1373.00,561
2026-09-10 11:25:00,1373.00,1373.00,1372.70,1372.70,447
2026-09-10 11:26:00,1372.70,1372.70,1372.30,1372.70,97
2026-09-10 11:27:00,1372.70,1372.70,1372.40,1372.70,251
2026-09-10 11:28:00,1372.70,1374.10,1372.70,1373.80,1226
2026-09-10 11:29:00,1373.80,1373.90,1373.00,1373.40,1168
2026-09-10 11:30:00,1373.70,1374.10,1373.50,1374.00,432
2026-09-10 11:31:00,1374.10,1374.40,1374.10,1374.30,96
2026-09-10 11:32:00,1374.30,1374.30,1373.20,1373.90,1531
2026-09-10 11:33:00,1373.50,1373.50,1371.30,1371.60,570
2026-09-10 11:34:00,1371.30,1371.90,1370.50,1370.80,6635
2026-09-10 11:35:00,1371.30,1371.30,1370.70,1370.90,383
2026-09-10 11:36:00,1370.60,1370.60,1370.10,1370.50,309
2026-09-10 11:37:00,1370.50,1371.60,1369.50,1371.60,3976
2026-09-10 11:38:00,1371.90,1371.90,1371.00,1371.00,753
2026-09-10 11:39:00,1371.00,1371.00,1370.60,1371.00,123
2026-09-10 11:40:00,1371.00,1371.00,1369.10,1370.00,3447
2026-09-10 11:41:00,1370.50,1371.00,1370.00,1370.40,2727
2026-09-10 11:42:00,1370.40,1370.70,1370.10,1370.10,93
2026-09-10 11:43:00,1370.40,1370.40,1369.00,1370.20,2624
2026-09-10 11:44:00,1370.00,1370.40,1370.00,1370.10,1784
2026-09-10 11:45:00,1370.40,1370.40,1370.10,1370.40,378
2026-09-10 11:46:00,1370.10,1370.40,1370.10,1370.40,134
2026-09-10 11:47:00,1370.10,1371.40,1370.10,1370.50,2493
2026-09-10 11:48:00,1370.90,1371.00,1370.50,1370.90,53
2026-09-10 11:49:00,1371.30,1371.30,1369.50,1369.50,8774
2026-09-10 11:50:00,1369.50,1370.20,1369.30,1369.30,7620
2026-09-10 11:51:00,1369.80,1369.80,1368.00,1368.00,5119
2026-09-10 11:52:00,1368.00,1368.00,1367.80,1367.80,364
2026-09-10 11:53:00,1368.00,1368.00,1367.20,1367.90,1538
2026-09-10 11:54:00,1367.90,1369.80,1367.30,1369.00,4208
2026-09-10 11:55:00,1369.00,1369.00,1368.00,1368.00,9586
2026-09-10 11:56:00,1368.00,1369.00,1367.60,1368.00,5951
2026-09-10 11:57:00,1368.00,1368.00,1367.40,1367.50,569
2026-09-10 11:58:00,1368.00,1368.00,1367.50,1367.90,211
2026-09-10 11:59:00,1367.90,1368.90,1367.70,1368.00,4101
2026-09-10 12:00:00,1368.00,1368.00,1367.80,1367.80,560
2026-09-10 12:01:00,1368.00,1368.00,1367.80,1368.00,2065
2026-09-10 12:02:00,1368.00,1368.50,1368.00,1368.50,6527
2026-09-10 12:03:00,1368.50,1369.10,1368.00,1369.10,2330
2026-09-10 12:04:00,1369.40,1370.00,1368.70,1369.90,1893
2026-09-10 12:05:00,1369.70,1370.00,1369.30,1370.00,1064
2026-09-10 12:06:00,1369.50,1370.10,1369.50,1370.10,293
2026-09-10 12:07:00,1370.30,1370.40,1369.80,1370.30,189
2026-09-10 12:08:00,1370.30,1370.70,1370.00,1370.00,1068
2026-09-10 12:09:00,1370.30,1370.40,1370.00,1370.40,169
2026-09-10 12:10:00,1370.40,1370.40,1370.00,1370.40,75
2026-09-10 12:11:00,1370.50,1370.50,1370.00,1370.40,178
2026-09-10 12:12:00,1370.40,1370.60,1370.00,1370.40,369
2026-09-10 12:13:00,1370.40,1370.40,1370.00,1370.00,389
2026-09-10 12:14:00,1370.30,1371.20,1370.30,1371.20,607
2026-09-10 12:15:00,1371.60,1371.60,1371.20,1371.60,322
2026-09-10 12:16:00,1371.60,1371.60,1371.20,1371.60,155
2026-09-10 12:17:00,1371.60,1371.60,1371.30,1371.30,285
2026-09-10 12:18:00,1371.60,1371.60,1371.30,1371.60,819
2026-09-10 12:19:00,1371.60,1371.60,1370.10,1370.90,1349
2026-09-10 12:20:00,1370.70,1370.90,1370.00,1370.10,660
2026-09-10 12:21:00,1370.70,1371.10,1370.70,1371.10,726
2026-09-10 12:22:00,1371.10,1371.10,1371.00,1371.10,112
2026-09-10 12:23:00,1371.10,1371.10,1371.00,1371.10,120
2026-09-10 12:24:00,1371.10,1371.10,1370.30,1371.00,1104
2026-09-10 12:25:00,1370.90,1370.90,1370.50,1370.90,92
2026-09-10 12:26:00,1371.00,1371.00,1370.50,1371.00,69
2026-09-10 12:27:00,1371.10,1371.20,1371.00,1371.00,1095
2026-09-10 12:28:00,1371.10,1371.40,1371.00,1371.40,288
2026-09-10 12:29:00,1371.60,1371.70,1371.10,1371.10,104
2026-09-10 12:30:00,1371.60,1371.60,1370.00,1370.50,30332
2026-09-10 12:31:00,1370.90,1371.00,1370.50,1370.90,114
2026-09-10 12:32:00,1370.90,1371.00,1370.50,1371.00,168
2026-09-10 12:33:00,1371.00,1371.50,1371.00,1371.30,173
2026-09-10 12:34:00,1371.50,1371.50,1370.60,1371.00,604
2026-09-10 12:35:00,1370.90,1371.00,1370.60,1371.00,90
2026-09-10 12:36:00,1371.00,1371.10,1367.70,1367.80,3111
2026-09-10 12:37:00,1368.40,1369.30,1367.70,1369.20,768
2026-09-10 12:38:00,1369.20,1369.40,1368.70,1368.70,358
2026-09-10 12:39:00,1369.20,1369.20,1368.50,1369.00,90
2026-09-10 12:40:00,1369.00,1369.20,1368.20,1368.50,1087
2026-09-10 12:41:00,1369.10,1369.10,1368.70,1368.70,72
2026-09-10 12:42:00,1369.20,1369.30,1368.70,1369.20,94
2026-09-10 12:43:00,1369.30,1369.50,1369.20,1369.30,227
2026-09-10 12:44:00,1369.40,1369.40,1369.20,1369.20,270
2026-09-10 12:45:00,1369.40,1369.90,1369.20,1369.30,1589
2026-09-10 12:46:00,1369.80,1369.80,1368.90,1369.00,1203
2026-09-10 12:47:00,1369.00,1369.40,1368.90,1368.90,171
2026-09-10 12:48:00,1369.30,1369.30,1368.40,1369.30,625
2026-09-10 12:49:00,1369.30,1369.30,1368.70,1369.30,94
2026-09-10 12:50:00,1369.30,1370.40,1369.00,1369.80,2431
2026-09-10 12:51:00,1370.40,1370.50,1369.80,1370.30,946
2026-09-10 12:52:00,1370.30,1370.40,1369.80,1370.40,559
2026-09-10 12:53:00,1370.40,1370.40,1369.80,1370.00,735
2026-09-10 12:54:00,1370.00,1370.00,1369.50,1369.50,447
2026-09-10 12:55:00,1370.00,1370.10,1369.50,1370.10,128
2026-09-10 12:56:00,1370.10,1370.20,1369.50,1370.10,106
2026-09-10 12:57:00,1370.10,1370.50,1369.50,1370.50,1470
2026-09-10 12:58:00,1370.70,1371.50,1370.60,1371.30,956
2026-09-10 12:59:00,1371.40,1371.60,1371.40,1371.60,264
2026-09-10 13:00:00,1371.60,1371.60,1371.00,1371.50,118
2026-09-10 13:01:00,1371.50,1371.50,1370.60,1370.90,547
2026-09-10 13:02:00,1371.50,1372.00,1371.50,1371.90,710
2026-09-10 13:03:00,1371.90,1372.10,1370.50,1370.60,2107
2026-09-10 13:04:00,1371.20,1372.10,1370.50,1371.00,1373
2026-09-10 13:05:00,1371.70,1371.80,1371.50,1371.50,174
2026-09-10 13:06:00,1371.80,1372.10,1371.30,1371.90,2325
2026-09-10 13:07:00,1372.00,1372.20,1371.50,1372.20,426
2026-09-10 13:08:00,1372.00,1372.80,1372.00,1372.60,612
2026-09-10 13:09:00,1372.60,1372.60,1372.10,1372.20,1479
2026-09-10 13:10:00,1372.20,1372.20,1371.50,1371.80,1046
2026-09-10 13:11:00,1371.80,1372.00,1371.10,1371.80,563
2026-09-10 13:12:00,1371.80,1371.90,1371.30,1371.30,140
2026-09-10 13:13:00,1371.90,1371.90,1371.80,1371.90,78
2026-09-10 13:14:00,1371.90,1372.30,1371.90,1372.30,829
2026-09-10 13:15:00,1372.30,1372.30,1372.10,1372.30,216
2026-09-10 13:16:00,1372.30,1373.60,1372.30,1373.40,3371
2026-09-10 13:17:00,1373.50,1374.00,1373.00,1373.40,2105
2026-09-10 13:18:00,1373.70,1374.20,1373.10,1373.90,1719
2026-09-10 13:19:00,1374.20,1374.40,1373.90,1373.90,395
2026-09-10 13:20:00,1374.20,1374.30,1373.90,1374.20,99
2026-09-10 13:21:00,1373.90,1374.30,1373.90,1374.20,152
2026-09-10 13:22:00,1374.20,1374.20,1374.00,1374.20,499
2026-09-10 13:23:00,1374.20,1374.20,1373.50,1373.60,953
2026-09-10 13:24:00,1374.10,1374.20,1373.60,1374.10,299
2026-09-10 13:25:00,1374.10,1374.30,1374.00,1374.30,856
2026-09-10 13:26:00,1374.30,1374.40,1373.60,1374.00,1591
2026-09-10 13:27:00,1373.60,1374.10,1372.80,1373.80,1984
2026-09-10 13:28:00,1373.90,1373.90,1373.10,1373.70,387
2026-09-10 13:29:00,1373.70,1374.00,1372.90,1373.80,2310
2026-09-10 13:30:00,1373.70,1373.70,1372.70,1373.30,170
2026-09-10 13:31:00,1372.80,1373.40,1372.20,1372.80,254
2026-09-10 13:32:00,1372.70,1372.70,1371.90,1372.20,403
2026-09-10 13:33:00,1371.50,1371.60,1370.00,1370.60,2085
2026-09-10 13:34:00,1370.50,1371.20,1369.30,1370.50,16835
2026-09-10 13:35:00,1371.20,1371.30,1370.40,1370.60,12130
2026-09-10 13:36:00,1371.10,1371.10,1370.40,1370.70,1804
2026-09-10 13:37:00,1370.90,1372.10,1370.40,1372.10,6812
2026-09-10 13:38:00,1372.20,1372.70,1371.80,1372.30,5035
2026-09-10 13:39:00,1372.30,1372.30,1371.50,1371.90,568
2026-09-10 13:40:00,1371.90,1372.00,1371.40,1372.00,597
2026-09-10 13:41:00,1372.00,1372.00,1371.40,1371.40,544
2026-09-10 13:42:00,1371.90,1371.90,1371.30,1371.30,1351
2026-09-10 13:43:00,1371.70,1371.70,1371.20,1371.30,263
2026-09-10 13:44:00,1371.70,1371.90,1371.40,1371.90,171
2026-09-10 13:45:00,1371.90,1371.90,1370.70,1370.70,1348
2026-09-10 13:46:00,1371.40,1371.50,1370.70,1370.80,1635
2026-09-10 13:47:00,1371.40,1371.40,1370.80,1370.80,152
2026-09-10 13:48:00,1371.20,1371.40,1370.80,1371.20,995
2026-09-10 13:49:00,1371.20,1371.80,1371.20,1371.60,289
2026-09-10 13:50:00,1371.70,1371.70,1370.70,1370.70,4294
2026-09-10 13:51:00,1371.20,1371.90,1370.70,1371.80,1229
2026-09-10 13:52:00,1371.80,1371.90,1371.40,1371.90,164
2026-09-10 13:53:00,1371.90,1371.90,1371.40,1371.40,549
2026-09-10 13:54:00,1371.80,1371.90,1371.60,1371.60,116
2026-09-10 13:55:00,1371.80,1371.90,1371.40,1371.50,547
2026-09-10 13:56:00,1371.50,1371.80,1371.40,1371.70,731
2026-09-10 13:57:00,1371.70,1372.70,1371.70,1372.70,2184
2026-09-10 13:58:00,1372.60,1373.10,1372.60,1373.00,1720
2026-09-10 13:59:00,1373.10,1373.10,1373.00,1373.10,686
2026-09-10 14:00:00,1373.10,1373.10,1373.00,1373.10,110
2026-09-10 14:01:00,1373.10,1373.70,1373.00,1373.50,1784
2026-09-10 14:02:00,1373.70,1373.70,1373.20,1373.60,2468
2026-09-10 14:03:00,1373.60,1373.80,1373.10,1373.80,3493
2026-09-10 14:04:00,1373.80,1373.90,1373.50,1373.60,357
2026-09-10 14:05:00,1373.90,1373.90,1373.50,1373.50,813
2026-09-10 14:06:00,1373.60,1373.60,1373.20,1373.50,176
2026-09-10 14:07:00,1373.60,1373.90,1373.60,1373.70,1235
2026-09-10 14:08:00,1373.70,1373.70,1373.50,1373.60,486
2026-09-10 14:09:00,1373.60,1373.90,1373.50,1373.90,1214
2026-09-10 14:10:00,1373.90,1374.10,1373.70,1374.10,1489
2026-09-10 14:11:00,1374.00,1374.20,1373.70,1374.20,1239
2026-09-10 14:12:00,1374.20,1374.20,1374.00,1374.20,735
2026-09-10 14:13:00,1374.20,1374.20,1374.00,1374.10,1514
2026-09-10 14:14:00,1374.10,1374.80,1374.00,1374.50,1878
2026-09-10 14:15:00,1374.50,1374.50,1374.00,1374.30,955
2026-09-10 14:16:00,1374.30,1374.30,1374.00,1374.30,125
2026-09-10 14:17:00,1374.30,1374.40,1374.00,1374.00,1123
2026-09-10 14:18:00,1374.40,1374.40,1374.00,1374.40,18
2026-09-10 14:19:00,1374.40,1374.40,1374.00,1374.00,578
2026-09-10 14:20:00,1374.30,1374.40,1374.00,1374.40,616
2026-09-10 14:21:00,1374.00,1374.30,1374.00,1374.20,1122
2026-09-10 14:22:00,1374.20,1376.30,1374.20,1376.20,4860
2026-09-10 14:23:00,1376.20,1376.90,1376.00,1376.30,2160
2026-09-10 14:24:00,1376.30,1376.70,1376.20,1376.60,304
2026-09-10 14:25:00,1376.60,1376.60,1376.50,1376.50,275
2026-09-10 14:26:00,1376.80,1377.00,1376.40,1377.00,2733
2026-09-10 14:27:00,1377.00,1377.40,1376.30,1377.00,5863
2026-09-10 14:28:00,1377.50,1377.50,1376.20,1376.60,1878
2026-09-10 14:29:00,1377.40,1377.50,1376.50,1377.00,636
2026-09-10 14:30:00,1376.90,1377.00,1375.80,1376.60,622
2026-09-10 14:31:00,1376.90,1376.90,1375.60,1375.90,614
2026-09-10 14:32:00,1375.40,1376.10,1375.00,1375.40,1297
2026-09-10 14:33:00,1375.30,1375.90,1375.00,1375.70,1323
2026-09-10 14:34:00,1375.90,1376.00,1375.40,1375.40,1354
2026-09-10 14:35:00,1375.30,1375.30,1374.50,1374.90,2925
2026-09-10 14:36:00,1374.90,1374.90,1374.60,1374.60,224
2026-09-10 14:37:00,1374.90,1375.10,1374.50,1374.50,815
2026-09-10 14:38:00,1374.90,1374.90,1374.50,1374.90,754
2026-09-10 14:39:00,1374.90,1374.90,1373.10,1373.50,8274
2026-09-10 14:40:00,1373.50,1373.50,1372.40,1373.00,6749
2026-09-10 14:41:00,1372.80,1373.00,1371.40,1371.70,3952
2026-09-10 14:42:00,1372.20,1372.20,1370.40,1371.20,2647
2026-09-10 14:43:00,1371.00,1371.20,1370.10,1370.10,3378
2026-09-10 14:44:00,1370.20,1370.40,1370.20,1370.40,2784
2026-09-10 14:45:00,1370.20,1370.40,1370.00,1370.20,1804
2026-09-10 14:46:00,1370.00,1370.40,1370.00,1370.40,359
2026-09-10 14:47:00,1370.40,1370.40,1370.10,1370.10,661
2026-09-10 14:48:00,1370.40,1370.40,1370.00,1370.00,5427
2026-09-10 14:49:00,1370.10,1370.20,1370.00,1370.10,27197
2026-09-10 14:50:00,1370.00,1370.10,1370.00,1370.10,519
2026-09-10 14:51:00,1370.10,1370.10,1370.00,1370.00,453
2026-09-10 14:52:00,1370.10,1370.80,1370.00,1370.30,3708
2026-09-10 14:53:00,1370.80,1370.80,1370.00,1370.00,1783
2026-09-10 14:54:00,1370.20,1370.50,1370.10,1370.30,749
2026-09-10 14:55:00,1370.40,1371.20,1370.40,1370.60,5254
2026-09-10 14:56:00,1371.00,1371.00,1370.40,1370.50,1333
2026-09-10 14:57:00,1370.80,1370.80,1370.30,1370.30,806
2026-09-10 14:58:00,1370.70,1370.70,1370.30,1370.50,1468
2026-09-10 14:59:00,1370.30,1370.40,1370.00,1370.00,3450
2026-09-10 15:00:00,1370.50,1370.50,1367.10,1367.10,6436
2026-09-10 15:01:00,1367.10,1367.70,1367.10,1367.10,1715
2026-09-10 15:02:00,1367.50,1367.50,1366.80,1366.90,2655
2026-09-10 15:03:00,1366.50,1366.90,1366.00,1366.40,1099
2026-09-10 15:04:00,1366.20,1366.40,1366.00,1366.40,4024
2026-09-10 15:05:00,1366.40,1366.70,1366.00,1366.00,4083
2026-09-10 15:06:00,1366.00,1366.30,1365.50,1365.80,2546
2026-09-10 15:07:00,1365.80,1365.80,1363.10,1365.30,9057
2026-09-10 15:08:00,1365.20,1366.30,1363.40,1366.30,9835
2026-09-10 15:09:00,1366.30,1367.60,1365.60,1367.40,3241
2026-09-10 15:10:00,1367.30,1368.20,1367.20,1368.20,6903
2026-09-10 15:11:00,1368.20,1368.90,1368.00,1368.60,3909
2026-09-10 15:12:00,1368.60,1368.90,1366.60,1368.00,17544
2026-09-10 15:13:00,1368.10,1368.10,1365.90,1367.30,14758
2026-09-10 15:14:00,1367.90,1374.00,1363.20,1370.00,8341
2026-09-10 15:15:00,1370.00,1370.00,1370.00,1370.00,0
2026-09-10 15:16:00,1370.00,1370.00,1370.00,1370.00,0
2026-09-10 15:17:00,1370.00,1370.00,1370.00,1370.00,0
2026-09-10 15:18:00,1370.00,1370.00,1370.00,1370.00,0
2026-09-10 15:19:00,1370.00,1370.00,1370.00,1370.00,0
2026-09-10 15:20:00,1370.00,1370.00,1370.00,1370.00,0
2026-09-10 15:21:00,1370.00,1370.00,1370.00,1370.00,0
2026-09-10 15:22:00,1370.00,1370.00,1370.00,1370.00,0
2026-09-10 15:23:00,1370.00,1370.00,1370.00,1370.00,0
2026-09-10 15:24:00,1370.00,1370.00,1370.00,1370.00,0
2026-09-10 15:25:00,1370.00,1370.00,1370.00,1370.00,0
2026-09-10 15:26:00,1370.00,1370.00,1370.00,1370.00,0
2026-09-10 15:27:00,1370.00,1370.00,1370.00,1370.00,0
2026-09-10 15:28:00,1370.00,1370.00,1370.00,1370.00,0
2026-09-10 15:29:00,1370.00,1373.30,1370.00,1373.30,29276
2026-09-11 09:15:00,1373.00,1373.00,1362.40,1363.50,3617
2026-09-11 09:16:00,1364.60,1365.40,1364.00,1364.50,9423
2026-09-11 09:17:00,1364.50,1365.40,1361.00,1361.70,8730
2026-09-11 09:18:00,1361.70,1361.70,1359.20,1359.90,2576
2026-09-11 09:19:00,1359.30,1360.90,1358.20,1360.90,1787
2026-09-11 09:20:00,1360.00,1360.50,1358.90,1358.90,2049
2026-09-11 09:21:00,1358.90,1358.90,1358.00,1358.40,599
2026-09-11 09:22:00,1358.40,1358.70,1357.40,1358.60,3093
2026-09-11 09:23:00,1358.60,1359.30,1358.50,1359.30,2209
2026-09-11 09:24:00,1358.50,1359.30,1357.00,1357.70,1379
2026-09-11 09:25:00,1357.70,1358.70,1357.40,1357.50,627
2026-09-11 09:26:00,1357.50,1357.50,1356.30,1356.40,378
2026-09-11 09:27:00,1357.00,1357.00,1356.40,1356.90,818
2026-09-11 09:28:00,1357.00,1357.20,1356.40,1356.80,461
2026-09-11 09:29:00,1356.40,1357.00,1355.40,1356.40,1600
2026-09-11 09:30:00,1356.30,1356.60,1356.00,1356.50,1580
2026-09-11 09:31:00,1356.50,1357.30,1356.30,1356.80,494
2026-09-11 09:32:00,1356.80,1357.60,1356.10,1356.10,1316
2026-09-11 09:33:00,1356.10,1356.10,1355.30,1355.70,507
2026-09-11 09:34:00,1355.70,1355.90,1355.20,1355.80,1382
2026-09-11 09:35:00,1355.20,1355.50,1355.00,1355.30,1369
2026-09-11 09:36:00,1355.30,1355.40,1353.80,1355.40,2816
2026-09-11 09:37:00,1355.70,1356.20,1354.80,1355.40,1612
2026-09-11 09:38:00,1355.40,1355.50,1354.10,1354.60,926
2026-09-11 09:39:00,1354.50,1354.50,1352.40,1352.80,3968
2026-09-11 09:40:00,1353.30,1353.30,1351.00,1351.20,1908
2026-09-11 09:41:00,1351.60,1351.60,1350.00,1350.10,3410
2026-09-11 09:42:00,1350.60,1350.60,1349.00,1349.80,1828
2026-09-11 09:43:00,1349.30,1349.80,1349.30,1349.80,845
2026-09-11 09:44:00,1349.80,1350.40,1349.80,1350.20,1827
2026-09-11 09:45:00,1350.20,1350.30,1349.30,1350.00,219
2026-09-11 09:46:00,1350.00,1350.30,1350.00,1350.10,451
2026-09-11 09:47:00,1350.20,1350.20,1349.40,1349.90,1090
2026-09-11 09:48:00,1349.90,1350.70,1349.90,1350.60,961
2026-09-11 09:49:00,1350.60,1350.70,1349.50,1350.00,4398
2026-09-11 09:50:00,1350.00,1350.20,1349.40,1349.40,719
2026-09-11 09:51:00,1349.60,1350.00,1349.10,1350.00,523
2026-09-11 09:52:00,1349.50,1350.00,1349.00,1349.00,855
2026-09-11 09:53:00,1349.60,1349.70,1348.80,1349.60,2211
2026-09-11 09:54:00,1349.60,1349.60,1348.90,1348.90,1130
2026-09-11 09:55:00,1349.30,1349.30,1348.40,1349.10,872
2026-09-11 09:56:00,1349.10,1349.60,1348.30,1349.60,1586
2026-09-11 09:57:00,1349.60,1349.60,1349.00,1349.60,590
2026-09-11 09:58:00,1349.60,1349.60,1348.50,1349.00,2153
2026-09-11 09:59:00,1348.90,1349.40,1348.50,1349.10,1735
2026-09-11 10:00:00,1349.00,1349.00,1348.00,1348.70,1158
2026-09-11 10:01:00,1348.50,1348.50,1347.70,1348.20,2272
2026-09-11 10:02:00,1348.20,1349.60,1347.80,1349.20,1075
2026-09-11 10:03:00,1348.50,1349.70,1348.50,1349.60,592
2026-09-11 10:04:00,1349.10,1349.20,1348.50,1348.90,176
2026-09-11 10:05:00,1348.90,1349.50,1348.40,1349.50,4266
2026-09-11 10:06:00,1349.50,1349.50,1348.90,1349.30,403
2026-09-11 10:07:00,1349.30,1349.30,1348.80,1349.20,621
2026-09-11 10:08:00,1349.00,1349.60,1348.80,1349.60,1239
2026-09-11 10:09:00,1349.60,1350.20,1349.60,1350.00,918
2026-09-11 10:10:00,1349.80,1350.20,1349.60,1350.00,2629
2026-09-11 10:11:00,1350.00,1350.10,1349.90,1350.00,285
2026-09-11 10:12:00,1350.00,1350.10,1349.60,1349.90,849
2026-09-11 10:13:00,1349.90,1350.40,1349.50,1349.90,1495
2026-09-11 10:14:00,1349.90,1350.20,1349.90,1350.00,516
2026-09-11 10:15:00,1350.00,1350.00,1349.50,1349.50,197
2026-09-11 10:16:00,1349.90,1350.60,1349.50,1350.50,1232
2026-09-11 10:17:00,1350.50,1351.80,1350.50,1351.60,779
2026-09-11 10:18:00,1351.80,1352.80,1351.80,1352.80,999
2026-09-11 10:19:00,1352.80,1353.90,1352.20,1353.30,19330
2026-09-11 10:20:00,1353.30,1354.90,1353.30,1354.40,4811
2026-09-11 10:21:00,1354.40,1355.30,1354.00,1355.20,7532
2026-09-11 10:22:00,1355.20,1355.20,1354.00,1354.50,330
2026-09-11 10:23:00,1354.20,1354.70,1353.90,1353.90,665
2026-09-11 10:24:00,1353.90,1354.70,1353.90,1354.70,652
2026-09-11 10:25:00,1355.10,1356.00,1354.60,1354.60,1856
2026-09-11 10:26:00,1355.20,1355.40,1354.60,1355.20,679
2026-09-11 10:27:00,1354.70,1355.30,1353.60,1354.30,462
2026-09-11 10:28:00,1354.10,1354.10,1352.70,1353.50,767
2026-09-11 10:29:00,1353.50,1353.90,1352.90,1353.50,578
2026-09-11 10:30:00,1353.40,1353.70,1352.70,1353.70,593
2026-09-11 10:31:00,1353.70,1353.90,1353.50,1353.90,182
2026-09-11 10:32:00,1353.90,1355.50,1353.90,1354.80,1384
2026-09-11 10:33:00,1354.80,1355.10,1354.20,1354.70,219
2026-09-11 10:34:00,1354.70,1354.70,1353.70,1354.50,713
2026-09-11 10:35:00,1354.50,1354.50,1353.90,1354.50,346
2026-09-11 10:36:00,1354.50,1354.80,1354.50,1354.80,213
2026-09-11 10:37:00,1354.50,1354.80,1354.10,1354.60,792
2026-09-11 10:38:00,1354.40,1354.50,1353.40,1354.00,266
2026-09-11 10:39:00,1354.00,1354.00,1352.00,1352.50,6248
2026-09-11 10:40:00,1352.60,1353.10,1352.30,1352.80,1157
2026-09-11 10:41:00,1352.80,1353.10,1352.40,1353.00,482
2026-09-11 10:42:00,1353.00,1353.00,1352.00,1352.70,1140
2026-09-11 10:43:00,1352.20,1353.50,1352.20,1353.50,347
2026-09-11 10:44:00,1353.40,1353.40,1352.40,1353.00,243
2026-09-11 10:45:00,1353.00,1353.70,1352.70,1353.30,209
2026-09-11 10:46:00,1353.30,1354.20,1353.00,1354.20,2800
2026-09-11 10:47:00,1354.20,1354.60,1353.60,1354.00,866
2026-09-11 10:48:00,1354.00,1354.60,1353.90,1354.00,3395
2026-09-11 10:49:00,1354.20,1355.00,1354.00,1354.00,12529
2026-09-11 10:50:00,1354.00,1354.00,1353.30,1353.90,2272
2026-09-11 10:51:00,1353.90,1356.70,1353.90,1355.90,33109
2026-09-11 10:52:00,1356.00,1356.00,1355.40,1356.00,970
2026-09-11 10:53:00,1356.00,1356.00,1353.80,1354.70,1716
2026-09-11 10:54:00,1354.50,1355.10,1353.60,1354.30,710
2026-09-11 10:55:00,1354.30,1354.30,1353.30,1353.30,393
2026-09-11 10:56:00,1353.60,1353.60,1351.90,1352.70,1100
2026-09-11 10:57:00,1352.70,1352.80,1351.50,1351.50,228
2026-09-11 10:58:00,1352.20,1352.60,1350.40,1350.70,5341
2026-09-11 10:59:00,1351.20,1351.20,1350.10,1350.70,390
2026-09-11 11:00:00,1350.80,1350.90,1349.60,1350.30,15137
2026-09-11 11:01:00,1350.90,1351.80,1350.00,1350.40,38950
2026-09-11 11:02:00,1351.30,1353.60,1351.00,1352.80,33242
2026-09-11 11:03:00,1352.80,1353.30,1351.00,1353.30,18970
2026-09-11 11:04:00,1353.30,1354.50,1350.20,1350.30,15142
2026-09-11 11:05:00,1350.30,1350.80,1349.70,1350.80,1213
2026-09-11 11:06:00,1350.70,1350.70,1350.20,1350.50,612
2026-09-11 11:07:00,1350.50,1350.60,1350.10,1350.20,874
2026-09-11 11:08:00,1350.30,1350.70,1350.00,1350.00,716
2026-09-11 11:09:00,1350.00,1350.50,1350.00,1350.20,691
2026-09-11 11:10:00,1350.40,1350.90,1350.40,1350.40,652
2026-09-11 11:11:00,1350.50,1350.70,1349.40,1349.70,2649
2026-09-11 11:12:00,1349.70,1350.30,1349.70,1350.00,805
2026-09-11 11:13:00,1350.10,1350.40,1350.00,1350.40,244
2026-09-11 11:14:00,1350.40,1350.70,1350.30,1350.50,788
2026-09-11 11:15:00,1350.60,1350.90,1350.10,1350.20,5611
2026-09-11 11:16:00,1350.10,1351.20,1350.10,1350.70,10588
2026-09-11 11:17:00,1350.80,1353.70,1350.00,1353.50,10479
2026-09-11 11:18:00,1353.50,1354.50,1352.90,1354.40,9308
2026-09-11 11:19:00,1354.40,1355.00,1353.50,1353.60,13066
2026-09-11 11:20:00,1354.00,1354.80,1353.30,1353.30,12540
2026-09-11 11:21:00,1353.30,1354.00,1353.00,1353.80,7436
2026-09-11 11:22:00,1353.70,1354.10,1353.50,1354.10,3421
2026-09-11 11:23:00,1354.00,1354.00,1353.50,1353.60,4191
2026-09-11 11:24:00,1353.60,1353.80,1353.50,1353.70,669
2026-09-11 11:25:00,1353.60,1353.70,1352.00,1352.00,9618
2026-09-11 11:26:00,1352.20,1353.10,1352.10,1353.10,2459
2026-09-11 11:27:00,1353.10,1353.60,1352.60,1352.60,6967
2026-09-11 11:28:00,1352.60,1353.70,1352.00,1353.00,4687
2026-09-11 11:29:00,1353.60,1354.20,1353.60,1353.90,22350
2026-09-11 11:30:00,1353.90,1354.80,1353.00,1354.80,14584
2026-09-11 11:31:00,1354.80,1354.90,1351.00,1351.00,6930
2026-09-11 11:32:00,1351.30,1351.50,1350.30,1351.30,2374
2026-09-11 11:33:00,1351.20,1352.50,1351.00,1351.70,9928
2026-09-11 11:34:00,1352.20,1352.30,1351.70,1352.20,3627
2026-09-11 11:35:00,1352.40,1352.70,1350.30,1351.50,46717
2026-09-11 11:36:00,1351.50,1352.30,1351.00,1352.30,3876
2026-09-11 11:37:00,1352.50,1354.30,1352.30,1354.30,7680
2026-09-11 11:38:00,1354.30,1355.80,1353.90,1355.80,8220
2026-09-11 11:39:00,1355.70,1356.10,1355.60,1355.90,1194
2026-09-11 11:40:00,1355.80,1355.80,1353.20,1353.80,8139
2026-09-11 11:41:00,1353.90,1354.10,1353.80,1354.10,315
2026-09-11 11:42:00,1354.10,1354.20,1353.30,1353.30,277
2026-09-11 11:43:00,1353.60,1354.90,1353.30,1354.90,963
2026-09-11 11:44:00,1355.00,1355.60,1355.00,1355.30,4885
2026-09-11 11:45:00,1355.30,1355.70,1354.90,1354.90,2927
2026-09-11 11:46:00,1355.00,1355.90,1354.90,1355.60,2295
2026-09-11 11:47:00,1355.60,1355.60,1355.00,1355.00,340
2026-09-11 11:48:00,1355.00,1355.20,1354.00,1354.50,10867
2026-09-11 11:49:00,1354.60,1355.20,1353.80,1354.50,4918
2026-09-11 11:50:00,1354.50,1355.80,1354.30,1355.30,1320
2026-09-11 11:51:00,1355.30,1356.00,1355.00,1355.30,4829
2026-09-11 11:52:00,1355.60,1355.80,1354.60,1354.90,424
2026-09-11 11:53:00,1354.50,1356.70,1354.50,1356.50,6309
2026-09-11 11:54:00,1356.60,1356.60,1355.80,1356.40,647
2026-09-11 11:55:00,1356.60,1356.70,1355.60,1356.30,705
2026-09-11 11:56:00,1356.40,1356.60,1355.30,1356.00,299
2026-09-11 11:57:00,1356.00,1356.30,1355.40,1356.00,412
2026-09-11 11:58:00,1356.00,1356.70,1355.60,1356.50,1370
2026-09-11 11:59:00,1356.50,1356.60,1355.80,1356.20,340
2026-09-11 12:00:00,1355.80,1356.20,1353.30,1353.90,1444
2026-09-11 12:01:00,1353.90,1354.30,1353.10,1353.20,700
2026-09-11 12:02:00,1353.70,1354.30,1353.00,1354.20,1132
2026-09-11 12:03:00,1354.20,1355.90,1354.00,1355.00,6284
2026-09-11 12:04:00,1355.80,1355.90,1355.00,1355.80,462
2026-09-11 12:05:00,1355.70,1357.10,1355.40,1357.10,5076
2026-09-11 12:06:00,1357.10,1357.10,1356.20,1357.00,759
2026-09-11 12:07:00,1356.40,1357.00,1355.70,1356.00,5384
2026-09-11 12:08:00,1356.00,1357.20,1356.00,1356.80,2151
2026-09-11 12:09:00,1357.10,1357.20,1355.50,1355.60,10540
2026-09-11 12:10:00,1355.60,1357.00,1354.60,1354.60,22110
2026-09-11 12:11:00,1355.00,1356.30,1354.60,1356.00,15239
2026-09-11 12:12:00,1356.10,1356.80,1355.70,1356.80,1742
2026-09-11 12:13:00,1356.80,1358.90,1356.40,1357.80,28497
2026-09-11 12:14:00,1357.90,1358.00,1357.30,1358.00,577
2026-09-11 12:15:00,1358.00,1358.10,1357.30,1357.60,840
2026-09-11 12:16:00,1357.60,1358.60,1357.60,1358.10,1208
2026-09-11 12:17:00,1358.30,1359.30,1358.20,1359.30,1223
2026-09-11 12:18:00,1359.50,1359.90,1359.00,1359.90,18031
2026-09-11 12:19:00,1359.90,1360.00,1359.00,1359.50,929
2026-09-11 12:20:00,1359.00,1359.50,1358.00,1359.00,1032
2026-09-11 12:21:00,1358.90,1358.90,1358.20,1358.40,336
2026-09-11 12:22:00,1358.80,1359.40,1358.10,1359.20,2528
2026-09-11 12:23:00,1359.20,1359.50,1358.40,1359.00,1064
2026-09-11 12:24:00,1359.00,1360.00,1358.60,1359.80,12094
2026-09-11 12:25:00,1359.80,1360.00,1358.60,1359.30,547
2026-09-11 12:26:00,1359.30,1360.00,1358.80,1359.80,9683
2026-09-11 12:27:00,1359.80,1359.80,1359.20,1359.40,456
2026-09-11 12:28:00,1358.70,1359.10,1358.40,1358.90,7866
2026-09-11 12:29:00,1358.90,1359.50,1358.30,1359.00,17100
2026-09-11 12:30:00,1359.00,1359.10,1358.10,1358.90,509
2026-09-11 12:31:00,1358.80,1359.30,1358.80,1359.30,406
2026-09-11 12:32:00,1359.00,1359.50,1358.50,1359.10,490
2026-09-11 12:33:00,1359.10,1359.30,1358.80,1359.20,224
2026-09-11 12:34:00,1359.10,1359.40,1358.60,1358.90,235
2026-09-11 12:35:00,1358.90,1358.90,1357.80,1358.30,2373
2026-09-11 12:36:00,1358.50,1358.50,1357.20,1357.30,732
2026-09-11 12:37:00,1357.50,1357.80,1357.10,1357.70,329
2026-09-11 12:38:00,1357.70,1357.90,1355.80,1355.80,928
2026-09-11 12:39:00,1356.30,1356.30,1355.00,1355.80,3068
2026-09-11 12:40:00,1355.90,1355.90,1355.30,1355.30,334
2026-09-11 12:41:00,1355.70,1355.90,1353.90,1354.10,5388
2026-09-11 12:42:00,1354.00,1355.00,1354.00,1354.70,2352
2026-09-11 12:43:00,1354.70,1354.70,1354.40,1354.40,374
2026-09-11 12:44:00,1354.50,1354.70,1354.10,1354.70,539
2026-09-11 12:45:00,1354.30,1354.70,1353.00,1353.40,1422
2026-09-11 12:46:00,1353.40,1354.00,1353.20,1353.60,3617
2026-09-11 12:47:00,1353.90,1353.90,1353.50,1353.50,472
2026-09-11 12:48:00,1353.80,1354.00,1353.50,1353.70,714
2026-09-11 12:49:00,1354.00,1354.00,1353.50,1353.90,291
2026-09-11 12:50:00,1353.90,1353.90,1353.10,1353.60,287
2026-09-11 12:51:00,1353.70,1354.00,1353.60,1353.80,3767
2026-09-11 12:52:00,1353.80,1353.80,1353.00,1353.80,907
2026-09-11 12:53:00,1353.80,1354.90,1353.20,1354.60,16603
2026-09-11 12:54:00,1354.70,1354.70,1353.60,1353.60,485
2026-09-11 12:55:00,1353.90,1354.20,1353.60,1354.20,309
2026-09-11 12:56:00,1354.10,1354.50,1354.10,1354.50,310
2026-09-11 12:57:00,1354.30,1354.30,1353.10,1353.60,596
2026-09-11 12:58:00,1353.60,1354.70,1353.30,1354.60,1003
2026-09-11 12:59:00,1354.60,1355.90,1354.10,1355.90,5438
2026-09-11 13:00:00,1355.90,1356.00,1354.20,1355.10,5884
2026-09-11 13:01:00,1355.10,1355.80,1354.90,1355.80,478
2026-09-11 13:02:00,1355.80,1356.00,1355.10,1356.00,11971
2026-09-11 13:03:00,1356.10,1356.10,1353.70,1354.80,11543
2026-09-11 13:04:00,1354.80,1356.40,1354.80,1355.50,9295
2026-09-11 13:05:00,1355.90,1356.10,1355.40,1355.50,270
2026-09-11 13:06:00,1355.80,1355.80,1355.00,1355.70,248
2026-09-11 13:07:00,1355.20,1355.70,1355.20,1355.60,274
2026-09-11 13:08:00,1355.60,1355.70,1355.00,1355.00,894
2026-09-11 13:09:00,1355.60,1355.90,1355.30,1355.90,218
2026-09-11 13:10:00,1355.90,1356.10,1355.50,1356.10,301
2026-09-11 13:11:00,1356.10,1359.90,1355.60,1359.40,29057
2026-09-11 13:12:00,1359.10,1359.10,1357.40,1357.40,2502
2026-09-11 13:13:00,1358.10,1359.90,1357.60,1359.20,17692
2026-09-11 13:14:00,1359.80,1360.00,1359.00,1359.90,617
2026-09-11 13:15:00,1359.80,1360.30,1358.90,1360.30,11663
2026-09-11 13:16:00,1360.00,1361.60,1360.00,1360.70,2071
2026-09-11 13:17:00,1361.20,1361.70,1358.50,1358.90,7266
2026-09-11 13:18:00,1359.50,1361.00,1359.50,1360.90,18853
2026-09-11 13:19:00,1360.90,1362.10,1360.90,1361.60,10547
2026-09-11 13:20:00,1362.00,1362.40,1360.90,1360.90,514
2026-09-11 13:21:00,1361.30,1361.50,1359.00,1359.60,3461
2026-09-11 13:22:00,1360.10,1361.80,1360.10,1361.40,101159
2026-09-11 13:23:00,1361.70,1362.60,1361.20,1361.60,28715
2026-09-11 13:24:00,1362.40,1362.60,1360.10,1360.10,1490
2026-09-11 13:25:00,1360.10,1361.00,1359.80,1361.00,6823
2026-09-11 13:26:00,1362.10,1362.90,1361.60,1362.40,1600
2026-09-11 13:27:00,1362.40,1363.30,1362.20,1362.70,2251
2026-09-11 13:28:00,1362.40,1362.40,1361.40,1362.00,1885
2026-09-11 13:29:00,1362.10,1363.40,1362.10,1362.20,2513
2026-09-11 13:30:00,1362.50,1363.40,1362.20,1362.20,1961
2026-09-11 13:31:00,1363.00,1365.00,1363.00,1363.80,13209
2026-09-11 13:32:00,1363.80,1365.30,1362.40,1365.30,24252
2026-09-11 13:33:00,1365.30,1365.40,1364.00,1364.30,4564
2026-09-11 13:34:00,1364.30,1364.30,1362.60,1363.20,2067
2026-09-11 13:35:00,1363.20,1363.30,1362.20,1362.20,1437
2026-09-11 13:36:00,1362.40,1362.60,1362.00,1362.10,1381
2026-09-11 13:37:00,1362.10,1362.10,1360.40,1360.40,1286
2026-09-11 13:38:00,1360.70,1361.80,1360.70,1361.60,2163
2026-09-11 13:39:00,1361.60,1362.00,1361.30,1361.30,1004
2026-09-11 13:40:00,1361.50,1362.40,1361.40,1361.70,2859
2026-09-11 13:41:00,1362.10,1362.50,1360.80,1361.60,1129
2026-09-11 13:42:00,1361.20,1361.20,1360.70,1360.90,1051
2026-09-11 13:43:00,1360.80,1361.00,1360.50,1360.50,1090
2026-09-11 13:44:00,1360.50,1360.90,1360.10,1360.10,1430
2026-09-11 13:45:00,1360.10,1360.60,1360.10,1360.20,1191
2026-09-11 13:46:00,1360.60,1360.60,1359.90,1360.20,1172
2026-09-11 13:47:00,1360.30,1362.30,1360.30,1362.10,2772
2026-09-11 13:48:00,1362.10,1362.30,1362.00,1362.00,1014
2026-09-11 13:49:00,1362.30,1363.10,1362.00,1363.10,2561
2026-09-11 13:50:00,1363.10,1364.00,1361.10,1361.10,11017
2026-09-11 13:51:00,1361.20,1361.40,1359.80,1360.00,2221
2026-09-11 13:52:00,1360.00,1360.00,1359.50,1359.90,278
2026-09-11 13:53:00,1359.90,1359.90,1358.60,1359.00,2554
2026-09-11 13:54:00,1359.50,1359.80,1359.00,1359.40,611
2026-09-11 13:55:00,1359.40,1360.50,1359.40,1360.00,2639
2026-09-11 13:56:00,1360.00,1360.20,1359.20,1360.20,436
2026-09-11 13:57:00,1360.20,1360.40,1359.60,1359.60,3657
2026-09-11 13:58:00,1360.00,1360.90,1359.80,1360.20,1837
2026-09-11 13:59:00,1360.90,1361.00,1360.30,1360.30,985
2026-09-11 14:00:00,1360.30,1361.70,1360.20,1361.10,1620
2026-09-11 14:01:00,1361.50,1361.50,1359.80,1359.80,1528
2026-09-11 14:02:00,1360.00,1361.40,1360.00,1361.40,3188
2026-09-11 14:03:00,1362.10,1363.40,1361.70,1363.00,3340
2026-09-11 14:04:00,1363.00,1363.40,1362.00,1363.00,1601
2026-09-11 14:05:00,1363.00,1363.90,1362.60,1363.50,2805
2026-09-11 14:06:00,1363.50,1365.10,1362.30,1363.30,6250
2026-09-11 14:07:00,1363.30,1363.30,1361.50,1362.10,1387
2026-09-11 14:08:00,1362.10,1362.10,1361.20,1361.30,775
2026-09-11 14:09:00,1361.10,1361.70,1360.80,1361.40,1358
2026-09-11 14:10:00,1361.20,1362.00,1361.10,1361.50,1427
2026-09-11 14:11:00,1361.50,1364.00,1361.20,1363.70,9478
2026-09-11 14:12:00,1364.00,1365.50,1364.00,1365.40,3011
2026-09-11 14:13:00,1365.10,1365.40,1365.00,1365.00,1967
2026-09-11 14:14:00,1365.10,1365.10,1363.60,1363.60,14943
2026-09-11 14:15:00,1364.40,1365.30,1363.70,1365.20,15060
2026-09-11 14:16:00,1365.40,1365.40,1365.00,1365.20,7621
2026-09-11 14:17:00,1365.20,1365.20,1365.00,1365.10,4776
2026-09-11 14:18:00,1365.00,1365.00,1364.00,1364.30,2766
2026-09-11 14:19:00,1364.50,1364.50,1363.40,1363.40,2719
2026-09-11 14:20:00,1363.40,1363.80,1363.00,1363.30,3117
2026-09-11 14:21:00,1363.20,1363.80,1362.90,1363.10,3001
2026-09-11 14:22:00,1363.10,1363.30,1362.60,1362.80,18285
2026-09-11 14:23:00,1362.90,1363.00,1362.00,1362.00,2598
2026-09-11 14:24:00,1362.00,1363.40,1362.00,1362.80,3377
2026-09-11 14:25:00,1362.80,1363.60,1362.40,1362.40,2658
2026-09-11 14:26:00,1362.40,1362.80,1361.90,1362.70,3996
2026-09-11 14:27:00,1362.70,1362.70,1361.50,1362.10,2329
2026-09-11 14:28:00,1362.00,1362.00,1361.30,1361.30,2916
2026-09-11 14:29:00,1361.50,1361.50,1360.80,1361.00,2791
2026-09-11 14:30:00,1361.50,1361.60,1360.80,1360.90,3585
2026-09-11 14:31:00,1360.90,1361.60,1360.70,1361.10,3596
2026-09-11 14:32:00,1361.10,1361.90,1360.70,1361.00,3615
2026-09-11 14:33:00,1361.00,1361.40,1360.70,1361.00,3226
2026-09-11 14:34:00,1361.60,1362.30,1361.10,1361.50,3458
2026-09-11 14:35:00,1361.50,1362.00,1361.30,1361.90,4144
2026-09-11 14:36:00,1361.60,1361.90,1360.60,1360.70,2535
2026-09-11 14:37:00,1361.50,1361.50,1360.20,1360.20,3685
2026-09-11 14:38:00,1360.10,1360.90,1360.10,1360.40,3319
2026-09-11 14:39:00,1360.00,1360.40,1359.90,1360.20,2687
2026-09-11 14:40:00,1360.10,1360.10,1359.30,1359.30,901
2026-09-11 14:41:00,1359.30,1359.90,1359.20,1359.50,2977
2026-09-11 14:42:00,1359.60,1359.90,1359.20,1359.30,3275
2026-09-11 14:43:00,1359.30,1360.10,1359.10,1359.70,3548
2026-09-11 14:44:00,1360.10,1360.10,1359.50,1359.80,2558
2026-09-11 14:45:00,1359.50,1359.90,1359.00,1359.60,3435
2026-09-11 14:46:00,1359.50,1359.50,1357.80,1357.80,3547
2026-09-11 14:47:00,1357.90,1358.50,1357.10,1357.50,5800
2026-09-11 14:48:00,1357.80,1357.90,1356.40,1356.50,4024
2026-09-11 14:49:00,1356.50,1356.80,1356.10,1356.70,5183
2026-09-11 14:50:00,1357.00,1357.00,1355.90,1356.20,4183
2026-09-11 14:51:00,1356.30,1357.00,1355.90,1357.00,6554
2026-09-11 14:52:00,1356.30,1356.70,1355.70,1356.40,3377
2026-09-11 14:53:00,1356.10,1356.60,1355.70,1356.60,5843
2026-09-11 14:54:00,1356.40,1356.70,1355.50,1356.40,5254
2026-09-11 14:55:00,1356.40,1356.40,1355.50,1356.10,3923
2026-09-11 14:56:00,1356.00,1356.30,1355.50,1355.70,4782
2026-09-11 14:57:00,1355.70,1356.40,1355.40,1355.90,3977
2026-09-11 14:58:00,1356.40,1356.40,1355.30,1355.30,3846
2026-09-11 14:59:00,1355.40,1355.90,1355.00,1355.50,4688
2026-09-11 15:00:00,1355.50,1355.90,1354.70,1354.70,3865
2026-09-11 15:01:00,1355.00,1355.20,1354.60,1355.10,4360
2026-09-11 15:02:00,1354.90,1355.30,1354.50,1354.50,4342
2026-09-11 15:03:00,1354.80,1355.50,1354.30,1354.30,5128
2026-09-11 15:04:00,1355.00,1355.80,1354.70,1355.00,5027
2026-09-11 15:05:00,1355.40,1355.70,1355.00,1355.00,8482
2026-09-11 15:06:00,1355.60,1355.60,1354.70,1355.40,7115
2026-09-11 15:07:00,1355.70,1355.70,1354.90,1355.20,7420
2026-09-11 15:08:00,1355.50,1355.70,1354.80,1354.80,9651
2026-09-11 15:09:00,1355.40,1356.00,1354.80,1356.00,7382
2026-09-11 15:10:00,1355.70,1356.10,1354.80,1356.00,10998
2026-09-11 15:11:00,1357.00,1357.60,1356.00,1357.60,6624
2026-09-11 15:12:00,1357.30,1358.20,1356.40,1357.70,7355
2026-09-11 15:13:00,1357.80,1359.30,1357.80,1358.90,1546
2026-09-11 15:14:00,1358.50,1358.90,1356.90,1356.90,2796
2026-09-11 15:15:00,1354.10,1354.10,1354.10,1354.10,163
2026-09-11 15:16:00,1354.10,1354.10,1354.10,1354.10,0
2026-09-11 15:17:00,1354.10,1354.10,1354.10,1354.10,0
2026-09-11 15:18:00,1354.10,1354.10,1354.10,1354.10,0
2026-09-11 15:19:00,1354.10,1354.10,1354.10,1354.10,0
2026-09-11 15:20:00,1354.10,1354.10,1354.10,1354.10,0
2026-09-11 15:21:00,1354.10,1354.10,1354.10,1354.10,0
2026-09-11 15:22:00,1354.10,1354.10,1354.10,1354.10,0
2026-09-11 15:23:00,1354.10,1354.10,1354.10,1354.10,0
2026-09-11 15:24:00,1354.10,1354.10,1354.10,1354.10,0
2026-09-11 15:25:00,1354.10,1354.10,1354.10,1354.10,0
2026-09-11 15:26:00,1354.10,1354.10,1354.10,1354.10,0
2026-09-11 15:27:00,1354.10,1354.10,1354.10,1354.10,0
2026-09-11 15:28:00,1354.10,1354.10,1354.10,1354.10,0
2026-09-11 15:29:00,1354.10,1366.00,1354.10,1366.00,80529
2026-09-15 09:15:00,1355.00,1362.70,1354.90,1356.90,11642
2026-09-15 09:16:00,1356.90,1357.30,1355.00,1355.40,5673
2026-09-15 09:17:00,1356.40,1356.80,1352.00,1353.20,7393
2026-09-15 09:18:00,1353.20,1354.00,1353.00,1353.00,1971
2026-09-15 09:19:00,1353.00,1354.50,1352.80,1353.00,2412
2026-09-15 09:20:00,1353.00,1355.20,1352.50,1354.80,20113
2026-09-15 09:21:00,1353.90,1355.40,1353.90,1355.10,4577
2026-09-15 09:22:00,1355.30,1355.30,1354.40,1355.00,2590
2026-09-15 09:23:00,1355.00,1355.70,1354.40,1355.70,4172
2026-09-15 09:24:00,1355.60,1356.10,1354.70,1355.00,5565
2026-09-15 09:25:00,1354.70,1354.70,1352.90,1352.90,2938
2026-09-15 09:26:00,1353.40,1354.00,1352.90,1353.10,3378
2026-09-15 09:27:00,1353.50,1353.50,1351.20,1352.20,4050
2026-09-15 09:28:00,1352.20,1352.40,1351.20,1351.30,2433
2026-09-15 09:29:00,1351.30,1353.90,1351.30,1353.90,2988
2026-09-15 09:30:00,1353.20,1353.30,1351.90,1351.90,5095
2026-09-15 09:31:00,1352.10,1354.00,1352.10,1353.50,2909
2026-09-15 09:32:00,1353.50,1354.40,1353.00,1353.20,905
2026-09-15 09:33:00,1353.20,1353.70,1352.40,1352.50,1155
2026-09-15 09:34:00,1352.50,1353.10,1352.50,1352.60,989
2026-09-15 09:35:00,1352.90,1353.00,1352.60,1353.00,1090
2026-09-15 09:36:00,1353.00,1353.00,1352.50,1352.70,1974
2026-09-15 09:37:00,1352.70,1352.90,1352.50,1352.90,1095
2026-09-15 09:38:00,1352.90,1353.00,1352.50,1352.50,1101
2026-09-15 09:39:00,1352.50,1352.60,1351.80,1351.80,2045
2026-09-15 09:40:00,1351.60,1351.90,1351.00,1351.90,1196
2026-09-15 09:41:00,1352.30,1352.40,1352.10,1352.30,821
2026-09-15 09:42:00,1352.10,1352.70,1352.00,1352.10,316
2026-09-15 09:43:00,1352.30,1352.70,1352.00,1352.10,1015
2026-09-15 09:44:00,1352.30,1353.20,1351.80,1352.40,5282
2026-09-15 09:45:00,1352.80,1352.80,1351.30,1352.00,887
2026-09-15 09:46:00,1351.60,1351.60,1350.10,1350.10,1233
2026-09-15 09:47:00,1350.00,1350.10,1348.90,1349.60,4990
2026-09-15 09:48:00,1349.60,1349.60,1347.70,1348.10,1383
2026-09-15 09:49:00,1348.20,1351.60,1348.10,1350.90,3136
2026-09-15 09:50:00,1350.90,1354.60,1350.80,1354.10,3013
2026-09-15 09:51:00,1354.10,1355.80,1353.70,1355.10,3220
2026-09-15 09:52:00,1355.40,1355.70,1354.80,1354.90,1190
2026-09-15 09:53:00,1355.10,1355.80,1354.90,1355.80,1954
2026-09-15 09:54:00,1355.70,1358.20,1355.00,1358.00,8735
2026-09-15 09:55:00,1357.90,1358.10,1356.90,1358.10,13125
2026-09-15 09:56:00,1357.60,1358.20,1356.30,1357.40,32881
2026-09-15 09:57:00,1357.00,1358.20,1355.00,1356.80,29802
2026-09-15 09:58:00,1357.20,1357.20,1354.70,1354.70,1527
2026-09-15 09:59:00,1355.20,1355.20,1354.80,1355.20,845
2026-09-15 10:00:00,1355.50,1355.50,1354.40,1354.80,5088
2026-09-15 10:01:00,1354.40,1355.10,1354.10,1355.10,14033
2026-09-15 10:02:00,1355.10,1355.80,1354.80,1355.50,858
2026-09-15 10:03:00,1355.40,1355.50,1354.50,1355.00,1496
2026-09-15 10:04:00,1354.60,1355.10,1354.30,1354.30,2766
2026-09-15 10:05:00,1354.30,1355.10,1354.30,1354.50,1622
2026-09-15 10:06:00,1354.50,1355.10,1354.10,1354.40,3765
2026-09-15 10:07:00,1355.00,1355.10,1354.10,1354.90,8849
2026-09-15 10:08:00,1354.30,1355.10,1354.30,1355.10,4861
2026-09-15 10:09:00,1354.60,1355.30,1354.20,1354.90,4846
2026-09-15 10:10:00,1354.90,1355.10,1354.30,1355.10,2781
2026-09-15 10:11:00,1354.40,1355.10,1354.40,1355.10,299
2026-09-15 10:12:00,1355.10,1355.10,1354.70,1355.00,1699
2026-09-15 10:13:00,1355.20,1355.90,1355.20,1355.40,1259
2026-09-15 10:14:00,1355.40,1355.40,1355.00,1355.00,256
2026-09-15 10:15:00,1355.00,1355.40,1354.00,1354.00,1356
2026-09-15 10:16:00,1354.00,1354.60,1354.00,1354.60,785
2026-09-15 10:17:00,1354.60,1354.60,1354.00,1354.30,467
2026-09-15 10:18:00,1354.20,1355.60,1353.90,1355.60,488
2026-09-15 10:19:00,1355.60,1355.60,1355.00,1355.40,4541
2026-09-15 10:20:00,1355.40,1355.40,1355.00,1355.30,897
2026-09-15 10:21:00,1355.30,1355.30,1354.80,1354.90,1323
2026-09-15 10:22:00,1354.90,1355.70,1354.90,1355.60,944
2026-09-15 10:23:00,1355.20,1355.40,1354.80,1355.30,340
2026-09-15 10:24:00,1354.80,1355.20,1354.70,1354.70,554
2026-09-15 10:25:00,1354.70,1355.10,1354.70,1355.00,1119
2026-09-15 10:26:00,1355.00,1355.00,1354.10,1354.80,413
2026-09-15 10:27:00,1354.80,1354.80,1353.70,1354.20,246
2026-09-15 10:28:00,1354.10,1354.20,1353.50,1353.90,671
2026-09-15 10:29:00,1353.90,1355.00,1353.80,1354.90,2305
2026-09-15 10:30:00,1354.80,1355.30,1354.60,1355.00,684
2026-09-15 10:31:00,1355.00,1355.20,1354.40,1354.90,1112
2026-09-15 10:32:00,1354.90,1354.90,1354.40,1354.60,589
2026-09-15 10:33:00,1354.60,1355.00,1354.30,1354.90,417
2026-09-15 10:34:00,1354.90,1354.90,1354.70,1354.90,491
2026-09-15 10:35:00,1355.10,1356.40,1355.00,1356.30,4640
2026-09-15 10:36:00,1356.00,1356.30,1355.60,1356.10,976
2026-09-15 10:37:00,1356.30,1356.30,1355.30,1355.30,293
2026-09-15 10:38:00,1355.70,1356.10,1355.10,1356.00,1060
2026-09-15 10:39:00,1355.80,1356.30,1355.30,1356.30,972
2026-09-15 10:40:00,1356.30,1356.90,1356.00,1356.00,2330
2026-09-15 10:41:00,1356.10,1356.70,1356.00,1356.50,624
2026-09-15 10:42:00,1356.20,1357.10,1356.20,1357.10,561
2026-09-15 10:43:00,1356.30,1356.50,1354.90,1355.20,1999
2026-09-15 10:44:00,1355.20,1355.70,1355.10,1355.10,2051
2026-09-15 10:45:00,1355.00,1355.60,1355.00,1355.10,2235
2026-09-15 10:46:00,1355.60,1355.60,1354.90,1355.00,420
2026-09-15 10:47:00,1355.00,1355.30,1355.00,1355.30,518
2026-09-15 10:48:00,1355.30,1356.00,1355.20,1355.50,476
2026-09-15 10:49:00,1355.80,1355.80,1355.50,1355.60,449
2026-09-15 10:50:00,1355.50,1355.60,1355.20,1355.20,1292
2026-09-15 10:51:00,1355.20,1355.70,1355.00,1355.10,1643
2026-09-15 10:52:00,1354.40,1355.30,1354.40,1355.00,944
2026-09-15 10:53:00,1355.10,1355.10,1355.00,1355.10,277
2026-09-15 10:54:00,1355.10,1355.10,1355.00,1355.10,1001
2026-09-15 10:55:00,1355.10,1355.10,1354.90,1355.00,1136
2026-09-15 10:56:00,1355.00,1355.10,1354.80,1355.00,1999
2026-09-15 10:57:00,1355.00,1355.10,1355.00,1355.00,1422
2026-09-15 10:58:00,1355.00,1355.10,1354.80,1355.00,2296
2026-09-15 10:59:00,1355.10,1355.10,1355.00,1355.10,615
2026-09-15 11:00:00,1355.00,1355.20,1355.00,1355.10,913
2026-09-15 11:01:00,1355.00,1355.20,1355.00,1355.00,434
2026-09-15 11:02:00,1355.00,1355.10,1354.80,1355.10,615
2026-09-15 11:03:00,1354.90,1355.10,1354.90,1355.10,814
2026-09-15 11:04:00,1355.00,1355.50,1354.90,1355.50,1191
2026-09-15 11:05:00,1355.30,1355.50,1354.90,1355.00,652
2026-09-15 11:06:00,1355.00,1355.10,1354.50,1355.10,779
2026-09-15 11:07:00,1354.70,1355.10,1354.70,1355.10,854
2026-09-15 11:08:00,1355.00,1355.10,1354.70,1355.00,2643
2026-09-15 11:09:00,1355.10,1355.10,1354.90,1355.00,1579
2026-09-15 11:10:00,1355.00,1355.10,1354.70,1355.10,4283
2026-09-15 11:11:00,1355.00,1355.10,1354.80,1355.00,1976
2026-09-15 11:12:00,1355.00,1355.10,1354.50,1355.00,1741
2026-09-15 11:13:00,1355.00,1355.10,1354.60,1355.00,6457
2026-09-15 11:14:00,1354.80,1355.10,1354.20,1355.10,10328
2026-09-15 11:15:00,1354.50,1355.10,1354.50,1355.10,5661
2026-09-15 11:16:00,1355.10,1355.30,1354.80,1355.00,7848
2026-09-15 11:17:00,1355.00,1355.10,1354.40,1355.00,2748
2026-09-15 11:18:00,1355.00,1355.10,1354.60,1354.70,5890
2026-09-15 11:19:00,1355.00,1355.00,1352.30,1353.20,18900
2026-09-15 11:20:00,1353.20,1353.30,1352.80,1353.30,933
2026-09-15 11:21:00,1353.30,1353.40,1352.80,1353.40,1451
2026-09-15 11:22:00,1354.00,1354.30,1353.40,1354.10,1062
2026-09-15 11:23:00,1354.10,1354.30,1353.40,1354.00,692
2026-09-15 11:24:00,1353.30,1354.30,1353.30,1354.10,987
2026-09-15 11:25:00,1353.60,1354.30,1353.50,1354.30,1280
2026-09-15 11:26:00,1353.70,1354.30,1353.50,1354.10,849
2026-09-15 11:27:00,1354.10,1354.10,1353.40,1353.60,664
2026-09-15 11:28:00,1353.60,1354.10,1353.40,1354.00,1109
2026-09-15 11:29:00,1354.00,1354.10,1353.20,1354.10,988
2026-09-15 11:30:00,1353.50,1354.10,1353.10,1353.50,940
2026-09-15 11:31:00,1353.10,1354.00,1353.00,1354.00,2400
2026-09-15 11:32:00,1354.00,1354.60,1353.50,1354.40,2875
2026-09-15 11:33:00,1353.80,1354.60,1353.50,1354.60,1013
2026-09-15 11:34:00,1354.60,1354.60,1353.90,1354.00,608
2026-09-15 11:35:00,1354.00,1354.40,1353.40,1354.40,868
2026-09-15 11:36:00,1354.20,1355.00,1354.20,1354.90,1209
2026-09-15 11:37:00,1354.90,1354.90,1354.20,1354.80,833
2026-09-15 11:38:00,1354.80,1355.00,1354.40,1355.00,935
2026-09-15 11:39:00,1355.00,1355.90,1354.50,1354.90,3415
2026-09-15 11:40:00,1355.00,1355.50,1354.80,1355.20,569
2026-09-15 11:41:00,1355.00,1355.20,1354.50,1355.00,453
2026-09-15 11:42:00,1355.00,1355.10,1354.10,1354.80,832
2026-09-15 11:43:00,1354.80,1355.00,1354.10,1355.00,747
2026-09-15 11:44:00,1355.00,1355.50,1355.00,1355.50,1035
2026-09-15 11:45:00,1355.50,1357.00,1355.00,1356.40,1867
2026-09-15 11:46:00,1356.80,1356.80,1356.00,1356.60,476
2026-09-15 11:47:00,1355.90,1356.70,1355.90,1356.70,1058
2026-09-15 11:48:00,1356.30,1356.70,1356.00,1356.30,1411
2026-09-15 11:49:00,1356.30,1356.70,1355.60,1356.30,963
2026-09-15 11:50:00,1355.90,1356.30,1355.50,1356.10,1800
2026-09-15 11:51:00,1356.20,1356.40,1355.70,1356.40,708
2026-09-15 11:52:00,1355.70,1356.40,1355.60,1355.80,1351
2026-09-15 11:53:00,1355.70,1356.30,1355.70,1355.70,1014
2026-09-15 11:54:00,1355.60,1356.30,1355.60,1356.30,2130
2026-09-15 11:55:00,1355.80,1356.30,1355.70,1356.30,577
2026-09-15 11:56:00,1355.70,1356.30,1355.70,1356.30,590
2026-09-15 11:57:00,1356.30,1356.30,1355.70,1356.30,605
2026-09-15 11:58:00,1355.80,1356.50,1355.80,1356.50,1080
2026-09-15 11:59:00,1356.00,1356.60,1355.80,1356.30,606
2026-09-15 12:00:00,1356.30,1356.30,1355.60,1356.30,817
2026-09-15 12:01:00,1355.90,1357.30,1355.80,1357.00,3007
2026-09-15 12:02:00,1356.10,1357.00,1356.10,1356.80,591
2026-09-15 12:03:00,1356.20,1358.10,1356.10,1358.10,2606
2026-09-15 12:04:00,1358.30,1358.50,1357.70,1357.70,1657
2026-09-15 12:05:00,1358.30,1358.30,1357.70,1358.10,525
2026-09-15 12:06:00,1358.10,1358.10,1357.60,1358.00,1375
2026-09-15 12:07:00,1358.10,1358.10,1357.30,1358.10,2266
2026-09-15 12:08:00,1357.50,1358.10,1357.40,1357.50,1977
2026-09-15 12:09:00,1357.40,1358.10,1357.40,1357.50,2464
2026-09-15 12:10:00,1357.30,1358.10,1357.30,1358.10,3645
2026-09-15 12:11:00,1358.00,1358.50,1357.50,1357.50,1582
2026-09-15 12:12:00,1357.50,1358.20,1357.50,1358.00,1045
2026-09-15 12:13:00,1357.30,1358.10,1357.30,1358.10,1359
2026-09-15 12:14:00,1357.60,1358.10,1357.40,1358.10,678
2026-09-15 12:15:00,1357.90,1358.20,1357.40,1357.40,2313
2026-09-15 12:16:00,1358.10,1358.10,1357.40,1358.10,1176
2026-09-15 12:17:00,1358.00,1358.10,1357.50,1357.50,712
2026-09-15 12:18:00,1357.50,1358.10,1357.50,1358.10,8448
2026-09-15 12:19:00,1357.50,1358.10,1357.50,1358.00,818
2026-09-15 12:20:00,1358.00,1358.10,1357.40,1358.00,2846
2026-09-15 12:21:00,1357.40,1358.10,1357.40,1357.80,3480
2026-09-15 12:22:00,1358.20,1358.20,1357.80,1358.20,783
2026-09-15 12:23:00,1357.80,1358.20,1357.80,1358.20,617
2026-09-15 12:24:00,1357.60,1358.20,1357.60,1357.80,515
2026-09-15 12:25:00,1357.80,1358.20,1357.70,1358.20,524
2026-09-15 12:26:00,1357.60,1358.20,1357.60,1357.70,493
2026-09-15 12:27:00,1357.70,1358.20,1357.70,1358.20,694
2026-09-15 12:28:00,1357.60,1358.20,1357.40,1357.70,1403
2026-09-15 12:29:00,1357.70,1358.20,1357.70,1357.90,644
2026-09-15 12:30:00,1357.90,1358.30,1357.60,1358.30,1268
2026-09-15 12:31:00,1357.70,1358.20,1357.70,1358.10,2483
2026-09-15 12:32:00,1358.00,1358.10,1357.80,1357.80,2666
2026-09-15 12:33:00,1357.60,1358.20,1357.50,1358.20,3100
2026-09-15 12:34:00,1357.60,1358.20,1357.60,1358.20,2669
2026-09-15 12:35:00,1357.80,1358.20,1357.50,1358.10,2478
2026-09-15 12:36:00,1358.00,1358.10,1357.50,1358.00,1430
2026-09-15 12:37:00,1357.60,1358.10,1357.50,1357.60,1495
2026-09-15 12:38:00,1357.50,1358.00,1354.30,1355.00,5796
2026-09-15 12:39:00,1354.60,1355.00,1354.40,1355.00,784
2026-09-15 12:40:00,1354.50,1355.00,1354.40,1355.00,730
2026-09-15 12:41:00,1354.40,1355.00,1354.40,1355.00,740
2026-09-15 12:42:00,1355.10,1355.10,1354.40,1355.00,1226
2026-09-15 12:43:00,1355.00,1355.00,1354.40,1354.80,594
2026-09-15 12:44:00,1354.90,1354.90,1354.40,1354.80,697
2026-09-15 12:45:00,1354.40,1354.80,1354.20,1354.80,846
2026-09-15 12:46:00,1354.80,1355.20,1354.30,1355.00,746
2026-09-15 12:47:00,1355.00,1355.00,1354.30,1355.00,1168
2026-09-15 12:48:00,1354.40,1355.20,1354.30,1355.00,822
2026-09-15 12:49:00,1354.40,1355.00,1354.40,1354.50,566
2026-09-15 12:50:00,1354.40,1354.90,1354.00,1354.50,580
2026-09-15 12:51:00,1354.00,1354.80,1354.00,1354.80,682
2026-09-15 12:52:00,1354.80,1354.80,1354.40,1354.80,670
2026-09-15 12:53:00,1354.20,1354.80,1354.20,1354.40,910
2026-09-15 12:54:00,1354.20,1354.80,1354.00,1354.60,626
2026-09-15 12:55:00,1354.20,1354.80,1354.20,1354.80,748
2026-09-15 12:56:00,1354.80,1354.80,1353.90,1354.70,532
2026-09-15 12:57:00,1353.80,1354.60,1353.60,1354.20,545
2026-09-15 12:58:00,1354.10,1354.20,1353.10,1353.30,1237
2026-09-15 12:59:00,1353.30,1355.20,1352.80,1355.20,2488
2026-09-15 13:00:00,1354.90,1355.10,1354.50,1355.00,1527
2026-09-15 13:01:00,1355.00,1355.10,1354.50,1355.10,1278
2026-09-15 13:02:00,1354.50,1355.00,1353.80,1353.80,1181
2026-09-15 13:03:00,1353.70,1353.70,1351.40,1351.50,18137
2026-09-15 13:04:00,1351.40,1353.40,1351.40,1352.90,2404
2026-09-15 13:05:00,1352.90,1353.10,1352.00,1353.10,2245
2026-09-15 13:06:00,1352.30,1353.20,1352.00,1352.40,1891
2026-09-15 13:07:00,1352.00,1352.40,1351.80,1352.40,635
2026-09-15 13:08:00,1351.90,1353.50,1351.90,1353.40,2460
2026-09-15 13:09:00,1353.40,1353.40,1352.80,1353.20,911
2026-09-15 13:10:00,1352.40,1353.30,1352.30,1353.10,1021
2026-09-15 13:11:00,1352.30,1353.80,1352.30,1353.70,5791
2026-09-15 13:12:00,1352.90,1353.70,1352.70,1353.50,827
2026-09-15 13:13:00,1352.80,1353.70,1352.70,1353.60,859
2026-09-15 13:14:00,1352.90,1353.60,1352.90,1353.60,637
2026-09-15 13:15:00,1352.90,1354.30,1352.60,1354.30,5571
2026-09-15 13:16:00,1354.10,1354.30,1352.40,1352.80,2226
2026-09-15 13:17:00,1352.50,1352.80,1352.10,1352.70,846
2026-09-15 13:18:00,1352.20,1352.70,1351.80,1352.30,1513
2026-09-15 13:19:00,1351.70,1352.90,1351.70,1352.20,874
2026-09-15 13:20:00,1352.20,1352.20,1351.30,1351.50,779
2026-09-15 13:21:00,1351.90,1353.50,1351.90,1353.20,7480
2026-09-15 13:22:00,1353.20,1353.60,1352.60,1353.30,1461
2026-09-15 13:23:00,1353.30,1353.40,1352.60,1353.30,1409
2026-09-15 13:24:00,1352.70,1353.50,1352.70,1353.40,1219
2026-09-15 13:25:00,1352.80,1353.40,1352.00,1352.50,606
2026-09-15 13:26:00,1351.90,1352.90,1351.80,1352.50,1350
2026-09-15 13:27:00,1352.00,1352.80,1352.00,1352.40,666
2026-09-15 13:28:00,1352.10,1352.60,1351.90,1352.50,602
2026-09-15 13:29:00,1351.90,1352.80,1351.90,1352.50,755
2026-09-15 13:30:00,1352.00,1352.80,1351.80,1352.20,1557
2026-09-15 13:31:00,1352.20,1352.50,1350.90,1351.20,1536
2026-09-15 13:32:00,1351.00,1352.50,1350.70,1352.40,3924
2026-09-15 13:33:00,1352.40,1352.40,1351.40,1352.20,860
2026-09-15 13:34:00,1351.50,1352.30,1351.30,1352.30,1869
2026-09-15 13:35:00,1351.90,1352.30,1351.60,1352.10,790
2026-09-15 13:36:00,1352.10,1352.50,1351.90,1352.50,824
2026-09-15 13:37:00,1351.90,1352.60,1351.90,1352.60,722
2026-09-15 13:38:00,1352.00,1352.60,1351.80,1352.50,1060
2026-09-15 13:39:00,1352.50,1352.50,1351.80,1352.40,723
2026-09-15 13:40:00,1352.40,1352.40,1351.80,1352.40,792
2026-09-15 13:41:00,1351.80,1352.40,1351.70,1352.30,729
2026-09-15 13:42:00,1352.40,1352.40,1351.70,1352.40,629
2026-09-15 13:43:00,1352.30,1352.50,1352.30,1352.50,821
2026-09-15 13:44:00,1352.40,1352.70,1352.30,1352.70,794
2026-09-15 13:45:00,1352.70,1352.70,1352.30,1352.60,794
2026-09-15 13:46:00,1352.70,1352.80,1352.40,1352.40,748
2026-09-15 13:47:00,1352.80,1353.10,1352.30,1353.10,1794
2026-09-15 13:48:00,1353.00,1353.10,1352.50,1353.10,1340
2026-09-15 13:49:00,1353.10,1353.20,1352.50,1353.20,751
2026-09-15 13:50:00,1353.40,1354.00,1352.90,1354.00,1924
2026-09-15 13:51:00,1354.00,1354.00,1352.70,1353.40,744
2026-09-15 13:52:00,1353.40,1354.00,1352.80,1353.90,16605
2026-09-15 13:53:00,1353.00,1354.00,1353.00,1353.90,7856
2026-09-15 13:54:00,1353.30,1354.00,1352.90,1353.10,877
2026-09-15 13:55:00,1353.70,1353.90,1353.00,1353.70,1337
2026-09-15 13:56:00,1353.10,1353.90,1353.00,1353.80,1157
2026-09-15 13:57:00,1353.00,1353.90,1352.90,1353.30,1364
2026-09-15 13:58:00,1352.90,1353.70,1352.50,1353.50,1293
2026-09-15 13:59:00,1353.70,1354.10,1353.20,1354.10,1276
2026-09-15 14:00:00,1353.60,1353.80,1353.00,1353.70,1302
2026-09-15 14:01:00,1353.70,1353.90,1353.60,1353.90,997
2026-09-15 14:02:00,1353.90,1354.40,1353.90,1354.20,902
2026-09-15 14:03:00,1354.20,1354.40,1353.70,1354.40,1144
2026-09-15 14:04:00,1354.40,1354.40,1353.80,1354.30,796
2026-09-15 14:05:00,1354.30,1354.30,1353.80,1354.30,668
2026-09-15 14:06:00,1354.30,1355.00,1354.30,1354.90,2101
2026-09-15 14:07:00,1354.90,1354.90,1354.10,1354.70,875
2026-09-15 14:08:00,1354.70,1354.90,1354.40,1354.80,559
2026-09-15 14:09:00,1354.80,1354.80,1354.00,1354.60,779
2026-09-15 14:10:00,1354.60,1354.60,1354.00,1354.00,705
2026-09-15 14:11:00,1353.20,1354.10,1353.20,1354.00,874
2026-09-15 14:12:00,1353.30,1354.00,1353.30,1353.90,1237
2026-09-15 14:13:00,1353.20,1353.90,1353.10,1353.80,759
2026-09-15 14:14:00,1353.10,1353.80,1353.00,1353.60,710
2026-09-15 14:15:00,1353.60,1353.60,1353.00,1353.50,859
2026-09-15 14:16:00,1353.50,1353.50,1353.00,1353.40,1633
2026-09-15 14:17:00,1353.30,1353.30,1352.70,1353.20,2735
2026-09-15 14:18:00,1352.60,1353.30,1352.60,1353.30,564
2026-09-15 14:19:00,1353.10,1353.20,1353.00,1353.10,2035
2026-09-15 14:20:00,1353.20,1353.30,1353.10,1353.30,1143
2026-09-15 14:21:00,1352.90,1353.30,1352.90,1353.30,704
2026-09-15 14:22:00,1353.30,1353.30,1352.40,1353.10,816
2026-09-15 14:23:00,1352.40,1353.10,1352.40,1353.10,1388
2026-09-15 14:24:00,1353.10,1353.10,1352.70,1353.10,2814
2026-09-15 14:25:00,1353.10,1353.10,1352.40,1353.10,3677
2026-09-15 14:26:00,1352.20,1353.10,1352.20,1353.10,1114
2026-09-15 14:27:00,1353.10,1353.20,1352.50,1353.10,895
2026-09-15 14:28:00,1353.10,1353.20,1352.50,1353.10,961
2026-09-15 14:29:00,1352.40,1353.20,1352.40,1352.60,1105
2026-09-15 14:30:00,1353.20,1355.40,1353.20,1355.00,21193
2026-09-15 14:31:00,1355.00,1355.10,1353.40,1354.10,10839
2026-09-15 14:32:00,1354.10,1354.70,1353.50,1354.70,2641
2026-09-15 14:33:00,1354.70,1354.70,1354.00,1354.60,1416
2026-09-15 14:34:00,1353.90,1355.10,1353.90,1354.60,3173
2026-09-15 14:35:00,1355.00,1355.10,1354.50,1354.50,3508
2026-09-15 14:36:00,1354.50,1356.10,1354.50,1355.00,23729
2026-09-15 14:37:00,1355.00,1355.10,1354.50,1355.10,3338
2026-09-15 14:38:00,1355.10,1355.50,1354.60,1355.00,1938
2026-09-15 14:39:00,1355.00,1355.00,1353.50,1354.00,1451
2026-09-15 14:40:00,1354.20,1354.20,1353.50,1354.00,437
2026-09-15 14:41:00,1354.20,1355.30,1354.10,1355.10,16725
2026-09-15 14:42:00,1355.00,1355.10,1355.00,1355.10,24005
2026-09-15 14:43:00,1355.00,1355.10,1355.00,1355.10,26910
2026-09-15 14:44:00,1355.00,1355.10,1355.00,1355.00,4077
2026-09-15 14:45:00,1355.00,1355.10,1355.00,1355.10,40543
2026-09-15 14:46:00,1355.00,1355.10,1355.00,1355.10,9071
2026-09-15 14:47:00,1355.00,1355.10,1355.00,1355.10,8785
2026-09-15 14:48:00,1355.00,1355.30,1355.00,1355.30,39606
2026-09-15 14:49:00,1355.30,1356.50,1355.10,1356.40,6948
2026-09-15 14:50:00,1356.40,1357.00,1356.20,1356.80,7850
2026-09-15 14:51:00,1356.80,1356.80,1356.30,1356.80,936
2026-09-15 14:52:00,1356.80,1360.70,1356.40,1357.30,72357
2026-09-15 14:53:00,1357.70,1357.70,1355.60,1355.60,3016
2026-09-15 14:54:00,1355.60,1356.10,1354.70,1354.70,1562
2026-09-15 14:55:00,1355.00,1356.60,1354.90,1356.60,4691
2026-09-15 14:56:00,1356.40,1356.90,1356.00,1356.00,1038
2026-09-15 14:57:00,1356.00,1356.50,1355.30,1356.10,5295
2026-09-15 14:58:00,1356.10,1356.10,1355.10,1355.10,478
2026-09-15 14:59:00,1356.10,1356.10,1354.70,1355.30,1626
2026-09-15 15:00:00,1355.30,1355.30,1353.40,1353.40,2684
2026-09-15 15:01:00,1353.40,1355.20,1353.40,1355.00,14666
2026-09-15 15:02:00,1355.00,1355.10,1354.70,1354.70,4114
2026-09-15 15:03:00,1355.00,1355.20,1354.70,1355.00,4340
2026-09-15 15:04:00,1355.00,1355.20,1355.00,1355.00,7387
2026-09-15 15:05:00,1355.10,1355.10,1351.30,1351.30,25908
2026-09-15 15:06:00,1351.40,1352.60,1351.40,1352.50,3527
2026-09-15 15:07:00,1351.70,1352.50,1351.00,1351.50,7536
2026-09-15 15:08:00,1351.50,1351.50,1350.60,1351.20,1890
2026-09-15 15:09:00,1351.20,1351.30,1349.50,1350.80,4874
2026-09-15 15:10:00,1350.80,1351.30,1350.10,1350.70,10747
2026-09-15 15:11:00,1350.10,1351.10,1350.10,1350.70,4398
2026-09-15 15:12:00,1350.70,1350.90,1349.60,1349.70,8811
2026-09-15 15:13:00,1349.50,1350.70,1349.50,1350.70,3484
2026-09-15 15:14:00,1350.10,1350.60,1349.00,1350.10,1950
2026-09-15 15:15:00,1350.10,1350.10,1350.10,1350.10,0
2026-09-15 15:16:00,1350.10,1350.10,1350.10,1350.10,0
2026-09-15 15:17:00,1350.10,1350.10,1350.10,1350.10,0
2026-09-15 15:18:00,1350.10,1350.10,1350.10,1350.10,0
2026-09-15 15:19:00,1350.10,1350.10,1350.10,1350.10,0
2026-09-15 15:20:00,1350.10,1350.10,1350.10,1350.10,0
2026-09-15 15:21:00,1350.10,1350.10,1350.10,1350.10,0
2026-09-15 15:22:00,1350.10,1350.10,1350.10,1350.10,0
2026-09-15 15:23:00,1350.10,1350.10,1350.10,1350.10,0
2026-09-15 15:24:00,1350.10,1350.10,1350.10,1350.10,0
2026-09-15 15:25:00,1350.10,1350.10,1350.10,1350.10,0
2026-09-15 15:26:00,1350.10,1350.10,1350.10,1350.10,0
2026-09-15 15:27:00,1350.10,1350.10,1350.10,1350.10,0
2026-09-15 15:28:00,1350.10,1350.10,1350.10,1350.10,0
2026-09-15 15:29:00,1351.00,1351.00,1351.00,1351.00,63963
2026-09-16 09:15:00,1351.00,1356.50,1351.00,1356.50,4711
2026-09-16 09:16:00,1357.80,1357.80,1354.00,1355.80,2338
2026-09-16 09:17:00,1355.80,1361.60,1355.00,1361.60,3833
2026-09-16 09:18:00,1362.20,1362.60,1358.20,1359.30,3630
2026-09-16 09:19:00,1359.30,1360.70,1359.30,1360.70,4253
2026-09-16 09:20:00,1360.70,1361.00,1358.10,1358.50,4428
2026-09-16 09:21:00,1358.00,1359.90,1357.90,1359.00,1587
2026-09-16 09:22:00,1359.00,1359.00,1356.60,1357.50,1211
2026-09-16 09:23:00,1357.50,1357.50,1356.30,1356.30,504
2026-09-16 09:24:00,1356.90,1357.40,1355.70,1357.40,1117
2026-09-16 09:25:00,1357.50,1358.00,1356.80,1357.90,2300
2026-09-16 09:26:00,1357.20,1358.60,1356.10,1356.10,979
2026-09-16 09:27:00,1356.10,1356.60,1355.50,1356.20,814
2026-09-16 09:28:00,1355.90,1357.00,1355.20,1355.20,1085
2026-09-16 09:29:00,1355.20,1356.50,1353.90,1353.90,3753
2026-09-16 09:30:00,1353.90,1354.20,1352.50,1352.50,2506
2026-09-16 09:31:00,1352.50,1354.20,1352.50,1352.50,1712
2026-09-16 09:32:00,1353.40,1353.40,1349.80,1350.60,7145
2026-09-16 09:33:00,1350.40,1352.20,1349.70,1352.00,2604
2026-09-16 09:34:00,1352.00,1353.60,1351.30,1353.60,1016
2026-09-16 09:35:00,1353.50,1353.50,1351.60,1352.30,1431
2026-09-16 09:36:00,1352.30,1352.30,1351.50,1351.80,2631
2026-09-16 09:37:00,1352.20,1352.20,1351.10,1351.70,417
2026-09-16 09:38:00,1351.10,1351.10,1348.90,1349.50,3093
2026-09-16 09:39:00,1349.30,1349.80,1348.20,1348.80,1223
2026-09-16 09:40:00,1348.80,1350.00,1347.40,1347.70,3420
2026-09-16 09:41:00,1347.70,1348.50,1347.10,1348.30,1247
2026-09-16 09:42:00,1349.10,1349.10,1347.10,1348.00,1404
2026-09-16 09:43:00,1347.90,1347.90,1346.60,1347.80,2636
2026-09-16 09:44:00,1347.50,1347.70,1347.00,1347.00,926
2026-09-16 09:45:00,1347.00,1347.50,1346.20,1346.70,1974
2026-09-16 09:46:00,1346.60,1347.20,1346.10,1347.00,1142
2026-09-16 09:47:00,1347.00,1347.50,1344.30,1345.10,3484
2026-09-16 09:48:00,1344.90,1345.90,1344.90,1345.60,931
2026-09-16 09:49:00,1345.00,1346.00,1345.00,1345.40,1529
2026-09-16 09:50:00,1345.40,1347.20,1345.40,1347.00,1548
2026-09-16 09:51:00,1347.00,1348.60,1346.60,1347.90,1306
2026-09-16 09:52:00,1347.90,1349.60,1347.80,1347.90,4509
2026-09-16 09:53:00,1347.90,1348.90,1347.90,1348.50,1669
2026-09-16 09:54:00,1348.50,1349.30,1348.50,1349.30,729
2026-09-16 09:55:00,1349.30,1350.00,1349.30,1349.50,592
2026-09-16 09:56:00,1349.50,1350.00,1348.10,1348.20,2712
2026-09-16 09:57:00,1348.50,1349.80,1348.30,1348.30,658
2026-09-16 09:58:00,1348.30,1348.30,1347.40,1347.40,360
2026-09-16 09:59:00,1347.40,1348.60,1347.40,1348.60,661
2026-09-16 10:00:00,1348.10,1351.40,1348.10,1351.40,4066
2026-09-16 10:01:00,1352.40,1352.50,1350.30,1350.30,2082
2026-09-16 10:02:00,1350.90,1351.70,1349.70,1349.90,2177
2026-09-16 10:03:00,1350.00,1350.60,1350.00,1350.20,230
2026-09-16 10:04:00,1350.10,1350.10,1349.30,1349.40,1398
2026-09-16 10:05:00,1349.40,1350.00,1348.60,1350.00,107430
2026-09-16 10:06:00,1349.20,1350.50,1347.90,1350.50,23321
2026-09-16 10:07:00,1350.50,1352.50,1350.50,1352.50,871
2026-09-16 10:08:00,1352.90,1355.00,1352.90,1353.30,2801
2026-09-16 10:09:00,1353.90,1353.90,1352.80,1353.40,406
2026-09-16 10:10:00,1353.40,1353.50,1352.80,1353.40,552
2026-09-16 10:11:00,1353.00,1353.80,1353.00,1353.00,983
2026-09-16 10:12:00,1353.00,1355.40,1353.00,1355.00,790
2026-09-16 10:13:00,1355.00,1355.00,1353.00,1353.00,1046
2026-09-16 10:14:00,1353.90,1353.90,1353.20,1353.30,548
2026-09-16 10:15:00,1353.30,1353.80,1353.20,1353.30,995
2026-09-16 10:16:00,1353.30,1353.80,1353.10,1353.10,271
2026-09-16 10:17:00,1353.50,1354.40,1353.50,1354.40,1163
2026-09-16 10:18:00,1354.40,1354.60,1353.20,1353.80,1453
2026-09-16 10:19:00,1353.80,1353.80,1353.00,1353.00,197
2026-09-16 10:20:00,1353.00,1354.70,1353.00,1354.70,871
2026-09-16 10:21:00,1354.70,1354.70,1354.00,1354.60,441
2026-09-16 10:22:00,1354.60,1355.30,1354.00,1354.80,2238
2026-09-16 10:23:00,1355.00,1356.30,1354.40,1355.90,470
2026-09-16 10:24:00,1355.90,1356.50,1354.40,1355.30,4702
2026-09-16 10:25:00,1355.80,1356.40,1355.30,1355.80,432
2026-09-16 10:26:00,1355.80,1356.50,1355.60,1356.40,647
2026-09-16 10:27:00,1356.40,1356.40,1355.90,1356.20,321
2026-09-16 10:28:00,1356.20,1356.90,1355.90,1356.00,482
2026-09-16 10:29:00,1356.00,1357.40,1356.00,1357.40,1281
2026-09-16 10:30:00,1356.90,1357.40,1356.90,1357.00,186
2026-09-16 10:31:00,1357.00,1357.40,1356.70,1357.40,390
2026-09-16 10:32:00,1357.40,1357.50,1356.80,1357.10,104
2026-09-16 10:33:00,1357.10,1357.10,1356.00,1356.00,337
2026-09-16 10:34:00,1356.00,1356.00,1355.90,1355.90,447
2026-09-16 10:35:00,1355.90,1356.20,1355.90,1356.00,507
2026-09-16 10:36:00,1355.30,1355.30,1354.40,1355.00,914
2026-09-16 10:37:00,1355.00,1355.00,1354.20,1354.70,382
2026-09-16 10:38:00,1354.70,1355.00,1354.70,1354.70,764
2026-09-16 10:39:00,1354.70,1355.00,1354.40,1355.00,881
2026-09-16 10:40:00,1355.00,1355.70,1355.00,1355.70,491
2026-09-16 10:41:00,1355.80,1356.70,1355.80,1356.40,401
2026-09-16 10:42:00,1356.40,1356.40,1355.60,1355.60,105
2026-09-16 10:43:00,1356.10,1356.10,1355.30,1355.50,779
2026-09-16 10:44:00,1355.50,1356.80,1355.20,1356.00,1566
2026-09-16 10:45:00,1356.00,1356.00,1355.00,1355.60,1000
2026-09-16 10:46:00,1355.60,1356.00,1355.60,1355.80,310
2026-09-16 10:47:00,1355.80,1355.90,1355.40,1355.90,574
2026-09-16 10:48:00,1355.80,1356.40,1355.60,1355.90,396
2026-09-16 10:49:00,1356.40,1356.80,1356.00,1356.20,1225
2026-09-16 10:50:00,1356.70,1356.90,1355.70,1356.80,923
2026-09-16 10:51:00,1356.20,1359.00,1356.20,1359.00,4487
2026-09-16 10:52:00,1359.30,1361.60,1358.70,1360.50,5287
2026-09-16 10:53:00,1360.50,1360.50,1358.60,1359.30,824
2026-09-16 10:54:00,1358.60,1359.20,1358.00,1358.70,595
2026-09-16 10:55:00,1358.00,1358.50,1357.80,1358.00,1025
2026-09-16 10:56:00,1358.00,1358.60,1358.00,1358.40,354
2026-09-16 10:57:00,1358.50,1358.80,1358.10,1358.80,953
2026-09-16 10:58:00,1358.80,1359.50,1358.70,1359.50,945
2026-09-16 10:59:00,1359.00,1360.40,1359.00,1359.70,1111
2026-09-16 11:00:00,1359.70,1360.40,1359.70,1359.80,412
2026-09-16 11:01:00,1360.00,1360.00,1358.60,1359.50,3828
2026-09-16 11:02:00,1359.50,1359.60,1358.70,1358.70,973
2026-09-16 11:03:00,1359.80,1360.60,1358.70,1360.50,1997
2026-09-16 11:04:00,1360.50,1361.30,1360.00,1361.10,1368
2026-09-16 11:05:00,1361.10,1362.00,1360.90,1360.90,851
2026-09-16 11:06:00,1360.90,1361.90,1360.90,1361.20,1184
2026-09-16 11:07:00,1361.20,1362.10,1360.40,1361.00,3039
2026-09-16 11:08:00,1361.00,1362.60,1361.00,1362.60,1320
2026-09-16 11:09:00,1362.60,1363.70,1362.20,1362.90,2076
2026-09-16 11:10:00,1362.50,1362.70,1361.70,1361.70,447
2026-09-16 11:11:00,1361.70,1362.50,1361.30,1361.60,480
2026-09-16 11:12:00,1361.30,1361.60,1361.00,1361.00,382
2026-09-16 11:13:00,1361.00,1361.40,1360.50,1360.90,387
2026-09-16 11:14:00,1360.70,1361.50,1360.50,1361.50,1140
2026-09-16 11:15:00,1361.50,1362.00,1361.30,1362.00,424
2026-09-16 11:16:00,1362.00,1362.00,1361.00,1361.30,188
2026-09-16 11:17:00,1361.20,1362.70,1360.50,1362.50,2861
2026-09-16 11:18:00,1362.50,1363.00,1362.20,1362.20,1279
2026-09-16 11:19:00,1362.20,1362.30,1361.80,1362.20,1889
2026-09-16 11:20:00,1362.20,1362.20,1360.50,1360.80,820
2026-09-16 11:21:00,1360.80,1361.40,1360.50,1360.60,1273
2026-09-16 11:22:00,1360.80,1361.10,1360.40,1360.80,1594
2026-09-16 11:23:00,1360.80,1361.80,1360.60,1361.60,1841
2026-09-16 11:24:00,1361.80,1362.20,1361.70,1361.90,447
2026-09-16 11:25:00,1361.70,1361.90,1360.80,1360.80,474
2026-09-16 11:26:00,1360.80,1361.30,1360.30,1360.70,755
2026-09-16 11:27:00,1360.70,1360.70,1360.00,1360.00,552
2026-09-16 11:28:00,1360.00,1360.60,1359.40,1359.90,1276
2026-09-16 11:29:00,1359.90,1359.90,1358.60,1359.20,779
2026-09-16 11:30:00,1359.30,1360.30,1358.60,1358.60,2849
2026-09-16 11:31:00,1358.60,1359.40,1358.60,1359.40,369
2026-09-16 11:32:00,1359.10,1359.40,1358.30,1358.70,310
2026-09-16 11:33:00,1358.30,1358.70,1357.80,1357.80,729
2026-09-16 11:34:00,1357.80,1357.80,1355.80,1356.50,2169
2026-09-16 11:35:00,1356.50,1357.00,1356.00,1356.70,933
2026-09-16 11:36:00,1357.00,1358.00,1357.00,1358.00,935
2026-09-16 11:37:00,1357.90,1358.30,1357.00,1358.30,402
2026-09-16 11:38:00,1357.80,1359.30,1357.80,1359.30,980
2026-09-16 11:39:00,1359.30,1360.20,1359.30,1360.20,2238
2026-09-16 11:40:00,1360.20,1360.20,1359.50,1360.00,3623
2026-09-16 11:41:00,1360.10,1360.10,1360.00,1360.00,946
2026-09-16 11:42:00,1360.10,1360.10,1360.00,1360.10,4821
2026-09-16 11:43:00,1360.00,1360.10,1359.20,1359.20,8947
2026-09-16 11:44:00,1360.00,1360.10,1358.70,1359.20,2934
2026-09-16 11:45:00,1359.20,1359.20,1358.70,1358.70,155
2026-09-16 11:46:00,1359.00,1359.00,1358.30,1358.30,592
2026-09-16 11:47:00,1358.30,1358.50,1358.30,1358.30,191
2026-09-16 11:48:00,1358.30,1358.50,1358.00,1358.40,793
2026-09-16 11:49:00,1357.80,1358.40,1357.80,1357.80,833
2026-09-16 11:50:00,1357.80,1358.20,1357.60,1358.20,1858
2026-09-16 11:51:00,1358.20,1358.20,1357.70,1357.70,354
2026-09-16 11:52:00,1358.10,1358.10,1356.60,1357.00,7206
2026-09-16 11:53:00,1356.60,1356.80,1356.00,1356.00,339
2026-09-16 11:54:00,1356.40,1356.40,1355.90,1356.00,2904
2026-09-16 11:55:00,1355.30,1355.50,1355.00,1355.00,2765
2026-09-16 11:56:00,1355.00,1355.40,1354.30,1354.90,1896
2026-09-16 11:57:00,1354.90,1355.00,1354.20,1355.00,5299
2026-09-16 11:58:00,1354.30,1355.00,1354.20,1355.00,1623
2026-09-16 11:59:00,1354.80,1355.50,1354.50,1355.00,3922
2026-09-16 12:00:00,1355.00,1356.20,1355.00,1355.50,799
2026-09-16 12:01:00,1355.50,1355.90,1354.40,1354.40,1146
2026-09-16 12:02:00,1354.40,1355.00,1353.30,1353.30,1079
2026-09-16 12:03:00,1353.30,1353.80,1352.30,1353.00,999
2026-09-16 12:04:00,1353.00,1353.40,1352.40,1353.00,3539
2026-09-16 12:05:00,1352.60,1353.20,1352.40,1352.40,1042
2026-09-16 12:06:00,1353.00,1353.20,1352.40,1352.60,796
2026-09-16 12:07:00,1353.20,1353.80,1352.60,1353.50,4309
2026-09-16 12:08:00,1353.50,1354.10,1353.20,1353.20,1449
2026-09-16 12:09:00,1353.70,1354.40,1353.20,1354.20,2382
2026-09-16 12:10:00,1354.60,1354.80,1354.00,1354.70,791
2026-09-16 12:11:00,1354.70,1355.10,1354.00,1355.10,9334
2026-09-16 12:12:00,1355.40,1355.50,1354.90,1355.20,1219
2026-09-16 12:13:00,1355.20,1355.40,1354.90,1355.40,508
2026-09-16 12:14:00,1355.50,1355.50,1354.90,1354.90,849
2026-09-16 12:15:00,1355.30,1355.30,1355.00,1355.30,488
2026-09-16 12:16:00,1355.00,1355.30,1355.00,1355.00,334
2026-09-16 12:17:00,1355.30,1355.90,1355.00,1355.30,577
2026-09-16 12:18:00,1355.90,1356.40,1355.30,1355.50,832
2026-09-16 12:19:00,1355.50,1356.30,1355.30,1355.70,814
2026-09-16 12:20:00,1356.30,1356.40,1355.70,1356.20,1088
2026-09-16 12:21:00,1356.20,1356.20,1355.40,1355.70,540
2026-09-16 12:22:00,1355.40,1357.20,1355.20,1356.70,1068
2026-09-16 12:23:00,1357.10,1357.10,1356.40,1356.80,361
2026-09-16 12:24:00,1356.80,1357.80,1356.40,1356.80,734
2026-09-16 12:25:00,1357.30,1358.00,1356.80,1357.50,796
2026-09-16 12:26:00,1357.50,1358.20,1357.20,1358.00,862
2026-09-16 12:27:00,1358.00,1358.00,1357.20,1357.70,470
2026-09-16 12:28:00,1357.70,1358.00,1357.20,1357.70,464
2026-09-16 12:29:00,1357.70,1357.70,1357.10,1357.60,356
2026-09-16 12:30:00,1357.60,1357.80,1357.10,1357.60,969
2026-09-16 12:31:00,1357.60,1357.80,1357.10,1357.40,378
2026-09-16 12:32:00,1357.40,1358.10,1357.10,1357.90,2057
2026-09-16 12:33:00,1357.50,1358.50,1357.40,1358.20,876
2026-09-16 12:34:00,1358.20,1358.20,1357.30,1357.70,435
2026-09-16 12:35:00,1357.70,1358.10,1357.50,1358.10,737
2026-09-16 12:36:00,1358.00,1358.10,1357.10,1358.10,273
2026-09-16 12:37:00,1358.00,1358.00,1357.20,1357.20,671
2026-09-16 12:38:00,1357.40,1357.70,1357.20,1357.70,1175
2026-09-16 12:39:00,1357.70,1357.70,1357.00,1357.70,446
2026-09-16 12:40:00,1357.70,1357.80,1357.20,1357.60,294
2026-09-16 12:41:00,1357.60,1358.30,1357.20,1358.30,774
2026-09-16 12:42:00,1358.20,1358.20,1357.30,1357.60,526
2026-09-16 12:43:00,1357.60,1358.30,1357.20,1358.20,1103
2026-09-16 12:44:00,1358.20,1358.20,1357.30,1357.70,132
2026-09-16 12:45:00,1357.70,1358.10,1357.20,1357.80,783
2026-09-16 12:46:00,1357.80,1357.80,1357.00,1357.40,579
2026-09-16 12:47:00,1357.40,1357.40,1357.00,1357.40,438
2026-09-16 12:48:00,1357.20,1357.80,1357.00,1357.80,1052
2026-09-16 12:49:00,1357.80,1360.70,1357.10,1360.10,2059
2026-09-16 12:50:00,1360.60,1360.60,1359.80,1360.20,367
2026-09-16 12:51:00,1360.20,1360.20,1359.30,1360.00,867
2026-09-16 12:52:00,1360.00,1360.20,1359.70,1359.90,954
2026-09-16 12:53:00,1359.90,1360.50,1359.70,1359.70,602
2026-09-16 12:54:00,1359.70,1360.30,1359.60,1359.90,599
2026-09-16 12:55:00,1359.60,1359.90,1359.00,1359.50,721
2026-09-16 12:56:00,1359.30,1360.20,1359.30,1359.90,699
2026-09-16 12:57:00,1359.90,1359.90,1358.50,1358.80,624
2026-09-16 12:58:00,1358.80,1360.10,1357.80,1359.90,7376
2026-09-16 12:59:00,1359.80,1360.10,1359.00,1359.00,740
2026-09-16 13:00:00,1359.50,1360.00,1359.00,1359.70,2821
2026-09-16 13:01:00,1359.70,1359.70,1359.10,1359.10,182
2026-09-16 13:02:00,1359.40,1360.00,1359.10,1360.00,1186
2026-09-16 13:03:00,1360.00,1360.40,1359.50,1359.80,1968
2026-09-16 13:04:00,1360.30,1360.80,1359.70,1360.70,3471
2026-09-16 13:05:00,1360.50,1360.70,1359.90,1359.90,625
2026-09-16 13:06:00,1359.90,1360.40,1359.60,1359.70,2060
2026-09-16 13:07:00,1359.70,1360.10,1359.50,1359.60,576
2026-09-16 13:08:00,1360.00,1360.20,1359.50,1360.20,2030
2026-09-16 13:09:00,1360.20,1360.70,1359.80,1360.70,813
2026-09-16 13:10:00,1360.70,1360.70,1360.00,1360.00,157
2026-09-16 13:11:00,1360.30,1360.60,1359.90,1360.30,848
2026-09-16 13:12:00,1360.30,1360.30,1359.60,1359.60,551
2026-09-16 13:13:00,1359.60,1360.40,1359.40,1360.00,1249
2026-09-16 13:14:00,1360.40,1360.40,1359.90,1360.00,788
2026-09-16 13:15:00,1360.00,1360.20,1359.60,1359.80,1050
2026-09-16 13:16:00,1360.20,1360.20,1359.70,1359.80,321
2026-09-16 13:17:00,1360.00,1360.30,1359.60,1359.90,813
2026-09-16 13:18:00,1360.10,1360.60,1359.60,1360.60,583
2026-09-16 13:19:00,1360.60,1360.60,1360.00,1360.00,650
2026-09-16 13:20:00,1359.60,1360.10,1359.30,1360.00,1233
2026-09-16 13:21:00,1360.00,1360.10,1359.60,1360.00,709
2026-09-16 13:22:00,1360.00,1360.10,1359.30,1359.90,1010
2026-09-16 13:23:00,1360.00,1360.10,1359.30,1359.30,1585
2026-09-16 13:24:00,1360.00,1360.10,1359.40,1360.00,1543
2026-09-16 13:25:00,1360.00,1360.10,1359.60,1360.00,588
2026-09-16 13:26:00,1359.90,1360.10,1359.40,1359.60,965
2026-09-16 13:27:00,1359.60,1360.10,1359.50,1359.60,352
2026-09-16 13:28:00,1360.10,1360.10,1359.10,1360.00,1382
2026-09-16 13:29:00,1360.10,1360.10,1359.30,1359.90,1054
2026-09-16 13:30:00,1360.00,1360.10,1359.30,1359.60,1334
2026-09-16 13:31:00,1360.10,1360.10,1359.60,1359.90,313
2026-09-16 13:32:00,1359.90,1360.10,1359.40,1360.00,1452
2026-09-16 13:33:00,1360.10,1360.10,1359.50,1360.00,427
2026-09-16 13:34:00,1360.10,1360.10,1359.40,1359.90,1051
2026-09-16 13:35:00,1359.90,1360.10,1359.50,1359.50,337
2026-09-16 13:36:00,1360.00,1360.10,1359.40,1359.60,1229
2026-09-16 13:37:00,1360.10,1360.10,1359.40,1360.00,1354
2026-09-16 13:38:00,1360.00,1360.10,1359.50,1360.00,1698
2026-09-16 13:39:00,1360.00,1360.10,1359.40,1360.10,957
2026-09-16 13:40:00,1360.10,1360.10,1359.20,1359.40,3587
2026-09-16 13:41:00,1359.50,1360.10,1359.00,1360.00,8271
2026-09-16 13:42:00,1360.00,1360.30,1359.30,1360.10,966
2026-09-16 13:43:00,1360.10,1360.10,1359.00,1359.10,4957
2026-09-16 13:44:00,1360.00,1360.10,1359.10,1360.00,5104
2026-09-16 13:45:00,1360.00,1360.10,1359.30,1360.10,1775
2026-09-16 13:46:00,1360.00,1360.10,1359.80,1360.10,580
2026-09-16 13:47:00,1360.10,1360.10,1359.10,1359.20,1640
2026-09-16 13:48:00,1359.20,1360.10,1359.10,1359.90,1537
2026-09-16 13:49:00,1359.90,1360.10,1359.30,1359.90,1039
2026-09-16 13:50:00,1359.70,1360.10,1359.20,1359.20,1752
2026-09-16 13:51:00,1359.90,1360.10,1359.20,1359.80,1741
2026-09-16 13:52:00,1360.10,1360.60,1359.90,1360.40,533
2026-09-16 13:53:00,1359.80,1360.20,1359.60,1359.90,482
2026-09-16 13:54:00,1360.20,1360.40,1359.30,1360.40,1915
2026-09-16 13:55:00,1360.40,1360.40,1359.60,1359.60,304
2026-09-16 13:56:00,1359.80,1360.20,1359.60,1360.00,323
2026-09-16 13:57:00,1359.60,1360.10,1359.60,1360.10,459
2026-09-16 13:58:00,1359.60,1360.10,1359.60,1359.70,455
2026-09-16 13:59:00,1360.10,1360.10,1359.40,1360.10,525
2026-09-16 14:00:00,1360.00,1360.50,1359.60,1360.20,2090
2026-09-16 14:01:00,1360.50,1360.50,1359.70,1360.40,1554
2026-09-16 14:02:00,1360.40,1360.50,1359.80,1360.30,374
2026-09-16 14:03:00,1360.40,1360.40,1359.70,1359.70,799
2026-09-16 14:04:00,1360.00,1360.10,1359.70,1360.10,398
2026-09-16 14:05:00,1360.10,1360.10,1359.40,1359.40,340
2026-09-16 14:06:00,1360.00,1360.10,1359.60,1360.10,759
2026-09-16 14:07:00,1359.60,1360.10,1359.60,1360.10,687
2026-09-16 14:08:00,1360.10,1360.10,1359.30,1359.70,1208
2026-09-16 14:09:00,1359.70,1360.10,1359.10,1360.10,2318
2026-09-16 14:10:00,1360.10,1360.10,1359.60,1360.10,530
2026-09-16 14:11:00,1360.10,1360.10,1359.40,1359.60,1249
2026-09-16 14:12:00,1359.90,1360.20,1359.60,1360.20,1017
2026-09-16 14:13:00,1360.20,1360.20,1359.40,1360.10,1939
2026-09-16 14:14:00,1360.10,1360.10,1359.40,1359.80,999
2026-09-16 14:15:00,1359.90,1360.10,1359.40,1360.10,867
2026-09-16 14:16:00,1360.10,1360.10,1359.50,1360.10,342
2026-09-16 14:17:00,1360.10,1360.10,1359.60,1360.10,253
2026-09-16 14:18:00,1360.10,1360.70,1359.60,1360.50,2492
2026-09-16 14:19:00,1360.30,1360.50,1359.70,1359.90,697
2026-09-16 14:20:00,1359.90,1360.10,1359.40,1360.10,1009
2026-09-16 14:21:00,1360.10,1360.10,1359.50,1360.00,548
2026-09-16 14:22:00,1360.00,1360.10,1359.40,1359.90,1273
2026-09-16 14:23:00,1359.90,1360.10,1359.40,1360.10,1295
2026-09-16 14:24:00,1360.10,1360.10,1359.60,1360.00,327
2026-09-16 14:25:00,1360.00,1360.20,1359.60,1359.90,605
2026-09-16 14:26:00,1359.90,1360.10,1359.40,1360.10,884
2026-09-16 14:27:00,1360.10,1360.10,1359.60,1359.60,501
2026-09-16 14:28:00,1360.10,1360.10,1359.60,1359.60,583
2026-09-16 14:29:00,1360.00,1360.60,1359.80,1360.20,3457
2026-09-16 14:30:00,1360.10,1360.60,1360.00,1360.60,713
2026-09-16 14:31:00,1360.90,1360.90,1359.30,1360.00,1878
2026-09-16 14:32:00,1360.00,1360.10,1359.40,1360.10,956
2026-09-16 14:33:00,1360.10,1360.20,1359.30,1360.00,929
2026-09-16 14:34:00,1359.40,1360.10,1359.40,1359.90,1743
2026-09-16 14:35:00,1360.10,1360.10,1359.40,1359.40,1495
2026-09-16 14:36:00,1359.90,1360.10,1359.50,1360.10,1134
2026-09-16 14:37:00,1360.10,1360.10,1358.70,1359.90,4541
2026-09-16 14:38:00,1359.90,1360.20,1359.00,1360.20,3609
2026-09-16 14:39:00,1360.20,1360.50,1359.20,1360.40,1079
2026-09-16 14:40:00,1360.40,1360.40,1359.60,1359.60,622
2026-09-16 14:41:00,1359.60,1360.50,1359.60,1359.60,2161
2026-09-16 14:42:00,1360.00,1360.10,1359.30,1360.10,1459
2026-09-16 14:43:00,1360.00,1360.10,1359.40,1359.50,1362
2026-09-16 14:44:00,1360.10,1360.60,1359.30,1360.00,1525
2026-09-16 14:45:00,1360.00,1360.20,1359.30,1360.20,1299
2026-09-16 14:46:00,1360.20,1360.20,1359.60,1359.60,610
2026-09-16 14:47:00,1360.10,1360.10,1359.60,1360.10,903
2026-09-16 14:48:00,1360.10,1360.30,1359.10,1359.10,5682
2026-09-16 14:49:00,1359.50,1360.00,1359.00,1359.80,7694
2026-09-16 14:50:00,1359.70,1359.70,1358.30,1359.10,9992
2026-09-16 14:51:00,1359.00,1360.00,1358.00,1359.00,12115
2026-09-16 14:52:00,1359.20,1359.20,1357.10,1357.10,6345
2026-09-16 14:53:00,1356.90,1357.00,1355.70,1355.70,2094
2026-09-16 14:54:00,1355.70,1356.50,1355.70,1356.40,1373
2026-09-16 14:55:00,1356.00,1358.00,1356.00,1357.10,2627
2026-09-16 14:56:00,1358.20,1358.50,1358.00,1358.30,3409
2026-09-16 14:57:00,1358.40,1360.20,1358.00,1360.00,25147
2026-09-16 14:58:00,1360.00,1360.40,1359.70,1360.10,4886
2026-09-16 14:59:00,1360.10,1361.00,1360.00,1360.00,2405
2026-09-16 15:00:00,1360.00,1360.80,1360.00,1360.00,6096
2026-09-16 15:01:00,1360.10,1360.70,1360.00,1360.70,3701
2026-09-16 15:02:00,1360.10,1360.70,1360.00,1360.00,5478
2026-09-16 15:03:00,1360.00,1360.10,1360.00,1360.10,2241
2026-09-16 15:04:00,1360.10,1360.10,1359.40,1360.00,5399
2026-09-16 15:05:00,1360.00,1360.10,1359.40,1359.40,4993
2026-09-16 15:06:00,1360.00,1360.10,1360.00,1360.00,10083
2026-09-16 15:07:00,1360.00,1360.10,1360.00,1360.10,7965
2026-09-16 15:08:00,1360.00,1360.10,1359.50,1360.10,5096
2026-09-16 15:09:00,1360.00,1360.10,1360.00,1360.10,13961
2026-09-16 15:10:00,1360.10,1360.10,1360.00,1360.00,4759
2026-09-16 15:11:00,1360.10,1360.10,1360.00,1360.00,4038
2026-09-16 15:12:00,1360.00,1360.00,1358.00,1358.10,18012
2026-09-16 15:13:00,1358.20,1359.50,1358.00,1359.00,4941
2026-09-16 15:14:00,1359.20,1359.50,1358.00,1358.00,3597
2026-09-16 15:15:00,1358.00,1358.00,1358.00,1358.00,0
2026-09-16 15:16:00,1358.00,1358.00,1358.00,1358.00,0
2026-09-16 15:17:00,1358.00,1358.00,1358.00,1358.00,0
2026-09-16 15:18:00,1358.00,1358.00,1358.00,1358.00,0
2026-09-16 15:19:00,1358.00,1358.00,1358.00,1358.00,0
2026-09-16 15:20:00,1358.00,1358.00,1358.00,1358.00,0
2026-09-16 15:21:00,1358.00,1358.00,1358.00,1358.00,0
2026-09-16 15:22:00,1358.00,1358.00,1358.00,1358.00,0
2026-09-16 15:23:00,1358.00,1358.00,1358.00,1358.00,0
2026-09-16 15:24:00,1358.00,1358.00,1358.00,1358.00,0
2026-09-16 15:25:00,1358.00,1358.00,1358.00,1358.00,0
2026-09-16 15:26:00,1358.00,1358.00,1358.00,1358.00,0
2026-09-16 15:27:00,1358.00,1358.00,1358.00,1358.00,0
2026-09-16 15:28:00,1358.00,1358.00,1358.00,1358.00,0
2026-09-16 15:29:00,1358.00,1358.00,1358.00,1358.00,129290
2026-09-17 09:15:00,1362.50,1364.70,1360.00,1360.00,4562
2026-09-17 09:16:00,1359.50,1359.50,1356.20,1358.90,1682
2026-09-17 09:17:00,1358.90,1359.90,1358.00,1359.90,246
2026-09-17 09:18:00,1359.90,1360.00,1358.80,1359.90,1047
2026-09-17 09:19:00,1359.90,1362.90,1359.90,1361.60,758
2026-09-17 09:20:00,1361.60,1361.60,1359.80,1359.80,2667
2026-09-17 09:21:00,1359.80,1360.70,1358.70,1358.70,531
2026-09-17 09:22:00,1358.70,1359.00,1358.00,1358.50,692
2026-09-17 09:23:00,1358.50,1359.00,1358.00,1359.00,457
2026-09-17 09:24:00,1359.00,1359.00,1357.40,1358.40,444
2026-09-17 09:25:00,1358.30,1358.40,1357.40,1358.30,370
2026-09-17 09:26:00,1357.60,1358.70,1357.40,1357.80,758
2026-09-17 09:27:00,1357.80,1359.00,1357.80,1358.50,333
2026-09-17 09:28:00,1359.00,1359.00,1358.20,1358.20,191
2026-09-17 09:29:00,1358.70,1358.70,1357.20,1357.50,585
2026-09-17 09:30:00,1358.30,1358.50,1357.60,1357.60,555
2026-09-17 09:31:00,1358.20,1358.20,1356.20,1357.00,255
2026-09-17 09:32:00,1357.00,1357.00,1355.00,1355.10,296
2026-09-17 09:33:00,1355.10,1355.90,1355.00,1355.00,863
2026-09-17 09:34:00,1355.50,1355.80,1355.00,1355.00,102
2026-09-17 09:35:00,1355.00,1355.00,1353.50,1354.30,4490
2026-09-17 09:36:00,1354.30,1354.70,1353.40,1353.90,588
2026-09-17 09:37:00,1354.00,1354.90,1353.20,1354.70,4282
2026-09-17 09:38:00,1354.70,1355.80,1353.90,1355.80,20853
2026-09-17 09:39:00,1355.80,1355.80,1355.30,1355.60,288
2026-09-17 09:40:00,1355.60,1355.60,1355.00,1355.00,148
2026-09-17 09:41:00,1355.00,1355.80,1352.60,1352.60,1202
2026-09-17 09:42:00,1353.30,1353.70,1352.00,1352.00,1353
2026-09-17 09:43:00,1352.50,1354.00,1351.60,1354.00,1816
2026-09-17 09:44:00,1354.00,1354.80,1353.10,1354.80,2112
2026-09-17 09:45:00,1354.70,1355.60,1354.40,1355.60,1017
2026-09-17 09:46:00,1355.60,1355.60,1354.60,1355.30,480
2026-09-17 09:47:00,1354.70,1358.10,1354.70,1357.30,1693
2026-09-17 09:48:00,1357.30,1357.30,1355.90,1356.80,1065
2026-09-17 09:49:00,1356.90,1356.90,1356.20,1356.20,610
2026-09-17 09:50:00,1356.90,1356.90,1355.50,1355.60,443
2026-09-17 09:51:00,1356.40,1356.50,1355.80,1356.50,94
2026-09-17 09:52:00,1355.90,1357.10,1355.90,1356.50,723
2026-09-17 09:53:00,1357.10,1357.70,1356.10,1357.10,610
2026-09-17 09:54:00,1357.60,1357.60,1357.10,1357.50,73
2026-09-17 09:55:00,1357.40,1357.50,1356.40,1357.20,695
2026-09-17 09:56:00,1357.20,1358.00,1357.20,1358.00,365
2026-09-17 09:57:00,1358.00,1358.00,1356.60,1357.00,516
2026-09-17 09:58:00,1357.40,1357.40,1356.50,1356.80,327
2026-09-17 09:59:00,1356.80,1358.70,1356.60,1358.70,759
2026-09-17 10:00:00,1358.70,1359.00,1358.20,1359.00,309
2026-09-17 10:01:00,1359.00,1359.00,1356.30,1358.10,2131
2026-09-17 10:02:00,1358.10,1358.90,1357.90,1358.80,252
2026-09-17 10:03:00,1358.80,1359.40,1358.20,1359.10,829
2026-09-17 10:04:00,1359.40,1359.50,1358.80,1358.80,1227
2026-09-17 10:05:00,1358.70,1359.20,1357.70,1358.50,582
2026-09-17 10:06:00,1358.90,1359.00,1357.90,1357.90,485
2026-09-17 10:07:00,1358.80,1358.80,1357.80,1358.20,183
2026-09-17 10:08:00,1358.80,1359.50,1358.10,1359.10,1473
2026-09-17 10:09:00,1359.40,1359.90,1359.10,1359.30,387
2026-09-17 10:10:00,1360.00,1360.00,1359.20,1359.30,123
2026-09-17 10:11:00,1359.80,1359.80,1359.30,1359.50,343
2026-09-17 10:12:00,1359.80,1359.80,1359.50,1359.50,64
2026-09-17 10:13:00,1359.80,1359.80,1359.50,1359.50,122
2026-09-17 10:14:00,1359.80,1359.80,1358.60,1358.60,546
2026-09-17 10:15:00,1358.70,1358.70,1358.10,1358.60,286
2026-09-17 10:16:00,1358.60,1358.70,1357.10,1358.70,886
2026-09-17 10:17:00,1358.70,1358.70,1358.10,1358.10,73
2026-09-17 10:18:00,1358.40,1358.70,1358.10,1358.70,259
2026-09-17 10:19:00,1358.70,1358.70,1358.20,1358.70,176
2026-09-17 10:20:00,1357.40,1357.80,1356.80,1357.80,1228
2026-09-17 10:21:00,1357.80,1357.80,1357.20,1357.40,189
2026-09-17 10:22:00,1357.80,1357.80,1356.00,1356.10,1112
2026-09-17 10:23:00,1356.90,1356.90,1355.40,1356.30,297
2026-09-17 10:24:00,1356.30,1356.30,1355.20,1355.60,474
2026-09-17 10:25:00,1356.30,1356.50,1355.80,1356.50,602
2026-09-17 10:26:00,1356.50,1357.00,1355.70,1356.80,485
2026-09-17 10:27:00,1356.80,1357.60,1356.40,1356.60,88
2026-09-17 10:28:00,1357.60,1357.80,1356.90,1357.20,194
2026-09-17 10:29:00,1357.50,1358.10,1357.20,1358.10,193
2026-09-17 10:30:00,1358.10,1358.10,1357.50,1357.70,310
2026-09-17 10:31:00,1358.10,1358.10,1357.30,1357.50,576
2026-09-17 10:32:00,1358.00,1358.00,1356.60,1356.60,1936
2026-09-17 10:33:00,1357.50,1357.50,1355.00,1355.30,2812
2026-09-17 10:34:00,1355.80,1357.10,1355.80,1357.10,292
2026-09-17 10:35:00,1357.10,1357.70,1356.50,1357.20,178
2026-09-17 10:36:00,1357.50,1358.50,1357.30,1358.20,1441
2026-09-17 10:37:00,1358.50,1359.00,1358.50,1359.00,317
2026-09-17 10:38:00,1358.30,1358.80,1358.00,1358.10,331
2026-09-17 10:39:00,1358.60,1358.60,1358.00,1358.40,302
2026-09-17 10:40:00,1358.40,1358.50,1358.00,1358.40,54
2026-09-17 10:41:00,1358.50,1358.50,1356.10,1356.10,2256
2026-09-17 10:42:00,1357.00,1357.00,1356.10,1356.80,488
2026-09-17 10:43:00,1356.80,1357.00,1356.20,1356.30,168
2026-09-17 10:44:00,1356.90,1356.90,1356.10,1356.80,39
2026-09-17 10:45:00,1356.80,1356.80,1356.00,1356.70,747
2026-09-17 10:46:00,1357.00,1357.70,1356.70,1357.70,1184
2026-09-17 10:47:00,1357.70,1360.80,1357.30,1360.40,3430
2026-09-17 10:48:00,1360.40,1360.90,1360.00,1360.90,821
2026-09-17 10:49:00,1360.90,1361.20,1360.30,1360.70,1913
2026-09-17 10:50:00,1360.50,1360.50,1359.20,1359.20,637
2026-09-17 10:51:00,1360.00,1360.90,1359.40,1360.90,1211
2026-09-17 10:52:00,1360.90,1360.90,1359.80,1360.00,99
2026-09-17 10:53:00,1360.60,1360.60,1360.30,1360.30,61
2026-09-17 10:54:00,1360.60,1360.60,1359.80,1360.30,118
2026-09-17 10:55:00,1360.30,1360.50,1359.80,1359.90,159
2026-09-17 10:56:00,1360.30,1360.60,1359.90,1360.10,193
2026-09-17 10:57:00,1360.60,1361.30,1360.20,1360.60,388
2026-09-17 10:58:00,1361.40,1361.40,1360.70,1361.40,107
2026-09-17 10:59:00,1361.30,1362.90,1360.90,1362.60,1082
2026-09-17 11:00:00,1362.90,1362.90,1362.60,1362.80,99
2026-09-17 11:01:00,1362.80,1363.10,1362.60,1363.10,734
2026-09-17 11:02:00,1363.50,1363.80,1362.10,1362.10,1305
2026-09-17 11:03:00,1362.70,1362.70,1361.50,1362.00,711
2026-09-17 11:04:00,1362.00,1362.00,1361.10,1361.70,570
2026-09-17 11:05:00,1361.70,1362.00,1360.90,1361.30,673
2026-09-17 11:06:00,1361.90,1361.90,1360.90,1361.30,127
2026-09-17 11:07:00,1361.30,1361.30,1360.70,1360.70,347
2026-09-17 11:08:00,1360.70,1360.70,1360.00,1360.40,197
2026-09-17 11:09:00,1360.40,1361.00,1360.20,1360.50,379
2026-09-17 11:10:00,1360.50,1360.90,1359.60,1360.50,241
2026-09-17 11:11:00,1360.50,1360.90,1359.80,1360.80,111
2026-09-17 11:12:00,1360.80,1360.90,1360.30,1360.90,288
2026-09-17 11:13:00,1360.90,1360.90,1360.30,1360.90,46
2026-09-17 11:14:00,1361.30,1361.50,1360.50,1361.30,78
2026-09-17 11:15:00,1361.30,1361.30,1360.70,1361.30,824
2026-09-17 11:16:00,1361.30,1361.50,1360.10,1361.30,1839
2026-09-17 11:17:00,1361.40,1362.60,1361.40,1361.60,367
2026-09-17 11:18:00,1362.20,1362.30,1361.50,1361.50,561
2026-09-17 11:19:00,1362.00,1362.40,1361.50,1362.40,149
2026-09-17 11:20:00,1362.20,1362.40,1361.60,1362.40,209
2026-09-17 11:21:00,1362.40,1362.90,1362.40,1362.90,250
2026-09-17 11:22:00,1362.90,1362.90,1361.90,1362.00,4954
2026-09-17 11:23:00,1361.90,1362.80,1361.10,1362.40,7255
2026-09-17 11:24:00,1361.60,1362.30,1361.10,1361.90,182
2026-09-17 11:25:00,1361.90,1362.30,1361.00,1362.00,1104
2026-09-17 11:26:00,1362.00,1362.90,1361.60,1361.70,757
2026-09-17 11:27:00,1362.40,1362.40,1361.70,1362.20,143
2026-09-17 11:28:00,1362.10,1362.90,1361.70,1362.40,138
2026-09-17 11:29:00,1362.40,1363.10,1361.70,1362.30,606
2026-09-17 11:30:00,1363.10,1363.10,1362.20,1363.00,69
2026-09-17 11:31:00,1362.20,1363.00,1362.00,1362.80,651
2026-09-17 11:32:00,1362.70,1363.00,1362.00,1363.00,217
2026-09-17 11:33:00,1363.10,1363.50,1362.80,1363.40,297
2026-09-17 11:34:00,1363.30,1363.40,1362.80,1363.40,253
2026-09-17 11:35:00,1363.40,1363.40,1362.50,1362.70,81
2026-09-17 11:36:00,1362.60,1362.60,1361.60,1362.30,1512
2026-09-17 11:37:00,1362.00,1363.00,1362.00,1363.00,1228
2026-09-17 11:38:00,1363.00,1367.60,1362.90,1365.50,43699
2026-09-17 11:39:00,1365.50,1366.30,1365.00,1366.30,809
2026-09-17 11:40:00,1366.30,1368.90,1366.00,1367.20,4389
2026-09-17 11:41:00,1367.90,1370.00,1367.50,1368.20,7568
2026-09-17 11:42:00,1368.80,1372.10,1368.20,1371.10,6718
2026-09-17 11:43:00,1371.70,1371.70,1370.50,1371.00,1184
2026-09-17 11:44:00,1371.00,1371.80,1370.60,1371.50,2520
2026-09-17 11:45:00,1371.00,1371.50,1371.00,1371.50,640
2026-09-17 11:46:00,1371.50,1371.50,1371.00,1371.50,434
2026-09-17 11:47:00,1371.50,1371.90,1371.00,1371.20,497
2026-09-17 11:48:00,1371.20,1371.90,1370.80,1370.80,1777
2026-09-17 11:49:00,1371.50,1371.60,1370.80,1371.00,338
2026-09-17 11:50:00,1371.40,1371.40,1370.30,1371.20,6405
2026-09-17 11:51:00,1370.60,1371.40,1370.60,1371.40,173
2026-09-17 11:52:00,1371.00,1371.60,1371.00,1371.60,1182
2026-09-17 11:53:00,1371.60,1371.70,1368.00,1368.20,9573
2026-09-17 11:54:00,1368.20,1369.10,1368.20,1368.60,720
2026-09-17 11:55:00,1368.40,1370.10,1367.70,1369.50,2573
2026-09-17 11:56:00,1369.60,1370.10,1368.30,1368.70,23564
2026-09-17 11:57:00,1369.40,1375.00,1368.60,1374.00,12725
2026-09-17 11:58:00,1374.10,1375.10,1372.90,1374.00,7479
2026-09-17 11:59:00,1374.20,1374.20,1373.10,1373.10,388
2026-09-17 12:00:00,1373.50,1373.50,1372.20,1372.80,306
2026-09-17 12:01:00,1372.60,1372.80,1371.60,1372.40,412
2026-09-17 12:02:00,1371.60,1372.30,1370.90,1371.50,316
2026-09-17 12:03:00,1371.00,1371.50,1370.70,1371.40,55
2026-09-17 12:04:00,1371.30,1372.60,1370.80,1372.50,749
2026-09-17 12:05:00,1372.60,1374.20,1372.60,1374.20,1080
2026-09-17 12:06:00,1374.00,1374.00,1373.60,1373.70,256
2026-09-17 12:07:00,1373.70,1377.70,1373.70,1376.20,20507
2026-09-17 12:08:00,1376.70,1376.70,1375.70,1375.70,167
2026-09-17 12:09:00,1376.20,1376.20,1375.70,1375.70,178
2026-09-17 12:10:00,1375.20,1375.70,1374.80,1375.00,733
2026-09-17 12:11:00,1375.50,1375.50,1374.80,1375.50,111
2026-09-17 12:12:00,1375.00,1375.50,1374.80,1375.30,352
2026-09-17 12:13:00,1375.00,1375.30,1375.00,1375.20,431
2026-09-17 12:14:00,1375.20,1376.20,1375.00,1376.20,1964
2026-09-17 12:15:00,1375.80,1376.40,1375.60,1375.60,88
2026-09-17 12:16:00,1376.10,1376.20,1375.50,1375.60,278
2026-09-17 12:17:00,1376.20,1376.20,1375.30,1376.10,48
2026-09-17 12:18:00,1376.00,1378.00,1375.30,1376.10,11444
2026-09-17 12:19:00,1376.10,1376.10,1375.00,1375.70,743
2026-09-17 12:20:00,1375.60,1375.60,1374.80,1375.60,167
2026-09-17 12:21:00,1375.00,1375.60,1374.80,1374.80,223
2026-09-17 12:22:00,1375.00,1375.60,1374.70,1375.50,244
2026-09-17 12:23:00,1375.00,1376.00,1375.00,1376.00,328
2026-09-17 12:24:00,1375.70,1376.50,1375.70,1376.50,202
2026-09-17 12:25:00,1376.40,1376.50,1375.90,1376.40,41
2026-09-17 12:26:00,1376.40,1376.40,1375.40,1375.90,372
2026-09-17 12:27:00,1375.50,1376.20,1375.50,1376.00,80
2026-09-17 12:28:00,1375.60,1376.40,1375.50,1376.00,544
2026-09-17 12:29:00,1376.00,1376.50,1375.90,1376.00,204
2026-09-17 12:30:00,1376.30,1376.30,1375.70,1375.90,59
2026-09-17 12:31:00,1375.90,1381.50,1375.90,1381.00,18852
2026-09-17 12:32:00,1381.20,1381.80,1380.50,1381.70,909
2026-09-17 12:33:00,1381.30,1381.90,1381.10,1381.90,1253
2026-09-17 12:34:00,1381.90,1382.00,1381.10,1381.10,197
2026-09-17 12:35:00,1381.10,1381.40,1380.50,1380.50,186
2026-09-17 12:36:00,1380.90,1381.00,1380.60,1381.00,316
2026-09-17 12:37:00,1381.00,1381.00,1380.30,1380.50,709
2026-09-17 12:38:00,1381.00,1381.00,1380.50,1380.80,139
2026-09-17 12:39:00,1380.50,1381.00,1380.50,1380.60,155
2026-09-17 12:40:00,1380.60,1381.00,1380.50,1381.00,182
2026-09-17 12:41:00,1380.60,1381.00,1380.10,1380.80,166
2026-09-17 12:42:00,1380.20,1380.60,1379.10,1380.20,1176
2026-09-17 12:43:00,1379.30,1379.80,1379.10,1379.70,299
2026-09-17 12:44:00,1379.70,1379.70,1378.80,1379.30,64
2026-09-17 12:45:00,1378.80,1379.30,1378.60,1378.90,272
2026-09-17 12:46:00,1378.90,1379.60,1378.60,1379.30,377
2026-09-17 12:47:00,1379.00,1379.30,1378.40,1378.40,449
2026-09-17 12:48:00,1379.00,1379.00,1378.20,1378.90,279
2026-09-17 12:49:00,1378.20,1378.90,1378.20,1378.80,59
2026-09-17 12:50:00,1378.70,1378.70,1377.70,1378.50,395
2026-09-17 12:51:00,1378.50,1378.50,1378.00,1378.20,192
2026-09-17 12:52:00,1378.40,1379.00,1378.40,1379.00,213
2026-09-17 12:53:00,1378.80,1379.40,1378.30,1379.00,1247
2026-09-17 12:54:00,1378.50,1379.00,1378.50,1378.50,60
2026-09-17 12:55:00,1378.50,1379.00,1378.30,1378.90,41
2026-09-17 12:56:00,1378.90,1378.90,1378.30,1378.80,48
2026-09-17 12:57:00,1378.20,1378.80,1378.20,1378.80,103
2026-09-17 12:58:00,1378.80,1378.80,1378.20,1378.80,65
2026-09-17 12:59:00,1378.20,1378.80,1378.20,1378.60,104
2026-09-17 13:00:00,1378.60,1378.80,1378.30,1378.80,88
2026-09-17 13:01:00,1378.80,1378.80,1378.30,1378.80,62
2026-09-17 13:02:00,1378.30,1378.50,1378.00,1378.50,156
2026-09-17 13:03:00,1378.00,1378.50,1377.60,1377.60,151
2026-09-17 13:04:00,1378.00,1378.00,1376.70,1376.80,541
2026-09-17 13:05:00,1376.10,1376.80,1375.90,1376.60,256
2026-09-17 13:06:00,1376.60,1376.60,1376.10,1376.20,89
2026-09-17 13:07:00,1376.50,1376.50,1376.20,1376.50,136
2026-09-17 13:08:00,1376.50,1376.50,1376.20,1376.20,97
2026-09-17 13:09:00,1376.50,1376.50,1376.20,1376.20,39
2026-09-17 13:10:00,1376.50,1376.50,1376.20,1376.50,45
2026-09-17 13:11:00,1376.20,1376.50,1376.20,1376.50,166
2026-09-17 13:12:00,1376.50,1376.50,1375.40,1376.10,1034
2026-09-17 13:13:00,1376.00,1376.00,1375.10,1375.10,2142
2026-09-17 13:14:00,1375.50,1375.50,1375.10,1375.20,43
2026-09-17 13:15:00,1375.10,1375.60,1375.10,1375.10,315
2026-09-17 13:16:00,1375.10,1375.40,1375.00,1375.00,168
2026-09-17 13:17:00,1375.30,1375.30,1375.00,1375.30,746
2026-09-17 13:18:00,1375.00,1375.30,1375.00,1375.00,49
2026-09-17 13:19:00,1375.30,1375.30,1375.00,1375.30,79
2026-09-17 13:20:00,1375.00,1375.30,1375.00,1375.30,160
2026-09-17 13:21:00,1375.10,1375.30,1375.10,1375.30,101
2026-09-17 13:22:00,1375.20,1375.30,1375.00,1375.30,143
2026-09-17 13:23:00,1375.30,1375.30,1375.00,1375.30,49
2026-09-17 13:24:00,1375.00,1375.30,1375.00,1375.00,1620
2026-09-17 13:25:00,1375.10,1375.30,1375.00,1375.00,820
2026-09-17 13:26:00,1375.00,1375.30,1375.00,1375.00,541
2026-09-17 13:27:00,1375.20,1375.30,1375.00,1375.10,1361
2026-09-17 13:28:00,1375.20,1375.40,1374.40,1375.30,4326
2026-09-17 13:29:00,1375.60,1375.60,1374.30,1375.30,7040
2026-09-17 13:30:00,1374.90,1374.90,1372.90,1373.60,3603
2026-09-17 13:31:00,1374.20,1375.10,1373.70,1373.70,6277
2026-09-17 13:32:00,1374.20,1375.30,1374.20,1375.30,6301
2026-09-17 13:33:00,1375.30,1375.50,1375.00,1375.00,431
2026-09-17 13:34:00,1375.20,1375.50,1375.00,1375.40,69
2026-09-17 13:35:00,1375.00,1375.10,1374.50,1375.00,5546
2026-09-17 13:36:00,1375.30,1375.50,1375.00,1375.00,489
2026-09-17 13:37:00,1375.50,1376.10,1375.00,1375.30,224
2026-09-17 13:38:00,1375.70,1375.70,1375.00,1375.70,623
2026-09-17 13:39:00,1375.70,1376.10,1375.30,1376.10,75
2026-09-17 13:40:00,1376.10,1376.10,1375.50,1376.10,64
2026-09-17 13:41:00,1376.10,1376.10,1375.60,1376.00,93
2026-09-17 13:42:00,1375.60,1376.00,1375.60,1375.90,185
2026-09-17 13:43:00,1375.60,1375.90,1375.60,1375.70,105
2026-09-17 13:44:00,1375.90,1377.60,1375.70,1376.50,1271
2026-09-17 13:45:00,1377.40,1377.40,1376.60,1377.40,49
2026-09-17 13:46:00,1377.40,1377.50,1376.70,1377.50,42
2026-09-17 13:47:00,1377.10,1377.50,1377.10,1377.40,83
2026-09-17 13:48:00,1377.40,1377.40,1376.70,1376.70,289
2026-09-17 13:49:00,1377.00,1377.10,1376.70,1377.10,61
2026-09-17 13:50:00,1377.10,1377.50,1376.70,1377.50,595
2026-09-17 13:51:00,1377.50,1377.50,1376.80,1377.50,75
2026-09-17 13:52:00,1377.50,1377.50,1376.70,1377.50,224
2026-09-17 13:53:00,1376.90,1377.50,1376.80,1377.40,41
2026-09-17 13:54:00,1377.30,1377.30,1376.00,1376.00,209
2026-09-17 13:55:00,1376.60,1376.60,1375.80,1376.50,134
2026-09-17 13:56:00,1376.50,1376.50,1375.70,1375.70,128
2026-09-17 13:57:00,1376.40,1376.40,1375.70,1376.30,178
2026-09-17 13:58:00,1376.30,1376.30,1375.70,1376.30,348
2026-09-17 13:59:00,1375.80,1376.30,1375.00,1375.00,166
2026-09-17 14:00:00,1375.60,1375.90,1375.00,1375.10,363
2026-09-17 14:01:00,1375.80,1375.80,1375.10,1375.20,182
2026-09-17 14:02:00,1375.80,1375.80,1375.20,1375.80,50
2026-09-17 14:03:00,1375.20,1375.80,1375.20,1375.20,93
2026-09-17 14:04:00,1375.80,1375.80,1375.20,1375.70,36
2026-09-17 14:05:00,1375.70,1375.70,1375.20,1375.20,59
2026-09-17 14:06:00,1375.70,1375.70,1375.30,1375.30,73
2026-09-17 14:07:00,1375.70,1376.30,1375.30,1376.30,163
2026-09-17 14:08:00,1376.30,1376.30,1375.90,1375.90,72
2026-09-17 14:09:00,1376.10,1376.90,1376.10,1376.50,90
2026-09-17 14:10:00,1376.20,1376.50,1376.20,1376.20,68
2026-09-17 14:11:00,1376.10,1376.50,1375.40,1376.00,716
2026-09-17 14:12:00,1375.60,1376.00,1375.50,1375.50,61
2026-09-17 14:13:00,1375.80,1376.40,1375.50,1376.00,246
2026-09-17 14:14:00,1376.00,1376.30,1375.70,1375.70,57
2026-09-17 14:15:00,1375.70,1376.20,1375.30,1375.60,177
2026-09-17 14:16:00,1375.30,1375.60,1375.30,1375.60,55
2026-09-17 14:17:00,1375.30,1375.60,1375.30,1375.60,57
2026-09-17 14:18:00,1375.70,1376.50,1375.70,1376.50,609
2026-09-17 14:19:00,1376.50,1376.50,1376.00,1376.10,64
2026-09-17 14:20:00,1376.00,1376.50,1376.00,1376.50,45
2026-09-17 14:21:00,1376.00,1377.00,1376.00,1376.70,1040
2026-09-17 14:22:00,1377.00,1377.00,1376.80,1377.00,40
2026-09-17 14:23:00,1377.00,1378.50,1376.40,1377.80,5745
2026-09-17 14:24:00,1378.90,1379.30,1377.60,1379.30,7495
2026-09-17 14:25:00,1379.00,1379.70,1377.70,1378.30,22463
2026-09-17 14:26:00,1379.20,1379.20,1377.30,1378.00,516
2026-09-17 14:27:00,1378.00,1378.00,1376.70,1376.90,692
2026-09-17 14:28:00,1377.60,1378.40,1376.40,1377.50,9635
2026-09-17 14:29:00,1377.80,1377.80,1377.20,1377.40,166
2026-09-17 14:30:00,1377.50,1378.80,1377.40,1378.80,317
2026-09-17 14:31:00,1378.30,1378.80,1378.00,1378.40,79
2026-09-17 14:32:00,1378.00,1378.90,1378.00,1378.50,345
2026-09-17 14:33:00,1378.40,1379.20,1378.00,1379.10,832
2026-09-17 14:34:00,1378.80,1380.00,1377.70,1379.10,11872
2026-09-17 14:35:00,1380.70,1380.70,1378.00,1379.20,6834
2026-09-17 14:36:00,1378.50,1379.20,1378.10,1379.00,483
2026-09-17 14:37:00,1379.00,1379.00,1378.40,1378.80,34
2026-09-17 14:38:00,1378.40,1378.60,1377.70,1378.40,382
2026-09-17 14:39:00,1377.90,1380.40,1377.90,1380.40,14155
2026-09-17 14:40:00,1380.40,1380.40,1378.50,1380.30,9421
2026-09-17 14:41:00,1380.30,1380.30,1380.00,1380.30,611
2026-09-17 14:42:00,1380.30,1380.50,1380.00,1380.50,752
2026-09-17 14:43:00,1380.00,1380.80,1380.00,1380.40,1756
2026-09-17 14:44:00,1380.00,1380.40,1379.30,1380.10,1956
2026-09-17 14:45:00,1380.00,1380.10,1380.00,1380.10,6518
2026-09-17 14:46:00,1380.10,1380.10,1378.60,1378.70,3531
2026-09-17 14:47:00,1378.60,1380.30,1378.10,1380.30,8799
2026-09-17 14:48:00,1380.20,1380.30,1380.00,1380.10,3591
2026-09-17 14:49:00,1379.60,1380.10,1379.40,1379.60,3004
2026-09-17 14:50:00,1379.30,1380.30,1379.00,1380.00,5298
2026-09-17 14:51:00,1380.30,1380.30,1379.60,1380.30,3773
2026-09-17 14:52:00,1380.20,1380.30,1379.80,1379.80,3719
2026-09-17 14:53:00,1379.70,1380.30,1379.70,1380.00,3557
2026-09-17 14:54:00,1380.50,1380.50,1379.30,1379.50,12337
2026-09-17 14:55:00,1379.30,1379.80,1378.50,1379.00,2479
2026-09-17 14:56:00,1378.70,1378.80,1378.10,1378.70,1238
2026-09-17 14:57:00,1378.70,1378.70,1378.10,1378.30,2027
2026-09-17 14:58:00,1378.40,1378.60,1378.10,1378.20,158
2026-09-17 14:59:00,1378.20,1379.40,1378.20,1379.40,6279
2026-09-17 15:00:00,1379.30,1380.20,1378.50,1380.00,25492
2026-09-17 15:01:00,1380.00,1380.50,1380.00,1380.10,14335
2026-09-17 15:02:00,1380.00,1380.20,1379.20,1380.20,7995
2026-09-17 15:03:00,1380.00,1380.80,1380.00,1380.80,5732
2026-09-17 15:04:00,1380.60,1381.00,1380.30,1380.90,5522
2026-09-17 15:05:00,1380.60,1381.00,1380.60,1380.60,7713
2026-09-17 15:06:00,1380.80,1381.00,1379.80,1379.80,5189
2026-09-17 15:07:00,1379.50,1380.80,1379.50,1380.40,5761
2026-09-17 15:08:00,1380.40,1380.80,1380.00,1380.00,4843
2026-09-17 15:09:00,1380.00,1380.40,1380.00,1380.00,7424
2026-09-17 15:10:00,1380.20,1380.20,1380.00,1380.10,18162
2026-09-17 15:11:00,1378.70,1378.90,1378.40,1378.90,6293
2026-09-17 15:12:00,1378.90,1379.90,1377.80,1377.80,11469
2026-09-17 15:13:00,1377.80,1380.10,1377.70,1380.10,17324
2026-09-17 15:14:00,1380.10,1385.00,1380.00,1385.00,10801
2026-09-17 15:15:00,1385.00,1385.00,1385.00,1385.00,0
2026-09-17 15:16:00,1385.00,1385.00,1385.00,1385.00,0
2026-09-17 15:17:00,1385.00,1385.00,1385.00,1385.00,0
2026-09-17 15:18:00,1385.00,1385.00,1385.00,1385.00,0
2026-09-17 15:19:00,1385.00,1385.00,1385.00,1385.00,0
2026-09-17 15:20:00,1385.00,1385.00,1385.00,1385.00,0
2026-09-17 15:21:00,1385.00,1385.00,1385.00,1385.00,0
2026-09-17 15:22:00,1385.00,1385.00,1385.00,1385.00,0
2026-09-17 15:23:00,1385.00,1385.00,1385.00,1385.00,0
2026-09-17 15:24:00,1385.00,1385.00,1385.00,1385.00,0
2026-09-17 15:25:00,1385.00,1385.00,1385.00,1385.00,0
2026-09-17 15:26:00,1385.00,1385.00,1385.00,1385.00,0
2026-09-17 15:27:00,1385.00,1385.00,1385.00,1385.00,0
2026-09-17 15:28:00,1385.00,1385.00,1376.30,1376.30,18956
2026-09-17 15:29:00,1376.30,1376.30,1376.30,1376.30,0
2026-09-18 09:15:00,1371.70,1382.90,1371.70,1380.80,6305
2026-09-18 09:16:00,1380.80,1389.60,1380.80,1389.10,7856
2026-09-18 09:17:00,1389.10,1392.60,1388.00,1388.70,6063
2026-09-18 09:18:00,1388.00,1388.00,1383.60,1383.60,953
2026-09-18 09:19:00,1382.70,1382.80,1381.30,1381.70,4870
2026-09-18 09:20:00,1382.10,1384.10,1382.10,1383.50,2367
2026-09-18 09:21:00,1383.90,1383.90,1382.00,1383.70,1014
2026-09-18 09:22:00,1383.70,1385.70,1383.70,1385.60,1657
2026-09-18 09:23:00,1385.10,1385.60,1384.10,1384.70,903
2026-09-18 09:24:00,1384.10,1384.50,1382.70,1384.50,1463
2026-09-18 09:25:00,1384.50,1384.50,1383.40,1384.00,333
2026-09-18 09:26:00,1383.50,1384.00,1383.30,1383.30,301
2026-09-18 09:27:00,1383.30,1384.00,1383.10,1383.40,210
2026-09-18 09:28:00,1383.20,1384.40,1383.20,1383.80,2078
2026-09-18 09:29:00,1383.70,1384.90,1383.70,1384.60,1235
2026-09-18 09:30:00,1384.30,1384.60,1383.50,1384.10,559
2026-09-18 09:31:00,1384.00,1384.00,1380.60,1380.60,2525
2026-09-18 09:32:00,1380.80,1380.80,1379.00,1379.00,845
2026-09-18 09:33:00,1380.10,1380.70,1379.00,1379.80,1653
2026-09-18 09:34:00,1379.80,1379.80,1378.50,1378.50,1081
2026-09-18 09:35:00,1379.00,1379.70,1378.20,1378.70,1461
2026-09-18 09:36:00,1378.70,1378.70,1377.60,1378.50,1408
2026-09-18 09:37:00,1378.50,1380.40,1378.00,1380.00,1147
2026-09-18 09:38:00,1380.00,1380.20,1378.10,1380.00,4096
2026-09-18 09:39:00,1379.40,1380.00,1379.40,1379.70,200
2026-09-18 09:40:00,1379.00,1380.00,1379.00,1380.00,1189
2026-09-18 09:41:00,1380.00,1380.80,1379.60,1380.80,732
2026-09-18 09:42:00,1380.80,1380.80,1380.80,1380.80,136
2026-09-18 09:43:00,1380.80,1380.80,1380.00,1380.50,284
2026-09-18 09:44:00,1380.50,1381.90,1380.50,1381.50,1542
2026-09-18 09:45:00,1381.80,1384.70,1381.80,1384.10,1212
2026-09-18 09:46:00,1384.60,1384.70,1384.10,1384.70,729
2026-09-18 09:47:00,1384.70,1384.70,1384.40,1384.70,213
2026-09-18 09:48:00,1384.70,1384.70,1384.50,1384.50,458
2026-09-18 09:49:00,1384.50,1384.50,1384.30,1384.30,364
2026-09-18 09:50:00,1384.30,1384.50,1384.30,1384.40,497
2026-09-18 09:51:00,1384.40,1384.40,1384.00,1384.40,1538
2026-09-18 09:52:00,1384.40,1385.30,1384.40,1385.00,1179
2026-09-18 09:53:00,1385.00,1385.30,1385.00,1385.20,1417
2026-09-18 09:54:00,1386.00,1386.20,1385.50,1385.50,5511
2026-09-18 09:55:00,1385.50,1386.30,1385.50,1386.10,2650
2026-09-18 09:56:00,1385.80,1386.00,1385.50,1385.50,607
2026-09-18 09:57:00,1386.00,1386.00,1385.00,1385.50,796
2026-09-18 09:58:00,1385.50,1385.50,1384.00,1384.10,984
2026-09-18 09:59:00,1384.00,1384.00,1382.70,1383.50,938
2026-09-18 10:00:00,1382.20,1382.90,1382.20,1382.90,601
2026-09-18 10:01:00,1382.90,1382.90,1381.10,1381.90,3040
2026-09-18 10:02:00,1381.40,1381.40,1381.00,1381.40,670
2026-09-18 10:03:00,1380.80,1380.90,1380.40,1380.70,1237
2026-09-18 10:04:00,1380.40,1380.70,1380.40,1380.50,858
2026-09-18 10:05:00,1380.80,1381.20,1380.80,1381.20,5273
2026-09-18 10:06:00,1381.20,1381.80,1381.20,1381.80,2141
2026-09-18 10:07:00,1381.80,1381.80,1381.50,1381.80,1752
2026-09-18 10:08:00,1381.80,1381.80,1381.30,1381.60,829
2026-09-18 10:09:00,1381.30,1381.60,1381.20,1381.30,348
2026-09-18 10:10:00,1381.30,1382.40,1381.30,1382.20,1632
2026-09-18 10:11:00,1382.20,1382.20,1381.80,1382.20,348
2026-09-18 10:12:00,1381.80,1382.10,1381.20,1381.40,743
2026-09-18 10:13:00,1381.80,1381.90,1381.30,1381.30,1414
2026-09-18 10:14:00,1381.40,1381.80,1381.30,1381.30,327
2026-09-18 10:15:00,1381.60,1381.60,1381.10,1381.10,1303
2026-09-18 10:16:00,1381.10,1381.40,1381.10,1381.20,124
2026-09-18 10:17:00,1381.20,1382.70,1380.50,1382.30,1621
2026-09-18 10:18:00,1382.30,1382.70,1381.80,1382.50,818
2026-09-18 10:19:00,1382.00,1382.00,1381.80,1382.00,187
2026-09-18 10:20:00,1382.00,1382.00,1381.40,1381.40,232
2026-09-18 10:21:00,1382.00,1382.00,1381.50,1382.00,70
2026-09-18 10:22:00,1382.00,1382.00,1381.60,1381.60,434
2026-09-18 10:23:00,1382.00,1382.00,1381.40,1381.40,112
2026-09-18 10:24:00,1381.30,1381.90,1380.80,1381.60,270
2026-09-18 10:25:00,1381.60,1381.60,1381.10,1381.10,45
2026-09-18 10:26:00,1381.10,1382.30,1381.10,1382.00,1590
2026-09-18 10:27:00,1382.30,1382.30,1381.80,1382.10,133
2026-09-18 10:28:00,1382.10,1382.10,1381.40,1382.00,299
2026-09-18 10:29:00,1382.00,1382.20,1381.80,1381.80,795
2026-09-18 10:30:00,1381.80,1382.20,1380.50,1380.60,595
2026-09-18 10:31:00,1381.00,1381.00,1380.40,1380.70,176
2026-09-18 10:32:00,1380.90,1381.50,1380.90,1381.30,1075
2026-09-18 10:33:00,1380.80,1380.80,1380.70,1380.80,127
2026-09-18 10:34:00,1380.70,1380.80,1379.40,1380.00,2356
2026-09-18 10:35:00,1379.50,1380.00,1379.50,1379.60,924
2026-09-18 10:36:00,1379.50,1379.70,1379.50,1379.70,1188
2026-09-18 10:37:00,1380.10,1380.50,1379.40,1380.50,574
2026-09-18 10:38:00,1380.20,1380.50,1380.00,1380.50,239
2026-09-18 10:39:00,1380.00,1380.50,1379.30,1379.30,118
2026-09-18 10:40:00,1379.30,1379.90,1379.00,1379.10,279
2026-09-18 10:41:00,1379.10,1379.20,1379.10,1379.20,196
2026-09-18 10:42:00,1379.20,1379.60,1379.20,1379.20,983
2026-09-18 10:43:00,1379.60,1379.60,1379.10,1379.10,176
2026-09-18 10:44:00,1379.10,1379.60,1379.10,1379.20,117
2026-09-18 10:45:00,1379.20,1379.60,1379.10,1379.20,312
2026-09-18 10:46:00,1379.20,1379.50,1379.10,1379.50,161
2026-09-18 10:47:00,1379.10,1379.50,1379.10,1379.50,383
2026-09-18 10:48:00,1379.20,1379.40,1379.10,1379.40,245
2026-09-18 10:49:00,1379.30,1379.40,1379.20,1379.40,49
2026-09-18 10:50:00,1379.20,1379.40,1378.90,1379.10,287
2026-09-18 10:51:00,1378.90,1379.40,1378.90,1379.20,1200
2026-09-18 10:52:00,1379.30,1379.30,1379.10,1379.30,391
2026-09-18 10:53:00,1379.10,1379.10,1376.40,1376.40,16727
2026-09-18 10:54:00,1376.60,1376.60,1375.90,1376.00,239
2026-09-18 10:55:00,1376.00,1376.60,1375.40,1375.50,1242
2026-09-18 10:56:00,1375.50,1377.00,1375.30,1377.00,15460
2026-09-18 10:57:00,1376.60,1377.00,1376.60,1376.60,3559
2026-09-18 10:58:00,1376.90,1376.90,1374.10,1374.10,39255
2026-09-18 10:59:00,1374.30,1374.70,1374.20,1374.70,8591
2026-09-18 11:00:00,1374.70,1374.70,1374.20,1374.40,231
2026-09-18 11:01:00,1374.40,1374.40,1374.10,1374.10,467
2026-09-18 11:02:00,1374.10,1374.10,1373.30,1373.80,1443
2026-09-18 11:03:00,1373.80,1373.80,1373.40,1373.60,394
2026-09-18 11:04:00,1373.60,1373.60,1373.40,1373.40,308
2026-09-18 11:05:00,1373.50,1373.50,1372.70,1372.70,497
2026-09-18 11:06:00,1372.90,1373.40,1372.90,1373.40,462
2026-09-18 11:07:00,1373.40,1373.40,1373.40,1373.40,513
2026-09-18 11:08:00,1373.40,1374.00,1373.40,1374.00,3632
2026-09-18 11:09:00,1374.00,1374.00,1373.30,1373.50,1261
2026-09-18 11:10:00,1373.50,1373.50,1373.30,1373.50,332
2026-09-18 11:11:00,1373.50,1373.50,1373.50,1373.50,127
2026-09-18 11:12:00,1373.50,1373.50,1373.40,1373.50,640
2026-09-18 11:13:00,1373.50,1373.50,1373.20,1373.40,1523
2026-09-18 11:14:00,1373.40,1373.40,1373.10,1373.10,644
2026-09-18 11:15:00,1373.30,1374.90,1372.90,1374.90,33461
2026-09-18 11:16:00,1375.00,1375.90,1375.00,1375.30,9977
2026-09-18 11:17:00,1375.30,1378.00,1375.10,1377.90,10010
2026-09-18 11:18:00,1377.50,1378.70,1377.40,1378.70,5908
2026-09-18 11:19:00,1378.80,1379.00,1378.70,1378.80,473
2026-09-18 11:20:00,1378.70,1378.70,1378.20,1378.60,1481
2026-09-18 11:21:00,1378.60,1378.70,1378.50,1378.70,253
2026-09-18 11:22:00,1378.70,1378.70,1378.30,1378.40,95
2026-09-18 11:23:00,1378.40,1378.80,1378.20,1378.80,589
2026-09-18 11:24:00,1378.50,1379.30,1378.40,1378.90,2022
2026-09-18 11:25:00,1378.90,1379.30,1378.00,1378.00,706
2026-09-18 11:26:00,1378.10,1378.10,1378.00,1378.00,440
2026-09-18 11:27:00,1378.00,1378.10,1378.00,1378.00,320
2026-09-18 11:28:00,1377.90,1379.70,1376.60,1379.20,5215
2026-09-18 11:29:00,1379.80,1379.80,1378.80,1378.80,1196
2026-09-18 11:30:00,1378.80,1379.40,1378.80,1378.90,106
2026-09-18 11:31:00,1379.30,1379.30,1378.30,1378.70,457
2026-09-18 11:32:00,1378.20,1378.80,1378.10,1378.80,1248
2026-09-18 11:33:00,1378.60,1379.40,1378.60,1379.30,823
2026-09-18 11:34:00,1379.30,1379.30,1378.40,1378.80,2901
2026-09-18 11:35:00,1378.80,1378.80,1377.50,1377.50,2532
2026-09-18 11:36:00,1377.60,1378.10,1377.50,1378.00,2796
2026-09-18 11:37:00,1378.10,1378.10,1378.00,1378.00,67
2026-09-18 11:38:00,1378.10,1378.10,1378.00,1378.00,166
2026-09-18 11:39:00,1378.00,1378.10,1378.00,1378.00,1085
2026-09-18 11:40:00,1378.10,1378.10,1378.00,1378.00,265
2026-09-18 11:41:00,1378.10,1378.10,1378.00,1378.00,130
2026-09-18 11:42:00,1378.10,1378.10,1377.60,1377.60,658
2026-09-18 11:43:00,1377.60,1379.00,1377.50,1379.00,3641
2026-09-18 11:44:00,1379.50,1379.50,1379.10,1379.10,1195
2026-09-18 11:45:00,1379.30,1380.50,1379.10,1380.40,4183
2026-09-18 11:46:00,1380.40,1380.40,1379.70,1379.70,1654
2026-09-18 11:47:00,1379.90,1380.00,1379.70,1379.70,77
2026-09-18 11:48:00,1379.80,1380.40,1379.70,1380.40,649
2026-09-18 11:49:00,1380.30,1381.30,1380.30,1381.30,2547
2026-09-18 11:50:00,1381.30,1381.80,1380.70,1381.00,2895
2026-09-18 11:51:00,1381.00,1381.00,1378.50,1380.00,43059
2026-09-18 11:52:00,1380.20,1381.10,1379.00,1380.40,29141
2026-09-18 11:53:00,1380.80,1381.30,1379.80,1381.30,656
2026-09-18 11:54:00,1381.30,1381.30,1380.20,1380.40,2446
2026-09-18 11:55:00,1380.40,1380.50,1379.90,1379.90,2264
2026-09-18 11:56:00,1379.50,1379.90,1379.00,1379.00,2906
2026-09-18 11:57:00,1379.00,1380.50,1379.00,1380.20,8474
2026-09-18 11:58:00,1380.30,1380.30,1380.00,1380.10,5841
2026-09-18 11:59:00,1380.30,1380.40,1380.00,1380.30,108
2026-09-18 12:00:00,1380.30,1380.30,1380.00,1380.00,324
2026-09-18 12:01:00,1380.10,1380.10,1380.00,1380.00,743
2026-09-18 12:02:00,1380.10,1380.10,1380.00,1380.10,128
2026-09-18 12:03:00,1380.00,1380.10,1380.00,1380.00,503
2026-09-18 12:04:00,1380.10,1381.00,1380.00,1380.60,11649
2026-09-18 12:05:00,1380.60,1380.70,1380.00,1380.00,3043
2026-09-18 12:06:00,1380.10,1381.40,1380.00,1380.90,3352
2026-09-18 12:07:00,1380.90,1380.90,1380.30,1380.40,1314
2026-09-18 12:08:00,1380.40,1380.60,1380.10,1380.10,101
2026-09-18 12:09:00,1380.10,1380.60,1380.10,1380.50,82
2026-09-18 12:10:00,1380.30,1380.50,1380.20,1380.20,122
2026-09-18 12:11:00,1380.50,1380.50,1380.00,1380.30,223
2026-09-18 12:12:00,1380.30,1380.30,1380.00,1380.30,293
2026-09-18 12:13:00,1380.30,1380.30,1378.10,1378.10,1323
2026-09-18 12:14:00,1378.70,1378.90,1378.70,1378.80,288
2026-09-18 12:15:00,1378.90,1378.90,1378.40,1378.40,120
2026-09-18 12:16:00,1378.40,1378.50,1377.80,1378.00,215
2026-09-18 12:17:00,1378.40,1378.40,1377.60,1378.00,1908
2026-09-18 12:18:00,1378.10,1378.10,1377.80,1377.80,327
2026-09-18 12:19:00,1378.10,1380.90,1377.80,1380.40,8704
2026-09-18 12:20:00,1380.70,1380.70,1380.00,1380.00,187
2026-09-18 12:21:00,1380.40,1380.40,1379.20,1379.20,1930
2026-09-18 12:22:00,1379.20,1379.70,1378.70,1378.70,609
2026-09-18 12:23:00,1378.80,1379.90,1378.70,1379.40,1400
2026-09-18 12:24:00,1379.60,1379.60,1378.70,1378.80,329
2026-09-18 12:25:00,1378.80,1380.50,1378.80,1380.40,4403
2026-09-18 12:26:00,1380.40,1380.40,1380.00,1380.00,529
2026-09-18 12:27:00,1380.00,1380.20,1379.70,1379.70,1716
2026-09-18 12:28:00,1379.70,1379.70,1379.20,1379.70,202
2026-09-18 12:29:00,1379.40,1379.70,1379.40,1379.50,226
2026-09-18 12:30:00,1379.50,1379.70,1379.10,1379.20,820
2026-09-18 12:31:00,1379.20,1380.20,1379.20,1380.10,2641
2026-09-18 12:32:00,1380.20,1380.20,1380.00,1380.20,208
2026-09-18 12:33:00,1380.20,1380.20,1379.80,1380.00,1154
2026-09-18 12:34:00,1380.10,1380.10,1380.00,1380.00,629
2026-09-18 12:35:00,1380.00,1380.10,1379.60,1379.60,596
2026-09-18 12:36:00,1379.60,1380.00,1379.60,1380.00,962
2026-09-18 12:37:00,1380.00,1380.60,1380.00,1380.00,1572
2026-09-18 12:38:00,1380.00,1380.30,1380.00,1380.10,249
2026-09-18 12:39:00,1380.10,1380.30,1380.00,1380.00,641
2026-09-18 12:40:00,1380.20,1380.20,1380.00,1380.00,201
2026-09-18 12:41:00,1380.00,1380.20,1378.90,1379.10,1056
2026-09-18 12:42:00,1379.10,1379.60,1379.10,1379.50,172
2026-09-18 12:43:00,1379.50,1379.50,1378.80,1378.90,326
2026-09-18 12:44:00,1379.00,1379.40,1378.20,1379.20,2545
2026-09-18 12:45:00,1379.20,1379.60,1378.80,1378.80,1334
2026-09-18 12:46:00,1379.40,1380.20,1379.40,1380.00,1666
2026-09-18 12:47:00,1379.80,1380.20,1379.30,1379.30,643
2026-09-18 12:48:00,1379.10,1379.10,1378.50,1378.50,96
2026-09-18 12:49:00,1378.80,1379.70,1378.50,1379.30,2668
2026-09-18 12:50:00,1379.80,1380.40,1379.30,1380.40,1209
2026-09-18 12:51:00,1380.00,1380.40,1380.00,1380.00,709
2026-09-18 12:52:00,1380.20,1380.20,1379.40,1379.50,233
2026-09-18 12:53:00,1380.00,1380.00,1379.40,1379.40,124
2026-09-18 12:54:00,1379.80,1379.80,1378.90,1379.20,268
2026-09-18 12:55:00,1379.30,1379.30,1378.80,1378.80,150
2026-09-18 12:56:00,1378.80,1379.20,1378.40,1378.40,211
2026-09-18 12:57:00,1378.40,1378.90,1378.40,1378.40,121
2026-09-18 12:58:00,1378.80,1378.80,1378.40,1378.40,113
2026-09-18 12:59:00,1378.60,1378.60,1378.40,1378.50,302
2026-09-18 13:00:00,1378.30,1378.50,1378.30,1378.40,715
2026-09-18 13:01:00,1378.50,1378.50,1378.20,1378.20,245
2026-09-18 13:02:00,1378.50,1378.50,1378.20,1378.20,197
2026-09-18 13:03:00,1378.40,1378.40,1378.20,1378.20,210
2026-09-18 13:04:00,1378.20,1378.40,1377.80,1378.20,315
2026-09-18 13:05:00,1378.10,1378.20,1377.20,1377.20,574
2026-09-18 13:06:00,1377.60,1378.00,1377.30,1377.50,255
2026-09-18 13:07:00,1377.90,1377.90,1377.50,1377.50,140
2026-09-18 13:08:00,1377.90,1377.90,1377.50,1377.50,267
2026-09-18 13:09:00,1377.50,1377.90,1377.10,1377.20,298
2026-09-18 13:10:00,1377.70,1377.70,1377.20,1377.70,234
2026-09-18 13:11:00,1377.70,1377.70,1377.10,1377.60,899
2026-09-18 13:12:00,1377.60,1377.60,1377.30,1377.30,120
2026-09-18 13:13:00,1377.30,1377.60,1377.30,1377.60,348
2026-09-18 13:14:00,1377.30,1377.60,1376.70,1376.80,619
2026-09-18 13:15:00,1376.80,1377.50,1376.70,1376.70,455
2026-09-18 13:16:00,1376.80,1377.30,1375.10,1375.30,4179
2026-09-18 13:17:00,1375.30,1375.90,1375.30,1375.80,7014
2026-09-18 13:18:00,1375.80,1376.30,1375.80,1376.10,2723
2026-09-18 13:19:00,1376.30,1376.90,1376.10,1376.40,917
2026-09-18 13:20:00,1376.70,1376.70,1376.40,1376.40,192
2026-09-18 13:21:00,1376.70,1376.70,1376.20,1376.20,135
2026-09-18 13:22:00,1376.60,1376.60,1375.80,1375.90,1522
2026-09-18 13:23:00,1375.90,1376.00,1375.40,1375.40,699
2026-09-18 13:24:00,1375.40,1375.60,1375.10,1375.30,386
2026-09-18 13:25:00,1375.30,1376.60,1375.30,1376.00,4319
2026-09-18 13:26:00,1376.00,1376.00,1375.50,1375.50,155
2026-09-18 13:27:00,1375.80,1375.80,1375.30,1375.30,380
2026-09-18 13:28:00,1375.40,1375.40,1374.20,1374.20,2079
2026-09-18 13:29:00,1374.50,1374.70,1374.20,1374.20,1461
2026-09-18 13:30:00,1374.40,1374.60,1374.00,1374.60,950
2026-09-18 13:31:00,1374.20,1374.70,1374.00,1374.50,979
2026-09-18 13:32:00,1374.40,1374.50,1374.30,1374.30,211
2026-09-18 13:33:00,1374.30,1374.30,1373.80,1373.90,901
2026-09-18 13:34:00,1373.90,1374.40,1373.80,1374.30,1317
2026-09-18 13:35:00,1374.40,1374.40,1374.20,1374.40,386
2026-09-18 13:36:00,1374.40,1375.00,1374.00,1374.50,1196
2026-09-18 13:37:00,1374.50,1374.80,1374.20,1374.70,602
2026-09-18 13:38:00,1374.70,1374.70,1373.90,1374.50,283
2026-09-18 13:39:00,1374.50,1375.30,1374.10,1375.00,1268
2026-09-18 13:40:00,1375.00,1375.00,1374.50,1374.60,730
2026-09-18 13:41:00,1374.60,1375.30,1374.50,1374.60,1443
2026-09-18 13:42:00,1375.00,1375.00,1374.50,1374.60,526
2026-09-18 13:43:00,1374.60,1375.00,1374.50,1374.50,135
2026-09-18 13:44:00,1374.50,1374.60,1374.50,1374.60,66
2026-09-18 13:45:00,1374.60,1374.60,1374.50,1374.50,570
2026-09-18 13:46:00,1374.60,1374.60,1374.50,1374.60,870
2026-09-18 13:47:00,1374.60,1374.60,1374.50,1374.50,644
2026-09-18 13:48:00,1374.50,1374.60,1374.50,1374.50,885
2026-09-18 13:49:00,1374.60,1375.90,1374.50,1375.30,5280
2026-09-18 13:50:00,1376.00,1376.00,1375.50,1375.60,404
2026-09-18 13:51:00,1375.70,1375.70,1375.60,1375.60,103
2026-09-18 13:52:00,1375.60,1375.70,1375.30,1375.60,334
2026-09-18 13:53:00,1375.60,1375.60,1375.20,1375.50,1419
2026-09-18 13:54:00,1375.30,1375.50,1375.30,1375.50,353
2026-09-18 13:55:00,1375.50,1376.30,1375.20,1375.80,2348
2026-09-18 13:56:00,1375.80,1376.30,1375.50,1375.80,872
2026-09-18 13:57:00,1376.10,1376.10,1375.60,1375.70,226
2026-09-18 13:58:00,1375.70,1376.00,1375.70,1375.90,883
2026-09-18 13:59:00,1376.00,1376.00,1375.70,1375.70,140
2026-09-18 14:00:00,1375.70,1376.20,1375.70,1375.90,1146
2026-09-18 14:01:00,1376.20,1376.20,1375.80,1375.80,350
2026-09-18 14:02:00,1375.80,1376.10,1375.80,1376.10,1305
2026-09-18 14:03:00,1376.10,1376.10,1376.00,1376.10,512
2026-09-18 14:04:00,1376.00,1376.10,1376.00,1376.00,384
2026-09-18 14:05:00,1376.10,1376.10,1376.00,1376.10,539
2026-09-18 14:06:00,1376.00,1376.10,1376.00,1376.00,730
2026-09-18 14:07:00,1376.00,1376.50,1376.00,1376.30,3409
2026-09-18 14:08:00,1376.40,1376.80,1376.30,1376.80,790
2026-09-18 14:09:00,1376.80,1378.10,1376.50,1378.00,3097
2026-09-18 14:10:00,1378.00,1378.00,1377.40,1377.50,287
2026-09-18 14:11:00,1377.70,1377.70,1377.20,1377.60,371
2026-09-18 14:12:00,1377.60,1377.60,1377.20,1377.40,130
2026-09-18 14:13:00,1377.40,1377.40,1377.20,1377.20,4959
2026-09-18 14:14:00,1377.30,1377.30,1377.20,1377.30,1525
2026-09-18 14:15:00,1377.30,1377.60,1376.90,1376.90,7759
2026-09-18 14:16:00,1377.50,1377.50,1376.90,1376.90,365
2026-09-18 14:17:00,1377.00,1377.00,1376.60,1377.00,486
2026-09-18 14:18:00,1377.00,1377.90,1376.60,1377.90,1390
2026-09-18 14:19:00,1377.40,1378.00,1377.30,1377.30,722
2026-09-18 14:20:00,1377.30,1377.40,1377.30,1377.40,131
2026-09-18 14:21:00,1377.40,1379.10,1377.30,1379.10,3432
2026-09-18 14:22:00,1379.10,1380.00,1379.10,1379.70,2307
2026-09-18 14:23:00,1379.70,1379.90,1379.40,1379.40,1676
2026-09-18 14:24:00,1379.40,1379.50,1379.10,1379.50,303
2026-09-18 14:25:00,1379.20,1379.50,1379.20,1379.40,874
2026-09-18 14:26:00,1379.40,1379.50,1379.40,1379.40,533
2026-09-18 14:27:00,1379.50,1379.50,1379.40,1379.40,387
2026-09-18 14:28:00,1379.50,1381.30,1379.10,1381.00,7390
2026-09-18 14:29:00,1381.00,1381.20,1380.80,1381.20,1010
2026-09-18 14:30:00,1381.40,1381.80,1381.10,1381.60,867
2026-09-18 14:31:00,1381.40,1381.60,1380.80,1381.00,2517
2026-09-18 14:32:00,1381.00,1381.00,1380.60,1381.00,1485
2026-09-18 14:33:00,1381.00,1382.10,1380.60,1381.70,4116
2026-09-18 14:34:00,1381.30,1381.50,1380.60,1380.60,2514
2026-09-18 14:35:00,1380.60,1380.70,1379.70,1380.70,6646
2026-09-18 14:36:00,1380.70,1382.00,1380.20,1382.00,10975
2026-09-18 14:37:00,1381.30,1382.00,1380.40,1382.00,8063
2026-09-18 14:38:00,1381.90,1382.30,1381.60,1382.10,5951
2026-09-18 14:39:00,1382.20,1382.20,1381.70,1381.80,3680
2026-09-18 14:40:00,1382.00,1382.10,1382.00,1382.10,1150
2026-09-18 14:41:00,1382.00,1382.10,1381.60,1381.60,1583
2026-09-18 14:42:00,1381.70,1381.70,1380.60,1380.60,1306
2026-09-18 14:43:00,1380.60,1381.10,1380.40,1380.70,1456
2026-09-18 14:44:00,1380.70,1380.80,1380.70,1380.80,990
2026-09-18 14:45:00,1380.80,1381.60,1380.60,1381.60,6922
2026-09-18 14:46:00,1381.30,1381.80,1381.30,1381.80,1834
2026-09-18 14:47:00,1381.60,1382.00,1381.60,1381.90,4686
2026-09-18 14:48:00,1382.00,1382.50,1381.90,1382.40,2153
2026-09-18 14:49:00,1382.50,1383.50,1382.40,1383.10,5094
2026-09-18 14:50:00,1383.30,1383.50,1383.00,1383.00,6515
2026-09-18 14:51:00,1383.00,1383.10,1383.00,1383.10,938
2026-09-18 14:52:00,1383.10,1383.10,1383.00,1383.00,1891
2026-09-18 14:53:00,1383.00,1383.10,1383.00,1383.00,2219
2026-09-18 14:54:00,1383.00,1383.80,1383.00,1383.60,9424
2026-09-18 14:55:00,1383.80,1384.20,1383.60,1384.10,1788
2026-09-18 14:56:00,1384.10,1384.20,1383.90,1384.10,2922
2026-09-18 14:57:00,1384.10,1384.10,1383.90,1384.10,4996
2026-09-18 14:58:00,1384.00,1384.10,1384.00,1384.10,2735
2026-09-18 14:59:00,1384.10,1384.40,1384.10,1384.20,7145
2026-09-18 15:00:00,1384.10,1384.10,1383.90,1384.10,18438
2026-09-18 15:01:00,1383.70,1384.30,1383.00,1384.20,25097
2026-09-18 15:02:00,1384.10,1384.20,1384.10,1384.20,7095
2026-09-18 15:03:00,1384.10,1385.30,1384.10,1385.20,10300
2026-09-18 15:04:00,1384.70,1385.50,1383.70,1384.70,27810
2026-09-18 15:05:00,1384.60,1385.00,1383.30,1385.00,14026
2026-09-18 15:06:00,1384.40,1384.90,1383.10,1383.20,10705
2026-09-18 15:07:00,1383.70,1383.90,1381.50,1381.90,15529
2026-09-18 15:08:00,1381.80,1383.30,1381.80,1382.00,9574
2026-09-18 15:09:00,1382.00,1383.00,1382.00,1382.30,3239
2026-09-18 15:10:00,1382.30,1382.80,1382.00,1382.00,27880
2026-09-18 15:11:00,1382.00,1383.20,1381.80,1383.00,15309
2026-09-18 15:12:00,1383.00,1383.30,1383.00,1383.30,15844
2026-09-18 15:13:00,1382.90,1383.00,1382.30,1383.00,10177
2026-09-18 15:14:00,1383.00,1387.00,1382.70,1387.00,16493
2026-09-18 15:15:00,1388.00,1388.00,1388.00,1388.00,1327
2026-09-18 15:16:00,1388.00,1388.00,1388.00,1388.00,0
2026-09-18 15:17:00,1388.00,1388.00,1388.00,1388.00,0
2026-09-18 15:18:00,1388.00,1388.00,1388.00,1388.00,0
2026-09-18 15:19:00,1388.00,1388.00,1388.00,1388.00,0
2026-09-18 15:20:00,1388.00,1388.00,1388.00,1388.00,0
2026-09-18 15:21:00,1388.00,1388.00,1388.00,1388.00,0
2026-09-18 15:22:00,1388.00,1388.00,1388.00,1388.00,0
2026-09-18 15:23:00,1388.00,1388.00,1388.00,1388.00,0
2026-09-18 15:24:00,1388.00,1388.00,1388.00,1388.00,0
2026-09-18 15:25:00,1388.00,1388.00,1388.00,1388.00,0
2026-09-18 15:26:00,1388.00,1388.00,1388.00,1388.00,0
2026-09-18 15:27:00,1388.00,1388.00,1388.00,1388.00,0
2026-09-18 15:28:00,1388.00,1394.50,1388.00,1394.50,452218
2026-09-18 15:29:00,1394.50,1394.50,1394.50,1394.50,0
2026-09-21 09:15:00,1383.20,1388.80,1382.50,1386.60,10890
2026-09-21 09:16:00,1387.60,1392.70,1387.40,1390.30,7570
2026-09-21 09:17:00,1390.30,1394.20,1390.30,1393.00,3554
2026-09-21 09:18:00,1393.00,1396.80,1393.00,1395.80,6963
2026-09-21 09:19:00,1395.80,1395.80,1391.50,1392.50,3516
2026-09-21 09:20:00,1392.50,1392.60,1390.00,1390.80,2436
2026-09-21 09:21:00,1391.20,1393.70,1391.20,1393.70,991
2026-09-21 09:22:00,1393.00,1393.80,1391.40,1391.40,957
2026-09-21 09:23:00,1392.30,1392.70,1391.40,1392.00,1656
2026-09-21 09:24:00,1392.00,1393.50,1391.40,1393.10,6650
2026-09-21 09:25:00,1393.00,1393.70,1393.00,1393.50,586
2026-09-21 09:26:00,1392.80,1393.60,1391.60,1391.90,1054
2026-09-21 09:27:00,1391.40,1393.20,1391.40,1391.50,3752
2026-09-21 09:28:00,1391.50,1392.70,1391.50,1392.10,823
2026-09-21 09:29:00,1392.00,1392.00,1391.10,1391.10,825
2026-09-21 09:30:00,1391.20,1391.90,1391.10,1391.80,1419
2026-09-21 09:31:00,1392.40,1394.90,1392.40,1394.90,1843
2026-09-21 09:32:00,1394.70,1395.50,1393.70,1395.50,3261
2026-09-21 09:33:00,1395.50,1395.60,1393.90,1393.90,645
2026-09-21 09:34:00,1393.90,1395.30,1393.90,1395.30,664
2026-09-21 09:35:00,1395.90,1396.50,1393.70,1394.10,3065
2026-09-21 09:36:00,1393.90,1396.10,1393.90,1395.70,3424
2026-09-21 09:37:00,1395.70,1395.70,1393.80,1394.20,1932
2026-09-21 09:38:00,1394.20,1394.70,1393.30,1393.90,382
2026-09-21 09:39:00,1393.90,1395.90,1393.90,1395.20,2055
2026-09-21 09:40:00,1395.20,1398.70,1395.20,1396.60,7183
2026-09-21 09:41:00,1397.00,1397.00,1394.50,1395.00,4062
2026-09-21 09:42:00,1395.00,1396.10,1395.00,1395.20,1199
2026-09-21 09:43:00,1395.20,1395.60,1394.60,1394.80,1434
2026-09-21 09:44:00,1395.10,1397.50,1395.00,1397.40,6054
2026-09-21 09:45:00,1398.00,1398.40,1396.60,1396.60,3088
2026-09-21 09:46:00,1396.90,1397.70,1396.00,1397.30,675
2026-09-21 09:47:00,1397.60,1398.90,1397.00,1398.00,2264
2026-09-21 09:48:00,1398.40,1398.40,1397.40,1397.40,1244
2026-09-21 09:49:00,1397.90,1398.20,1397.20,1397.80,811
2026-09-21 09:50:00,1397.80,1398.40,1397.80,1398.00,1338
2026-09-21 09:51:00,1398.40,1398.40,1398.00,1398.20,1602
2026-09-21 09:52:00,1398.00,1399.20,1396.40,1396.40,4210
2026-09-21 09:53:00,1396.50,1397.30,1396.10,1396.20,2104
2026-09-21 09:54:00,1396.20,1398.30,1396.20,1397.90,3324
2026-09-21 09:55:00,1398.30,1398.30,1397.40,1397.70,623
2026-09-21 09:56:00,1397.70,1398.20,1397.30,1397.30,885
2026-09-21 09:57:00,1397.20,1397.20,1396.10,1396.10,3526
2026-09-21 09:58:00,1396.10,1396.10,1394.70,1395.00,5512
2026-09-21 09:59:00,1395.00,1395.00,1392.10,1392.10,5632
2026-09-21 10:00:00,1392.10,1392.80,1391.20,1391.20,3499
2026-09-21 10:01:00,1391.80,1392.40,1391.10,1391.10,1499
2026-09-21 10:02:00,1391.30,1391.30,1390.00,1390.20,1787
2026-09-21 10:03:00,1390.20,1391.70,1390.20,1391.20,950
2026-09-21 10:04:00,1391.20,1391.90,1390.90,1391.10,736
2026-09-21 10:05:00,1391.70,1392.00,1390.80,1391.10,3598
2026-09-21 10:06:00,1391.10,1392.00,1390.80,1390.80,1541
2026-09-21 10:07:00,1391.30,1391.30,1390.00,1390.50,375
2026-09-21 10:08:00,1390.40,1392.20,1389.30,1390.70,2428
2026-09-21 10:09:00,1391.20,1391.90,1390.70,1391.20,659
2026-09-21 10:10:00,1392.00,1393.30,1391.50,1391.90,6608
2026-09-21 10:11:00,1392.10,1395.00,1392.00,1394.50,4513
2026-09-21 10:12:00,1394.30,1394.80,1393.20,1393.30,688
2026-09-21 10:13:00,1393.30,1394.40,1393.20,1393.90,691
2026-09-21 10:14:00,1394.10,1394.40,1393.90,1394.20,1235
2026-09-21 10:15:00,1394.20,1394.80,1393.70,1393.70,500
2026-09-21 10:16:00,1394.00,1395.30,1394.00,1395.30,2423
2026-09-21 10:17:00,1395.50,1401.00,1395.50,1399.50,29577
2026-09-21 10:18:00,1399.00,1399.20,1397.50,1398.60,3683
2026-09-21 10:19:00,1398.80,1400.90,1398.80,1400.50,4379
2026-09-21 10:20:00,1399.70,1401.10,1399.60,1399.60,4016
2026-09-21 10:21:00,1400.00,1400.50,1398.60,1399.50,5004
2026-09-21 10:22:00,1399.50,1400.00,1398.40,1399.20,5623
2026-09-21 10:23:00,1399.20,1400.00,1398.40,1399.50,7985
2026-09-21 10:24:00,1399.50,1399.50,1398.00,1398.30,2749
2026-09-21 10:25:00,1398.60,1399.20,1397.50,1398.10,3597
2026-09-21 10:26:00,1398.10,1399.30,1398.10,1398.80,272
2026-09-21 10:27:00,1398.80,1400.10,1398.10,1399.80,6314
2026-09-21 10:28:00,1400.00,1400.90,1400.00,1400.00,682
2026-09-21 10:29:00,1400.00,1400.90,1400.00,1400.10,509
2026-09-21 10:30:00,1400.50,1402.00,1400.30,1401.20,4223
2026-09-21 10:31:00,1401.60,1401.60,1400.30,1400.40,284
2026-09-21 10:32:00,1401.00,1401.80,1400.50,1400.50,1320
2026-09-21 10:33:00,1400.90,1401.20,1400.10,1400.30,326
2026-09-21 10:34:00,1400.40,1401.00,1400.10,1400.50,689
2026-09-21 10:35:00,1401.00,1401.30,1400.50,1400.50,293
2026-09-21 10:36:00,1400.50,1402.00,1400.50,1401.50,2502
2026-09-21 10:37:00,1401.80,1402.00,1401.00,1401.40,1075
2026-09-21 10:38:00,1402.00,1402.00,1401.30,1401.30,444
2026-09-21 10:39:00,1401.30,1401.70,1401.00,1401.00,912
2026-09-21 10:40:00,1401.00,1401.50,1400.60,1400.80,1417
2026-09-21 10:41:00,1400.90,1400.90,1400.60,1400.60,215
2026-09-21 10:42:00,1400.60,1401.20,1400.50,1400.80,2391
2026-09-21 10:43:00,1401.00,1401.40,1400.50,1401.00,1302
2026-09-21 10:44:00,1401.00,1401.50,1401.00,1401.00,391
2026-09-21 10:45:00,1401.10,1401.50,1400.80,1401.00,944
2026-09-21 10:46:00,1401.30,1401.50,1401.00,1401.00,638
2026-09-21 10:47:00,1401.00,1403.80,1401.00,1402.00,18657
2026-09-21 10:48:00,1402.20,1402.50,1401.60,1401.60,1989
2026-09-21 10:49:00,1401.60,1405.10,1401.60,1404.20,25686
2026-09-21 10:50:00,1404.40,1405.20,1402.80,1402.80,2949
2026-09-21 10:51:00,1402.90,1402.90,1401.60,1401.60,2081
2026-09-21 10:52:00,1401.50,1402.40,1401.40,1401.90,1441
2026-09-21 10:53:00,1401.70,1402.10,1401.10,1401.10,571
2026-09-21 10:54:00,1401.10,1401.60,1401.00,1401.40,403
2026-09-21 10:55:00,1401.90,1402.00,1401.20,1401.90,961
2026-09-21 10:56:00,1400.70,1402.00,1400.60,1401.30,918
2026-09-21 10:57:00,1401.30,1401.50,1401.00,1401.00,283
2026-09-21 10:58:00,1401.00,1401.30,1401.00,1401.00,103
2026-09-21 10:59:00,1401.10,1403.10,1401.00,1403.10,2952
2026-09-21 11:00:00,1402.30,1402.90,1401.70,1402.60,509
2026-09-21 11:01:00,1402.70,1402.80,1401.50,1401.50,456
2026-09-21 11:02:00,1401.50,1402.00,1401.30,1401.50,361
2026-09-21 11:03:00,1401.50,1402.00,1401.50,1402.00,246
2026-09-21 11:04:00,1402.00,1402.00,1401.90,1401.90,161
2026-09-21 11:05:00,1402.00,1402.00,1401.90,1401.90,211
2026-09-21 11:06:00,1401.90,1401.90,1400.80,1401.00,986
2026-09-21 11:07:00,1401.10,1401.10,1398.40,1398.40,2603
2026-09-21 11:08:00,1398.40,1399.10,1398.40,1398.40,1211
2026-09-21 11:09:00,1398.60,1399.60,1397.20,1397.20,12744
2026-09-21 11:10:00,1397.20,1398.40,1397.20,1397.20,1320
2026-09-21 11:11:00,1397.90,1397.90,1396.00,1397.00,5929
2026-09-21 11:12:00,1396.60,1396.60,1395.50,1395.90,319
2026-09-21 11:13:00,1395.90,1395.90,1395.10,1395.10,1172
2026-09-21 11:14:00,1395.10,1395.40,1395.10,1395.20,1330
2026-09-21 11:15:00,1395.20,1396.10,1395.10,1396.00,667
2026-09-21 11:16:00,1396.10,1396.20,1395.10,1395.60,1545
2026-09-21 11:17:00,1395.60,1398.60,1395.60,1398.10,11707
2026-09-21 11:18:00,1398.40,1399.80,1397.20,1399.80,9176
2026-09-21 11:19:00,1399.70,1400.00,1398.80,1399.10,4336
2026-09-21 11:20:00,1399.30,1399.30,1397.80,1397.80,472
2026-09-21 11:21:00,1398.10,1398.50,1397.80,1398.00,167
2026-09-21 11:22:00,1398.00,1399.90,1396.10,1396.10,17184
2026-09-21 11:23:00,1396.30,1396.30,1392.70,1393.20,21907
2026-09-21 11:24:00,1393.40,1393.70,1392.40,1393.00,894
2026-09-21 11:25:00,1393.00,1393.60,1393.00,1393.10,102
2026-09-21 11:26:00,1393.20,1393.60,1392.30,1392.50,631
2026-09-21 11:27:00,1392.60,1392.70,1392.00,1392.10,687
2026-09-21 11:28:00,1392.10,1392.60,1392.10,1392.10,316
2026-09-21 11:29:00,1392.10,1392.10,1390.30,1390.30,3600
2026-09-21 11:30:00,1390.60,1391.00,1390.00,1390.60,788
2026-09-21 11:31:00,1390.60,1391.10,1390.30,1390.30,711
2026-09-21 11:32:00,1390.70,1391.10,1390.30,1391.00,1354
2026-09-21 11:33:00,1391.10,1391.10,1390.20,1390.20,2599
2026-09-21 11:34:00,1390.20,1390.40,1390.00,1390.20,794
2026-09-21 11:35:00,1390.20,1390.80,1390.00,1390.40,814
2026-09-21 11:36:00,1390.40,1390.70,1390.30,1390.30,158
2026-09-21 11:37:00,1390.50,1390.80,1388.10,1389.00,6468
2026-09-21 11:38:00,1389.30,1390.30,1389.00,1389.70,2747
2026-09-21 11:39:00,1390.00,1390.20,1389.70,1389.80,93
2026-09-21 11:40:00,1390.00,1390.00,1389.80,1389.80,537
2026-09-21 11:41:00,1389.80,1391.80,1389.80,1390.20,2418
2026-09-21 11:42:00,1390.50,1391.00,1389.70,1389.70,3953
2026-09-21 11:43:00,1389.70,1390.00,1388.00,1388.10,1764
2026-09-21 11:44:00,1388.70,1389.40,1388.10,1389.20,236
2026-09-21 11:45:00,1389.30,1392.00,1389.20,1390.80,8761
2026-09-21 11:46:00,1391.60,1392.20,1389.60,1390.60,28085
2026-09-21 11:47:00,1390.50,1392.30,1390.30,1391.70,818
2026-09-21 11:48:00,1391.90,1392.20,1391.70,1391.90,464
2026-09-21 11:49:00,1391.70,1391.80,1389.40,1390.70,34709
2026-09-21 11:50:00,1389.60,1391.90,1389.60,1391.50,2237
2026-09-21 11:51:00,1391.70,1392.50,1391.70,1392.30,863
2026-09-21 11:52:00,1392.30,1392.70,1392.00,1392.20,506
2026-09-21 11:53:00,1392.10,1393.50,1392.00,1393.50,2827
2026-09-21 11:54:00,1393.50,1393.50,1390.90,1390.90,17252
2026-09-21 11:55:00,1390.80,1392.50,1390.80,1392.00,5838
2026-09-21 11:56:00,1392.00,1392.50,1392.00,1392.40,346
2026-09-21 11:57:00,1392.10,1392.40,1391.50,1391.50,383
2026-09-21 11:58:00,1391.50,1392.30,1391.50,1392.20,178
2026-09-21 11:59:00,1392.90,1392.90,1391.30,1391.30,1999
2026-09-21 12:00:00,1391.50,1392.30,1390.20,1390.20,1375
2026-09-21 12:01:00,1390.40,1390.40,1389.60,1389.60,2174
2026-09-21 12:02:00,1390.20,1390.20,1389.80,1389.80,839
2026-09-21 12:03:00,1389.80,1389.80,1389.40,1389.70,221
2026-09-21 12:04:00,1389.70,1391.40,1389.10,1391.00,3568
2026-09-21 12:05:00,1391.20,1391.60,1391.00,1391.30,340
2026-09-21 12:06:00,1391.20,1391.70,1391.00,1391.50,536
2026-09-21 12:07:00,1391.70,1392.30,1391.00,1391.10,651
2026-09-21 12:08:00,1391.10,1392.30,1391.10,1392.30,578
2026-09-21 12:09:00,1392.30,1393.00,1392.10,1392.80,569
2026-09-21 12:10:00,1392.60,1392.90,1390.00,1390.00,21636
2026-09-21 12:11:00,1390.50,1392.80,1389.60,1391.50,32285
2026-09-21 12:12:00,1391.70,1391.70,1389.50,1389.60,8272
2026-09-21 12:13:00,1389.60,1389.80,1388.00,1388.20,20707
2026-09-21 12:14:00,1388.10,1388.10,1388.00,1388.10,345
2026-09-21 12:15:00,1388.10,1388.70,1388.00,1388.10,537
2026-09-21 12:16:00,1388.40,1389.20,1388.40,1389.00,275
2026-09-21 12:17:00,1389.20,1391.00,1389.00,1390.80,5347
2026-09-21 12:18:00,1390.10,1391.70,1390.10,1391.30,3984
2026-09-21 12:19:00,1391.30,1392.20,1391.10,1391.70,2100
2026-09-21 12:20:00,1392.00,1392.10,1390.70,1390.80,598
2026-09-21 12:21:00,1390.80,1391.70,1390.80,1391.70,237
2026-09-21 12:22:00,1391.70,1392.50,1391.50,1391.50,209
2026-09-21 12:23:00,1391.30,1391.80,1391.30,1391.50,332
2026-09-21 12:24:00,1391.70,1391.70,1390.70,1390.70,331
2026-09-21 12:25:00,1391.20,1391.40,1391.00,1391.10,257
2026-09-21 12:26:00,1391.30,1391.60,1390.70,1390.70,276
2026-09-21 12:27:00,1390.90,1391.20,1390.80,1391.20,459
2026-09-21 12:28:00,1391.60,1391.90,1388.80,1388.80,13017
2026-09-21 12:29:00,1389.00,1389.70,1388.90,1389.50,183
2026-09-21 12:30:00,1389.50,1390.00,1389.30,1389.90,508
2026-09-21 12:31:00,1390.00,1390.00,1389.90,1390.00,111
2026-09-21 12:32:00,1390.00,1390.00,1389.00,1389.00,750
2026-09-21 12:33:00,1389.60,1389.60,1389.30,1389.50,85
2026-09-21 12:34:00,1389.60,1389.80,1389.10,1389.40,281
2026-09-21 12:35:00,1389.50,1389.50,1389.10,1389.30,265
2026-09-21 12:36:00,1389.40,1389.40,1388.00,1388.00,684
2026-09-21 12:37:00,1388.00,1388.70,1387.00,1387.00,1108
2026-09-21 12:38:00,1386.80,1387.60,1386.60,1387.50,566
2026-09-21 12:39:00,1387.50,1387.50,1387.00,1387.40,416
2026-09-21 12:40:00,1387.20,1387.70,1387.00,1387.60,120
2026-09-21 12:41:00,1387.70,1387.70,1387.00,1387.40,397
2026-09-21 12:42:00,1387.50,1387.50,1387.40,1387.40,204
2026-09-21 12:43:00,1387.50,1388.00,1387.00,1387.10,1009
2026-09-21 12:44:00,1387.10,1388.00,1387.00,1387.00,267
2026-09-21 12:45:00,1387.00,1387.30,1386.40,1386.40,255
2026-09-21 12:46:00,1386.40,1387.00,1386.40,1386.60,621
2026-09-21 12:47:00,1386.60,1386.90,1386.60,1386.70,40
2026-09-21 12:48:00,1386.80,1386.80,1386.70,1386.80,50
2026-09-21 12:49:00,1386.80,1386.80,1386.70,1386.70,68
2026-09-21 12:50:00,1386.80,1386.80,1385.00,1385.00,2158
2026-09-21 12:51:00,1385.10,1385.30,1384.50,1384.90,4074
2026-09-21 12:52:00,1385.00,1385.70,1385.00,1385.50,159
2026-09-21 12:53:00,1385.50,1385.70,1385.00,1385.30,201
2026-09-21 12:54:00,1385.40,1385.40,1384.60,1385.00,367
2026-09-21 12:55:00,1385.20,1385.20,1385.00,1385.10,377
2026-09-21 12:56:00,1385.20,1385.20,1383.60,1383.70,2392
2026-09-21 12:57:00,1383.60,1384.20,1383.10,1383.90,618
2026-09-21 12:58:00,1383.90,1384.00,1383.10,1383.10,575
2026-09-21 12:59:00,1383.20,1383.50,1382.50,1383.00,1194
2026-09-21 13:00:00,1383.00,1383.70,1382.60,1382.70,3051
2026-09-21 13:01:00,1383.00,1383.80,1382.60,1383.40,773
2026-09-21 13:02:00,1383.30,1383.30,1382.60,1382.70,321
2026-09-21 13:03:00,1382.70,1383.00,1381.10,1381.90,4819
2026-09-21 13:04:00,1381.90,1382.00,1381.70,1381.90,688
2026-09-21 13:05:00,1382.00,1382.00,1381.20,1381.20,2909
2026-09-21 13:06:00,1381.40,1381.50,1380.50,1380.60,583
2026-09-21 13:07:00,1380.70,1380.80,1380.00,1380.30,1023
2026-09-21 13:08:00,1380.10,1380.60,1380.10,1380.50,280
2026-09-21 13:09:00,1380.60,1380.60,1380.50,1380.60,556
2026-09-21 13:10:00,1380.60,1381.00,1380.00,1380.00,2446
2026-09-21 13:11:00,1380.00,1380.60,1380.00,1380.40,716
2026-09-21 13:12:00,1380.50,1380.80,1380.00,1380.00,1838
2026-09-21 13:13:00,1380.00,1380.50,1379.70,1380.50,677
2026-09-21 13:14:00,1380.20,1380.90,1380.00,1380.90,698
2026-09-21 13:15:00,1380.90,1380.90,1380.50,1380.80,604
2026-09-21 13:16:00,1380.70,1380.70,1380.50,1380.50,505
2026-09-21 13:17:00,1380.60,1380.60,1379.60,1379.60,1057
2026-09-21 13:18:00,1379.60,1380.30,1379.10,1379.60,3439
2026-09-21 13:19:00,1379.80,1380.00,1379.50,1379.50,257
2026-09-21 13:20:00,1379.50,1380.20,1379.50,1380.00,291
2026-09-21 13:21:00,1380.00,1380.70,1380.00,1380.00,935
2026-09-21 13:22:00,1380.00,1380.20,1380.00,1380.20,536
2026-09-21 13:23:00,1380.10,1380.80,1380.10,1380.40,600
2026-09-21 13:24:00,1380.50,1380.50,1379.30,1379.30,1315
2026-09-21 13:25:00,1379.40,1379.70,1379.10,1379.60,94
2026-09-21 13:26:00,1379.90,1379.90,1379.70,1379.70,100
2026-09-21 13:27:00,1379.70,1379.80,1378.30,1378.50,1945
2026-09-21 13:28:00,1378.90,1378.90,1378.30,1378.30,804
2026-09-21 13:29:00,1378.30,1378.80,1378.30,1378.70,114
2026-09-21 13:30:00,1378.80,1378.90,1378.70,1378.70,275
2026-09-21 13:31:00,1378.80,1379.40,1378.80,1379.30,191
2026-09-21 13:32:00,1379.30,1380.10,1379.30,1379.70,1356
2026-09-21 13:33:00,1379.80,1380.40,1379.70,1380.10,352
2026-09-21 13:34:00,1380.10,1380.80,1379.80,1379.90,1136
2026-09-21 13:35:00,1380.20,1380.90,1379.90,1380.60,431
2026-09-21 13:36:00,1380.40,1380.60,1380.10,1380.40,460
2026-09-21 13:37:00,1380.60,1380.60,1380.00,1380.00,619
2026-09-21 13:38:00,1380.10,1380.80,1380.00,1380.50,4242
2026-09-21 13:39:00,1380.60,1381.60,1380.50,1380.60,652
2026-09-21 13:40:00,1380.80,1381.00,1380.50,1380.50,1856
2026-09-21 13:41:00,1380.70,1380.80,1380.50,1380.50,453
2026-09-21 13:42:00,1380.60,1380.60,1380.50,1380.50,63
2026-09-21 13:43:00,1380.60,1380.60,1380.50,1380.50,63
2026-09-21 13:44:00,1380.50,1380.60,1380.10,1380.10,359
2026-09-21 13:45:00,1380.30,1380.40,1380.10,1380.40,135
2026-09-21 13:46:00,1380.40,1380.60,1380.00,1380.40,1000
2026-09-21 13:47:00,1380.60,1381.00,1380.30,1380.40,413
2026-09-21 13:48:00,1380.40,1380.90,1380.20,1380.50,43
2026-09-21 13:49:00,1380.60,1380.60,1380.20,1380.30,189
2026-09-21 13:50:00,1380.40,1380.50,1380.30,1380.40,1040
2026-09-21 13:51:00,1380.50,1380.50,1379.50,1379.70,1654
2026-09-21 13:52:00,1379.70,1380.30,1379.70,1380.30,97
2026-09-21 13:53:00,1380.30,1380.50,1380.30,1380.40,108
2026-09-21 13:54:00,1380.50,1380.50,1380.40,1380.40,214
2026-09-21 13:55:00,1380.50,1381.00,1380.40,1380.90,253
2026-09-21 13:56:00,1380.90,1381.00,1380.80,1381.00,609
2026-09-21 13:57:00,1381.00,1382.60,1380.90,1382.50,12874
2026-09-21 13:58:00,1382.40,1382.80,1381.90,1382.80,1181
2026-09-21 13:59:00,1382.60,1382.80,1382.30,1382.30,596
2026-09-21 14:00:00,1382.40,1382.50,1382.00,1382.30,596
2026-09-21 14:01:00,1382.30,1382.30,1381.50,1381.80,255
2026-09-21 14:02:00,1381.80,1382.00,1381.70,1382.00,158
2026-09-21 14:03:00,1382.00,1382.00,1381.70,1381.80,157
2026-09-21 14:04:00,1381.90,1382.30,1381.80,1382.00,306
2026-09-21 14:05:00,1382.20,1382.20,1382.10,1382.20,305
2026-09-21 14:06:00,1382.20,1382.50,1381.50,1381.50,1378
2026-09-21 14:07:00,1381.60,1382.20,1381.50,1382.20,81
2026-09-21 14:08:00,1382.20,1382.20,1381.70,1381.80,624
2026-09-21 14:09:00,1381.80,1381.80,1381.50,1381.60,1001
2026-09-21 14:10:00,1381.70,1382.10,1381.50,1381.80,74
2026-09-21 14:11:00,1382.20,1382.40,1381.90,1382.10,544
2026-09-21 14:12:00,1382.00,1382.20,1381.50,1381.90,214
2026-09-21 14:13:00,1382.00,1382.40,1381.90,1382.30,297
2026-09-21 14:14:00,1382.20,1382.50,1382.10,1382.50,439
2026-09-21 14:15:00,1382.50,1382.70,1382.30,1382.30,100
2026-09-21 14:16:00,1382.30,1382.50,1381.60,1382.00,976
2026-09-21 14:17:00,1381.80,1382.20,1381.30,1381.40,236
2026-09-21 14:18:00,1381.40,1381.40,1381.30,1381.40,82
2026-09-21 14:19:00,1381.40,1381.80,1381.30,1381.80,119
2026-09-21 14:20:00,1381.80,1382.00,1381.40,1381.40,208
2026-09-21 14:21:00,1381.40,1383.00,1381.40,1382.60,4592
2026-09-21 14:22:00,1382.70,1382.90,1382.60,1382.60,62
2026-09-21 14:23:00,1382.70,1382.90,1382.50,1382.70,180
2026-09-21 14:24:00,1382.90,1383.00,1382.80,1382.90,190
2026-09-21 14:25:00,1383.00,1383.00,1381.20,1381.20,3167
2026-09-21 14:26:00,1381.30,1381.80,1381.10,1381.40,245
2026-09-21 14:27:00,1381.50,1381.50,1380.00,1380.00,1762
2026-09-21 14:28:00,1380.10,1380.40,1379.70,1380.10,580
2026-09-21 14:29:00,1380.30,1380.30,1379.70,1379.70,635
2026-09-21 14:30:00,1379.70,1380.10,1379.40,1379.50,199
2026-09-21 14:31:00,1379.50,1380.40,1379.50,1379.90,289
2026-09-21 14:32:00,1380.50,1380.50,1380.30,1380.30,96
2026-09-21 14:33:00,1380.40,1380.60,1380.30,1380.50,200
2026-09-21 14:34:00,1380.50,1380.80,1380.00,1380.80,1236
2026-09-21 14:35:00,1380.20,1380.80,1380.20,1380.40,938
2026-09-21 14:36:00,1380.40,1381.30,1380.40,1381.00,569
2026-09-21 14:37:00,1381.00,1381.20,1381.00,1381.10,95
2026-09-21 14:38:00,1381.20,1381.30,1381.00,1381.30,250
2026-09-21 14:39:00,1381.20,1381.30,1381.20,1381.30,1209
2026-09-21 14:40:00,1381.30,1382.00,1381.20,1381.80,864
2026-09-21 14:41:00,1381.80,1382.00,1381.00,1381.00,1454
2026-09-21 14:42:00,1381.10,1381.40,1381.00,1381.20,609
2026-09-21 14:43:00,1381.30,1381.40,1380.60,1381.20,1159
2026-09-21 14:44:00,1381.20,1381.30,1380.60,1380.60,807
2026-09-21 14:45:00,1380.90,1381.20,1380.80,1381.10,285
2026-09-21 14:46:00,1381.20,1381.60,1381.10,1381.50,1095
2026-09-21 14:47:00,1381.70,1381.70,1380.90,1380.90,3686
2026-09-21 14:48:00,1380.70,1381.30,1380.60,1381.00,438
2026-09-21 14:49:00,1381.10,1381.40,1381.00,1381.30,546
2026-09-21 14:50:00,1381.40,1381.50,1380.90,1381.00,229
2026-09-21 14:51:00,1381.00,1381.40,1380.40,1380.60,1287
2026-09-21 14:52:00,1380.60,1381.30,1380.60,1381.20,1917
2026-09-21 14:53:00,1381.20,1381.50,1380.50,1381.40,1898
2026-09-21 14:54:00,1381.60,1381.90,1381.40,1381.70,443
2026-09-21 14:55:00,1381.90,1381.90,1381.70,1381.90,1122
2026-09-21 14:56:00,1381.90,1382.00,1381.80,1381.80,2617
2026-09-21 14:57:00,1381.50,1381.90,1380.40,1381.20,1752
2026-09-21 14:58:00,1381.20,1381.40,1381.20,1381.30,348
2026-09-21 14:59:00,1381.30,1381.40,1380.40,1380.60,2130
2026-09-21 15:00:00,1380.70,1380.80,1380.60,1380.60,2490
2026-09-21 15:01:00,1380.90,1381.20,1380.90,1381.10,1534
2026-09-21 15:02:00,1381.20,1381.30,1381.10,1381.30,1868
2026-09-21 15:03:00,1381.40,1381.80,1381.00,1381.80,4218
2026-09-21 15:04:00,1381.80,1381.80,1381.10,1381.20,387
2026-09-21 15:05:00,1381.20,1381.40,1381.20,1381.30,2430
2026-09-21 15:06:00,1381.40,1381.40,1380.80,1381.10,6055
2026-09-21 15:07:00,1381.00,1381.00,1380.00,1380.50,3522
2026-09-21 15:08:00,1380.50,1380.50,1380.20,1380.40,1288
2026-09-21 15:09:00,1380.40,1381.00,1379.60,1380.70,3027
2026-09-21 15:10:00,1380.40,1380.90,1379.80,1380.90,11226
2026-09-21 15:11:00,1380.70,1381.00,1380.40,1380.70,4460
2026-09-21 15:12:00,1380.70,1381.30,1380.00,1381.20,9229
2026-09-21 15:13:00,1381.20,1382.00,1380.30,1381.20,5367
2026-09-21 15:14:00,1382.00,1384.40,1379.00,1379.00,2998
2026-09-21 15:15:00,1379.00,1379.00,1379.00,1379.00,57
2026-09-21 15:16:00,1379.00,1379.00,1379.00,1379.00,0
2026-09-21 15:17:00,1379.00,1379.00,1379.00,1379.00,0
2026-09-21 15:18:00,1379.00,1379.00,1379.00,1379.00,0
2026-09-21 15:19:00,1379.00,1379.00,1379.00,1379.00,0
2026-09-21 15:20:00,1379.00,1379.00,1379.00,1379.00,0
2026-09-21 15:21:00,1379.00,1379.00,1379.00,1379.00,0
2026-09-21 15:22:00,1379.00,1379.00,1379.00,1379.00,0
2026-09-21 15:23:00,1379.00,1379.00,1379.00,1379.00,0
2026-09-21 15:24:00,1379.00,1379.00,1379.00,1379.00,0
2026-09-21 15:25:00,1379.00,1379.00,1379.00,1379.00,0
2026-09-21 15:26:00,1379.00,1379.00,1379.00,1379.00,0
2026-09-21 15:27:00,1379.00,1379.00,1379.00,1379.00,0
2026-09-21 15:28:00,1379.00,1386.10,1379.00,1386.10,27418
2026-09-21 15:29:00,1386.10,1386.10,1386.10,1386.10,0
2026-09-22 09:15:00,1386.30,1388.70,1378.40,1379.20,7264
2026-09-22 09:16:00,1379.00,1379.10,1378.10,1378.10,1838
2026-09-22 09:17:00,1378.60,1379.30,1377.30,1378.60,3528
2026-09-22 09:18:00,1379.10,1379.90,1378.80,1378.90,1414
2026-09-22 09:19:00,1379.30,1381.50,1379.10,1379.30,2381
2026-09-22 09:20:00,1379.60,1379.60,1378.00,1378.10,1315
2026-09-22 09:21:00,1378.10,1378.50,1377.00,1377.10,3332
2026-09-22 09:22:00,1377.90,1378.80,1376.10,1377.90,2003
2026-09-22 09:23:00,1378.50,1378.50,1376.70,1377.50,1528
2026-09-22 09:24:00,1377.80,1377.80,1376.50,1376.90,458
2026-09-22 09:25:00,1377.00,1377.00,1375.70,1376.10,1706
2026-09-22 09:26:00,1376.50,1377.00,1375.80,1376.00,993
2026-09-22 09:27:00,1376.50,1376.50,1375.10,1375.60,1528
2026-09-22 09:28:00,1375.80,1375.80,1375.10,1375.10,862
2026-09-22 09:29:00,1376.20,1376.20,1375.30,1375.60,3831
2026-09-22 09:30:00,1375.30,1375.70,1373.70,1374.40,5631
2026-09-22 09:31:00,1374.00,1375.60,1374.00,1375.60,1612
2026-09-22 09:32:00,1376.50,1377.90,1376.30,1377.90,1426
2026-09-22 09:33:00,1377.90,1378.50,1377.20,1378.20,1142
2026-09-22 09:34:00,1378.80,1379.20,1378.50,1379.00,474
2026-09-22 09:35:00,1379.00,1379.20,1377.30,1378.50,1980
2026-09-22 09:36:00,1378.50,1378.60,1377.50,1377.90,452
2026-09-22 09:37:00,1377.90,1378.00,1377.30,1377.30,375
2026-09-22 09:38:00,1377.00,1377.00,1375.60,1375.80,896
2026-09-22 09:39:00,1376.00,1376.90,1376.00,1376.30,354
2026-09-22 09:40:00,1377.00,1377.10,1376.90,1377.00,515
2026-09-22 09:41:00,1377.00,1378.40,1377.00,1378.40,266
2026-09-22 09:42:00,1377.90,1379.00,1377.90,1378.40,1902
2026-09-22 09:43:00,1378.40,1379.00,1378.00,1378.00,788
2026-09-22 09:44:00,1377.60,1378.20,1377.60,1378.20,101
2026-09-22 09:45:00,1378.20,1378.70,1378.10,1378.10,404
2026-09-22 09:46:00,1378.10,1378.70,1378.10,1378.20,155
2026-09-22 09:47:00,1378.20,1378.60,1378.20,1378.60,96
2026-09-22 09:48:00,1378.30,1378.50,1377.70,1377.70,312
2026-09-22 09:49:00,1377.70,1377.70,1376.90,1377.50,488
2026-09-22 09:50:00,1377.50,1378.40,1377.50,1378.00,510
2026-09-22 09:51:00,1378.00,1378.00,1377.00,1377.00,1064
2026-09-22 09:52:00,1377.00,1377.60,1377.00,1377.30,405
2026-09-22 09:53:00,1377.30,1378.40,1377.30,1377.80,256
2026-09-22 09:54:00,1378.30,1378.40,1377.90,1378.20,119
2026-09-22 09:55:00,1377.90,1378.20,1377.70,1377.70,416
2026-09-22 09:56:00,1377.70,1378.20,1377.70,1378.20,196
2026-09-22 09:57:00,1378.10,1378.20,1377.00,1377.00,988
2026-09-22 09:58:00,1377.50,1377.50,1377.00,1377.50,171
2026-09-22 09:59:00,1377.20,1377.80,1377.00,1377.50,1116
2026-09-22 10:00:00,1377.00,1377.60,1377.00,1377.50,489
2026-09-22 10:01:00,1377.50,1377.50,1377.00,1377.30,142
2026-09-22 10:02:00,1377.30,1377.40,1376.60,1376.60,1738
2026-09-22 10:03:00,1376.60,1377.00,1376.60,1376.90,322
2026-09-22 10:04:00,1376.90,1377.10,1376.90,1377.00,564
2026-09-22 10:05:00,1377.00,1377.40,1377.00,1377.00,77
2026-09-22 10:06:00,1377.40,1378.30,1377.40,1377.70,882
2026-09-22 10:07:00,1377.70,1378.30,1377.70,1377.80,249
2026-09-22 10:08:00,1377.80,1378.20,1377.40,1377.40,732
2026-09-22 10:09:00,1377.40,1377.90,1377.20,1377.20,158
2026-09-22 10:10:00,1377.20,1378.00,1377.20,1377.20,139
2026-09-22 10:11:00,1376.70,1377.50,1376.60,1376.60,743
2026-09-22 10:12:00,1377.30,1377.30,1376.60,1376.90,141
2026-09-22 10:13:00,1376.90,1377.00,1376.60,1376.70,165
2026-09-22 10:14:00,1376.70,1377.70,1376.60,1376.70,180
2026-09-22 10:15:00,1377.00,1377.30,1376.70,1376.80,257
2026-09-22 10:16:00,1376.80,1376.90,1376.10,1376.90,1427
2026-09-22 10:17:00,1376.20,1376.40,1375.10,1375.20,1213
2026-09-22 10:18:00,1375.20,1375.80,1375.20,1375.30,201
2026-09-22 10:19:00,1375.30,1375.60,1375.00,1375.00,1357
2026-09-22 10:20:00,1375.00,1375.90,1375.00,1375.00,386
2026-09-22 10:21:00,1375.00,1375.00,1374.50,1374.60,964
2026-09-22 10:22:00,1374.80,1374.90,1374.60,1374.60,239
2026-09-22 10:23:00,1374.60,1374.80,1374.60,1374.60,577
2026-09-22 10:24:00,1374.60,1374.80,1374.10,1374.10,1555
2026-09-22 10:25:00,1374.10,1374.40,1374.00,1374.00,282
2026-09-22 10:26:00,1374.00,1374.10,1373.30,1373.40,1268
2026-09-22 10:27:00,1373.40,1373.80,1373.00,1373.00,579
2026-09-22 10:28:00,1373.00,1373.40,1372.70,1372.70,578
2026-09-22 10:29:00,1372.70,1373.20,1372.70,1373.00,431
2026-09-22 10:30:00,1373.00,1373.60,1373.00,1373.00,872
2026-09-22 10:31:00,1373.00,1373.40,1372.00,1372.30,1315
2026-09-22 10:32:00,1372.30,1372.80,1372.10,1372.20,845
2026-09-22 10:33:00,1372.20,1372.50,1372.00,1372.00,331
2026-09-22 10:34:00,1372.00,1372.80,1371.70,1372.20,2026
2026-09-22 10:35:00,1372.30,1372.80,1372.10,1372.80,656
2026-09-22 10:36:00,1372.80,1374.80,1372.40,1374.10,3804
2026-09-22 10:37:00,1374.20,1375.10,1374.00,1374.60,850
2026-09-22 10:38:00,1374.60,1374.80,1374.60,1374.60,423
2026-09-22 10:39:00,1374.60,1374.60,1371.30,1371.50,2639
2026-09-22 10:40:00,1371.50,1372.20,1371.50,1371.50,296
2026-09-22 10:41:00,1371.50,1371.70,1370.00,1370.00,1840
2026-09-22 10:42:00,1370.00,1370.00,1368.40,1369.00,3489
2026-09-22 10:43:00,1369.00,1369.90,1369.00,1369.70,806
2026-09-22 10:44:00,1369.70,1369.70,1368.60,1369.00,1482
2026-09-22 10:45:00,1368.80,1369.20,1368.00,1368.60,1340
2026-09-22 10:46:00,1368.60,1369.90,1368.60,1369.20,413
2026-09-22 10:47:00,1369.20,1370.30,1369.20,1370.30,208
2026-09-22 10:48:00,1370.00,1370.50,1370.00,1370.00,455
2026-09-22 10:49:00,1370.00,1370.70,1369.50,1369.50,1116
2026-09-22 10:50:00,1369.50,1370.00,1369.50,1370.00,277
2026-09-22 10:51:00,1369.50,1369.70,1369.00,1369.00,658
2026-09-22 10:52:00,1369.00,1369.40,1368.80,1368.80,488
2026-09-22 10:53:00,1368.40,1369.20,1368.30,1368.50,2028
2026-09-22 10:54:00,1368.50,1369.20,1368.50,1368.90,914
2026-09-22 10:55:00,1369.00,1370.30,1369.00,1369.30,938
2026-09-22 10:56:00,1369.30,1369.70,1369.00,1369.30,1083
2026-09-22 10:57:00,1369.30,1369.70,1369.00,1369.60,133
2026-09-22 10:58:00,1369.50,1370.00,1369.10,1369.40,200
2026-09-22 10:59:00,1369.40,1369.90,1369.30,1369.40,212
2026-09-22 11:00:00,1369.40,1369.90,1369.00,1369.40,622
2026-09-22 11:01:00,1369.40,1369.70,1366.10,1366.50,19560
2026-09-22 11:02:00,1366.40,1367.10,1364.90,1366.00,31423
2026-09-22 11:03:00,1366.00,1367.30,1365.60,1366.50,23322
2026-09-22 11:04:00,1366.50,1367.00,1364.50,1364.80,3642
2026-09-22 11:05:00,1365.00,1365.40,1364.50,1364.50,8350
2026-09-22 11:06:00,1364.50,1365.40,1364.50,1365.00,6338
2026-09-22 11:07:00,1364.90,1366.90,1364.90,1366.10,68087
2026-09-22 11:08:00,1366.00,1366.40,1364.60,1364.60,5545
2026-09-22 11:09:00,1364.70,1365.60,1364.70,1365.00,28210
2026-09-22 11:10:00,1365.40,1366.00,1364.70,1364.90,15908
2026-09-22 11:11:00,1365.00,1365.60,1364.90,1364.90,5224
2026-09-22 11:12:00,1365.00,1365.70,1364.90,1365.20,27030
2026-09-22 11:13:00,1365.20,1367.00,1365.20,1366.90,466
2026-09-22 11:14:00,1366.90,1367.90,1366.50,1367.70,3469
2026-09-22 11:15:00,1367.70,1368.90,1367.00,1367.00,4237
2026-09-22 11:16:00,1367.00,1367.50,1367.00,1367.00,346
2026-09-22 11:17:00,1367.00,1367.00,1366.60,1366.90,1471
2026-09-22 11:18:00,1366.90,1367.00,1366.10,1366.50,1402
2026-09-22 11:19:00,1366.30,1366.90,1365.60,1365.60,1452
2026-09-22 11:20:00,1365.60,1367.30,1365.60,1366.60,1176
2026-09-22 11:21:00,1367.20,1367.60,1366.60,1367.50,508
2026-09-22 11:22:00,1367.50,1368.20,1367.50,1367.90,1511
2026-09-22 11:23:00,1367.90,1368.80,1367.70,1368.10,1865
2026-09-22 11:24:00,1368.10,1368.90,1368.10,1368.50,996
2026-09-22 11:25:00,1368.50,1368.80,1368.20,1368.20,1734
2026-09-22 11:26:00,1368.30,1368.50,1367.70,1367.70,244
2026-09-22 11:27:00,1368.00,1368.00,1367.10,1367.10,1083
2026-09-22 11:28:00,1367.10,1367.30,1366.40,1366.40,481
2026-09-22 11:29:00,1366.50,1367.50,1366.20,1366.20,1130
2026-09-22 11:30:00,1366.70,1366.70,1365.90,1365.90,700
2026-09-22 11:31:00,1366.20,1367.40,1365.70,1366.50,2017
2026-09-22 11:32:00,1366.50,1366.90,1366.00,1366.30,214
2026-09-22 11:33:00,1366.30,1367.90,1366.30,1367.50,680
2026-09-22 11:34:00,1368.40,1368.40,1367.00,1367.00,663
2026-09-22 11:35:00,1367.00,1368.80,1367.00,1368.10,1968
2026-09-22 11:36:00,1368.00,1369.20,1368.00,1368.60,1754
2026-09-22 11:37:00,1368.60,1370.20,1368.60,1369.20,2291
2026-09-22 11:38:00,1369.80,1370.30,1369.40,1369.80,986
2026-09-22 11:39:00,1369.70,1370.00,1369.10,1369.40,1707
2026-09-22 11:40:00,1369.60,1369.80,1368.50,1369.50,1054
2026-09-22 11:41:00,1369.10,1369.40,1367.50,1367.60,641
2026-09-22 11:42:00,1367.60,1368.20,1367.60,1368.20,458
2026-09-22 11:43:00,1367.80,1368.30,1367.70,1367.70,174
2026-09-22 11:44:00,1367.70,1368.20,1367.70,1368.00,206
2026-09-22 11:45:00,1368.00,1368.20,1367.20,1367.30,314
2026-09-22 11:46:00,1367.30,1368.30,1367.30,1367.60,349
2026-09-22 11:47:00,1367.60,1369.20,1367.60,1368.60,1200
2026-09-22 11:48:00,1368.00,1368.40,1367.60,1367.60,196
2026-09-22 11:49:00,1368.10,1368.30,1367.50,1368.10,194
2026-09-22 11:50:00,1368.00,1368.10,1367.50,1367.50,152
2026-09-22 11:51:00,1367.40,1368.00,1367.30,1367.30,112
2026-09-22 11:52:00,1367.30,1367.70,1367.00,1367.00,278
2026-09-22 11:53:00,1367.00,1367.60,1367.00,1367.00,785
2026-09-22 11:54:00,1367.00,1367.30,1367.00,1367.20,182
2026-09-22 11:55:00,1367.20,1370.10,1367.00,1369.30,14237
2026-09-22 11:56:00,1369.20,1371.50,1369.20,1371.10,14628
2026-09-22 11:57:00,1371.10,1372.00,1371.10,1371.60,3043
2026-09-22 11:58:00,1371.80,1371.80,1370.20,1370.20,1355
2026-09-22 11:59:00,1370.40,1370.90,1370.00,1370.00,2299
2026-09-22 12:00:00,1370.00,1370.50,1370.00,1370.50,1960
2026-09-22 12:01:00,1370.50,1370.60,1370.00,1370.10,473
2026-09-22 12:02:00,1370.50,1370.60,1370.10,1370.40,141
2026-09-22 12:03:00,1370.10,1370.40,1370.00,1370.00,691
2026-09-22 12:04:00,1370.00,1370.50,1370.00,1370.00,879
2026-09-22 12:05:00,1370.00,1370.40,1370.00,1370.10,267
2026-09-22 12:06:00,1370.10,1370.70,1370.10,1370.70,164
2026-09-22 12:07:00,1370.10,1370.70,1370.10,1370.60,88
2026-09-22 12:08:00,1370.10,1370.70,1370.10,1370.70,76
2026-09-22 12:09:00,1370.50,1370.90,1370.50,1370.60,229
2026-09-22 12:10:00,1370.60,1371.00,1370.10,1370.10,505
2026-09-22 12:11:00,1370.10,1370.60,1370.00,1370.30,1004
2026-09-22 12:12:00,1370.30,1371.70,1370.30,1371.00,3468
2026-09-22 12:13:00,1371.60,1371.60,1371.00,1371.50,292
2026-09-22 12:14:00,1371.40,1371.80,1371.00,1371.10,996
2026-09-22 12:15:00,1371.50,1371.50,1370.50,1370.70,627
2026-09-22 12:16:00,1370.70,1371.60,1370.70,1370.70,439
2026-09-22 12:17:00,1370.80,1371.40,1370.80,1370.90,2862
2026-09-22 12:18:00,1371.40,1371.50,1370.70,1370.70,1521
2026-09-22 12:19:00,1370.70,1371.30,1370.70,1371.30,236
2026-09-22 12:20:00,1370.80,1371.30,1370.80,1370.80,389
2026-09-22 12:21:00,1371.10,1373.00,1370.80,1372.10,1565
2026-09-22 12:22:00,1372.10,1372.10,1370.70,1370.70,950
2026-09-22 12:23:00,1371.10,1371.10,1370.70,1370.80,53
2026-09-22 12:24:00,1370.70,1371.20,1370.70,1370.80,131
2026-09-22 12:25:00,1370.80,1371.20,1370.80,1370.80,28
2026-09-22 12:26:00,1370.70,1370.70,1369.60,1369.70,2385
2026-09-22 12:27:00,1369.70,1370.00,1368.40,1368.40,746
2026-09-22 12:28:00,1368.40,1368.90,1368.30,1368.30,241
2026-09-22 12:29:00,1368.30,1368.90,1368.30,1368.90,260
2026-09-22 12:30:00,1368.80,1368.90,1368.00,1368.00,1342
2026-09-22 12:31:00,1368.00,1368.90,1367.70,1368.40,1315
2026-09-22 12:32:00,1368.90,1368.90,1368.40,1368.70,301
2026-09-22 12:33:00,1368.70,1368.80,1368.00,1368.00,325
2026-09-22 12:34:00,1368.00,1368.40,1367.50,1368.00,767
2026-09-22 12:35:00,1368.00,1368.80,1367.80,1368.60,980
2026-09-22 12:36:00,1368.60,1368.60,1367.60,1368.50,667
2026-09-22 12:37:00,1368.50,1368.80,1367.60,1367.70,1305
2026-09-22 12:38:00,1367.70,1368.30,1367.60,1367.60,527
2026-09-22 12:39:00,1367.60,1368.20,1367.60,1367.90,29
2026-09-22 12:40:00,1367.90,1368.90,1367.50,1368.30,1005
2026-09-22 12:41:00,1368.30,1368.80,1368.30,1368.30,29
2026-09-22 12:42:00,1368.80,1369.40,1368.30,1368.80,136
2026-09-22 12:43:00,1368.80,1369.00,1368.80,1368.80,279
2026-09-22 12:44:00,1368.80,1369.00,1368.30,1369.00,444
2026-09-22 12:45:00,1369.30,1369.30,1368.50,1368.50,777
2026-09-22 12:46:00,1368.50,1368.70,1368.30,1368.30,158
2026-09-22 12:47:00,1368.30,1368.40,1368.00,1368.00,423
2026-09-22 12:48:00,1368.00,1368.50,1368.00,1368.10,264
2026-09-22 12:49:00,1368.10,1368.40,1368.00,1368.00,392
2026-09-22 12:50:00,1368.00,1368.30,1367.60,1367.60,384
2026-09-22 12:51:00,1367.80,1368.10,1367.50,1367.80,229
2026-09-22 12:52:00,1367.20,1368.00,1367.10,1367.50,609
2026-09-22 12:53:00,1367.60,1368.30,1367.50,1368.30,325
2026-09-22 12:54:00,1367.70,1368.30,1367.70,1368.30,79
2026-09-22 12:55:00,1368.20,1368.30,1367.70,1367.90,204
2026-09-22 12:56:00,1367.70,1367.90,1367.50,1367.60,159
2026-09-22 12:57:00,1367.60,1368.30,1367.50,1367.70,818
2026-09-22 12:58:00,1367.70,1368.40,1367.70,1368.40,432
2026-09-22 12:59:00,1368.00,1368.90,1368.00,1368.40,230
2026-09-22 13:00:00,1368.60,1368.60,1367.80,1367.80,228
2026-09-22 13:01:00,1367.80,1368.40,1367.80,1368.30,179
2026-09-22 13:02:00,1368.10,1368.30,1367.80,1368.20,482
2026-09-22 13:03:00,1368.00,1368.10,1367.90,1367.90,90
2026-09-22 13:04:00,1368.10,1368.10,1368.00,1368.00,30
2026-09-22 13:05:00,1368.00,1368.10,1367.90,1367.90,117
2026-09-22 13:06:00,1368.00,1368.10,1367.80,1367.80,205
2026-09-22 13:07:00,1367.80,1368.00,1367.60,1368.00,296
2026-09-22 13:08:00,1367.60,1368.30,1367.60,1368.30,106
2026-09-22 13:09:00,1368.30,1368.80,1368.10,1368.80,247
2026-09-22 13:10:00,1368.70,1368.70,1367.80,1368.30,347
2026-09-22 13:11:00,1368.30,1368.30,1367.60,1368.00,293
2026-09-22 13:12:00,1368.40,1370.60,1368.00,1370.10,2985
2026-09-22 13:13:00,1370.10,1370.60,1370.10,1370.10,719
2026-09-22 13:14:00,1370.10,1370.30,1368.70,1368.80,903
2026-09-22 13:15:00,1369.20,1369.20,1368.80,1369.00,24
2026-09-22 13:16:00,1369.30,1369.90,1368.70,1368.70,741
2026-09-22 13:17:00,1368.70,1369.10,1368.00,1368.00,356
2026-09-22 13:18:00,1368.00,1368.30,1367.40,1367.40,732
2026-09-22 13:19:00,1367.40,1368.00,1367.40,1368.00,80
2026-09-22 13:20:00,1367.90,1368.00,1367.50,1367.50,410
2026-09-22 13:21:00,1367.70,1367.70,1367.00,1367.20,661
2026-09-22 13:22:00,1367.20,1367.30,1366.20,1366.80,873
2026-09-22 13:23:00,1366.20,1366.80,1366.20,1366.80,240
2026-09-22 13:24:00,1366.30,1366.80,1366.30,1366.80,868
2026-09-22 13:25:00,1366.50,1366.80,1365.40,1365.90,1514
2026-09-22 13:26:00,1365.40,1366.40,1365.40,1366.00,525
2026-09-22 13:27:00,1366.30,1366.40,1366.00,1366.20,106
2026-09-22 13:28:00,1366.20,1366.40,1366.00,1366.00,32
2026-09-22 13:29:00,1366.00,1366.40,1366.00,1366.30,133
2026-09-22 13:30:00,1366.30,1366.80,1366.30,1366.80,241
2026-09-22 13:31:00,1366.80,1369.70,1366.40,1369.30,1317
2026-09-22 13:32:00,1368.80,1369.50,1368.50,1369.10,337
2026-09-22 13:33:00,1369.10,1371.30,1369.10,1370.50,2932
2026-09-22 13:34:00,1371.00,1371.50,1371.00,1371.30,362
2026-09-22 13:35:00,1371.00,1371.30,1369.40,1369.40,2891
2026-09-22 13:36:00,1369.40,1369.50,1368.00,1368.30,2286
2026-09-22 13:37:00,1368.30,1368.40,1367.60,1367.60,556
2026-09-22 13:38:00,1368.00,1368.00,1367.00,1367.00,165
2026-09-22 13:39:00,1367.30,1367.50,1366.90,1367.00,496
2026-09-22 13:40:00,1367.00,1367.60,1366.90,1366.90,294
2026-09-22 13:41:00,1366.90,1367.70,1366.90,1367.30,402
2026-09-22 13:42:00,1367.30,1368.00,1367.10,1367.90,503
2026-09-22 13:43:00,1367.20,1367.90,1367.00,1367.50,620
2026-09-22 13:44:00,1367.70,1367.90,1367.00,1367.00,226
2026-09-22 13:45:00,1367.00,1367.40,1367.00,1367.00,246
2026-09-22 13:46:00,1367.00,1367.30,1367.00,1367.20,32
2026-09-22 13:47:00,1367.20,1368.50,1367.20,1368.00,3263
2026-09-22 13:48:00,1368.00,1368.20,1367.10,1367.50,832
2026-09-22 13:49:00,1367.10,1367.70,1367.10,1367.30,265
2026-09-22 13:50:00,1367.30,1367.40,1366.50,1366.80,461
2026-09-22 13:51:00,1366.30,1366.90,1366.30,1366.80,174
2026-09-22 13:52:00,1366.80,1370.70,1366.50,1370.10,23132
2026-09-22 13:53:00,1370.00,1370.70,1370.00,1370.40,799
2026-09-22 13:54:00,1370.10,1371.00,1370.00,1371.00,5997
2026-09-22 13:55:00,1370.80,1371.00,1370.00,1370.60,1124
2026-09-22 13:56:00,1370.10,1370.70,1370.00,1370.00,231
2026-09-22 13:57:00,1370.00,1370.40,1370.00,1370.00,314
2026-09-22 13:58:00,1370.00,1370.20,1370.00,1370.00,568
2026-09-22 13:59:00,1370.00,1370.40,1370.00,1370.30,1008
2026-09-22 14:00:00,1370.00,1370.80,1370.00,1370.20,72226
2026-09-22 14:01:00,1370.00,1370.90,1370.00,1370.90,1578
2026-09-22 14:02:00,1370.70,1370.90,1370.40,1370.80,1201
2026-09-22 14:03:00,1370.80,1370.90,1370.40,1370.70,555
2026-09-22 14:04:00,1370.40,1372.00,1370.40,1370.70,1790
2026-09-22 14:05:00,1370.70,1371.30,1370.50,1370.90,303
2026-09-22 14:06:00,1370.90,1374.10,1370.30,1374.00,10470
2026-09-22 14:07:00,1374.30,1374.30,1372.20,1372.30,1100
2026-09-22 14:08:00,1372.80,1372.90,1372.00,1372.30,972
2026-09-22 14:09:00,1372.30,1374.00,1372.30,1373.50,885
2026-09-22 14:10:00,1373.50,1375.70,1373.40,1374.60,3471
2026-09-22 14:11:00,1374.30,1374.70,1373.20,1373.90,1002
2026-09-22 14:12:00,1373.90,1374.50,1373.40,1374.20,978
2026-09-22 14:13:00,1374.50,1375.00,1373.90,1374.20,1114
2026-09-22 14:14:00,1374.20,1375.70,1373.70,1375.20,1074
2026-09-22 14:15:00,1376.20,1377.90,1375.00,1375.00,4101
2026-09-22 14:16:00,1375.80,1376.00,1375.00,1375.90,345
2026-09-22 14:17:00,1375.90,1375.90,1375.20,1375.50,253
2026-09-22 14:18:00,1375.70,1376.20,1375.10,1375.40,879
2026-09-22 14:19:00,1375.50,1375.90,1375.50,1375.80,106
2026-09-22 14:20:00,1375.70,1376.80,1375.50,1376.40,1459
2026-09-22 14:21:00,1376.70,1377.20,1376.40,1376.90,580
2026-09-22 14:22:00,1376.70,1377.00,1376.70,1376.70,177
2026-09-22 14:23:00,1376.70,1376.90,1376.70,1376.70,254
2026-09-22 14:24:00,1376.70,1376.80,1375.30,1375.40,843
2026-09-22 14:25:00,1375.30,1376.90,1375.30,1376.90,1539
2026-09-22 14:26:00,1376.20,1376.80,1376.20,1376.80,376
2026-09-22 14:27:00,1376.30,1376.50,1375.60,1375.60,344
2026-09-22 14:28:00,1375.60,1378.00,1375.50,1378.00,2265
2026-09-22 14:29:00,1378.00,1378.00,1377.00,1377.00,1114
2026-09-22 14:30:00,1377.30,1378.90,1377.00,1378.80,1623
2026-09-22 14:31:00,1379.10,1379.90,1378.20,1378.60,3090
2026-09-22 14:32:00,1378.60,1380.90,1378.60,1380.40,3914
2026-09-22 14:33:00,1380.40,1380.40,1379.00,1379.10,1974
2026-09-22 14:34:00,1380.60,1382.40,1379.10,1381.90,5921
2026-09-22 14:35:00,1381.90,1383.70,1381.70,1383.10,1018
2026-09-22 14:36:00,1383.40,1383.40,1381.60,1382.70,2527
2026-09-22 14:37:00,1382.00,1383.20,1382.00,1382.50,925
2026-09-22 14:38:00,1382.50,1383.00,1382.10,1382.50,532
2026-09-22 14:39:00,1382.10,1383.00,1382.10,1383.00,968
2026-09-22 14:40:00,1382.60,1383.00,1382.00,1382.50,746
2026-09-22 14:41:00,1382.00,1382.20,1381.50,1381.50,1012
2026-09-22 14:42:00,1381.50,1382.50,1380.50,1380.70,1931
2026-09-22 14:43:00,1380.70,1381.40,1380.30,1381.40,476
2026-09-22 14:44:00,1381.40,1382.10,1381.40,1381.40,686
2026-09-22 14:45:00,1381.40,1381.80,1381.40,1381.40,147
2026-09-22 14:46:00,1381.50,1382.90,1381.50,1381.80,1891
2026-09-22 14:47:00,1382.30,1382.30,1380.70,1380.70,593
2026-09-22 14:48:00,1381.30,1381.30,1379.80,1380.50,698
2026-09-22 14:49:00,1380.60,1381.10,1380.60,1380.60,62
2026-09-22 14:50:00,1379.90,1382.50,1379.90,1382.40,1468
2026-09-22 14:51:00,1382.10,1382.10,1380.00,1380.50,735
2026-09-22 14:52:00,1380.00,1380.00,1379.40,1379.70,542
2026-09-22 14:53:00,1379.50,1381.20,1379.20,1379.20,4537
2026-09-22 14:54:00,1379.80,1380.00,1379.20,1379.40,1684
2026-09-22 14:55:00,1379.40,1384.30,1379.40,1384.30,7058
2026-09-22 14:56:00,1383.70,1384.10,1383.10,1383.40,1294
2026-09-22 14:57:00,1383.40,1383.80,1383.10,1383.50,375
2026-09-22 14:58:00,1383.60,1383.60,1381.70,1382.10,3106
2026-09-22 14:59:00,1382.30,1382.30,1380.70,1381.50,2669
2026-09-22 15:00:00,1381.40,1381.70,1380.70,1381.00,6115
2026-09-22 15:01:00,1381.40,1381.80,1381.00,1381.00,5757
2026-09-22 15:02:00,1381.30,1381.80,1380.60,1381.30,4913
2026-09-22 15:03:00,1381.40,1381.40,1380.50,1380.60,1365
2026-09-22 15:04:00,1380.60,1381.20,1380.60,1380.70,1275
2026-09-22 15:05:00,1380.70,1382.70,1380.70,1381.50,4404
2026-09-22 15:06:00,1381.50,1382.20,1381.50,1382.00,1786
2026-09-22 15:07:00,1381.50,1381.80,1381.20,1381.20,2095
2026-09-22 15:08:00,1381.20,1382.50,1381.20,1381.80,3011
2026-09-22 15:09:00,1381.80,1382.00,1381.50,1381.60,849
2026-09-22 15:10:00,1381.80,1381.80,1381.00,1381.00,2478
2026-09-22 15:11:00,1381.00,1381.10,1380.40,1380.70,1819
2026-09-22 15:12:00,1380.80,1380.80,1378.50,1378.50,8077
2026-09-22 15:13:00,1378.80,1379.60,1378.80,1379.10,2427
2026-09-22 15:14:00,1379.20,1379.50,1378.50,1378.50,759
2026-09-22 15:15:00,1378.50,1378.50,1378.50,1378.50,0
2026-09-22 15:16:00,1378.50,1378.50,1378.50,1378.50,0
2026-09-22 15:17:00,1378.50,1378.50,1378.50,1378.50,0
2026-09-22 15:18:00,1378.50,1378.50,1378.50,1378.50,0
2026-09-22 15:19:00,1378.50,1378.50,1378.50,1378.50,0
2026-09-22 15:20:00,1378.50,1378.50,1378.50,1378.50,0
2026-09-22 15:21:00,1378.50,1378.50,1378.50,1378.50,0
2026-09-22 15:22:00,1378.50,1378.50,1378.50,1378.50,0
2026-09-22 15:23:00,1378.50,1378.50,1378.50,1378.50,0
2026-09-22 15:24:00,1378.50,1378.50,1378.50,1378.50,0
2026-09-22 15:25:00,1378.50,1378.50,1378.50,1378.50,0
2026-09-22 15:26:00,1378.50,1378.50,1378.50,1378.50,0
2026-09-22 15:27:00,1378.50,1378.50,1378.50,1378.50,0
2026-09-22 15:28:00,1378.50,1384.10,1378.50,1384.10,16142
2026-09-22 15:29:00,1384.10,1384.10,1384.10,1384.10,0
2026-09-23 09:15:00,1382.40,1383.80,1379.00,1380.90,2898
2026-09-23 09:16:00,1381.00,1382.80,1381.00,1382.60,2698
2026-09-23 09:17:00,1382.60,1385.60,1381.70,1383.80,1163
2026-09-23 09:18:00,1384.30,1384.90,1382.70,1384.30,1382
2026-09-23 09:19:00,1384.30,1384.50,1383.10,1384.10,1581
2026-09-23 09:20:00,1383.30,1386.10,1383.10,1386.10,1948
2026-09-23 09:21:00,1385.40,1386.40,1384.00,1384.00,1908
2026-09-23 09:22:00,1384.60,1384.80,1384.00,1384.50,483
2026-09-23 09:23:00,1384.10,1385.50,1383.50,1384.70,1331
2026-09-23 09:24:00,1384.70,1385.90,1384.70,1385.90,450
2026-09-23 09:25:00,1385.90,1386.20,1385.90,1385.90,555
2026-09-23 09:26:00,1386.00,1386.80,1385.60,1386.80,469
2026-09-23 09:27:00,1386.30,1386.80,1385.60,1385.70,739
2026-09-23 09:28:00,1385.50,1385.50,1383.10,1383.40,1030
2026-09-23 09:29:00,1384.10,1385.20,1383.60,1384.80,355
2026-09-23 09:30:00,1384.80,1384.80,1383.20,1383.90,738
2026-09-23 09:31:00,1383.90,1383.90,1382.90,1383.00,257
2026-09-23 09:32:00,1383.00,1384.40,1383.00,1383.70,2735
2026-09-23 09:33:00,1383.70,1385.50,1383.20,1385.00,2124
2026-09-23 09:34:00,1385.00,1386.50,1384.60,1386.00,825
2026-09-23 09:35:00,1386.00,1386.70,1386.00,1386.50,451
2026-09-23 09:36:00,1386.40,1386.40,1385.10,1385.10,440
2026-09-23 09:37:00,1385.10,1385.50,1384.50,1384.50,411
2026-09-23 09:38:00,1384.90,1384.90,1384.30,1384.40,94
2026-09-23 09:39:00,1384.40,1384.40,1384.10,1384.10,51
2026-09-23 09:40:00,1384.10,1385.50,1384.10,1385.50,756
2026-09-23 09:41:00,1385.50,1385.50,1384.20,1385.10,267
2026-09-23 09:42:00,1385.10,1385.50,1385.10,1385.50,126
2026-09-23 09:43:00,1385.40,1385.50,1384.90,1385.50,804
2026-09-23 09:44:00,1385.50,1386.60,1385.50,1386.30,321
2026-09-23 09:45:00,1386.30,1386.30,1385.40,1385.80,1321
2026-09-23 09:46:00,1385.80,1385.80,1385.00,1385.60,540
2026-09-23 09:47:00,1385.60,1385.60,1385.10,1385.30,91
2026-09-23 09:48:00,1384.30,1384.80,1383.00,1383.30,716
2026-09-23 09:49:00,1383.30,1383.30,1382.10,1382.40,1911
2026-09-23 09:50:00,1382.80,1382.80,1382.00,1382.40,204
2026-09-23 09:51:00,1382.40,1382.40,1381.70,1381.80,181
2026-09-23 09:52:00,1382.30,1382.30,1381.30,1381.30,239
2026-09-23 09:53:00,1381.90,1382.30,1381.30,1381.60,1054
2026-09-23 09:54:00,1381.60,1381.60,1380.40,1380.90,337
2026-09-23 09:55:00,1381.40,1382.10,1381.00,1382.10,361
2026-09-23 09:56:00,1382.10,1383.20,1381.70,1382.80,506
2026-09-23 09:57:00,1382.80,1382.80,1382.50,1382.80,131
2026-09-23 09:58:00,1382.80,1383.10,1382.80,1383.10,251
2026-09-23 09:59:00,1383.10,1383.10,1382.90,1383.00,253
2026-09-23 10:00:00,1383.00,1383.00,1382.00,1382.40,2234
2026-09-23 10:01:00,1382.40,1382.40,1382.00,1382.00,732
2026-09-23 10:02:00,1382.10,1382.50,1382.00,1382.40,794
2026-09-23 10:03:00,1382.40,1382.90,1382.40,1382.60,211
2026-09-23 10:04:00,1382.90,1383.90,1382.60,1383.90,912
2026-09-23 10:05:00,1384.30,1384.80,1384.00,1384.30,318
2026-09-23 10:06:00,1384.80,1384.80,1384.30,1384.30,172
2026-09-23 10:07:00,1384.70,1384.70,1384.30,1384.70,141
2026-09-23 10:08:00,1384.30,1385.20,1384.30,1385.20,832
2026-09-23 10:09:00,1385.20,1385.50,1384.70,1385.10,635
2026-09-23 10:10:00,1385.10,1385.10,1384.30,1384.30,215
2026-09-23 10:11:00,1384.30,1384.30,1383.20,1383.30,399
2026-09-23 10:12:00,1383.50,1383.50,1383.10,1383.10,156
2026-09-23 10:13:00,1383.20,1383.20,1382.70,1382.80,455
2026-09-23 10:14:00,1383.20,1383.20,1382.70,1383.20,547
2026-09-23 10:15:00,1383.60,1385.60,1383.20,1385.60,1277
2026-09-23 10:16:00,1385.70,1386.00,1385.00,1385.10,204
2026-09-23 10:17:00,1385.70,1386.00,1385.30,1385.50,99
2026-09-23 10:18:00,1385.90,1385.90,1385.50,1385.50,168
2026-09-23 10:19:00,1385.70,1385.90,1385.50,1385.90,241
2026-09-23 10:20:00,1386.00,1387.00,1386.00,1386.50,1038
2026-09-23 10:21:00,1386.50,1386.80,1386.10,1386.50,339
2026-09-23 10:22:00,1386.80,1386.80,1386.50,1386.50,282
2026-09-23 10:23:00,1386.80,1386.80,1385.80,1385.80,618
2026-09-23 10:24:00,1385.80,1385.90,1385.30,1385.30,167
2026-09-23 10:25:00,1385.80,1385.80,1385.00,1385.00,93
2026-09-23 10:26:00,1385.30,1385.30,1384.40,1384.50,169
2026-09-23 10:27:00,1385.10,1385.10,1384.60,1384.60,159
2026-09-23 10:28:00,1385.10,1385.10,1384.50,1384.50,238
2026-09-23 10:29:00,1385.00,1385.00,1381.20,1381.20,2479
2026-09-23 10:30:00,1381.90,1382.00,1381.10,1382.00,733
2026-09-23 10:31:00,1382.00,1382.60,1381.70,1382.00,337
2026-09-23 10:32:00,1381.70,1382.00,1381.60,1381.60,112
2026-09-23 10:33:00,1382.00,1382.10,1381.10,1381.30,950
2026-09-23 10:34:00,1381.80,1381.80,1381.30,1381.40,482
2026-09-23 10:35:00,1381.40,1381.80,1381.40,1381.40,169
2026-09-23 10:36:00,1381.50,1382.60,1381.30,1382.10,949
2026-09-23 10:37:00,1381.90,1381.90,1379.90,1380.20,3510
2026-09-23 10:38:00,1380.00,1380.70,1380.00,1380.40,380
2026-09-23 10:39:00,1380.40,1380.60,1379.80,1379.80,611
2026-09-23 10:40:00,1380.00,1380.00,1379.60,1379.90,184
2026-09-23 10:41:00,1379.60,1379.90,1379.00,1379.20,1046
2026-09-23 10:42:00,1379.10,1379.40,1378.70,1379.30,1698
2026-09-23 10:43:00,1379.70,1381.00,1379.50,1379.60,1567
2026-09-23 10:44:00,1380.00,1380.50,1379.60,1379.70,199
2026-09-23 10:45:00,1380.30,1380.50,1380.00,1380.10,285
2026-09-23 10:46:00,1380.40,1380.40,1379.70,1379.70,146
2026-09-23 10:47:00,1379.70,1380.20,1379.70,1380.00,125
2026-09-23 10:48:00,1380.00,1380.60,1380.00,1380.00,1509
2026-09-23 10:49:00,1380.10,1380.10,1380.00,1380.00,239
2026-09-23 10:50:00,1380.10,1380.50,1380.00,1380.00,530
2026-09-23 10:51:00,1380.10,1380.50,1380.00,1380.40,197
2026-09-23 10:52:00,1380.40,1380.40,1379.90,1380.20,394
2026-09-23 10:53:00,1380.20,1380.20,1379.60,1379.70,167
2026-09-23 10:54:00,1379.60,1379.60,1379.10,1379.40,440
2026-09-23 10:55:00,1379.40,1379.40,1379.10,1379.40,102
2026-09-23 10:56:00,1379.20,1379.80,1379.20,1379.70,114
2026-09-23 10:57:00,1379.60,1379.60,1378.90,1379.20,2123
2026-09-23 10:58:00,1379.50,1379.50,1378.50,1378.60,886
2026-09-23 10:59:00,1379.00,1379.40,1378.60,1379.30,586
2026-09-23 11:00:00,1379.40,1379.50,1378.60,1379.10,698
2026-09-23 11:01:00,1379.50,1379.50,1379.00,1379.10,232
2026-09-23 11:02:00,1379.30,1379.50,1379.10,1379.50,115
2026-09-23 11:03:00,1379.50,1379.50,1379.10,1379.10,124
2026-09-23 11:04:00,1379.50,1379.50,1379.00,1379.00,187
2026-09-23 11:05:00,1379.40,1379.40,1379.00,1379.30,237
2026-09-23 11:06:00,1379.00,1379.60,1379.00,1379.30,380
2026-09-23 11:07:00,1379.60,1379.90,1379.30,1379.60,133
2026-09-23 11:08:00,1379.90,1379.90,1379.60,1379.60,93
2026-09-23 11:09:00,1379.80,1380.00,1379.60,1379.80,272
2026-09-23 11:10:00,1380.00,1380.80,1379.80,1380.60,333
2026-09-23 11:11:00,1380.60,1380.60,1379.80,1380.00,1167
2026-09-23 11:12:00,1380.20,1380.20,1379.60,1379.60,832
2026-09-23 11:13:00,1380.00,1380.00,1379.20,1379.20,420
2026-09-23 11:14:00,1379.50,1379.50,1378.10,1378.30,675
2026-09-23 11:15:00,1377.90,1377.90,1377.10,1377.10,686
2026-09-23 11:16:00,1377.70,1377.70,1376.30,1376.30,1164
2026-09-23 11:17:00,1376.00,1377.00,1375.80,1376.20,11241
2026-09-23 11:18:00,1376.20,1376.20,1375.60,1375.80,685
2026-09-23 11:19:00,1376.00,1376.00,1374.60,1375.00,7658
2026-09-23 11:20:00,1375.30,1375.60,1374.90,1374.90,4390
2026-09-23 11:21:00,1375.00,1375.00,1374.00,1374.00,676
2026-09-23 11:22:00,1374.60,1374.70,1373.70,1374.70,1144
2026-09-23 11:23:00,1374.70,1374.70,1373.90,1374.10,76
2026-09-23 11:24:00,1374.50,1374.50,1374.00,1374.00,311
2026-09-23 11:25:00,1374.50,1374.50,1373.50,1373.70,507
2026-09-23 11:26:00,1373.30,1374.40,1373.30,1374.00,766
2026-09-23 11:27:00,1374.30,1374.30,1374.00,1374.20,353
2026-09-23 11:28:00,1374.30,1374.60,1374.20,1374.20,441
2026-09-23 11:29:00,1374.60,1374.70,1374.20,1374.70,633
2026-09-23 11:30:00,1374.30,1374.90,1374.10,1374.40,1127
2026-09-23 11:31:00,1374.40,1374.40,1374.00,1374.20,76
2026-09-23 11:32:00,1374.20,1375.00,1374.10,1374.90,599
2026-09-23 11:33:00,1374.90,1374.90,1374.60,1374.60,304
2026-09-23 11:34:00,1374.50,1374.70,1374.30,1374.60,440
2026-09-23 11:35:00,1374.40,1374.90,1374.30,1374.80,461
2026-09-23 11:36:00,1374.80,1374.80,1374.30,1374.80,275
2026-09-23 11:37:00,1374.80,1375.00,1374.30,1375.00,332
2026-09-23 11:38:00,1375.00,1375.00,1374.60,1374.60,450
2026-09-23 11:39:00,1375.00,1375.00,1374.60,1375.00,749
2026-09-23 11:40:00,1375.00,1375.50,1374.60,1375.50,4318
2026-09-23 11:41:00,1375.50,1376.10,1375.00,1375.70,3586
2026-09-23 11:42:00,1376.10,1376.10,1375.70,1375.70,213
2026-09-23 11:43:00,1375.80,1377.00,1375.70,1376.00,856
2026-09-23 11:44:00,1376.60,1376.90,1375.90,1376.60,817
2026-09-23 11:45:00,1376.00,1376.60,1376.00,1376.00,201
2026-09-23 11:46:00,1376.50,1376.80,1376.00,1376.00,996
2026-09-23 11:47:00,1375.60,1376.00,1375.10,1375.10,2774
2026-09-23 11:48:00,1375.70,1375.80,1375.00,1375.30,783
2026-09-23 11:49:00,1375.80,1375.80,1375.30,1375.30,159
2026-09-23 11:50:00,1375.60,1375.60,1375.00,1375.00,1018
2026-09-23 11:51:00,1375.20,1375.60,1374.80,1374.80,2119
2026-09-23 11:52:00,1374.80,1375.20,1374.80,1374.80,427
2026-09-23 11:53:00,1375.00,1375.00,1374.40,1374.60,273
2026-09-23 11:54:00,1375.00,1375.50,1374.60,1374.70,499
2026-09-23 11:55:00,1374.70,1374.70,1374.10,1374.60,676
2026-09-23 11:56:00,1374.60,1374.60,1374.10,1374.50,310
2026-09-23 11:57:00,1374.50,1374.70,1374.10,1374.50,268
2026-09-23 11:58:00,1374.80,1375.40,1374.50,1374.50,932
2026-09-23 11:59:00,1375.00,1375.00,1374.50,1374.50,54
2026-09-23 12:00:00,1374.80,1374.80,1374.50,1374.50,214
2026-09-23 12:01:00,1374.80,1375.00,1374.40,1375.00,159
2026-09-23 12:02:00,1374.40,1375.00,1374.40,1375.00,328
2026-09-23 12:03:00,1374.40,1374.80,1374.40,1374.40,158
2026-09-23 12:04:00,1374.50,1374.50,1374.10,1374.50,231
2026-09-23 12:05:00,1374.50,1374.80,1374.30,1374.80,455
2026-09-23 12:06:00,1374.60,1374.80,1374.50,1374.80,176
2026-09-23 12:07:00,1374.60,1374.80,1374.50,1374.50,174
2026-09-23 12:08:00,1374.80,1374.80,1374.50,1374.50,80
2026-09-23 12:09:00,1374.70,1375.10,1374.50,1375.10,804
2026-09-23 12:10:00,1375.10,1375.30,1374.90,1374.90,102
2026-09-23 12:11:00,1375.30,1375.70,1374.90,1375.00,127
2026-09-23 12:12:00,1375.60,1375.80,1375.10,1375.80,320
2026-09-23 12:13:00,1375.70,1375.70,1375.00,1375.60,269
2026-09-23 12:14:00,1375.10,1376.70,1375.00,1376.70,2601
2026-09-23 12:15:00,1376.70,1376.70,1375.90,1376.00,398
2026-09-23 12:16:00,1376.00,1376.60,1374.10,1374.60,14038
2026-09-23 12:17:00,1374.60,1375.00,1374.20,1374.90,634
2026-09-23 12:18:00,1374.90,1374.90,1374.40,1374.60,255
2026-09-23 12:19:00,1374.60,1374.60,1374.50,1374.50,104
2026-09-23 12:20:00,1374.60,1374.60,1374.50,1374.50,103
2026-09-23 12:21:00,1374.60,1374.60,1374.40,1374.40,32
2026-09-23 12:22:00,1374.50,1374.50,1374.20,1374.40,875
2026-09-23 12:23:00,1374.50,1374.50,1374.10,1374.30,126
2026-09-23 12:24:00,1374.50,1374.50,1373.50,1373.70,5844
2026-09-23 12:25:00,1373.70,1374.30,1373.50,1373.70,653
2026-09-23 12:26:00,1374.00,1374.00,1373.70,1373.90,464
2026-09-23 12:27:00,1373.90,1373.90,1373.50,1373.90,496
2026-09-23 12:28:00,1373.90,1373.90,1373.50,1373.50,156
2026-09-23 12:29:00,1373.80,1374.60,1373.50,1374.30,1126
2026-09-23 12:30:00,1374.40,1374.40,1373.60,1373.70,716
2026-09-23 12:31:00,1373.70,1374.20,1373.70,1374.00,230
2026-09-23 12:32:00,1374.20,1374.20,1374.00,1374.00,220
2026-09-23 12:33:00,1374.20,1374.20,1373.60,1373.90,1123
2026-09-23 12:34:00,1373.90,1373.90,1373.60,1373.90,272
2026-09-23 12:35:00,1373.90,1374.10,1373.70,1374.10,108
2026-09-23 12:36:00,1373.90,1374.10,1371.80,1372.40,3916
2026-09-23 12:37:00,1372.40,1372.40,1371.80,1372.20,704
2026-09-23 12:38:00,1372.40,1372.40,1372.20,1372.30,82
2026-09-23 12:39:00,1372.30,1372.60,1372.00,1372.60,495
2026-09-23 12:40:00,1372.60,1372.60,1372.10,1372.20,245
2026-09-23 12:41:00,1372.50,1372.80,1372.20,1372.80,386
2026-09-23 12:42:00,1372.80,1372.80,1372.20,1372.80,223
2026-09-23 12:43:00,1372.80,1372.80,1372.70,1372.70,25
2026-09-23 12:44:00,1372.80,1372.80,1372.50,1372.60,289
2026-09-23 12:45:00,1372.80,1372.80,1372.50,1372.50,548
2026-09-23 12:46:00,1372.80,1372.80,1372.50,1372.60,131
2026-09-23 12:47:00,1372.60,1372.80,1372.40,1372.50,1283
2026-09-23 12:48:00,1372.50,1372.50,1372.40,1372.40,89
2026-09-23 12:49:00,1372.50,1372.50,1372.40,1372.40,184
2026-09-23 12:50:00,1372.50,1373.10,1372.40,1373.10,522
2026-09-23 12:51:00,1373.20,1373.30,1372.70,1373.30,226
2026-09-23 12:52:00,1373.00,1373.30,1373.00,1373.20,146
2026-09-23 12:53:00,1373.20,1373.30,1372.80,1372.80,477
2026-09-23 12:54:00,1373.20,1373.30,1372.80,1372.80,721
2026-09-23 12:55:00,1373.20,1373.20,1372.60,1372.90,225
2026-09-23 12:56:00,1372.90,1373.60,1372.80,1373.10,500
2026-09-23 12:57:00,1373.60,1373.70,1373.20,1373.30,161
2026-09-23 12:58:00,1373.70,1374.00,1373.30,1373.30,774
2026-09-23 12:59:00,1373.90,1373.90,1373.00,1373.00,625
2026-09-23 13:00:00,1373.60,1373.60,1372.90,1373.00,196
2026-09-23 13:01:00,1373.40,1373.70,1373.40,1373.70,67
2026-09-23 13:02:00,1373.40,1373.80,1373.40,1373.80,482
2026-09-23 13:03:00,1373.80,1374.00,1373.40,1374.00,233
2026-09-23 13:04:00,1374.00,1374.00,1373.40,1373.70,490
2026-09-23 13:05:00,1374.00,1374.00,1373.60,1373.60,303
2026-09-23 13:06:00,1374.00,1374.00,1373.50,1373.60,160
2026-09-23 13:07:00,1373.60,1373.90,1373.60,1373.70,125
2026-09-23 13:08:00,1373.70,1374.10,1373.70,1373.80,133
2026-09-23 13:09:00,1374.00,1375.00,1374.00,1374.70,1413
2026-09-23 13:10:00,1375.00,1378.00,1374.70,1378.00,42840
2026-09-23 13:11:00,1377.90,1378.00,1376.90,1377.20,3087
2026-09-23 13:12:00,1377.20,1377.20,1376.80,1376.80,835
2026-09-23 13:13:00,1376.80,1376.80,1376.10,1376.50,1559
2026-09-23 13:14:00,1376.20,1376.50,1375.20,1376.50,14178
2026-09-23 13:15:00,1376.10,1377.70,1375.70,1377.70,49602
2026-09-23 13:16:00,1377.70,1378.40,1376.60,1376.60,9176
2026-09-23 13:17:00,1376.00,1378.00,1375.20,1375.20,44698
2026-09-23 13:18:00,1375.40,1375.70,1375.20,1375.20,401
2026-09-23 13:19:00,1375.50,1375.50,1375.20,1375.20,183
2026-09-23 13:20:00,1375.40,1375.40,1374.80,1374.80,1084
2026-09-23 13:21:00,1374.90,1375.20,1374.80,1374.90,214
2026-09-23 13:22:00,1375.20,1375.40,1374.90,1375.10,34
2026-09-23 13:23:00,1375.20,1375.20,1374.20,1374.70,5265
2026-09-23 13:24:00,1374.80,1374.80,1374.30,1374.60,406
2026-09-23 13:25:00,1374.60,1374.60,1374.20,1374.20,117
2026-09-23 13:26:00,1374.40,1374.40,1373.80,1373.90,463
2026-09-23 13:27:00,1373.90,1374.30,1373.80,1374.30,449
2026-09-23 13:28:00,1374.30,1374.60,1374.20,1374.50,460
2026-09-23 13:29:00,1374.50,1374.60,1374.20,1374.20,1249
2026-09-23 13:30:00,1374.30,1374.30,1373.80,1373.80,470
2026-09-23 13:31:00,1373.90,1374.00,1373.30,1373.90,2218
2026-09-23 13:32:00,1373.90,1373.90,1373.10,1373.20,213
2026-09-23 13:33:00,1373.40,1373.80,1373.20,1373.60,241
2026-09-23 13:34:00,1373.80,1373.80,1373.60,1373.60,45
2026-09-23 13:35:00,1373.70,1373.70,1373.10,1373.10,1775
2026-09-23 13:36:00,1373.10,1373.20,1373.00,1373.00,185
2026-09-23 13:37:00,1373.00,1373.50,1373.00,1373.20,656
2026-09-23 13:38:00,1373.90,1374.30,1373.50,1373.70,446
2026-09-23 13:39:00,1374.10,1374.10,1373.70,1373.80,121
2026-09-23 13:40:00,1374.00,1375.00,1374.00,1374.70,2757
2026-09-23 13:41:00,1374.80,1375.00,1374.70,1374.70,525
2026-09-23 13:42:00,1375.00,1375.00,1374.70,1374.90,626
2026-09-23 13:43:00,1375.00,1375.00,1374.90,1374.90,627
2026-09-23 13:44:00,1375.00,1375.00,1374.70,1375.00,700
2026-09-23 13:45:00,1375.00,1375.00,1374.70,1374.70,68
2026-09-23 13:46:00,1375.00,1375.00,1374.40,1374.80,1119
2026-09-23 13:47:00,1374.80,1374.80,1374.40,1374.50,191
2026-09-23 13:48:00,1374.50,1374.70,1374.00,1374.00,838
2026-09-23 13:49:00,1374.30,1374.50,1374.00,1374.50,189
2026-09-23 13:50:00,1374.50,1374.60,1374.20,1374.60,182
2026-09-23 13:51:00,1374.60,1375.00,1374.40,1374.50,416
2026-09-23 13:52:00,1374.50,1374.90,1374.40,1374.90,304
2026-09-23 13:53:00,1374.90,1375.00,1374.40,1375.00,300
2026-09-23 13:54:00,1375.00,1375.00,1374.70,1375.00,5127
2026-09-23 13:55:00,1375.00,1377.30,1374.90,1377.30,20205
2026-09-23 13:56:00,1377.50,1377.60,1376.20,1377.50,25816
2026-09-23 13:57:00,1377.10,1377.70,1377.10,1377.10,1608
2026-09-23 13:58:00,1377.40,1377.40,1376.60,1377.00,651
2026-09-23 13:59:00,1377.00,1377.00,1375.40,1375.80,1096
2026-09-23 14:00:00,1375.80,1376.10,1375.50,1376.10,270
2026-09-23 14:01:00,1376.10,1376.90,1375.60,1376.90,455
2026-09-23 14:02:00,1376.90,1377.70,1376.80,1377.60,1021
2026-09-23 14:03:00,1377.60,1378.60,1377.60,1378.20,1873
2026-09-23 14:04:00,1378.20,1378.40,1377.70,1378.30,1335
2026-09-23 14:05:00,1378.30,1378.30,1377.70,1378.10,124
2026-09-23 14:06:00,1378.10,1378.10,1377.80,1378.00,623
2026-09-23 14:07:00,1378.00,1378.30,1378.00,1378.30,608
2026-09-23 14:08:00,1378.30,1378.30,1378.10,1378.20,600
2026-09-23 14:09:00,1378.10,1378.20,1377.90,1378.10,942
2026-09-23 14:10:00,1378.10,1378.10,1377.70,1378.10,175
2026-09-23 14:11:00,1378.10,1378.10,1377.70,1378.10,760
2026-09-23 14:12:00,1378.10,1378.40,1377.80,1378.40,576
2026-09-23 14:13:00,1378.30,1378.40,1378.00,1378.40,175
2026-09-23 14:14:00,1378.40,1378.70,1378.20,1378.70,819
2026-09-23 14:15:00,1378.70,1378.70,1378.40,1378.60,792
2026-09-23 14:16:00,1378.60,1379.00,1378.50,1379.00,439
2026-09-23 14:17:00,1379.00,1379.00,1378.60,1379.00,517
2026-09-23 14:18:00,1379.60,1379.90,1379.20,1379.70,2096
2026-09-23 14:19:00,1379.70,1379.70,1378.70,1378.80,1940
2026-09-23 14:20:00,1378.80,1378.80,1378.40,1378.50,168
2026-09-23 14:21:00,1378.50,1378.60,1378.20,1378.40,1931
2026-09-23 14:22:00,1378.60,1378.60,1377.80,1378.00,592
2026-09-23 14:23:00,1377.90,1378.10,1377.40,1378.10,323
2026-09-23 14:24:00,1378.10,1378.50,1378.00,1378.50,463
2026-09-23 14:25:00,1378.50,1378.50,1377.90,1378.40,404
2026-09-23 14:26:00,1378.40,1379.10,1378.20,1378.80,1378
2026-09-23 14:27:00,1378.80,1379.60,1378.50,1379.50,338
2026-09-23 14:28:00,1378.90,1379.50,1378.90,1379.50,505
2026-09-23 14:29:00,1379.50,1379.50,1378.80,1379.10,786
2026-09-23 14:30:00,1379.10,1379.30,1378.80,1378.80,904
2026-09-23 14:31:00,1378.80,1379.20,1378.40,1378.40,2194
2026-09-23 14:32:00,1379.00,1379.00,1378.40,1379.00,165
2026-09-23 14:33:00,1379.00,1379.00,1378.40,1379.00,102
2026-09-23 14:34:00,1379.00,1379.00,1378.00,1378.60,1319
2026-09-23 14:35:00,1378.60,1378.60,1378.00,1378.20,461
2026-09-23 14:36:00,1378.30,1378.30,1377.40,1377.90,2774
2026-09-23 14:37:00,1377.90,1378.20,1377.50,1378.00,650
2026-09-23 14:38:00,1377.90,1378.10,1377.80,1377.80,265
2026-09-23 14:39:00,1377.80,1378.00,1377.80,1377.90,255
2026-09-23 14:40:00,1377.90,1377.90,1377.70,1377.80,229
2026-09-23 14:41:00,1377.80,1377.80,1377.40,1377.70,1200
2026-09-23 14:42:00,1377.70,1378.80,1377.50,1378.60,2102
2026-09-23 14:43:00,1378.20,1378.30,1377.90,1378.30,815
2026-09-23 14:44:00,1378.30,1378.50,1378.00,1378.30,112
2026-09-23 14:45:00,1378.30,1378.80,1378.30,1378.80,570
2026-09-23 14:46:00,1378.80,1378.80,1378.50,1378.70,522
2026-09-23 14:47:00,1378.70,1378.70,1377.60,1377.60,3652
2026-09-23 14:48:00,1377.60,1377.70,1377.40,1377.40,672
2026-09-23 14:49:00,1377.40,1377.90,1377.30,1377.90,1018
2026-09-23 14:50:00,1377.90,1377.90,1377.40,1377.70,299
2026-09-23 14:51:00,1377.70,1377.70,1376.90,1376.90,477
2026-09-23 14:52:00,1376.80,1376.90,1375.40,1375.90,7004
2026-09-23 14:53:00,1375.90,1377.50,1375.90,1377.40,31799
2026-09-23 14:54:00,1377.40,1377.50,1377.00,1377.50,591
2026-09-23 14:55:00,1377.70,1377.70,1376.90,1377.00,1436
2026-09-23 14:56:00,1377.30,1377.30,1376.40,1376.50,1429
2026-09-23 14:57:00,1376.80,1377.80,1376.60,1377.10,3034
2026-09-23 14:58:00,1377.20,1377.90,1377.10,1377.90,1501
2026-09-23 14:59:00,1377.10,1377.80,1377.10,1377.70,4817
2026-09-23 15:00:00,1377.70,1378.50,1376.90,1378.30,11274
2026-09-23 15:01:00,1378.30,1378.40,1377.10,1377.20,5409
2026-09-23 15:02:00,1377.20,1378.80,1377.20,1378.30,3347
2026-09-23 15:03:00,1378.60,1378.60,1378.10,1378.10,865
2026-09-23 15:04:00,1378.10,1378.50,1378.00,1378.30,1118
2026-09-23 15:05:00,1378.20,1378.70,1378.00,1378.70,5177
2026-09-23 15:06:00,1378.90,1379.70,1378.70,1379.60,8760
2026-09-23 15:07:00,1379.60,1379.80,1379.40,1379.60,11996
2026-09-23 15:08:00,1379.60,1380.30,1379.60,1380.30,10659
2026-09-23 15:09:00,1380.30,1380.30,1379.90,1380.10,1353
2026-09-23 15:10:00,1379.90,1380.90,1379.60,1380.90,18391
2026-09-23 15:11:00,1380.50,1380.50,1380.20,1380.20,1499
2026-09-23 15:12:00,1380.20,1380.20,1379.40,1380.10,6484
2026-09-23 15:13:00,1379.90,1380.10,1379.00,1379.70,2199
2026-09-23 15:14:00,1379.70,1379.70,1376.70,1377.00,11534
2026-09-23 15:15:00,1381.00,1381.00,1381.00,1381.00,8
2026-09-23 15:16:00,1381.00,1381.00,1381.00,1381.00,0
2026-09-23 15:17:00,1381.00,1381.00,1381.00,1381.00,0
2026-09-23 15:18:00,1381.00,1381.00,1381.00,1381.00,0
2026-09-23 15:19:00,1381.00,1381.00,1381.00,1381.00,0
2026-09-23 15:20:00,1381.00,1381.00,1381.00,1381.00,0
2026-09-23 15:21:00,1381.00,1381.00,1381.00,1381.00,0
2026-09-23 15:22:00,1381.00,1381.00,1381.00,1381.00,0
2026-09-23 15:23:00,1381.00,1381.00,1381.00,1381.00,0
2026-09-23 15:24:00,1381.00,1381.00,1381.00,1381.00,0
2026-09-23 15:25:00,1381.00,1381.00,1381.00,1381.00,0
2026-09-23 15:26:00,1381.00,1381.00,1381.00,1381.00,0
2026-09-23 15:27:00,1381.00,1381.00,1381.00,1381.00,0
2026-09-23 15:28:00,1381.00,1381.00,1381.00,1381.00,0
2026-09-23 15:29:00,1381.00,1383.00,1381.00,1383.00,21316
2026-09-24 09:15:00,1375.00,1380.00,1373.00,1375.70,9944
2026-09-24 09:16:00,1375.70,1379.60,1375.40,1379.60,2771
2026-09-24 09:17:00,1378.40,1380.20,1378.40,1379.70,151
2026-09-24 09:18:00,1381.60,1384.00,1381.50,1383.30,1984
2026-09-24 09:19:00,1383.30,1383.30,1377.30,1377.80,2183
2026-09-24 09:20:00,1377.80,1378.50,1377.10,1377.80,804
2026-09-24 09:21:00,1377.80,1381.90,1377.80,1381.80,1520
2026-09-24 09:22:00,1381.80,1381.90,1380.00,1380.00,960
2026-09-24 09:23:00,1380.00,1380.00,1379.00,1379.00,817
2026-09-24 09:24:00,1379.90,1381.50,1379.90,1381.10,955
2026-09-24 09:25:00,1381.50,1383.50,1381.50,1383.50,323
2026-09-24 09:26:00,1383.50,1384.80,1383.50,1384.40,1155
2026-09-24 09:27:00,1384.20,1385.00,1383.60,1384.20,2049
2026-09-24 09:28:00,1384.20,1384.40,1382.00,1382.00,1035
2026-09-24 09:29:00,1382.50,1382.50,1380.60,1381.50,1168
2026-09-24 09:30:00,1381.70,1383.70,1381.10,1383.30,1250
2026-09-24 09:31:00,1383.30,1384.90,1383.30,1384.40,949
2026-09-24 09:32:00,1384.40,1384.60,1384.00,1384.50,230
2026-09-24 09:33:00,1384.50,1384.60,1383.80,1384.00,707
2026-09-24 09:34:00,1384.00,1384.00,1382.30,1383.00,651
2026-09-24 09:35:00,1383.00,1383.50,1383.00,1383.40,441
2026-09-24 09:36:00,1383.40,1384.10,1382.50,1384.10,2069
2026-09-24 09:37:00,1383.00,1383.20,1382.00,1382.10,2421
2026-09-24 09:38:00,1382.10,1382.10,1379.00,1380.40,1902
2026-09-24 09:39:00,1380.40,1380.70,1378.60,1379.70,1408
2026-09-24 09:40:00,1379.50,1379.50,1378.40,1378.70,559
2026-09-24 09:41:00,1378.50,1378.50,1377.90,1378.00,5204
2026-09-24 09:42:00,1378.00,1378.50,1378.00,1378.00,359
2026-09-24 09:43:00,1378.00,1378.30,1377.90,1378.30,431
2026-09-24 09:44:00,1378.30,1380.00,1378.00,1380.00,764
2026-09-24 09:45:00,1380.00,1380.30,1379.70,1380.30,198
2026-09-24 09:46:00,1380.50,1381.00,1379.40,1380.00,3650
2026-09-24 09:47:00,1380.10,1380.10,1378.80,1378.90,300
2026-09-24 09:48:00,1378.90,1380.10,1378.80,1380.10,3440
2026-09-24 09:49:00,1379.60,1380.10,1379.60,1380.00,1283
2026-09-24 09:50:00,1380.00,1380.00,1378.70,1378.90,692
2026-09-24 09:51:00,1378.30,1378.70,1378.20,1378.20,2389
2026-09-24 09:52:00,1378.20,1378.70,1377.60,1378.40,3447
2026-09-24 09:53:00,1378.60,1380.10,1378.40,1379.80,4053
2026-09-24 09:54:00,1380.00,1381.50,1380.00,1380.80,1550
2026-09-24 09:55:00,1381.40,1381.40,1380.00,1380.00,2552
2026-09-24 09:56:00,1380.00,1380.40,1378.40,1379.20,1376
2026-09-24 09:57:00,1379.20,1379.20,1378.30,1378.60,158
2026-09-24 09:58:00,1377.90,1378.40,1377.20,1378.20,616
2026-09-24 09:59:00,1378.00,1378.60,1377.80,1378.40,244
2026-09-24 10:00:00,1378.20,1378.50,1376.20,1377.00,1841
2026-09-24 10:01:00,1377.30,1377.80,1376.60,1377.10,904
2026-09-24 10:02:00,1377.20,1377.80,1376.70,1377.60,408
2026-09-24 10:03:00,1377.60,1380.20,1377.60,1380.20,2338
2026-09-24 10:04:00,1379.90,1381.00,1379.50,1381.00,652
2026-09-24 10:05:00,1381.00,1381.40,1380.30,1380.90,725
2026-09-24 10:06:00,1380.80,1381.30,1380.80,1381.30,133
2026-09-24 10:07:00,1381.30,1382.30,1380.70,1381.90,1834
2026-09-24 10:08:00,1381.90,1384.80,1381.70,1384.60,2194
2026-09-24 10:09:00,1384.60,1386.00,1384.60,1385.40,1757
2026-09-24 10:10:00,1385.40,1385.50,1384.60,1384.90,1203
2026-09-24 10:11:00,1384.90,1385.00,1384.20,1384.70,449
2026-09-24 10:12:00,1384.70,1384.70,1383.10,1383.60,548
2026-09-24 10:13:00,1384.10,1384.60,1383.60,1384.00,307
2026-09-24 10:14:00,1384.10,1384.10,1383.50,1383.90,288
2026-09-24 10:15:00,1384.00,1385.80,1383.10,1385.30,1096
2026-09-24 10:16:00,1385.70,1387.90,1385.70,1386.80,3307
2026-09-24 10:17:00,1386.80,1388.00,1386.40,1387.70,982
2026-09-24 10:18:00,1387.70,1389.00,1387.70,1389.00,1176
2026-09-24 10:19:00,1389.00,1389.00,1388.00,1389.00,1442
2026-09-24 10:20:00,1389.00,1389.70,1388.30,1389.20,3222
2026-09-24 10:21:00,1389.20,1389.40,1388.20,1388.30,651
2026-09-24 10:22:00,1388.50,1388.80,1388.20,1388.40,1144
2026-09-24 10:23:00,1388.40,1388.40,1387.10,1387.30,887
2026-09-24 10:24:00,1387.50,1389.40,1387.20,1389.40,1837
2026-09-24 10:25:00,1389.40,1389.60,1389.00,1389.40,271
2026-09-24 10:26:00,1389.40,1389.40,1388.60,1389.00,4034
2026-09-24 10:27:00,1389.00,1389.40,1388.50,1389.00,4288
2026-09-24 10:28:00,1389.00,1389.00,1388.20,1388.20,970
2026-09-24 10:29:00,1388.20,1388.20,1385.00,1385.10,1624
2026-09-24 10:30:00,1385.10,1386.40,1384.10,1384.10,4595
2026-09-24 10:31:00,1384.00,1384.40,1382.10,1384.40,1396
2026-09-24 10:32:00,1384.40,1387.40,1384.10,1387.40,560
2026-09-24 10:33:00,1387.60,1388.20,1387.20,1388.00,1308
2026-09-24 10:34:00,1388.50,1389.80,1387.90,1389.20,2109
2026-09-24 10:35:00,1389.20,1390.80,1389.20,1390.00,2482
2026-09-24 10:36:00,1390.70,1392.00,1390.30,1392.00,2887
2026-09-24 10:37:00,1392.00,1392.00,1391.40,1391.40,2726
2026-09-24 10:38:00,1391.40,1391.70,1390.40,1390.70,4023
2026-09-24 10:39:00,1390.60,1391.40,1390.30,1391.00,1992
2026-09-24 10:40:00,1390.90,1392.60,1390.50,1391.10,1929
2026-09-24 10:41:00,1391.80,1392.30,1391.50,1392.00,1300
2026-09-24 10:42:00,1392.10,1392.10,1391.00,1391.40,2928
2026-09-24 10:43:00,1391.40,1392.00,1391.20,1391.70,652
2026-09-24 10:44:00,1392.40,1393.00,1391.40,1392.40,2523
2026-09-24 10:45:00,1391.60,1393.00,1391.30,1392.80,1793
2026-09-24 10:46:00,1392.20,1394.40,1392.20,1394.00,2212
2026-09-24 10:47:00,1393.40,1394.00,1392.70,1393.10,2595
2026-09-24 10:48:00,1393.10,1394.80,1392.00,1393.80,4671
2026-09-24 10:49:00,1394.70,1395.00,1393.00,1393.20,5130
2026-09-24 10:50:00,1393.00,1394.30,1392.90,1393.70,1147
2026-09-24 10:51:00,1394.00,1394.80,1392.80,1392.80,2066
2026-09-24 10:52:00,1392.70,1393.50,1392.30,1393.00,1032
2026-09-24 10:53:00,1393.00,1393.60,1392.70,1392.80,484
2026-09-24 10:54:00,1392.30,1393.20,1392.30,1392.90,1867
2026-09-24 10:55:00,1392.30,1393.50,1392.30,1393.10,1082
2026-09-24 10:56:00,1392.20,1394.50,1392.20,1393.90,8818
2026-09-24 10:57:00,1393.90,1394.30,1392.90,1393.90,1682
2026-09-24 10:58:00,1394.00,1394.00,1393.10,1393.70,586
2026-09-24 10:59:00,1393.70,1394.00,1389.70,1390.80,10176
2026-09-24 11:00:00,1390.30,1391.00,1388.80,1388.80,3647
2026-09-24 11:01:00,1389.30,1390.40,1388.20,1389.70,6989
2026-09-24 11:02:00,1390.00,1390.90,1389.70,1390.00,21406
2026-09-24 11:03:00,1390.00,1390.00,1389.40,1389.80,2283
2026-09-24 11:04:00,1389.90,1390.00,1389.30,1389.30,785
2026-09-24 11:05:00,1389.40,1390.90,1389.40,1390.80,14162
2026-09-24 11:06:00,1390.50,1391.90,1390.00,1391.80,22431
2026-09-24 11:07:00,1391.20,1392.20,1391.00,1392.20,1254
2026-09-24 11:08:00,1392.10,1392.20,1391.40,1392.20,571
2026-09-24 11:09:00,1392.30,1392.30,1389.10,1389.70,63453
2026-09-24 11:10:00,1389.70,1389.90,1388.90,1389.50,1238
2026-09-24 11:11:00,1389.00,1390.00,1388.60,1389.90,2009
2026-09-24 11:12:00,1389.90,1390.00,1389.70,1390.00,2445
2026-09-24 11:13:00,1389.90,1390.00,1389.80,1390.00,2407
2026-09-24 11:14:00,1389.90,1391.00,1389.90,1390.80,4787
2026-09-24 11:15:00,1390.80,1392.20,1390.50,1392.20,1125
2026-09-24 11:16:00,1391.60,1392.20,1390.00,1391.00,43127
2026-09-24 11:17:00,1391.00,1391.70,1390.70,1391.00,11374
2026-09-24 11:18:00,1391.00,1392.20,1391.00,1391.80,16930
2026-09-24 11:19:00,1392.00,1392.00,1390.30,1390.90,3641
2026-09-24 11:20:00,1390.90,1390.90,1390.10,1390.80,318
2026-09-24 11:21:00,1390.90,1390.90,1390.10,1390.50,535
2026-09-24 11:22:00,1390.50,1390.50,1390.10,1390.50,508
2026-09-24 11:23:00,1390.50,1390.50,1390.10,1390.40,216
2026-09-24 11:24:00,1376.30,1386.10,1364.60,1384.70,143115
2026-09-24 11:25:00,1384.50,1390.00,1384.20,1389.20,9744
2026-09-24 11:26:00,1389.10,1389.50,1386.70,1387.90,3571
2026-09-24 11:27:00,1387.90,1389.20,1387.60,1388.90,2060
2026-09-24 11:28:00,1389.10,1389.80,1387.60,1389.00,2388
2026-09-24 11:29:00,1389.00,1393.00,1389.00,1392.40,7002
2026-09-24 11:30:00,1391.80,1392.20,1390.90,1391.70,2096
2026-09-24 11:31:00,1391.20,1391.70,1390.10,1391.30,1706
2026-09-24 11:32:00,1391.50,1392.00,1390.20,1390.90,2696
2026-09-24 11:33:00,1390.90,1391.90,1390.60,1391.50,1134
2026-09-24 11:34:00,1391.50,1391.50,1390.80,1391.30,847
2026-09-24 11:35:00,1391.30,1392.30,1391.00,1391.60,3226
2026-09-24 11:36:00,1391.80,1393.70,1391.50,1393.10,2952
2026-09-24 11:37:00,1393.70,1395.00,1393.00,1394.70,6329
2026-09-24 11:38:00,1394.20,1396.00,1394.20,1395.20,6221
2026-09-24 11:39:00,1395.20,1395.20,1394.00,1394.30,1607
2026-09-24 11:40:00,1394.40,1394.60,1393.00,1393.30,2779
2026-09-24 11:41:00,1393.20,1393.30,1392.40,1392.40,1281
2026-09-24 11:42:00,1392.20,1392.80,1391.60,1392.80,924
2026-09-24 11:43:00,1392.70,1393.40,1392.10,1393.30,1464
2026-09-24 11:44:00,1393.30,1393.30,1392.70,1393.00,220
2026-09-24 11:45:00,1393.30,1393.30,1391.00,1392.30,9408
2026-09-24 11:46:00,1392.80,1393.30,1392.40,1393.30,1156
2026-09-24 11:47:00,1393.30,1394.40,1393.30,1394.40,1254
2026-09-24 11:48:00,1394.00,1395.20,1394.00,1395.20,2222
2026-09-24 11:49:00,1395.30,1396.90,1395.20,1396.70,4584
2026-09-24 11:50:00,1396.80,1398.50,1396.80,1398.40,12409
2026-09-24 11:51:00,1398.50,1399.60,1398.40,1399.40,5824
2026-09-24 11:52:00,1399.40,1399.80,1398.80,1399.50,5216
2026-09-24 11:53:00,1399.50,1401.90,1399.20,1401.50,10421
2026-09-24 11:54:00,1401.50,1402.00,1400.10,1400.10,4356
2026-09-24 11:55:00,1400.70,1400.80,1399.30,1400.20,2996
2026-09-24 11:56:00,1400.20,1400.80,1399.30,1400.00,3084
2026-09-24 11:57:00,1400.50,1400.50,1399.80,1400.00,2098
2026-09-24 11:58:00,1399.50,1401.80,1399.50,1401.00,4232
2026-09-24 11:59:00,1401.10,1402.30,1401.00,1402.30,1689
2026-09-24 12:00:00,1402.30,1404.80,1402.30,1403.60,12116
2026-09-24 12:01:00,1403.70,1407.00,1403.60,1406.40,14877
2026-09-24 12:02:00,1407.00,1408.00,1406.80,1407.60,6974
2026-09-24 12:03:00,1408.00,1412.00,1407.30,1411.80,28615
2026-09-24 12:04:00,1411.70,1415.30,1411.10,1415.30,21528
2026-09-24 12:05:00,1415.00,1415.50,1411.30,1413.20,37651
2026-09-24 12:06:00,1414.60,1418.10,1414.10,1417.30,18380
2026-09-24 12:07:00,1417.90,1419.00,1414.10,1414.90,28835
2026-09-24 12:08:00,1414.10,1414.80,1412.80,1413.00,8169
2026-09-24 12:09:00,1413.00,1415.10,1412.40,1415.00,36088
2026-09-24 12:10:00,1414.90,1415.00,1413.00,1413.50,8344
2026-09-24 12:11:00,1413.00,1415.00,1413.00,1413.10,8637
2026-09-24 12:12:00,1413.80,1413.90,1410.60,1412.00,7408
2026-09-24 12:13:00,1412.20,1413.10,1411.60,1412.10,4485
2026-09-24 12:14:00,1412.10,1412.70,1409.30,1410.50,7641
2026-09-24 12:15:00,1410.50,1410.50,1409.50,1409.90,3174
2026-09-24 12:16:00,1409.50,1410.00,1409.20,1409.90,3564
2026-09-24 12:17:00,1410.50,1411.40,1410.00,1411.30,5309
2026-09-24 12:18:00,1410.40,1411.00,1410.40,1410.90,2049
2026-09-24 12:19:00,1410.90,1411.80,1410.50,1410.90,3811
2026-09-24 12:20:00,1411.50,1412.00,1410.50,1411.20,9076
2026-09-24 12:21:00,1410.60,1412.10,1410.50,1411.50,6083
2026-09-24 12:22:00,1411.50,1411.70,1410.50,1411.50,1071
2026-09-24 12:23:00,1411.00,1412.50,1410.80,1412.30,3016
2026-09-24 12:24:00,1412.40,1412.60,1411.20,1411.20,3274
2026-09-24 12:25:00,1410.60,1411.00,1408.00,1408.30,15293
2026-09-24 12:26:00,1408.40,1408.70,1406.40,1407.40,14157
2026-09-24 12:27:00,1407.90,1408.00,1406.70,1407.50,5484
2026-09-24 12:28:00,1407.50,1410.90,1407.00,1410.90,12574
2026-09-24 12:29:00,1411.00,1411.20,1410.00,1410.00,1462
2026-09-24 12:30:00,1410.60,1411.80,1410.00,1410.70,3314
2026-09-24 12:31:00,1410.50,1411.10,1409.50,1409.50,3063
2026-09-24 12:32:00,1410.20,1410.20,1409.50,1409.50,1987
2026-09-24 12:33:00,1410.00,1411.00,1409.10,1411.00,5893
2026-09-24 12:34:00,1410.50,1411.00,1410.00,1410.70,1468
2026-09-24 12:35:00,1410.00,1411.40,1410.00,1410.30,1623
2026-09-24 12:36:00,1410.90,1411.90,1410.30,1411.80,807
2026-09-24 12:37:00,1411.80,1411.80,1411.10,1411.60,1620
2026-09-24 12:38:00,1411.80,1415.00,1411.00,1414.90,14457
2026-09-24 12:39:00,1414.90,1415.00,1414.00,1414.90,5475
2026-09-24 12:40:00,1415.00,1415.00,1414.50,1414.80,4661
2026-09-24 12:41:00,1414.80,1415.00,1412.50,1412.70,7087
2026-09-24 12:42:00,1412.60,1414.80,1412.00,1414.80,9266
2026-09-24 12:43:00,1414.80,1414.80,1414.00,1414.40,917
2026-09-24 12:44:00,1413.90,1414.10,1410.50,1411.00,3975
2026-09-24 12:45:00,1411.00,1411.20,1409.70,1410.40,7933
2026-09-24 12:46:00,1409.70,1412.10,1409.70,1411.60,3442
2026-09-24 12:47:00,1411.60,1411.60,1410.60,1411.30,1348
2026-09-24 12:48:00,1411.30,1411.60,1411.10,1411.10,1138
2026-09-24 12:49:00,1411.50,1412.00,1411.00,1411.80,1790
2026-09-24 12:50:00,1411.80,1414.70,1411.80,1413.80,17314
2026-09-24 12:51:00,1414.20,1414.20,1413.00,1413.50,1055
2026-09-24 12:52:00,1413.10,1413.10,1411.30,1411.50,1077
2026-09-24 12:53:00,1412.00,1412.00,1410.30,1411.10,7785
2026-09-24 12:54:00,1411.20,1411.50,1410.40,1411.50,1062
2026-09-24 12:55:00,1411.50,1411.80,1411.00,1411.80,286
2026-09-24 12:56:00,1411.30,1412.50,1411.30,1411.80,1967
2026-09-24 12:57:00,1412.40,1412.40,1411.20,1411.50,1268
2026-09-24 12:58:00,1412.10,1412.90,1411.50,1412.50,2539
2026-09-24 12:59:00,1412.50,1412.90,1411.00,1411.70,951
2026-09-24 13:00:00,1412.30,1412.40,1411.00,1411.50,1163
2026-09-24 13:01:00,1411.70,1412.00,1411.10,1411.10,520
2026-09-24 13:02:00,1411.00,1411.60,1411.00,1411.50,441
2026-09-24 13:03:00,1411.00,1411.50,1411.00,1411.40,148
2026-09-24 13:04:00,1411.40,1411.80,1411.10,1411.30,1929
2026-09-24 13:05:00,1411.90,1412.10,1411.40,1412.00,1413
2026-09-24 13:06:00,1412.10,1412.60,1411.40,1412.60,955
2026-09-24 13:07:00,1412.60,1413.00,1412.10,1412.40,2423
2026-09-24 13:08:00,1412.40,1412.90,1410.40,1410.40,2346
2026-09-24 13:09:00,1411.10,1411.10,1410.00,1410.20,1200
2026-09-24 13:10:00,1410.20,1410.70,1409.50,1410.20,1679
2026-09-24 13:11:00,1410.50,1411.00,1409.70,1410.00,2169
2026-09-24 13:12:00,1410.40,1411.70,1409.70,1411.40,6299
2026-09-24 13:13:00,1411.20,1411.80,1410.10,1411.00,1181
2026-09-24 13:14:00,1411.20,1411.40,1409.40,1410.60,14870
2026-09-24 13:15:00,1409.80,1410.60,1409.60,1410.10,842
2026-09-24 13:16:00,1410.10,1410.50,1410.10,1410.20,540
2026-09-24 13:17:00,1410.20,1410.60,1410.10,1410.40,617
2026-09-24 13:18:00,1410.50,1410.70,1410.20,1410.40,425
2026-09-24 13:19:00,1410.30,1411.00,1410.10,1410.40,1686
2026-09-24 13:20:00,1410.70,1410.70,1410.10,1410.30,517
2026-09-24 13:21:00,1410.10,1411.00,1410.10,1410.40,736
2026-09-24 13:22:00,1410.20,1410.60,1409.10,1409.70,693
2026-09-24 13:23:00,1409.70,1409.70,1409.00,1409.40,953
2026-09-24 13:24:00,1409.00,1409.00,1408.00,1408.40,2461
2026-09-24 13:25:00,1408.50,1408.50,1407.20,1407.20,3138
2026-09-24 13:26:00,1407.20,1407.50,1406.00,1406.10,3616
2026-09-24 13:27:00,1406.10,1406.20,1405.00,1405.00,10811
2026-09-24 13:28:00,1405.50,1406.20,1405.10,1405.70,2577
2026-09-24 13:29:00,1406.00,1406.00,1405.40,1405.60,2691
2026-09-24 13:30:00,1405.60,1406.40,1405.50,1405.50,1920
2026-09-24 13:31:00,1405.60,1406.60,1405.50,1406.00,1353
2026-09-24 13:32:00,1406.00,1406.30,1405.30,1405.60,1404
2026-09-24 13:33:00,1406.00,1406.00,1405.20,1405.30,1940
2026-09-24 13:34:00,1405.20,1405.60,1405.00,1405.40,1081
2026-09-24 13:35:00,1405.60,1406.00,1405.00,1406.00,198
2026-09-24 13:36:00,1405.70,1406.40,1405.60,1406.00,1332
2026-09-24 13:37:00,1406.00,1406.40,1406.00,1406.00,3468
2026-09-24 13:38:00,1406.20,1406.90,1405.30,1405.50,1651
2026-09-24 13:39:00,1405.50,1406.40,1405.20,1405.90,765
2026-09-24 13:40:00,1405.90,1406.00,1405.00,1405.00,1256
2026-09-24 13:41:00,1405.00,1405.00,1402.60,1403.20,3523
2026-09-24 13:42:00,1403.00,1403.80,1403.00,1403.50,427
2026-09-24 13:43:00,1403.50,1403.80,1403.00,1403.20,2420
2026-09-24 13:44:00,1403.10,1403.50,1402.10,1402.80,3245
2026-09-24 13:45:00,1402.80,1403.70,1402.40,1402.40,1380
2026-09-24 13:46:00,1402.50,1403.30,1402.40,1403.10,1877
2026-09-24 13:47:00,1403.20,1403.40,1402.10,1402.60,2019
2026-09-24 13:48:00,1402.50,1403.30,1402.10,1402.80,1524
2026-09-24 13:49:00,1402.80,1403.20,1402.50,1403.20,983
2026-09-24 13:50:00,1403.20,1403.40,1400.60,1401.40,6284
2026-09-24 13:51:00,1400.90,1401.00,1399.70,1400.30,9469
2026-09-24 13:52:00,1400.30,1400.90,1400.10,1400.10,1166
2026-09-24 13:53:00,1400.00,1400.60,1398.70,1398.70,3771
2026-09-24 13:54:00,1399.00,1399.10,1397.20,1397.50,5176
2026-09-24 13:55:00,1398.10,1398.10,1397.20,1397.90,1456
2026-09-24 13:56:00,1397.90,1398.00,1397.00,1397.70,1422
2026-09-24 13:57:00,1397.10,1398.00,1397.10,1397.90,1675
2026-09-24 13:58:00,1397.90,1398.00,1396.00,1396.00,2104
2026-09-24 13:59:00,1396.00,1396.00,1395.10,1396.00,2042
2026-09-24 14:00:00,1396.00,1396.70,1395.10,1395.60,2010
2026-09-24 14:01:00,1395.60,1396.50,1395.20,1396.00,590
2026-09-24 14:02:00,1396.50,1397.90,1396.10,1397.00,4324
2026-09-24 14:03:00,1397.00,1398.10,1396.50,1397.20,2762
2026-09-24 14:04:00,1397.20,1397.70,1395.40,1395.40,3649
2026-09-24 14:05:00,1395.40,1396.10,1395.40,1395.50,950
2026-09-24 14:06:00,1396.00,1396.00,1395.40,1395.40,624
2026-09-24 14:07:00,1395.40,1396.60,1395.40,1396.60,824
2026-09-24 14:08:00,1396.10,1396.60,1396.10,1396.60,657
2026-09-24 14:09:00,1396.50,1397.40,1396.40,1397.40,331
2026-09-24 14:10:00,1397.30,1398.50,1397.30,1398.00,1658
2026-09-24 14:11:00,1398.50,1401.60,1397.40,1400.60,9308
2026-09-24 14:12:00,1400.60,1401.40,1399.00,1399.80,3505
2026-09-24 14:13:00,1399.80,1400.30,1399.10,1399.60,1637
2026-09-24 14:14:00,1399.90,1399.90,1399.20,1399.90,3405
2026-09-24 14:15:00,1399.40,1399.90,1399.00,1399.50,915
2026-09-24 14:16:00,1399.50,1399.80,1399.00,1399.40,401
2026-09-24 14:17:00,1399.40,1399.80,1399.10,1399.80,404
2026-09-24 14:18:00,1399.80,1399.90,1399.10,1399.60,2044
2026-09-24 14:19:00,1399.10,1399.60,1398.50,1398.70,1585
2026-09-24 14:20:00,1398.50,1399.70,1398.50,1399.20,2814
2026-09-24 14:21:00,1399.20,1399.80,1398.80,1399.00,716
2026-09-24 14:22:00,1398.90,1399.10,1397.90,1398.50,2599
2026-09-24 14:23:00,1398.50,1398.70,1397.10,1397.80,2844
2026-09-24 14:24:00,1397.70,1398.00,1397.00,1397.70,516
2026-09-24 14:25:00,1398.00,1398.00,1397.20,1397.40,267
2026-09-24 14:26:00,1397.80,1398.00,1397.00,1398.00,2017
2026-09-24 14:27:00,1397.80,1398.50,1397.30,1398.40,1531
2026-09-24 14:28:00,1398.40,1399.40,1398.40,1399.00,1385
2026-09-24 14:29:00,1398.30,1398.90,1398.00,1398.00,722
2026-09-24 14:30:00,1398.00,1398.40,1396.30,1397.00,3146
2026-09-24 14:31:00,1397.00,1397.40,1396.00,1397.10,1486
2026-09-24 14:32:00,1397.10,1398.50,1396.50,1397.80,3743
2026-09-24 14:33:00,1398.00,1398.60,1397.90,1398.00,1053
2026-09-24 14:34:00,1398.00,1399.00,1397.60,1399.00,3017
2026-09-24 14:35:00,1399.00,1399.80,1398.30,1398.90,3932
2026-09-24 14:36:00,1398.50,1399.30,1398.50,1399.10,708
2026-09-24 14:37:00,1399.10,1400.20,1399.00,1400.00,12427
2026-09-24 14:38:00,1399.90,1400.60,1399.00,1399.00,1948
2026-09-24 14:39:00,1399.00,1400.10,1399.00,1400.00,1404
2026-09-24 14:40:00,1400.00,1400.20,1399.50,1400.20,2568
2026-09-24 14:41:00,1399.50,1402.00,1399.30,1401.70,6484
2026-09-24 14:42:00,1401.20,1401.70,1400.40,1400.90,3908
2026-09-24 14:43:00,1400.80,1400.80,1400.00,1400.10,2475
2026-09-24 14:44:00,1400.20,1400.70,1399.70,1400.50,3113
2026-09-24 14:45:00,1400.50,1401.40,1400.40,1400.60,2445
2026-09-24 14:46:00,1400.90,1401.80,1400.90,1401.20,6129
2026-09-24 14:47:00,1401.20,1402.40,1401.00,1401.60,4188
2026-09-24 14:48:00,1401.60,1402.30,1401.60,1402.20,1077
2026-09-24 14:49:00,1402.10,1402.50,1401.90,1402.00,5072
2026-09-24 14:50:00,1402.00,1402.30,1402.00,1402.30,1519
2026-09-24 14:51:00,1402.10,1402.50,1402.00,1402.50,1079
2026-09-24 14:52:00,1402.50,1403.50,1402.30,1403.30,9998
2026-09-24 14:53:00,1403.30,1404.00,1403.00,1403.70,3016
2026-09-24 14:54:00,1403.40,1403.80,1403.00,1403.30,1035
2026-09-24 14:55:00,1402.90,1402.90,1401.90,1401.90,3069
2026-09-24 14:56:00,1402.10,1402.40,1401.90,1402.10,1735
2026-09-24 14:57:00,1401.90,1401.90,1400.10,1401.00,5236
2026-09-24 14:58:00,1400.80,1402.00,1400.40,1401.10,3333
2026-09-24 14:59:00,1401.80,1401.80,1400.00,1400.10,3551
2026-09-24 15:00:00,1400.20,1401.00,1400.20,1400.60,2026
2026-09-24 15:01:00,1400.10,1400.30,1398.90,1400.00,9551
2026-09-24 15:02:00,1399.50,1400.00,1399.10,1399.90,3214
2026-09-24 15:03:00,1400.10,1400.30,1398.60,1398.70,3118
2026-09-24 15:04:00,1398.00,1398.70,1398.00,1398.30,2602
2026-09-24 15:05:00,1398.30,1400.70,1398.20,1400.70,8697
2026-09-24 15:06:00,1400.60,1400.70,1399.90,1400.20,6764
2026-09-24 15:07:00,1399.50,1400.80,1399.50,1400.80,8947
2026-09-24 15:08:00,1400.80,1401.90,1400.40,1401.80,7761
2026-09-24 15:09:00,1401.80,1401.80,1400.00,1400.20,4865
2026-09-24 15:10:00,1400.10,1400.10,1399.50,1399.50,3853
2026-09-24 15:11:00,1399.40,1400.40,1398.40,1399.30,8128
2026-09-24 15:12:00,1399.10,1401.10,1398.70,1399.30,24426
2026-09-24 15:13:00,1400.10,1400.70,1399.30,1400.10,6992
2026-09-24 15:14:00,1400.50,1404.00,1399.00,1399.00,6030
2026-09-24 15:15:00,1399.00,1399.00,1399.00,1399.00,0
2026-09-24 15:16:00,1399.00,1399.00,1399.00,1399.00,0
2026-09-24 15:17:00,1399.00,1399.00,1399.00,1399.00,0
2026-09-24 15:18:00,1399.00,1399.00,1399.00,1399.00,0
2026-09-24 15:19:00,1399.00,1399.00,1399.00,1399.00,0
2026-09-24 15:20:00,1399.00,1399.00,1399.00,1399.00,0
2026-09-24 15:21:00,1399.00,1399.00,1399.00,1399.00,0
2026-09-24 15:22:00,1399.00,1399.00,1399.00,1399.00,0
2026-09-24 15:23:00,1399.00,1399.00,1399.00,1399.00,0
2026-09-24 15:24:00,1399.00,1399.00,1399.00,1399.00,0
2026-09-24 15:25:00,1399.00,1399.00,1399.00,1399.00,0
2026-09-24 15:26:00,1399.00,1399.00,1399.00,1399.00,0
2026-09-24 15:27:00,1399.00,1399.00,1399.00,1399.00,0
2026-09-24 15:28:00,1399.00,1399.00,1399.00,1399.00,20303
2026-09-24 15:29:00,1399.00,1399.00,1399.00,1399.00,0
2026-09-25 09:15:00,1402.90,1407.20,1400.70,1402.00,33348
2026-09-25 09:16:00,1401.00,1402.50,1397.20,1397.20,12309
2026-09-25 09:17:00,1397.30,1402.20,1395.10,1402.20,8484
2026-09-25 09:18:00,1401.50,1404.00,1400.50,1400.50,8195
2026-09-25 09:19:00,1400.10,1400.10,1397.80,1399.90,4727
2026-09-25 09:20:00,1399.00,1403.20,1398.10,1403.20,4616
2026-09-25 09:21:00,1401.60,1402.40,1400.00,1400.90,2039
2026-09-25 09:22:00,1401.40,1402.00,1400.50,1400.50,2568
2026-09-25 09:23:00,1400.60,1402.20,1400.60,1400.80,2527
2026-09-25 09:24:00,1400.80,1402.50,1400.60,1401.80,1322
2026-09-25 09:25:00,1401.10,1402.90,1401.10,1402.90,1046
2026-09-25 09:26:00,1402.90,1403.30,1402.00,1402.90,1977
2026-09-25 09:27:00,1403.00,1403.80,1402.00,1403.80,5116
2026-09-25 09:28:00,1403.80,1404.00,1403.00,1403.40,2915
2026-09-25 09:29:00,1403.80,1405.30,1403.50,1405.00,3266
2026-09-25 09:30:00,1405.40,1408.70,1404.30,1407.50,17867
2026-09-25 09:31:00,1408.70,1409.70,1407.80,1409.40,4339
2026-09-25 09:32:00,1409.80,1412.70,1409.00,1412.20,8112
2026-09-25 09:33:00,1412.10,1413.60,1411.60,1412.50,5286
2026-09-25 09:34:00,1413.00,1414.00,1412.00,1413.20,7049
2026-09-25 09:35:00,1413.00,1414.00,1412.20,1413.00,3371
2026-09-25 09:36:00,1413.60,1413.60,1410.40,1412.00,8749
2026-09-25 09:37:00,1411.90,1417.90,1411.40,1417.50,16576
2026-09-25 09:38:00,1417.50,1419.80,1416.40,1419.70,15787
2026-09-25 09:39:00,1419.80,1421.00,1418.50,1419.40,12889
2026-09-25 09:40:00,1419.80,1420.00,1415.10,1415.90,16883
2026-09-25 09:41:00,1415.70,1417.50,1414.00,1417.00,9396
2026-09-25 09:42:00,1417.00,1418.90,1416.30,1418.00,4570
2026-09-25 09:43:00,1417.90,1418.80,1416.00,1416.30,3722
2026-09-25 09:44:00,1416.30,1416.90,1415.10,1416.40,3429
2026-09-25 09:45:00,1416.20,1418.00,1416.20,1417.80,4308
2026-09-25 09:46:00,1417.90,1417.90,1416.10,1416.70,7428
2026-09-25 09:47:00,1416.50,1417.30,1416.00,1417.00,10031
2026-09-25 09:48:00,1417.00,1417.00,1416.00,1416.50,5127
2026-09-25 09:49:00,1416.90,1417.00,1416.10,1417.00,3335
2026-09-25 09:50:00,1416.50,1417.00,1416.50,1416.50,11898
2026-09-25 09:51:00,1416.40,1416.50,1413.30,1413.80,6816
2026-09-25 09:52:00,1414.30,1415.20,1413.00,1413.00,3964
2026-09-25 09:53:00,1413.50,1413.70,1413.00,1413.70,1964
2026-09-25 09:54:00,1413.70,1414.70,1413.50,1413.50,2854
2026-09-25 09:55:00,1413.40,1414.20,1413.00,1413.60,1465
2026-09-25 09:56:00,1414.30,1416.90,1413.90,1416.90,4407
2026-09-25 09:57:00,1417.00,1418.10,1416.80,1417.70,8879
2026-09-25 09:58:00,1417.00,1417.00,1415.70,1416.80,2681
2026-09-25 09:59:00,1416.80,1417.00,1415.70,1416.20,912
2026-09-25 10:00:00,1416.60,1416.60,1413.80,1413.80,4233
2026-09-25 10:01:00,1414.50,1414.50,1413.80,1414.40,1207
2026-09-25 10:02:00,1414.60,1414.60,1413.50,1413.60,2488
2026-09-25 10:03:00,1413.50,1413.70,1412.00,1412.20,3558
2026-09-25 10:04:00,1411.70,1413.00,1411.30,1412.50,2347
2026-09-25 10:05:00,1412.00,1413.40,1412.00,1412.70,962
2026-09-25 10:06:00,1412.90,1413.00,1409.80,1409.80,1880
2026-09-25 10:07:00,1410.80,1410.90,1409.80,1410.90,7430
2026-09-25 10:08:00,1410.60,1411.90,1410.60,1411.80,785
2026-09-25 10:09:00,1411.20,1411.20,1410.10,1410.10,1288
2026-09-25 10:10:00,1410.50,1410.50,1408.30,1408.60,2470
2026-09-25 10:11:00,1408.40,1410.50,1408.10,1410.40,2844
2026-09-25 10:12:00,1409.80,1411.60,1409.00,1411.00,1582
2026-09-25 10:13:00,1411.70,1412.50,1411.20,1412.50,2515
2026-09-25 10:14:00,1412.50,1412.50,1410.90,1410.90,1252
2026-09-25 10:15:00,1411.20,1411.90,1410.10,1411.90,1592
2026-09-25 10:16:00,1411.90,1412.50,1411.90,1412.50,602
2026-09-25 10:17:00,1412.90,1412.90,1412.00,1412.80,1706
2026-09-25 10:18:00,1412.80,1413.30,1411.90,1413.20,2527
2026-09-25 10:19:00,1413.80,1413.90,1413.30,1413.30,1385
2026-09-25 10:20:00,1413.30,1415.60,1412.20,1415.60,4013
2026-09-25 10:21:00,1415.70,1415.80,1414.40,1415.50,3754
2026-09-25 10:22:00,1416.00,1416.30,1415.00,1416.00,2192
2026-09-25 10:23:00,1416.00,1416.60,1415.10,1415.90,3428
2026-09-25 10:24:00,1416.60,1416.70,1415.50,1415.50,1971
2026-09-25 10:25:00,1415.60,1415.60,1414.00,1414.00,1762
2026-09-25 10:26:00,1414.60,1414.60,1413.00,1413.40,2289
2026-09-25 10:27:00,1413.60,1413.80,1412.80,1413.30,714
2026-09-25 10:28:00,1413.40,1413.40,1412.40,1412.50,861
2026-09-25 10:29:00,1413.20,1413.20,1412.40,1412.80,551
2026-09-25 10:30:00,1413.00,1413.30,1412.40,1412.90,439
2026-09-25 10:31:00,1413.30,1413.80,1412.80,1413.30,1130
2026-09-25 10:32:00,1413.30,1413.30,1412.30,1412.40,1319
2026-09-25 10:33:00,1412.70,1413.00,1412.40,1412.90,111
2026-09-25 10:34:00,1412.90,1412.90,1411.00,1411.50,3738
2026-09-25 10:35:00,1411.90,1413.00,1411.60,1412.80,1520
2026-09-25 10:36:00,1412.20,1412.20,1406.00,1406.00,10275
2026-09-25 10:37:00,1406.70,1407.60,1406.00,1406.50,3724
2026-09-25 10:38:00,1406.50,1406.50,1403.90,1405.50,4137
2026-09-25 10:39:00,1405.50,1406.20,1405.10,1406.20,355
2026-09-25 10:40:00,1406.60,1408.00,1405.80,1407.30,5015
2026-09-25 10:41:00,1407.10,1407.60,1406.80,1407.20,732
2026-09-25 10:42:00,1407.90,1408.50,1407.80,1408.10,776
2026-09-25 10:43:00,1408.20,1408.20,1406.00,1406.80,2189
2026-09-25 10:44:00,1406.80,1406.90,1405.90,1406.30,1177
2026-09-25 10:45:00,1406.90,1406.90,1406.20,1406.60,518
2026-09-25 10:46:00,1406.70,1407.00,1406.20,1406.30,763
2026-09-25 10:47:00,1406.30,1406.50,1405.30,1406.00,890
2026-09-25 10:48:00,1406.10,1407.50,1405.60,1407.20,1244
2026-09-25 10:49:00,1408.00,1408.70,1407.50,1408.50,264
2026-09-25 10:50:00,1408.50,1409.20,1407.80,1408.80,1156
2026-09-25 10:51:00,1408.80,1408.90,1407.60,1407.60,483
2026-09-25 10:52:00,1408.00,1408.00,1407.60,1408.00,38
2026-09-25 10:53:00,1408.00,1408.50,1407.60,1407.60,297
2026-09-25 10:54:00,1408.00,1408.50,1406.60,1408.30,2374
2026-09-25 10:55:00,1408.40,1408.80,1408.00,1408.50,128
2026-09-25 10:56:00,1408.50,1408.50,1408.00,1408.00,136
2026-09-25 10:57:00,1408.40,1408.40,1407.50,1408.10,270
2026-09-25 10:58:00,1408.20,1408.20,1407.00,1407.60,300
2026-09-25 10:59:00,1407.70,1407.70,1406.70,1406.70,199
2026-09-25 11:00:00,1407.20,1407.20,1406.30,1406.90,456
2026-09-25 11:01:00,1406.90,1408.70,1406.40,1408.40,879
2026-09-25 11:02:00,1408.30,1409.50,1408.30,1409.00,826
2026-09-25 11:03:00,1409.00,1409.70,1408.30,1409.20,689
2026-09-25 11:04:00,1409.20,1409.70,1408.60,1409.00,432
2026-09-25 11:05:00,1409.00,1409.70,1409.00,1409.50,264
2026-09-25 11:06:00,1409.50,1409.70,1409.00,1409.10,384
2026-09-25 11:07:00,1409.70,1410.40,1409.00,1410.40,675
2026-09-25 11:08:00,1410.60,1411.00,1409.40,1411.00,1167
2026-09-25 11:09:00,1410.30,1411.00,1410.30,1410.80,581
2026-09-25 11:10:00,1410.80,1411.00,1410.10,1410.90,909
2026-09-25 11:11:00,1410.90,1412.30,1410.30,1412.30,3647
2026-09-25 11:12:00,1412.40,1412.50,1411.90,1412.50,1302
2026-09-25 11:13:00,1412.50,1412.50,1411.40,1412.00,421
2026-09-25 11:14:00,1412.10,1412.80,1411.10,1412.80,1121
2026-09-25 11:15:00,1413.40,1414.40,1413.20,1413.70,5568
2026-09-25 11:16:00,1413.70,1413.70,1411.80,1412.50,1939
2026-09-25 11:17:00,1412.40,1412.50,1411.40,1412.40,858
2026-09-25 11:18:00,1411.90,1412.40,1411.50,1411.50,304
2026-09-25 11:19:00,1411.50,1412.10,1410.60,1411.50,965
2026-09-25 11:20:00,1411.40,1411.40,1410.40,1410.40,1623
2026-09-25 11:21:00,1410.40,1410.40,1409.50,1409.90,316
2026-09-25 11:22:00,1409.50,1409.80,1409.00,1409.30,1367
2026-09-25 11:23:00,1409.80,1409.80,1407.80,1408.10,1814
2026-09-25 11:24:00,1408.10,1408.10,1407.10,1407.70,818
2026-09-25 11:25:00,1407.50,1408.00,1406.00,1406.00,1229
2026-09-25 11:26:00,1406.00,1406.70,1404.30,1405.00,5028
2026-09-25 11:27:00,1405.00,1405.90,1404.90,1405.90,484
2026-09-25 11:28:00,1405.90,1409.00,1405.00,1408.10,11167
2026-09-25 11:29:00,1408.70,1408.70,1406.50,1406.50,12869
2026-09-25 11:30:00,1407.00,1408.00,1407.00,1408.00,10206
2026-09-25 11:31:00,1408.40,1408.40,1407.00,1408.40,4817
2026-09-25 11:32:00,1408.40,1408.50,1407.70,1408.30,957
2026-09-25 11:33:00,1408.20,1408.20,1406.30,1406.30,998
2026-09-25 11:34:00,1406.90,1406.90,1406.20,1406.90,127
2026-09-25 11:35:00,1406.90,1406.90,1406.20,1406.80,299
2026-09-25 11:36:00,1406.80,1406.80,1405.90,1406.50,1458
2026-09-25 11:37:00,1406.50,1407.00,1406.20,1406.60,2244
2026-09-25 11:38:00,1406.90,1406.90,1406.20,1406.80,303
2026-09-25 11:39:00,1406.90,1406.90,1403.20,1403.20,8166
2026-09-25 11:40:00,1404.10,1405.70,1403.20,1405.20,3251
2026-09-25 11:41:00,1405.80,1406.00,1404.00,1406.00,11460
2026-09-25 11:42:00,1406.00,1406.90,1405.00,1405.20,10160
2026-09-25 11:43:00,1405.70,1405.70,1404.00,1404.00,2596
2026-09-25 11:44:00,1403.70,1404.80,1403.30,1404.00,879
2026-09-25 11:45:00,1403.40,1404.70,1403.40,1404.50,1382
2026-09-25 11:46:00,1404.60,1404.60,1403.90,1404.00,210
2026-09-25 11:47:00,1404.50,1404.90,1403.70,1404.20,1136
2026-09-25 11:48:00,1404.00,1404.30,1403.50,1403.80,12343
2026-09-25 11:49:00,1404.30,1404.50,1403.50,1404.00,899
2026-09-25 11:50:00,1404.00,1404.00,1403.40,1404.00,702
2026-09-25 11:51:00,1404.00,1404.60,1403.70,1404.50,566
2026-09-25 11:52:00,1404.50,1405.90,1403.90,1405.20,1378
2026-09-25 11:53:00,1405.60,1405.70,1404.80,1405.10,742
2026-09-25 11:54:00,1405.80,1405.80,1405.00,1405.00,229
2026-09-25 11:55:00,1405.40,1405.40,1404.40,1404.40,351
2026-09-25 11:56:00,1404.70,1404.70,1404.30,1404.40,356
2026-09-25 11:57:00,1404.40,1404.90,1404.40,1404.80,457
2026-09-25 11:58:00,1405.00,1405.00,1404.50,1405.00,313
2026-09-25 11:59:00,1405.00,1405.00,1404.40,1404.50,970
2026-09-25 12:00:00,1404.90,1404.90,1404.20,1404.70,423
2026-09-25 12:01:00,1404.70,1404.70,1404.00,1404.60,885
2026-09-25 12:02:00,1404.60,1404.60,1404.00,1404.30,6068
2026-09-25 12:03:00,1404.70,1404.90,1404.30,1404.70,301
2026-09-25 12:04:00,1404.90,1404.90,1404.30,1404.70,301
2026-09-25 12:05:00,1404.90,1405.00,1404.30,1404.30,928
2026-09-25 12:06:00,1404.80,1404.90,1403.90,1404.30,2691
2026-09-25 12:07:00,1404.40,1404.80,1403.80,1404.30,650
2026-09-25 12:08:00,1404.00,1404.70,1403.90,1404.50,895
2026-09-25 12:09:00,1404.70,1404.70,1404.00,1404.00,399
2026-09-25 12:10:00,1404.60,1404.70,1404.00,1404.60,364
2026-09-25 12:11:00,1404.70,1404.90,1404.10,1404.90,748
2026-09-25 12:12:00,1404.90,1405.00,1404.30,1404.90,507
2026-09-25 12:13:00,1404.90,1404.90,1404.00,1404.20,283
2026-09-25 12:14:00,1404.60,1404.90,1404.10,1404.80,1510
2026-09-25 12:15:00,1404.80,1404.80,1404.10,1404.10,207
2026-09-25 12:16:00,1404.70,1404.90,1404.00,1404.10,1223
2026-09-25 12:17:00,1404.60,1404.70,1403.90,1404.10,245
2026-09-25 12:18:00,1404.50,1405.00,1404.10,1404.10,694
2026-09-25 12:19:00,1404.00,1404.80,1404.00,1404.70,2192
2026-09-25 12:20:00,1404.70,1404.70,1403.30,1403.30,670
2026-09-25 12:21:00,1402.30,1403.60,1402.30,1403.60,2902
2026-09-25 12:22:00,1402.60,1403.90,1402.60,1402.60,316
2026-09-25 12:23:00,1403.40,1403.40,1402.50,1403.00,1096
2026-09-25 12:24:00,1403.00,1403.20,1402.10,1402.50,613
2026-09-25 12:25:00,1402.60,1403.40,1402.60,1403.40,303
2026-09-25 12:26:00,1403.30,1405.00,1403.00,1404.60,2191
2026-09-25 12:27:00,1404.90,1405.00,1404.20,1404.30,951
2026-09-25 12:28:00,1404.40,1405.00,1404.10,1404.80,319
2026-09-25 12:29:00,1405.00,1405.00,1404.50,1404.70,230
2026-09-25 12:30:00,1405.00,1405.00,1404.50,1404.70,297
2026-09-25 12:31:00,1404.90,1404.90,1404.10,1404.10,268
2026-09-25 12:32:00,1404.60,1405.00,1404.10,1404.60,935
2026-09-25 12:33:00,1405.00,1405.00,1404.70,1404.70,571
2026-09-25 12:34:00,1405.00,1405.00,1404.60,1404.80,697
2026-09-25 12:35:00,1405.00,1405.00,1404.60,1404.70,187
2026-09-25 12:36:00,1404.90,1404.90,1404.20,1404.80,520
2026-09-25 12:37:00,1404.70,1404.80,1404.20,1404.30,192
2026-09-25 12:38:00,1404.80,1404.80,1404.00,1404.50,229
2026-09-25 12:39:00,1404.50,1404.50,1400.90,1401.60,7447
2026-09-25 12:40:00,1401.90,1401.90,1400.00,1401.00,30415
2026-09-25 12:41:00,1401.10,1401.30,1400.20,1401.30,1200
2026-09-25 12:42:00,1401.30,1401.80,1400.40,1401.30,1546
2026-09-25 12:43:00,1400.70,1401.20,1400.60,1400.60,470
2026-09-25 12:44:00,1401.10,1401.10,1398.50,1399.00,6273
2026-09-25 12:45:00,1399.00,1399.60,1398.50,1399.20,806
2026-09-25 12:46:00,1399.20,1399.60,1399.00,1399.00,803
2026-09-25 12:47:00,1399.10,1399.10,1398.30,1398.80,944
2026-09-25 12:48:00,1399.10,1399.10,1398.10,1398.80,577
2026-09-25 12:49:00,1398.50,1399.60,1398.30,1399.50,1142
2026-09-25 12:50:00,1399.50,1399.50,1398.80,1399.10,307
2026-09-25 12:51:00,1399.00,1399.20,1398.70,1399.20,1179
2026-09-25 12:52:00,1399.00,1399.00,1398.60,1398.80,159
2026-09-25 12:53:00,1399.00,1399.00,1398.40,1398.40,506
2026-09-25 12:54:00,1398.40,1398.70,1398.20,1398.50,392
2026-09-25 12:55:00,1398.50,1398.80,1397.40,1398.10,1550
2026-09-25 12:56:00,1398.10,1398.10,1397.50,1397.70,840
2026-09-25 12:57:00,1397.50,1397.70,1396.70,1397.70,2328
2026-09-25 12:58:00,1397.60,1398.50,1397.60,1398.00,1994
2026-09-25 12:59:00,1398.40,1398.50,1398.00,1398.50,593
2026-09-25 13:00:00,1398.50,1399.40,1398.40,1399.00,1141
2026-09-25 13:01:00,1398.80,1399.00,1398.20,1398.80,785
2026-09-25 13:02:00,1398.70,1398.70,1397.90,1397.90,273
2026-09-25 13:03:00,1398.40,1398.80,1397.60,1397.60,1227
2026-09-25 13:04:00,1398.00,1398.60,1398.00,1398.60,376
2026-09-25 13:05:00,1398.60,1398.60,1397.30,1397.60,973
2026-09-25 13:06:00,1397.60,1397.60,1397.10,1397.10,362
2026-09-25 13:07:00,1397.10,1397.50,1397.00,1397.00,845
2026-09-25 13:08:00,1397.50,1398.00,1396.30,1396.30,34905
2026-09-25 13:09:00,1396.40,1396.80,1395.20,1395.20,2384
2026-09-25 13:10:00,1395.90,1396.30,1395.50,1395.80,775
2026-09-25 13:11:00,1396.00,1396.30,1395.50,1395.60,839
2026-09-25 13:12:00,1396.00,1396.60,1395.50,1396.30,2047
2026-09-25 13:13:00,1396.10,1396.70,1395.60,1396.50,1164
2026-09-25 13:14:00,1396.50,1396.60,1395.80,1395.80,591
2026-09-25 13:15:00,1395.80,1396.30,1395.20,1395.90,1184
2026-09-25 13:16:00,1395.90,1395.90,1395.30,1395.80,300
2026-09-25 13:17:00,1396.20,1396.20,1395.80,1396.20,300
2026-09-25 13:18:00,1396.00,1396.30,1395.80,1396.00,464
2026-09-25 13:19:00,1396.10,1396.10,1394.00,1394.40,3873
2026-09-25 13:20:00,1394.00,1394.70,1392.10,1394.70,11679
2026-09-25 13:21:00,1394.70,1394.70,1393.70,1393.80,1448
2026-09-25 13:22:00,1394.10,1394.70,1393.40,1393.40,775
2026-09-25 13:23:00,1393.20,1393.20,1391.00,1391.70,4058
2026-09-25 13:24:00,1391.80,1392.40,1390.00,1390.50,8670
2026-09-25 13:25:00,1390.60,1390.90,1389.30,1390.60,5129
2026-09-25 13:26:00,1390.60,1391.40,1390.50,1391.00,5151
2026-09-25 13:27:00,1391.10,1391.30,1390.30,1391.30,13846
2026-09-25 13:28:00,1391.30,1391.40,1390.30,1390.80,395
2026-09-25 13:29:00,1390.80,1391.30,1390.50,1390.60,927
2026-09-25 13:30:00,1390.50,1391.40,1390.50,1391.10,889
2026-09-25 13:31:00,1391.10,1392.50,1391.10,1392.50,729
2026-09-25 13:32:00,1392.40,1392.40,1390.50,1390.50,1046
2026-09-25 13:33:00,1391.00,1391.70,1390.50,1391.20,430
2026-09-25 13:34:00,1391.70,1391.90,1391.20,1391.90,382
2026-09-25 13:35:00,1391.90,1391.90,1391.40,1391.70,279
2026-09-25 13:36:00,1391.70,1392.60,1391.70,1392.30,656
2026-09-25 13:37:00,1392.40,1392.40,1391.50,1391.80,2132
2026-09-25 13:38:00,1391.70,1392.00,1391.00,1391.60,748
2026-09-25 13:39:00,1391.40,1391.50,1390.90,1391.50,532
2026-09-25 13:40:00,1391.50,1391.50,1390.60,1391.30,742
2026-09-25 13:41:00,1391.10,1391.10,1390.60,1390.60,505
2026-09-25 13:42:00,1391.40,1391.40,1390.60,1390.60,423
2026-09-25 13:43:00,1391.00,1391.90,1390.50,1391.70,3091
2026-09-25 13:44:00,1391.70,1391.80,1391.30,1391.70,221
2026-09-25 13:45:00,1391.70,1391.70,1391.10,1391.70,340
2026-09-25 13:46:00,1391.70,1392.00,1391.10,1391.80,485
2026-09-25 13:47:00,1391.90,1392.70,1389.60,1389.60,5360
2026-09-25 13:48:00,1389.70,1393.70,1388.40,1393.20,7906
2026-09-25 13:49:00,1393.70,1394.30,1393.00,1393.50,1066
2026-09-25 13:50:00,1394.10,1394.50,1393.40,1393.70,983
2026-09-25 13:51:00,1394.10,1394.10,1393.70,1394.00,298
2026-09-25 13:52:00,1394.00,1394.00,1393.50,1394.00,685
2026-09-25 13:53:00,1393.90,1393.90,1392.70,1392.70,477
2026-09-25 13:54:00,1393.50,1393.50,1392.70,1392.70,907
2026-09-25 13:55:00,1393.10,1393.10,1392.10,1392.40,246
2026-09-25 13:56:00,1392.90,1393.50,1392.60,1392.80,287
2026-09-25 13:57:00,1393.30,1393.90,1393.10,1393.30,242
2026-09-25 13:58:00,1393.90,1394.50,1393.60,1394.50,352
2026-09-25 13:59:00,1394.60,1394.60,1392.00,1393.00,13937
2026-09-25 14:00:00,1393.00,1393.70,1392.60,1393.00,20380
2026-09-25 14:01:00,1393.60,1395.00,1393.60,1395.00,1113
2026-09-25 14:02:00,1394.90,1395.20,1394.20,1394.80,1346
2026-09-25 14:03:00,1394.90,1397.10,1394.30,1397.00,1525
2026-09-25 14:04:00,1397.20,1397.20,1396.50,1397.10,4038
2026-09-25 14:05:00,1397.20,1397.70,1396.90,1397.30,2200
2026-09-25 14:06:00,1397.30,1397.80,1396.60,1397.10,1395
2026-09-25 14:07:00,1397.00,1397.90,1395.20,1395.20,7142
2026-09-25 14:08:00,1395.70,1395.70,1394.90,1395.40,1139
2026-09-25 14:09:00,1395.30,1395.30,1394.30,1394.60,673
2026-09-25 14:10:00,1394.80,1395.20,1394.50,1395.20,396
2026-09-25 14:11:00,1395.20,1395.20,1394.70,1394.70,1142
2026-09-25 14:12:00,1394.90,1394.90,1394.30,1394.30,322
2026-09-25 14:13:00,1394.20,1394.20,1393.50,1393.50,911
2026-09-25 14:14:00,1393.90,1394.20,1393.30,1393.90,1266
2026-09-25 14:15:00,1393.90,1393.90,1392.90,1393.00,527
2026-09-25 14:16:00,1393.70,1393.70,1393.00,1393.60,534
2026-09-25 14:17:00,1392.70,1393.00,1392.00,1392.40,23923
2026-09-25 14:18:00,1392.80,1393.60,1392.60,1393.60,958
2026-09-25 14:19:00,1393.50,1393.50,1392.00,1392.00,1201
2026-09-25 14:20:00,1392.30,1392.30,1391.80,1391.80,5368
2026-09-25 14:21:00,1392.10,1392.30,1391.50,1392.00,294
2026-09-25 14:22:00,1392.00,1392.30,1391.50,1392.30,2997
2026-09-25 14:23:00,1392.80,1392.90,1392.00,1392.30,1231
2026-09-25 14:24:00,1392.50,1392.60,1392.40,1392.40,295
2026-09-25 14:25:00,1392.40,1393.00,1392.40,1392.50,508
2026-09-25 14:26:00,1396.70,1398.20,1396.00,1397.80,18631
2026-09-25 14:27:00,1398.10,1398.40,1397.60,1398.20,3842
2026-09-25 14:28:00,1398.20,1398.20,1397.60,1397.60,476
2026-09-25 14:29:00,1397.60,1397.90,1397.00,1397.90,1155
2026-09-25 14:30:00,1397.90,1398.00,1397.70,1398.00,329
2026-09-25 14:31:00,1398.00,1398.00,1396.00,1396.00,8851
2026-09-25 14:32:00,1396.10,1400.00,1395.00,1400.00,8786
2026-09-25 14:33:00,1399.50,1400.70,1398.80,1399.70,4542
2026-09-25 14:34:00,1400.00,1400.00,1399.20,1399.40,5798
2026-09-25 14:35:00,1399.30,1399.50,1398.80,1399.20,5393
2026-09-25 14:36:00,1399.20,1399.20,1396.90,1397.60,7762
2026-09-25 14:37:00,1397.80,1398.10,1397.00,1397.20,5249
2026-09-25 14:38:00,1397.90,1397.90,1397.00,1397.20,885
2026-09-25 14:39:00,1397.40,1397.70,1397.00,1397.30,692
2026-09-25 14:40:00,1397.30,1397.30,1395.00,1395.00,1421
2026-09-25 14:41:00,1395.00,1398.50,1395.00,1397.40,3736
2026-09-25 14:42:00,1397.80,1397.80,1396.90,1396.90,5723
2026-09-25 14:43:00,1397.20,1397.60,1397.10,1397.60,5656
2026-09-25 14:44:00,1397.30,1398.10,1397.30,1397.30,283
2026-09-25 14:45:00,1397.50,1400.60,1397.40,1400.60,12955
2026-09-25 14:46:00,1400.70,1401.90,1399.10,1401.00,4912
2026-09-25 14:47:00,1401.10,1401.10,1400.00,1400.90,933
2026-09-25 14:48:00,1400.90,1400.90,1399.40,1399.60,911
2026-09-25 14:49:00,1399.90,1400.40,1399.50,1400.40,1236
2026-09-25 14:50:00,1400.10,1400.10,1398.80,1399.40,1295
2026-09-25 14:51:00,1399.20,1399.90,1398.80,1399.60,1949
2026-09-25 14:52:00,1399.70,1401.00,1399.10,1401.00,8102
2026-09-25 14:53:00,1400.90,1403.50,1400.40,1402.80,47235
2026-09-25 14:54:00,1402.40,1403.60,1402.30,1402.80,1879
2026-09-25 14:55:00,1402.80,1403.00,1402.30,1402.70,1121
2026-09-25 14:56:00,1402.70,1402.80,1402.00,1402.20,1322
2026-09-25 14:57:00,1402.40,1402.60,1401.90,1402.00,845
2026-09-25 14:58:00,1402.50,1402.60,1401.80,1401.90,1636
2026-09-25 14:59:00,1401.60,1402.20,1401.20,1401.90,3575
2026-09-25 15:00:00,1401.60,1402.00,1401.00,1401.00,1417
2026-09-25 15:01:00,1401.50,1401.80,1400.00,1400.00,3810
2026-09-25 15:02:00,1400.30,1401.60,1399.20,1401.00,3418
2026-09-25 15:03:00,1401.00,1401.50,1400.50,1400.80,2029
2026-09-25 15:04:00,1401.00,1401.30,1400.30,1401.00,2208
2026-09-25 15:05:00,1401.30,1401.90,1400.50,1400.50,6117
2026-09-25 15:06:00,1400.50,1401.20,1400.40,1400.60,1379
2026-09-25 15:07:00,1400.30,1400.40,1398.50,1398.50,6094
2026-09-25 15:08:00,1398.50,1399.60,1398.50,1399.40,2867
2026-09-25 15:09:00,1399.40,1399.40,1398.50,1398.90,5146
2026-09-25 15:10:00,1398.90,1400.90,1398.80,1400.40,19074
2026-09-25 15:11:00,1400.40,1401.20,1400.20,1400.40,4522
2026-09-25 15:12:00,1400.40,1400.40,1397.70,1399.10,12577
2026-09-25 15:13:00,1399.50,1400.20,1398.50,1400.00,3706
2026-09-25 15:14:00,1399.90,1402.00,1397.90,1400.90,7988
2026-09-25 15:15:00,1402.00,1402.00,1402.00,1402.00,1
2026-09-25 15:16:00,1402.00,1402.00,1402.00,1402.00,0
2026-09-25 15:17:00,1402.00,1402.00,1402.00,1402.00,0
2026-09-25 15:18:00,1402.00,1402.00,1402.00,1402.00,0
2026-09-25 15:19:00,1402.00,1402.00,1402.00,1402.00,0
2026-09-25 15:20:00,1402.00,1402.00,1402.00,1402.00,0
2026-09-25 15:21:00,1402.00,1402.00,1402.00,1402.00,0
2026-09-25 15:22:00,1402.00,1402.00,1402.00,1402.00,0
2026-09-25 15:23:00,1402.00,1402.00,1402.00,1402.00,0
2026-09-25 15:24:00,1402.00,1402.00,1402.00,1402.00,0
2026-09-25 15:25:00,1402.00,1402.00,1402.00,1402.00,0
2026-09-25 15:26:00,1402.00,1402.00,1402.00,1402.00,0
2026-09-25 15:27:00,1402.00,1402.00,1402.00,1402.00,0
2026-09-25 15:28:00,1402.00,1402.00,1402.00,1402.00,0
2026-09-25 15:29:00,1399.70,1399.70,1399.70,1399.70,9337
2026-09-28 09:15:00,1399.70,1405.00,1396.80,1398.90,5331
2026-09-28 09:16:00,1399.40,1399.40,1393.60,1395.50,4034
2026-09-28 09:17:00,1395.50,1396.70,1395.00,1395.00,1868
2026-09-28 09:18:00,1395.40,1395.40,1392.80,1394.00,3224
2026-09-28 09:19:00,1394.00,1394.70,1393.00,1393.00,334
2026-09-28 09:20:00,1393.80,1393.80,1391.50,1393.10,1856
2026-09-28 09:21:00,1393.00,1393.30,1391.70,1393.20,1696
2026-09-28 09:22:00,1393.70,1394.60,1393.20,1394.60,210
2026-09-28 09:23:00,1394.60,1395.00,1394.00,1394.50,646
2026-09-28 09:24:00,1395.00,1395.50,1394.20,1394.90,745
2026-09-28 09:25:00,1395.00,1397.30,1395.00,1397.00,1077
2026-09-28 09:26:00,1397.00,1397.00,1396.00,1396.90,985
2026-09-28 09:27:00,1396.90,1396.90,1396.30,1396.30,1507
2026-09-28 09:28:00,1396.30,1396.50,1395.00,1395.80,981
2026-09-28 09:29:00,1395.90,1395.90,1394.90,1394.90,1051
2026-09-28 09:30:00,1394.60,1394.60,1393.70,1393.70,1849
2026-09-28 09:31:00,1394.10,1394.30,1393.10,1393.90,453
2026-09-28 09:32:00,1393.90,1395.10,1393.80,1394.80,1073
2026-09-28 09:33:00,1394.70,1395.40,1394.20,1395.20,1333
2026-09-28 09:34:00,1395.80,1395.80,1395.50,1395.50,1373
2026-09-28 09:35:00,1395.60,1396.00,1394.80,1395.80,2961
2026-09-28 09:36:00,1395.80,1395.90,1394.80,1395.70,226
2026-09-28 09:37:00,1395.70,1395.70,1394.40,1394.80,618
2026-09-28 09:38:00,1394.80,1394.80,1394.20,1394.70,126
2026-09-28 09:39:00,1394.70,1394.70,1393.20,1393.90,2288
2026-09-28 09:40:00,1394.10,1394.40,1393.50,1394.40,335
2026-09-28 09:41:00,1394.70,1394.70,1392.60,1392.60,3842
2026-09-28 09:42:00,1393.30,1393.70,1392.30,1392.70,623
2026-09-28 09:43:00,1393.40,1394.60,1393.30,1394.30,483
2026-09-28 09:44:00,1394.30,1394.30,1391.80,1392.50,479
2026-09-28 09:45:00,1392.50,1393.30,1391.40,1391.80,636
2026-09-28 09:46:00,1391.80,1391.90,1389.00,1390.10,3238
2026-09-28 09:47:00,1390.10,1391.40,1389.00,1391.40,937
2026-09-28 09:48:00,1391.40,1391.40,1390.10,1390.50,832
2026-09-28 09:49:00,1390.60,1391.90,1390.60,1391.00,298
2026-09-28 09:50:00,1391.90,1391.90,1391.00,1391.40,314
2026-09-28 09:51:00,1391.60,1393.00,1391.10,1393.00,1351
2026-09-28 09:52:00,1392.00,1393.60,1392.00,1393.60,940
2026-09-28 09:53:00,1393.50,1393.70,1393.00,1393.70,254
2026-09-28 09:54:00,1393.90,1394.10,1392.10,1392.10,1991
2026-09-28 09:55:00,1392.80,1392.80,1390.50,1391.20,323
2026-09-28 09:56:00,1391.30,1392.10,1390.50,1392.10,1020
2026-09-28 09:57:00,1392.10,1392.10,1390.30,1391.50,472
2026-09-28 09:58:00,1391.50,1392.00,1391.00,1391.90,247
2026-09-28 09:59:00,1391.60,1391.90,1390.20,1390.70,1606
2026-09-28 10:00:00,1390.90,1392.00,1390.10,1392.00,513
2026-09-28 10:01:00,1392.00,1392.00,1390.20,1390.80,1974
2026-09-28 10:02:00,1391.40,1391.40,1390.30,1390.80,1213
2026-09-28 10:03:00,1391.00,1392.00,1390.70,1391.80,1479
2026-09-28 10:04:00,1391.80,1391.80,1390.50,1391.20,945
2026-09-28 10:05:00,1392.00,1392.80,1391.40,1391.90,583
2026-09-28 10:06:00,1392.00,1392.80,1390.80,1391.60,1045
2026-09-28 10:07:00,1391.50,1391.90,1391.00,1391.50,394
2026-09-28 10:08:00,1391.50,1391.50,1390.80,1391.40,241
2026-09-28 10:09:00,1391.20,1391.30,1390.60,1391.20,503
2026-09-28 10:10:00,1390.50,1391.20,1389.40,1390.10,2563
2026-09-28 10:11:00,1390.00,1390.10,1389.00,1389.30,558
2026-09-28 10:12:00,1390.00,1390.80,1389.30,1389.70,446
2026-09-28 10:13:00,1389.30,1390.70,1389.30,1390.30,351
2026-09-28 10:14:00,1390.50,1390.50,1389.00,1389.70,895
2026-09-28 10:15:00,1389.80,1389.80,1388.20,1389.60,1941
2026-09-28 10:16:00,1389.60,1389.70,1389.00,1389.60,294
2026-09-28 10:17:00,1389.50,1389.50,1386.80,1387.30,2395
2026-09-28 10:18:00,1387.30,1387.30,1386.20,1387.20,1227
2026-09-28 10:19:00,1387.00,1387.00,1386.00,1386.00,964
2026-09-28 10:20:00,1386.20,1387.20,1385.60,1387.00,637
2026-09-28 10:21:00,1386.80,1386.80,1385.00,1385.70,973
2026-09-28 10:22:00,1385.50,1385.70,1384.90,1385.50,368
2026-09-28 10:23:00,1385.70,1385.70,1385.00,1385.40,417
2026-09-28 10:24:00,1385.70,1385.70,1384.10,1384.70,268
2026-09-28 10:25:00,1384.70,1385.40,1384.10,1384.90,365
2026-09-28 10:26:00,1384.80,1385.10,1384.40,1384.40,223
2026-09-28 10:27:00,1384.80,1385.10,1384.30,1385.00,547
2026-09-28 10:28:00,1385.10,1385.10,1384.30,1384.80,382
2026-09-28 10:29:00,1385.10,1385.40,1384.60,1385.00,704
2026-09-28 10:30:00,1385.00,1385.50,1384.60,1385.50,432
2026-09-28 10:31:00,1385.50,1385.70,1385.40,1385.40,205
2026-09-28 10:32:00,1386.00,1386.10,1384.60,1385.00,784
2026-09-28 10:33:00,1385.70,1385.90,1385.00,1385.20,367
2026-09-28 10:34:00,1385.50,1385.80,1385.10,1385.60,441
2026-09-28 10:35:00,1385.60,1385.70,1385.00,1385.00,298
2026-09-28 10:36:00,1385.50,1385.80,1385.00,1385.30,1345
2026-09-28 10:37:00,1386.00,1386.00,1385.00,1385.50,251
2026-09-28 10:38:00,1385.50,1387.30,1385.00,1387.30,1093
2026-09-28 10:39:00,1388.30,1390.40,1387.90,1390.40,6968
2026-09-28 10:40:00,1390.40,1390.40,1390.00,1390.10,128
2026-09-28 10:41:00,1390.10,1390.50,1390.00,1390.30,283
2026-09-28 10:42:00,1389.70,1390.50,1389.30,1390.50,322
2026-09-28 10:43:00,1390.00,1390.50,1390.00,1390.00,355
2026-09-28 10:44:00,1390.60,1390.60,1388.10,1388.50,7239
2026-09-28 10:45:00,1388.50,1390.90,1387.20,1390.80,1661
2026-09-28 10:46:00,1390.80,1390.80,1389.40,1389.40,286
2026-09-28 10:47:00,1390.20,1390.50,1389.40,1389.70,415
2026-09-28 10:48:00,1389.10,1390.00,1389.10,1389.30,315
2026-09-28 10:49:00,1389.80,1391.90,1389.80,1390.50,11529
2026-09-28 10:50:00,1390.90,1391.10,1390.10,1390.30,691
2026-09-28 10:51:00,1390.80,1390.80,1389.60,1390.60,526
2026-09-28 10:52:00,1390.70,1390.80,1389.90,1390.70,316
2026-09-28 10:53:00,1390.70,1390.70,1389.50,1390.10,373
2026-09-28 10:54:00,1390.70,1391.00,1390.10,1390.50,312
2026-09-28 10:55:00,1390.80,1392.10,1390.30,1392.10,1018
2026-09-28 10:56:00,1392.10,1392.10,1391.00,1391.60,268
2026-09-28 10:57:00,1391.60,1392.10,1391.60,1391.80,446
2026-09-28 10:58:00,1392.10,1392.20,1391.40,1391.50,567
2026-09-28 10:59:00,1391.50,1392.00,1390.70,1391.50,742
2026-09-28 11:00:00,1391.40,1391.60,1390.10,1390.10,493
2026-09-28 11:01:00,1391.00,1391.00,1389.70,1390.40,5110
2026-09-28 11:02:00,1390.80,1390.80,1390.00,1390.70,245
2026-09-28 11:03:00,1390.70,1390.70,1389.70,1389.70,264
2026-09-28 11:04:00,1390.20,1390.20,1389.00,1389.00,407
2026-09-28 11:05:00,1389.90,1390.00,1389.00,1389.80,370
2026-09-28 11:06:00,1389.80,1389.80,1389.00,1389.20,281
2026-09-28 11:07:00,1389.20,1389.50,1389.00,1389.40,394
2026-09-28 11:08:00,1389.40,1389.50,1389.00,1389.30,1253
2026-09-28 11:09:00,1389.10,1389.40,1388.20,1389.40,645
2026-09-28 11:10:00,1389.30,1389.50,1388.40,1388.50,289
2026-09-28 11:11:00,1389.20,1389.30,1388.00,1388.70,1024
2026-09-28 11:12:00,1388.70,1388.70,1387.90,1388.20,714
2026-09-28 11:13:00,1388.70,1389.40,1388.40,1389.20,583
2026-09-28 11:14:00,1389.20,1389.20,1388.10,1389.10,767
2026-09-28 11:15:00,1389.00,1389.10,1388.50,1388.80,670
2026-09-28 11:16:00,1388.80,1388.90,1388.00,1388.60,370
2026-09-28 11:17:00,1388.60,1388.80,1387.80,1388.50,838
2026-09-28 11:18:00,1388.70,1388.80,1387.90,1388.00,287
2026-09-28 11:19:00,1388.40,1388.60,1387.80,1388.50,332
2026-09-28 11:20:00,1388.40,1388.40,1387.60,1388.30,296
2026-09-28 11:21:00,1388.20,1388.20,1387.30,1387.30,349
2026-09-28 11:22:00,1388.00,1388.20,1387.30,1388.10,481
2026-09-28 11:23:00,1387.90,1388.10,1387.30,1388.10,251
2026-09-28 11:24:00,1387.30,1388.10,1387.20,1387.20,261
2026-09-28 11:25:00,1387.80,1387.80,1387.30,1387.80,1168
2026-09-28 11:26:00,1387.80,1387.90,1387.10,1387.70,263
2026-09-28 11:27:00,1387.70,1387.70,1387.20,1387.60,247
2026-09-28 11:28:00,1387.60,1387.60,1387.00,1387.10,204
2026-09-28 11:29:00,1387.60,1388.70,1387.20,1388.20,839
2026-09-28 11:30:00,1388.20,1388.70,1387.80,1388.70,431
2026-09-28 11:31:00,1388.70,1388.80,1387.90,1388.70,351
2026-09-28 11:32:00,1388.70,1389.50,1388.70,1389.00,267
2026-09-28 11:33:00,1389.10,1389.40,1388.80,1389.40,380
2026-09-28 11:34:00,1389.00,1389.50,1387.90,1388.60,1200
2026-09-28 11:35:00,1389.20,1389.20,1387.60,1387.60,1613
2026-09-28 11:36:00,1387.70,1387.70,1386.70,1386.90,357
2026-09-28 11:37:00,1386.90,1387.40,1386.40,1387.40,1221
2026-09-28 11:38:00,1387.40,1387.40,1386.40,1386.90,334
2026-09-28 11:39:00,1386.90,1386.90,1386.40,1386.40,229
2026-09-28 11:40:00,1386.60,1386.60,1386.00,1386.00,355
2026-09-28 11:41:00,1386.40,1386.40,1385.40,1385.60,413
2026-09-28 11:42:00,1386.20,1386.20,1385.30,1386.20,374
2026-09-28 11:43:00,1386.00,1386.30,1385.50,1385.90,251
2026-09-28 11:44:00,1386.10,1386.20,1385.60,1386.00,307
2026-09-28 11:45:00,1386.00,1386.20,1385.60,1386.20,367
2026-09-28 11:46:00,1386.00,1387.50,1385.70,1387.00,1959
2026-09-28 11:47:00,1387.70,1387.70,1386.70,1387.50,192
2026-09-28 11:48:00,1387.50,1387.70,1387.00,1387.70,896
2026-09-28 11:49:00,1387.70,1388.50,1387.00,1387.30,817
2026-09-28 11:50:00,1388.10,1388.40,1387.30,1388.10,400
2026-09-28 11:51:00,1388.10,1388.30,1387.20,1387.90,297
2026-09-28 11:52:00,1387.80,1387.80,1387.00,1387.70,482
2026-09-28 11:53:00,1387.50,1387.60,1386.60,1386.60,225
2026-09-28 11:54:00,1387.20,1387.20,1386.60,1386.70,140
2026-09-28 11:55:00,1387.20,1387.20,1386.00,1386.50,205
2026-09-28 11:56:00,1386.50,1387.70,1386.10,1386.60,704
2026-09-28 11:57:00,1386.70,1386.70,1385.80,1386.60,314
2026-09-28 11:58:00,1387.00,1388.20,1386.30,1388.20,718
2026-09-28 11:59:00,1388.20,1388.80,1387.70,1388.00,788
2026-09-28 12:00:00,1388.40,1388.40,1387.50,1387.80,257
2026-09-28 12:01:00,1388.20,1388.90,1387.80,1388.20,444
2026-09-28 12:02:00,1389.00,1389.00,1388.00,1388.50,275
2026-09-28 12:03:00,1388.50,1389.00,1387.90,1388.50,958
2026-09-28 12:04:00,1388.50,1388.60,1388.10,1388.60,248
2026-09-28 12:05:00,1388.40,1388.60,1388.10,1388.10,520
2026-09-28 12:06:00,1388.60,1388.70,1387.90,1387.90,801
2026-09-28 12:07:00,1388.60,1389.10,1386.30,1387.80,19485
2026-09-28 12:08:00,1387.70,1388.00,1386.90,1387.20,299
2026-09-28 12:09:00,1387.80,1388.60,1386.80,1387.60,738
2026-09-28 12:10:00,1388.10,1388.10,1387.60,1388.00,263
2026-09-28 12:11:00,1388.00,1388.90,1388.00,1388.90,217
2026-09-28 12:12:00,1388.70,1389.30,1388.30,1389.00,670
2026-09-28 12:13:00,1389.00,1389.00,1387.60,1387.60,194
2026-09-28 12:14:00,1388.20,1388.90,1387.60,1388.60,295
2026-09-28 12:15:00,1388.50,1388.50,1385.40,1386.00,7033
2026-09-28 12:16:00,1386.00,1386.00,1385.00,1385.60,2016
2026-09-28 12:17:00,1385.60,1386.50,1385.00,1386.00,8532
2026-09-28 12:18:00,1386.00,1386.50,1385.40,1386.50,5719
2026-09-28 12:19:00,1386.30,1388.40,1386.00,1388.40,14201
2026-09-28 12:20:00,1388.40,1388.40,1387.70,1388.40,222
2026-09-28 12:21:00,1388.40,1388.40,1387.40,1387.80,1898
2026-09-28 12:22:00,1388.30,1388.30,1387.40,1387.40,206
2026-09-28 12:23:00,1387.90,1388.50,1386.70,1387.00,22648
2026-09-28 12:24:00,1387.00,1387.00,1386.70,1386.70,189
2026-09-28 12:25:00,1387.00,1387.60,1386.70,1386.70,9908
2026-09-28 12:26:00,1387.00,1387.30,1386.60,1387.00,519
2026-09-28 12:27:00,1387.10,1387.40,1386.50,1387.20,506
2026-09-28 12:28:00,1387.20,1387.20,1386.30,1386.30,1028
2026-09-28 12:29:00,1386.70,1386.70,1386.30,1386.70,307
2026-09-28 12:30:00,1386.70,1386.70,1386.30,1386.40,208
2026-09-28 12:31:00,1386.70,1386.70,1386.30,1386.60,202
2026-09-28 12:32:00,1386.60,1387.00,1386.40,1386.90,822
2026-09-28 12:33:00,1386.70,1387.00,1385.00,1385.70,22649
2026-09-28 12:34:00,1385.60,1386.20,1385.20,1385.20,1073
2026-09-28 12:35:00,1386.00,1386.50,1385.40,1385.90,312
2026-09-28 12:36:00,1386.70,1386.70,1386.10,1386.10,206
2026-09-28 12:37:00,1386.60,1387.70,1386.10,1387.20,3976
2026-09-28 12:38:00,1386.70,1386.70,1385.40,1386.30,331
2026-09-28 12:39:00,1386.40,1386.40,1386.30,1386.40,111
2026-09-28 12:40:00,1386.40,1386.50,1386.10,1386.50,293
2026-09-28 12:41:00,1386.50,1386.60,1386.10,1386.60,542
2026-09-28 12:42:00,1386.60,1386.70,1386.10,1386.30,703
2026-09-28 12:43:00,1386.70,1386.70,1385.00,1385.90,32139
2026-09-28 12:44:00,1386.00,1387.50,1385.20,1387.40,2267
2026-09-28 12:45:00,1387.40,1389.90,1386.50,1389.50,6699
2026-09-28 12:46:00,1389.40,1389.90,1389.20,1389.50,1130
2026-09-28 12:47:00,1389.50,1390.10,1389.40,1389.60,1211
2026-09-28 12:48:00,1390.10,1390.10,1389.90,1389.90,312
2026-09-28 12:49:00,1389.90,1389.90,1389.60,1389.60,378
2026-09-28 12:50:00,1389.60,1390.90,1389.60,1390.40,1457
2026-09-28 12:51:00,1390.40,1390.70,1389.80,1390.00,436
2026-09-28 12:52:00,1390.70,1391.00,1387.80,1388.00,53762
2026-09-28 12:53:00,1388.90,1388.90,1386.50,1386.50,11010
2026-09-28 12:54:00,1386.80,1388.50,1386.50,1388.50,1356
2026-09-28 12:55:00,1388.50,1388.90,1388.20,1388.80,384
2026-09-28 12:56:00,1389.00,1389.20,1388.20,1388.90,836
2026-09-28 12:57:00,1388.90,1389.80,1388.80,1389.40,869
2026-09-28 12:58:00,1389.40,1390.00,1389.10,1389.90,308
2026-09-28 12:59:00,1390.00,1390.00,1388.70,1389.60,326
2026-09-28 13:00:00,1389.60,1389.80,1389.10,1389.80,250
2026-09-28 13:01:00,1389.50,1389.70,1388.70,1388.70,1995
2026-09-28 13:02:00,1388.80,1389.40,1388.40,1388.90,766
2026-09-28 13:03:00,1388.90,1388.90,1388.20,1388.70,246
2026-09-28 13:04:00,1388.70,1388.70,1388.20,1388.70,611
2026-09-28 13:05:00,1388.70,1388.70,1387.80,1388.00,1328
2026-09-28 13:06:00,1387.90,1390.00,1387.90,1390.00,1374
2026-09-28 13:07:00,1389.90,1390.00,1388.40,1388.70,11093
2026-09-28 13:08:00,1388.70,1388.90,1387.50,1388.10,407
2026-09-28 13:09:00,1388.10,1389.00,1387.90,1389.00,855
2026-09-28 13:10:00,1389.00,1390.00,1388.70,1390.00,10409
2026-09-28 13:11:00,1390.20,1391.50,1390.20,1391.40,5004
2026-09-28 13:12:00,1391.30,1391.30,1390.50,1391.20,1322
2026-09-28 13:13:00,1391.00,1391.30,1390.60,1391.30,569
2026-09-28 13:14:00,1391.30,1391.30,1390.60,1391.20,1017
2026-09-28 13:15:00,1390.80,1391.00,1390.20,1390.90,2386
2026-09-28 13:16:00,1390.70,1390.70,1389.50,1390.10,903
2026-09-28 13:17:00,1390.40,1390.40,1389.40,1390.20,332
2026-09-28 13:18:00,1390.20,1390.30,1389.90,1390.30,306
2026-09-28 13:19:00,1390.60,1391.20,1390.60,1391.20,1299
2026-09-28 13:20:00,1391.20,1391.80,1389.70,1389.90,4200
2026-09-28 13:21:00,1389.90,1391.00,1389.90,1390.10,916
2026-09-28 13:22:00,1390.40,1390.90,1390.00,1390.10,670
2026-09-28 13:23:00,1390.60,1391.30,1389.90,1390.80,2058
2026-09-28 13:24:00,1390.80,1391.00,1390.30,1390.90,235
2026-09-28 13:25:00,1390.90,1391.20,1390.30,1390.70,493
2026-09-28 13:26:00,1391.00,1391.20,1390.50,1391.20,567
2026-09-28 13:27:00,1391.10,1391.70,1391.10,1391.40,517
2026-09-28 13:28:00,1391.40,1391.40,1390.70,1391.40,644
2026-09-28 13:29:00,1391.40,1392.00,1391.30,1391.80,682
2026-09-28 13:30:00,1391.80,1392.60,1391.50,1392.20,1977
2026-09-28 13:31:00,1392.20,1392.20,1391.70,1392.00,762
2026-09-28 13:32:00,1391.50,1392.00,1391.00,1391.00,4949
2026-09-28 13:33:00,1391.30,1391.30,1389.40,1390.20,2745
2026-09-28 13:34:00,1390.00,1390.60,1389.60,1390.20,920
2026-09-28 13:35:00,1390.20,1390.20,1389.90,1390.20,233
2026-09-28 13:36:00,1389.90,1390.30,1389.20,1390.10,1320
2026-09-28 13:37:00,1390.10,1390.20,1389.40,1390.10,278
2026-09-28 13:38:00,1390.10,1390.30,1389.50,1390.10,410
2026-09-28 13:39:00,1390.10,1390.80,1389.50,1390.70,923
2026-09-28 13:40:00,1390.70,1390.70,1390.10,1390.70,357
2026-09-28 13:41:00,1390.70,1390.70,1389.90,1390.70,330
2026-09-28 13:42:00,1390.80,1391.00,1389.80,1390.20,875
2026-09-28 13:43:00,1390.50,1390.90,1390.00,1390.60,382
2026-09-28 13:44:00,1390.70,1390.70,1390.20,1390.50,538
2026-09-28 13:45:00,1390.60,1390.60,1390.00,1390.40,363
2026-09-28 13:46:00,1390.40,1390.50,1390.10,1390.10,196
2026-09-28 13:47:00,1390.10,1390.30,1389.50,1389.50,325
2026-09-28 13:48:00,1390.00,1390.40,1389.40,1390.10,510
2026-09-28 13:49:00,1390.10,1390.40,1389.50,1390.30,345
2026-09-28 13:50:00,1390.10,1390.80,1389.80,1390.80,381
2026-09-28 13:51:00,1390.20,1390.80,1389.00,1390.30,2551
2026-09-28 13:52:00,1390.20,1390.30,1389.40,1390.30,403
2026-09-28 13:53:00,1390.30,1390.30,1389.40,1390.00,277
2026-09-28 13:54:00,1390.20,1390.30,1389.50,1390.10,320
2026-09-28 13:55:00,1390.10,1391.20,1389.70,1391.20,1492
2026-09-28 13:56:00,1391.10,1393.80,1390.50,1393.30,5541
2026-09-28 13:57:00,1392.90,1393.30,1392.10,1392.10,504
2026-09-28 13:58:00,1392.80,1392.90,1391.90,1392.80,1037
2026-09-28 13:59:00,1392.30,1392.80,1391.80,1392.50,391
2026-09-28 14:00:00,1392.50,1392.50,1391.20,1391.60,904
2026-09-28 14:01:00,1391.30,1391.60,1390.80,1391.30,371
2026-09-28 14:02:00,1391.30,1395.00,1390.90,1394.20,42920
2026-09-28 14:03:00,1393.60,1394.60,1392.20,1394.00,4539
2026-09-28 14:04:00,1394.20,1394.70,1393.90,1394.20,718
2026-09-28 14:05:00,1394.20,1394.20,1393.10,1393.10,428
2026-09-28 14:06:00,1393.70,1394.00,1392.90,1393.20,968
2026-09-28 14:07:00,1393.50,1393.50,1392.10,1392.50,573
2026-09-28 14:08:00,1392.50,1393.00,1392.00,1392.90,305
2026-09-28 14:09:00,1392.80,1392.80,1392.00,1392.30,382
2026-09-28 14:10:00,1392.80,1392.80,1392.00,1392.70,181
2026-09-28 14:11:00,1392.40,1393.50,1391.60,1393.50,1382
2026-09-28 14:12:00,1392.90,1393.50,1392.70,1392.80,280
2026-09-28 14:13:00,1393.20,1393.20,1391.60,1391.60,911
2026-09-28 14:14:00,1392.30,1392.30,1391.40,1392.20,995
2026-09-28 14:15:00,1392.20,1392.30,1392.00,1392.10,343
2026-09-28 14:16:00,1392.10,1392.10,1392.00,1392.10,1046
2026-09-28 14:17:00,1392.00,1392.10,1392.00,1392.10,177
2026-09-28 14:18:00,1392.00,1392.10,1388.90,1390.80,3615
2026-09-28 14:19:00,1391.30,1391.50,1390.20,1390.30,1611
2026-09-28 14:20:00,1390.70,1390.70,1390.10,1390.10,294
2026-09-28 14:21:00,1390.40,1391.20,1390.20,1390.60,2842
2026-09-28 14:22:00,1390.60,1390.90,1389.60,1389.70,1368
2026-09-28 14:23:00,1390.30,1390.50,1389.70,1390.20,492
2026-09-28 14:24:00,1390.20,1390.40,1389.70,1390.30,717
2026-09-28 14:25:00,1390.20,1390.50,1389.80,1390.00,333
2026-09-28 14:26:00,1390.00,1390.00,1389.10,1389.10,312
2026-09-28 14:27:00,1389.90,1389.90,1387.80,1387.80,1082
2026-09-28 14:28:00,1388.20,1388.20,1387.70,1388.00,580
2026-09-28 14:29:00,1388.00,1388.00,1387.50,1387.50,397
2026-09-28 14:30:00,1388.00,1389.30,1388.00,1388.40,1034
2026-09-28 14:31:00,1388.80,1389.20,1388.40,1388.60,347
2026-09-28 14:32:00,1388.60,1388.60,1387.70,1388.00,563
2026-09-28 14:33:00,1387.60,1388.70,1387.60,1388.00,718
2026-09-28 14:34:00,1388.00,1388.40,1387.60,1388.30,777
2026-09-28 14:35:00,1388.20,1388.90,1387.00,1387.00,2635
2026-09-28 14:36:00,1387.40,1387.40,1386.00,1386.20,764
2026-09-28 14:37:00,1386.20,1386.50,1385.60,1385.60,2145
2026-09-28 14:38:00,1385.60,1386.20,1385.50,1385.90,402
2026-09-28 14:39:00,1385.90,1385.90,1385.00,1385.00,1753
2026-09-28 14:40:00,1384.90,1386.50,1383.20,1386.50,5112
2026-09-28 14:41:00,1386.50,1386.50,1385.70,1386.00,534
2026-09-28 14:42:00,1386.50,1386.70,1385.50,1385.90,175
2026-09-28 14:43:00,1385.90,1386.50,1385.20,1385.60,909
2026-09-28 14:44:00,1385.60,1386.20,1385.40,1386.20,624
2026-09-28 14:45:00,1386.00,1386.60,1385.80,1386.50,610
2026-09-28 14:46:00,1386.70,1386.70,1385.80,1385.80,547
2026-09-28 14:47:00,1386.00,1386.00,1385.30,1385.80,752
2026-09-28 14:48:00,1385.90,1386.70,1385.40,1386.10,1304
2026-09-28 14:49:00,1386.10,1387.10,1385.80,1386.20,682
2026-09-28 14:50:00,1386.70,1386.70,1386.10,1386.40,619
2026-09-28 14:51:00,1386.40,1386.50,1385.80,1386.20,503
2026-09-28 14:52:00,1386.20,1386.40,1385.50,1386.30,2516
2026-09-28 14:53:00,1386.50,1386.60,1386.10,1386.60,694
2026-09-28 14:54:00,1386.80,1386.80,1386.00,1386.30,680
2026-09-28 14:55:00,1386.30,1386.50,1385.80,1385.80,764
2026-09-28 14:56:00,1386.30,1386.30,1385.50,1386.00,1564
2026-09-28 14:57:00,1386.10,1386.30,1385.70,1386.30,1800
2026-09-28 14:58:00,1386.30,1387.00,1386.00,1386.50,2204
2026-09-28 14:59:00,1386.60,1386.70,1386.40,1386.50,973
2026-09-28 15:00:00,1386.10,1386.10,1385.10,1385.60,1571
2026-09-28 15:01:00,1385.20,1386.30,1385.00,1385.10,3857
2026-09-28 15:02:00,1385.40,1385.40,1384.80,1384.80,4650
2026-09-28 15:03:00,1384.70,1385.20,1384.70,1385.10,5644
2026-09-28 15:04:00,1385.00,1385.70,1385.00,1385.20,1945
2026-09-28 15:05:00,1385.00,1385.40,1385.00,1385.10,3024
2026-09-28 15:06:00,1385.10,1385.10,1384.20,1384.20,6877
2026-09-28 15:07:00,1384.20,1385.20,1383.90,1384.80,7803
2026-09-28 15:08:00,1385.10,1385.20,1384.80,1385.00,2755
2026-09-28 15:09:00,1385.10,1385.50,1385.00,1385.00,2094
2026-09-28 15:10:00,1385.00,1385.10,1385.00,1385.10,2260
2026-09-28 15:11:00,1385.10,1385.10,1385.00,1385.10,3182
2026-09-28 15:12:00,1385.00,1385.10,1385.00,1385.10,5302
2026-09-28 15:13:00,1385.10,1386.10,1385.00,1386.10,6255
2026-09-28 15:14:00,1384.70,1385.00,1380.50,1383.00,16637
2026-09-28 15:15:00,1384.90,1384.90,1384.90,1384.90,10
2026-09-28 15:16:00,1384.90,1384.90,1384.90,1384.90,0
2026-09-28 15:17:00,1384.90,1384.90,1384.90,1384.90,0
2026-09-28 15:18:00,1384.90,1384.90,1384.90,1384.90,0
2026-09-28 15:19:00,1384.90,1384.90,1384.90,1384.90,0
2026-09-28 15:20:00,1384.90,1384.90,1384.90,1384.90,0
2026-09-28 15:21:00,1384.90,1384.90,1384.90,1384.90,0
2026-09-28 15:22:00,1384.90,1384.90,1384.90,1384.90,0
2026-09-28 15:23:00,1384.90,1384.90,1384.90,1384.90,0
2026-09-28 15:24:00,1384.90,1384.90,1384.90,1384.90,0
2026-09-28 15:25:00,1384.90,1384.90,1384.90,1384.90,0
2026-09-28 15:26:00,1384.90,1384.90,1384.90,1384.90,0
2026-09-28 15:27:00,1384.90,1384.90,1384.90,1384.90,0
2026-09-28 15:28:00,1384.90,1384.90,1384.90,1384.90,0
2026-09-28 15:29:00,1384.90,1384.90,1383.70,1383.70,38190
2026-09-29 09:15:00,1390.00,1395.30,1386.80,1390.10,15745
2026-09-29 09:16:00,1390.10,1395.70,1389.20,1392.40,9983
2026-09-29 09:17:00,1392.70,1398.20,1392.20,1398.20,16679
2026-09-29 09:18:00,1398.20,1401.60,1396.70,1400.80,14299
2026-09-29 09:19:00,1400.00,1400.50,1396.20,1397.00,7161
2026-09-29 09:20:00,1397.40,1401.80,1397.20,1401.70,7709
2026-09-29 09:21:00,1400.40,1401.20,1398.90,1399.90,5237
2026-09-29 09:22:00,1400.20,1400.20,1395.80,1397.20,14205
2026-09-29 09:23:00,1397.60,1399.50,1397.40,1398.50,2671
2026-09-29 09:24:00,1397.70,1398.90,1394.20,1394.20,9832
2026-09-29 09:25:00,1395.00,1395.60,1393.60,1395.40,4841
2026-09-29 09:26:00,1395.80,1395.90,1395.00,1395.90,2211
2026-09-29 09:27:00,1395.90,1397.10,1395.20,1397.10,1758
2026-09-29 09:28:00,1396.80,1397.10,1394.50,1394.90,4489
2026-09-29 09:29:00,1395.00,1395.90,1393.40,1393.40,4657
2026-09-29 09:30:00,1392.20,1394.70,1392.20,1394.70,3091
2026-09-29 09:31:00,1394.40,1394.70,1393.00,1393.20,2077
2026-09-29 09:32:00,1393.60,1394.00,1393.00,1393.50,1502
2026-09-29 09:33:00,1393.40,1393.90,1392.60,1392.60,2984
2026-09-29 09:34:00,1392.60,1393.50,1392.60,1393.40,1294
2026-09-29 09:35:00,1393.20,1393.50,1392.50,1393.50,1476
2026-09-29 09:36:00,1393.50,1393.50,1392.30,1392.40,2133
2026-09-29 09:37:00,1392.40,1392.40,1390.10,1391.30,3924
2026-09-29 09:38:00,1390.90,1392.60,1389.70,1392.60,4655
2026-09-29 09:39:00,1392.50,1394.00,1392.50,1393.50,2212
2026-09-29 09:40:00,1393.50,1394.40,1392.60,1394.40,2628
2026-09-29 09:41:00,1394.40,1394.90,1392.50,1393.80,6508
2026-09-29 09:42:00,1393.80,1393.80,1392.00,1392.50,1939
2026-09-29 09:43:00,1392.10,1393.00,1391.10,1393.00,1760
2026-09-29 09:44:00,1393.00,1394.10,1392.20,1394.10,1938
2026-09-29 09:45:00,1394.60,1394.80,1391.60,1392.30,3022
2026-09-29 09:46:00,1391.60,1392.00,1390.20,1391.10,2499
2026-09-29 09:47:00,1391.10,1391.10,1388.20,1388.80,2611
2026-09-29 09:48:00,1388.10,1389.80,1387.70,1389.10,3359
2026-09-29 09:49:00,1389.40,1389.70,1388.10,1388.70,1245
2026-09-29 09:50:00,1388.10,1389.60,1387.70,1389.60,3790
2026-09-29 09:51:00,1389.90,1390.00,1388.70,1389.50,2058
2026-09-29 09:52:00,1389.10,1389.50,1388.50,1389.40,790
2026-09-29 09:53:00,1389.00,1389.40,1388.70,1389.30,782
2026-09-29 09:54:00,1389.40,1389.50,1388.80,1389.50,832
2026-09-29 09:55:00,1389.50,1390.20,1389.00,1390.20,431
2026-09-29 09:56:00,1389.60,1389.90,1389.00,1389.90,681
2026-09-29 09:57:00,1389.90,1389.90,1389.00,1389.10,820
2026-09-29 09:58:00,1389.80,1390.10,1388.90,1389.40,1702
2026-09-29 09:59:00,1389.40,1389.60,1388.70,1389.40,197
2026-09-29 10:00:00,1389.30,1390.20,1389.00,1390.10,897
2026-09-29 10:01:00,1390.10,1390.10,1389.00,1389.70,1558
2026-09-29 10:02:00,1389.50,1389.70,1387.30,1388.00,2285
2026-09-29 10:03:00,1388.00,1388.40,1386.10,1388.40,9101
2026-09-29 10:04:00,1388.60,1389.20,1386.10,1386.70,1990
2026-09-29 10:05:00,1386.50,1387.80,1385.40,1387.50,4143
2026-09-29 10:06:00,1386.60,1388.00,1386.60,1387.50,361
2026-09-29 10:07:00,1387.80,1388.00,1386.70,1388.00,655
2026-09-29 10:08:00,1388.00,1388.00,1387.20,1387.30,343
2026-09-29 10:09:00,1388.00,1388.00,1387.80,1387.80,1135
2026-09-29 10:10:00,1387.80,1387.90,1386.70,1387.60,508
2026-09-29 10:11:00,1387.60,1387.70,1386.70,1386.70,743
2026-09-29 10:12:00,1386.70,1387.80,1386.70,1387.80,1509
2026-09-29 10:13:00,1387.10,1388.00,1387.10,1388.00,696
2026-09-29 10:14:00,1387.80,1388.00,1387.20,1388.00,280
2026-09-29 10:15:00,1388.00,1388.10,1387.30,1388.10,1034
2026-09-29 10:16:00,1388.00,1388.10,1387.60,1387.90,376
2026-09-29 10:17:00,1387.90,1388.50,1387.70,1388.20,2590
2026-09-29 10:18:00,1387.70,1388.10,1387.70,1387.70,806
2026-09-29 10:19:00,1387.70,1388.10,1386.70,1386.70,920
2026-09-29 10:20:00,1387.10,1388.10,1387.10,1388.00,1131
2026-09-29 10:21:00,1388.00,1388.50,1387.60,1388.50,901
2026-09-29 10:22:00,1388.50,1389.00,1387.70,1388.10,2802
2026-09-29 10:23:00,1388.10,1389.00,1388.00,1388.50,1341
2026-09-29 10:24:00,1388.50,1388.50,1387.20,1388.00,1594
2026-09-29 10:25:00,1387.10,1388.30,1387.10,1387.90,734
2026-09-29 10:26:00,1387.90,1388.30,1387.30,1387.40,790
2026-09-29 10:27:00,1387.40,1388.50,1387.20,1388.50,918
2026-09-29 10:28:00,1388.50,1388.60,1387.90,1388.60,417
2026-09-29 10:29:00,1388.90,1390.80,1388.40,1389.40,6834
2026-09-29 10:30:00,1389.40,1390.00,1388.80,1390.00,1225
2026-09-29 10:31:00,1389.60,1390.00,1389.00,1389.50,1892
2026-09-29 10:32:00,1389.00,1389.70,1388.80,1389.30,737
2026-09-29 10:33:00,1388.70,1389.50,1388.70,1389.50,175
2026-09-29 10:34:00,1389.50,1389.50,1389.00,1389.50,404
2026-09-29 10:35:00,1389.50,1389.50,1388.10,1388.90,1006
2026-09-29 10:36:00,1388.60,1388.70,1387.00,1387.50,2595
2026-09-29 10:37:00,1386.50,1387.30,1383.70,1384.70,13175
2026-09-29 10:38:00,1384.70,1388.20,1383.20,1388.20,7923
2026-09-29 10:39:00,1388.00,1389.00,1387.50,1388.00,1923
2026-09-29 10:40:00,1388.40,1388.40,1387.00,1387.00,616
2026-09-29 10:41:00,1386.90,1387.60,1386.20,1387.10,475
2026-09-29 10:42:00,1386.40,1386.70,1385.30,1385.30,802
2026-09-29 10:43:00,1386.00,1386.90,1385.20,1386.20,972
2026-09-29 10:44:00,1386.20,1387.10,1386.00,1386.00,614
2026-09-29 10:45:00,1386.00,1386.40,1385.50,1386.40,369
2026-09-29 10:46:00,1386.40,1386.40,1386.00,1386.00,313
2026-09-29 10:47:00,1385.60,1386.70,1385.50,1386.20,503
2026-09-29 10:48:00,1386.20,1386.50,1385.50,1386.00,930
2026-09-29 10:49:00,1386.50,1386.50,1385.90,1386.30,158
2026-09-29 10:50:00,1386.30,1386.30,1385.50,1385.60,329
2026-09-29 10:51:00,1385.60,1386.30,1385.60,1386.30,190
2026-09-29 10:52:00,1386.30,1386.40,1384.70,1384.90,616
2026-09-29 10:53:00,1383.70,1385.10,1383.70,1384.90,2208
2026-09-29 10:54:00,1384.90,1384.90,1383.00,1383.90,3258
2026-09-29 10:55:00,1384.20,1384.70,1383.20,1384.20,1316
2026-09-29 10:56:00,1384.20,1384.90,1383.60,1384.50,1462
2026-09-29 10:57:00,1384.80,1385.10,1384.20,1385.10,471
2026-09-29 10:58:00,1385.10,1385.40,1384.50,1384.70,951
2026-09-29 10:59:00,1384.70,1384.90,1383.50,1384.50,1318
2026-09-29 11:00:00,1384.20,1384.50,1383.40,1383.50,305
2026-09-29 11:01:00,1383.70,1384.10,1383.40,1383.50,725
2026-09-29 11:02:00,1383.20,1384.00,1383.20,1384.00,437
2026-09-29 11:03:00,1383.70,1384.00,1383.40,1383.40,457
2026-09-29 11:04:00,1383.40,1383.70,1383.10,1383.10,1242
2026-09-29 11:05:00,1383.70,1383.70,1382.50,1382.50,1743
2026-09-29 11:06:00,1382.70,1383.80,1382.70,1383.80,909
2026-09-29 11:07:00,1383.80,1384.20,1383.00,1383.10,1164
2026-09-29 11:08:00,1383.60,1383.90,1381.10,1381.90,4184
2026-09-29 11:09:00,1382.00,1384.20,1381.60,1382.50,3213
2026-09-29 11:10:00,1382.40,1385.90,1382.30,1385.00,2143
2026-09-29 11:11:00,1385.50,1386.80,1385.00,1385.50,1417
2026-09-29 11:12:00,1385.50,1387.70,1385.50,1387.00,1677
2026-09-29 11:13:00,1387.30,1389.60,1386.70,1389.40,4475
2026-09-29 11:14:00,1389.40,1390.50,1387.20,1388.90,4953
2026-09-29 11:15:00,1389.10,1389.40,1388.40,1388.90,704
2026-09-29 11:16:00,1388.40,1388.90,1386.30,1387.00,1773
2026-09-29 11:17:00,1386.60,1387.40,1386.30,1387.20,1117
2026-09-29 11:18:00,1386.80,1388.00,1386.50,1386.50,1687
2026-09-29 11:19:00,1385.80,1387.10,1385.60,1385.90,2526
2026-09-29 11:20:00,1386.50,1388.30,1385.70,1388.00,2333
2026-09-29 11:21:00,1387.50,1387.90,1387.00,1387.10,807
2026-09-29 11:22:00,1387.70,1387.70,1385.60,1385.90,954
2026-09-29 11:23:00,1386.30,1387.20,1386.20,1387.10,1105
2026-09-29 11:24:00,1386.70,1387.40,1386.30,1387.20,1677
2026-09-29 11:25:00,1387.50,1387.60,1386.80,1387.60,212
2026-09-29 11:26:00,1387.60,1387.60,1386.20,1386.80,753
2026-09-29 11:27:00,1386.30,1386.90,1385.50,1386.00,430
2026-09-29 11:28:00,1385.60,1386.50,1385.50,1385.90,1084
2026-09-29 11:29:00,1386.60,1386.60,1385.80,1385.90,893
2026-09-29 11:30:00,1386.40,1387.00,1386.30,1386.90,1067
2026-09-29 11:31:00,1386.90,1387.00,1386.30,1387.00,4115
2026-09-29 11:32:00,1387.00,1387.00,1386.30,1386.30,228
2026-09-29 11:33:00,1386.30,1387.00,1386.30,1386.90,628
2026-09-29 11:34:00,1386.30,1387.00,1386.30,1386.60,688
2026-09-29 11:35:00,1386.60,1387.10,1386.30,1386.30,5768
2026-09-29 11:36:00,1387.10,1387.10,1386.30,1386.80,3125
2026-09-29 11:37:00,1386.80,1386.80,1386.50,1386.50,160
2026-09-29 11:38:00,1386.70,1386.80,1386.50,1386.80,128
2026-09-29 11:39:00,1386.80,1387.00,1386.00,1386.20,1520
2026-09-29 11:40:00,1386.20,1386.70,1386.00,1386.70,568
2026-09-29 11:41:00,1386.60,1386.60,1385.50,1385.90,880
2026-09-29 11:42:00,1386.00,1386.20,1385.00,1385.80,674
2026-09-29 11:43:00,1385.80,1385.90,1384.70,1385.80,608
2026-09-29 11:44:00,1385.00,1386.70,1385.00,1386.40,1680
2026-09-29 11:45:00,1386.30,1386.90,1385.80,1386.00,692
2026-09-29 11:46:00,1386.00,1386.40,1386.00,1386.40,712
2026-09-29 11:47:00,1386.40,1386.90,1386.00,1386.70,470
2026-09-29 11:48:00,1386.70,1387.00,1386.20,1386.90,652
2026-09-29 11:49:00,1386.90,1387.00,1386.00,1386.00,966
2026-09-29 11:50:00,1386.00,1386.60,1385.50,1386.30,977
2026-09-29 11:51:00,1386.30,1386.40,1385.50,1386.30,630
2026-09-29 11:52:00,1386.30,1388.00,1385.60,1388.00,34261
2026-09-29 11:53:00,1388.00,1388.10,1387.10,1387.90,1149
2026-09-29 11:54:00,1387.80,1388.10,1387.30,1387.50,529
2026-09-29 11:55:00,1387.90,1388.30,1387.50,1388.30,358
2026-09-29 11:56:00,1388.30,1388.30,1387.70,1387.70,209
2026-09-29 11:57:00,1387.80,1387.80,1387.40,1387.40,800
2026-09-29 11:58:00,1387.50,1387.60,1386.90,1387.00,550
2026-09-29 11:59:00,1387.00,1387.40,1386.40,1387.00,710
2026-09-29 12:00:00,1387.00,1387.00,1386.10,1386.10,228
2026-09-29 12:01:00,1386.90,1387.00,1385.50,1385.70,1638
2026-09-29 12:02:00,1386.00,1386.60,1385.30,1386.40,2328
2026-09-29 12:03:00,1386.40,1386.60,1386.00,1386.60,380
2026-09-29 12:04:00,1386.60,1386.60,1386.00,1386.00,206
2026-09-29 12:05:00,1386.00,1387.00,1386.00,1386.10,425
2026-09-29 12:06:00,1386.20,1387.00,1386.20,1387.00,319
2026-09-29 12:07:00,1387.00,1387.00,1385.80,1386.90,945
2026-09-29 12:08:00,1386.90,1387.00,1386.30,1386.80,267
2026-09-29 12:09:00,1386.80,1387.00,1386.10,1386.90,401
2026-09-29 12:10:00,1386.90,1387.20,1386.00,1386.80,2072
2026-09-29 12:11:00,1386.70,1387.00,1386.20,1386.90,1372
2026-09-29 12:12:00,1387.00,1387.10,1386.40,1387.00,994
2026-09-29 12:13:00,1387.00,1387.00,1386.20,1386.20,1344
2026-09-29 12:14:00,1387.00,1387.20,1386.40,1387.00,1879
2026-09-29 12:15:00,1387.00,1387.00,1386.30,1386.90,1113
2026-09-29 12:16:00,1387.00,1387.00,1386.60,1387.00,969
2026-09-29 12:17:00,1387.00,1387.00,1386.60,1386.90,800
2026-09-29 12:18:00,1386.90,1387.20,1386.60,1387.20,967
2026-09-29 12:19:00,1387.50,1387.60,1386.70,1387.20,1036
2026-09-29 12:20:00,1387.50,1389.00,1387.50,1388.70,5686
2026-09-29 12:21:00,1388.70,1388.90,1387.00,1387.00,9134
2026-09-29 12:22:00,1387.00,1388.70,1387.00,1388.40,21552
2026-09-29 12:23:00,1388.80,1389.40,1388.50,1389.20,1769
2026-09-29 12:24:00,1389.20,1389.30,1388.00,1388.00,1023
2026-09-29 12:25:00,1388.80,1388.80,1387.70,1387.70,1922
2026-09-29 12:26:00,1388.00,1388.00,1386.70,1387.00,1832
2026-09-29 12:27:00,1387.20,1387.20,1386.00,1386.70,1166
2026-09-29 12:28:00,1387.10,1387.10,1386.00,1386.40,1132
2026-09-29 12:29:00,1386.60,1387.00,1385.70,1386.40,1480
2026-09-29 12:30:00,1386.70,1386.80,1385.20,1386.10,1749
2026-09-29 12:31:00,1386.30,1386.40,1385.20,1385.90,1308
2026-09-29 12:32:00,1386.20,1386.30,1385.00,1385.50,4086
2026-09-29 12:33:00,1385.60,1386.10,1384.80,1386.10,3443
2026-09-29 12:34:00,1386.00,1386.60,1386.00,1386.30,1127
2026-09-29 12:35:00,1386.40,1387.50,1386.40,1386.80,1481
2026-09-29 12:36:00,1387.10,1387.80,1386.20,1387.40,1310
2026-09-29 12:37:00,1387.80,1388.00,1387.20,1387.40,3019
2026-09-29 12:38:00,1387.80,1388.00,1387.30,1387.70,1798
2026-09-29 12:39:00,1387.70,1388.00,1387.70,1388.00,1277
2026-09-29 12:40:00,1388.00,1388.00,1387.50,1387.90,960
2026-09-29 12:41:00,1388.00,1388.00,1387.90,1388.00,1008
2026-09-29 12:42:00,1388.00,1388.00,1387.10,1387.70,902
2026-09-29 12:43:00,1387.80,1387.80,1387.00,1387.60,863
2026-09-29 12:44:00,1387.60,1387.60,1386.40,1386.90,2652
2026-09-29 12:45:00,1386.90,1387.20,1385.60,1386.60,2924
2026-09-29 12:46:00,1386.70,1387.10,1386.50,1386.90,939
2026-09-29 12:47:00,1387.00,1387.50,1386.50,1387.20,1267
2026-09-29 12:48:00,1387.40,1387.60,1385.50,1385.50,953
2026-09-29 12:49:00,1386.00,1386.30,1385.40,1385.40,1050
2026-09-29 12:50:00,1385.90,1386.70,1385.60,1386.40,1553
2026-09-29 12:51:00,1386.40,1387.20,1386.30,1387.00,4825
2026-09-29 12:52:00,1387.00,1387.00,1386.60,1387.00,931
2026-09-29 12:53:00,1387.00,1387.00,1386.50,1387.00,792
2026-09-29 12:54:00,1386.80,1387.00,1386.00,1386.00,1826
2026-09-29 12:55:00,1386.00,1386.00,1385.70,1386.00,3922
2026-09-29 12:56:00,1386.00,1387.00,1386.00,1387.00,1840
2026-09-29 12:57:00,1387.00,1387.00,1385.30,1385.90,1324
2026-09-29 12:58:00,1385.90,1386.00,1385.00,1385.70,3716
2026-09-29 12:59:00,1385.70,1386.00,1385.10,1385.50,2417
2026-09-29 13:00:00,1385.50,1385.50,1385.30,1385.50,954
2026-09-29 13:01:00,1385.50,1386.00,1384.90,1385.30,4987
2026-09-29 13:02:00,1385.80,1385.90,1384.60,1385.00,3286
2026-09-29 13:03:00,1385.00,1385.00,1384.50,1384.90,828
2026-09-29 13:04:00,1384.90,1385.00,1384.50,1385.00,952
2026-09-29 13:05:00,1385.00,1385.00,1384.40,1385.00,779
2026-09-29 13:06:00,1385.00,1385.00,1384.30,1384.80,933
2026-09-29 13:07:00,1385.00,1385.00,1383.50,1384.60,2047
2026-09-29 13:08:00,1384.60,1385.00,1384.00,1384.10,943
2026-09-29 13:09:00,1384.50,1385.00,1384.00,1385.00,1061
2026-09-29 13:10:00,1385.00,1385.00,1384.30,1384.80,1811
2026-09-29 13:11:00,1384.80,1385.00,1384.20,1384.70,1408
2026-09-29 13:12:00,1384.60,1384.70,1383.50,1383.90,559
2026-09-29 13:13:00,1383.70,1383.90,1383.00,1383.40,3633
2026-09-29 13:14:00,1383.50,1383.80,1382.60,1383.10,398
2026-09-29 13:15:00,1382.70,1383.60,1382.70,1383.30,740
2026-09-29 13:16:00,1383.20,1383.40,1382.90,1382.90,259
2026-09-29 13:17:00,1383.30,1383.70,1383.10,1383.70,327
2026-09-29 13:18:00,1383.30,1383.90,1383.30,1383.90,649
2026-09-29 13:19:00,1383.90,1383.90,1383.10,1383.10,506
2026-09-29 13:20:00,1383.10,1383.10,1382.50,1382.70,1236
2026-09-29 13:21:00,1382.80,1383.00,1382.70,1383.00,652
2026-09-29 13:22:00,1382.60,1383.30,1382.30,1383.30,1375
2026-09-29 13:23:00,1383.00,1383.20,1382.00,1382.50,1340
2026-09-29 13:24:00,1382.60,1382.60,1381.20,1382.20,861
2026-09-29 13:25:00,1382.60,1382.60,1382.10,1382.10,538
2026-09-29 13:26:00,1383.10,1383.50,1382.50,1383.00,1435
2026-09-29 13:27:00,1383.20,1383.50,1382.50,1383.30,877
2026-09-29 13:28:00,1383.50,1383.60,1382.50,1383.60,831
2026-09-29 13:29:00,1383.60,1383.60,1382.80,1383.60,630
2026-09-29 13:30:00,1383.60,1383.70,1382.90,1383.30,228
2026-09-29 13:31:00,1383.30,1384.40,1383.20,1384.40,508
2026-09-29 13:32:00,1384.50,1384.90,1384.00,1384.50,574
2026-09-29 13:33:00,1384.50,1384.70,1384.00,1384.30,281
2026-09-29 13:34:00,1384.30,1384.60,1384.00,1384.50,976
2026-09-29 13:35:00,1384.70,1384.70,1384.20,1384.40,558
2026-09-29 13:36:00,1384.30,1384.50,1383.50,1383.90,1609
2026-09-29 13:37:00,1383.90,1384.30,1382.80,1382.80,2162
2026-09-29 13:38:00,1383.10,1383.10,1382.10,1382.90,5140
2026-09-29 13:39:00,1382.50,1383.00,1381.70,1381.70,609
2026-09-29 13:40:00,1382.00,1382.00,1381.30,1381.60,1009
2026-09-29 13:41:00,1382.10,1382.40,1381.60,1381.80,291
2026-09-29 13:42:00,1381.80,1382.20,1381.60,1381.60,391
2026-09-29 13:43:00,1381.60,1382.30,1381.60,1382.10,593
2026-09-29 13:44:00,1382.00,1382.40,1381.60,1382.00,311
2026-09-29 13:45:00,1381.90,1383.10,1381.60,1382.30,559
2026-09-29 13:46:00,1382.10,1382.80,1381.90,1382.10,383
2026-09-29 13:47:00,1382.10,1382.70,1381.70,1382.10,578
2026-09-29 13:48:00,1382.10,1382.60,1381.70,1381.90,287
2026-09-29 13:49:00,1382.10,1382.30,1381.80,1382.00,396
2026-09-29 13:50:00,1382.00,1382.30,1381.70,1382.00,279
2026-09-29 13:51:00,1382.30,1382.80,1381.90,1382.50,412
2026-09-29 13:52:00,1382.50,1382.50,1381.90,1381.90,326
2026-09-29 13:53:00,1382.30,1383.20,1382.30,1383.00,1492
2026-09-29 13:54:00,1383.00,1383.40,1382.40,1383.20,322
2026-09-29 13:55:00,1383.20,1383.70,1383.10,1383.20,398
2026-09-29 13:56:00,1383.10,1383.90,1381.90,1382.10,8883
2026-09-29 13:57:00,1382.00,1382.70,1382.00,1382.70,329
2026-09-29 13:58:00,1382.50,1382.90,1382.10,1382.10,487
2026-09-29 13:59:00,1382.30,1382.30,1381.00,1381.00,2205
2026-09-29 14:00:00,1381.00,1381.80,1380.80,1381.20,1912
2026-09-29 14:01:00,1381.20,1382.00,1380.80,1382.00,6975
2026-09-29 14:02:00,1382.20,1383.50,1381.70,1383.00,11419
2026-09-29 14:03:00,1383.00,1383.40,1382.60,1383.00,2098
2026-09-29 14:04:00,1383.20,1383.30,1381.10,1381.10,16286
2026-09-29 14:05:00,1381.10,1382.20,1381.00,1381.70,3076
2026-09-29 14:06:00,1381.90,1381.90,1380.70,1380.90,1024
2026-09-29 14:07:00,1380.90,1381.30,1380.30,1380.90,3917
2026-09-29 14:08:00,1381.00,1381.80,1380.60,1381.10,8475
2026-09-29 14:09:00,1382.40,1383.20,1381.20,1382.50,19570
2026-09-29 14:10:00,1383.20,1384.00,1382.60,1382.70,2409
2026-09-29 14:11:00,1383.30,1383.60,1382.50,1383.60,1796
2026-09-29 14:12:00,1383.00,1383.50,1382.70,1383.30,187
2026-09-29 14:13:00,1383.70,1384.10,1382.90,1383.60,7341
2026-09-29 14:14:00,1382.90,1385.30,1382.60,1384.50,16051
2026-09-29 14:15:00,1384.30,1385.70,1383.50,1385.00,9274
2026-09-29 14:16:00,1385.40,1385.60,1385.00,1385.40,832
2026-09-29 14:17:00,1385.40,1386.00,1384.80,1385.80,1774
2026-09-29 14:18:00,1386.30,1387.00,1386.30,1386.30,2908
2026-09-29 14:19:00,1386.30,1386.70,1386.10,1386.10,925
2026-09-29 14:20:00,1386.10,1386.60,1386.10,1386.50,1440
2026-09-29 14:21:00,1386.10,1386.40,1386.00,1386.10,379
2026-09-29 14:22:00,1386.10,1386.70,1386.10,1386.20,784
2026-09-29 14:23:00,1386.20,1386.80,1384.90,1386.00,2686
2026-09-29 14:24:00,1386.20,1387.00,1386.00,1386.10,1466
2026-09-29 14:25:00,1386.10,1387.50,1386.10,1387.50,2156
2026-09-29 14:26:00,1387.60,1387.60,1386.30,1387.00,4915
2026-09-29 14:27:00,1387.00,1387.00,1385.90,1386.00,1325
2026-09-29 14:28:00,1386.00,1386.70,1385.80,1385.90,6290
2026-09-29 14:29:00,1385.90,1387.50,1385.90,1387.30,13999
2026-09-29 14:30:00,1386.80,1389.00,1386.80,1388.60,4284
2026-09-29 14:31:00,1389.30,1389.50,1388.80,1389.10,3394
2026-09-29 14:32:00,1389.00,1389.30,1387.80,1388.60,19847
2026-09-29 14:33:00,1388.40,1388.90,1387.00,1387.00,3524
2026-09-29 14:34:00,1387.20,1388.60,1387.00,1387.80,19436
2026-09-29 14:35:00,1388.40,1388.70,1387.90,1388.10,2238
2026-09-29 14:36:00,1388.00,1388.40,1387.70,1388.40,2422
2026-09-29 14:37:00,1387.80,1388.40,1387.00,1387.00,3867
2026-09-29 14:38:00,1387.00,1387.20,1386.90,1386.90,656
2026-09-29 14:39:00,1386.90,1387.10,1386.60,1386.60,996
2026-09-29 14:40:00,1386.50,1386.60,1386.20,1386.40,2030
2026-09-29 14:41:00,1386.40,1386.60,1386.00,1386.60,2522
2026-09-29 14:42:00,1386.50,1387.90,1386.50,1387.90,10835
2026-09-29 14:43:00,1387.90,1387.90,1386.60,1386.70,6201
2026-09-29 14:44:00,1386.60,1386.60,1385.70,1386.40,2795
2026-09-29 14:45:00,1386.10,1386.10,1384.70,1385.50,4761
2026-09-29 14:46:00,1385.00,1386.50,1385.00,1386.10,22129
2026-09-29 14:47:00,1386.00,1386.50,1385.20,1385.20,1047
2026-09-29 14:48:00,1385.30,1385.40,1384.80,1384.90,1205
2026-09-29 14:49:00,1384.50,1385.30,1384.40,1384.40,2431
2026-09-29 14:50:00,1385.00,1385.20,1384.50,1385.00,391
2026-09-29 14:51:00,1385.00,1385.10,1384.30,1384.50,713
2026-09-29 14:52:00,1385.00,1385.80,1383.90,1385.20,6781
2026-09-29 14:53:00,1385.50,1385.60,1385.10,1385.10,2254
2026-09-29 14:54:00,1385.10,1385.90,1385.00,1385.20,1225
2026-09-29 14:55:00,1385.20,1385.40,1385.20,1385.30,3796
2026-09-29 14:56:00,1384.80,1385.40,1384.60,1385.00,3570
2026-09-29 14:57:00,1385.00,1385.70,1384.80,1384.90,3738
2026-09-29 14:58:00,1384.80,1384.90,1384.50,1384.50,2470
2026-09-29 14:59:00,1384.60,1385.50,1384.10,1384.70,7424
2026-09-29 15:00:00,1384.70,1384.70,1382.60,1382.80,13984
2026-09-29 15:01:00,1382.70,1383.00,1381.60,1382.00,7594
2026-09-29 15:02:00,1382.00,1382.80,1381.70,1382.80,3581
2026-09-29 15:03:00,1382.00,1382.60,1381.60,1382.60,8131
2026-09-29 15:04:00,1382.60,1382.70,1382.00,1382.00,4054
2026-09-29 15:05:00,1381.90,1383.90,1381.90,1383.50,12448
2026-09-29 15:06:00,1383.30,1384.50,1383.30,1383.80,8699
2026-09-29 15:07:00,1383.90,1384.40,1383.60,1384.00,3788
2026-09-29 15:08:00,1383.90,1384.60,1383.80,1384.60,7304
2026-09-29 15:09:00,1384.10,1385.00,1384.00,1384.80,8212
2026-09-29 15:10:00,1384.40,1385.60,1383.90,1384.50,17054
2026-09-29 15:11:00,1384.50,1384.60,1383.70,1384.20,14667
2026-09-29 15:12:00,1384.20,1384.50,1383.20,1384.00,12217
2026-09-29 15:13:00,1384.40,1385.00,1383.10,1384.50,15172
2026-09-29 15:14:00,1383.90,1384.20,1376.20,1379.20,21757
2026-09-29 15:15:00,1379.20,1379.20,1379.20,1379.20,83
2026-09-29 15:16:00,1379.20,1379.20,1379.20,1379.20,0
2026-09-29 15:17:00,1379.20,1379.20,1379.20,1379.20,0
2026-09-29 15:18:00,1379.20,1379.20,1379.20,1379.20,0
2026-09-29 15:19:00,1379.20,1379.20,1379.20,1379.20,0
2026-09-29 15:20:00,1379.20,1379.20,1379.20,1379.20,0
2026-09-29 15:21:00,1379.20,1379.20,1379.20,1379.20,0
2026-09-29 15:22:00,1379.20,1379.20,1379.20,1379.20,0
2026-09-29 15:23:00,1379.20,1379.20,1379.20,1379.20,0
2026-09-29 15:24:00,1379.20,1379.20,1379.20,1379.20,0
2026-09-29 15:25:00,1379.20,1379.20,1379.20,1379.20,0
2026-09-29 15:26:00,1379.20,1379.20,1379.20,1379.20,0
2026-09-29 15:27:00,1379.20,1379.20,1379.20,1379.20,0
2026-09-29 15:28:00,1379.20,1379.20,1379.20,1379.20,0
2026-09-29 15:29:00,1379.20,1379.30,1379.20,1379.30,425329
2026-09-30 09:15:00,1383.00,1384.00,1373.30,1374.60,8531
2026-09-30 09:16:00,1375.90,1379.40,1375.90,1379.40,3819
2026-09-30 09:17:00,1379.50,1379.90,1377.70,1379.60,1725
2026-09-30 09:18:00,1380.00,1382.20,1379.60,1379.60,1869
2026-09-30 09:19:00,1379.50,1380.90,1379.50,1380.40,1027
2026-09-30 09:20:00,1380.90,1381.40,1380.30,1380.60,1574
2026-09-30 09:21:00,1380.90,1381.60,1379.30,1379.30,2949
2026-09-30 09:22:00,1379.50,1379.50,1373.10,1374.20,4641
2026-09-30 09:23:00,1375.00,1376.70,1374.70,1374.70,2922
2026-09-30 09:24:00,1376.30,1376.90,1371.90,1371.90,3776
2026-09-30 09:25:00,1371.60,1373.20,1371.20,1373.00,832
2026-09-30 09:26:00,1372.80,1374.20,1372.30,1374.20,7168
2026-09-30 09:27:00,1373.90,1374.60,1373.30,1374.60,980
2026-09-30 09:28:00,1373.70,1376.10,1373.70,1375.20,1923
2026-09-30 09:29:00,1375.40,1375.90,1374.50,1375.90,1533
2026-09-30 09:30:00,1375.90,1375.90,1372.80,1373.00,2778
2026-09-30 09:31:00,1373.00,1373.00,1372.00,1372.00,1894
2026-09-30 09:32:00,1372.20,1373.00,1371.80,1372.00,1367
2026-09-30 09:33:00,1372.60,1373.30,1372.00,1372.10,690
2026-09-30 09:34:00,1372.80,1373.60,1372.50,1372.50,1692
2026-09-30 09:35:00,1372.20,1373.40,1372.00,1372.00,1385
2026-09-30 09:36:00,1372.00,1373.00,1372.00,1372.90,430
2026-09-30 09:37:00,1373.00,1373.60,1371.90,1372.70,1066
2026-09-30 09:38:00,1372.30,1372.60,1371.10,1371.30,1170
2026-09-30 09:39:00,1371.30,1372.10,1371.20,1372.10,691
2026-09-30 09:40:00,1372.10,1372.20,1370.00,1370.60,3447
2026-09-30 09:41:00,1370.50,1370.70,1369.50,1370.30,1150
2026-09-30 09:42:00,1369.90,1370.30,1367.10,1367.30,3353
2026-09-30 09:43:00,1366.50,1367.80,1366.00,1366.40,2342
2026-09-30 09:44:00,1366.40,1366.80,1365.60,1366.30,2673
2026-09-30 09:45:00,1366.30,1369.30,1366.30,1369.30,1948
2026-09-30 09:46:00,1369.30,1369.80,1368.80,1369.40,5484
2026-09-30 09:47:00,1369.50,1370.00,1369.00,1369.00,1317
2026-09-30 09:48:00,1368.50,1370.00,1368.50,1370.00,2612
2026-09-30 09:49:00,1370.00,1370.70,1369.90,1370.50,1922
2026-09-30 09:50:00,1370.50,1370.90,1370.40,1370.90,661
2026-09-30 09:51:00,1370.50,1371.90,1370.50,1370.90,1101
2026-09-30 09:52:00,1370.60,1370.80,1369.00,1370.30,1856
2026-09-30 09:53:00,1370.30,1370.30,1366.10,1367.20,3685
2026-09-30 09:54:00,1367.00,1369.20,1367.00,1368.90,3479
2026-09-30 09:55:00,1368.90,1369.40,1368.40,1368.70,1066
2026-09-30 09:56:00,1368.60,1369.70,1368.60,1369.60,541
2026-09-30 09:57:00,1369.60,1370.30,1369.60,1370.00,467
2026-09-30 09:58:00,1370.20,1371.10,1370.00,1370.70,726
2026-09-30 09:59:00,1370.70,1370.90,1368.80,1369.50,764
2026-09-30 10:00:00,1369.40,1370.70,1369.40,1370.60,576
2026-09-30 10:01:00,1370.80,1377.00,1369.80,1377.00,16264
2026-09-30 10:02:00,1376.60,1376.60,1375.00,1375.60,4252
2026-09-30 10:03:00,1375.60,1376.40,1375.00,1375.40,838
2026-09-30 10:04:00,1375.00,1375.50,1375.00,1375.20,6343
2026-09-30 10:05:00,1375.40,1375.80,1374.70,1375.20,7502
2026-09-30 10:06:00,1375.20,1376.00,1375.20,1375.70,896
2026-09-30 10:07:00,1375.60,1375.80,1375.30,1375.60,1014
2026-09-30 10:08:00,1375.60,1376.30,1374.70,1374.70,12900
2026-09-30 10:09:00,1374.70,1375.30,1374.70,1375.00,19323
2026-09-30 10:10:00,1375.30,1376.00,1375.30,1375.80,2350
2026-09-30 10:11:00,1376.00,1376.50,1375.80,1375.80,1674
2026-09-30 10:12:00,1376.30,1376.50,1375.80,1375.80,841
2026-09-30 10:13:00,1375.80,1376.30,1375.80,1376.00,631
2026-09-30 10:14:00,1375.40,1376.30,1375.40,1376.30,584
2026-09-30 10:15:00,1376.50,1376.50,1375.20,1375.20,4356
2026-09-30 10:16:00,1375.20,1375.90,1375.00,1375.50,709
2026-09-30 10:17:00,1375.50,1375.70,1375.10,1375.60,1159
2026-09-30 10:18:00,1375.70,1376.40,1375.30,1375.80,3915
2026-09-30 10:19:00,1375.80,1375.80,1375.50,1375.50,1084
2026-09-30 10:20:00,1375.50,1376.20,1375.40,1375.80,517
2026-09-30 10:21:00,1375.80,1376.00,1375.20,1376.00,2004
2026-09-30 10:22:00,1376.00,1376.00,1375.50,1375.60,276
2026-09-30 10:23:00,1375.60,1375.60,1375.20,1375.50,1763
2026-09-30 10:24:00,1375.40,1375.40,1375.00,1375.00,2664
2026-09-30 10:25:00,1375.10,1375.20,1375.00,1375.20,5562
2026-09-30 10:26:00,1375.20,1376.00,1375.00,1375.90,1219
2026-09-30 10:27:00,1375.80,1376.00,1375.20,1375.90,486
2026-09-30 10:28:00,1375.60,1375.70,1375.30,1375.30,413
2026-09-30 10:29:00,1375.00,1375.80,1374.60,1375.30,4532
2026-09-30 10:30:00,1375.30,1375.30,1372.70,1373.90,11558
2026-09-30 10:31:00,1373.60,1373.60,1369.80,1369.80,10217
2026-09-30 10:32:00,1370.00,1370.00,1369.50,1370.00,888
2026-09-30 10:33:00,1370.00,1370.00,1369.10,1369.40,872
2026-09-30 10:34:00,1369.40,1369.50,1369.00,1369.20,631
2026-09-30 10:35:00,1368.80,1368.80,1366.70,1367.20,2281
2026-09-30 10:36:00,1367.20,1367.60,1366.90,1367.30,339
2026-09-30 10:37:00,1367.30,1367.40,1367.20,1367.30,314
2026-09-30 10:38:00,1367.30,1367.30,1366.50,1366.90,5559
2026-09-30 10:39:00,1367.30,1367.30,1366.20,1366.30,1184
2026-09-30 10:40:00,1366.20,1366.20,1362.50,1362.50,4510
2026-09-30 10:41:00,1363.00,1364.10,1362.60,1363.20,1322
2026-09-30 10:42:00,1362.50,1362.60,1362.10,1362.10,1332
2026-09-30 10:43:00,1362.40,1362.40,1360.00,1361.20,6807
2026-09-30 10:44:00,1361.60,1362.40,1361.10,1362.40,1162
2026-09-30 10:45:00,1362.40,1362.60,1361.70,1361.70,808
2026-09-30 10:46:00,1362.10,1362.20,1360.60,1361.20,1485
2026-09-30 10:47:00,1360.70,1360.70,1359.50,1359.70,1465
2026-09-30 10:48:00,1359.70,1360.40,1358.80,1359.90,3600
2026-09-30 10:49:00,1360.00,1361.80,1360.00,1360.60,4024
2026-09-30 10:50:00,1361.70,1362.30,1361.40,1361.70,935
2026-09-30 10:51:00,1361.70,1362.30,1361.30,1362.30,2727
2026-09-30 10:52:00,1362.80,1362.80,1362.30,1362.60,742
2026-09-30 10:53:00,1362.50,1362.70,1362.40,1362.70,841
2026-09-30 10:54:00,1362.60,1362.70,1362.60,1362.60,623
2026-09-30 10:55:00,1362.60,1362.60,1362.60,1362.60,285
2026-09-30 10:56:00,1362.60,1362.60,1361.90,1362.00,2577
2026-09-30 10:57:00,1362.00,1362.00,1361.50,1362.00,1228
2026-09-30 10:58:00,1361.90,1363.60,1361.60,1363.40,16649
2026-09-30 10:59:00,1363.40,1363.40,1362.10,1362.50,1230
2026-09-30 11:00:00,1362.00,1364.40,1362.00,1363.90,1190
2026-09-30 11:01:00,1364.30,1365.90,1362.10,1362.70,13368
2026-09-30 11:02:00,1362.70,1363.50,1362.30,1363.00,17965
2026-09-30 11:03:00,1363.00,1363.00,1362.90,1363.00,327
2026-09-30 11:04:00,1363.00,1364.30,1362.90,1363.50,8070
2026-09-30 11:05:00,1363.50,1364.80,1363.50,1363.70,6763
2026-09-30 11:06:00,1363.40,1364.00,1363.40,1363.80,312
2026-09-30 11:07:00,1363.90,1364.00,1363.00,1363.90,336
2026-09-30 11:08:00,1363.90,1365.00,1363.80,1364.40,7739
2026-09-30 11:09:00,1364.20,1364.50,1363.50,1363.50,3278
2026-09-30 11:10:00,1364.10,1364.20,1363.20,1363.20,168
2026-09-30 11:11:00,1363.20,1363.30,1362.70,1362.70,626
2026-09-30 11:12:00,1362.60,1362.60,1361.60,1362.20,1081
2026-09-30 11:13:00,1362.20,1362.20,1362.00,1362.00,104
2026-09-30 11:14:00,1361.80,1361.90,1361.40,1361.70,714
2026-09-30 11:15:00,1361.40,1362.00,1360.90,1361.30,2130
2026-09-30 11:16:00,1361.50,1361.50,1360.60,1360.90,959
2026-09-30 11:17:00,1360.90,1360.90,1360.30,1360.80,505
2026-09-30 11:18:00,1360.60,1361.90,1360.60,1361.70,1461
2026-09-30 11:19:00,1361.70,1361.70,1361.70,1361.70,54
2026-09-30 11:20:00,1361.70,1362.70,1361.70,1362.00,1676
2026-09-30 11:21:00,1362.00,1362.00,1361.60,1361.80,158
2026-09-30 11:22:00,1362.00,1362.00,1361.70,1361.80,92
2026-09-30 11:23:00,1361.30,1361.80,1360.60,1361.30,6328
2026-09-30 11:24:00,1361.40,1361.40,1361.20,1361.20,299
2026-09-30 11:25:00,1361.40,1361.40,1361.40,1361.40,52
2026-09-30 11:26:00,1361.40,1361.50,1361.40,1361.50,204
2026-09-30 11:27:00,1361.50,1361.50,1361.00,1361.30,257
2026-09-30 11:28:00,1361.30,1361.40,1359.80,1360.70,3120
2026-09-30 11:29:00,1360.70,1360.70,1360.40,1360.50,130
2026-09-30 11:30:00,1360.50,1360.50,1359.50,1359.90,422
2026-09-30 11:31:00,1359.80,1360.70,1359.40,1360.00,2138
2026-09-30 11:32:00,1360.20,1360.20,1359.80,1360.20,440
2026-09-30 11:33:00,1360.20,1360.20,1358.20,1359.80,3076
2026-09-30 11:34:00,1359.60,1360.00,1358.70,1359.40,1909
2026-09-30 11:35:00,1359.50,1359.50,1359.00,1359.40,248
2026-09-30 11:36:00,1359.50,1359.50,1358.90,1359.10,1043
2026-09-30 11:37:00,1359.10,1360.00,1358.60,1360.00,2898
2026-09-30 11:38:00,1360.00,1360.10,1360.00,1360.00,1350
2026-09-30 11:39:00,1360.00,1360.00,1359.00,1359.70,797
2026-09-30 11:40:00,1360.00,1360.30,1358.50,1359.50,1443
2026-09-30 11:41:00,1359.50,1359.80,1358.90,1359.60,1356
2026-09-30 11:42:00,1359.60,1359.80,1359.50,1359.70,265
2026-09-30 11:43:00,1359.50,1359.80,1359.00,1359.80,1859
2026-09-30 11:44:00,1359.80,1360.30,1359.00,1360.20,1859
2026-09-30 11:45:00,1359.10,1360.40,1359.10,1360.30,645
2026-09-30 11:46:00,1360.40,1360.40,1360.00,1360.00,127
2026-09-30 11:47:00,1359.90,1360.00,1359.00,1359.60,1245
2026-09-30 11:48:00,1359.60,1359.80,1358.60,1358.70,2699
2026-09-30 11:49:00,1359.50,1359.60,1358.40,1359.30,1042
2026-09-30 11:50:00,1359.30,1359.80,1358.50,1359.80,1892
2026-09-30 11:51:00,1359.90,1360.90,1359.40,1360.50,4901
2026-09-30 11:52:00,1360.50,1361.00,1360.50,1360.60,1045
2026-09-30 11:53:00,1360.70,1360.70,1359.80,1359.80,87
2026-09-30 11:54:00,1360.20,1360.30,1359.00,1360.30,1597
2026-09-30 11:55:00,1360.40,1360.80,1359.70,1360.70,2870
2026-09-30 11:56:00,1360.70,1360.80,1360.70,1360.80,147
2026-09-30 11:57:00,1360.80,1361.20,1359.90,1360.70,2271
2026-09-30 11:58:00,1360.70,1361.00,1359.30,1360.90,3670
2026-09-30 11:59:00,1360.90,1361.80,1360.90,1361.70,729
2026-09-30 12:00:00,1361.70,1362.40,1361.50,1362.40,2096
2026-09-30 12:01:00,1362.40,1363.20,1362.10,1362.90,4606
2026-09-30 12:02:00,1362.30,1362.80,1361.40,1362.50,2354
2026-09-30 12:03:00,1362.50,1362.80,1361.50,1362.80,1389
2026-09-30 12:04:00,1362.80,1362.80,1361.90,1362.00,579
2026-09-30 12:05:00,1362.00,1362.00,1360.80,1361.90,661
2026-09-30 12:06:00,1361.90,1362.00,1361.50,1362.00,111
2026-09-30 12:07:00,1362.00,1364.40,1360.00,1360.00,15076
2026-09-30 12:08:00,1360.00,1360.80,1359.70,1360.70,488
2026-09-30 12:09:00,1360.70,1361.40,1360.70,1361.40,131
2026-09-30 12:10:00,1361.30,1361.40,1361.20,1361.40,186
2026-09-30 12:11:00,1361.10,1361.30,1359.70,1360.10,955
2026-09-30 12:12:00,1359.50,1360.50,1359.50,1360.50,614
2026-09-30 12:13:00,1360.10,1360.40,1359.70,1360.40,515
2026-09-30 12:14:00,1360.40,1360.60,1360.00,1360.00,610
2026-09-30 12:15:00,1359.40,1360.00,1359.40,1359.80,1178
2026-09-30 12:16:00,1359.70,1360.00,1359.20,1360.00,1162
2026-09-30 12:17:00,1359.60,1360.20,1359.40,1359.80,672
2026-09-30 12:18:00,1359.80,1365.00,1359.80,1364.20,9151
2026-09-30 12:19:00,1364.90,1365.50,1364.00,1364.30,2459
2026-09-30 12:20:00,1365.00,1365.40,1364.40,1365.20,2008
2026-09-30 12:21:00,1365.20,1365.30,1363.00,1364.60,28889
2026-09-30 12:22:00,1364.40,1365.00,1363.80,1365.00,6049
2026-09-30 12:23:00,1365.00,1365.00,1364.00,1365.00,1694
2026-09-30 12:24:00,1364.40,1365.00,1363.20,1364.80,3865
2026-09-30 12:25:00,1364.90,1365.90,1364.20,1365.30,36162
2026-09-30 12:26:00,1364.70,1365.50,1364.70,1364.70,1334
2026-09-30 12:27:00,1365.30,1365.50,1364.50,1365.50,1118
2026-09-30 12:28:00,1365.50,1365.60,1364.90,1365.00,876
2026-09-30 12:29:00,1365.50,1365.60,1364.80,1365.00,4429
2026-09-30 12:30:00,1365.20,1365.20,1364.20,1364.80,21360
2026-09-30 12:31:00,1364.80,1365.10,1364.70,1365.00,147
2026-09-30 12:32:00,1364.90,1365.20,1364.50,1364.80,667
2026-09-30 12:33:00,1364.80,1364.80,1364.40,1364.50,222
2026-09-30 12:34:00,1364.50,1364.60,1364.40,1364.50,170
2026-09-30 12:35:00,1364.60,1364.60,1364.50,1364.50,190
2026-09-30 12:36:00,1364.50,1364.60,1362.10,1362.30,4802
2026-09-30 12:37:00,1362.10,1362.60,1360.20,1361.30,2576
2026-09-30 12:38:00,1362.10,1363.10,1361.40,1362.00,538
2026-09-30 12:39:00,1362.60,1363.40,1361.90,1363.40,1234
2026-09-30 12:40:00,1363.40,1363.60,1363.00,1363.60,197
2026-09-30 12:41:00,1363.60,1363.80,1362.80,1363.80,978
2026-09-30 12:42:00,1363.80,1364.00,1363.40,1363.60,764
2026-09-30 12:43:00,1363.60,1364.40,1363.60,1364.40,368
2026-09-30 12:44:00,1364.40,1364.90,1364.40,1364.50,317
2026-09-30 12:45:00,1364.60,1365.10,1363.80,1365.00,14677
2026-09-30 12:46:00,1365.00,1365.80,1364.40,1364.40,6067
2026-09-30 12:47:00,1364.40,1365.20,1363.70,1364.90,12030
2026-09-30 12:48:00,1364.90,1365.00,1364.50,1365.00,293
2026-09-30 12:49:00,1365.00,1365.00,1363.70,1364.60,1772
2026-09-30 12:50:00,1364.60,1364.60,1364.40,1364.60,194
2026-09-30 12:51:00,1364.60,1364.60,1364.40,1364.60,773
2026-09-30 12:52:00,1364.10,1364.60,1363.20,1363.70,825
2026-09-30 12:53:00,1363.70,1364.10,1363.70,1363.90,171
2026-09-30 12:54:00,1363.90,1364.90,1363.90,1364.80,391
2026-09-30 12:55:00,1364.80,1365.00,1364.50,1364.80,256
2026-09-30 12:56:00,1364.30,1365.00,1364.30,1364.90,131
2026-09-30 12:57:00,1365.00,1365.00,1363.90,1364.90,1083
2026-09-30 12:58:00,1365.00,1365.10,1364.50,1365.00,3056
2026-09-30 12:59:00,1365.00,1365.10,1364.70,1365.00,2877
2026-09-30 13:00:00,1365.00,1365.00,1364.60,1364.90,206
2026-09-30 13:01:00,1365.00,1365.00,1364.60,1364.90,221
2026-09-30 13:02:00,1364.90,1364.90,1364.10,1364.10,237
2026-09-30 13:03:00,1364.70,1364.90,1364.40,1364.90,418
2026-09-30 13:04:00,1364.90,1365.00,1364.60,1364.60,477
2026-09-30 13:05:00,1364.60,1364.60,1364.20,1364.60,185
2026-09-30 13:06:00,1364.70,1365.00,1364.20,1364.80,2343
2026-09-30 13:07:00,1364.80,1364.80,1364.70,1364.80,197
2026-09-30 13:08:00,1364.80,1364.80,1364.00,1364.40,212
2026-09-30 13:09:00,1364.40,1364.40,1364.30,1364.40,261
2026-09-30 13:10:00,1364.30,1364.40,1364.10,1364.30,124
2026-09-30 13:11:00,1364.40,1364.40,1364.30,1364.40,251
2026-09-30 13:12:00,1364.10,1364.20,1363.70,1363.90,540
2026-09-30 13:13:00,1363.90,1363.90,1363.60,1363.80,241
2026-09-30 13:14:00,1363.70,1364.20,1363.70,1364.20,335
2026-09-30 13:15:00,1364.20,1364.30,1363.80,1364.20,749
2026-09-30 13:16:00,1364.30,1364.30,1363.70,1364.10,600
2026-09-30 13:17:00,1364.10,1364.30,1364.00,1364.30,228
2026-09-30 13:18:00,1364.60,1364.60,1360.30,1361.40,3387
2026-09-30 13:19:00,1361.40,1361.90,1360.90,1361.70,1086
2026-09-30 13:20:00,1361.30,1362.50,1361.30,1362.40,140
2026-09-30 13:21:00,1362.50,1363.20,1361.20,1361.80,1467
2026-09-30 13:22:00,1361.80,1362.20,1360.90,1361.70,804
2026-09-30 13:23:00,1361.70,1361.70,1361.60,1361.70,128
2026-09-30 13:24:00,1361.70,1361.80,1360.80,1361.80,1216
2026-09-30 13:25:00,1361.80,1362.30,1361.20,1361.20,952
2026-09-30 13:26:00,1361.40,1362.20,1361.20,1361.70,1310
2026-09-30 13:27:00,1362.20,1362.60,1361.80,1362.00,197
2026-09-30 13:28:00,1362.00,1362.40,1361.10,1361.80,1153
2026-09-30 13:29:00,1362.30,1362.60,1361.70,1362.30,198
2026-09-30 13:30:00,1362.30,1363.40,1361.70,1363.30,1057
2026-09-30 13:31:00,1363.30,1363.50,1362.80,1363.30,217
2026-09-30 13:32:00,1363.30,1363.50,1363.00,1363.30,260
2026-09-30 13:33:00,1363.30,1363.30,1363.00,1363.20,289
2026-09-30 13:34:00,1363.20,1363.40,1361.90,1363.00,915
2026-09-30 13:35:00,1363.00,1363.00,1362.30,1362.70,466
2026-09-30 13:36:00,1362.50,1362.70,1361.90,1362.50,364
2026-09-30 13:37:00,1362.60,1362.60,1361.90,1362.20,634
2026-09-30 13:38:00,1362.40,1362.60,1362.00,1362.40,811
2026-09-30 13:39:00,1362.40,1362.50,1361.40,1361.80,412
2026-09-30 13:40:00,1361.80,1362.20,1361.70,1361.70,390
2026-09-30 13:41:00,1362.00,1362.00,1360.90,1361.20,892
2026-09-30 13:42:00,1360.60,1361.50,1360.60,1361.20,353
2026-09-30 13:43:00,1361.60,1361.70,1361.10,1361.10,311
2026-09-30 13:44:00,1361.10,1361.10,1360.40,1360.50,895
2026-09-30 13:45:00,1360.40,1360.40,1359.10,1359.20,3145
2026-09-30 13:46:00,1359.90,1359.90,1359.20,1359.40,863
2026-09-30 13:47:00,1359.40,1359.40,1359.00,1359.30,489
2026-09-30 13:48:00,1359.50,1360.10,1359.20,1359.20,1296
2026-09-30 13:49:00,1359.30,1359.50,1359.00,1359.10,411
2026-09-30 13:50:00,1359.00,1359.50,1358.80,1359.40,924
2026-09-30 13:51:00,1359.50,1360.60,1359.40,1360.00,742
2026-09-30 13:52:00,1360.20,1360.20,1359.30,1359.60,1267
2026-09-30 13:53:00,1359.80,1359.80,1358.80,1358.80,2388
2026-09-30 13:54:00,1359.00,1359.80,1358.80,1359.70,662
2026-09-30 13:55:00,1359.70,1360.50,1359.30,1360.10,1349
2026-09-30 13:56:00,1360.10,1360.80,1360.00,1360.30,994
2026-09-30 13:57:00,1360.30,1360.40,1359.90,1360.10,841
2026-09-30 13:58:00,1360.40,1361.50,1360.40,1360.90,1292
2026-09-30 13:59:00,1360.90,1361.40,1360.60,1361.20,936
2026-09-30 14:00:00,1360.60,1361.40,1360.00,1360.10,1350
2026-09-30 14:01:00,1360.00,1360.60,1359.70,1360.10,554
2026-09-30 14:02:00,1360.10,1361.20,1360.10,1360.30,653
2026-09-30 14:03:00,1360.40,1361.00,1360.20,1360.50,452
2026-09-30 14:04:00,1360.50,1361.00,1360.30,1360.70,818
2026-09-30 14:05:00,1360.90,1361.10,1360.60,1360.70,1254
2026-09-30 14:06:00,1360.60,1360.70,1360.30,1360.30,426
2026-09-30 14:07:00,1360.30,1361.00,1359.80,1360.70,904
2026-09-30 14:08:00,1360.70,1360.70,1359.70,1359.90,729
2026-09-30 14:09:00,1359.90,1360.00,1359.60,1359.60,393
2026-09-30 14:10:00,1359.60,1360.50,1359.60,1360.30,525
2026-09-30 14:11:00,1360.30,1360.50,1359.60,1360.00,697
2026-09-30 14:12:00,1360.00,1360.50,1359.70,1359.70,670
2026-09-30 14:13:00,1359.40,1360.20,1359.20,1359.50,632
2026-09-30 14:14:00,1359.50,1360.70,1359.50,1360.00,735
2026-09-30 14:15:00,1360.00,1360.00,1358.00,1358.40,2900
2026-09-30 14:16:00,1358.40,1358.70,1358.00,1358.30,1337
2026-09-30 14:17:00,1358.10,1358.90,1358.10,1358.30,697
2026-09-30 14:18:00,1358.20,1358.60,1358.10,1358.20,368
2026-09-30 14:19:00,1358.10,1358.60,1357.30,1358.60,2684
2026-09-30 14:20:00,1358.10,1359.00,1357.60,1358.70,883
2026-09-30 14:21:00,1358.50,1358.50,1357.60,1358.10,632
2026-09-30 14:22:00,1358.00,1358.40,1357.80,1357.80,1798
2026-09-30 14:23:00,1357.80,1357.90,1356.10,1356.10,2219
2026-09-30 14:24:00,1356.20,1356.80,1356.00,1356.10,1092
2026-09-30 14:25:00,1356.00,1356.40,1355.50,1355.70,752
2026-09-30 14:26:00,1355.70,1355.80,1355.20,1355.40,641
2026-09-30 14:27:00,1355.40,1355.60,1355.10,1355.30,924
2026-09-30 14:28:00,1355.00,1355.50,1354.50,1354.80,2059
2026-09-30 14:29:00,1355.10,1355.30,1354.20,1354.20,1010
2026-09-30 14:30:00,1354.40,1354.90,1353.70,1353.70,4167
2026-09-30 14:31:00,1353.70,1355.00,1353.60,1355.00,1046
2026-09-30 14:32:00,1355.00,1355.10,1353.60,1354.30,2458
2026-09-30 14:33:00,1354.20,1354.70,1353.70,1354.00,1463
2026-09-30 14:34:00,1354.20,1354.60,1353.60,1354.60,1003
2026-09-30 14:35:00,1354.60,1354.80,1353.90,1354.00,964
2026-09-30 14:36:00,1354.00,1354.20,1353.10,1353.80,1090
2026-09-30 14:37:00,1353.50,1353.80,1353.00,1353.20,766
2026-09-30 14:38:00,1353.10,1353.90,1353.00,1353.80,1033
2026-09-30 14:39:00,1353.80,1354.00,1353.10,1354.00,1354
2026-09-30 14:40:00,1354.00,1354.00,1353.40,1353.40,2584
2026-09-30 14:41:00,1353.40,1354.00,1353.40,1353.90,1577
2026-09-30 14:42:00,1353.70,1353.70,1353.00,1353.00,1331
2026-09-30 14:43:00,1353.00,1353.20,1352.20,1352.70,1675
2026-09-30 14:44:00,1352.50,1353.10,1352.00,1352.50,1521
2026-09-30 14:45:00,1352.50,1352.80,1352.20,1352.70,1857
2026-09-30 14:46:00,1352.70,1352.70,1351.00,1351.40,24476
2026-09-30 14:47:00,1351.70,1352.80,1351.60,1352.80,1773
2026-09-30 14:48:00,1352.50,1354.70,1352.50,1353.60,3336
2026-09-30 14:49:00,1353.60,1354.70,1353.40,1354.40,2375
2026-09-30 14:50:00,1354.00,1354.60,1353.30,1354.60,7017
2026-09-30 14:51:00,1354.60,1355.10,1353.40,1354.50,5651
2026-09-30 14:52:00,1354.40,1355.10,1354.10,1354.90,4375
2026-09-30 14:53:00,1355.00,1355.50,1354.50,1355.20,3320
2026-09-30 14:54:00,1355.20,1355.20,1354.90,1354.90,1976
2026-09-30 14:55:00,1354.90,1354.90,1354.20,1354.30,2614
2026-09-30 14:56:00,1354.20,1354.30,1354.10,1354.30,2076
2026-09-30 14:57:00,1354.20,1354.30,1354.20,1354.30,1762
2026-09-30 14:58:00,1354.30,1355.00,1354.30,1354.40,7567
2026-09-30 14:59:00,1354.40,1354.40,1352.90,1353.00,11120
2026-09-30 15:00:00,1353.00,1353.80,1352.00,1353.40,13026
2026-09-30 15:01:00,1353.30,1354.30,1353.10,1354.10,7479
2026-09-30 15:02:00,1354.10,1354.30,1354.00,1354.30,1763
2026-09-30 15:03:00,1354.30,1354.40,1353.30,1353.60,7769
2026-09-30 15:04:00,1353.20,1353.50,1353.10,1353.40,4291
2026-09-30 15:05:00,1353.40,1353.40,1352.60,1352.60,5803
2026-09-30 15:06:00,1352.60,1352.70,1352.60,1352.60,6525
2026-09-30 15:07:00,1352.60,1352.80,1352.60,1352.70,5889
2026-09-30 15:08:00,1352.90,1353.70,1352.40,1352.40,6754
2026-09-30 15:09:00,1352.30,1352.30,1351.70,1351.70,4453
2026-09-30 15:10:00,1351.70,1353.00,1351.30,1353.00,17394
2026-09-30 15:11:00,1353.00,1353.00,1352.80,1352.80,5304
2026-09-30 15:12:00,1352.70,1354.20,1352.20,1353.10,16174
2026-09-30 15:13:00,1353.10,1353.20,1351.90,1352.40,10232
2026-09-30 15:14:00,1352.40,1355.00,1349.90,1355.00,14157
2026-09-30 15:15:00,1355.00,1355.00,1355.00,1355.00,184
2026-09-30 15:16:00,1355.00,1355.00,1355.00,1355.00,0
2026-09-30 15:17:00,1355.00,1355.00,1355.00,1355.00,0
2026-09-30 15:18:00,1355.00,1355.00,1355.00,1355.00,0
2026-09-30 15:19:00,1355.00,1355.00,1355.00,1355.00,0
2026-09-30 15:20:00,1355.00,1355.00,1355.00,1355.00,0
2026-09-30 15:21:00,1355.00,1355.00,1355.00,1355.00,0
2026-09-30 15:22:00,1355.00,1355.00,1355.00,1355.00,0
2026-09-30 15:23:00,1355.00,1355.00,1355.00,1355.00,0
2026-09-30 15:24:00,1355.00,1355.00,1355.00,1355.00,0
2026-09-30 15:25:00,1355.00,1355.00,1355.00,1355.00,0
2026-09-30 15:26:00,1355.00,1355.00,1355.00,1355.00,0
2026-09-30 15:27:00,1355.00,1355.00,1355.00,1355.00,0
2026-09-30 15:28:00,1355.00,1355.00,1346.00,1346.00,124213
2026-09-30 15:29:00,1346.00,1346.00,1346.00,1346.00,0
2026-10-01 09:15:00,1349.10,1352.60,1347.90,1348.50,4782
2026-10-01 09:16:00,1348.50,1350.70,1347.20,1347.60,2916
2026-10-01 09:17:00,1347.50,1348.30,1344.60,1345.30,4886
2026-10-01 09:18:00,1345.30,1345.50,1342.30,1343.00,2659
2026-10-01 09:19:00,1343.00,1343.00,1338.60,1339.00,4684
2026-10-01 09:20:00,1340.00,1341.20,1338.90,1340.70,1489
2026-10-01 09:21:00,1340.70,1341.20,1339.70,1341.20,956
2026-10-01 09:22:00,1341.10,1341.20,1339.30,1339.80,991
2026-10-01 09:23:00,1340.20,1342.00,1339.40,1339.40,2801
2026-10-01 09:24:00,1339.40,1340.20,1339.40,1340.20,1688
2026-10-01 09:25:00,1339.80,1339.80,1337.00,1337.00,2950
2026-10-01 09:26:00,1337.00,1338.00,1336.60,1337.20,911
2026-10-01 09:27:00,1337.70,1338.00,1337.00,1338.00,1241
2026-10-01 09:28:00,1338.00,1338.70,1337.60,1338.20,1707
2026-10-01 09:29:00,1338.70,1339.80,1338.70,1339.60,992
2026-10-01 09:30:00,1339.70,1341.70,1339.60,1341.30,1979
2026-10-01 09:31:00,1340.90,1342.00,1340.60,1341.70,997
2026-10-01 09:32:00,1342.00,1342.40,1340.80,1341.60,1651
2026-10-01 09:33:00,1341.40,1342.40,1341.40,1342.20,476
2026-10-01 09:34:00,1342.20,1342.50,1341.20,1342.00,2257
2026-10-01 09:35:00,1342.20,1342.30,1341.60,1341.60,500
2026-10-01 09:36:00,1341.40,1342.50,1341.00,1342.00,2345
2026-10-01 09:37:00,1342.30,1342.30,1341.50,1342.00,585
2026-10-01 09:38:00,1342.50,1342.50,1342.00,1342.00,386
2026-10-01 09:39:00,1342.00,1343.60,1342.00,1342.90,341
2026-10-01 09:40:00,1343.00,1344.90,1343.00,1344.70,2189
2026-10-01 09:41:00,1344.70,1346.70,1344.50,1345.90,1597
2026-10-01 09:42:00,1345.90,1346.10,1345.80,1345.80,460
2026-10-01 09:43:00,1345.80,1345.80,1345.00,1345.80,589
2026-10-01 09:44:00,1345.80,1345.80,1344.30,1345.50,1371
2026-10-01 09:45:00,1345.40,1345.50,1344.90,1345.50,884
2026-10-01 09:46:00,1345.50,1346.40,1345.50,1346.30,1048
2026-10-01 09:47:00,1346.30,1346.30,1346.00,1346.30,503
2026-10-01 09:48:00,1346.30,1346.80,1346.30,1346.80,1328
2026-10-01 09:49:00,1346.80,1347.70,1346.70,1347.60,1483
2026-10-01 09:50:00,1347.20,1348.90,1346.50,1348.80,3015
2026-10-01 09:51:00,1348.80,1348.80,1347.80,1347.80,1987
2026-10-01 09:52:00,1348.10,1349.00,1348.10,1349.00,3099
2026-10-01 09:53:00,1349.00,1349.60,1349.00,1349.20,5071
2026-10-01 09:54:00,1349.20,1350.20,1349.00,1349.90,2793
2026-10-01 09:55:00,1349.50,1351.30,1349.50,1350.60,5410
2026-10-01 09:56:00,1350.60,1353.60,1350.30,1352.60,7846
2026-10-01 09:57:00,1352.60,1353.40,1352.00,1352.80,7007
2026-10-01 09:58:00,1352.70,1353.00,1352.30,1353.00,1395
2026-10-01 09:59:00,1353.00,1353.60,1352.50,1353.60,1122
2026-10-01 10:00:00,1353.00,1353.60,1352.80,1353.40,1327
2026-10-01 10:01:00,1353.40,1355.50,1353.40,1354.80,6698
2026-10-01 10:02:00,1355.00,1355.20,1353.50,1354.00,5021
2026-10-01 10:03:00,1354.00,1356.60,1354.00,1356.50,2426
2026-10-01 10:04:00,1356.50,1356.50,1354.80,1356.40,8340
2026-10-01 10:05:00,1356.00,1356.20,1354.00,1355.00,11372
2026-10-01 10:06:00,1355.80,1356.40,1355.40,1355.90,1649
2026-10-01 10:07:00,1355.90,1356.90,1355.50,1356.90,1899
2026-10-01 10:08:00,1356.60,1357.20,1356.00,1356.00,9642
2026-10-01 10:09:00,1356.00,1357.30,1356.00,1357.00,2221
2026-10-01 10:10:00,1356.60,1357.90,1355.70,1357.80,14536
2026-10-01 10:11:00,1357.90,1358.90,1357.80,1358.40,5625
2026-10-01 10:12:00,1358.40,1358.40,1356.50,1357.70,5978
2026-10-01 10:13:00,1357.70,1359.40,1357.60,1358.10,10245
2026-10-01 10:14:00,1358.30,1358.30,1356.10,1357.50,10129
2026-10-01 10:15:00,1357.50,1358.50,1357.10,1358.10,5656
2026-10-01 10:16:00,1357.60,1357.90,1355.10,1356.60,4830
2026-10-01 10:17:00,1356.80,1356.80,1355.30,1356.30,3396
2026-10-01 10:18:00,1357.00,1357.20,1353.10,1353.10,6395
2026-10-01 10:19:00,1353.30,1354.00,1352.20,1353.80,5763
2026-10-01 10:20:00,1353.30,1353.70,1352.30,1352.80,833
2026-10-01 10:21:00,1352.90,1353.40,1352.50,1353.40,1524
2026-10-01 10:22:00,1352.60,1353.60,1351.80,1352.80,2383
2026-10-01 10:23:00,1352.10,1352.80,1351.80,1351.80,1146
2026-10-01 10:24:00,1352.40,1352.90,1351.30,1352.60,1516
2026-10-01 10:25:00,1352.90,1353.10,1351.90,1352.10,784
2026-10-01 10:26:00,1352.10,1352.10,1350.50,1351.30,1990
2026-10-01 10:27:00,1351.20,1351.30,1350.50,1350.80,2263
2026-10-01 10:28:00,1350.80,1351.00,1350.50,1350.70,676
2026-10-01 10:29:00,1351.90,1352.40,1351.40,1352.00,2779
2026-10-01 10:30:00,1351.90,1352.20,1351.50,1352.00,857
2026-10-01 10:31:00,1352.00,1353.00,1352.00,1352.90,2258
2026-10-01 10:32:00,1352.90,1352.90,1352.00,1352.50,916
2026-10-01 10:33:00,1353.00,1353.40,1352.30,1353.00,590
2026-10-01 10:34:00,1352.30,1353.10,1352.30,1352.70,854
2026-10-01 10:35:00,1352.70,1353.00,1352.00,1352.20,731
2026-10-01 10:36:00,1352.80,1353.00,1352.00,1352.60,1447
2026-10-01 10:37:00,1352.50,1352.50,1351.20,1352.30,1468
2026-10-01 10:38:00,1352.30,1352.70,1351.90,1352.60,1031
2026-10-01 10:39:00,1352.60,1352.90,1351.40,1351.50,1612
2026-10-01 10:40:00,1351.80,1352.00,1351.00,1351.50,852
2026-10-01 10:41:00,1351.50,1351.70,1350.60,1351.40,922
2026-10-01 10:42:00,1351.40,1351.80,1351.00,1351.40,746
2026-10-01 10:43:00,1351.40,1351.50,1349.90,1351.20,3604
2026-10-01 10:44:00,1351.20,1351.80,1350.50,1351.80,1141
2026-10-01 10:45:00,1352.00,1352.00,1350.20,1350.70,1211
2026-10-01 10:46:00,1350.70,1351.00,1347.80,1348.80,2788
2026-10-01 10:47:00,1348.80,1349.10,1348.00,1348.00,1165
2026-10-01 10:48:00,1348.80,1348.90,1347.60,1348.40,1975
2026-10-01 10:49:00,1348.30,1348.60,1346.40,1347.10,1835
2026-10-01 10:50:00,1347.10,1347.60,1346.50,1347.20,2384
2026-10-01 10:51:00,1347.00,1347.00,1345.60,1346.90,2130
2026-10-01 10:52:00,1346.90,1347.40,1346.00,1346.50,1689
2026-10-01 10:53:00,1346.50,1346.80,1345.60,1346.70,1645
2026-10-01 10:54:00,1346.80,1346.90,1345.90,1346.40,1499
2026-10-01 10:55:00,1346.40,1346.70,1345.80,1346.50,1671
2026-10-01 10:56:00,1346.50,1346.90,1346.10,1346.20,1445
2026-10-01 10:57:00,1346.20,1346.90,1346.00,1346.80,1660
2026-10-01 10:58:00,1347.10,1347.20,1346.30,1346.30,2226
2026-10-01 10:59:00,1346.30,1347.40,1345.90,1346.50,4226
2026-10-01 11:00:00,1346.50,1346.50,1345.50,1346.20,961
2026-10-01 11:01:00,1346.20,1346.20,1344.80,1345.10,1653
2026-10-01 11:02:00,1345.10,1345.10,1342.70,1343.50,4787
2026-10-01 11:03:00,1343.50,1343.50,1342.30,1342.90,1136
2026-10-01 11:04:00,1342.90,1342.90,1342.00,1342.30,1145
2026-10-01 11:05:00,1342.30,1342.40,1341.70,1342.30,1444
2026-10-01 11:06:00,1342.30,1343.60,1342.00,1342.90,1619
2026-10-01 11:07:00,1342.90,1343.10,1342.00,1342.50,5490
2026-10-01 11:08:00,1341.80,1342.30,1341.10,1341.50,1056
2026-10-01 11:09:00,1341.50,1342.10,1341.20,1341.80,1194
2026-10-01 11:10:00,1341.40,1342.00,1341.20,1341.20,991
2026-10-01 11:11:00,1341.20,1342.60,1341.10,1342.40,1348
2026-10-01 11:12:00,1342.80,1342.80,1342.00,1342.40,1269
2026-10-01 11:13:00,1342.40,1342.40,1341.60,1341.60,793
2026-10-01 11:14:00,1341.90,1342.50,1341.50,1342.40,1655
2026-10-01 11:15:00,1342.40,1343.50,1342.30,1343.50,2067
2026-10-01 11:16:00,1343.50,1343.50,1342.90,1343.40,1070
2026-10-01 11:17:00,1343.40,1344.20,1343.20,1343.50,1406
2026-10-01 11:18:00,1344.10,1345.50,1344.10,1345.40,2998
2026-10-01 11:19:00,1345.80,1345.80,1344.00,1344.80,1574
2026-10-01 11:20:00,1344.80,1345.10,1343.70,1344.50,1545
2026-10-01 11:21:00,1344.20,1346.10,1343.50,1344.80,3361
2026-10-01 11:22:00,1344.10,1344.90,1342.50,1343.40,1669
2026-10-01 11:23:00,1342.70,1343.40,1342.10,1342.30,1557
2026-10-01 11:24:00,1342.20,1342.50,1341.70,1342.10,875
2026-10-01 11:25:00,1342.10,1342.40,1341.20,1342.00,1280
2026-10-01 11:26:00,1342.10,1342.80,1341.40,1342.50,1417
2026-10-01 11:27:00,1342.50,1342.50,1341.60,1342.10,956
2026-10-01 11:28:00,1342.10,1342.30,1341.60,1342.20,1101
2026-10-01 11:29:00,1342.20,1342.20,1341.00,1341.50,1442
2026-10-01 11:30:00,1341.50,1341.50,1340.60,1340.60,920
2026-10-01 11:31:00,1340.60,1341.50,1340.60,1341.00,1363
2026-10-01 11:32:00,1341.40,1341.40,1340.40,1341.20,1474
2026-10-01 11:33:00,1341.20,1341.40,1340.80,1341.40,1092
2026-10-01 11:34:00,1341.40,1341.40,1340.80,1340.90,988
2026-10-01 11:35:00,1341.40,1341.40,1340.40,1341.10,1030
2026-10-01 11:36:00,1340.60,1341.10,1338.90,1338.90,2883
2026-10-01 11:37:00,1339.00,1340.40,1338.10,1339.30,2628
2026-10-01 11:38:00,1340.00,1340.00,1339.00,1339.30,1487
2026-10-01 11:39:00,1339.30,1339.40,1339.00,1339.10,1042
2026-10-01 11:40:00,1339.60,1339.60,1338.70,1339.00,783
2026-10-01 11:41:00,1339.50,1340.90,1339.30,1340.90,1331
2026-10-01 11:42:00,1340.70,1341.40,1340.70,1341.30,1984
2026-10-01 11:43:00,1341.30,1341.30,1340.40,1341.00,2836
2026-10-01 11:44:00,1341.00,1341.40,1340.50,1340.70,1107
2026-10-01 11:45:00,1340.60,1341.00,1340.30,1340.70,786
2026-10-01 11:46:00,1340.80,1341.00,1340.20,1340.20,1031
2026-10-01 11:47:00,1340.80,1341.60,1340.50,1341.30,1002
2026-10-01 11:48:00,1341.10,1341.10,1340.30,1340.80,898
2026-10-01 11:49:00,1340.80,1340.80,1340.10,1340.60,797
2026-10-01 11:50:00,1340.70,1340.70,1339.50,1340.10,834
2026-10-01 11:51:00,1340.10,1341.00,1339.90,1340.20,1113
2026-10-01 11:52:00,1340.00,1340.20,1340.00,1340.20,617
2026-10-01 11:53:00,1340.20,1340.80,1340.00,1340.60,764
2026-10-01 11:54:00,1340.60,1340.60,1339.60,1340.30,664
2026-10-01 11:55:00,1340.30,1341.00,1339.00,1339.30,3445
2026-10-01 11:56:00,1339.30,1340.00,1339.00,1339.70,1376
2026-10-01 11:57:00,1339.70,1339.80,1338.70,1338.80,838
2026-10-01 11:58:00,1339.30,1339.30,1338.20,1338.30,544
2026-10-01 11:59:00,1338.10,1339.40,1338.10,1338.60,760
2026-10-01 12:00:00,1338.60,1339.00,1338.40,1338.50,1046
2026-10-01 12:01:00,1338.50,1339.00,1338.50,1338.60,773
2026-10-01 12:02:00,1338.90,1341.00,1338.40,1340.60,3943
2026-10-01 12:03:00,1340.60,1341.00,1339.40,1340.10,1133
2026-10-01 12:04:00,1339.50,1339.50,1338.50,1339.00,453
2026-10-01 12:05:00,1339.00,1340.20,1338.60,1338.80,2248
2026-10-01 12:06:00,1338.80,1339.00,1338.30,1338.40,409
2026-10-01 12:07:00,1338.30,1338.40,1337.60,1337.60,1840
2026-10-01 12:08:00,1337.90,1338.30,1337.80,1338.30,428
2026-10-01 12:09:00,1338.30,1338.30,1337.90,1338.20,833
2026-10-01 12:10:00,1338.00,1341.70,1337.90,1340.30,23915
2026-10-01 12:11:00,1340.30,1344.80,1339.90,1344.00,7405
2026-10-01 12:12:00,1344.00,1344.40,1343.00,1343.10,2450
2026-10-01 12:13:00,1343.00,1345.70,1342.70,1345.10,4907
2026-10-01 12:14:00,1345.10,1345.10,1343.30,1345.00,3870
2026-10-01 12:15:00,1344.90,1345.10,1344.40,1345.10,1840
2026-10-01 12:16:00,1346.00,1346.00,1345.00,1346.00,2423
2026-10-01 12:17:00,1346.00,1346.60,1345.10,1346.60,6116
2026-10-01 12:18:00,1346.70,1346.70,1345.00,1345.60,2295
2026-10-01 12:19:00,1345.50,1346.20,1344.40,1345.50,6005
2026-10-01 12:20:00,1344.30,1345.80,1344.30,1345.80,4906
2026-10-01 12:21:00,1345.80,1346.40,1345.20,1345.70,1462
2026-10-01 12:22:00,1345.10,1346.40,1345.00,1345.60,1727
2026-10-01 12:23:00,1345.70,1345.80,1343.50,1344.80,5630
2026-10-01 12:24:00,1344.80,1346.00,1344.60,1345.40,1265
2026-10-01 12:25:00,1345.40,1345.40,1345.00,1345.30,718
2026-10-01 12:26:00,1345.40,1345.40,1344.80,1345.40,1378
2026-10-01 12:27:00,1345.40,1345.50,1345.00,1345.50,722
2026-10-01 12:28:00,1345.50,1345.50,1343.40,1344.20,1580
2026-10-01 12:29:00,1344.50,1345.50,1343.70,1345.50,4422
2026-10-01 12:30:00,1345.50,1345.50,1341.70,1343.90,4470
2026-10-01 12:31:00,1343.90,1344.50,1342.90,1344.20,1654
2026-10-01 12:32:00,1344.50,1344.50,1343.50,1343.90,892
2026-10-01 12:33:00,1343.90,1344.50,1343.90,1344.10,1058
2026-10-01 12:34:00,1344.10,1345.20,1343.80,1344.80,2544
2026-10-01 12:35:00,1344.80,1345.50,1344.40,1345.00,1706
2026-10-01 12:36:00,1345.20,1345.60,1345.00,1345.60,1264
2026-10-01 12:37:00,1345.60,1346.00,1345.00,1345.20,1258
2026-10-01 12:38:00,1345.20,1345.40,1345.00,1345.20,617
2026-10-01 12:39:00,1345.00,1345.40,1344.80,1345.00,878
2026-10-01 12:40:00,1345.40,1345.70,1344.80,1344.90,2292
2026-10-01 12:41:00,1345.30,1345.30,1342.90,1343.90,1428
2026-10-01 12:42:00,1343.90,1343.90,1343.30,1343.40,787
2026-10-01 12:43:00,1343.30,1343.80,1342.20,1342.70,1177
2026-10-01 12:44:00,1342.70,1342.70,1341.50,1341.60,1905
2026-10-01 12:45:00,1342.00,1342.00,1340.70,1340.70,863
2026-10-01 12:46:00,1340.20,1340.70,1339.70,1340.30,1494
2026-10-01 12:47:00,1339.60,1340.30,1338.50,1338.90,2267
2026-10-01 12:48:00,1338.90,1340.00,1338.40,1339.90,1521
2026-10-01 12:49:00,1339.90,1340.50,1339.40,1340.00,4522
2026-10-01 12:50:00,1339.90,1340.10,1339.40,1339.80,1341
2026-10-01 12:51:00,1340.30,1340.30,1339.40,1339.90,1326
2026-10-01 12:52:00,1339.90,1339.90,1339.50,1339.80,1275
2026-10-01 12:53:00,1339.80,1340.60,1339.50,1340.40,1026
2026-10-01 12:54:00,1340.30,1340.30,1339.40,1339.40,940
2026-10-01 12:55:00,1339.70,1340.00,1339.30,1339.50,1278
2026-10-01 12:56:00,1339.70,1339.90,1339.30,1339.60,1486
2026-10-01 12:57:00,1339.50,1340.00,1339.20,1339.90,1985
2026-10-01 12:58:00,1339.90,1339.90,1338.50,1338.50,2141
2026-10-01 12:59:00,1339.10,1340.10,1335.90,1337.60,42193
2026-10-01 13:00:00,1337.60,1338.30,1337.60,1338.30,2590
2026-10-01 13:01:00,1338.30,1339.00,1338.20,1338.80,1170
2026-10-01 13:02:00,1338.80,1339.50,1338.80,1339.30,1382
2026-10-01 13:03:00,1339.30,1339.80,1338.90,1339.80,1369
2026-10-01 13:04:00,1339.80,1339.80,1338.30,1339.00,1342
2026-10-01 13:05:00,1339.00,1339.20,1338.50,1338.50,822
2026-10-01 13:06:00,1339.20,1339.20,1338.50,1338.90,1065
2026-10-01 13:07:00,1338.50,1339.70,1338.30,1339.70,1538
2026-10-01 13:08:00,1339.70,1340.30,1339.50,1340.20,1182
2026-10-01 13:09:00,1340.00,1340.00,1339.50,1339.50,1129
2026-10-01 13:10:00,1339.50,1340.00,1339.00,1339.20,987
2026-10-01 13:11:00,1339.20,1339.80,1339.10,1339.70,1951
2026-10-01 13:12:00,1339.70,1340.20,1339.70,1340.10,1525
2026-10-01 13:13:00,1340.10,1340.10,1339.50,1339.50,789
2026-10-01 13:14:00,1339.50,1340.20,1339.20,1340.00,1309
2026-10-01 13:15:00,1339.80,1339.80,1338.90,1339.40,1611
2026-10-01 13:16:00,1339.40,1339.40,1338.90,1338.90,1209
2026-10-01 13:17:00,1339.30,1340.40,1339.30,1340.40,2932
2026-10-01 13:18:00,1340.50,1342.50,1339.80,1341.50,6393
2026-10-01 13:19:00,1341.50,1341.80,1340.80,1341.00,1565
2026-10-01 13:20:00,1340.80,1341.40,1340.80,1341.40,1485
2026-10-01 13:21:00,1341.40,1342.50,1341.20,1342.40,2074
2026-10-01 13:22:00,1341.50,1341.60,1340.20,1340.20,2701
2026-10-01 13:23:00,1340.00,1340.60,1340.00,1340.40,1797
2026-10-01 13:24:00,1340.40,1340.70,1339.70,1340.10,1217
2026-10-01 13:25:00,1340.20,1342.60,1339.00,1342.20,23868
2026-10-01 13:26:00,1342.20,1343.00,1341.30,1342.40,2060
2026-10-01 13:27:00,1342.40,1343.30,1341.70,1343.30,2936
2026-10-01 13:28:00,1343.30,1343.30,1342.30,1342.60,1639
2026-10-01 13:29:00,1343.00,1343.80,1342.60,1343.40,2011
2026-10-01 13:30:00,1343.40,1343.50,1342.00,1342.40,2534
2026-10-01 13:31:00,1342.50,1343.80,1342.10,1342.70,3463
2026-10-01 13:32:00,1342.70,1343.40,1342.00,1342.00,1240
2026-10-01 13:33:00,1342.50,1345.00,1342.20,1344.80,2794
2026-10-01 13:34:00,1344.70,1345.00,1344.10,1344.60,2627
2026-10-01 13:35:00,1344.90,1345.60,1344.20,1344.20,4094
2026-10-01 13:36:00,1344.70,1344.80,1343.40,1343.40,1780
2026-10-01 13:37:00,1343.70,1343.80,1343.00,1343.40,1401
2026-10-01 13:38:00,1343.80,1344.00,1343.00,1343.10,1693
2026-10-01 13:39:00,1343.20,1343.50,1342.50,1342.90,1961
2026-10-01 13:40:00,1343.00,1343.50,1342.50,1342.60,1473
2026-10-01 13:41:00,1342.90,1343.00,1341.80,1341.80,2463
2026-10-01 13:42:00,1342.20,1342.20,1339.30,1339.50,4831
2026-10-01 13:43:00,1340.20,1340.20,1338.30,1338.30,2637
2026-10-01 13:44:00,1339.00,1339.60,1338.80,1339.50,3541
2026-10-01 13:45:00,1339.40,1339.40,1337.20,1337.90,2194
2026-10-01 13:46:00,1337.80,1338.90,1337.30,1338.30,2872
2026-10-01 13:47:00,1338.70,1338.70,1337.80,1338.30,1046
2026-10-01 13:48:00,1337.90,1338.80,1337.80,1338.30,943
2026-10-01 13:49:00,1338.70,1338.70,1337.50,1338.20,1124
2026-10-01 13:50:00,1337.50,1338.30,1337.00,1338.20,1850
2026-10-01 13:51:00,1338.20,1338.70,1338.00,1338.50,1772
2026-10-01 13:52:00,1338.40,1338.40,1338.00,1338.30,799
2026-10-01 13:53:00,1338.70,1339.50,1338.30,1339.00,2535
2026-10-01 13:54:00,1339.00,1339.70,1337.80,1338.70,1938
2026-10-01 13:55:00,1338.90,1339.00,1337.90,1338.30,873
2026-10-01 13:56:00,1338.30,1338.70,1337.90,1338.30,1173
2026-10-01 13:57:00,1338.60,1339.00,1338.20,1338.30,801
2026-10-01 13:58:00,1338.30,1338.40,1337.60,1338.30,2140
2026-10-01 13:59:00,1338.50,1338.50,1338.00,1338.30,2289
2026-10-01 14:00:00,1338.30,1338.60,1336.70,1337.00,3376
2026-10-01 14:01:00,1337.50,1337.60,1336.20,1336.90,3396
2026-10-01 14:02:00,1336.90,1336.90,1333.40,1334.50,6667
2026-10-01 14:03:00,1334.70,1335.60,1334.30,1335.60,7321
2026-10-01 14:04:00,1335.60,1336.20,1335.20,1335.20,1400
2026-10-01 14:05:00,1334.70,1337.00,1334.70,1336.90,1680
2026-10-01 14:06:00,1336.90,1337.30,1336.30,1337.30,1436
2026-10-01 14:07:00,1337.40,1337.80,1336.50,1337.60,2035
2026-10-01 14:08:00,1337.60,1338.00,1336.80,1338.00,1302
2026-10-01 14:09:00,1338.00,1338.30,1337.90,1338.30,5261
2026-10-01 14:10:00,1338.80,1339.50,1338.00,1339.30,2188
2026-10-01 14:11:00,1338.70,1339.10,1338.30,1339.10,1558
2026-10-01 14:12:00,1338.70,1339.10,1337.50,1338.30,1471
2026-10-01 14:13:00,1338.30,1338.90,1337.90,1338.80,1719
2026-10-01 14:14:00,1338.80,1339.60,1338.50,1339.40,1500
2026-10-01 14:15:00,1339.10,1339.40,1338.00,1338.00,1135
2026-10-01 14:16:00,1338.20,1338.20,1337.60,1338.00,407
2026-10-01 14:17:00,1338.10,1338.10,1337.70,1338.10,391
2026-10-01 14:18:00,1338.10,1338.10,1337.90,1337.90,459
2026-10-01 14:19:00,1338.10,1340.90,1338.10,1340.30,4238
2026-10-01 14:20:00,1340.90,1340.90,1338.90,1339.10,2000
2026-10-01 14:21:00,1338.70,1339.10,1338.30,1338.70,1208
2026-10-01 14:22:00,1338.60,1339.20,1338.50,1338.50,1432
2026-10-01 14:23:00,1338.60,1339.10,1338.40,1338.80,1008
2026-10-01 14:24:00,1338.80,1339.40,1338.00,1338.60,997
2026-10-01 14:25:00,1338.60,1339.60,1338.50,1339.10,2357
2026-10-01 14:26:00,1339.10,1340.00,1338.40,1339.90,1459
2026-10-01 14:27:00,1340.50,1342.00,1340.20,1341.00,5348
2026-10-01 14:28:00,1340.80,1341.20,1339.70,1340.60,1869
2026-10-01 14:29:00,1340.60,1341.10,1340.10,1340.80,1730
2026-10-01 14:30:00,1340.80,1343.40,1340.60,1343.40,4605
2026-10-01 14:31:00,1343.00,1344.10,1342.90,1343.80,1688
2026-10-01 14:32:00,1343.50,1344.00,1342.90,1343.30,922
2026-10-01 14:33:00,1343.60,1345.20,1342.90,1345.20,2248
2026-10-01 14:34:00,1346.00,1347.10,1345.40,1345.90,4920
2026-10-01 14:35:00,1345.80,1346.80,1344.80,1346.30,1504
2026-10-01 14:36:00,1346.30,1346.40,1345.80,1345.90,1036
2026-10-01 14:37:00,1345.90,1346.10,1345.80,1346.10,1241
2026-10-01 14:38:00,1346.10,1346.70,1345.80,1345.80,1593
2026-10-01 14:39:00,1345.80,1346.40,1345.00,1345.00,876
2026-10-01 14:40:00,1345.40,1345.40,1344.90,1345.30,1008
2026-10-01 14:41:00,1345.60,1345.60,1345.20,1345.40,1085
2026-10-01 14:42:00,1345.40,1345.50,1344.60,1345.50,2513
2026-10-01 14:43:00,1345.50,1346.00,1345.30,1345.80,1221
2026-10-01 14:44:00,1345.50,1345.80,1344.30,1344.40,1431
2026-10-01 14:45:00,1344.70,1344.90,1344.10,1344.70,1738
2026-10-01 14:46:00,1344.20,1344.70,1343.90,1343.90,1134
2026-10-01 14:47:00,1344.30,1345.30,1344.30,1345.30,2329
2026-10-01 14:48:00,1344.90,1344.90,1344.10,1344.50,1336
2026-10-01 14:49:00,1344.50,1344.80,1343.80,1344.10,924
2026-10-01 14:50:00,1343.90,1344.90,1343.90,1344.90,1665
2026-10-01 14:51:00,1344.60,1344.90,1343.80,1344.50,1468
2026-10-01 14:52:00,1344.50,1344.50,1344.20,1344.30,1456
2026-10-01 14:53:00,1344.40,1345.80,1344.30,1345.70,2836
2026-10-01 14:54:00,1345.80,1346.10,1345.00,1345.20,1984
2026-10-01 14:55:00,1345.20,1345.60,1345.00,1345.00,1119
2026-10-01 14:56:00,1344.50,1345.40,1344.50,1345.30,1927
2026-10-01 14:57:00,1345.30,1345.30,1344.50,1345.10,1636
2026-10-01 14:58:00,1344.70,1345.10,1344.60,1344.60,1320
2026-10-01 14:59:00,1345.10,1345.40,1344.50,1345.00,2310
2026-10-01 15:00:00,1344.40,1345.60,1344.00,1345.50,4608
2026-10-01 15:01:00,1345.20,1345.90,1345.10,1345.80,3553
2026-10-01 15:02:00,1344.40,1345.90,1344.40,1345.90,2460
2026-10-01 15:03:00,1346.50,1346.50,1343.60,1343.60,9504
2026-10-01 15:04:00,1343.60,1344.30,1343.50,1344.30,2377
2026-10-01 15:05:00,1343.90,1345.00,1343.90,1344.50,4572
2026-10-01 15:06:00,1344.20,1346.60,1344.20,1345.50,4068
2026-10-01 15:07:00,1344.30,1344.30,1343.50,1343.50,3669
2026-10-01 15:08:00,1343.40,1343.50,1342.90,1343.40,3167
2026-10-01 15:09:00,1343.40,1344.00,1342.50,1344.00,3434
2026-10-01 15:10:00,1343.80,1344.90,1343.40,1344.90,5937
2026-10-01 15:11:00,1344.90,1346.80,1344.80,1346.80,3688
2026-10-01 15:12:00,1346.80,1347.60,1345.50,1346.80,20700
2026-10-01 15:13:00,1346.60,1346.80,1344.80,1344.80,3815
2026-10-01 15:14:00,1345.50,1346.00,1343.20,1343.20,3076
2026-10-01 15:15:00,1343.20,1343.20,1343.20,1343.20,23
2026-10-01 15:16:00,1343.20,1343.20,1343.20,1343.20,0
2026-10-01 15:17:00,1343.20,1343.20,1343.20,1343.20,0
2026-10-01 15:18:00,1343.20,1343.20,1343.20,1343.20,0
2026-10-01 15:19:00,1343.20,1343.20,1343.20,1343.20,0
2026-10-01 15:20:00,1343.20,1343.20,1343.20,1343.20,0
2026-10-01 15:21:00,1343.20,1343.20,1343.20,1343.20,0
2026-10-01 15:22:00,1343.20,1343.20,1343.20,1343.20,0
2026-10-01 15:23:00,1343.20,1343.20,1343.20,1343.20,0
2026-10-01 15:24:00,1343.20,1343.20,1343.20,1343.20,0
2026-10-01 15:25:00,1343.20,1343.20,1343.20,1343.20,0
2026-10-01 15:26:00,1343.20,1343.20,1343.20,1343.20,0
2026-10-01 15:27:00,1343.20,1343.20,1343.20,1343.20,0
2026-10-01 15:28:00,1343.20,1343.20,1343.20,1343.20,0
2026-10-01 15:29:00,1343.20,1344.00,1343.20,1344.00,20310
2026-10-05 10:04:00,1326.3,1326.3,1325.1,1325.5,125147
2026-10-05 10:05:00,1325.5,1325.5,1325.1,1325.4,125684
2026-10-05 10:06:00,1325.4,1326.2,1325.3,1325.9,126894
2026-10-05 10:07:00,1326,1329.2,1325.9,1329.1,136757
2026-10-05 10:08:00,1329.1,1329.8,1326.7,1326.8,140211
2026-10-05 10:09:00,1326.8,1327.3,1326.7,1327.3,140463
2026-10-05 10:10:00,1327.3,1327.4,1327.3,1327.3,140553
2026-10-05 10:11:00,1327.3,1327.4,1327.2,1327.4,140689
2026-10-05 10:12:00,1327.4,1327.4,1327.4,1327.4,140732
2026-10-05 10:14:00,1327.5,1327.9,1327.5,1327.5,141397
2026-10-05 10:15:00,1327,1327.2,1326.1,1326.5,142263
2026-10-05 10:16:00,1326.6,1327.4,1326.3,1327.1,143035
2026-10-05 10:17:00,1327.1,1327.9,1326.7,1327.6,143302
2026-10-05 10:18:00,1327.6,1328.6,1327.5,1328,144176
2026-10-05 10:19:00,1328,1328,1326.8,1327.1,144712
2026-10-05 10:20:00,1327,1327.4,1326.5,1326.5,145558
2026-10-05 10:21:00,1326.5,1326.5,1326,1326.4,145721
2026-10-05 10:22:00,1326,1326.4,1325,1325,147610
2026-10-05 10:23:00,1325.1,1325.6,1325.1,1325.6,148176
2026-10-05 10:24:00,1326.1,1326.1,1324.6,1324.6,149777
2026-10-05 10:25:00,1324.6,1324.6,1323.1,1323.5,150875
2026-10-05 10:26:00,1321.7,1322.3,1321.4,1321.4,156332
2026-10-05 10:27:00,1321.4,1323.1,1321.2,1323.1,158247
2026-10-05 10:28:00,1323.1,1324.8,1323.1,1324.8,160966
2026-10-05 10:29:00,1324.8,1324.8,1321.6,1322.4,163079
2026-10-05 10:30:00,1322.4,1323,1321.9,1322.4,164548
2026-10-05 10:31:00,1322.4,1322.9,1322,1322.9,165075
2026-10-05 10:32:00,1322.9,1324.2,1322.7,1324,166664
2026-10-05 10:33:00,1323,1323.9,1323,1323.3,167335
2026-10-05 10:34:00,1323.9,1325.1,1323.8,1324.9,168473
2026-10-05 10:38:00,1322.8,1322.9,1321.9,1322.2,175595
2026-10-05 10:39:00,1322.2,1322.4,1321.5,1322.1,176260
2026-10-05 10:40:00,1322.1,1322.8,1321.1,1322.4,179496
2026-10-05 10:41:00,1322.4,1323.6,1322.4,1323.6,180508
2026-10-05 10:42:00,1323.6,1324.3,1323.2,1323.7,181358
2026-10-05 10:43:00,1323.7,1324.6,1323.4,1324.2,182150
2026-10-05 10:44:00,1324.2,1324.7,1324.2,1324.7,182617
2026-10-05 10:45:00,1324.7,1324.7,1323,1323.4,184651
2026-10-05 10:46:00,1323.5,1323.6,1322.6,1323.4,185377
2026-10-05 10:47:00,1323,1324,1322.7,1324,186345
2026-10-05 10:48:00,1324,1324.9,1324,1324.4,187316
2026-10-05 10:49:00,1324.4,1324.7,1324.2,1324.7,187784
2026-10-05 10:50:00,1324.7,1324.7,1324,1324.4,188626
2026-10-05 10:51:00,1324.4,1324.7,1323.9,1324.7,188941
2026-10-05 10:52:00,1324.6,1325,1324.6,1324.8,189289
2026-10-05 10:53:00,1324.8,1325,1324.8,1325,189473
2026-10-05 10:58:00,1326.5,1326.7,1326.5,1326.7,195005
2026-10-05 10:59:00,1327,1327.9,1326.4,1327,197346
2026-10-05 11:00:00,1327.2,1328.5,1326.8,1328.4,199283
2026-10-05 11:01:00,1328.2,1328.6,1327.7,1328.4,200816
2026-10-05 11:02:00,1328.4,1328.4,1328.4,1328.4,200820
2026-10-05 11:06:00,1334.1,1334.3,1333.2,1334.1,234436
2026-10-05 11:07:00,1334,1335,1333.3,1334.8,240417
2026-10-05 11:08:00,1334.9,1334.9,1334.4,1334.8,241759
2026-10-05 11:09:00,1334.8,1335.6,1334.7,1335.2,245268
2026-10-05 11:10:00,1335.2,1335.6,1335,1335.4,246061
2026-10-05 11:11:00,1335.6,1335.6,1334,1334.5,249018
2026-10-05 11:12:00,1334.5,1334.8,1334.1,1334.8,249776
2026-10-05 11:13:00,1334.8,1335.6,1334.8,1335.5,252052
2026-10-05 11:14:00,1335.5,1335.5,1335,1335.5,252498
2026-10-05 11:15:00,1335.5,1335.5,1334.5,1334.7,254672
2026-10-05 11:16:00,1334.7,1334.8,1334.5,1334.7,255549
2026-10-05 11:17:00,1334.7,1334.7,1334.1,1334.5,256844
2026-10-05 11:18:00,1334.5,1335.5,1334.1,1335.1,260339
2026-10-05 11:19:00,1335.1,1335.4,1334,1334.1,263642
2026-10-05 11:20:00,1334.4,1335.4,1334.2,1335.3,266036
2026-10-05 11:21:00,1335.3,1335.5,1334.7,1335,269387
2026-10-05 11:22:00,1335,1335.1,1332.6,1333.3,272965
2026-10-05 11:23:00,1333.3,1333.6,1332.8,1333.5,274424
2026-10-05 11:24:00,1333.5,1334,1332.9,1333.8,276695
2026-10-05 11:25:00,1333.8,1333.8,1333,1333.7,278359
2026-10-05 11:40:00,1332.3,1332.6,1332.3,1332.6,343532
2026-10-05 11:41:00,1332.6,1332.9,1332,1332.4,347410
2026-10-05 11:42:00,1332.5,1333,1332.2,1332.5,348513
2026-10-05 11:43:00,1332.4,1332.4,1331.4,1332.1,350275
2026-10-05 11:44:00,1332.1,1333,1332.1,1332.7,351510
2026-10-05 11:45:00,1332.7,1333.1,1332.6,1333.1,352952
2026-10-05 11:46:00,1333.2,1333.2,1331.4,1332.5,358471
2026-10-05 11:47:00,1332.6,1333.4,1331.5,1331.5,363518
2026-10-05 11:48:00,1331.9,1331.9,1331.5,1331.9,367161
2026-10-05 11:49:00,1331.9,1332,1331.1,1332,368562
2026-10-05 11:50:00,1332,1332.1,1331.4,1332.1,371141
2026-10-05 11:51:00,1332.1,1332.5,1331.1,1332.1,375967
2026-10-05 11:52:00,1331.5,1332.6,1331.4,1332.6,378851
2026-10-05 11:53:00,1332.8,1333.1,1332.3,1332.3,381517
2026-10-05 11:54:00,1333.1,1333.1,1331.9,1332.8,384684
2026-10-05 12:07:00,1331.3,1332.9,1331.2,1332.9,438037
2026-10-05 12:08:00,1332.9,1333.5,1332.3,1333.5,442367
2026-10-05 12:09:00,1333.5,1333.6,1332.9,1333.5,444477
2026-10-05 12:10:00,1333.5,1333.5,1332.6,1333.2,446569
2026-10-05 12:11:00,1333.6,1333.7,1332.1,1332.8,455077
2026-10-05 12:12:00,1332.8,1333.7,1332,1332,456176
2026-10-05 12:13:00,1333.4,1333.5,1332,1333.5,459144
2026-10-05 12:14:00,1333.5,1333.7,1332.5,1333,460760
2026-10-05 12:15:00,1333,1333.1,1332.6,1333.1,463497
2026-10-05 12:16:00,1333.1,1333.1,1333.1,1333.1,464424
2026-10-05 12:20:00,1333.1,1333.1,1333,1333.1,494997
2026-10-05 12:21:00,1333.1,1333.4,1333,1333.2,496287
2026-10-05 12:22:00,1333.4,1333.6,1333,1333.3,498079
2026-10-05 12:23:00,1333.6,1334.1,1333.5,1334.1,498816
2026-10-05 12:24:00,1334.1,1334.1,1334,1334,498915
2026-10-05 12:29:00,1334.5,1335,1334,1334.5,519729
2026-10-05 12:30:00,1334.5,1334.5,1333.6,1333.8,521693
2026-10-05 12:31:00,1333.8,1333.9,1332.4,1333.5,524080
2026-10-05 12:39:00,1333.7,1334.1,1333.5,1333.9,532680
2026-10-05 12:40:00,1333.9,1334.1,1333.4,1334,534261
2026-10-05 12:41:00,1334,1334.4,1333.6,1334.4,534846
2026-10-05 12:42:00,1334.4,1334.4,1333.7,1334.4,536737
2026-10-05 12:43:00,1334.4,1335.1,1334.4,1335.1,539494
2026-10-05 12:44:00,1335.1,1335.2,1333.9,1334.7,540861
2026-10-05 12:45:00,1334.7,1334.7,1334.5,1334.7,541681
2026-10-05 12:46:00,1334.7,1335.3,1334.5,1335.3,542791
2026-10-05 12:47:00,1335.3,1335.3,1334.2,1335,544809
2026-10-05 12:48:00,1335.1,1335.5,1334.7,1334.7,545968
2026-10-05 12:49:00,1334.7,1335,1334.1,1334.6,547088
2026-10-05 12:50:00,1334.6,1334.6,1334.1,1334.1,547966
2026-10-05 12:51:00,1334.1,1334.1,1334,1334.1,548505
2026-10-05 12:59:00,1333.1,1333.2,1332.9,1333.2,568452
2026-10-05 13:00:00,1333.3,1333.5,1332.9,1333.3,569362
2026-10-05 13:01:00,1333.3,1334,1333,1334,574786
2026-10-05 13:12:00,1335.6,1336.1,1335.5,1335.6,610673
2026-10-05 13:13:00,1335.6,1335.9,1335.5,1335.9,611103
2026-10-05 13:14:00,1335.9,1335.9,1335.4,1335.7,612086
2026-10-05 13:15:00,1335.8,1335.9,1335.1,1335.5,612797
2026-10-05 13:16:00,1335.5,1335.7,1335,1335.1,613600
2026-10-05 13:17:00,1335.1,1335.8,1335,1335.6,614756
2026-10-05 13:18:00,1335.6,1335.8,1335.3,1335.8,615431
2026-10-05 13:19:00,1335.8,1336,1335.7,1335.7,615785
2026-10-05 13:20:00,1336.1,1336.3,1335.6,1335.8,616139
2026-10-05 13:22:00,1335.9,1336.2,1335.7,1336.2,617369
2026-10-05 13:23:00,1336.2,1336.4,1335.7,1336.1,617836
2026-10-05 13:24:00,1336.1,1336.1,1335.3,1335.3,618565
2026-10-05 13:25:00,1335.3,1335.7,1335.2,1335.6,619318
2026-10-05 13:26:00,1335.6,1335.6,1335,1335.1,620394
2026-10-05 13:27:00,1335.4,1335.6,1330.9,1331.7,626245
2026-10-05 13:28:00,1331.8,1332.6,1331.6,1332.2,627064
2026-10-05 13:29:00,1332.2,1332.6,1331.3,1331.5,628092
2026-10-05 13:30:00,1331.5,1331.7,1330.5,1331,634861
2026-10-05 13:31:00,1331,1331.5,1331,1331.5,635970
2026-10-05 13:47:00,1335.8,1336.9,1335.4,1336.8,668516
2026-10-05 13:48:00,1336.8,1336.9,1336.4,1336.7,669024
2026-10-05 13:49:00,1336.7,1336.9,1336.3,1336.3,671015
2026-10-05 13:50:00,1336.3,1336.8,1336,1336.5,672207
2026-10-05 13:51:00,1336.5,1336.8,1336,1336.6,672704
2026-10-05 15:13:00,1330,1330,1327.6,1327.7,1053198
2026-10-05 15:14:00,1327.7,1332,1325.8,1330.6,1057488
2026-10-05 15:15:00,1330.6,1331.3,1330.6,1331.3,1057489
2026-10-05 15:16:00,1331.3,1331.3,1331.3,1331.3,1057489
2026-10-05 15:17:00,1331.3,1331.3,1331.3,1331.3,1057489
2026-10-05 15:18:00,1331.3,1331.3,1331.3,1331.3,1057489
2026-10-05 15:19:00,1331.3,1331.3,1331.3,1331.3,1057489
2026-10-05 15:20:00,1331.3,1331.3,1331.3,1331.3,1057489
2026-10-05 15:27:00,1331.3,1331.3,1331.3,1331.3,1057489
2026-10-05 15:28:00,1331.3,1331.3,1331.3,1331.3,1057489
2026-10-05 15:29:00,1331.3,1331.3,1331.3,1331.3,1057489
2026-10-05 15:31:00,1335.5,1335.5,1335.5,1335.5,1084041
2026-10-05 15:32:00,1335.5,1335.5,1335.5,1335.5,1084041
2026-10-05 15:33:00,1335.5,1335.5,1335.5,1335.5,1084041
2026-10-05 15:34:00,1335.5,1335.5,1335.5,1335.5,1084041
2026-10-05 15:36:00,1335.5,1335.5,1335.5,1335.5,1084041
2026-10-05 15:37:00,1335.5,1335.5,1335.5,1335.5,1084041
2026-10-05 15:38:00,1335.5,1335.5,1335.5,1335.5,1084041
2026-10-05 15:39:00,1335.5,1335.5,1335.5,1335.5,1084041
2026-10-05 15:40:00,1335.5,1335.5,1335.5,1335.5,1084041
2026-10-05 15:41:00,1335.5,1335.5,1335.5,1335.5,1084041
2026-10-05 15:42:00,1335.5,1335.5,1335.5,1335.5,1084041
2026-10-05 15:43:00,1335.5,1335.5,1335.5,1335.5,1084041
2026-10-05 15:48:00,1335.5,1335.5,1335.5,1335.5,1084041
2026-10-05 15:49:00,1335.5,1335.5,1335.5,1335.5,1084041
2026-10-05 15:50:00,1335.5,1335.5,1335.5,1335.5,1084099
2026-10-05 15:51:00,1335.5,1335.5,1335.5,1335.5,1084099
2026-10-05 15:52:00,1335.5,1335.5,1335.5,1335.5,1084101
2026-10-05 15:53:00,1335.5,1335.5,1335.5,1335.5,1084101
2026-10-05 15:54:00,1335.5,1335.5,1335.5,1335.5,1084101
2026-10-05 15:55:00,1335.5,1335.5,1335.5,1335.5,1084102
2026-10-05 15:56:00,1335.5,1335.5,1335.5,1335.5,1084102
2026-10-05 15:57:00,1335.5,1335.5,1335.5,1335.5,1084152
2026-10-05 15:58:00,1335.5,1335.5,1335.5,1335.5,1084202
2026-10-05 15:59:00,1335.5,1335.5,1335.5,1335.5,1084209
2026-10-05 16:00:00,1335.5,1335.5,1335.5,1335.5,1084209
2026-10-05 16:01:00,1335.5,1335.5,1335.5,1335.5,1084209
2026-10-05 16:02:00,1335.5,1335.5,1335.5,1335.5,1084209
2026-10-05 16:03:00,1335.5,1335.5,1335.5,1335.5,1084209
2026-10-05 16:04:00,1335.5,1335.5,1335.5,1335.5,1084209
2026-10-05 16:05:00,1335.5,1335.5,1335.5,1335.5,1084209
2026-10-05 16:06:00,1335.5,1335.5,1335.5,1335.5,1084209
2026-10-05 16:07:00,1335.5,1335.5,1335.5,1335.5,1084209
2026-10-05 16:08:00,1335.5,1335.5,1335.5,1335.5,1084209
2026-10-05 16:09:00,1335.5,1335.5,1335.5,1335.5,1084209
2026-10-05 16:10:00,1335.5,1335.5,1335.5,1335.5,1084209
2026-10-05 16:11:00,1335.5,1335.5,1335.5,1335.5,1084209
2026-10-05 16:12:00,1335.5,1335.5,1335.5,1335.5,1084209
2026-10-05 16:13:00,1335.5,1335.5,1335.5,1335.5,1084209
2026-10-05 16:14:00,1335.5,1335.5,1335.5,1335.5,1084209
2026-10-05 16:15:00,1335.5,1335.5,1335.5,1335.5,1084209
2026-10-05 16:16:00,1335.5,1335.5,1335.5,1335.5,1084209
2026-10-05 16:17:00,1335.5,1335.5,1335.5,1335.5,1084209
2026-10-05 16:18:00,1335.5,1335.5,1335.5,1335.5,1084209
2026-10-05 16:19:00,1335.5,1335.5,1335.5,1335.5,1084209
2026-10-05 16:35:00,1335.5,1335.5,1335.5,1335.5,1084209
2026-10-05 16:36:00,1335.5,1335.5,1335.5,1335.5,1084209
2026-10-05 16:37:00,1335.5,1335.5,1335.5,1335.5,1084209
2026-10-05 16:38:00,1335.5,1335.5,1335.5,1335.5,1084209
2026-10-05 16:39:00,1335.5,1335.5,1335.5,1335.5,1084209
2026-10-05 16:40:00,1335.5,1335.5,1335.5,1335.5,1084209
2026-10-05 16:41:00,1335.5,1335.5,1335.5,1335.5,1084209
2026-10-05 16:42:00,1335.5,1335.5,1335.5,1335.5,1084209
2026-10-05 16:43:00,1335.5,1335.5,1335.5,1335.5,1084209
2026-10-05 16:44:00,1335.5,1335.5,1335.5,1335.5,1084209
2026-10-05 16:45:00,1335.5,1335.5,1335.5,1335.5,1084209
2026-10-05 16:46:00,1335.5,1335.5,1335.5,1335.5,1084209
2026-10-05 16:47:00,1335.5,1335.5,1335.5,1335.5,1084209
2026-10-05 16:48:00,1335.5,1335.5,1335.5,1335.5,1084209
2026-10-05 16:49:00,1335.5,1335.5,1335.5,1335.5,1084209
2026-10-05 16:50:00,1335.5,1335.5,1335.5,1335.5,1084209
2026-10-05 16:51:00,1335.5,1335.5,1335.5,1335.5,1084209
2026-10-05 16:52:00,1335.5,1335.5,1335.5,1335.5,1084209
2026-10-05 17:19:00,1335.5,1335.5,1335.5,1335.5,1084209
2026-10-05 17:20:00,1335.5,1335.5,1335.5,1335.5,1084209
2026-10-05 17:21:00,1335.5,1335.5,1335.5,1335.5,1084209
2026-10-05 17:22:00,1335.5,1335.5,1335.5,1335.5,1084209
2026-10-05 17:23:00,1335.5,1335.5,1335.5,1335.5,1084209
2026-10-05 17:24:00,1335.5,1335.5,1335.5,1335.5,1084209
2026-10-05 17:25:00,1335.5,1335.5,1335.5,1335.5,1084209
2026-10-05 17:26:00,1335.5,1335.5,1335.5,1335.5,1084209
2026-10-05 17:27:00,1335.5,1335.5,1335.5,1335.5,1084209
2026-10-05 17:28:00,1335.5,1335.5,1335.5,1335.5,1084209
2026-10-05 17:29:00,1335.5,1335.5,1335.5,1335.5,1084209
2026-10-05 17:30:00,1335.5,1335.5,1335.5,1335.5,1084209
2026-10-05 17:31:00,1335.5,1335.5,1335.5,1335.5,1084209
2026-10-05 17:32:00,1335.5,1335.5,1335.5,1335.5,1084209
2026-10-05 17:33:00,1335.5,1335.5,1335.5,1335.5,1084209
2026-10-05 17:34:00,1335.5,1335.5,1335.5,1335.5,1084209
2026-10-05 17:48:00,1335.5,1335.5,1335.5,1335.5,1084209
2026-10-05 17:49:00,1335.5,1335.5,1335.5,1335.5,1084209
2026-10-05 17:50:00,1335.5,1335.5,1335.5,1335.5,1084209
2026-10-05 17:51:00,1335.5,1335.5,1335.5,1335.5,1084209
2026-10-05 17:52:00,1335.5,1335.5,1335.5,1335.5,1084209
2026-10-06 09:05:00,1335.5,1335.5,1335.5,1335.5,6
2026-10-06 09:06:00,1335.5,1335.5,1335.5,1335.5,23
2026-10-06 09:07:00,1335.5,1335.5,1335.5,1335.5,22
2026-10-06 09:08:00,1335.5,1335.5,1335,1335,653
2026-10-06 09:09:00,1335,1335,1335,1335,653
2026-10-06 09:10:00,1335,1335,1335,1335,653
2026-10-06 09:11:00,1335,1335,1335,1335,653
2026-10-06 09:12:00,1335,1335,1335,1335,653
2026-10-06 09:13:00,1335,1335,1335,1335,653
2026-10-06 09:14:00,1335,1335.5,1335,1335.5,653
2026-10-06 09:15:00,1336.7,1336.7,1329.5,1329.5,4872
2026-10-06 09:16:00,1326.9,1327.2,1326.9,1327,7794
2026-10-06 09:17:00,1327,1328.7,1326.8,1327,10365
2026-10-06 09:18:00,1326.8,1328.2,1326.1,1326.5,12512
2026-10-06 09:19:00,1326.5,1326.7,1326.5,1326.5,12659
2026-10-06 09:21:00,1327.3,1327.5,1327.3,1327.5,13944
2026-10-06 09:22:00,1327.5,1328.1,1325,1325,17836
2026-10-06 09:23:00,1325.4,1325.4,1323.5,1324.5,19533
2026-10-06 09:24:00,1324.4,1324.9,1324.4,1324.9,19555
2026-10-06 09:29:00,1325,1325.4,1325,1325,29406
2026-10-06 09:30:00,1325,1325.7,1324.7,1325.4,30117
2026-10-06 09:31:00,1325.4,1325.6,1324.7,1325.2,30504
2026-10-06 09:32:00,1325.4,1325.4,1324.1,1324.8,36246
2026-10-06 09:55:00,1326.8,1327.8,1326.8,1327.5,62674
2026-10-06 09:56:00,1327.5,1329.2,1327.5,1328.2,64307
2026-10-06 09:57:00,1328.2,1330,1328,1329.9,65015
2026-10-06 09:58:00,1329.9,1330,1329,1329.2,67065
2026-10-06 09:59:00,1329.2,1329.2,1328.5,1328.5,67408
2026-10-06 10:00:00,1328.5,1329.8,1328.5,1329.5,68888
2026-10-06 10:01:00,1329.5,1329.5,1328.4,1328.7,69638
2026-10-06 10:02:00,1328.7,1328.8,1327.8,1327.8,71452
2026-10-06 10:03:00,1328.4,1328.4,1327,1327.4,72670
2026-10-06 10:04:00,1327.4,1327.9,1327.4,1327.9,72895
2026-10-06 10:05:00,1327.9,1327.9,1327.3,1327.8,73241
2026-10-06 10:06:00,1327.8,1327.9,1327.2,1327.3,73696
2026-10-06 10:07:00,1327.3,1328.3,1327.3,1327.4,74464
2026-10-06 10:08:00,1327.4,1327.9,1327.2,1327.2,75020
2026-10-06 10:09:00,1327.4,1327.5,1326.6,1327.1,75494
2026-10-06 10:10:00,1327.1,1327.1,1326,1326.7,76236
2026-10-06 10:11:00,1326.7,1326.9,1326.3,1326.9,76392
2026-10-06 10:17:00,1329.3,1329.7,1329,1329.3,84650
2026-10-06 10:18:00,1329.3,1329.5,1329,1329.3,84932
2026-10-06 10:19:00,1329.3,1329.3,1329.3,1329.3,85006
2026-10-06 10:25:00,1331.3,1331.5,1331,1331,88604
2026-10-06 10:26:00,1331,1331.4,1330.6,1331.2,89634
2026-10-06 10:27:00,1331.2,1332,1330.5,1331.5,92320
2026-10-06 10:28:00,1331.5,1331.5,1331,1331.3,92567
2026-10-06 10:29:00,1331.3,1331.4,1330.5,1330.9,93761
2026-10-06 10:30:00,1331,1332.5,1330.5,1331.7,99482
2026-10-06 10:31:00,1331.7,1333.4,1331.7,1332.6,100581
2026-10-06 10:32:00,1332.6,1332.6,1331.5,1331.6,100948
2026-10-06 10:33:00,1331.7,1332,1331.1,1331.5,101504
2026-10-06 10:34:00,1331.4,1331.4,1330.6,1331,101875
2026-10-06 10:35:00,1331,1331.8,1330.9,1331.7,102509
2026-10-06 10:36:00,1331.7,1331.7,1330.8,1330.8,102881
2026-10-06 10:37:00,1330.8,1331.1,1330.8,1331.1,103355
2026-10-06 10:38:00,1331,1331.1,1330.9,1331,104335
2026-10-06 10:39:00,1331.1,1331.3,1331.1,1331.3,104783
2026-10-06 10:40:00,1331.3,1331.4,1330.5,1330.6,105083
2026-10-06 10:41:00,1330.6,1331.2,1330.6,1331.2,105284
2026-10-06 10:42:00,1331.1,1331.7,1330.3,1331.7,106084
2026-10-06 10:43:00,1331.7,1331.9,1330.9,1331.9,106360
2026-10-06 10:44:00,1331.9,1332,1331.7,1331.7,106671
2026-10-06 10:45:00,1331.7,1332.2,1331.6,1331.8,106977
2026-10-06 10:46:00,1331.6,1331.9,1331.5,1331.5,107303
2026-10-06 10:47:00,1331.5,1331.8,1331.2,1331.8,107580
2026-10-06 10:48:00,1331.8,1333.1,1331.8,1332.9,108376
2026-10-06 10:49:00,1333.2,1333.2,1332.8,1333.1,109122
2026-10-06 10:50:00,1333.1,1333.2,1332.3,1332.3,109875
2026-10-06 10:51:00,1332.3,1332.6,1331.7,1332.3,110311
2026-10-06 10:52:00,1332.3,1332.4,1331.9,1332.2,110887
2026-10-06 10:53:00,1332.2,1332.2,1331.8,1332.2,111267
2026-10-06 10:54:00,1332.2,1333,1331,1332.5,113490
2026-10-06 10:55:00,1332.5,1333,1332.1,1333,114059
2026-10-06 10:56:00,1332.7,1333,1331.9,1332,114856
2026-10-06 10:57:00,1332,1332.4,1331.2,1331.8,115957
2026-10-06 10:58:00,1331.8,1332.4,1331.2,1331.2,116432
2026-10-06 10:59:00,1331.2,1333,1331.2,1332.8,117854
2026-10-06 11:00:00,1332.8,1332.8,1329.4,1329.9,119224
2026-10-06 11:01:00,1329.9,1329.9,1329.1,1329.6,120073
2026-10-06 11:02:00,1329.6,1331.1,1329.2,1329.9,126551
2026-10-06 11:03:00,1329.9,1331.3,1329.5,1331,128901
2026-10-06 11:04:00,1331,1331,1330.4,1330.9,129620
2026-10-06 11:05:00,1330.9,1331,1330,1331,130645
2026-10-06 11:06:00,1331.8,1332.3,1331.4,1332,131943
2026-10-06 11:07:00,1332,1332,1330.7,1331.3,132647
2026-10-06 11:08:00,1331.3,1332.7,1330.7,1332.6,134213
2026-10-06 11:09:00,1332.6,1332.7,1332.1,1332.2,134956
2026-10-06 11:10:00,1332.2,1332.2,1331.8,1331.8,135324
2026-10-06 11:11:00,1331.8,1332,1331.1,1331.5,136098
2026-10-06 11:12:00,1331.5,1331.5,1330.9,1331.4,136487
2026-10-06 11:13:00,1331.1,1331.2,1330.6,1330.9,136955
2026-10-06 11:14:00,1330.9,1331.8,1330.3,1331.8,138114
2026-10-06 11:15:00,1331.8,1334.8,1331.7,1334.8,140075
2026-10-06 11:16:00,1334.8,1335,1334.6,1334.6,141279
2026-10-06 11:17:00,1334.6,1335.4,1334.3,1335.4,144235
2026-10-06 11:18:00,1335.4,1336.2,1335.2,1335.4,145743
2026-10-06 11:19:00,1335.4,1336.3,1335.3,1336.2,146455
2026-10-06 11:20:00,1336.2,1336.7,1336.1,1336.7,148463
2026-10-06 11:21:00,1336.7,1336.9,1336,1336.3,149504
2026-10-06 11:22:00,1336.3,1337.5,1335.7,1337.5,150887
2026-10-06 11:23:00,1337.4,1337.5,1336.7,1337.1,152459
2026-10-06 11:24:00,1337.1,1337.1,1336.1,1336.3,154084
2026-10-06 11:25:00,1336.3,1336.3,1335.5,1335.5,154684
2026-10-06 11:26:00,1335.7,1335.7,1335.1,1335.3,155183
2026-10-06 11:27:00,1335.3,1336.1,1335.2,1335.5,156709
2026-10-06 11:28:00,1335.5,1335.8,1335.5,1335.5,157399
2026-10-06 11:29:00,1333.4,1333.4,1333.1,1333.4,158783
2026-10-06 11:30:00,1333.4,1334.1,1333.2,1334.1,160064
2026-10-06 11:31:00,1334.1,1335.1,1334,1334.5,163261
2026-10-06 11:32:00,1335,1335,1334.5,1334.9,163693
2026-10-06 11:33:00,1334.9,1334.9,1334.3,1334.5,164657
2026-10-06 11:34:00,1334.4,1334.9,1333.4,1334.4,166040
2026-10-06 11:35:00,1334.4,1334.6,1333.9,1334.5,166454
2026-10-06 11:36:00,1334.5,1334.5,1333.9,1333.9,166884
2026-10-06 11:37:00,1334.1,1334.5,1333.9,1334.5,167362
2026-10-06 11:38:00,1334.5,1334.5,1334,1334.2,167995
2026-10-06 11:39:00,1334.2,1336.4,1333.7,1336.3,170122
2026-10-06 11:40:00,1336.4,1338,1336.1,1337.9,174210
2026-10-06 11:41:00,1337.8,1337.8,1334.8,1337,197570
2026-10-06 11:42:00,1337,1337,1335,1335.7,216807
2026-10-06 11:43:00,1335.1,1335.7,1334.9,1335.3,218021
2026-10-06 11:44:00,1335.3,1335.5,1335,1335.4,219014
2026-10-06 11:45:00,1335.4,1336.8,1335.2,1336.5,220087
2026-10-06 11:46:00,1336.5,1336.8,1336.1,1336.5,220636
2026-10-06 11:47:00,1336.6,1337.4,1336.6,1337.3,221628
2026-10-06 11:48:00,1337.3,1337.9,1336.9,1337.9,222353
2026-10-06 11:49:00,1337.5,1338.7,1337.1,1338.3,224680
2026-10-06 11:50:00,1338.3,1338.3,1336.1,1336.7,225734
2026-10-06 11:51:00,1336.1,1336.4,1335.4,1336.4,226648
2026-10-06 11:52:00,1336.4,1336.6,1336,1336,227131
2026-10-06 11:53:00,1336,1336.3,1335.6,1336,227661
2026-10-06 11:54:00,1336,1336,1335.1,1335.1,228221
2026-10-06 11:55:00,1335.1,1336.3,1335.1,1336.2,228926
2026-10-06 11:56:00,1336.2,1336.2,1335.7,1335.7,229171
2026-10-06 11:58:00,1337.2,1337.3,1337.1,1337.1,231309
2026-10-06 11:59:00,1337.1,1337.2,1336.1,1336.3,231793
2026-10-06 12:00:00,1336.3,1336.5,1335.2,1335.5,232561
2026-10-06 12:01:00,1335.5,1335.5,1335,1335.4,233034
2026-10-06 12:02:00,1335.5,1335.6,1335,1335.5,243060
2026-10-06 12:03:00,1335.6,1335.6,1335,1335.5,243742
2026-10-06 12:04:00,1335.4,1336,1335,1336,260731
2026-10-06 12:05:00,1336,1336.2,1335.3,1335.8,261542
2026-10-06 12:06:00,1335.8,1335.8,1335,1335.5,262209
2026-10-06 12:07:00,1335.5,1335.5,1335,1335.3,262716
2026-10-06 12:08:00,1335.3,1336.4,1335,1336.2,263464
2026-10-06 12:09:00,1336.2,1336.2,1335.1,1335.8,264261
2026-10-06 12:10:00,1335.7,1336,1335.2,1335.6,265263
2026-10-06 12:11:00,1336,1336,1335.4,1336,265810
2026-10-06 12:12:00,1336,1337.8,1335.9,1337.3,267940
2026-10-06 12:13:00,1337.1,1337.1,1336.4,1336.7,268967
2026-10-06 12:14:00,1336.7,1336.8,1336.3,1336.6,269746
2026-10-06 12:15:00,1336.6,1336.7,1336,1336,270400
2026-10-06 12:16:00,1336.1,1336.1,1335.5,1335.8,271138
2026-10-06 12:17:00,1335.7,1335.9,1335.3,1335.8,271851
2026-10-06 12:18:00,1335.5,1335.9,1335.3,1335.3,272439
2026-10-06 12:19:00,1335.8,1335.8,1335.3,1335.6,273117
2026-10-06 12:20:00,1335.6,1335.6,1335,1335.4,274350
2026-10-06 12:21:00,1335.4,1335.4,1335,1335.2,275180
2026-10-06 12:22:00,1335.2,1335.2,1335,1335.1,275394
2026-10-06 12:23:00,1335.3,1335.3,1335,1335.3,276514
2026-10-06 12:24:00,1335.3,1335.3,1335,1335.1,276998
2026-10-06 12:25:00,1335.1,1335.5,1335,1335.4,278198
