Timestamp,Open,High,Low,Close,Volume
1788234300,705.05,710.00,705.05,706.50,712501
1788234360,706.25,707.35,705.60,705.95,522057
1788234420,706.05,706.95,705.80,706.05,487599
1788234480,705.95,707.50,705.75,706.70,407457
1788234540,706.60,706.60,705.60,705.65,454640
1788234600,705.65,705.70,704.15,704.70,585584
1788234660,704.65,705.15,704.50,705.15,227383
1788234720,705.35,705.55,704.50,704.80,257764
1788234780,704.80,704.90,704.20,704.20,178602
1788234840,704.20,704.25,703.10,703.60,304104
1788234900,703.50,704.10,703.05,704.05,263037
1788234960,704.00,705.00,704.00,704.80,166978
1788235020,704.65,705.00,704.50,704.60,127692
1788235080,704.55,704.85,704.25,704.85,148945
1788235140,704.85,705.40,704.80,704.95,242735
1788235200,704.95,705.00,704.50,704.60,134389
1788235260,704.65,704.85,704.20,704.20,159031
1788235320,704.25,704.75,704.15,704.50,123566
1788235380,704.55,704.95,704.25,704.35,108315
1788235440,704.35,704.50,704.20,704.25,72259
1788235500,704.45,705.10,704.35,704.95,114228
1788235560,704.90,705.05,704.60,704.70,193820
1788235620,704.70,705.00,704.30,704.70,105260
1788235680,704.65,705.00,704.55,704.80,38686
1788235740,704.80,704.90,704.15,704.20,129941
1788235800,704.25,704.25,703.25,703.25,364556
1788235860,703.45,703.80,703.25,703.65,106427
1788235920,703.65,703.85,703.25,703.35,98245
1788235980,703.35,703.35,702.40,702.70,402858
1788236040,702.80,702.80,702.00,702.35,431847
1788236100,702.30,702.35,701.60,701.85,307763
1788236160,701.30,701.90,700.95,701.40,610015
1788236220,701.50,701.60,700.20,700.65,496596
1788236280,700.70,700.95,698.50,699.00,904336
1788236340,699.10,700.35,699.00,700.10,276196
1788236400,700.20,700.90,700.00,700.65,141910
1788236460,700.65,700.65,699.65,700.05,339346
1788236520,700.05,700.95,700.00,700.80,98042
1788236580,700.80,701.90,700.80,701.70,117378
1788236640,701.70,702.00,701.60,701.75,79563
1788236700,701.70,702.10,701.70,701.95,112095
1788236760,701.95,702.25,701.65,701.95,102837
1788236820,701.95,702.05,701.65,701.80,43413
1788236880,701.85,701.85,701.25,701.60,86352
1788236940,701.70,701.70,701.30,701.70,59274
1788237000,701.70,701.90,701.60,701.75,34115
1788237060,701.80,701.95,701.55,701.95,90027
1788237120,701.95,702.40,701.75,702.30,80956
1788237180,702.30,702.90,702.25,702.80,111511
1788237240,702.60,702.85,702.50,702.65,74255
1788237300,702.60,702.65,701.90,701.95,89901
1788237360,701.95,702.20,701.55,702.15,66207
1788237420,702.15,702.15,701.70,702.00,76626
1788237480,702.00,702.50,701.85,702.40,44459
1788237540,702.45,703.20,702.45,703.05,107201
1788237600,703.10,703.90,703.05,703.70,738901
1788237660,703.80,705.90,703.50,705.60,504746
1788237720,705.70,706.35,705.15,706.20,212060
1788237780,706.20,706.20,705.35,706.10,150491
1788237840,706.00,706.80,705.95,706.50,154547
1788237900,706.40,707.00,706.25,706.60,144957
1788237960,706.65,706.65,706.00,706.00,124666
1788238020,706.05,707.00,705.75,706.90,205089
1788238080,706.90,706.95,706.45,706.60,73716
1788238140,706.60,706.90,706.05,706.40,80000
1788238200,706.45,706.45,705.75,706.00,63053
1788238260,706.05,706.30,705.90,706.05,171466
1788238320,706.05,706.25,706.00,706.20,42966
1788238380,706.65,706.85,706.45,706.85,121221
1788238440,706.85,708.65,706.75,708.35,326409
1788238500,708.35,708.70,708.05,708.25,131364
1788238560,708.20,708.30,707.50,707.70,58218
1788238620,707.65,708.30,707.50,708.05,66375
1788238680,708.20,708.90,707.80,708.90,103997
1788238740,708.90,708.90,708.45,708.70,67520
1788238800,708.70,711.00,708.60,710.80,538746
1788238860,710.75,711.30,710.45,710.60,193628
1788238920,710.60,710.85,710.35,710.40,95059
1788238980,710.35,710.50,710.00,710.10,89318
1788239040,710.05,710.25,710.00,710.05,208294
1788239100,710.05,710.15,709.20,709.40,671865
1788239160,709.65,709.80,708.55,709.55,223777
1788239220,709.80,710.40,709.60,710.30,86533
1788239280,710.20,710.50,710.00,710.30,45289
1788239340,710.15,710.40,710.00,710.10,35677
1788239400,710.00,710.15,709.45,709.70,485300
1788239460,709.40,709.55,708.95,709.15,43758
1788239520,709.15,710.30,708.95,710.00,109389
1788239580,710.15,710.30,710.00,710.20,32134
1788239640,710.20,710.35,710.00,710.10,40860
1788239700,710.05,710.20,710.00,710.20,44480
1788239760,710.20,710.70,710.10,710.65,61561
1788239820,710.70,710.70,710.50,710.60,28416
1788239880,710.75,710.75,709.55,710.15,287053
1788239940,710.15,710.20,709.50,710.05,314297
1788240000,710.00,710.35,709.50,710.15,79217
1788240060,710.25,710.25,710.00,710.10,20785
1788240120,710.10,711.45,710.00,711.20,122926
1788240180,711.45,712.40,711.25,712.00,263717
1788240240,712.15,712.45,712.00,712.10,115505
1788240300,712.10,712.20,712.00,712.00,527141
1788240360,712.05,712.05,710.45,710.70,115453
1788240420,710.70,712.20,709.65,712.05,524330
1788240480,712.05,712.20,711.15,711.25,107154
1788240540,711.25,711.25,710.70,711.00,48723
1788240600,711.05,711.50,710.90,711.25,76277
1788240660,711.20,711.45,711.00,711.30,21087
1788240720,711.35,711.70,711.30,711.70,35656
1788240780,711.70,711.70,711.30,711.40,58080
1788240840,711.35,711.90,711.35,711.70,40016
1788240900,711.75,711.85,711.30,711.85,31162
1788240960,711.65,711.85,711.10,711.65,125644
1788241020,711.55,712.90,711.35,712.70,96455
1788241080,712.80,713.00,712.55,712.90,50657
1788241140,712.70,713.20,712.30,713.00,79336
1788241200,712.90,713.10,712.60,713.00,69253
1788241260,712.95,713.00,712.55,712.90,35662
1788241320,712.60,712.95,712.55,712.85,35673
1788241380,713.00,713.10,712.75,712.85,34073
1788241440,712.80,713.10,712.60,713.10,32809
1788241500,713.05,714.60,713.05,714.35,185138
1788241560,714.30,714.60,714.10,714.50,66856
1788241620,714.50,714.85,714.30,714.75,73900
1788241680,714.75,715.00,714.45,714.50,85308
1788241740,714.45,714.90,714.15,714.90,71090
1788241800,714.85,715.45,714.75,715.20,138639
1788241860,715.05,715.25,714.75,715.00,73791
1788241920,715.05,715.30,715.00,715.30,27687
1788241980,715.20,715.40,714.45,714.65,215455
1788242040,714.65,714.65,714.30,714.60,42633
1788242100,714.55,714.60,714.30,714.45,40013
1788242160,714.50,714.50,713.30,714.15,198146
1788242220,714.00,714.50,714.00,714.35,28256
1788242280,714.50,714.60,714.00,714.40,24308
1788242340,714.40,714.55,714.10,714.40,28688
1788242400,714.50,714.95,714.15,714.90,59819
1788242460,714.95,714.95,714.25,714.60,50554
1788242520,714.65,714.95,714.30,714.40,125352
1788242580,714.50,714.85,714.40,714.75,31960
1788242640,714.80,714.80,713.95,714.00,47111
1788242700,713.90,714.00,713.10,713.30,54588
1788242760,713.25,713.60,713.10,713.20,54189
1788242820,713.25,713.45,713.10,713.15,27875
1788242880,713.15,713.20,712.30,712.70,124408
1788242940,712.75,712.90,712.25,712.50,36161
1788243000,712.50,712.50,712.00,712.05,67414
1788243060,712.15,713.15,711.95,713.15,68941
1788243120,713.15,713.80,712.75,713.05,184415
1788243180,713.10,713.25,712.80,712.80,20450
1788243240,712.80,713.15,712.75,713.00,56894
1788243300,712.90,713.40,712.70,712.75,73883
1788243360,713.00,713.00,712.45,712.45,21166
1788243420,712.55,712.55,712.00,712.05,34337
1788243480,712.25,712.25,712.00,712.05,16360
1788243540,712.20,712.20,711.65,711.75,32060
1788243600,711.75,711.90,711.45,711.90,41485
1788243660,711.90,711.90,711.60,711.85,28984
1788243720,712.10,712.30,711.85,712.15,166920
1788243780,712.00,712.40,711.55,711.95,59049
1788243840,711.90,712.50,711.80,712.30,30976
1788243900,712.45,712.50,711.65,712.00,40824
1788243960,712.00,712.05,711.60,712.05,34860
1788244020,712.05,712.15,711.60,711.85,29652
1788244080,711.85,711.85,711.40,711.45,20739
1788244140,711.45,711.55,710.70,710.80,86002
1788244200,710.85,711.20,710.85,711.05,46098
1788244260,711.05,711.05,710.60,710.90,42512
1788244320,710.80,710.90,710.55,710.70,30401
1788244380,710.65,710.70,710.40,710.60,40591
1788244440,710.65,711.00,710.55,710.95,23443
1788244500,711.00,711.15,710.85,711.15,59085
1788244560,711.15,711.30,711.00,711.05,22556
1788244620,711.15,711.20,711.00,711.20,27990
1788244680,711.10,711.60,711.10,711.40,59529
1788244740,711.45,711.50,711.25,711.40,17415
1788244800,711.45,712.10,711.45,711.90,50286
1788244860,711.90,712.15,711.80,712.05,19600
1788244920,711.95,712.05,711.60,711.90,21723
1788244980,711.85,711.90,711.50,711.80,22013
1788245040,711.80,711.80,711.45,711.70,14791
1788245100,711.70,711.80,711.50,711.55,24042
1788245160,711.60,711.60,711.10,711.15,16100
1788245220,711.15,711.45,711.05,711.30,15662
1788245280,711.30,711.35,711.20,711.20,17106
1788245340,711.25,711.40,711.10,711.40,18492
1788245400,711.35,711.45,711.10,711.40,18421
1788245460,711.45,711.45,711.05,711.20,18385
1788245520,711.25,711.45,711.00,711.20,22369
1788245580,711.00,711.25,710.95,711.20,18079
1788245640,711.20,711.20,710.40,710.45,49811
1788245700,710.45,710.95,710.30,710.55,39505
1788245760,710.55,711.05,710.55,711.00,28269
1788245820,711.00,711.05,710.70,710.90,16397
1788245880,710.95,710.95,710.60,710.70,41842
1788245940,710.85,711.00,710.55,710.90,34800
1788246000,710.90,711.10,710.55,711.00,27854
1788246060,710.95,711.05,710.70,710.85,20958
1788246120,710.90,710.95,710.65,710.95,16796
1788246180,710.85,710.95,710.60,710.70,20612
1788246240,710.75,710.75,710.60,710.70,12703
1788246300,710.70,710.80,710.65,710.75,16352
1788246360,710.75,710.80,710.70,710.70,15986
1788246420,710.75,710.75,710.65,710.75,19760
1788246480,710.75,710.95,710.55,710.85,32397
1788246540,710.90,710.95,710.65,710.90,18487
1788246600,710.90,711.00,710.75,710.95,17612
1788246660,710.95,711.55,710.75,711.55,32878
1788246720,711.50,712.00,711.50,711.80,32340
1788246780,711.80,712.00,711.60,711.80,34165
1788246840,711.85,711.90,711.50,711.65,21967
1788246900,711.60,711.80,711.20,711.45,42032
1788246960,711.45,711.55,711.20,711.40,33183
1788247020,711.35,711.35,711.00,711.20,65396
1788247080,711.20,711.30,711.05,711.25,27882
1788247140,711.30,711.35,711.05,711.10,31754
1788247200,711.05,711.10,710.50,710.50,59423
1788247260,710.60,710.60,710.10,710.40,36563
1788247320,710.40,710.40,710.10,710.35,56358
1788247380,710.30,710.35,709.80,709.90,122796
1788247440,709.95,709.95,709.60,709.80,32553
1788247500,709.80,709.80,709.45,709.45,40232
1788247560,709.55,709.60,709.30,709.45,36026
1788247620,709.30,709.50,709.30,709.45,38965
1788247680,709.45,709.70,709.40,709.55,38478
1788247740,709.60,709.80,709.50,709.70,16082
1788247800,709.70,709.70,709.45,709.60,24133
1788247860,709.60,709.60,709.15,709.30,23731
1788247920,709.25,709.35,709.05,709.20,28322
1788247980,709.25,709.25,709.00,709.00,29102
1788248040,709.10,709.20,709.00,709.15,20932
1788248100,709.15,709.15,708.75,708.85,51938
1788248160,708.90,709.00,708.65,708.85,37816
1788248220,708.85,708.95,708.60,708.85,20861
1788248280,708.90,709.00,708.70,708.95,26260
1788248340,708.95,709.25,708.75,709.20,46805
1788248400,709.15,709.45,709.10,709.40,29990
1788248460,709.40,709.40,709.00,709.05,16373
1788248520,709.05,709.05,708.90,709.00,21541
1788248580,709.05,709.10,709.00,709.00,15293
1788248640,709.05,709.05,708.85,709.00,29950
1788248700,709.00,709.05,708.30,708.30,68567
1788248760,708.50,708.50,708.20,708.30,23085
1788248820,708.30,708.50,708.20,708.35,21953
1788248880,708.35,708.80,708.30,708.65,38000
1788248940,708.70,708.70,708.40,708.65,15873
1788249000,708.60,708.85,708.55,708.80,15903
1788249060,708.75,709.10,708.65,709.10,37766
1788249120,709.20,709.20,709.05,709.15,21973
1788249180,709.15,709.15,708.85,709.05,30426
1788249240,709.10,709.15,708.90,709.15,21765
1788249300,709.20,709.20,709.00,709.10,18541
1788249360,709.10,709.10,708.80,709.00,21559
1788249420,709.00,709.05,708.50,708.75,19028
1788249480,708.75,708.75,708.45,708.65,26628
1788249540,708.65,708.80,708.45,708.80,35458
1788249600,708.80,709.15,708.80,709.10,25367
1788249660,709.10,709.40,709.00,709.10,37982
1788249720,709.10,709.30,709.00,709.15,24531
1788249780,709.05,709.25,709.05,709.25,26572
1788249840,709.20,709.30,709.00,709.30,15526
1788249900,709.20,709.90,709.05,709.35,47448
1788249960,709.35,709.35,709.00,709.10,56598
1788250020,709.05,709.15,708.75,708.80,113634
1788250080,708.80,708.90,708.30,708.35,68587
1788250140,708.50,708.50,708.25,708.40,27570
1788250200,708.45,708.50,708.25,708.25,21186
1788250260,708.30,708.35,708.20,708.30,18648
1788250320,708.25,708.40,708.05,708.15,32634
1788250380,708.25,708.75,708.15,708.50,22707
1788250440,708.65,708.80,708.35,708.80,35685
1788250500,708.80,708.80,708.35,708.45,36473
1788250560,708.65,708.65,708.30,708.40,17486
1788250620,708.40,708.40,708.05,708.20,17021
1788250680,708.20,708.45,708.05,708.35,26312
1788250740,708.45,708.45,708.25,708.30,14670
1788250800,708.25,708.30,707.80,707.80,52641
1788250860,707.85,707.85,707.50,707.50,32334
1788250920,707.60,708.20,707.50,708.00,49977
1788250980,707.95,708.25,707.90,708.20,53606
1788251040,708.20,708.50,708.05,708.45,35252
1788251100,708.45,708.50,708.30,708.45,35707
1788251160,708.45,708.95,708.40,708.95,43380
1788251220,708.80,708.95,708.50,708.80,26443
1788251280,708.90,708.95,708.50,708.65,27864
1788251340,708.50,708.65,708.30,708.35,14731
1788251400,708.35,708.35,708.00,708.20,21807
1788251460,708.20,708.20,707.95,708.10,18852
1788251520,708.10,708.10,707.75,707.85,21605
1788251580,707.80,707.95,707.65,707.80,26016
1788251640,707.80,708.15,707.75,707.85,20389
1788251700,708.10,708.50,707.80,708.30,30114
1788251760,708.40,708.50,708.25,708.45,21142
1788251820,708.45,708.45,708.00,708.15,24041
1788251880,708.15,708.20,707.70,707.95,31015
1788251940,707.95,707.95,707.50,707.75,20375
1788252000,707.75,707.75,707.50,707.65,62074
1788252060,707.65,707.95,707.50,707.60,60954
1788252120,707.75,707.90,707.45,707.70,27087
1788252180,707.65,707.75,707.45,707.50,27272
1788252240,707.50,707.90,707.45,707.90,47544
1788252300,707.90,707.90,707.80,707.80,31584
1788252360,707.90,708.00,707.80,708.00,17431
1788252420,707.95,707.95,707.45,707.55,33362
1788252480,707.55,707.75,707.25,707.55,78163
1788252540,707.55,708.00,707.50,707.95,54589
1788252600,707.95,708.45,707.90,708.15,42274
1788252660,708.10,708.30,708.00,708.30,21328
1788252720,708.35,708.40,708.15,708.40,34421
1788252780,708.40,708.50,708.25,708.45,38394
1788252840,708.45,708.90,708.40,708.85,68499
1788252900,708.85,708.95,708.65,708.85,64206
1788252960,708.85,708.85,708.50,708.50,32938
1788253020,708.60,708.65,708.20,708.35,52254
1788253080,708.35,708.85,708.30,708.70,88958
1788253140,708.70,709.80,708.70,709.75,78508
1788253200,709.80,709.80,709.25,709.35,203317
1788253260,709.30,709.75,709.30,709.70,214022
1788253320,709.60,710.00,709.60,709.60,168577
1788253380,709.65,709.65,709.00,709.05,153498
1788253440,709.00,709.05,708.55,708.65,243846
1788253500,708.65,709.45,708.60,708.65,303815
1788253560,708.75,709.10,708.50,708.70,216134
1788253620,708.70,709.30,708.20,709.25,201630
1788253680,709.30,709.40,709.20,709.30,165321
1788253740,709.30,709.40,709.25,709.30,145637
1788253800,709.30,709.30,708.80,708.95,141326
1788253860,708.95,708.95,708.60,708.75,152287
1788253920,708.80,708.80,708.70,708.75,133396
1788253980,708.75,708.80,708.50,708.50,111714
1788254040,708.50,708.95,708.35,708.85,183022
1788254100,708.80,709.35,708.70,709.30,231295
1788254160,709.30,709.30,709.25,709.30,181846
1788254220,709.30,709.30,708.90,708.90,220640
1788254280,708.85,708.85,708.50,708.50,179282
1788254340,708.50,708.55,708.00,708.35,304060
1788254400,708.40,708.95,708.35,708.95,215746
1788254460,708.95,709.20,708.25,709.00,278369
1788254520,709.00,709.00,708.15,708.45,216312
1788254580,708.45,708.50,707.85,707.90,228854
1788254640,707.95,708.00,707.55,708.00,242488
1788254700,708.00,708.15,708.00,708.05,188621
1788254760,708.10,708.95,708.05,708.55,361708
1788254820,708.55,708.90,708.30,708.55,287119
1788254880,708.40,708.40,708.05,708.25,221318
1788254940,708.25,708.45,708.10,708.15,276136
1788255000,708.15,708.70,708.05,708.65,389002
1788255060,708.60,709.60,708.60,709.55,393619
1788255120,709.20,709.30,708.85,709.20,358991
1788255180,709.15,709.45,709.15,709.30,360053
1788255240,709.35,709.70,709.30,709.45,451821
1788255300,709.40,710.05,709.40,709.95,361013
1788255360,710.00,710.10,709.50,709.70,434372
1788255420,709.65,709.70,708.80,709.35,399388
1788255480,709.30,709.70,709.30,709.70,391406
1788255540,709.65,709.95,709.65,709.80,396348
1788255600,709.70,710.25,709.70,710.05,471405
1788255660,710.05,710.05,709.05,709.35,451632
1788255720,709.50,710.55,708.30,709.65,1291670
1788255780,709.70,710.00,709.40,709.80,98413
1788255840,709.80,710.00,709.50,710.00,48028
1788255900,709.50,709.50,709.50,709.50,230
1788255960,709.50,709.50,709.50,709.50,0
1788256020,709.50,709.50,709.50,709.50,0
1788256080,709.50,709.50,709.50,709.50,0
1788256140,709.50,709.50,709.50,709.50,0
1788256200,709.50,709.50,709.50,709.50,0
1788256260,709.50,709.50,709.50,709.50,0
1788256320,709.50,709.50,709.50,709.50,0
1788256380,709.50,709.50,709.50,709.50,0
1788256440,709.50,709.50,709.50,709.50,0
1788256500,709.50,709.50,709.50,709.50,0
1788256560,709.50,709.50,709.50,709.50,0
1788256620,709.50,709.50,709.50,709.50,0
1788256680,709.50,709.50,709.50,709.50,0
1788256740,709.50,711.90,709.50,711.90,926571
1788320700,702.30,705.65,700.90,701.90,2001154
1788320760,701.85,701.95,700.05,701.00,955199
1788320820,701.00,701.75,700.00,701.10,726420
1788320880,701.10,701.50,700.80,701.20,602225
1788320940,701.20,701.85,700.70,701.20,549703
1788321000,701.20,701.20,700.40,700.75,515041
1788321060,700.70,701.55,700.65,701.55,180563
1788321120,701.75,702.50,701.50,702.45,385465
1788321180,702.45,702.50,702.10,702.45,143374
1788321240,702.50,702.50,702.25,702.45,198139
1788321300,702.40,703.30,702.25,703.25,453828
1788321360,703.25,703.60,702.90,703.10,166915
1788321420,703.15,703.80,703.10,703.80,75692
1788321480,703.80,703.80,702.90,702.95,167588
1788321540,703.00,703.45,702.90,703.40,148245
1788321600,703.40,703.40,702.50,702.70,119963
1788321660,702.65,702.95,702.30,702.40,187957
1788321720,702.40,702.60,702.25,702.35,59362
1788321780,702.35,702.75,702.30,702.75,55289
1788321840,702.55,702.95,702.55,702.80,66160
1788321900,702.80,704.80,702.75,702.90,518103
1788321960,702.95,703.85,702.75,703.55,214212
1788322020,703.50,705.05,703.40,704.25,685143
1788322080,704.45,704.60,704.20,704.45,60385
1788322140,704.45,704.45,704.00,704.10,41369
1788322200,704.00,704.45,703.90,704.20,60244
1788322260,704.20,704.35,704.10,704.35,24264
1788322320,704.35,704.70,704.25,704.45,73480
1788322380,704.45,704.50,704.30,704.50,27435
1788322440,704.50,704.65,704.00,704.20,50904
1788322500,704.05,704.15,703.50,703.60,41410
1788322560,703.60,703.65,703.35,703.40,43152
1788322620,703.45,703.85,703.10,703.55,58587
1788322680,703.35,703.50,703.25,703.40,35550
1788322740,703.40,703.75,703.35,703.55,20147
1788322800,703.60,703.60,703.05,703.55,52168
1788322860,703.55,703.60,703.25,703.30,53256
1788322920,703.30,703.55,703.00,703.00,44026
1788322980,703.10,703.10,702.70,703.00,70914
1788323040,703.00,703.30,702.75,703.05,47618
1788323100,703.10,703.35,703.00,703.15,26476
1788323160,703.15,703.15,702.70,703.00,55668
1788323220,703.10,703.25,702.80,703.00,42771
1788323280,703.00,703.45,702.90,703.35,61532
1788323340,703.25,703.35,703.00,703.00,94147
1788323400,702.95,702.95,702.40,702.55,101148
1788323460,702.50,702.55,702.45,702.50,27369
1788323520,702.50,702.90,702.45,702.70,45462
1788323580,702.70,703.45,702.10,702.80,347417
1788323640,702.80,703.00,702.40,702.50,47435
1788323700,702.45,702.90,702.40,702.65,32148
1788323760,702.60,702.95,702.50,702.75,21841
1788323820,702.80,703.00,702.75,702.90,32773
1788323880,702.90,702.95,702.50,702.60,48048
1788323940,702.60,702.60,702.15,702.40,44396
1788324000,702.35,702.45,702.20,702.40,29346
1788324060,702.30,702.50,701.70,701.70,178533
1788324120,701.80,701.90,701.45,701.75,66224
1788324180,701.65,702.00,701.30,701.95,61847
1788324240,701.70,701.90,701.30,701.30,81143
1788324300,701.40,701.70,701.25,701.55,35113
1788324360,701.70,701.80,701.35,701.60,45317
1788324420,701.60,701.65,701.20,701.40,52594
1788324480,701.40,701.65,701.25,701.50,32016
1788324540,701.65,702.30,701.50,702.20,45306
1788324600,702.15,702.50,702.00,702.35,41784
1788324660,702.45,702.45,701.60,702.20,102462
1788324720,702.20,702.50,702.10,702.10,48135
1788324780,702.10,702.45,702.05,702.35,30073
1788324840,702.15,702.30,702.00,702.10,34388
1788324900,702.10,702.10,702.05,702.05,25598
1788324960,702.10,702.30,702.05,702.30,29147
1788325020,702.30,702.50,702.15,702.45,23363
1788325080,702.30,702.65,702.30,702.65,41764
1788325140,702.65,702.80,702.50,702.65,32254
1788325200,702.75,703.20,702.65,702.80,97514
1788325260,702.85,702.90,702.50,702.55,52892
1788325320,702.70,703.00,702.10,702.35,81062
1788325380,702.30,702.35,702.05,702.30,35420
1788325440,702.20,702.30,701.80,702.20,156688
1788325500,702.30,702.65,702.15,702.30,61109
1788325560,702.30,702.40,702.20,702.40,20952
1788325620,702.35,702.45,702.05,702.25,30667
1788325680,702.15,702.30,702.00,702.00,23831
1788325740,702.25,702.30,701.70,701.95,68053
1788325800,701.95,701.95,701.70,701.95,23882
1788325860,701.90,702.35,701.80,702.25,41120
1788325920,702.00,702.25,701.95,702.20,23402
1788325980,702.10,702.20,701.85,701.85,24637
1788326040,701.95,702.05,701.75,701.75,35822
1788326100,701.85,701.90,701.30,701.50,90170
1788326160,701.45,701.50,701.05,701.20,70761
1788326220,701.15,701.25,701.05,701.25,40934
1788326280,701.25,701.45,701.10,701.45,41657
1788326340,701.30,701.55,701.20,701.30,68259
1788326400,701.30,701.40,701.20,701.35,40765
1788326460,701.35,701.40,701.25,701.35,38551
1788326520,701.25,701.35,700.85,701.00,235458
1788326580,700.90,701.05,700.70,700.70,58336
1788326640,700.95,702.20,700.70,701.65,552835
1788326700,701.75,701.75,701.40,701.45,58191
1788326760,701.65,702.00,701.50,701.95,92607
1788326820,701.95,702.70,701.80,702.70,116191
1788326880,702.70,703.10,702.65,703.00,182434
1788326940,703.05,703.10,703.00,703.00,55696
1788327000,703.00,703.05,703.00,703.00,37835
1788327060,703.05,703.45,703.00,703.25,46322
1788327120,703.10,703.95,703.00,703.35,317774
1788327180,703.40,703.50,702.80,702.80,41549
1788327240,702.85,703.00,702.40,702.50,20519
1788327300,702.55,702.55,702.05,702.20,38920
1788327360,702.25,702.25,702.00,702.15,16841
1788327420,702.20,702.65,702.15,702.40,32876
1788327480,702.50,702.70,702.20,702.35,36942
1788327540,702.45,702.50,702.30,702.45,15861
1788327600,702.50,702.60,702.35,702.45,25253
1788327660,702.60,702.60,702.30,702.40,18869
1788327720,702.50,702.75,702.30,702.65,23719
1788327780,702.65,702.70,702.30,702.35,31274
1788327840,702.40,702.45,702.00,702.20,52390
1788327900,702.10,702.20,702.00,702.00,34107
1788327960,702.05,702.05,701.60,701.70,59990
1788328020,701.65,701.70,701.55,701.60,33210
1788328080,701.65,702.00,701.60,701.90,60633
1788328140,701.95,702.00,701.80,701.90,24901
1788328200,701.95,702.00,701.70,701.70,37035
1788328260,701.75,701.80,701.60,701.65,25878
1788328320,701.65,701.65,701.50,701.50,27050
1788328380,701.50,701.90,701.35,701.70,71724
1788328440,701.65,701.75,701.50,701.55,27547
1788328500,701.55,701.60,701.35,701.50,36437
1788328560,701.50,701.50,701.30,701.40,36880
1788328620,701.30,701.35,701.30,701.35,27018
1788328680,701.35,701.70,701.35,701.60,44979
1788328740,701.65,701.85,701.60,701.85,25379
1788328800,701.80,701.85,701.60,701.75,33799
1788328860,701.75,701.85,701.70,701.80,28874
1788328920,701.85,701.90,701.75,701.80,27814
1788328980,701.85,701.85,701.60,701.70,45527
1788329040,701.75,701.80,701.65,701.70,29741
1788329100,701.75,701.85,701.70,701.85,29048
1788329160,701.85,701.90,701.70,701.90,34183
1788329220,701.85,702.05,701.85,701.85,39349
1788329280,701.90,702.00,701.75,701.85,39964
1788329340,701.95,702.30,701.95,702.10,37943
1788329400,702.10,702.35,702.05,702.30,30559
1788329460,702.30,702.30,702.05,702.15,22538
1788329520,702.15,702.30,702.00,702.30,22298
1788329580,702.30,702.60,702.20,702.60,52070
1788329640,702.60,702.60,702.50,702.55,22402
1788329700,702.55,702.55,702.10,702.20,23764
1788329760,702.15,702.20,702.00,702.20,28941
1788329820,702.10,702.15,701.85,702.15,79672
1788329880,702.10,702.50,702.05,702.35,36744
1788329940,702.35,702.55,702.35,702.55,30803
1788330000,702.50,702.70,702.50,702.65,38647
1788330060,702.70,702.75,702.55,702.70,56768
1788330120,702.70,703.25,702.55,703.05,87718
1788330180,703.15,703.90,703.00,703.90,143866
1788330240,703.90,704.45,703.90,704.15,113498
1788330300,704.20,704.40,703.95,704.00,58191
1788330360,704.05,704.50,704.00,704.40,107555
1788330420,704.35,704.40,704.00,704.05,44671
1788330480,704.10,704.10,703.50,703.60,43818
1788330540,703.70,703.90,703.60,703.80,47117
1788330600,703.90,704.20,703.60,703.65,112488
1788330660,703.60,704.10,703.40,703.90,118974
1788330720,703.80,703.90,703.50,703.90,39439
1788330780,703.70,703.80,703.00,703.30,112959
1788330840,703.45,703.55,703.10,703.30,94676
1788330900,703.30,703.90,703.30,703.90,82575
1788330960,703.90,704.00,703.80,703.95,24956
1788331020,704.00,704.00,703.85,703.85,28486
1788331080,703.85,703.90,703.75,703.90,42738
1788331140,703.85,704.00,703.80,703.85,43651
1788331200,703.90,704.00,703.75,703.90,49199
1788331260,703.90,704.20,703.80,704.15,76149
1788331320,704.20,704.25,704.10,704.20,41139
1788331380,704.25,704.80,704.20,704.45,95861
1788331440,704.45,704.45,703.85,704.35,63499
1788331500,704.40,704.45,704.10,704.15,35728
1788331560,704.20,704.20,703.45,703.75,73558
1788331620,703.75,703.95,703.50,703.65,35469
1788331680,703.70,703.70,703.15,703.20,39944
1788331740,703.20,703.30,702.70,702.85,57792
1788331800,702.75,702.85,702.50,702.50,52614
1788331860,702.50,702.50,702.15,702.20,58350
1788331920,702.15,703.10,702.15,702.70,92676
1788331980,702.70,702.95,702.15,702.95,66338
1788332040,702.95,702.95,702.60,702.70,20051
1788332100,702.70,703.10,702.70,702.95,74714
1788332160,702.95,703.30,702.85,703.30,104187
1788332220,703.25,703.35,703.00,703.05,45347
1788332280,703.10,703.25,703.05,703.25,29936
1788332340,703.20,703.35,703.00,703.25,24273
1788332400,703.30,703.35,703.00,703.25,39619
1788332460,703.35,703.55,703.25,703.50,51737
1788332520,703.55,703.65,703.25,703.45,55057
1788332580,703.40,703.60,703.25,703.55,106272
1788332640,703.55,703.60,703.35,703.35,55547
1788332700,703.40,703.60,703.25,703.35,39710
1788332760,703.45,703.55,703.40,703.55,65129
1788332820,703.60,703.65,703.05,703.60,140650
1788332880,703.90,703.90,703.00,703.30,118522
1788332940,703.30,703.30,703.00,703.00,25686
1788333000,703.05,703.20,702.85,702.90,193745
1788333060,702.95,703.20,702.75,703.15,111138
1788333120,703.20,703.25,702.95,703.00,32936
1788333180,703.05,703.50,702.85,703.40,68626
1788333240,703.45,703.50,702.95,702.95,83847
1788333300,703.05,703.10,702.75,702.75,29918
1788333360,702.75,702.85,702.65,702.80,47517
1788333420,702.80,702.90,702.75,702.75,29563
1788333480,702.80,702.80,702.65,702.70,38377
1788333540,702.70,702.85,702.70,702.75,33294
1788333600,702.80,702.85,702.75,702.75,31210
1788333660,702.80,702.85,702.75,702.80,39544
1788333720,702.85,703.00,702.80,703.00,34003
1788333780,702.95,703.05,702.90,703.05,36835
1788333840,703.00,703.30,702.95,703.30,41104
1788333900,703.25,703.30,703.00,703.05,46821
1788333960,703.00,703.05,702.90,702.95,35609
1788334020,703.00,703.05,702.95,703.05,47229
1788334080,703.00,703.05,702.85,702.90,34854
1788334140,702.95,703.05,702.90,703.00,42509
1788334200,703.00,703.15,703.00,703.10,34299
1788334260,703.15,703.30,703.10,703.30,43585
1788334320,703.30,703.30,703.10,703.10,32513
1788334380,703.20,703.20,702.90,702.90,48774
1788334440,702.90,702.95,702.75,702.85,55144
1788334500,702.80,702.90,702.75,702.90,37218
1788334560,702.90,703.20,702.80,702.85,38103
1788334620,702.85,703.05,702.50,702.50,65403
1788334680,702.55,702.60,702.05,702.15,78218
1788334740,702.10,702.15,702.00,702.10,51419
1788334800,702.15,702.45,702.10,702.45,45180
1788334860,702.40,702.70,702.40,702.60,25021
1788334920,702.65,702.80,702.60,702.75,45848
1788334980,702.75,702.75,702.65,702.70,29989
1788335040,702.75,702.85,702.70,702.80,33229
1788335100,702.80,702.95,702.80,702.80,29176
1788335160,702.85,702.90,702.80,702.90,33679
1788335220,702.90,702.95,702.75,702.80,51606
1788335280,702.85,702.90,702.80,702.90,27767
1788335340,702.90,702.90,702.60,702.65,31488
1788335400,702.70,703.00,702.65,702.70,48423
1788335460,702.75,702.85,702.70,702.75,31054
1788335520,702.80,702.90,702.80,702.85,28836
1788335580,702.90,703.00,702.75,702.95,42142
1788335640,703.00,703.55,702.90,703.20,314617
1788335700,703.15,703.40,703.00,703.30,109980
1788335760,703.30,703.50,703.10,703.30,50817
1788335820,703.35,703.40,703.00,703.00,36961
1788335880,703.05,703.05,702.70,702.70,58820
1788335940,702.75,702.90,702.55,702.75,114162
1788336000,702.75,703.15,702.70,702.90,48324
1788336060,702.90,702.90,702.70,702.70,31699
1788336120,702.75,702.90,702.70,702.90,45029
1788336180,702.90,703.00,702.85,703.00,55320
1788336240,702.90,703.30,702.90,703.20,43699
1788336300,703.25,703.40,703.20,703.35,34120
1788336360,703.35,703.50,703.30,703.50,49331
1788336420,703.35,703.75,703.35,703.70,35722
1788336480,703.75,703.75,703.00,703.00,53142
1788336540,703.05,703.05,702.60,702.65,39431
1788336600,702.60,702.75,702.60,702.70,47562
1788336660,702.75,703.05,702.70,702.95,46419
1788336720,703.00,703.15,702.95,703.15,107925
1788336780,703.10,703.35,703.00,703.00,150833
1788336840,703.15,703.25,702.90,703.20,117736
1788336900,703.00,703.30,703.00,703.25,76829
1788336960,703.25,703.25,702.40,702.45,104161
1788337020,702.50,702.90,702.50,702.80,104385
1788337080,702.85,703.10,702.70,702.85,66193
1788337140,702.95,702.95,702.50,702.50,48317
1788337200,702.50,702.55,702.15,702.40,137397
1788337260,702.45,702.45,702.00,702.10,58157
1788337320,702.15,702.15,701.80,702.00,111672
1788337380,702.05,702.70,702.05,702.55,148913
1788337440,702.65,702.95,702.55,702.75,144804
1788337500,702.75,702.80,702.55,702.55,37794
1788337560,702.55,702.60,702.40,702.40,23629
1788337620,702.50,702.80,702.35,702.45,101048
1788337680,702.45,702.80,702.40,702.80,78831
1788337740,702.65,702.75,702.55,702.75,25459
1788337800,702.70,703.00,702.70,702.95,51024
1788337860,703.00,703.15,702.95,703.10,28753
1788337920,703.15,703.40,703.05,703.15,47511
1788337980,703.15,703.20,702.95,703.00,40895
1788338040,703.00,703.00,702.65,702.75,49117
1788338100,702.75,702.85,702.70,702.85,28221
1788338160,702.85,703.40,702.80,703.15,71235
1788338220,703.20,703.50,703.20,703.40,69284
1788338280,703.45,703.45,703.20,703.20,35994
1788338340,703.25,703.30,703.00,703.00,45805
1788338400,703.05,703.05,702.70,702.80,51059
1788338460,702.85,702.85,702.75,702.75,31597
1788338520,702.80,703.15,702.75,703.10,48738
1788338580,703.10,703.15,702.75,702.80,48832
1788338640,702.80,703.15,702.70,702.90,30702
1788338700,703.00,703.00,702.50,702.95,51814
1788338760,702.90,702.90,702.55,702.70,24541
1788338820,702.70,702.70,702.50,702.50,24854
1788338880,702.50,702.50,702.30,702.30,34991
1788338940,702.35,702.45,702.30,702.45,18511
1788339000,702.40,702.45,702.10,702.10,51456
1788339060,702.10,702.15,702.05,702.10,39286
1788339120,702.10,702.10,702.00,702.10,33446
1788339180,702.05,702.10,702.00,702.10,28069
1788339240,702.05,702.10,701.80,701.85,297226
1788339300,701.90,701.90,701.70,701.75,56913
1788339360,701.75,702.00,701.70,701.95,57551
1788339420,702.00,702.00,701.85,701.95,61685
1788339480,702.00,702.00,701.75,702.00,60909
1788339540,701.90,702.10,701.90,702.00,83437
1788339600,701.95,702.40,701.95,702.25,90323
1788339660,702.20,702.20,701.85,701.95,72966
1788339720,701.90,701.95,701.80,701.95,81247
1788339780,701.90,702.25,701.80,702.25,262680
1788339840,702.20,702.40,702.20,702.25,63141
1788339900,702.20,702.75,702.20,702.75,120276
1788339960,702.70,702.85,702.40,702.60,127966
1788340020,702.55,702.60,702.15,702.25,49139
1788340080,702.25,702.25,701.95,702.00,69810
1788340140,701.95,702.00,701.90,702.00,178486
1788340200,702.00,702.00,701.95,702.00,53011
1788340260,701.95,702.00,701.65,701.65,93640
1788340320,701.70,701.70,701.50,701.50,72843
1788340380,701.55,701.55,701.45,701.45,71493
1788340440,701.50,701.50,701.25,701.40,67571
1788340500,701.45,701.45,701.25,701.45,83830
1788340560,701.45,701.45,701.40,701.45,64186
1788340620,701.40,701.95,701.40,701.85,129774
1788340680,701.80,701.90,701.80,701.90,59837
1788340740,701.90,702.00,701.65,701.70,229972
1788340800,701.65,701.65,701.40,701.45,213326
1788340860,701.45,701.55,701.25,701.55,147231
1788340920,701.55,701.55,701.20,701.25,117555
1788340980,701.30,701.30,701.15,701.30,83651
1788341040,701.25,701.30,701.00,701.05,129629
1788341100,701.05,701.10,700.60,700.65,207892
1788341160,700.70,700.70,700.50,700.50,80248
1788341220,700.50,700.55,700.30,700.35,77163
1788341280,700.35,700.40,700.30,700.40,211244
1788341340,700.35,700.40,700.30,700.35,77739
1788341400,700.40,700.40,700.15,700.20,254708
1788341460,700.25,700.30,700.00,700.10,415982
1788341520,700.10,701.05,700.05,701.05,296868
1788341580,701.05,701.15,700.80,701.05,197851
1788341640,701.00,701.05,701.00,701.05,123111
1788341700,701.05,701.05,700.65,700.70,199919
1788341760,700.70,701.05,700.50,701.00,309524
1788341820,701.00,701.05,700.85,700.90,136854
1788341880,700.90,700.95,700.85,700.85,134548
1788341940,700.90,700.90,700.35,700.75,294868
1788342000,700.70,701.00,700.65,700.95,204585
1788342060,701.00,701.80,700.95,701.60,193283
1788342120,701.60,701.60,701.00,701.10,433890
1788342180,701.10,701.35,701.05,701.20,140423
1788342240,701.10,701.45,701.05,701.05,164227
1788342300,701.05,701.05,701.05,701.05,0
1788342360,701.05,701.05,701.05,701.05,0
1788342420,701.05,701.05,701.05,701.05,0
1788342480,701.05,701.05,701.05,701.05,0
1788342540,701.05,701.05,701.05,701.05,0
1788342600,701.05,701.05,701.05,701.05,0
1788342660,701.05,701.05,701.05,701.05,0
1788342720,701.05,701.05,701.05,701.05,0
1788342780,701.05,701.05,701.05,701.05,0
1788342840,701.05,701.05,701.05,701.05,0
1788342900,701.05,701.05,701.05,701.05,0
1788342960,701.05,701.05,701.05,701.05,0
1788343020,701.05,701.05,701.05,701.05,0
1788343080,701.05,701.05,701.05,701.05,0
1788343140,701.05,701.05,700.80,700.80,1205634
1788407100,705.00,708.65,705.00,706.85,634295
1788407160,707.10,707.85,706.90,707.70,322910
1788407220,707.65,707.70,706.75,707.00,627343
1788407280,707.00,707.05,705.20,705.30,251375
1788407340,705.45,706.00,705.05,705.50,308590
1788407400,705.50,706.35,705.30,706.00,176237
1788407460,706.00,706.20,705.60,705.60,155263
1788407520,705.70,706.00,705.50,705.80,103868
1788407580,705.70,706.30,705.50,706.00,171296
1788407640,706.10,706.90,706.05,706.80,267631
1788407700,706.85,706.90,706.70,706.85,91418
1788407760,706.85,706.90,705.95,706.55,154219
1788407820,706.50,709.35,706.30,709.05,464759
1788407880,709.25,710.90,708.60,708.60,442436
1788407940,708.65,708.70,708.20,708.55,69202
1788408000,708.55,708.55,707.80,708.15,126650
1788408060,708.15,708.15,707.10,707.10,68250
1788408120,707.10,707.40,707.00,707.15,76349
1788408180,707.30,707.70,707.15,707.50,49408
1788408240,707.60,707.70,707.05,707.35,54571
1788408300,707.05,707.55,707.05,707.20,66383
1788408360,707.20,707.40,706.80,707.25,137710
1788408420,707.25,707.25,706.75,706.85,52897
1788408480,707.00,709.00,706.85,708.75,300083
1788408540,708.85,710.25,708.30,709.75,247659
1788408600,709.80,710.05,709.40,709.45,62511
1788408660,709.50,710.20,709.20,709.95,138498
1788408720,709.90,709.95,709.25,709.25,63050
1788408780,709.40,709.55,709.15,709.35,49780
1788408840,709.40,709.85,709.30,709.65,41291
1788408900,709.60,710.00,709.30,709.35,91570
1788408960,709.35,709.45,708.80,708.80,39378
1788409020,708.85,709.80,708.80,709.40,75491
1788409080,709.70,710.50,709.50,710.25,232329
1788409140,710.25,710.45,709.75,710.00,54188
1788409200,710.05,710.05,709.15,709.50,47115
1788409260,709.45,709.65,709.20,709.45,28562
1788409320,709.45,709.50,709.20,709.50,34368
1788409380,709.50,709.55,709.30,709.30,44939
1788409440,709.45,709.55,708.80,708.80,74412
1788409500,708.80,709.20,708.75,709.00,48978
1788409560,708.95,709.10,708.40,708.60,69207
1788409620,708.65,709.10,708.50,708.70,52338
1788409680,708.80,709.55,708.70,709.30,216793
1788409740,709.35,709.95,709.05,709.95,134466
1788409800,709.95,709.95,709.30,709.80,95643
1788409860,709.80,710.00,709.65,709.95,71162
1788409920,709.95,710.50,709.75,710.30,160097
1788409980,710.40,710.45,709.85,710.20,172674
1788410040,710.20,710.55,710.10,710.50,76227
1788410100,710.50,710.70,710.25,710.55,70855
1788410160,710.45,710.55,710.00,710.00,51535
1788410220,710.05,710.05,709.80,709.95,50929
1788410280,710.00,711.50,709.90,711.00,166756
1788410340,710.95,711.50,710.75,710.75,74792
1788410400,710.65,710.75,710.20,710.20,28508
1788410460,710.40,711.40,710.20,710.60,64424
1788410520,710.70,710.75,710.35,710.45,27710
1788410580,710.70,710.70,710.05,710.05,28755
1788410640,710.05,710.40,709.80,709.90,270423
1788410700,709.95,710.15,709.75,709.80,45412
1788410760,709.85,710.40,709.70,710.40,56235
1788410820,710.40,710.65,710.15,710.50,29570
1788410880,710.50,710.50,710.00,710.20,32114
1788410940,710.20,710.85,710.15,710.80,43669
1788411000,710.80,712.25,710.65,712.00,386738
1788411060,712.05,712.60,711.65,712.45,127947
1788411120,712.40,712.60,711.50,711.60,99453
1788411180,711.75,712.40,711.50,712.25,73116
1788411240,712.20,712.45,712.00,712.05,76677
1788411300,712.05,712.15,711.55,711.75,213329
1788411360,711.75,711.75,710.85,710.85,64406
1788411420,711.00,711.45,710.80,711.15,53150
1788411480,711.40,711.55,711.10,711.15,40208
1788411540,711.25,711.40,711.10,711.20,32317
1788411600,711.25,711.25,710.60,710.80,47298
1788411660,710.80,710.90,710.35,710.45,60579
1788411720,710.50,710.70,710.15,710.50,72295
1788411780,710.40,710.65,710.05,710.10,149826
1788411840,710.10,710.20,710.00,710.10,25309
1788411900,710.10,710.10,709.75,709.75,50509
1788411960,709.85,709.85,709.10,709.20,38454
1788412020,709.10,709.50,708.75,709.40,87960
1788412080,709.20,709.60,709.10,709.50,38392
1788412140,709.50,709.55,708.90,709.05,52875
1788412200,709.15,709.20,708.75,708.90,18233
1788412260,708.95,709.05,708.75,708.75,51241
1788412320,708.95,708.95,708.55,708.70,33790
1788412380,708.75,708.80,708.55,708.70,37236
1788412440,708.95,709.45,708.70,709.45,42118
1788412500,709.45,709.55,709.30,709.50,24977
1788412560,709.45,709.75,709.35,709.70,46340
1788412620,709.75,709.90,709.15,709.40,40623
1788412680,709.55,710.00,709.40,709.90,42215
1788412740,709.90,710.20,709.60,709.80,46040
1788412800,709.65,709.80,709.60,709.80,23770
1788412860,709.75,710.05,709.75,709.95,29408
1788412920,709.95,709.95,709.60,709.65,32263
1788412980,709.90,709.95,709.20,709.45,48196
1788413040,709.65,709.70,709.25,709.35,24103
1788413100,709.55,709.70,709.40,709.50,22685
1788413160,709.55,709.65,709.30,709.65,29068
1788413220,709.65,709.80,709.55,709.65,26596
1788413280,709.80,710.00,709.50,709.95,32663
1788413340,709.90,709.90,709.60,709.80,39929
1788413400,709.80,710.20,709.70,710.10,72031
1788413460,709.95,709.95,709.50,709.90,43903
1788413520,709.90,709.95,709.60,709.70,20793
1788413580,709.75,709.90,709.55,709.75,30587
1788413640,709.80,709.95,709.60,709.65,28423
1788413700,709.60,709.65,709.25,709.25,17768
1788413760,709.30,709.55,709.00,709.30,42863
1788413820,709.35,709.35,709.00,709.20,20425
1788413880,709.25,709.25,708.90,708.90,39186
1788413940,708.90,709.05,708.05,708.15,76912
1788414000,708.15,708.75,708.15,708.60,46918
1788414060,708.50,708.55,708.20,708.30,46776
1788414120,708.30,708.75,708.30,708.60,31943
1788414180,708.60,708.80,708.40,708.50,24349
1788414240,708.65,708.90,708.40,708.60,50903
1788414300,708.50,708.75,708.35,708.50,39120
1788414360,708.65,708.80,708.50,708.80,36943
1788414420,708.70,709.20,708.70,709.10,52349
1788414480,709.15,709.15,708.80,709.00,25891
1788414540,708.95,709.30,708.80,709.25,31907
1788414600,709.15,709.70,709.15,709.20,64518
1788414660,709.40,709.40,709.00,709.10,22499
1788414720,709.15,709.45,709.10,709.25,39020
1788414780,709.45,709.60,709.30,709.40,38708
1788414840,709.40,709.45,709.00,709.05,34443
1788414900,709.05,709.10,708.90,708.90,47040
1788414960,709.00,709.80,708.90,709.70,53453
1788415020,709.80,710.50,709.70,710.30,107633
1788415080,710.35,710.45,709.60,709.65,64700
1788415140,709.70,710.25,709.60,710.25,100399
1788415200,710.00,710.35,710.00,710.30,50655
1788415260,710.35,710.55,709.95,709.95,63481
1788415320,709.95,710.10,709.65,709.90,31981
1788415380,709.80,710.00,709.70,709.80,32880
1788415440,709.85,710.10,709.50,709.85,26403
1788415500,709.90,710.05,709.50,709.85,37850
1788415560,709.80,709.95,709.55,709.70,30382
1788415620,709.80,709.80,709.10,709.45,129879
1788415680,709.55,709.80,709.35,709.45,28210
1788415740,709.50,709.80,709.40,709.75,28371
1788415800,709.75,709.90,709.45,709.80,23462
1788415860,709.65,709.80,709.35,709.40,31578
1788415920,709.50,709.50,709.15,709.40,28364
1788415980,709.40,709.60,709.10,709.45,37993
1788416040,709.45,709.55,709.05,709.15,38991
1788416100,709.20,710.05,709.10,710.05,100483
1788416160,710.20,710.20,708.70,708.70,266795
1788416220,708.75,709.00,708.15,708.55,444461
1788416280,708.50,709.15,708.50,709.15,39336
1788416340,709.15,709.50,708.75,708.85,118648
1788416400,708.90,709.30,708.85,709.15,96592
1788416460,709.05,709.30,708.75,708.90,52421
1788416520,709.00,709.70,708.80,709.55,92547
1788416580,709.50,709.70,708.20,708.35,103243
1788416640,708.40,709.05,708.35,709.05,59179
1788416700,709.00,709.15,708.50,708.65,45621
1788416760,708.80,709.00,708.35,708.85,39955
1788416820,708.70,708.95,708.45,708.85,30146
1788416880,708.90,709.05,708.65,708.75,41838
1788416940,709.00,709.30,708.85,708.85,41751
1788417000,708.90,709.15,708.75,708.95,34225
1788417060,708.95,709.00,707.70,708.15,228121
1788417120,708.15,708.55,708.05,708.20,32781
1788417180,708.20,708.30,707.90,707.90,24856
1788417240,707.85,708.05,707.75,707.95,45875
1788417300,708.00,708.45,707.95,708.10,30999
1788417360,708.15,708.25,707.85,707.90,34170
1788417420,708.00,708.45,707.80,708.30,49652
1788417480,708.30,708.50,708.25,708.35,40301
1788417540,708.25,708.40,708.00,708.00,31730
1788417600,708.10,708.40,707.90,708.35,25640
1788417660,708.35,708.50,708.35,708.40,23306
1788417720,708.45,708.50,708.10,708.15,39089
1788417780,708.15,708.75,708.00,708.65,41212
1788417840,708.65,708.80,708.30,708.55,32512
1788417900,708.70,708.70,708.20,708.60,53713
1788417960,708.50,708.65,708.10,708.45,33810
1788418020,708.35,708.60,708.25,708.25,17414
1788418080,708.40,708.45,707.95,707.95,32269
1788418140,708.15,708.45,707.80,708.15,45030
1788418200,708.15,708.25,707.90,708.00,40013
1788418260,708.00,708.20,707.85,708.05,20847
1788418320,708.10,708.10,707.60,707.70,47667
1788418380,707.75,707.95,707.55,707.55,36481
1788418440,707.65,707.90,707.55,707.55,17386
1788418500,707.70,708.00,707.50,707.85,46345
1788418560,707.95,708.00,707.75,707.95,29186
1788418620,707.95,707.95,707.50,707.70,49838
1788418680,707.75,708.20,707.55,707.70,50309
1788418740,707.75,707.80,707.60,707.75,25257
1788418800,707.75,707.90,707.55,707.80,29102
1788418860,707.85,708.00,707.65,707.75,30821
1788418920,707.90,707.90,707.10,707.20,91990
1788418980,707.30,707.65,706.85,707.00,61283
1788419040,707.00,707.25,707.00,707.05,37409
1788419100,707.20,707.25,707.00,707.10,30705
1788419160,707.10,707.25,706.90,707.00,57005
1788419220,707.05,707.20,706.85,707.00,43676
1788419280,707.15,707.50,706.95,707.30,60453
1788419340,707.40,707.40,707.10,707.10,22368
1788419400,707.20,707.30,707.00,707.15,23812
1788419460,707.20,707.20,706.90,706.90,40660
1788419520,707.05,707.05,706.25,706.35,99591
1788419580,706.35,706.60,706.30,706.55,41910
1788419640,706.60,706.70,706.50,706.65,33396
1788419700,706.70,706.90,706.65,706.80,26775
1788419760,706.75,706.85,706.55,706.55,40906
1788419820,706.55,706.70,706.50,706.50,32561
1788419880,706.55,707.00,706.55,706.90,60471
1788419940,706.90,707.00,706.60,706.70,89464
1788420000,706.65,707.15,706.60,706.90,102795
1788420060,706.90,707.20,706.85,707.20,33910
1788420120,707.10,707.70,707.05,707.55,42774
1788420180,707.55,707.70,707.40,707.50,26943
1788420240,707.60,707.60,707.15,707.15,24446
1788420300,707.25,707.45,707.00,707.10,46412
1788420360,707.10,707.30,706.80,707.00,86287
1788420420,707.05,707.40,707.00,707.35,70013
1788420480,707.35,707.40,706.80,707.25,39210
1788420540,707.15,707.30,706.85,706.95,23998
1788420600,706.95,707.20,706.85,707.05,32888
1788420660,707.15,707.25,706.85,706.95,39397
1788420720,706.85,707.20,706.85,706.90,31609
1788420780,707.05,707.20,706.90,707.00,27697
1788420840,707.00,707.30,706.90,707.00,27906
1788420900,706.95,707.20,706.80,707.10,47279
1788420960,707.05,707.30,707.00,707.15,45277
1788421020,707.20,707.40,707.15,707.20,36125
1788421080,707.20,707.25,706.95,706.95,34413
1788421140,707.05,707.20,706.55,706.80,79758
1788421200,707.00,707.10,706.75,706.90,20391
1788421260,706.85,707.15,706.80,707.00,46656
1788421320,707.05,707.35,706.85,707.10,64509
1788421380,707.25,707.25,706.70,706.80,59863
1788421440,706.80,706.80,706.60,706.65,21392
1788421500,706.70,707.10,706.55,707.10,53167
1788421560,707.10,707.10,707.00,707.05,16529
1788421620,707.10,707.55,706.95,707.50,38381
1788421680,707.55,708.00,707.50,707.50,52242
1788421740,707.65,707.75,707.45,707.55,27271
1788421800,707.60,707.60,707.30,707.45,25162
1788421860,707.55,707.55,707.25,707.45,21924
1788421920,707.45,707.70,707.40,707.50,21679
1788421980,707.60,707.70,707.15,707.35,112220
1788422040,707.15,707.35,706.75,706.90,20389
1788422100,706.75,706.90,706.20,706.20,48507
1788422160,706.30,706.65,706.20,706.40,27372
1788422220,706.60,706.65,706.40,706.50,23961
1788422280,706.55,706.90,706.40,706.40,22131
1788422340,706.45,706.65,706.35,706.45,18284
1788422400,706.55,706.80,706.45,706.55,45673
1788422460,706.65,707.15,706.60,706.80,29421
1788422520,706.95,707.00,706.70,706.80,26973
1788422580,706.80,707.65,706.75,707.65,48486
1788422640,707.65,707.70,707.10,707.35,41966
1788422700,707.25,707.45,707.05,707.20,32989
1788422760,707.25,707.30,706.65,706.80,45881
1788422820,706.75,706.90,706.50,706.80,37784
1788422880,706.80,706.90,706.50,706.85,39986
1788422940,706.85,706.90,706.40,706.65,31734
1788423000,706.60,706.85,706.20,706.40,45524
1788423060,706.45,706.80,706.30,706.30,49298
1788423120,706.35,706.75,706.25,706.45,23540
1788423180,706.50,706.85,706.40,706.65,34627
1788423240,706.65,707.00,706.50,706.80,50607
1788423300,707.00,707.40,706.80,707.00,98634
1788423360,707.00,707.30,706.75,706.75,25638
1788423420,706.85,707.00,706.60,706.80,31573
1788423480,706.85,707.00,706.60,706.90,37233
1788423540,707.00,707.45,706.90,707.40,44239
1788423600,707.40,707.60,707.00,707.05,56519
1788423660,707.25,707.30,706.90,706.90,21686
1788423720,706.95,707.30,706.85,706.90,37189
1788423780,706.85,706.90,706.35,706.75,79824
1788423840,706.85,707.05,706.55,706.80,36563
1788423900,706.80,707.00,706.60,706.75,83434
1788423960,706.75,706.90,706.60,706.80,40027
1788424020,706.75,707.00,706.70,707.00,75321
1788424080,707.00,708.80,706.75,708.25,557853
1788424140,708.25,708.45,707.25,707.50,402040
1788424200,707.50,708.00,707.35,707.85,92877
1788424260,707.85,707.95,707.55,707.65,139632
1788424320,707.70,707.90,707.50,707.65,220655
1788424380,707.70,708.20,707.55,708.10,167032
1788424440,708.05,708.10,707.55,707.65,73740
1788424500,707.60,707.90,707.55,707.65,75987
1788424560,707.80,707.80,707.40,707.65,33499
1788424620,707.65,707.75,707.45,707.50,18932
1788424680,707.50,707.80,707.00,707.50,117936
1788424740,707.60,707.70,707.35,707.60,22039
1788424800,707.60,707.75,707.55,707.65,20663
1788424860,707.60,707.65,707.25,707.25,32030
1788424920,707.20,707.45,706.90,707.05,35737
1788424980,707.10,707.45,707.00,707.10,29264
1788425040,707.20,707.40,707.00,707.30,30928
1788425100,707.15,707.45,706.70,707.05,69708
1788425160,707.00,707.20,706.80,707.00,20414
1788425220,707.05,707.20,706.80,707.00,22791
1788425280,707.00,707.15,706.80,706.80,42615
1788425340,706.80,707.30,706.75,707.05,53349
1788425400,707.05,707.45,707.00,707.35,45122
1788425460,707.35,707.50,707.20,707.25,145171
1788425520,707.25,707.45,706.85,707.00,53534
1788425580,707.05,707.40,707.00,707.10,53029
1788425640,707.15,707.45,707.10,707.20,85777
1788425700,707.35,708.40,707.05,708.20,574221
1788425760,708.25,708.65,708.20,708.60,77362
1788425820,708.60,709.15,708.10,709.05,113729
1788425880,709.15,710.40,709.05,710.30,162941
1788425940,710.15,710.80,710.00,710.40,114452
1788426000,710.40,710.40,709.50,709.65,85035
1788426060,709.65,710.10,709.55,709.90,67393
1788426120,709.90,709.90,709.30,709.55,32572
1788426180,709.55,709.60,709.35,709.60,51302
1788426240,709.40,709.90,709.40,709.85,40050
1788426300,709.75,709.85,709.20,709.40,78251
1788426360,709.45,709.70,709.35,709.60,41745
1788426420,709.65,710.25,709.50,709.65,82559
1788426480,709.50,710.05,709.35,709.40,73534
1788426540,709.55,709.55,709.15,709.30,23213
1788426600,709.30,709.45,708.95,709.10,37439
1788426660,709.10,709.50,709.00,709.30,61135
1788426720,709.30,709.70,709.15,709.40,34965
1788426780,709.65,709.65,709.30,709.35,21839
1788426840,709.35,709.60,709.35,709.50,32877
1788426900,709.50,709.55,709.30,709.35,22919
1788426960,709.35,709.35,709.10,709.10,25243
1788427020,709.10,709.15,708.95,709.05,49738
1788427080,709.00,709.55,709.00,709.25,48864
1788427140,709.25,709.65,709.25,709.35,69310
1788427200,709.35,709.50,709.25,709.30,25776
1788427260,709.25,709.30,708.80,708.90,35978
1788427320,709.00,709.45,708.90,709.10,37499
1788427380,709.10,709.15,708.80,708.80,23136
1788427440,708.95,709.00,708.60,708.80,25805
1788427500,708.80,708.85,708.50,708.55,20536
1788427560,708.55,708.70,708.30,708.35,34213
1788427620,708.35,708.50,708.30,708.40,46518
1788427680,708.40,708.50,708.05,708.20,55659
1788427740,708.20,708.50,708.10,708.30,54083
1788427800,708.30,708.60,708.05,708.60,70078
1788427860,708.45,708.85,708.25,708.85,68529
1788427920,708.80,708.80,708.40,708.60,41525
1788427980,708.60,708.75,708.45,708.65,65861
1788428040,708.65,708.70,708.45,708.65,69356
1788428100,708.60,708.65,708.10,708.40,99592
1788428160,708.40,708.60,708.15,708.40,104175
1788428220,708.35,708.50,708.25,708.40,83395
1788428280,708.35,708.50,708.25,708.45,97201
1788428340,708.30,708.65,708.15,708.60,125019
1788428400,708.55,708.60,708.35,708.35,98625
1788428460,708.40,708.40,708.25,708.25,119385
1788428520,708.25,709.00,708.10,708.35,205224
1788428580,708.30,709.00,708.20,708.90,121416
1788428640,708.95,709.05,708.00,708.75,139345
1788428700,708.75,708.75,708.75,708.75,1
1788428760,708.75,708.75,708.75,708.75,0
1788428820,708.75,708.75,708.75,708.75,0
1788428880,708.75,708.75,708.75,708.75,0
1788428940,708.75,708.75,708.75,708.75,0
1788429000,708.75,708.75,708.75,708.75,0
1788429060,708.75,708.75,708.75,708.75,0
1788429120,708.75,708.75,708.75,708.75,0
1788429180,708.75,708.75,708.75,708.75,0
1788429240,708.75,708.75,708.75,708.75,0
1788429300,708.75,708.75,708.75,708.75,0
1788429360,708.75,708.75,708.75,708.75,0
1788429420,708.75,708.75,708.75,708.75,0
1788429480,708.75,708.75,706.65,706.65,1091725
1788429540,706.65,706.65,706.65,706.65,0
1788493500,708.35,711.85,708.35,710.65,129212
1788493560,710.55,710.95,710.15,710.60,75828
1788493620,710.65,711.30,710.55,710.95,109590
1788493680,710.90,711.70,710.70,711.70,87231
1788493740,711.65,711.65,711.05,711.25,55624
1788493800,711.30,711.35,710.85,711.20,80059
1788493860,711.25,711.50,710.85,711.50,74528
1788493920,711.45,711.65,711.05,711.20,61704
1788493980,711.30,711.30,711.00,711.00,27516
1788494040,711.10,711.50,711.10,711.45,52487
1788494100,711.45,711.80,711.45,711.70,36695
1788494160,711.70,711.75,710.80,711.00,57459
1788494220,711.05,711.05,710.05,710.05,100181
1788494280,710.05,710.15,709.35,709.80,88281
1788494340,709.90,710.45,709.80,710.05,49590
1788494400,710.05,710.25,709.40,709.65,48749
1788494460,709.55,709.65,709.00,709.25,45465
1788494520,709.20,709.30,708.65,708.65,47746
1788494580,708.95,709.25,708.65,709.20,41135
1788494640,709.25,709.80,709.20,709.60,56180
1788494700,709.55,709.55,709.10,709.15,24961
1788494760,709.20,709.25,709.05,709.15,30065
1788494820,709.15,709.30,709.15,709.25,27004
1788494880,709.20,709.25,708.85,708.95,71689
1788494940,709.00,709.80,708.85,709.75,129234
1788495000,709.55,709.95,709.50,709.65,38217
1788495060,709.65,709.85,709.55,709.60,29441
1788495120,709.50,709.65,709.35,709.60,37840
1788495180,709.60,709.95,709.35,709.85,52536
1788495240,709.95,710.00,709.65,709.85,31200
1788495300,709.85,709.95,709.65,709.90,37295
1788495360,709.95,710.50,709.80,709.80,48125
1788495420,710.00,710.05,709.30,709.70,51115
1788495480,709.85,709.90,709.65,709.80,23702
1788495540,709.80,709.95,709.60,709.65,17925
1788495600,709.90,709.90,709.65,709.80,15287
1788495660,709.80,709.90,709.65,709.65,13938
1788495720,709.65,710.50,709.65,710.50,61011
1788495780,710.40,710.50,710.05,710.30,18362
1788495840,710.35,710.40,710.00,710.30,20398
1788495900,710.40,711.30,710.30,711.25,69811
1788495960,711.25,711.30,710.60,710.65,21115
1788496020,710.65,710.95,710.60,710.65,27177
1788496080,710.90,710.95,710.75,710.80,22490
1788496140,710.90,710.95,710.50,710.75,23363
1788496200,710.75,710.90,710.60,710.90,13542
1788496260,710.85,711.00,710.85,710.95,13750
1788496320,710.95,710.95,710.80,710.85,15853
1788496380,710.80,710.90,710.75,710.85,19591
1788496440,710.85,710.85,710.55,710.65,15685
1788496500,710.55,710.75,710.55,710.55,12448
1788496560,710.55,710.70,710.55,710.60,10831
1788496620,710.60,710.60,710.30,710.60,17488
1788496680,710.60,710.75,710.50,710.70,20302
1788496740,710.75,710.80,710.45,710.50,12146
1788496800,710.65,710.65,710.35,710.45,10755
1788496860,710.45,710.55,710.10,710.45,15382
1788496920,710.40,710.50,710.00,710.40,68409
1788496980,710.50,710.50,710.40,710.40,9419
1788497040,710.50,710.50,710.25,710.40,10801
1788497100,710.35,710.40,710.10,710.30,8191
1788497160,710.35,710.35,710.25,710.30,7500
1788497220,710.35,710.40,710.30,710.40,18969
1788497280,710.40,710.80,710.40,710.70,30453
1788497340,710.70,710.75,710.35,710.50,11011
1788497400,710.50,710.65,710.40,710.60,14011
1788497460,710.60,710.65,710.40,710.65,12497
1788497520,710.65,710.85,710.55,710.80,19933
1788497580,710.85,710.85,710.55,710.70,7198
1788497640,710.55,710.90,710.55,710.85,29036
1788497700,710.85,711.35,710.80,711.25,50575
1788497760,711.30,711.30,711.00,711.00,20907
1788497820,711.20,711.20,711.00,711.00,17530
1788497880,711.15,711.15,711.00,711.00,10142
1788497940,711.05,711.50,711.00,711.50,80707
1788498000,711.45,711.95,711.45,711.90,48628
1788498060,711.90,711.95,711.35,711.40,22804
1788498120,711.40,711.60,711.30,711.30,10928
1788498180,711.45,711.45,711.25,711.40,8797
1788498240,711.40,711.45,711.30,711.40,8191
1788498300,711.40,711.40,711.20,711.35,12093
1788498360,711.35,711.40,711.20,711.25,10698
1788498420,711.25,711.25,711.00,711.05,16227
1788498480,711.15,711.20,711.05,711.05,11066
1788498540,711.05,711.10,711.05,711.05,8554
1788498600,711.10,711.10,711.00,711.10,17258
1788498660,711.10,711.20,711.00,711.15,20116
1788498720,711.20,711.20,711.00,711.20,25435
1788498780,711.20,711.25,711.05,711.25,39032
1788498840,711.25,711.25,711.00,711.00,9665
1788498900,711.10,711.20,711.05,711.20,24889
1788498960,711.20,711.20,711.05,711.20,13497
1788499020,711.20,711.25,711.10,711.15,11054
1788499080,711.15,711.25,711.15,711.15,18665
1788499140,711.15,711.25,711.10,711.20,9875
1788499200,711.20,711.20,711.10,711.20,14246
1788499260,711.20,711.30,711.10,711.30,24147
1788499320,711.30,711.70,711.30,711.55,43199
1788499380,711.65,711.65,711.35,711.60,28893
1788499440,711.65,711.80,711.40,711.80,22587
1788499500,711.80,711.90,711.75,711.85,24890
1788499560,711.90,711.90,711.60,711.60,29638
1788499620,711.65,712.20,711.60,712.00,199416
1788499680,712.20,712.30,712.00,712.25,46274
1788499740,712.20,712.40,711.95,712.15,79254
1788499800,712.20,712.55,711.90,712.50,107940
1788499860,712.55,712.65,712.35,712.60,51771
1788499920,712.65,712.65,712.25,712.60,63362
1788499980,712.55,712.70,712.50,712.65,33092
1788500040,712.60,713.00,712.60,712.70,126220
1788500100,712.85,712.90,712.60,712.60,21509
1788500160,712.70,712.70,712.50,712.65,19055
1788500220,712.65,712.80,712.50,712.80,37850
1788500280,712.80,713.40,712.65,713.30,85838
1788500340,713.30,714.00,713.20,713.85,105012
1788500400,713.65,714.75,713.65,714.10,122579
1788500460,714.25,714.35,713.25,713.25,39588
1788500520,713.50,713.65,713.20,713.40,24284
1788500580,713.25,713.40,713.00,713.10,27168
1788500640,713.10,713.10,712.95,712.95,15755
1788500700,712.95,713.00,712.90,713.00,10274
1788500760,713.00,713.00,712.90,712.95,12721
1788500820,713.00,713.00,712.80,712.80,11359
1788500880,712.90,713.75,712.75,713.50,70994
1788500940,713.50,713.55,713.25,713.40,6732
1788501000,713.40,713.40,713.20,713.40,7639
1788501060,713.40,714.20,713.25,714.05,94583
1788501120,714.05,714.80,714.05,714.70,310853
1788501180,714.70,714.80,714.20,714.55,266352
1788501240,714.60,715.00,714.15,714.20,298751
1788501300,714.20,714.80,714.05,714.50,105537
1788501360,714.50,714.70,714.20,714.20,21294
1788501420,714.20,715.00,714.20,714.90,47651
1788501480,715.00,715.00,714.25,714.50,42084
1788501540,714.50,714.50,714.30,714.35,10866
1788501600,714.35,714.45,714.30,714.35,14037
1788501660,714.30,714.35,714.00,714.05,72823
1788501720,714.40,714.40,714.15,714.30,10178
1788501780,714.30,714.30,714.05,714.25,27687
1788501840,714.25,714.25,714.00,714.10,12408
1788501900,714.15,714.20,714.05,714.10,10653
1788501960,714.00,714.10,713.70,713.90,30699
1788502020,713.90,714.05,713.70,714.05,25996
1788502080,714.05,715.60,714.00,715.20,278585
1788502140,715.55,715.90,715.15,715.90,115338
1788502200,715.90,716.20,715.40,715.60,186996
1788502260,715.75,715.90,715.05,715.30,30431
1788502320,715.30,715.30,714.55,714.60,19417
1788502380,714.65,714.65,714.45,714.45,15344
1788502440,714.55,714.55,714.15,714.15,15481
1788502500,714.40,714.55,714.25,714.50,30799
1788502560,714.50,714.90,714.35,714.80,15808
1788502620,714.85,715.00,714.55,714.80,22138
1788502680,714.80,715.00,714.55,715.00,33628
1788502740,715.00,715.00,714.75,714.80,13401
1788502800,714.80,715.50,714.80,715.40,53727
1788502860,715.45,715.65,715.35,715.55,38351
1788502920,715.60,715.75,715.25,715.40,13135
1788502980,715.25,715.40,715.10,715.35,14202
1788503040,715.30,715.40,715.05,715.15,16461
1788503100,715.25,715.30,715.00,715.25,26377
1788503160,715.30,715.30,715.00,715.20,10068
1788503220,715.20,715.30,715.00,715.05,22087
1788503280,715.05,715.35,715.00,715.35,22830
1788503340,715.35,715.35,715.00,715.30,38650
1788503400,715.20,715.30,714.95,715.00,14178
1788503460,715.00,715.10,714.95,715.00,21965
1788503520,715.00,715.05,714.90,715.05,42026
1788503580,715.05,715.05,714.35,714.55,42946
1788503640,714.55,714.65,714.35,714.45,14593
1788503700,714.45,714.55,714.40,714.55,22340
1788503760,714.55,714.55,714.50,714.55,13174
1788503820,714.50,714.55,714.10,714.45,44037
1788503880,714.30,714.85,714.25,714.85,46787
1788503940,714.85,714.95,714.60,714.90,50283
1788504000,714.90,715.25,714.70,714.95,56186
1788504060,714.95,714.95,714.40,714.50,11921
1788504120,714.50,714.90,714.50,714.80,19940
1788504180,714.80,714.80,714.40,714.60,7510
1788504240,714.55,714.90,714.45,714.70,27009
1788504300,714.85,715.00,714.50,714.60,13705
1788504360,714.60,714.65,714.50,714.60,24152
1788504420,714.65,715.20,714.40,715.20,46311
1788504480,715.15,715.20,715.00,715.05,9308
1788504540,715.05,715.10,715.00,715.10,19124
1788504600,715.10,715.10,715.00,715.05,11976
1788504660,715.00,715.05,715.00,715.00,20695
1788504720,715.00,715.05,715.00,715.05,20368
1788504780,715.00,715.10,715.00,715.00,23414
1788504840,715.10,715.20,715.00,715.05,41839
1788504900,715.00,715.20,714.90,715.20,34700
1788504960,715.20,715.30,714.95,715.15,85814
1788505020,715.15,715.30,715.00,715.25,23348
1788505080,715.30,715.60,715.25,715.50,40701
1788505140,715.60,715.60,715.50,715.55,15195
1788505200,715.50,715.55,715.00,715.00,49537
1788505260,715.00,715.25,715.00,715.20,13367
1788505320,715.05,715.40,715.00,715.10,19647
1788505380,715.00,715.10,715.00,715.10,11965
1788505440,715.10,715.20,715.00,715.05,24113
1788505500,715.00,715.05,714.90,715.00,72508
1788505560,715.05,715.10,715.00,715.05,18932
1788505620,715.05,715.05,715.00,715.00,17291
1788505680,715.05,715.05,715.00,715.05,9031
1788505740,715.00,715.05,715.00,715.05,10837
1788505800,715.05,715.05,715.00,715.05,12100
1788505860,715.00,715.05,715.00,715.00,10163
1788505920,715.00,715.10,715.00,715.05,14687
1788505980,715.00,715.15,715.00,715.10,12721
1788506040,715.00,715.10,715.00,715.05,8813
1788506100,715.05,715.10,715.00,715.05,9031
1788506160,715.00,715.05,714.70,714.90,60380
1788506220,715.00,715.05,714.85,714.90,18148
1788506280,714.95,715.40,714.95,715.35,41329
1788506340,715.40,715.45,715.15,715.45,14639
1788506400,715.45,715.45,715.30,715.40,5657
1788506460,715.40,715.40,715.25,715.30,3897
1788506520,715.30,715.35,715.10,715.30,5741
1788506580,715.35,715.40,715.25,715.40,10316
1788506640,715.35,715.70,715.35,715.65,39473
1788506700,715.70,715.70,715.35,715.50,9498
1788506760,715.50,715.50,715.20,715.30,14072
1788506820,715.30,715.30,715.00,715.00,8395
1788506880,715.05,715.05,715.00,715.05,19263
1788506940,715.00,715.60,715.00,715.60,40331
1788507000,715.55,715.70,715.55,715.70,51839
1788507060,715.70,715.70,715.35,715.60,12351
1788507120,715.35,715.55,715.20,715.25,13731
1788507180,715.25,715.45,715.20,715.40,5846
1788507240,715.30,715.40,715.05,715.25,15786
1788507300,715.35,715.45,715.25,715.25,14366
1788507360,715.35,715.35,715.10,715.30,20935
1788507420,715.35,715.35,715.05,715.15,11133
1788507480,715.15,715.50,715.15,715.35,21311
1788507540,715.30,715.60,715.25,715.45,22086
1788507600,715.60,715.70,715.30,715.65,14209
1788507660,715.65,715.70,715.40,715.55,9360
1788507720,715.45,715.60,715.25,715.30,6249
1788507780,715.20,715.55,715.20,715.55,11029
1788507840,715.45,715.55,715.25,715.35,7377
1788507900,715.45,715.65,715.25,715.65,45231
1788507960,715.60,716.10,715.40,716.00,127445
1788508020,716.10,716.50,716.00,716.25,51958
1788508080,716.35,716.45,716.15,716.20,9528
1788508140,716.20,716.20,716.00,716.00,14363
1788508200,716.05,716.05,715.80,715.90,9847
1788508260,716.00,716.00,715.50,715.55,7553
1788508320,715.75,715.80,715.50,715.75,14303
1788508380,715.80,715.85,715.45,715.70,37543
1788508440,715.70,715.85,715.45,715.85,28014
1788508500,715.85,715.90,715.50,715.50,24199
1788508560,715.50,715.95,715.50,715.70,14589
1788508620,715.85,715.90,715.55,715.55,13018
1788508680,715.65,715.65,715.40,715.50,13136
1788508740,715.45,715.45,715.05,715.30,20515
1788508800,715.30,715.30,715.10,715.15,14725
1788508860,715.20,715.30,715.10,715.20,17448
1788508920,715.10,715.20,715.05,715.05,30023
1788508980,714.85,715.10,714.80,715.10,35606
1788509040,715.00,715.10,714.80,715.00,10158
1788509100,715.00,715.10,714.80,715.00,16182
1788509160,715.10,715.10,714.85,714.90,15676
1788509220,715.00,715.10,714.85,715.00,10992
1788509280,715.05,715.05,714.80,714.95,11690
1788509340,714.95,715.10,714.80,715.00,15441
1788509400,715.10,715.20,714.85,715.00,98479
1788509460,715.05,715.55,714.75,715.55,206607
1788509520,715.55,715.60,715.05,715.60,51139
1788509580,715.70,715.90,715.25,715.25,88571
1788509640,715.35,715.35,715.05,715.25,6846
1788509700,715.10,715.25,715.00,715.25,52317
1788509760,715.20,715.25,715.05,715.15,6960
1788509820,715.10,715.15,715.00,715.00,8391
1788509880,715.05,715.10,715.00,715.00,9439
1788509940,715.05,715.05,715.00,715.00,32753
1788510000,715.05,715.10,714.70,714.85,68725
1788510060,714.85,714.85,714.15,714.30,100201
1788510120,714.15,714.30,714.15,714.20,17950
1788510180,714.25,714.90,714.20,714.70,39651
1788510240,714.60,714.95,714.45,714.95,17100
1788510300,714.95,715.00,714.75,714.85,21996
1788510360,714.85,715.00,714.75,715.00,26835
1788510420,715.00,715.10,714.95,715.00,21417
1788510480,715.00,715.10,714.80,714.90,22450
1788510540,714.95,715.10,714.90,715.00,14716
1788510600,715.10,715.20,715.00,715.00,7229
1788510660,715.10,715.10,715.00,715.10,8590
1788510720,715.00,715.15,715.00,715.05,6920
1788510780,715.00,715.15,715.00,715.10,10509
1788510840,715.15,715.20,715.00,715.05,10338
1788510900,715.10,715.10,715.00,715.00,10449
1788510960,715.10,715.20,715.00,715.15,9014
1788511020,715.20,715.20,715.05,715.15,10913
1788511080,715.10,715.15,715.00,715.10,38850
1788511140,715.05,715.10,715.05,715.10,9922
1788511200,715.10,715.20,715.05,715.10,37691
1788511260,715.10,715.60,715.05,715.50,73388
1788511320,715.60,716.00,715.30,715.55,95485
1788511380,715.65,715.75,715.45,715.65,19537
1788511440,715.65,715.65,715.35,715.50,15357
1788511500,715.45,715.50,715.30,715.35,4122
1788511560,715.15,715.20,715.00,715.10,16486
1788511620,715.10,715.10,715.00,715.05,10694
1788511680,715.05,715.15,715.05,715.10,30964
1788511740,715.05,715.10,715.00,715.00,11754
1788511800,715.10,715.45,715.10,715.40,19170
1788511860,715.25,715.90,715.25,715.70,124698
1788511920,715.80,716.05,715.65,715.75,55622
1788511980,715.75,715.85,715.25,715.25,22191
1788512040,715.25,715.45,715.20,715.20,35639
1788512100,715.45,715.90,715.15,715.60,82524
1788512160,715.60,715.70,715.35,715.70,8305
1788512220,715.70,715.85,715.55,715.75,14213
1788512280,715.75,715.85,715.50,715.65,9835
1788512340,715.65,715.85,715.50,715.75,19182
1788512400,715.85,715.90,715.50,715.70,19582
1788512460,715.80,716.00,715.55,715.95,25710
1788512520,715.95,715.95,715.80,715.90,20202
1788512580,715.95,715.95,715.55,715.55,44542
1788512640,715.65,715.70,715.50,715.65,15941
1788512700,715.65,715.65,715.30,715.45,19321
1788512760,715.45,715.45,715.25,715.40,20931
1788512820,715.40,715.50,715.30,715.50,22255
1788512880,715.50,715.50,715.30,715.30,12787
1788512940,715.35,715.40,715.00,715.20,49812
1788513000,715.15,715.45,715.10,715.25,17213
1788513060,715.40,715.50,715.25,715.45,14657
1788513120,715.40,715.50,715.15,715.25,15404
1788513180,715.45,715.50,715.25,715.45,13174
1788513240,715.25,715.45,715.20,715.30,15389
1788513300,715.40,715.45,715.05,715.25,11551
1788513360,715.25,715.45,715.05,715.25,31004
1788513420,715.20,715.40,715.20,715.35,13314
1788513480,715.35,715.40,715.20,715.40,14482
1788513540,715.40,715.40,715.20,715.40,22668
1788513600,715.45,715.70,715.15,715.30,41272
1788513660,715.30,715.60,715.20,715.40,36508
1788513720,715.35,715.70,715.15,715.50,84103
1788513780,715.50,715.50,715.05,715.25,34824
1788513840,715.25,715.45,715.00,715.10,102655
1788513900,715.10,715.10,714.50,714.70,68296
1788513960,714.70,714.75,714.50,714.55,28918
1788514020,714.55,714.60,714.50,714.50,39916
1788514080,714.30,714.95,714.30,714.65,82840
1788514140,714.90,714.95,714.65,714.85,36396
1788514200,714.85,715.50,714.65,715.45,88327
1788514260,715.45,715.55,715.15,715.45,57459
1788514320,715.45,715.55,715.35,715.50,32891
1788514380,715.55,715.55,715.35,715.45,53024
1788514440,715.40,715.45,715.15,715.30,56723
1788514500,715.25,715.55,715.25,715.50,73788
1788514560,715.50,715.50,715.25,715.25,71426
1788514620,715.25,715.35,715.20,715.20,52575
1788514680,715.20,715.25,715.05,715.15,52413
1788514740,715.15,715.20,715.00,715.15,91660
1788514800,715.05,715.25,715.05,715.15,87893
1788514860,715.25,715.25,715.00,715.05,94807
1788514920,715.10,715.15,714.75,715.00,206730
1788514980,714.90,715.00,714.20,714.50,167676
1788515040,714.50,715.00,714.25,714.85,63281
1788515100,714.85,714.85,714.85,714.85,10
1788515160,714.85,714.85,714.85,714.85,0
1788515220,714.85,714.85,714.85,714.85,0
1788515280,714.85,714.85,714.85,714.85,0
1788515340,714.85,714.85,714.85,714.85,0
1788515400,714.85,714.85,714.85,714.85,0
1788515460,714.85,714.85,714.85,714.85,0
1788515520,714.85,714.85,714.85,714.85,0
1788515580,714.85,714.85,714.85,714.85,0
1788515640,714.85,714.85,714.85,714.85,0
1788515700,714.85,714.85,714.85,714.85,0
1788515760,714.85,714.85,714.85,714.85,0
1788515820,714.85,714.85,714.85,714.85,0
1788515880,714.85,714.85,712.10,712.10,896285
1788515940,712.10,712.10,712.10,712.10,0
1788752700,712.10,712.80,710.05,710.25,171229
1788752760,710.20,711.40,709.30,711.35,190779
1788752820,711.35,711.70,710.65,711.30,90215
1788752880,711.35,713.00,711.05,712.90,84047
1788752940,712.90,712.90,711.55,712.00,86003
1788753000,712.00,712.50,711.70,711.90,60552
1788753060,711.75,712.00,711.50,711.60,71905
1788753120,711.60,711.95,711.50,711.95,24951
1788753180,712.25,712.25,711.60,711.70,64074
1788753240,711.70,712.40,711.65,712.10,29680
1788753300,712.10,712.50,712.00,712.35,30458
1788753360,712.35,712.40,711.75,711.75,66580
1788753420,711.85,711.85,711.55,711.60,35943
1788753480,711.65,711.65,711.30,711.50,37063
1788753540,711.50,711.50,711.05,711.05,28776
1788753600,711.20,711.50,711.20,711.45,33353
1788753660,711.35,711.50,711.00,711.05,55476
1788753720,711.05,711.20,711.05,711.15,20388
1788753780,711.35,711.50,711.25,711.50,24356
1788753840,711.50,711.90,711.35,711.50,44185
1788753900,711.50,711.50,711.20,711.25,24166
1788753960,711.25,711.30,711.15,711.30,16472
1788754020,711.25,711.30,711.20,711.25,18086
1788754080,711.25,711.45,711.25,711.40,35868
1788754140,711.40,711.40,710.70,710.75,71540
1788754200,710.75,711.00,710.15,710.50,51599
1788754260,710.50,710.55,710.10,710.40,25292
1788754320,710.35,710.70,710.20,710.50,20711
1788754380,710.50,710.70,710.35,710.50,25830
1788754440,710.50,710.50,710.30,710.40,8476
1788754500,710.40,710.95,710.35,710.80,16387
1788754560,710.80,711.00,710.50,710.60,43601
1788754620,710.60,710.65,710.30,710.35,33355
1788754680,710.45,710.65,710.30,710.50,16914
1788754740,710.50,710.50,710.40,710.45,12696
1788754800,710.60,710.80,710.50,710.60,17272
1788754860,710.55,710.70,710.40,710.55,29576
1788754920,710.50,710.65,710.25,710.45,24468
1788754980,710.45,710.55,710.35,710.45,8125
1788755040,710.50,710.50,710.15,710.15,27859
1788755100,710.25,710.25,709.55,710.10,101810
1788755160,710.10,710.50,710.00,710.20,33611
1788755220,710.20,710.50,710.05,710.10,20340
1788755280,710.05,710.15,709.50,709.75,48737
1788755340,709.75,709.95,709.60,709.80,19701
1788755400,709.90,709.95,709.80,709.80,11480
1788755460,709.90,709.95,709.45,709.70,71227
1788755520,709.70,709.90,709.60,709.75,40228
1788755580,709.90,709.95,709.60,709.65,15435
1788755640,709.70,709.95,709.00,709.20,63318
1788755700,709.20,709.50,709.20,709.50,14199
1788755760,709.50,709.60,709.40,709.55,11509
1788755820,709.60,709.70,709.20,709.25,38924
1788755880,709.25,709.30,709.00,709.25,16926
1788755940,709.25,709.25,709.10,709.20,19331
1788756000,709.20,709.20,708.75,708.90,73917
1788756060,708.95,709.00,708.75,708.80,19452
1788756120,708.85,709.30,708.80,709.10,53633
1788756180,709.15,709.40,708.85,709.00,25753
1788756240,709.00,709.10,708.95,708.95,13647
1788756300,709.00,709.35,708.95,709.30,18716
1788756360,709.15,709.30,709.00,709.15,19814
1788756420,709.15,709.30,709.00,709.15,16307
1788756480,709.30,709.45,709.15,709.30,17332
1788756540,709.20,709.40,709.20,709.30,22382
1788756600,709.25,709.40,709.05,709.20,23371
1788756660,709.20,709.40,709.10,709.20,9671
1788756720,709.25,709.95,709.20,709.75,16167
1788756780,709.75,709.90,709.60,709.65,29338
1788756840,709.70,709.75,709.50,709.50,9474
1788756900,709.60,709.85,709.50,709.75,17056
1788756960,709.85,709.85,709.75,709.85,11339
1788757020,709.90,709.95,709.80,709.85,14521
1788757080,709.90,710.00,709.85,709.95,7416
1788757140,709.95,710.35,709.95,710.20,29648
1788757200,710.20,710.40,709.75,709.90,21137
1788757260,709.95,710.00,709.85,709.95,15815
1788757320,710.00,710.00,709.90,710.00,9053
1788757380,709.95,710.00,709.80,709.90,14234
1788757440,709.80,709.90,709.80,709.85,9156
1788757500,709.90,710.00,709.80,710.00,10861
1788757560,709.95,710.15,709.95,710.05,15812
1788757620,710.30,710.50,710.10,710.30,20310
1788757680,710.30,710.40,710.05,710.10,28267
1788757740,710.10,710.10,709.75,709.80,14899
1788757800,709.75,710.05,709.75,709.80,8940
1788757860,709.80,710.20,709.80,710.20,16916
1788757920,710.20,710.45,710.00,710.45,22301
1788757980,710.45,710.70,710.35,710.45,18797
1788758040,710.50,710.60,710.35,710.50,18169
1788758100,710.60,710.60,709.90,710.30,29216
1788758160,710.25,710.40,710.00,710.35,28941
1788758220,710.35,710.50,710.10,710.20,17276
1788758280,710.20,710.25,710.00,710.10,17884
1788758340,710.10,710.40,709.90,710.20,27050
1788758400,710.40,710.50,710.20,710.20,16581
1788758460,710.40,710.50,709.75,710.00,32751
1788758520,710.00,710.15,709.80,710.10,11179
1788758580,710.15,710.15,709.65,709.80,17966
1788758640,710.00,710.00,709.75,709.95,17818
1788758700,709.95,710.10,709.85,710.10,12215
1788758760,710.15,710.40,710.10,710.25,20679
1788758820,710.25,710.40,710.10,710.25,18421
1788758880,710.25,710.30,710.20,710.25,13682
1788758940,710.25,710.30,710.15,710.20,16610
1788759000,710.00,710.15,709.65,709.90,43101
1788759060,710.00,710.15,709.90,710.10,13412
1788759120,710.05,710.10,709.60,709.60,17559
1788759180,709.80,710.00,709.60,709.75,16889
1788759240,709.80,709.90,709.50,709.60,27463
1788759300,709.65,709.70,709.40,709.40,26558
1788759360,709.45,709.70,709.30,709.50,16507
1788759420,709.50,709.50,709.25,709.45,17558
1788759480,709.50,709.60,709.40,709.55,16499
1788759540,709.60,709.80,709.55,709.60,23174
1788759600,709.55,709.70,709.30,709.30,15255
1788759660,709.30,709.65,709.20,709.55,31371
1788759720,709.65,709.75,709.30,709.40,17735
1788759780,709.40,709.40,707.05,707.50,186592
1788759840,707.40,708.15,707.40,708.15,61639
1788759900,708.25,708.55,708.05,708.55,13790
1788759960,708.55,708.70,708.30,708.60,20913
1788760020,708.65,709.15,708.50,709.00,25214
1788760080,709.00,709.40,708.90,709.20,12734
1788760140,709.20,709.65,709.05,709.60,26504
1788760200,709.60,710.05,709.15,710.00,121614
1788760260,710.05,710.30,710.00,710.05,41023
1788760320,710.10,710.40,710.05,710.15,17362
1788760380,710.25,710.35,710.15,710.30,9436
1788760440,710.30,710.40,710.30,710.40,19129
1788760500,710.35,710.60,710.35,710.50,25580
1788760560,710.35,710.60,710.35,710.40,17912
1788760620,710.40,710.50,710.30,710.30,9849
1788760680,710.35,710.40,710.05,710.05,26656
1788760740,710.10,710.25,710.00,710.00,26566
1788760800,710.05,710.20,710.00,710.00,18177
1788760860,710.05,710.05,710.00,710.05,42791
1788760920,710.05,710.20,710.00,710.15,10351
1788760980,710.05,710.30,710.00,710.00,24768
1788761040,710.10,710.40,710.00,710.10,5829
1788761100,710.05,710.30,710.05,710.20,7610
1788761160,710.30,710.40,710.20,710.20,6656
1788761220,710.35,710.35,710.20,710.35,16217
1788761280,710.35,710.35,710.25,710.25,12307
1788761340,710.35,710.35,710.15,710.30,18219
1788761400,710.30,710.30,710.10,710.10,9566
1788761460,710.15,710.25,710.10,710.15,6848
1788761520,710.10,710.30,710.10,710.20,11662
1788761580,710.25,710.35,710.25,710.25,7754
1788761640,710.30,710.40,710.20,710.35,9570
1788761700,710.40,710.45,710.35,710.40,5160
1788761760,710.35,710.60,710.30,710.50,22175
1788761820,710.60,710.80,710.50,710.65,66631
1788761880,710.70,710.70,710.60,710.65,8345
1788761940,710.70,711.25,710.55,711.00,21745
1788762000,711.05,711.20,710.95,711.10,18170
1788762060,711.10,711.20,711.05,711.05,8248
1788762120,711.10,711.35,711.05,711.25,13981
1788762180,711.25,711.50,711.20,711.30,22198
1788762240,711.35,711.50,711.35,711.40,10678
1788762300,711.45,711.60,711.45,711.55,14852
1788762360,711.55,711.75,711.40,711.40,25913
1788762420,711.55,711.55,711.35,711.40,5785
1788762480,711.35,711.40,711.30,711.30,10775
1788762540,711.40,711.75,711.30,711.70,13079
1788762600,711.75,711.75,711.65,711.70,14446
1788762660,711.75,712.05,711.50,712.00,181635
1788762720,712.00,712.10,712.00,712.00,57419
1788762780,712.05,712.05,711.50,711.75,65983
1788762840,711.85,712.05,711.50,711.70,175259
1788762900,711.70,711.70,711.10,711.15,34983
1788762960,711.30,711.35,711.05,711.35,13279
1788763020,711.30,711.40,711.30,711.40,5333
1788763080,711.35,711.70,711.35,711.45,16533
1788763140,711.50,711.65,711.45,711.60,19914
1788763200,711.55,711.75,711.40,711.40,14789
1788763260,711.45,711.45,711.30,711.30,11355
1788763320,711.40,711.40,711.20,711.25,12228
1788763380,711.20,711.25,711.10,711.20,12998
1788763440,711.10,711.70,711.05,711.60,84238
1788763500,711.70,711.70,711.60,711.70,8929
1788763560,711.65,711.70,711.55,711.60,10735
1788763620,711.60,711.60,711.20,711.30,14818
1788763680,711.20,711.30,711.15,711.15,11364
1788763740,711.15,711.20,710.80,710.85,25282
1788763800,710.90,710.90,710.70,710.80,17801
1788763860,710.90,710.90,710.55,710.55,16407
1788763920,710.55,710.55,710.25,710.25,31848
1788763980,710.35,710.35,710.20,710.20,20447
1788764040,710.25,710.25,710.10,710.10,22006
1788764100,710.15,710.35,710.05,710.15,40725
1788764160,710.20,710.25,710.10,710.15,15307
1788764220,710.15,710.25,710.05,710.10,14339
1788764280,710.25,710.25,710.00,710.00,17738
1788764340,710.05,710.20,710.00,710.00,13808
1788764400,710.05,710.05,709.55,709.65,88034
1788764460,709.65,710.00,709.50,709.75,36565
1788764520,710.00,710.30,709.75,710.10,64485
1788764580,710.25,710.60,710.00,710.55,74232
1788764640,710.55,710.80,710.05,710.30,89454
1788764700,710.30,710.50,709.80,710.20,49924
1788764760,710.30,710.70,710.10,710.40,19030
1788764820,710.55,710.70,710.30,710.70,20065
1788764880,710.50,711.00,710.50,711.00,20009
1788764940,711.00,711.00,710.55,710.80,85024
1788765000,710.80,710.95,710.50,710.60,31525
1788765060,710.70,711.20,710.50,710.90,34305
1788765120,710.90,711.15,710.45,710.45,37872
1788765180,710.60,711.45,710.50,710.90,116736
1788765240,711.00,711.20,710.60,710.80,33646
1788765300,710.80,711.15,710.70,711.15,24752
1788765360,711.00,711.15,711.00,711.05,14186
1788765420,711.55,711.65,710.65,711.00,134728
1788765480,710.85,711.00,710.50,710.80,20907
1788765540,710.80,710.85,710.60,710.70,25111
1788765600,710.80,710.80,710.55,710.55,13281
1788765660,710.60,710.80,710.35,710.70,20507
1788765720,710.50,710.70,710.50,710.55,7793
1788765780,710.60,710.70,710.55,710.70,13072
1788765840,710.70,710.70,710.60,710.65,13625
1788765900,710.60,710.70,710.55,710.60,16331
1788765960,710.60,710.60,710.50,710.50,12498
1788766020,710.55,710.80,710.50,710.80,25257
1788766080,710.70,710.80,710.70,710.75,8636
1788766140,710.70,710.75,710.65,710.65,6463
1788766200,710.70,710.70,710.60,710.65,13440
1788766260,710.65,710.80,710.60,710.75,19813
1788766320,710.80,710.95,710.75,710.80,16443
1788766380,710.80,710.90,710.55,710.55,17085
1788766440,710.65,710.65,710.50,710.60,14162
1788766500,710.60,710.65,710.55,710.55,9369
1788766560,710.60,710.60,710.50,710.50,9580
1788766620,710.55,710.60,710.40,710.40,15106
1788766680,710.50,710.50,710.30,710.30,9475
1788766740,710.25,710.30,710.15,710.15,11971
1788766800,710.20,710.20,710.10,710.10,8366
1788766860,710.15,710.20,710.00,710.05,31298
1788766920,710.00,710.65,710.00,710.60,109105
1788766980,710.60,710.65,710.05,710.25,59145
1788767040,710.25,710.25,710.00,710.00,9328
1788767100,710.10,710.10,709.85,709.90,12352
1788767160,710.05,710.05,709.80,709.90,15330
1788767220,709.90,710.05,709.70,709.70,25593
1788767280,709.70,709.75,709.65,709.65,12818
1788767340,709.65,709.65,709.60,709.65,14574
1788767400,709.60,709.95,709.60,709.85,24440
1788767460,709.95,709.95,709.55,709.65,20584
1788767520,709.65,709.85,709.60,709.60,15603
1788767580,709.70,709.70,709.45,709.45,15734
1788767640,709.45,709.95,709.40,709.80,36513
1788767700,709.80,710.00,709.80,710.00,20300
1788767760,709.90,710.00,709.80,709.85,13259
1788767820,709.85,709.90,709.80,709.85,14351
1788767880,709.80,709.85,709.70,709.75,20832
1788767940,709.75,709.75,709.50,709.55,16343
1788768000,709.55,709.60,709.40,709.50,17448
1788768060,709.40,709.50,709.40,709.40,19539
1788768120,709.50,709.50,709.35,709.45,11303
1788768180,709.45,709.50,709.35,709.40,16590
1788768240,709.45,709.45,709.35,709.40,10097
1788768300,709.35,709.40,709.25,709.25,11691
1788768360,709.35,709.45,709.20,709.40,21760
1788768420,709.40,709.65,709.30,709.60,27979
1788768480,709.60,709.70,709.30,709.40,20352
1788768540,709.40,709.45,709.35,709.45,16654
1788768600,709.40,709.50,709.40,709.45,11514
1788768660,709.50,709.50,709.40,709.40,19392
1788768720,709.45,709.45,709.35,709.35,11479
1788768780,709.35,709.45,709.35,709.35,15341
1788768840,709.35,709.50,709.25,709.45,42051
1788768900,709.45,709.50,709.30,709.30,19258
1788768960,709.40,709.75,709.35,709.65,14785
1788769020,709.70,709.70,709.35,709.60,61819
1788769080,709.55,709.80,709.50,709.60,25844
1788769140,709.75,709.80,709.60,709.70,9403
1788769200,709.70,709.70,709.60,709.65,18774
1788769260,709.65,709.70,709.55,709.60,22447
1788769320,709.50,709.80,709.45,709.80,29268
1788769380,709.75,710.20,709.65,710.15,61919
1788769440,710.00,710.15,709.65,709.90,32870
1788769500,709.90,710.00,709.75,709.95,16888
1788769560,709.95,709.95,709.90,709.90,14138
1788769620,709.90,709.95,709.85,709.90,15199
1788769680,709.90,709.90,709.80,709.85,15168
1788769740,709.90,709.90,709.75,709.90,9852
1788769800,709.90,709.90,709.80,709.85,12020
1788769860,709.85,709.95,709.75,709.95,20693
1788769920,709.90,710.25,709.90,710.10,58067
1788769980,710.10,710.15,709.90,709.90,16825
1788770040,709.95,709.95,709.80,709.90,15952
1788770100,709.80,709.90,709.80,709.85,16289
1788770160,709.85,709.90,709.75,709.80,15347
1788770220,709.75,709.80,709.30,709.30,41729
1788770280,709.55,709.55,709.10,709.15,40116
1788770340,709.20,709.35,709.15,709.30,27734
1788770400,709.30,709.40,709.20,709.30,21316
1788770460,709.35,709.35,709.10,709.20,22897
1788770520,709.20,709.40,709.10,709.30,22410
1788770580,709.30,709.50,709.25,709.50,27347
1788770640,709.50,709.50,709.30,709.35,17268
1788770700,709.45,709.90,709.45,709.50,46318
1788770760,709.65,709.65,709.40,709.60,27526
1788770820,709.45,709.60,709.40,709.55,31101
1788770880,709.50,709.65,709.40,709.55,34542
1788770940,709.55,709.65,709.50,709.65,26572
1788771000,709.60,709.90,709.60,709.90,35345
1788771060,709.90,710.00,709.80,709.95,32376
1788771120,710.10,710.10,709.90,710.05,47708
1788771180,710.10,710.40,710.00,710.15,26753
1788771240,710.40,710.50,710.10,710.45,44790
1788771300,710.50,710.95,710.40,710.60,32388
1788771360,710.65,710.95,710.60,710.70,35826
1788771420,710.70,710.85,710.65,710.75,27129
1788771480,710.80,710.85,710.70,710.70,28013
1788771540,710.75,711.20,710.70,711.00,44573
1788771600,711.00,711.40,711.00,711.25,51322
1788771660,711.20,711.20,710.45,710.50,46815
1788771720,710.60,711.00,710.55,710.95,34606
1788771780,710.95,710.95,710.85,710.95,29644
1788771840,710.90,710.95,710.75,710.75,25120
1788771900,710.75,711.00,710.75,710.95,39831
1788771960,710.95,711.15,710.85,711.05,36790
1788772020,711.10,711.15,711.05,711.10,24557
1788772080,711.05,711.10,711.00,711.05,34980
1788772140,711.05,711.05,710.85,710.85,30676
1788772200,710.80,710.85,710.70,710.75,21833
1788772260,710.70,710.75,710.65,710.70,42274
1788772320,710.70,710.75,710.60,710.60,25982
1788772380,710.65,710.90,710.60,710.90,28774
1788772440,710.80,710.90,710.55,710.55,39475
1788772500,710.55,710.55,710.05,710.15,38927
1788772560,710.15,710.25,710.00,710.00,49180
1788772620,710.20,710.20,709.85,710.00,47956
1788772680,709.90,710.00,709.75,709.75,42436
1788772740,709.80,710.05,709.50,709.95,195137
1788772800,710.00,710.50,709.85,710.25,50486
1788772860,710.40,710.80,710.40,710.60,40156
1788772920,710.60,710.60,710.05,710.40,58719
1788772980,710.40,710.40,710.25,710.35,25803
1788773040,710.35,710.40,710.35,710.35,40942
1788773100,710.35,710.75,710.35,710.60,44179
1788773160,710.65,710.75,710.60,710.75,40397
1788773220,710.65,710.70,710.45,710.60,78484
1788773280,710.60,710.60,710.30,710.40,57257
1788773340,710.40,710.60,710.25,710.55,60493
1788773400,710.60,711.25,710.50,711.15,96247
1788773460,711.15,711.20,711.10,711.15,43497
1788773520,711.20,711.40,711.15,711.40,66772
1788773580,711.35,711.45,711.20,711.40,65648
1788773640,711.45,711.50,711.40,711.45,39623
1788773700,711.45,711.60,711.05,711.30,102052
1788773760,711.30,711.35,711.05,711.35,56976
1788773820,711.30,711.35,711.20,711.35,42720
1788773880,711.35,711.50,710.55,710.55,77335
1788773940,710.55,710.55,709.50,709.60,128203
1788774000,709.70,710.35,709.70,710.05,103544
1788774060,710.15,710.15,709.40,709.55,106418
1788774120,709.55,710.00,709.30,709.65,139217
1788774180,709.55,710.00,709.10,709.95,97277
1788774240,710.00,710.65,709.55,710.35,55426
1788774300,710.50,710.50,710.50,710.50,3062
1788774360,710.50,710.50,710.50,710.50,0
1788774420,710.50,710.50,710.50,710.50,0
1788774480,710.50,710.50,710.50,710.50,0
1788774540,710.50,710.50,710.50,710.50,0
1788774600,710.50,710.50,710.50,710.50,0
1788774660,710.50,710.50,710.50,710.50,0
1788774720,710.50,710.50,710.50,710.50,0
1788774780,710.50,710.50,710.50,710.50,0
1788774840,710.50,710.50,710.50,710.50,0
1788774900,710.50,710.50,710.50,710.50,0
1788774960,710.50,710.50,710.50,710.50,0
1788775020,710.50,710.50,710.50,710.50,0
1788775080,710.50,710.50,710.50,710.50,0
1788775140,710.50,710.50,710.50,710.50,269348
1788839100,707.10,708.90,706.00,707.25,189556
1788839160,707.30,707.40,706.75,707.40,145350
1788839220,707.40,708.20,706.85,707.00,126488
1788839280,707.20,707.85,707.15,707.80,51612
1788839340,707.85,707.85,707.10,707.40,63316
1788839400,707.35,707.50,707.05,707.35,38761
1788839460,707.35,707.55,707.00,707.00,39154
1788839520,707.00,707.20,706.90,707.05,101380
1788839580,707.10,707.25,706.90,707.00,30342
1788839640,707.00,707.05,706.55,706.70,163153
1788839700,706.70,707.00,706.70,707.00,35044
1788839760,707.00,707.10,706.90,707.00,26546
1788839820,707.10,707.10,706.75,706.80,37562
1788839880,706.80,707.00,706.75,707.00,40685
1788839940,707.00,707.20,706.90,707.10,44973
1788840000,707.10,707.15,706.80,707.00,41191
1788840060,706.85,707.00,706.80,706.90,36206
1788840120,706.95,707.20,706.90,707.10,24923
1788840180,707.15,707.25,707.10,707.25,26325
1788840240,707.25,707.45,707.20,707.30,31978
1788840300,707.35,707.40,707.10,707.20,20754
1788840360,707.25,707.25,706.25,706.50,77788
1788840420,706.50,706.70,706.45,706.70,27339
1788840480,706.80,707.00,706.55,706.65,32298
1788840540,706.55,706.60,706.25,706.50,39944
1788840600,706.55,706.55,706.15,706.30,27570
1788840660,706.30,706.30,706.00,706.15,57200
1788840720,706.15,706.15,705.70,705.75,72719
1788840780,705.70,705.85,705.65,705.70,32654
1788840840,705.70,705.80,705.55,705.75,36783
1788840900,705.80,706.30,705.75,706.10,33009
1788840960,706.15,706.20,706.10,706.15,17081
1788841020,706.20,706.50,706.15,706.45,30697
1788841080,706.65,706.85,706.50,706.50,36674
1788841140,706.55,706.90,706.50,706.75,19373
1788841200,706.85,707.35,706.75,707.35,33322
1788841260,707.25,707.35,707.00,707.10,29117
1788841320,707.10,707.10,706.90,706.95,22472
1788841380,706.90,706.90,706.70,706.70,23078
1788841440,706.85,706.90,706.70,706.80,17000
1788841500,706.80,706.80,706.65,706.75,14512
1788841560,706.75,706.75,706.65,706.70,13501
1788841620,706.70,706.75,706.65,706.75,27100
1788841680,706.75,706.75,706.50,706.50,31212
1788841740,706.45,706.50,706.25,706.40,25136
1788841800,706.30,706.50,706.30,706.40,19423
1788841860,706.55,706.70,706.50,706.70,37205
1788841920,706.70,706.70,705.90,705.90,84694
1788841980,705.85,706.45,705.50,705.85,104617
1788842040,705.85,705.95,705.80,705.95,13595
1788842100,705.90,706.25,705.85,706.25,57409
1788842160,706.15,706.45,706.10,706.20,36992
1788842220,706.35,706.50,706.30,706.45,11216
1788842280,706.45,706.55,706.40,706.45,14376
1788842340,706.50,706.50,706.25,706.35,27862
1788842400,706.40,706.50,706.40,706.45,25945
1788842460,706.45,706.55,706.45,706.50,33284
1788842520,706.60,706.80,706.50,706.80,127894
1788842580,706.80,707.20,706.80,707.15,22820
1788842640,707.10,707.15,707.00,707.10,11914
1788842700,707.10,707.35,706.80,706.90,49644
1788842760,706.85,706.90,706.50,706.65,12781
1788842820,706.70,706.85,706.65,706.85,24678
1788842880,706.85,706.85,706.65,706.70,28419
1788842940,706.70,706.75,706.60,706.65,16824
1788843000,706.65,706.65,706.50,706.55,25750
1788843060,706.55,706.55,706.40,706.55,26881
1788843120,706.55,706.85,706.50,706.65,32483
1788843180,706.70,706.75,706.70,706.75,9551
1788843240,706.75,706.75,706.35,706.45,30561
1788843300,706.50,706.50,706.30,706.30,13803
1788843360,706.30,706.30,706.10,706.20,14241
1788843420,706.20,706.65,706.10,706.40,43220
1788843480,706.50,706.55,706.10,706.45,25697
1788843540,706.45,706.60,706.20,706.50,46776
1788843600,706.60,706.85,706.55,706.85,36076
1788843660,706.85,707.00,706.50,706.50,68942
1788843720,706.60,706.65,706.55,706.55,9117
1788843780,706.60,706.65,706.55,706.55,13704
1788843840,706.60,706.65,706.35,706.55,39576
1788843900,706.55,706.60,705.85,705.85,23434
1788843960,705.95,705.95,705.00,705.10,110886
1788844020,705.05,705.20,705.00,705.15,26677
1788844080,705.15,705.20,704.70,705.00,163889
1788844140,704.80,705.15,704.70,705.05,42915
1788844200,705.00,705.20,704.90,705.10,26781
1788844260,705.10,705.35,705.00,705.30,31249
1788844320,705.35,705.55,705.20,705.35,22503
1788844380,705.35,705.40,705.20,705.30,12092
1788844440,705.40,705.60,705.40,705.50,25296
1788844500,705.50,705.55,705.20,705.20,37384
1788844560,705.20,705.50,705.20,705.50,24146
1788844620,705.50,705.55,705.25,705.50,29936
1788844680,705.55,705.55,705.30,705.40,41583
1788844740,705.35,705.45,705.25,705.25,31154
1788844800,705.35,706.20,705.25,705.60,162759
1788844860,705.65,705.90,705.50,705.60,51425
1788844920,705.65,705.75,705.50,705.50,30203
1788844980,705.60,705.60,705.10,705.20,19665
1788845040,705.20,705.20,704.50,704.95,116379
1788845100,705.00,705.05,704.10,705.00,326258
1788845160,704.80,705.25,704.65,704.95,81752
1788845220,704.90,704.95,704.70,704.95,30071
1788845280,704.95,705.00,704.70,705.00,32923
1788845340,705.00,705.00,704.70,704.95,33567
1788845400,704.95,705.00,704.70,704.95,32549
1788845460,704.85,705.15,704.65,705.00,30184
1788845520,705.00,705.10,704.85,705.00,21403
1788845580,704.90,705.00,704.60,704.80,44173
1788845640,704.80,704.85,704.50,704.50,32059
1788845700,704.65,704.90,704.55,704.70,39519
1788845760,704.70,705.00,704.55,704.85,46189
1788845820,704.65,705.10,704.65,705.00,31473
1788845880,705.00,705.20,704.80,705.00,30832
1788845940,704.95,705.15,704.75,704.85,24392
1788846000,704.95,705.40,704.85,705.10,125040
1788846060,704.95,705.25,704.80,705.20,89100
1788846120,705.10,705.25,704.80,704.80,53744
1788846180,704.85,705.10,704.50,705.10,165932
1788846240,705.10,705.10,704.80,704.85,35941
1788846300,704.85,705.00,704.80,704.90,30344
1788846360,704.65,705.30,704.55,705.20,103120
1788846420,705.20,705.90,705.15,705.75,88280
1788846480,705.75,706.10,705.55,706.00,84357
1788846540,706.00,706.10,706.00,706.10,59629
1788846600,706.00,706.15,705.65,705.65,67776
1788846660,705.65,705.70,705.40,705.60,31297
1788846720,705.50,705.60,705.30,705.50,23578
1788846780,705.45,705.95,705.45,705.90,33919
1788846840,705.80,705.90,705.50,705.70,32724
1788846900,705.70,706.20,705.50,706.00,63332
1788846960,706.05,706.25,706.00,706.10,28413
1788847020,706.10,706.10,706.00,706.10,51456
1788847080,706.05,706.10,705.50,705.60,110604
1788847140,705.60,705.65,705.00,705.00,79443
1788847200,705.00,705.45,704.75,705.10,208475
1788847260,705.25,705.35,705.05,705.20,31314
1788847320,705.20,705.50,705.15,705.40,26175
1788847380,705.45,705.45,704.95,705.05,55877
1788847440,705.00,705.05,704.85,704.85,28426
1788847500,705.00,705.35,704.80,705.00,161623
1788847560,704.90,705.00,704.80,704.95,42592
1788847620,704.95,705.05,704.75,705.00,47297
1788847680,704.95,705.05,704.75,704.90,21363
1788847740,704.80,704.90,704.50,704.55,36884
1788847800,704.60,704.70,704.50,704.70,29419
1788847860,704.60,704.70,704.55,704.65,21997
1788847920,704.70,704.80,704.55,704.65,22335
1788847980,704.75,704.80,704.50,704.50,23569
1788848040,704.50,704.95,704.50,704.90,66662
1788848100,704.80,704.90,704.80,704.90,18517
1788848160,704.85,705.00,704.75,704.75,43759
1788848220,704.75,704.90,704.50,704.50,49924
1788848280,704.65,704.75,704.50,704.70,34033
1788848340,704.55,704.60,704.20,704.30,84813
1788848400,704.40,704.45,704.05,704.15,36075
1788848460,704.10,704.35,704.10,704.30,28876
1788848520,704.30,704.65,704.25,704.65,24661
1788848580,704.65,705.00,704.45,704.55,74421
1788848640,704.75,705.00,704.40,704.75,42687
1788848700,704.65,704.95,704.50,704.65,56983
1788848760,704.55,704.70,704.40,704.60,27358
1788848820,704.60,704.75,704.50,704.65,23580
1788848880,704.65,704.75,704.40,704.60,33720
1788848940,704.50,704.60,704.20,704.20,23730
1788849000,704.15,704.25,704.10,704.25,26959
1788849060,704.25,704.35,704.00,704.15,44981
1788849120,704.05,704.25,704.05,704.20,22380
1788849180,704.25,704.25,704.00,704.10,51604
1788849240,704.05,704.55,704.00,704.05,139791
1788849300,704.10,704.30,703.75,704.00,89751
1788849360,704.00,704.30,703.75,704.15,26836
1788849420,704.05,704.35,704.00,704.15,19045
1788849480,704.15,704.25,704.00,704.10,22840
1788849540,704.15,704.55,704.05,704.40,30379
1788849600,704.35,704.85,704.20,704.70,23005
1788849660,704.65,704.85,704.45,704.65,22156
1788849720,704.60,704.90,704.55,704.85,21940
1788849780,704.80,705.00,704.65,704.90,23211
1788849840,704.80,705.00,704.70,704.80,18407
1788849900,704.80,704.95,704.60,704.85,17911
1788849960,704.85,704.95,704.75,704.95,20311
1788850020,704.85,704.95,704.70,704.95,17744
1788850080,704.90,704.95,704.70,704.85,23594
1788850140,704.90,705.00,704.70,705.00,32244
1788850200,705.00,705.00,704.65,705.00,63615
1788850260,705.00,705.00,704.70,704.95,20603
1788850320,704.95,705.00,704.70,704.90,15991
1788850380,704.80,705.00,704.80,704.90,20102
1788850440,705.00,705.00,704.75,704.95,18667
1788850500,704.85,705.00,704.85,704.95,18028
1788850560,704.90,704.95,704.80,704.85,18291
1788850620,704.80,704.90,704.60,704.85,24817
1788850680,704.75,704.85,704.65,704.75,18000
1788850740,704.85,704.95,704.60,704.95,25661
1788850800,704.95,705.00,704.80,704.90,22659
1788850860,704.85,705.35,704.85,705.10,40406
1788850920,705.10,705.10,704.55,704.75,223145
1788850980,704.80,704.85,704.55,704.80,34750
1788851040,704.75,704.95,704.75,704.95,17697
1788851100,704.80,705.00,704.75,704.80,30905
1788851160,704.85,705.10,704.65,704.80,53077
1788851220,704.80,705.00,704.65,704.95,32241
1788851280,704.95,705.05,704.50,704.55,38748
1788851340,704.55,704.60,704.30,704.45,31227
1788851400,704.35,704.60,704.30,704.55,53761
1788851460,704.55,704.95,704.50,704.65,29268
1788851520,704.65,704.95,704.50,704.50,25881
1788851580,704.60,704.70,704.25,704.50,30927
1788851640,704.50,704.60,704.25,704.40,24877
1788851700,704.35,704.50,704.20,704.45,27516
1788851760,704.45,704.60,704.30,704.40,30536
1788851820,704.40,704.70,704.35,704.50,23730
1788851880,704.40,704.70,704.35,704.35,21166
1788851940,704.30,704.90,704.15,704.60,44636
1788852000,704.60,704.80,704.40,704.60,21060
1788852060,704.60,704.85,704.40,704.50,30934
1788852120,704.45,704.70,704.30,704.40,28343
1788852180,704.35,704.70,704.25,704.40,53998
1788852240,704.35,704.80,704.30,704.75,28988
1788852300,704.70,705.00,704.45,704.75,50677
1788852360,704.70,705.00,704.50,704.75,23857
1788852420,704.70,704.95,704.65,704.80,22464
1788852480,704.80,705.00,704.50,704.85,39652
1788852540,704.80,705.00,704.60,704.60,41217
1788852600,704.85,704.85,704.55,704.70,13066
1788852660,704.65,704.95,704.55,704.85,30793
1788852720,704.85,705.15,704.75,705.00,27283
1788852780,704.90,705.15,704.75,704.95,20670
1788852840,704.90,704.95,704.75,704.85,14869
1788852900,704.75,704.95,704.75,704.90,10413
1788852960,704.90,705.00,704.75,705.00,20602
1788853020,705.00,705.25,704.95,705.05,15628
1788853080,705.00,705.15,704.90,704.95,22650
1788853140,704.90,704.95,704.80,704.90,15233
1788853200,704.85,705.00,704.75,704.90,13433
1788853260,704.85,705.00,704.85,705.00,14895
1788853320,704.95,705.05,704.80,705.05,29374
1788853380,705.00,705.05,705.00,705.00,10718
1788853440,705.00,705.30,705.00,705.15,38329
1788853500,705.05,705.20,704.85,704.85,20805
1788853560,704.80,705.05,704.70,704.90,31188
1788853620,704.95,705.00,704.80,704.90,20690
1788853680,704.85,704.90,704.50,704.60,14898
1788853740,704.50,704.65,704.50,704.55,13117
1788853800,704.55,704.65,704.40,704.55,20249
1788853860,704.50,704.65,704.25,704.60,112250
1788853920,704.60,704.90,704.20,704.45,25293
1788853980,704.45,704.45,704.15,704.15,13287
1788854040,704.15,704.25,704.00,704.10,19369
1788854100,704.00,704.10,703.55,703.95,86090
1788854160,703.95,704.05,703.90,704.00,16033
1788854220,704.00,704.55,703.80,704.20,36345
1788854280,704.40,704.45,704.00,704.10,15128
1788854340,704.00,704.20,703.90,703.95,16196
1788854400,704.05,704.20,703.90,704.10,25835
1788854460,704.20,704.50,704.10,704.35,20823
1788854520,704.30,704.40,704.10,704.10,15317
1788854580,704.25,704.40,704.00,704.15,28262
1788854640,704.10,704.40,704.10,704.20,20129
1788854700,704.30,704.90,704.20,704.70,23008
1788854760,704.70,704.90,704.45,704.80,22000
1788854820,704.75,704.95,704.50,704.50,34312
1788854880,704.65,704.75,704.40,704.70,24657
1788854940,704.60,704.70,704.25,704.50,23840
1788855000,704.30,704.50,704.15,704.30,35886
1788855060,704.20,704.40,704.05,704.40,37354
1788855120,704.40,704.45,704.05,704.20,30231
1788855180,704.30,704.40,704.00,704.15,521542
1788855240,704.15,704.15,703.90,704.00,44118
1788855300,704.00,704.60,703.85,704.40,42992
1788855360,704.45,704.60,704.20,704.35,21499
1788855420,704.45,704.60,704.25,704.45,14265
1788855480,704.40,704.45,704.25,704.30,13147
1788855540,704.25,704.40,704.00,704.00,39242
1788855600,704.15,704.35,704.00,704.10,41542
1788855660,704.10,704.20,703.80,703.90,28084
1788855720,703.85,704.00,703.80,703.90,18750
1788855780,703.90,704.45,703.80,704.40,39677
1788855840,704.20,704.55,704.20,704.50,38357
1788855900,704.50,704.55,704.25,704.55,23282
1788855960,704.45,704.65,704.45,704.65,27291
1788856020,704.65,704.65,704.40,704.50,28346
1788856080,704.45,704.80,704.35,704.65,39880
1788856140,704.50,704.70,704.35,704.55,27605
1788856200,704.45,704.95,704.45,704.90,36903
1788856260,704.80,705.00,704.70,704.90,60913
1788856320,704.90,705.00,704.75,704.80,54466
1788856380,704.80,705.25,704.60,705.00,81320
1788856440,705.05,705.20,704.95,705.10,33369
1788856500,705.05,705.70,705.05,705.65,166125
1788856560,705.70,705.90,705.40,705.50,46278
1788856620,705.45,705.80,705.25,705.25,56284
1788856680,705.25,705.40,704.85,705.25,62930
1788856740,705.15,705.25,704.90,704.95,59017
1788856800,705.10,705.15,704.80,704.85,62773
1788856860,704.85,705.05,704.65,704.95,63349
1788856920,704.90,705.10,704.75,704.85,50646
1788856980,704.95,705.05,704.80,705.00,24042
1788857040,704.95,705.05,704.70,704.75,18536
1788857100,704.70,705.15,704.60,705.10,34360
1788857160,705.00,705.10,704.85,704.95,28155
1788857220,705.00,705.05,704.90,705.05,30572
1788857280,705.00,705.10,704.80,704.80,23792
1788857340,704.90,705.00,704.75,705.00,24997
1788857400,704.95,705.25,704.95,705.20,30952
1788857460,705.15,705.20,705.00,705.05,35173
1788857520,705.05,705.05,704.80,704.95,27613
1788857580,704.95,705.10,704.95,704.95,21097
1788857640,704.90,705.05,704.80,705.05,23234
1788857700,705.00,705.10,704.60,704.60,39755
1788857760,704.60,704.80,704.50,704.75,51890
1788857820,704.80,705.10,704.65,704.90,55597
1788857880,704.90,704.95,704.70,704.90,31468
1788857940,704.85,704.95,704.70,704.85,18327
1788858000,704.90,704.95,704.80,704.90,26027
1788858060,704.85,705.10,704.70,705.00,50985
1788858120,705.00,705.15,704.85,705.00,60523
1788858180,705.00,705.20,704.85,704.85,31122
1788858240,704.95,705.05,704.80,705.00,31169
1788858300,704.95,705.10,704.85,705.00,40083
1788858360,704.95,705.10,704.90,705.10,26467
1788858420,705.00,705.10,704.90,705.00,29888
1788858480,705.00,705.00,704.50,704.60,31041
1788858540,704.60,704.80,704.50,704.70,45955
1788858600,704.70,704.70,704.25,704.25,47891
1788858660,704.40,704.50,704.10,704.20,45554
1788858720,704.20,704.35,704.10,704.25,38410
1788858780,704.25,704.25,704.10,704.20,37001
1788858840,704.20,704.30,704.00,704.00,53402
1788858900,704.05,704.05,703.90,703.90,78050
1788858960,703.95,703.95,703.75,703.80,65580
1788859020,703.85,703.85,703.50,703.55,79874
1788859080,703.55,703.55,703.05,703.20,165260
1788859140,703.25,703.30,703.00,703.15,87077
1788859200,703.10,703.15,703.00,703.10,63366
1788859260,703.10,703.55,703.00,703.55,127290
1788859320,703.50,703.70,703.40,703.55,101597
1788859380,703.50,703.70,703.15,703.40,77942
1788859440,703.40,704.10,703.30,704.10,131407
1788859500,704.00,704.10,703.70,703.70,56863
1788859560,703.75,703.75,703.25,703.40,81202
1788859620,703.40,703.65,703.30,703.55,94929
1788859680,703.60,703.60,703.40,703.50,58579
1788859740,703.45,703.80,703.40,703.70,94235
1788859800,703.70,703.95,703.50,703.95,87449
1788859860,703.85,704.00,703.80,703.95,107096
1788859920,703.95,704.00,703.70,703.75,110645
1788859980,703.75,703.95,703.65,703.80,113116
1788860040,703.80,703.90,703.65,703.75,76092
1788860100,703.75,703.75,703.60,703.75,157606
1788860160,703.75,703.90,703.50,703.65,121645
1788860220,703.65,703.75,703.60,703.70,79006
1788860280,703.70,703.70,703.40,703.50,73028
1788860340,703.50,704.00,703.15,703.90,218110
1788860400,703.75,704.55,703.50,704.35,200600
1788860460,704.35,704.50,703.90,704.15,85748
1788860520,704.15,704.60,703.70,704.20,235729
1788860580,704.20,704.40,703.80,704.20,198276
1788860640,704.20,704.35,703.80,704.00,54112
1788860700,704.00,704.00,704.00,704.00,1432
1788860760,704.00,704.00,704.00,704.00,0
1788860820,704.00,704.00,704.00,704.00,0
1788860880,704.00,704.00,704.00,704.00,0
1788860940,704.00,704.00,704.00,704.00,0
1788861000,704.00,704.00,704.00,704.00,0
1788861060,704.00,704.00,704.00,704.00,0
1788861120,704.00,704.00,704.00,704.00,0
1788861180,704.00,704.00,704.00,704.00,0
1788861240,704.00,704.00,704.00,704.00,0
1788861300,704.00,704.00,704.00,704.00,0
1788861360,704.00,704.00,704.00,704.00,0
1788861420,704.00,704.00,704.00,704.00,0
1788861480,704.00,704.00,704.00,704.00,0
1788861540,704.00,704.00,703.00,703.00,2288456
1788925080,698.00,698.00,698.00,698.00,283194
1788925140,698.00,698.00,698.00,698.00,0
1788925200,698.00,698.00,698.00,698.00,0
1788925260,698.00,698.00,698.00,698.00,0
1788925320,698.00,698.00,698.00,698.00,0
1788925380,698.00,698.00,698.00,698.00,0
1788925440,698.00,698.00,698.00,698.00,0
1788925500,698.00,698.50,696.10,697.80,949503
1788925560,697.50,697.90,697.10,697.25,197894
1788925620,697.45,697.50,696.50,696.95,189424
1788925680,696.90,699.75,696.90,699.50,237222
1788925740,699.45,700.00,699.30,699.70,160866
1788925800,699.55,699.65,698.10,698.30,172606
1788925860,698.35,699.10,698.25,698.60,284293
1788925920,698.65,698.75,698.00,698.40,278854
1788925980,698.40,698.40,696.40,697.15,242789
1788926040,697.25,697.75,696.60,697.65,163186
1788926100,697.85,698.00,697.20,697.70,419564
1788926160,697.70,698.25,697.60,697.85,114688
1788926220,697.85,697.95,697.45,697.75,96295
1788926280,697.80,697.85,697.00,697.35,137006
1788926340,697.25,697.70,697.00,697.70,77085
1788926400,697.70,697.80,697.50,697.75,56669
1788926460,697.55,698.00,697.50,697.95,55268
1788926520,697.90,697.95,696.20,696.55,200407
1788926580,696.55,696.90,696.45,696.90,42662
1788926640,696.90,697.25,696.20,696.60,114446
1788926700,696.50,696.95,696.50,696.85,48341
1788926760,696.85,697.10,696.65,697.05,67672
1788926820,697.20,697.65,697.10,697.60,54976
1788926880,697.65,697.85,697.50,697.70,67947
1788926940,697.60,697.75,697.50,697.50,49341
1788927000,697.55,697.65,697.30,697.50,43624
1788927060,697.50,697.60,697.30,697.50,61727
1788927120,697.50,697.55,697.30,697.50,44874
1788927180,697.50,697.60,697.15,697.30,38890
1788927240,697.15,697.40,697.00,697.05,51530
1788927300,697.05,697.10,696.50,696.70,120086
1788927360,696.70,696.70,696.00,696.05,138825
1788927420,696.00,696.35,695.50,695.85,270398
1788927480,695.90,695.90,695.15,695.35,80256
1788927540,695.25,695.35,695.10,695.30,116108
1788927600,695.35,695.40,695.00,695.05,156128
1788927660,695.05,695.10,694.20,694.45,438072
1788927720,694.25,694.55,694.25,694.40,69724
1788927780,694.30,694.40,694.00,694.05,150017
1788927840,694.00,694.20,693.05,693.90,226280
1788927900,693.90,694.50,693.55,693.90,169104
1788927960,693.90,693.95,693.30,693.70,82442
1788928020,693.70,693.70,692.50,692.80,252798
1788928080,693.00,693.00,692.50,692.60,92099
1788928140,692.60,693.00,692.55,692.95,117770
1788928200,692.80,692.85,691.40,691.45,256382
1788928260,691.65,691.70,691.00,691.40,159861
1788928320,691.45,691.75,691.30,691.45,150513
1788928380,691.50,691.70,691.15,691.60,156869
1788928440,691.70,691.75,691.00,691.30,219092
1788928500,691.20,691.70,691.05,691.60,140127
1788928560,691.60,691.70,691.00,691.00,179862
1788928620,691.05,691.50,690.65,691.20,259587
1788928680,691.40,691.50,691.15,691.50,60996
1788928740,691.75,692.25,691.65,692.25,96209
1788928800,692.25,692.25,691.50,691.60,160201
1788928860,691.45,691.95,691.20,691.90,119829
1788928920,691.90,692.45,691.75,692.40,93671
1788928980,692.45,692.75,692.25,692.75,165822
1788929040,692.75,692.90,692.30,692.90,96274
1788929100,692.90,692.90,692.30,692.60,81211
1788929160,692.50,692.85,692.30,692.80,81394
1788929220,692.85,693.60,692.80,693.30,130111
1788929280,693.35,694.55,693.35,694.55,150339
1788929340,694.25,694.60,693.65,694.05,318530
1788929400,694.20,694.75,694.00,694.55,104250
1788929460,694.70,695.25,694.30,694.45,384694
1788929520,694.50,694.85,694.40,694.60,139572
1788929580,694.50,694.60,694.35,694.50,53742
1788929640,694.50,695.00,694.50,694.85,129584
1788929700,694.80,694.95,694.10,694.25,104949
1788929760,694.25,694.75,694.15,694.75,69170
1788929820,694.75,695.00,694.70,695.00,112389
1788929880,694.95,695.45,694.90,695.35,97974
1788929940,695.45,695.45,695.10,695.25,72978
1788930000,695.25,695.80,694.70,695.10,345694
1788930060,695.05,695.15,694.65,695.00,138084
1788930120,695.05,695.10,694.75,695.05,133268
1788930180,695.05,695.10,694.95,695.10,38378
1788930240,695.10,695.10,694.80,694.85,53740
1788930300,694.80,694.80,693.60,694.00,219898
1788930360,693.95,694.20,693.90,694.20,73149
1788930420,694.20,694.25,693.70,694.05,108709
1788930480,694.10,694.10,693.25,693.25,65987
1788930540,693.25,693.65,692.60,693.30,384793
1788930600,693.40,693.45,693.00,693.10,43197
1788930660,693.10,693.15,693.00,693.05,35214
1788930720,693.10,693.25,693.00,693.05,39392
1788930780,693.20,693.40,693.05,693.30,27625
1788930840,693.35,693.35,693.15,693.35,23863
1788930900,693.35,693.95,693.25,693.65,175174
1788930960,693.80,694.15,693.65,693.70,36704
1788931020,693.65,694.30,693.65,694.25,44026
1788931080,694.25,694.70,694.05,694.40,73960
1788931140,694.40,694.50,694.10,694.15,36793
1788931200,694.20,694.50,694.15,694.25,26825
1788931260,694.35,694.40,694.10,694.15,25856
1788931320,694.20,694.40,693.90,694.25,51147
1788931380,694.25,694.25,693.85,693.95,31875
1788931440,694.10,694.35,693.90,694.35,27978
1788931500,694.35,694.60,694.30,694.45,30922
1788931560,694.50,694.60,694.15,694.50,24935
1788931620,694.35,694.70,694.30,694.65,26166
1788931680,694.60,694.75,694.40,694.65,27570
1788931740,694.65,694.90,694.50,694.90,22281
1788931800,694.90,694.90,694.25,694.70,47921
1788931860,694.75,694.95,694.55,694.75,32503
1788931920,694.55,695.00,694.55,694.80,23410
1788931980,694.90,696.00,694.55,695.45,587975
1788932040,695.45,695.70,695.05,695.45,56805
1788932100,695.25,695.45,695.10,695.20,28317
1788932160,695.20,695.40,694.80,695.15,41872
1788932220,695.20,695.20,694.90,695.10,21674
1788932280,695.05,695.20,695.00,695.10,25362
1788932340,695.10,695.35,695.00,695.25,31919
1788932400,695.05,695.25,695.05,695.25,16988
1788932460,695.25,695.25,694.80,694.95,36052
1788932520,694.95,695.15,694.70,695.15,42832
1788932580,695.15,695.45,695.00,695.20,33489
1788932640,695.00,695.20,694.75,695.05,40960
1788932700,695.00,695.10,694.90,695.05,17591
1788932760,695.05,695.05,694.80,695.00,19937
1788932820,695.00,695.05,694.65,694.70,19612
1788932880,694.65,694.75,694.00,694.10,186489
1788932940,694.30,694.75,694.10,694.30,42718
1788933000,694.50,694.65,694.30,694.30,37011
1788933060,694.30,694.50,694.30,694.30,47886
1788933120,694.35,694.55,694.20,694.50,61938
1788933180,694.35,694.50,694.00,694.10,20978
1788933240,694.05,694.10,693.90,694.05,27689
1788933300,694.05,694.65,694.00,694.20,102826
1788933360,694.35,694.45,694.25,694.25,22480
1788933420,694.30,694.30,694.00,694.15,34191
1788933480,694.10,694.20,694.00,694.10,34738
1788933540,694.05,694.10,694.00,694.05,20008
1788933600,694.00,694.45,694.00,694.05,68710
1788933660,694.05,694.05,693.70,694.05,44194
1788933720,694.05,694.20,694.00,694.10,29439
1788933780,694.10,694.40,694.10,694.20,34362
1788933840,694.30,694.40,694.20,694.25,25368
1788933900,694.30,694.50,694.15,694.45,46910
1788933960,694.50,694.55,694.10,694.20,50280
1788934020,694.25,694.25,693.60,693.70,38482
1788934080,693.60,694.25,693.60,694.25,57722
1788934140,694.25,694.30,694.00,694.10,21861
1788934200,694.00,694.15,693.75,694.15,39817
1788934260,694.10,694.35,694.10,694.35,23722
1788934320,694.25,694.35,694.20,694.25,20768
1788934380,694.20,694.40,694.20,694.40,31878
1788934440,694.40,694.85,694.25,694.50,77114
1788934500,694.60,694.90,694.55,694.85,26381
1788934560,694.70,694.80,694.40,694.40,20520
1788934620,694.35,694.95,694.20,694.65,75657
1788934680,694.40,694.65,694.35,694.65,28348
1788934740,694.45,694.70,694.40,694.70,33257
1788934800,694.65,694.75,694.30,694.60,41218
1788934860,694.50,694.70,694.25,694.25,41353
1788934920,694.25,694.65,693.60,693.60,117350
1788934980,693.60,693.90,693.55,693.80,50897
1788935040,693.65,693.80,693.50,693.70,25193
1788935100,693.60,693.70,693.20,693.30,56729
1788935160,693.35,693.45,693.20,693.40,52449
1788935220,693.35,693.40,693.10,693.25,37181
1788935280,693.25,693.25,693.10,693.25,36787
1788935340,693.20,693.25,692.65,692.80,156555
1788935400,693.05,693.35,692.65,693.00,157217
1788935460,693.10,693.25,692.75,692.85,38982
1788935520,692.85,692.90,692.60,692.65,29201
1788935580,692.60,693.00,692.55,692.65,59434
1788935640,692.75,692.80,692.40,692.40,64302
1788935700,692.45,692.55,692.10,692.10,49649
1788935760,692.15,692.20,692.00,692.15,85359
1788935820,692.10,692.20,692.10,692.10,46980
1788935880,692.15,692.55,692.10,692.40,60626
1788935940,692.30,692.50,692.30,692.35,25528
1788936000,692.40,692.40,692.10,692.15,37759
1788936060,692.10,692.15,692.00,692.05,38218
1788936120,692.05,692.15,692.00,692.05,40331
1788936180,692.10,692.55,692.10,692.25,37105
1788936240,692.25,692.65,692.25,692.25,68486
1788936300,692.30,692.35,692.20,692.25,53894
1788936360,692.25,692.40,692.10,692.10,37898
1788936420,692.10,692.15,692.05,692.10,30312
1788936480,692.10,692.20,692.00,692.05,39391
1788936540,692.00,692.15,692.00,692.15,35155
1788936600,692.15,692.20,692.05,692.10,37529
1788936660,692.05,692.20,692.00,692.10,53199
1788936720,692.15,692.30,692.10,692.30,58580
1788936780,692.25,692.60,692.25,692.50,104686
1788936840,692.55,692.65,692.50,692.55,46498
1788936900,692.50,692.90,692.40,692.80,51503
1788936960,692.80,693.25,692.80,693.15,56773
1788937020,693.05,693.20,693.00,693.05,29545
1788937080,693.05,693.05,692.60,692.75,45021
1788937140,692.75,693.00,692.65,693.00,37263
1788937200,692.90,693.15,692.90,693.05,29245
1788937260,693.10,693.45,693.05,693.45,51166
1788937320,693.40,693.80,693.40,693.80,43899
1788937380,693.80,694.60,693.70,694.40,110688
1788937440,694.35,694.60,694.10,694.50,61039
1788937500,694.40,695.20,694.35,694.80,234313
1788937560,694.65,694.85,694.60,694.70,42873
1788937620,694.65,695.00,694.40,694.90,121284
1788937680,694.90,695.00,694.70,694.80,61018
1788937740,694.80,694.85,694.50,694.65,49059
1788937800,694.60,694.65,694.40,694.65,42463
1788937860,694.60,694.90,694.50,694.85,103700
1788937920,694.85,695.20,694.70,695.10,118051
1788937980,695.10,695.30,694.80,695.10,92927
1788938040,695.00,695.25,694.85,694.90,51778
1788938100,694.85,694.95,694.45,694.55,46555
1788938160,694.50,694.90,694.20,694.70,73181
1788938220,694.85,695.05,694.55,695.00,46471
1788938280,694.95,695.20,694.95,695.20,53917
1788938340,695.15,695.25,694.80,694.80,42255
1788938400,694.80,694.95,694.50,694.55,43304
1788938460,694.55,694.55,694.25,694.45,37341
1788938520,694.45,694.80,694.45,694.65,57953
1788938580,694.60,694.70,694.00,694.05,78244
1788938640,694.10,694.10,693.55,693.70,111565
1788938700,693.70,694.05,693.55,693.90,200953
1788938760,693.95,694.50,693.85,694.25,73252
1788938820,694.40,694.50,693.85,694.40,72964
1788938880,694.40,694.60,694.30,694.50,34769
1788938940,694.50,694.80,694.40,694.65,36435
1788939000,694.75,694.80,694.40,694.55,45644
1788939060,694.55,694.55,694.05,694.30,34361
1788939120,694.30,694.30,693.80,693.90,93719
1788939180,693.80,694.25,693.75,694.20,51758
1788939240,694.20,694.35,693.95,694.05,50096
1788939300,694.05,694.15,694.00,694.15,42825
1788939360,694.15,694.40,694.05,694.20,36650
1788939420,694.25,694.50,694.10,694.40,48406
1788939480,694.40,694.70,694.10,694.10,38488
1788939540,694.15,694.20,693.80,694.00,43289
1788939600,693.95,694.15,693.55,693.80,43337
1788939660,693.80,693.95,693.65,693.85,44474
1788939720,693.85,693.85,693.35,693.75,57740
1788939780,693.75,693.80,693.40,693.70,49252
1788939840,693.70,693.85,693.45,693.85,52317
1788939900,693.85,694.00,693.70,693.80,34614
1788939960,693.95,694.10,693.70,694.00,28818
1788940020,694.05,694.05,693.50,693.65,69298
1788940080,693.70,693.95,693.50,693.80,138799
1788940140,693.90,694.15,693.55,694.10,52259
1788940200,694.05,694.20,693.65,694.20,126333
1788940260,694.20,694.85,694.00,694.50,109104
1788940320,694.70,695.10,694.35,694.55,90802
1788940380,694.55,694.80,694.50,694.75,79971
1788940440,694.70,694.75,694.35,694.50,35240
1788940500,694.55,694.60,694.20,694.40,43469
1788940560,694.40,694.70,694.30,694.65,49722
1788940620,694.55,694.75,694.40,694.60,36653
1788940680,694.60,694.85,694.50,694.60,40246
1788940740,694.45,694.95,694.45,694.85,35748
1788940800,694.85,694.90,694.60,694.60,76322
1788940860,694.60,694.75,694.30,694.70,139375
1788940920,694.40,694.95,694.35,694.60,108624
1788940980,694.60,694.75,694.05,694.10,44026
1788941040,694.10,694.15,693.60,693.90,191419
1788941100,693.95,694.15,693.65,694.00,57336
1788941160,694.00,694.20,693.70,693.90,75534
1788941220,693.95,694.20,693.85,694.15,48919
1788941280,694.15,694.30,693.90,694.15,26631
1788941340,694.10,694.40,694.05,694.10,36776
1788941400,694.15,694.35,694.10,694.30,23070
1788941460,694.25,694.45,694.10,694.35,32715
1788941520,694.35,694.55,694.35,694.40,40316
1788941580,694.50,694.50,694.20,694.35,38224
1788941640,694.35,694.50,694.30,694.35,33147
1788941700,694.40,694.80,694.35,694.75,32530
1788941760,694.70,694.85,694.55,694.60,33685
1788941820,694.65,694.75,694.55,694.70,25492
1788941880,694.75,694.85,694.60,694.70,21013
1788941940,694.70,694.75,694.60,694.75,22999
1788942000,694.70,694.90,694.65,694.75,32066
1788942060,694.75,695.20,694.75,694.75,84474
1788942120,694.75,694.85,694.55,694.70,33222
1788942180,694.70,695.00,694.55,694.60,222058
1788942240,694.65,694.65,694.10,694.30,39565
1788942300,694.25,694.40,694.00,694.00,29084
1788942360,694.05,694.90,693.85,694.65,299116
1788942420,694.65,694.65,694.20,694.45,26328
1788942480,694.40,694.65,694.25,694.65,52376
1788942540,694.60,695.00,694.55,695.00,61504
1788942600,695.00,695.10,694.80,694.80,70210
1788942660,694.80,694.90,694.55,694.90,81400
1788942720,694.80,694.80,694.40,694.65,150364
1788942780,694.60,694.65,694.05,694.10,56662
1788942840,694.20,694.30,694.00,694.20,38691
1788942900,694.15,694.65,694.15,694.65,469961
1788942960,694.55,695.30,694.55,695.05,182630
1788943020,695.00,695.00,694.55,694.65,59888
1788943080,694.65,694.70,694.60,694.65,44824
1788943140,694.70,695.00,694.60,694.70,76634
1788943200,694.75,694.75,694.50,694.50,31453
1788943260,694.45,694.75,694.20,694.70,48391
1788943320,694.75,695.00,694.70,695.00,125396
1788943380,694.95,695.10,693.80,694.10,1164287
1788943440,694.10,694.30,693.60,694.15,314583
1788943500,694.15,694.50,694.05,694.20,115123
1788943560,694.15,694.40,694.00,694.10,41128
1788943620,694.15,694.30,694.10,694.10,36245
1788943680,694.20,694.25,694.00,694.10,33233
1788943740,694.10,694.25,694.00,694.25,50974
1788943800,694.25,694.65,694.00,694.45,93894
1788943860,694.65,694.65,694.30,694.35,68254
1788943920,694.35,694.45,693.95,693.95,56528
1788943980,693.95,694.00,693.75,694.00,39569
1788944040,694.00,694.00,693.55,693.60,70761
1788944100,693.55,693.60,693.25,693.40,68933
1788944160,693.35,693.45,693.15,693.35,71660
1788944220,693.25,693.45,693.00,693.15,250914
1788944280,693.20,693.85,692.95,693.65,155204
1788944340,693.65,693.65,693.10,693.15,76244
1788944400,693.25,693.25,692.40,692.60,308069
1788944460,692.55,693.00,692.55,692.80,67526
1788944520,692.90,693.05,692.60,692.65,148804
1788944580,692.85,692.85,692.00,692.05,82782
1788944640,692.10,692.10,691.50,691.50,279320
1788944700,691.75,691.85,691.25,691.45,155461
1788944760,691.70,691.80,691.35,691.50,110499
1788944820,691.50,691.55,691.00,691.15,148749
1788944880,691.10,691.20,690.70,691.00,280408
1788944940,690.75,691.30,690.65,690.95,151588
1788945000,690.95,691.20,690.80,691.10,58442
1788945060,691.10,691.55,691.05,691.40,173532
1788945120,691.45,691.60,691.25,691.30,186948
1788945180,691.40,691.60,691.30,691.50,69361
1788945240,691.55,691.60,691.10,691.40,217254
1788945300,691.60,691.60,690.50,690.50,186737
1788945360,690.50,690.60,690.15,690.30,166794
1788945420,690.30,691.25,690.00,691.00,273688
1788945480,691.00,691.20,690.95,691.15,26971
1788945540,691.10,691.35,691.05,691.35,156898
1788945600,691.35,691.40,691.05,691.40,156687
1788945660,691.40,691.50,691.20,691.20,63315
1788945720,691.25,691.50,691.10,691.40,112650
1788945780,691.45,691.45,691.30,691.40,82105
1788945840,691.40,691.40,691.20,691.25,70179
1788945900,691.25,691.25,691.05,691.15,55554
1788945960,691.15,691.15,690.90,690.90,76873
1788946020,690.95,691.00,690.75,691.00,164688
1788946080,691.00,691.40,690.85,691.30,194814
1788946140,691.30,691.30,691.00,691.10,97853
1788946200,691.00,691.60,690.95,691.60,292243
1788946260,691.65,691.75,690.65,690.80,154062
1788946320,690.80,690.80,690.60,690.70,193855
1788946380,690.70,690.70,690.15,690.20,226860
1788946440,690.45,690.50,690.10,690.15,127735
1788946500,690.20,690.20,690.00,690.05,558243
1788946560,690.00,690.05,689.95,690.05,278133
1788946620,690.05,690.20,689.95,690.15,301884
1788946680,690.10,690.25,689.60,689.95,177616
1788946740,689.90,690.40,689.50,690.10,214092
1788946800,690.10,690.20,690.00,690.20,161084
1788946860,690.20,690.20,689.40,689.90,229480
1788946920,689.85,690.50,689.15,690.50,545252
1788946980,690.45,690.95,689.85,690.60,226014
1788947040,690.60,690.60,690.00,690.15,169981
1788947100,690.15,690.15,690.15,690.15,265
1788947160,690.15,690.15,690.15,690.15,0
1788947220,690.15,690.15,690.15,690.15,0
1788947280,690.15,690.15,690.15,690.15,0
1788947340,690.15,690.15,690.15,690.15,0
1788947400,690.15,690.15,690.15,690.15,0
1788947460,690.15,690.15,690.15,690.15,0
1788947520,690.15,690.15,690.15,690.15,0
1788947580,690.15,690.15,690.15,690.15,0
1788947640,690.15,690.15,690.15,690.15,0
1788947700,690.15,690.15,690.15,690.15,0
1788947760,690.15,690.15,690.15,690.15,0
1788947820,690.15,690.15,690.15,690.15,0
1788947880,690.15,690.15,687.10,687.10,1945178
1788947940,687.10,687.10,687.10,687.10,0
1789011900,687.10,690.35,687.10,689.10,349274
1789011960,689.25,689.25,688.00,688.15,319942
1789012020,688.10,689.80,688.10,689.50,173461
1789012080,689.50,690.75,689.50,690.40,245284
1789012140,690.40,690.40,688.90,688.90,213279
1789012200,688.95,689.10,688.55,688.75,178104
1789012260,688.65,689.80,688.60,689.20,145086
1789012320,689.25,689.25,688.15,688.25,254832
1789012380,688.20,688.60,687.80,688.55,272939
1789012440,688.50,688.90,688.40,688.50,74652
1789012500,688.45,688.60,688.35,688.40,62312
1789012560,688.35,688.90,688.20,688.90,101857
1789012620,688.90,689.80,688.90,689.45,87070
1789012680,689.45,689.85,689.30,689.60,116283
1789012740,689.65,690.35,689.60,690.30,70750
1789012800,690.30,690.35,689.45,689.45,90318
1789012860,689.40,689.50,688.00,688.75,167316
1789012920,688.75,689.05,688.40,689.00,115444
1789012980,689.00,689.45,689.00,689.15,53713
1789013040,689.20,689.25,689.10,689.10,50166
1789013100,689.15,689.15,688.70,688.75,91845
1789013160,688.75,688.85,688.05,688.85,113244
1789013220,688.85,688.95,688.55,688.65,77490
1789013280,688.65,688.65,688.30,688.40,69203
1789013340,688.40,689.05,688.30,688.85,100487
1789013400,688.90,689.00,688.50,688.55,32229
1789013460,688.55,688.55,688.45,688.45,41027
1789013520,688.45,689.20,688.45,688.90,50214
1789013580,688.90,689.35,688.70,688.95,64435
1789013640,689.00,689.00,688.65,688.75,51313
1789013700,688.75,688.80,688.65,688.75,55408
1789013760,688.75,689.45,688.50,689.20,168361
1789013820,689.25,689.75,688.95,689.65,73681
1789013880,689.65,689.65,689.20,689.50,37679
1789013940,689.45,689.85,689.45,689.80,50489
1789014000,689.80,689.95,689.50,689.55,55875
1789014060,689.60,689.75,689.45,689.65,36103
1789014120,689.65,689.65,689.05,689.25,71825
1789014180,689.25,689.35,688.80,688.90,67170
1789014240,688.95,688.95,688.60,688.75,82991
1789014300,688.75,688.75,688.15,688.20,59148
1789014360,688.25,688.35,688.10,688.20,96590
1789014420,688.20,688.30,688.10,688.25,35691
1789014480,688.20,688.25,688.05,688.10,83884
1789014540,688.05,688.10,687.60,687.85,163815
1789014600,687.80,687.85,687.60,687.75,68719
1789014660,687.70,687.75,687.20,687.20,74821
1789014720,687.25,687.25,686.65,686.75,169129
1789014780,686.70,687.20,686.70,687.15,92602
1789014840,687.10,687.70,687.05,687.15,105796
1789014900,687.20,687.90,687.15,687.65,59356
1789014960,687.65,687.70,687.05,687.10,121940
1789015020,687.10,687.25,686.95,687.25,158032
1789015080,687.25,687.45,687.00,687.00,110883
1789015140,687.00,687.45,686.75,687.30,104008
1789015200,687.35,687.35,687.05,687.20,95480
1789015260,687.20,687.25,687.00,687.05,72958
1789015320,687.05,687.05,686.55,686.55,102774
1789015380,686.60,686.70,686.20,686.35,187358
1789015440,686.35,687.35,686.20,687.35,118764
1789015500,687.10,687.55,687.00,687.40,125397
1789015560,687.40,688.10,687.40,688.00,175559
1789015620,688.05,688.25,687.75,688.00,166572
1789015680,688.05,688.65,688.00,688.25,110932
1789015740,688.25,688.30,687.90,687.95,50402
1789015800,687.95,688.15,687.90,688.05,77764
1789015860,688.05,688.05,687.45,687.45,49376
1789015920,687.50,687.50,687.40,687.45,24469
1789015980,687.45,687.95,687.35,687.90,60169
1789016040,687.85,687.95,687.45,687.50,34066
1789016100,687.50,687.90,687.45,687.75,45417
1789016160,687.80,687.90,687.75,687.80,26326
1789016220,687.80,687.95,687.55,687.60,56642
1789016280,687.65,687.70,687.60,687.70,25586
1789016340,687.70,687.70,687.65,687.70,32491
1789016400,687.70,687.85,687.70,687.80,36303
1789016460,687.85,687.85,687.80,687.80,27821
1789016520,687.85,687.95,687.80,687.90,28230
1789016580,687.95,688.00,687.90,688.00,37203
1789016640,688.00,688.20,687.90,688.20,76547
1789016700,688.15,688.20,688.10,688.15,28613
1789016760,688.20,688.20,688.00,688.00,36840
1789016820,688.05,688.15,688.00,688.10,37230
1789016880,688.15,688.15,688.10,688.10,23889
1789016940,688.15,688.20,688.10,688.15,33241
1789017000,688.20,688.20,688.00,688.05,59997
1789017060,688.05,688.15,687.60,687.65,71357
1789017120,687.65,688.15,687.50,688.05,68949
1789017180,688.15,688.25,687.90,688.00,82705
1789017240,688.05,689.00,687.90,688.75,169868
1789017300,688.75,688.75,688.00,688.05,79943
1789017360,688.05,688.25,688.05,688.10,47449
1789017420,688.10,688.10,687.65,687.70,141673
1789017480,687.80,687.80,687.55,687.55,35338
1789017540,687.55,687.55,687.50,687.50,29389
1789017600,687.55,687.55,687.05,687.10,52653
1789017660,687.15,687.70,686.90,687.70,146826
1789017720,687.60,687.75,687.30,687.30,35581
1789017780,687.30,687.35,687.00,687.20,49907
1789017840,687.20,687.20,687.00,687.00,57035
1789017900,686.95,687.15,686.90,687.00,70596
1789017960,687.00,687.05,686.70,686.75,69190
1789018020,686.70,686.85,686.60,686.80,75499
1789018080,686.90,687.00,686.85,686.90,35225
1789018140,686.90,686.95,686.65,686.65,31622
1789018200,686.70,686.75,686.65,686.70,28971
1789018260,686.75,686.75,686.70,686.75,21839
1789018320,686.70,686.75,686.70,686.70,29753
1789018380,686.75,687.20,686.70,686.95,117982
1789018440,687.00,687.40,686.90,687.20,105699
1789018500,687.20,687.30,687.20,687.20,71754
1789018560,687.25,687.50,687.20,687.50,60457
1789018620,687.40,687.50,687.30,687.35,16857
1789018680,687.30,687.85,687.20,687.65,130988
1789018740,687.60,687.85,687.40,687.45,164488
1789018800,687.40,688.15,687.15,687.70,333264
1789018860,687.70,687.70,687.30,687.55,60417
1789018920,687.50,687.95,687.50,687.60,47571
1789018980,687.60,688.00,687.55,687.95,59611
1789019040,687.90,688.05,687.65,687.95,60483
1789019100,687.95,688.50,687.95,688.40,45712
1789019160,688.40,688.40,688.05,688.10,39170
1789019220,688.10,688.10,688.00,688.05,23502
1789019280,688.05,688.45,688.00,688.05,82066
1789019340,688.00,688.20,687.90,687.95,55301
1789019400,687.95,687.95,687.50,687.65,78221
1789019460,687.85,687.90,687.55,687.80,106330
1789019520,687.75,688.20,687.65,688.00,61504
1789019580,687.95,687.95,687.75,687.95,41379
1789019640,687.95,688.15,687.90,688.00,31965
1789019700,688.05,688.05,687.85,687.90,27100
1789019760,687.90,687.90,687.80,687.90,43933
1789019820,687.90,688.00,687.85,687.95,33040
1789019880,687.95,687.95,687.80,687.85,31135
1789019940,687.90,687.90,687.75,687.80,20273
1789020000,687.75,688.20,687.65,688.15,64538
1789020060,688.20,688.45,688.15,688.35,35105
1789020120,688.35,688.35,687.85,687.90,39070
1789020180,687.90,687.90,687.85,687.90,18081
1789020240,687.90,687.90,687.80,687.80,17112
1789020300,687.85,688.50,687.70,688.40,100697
1789020360,688.35,688.70,688.35,688.55,41474
1789020420,688.55,688.55,688.35,688.45,32972
1789020480,688.40,689.05,688.40,688.85,164104
1789020540,688.85,688.85,688.50,688.55,65626
1789020600,688.60,688.65,688.45,688.55,47843
1789020660,688.55,688.75,688.25,688.25,31836
1789020720,688.30,688.30,688.05,688.20,43768
1789020780,688.25,689.05,688.20,689.05,63721
1789020840,689.05,689.55,689.00,689.55,81939
1789020900,689.50,690.20,689.50,690.05,157813
1789020960,690.00,690.90,690.00,690.55,113674
1789021020,690.60,690.95,690.50,690.70,60338
1789021080,690.70,690.70,690.10,690.60,97702
1789021140,690.60,690.65,690.55,690.60,62092
1789021200,690.55,691.20,690.55,690.95,115011
1789021260,691.00,691.00,690.60,690.65,57507
1789021320,690.70,690.70,690.15,690.40,151413
1789021380,690.40,690.80,690.35,690.65,74726
1789021440,690.60,690.60,690.35,690.40,57164
1789021500,690.35,690.75,690.05,690.45,79746
1789021560,690.50,690.60,690.35,690.60,64353
1789021620,690.60,691.20,690.60,691.10,124180
1789021680,691.10,691.10,691.00,691.05,37334
1789021740,691.05,691.90,690.80,691.65,92859
1789021800,691.75,691.85,691.60,691.80,45473
1789021860,691.80,691.85,691.45,691.50,42611
1789021920,691.45,691.60,691.45,691.55,23059
1789021980,691.55,691.55,691.40,691.40,25550
1789022040,691.35,691.95,691.15,691.75,86271
1789022100,691.75,691.85,691.60,691.80,20190
1789022160,691.80,691.80,691.25,691.30,47408
1789022220,691.35,691.45,691.25,691.45,46558
1789022280,691.45,691.50,691.30,691.35,18339
1789022340,691.35,691.35,691.25,691.30,19232
1789022400,691.25,691.30,691.00,691.00,51183
1789022460,691.05,691.25,691.00,691.15,51740
1789022520,691.25,691.45,691.00,691.10,58499
1789022580,691.10,692.00,691.05,691.95,65448
1789022640,691.95,692.30,691.65,692.30,104274
1789022700,692.35,693.00,692.20,692.75,105680
1789022760,693.00,693.00,692.55,692.65,91409
1789022820,692.60,692.70,692.20,692.35,228543
1789022880,692.30,692.50,692.05,692.40,47662
1789022940,692.45,692.85,692.45,692.70,19274
1789023000,692.65,692.70,692.20,692.30,67801
1789023060,692.30,692.65,692.00,692.50,171629
1789023120,692.60,692.70,692.10,692.25,117398
1789023180,692.25,692.65,692.00,692.15,54491
1789023240,692.15,692.30,691.65,691.90,38033
1789023300,691.80,692.00,691.40,692.00,64657
1789023360,692.00,692.10,691.90,692.05,18926
1789023420,692.05,692.30,691.60,691.60,34355
1789023480,691.80,691.80,691.60,691.75,15045
1789023540,691.70,691.75,691.30,691.30,56341
1789023600,691.45,691.70,691.25,691.30,40505
1789023660,691.40,691.60,691.20,691.60,61372
1789023720,691.60,692.00,691.30,691.40,39611
1789023780,691.45,691.45,691.40,691.45,9115
1789023840,691.45,691.45,691.35,691.40,13810
1789023900,691.40,691.40,691.15,691.25,34073
1789023960,691.25,691.30,691.15,691.15,69280
1789024020,691.20,691.20,691.05,691.05,133588
1789024080,691.10,691.20,691.05,691.05,65785
1789024140,691.10,691.95,691.05,691.70,253477
1789024200,691.70,692.15,691.55,692.10,64387
1789024260,692.10,692.15,691.75,691.75,81799
1789024320,691.85,693.10,691.75,692.90,199980
1789024380,693.00,693.40,692.85,693.05,48591
1789024440,693.10,693.35,692.90,693.20,73027
1789024500,693.25,693.35,693.20,693.25,16733
1789024560,693.25,693.25,692.60,692.60,151335
1789024620,692.70,692.70,692.45,692.45,52600
1789024680,692.50,692.95,692.45,692.95,50754
1789024740,692.95,693.00,692.50,692.50,66482
1789024800,692.60,692.75,692.30,692.35,29149
1789024860,692.40,692.40,692.05,692.15,45642
1789024920,692.15,692.35,692.00,692.15,29887
1789024980,692.10,692.15,692.00,692.05,23196
1789025040,692.05,692.20,691.65,692.00,58731
1789025100,692.20,692.95,692.00,692.90,112917
1789025160,693.10,693.20,692.60,693.00,36387
1789025220,693.15,693.20,693.00,693.10,31235
1789025280,693.20,693.35,692.75,692.90,49351
1789025340,692.90,693.10,692.35,693.00,162195
1789025400,692.95,693.00,692.50,692.85,27341
1789025460,692.85,692.85,692.50,692.55,23989
1789025520,692.45,693.25,692.40,693.20,92056
1789025580,693.20,693.25,692.90,693.00,44596
1789025640,693.00,693.10,692.75,692.75,20393
1789025700,692.85,693.00,692.50,692.60,56236
1789025760,692.60,692.75,692.30,692.35,49466
1789025820,692.45,693.00,692.30,692.85,108892
1789025880,692.85,693.00,692.70,692.95,20261
1789025940,692.95,693.30,692.90,693.20,48015
1789026000,693.20,693.50,692.95,693.40,52944
1789026060,693.40,693.50,693.05,693.40,39932
1789026120,693.40,693.50,693.15,693.40,46542
1789026180,693.40,693.80,693.25,693.70,65368
1789026240,693.70,694.40,693.55,694.05,86118
1789026300,694.30,694.30,694.00,694.25,76484
1789026360,694.05,694.25,693.70,694.00,92056
1789026420,693.75,694.25,693.75,694.15,43083
1789026480,694.10,694.25,693.90,694.25,70164
1789026540,694.25,694.50,694.10,694.25,36036
1789026600,694.25,694.25,694.00,694.10,24340
1789026660,694.10,694.45,693.90,694.35,44790
1789026720,694.10,694.35,694.00,694.10,20945
1789026780,694.10,694.10,693.90,693.90,29141
1789026840,693.95,693.95,693.80,693.90,37738
1789026900,693.95,694.35,693.95,694.15,59994
1789026960,694.15,694.20,693.85,693.95,36559
1789027020,693.95,694.00,693.55,693.65,35552
1789027080,693.65,693.90,693.50,693.90,33800
1789027140,693.90,693.90,693.50,693.60,25548
1789027200,693.60,693.80,693.20,693.80,44420
1789027260,693.80,693.90,693.55,693.80,29241
1789027320,693.90,694.00,693.75,693.80,32468
1789027380,693.80,693.90,693.55,693.85,37434
1789027440,693.85,693.90,693.60,693.75,30895
1789027500,693.80,693.95,693.75,693.95,26344
1789027560,693.95,694.20,693.90,694.20,33731
1789027620,694.30,694.40,694.05,694.10,19890
1789027680,694.10,694.40,693.90,694.00,52899
1789027740,694.20,694.35,692.75,694.15,404974
1789027800,694.20,694.20,693.90,694.05,60034
1789027860,694.00,694.30,694.00,694.15,52576
1789027920,694.25,694.30,693.85,693.85,146198
1789027980,693.95,694.20,693.50,693.80,141595
1789028040,693.65,694.00,693.25,693.95,30998
1789028100,693.95,693.95,693.35,693.50,25356
1789028160,693.50,693.50,693.15,693.20,32292
1789028220,693.30,693.30,693.00,693.25,68020
1789028280,693.05,693.25,692.70,692.80,37007
1789028340,692.80,693.65,692.75,693.15,106148
1789028400,693.30,693.30,692.80,692.90,20347
1789028460,692.90,693.00,692.85,693.00,29212
1789028520,693.00,693.10,692.85,693.05,41552
1789028580,693.10,693.45,693.00,693.25,19376
1789028640,693.25,693.30,692.65,692.75,31419
1789028700,692.85,692.85,692.50,692.50,32543
1789028760,692.60,692.60,692.35,692.35,28028
1789028820,692.50,692.90,692.35,692.90,63314
1789028880,692.75,693.00,692.70,692.90,23322
1789028940,692.95,692.95,692.45,692.65,73211
1789029000,692.65,692.95,692.65,692.80,17205
1789029060,692.90,692.90,692.65,692.70,22650
1789029120,692.70,692.70,692.30,692.45,37464
1789029180,692.45,692.55,692.20,692.35,45599
1789029240,692.35,692.35,692.10,692.30,51883
1789029300,692.30,692.30,692.15,692.30,44321
1789029360,692.30,692.40,692.20,692.40,28380
1789029420,692.40,692.50,692.00,692.15,47916
1789029480,692.15,692.15,691.55,691.60,54540
1789029540,691.80,692.15,691.55,691.75,48581
1789029600,691.75,691.95,691.70,691.80,29457
1789029660,691.90,691.90,691.80,691.90,21987
1789029720,691.90,692.15,691.90,692.10,49043
1789029780,692.10,692.25,692.05,692.25,31264
1789029840,692.25,692.30,692.15,692.20,18669
1789029900,692.25,692.25,692.00,692.05,15579
1789029960,692.05,692.05,691.85,691.95,44434
1789030020,692.05,692.05,691.75,692.05,95145
1789030080,692.05,692.05,691.55,691.60,46703
1789030140,691.70,692.20,691.55,692.00,215456
1789030200,692.00,692.40,691.95,692.40,43032
1789030260,692.40,693.00,692.40,692.90,53269
1789030320,692.90,692.90,692.60,692.60,31391
1789030380,692.85,692.85,692.55,692.75,26334
1789030440,692.75,692.75,692.60,692.75,25270
1789030500,692.75,693.00,692.70,692.90,32057
1789030560,692.95,693.00,692.60,692.75,34336
1789030620,692.75,692.75,692.65,692.75,27076
1789030680,692.75,692.75,692.25,692.45,44293
1789030740,692.70,692.75,692.45,692.65,39975
1789030800,692.70,692.95,692.70,692.90,35360
1789030860,692.80,692.80,692.35,692.50,43136
1789030920,692.50,692.50,692.30,692.40,39152
1789030980,692.40,692.40,692.15,692.35,24913
1789031040,692.35,692.35,692.25,692.25,18901
1789031100,692.30,692.30,692.05,692.10,27635
1789031160,692.10,692.10,691.95,692.05,42144
1789031220,692.00,692.30,692.00,692.30,41029
1789031280,692.40,692.40,692.05,692.15,26830
1789031340,692.15,692.40,692.05,692.15,30897
1789031400,692.15,692.25,691.90,691.95,31763
1789031460,692.05,692.45,691.95,692.30,37515
1789031520,692.30,692.40,692.10,692.35,30279
1789031580,692.35,692.35,692.20,692.20,17947
1789031640,692.25,692.40,692.20,692.40,39339
1789031700,692.40,692.45,692.30,692.30,23210
1789031760,692.40,692.40,692.10,692.25,24284
1789031820,692.25,692.55,692.10,692.50,50555
1789031880,692.50,692.50,692.05,692.45,42918
1789031940,692.45,692.50,692.10,692.40,52793
1789032000,692.40,692.50,691.85,691.90,78345
1789032060,691.90,691.90,691.35,691.45,37558
1789032120,691.60,692.00,691.50,691.55,77631
1789032180,691.55,692.00,691.40,692.00,364473
1789032240,692.00,692.00,691.50,691.70,68715
1789032300,691.70,691.70,691.25,691.40,54158
1789032360,691.45,691.90,691.40,691.85,94638
1789032420,691.85,691.90,691.30,691.30,52704
1789032480,691.35,691.35,691.05,691.10,92618
1789032540,691.15,691.25,691.05,691.25,50128
1789032600,691.20,691.30,690.75,690.75,65269
1789032660,690.80,691.00,690.55,690.85,164405
1789032720,690.90,690.90,690.55,690.75,94189
1789032780,690.80,690.85,690.45,690.50,97363
1789032840,690.50,690.75,690.35,690.70,121860
1789032900,690.65,690.65,690.40,690.55,103061
1789032960,690.60,690.60,690.10,690.35,206244
1789033020,690.30,690.50,690.20,690.30,111132
1789033080,690.20,690.55,690.20,690.55,105801
1789033140,690.60,690.75,690.35,690.70,132869
1789033200,690.70,690.70,690.40,690.50,205886
1789033260,690.50,691.50,690.45,691.10,156736
1789033320,691.10,691.40,690.60,690.95,189364
1789033380,691.00,691.95,690.70,691.00,359820
1789033440,690.95,691.40,690.10,690.60,125816
1789033500,690.60,690.60,690.60,690.60,0
1789033560,690.60,690.60,690.60,690.60,0
1789033620,690.60,690.60,690.60,690.60,0
1789033680,690.60,690.60,690.60,690.60,0
1789033740,690.60,690.60,690.60,690.60,0
1789033800,690.60,690.60,690.60,690.60,0
1789033860,690.60,690.60,690.60,690.60,0
1789033920,690.60,690.60,690.60,690.60,0
1789033980,690.60,690.60,690.60,690.60,0
1789034040,690.60,690.60,690.60,690.60,0
1789034100,690.60,690.60,690.60,690.60,0
1789034160,690.60,690.60,690.60,690.60,0
1789034220,690.60,690.60,690.60,690.60,0
1789034280,690.60,690.60,690.60,690.60,0
1789034340,690.60,693.80,690.60,693.80,852838
1789098300,683.90,685.50,683.00,684.20,655577
1789098360,684.20,684.20,682.65,683.95,407313
1789098420,683.90,684.00,681.95,682.40,512667
1789098480,682.30,683.90,681.90,683.90,239978
1789098540,684.00,685.40,683.80,685.05,285093
1789098600,685.20,685.70,684.55,685.70,151953
1789098660,685.60,686.00,685.50,685.60,109025
1789098720,685.50,685.65,685.15,685.50,142272
1789098780,685.65,685.65,685.00,685.20,70222
1789098840,685.20,685.20,684.65,685.05,209417
1789098900,685.05,685.40,685.00,685.40,194790
1789098960,685.35,685.85,685.35,685.75,71250
1789099020,685.85,686.50,685.50,686.20,200657
1789099080,686.20,686.40,685.85,686.40,84914
1789099140,686.40,686.85,686.30,686.80,107232
1789099200,686.80,686.90,686.25,686.35,67223
1789099260,686.35,686.50,685.90,686.15,75955
1789099320,686.15,686.55,686.10,686.25,69229
1789099380,686.30,686.30,685.80,686.00,46241
1789099440,685.95,686.35,685.95,686.10,43092
1789099500,686.20,686.20,685.20,685.20,213584
1789099560,685.25,685.70,685.15,685.50,80341
1789099620,685.45,686.00,685.40,686.00,183941
1789099680,685.80,686.00,685.60,685.60,53528
1789099740,685.80,685.90,685.55,685.70,41987
1789099800,685.30,685.30,684.50,684.75,341191
1789099860,684.75,684.95,684.60,684.95,194344
1789099920,684.95,685.00,684.75,684.85,49649
1789099980,684.85,685.20,684.80,685.20,141714
1789100040,685.25,685.40,685.20,685.20,48638
1789100100,685.25,685.40,685.05,685.10,239620
1789100160,684.90,684.95,683.75,684.05,236293
1789100220,684.05,684.05,683.50,683.90,72100
1789100280,683.80,683.95,683.75,683.80,44103
1789100340,683.80,683.90,683.65,683.80,69043
1789100400,683.85,683.95,683.70,683.90,67772
1789100460,683.85,683.90,683.40,683.50,138091
1789100520,683.55,684.15,683.10,684.15,174030
1789100580,684.05,684.05,683.75,684.05,43284
1789100640,684.05,684.05,683.90,684.05,48361
1789100700,684.05,684.55,684.00,684.30,45713
1789100760,684.40,685.00,684.30,684.85,52884
1789100820,684.80,685.25,684.70,684.70,66234
1789100880,684.65,684.70,684.40,684.45,35819
1789100940,684.45,685.00,684.40,684.80,36175
1789101000,684.80,684.90,684.50,684.60,39174
1789101060,684.50,684.90,684.50,684.85,41245
1789101120,684.80,684.95,684.65,684.85,44140
1789101180,684.90,685.00,684.80,685.00,33892
1789101240,685.00,685.75,685.00,685.40,57025
1789101300,685.20,685.90,685.20,685.90,50937
1789101360,685.90,686.00,685.65,685.75,66483
1789101420,685.80,685.80,685.60,685.65,31029
1789101480,685.70,686.00,685.65,685.90,72362
1789101540,685.85,686.30,685.85,686.10,67067
1789101600,686.10,686.10,685.80,685.85,27845
1789101660,685.90,685.90,685.20,685.35,48881
1789101720,685.45,685.65,685.20,685.30,27209
1789101780,685.30,685.60,685.25,685.50,35118
1789101840,685.45,685.80,685.45,685.75,28612
1789101900,685.75,685.80,685.30,685.40,30033
1789101960,685.40,685.85,685.30,685.85,36316
1789102020,685.85,686.00,685.70,685.95,25451
1789102080,685.90,686.00,685.60,685.70,35357
1789102140,685.70,685.70,685.50,685.65,31534
1789102200,685.55,685.65,685.20,685.35,42324
1789102260,685.35,685.50,685.30,685.45,23222
1789102320,685.45,685.60,685.30,685.50,29367
1789102380,685.65,685.75,685.40,685.50,63096
1789102440,685.50,685.60,685.10,685.10,31864
1789102500,685.15,685.15,684.80,684.90,88427
1789102560,684.85,684.90,684.75,684.85,31552
1789102620,684.85,684.85,684.50,684.70,42093
1789102680,684.70,684.75,684.20,684.70,76403
1789102740,684.70,685.00,684.55,684.75,40954
1789102800,684.75,685.00,684.70,684.75,27983
1789102860,684.75,684.75,684.50,684.60,26220
1789102920,684.55,684.80,684.40,684.70,88362
1789102980,684.65,684.70,684.50,684.70,22133
1789103040,684.70,685.40,684.65,684.85,38385
1789103100,684.90,685.15,684.70,685.00,28896
1789103160,685.00,685.50,684.85,685.50,25070
1789103220,685.50,685.80,685.30,685.75,55650
1789103280,685.75,685.85,685.55,685.70,26144
1789103340,685.55,685.85,685.55,685.80,20365
1789103400,685.80,685.85,685.70,685.80,21254
1789103460,685.80,685.85,685.60,685.70,25071
1789103520,685.75,685.80,685.55,685.75,36643
1789103580,685.75,685.85,685.70,685.85,26982
1789103640,685.85,685.90,685.75,685.85,32061
1789103700,685.90,686.25,685.50,685.65,111422
1789103760,685.50,685.70,685.30,685.50,24639
1789103820,685.50,685.60,685.30,685.50,21565
1789103880,685.50,685.50,685.15,685.30,76998
1789103940,685.30,685.40,685.15,685.20,19651
1789104000,685.30,685.30,685.00,685.10,38541
1789104060,685.05,685.15,685.00,685.15,24700
1789104120,685.10,685.15,685.00,685.10,30438
1789104180,685.10,685.50,685.00,685.40,33305
1789104240,685.50,685.50,685.35,685.35,20488
1789104300,685.40,685.40,685.05,685.15,20481
1789104360,685.10,685.30,685.00,685.25,20574
1789104420,685.25,685.25,685.00,685.15,25995
1789104480,685.15,685.30,685.00,685.10,20689
1789104540,685.10,685.30,685.10,685.10,15057
1789104600,685.20,686.10,685.10,685.70,188009
1789104660,685.75,685.85,685.70,685.70,14679
1789104720,685.75,685.85,685.50,685.70,30650
1789104780,685.70,685.70,685.30,685.30,20910
1789104840,685.30,685.60,685.15,685.25,22101
1789104900,685.25,685.25,685.15,685.15,16775
1789104960,685.15,685.20,685.10,685.15,18412
1789105020,685.20,685.45,685.00,685.25,31076
1789105080,685.25,685.30,685.10,685.20,18935
1789105140,685.15,686.20,685.15,686.05,56641
1789105200,686.15,686.20,686.00,686.10,27239
1789105260,686.15,686.20,686.05,686.15,25739
1789105320,686.10,686.75,686.10,686.60,63011
1789105380,686.60,687.20,686.45,686.90,106347
1789105440,686.90,687.55,686.80,687.25,67031
1789105500,687.25,687.25,686.50,686.50,39365
1789105560,686.60,686.60,686.35,686.55,43794
1789105620,686.55,687.35,686.50,686.95,72307
1789105680,686.95,687.20,686.85,687.20,35715
1789105740,687.00,687.30,686.90,687.20,23568
1789105800,687.20,687.50,687.00,687.05,29428
1789105860,687.00,687.05,686.95,686.95,21625
1789105920,687.00,687.15,686.95,687.05,25367
1789105980,687.05,687.10,686.90,687.05,23904
1789106040,687.05,687.25,687.00,687.15,42764
1789106100,687.20,687.20,686.85,686.85,31479
1789106160,686.80,686.95,686.80,686.85,18898
1789106220,686.85,686.95,686.80,686.90,22630
1789106280,686.95,687.00,686.70,686.75,32610
1789106340,686.80,686.80,686.50,686.55,25037
1789106400,686.55,686.55,686.20,686.20,31081
1789106460,686.25,686.35,686.20,686.20,19280
1789106520,686.25,686.35,686.15,686.35,24320
1789106580,686.40,686.90,686.30,686.85,27971
1789106640,686.85,686.90,686.70,686.85,20621
1789106700,686.85,686.85,686.35,686.45,24014
1789106760,686.35,686.80,686.10,686.15,40177
1789106820,686.15,686.25,685.75,685.95,55185
1789106880,685.95,686.30,685.90,686.10,113686
1789106940,686.05,686.35,686.00,686.25,110309
1789107000,686.25,686.55,686.10,686.55,17959
1789107060,686.55,687.05,686.50,686.80,45428
1789107120,686.75,686.80,686.35,686.40,23511
1789107180,686.35,686.40,686.15,686.30,23520
1789107240,686.25,687.00,686.25,686.75,19158
1789107300,686.75,686.85,686.20,686.25,30427
1789107360,686.20,686.60,686.20,686.45,17256
1789107420,686.45,686.50,686.35,686.50,19811
1789107480,686.40,686.50,685.80,685.80,42785
1789107540,685.85,685.85,685.70,685.80,18605
1789107600,685.85,686.10,685.80,686.10,18560
1789107660,686.10,686.35,686.05,686.10,22025
1789107720,686.15,686.15,685.50,685.55,40641
1789107780,685.55,685.55,685.25,685.40,29739
1789107840,685.45,685.85,685.45,685.70,18011
1789107900,685.75,685.75,685.55,685.60,18341
1789107960,685.60,685.90,685.55,685.70,24392
1789108020,685.65,685.70,685.25,685.35,32632
1789108080,685.25,685.40,685.15,685.30,33779
1789108140,685.30,685.40,685.20,685.40,25121
1789108200,685.40,685.60,685.35,685.50,28350
1789108260,685.55,685.60,685.50,685.60,26825
1789108320,685.55,685.60,685.55,685.60,19564
1789108380,685.60,685.60,685.30,685.40,77600
1789108440,685.45,685.45,685.35,685.45,52097
1789108500,685.40,685.50,685.40,685.45,27766
1789108560,685.50,685.55,685.20,685.25,55870
1789108620,685.20,685.25,685.00,685.05,38925
1789108680,685.05,685.05,685.00,685.05,29636
1789108740,685.05,685.10,685.00,685.05,24480
1789108800,685.00,685.10,684.00,684.00,171109
1789108860,684.10,684.30,684.05,684.15,50578
1789108920,684.10,684.25,684.00,684.05,140433
1789108980,684.00,684.05,683.90,683.95,57920
1789109040,683.95,684.25,683.90,684.15,34684
1789109100,684.10,684.25,684.00,684.05,49666
1789109160,684.05,684.20,684.00,684.10,23536
1789109220,684.15,684.25,684.10,684.20,24232
1789109280,684.25,684.25,684.10,684.10,26043
1789109340,684.15,684.15,684.00,684.00,25817
1789109400,684.05,684.05,683.75,683.80,60925
1789109460,683.80,683.90,683.70,683.85,29291
1789109520,683.95,684.10,683.95,683.95,21239
1789109580,683.95,684.40,683.95,684.35,28781
1789109640,684.35,684.50,684.30,684.45,24751
1789109700,684.50,684.55,684.30,684.30,36000
1789109760,684.30,684.45,684.30,684.45,27366
1789109820,684.45,684.60,684.45,684.50,30712
1789109880,684.45,684.50,684.35,684.45,26644
1789109940,684.40,684.45,684.35,684.45,17824
1789110000,684.45,684.80,684.40,684.80,37582
1789110060,684.75,684.80,684.75,684.75,16834
1789110120,684.80,685.00,684.75,684.90,33520
1789110180,684.95,685.15,684.85,685.00,34420
1789110240,684.90,686.10,684.90,686.00,88429
1789110300,685.90,686.05,685.40,685.75,46631
1789110360,685.75,685.75,685.55,685.55,16895
1789110420,685.55,686.40,685.50,686.40,94383
1789110480,686.15,686.80,685.90,686.00,132306
1789110540,685.90,686.00,685.80,685.90,23868
1789110600,685.85,686.20,685.85,686.00,39979
1789110660,686.05,686.05,686.00,686.05,42204
1789110720,686.00,686.55,686.00,686.50,45475
1789110780,686.50,686.90,686.45,686.90,60509
1789110840,686.75,686.80,686.50,686.70,34724
1789110900,686.70,687.15,686.60,686.60,62804
1789110960,686.75,686.75,686.25,686.35,41506
1789111020,686.35,686.65,686.35,686.45,34956
1789111080,686.45,686.60,686.35,686.60,34514
1789111140,686.60,686.75,686.55,686.70,32367
1789111200,686.70,686.70,686.55,686.55,27609
1789111260,686.60,686.60,686.50,686.55,14079
1789111320,686.55,686.95,686.50,686.95,27230
1789111380,686.95,687.00,686.90,687.00,30186
1789111440,687.00,687.00,686.90,686.95,23713
1789111500,686.95,687.20,686.90,687.20,46767
1789111560,687.20,687.30,687.00,687.20,46977
1789111620,687.25,687.35,687.15,687.30,43514
1789111680,687.30,688.35,687.25,687.95,155691
1789111740,688.05,688.05,687.90,688.05,57921
1789111800,688.05,688.05,687.60,687.60,82670
1789111860,687.60,687.75,687.10,687.20,39685
1789111920,687.20,687.55,686.95,687.25,78254
1789111980,687.30,687.30,686.80,687.05,51514
1789112040,687.00,687.05,686.95,687.05,21063
1789112100,687.05,687.05,686.75,687.05,56244
1789112160,687.05,687.05,686.85,687.05,25125
1789112220,687.00,687.35,687.00,687.25,41987
1789112280,687.25,687.50,687.20,687.35,64712
1789112340,687.40,687.40,687.25,687.30,23066
1789112400,687.30,687.30,686.80,686.90,78575
1789112460,686.90,686.90,686.25,686.30,59467
1789112520,686.35,686.35,686.15,686.20,21496
1789112580,686.25,686.35,686.20,686.30,27781
1789112640,686.25,686.95,686.25,686.70,75902
1789112700,686.75,687.00,686.55,686.55,129738
1789112760,686.60,687.00,686.55,686.75,46514
1789112820,686.80,686.80,686.70,686.75,20785
1789112880,686.80,686.80,686.40,686.45,40526
1789112940,686.50,686.50,686.30,686.40,24485
1789113000,686.40,686.70,686.30,686.55,32485
1789113060,686.60,687.00,686.50,686.80,34309
1789113120,686.85,687.45,686.60,687.20,45293
1789113180,687.05,687.90,687.00,687.80,51424
1789113240,687.80,687.90,687.50,687.65,40879
1789113300,687.75,687.85,687.65,687.65,19080
1789113360,687.70,688.50,687.65,688.25,129937
1789113420,688.40,689.70,688.10,689.40,172734
1789113480,689.40,690.80,689.25,690.45,258029
1789113540,690.40,692.10,690.40,691.70,214159
1789113600,691.70,691.70,690.25,690.40,135508
1789113660,690.50,691.40,690.30,691.15,57213
1789113720,691.15,691.50,691.05,691.30,60280
1789113780,691.30,691.95,691.10,691.60,201710
1789113840,691.85,692.05,691.40,691.40,80138
1789113900,691.45,691.75,690.80,691.50,80130
1789113960,691.55,691.55,690.95,691.15,99011
1789114020,691.20,691.40,690.70,690.95,79101
1789114080,691.00,691.15,690.90,691.15,46920
1789114140,691.10,691.85,691.00,691.15,231911
1789114200,691.15,691.65,691.10,691.50,72442
1789114260,691.55,691.55,690.50,690.75,83322
1789114320,690.60,693.60,690.60,693.25,140607
1789114380,693.45,693.45,692.35,693.00,158498
1789114440,693.15,693.40,692.75,693.10,116729
1789114500,693.10,693.10,692.00,692.00,90548
1789114560,692.00,692.10,691.30,691.95,101069
1789114620,691.95,693.00,691.95,693.00,77791
1789114680,693.00,693.75,693.00,693.50,91491
1789114740,693.50,694.20,693.30,694.15,84021
1789114800,694.15,695.05,694.15,695.05,123285
1789114860,695.40,697.40,695.00,697.20,190761
1789114920,697.20,697.85,696.00,696.50,192433
1789114980,696.50,696.65,696.15,696.65,69160
1789115040,696.60,697.50,695.50,695.50,180381
1789115100,695.50,698.20,695.50,697.75,148720
1789115160,697.80,699.20,697.45,699.20,317689
1789115220,700.65,701.70,699.30,701.15,544235
1789115280,701.10,701.15,699.30,701.00,210508
1789115340,701.00,701.95,700.75,701.80,180629
1789115400,701.60,702.45,700.90,702.20,216494
1789115460,702.20,702.20,701.50,701.55,118244
1789115520,701.60,706.00,701.45,705.20,533665
1789115580,705.25,706.50,705.10,705.25,376714
1789115640,705.00,705.95,704.60,705.40,158896
1789115700,705.40,705.55,702.50,703.40,185904
1789115760,703.20,703.50,701.90,703.30,113080
1789115820,703.15,703.20,702.40,702.55,75803
1789115880,702.65,703.00,701.55,701.75,121856
1789115940,701.75,704.30,701.50,703.85,137026
1789116000,704.00,704.00,702.75,703.20,73549
1789116060,703.15,703.45,702.50,703.45,57369
1789116120,703.30,703.50,702.65,702.85,41858
1789116180,702.80,702.85,702.45,702.45,47580
1789116240,702.50,703.40,702.20,703.25,43850
1789116300,703.25,703.35,702.30,702.45,41492
1789116360,702.45,702.50,699.55,700.00,226488
1789116420,700.05,700.40,699.50,700.25,126472
1789116480,700.25,700.25,699.70,699.80,70072
1789116540,699.75,699.85,699.25,699.40,61296
1789116600,699.35,699.75,698.85,699.00,100211
1789116660,699.00,700.00,699.00,699.85,62038
1789116720,699.90,700.20,699.60,699.80,69969
1789116780,699.85,700.25,699.40,699.55,70527
1789116840,699.80,700.20,699.55,700.05,63035
1789116900,700.10,700.50,699.65,700.50,66199
1789116960,700.30,701.65,700.30,701.65,133170
1789117020,701.55,702.00,701.20,701.85,76075
1789117080,701.85,703.00,701.55,702.65,86459
1789117140,702.60,703.00,702.25,702.60,47657
1789117200,702.70,703.00,701.80,701.90,49882
1789117260,701.85,702.70,701.80,702.35,44179
1789117320,702.40,702.40,701.10,701.15,46560
1789117380,701.40,702.25,701.00,702.25,56530
1789117440,702.00,703.70,702.00,703.65,117169
1789117500,703.60,707.75,703.60,707.15,532758
1789117560,707.15,707.15,704.85,705.40,177433
1789117620,705.30,705.80,703.70,703.75,109319
1789117680,703.85,704.15,703.20,703.40,71864
1789117740,703.25,704.15,702.65,704.15,87242
1789117800,704.00,704.25,703.30,703.60,54805
1789117860,703.80,704.00,703.50,703.50,37884
1789117920,703.50,704.50,703.25,704.25,70492
1789117980,704.25,704.35,703.70,704.10,59937
1789118040,703.90,704.65,703.90,704.40,54574
1789118100,704.40,704.85,703.80,704.35,175479
1789118160,704.55,705.00,704.20,704.60,149673
1789118220,704.70,706.00,704.00,705.80,187974
1789118280,705.80,706.30,704.95,705.95,279530
1789118340,705.90,706.00,704.25,705.45,165733
1789118400,705.50,706.85,705.25,706.35,181546
1789118460,706.45,706.45,705.50,705.70,81227
1789118520,705.65,705.70,704.45,705.00,147818
1789118580,705.05,705.80,704.95,705.30,102943
1789118640,705.30,705.45,705.00,705.35,141485
1789118700,705.30,706.75,705.30,706.40,155047
1789118760,706.45,706.95,706.00,706.30,145566
1789118820,706.30,706.45,705.75,705.95,66527
1789118880,705.95,706.70,705.90,706.40,87839
1789118940,706.45,706.45,705.05,705.05,75014
1789119000,705.15,705.40,704.80,705.10,85218
1789119060,705.10,705.80,704.80,704.90,72183
1789119120,705.00,705.50,704.90,705.50,63441
1789119180,705.70,705.80,704.95,704.95,97105
1789119240,705.00,705.50,704.85,705.40,135971
1789119300,705.45,705.45,704.15,704.40,136464
1789119360,704.20,705.25,703.95,705.05,124716
1789119420,705.10,706.20,705.00,706.10,123461
1789119480,706.10,706.50,706.00,706.25,111252
1789119540,706.35,707.75,706.20,707.50,221605
1789119600,707.30,708.00,707.25,707.90,186312
1789119660,708.00,708.60,707.50,708.50,179389
1789119720,708.60,708.90,708.00,708.50,334800
1789119780,708.10,709.00,708.00,708.35,195236
1789119840,708.40,708.95,708.00,708.60,91850
1789119900,708.50,708.50,708.50,708.50,435
1789119960,708.50,708.50,708.50,708.50,0
1789120020,708.50,708.50,708.50,708.50,0
1789120080,708.50,708.50,708.50,708.50,0
1789120140,708.50,708.50,708.50,708.50,0
1789120200,708.50,708.50,708.50,708.50,0
1789120260,708.50,708.50,708.50,708.50,0
1789120320,708.50,708.50,708.50,708.50,0
1789120380,708.50,708.50,708.50,708.50,0
1789120440,708.50,708.50,708.50,708.50,0
1789120500,708.50,708.50,708.50,708.50,0
1789120560,708.50,708.50,708.50,708.50,0
1789120620,708.50,708.50,708.50,708.50,0
1789120680,708.50,708.50,708.50,708.50,0
1789120740,708.50,708.50,708.25,708.25,1084552
1789443900,722.40,730.30,722.30,727.00,3311641
1789443960,727.00,728.25,725.65,727.65,1761236
1789444020,727.45,730.45,727.05,727.10,2139693
1789444080,727.00,729.00,724.75,728.65,1722813
1789444140,728.65,730.75,728.40,728.90,1455558
1789444200,728.80,728.90,726.65,726.90,711830
1789444260,726.70,728.30,726.10,728.00,1057972
1789444320,727.75,727.75,725.00,725.00,403035
1789444380,725.00,725.75,724.65,725.50,482883
1789444440,725.50,725.75,724.00,724.15,467961
1789444500,724.00,724.80,723.50,724.10,389870
1789444560,724.10,724.90,723.50,723.55,197358
1789444620,723.65,724.45,723.15,723.70,317919
1789444680,723.70,724.00,723.20,723.30,140900
1789444740,723.60,723.60,723.00,723.45,146006
1789444800,723.30,723.80,722.25,723.75,260578
1789444860,723.50,723.75,722.20,722.35,99089
1789444920,722.35,722.35,721.00,721.60,248350
1789444980,721.50,722.00,720.60,721.45,329989
1789445040,721.45,722.00,721.20,721.60,70366
1789445100,721.45,721.85,721.10,721.20,117996
1789445160,721.50,721.65,720.30,720.40,141926
1789445220,720.50,722.50,720.50,721.50,176577
1789445280,721.45,722.00,721.30,721.50,87974
1789445340,721.50,722.90,721.35,722.90,184143
1789445400,722.60,723.40,722.00,723.20,158994
1789445460,723.15,723.40,722.45,723.00,123788
1789445520,723.00,723.65,722.60,722.95,184884
1789445580,722.95,723.00,722.35,722.65,164489
1789445640,722.50,723.00,722.15,722.40,100946
1789445700,722.40,722.60,721.75,722.40,143426
1789445760,722.45,723.00,722.40,722.90,99829
1789445820,722.80,723.70,722.70,723.45,157432
1789445880,723.30,723.85,723.00,723.65,221508
1789445940,723.75,723.85,722.90,723.40,171205
1789446000,723.40,725.40,722.80,725.15,491725
1789446060,725.40,725.80,725.10,725.25,213996
1789446120,725.50,726.15,725.10,725.30,279214
1789446180,725.20,726.40,725.10,725.80,231528
1789446240,725.95,726.85,725.20,725.55,729767
1789446300,725.50,725.55,725.00,725.35,111135
1789446360,725.35,726.65,725.30,726.55,211426
1789446420,726.30,727.25,726.00,726.15,455207
1789446480,726.30,727.00,726.15,726.80,283023
1789446540,726.70,727.40,726.60,727.20,218218
1789446600,727.20,727.75,727.00,727.30,223302
1789446660,727.20,727.25,726.45,726.95,253228
1789446720,726.85,727.00,726.10,726.70,106429
1789446780,726.75,726.95,726.05,726.05,289233
1789446840,726.10,727.00,726.05,726.95,129594
1789446900,727.35,728.35,727.10,727.70,325005
1789446960,727.85,727.85,726.65,726.70,139325
1789447020,726.90,727.00,726.30,726.60,81635
1789447080,726.60,726.85,726.30,726.35,50085
1789447140,726.35,726.50,725.95,726.05,173676
1789447200,726.30,726.30,726.05,726.05,408595
1789447260,726.15,727.20,726.05,727.00,113329
1789447320,727.00,727.00,726.10,726.75,168983
1789447380,726.50,726.80,726.10,726.50,62483
1789447440,726.65,726.85,726.05,726.05,186597
1789447500,726.05,726.20,724.25,725.00,241372
1789447560,725.10,725.30,724.50,724.65,103985
1789447620,724.55,725.00,724.10,724.75,101871
1789447680,724.70,724.80,724.10,724.10,63661
1789447740,724.20,724.30,723.55,723.80,91291
1789447800,723.75,723.90,722.45,722.50,125394
1789447860,722.40,722.80,722.05,722.80,102453
1789447920,722.70,722.95,722.20,722.20,58724
1789447980,722.30,722.30,721.30,721.40,143163
1789448040,721.40,721.80,721.15,721.55,56577
1789448100,721.70,721.70,720.65,721.20,136377
1789448160,721.25,722.85,720.95,722.25,157901
1789448220,722.25,723.00,722.15,722.15,155674
1789448280,722.05,722.30,721.40,721.60,108154
1789448340,721.45,722.00,721.35,721.85,49401
1789448400,721.75,722.50,721.30,722.50,194302
1789448460,722.55,722.55,721.60,721.95,87135
1789448520,721.95,722.00,721.70,721.90,52192
1789448580,721.85,721.90,721.30,721.50,60699
1789448640,721.45,721.80,721.40,721.60,55737
1789448700,721.60,721.90,721.40,721.90,45942
1789448760,721.85,722.60,721.85,722.25,318203
1789448820,722.20,722.70,721.95,722.20,235543
1789448880,722.15,722.40,721.90,722.25,40665
1789448940,722.25,723.10,722.10,722.95,183199
1789449000,722.90,723.00,722.40,722.45,41949
1789449060,722.55,723.35,722.40,723.30,84440
1789449120,723.30,723.60,723.15,723.50,66250
1789449180,723.50,723.50,721.50,721.70,124854
1789449240,721.70,722.00,721.55,721.65,70041
1789449300,721.60,721.70,721.40,721.70,55382
1789449360,721.65,721.65,720.95,721.00,102369
1789449420,720.95,721.70,720.80,721.15,141382
1789449480,721.10,721.50,721.00,721.15,54735
1789449540,721.15,721.20,719.55,719.55,179266
1789449600,719.90,720.40,719.60,720.20,77916
1789449660,720.20,720.25,719.55,719.75,47864
1789449720,719.60,720.00,719.25,720.00,89787
1789449780,720.00,720.15,719.85,720.00,42562
1789449840,719.95,720.00,719.75,720.00,32136
1789449900,719.95,720.00,719.05,719.35,46398
1789449960,719.20,719.35,718.50,718.75,80701
1789450020,718.65,719.00,718.60,718.80,48135
1789450080,718.75,719.45,718.75,719.25,104811
1789450140,719.15,719.80,719.05,719.80,62506
1789450200,719.75,720.00,719.75,719.95,46155
1789450260,720.00,722.60,719.90,722.50,391685
1789450320,722.55,723.55,721.55,723.45,312099
1789450380,723.15,723.55,722.50,722.75,386657
1789450440,722.50,722.80,722.10,722.50,47576
1789450500,722.25,722.45,721.50,721.55,50432
1789450560,721.60,721.60,721.20,721.40,56044
1789450620,721.50,721.50,720.45,720.70,58384
1789450680,720.45,720.70,720.10,720.20,72338
1789450740,720.20,720.45,719.40,719.50,77778
1789450800,719.65,720.00,719.20,719.80,37330
1789450860,719.80,720.80,719.75,720.80,72895
1789450920,720.75,720.90,720.50,720.70,49034
1789450980,720.80,720.85,720.35,720.50,41538
1789451040,720.45,720.95,720.25,720.85,47630
1789451100,720.75,722.35,720.75,722.05,244329
1789451160,722.00,722.30,721.50,722.00,509514
1789451220,721.75,722.05,721.15,721.45,155996
1789451280,721.30,721.75,721.05,721.55,73281
1789451340,721.75,721.75,720.85,720.90,37564
1789451400,720.80,721.00,720.60,720.80,55528
1789451460,720.80,721.15,720.75,721.15,40701
1789451520,721.00,721.30,721.00,721.25,21696
1789451580,721.30,721.50,721.25,721.45,31579
1789451640,721.45,721.65,721.35,721.65,48356
1789451700,721.50,721.50,721.05,721.15,26035
1789451760,721.20,721.50,721.05,721.35,44027
1789451820,721.25,721.35,721.10,721.20,26190
1789451880,721.10,721.20,721.00,721.00,22123
1789451940,721.05,721.05,721.00,721.05,32086
1789452000,721.00,721.20,720.60,720.60,40640
1789452060,720.75,721.05,720.60,720.75,23643
1789452120,720.75,721.30,720.75,721.10,29938
1789452180,721.20,721.20,720.80,720.85,28180
1789452240,720.85,720.90,720.65,720.70,20325
1789452300,720.65,720.90,720.60,720.85,34154
1789452360,720.90,721.30,720.80,720.90,42179
1789452420,720.90,721.25,720.90,721.25,30053
1789452480,721.15,721.80,721.15,721.60,63912
1789452540,721.60,721.85,721.45,721.55,53701
1789452600,721.55,721.75,721.00,721.15,28513
1789452660,721.05,721.30,721.00,721.00,22173
1789452720,721.00,721.20,720.60,720.65,33594
1789452780,720.65,721.35,720.65,721.30,69649
1789452840,721.25,721.60,721.10,721.25,129400
1789452900,721.25,721.40,720.90,721.10,26997
1789452960,720.90,721.10,720.85,721.10,21860
1789453020,721.00,721.35,720.85,721.15,31082
1789453080,721.15,721.35,721.05,721.25,27698
1789453140,721.25,721.35,720.85,720.85,31280
1789453200,720.85,721.00,720.50,720.65,33737
1789453260,720.60,721.00,720.50,720.85,22069
1789453320,720.85,720.95,720.30,720.40,107923
1789453380,720.45,720.70,720.15,720.20,47979
1789453440,720.25,720.30,719.90,720.00,64923
1789453500,719.95,720.20,719.55,719.80,65643
1789453560,719.90,721.00,719.50,721.00,70876
1789453620,720.80,721.25,720.60,721.10,118494
1789453680,721.15,721.25,720.75,721.10,77464
1789453740,721.00,721.30,720.85,721.25,53010
1789453800,721.00,721.20,720.25,720.60,48293
1789453860,720.60,720.80,720.00,720.30,51611
1789453920,720.40,720.50,719.95,720.15,46592
1789453980,720.10,720.65,720.10,720.60,61064
1789454040,720.60,720.65,719.60,719.60,51808
1789454100,719.65,720.35,719.65,720.20,97716
1789454160,720.20,720.35,719.90,720.30,54605
1789454220,720.25,720.70,719.75,720.55,107818
1789454280,720.55,721.15,720.50,721.05,101267
1789454340,721.05,721.15,721.00,721.15,85152
1789454400,721.00,721.65,720.80,721.30,230345
1789454460,721.10,721.40,721.00,721.05,45879
1789454520,721.05,721.25,720.60,720.80,92689
1789454580,720.80,720.80,720.40,720.65,44005
1789454640,720.65,721.00,720.45,720.90,107967
1789454700,720.90,720.90,719.45,719.75,84955
1789454760,719.50,719.90,719.30,719.75,133297
1789454820,719.85,719.90,719.30,719.70,51875
1789454880,719.50,719.50,718.90,719.15,72819
1789454940,719.00,719.20,718.80,719.20,63498
1789455000,719.00,719.35,718.85,719.20,41078
1789455060,719.20,719.75,719.10,719.70,47420
1789455120,719.50,719.70,719.05,719.65,44137
1789455180,719.65,720.30,719.25,720.10,109949
1789455240,720.10,720.20,719.65,719.95,44988
1789455300,720.00,720.00,719.75,719.90,52330
1789455360,720.00,720.00,719.75,719.90,41485
1789455420,719.95,719.95,719.65,719.90,40028
1789455480,719.95,720.00,719.90,720.00,45479
1789455540,719.90,720.00,719.30,719.95,42188
1789455600,719.95,720.00,719.15,719.70,51768
1789455660,719.60,719.75,718.80,719.35,48871
1789455720,719.25,719.75,719.25,719.75,42998
1789455780,719.70,719.75,719.10,719.60,49059
1789455840,719.55,719.70,719.35,719.65,52236
1789455900,719.60,719.80,719.45,719.75,50273
1789455960,719.70,719.80,719.40,719.50,45785
1789456020,719.65,719.70,719.10,719.25,58023
1789456080,719.25,719.60,719.10,719.35,42520
1789456140,719.55,719.70,719.00,719.55,45298
1789456200,719.50,719.65,718.95,719.60,61783
1789456260,719.65,719.75,719.20,719.70,48331
1789456320,719.70,719.75,719.30,719.50,85594
1789456380,719.40,719.70,719.40,719.55,121945
1789456440,719.65,719.80,719.55,719.70,43790
1789456500,719.50,719.65,718.90,719.10,50192
1789456560,719.15,719.15,718.65,718.90,61134
1789456620,718.90,719.20,718.35,719.15,69181
1789456680,719.15,719.35,718.75,719.00,52107
1789456740,719.10,719.10,718.60,718.95,52529
1789456800,718.85,719.40,718.65,719.05,67152
1789456860,719.15,719.15,718.50,718.95,47533
1789456920,718.90,718.95,718.25,718.75,48868
1789456980,718.80,718.80,718.10,718.55,62886
1789457040,718.55,718.90,718.50,718.85,76619
1789457100,718.80,719.10,718.50,719.10,103033
1789457160,719.05,719.10,718.30,718.75,55193
1789457220,718.65,719.10,718.55,719.00,42160
1789457280,718.90,719.05,718.00,718.20,56333
1789457340,718.30,718.55,718.00,718.55,60702
1789457400,718.65,719.00,718.05,718.85,67272
1789457460,718.70,718.80,718.00,718.45,43692
1789457520,718.30,718.85,717.90,718.75,52706
1789457580,718.45,718.80,717.80,718.80,52198
1789457640,718.70,719.15,718.70,719.00,55701
1789457700,719.15,719.65,719.00,719.60,70863
1789457760,719.65,719.70,719.45,719.55,52006
1789457820,719.50,719.90,719.50,719.60,23509
1789457880,719.70,719.85,719.30,719.70,24922
1789457940,719.65,720.05,719.55,720.00,133488
1789458000,719.80,720.15,719.80,720.00,30098
1789458060,719.95,720.00,718.90,719.00,34916
1789458120,719.05,719.45,719.00,719.45,24184
1789458180,719.30,719.70,719.00,719.35,85172
1789458240,719.35,719.70,718.95,719.15,117053
1789458300,719.90,719.90,719.00,719.10,85128
1789458360,719.05,719.50,718.65,718.70,96943
1789458420,719.05,719.40,718.75,719.25,63018
1789458480,719.15,719.50,718.80,719.25,101103
1789458540,719.25,719.50,718.85,719.10,69481
1789458600,718.95,719.20,718.65,718.75,39687
1789458660,718.85,719.00,718.50,718.50,39805
1789458720,718.50,718.75,718.20,718.35,84204
1789458780,718.35,718.75,718.35,718.75,49633
1789458840,718.55,718.75,718.35,718.40,86335
1789458900,718.45,718.55,718.15,718.40,56278
1789458960,718.35,718.60,718.25,718.50,37554
1789459020,718.55,718.75,718.25,718.55,40851
1789459080,718.45,719.00,718.45,719.00,22810
1789459140,718.85,719.00,718.30,718.40,31332
1789459200,718.40,718.60,718.25,718.40,19125
1789459260,718.35,718.40,717.95,717.95,35330
1789459320,717.90,718.35,717.85,718.10,51507
1789459380,718.15,718.25,718.00,718.20,18941
1789459440,718.10,718.25,718.00,718.05,24066
1789459500,718.10,718.10,717.80,717.95,29978
1789459560,718.00,718.40,718.00,718.35,30176
1789459620,718.20,718.35,717.90,717.95,38951
1789459680,717.90,718.00,717.20,717.55,81092
1789459740,717.55,717.90,717.50,717.75,44469
1789459800,717.70,717.75,717.20,717.45,44814
1789459860,717.35,717.45,716.75,717.25,88075
1789459920,717.10,717.50,716.75,716.85,52743
1789459980,716.80,717.90,716.80,717.65,54359
1789460040,717.75,717.90,717.55,717.90,22920
1789460100,717.65,718.00,717.55,717.90,23673
1789460160,717.95,718.10,717.65,718.00,43192
1789460220,718.00,718.10,717.65,718.00,32836
1789460280,717.90,718.05,717.65,717.75,21830
1789460340,717.75,718.00,717.70,717.90,28783
1789460400,717.75,718.25,717.50,718.05,141076
1789460460,718.00,718.25,717.60,717.85,133226
1789460520,717.85,718.00,717.70,717.90,25323
1789460580,717.90,717.95,717.70,717.75,23808
1789460640,717.75,718.00,717.75,717.80,19740
1789460700,717.80,717.95,717.55,717.75,24292
1789460760,717.75,717.90,717.30,717.85,42487
1789460820,717.65,718.00,717.65,717.70,35852
1789460880,717.80,718.00,717.70,717.95,31173
1789460940,717.95,717.95,717.60,717.85,40855
1789461000,717.85,717.90,717.60,717.65,19332
1789461060,717.70,717.80,717.00,717.05,30888
1789461120,717.00,717.45,717.00,717.30,120963
1789461180,717.15,717.50,717.00,717.30,33852
1789461240,717.30,717.55,717.10,717.30,100522
1789461300,717.25,717.30,717.10,717.15,16741
1789461360,717.15,717.35,717.10,717.30,23935
1789461420,717.15,717.35,716.85,717.25,42615
1789461480,717.05,717.30,716.85,717.10,31538
1789461540,717.10,717.30,717.00,717.15,19585
1789461600,717.05,717.25,716.60,717.00,44871
1789461660,716.65,717.05,716.60,716.60,133826
1789461720,716.60,716.80,716.45,716.45,48750
1789461780,716.45,716.90,716.45,716.70,55241
1789461840,716.60,716.70,716.20,716.35,36723
1789461900,716.15,716.40,715.30,715.50,137251
1789461960,715.45,715.85,715.30,715.80,71781
1789462020,715.80,715.90,715.50,715.70,35237
1789462080,715.70,715.95,715.45,715.50,35972
1789462140,715.50,715.55,715.05,715.30,69038
1789462200,715.40,716.20,715.30,716.00,80357
1789462260,715.95,716.65,715.85,716.45,66714
1789462320,716.30,716.90,716.25,716.85,61134
1789462380,716.70,717.40,716.70,717.20,106892
1789462440,717.10,717.30,716.90,717.05,150379
1789462500,717.25,717.25,716.80,717.10,92799
1789462560,717.00,717.25,716.85,717.20,38702
1789462620,717.00,717.80,716.95,717.80,95976
1789462680,717.55,717.75,717.10,717.30,62364
1789462740,717.30,717.60,717.25,717.50,24813
1789462800,717.50,717.70,717.20,717.55,61949
1789462860,717.75,717.85,717.10,717.65,66662
1789462920,717.65,718.20,717.25,717.90,268844
1789462980,717.90,718.95,717.90,718.40,318925
1789463040,718.20,719.20,718.00,719.00,89793
1789463100,719.15,719.45,718.90,719.00,67663
1789463160,719.05,719.25,718.35,718.45,36900
1789463220,718.45,718.85,718.30,718.30,30680
1789463280,718.40,719.00,718.15,718.90,54569
1789463340,718.95,719.30,718.55,718.75,44896
1789463400,718.55,718.90,718.40,718.65,39336
1789463460,718.60,718.80,718.35,718.35,31117
1789463520,718.30,718.75,718.20,718.20,57384
1789463580,718.50,719.05,718.15,719.00,57482
1789463640,719.00,719.05,718.55,718.60,50458
1789463700,718.80,718.80,718.00,718.65,172472
1789463760,718.65,718.95,718.20,718.35,63276
1789463820,718.35,718.55,717.85,718.00,70474
1789463880,717.75,717.95,716.85,717.30,113864
1789463940,717.20,717.60,716.90,717.00,86554
1789464000,716.90,717.65,716.85,717.25,185380
1789464060,717.10,717.25,716.70,716.80,68271
1789464120,716.80,716.90,716.25,716.45,52832
1789464180,716.50,716.65,716.00,716.20,228911
1789464240,716.40,716.40,715.65,715.90,189940
1789464300,715.95,716.35,715.80,716.00,91610
1789464360,715.95,716.30,715.85,716.25,106981
1789464420,716.20,716.30,715.65,715.75,86725
1789464480,715.85,715.85,715.55,715.75,60960
1789464540,715.70,715.75,715.30,715.45,103128
1789464600,715.50,716.45,715.50,716.30,124902
1789464660,716.40,717.45,716.35,717.20,91577
1789464720,717.40,717.45,716.65,716.80,168718
1789464780,716.95,717.25,716.75,717.25,114654
1789464840,717.30,717.95,717.15,717.65,163458
1789464900,717.95,717.95,716.50,716.95,184112
1789464960,716.95,717.25,716.70,717.00,133205
1789465020,717.15,717.50,716.90,717.10,142350
1789465080,716.85,717.30,716.85,717.15,85172
1789465140,717.30,717.30,716.30,716.95,215216
1789465200,717.00,717.00,716.55,716.85,114635
1789465260,716.80,718.05,716.80,717.85,205507
1789465320,717.85,718.00,717.00,717.80,238929
1789465380,717.40,717.85,717.35,717.50,200307
1789465440,717.45,717.85,716.25,716.60,216303
1789465500,716.60,716.60,716.60,716.60,25
1789465560,716.60,716.60,716.60,716.60,0
1789465620,716.60,716.60,716.60,716.60,0
1789465680,716.60,716.60,716.60,716.60,0
1789465740,716.60,716.60,716.60,716.60,0
1789465800,716.60,716.60,716.60,716.60,0
1789465860,716.60,716.60,716.60,716.60,0
1789465920,716.60,716.60,716.60,716.60,0
1789465980,716.60,716.60,716.60,716.60,0
1789466040,716.60,716.60,716.60,716.60,0
1789466100,716.60,716.60,716.60,716.60,0
1789466160,716.60,716.60,716.60,716.60,0
1789466220,716.60,716.60,716.60,716.60,0
1789466280,716.60,716.60,716.60,716.60,0
1789466340,716.55,716.55,716.55,716.55,1510293
1789530300,714.90,714.90,712.00,713.40,586889
1789530360,713.35,717.00,710.85,716.60,222079
1789530420,716.70,717.70,716.00,716.95,155131
1789530480,717.25,717.35,714.50,714.75,111210
1789530540,715.05,715.15,714.50,715.00,57900
1789530600,714.95,715.00,714.50,714.75,49372
1789530660,714.75,715.85,714.55,715.55,62180
1789530720,715.70,716.70,715.00,716.70,56336
1789530780,716.45,716.65,715.85,716.10,35405
1789530840,716.05,716.10,715.50,715.70,39195
1789530900,715.70,715.70,714.80,714.95,29926
1789530960,714.90,716.70,714.90,716.70,69043
1789531020,716.90,717.35,716.70,717.35,67436
1789531080,717.35,717.35,716.00,716.00,50569
1789531140,716.10,716.50,715.00,716.50,96985
1789531200,716.45,716.80,716.10,716.35,64391
1789531260,716.35,716.95,716.25,716.45,39794
1789531320,716.40,716.55,715.55,715.80,27135
1789531380,715.80,716.35,715.50,716.35,55046
1789531440,716.35,716.90,716.25,716.80,68825
1789531500,716.80,716.80,715.80,716.25,69249
1789531560,716.05,716.80,716.05,716.80,45897
1789531620,716.80,717.30,716.25,716.90,91098
1789531680,716.90,717.50,716.55,716.75,61844
1789531740,716.95,717.60,716.55,716.55,59142
1789531800,716.55,716.70,715.50,716.20,44993
1789531860,716.20,716.35,715.50,715.80,48278
1789531920,715.75,716.00,715.30,716.00,36753
1789531980,716.00,716.00,715.45,715.75,51445
1789532040,715.90,715.95,715.30,715.40,43927
1789532100,715.40,715.70,715.05,715.50,71311
1789532160,715.35,715.75,715.10,715.50,51828
1789532220,715.50,715.70,714.50,714.80,108542
1789532280,714.80,715.45,714.70,714.80,79430
1789532340,715.00,715.10,714.50,715.10,67865
1789532400,715.10,716.00,715.00,715.65,55096
1789532460,715.50,715.65,715.05,715.30,36973
1789532520,715.15,715.70,715.15,715.40,61119
1789532580,715.40,717.00,715.10,716.95,99329
1789532640,716.90,718.60,716.80,718.60,115838
1789532700,718.60,720.30,717.35,719.70,500109
1789532760,720.05,720.05,718.00,718.40,267792
1789532820,718.40,719.35,718.05,719.35,63959
1789532880,719.30,719.30,717.20,717.25,117076
1789532940,717.10,718.30,717.10,718.15,64994
1789533000,718.05,718.20,716.95,717.40,85563
1789533060,717.40,717.50,716.80,716.90,74246
1789533120,716.95,717.00,715.75,716.15,52257
1789533180,716.00,716.60,716.00,716.20,33683
1789533240,716.20,716.30,715.85,715.95,43254
1789533300,715.95,716.35,715.45,716.00,53870
1789533360,715.85,716.80,715.75,716.60,36601
1789533420,716.60,717.00,716.50,716.95,40862
1789533480,717.20,717.20,716.40,716.50,41214
1789533540,716.65,717.00,716.65,717.00,27159
1789533600,717.00,717.20,716.55,716.65,50834
1789533660,716.70,716.70,716.25,716.40,23453
1789533720,716.45,716.65,716.05,716.30,32180
1789533780,716.25,716.25,715.20,715.20,55069
1789533840,715.20,715.85,715.15,715.85,50984
1789533900,715.75,716.00,715.50,715.95,39725
1789533960,715.95,716.25,715.55,715.75,127258
1789534020,715.60,716.40,715.60,716.30,35299
1789534080,716.40,716.65,715.70,715.85,63597
1789534140,715.70,716.05,715.65,715.70,24179
1789534200,715.70,715.95,715.65,715.90,23143
1789534260,715.90,716.15,715.75,716.15,33920
1789534320,716.15,716.75,716.15,716.75,24562
1789534380,716.65,716.75,716.65,716.65,21574
1789534440,716.75,716.80,716.00,716.45,46111
1789534500,716.40,716.45,716.00,716.45,31694
1789534560,716.45,716.60,715.90,716.00,51134
1789534620,715.95,716.05,715.85,715.90,22770
1789534680,715.85,715.90,715.80,715.80,16075
1789534740,715.85,715.90,715.00,715.10,57609
1789534800,715.00,716.20,715.00,716.00,535447
1789534860,716.00,716.15,715.45,715.80,69863
1789534920,715.80,716.55,715.80,716.35,39853
1789534980,716.25,716.35,715.80,715.80,19792
1789535040,715.85,715.85,715.75,715.75,26382
1789535100,715.80,716.00,715.50,716.00,38389
1789535160,716.00,716.25,715.95,716.20,23905
1789535220,716.15,716.25,716.00,716.20,22920
1789535280,716.30,716.75,716.30,716.55,10428
1789535340,716.75,716.80,716.55,716.75,26260
1789535400,716.85,717.50,716.85,717.45,73269
1789535460,717.40,717.90,717.40,717.60,37671
1789535520,717.60,717.60,717.00,717.40,54612
1789535580,717.30,717.50,717.00,717.30,67069
1789535640,717.40,717.90,717.05,717.70,110314
1789535700,717.75,718.10,717.50,717.65,159924
1789535760,717.90,719.05,717.60,718.00,323352
1789535820,717.90,718.45,717.60,717.65,76955
1789535880,717.65,718.40,717.60,718.40,50116
1789535940,718.40,718.40,717.60,717.70,120624
1789536000,717.70,717.70,716.75,717.20,50511
1789536060,717.20,717.60,716.50,716.80,67334
1789536120,716.80,718.95,716.60,718.85,153219
1789536180,718.65,718.70,717.70,718.05,61112
1789536240,718.05,718.10,717.70,717.90,59780
1789536300,717.85,717.90,717.05,717.10,43395
1789536360,717.05,718.25,717.05,718.25,298750
1789536420,718.10,718.20,718.00,718.00,96757
1789536480,718.00,718.05,717.45,717.80,126890
1789536540,717.75,717.90,717.75,717.90,45979
1789536600,717.90,718.45,717.85,718.40,43469
1789536660,718.40,718.70,718.25,718.60,59313
1789536720,718.65,718.90,718.40,718.65,46249
1789536780,718.50,719.50,718.50,719.45,113343
1789536840,719.45,719.45,718.90,719.00,66211
1789536900,719.00,719.10,718.25,718.25,167401
1789536960,718.35,718.35,718.10,718.15,24972
1789537020,718.10,718.75,717.55,717.95,411645
1789537080,718.05,718.80,718.05,718.50,126668
1789537140,718.50,718.65,717.65,717.90,129450
1789537200,717.65,717.90,717.20,717.45,61214
1789537260,717.40,717.40,716.50,716.55,85555
1789537320,716.50,717.25,716.35,717.00,101387
1789537380,717.00,717.00,716.60,716.85,35445
1789537440,716.85,717.05,716.30,716.40,49145
1789537500,716.45,716.70,716.45,716.65,16717
1789537560,716.60,716.85,716.50,716.55,39920
1789537620,716.60,716.80,716.15,716.20,26020
1789537680,716.20,716.75,716.15,716.35,178746
1789537740,716.50,717.10,716.35,716.80,29860
1789537800,716.90,717.00,716.50,717.00,70846
1789537860,717.00,717.10,716.45,717.00,104761
1789537920,716.85,717.25,716.85,717.25,63123
1789537980,717.25,718.20,717.20,718.00,87032
1789538040,718.00,718.00,717.20,717.25,31304
1789538100,717.25,717.50,717.00,717.00,24741
1789538160,717.05,717.05,716.60,716.70,25458
1789538220,716.65,716.85,716.10,716.15,46590
1789538280,716.20,716.20,716.00,716.05,57726
1789538340,716.00,716.05,715.50,715.55,53745
1789538400,715.50,716.10,715.50,716.05,50502
1789538460,716.05,716.10,715.50,715.65,74702
1789538520,715.65,716.10,715.50,716.05,53824
1789538580,716.05,716.45,715.70,716.00,126839
1789538640,716.00,716.05,715.20,715.45,120891
1789538700,715.45,715.95,715.00,715.95,149016
1789538760,715.80,715.90,715.55,715.90,51638
1789538820,715.90,715.95,715.65,715.95,24403
1789538880,715.95,716.90,715.95,716.30,45783
1789538940,716.25,716.30,715.75,715.85,23248
1789539000,715.80,716.30,715.80,716.20,18052
1789539060,716.25,716.35,716.00,716.00,26736
1789539120,716.10,716.25,716.00,716.05,28469
1789539180,716.05,716.65,716.05,716.50,26794
1789539240,716.45,716.50,716.35,716.40,15177
1789539300,716.35,716.35,716.25,716.30,19100
1789539360,716.35,716.40,716.15,716.15,23887
1789539420,716.10,716.25,716.05,716.25,15565
1789539480,716.20,716.25,716.05,716.25,18638
1789539540,716.25,716.35,716.15,716.25,14850
1789539600,716.25,716.70,716.25,716.45,49290
1789539660,716.45,716.45,716.05,716.10,22728
1789539720,716.15,716.35,715.90,716.05,26309
1789539780,716.00,716.10,715.80,715.90,17759
1789539840,715.85,715.90,715.80,715.80,14163
1789539900,715.75,715.85,715.75,715.75,13957
1789539960,715.75,715.80,715.20,715.25,33837
1789540020,715.20,715.50,715.20,715.50,24331
1789540080,715.45,715.65,715.35,715.60,17681
1789540140,715.60,715.70,715.45,715.65,20777
1789540200,715.65,715.80,715.60,715.75,23594
1789540260,715.70,715.80,715.60,715.75,20150
1789540320,715.80,715.90,715.30,715.75,34386
1789540380,715.90,716.15,715.50,715.95,60332
1789540440,715.90,715.95,715.55,715.75,16118
1789540500,715.75,716.00,715.65,715.85,16374
1789540560,715.95,716.00,715.85,715.95,13974
1789540620,716.00,716.40,715.95,716.40,24289
1789540680,716.40,716.60,716.35,716.45,36780
1789540740,716.45,716.70,716.40,716.70,45862
1789540800,716.60,717.50,716.60,717.50,95506
1789540860,717.50,718.05,717.20,717.25,111506
1789540920,717.25,717.50,717.20,717.45,24647
1789540980,717.40,718.15,717.40,718.15,62435
1789541040,718.15,718.20,717.20,717.25,82958
1789541100,717.25,717.25,716.35,716.50,142898
1789541160,716.45,717.55,716.45,717.45,163145
1789541220,717.45,717.85,717.20,717.65,45864
1789541280,717.65,717.80,717.55,717.75,15888
1789541340,717.80,718.00,717.70,717.90,23515
1789541400,717.90,717.95,717.40,717.50,49729
1789541460,717.60,717.95,717.50,717.65,37829
1789541520,717.65,717.90,717.65,717.65,32010
1789541580,717.65,717.70,717.15,717.65,153486
1789541640,717.55,717.65,717.35,717.45,28477
1789541700,717.45,717.55,717.45,717.55,17774
1789541760,717.50,717.70,717.50,717.55,26041
1789541820,717.55,717.55,717.15,717.40,22002
1789541880,717.30,717.75,717.30,717.75,15701
1789541940,717.60,717.95,717.60,717.80,25212
1789542000,717.85,718.00,717.65,717.90,36207
1789542060,717.95,718.45,717.90,718.30,54928
1789542120,718.35,718.35,718.05,718.25,30707
1789542180,718.20,718.50,718.15,718.50,34470
1789542240,718.45,718.45,717.75,717.85,67041
1789542300,717.85,717.85,717.70,717.80,19594
1789542360,717.80,717.85,717.10,717.75,108670
1789542420,717.55,717.65,717.45,717.55,25009
1789542480,717.55,717.85,717.50,717.80,25364
1789542540,717.70,718.00,717.65,717.75,20465
1789542600,717.70,718.00,717.70,717.95,23305
1789542660,718.00,718.10,717.50,717.55,33213
1789542720,717.55,717.70,717.20,717.40,50162
1789542780,717.40,718.00,717.35,717.90,38335
1789542840,717.90,718.00,717.60,718.00,25653
1789542900,717.95,718.10,717.65,717.65,38905
1789542960,717.75,717.75,717.40,717.60,22777
1789543020,717.60,718.00,717.55,717.90,27188
1789543080,717.95,717.95,717.50,717.65,36147
1789543140,717.65,717.65,717.55,717.60,15806
1789543200,717.55,717.60,717.45,717.50,20730
1789543260,717.50,717.85,717.45,717.80,21551
1789543320,717.80,717.90,717.50,717.70,32745
1789543380,717.60,717.90,717.55,717.85,18218
1789543440,717.75,717.90,717.55,717.65,34079
1789543500,717.60,717.90,717.60,717.85,15943
1789543560,717.85,718.50,717.80,718.50,181474
1789543620,718.55,718.85,718.30,718.80,73133
1789543680,718.75,718.85,718.05,718.30,129455
1789543740,718.30,718.50,717.70,717.70,85712
1789543800,717.95,717.95,717.65,717.80,32403
1789543860,717.80,718.45,717.70,718.15,34647
1789543920,718.10,718.30,718.10,718.20,14857
1789543980,718.15,718.15,718.00,718.10,21500
1789544040,718.05,718.45,718.05,718.20,18466
1789544100,718.30,718.40,718.00,718.10,26160
1789544160,718.10,718.90,718.05,718.90,212765
1789544220,718.90,718.90,718.30,718.35,87289
1789544280,718.55,718.85,718.40,718.85,20254
1789544340,718.85,719.10,718.60,718.65,78445
1789544400,718.65,718.85,718.30,718.50,28911
1789544460,718.55,718.90,718.50,718.70,23679
1789544520,718.75,718.90,718.70,718.80,22049
1789544580,718.75,718.85,718.50,718.50,42942
1789544640,718.75,718.75,718.50,718.55,10779
1789544700,718.60,718.65,718.55,718.65,28502
1789544760,718.60,718.95,718.55,718.70,65182
1789544820,718.45,719.05,718.20,718.90,115305
1789544880,718.90,719.10,718.85,719.00,36587
1789544940,719.00,720.15,718.90,720.00,322146
1789545000,720.00,720.05,719.35,719.95,209177
1789545060,719.95,720.00,719.50,719.55,45207
1789545120,719.50,719.55,719.15,719.35,45835
1789545180,719.40,719.45,718.80,718.95,28032
1789545240,718.80,718.90,718.55,718.75,44277
1789545300,718.70,719.30,718.70,719.15,29965
1789545360,719.15,719.25,719.05,719.10,13870
1789545420,719.05,719.10,719.00,719.05,23634
1789545480,719.05,719.05,718.50,718.55,35099
1789545540,718.50,718.60,718.15,718.15,55014
1789545600,718.15,718.20,718.00,718.10,29977
1789545660,718.10,718.50,718.10,718.40,38243
1789545720,718.30,718.65,718.30,718.40,27135
1789545780,718.40,718.40,718.00,718.05,20201
1789545840,718.00,718.60,717.80,718.50,86861
1789545900,718.50,719.45,718.45,719.40,64969
1789545960,719.40,719.40,718.60,718.70,104455
1789546020,718.70,718.70,718.40,718.60,20919
1789546080,718.40,718.65,717.80,718.65,39876
1789546140,718.55,718.70,718.25,718.40,30908
1789546200,718.40,718.50,717.95,718.30,29254
1789546260,718.30,718.85,718.25,718.85,130447
1789546320,718.85,718.85,718.25,718.40,34192
1789546380,718.35,718.80,718.35,718.70,82386
1789546440,718.70,718.70,718.00,718.00,68603
1789546500,718.05,718.70,718.00,718.30,43264
1789546560,718.40,718.40,718.25,718.25,18461
1789546620,718.30,718.50,718.25,718.40,23165
1789546680,718.30,718.50,718.00,718.35,52511
1789546740,718.40,718.40,717.80,718.00,42350
1789546800,718.00,718.15,717.80,717.85,67814
1789546860,717.85,717.90,717.15,717.50,77026
1789546920,717.50,717.70,717.20,717.45,48888
1789546980,717.30,718.00,717.30,717.90,33023
1789547040,717.90,718.05,717.75,718.00,15850
1789547100,718.00,718.00,717.50,717.75,46053
1789547160,717.75,717.95,717.70,717.90,48202
1789547220,717.90,717.95,717.65,717.90,30761
1789547280,717.85,717.90,717.40,717.55,30839
1789547340,717.75,718.00,717.50,717.85,29402
1789547400,718.00,718.00,717.85,717.95,20204
1789547460,717.90,718.70,717.90,718.40,37539
1789547520,718.40,718.50,717.90,718.15,34578
1789547580,718.15,718.45,718.10,718.30,25301
1789547640,718.30,718.45,718.25,718.45,24630
1789547700,718.45,718.45,718.40,718.45,45688
1789547760,718.40,718.45,718.25,718.30,43085
1789547820,718.25,718.35,717.65,717.80,27018
1789547880,717.85,717.85,717.30,717.65,70028
1789547940,717.60,717.85,717.60,717.80,28617
1789548000,717.80,717.80,717.70,717.75,24000
1789548060,717.75,717.95,717.75,717.95,25261
1789548120,717.95,718.25,717.60,718.25,66167
1789548180,718.25,718.65,718.15,718.45,50117
1789548240,718.45,718.55,718.20,718.30,32520
1789548300,718.30,718.50,718.15,718.35,24703
1789548360,718.25,718.40,718.15,718.30,32260
1789548420,718.30,718.70,718.30,718.65,43610
1789548480,718.70,719.45,718.55,719.35,173877
1789548540,719.35,719.60,718.75,718.90,124798
1789548600,718.75,719.20,718.75,719.15,49416
1789548660,719.15,719.20,719.00,719.20,22864
1789548720,719.20,720.05,719.10,719.95,231658
1789548780,719.95,720.00,719.40,719.70,76700
1789548840,719.70,719.85,719.15,719.45,71457
1789548900,719.45,719.95,719.25,719.50,85443
1789548960,719.50,719.70,719.20,719.25,62414
1789549020,719.20,719.40,719.00,719.10,41215
1789549080,719.15,719.15,719.00,719.10,45491
1789549140,719.00,719.45,719.00,719.25,47552
1789549200,719.25,719.40,719.20,719.25,35848
1789549260,719.20,719.65,719.10,719.60,44628
1789549320,719.65,719.90,719.60,719.90,48598
1789549380,719.90,719.90,719.50,719.80,94464
1789549440,719.80,719.85,719.55,719.80,40127
1789549500,719.85,720.20,719.65,720.00,161482
1789549560,719.95,720.00,719.70,719.80,46919
1789549620,719.70,719.80,719.40,719.60,50858
1789549680,719.60,719.70,719.20,719.35,68430
1789549740,719.15,720.10,719.15,720.05,313551
1789549800,720.05,720.30,720.00,720.05,88336
1789549860,720.05,720.90,720.05,720.50,133735
1789549920,720.50,720.60,719.40,719.90,377630
1789549980,719.85,720.00,719.55,719.85,43291
1789550040,719.85,720.00,719.55,719.90,55661
1789550100,719.85,720.00,719.75,720.00,84364
1789550160,719.95,720.50,719.95,720.20,120859
1789550220,720.45,721.00,720.20,720.95,96966
1789550280,720.95,721.00,720.55,720.75,54415
1789550340,720.80,722.35,720.75,722.00,275833
1789550400,722.25,722.50,721.20,722.40,196140
1789550460,722.45,723.05,721.90,722.00,374182
1789550520,721.95,722.20,721.75,722.00,277314
1789550580,721.85,722.65,721.85,722.45,139724
1789550640,722.45,723.00,722.15,723.00,165621
1789550700,722.90,723.00,722.30,722.75,195299
1789550760,722.55,723.30,722.55,723.20,152170
1789550820,723.20,725.40,723.10,724.90,856113
1789550880,724.90,725.00,724.05,724.15,240610
1789550940,724.15,724.15,722.45,722.50,158425
1789551000,722.50,723.00,722.20,722.40,232307
1789551060,722.30,723.30,722.25,722.55,431556
1789551120,722.55,722.80,722.55,722.60,60505
1789551180,722.60,722.75,722.35,722.35,88913
1789551240,722.35,722.75,722.35,722.60,124372
1789551300,722.65,722.65,721.70,721.70,85114
1789551360,721.70,721.80,720.70,721.35,152152
1789551420,721.00,721.50,721.00,721.25,50224
1789551480,721.30,721.60,721.20,721.30,43851
1789551540,721.30,721.65,721.25,721.65,79753
1789551600,721.60,722.00,721.60,721.80,51645
1789551660,721.70,721.85,721.10,721.15,55177
1789551720,721.10,721.55,720.90,721.00,156685
1789551780,720.95,721.00,720.50,720.70,34143
1789551840,720.50,721.00,720.10,721.00,48339
1789551900,721.00,721.00,721.00,721.00,1074
1789551960,721.00,721.00,721.00,721.00,0
1789552020,721.00,721.00,721.00,721.00,0
1789552080,721.00,721.00,721.00,721.00,0
1789552140,721.00,721.00,721.00,721.00,0
1789552200,721.00,721.00,721.00,721.00,0
1789552260,721.00,721.00,721.00,721.00,0
1789552320,721.00,721.00,721.00,721.00,0
1789552380,721.00,721.00,721.00,721.00,0
1789552440,721.00,721.00,721.00,721.00,0
1789552500,721.00,721.00,721.00,721.00,0
1789552560,721.00,721.00,721.00,721.00,0
1789552620,721.00,721.00,721.00,721.00,0
1789552680,721.00,721.00,721.00,721.00,0
1789552740,721.00,721.50,721.00,721.50,739365
1789616700,717.50,719.05,714.15,714.85,391291
1789616760,714.60,715.05,713.40,714.55,291073
1789616820,714.75,715.35,714.30,714.95,192325
1789616880,715.15,716.00,714.70,714.70,146004
1789616940,714.90,716.55,714.60,716.45,260377
1789617000,716.30,716.30,714.65,715.55,265230
1789617060,715.30,715.55,714.80,715.50,143266
1789617120,715.30,715.55,714.60,714.60,66214
1789617180,714.75,714.75,714.40,714.65,69704
1789617240,714.65,714.90,714.30,714.45,50607
1789617300,714.45,714.70,714.40,714.40,71976
1789617360,714.45,714.85,714.45,714.65,39918
1789617420,714.65,714.65,714.30,714.55,44156
1789617480,714.50,715.30,714.50,715.15,31845
1789617540,715.25,715.30,714.70,714.70,49429
1789617600,714.70,715.25,714.65,715.00,62737
1789617660,715.10,715.85,714.65,715.75,39358
1789617720,715.80,716.90,715.55,716.90,81760
1789617780,716.90,717.80,716.65,717.00,255610
1789617840,717.00,717.15,716.15,716.40,118479
1789617900,716.40,717.40,716.15,717.15,67602
1789617960,717.25,717.35,717.00,717.00,119770
1789618020,717.00,717.25,716.55,716.65,144481
1789618080,716.50,717.10,716.40,716.50,137292
1789618140,716.45,716.70,716.00,716.45,144880
1789618200,716.40,716.50,716.10,716.25,78354
1789618260,716.35,717.40,716.20,717.30,102316
1789618320,717.30,717.40,715.70,715.70,98979
1789618380,715.75,715.85,715.55,715.80,65583
1789618440,715.80,716.00,715.50,716.00,37211
1789618500,716.00,716.50,715.60,715.95,80688
1789618560,715.95,716.10,715.70,716.10,43531
1789618620,716.00,716.10,715.95,716.10,32861
1789618680,716.20,716.45,715.85,716.20,45138
1789618740,716.25,716.45,716.20,716.35,19846
1789618800,716.35,716.35,716.00,716.20,30882
1789618860,716.25,716.35,716.05,716.30,23916
1789618920,716.30,716.65,716.05,716.45,43151
1789618980,716.60,716.60,716.10,716.35,21542
1789619040,716.15,716.35,716.00,716.10,27634
1789619100,716.10,716.30,715.90,716.20,65879
1789619160,716.20,716.20,715.65,716.05,26710
1789619220,715.90,716.35,715.90,716.25,36605
1789619280,716.30,716.35,716.25,716.25,23188
1789619340,716.25,716.30,716.00,716.10,9816
1789619400,715.90,716.00,715.20,715.20,56735
1789619460,715.40,715.45,715.25,715.45,24502
1789619520,715.40,716.00,715.40,716.00,44322
1789619580,715.80,716.00,715.55,715.70,63395
1789619640,715.85,715.85,715.40,715.70,51236
1789619700,715.65,716.10,715.35,715.90,87402
1789619760,716.00,716.10,715.90,716.05,29975
1789619820,716.00,716.00,715.50,715.75,37857
1789619880,715.55,715.90,715.50,715.85,52362
1789619940,715.85,716.00,715.60,715.95,17726
1789620000,715.80,716.00,715.65,716.00,23438
1789620060,716.05,716.30,715.50,715.65,47116
1789620120,715.75,715.80,715.50,715.60,15273
1789620180,715.50,715.85,715.50,715.70,26231
1789620240,715.75,715.80,715.55,715.70,12627
1789620300,715.70,715.95,715.70,715.70,13008
1789620360,715.85,715.95,715.70,715.80,24967
1789620420,715.75,716.05,715.75,715.80,11489
1789620480,715.80,715.85,715.50,715.65,37926
1789620540,715.50,715.70,715.50,715.50,14704
1789620600,715.50,715.80,715.50,715.60,24082
1789620660,715.75,715.90,715.50,715.55,26681
1789620720,715.60,715.75,715.50,715.50,15733
1789620780,715.65,715.75,715.20,715.25,45993
1789620840,715.25,715.60,715.10,715.10,23169
1789620900,715.15,715.50,715.05,715.40,29219
1789620960,715.35,716.50,715.35,716.45,75817
1789621020,716.45,716.80,716.05,716.20,52480
1789621080,716.25,716.45,716.00,716.20,18409
1789621140,716.15,716.50,715.70,715.95,127535
1789621200,715.90,715.95,715.10,715.50,68831
1789621260,715.25,715.65,715.10,715.30,84017
1789621320,715.35,715.50,715.00,715.10,31616
1789621380,715.10,715.40,715.00,715.15,51869
1789621440,715.10,715.25,714.60,714.70,130193
1789621500,714.75,715.15,714.65,715.15,37991
1789621560,715.10,715.75,715.00,715.70,23469
1789621620,715.70,715.85,715.25,715.40,26814
1789621680,715.40,715.45,715.00,715.00,31898
1789621740,715.00,715.15,715.00,715.10,23562
1789621800,715.10,715.20,715.00,715.00,16433
1789621860,715.05,715.20,714.60,714.60,41189
1789621920,714.65,714.75,714.05,714.15,72603
1789621980,714.15,714.65,714.05,714.05,80850
1789622040,714.15,714.35,714.00,714.05,51896
1789622100,714.05,714.05,713.60,713.85,46991
1789622160,713.80,714.10,713.75,713.90,25913
1789622220,713.95,714.55,713.95,714.50,23349
1789622280,714.55,714.55,714.10,714.15,81172
1789622340,714.10,714.30,714.10,714.20,22061
1789622400,714.15,714.60,714.15,714.60,15701
1789622460,714.45,714.70,714.30,714.30,23604
1789622520,714.40,714.70,714.30,714.55,27107
1789622580,714.40,714.75,714.40,714.55,20273
1789622640,714.50,714.65,714.35,714.60,41523
1789622700,714.60,714.80,714.50,714.55,29196
1789622760,714.60,715.00,714.55,715.00,22470
1789622820,714.95,715.65,714.95,715.05,83456
1789622880,715.10,715.10,715.05,715.10,16764
1789622940,715.10,715.10,714.65,714.85,68328
1789623000,714.80,714.85,714.20,714.35,67938
1789623060,714.35,714.60,714.00,714.50,76575
1789623120,714.50,714.70,714.15,714.35,150536
1789623180,714.25,714.35,713.75,713.90,82678
1789623240,713.80,714.00,713.60,713.65,43199
1789623300,713.60,714.00,713.55,713.70,42761
1789623360,713.60,713.70,713.10,713.25,74090
1789623420,713.45,713.95,713.25,713.75,80404
1789623480,713.75,713.75,713.30,713.35,24174
1789623540,713.30,713.60,713.30,713.45,26796
1789623600,713.50,713.95,713.25,713.55,105606
1789623660,713.55,713.65,713.30,713.55,40363
1789623720,713.50,713.80,713.50,713.55,16337
1789623780,713.65,714.00,713.60,713.75,28424
1789623840,713.80,714.00,713.60,713.60,37164
1789623900,713.60,714.15,713.60,713.95,58101
1789623960,714.00,714.10,713.70,713.75,13725
1789624020,713.75,713.95,713.60,713.70,30405
1789624080,713.70,714.20,713.70,714.15,11438
1789624140,714.20,714.35,714.00,714.05,10740
1789624200,714.10,714.10,713.80,714.00,17156
1789624260,714.10,714.30,714.05,714.25,22361
1789624320,714.25,714.30,713.80,713.85,22988
1789624380,713.90,714.00,713.80,713.90,9261
1789624440,713.85,713.90,713.70,713.90,16382
1789624500,713.85,714.00,713.80,713.80,13828
1789624560,713.85,714.00,713.80,713.85,10339
1789624620,713.90,713.90,713.60,713.80,35159
1789624680,713.75,714.30,713.65,714.10,57777
1789624740,714.20,714.20,714.00,714.05,26362
1789624800,714.05,714.20,713.50,713.60,32039
1789624860,713.55,713.80,713.55,713.65,11609
1789624920,713.65,714.15,713.50,714.15,20211
1789624980,714.05,714.20,713.55,713.80,17143
1789625040,713.90,714.00,713.75,713.85,9632
1789625100,713.80,713.80,713.50,713.65,19301
1789625160,713.60,713.75,713.60,713.75,10749
1789625220,713.70,714.10,713.60,714.10,24525
1789625280,714.10,714.65,714.00,714.30,127167
1789625340,714.35,715.10,714.25,715.00,82845
1789625400,715.05,715.05,714.75,715.00,30831
1789625460,715.00,715.50,715.00,715.40,50908
1789625520,715.40,715.60,715.30,715.60,40536
1789625580,715.60,716.10,715.40,715.65,167533
1789625640,715.80,716.25,715.60,716.10,110980
1789625700,716.05,716.20,715.65,715.70,54317
1789625760,715.65,715.65,715.00,715.20,30175
1789625820,715.20,715.25,714.90,715.20,31363
1789625880,715.15,715.20,714.55,714.65,26056
1789625940,714.70,714.90,714.60,714.65,21148
1789626000,714.70,715.15,714.50,715.05,58841
1789626060,715.00,715.10,715.00,715.05,15817
1789626120,715.00,715.40,715.00,715.20,16402
1789626180,715.25,715.25,714.20,714.65,29327
1789626240,714.45,715.00,714.40,715.00,16367
1789626300,715.10,715.35,714.90,715.10,87947
1789626360,715.10,715.85,715.10,715.80,94090
1789626420,715.85,715.90,715.45,715.90,93299
1789626480,715.90,716.00,715.30,715.75,112651
1789626540,715.75,716.45,715.70,716.45,84388
1789626600,716.40,716.55,716.00,716.00,42314
1789626660,716.05,716.30,715.90,715.90,116445
1789626720,715.90,716.20,715.75,716.10,82170
1789626780,715.85,716.05,715.60,715.85,62712
1789626840,715.85,716.10,715.70,716.05,12356
1789626900,716.05,716.30,715.80,716.10,152007
1789626960,716.15,717.20,716.15,716.70,104477
1789627020,716.65,717.50,716.55,717.40,53600
1789627080,717.35,717.40,717.00,717.35,34218
1789627140,717.35,717.65,717.25,717.65,67631
1789627200,717.60,717.65,717.05,717.40,27144
1789627260,717.50,717.75,717.20,717.65,109728
1789627320,717.55,718.30,717.40,718.10,95971
1789627380,718.10,718.70,717.85,718.50,68587
1789627440,718.65,718.65,717.70,717.95,44725
1789627500,717.90,718.50,717.85,718.10,103376
1789627560,718.15,718.35,718.10,718.30,17750
1789627620,718.40,718.85,718.30,718.35,20383
1789627680,718.60,718.75,718.35,718.45,14602
1789627740,718.40,718.55,718.25,718.40,17219
1789627800,718.45,718.45,718.15,718.15,23117
1789627860,718.15,718.70,718.15,718.45,45285
1789627920,718.50,718.70,718.30,718.65,25739
1789627980,718.70,719.40,718.65,718.75,59208
1789628040,718.80,718.80,718.05,718.30,128975
1789628100,718.40,718.40,717.80,718.10,122752
1789628160,718.15,718.20,717.90,718.05,19120
1789628220,717.95,718.00,717.65,717.65,19770
1789628280,717.75,718.20,717.50,718.10,75562
1789628340,718.00,718.40,717.80,718.00,88431
1789628400,718.00,718.00,717.65,717.85,61225
1789628460,717.90,717.90,717.65,717.85,10005
1789628520,717.85,717.95,717.70,717.90,9850
1789628580,717.80,717.95,717.80,717.90,8738
1789628640,717.90,717.90,717.50,717.65,10993
1789628700,717.65,717.95,717.60,717.80,10985
1789628760,717.80,718.00,717.80,718.00,14689
1789628820,718.00,718.20,717.95,718.00,46972
1789628880,718.20,718.30,718.00,718.05,9122
1789628940,718.10,718.20,718.00,718.05,13039
1789629000,718.10,718.15,718.00,718.00,15476
1789629060,718.00,718.40,718.00,718.15,29817
1789629120,718.30,718.40,718.00,718.10,8096
1789629180,718.10,718.30,717.95,717.95,8815
1789629240,718.00,718.00,717.35,717.50,19686
1789629300,717.45,717.60,717.25,717.45,13732
1789629360,717.50,717.55,717.40,717.40,12620
1789629420,717.45,717.45,716.55,716.75,52356
1789629480,716.75,716.75,716.25,716.35,42007
1789629540,716.35,716.50,716.15,716.45,17357
1789629600,716.45,716.60,716.30,716.60,21412
1789629660,716.65,716.80,716.20,716.45,34521
1789629720,716.50,716.75,716.10,716.25,28858
1789629780,716.25,716.85,716.20,716.70,21337
1789629840,716.70,716.85,716.25,716.25,16087
1789629900,716.35,716.50,716.20,716.45,14398
1789629960,716.35,716.55,716.20,716.20,12187
1789630020,716.25,716.55,716.20,716.55,11252
1789630080,716.50,716.95,716.50,716.55,19579
1789630140,716.55,716.55,716.40,716.55,7678
1789630200,716.50,716.90,716.30,716.90,13697
1789630260,716.85,717.00,716.60,716.75,16369
1789630320,716.75,717.00,716.60,716.95,18804
1789630380,716.95,717.20,716.90,717.00,16246
1789630440,717.05,717.10,716.65,717.00,18270
1789630500,717.05,717.10,716.85,716.90,17685
1789630560,716.95,717.10,716.60,716.60,14843
1789630620,716.65,716.65,716.40,716.50,10506
1789630680,716.55,716.65,716.45,716.65,21179
1789630740,716.60,717.00,716.30,716.60,222428
1789630800,716.85,717.00,716.40,716.45,52527
1789630860,716.45,716.65,716.40,716.60,25736
1789630920,716.55,716.85,716.45,716.80,17737
1789630980,716.85,716.90,716.45,716.85,29244
1789631040,716.85,717.00,716.45,716.70,113127
1789631100,716.70,716.70,716.35,716.45,27261
1789631160,716.45,716.70,716.40,716.50,21528
1789631220,716.60,716.60,716.35,716.40,15367
1789631280,716.35,716.70,716.10,716.55,66592
1789631340,716.65,716.75,716.30,716.70,18898
1789631400,716.70,716.70,716.35,716.50,16700
1789631460,716.45,716.80,716.45,716.75,13827
1789631520,716.75,716.85,716.25,716.25,21216
1789631580,716.30,716.50,716.15,716.35,23606
1789631640,716.40,716.40,716.05,716.20,35028
1789631700,716.20,716.20,715.80,715.85,32081
1789631760,715.85,716.10,715.60,715.65,28092
1789631820,715.55,715.75,715.00,715.10,83527
1789631880,715.10,716.45,714.95,716.15,472245
1789631940,716.20,716.20,716.00,716.00,197758
1789632000,716.00,716.15,716.00,716.00,619317
1789632060,716.00,716.05,716.00,716.00,60756
1789632120,716.00,716.05,716.00,716.05,89354
1789632180,716.05,716.05,715.90,716.05,134557
1789632240,716.00,716.05,716.00,716.00,41145
1789632300,716.05,716.05,716.00,716.00,255629
1789632360,716.00,716.05,714.80,715.05,168294
1789632420,715.05,715.65,715.00,715.50,51458
1789632480,715.50,715.50,715.10,715.35,18422
1789632540,715.25,715.45,715.20,715.20,16174
1789632600,715.30,715.75,715.30,715.70,52686
1789632660,715.70,716.70,715.65,716.45,41897
1789632720,716.45,716.45,715.50,715.60,13782
1789632780,715.60,715.70,715.40,715.60,13957
1789632840,715.60,715.60,715.40,715.45,16243
1789632900,715.55,715.95,715.40,715.95,23686
1789632960,715.95,716.05,715.80,715.80,25980
1789633020,715.85,716.05,715.75,716.05,39152
1789633080,715.95,716.15,715.65,715.65,47469
1789633140,715.75,716.00,715.60,716.00,25538
1789633200,716.00,716.00,715.85,716.00,17786
1789633260,715.90,716.00,715.85,716.00,13672
1789633320,715.95,716.95,715.95,716.20,119053
1789633380,716.20,716.20,716.00,716.05,24648
1789633440,716.05,716.30,715.80,716.30,24530
1789633500,716.30,716.95,715.90,716.70,117310
1789633560,716.45,716.65,716.25,716.40,23236
1789633620,716.40,716.60,716.30,716.60,28113
1789633680,716.60,716.70,716.50,716.70,14581
1789633740,716.80,717.35,716.55,716.75,122847
1789633800,716.80,717.00,716.60,717.00,36633
1789633860,716.95,717.35,716.95,717.25,76078
1789633920,717.20,717.25,716.35,716.60,21577
1789633980,716.55,716.55,716.35,716.45,13039
1789634040,716.45,716.55,716.30,716.40,37670
1789634100,716.40,716.60,716.40,716.60,11272
1789634160,716.55,716.65,716.40,716.55,29235
1789634220,716.55,716.90,716.40,716.80,20909
1789634280,716.75,716.80,716.60,716.65,42081
1789634340,716.60,716.60,716.55,716.55,13742
1789634400,716.60,716.70,716.50,716.60,34211
1789634460,716.50,716.55,716.20,716.25,40446
1789634520,716.25,716.35,716.10,716.35,31663
1789634580,716.45,716.50,716.15,716.20,31355
1789634640,716.20,716.30,716.20,716.20,27578
1789634700,716.20,716.25,716.00,716.00,20812
1789634760,716.00,716.05,715.50,715.60,34078
1789634820,715.60,715.60,715.25,715.55,54476
1789634880,715.50,715.65,715.45,715.65,17359
1789634940,715.50,715.80,715.50,715.60,38137
1789635000,715.65,715.75,715.60,715.70,21732
1789635060,715.70,715.95,715.70,715.90,22145
1789635120,715.90,715.90,715.75,715.75,18173
1789635180,715.75,715.90,715.75,715.85,28794
1789635240,715.90,716.00,715.85,715.95,31985
1789635300,716.00,716.05,715.65,715.80,36622
1789635360,715.75,715.85,715.65,715.65,36558
1789635420,715.70,715.75,715.50,715.55,30906
1789635480,715.50,715.55,715.35,715.50,53952
1789635540,715.50,716.15,715.35,716.00,53413
1789635600,716.05,716.10,715.70,715.90,86057
1789635660,716.00,716.05,715.50,715.75,45269
1789635720,715.65,716.05,715.55,715.75,64100
1789635780,715.90,716.50,715.75,716.40,57583
1789635840,716.30,716.40,715.75,715.95,70584
1789635900,716.00,716.20,715.75,716.20,28876
1789635960,716.10,716.50,716.05,716.25,47073
1789636020,716.25,716.95,716.00,716.45,85927
1789636080,716.30,716.55,715.55,715.55,46107
1789636140,715.60,716.10,715.55,715.75,42324
1789636200,715.85,715.90,715.55,715.75,30308
1789636260,715.85,716.10,715.75,715.95,70298
1789636320,715.95,716.00,715.50,715.50,90859
1789636380,715.50,715.60,715.05,715.15,43395
1789636440,715.15,715.15,714.55,714.90,103370
1789636500,714.80,715.55,714.80,715.30,63921
1789636560,715.25,715.35,715.25,715.30,53785
1789636620,715.30,715.45,715.20,715.20,41880
1789636680,715.20,715.20,715.00,715.00,78154
1789636740,715.05,715.05,714.35,714.45,69879
1789636800,714.40,715.10,714.40,714.75,88979
1789636860,714.80,714.80,714.40,714.40,48910
1789636920,714.40,714.65,714.40,714.50,34722
1789636980,714.45,715.15,714.40,714.80,132839
1789637040,714.90,715.05,714.45,714.95,127171
1789637100,714.90,715.10,714.55,714.55,64926
1789637160,714.60,714.90,714.50,714.70,96105
1789637220,714.70,715.05,714.50,714.80,82522
1789637280,714.70,714.80,714.50,714.65,59672
1789637340,714.55,714.60,714.20,714.40,58862
1789637400,714.35,714.75,714.25,714.75,56634
1789637460,714.65,715.00,714.65,715.00,44514
1789637520,714.95,715.10,714.90,715.10,83422
1789637580,715.05,715.30,714.95,715.00,81263
1789637640,714.90,715.15,714.70,715.00,102064
1789637700,715.05,715.20,715.00,715.10,76244
1789637760,715.10,715.45,715.05,715.45,95992
1789637820,715.40,715.75,715.40,715.55,68076
1789637880,715.50,715.80,715.30,715.70,51751
1789637940,715.70,715.70,715.40,715.40,60012
1789638000,715.50,715.50,715.10,715.35,63899
1789638060,715.30,715.40,715.00,715.35,79626
1789638120,715.35,715.60,715.00,715.30,94357
1789638180,715.10,715.85,715.05,715.30,136494
1789638240,715.30,716.70,715.00,716.10,341526
1789638300,716.10,716.10,716.10,716.10,161
1789638360,716.10,716.10,716.10,716.10,0
1789638420,716.10,716.10,716.10,716.10,0
1789638480,716.10,716.10,716.10,716.10,0
1789638540,716.10,716.10,716.10,716.10,0
1789638600,716.10,716.10,716.10,716.10,0
1789638660,716.10,716.10,716.10,716.10,0
1789638720,716.10,716.10,716.10,716.10,0
1789638780,716.10,716.10,716.10,716.10,0
1789638840,716.10,716.10,716.10,716.10,0
1789638900,716.10,716.10,716.10,716.10,0
1789638960,716.10,716.10,716.10,716.10,0
1789639020,716.10,716.10,716.10,716.10,0
1789639080,716.10,716.10,713.00,713.00,708556
1789639140,713.00,713.00,713.00,713.00,0
1789703100,715.25,719.40,715.25,718.15,309751
1789703160,718.10,718.15,717.40,717.70,127046
1789703220,717.70,717.70,717.15,717.15,57277
1789703280,717.15,717.20,716.20,716.75,118234
1789703340,716.75,716.80,716.55,716.65,79030
1789703400,716.65,716.65,715.95,716.00,53845
1789703460,716.05,716.05,715.75,715.75,23308
1789703520,716.10,716.35,716.10,716.30,54301
1789703580,716.30,716.45,716.15,716.35,34543
1789703640,716.95,717.10,716.80,716.85,113867
1789703700,716.70,716.85,716.40,716.55,35565
1789703760,716.50,716.80,716.50,716.60,48160
1789703820,716.55,716.60,716.15,716.25,46286
1789703880,716.30,716.60,716.15,716.60,51516
1789703940,716.60,717.45,716.55,717.40,120427
1789704000,717.40,717.40,717.15,717.40,62336
1789704060,717.20,718.10,717.20,717.30,137537
1789704120,717.35,717.40,717.10,717.10,38273
1789704180,717.05,717.20,716.70,716.90,53295
1789704240,716.90,717.30,716.70,716.95,33233
1789704300,716.95,717.80,716.70,717.80,60487
1789704360,718.05,718.20,717.75,717.90,41653
1789704420,717.75,718.00,717.50,718.00,55033
1789704480,718.05,718.90,718.05,718.85,78014
1789704540,718.85,720.80,718.75,720.50,144164
1789704600,720.45,720.50,719.40,719.65,28197
1789704660,719.50,719.70,719.00,719.50,39672
1789704720,719.35,719.40,718.95,718.95,30529
1789704780,718.80,719.00,718.35,718.60,34940
1789704840,718.55,718.55,718.20,718.45,16770
1789704900,718.45,718.50,718.25,718.50,10324
1789704960,718.35,718.45,718.25,718.45,13676
1789705020,718.45,718.50,718.15,718.50,15757
1789705080,718.35,718.90,718.35,718.85,10804
1789705140,718.75,718.90,718.10,718.20,29536
1789705200,718.10,718.60,718.10,718.25,16019
1789705260,718.20,718.25,718.00,718.05,30048
1789705320,718.00,718.15,717.95,718.15,20739
1789705380,718.15,718.45,718.05,718.45,12884
1789705440,718.35,718.45,718.30,718.35,26494
1789705500,718.35,718.35,718.20,718.35,10491
1789705560,718.45,719.85,718.30,719.85,40623
1789705620,719.60,721.90,719.60,721.45,129381
1789705680,721.40,721.50,721.00,721.25,40226
1789705740,721.20,721.85,720.90,721.40,42983
1789705800,721.45,721.90,720.90,721.75,59158
1789705860,721.80,721.80,721.35,721.35,20290
1789705920,721.35,721.80,721.20,721.65,23919
1789705980,721.70,722.45,721.50,722.00,89604
1789706040,722.00,722.85,721.40,721.80,172721
1789706100,721.90,722.00,721.75,721.95,24885
1789706160,721.95,722.30,720.60,720.60,212547
1789706220,720.75,721.05,720.10,720.95,54609
1789706280,720.95,722.00,720.90,721.95,132686
1789706340,721.90,721.95,721.30,721.80,33578
1789706400,721.80,722.50,721.55,722.20,68140
1789706460,722.25,722.60,722.20,722.35,117924
1789706520,722.30,722.50,721.40,722.30,185118
1789706580,722.25,722.45,722.05,722.40,36901
1789706640,722.15,722.35,722.00,722.20,18611
1789706700,722.00,722.20,721.85,721.85,42126
1789706760,721.90,721.90,721.15,721.50,15179
1789706820,721.45,721.75,721.25,721.70,28632
1789706880,721.70,721.80,721.40,721.50,21170
1789706940,721.55,721.65,721.50,721.60,14074
1789707000,721.55,721.60,721.30,721.50,25026
1789707060,721.40,721.80,721.35,721.80,51022
1789707120,721.60,721.75,721.30,721.55,14064
1789707180,721.45,721.75,721.45,721.65,13471
1789707240,721.60,721.65,721.35,721.50,10010
1789707300,721.55,721.60,721.50,721.55,21793
1789707360,721.50,721.50,721.10,721.40,32399
1789707420,721.25,721.40,720.55,721.20,53535
1789707480,721.00,721.75,721.00,721.55,63656
1789707540,721.55,721.55,721.30,721.55,88843
1789707600,721.55,721.80,721.30,721.60,127912
1789707660,721.50,721.70,721.00,721.40,86465
1789707720,721.50,721.50,720.90,721.10,13920
1789707780,721.10,721.20,720.85,721.10,31045
1789707840,721.00,721.20,721.00,721.00,18176
1789707900,721.00,721.15,720.65,720.90,25851
1789707960,720.90,720.90,720.55,720.55,15468
1789708020,720.65,720.95,720.55,720.65,21994
1789708080,720.65,721.00,720.60,720.70,27657
1789708140,720.70,721.00,720.60,720.70,12802
1789708200,720.70,720.90,720.55,720.70,22286
1789708260,720.70,720.70,720.50,720.60,11078
1789708320,720.55,720.75,720.05,720.05,44159
1789708380,720.05,720.35,720.05,720.20,17974
1789708440,720.15,720.25,720.00,720.05,20145
1789708500,720.10,720.10,719.70,719.75,27410
1789708560,719.70,719.75,719.60,719.70,10416
1789708620,719.60,720.20,719.55,720.20,39609
1789708680,720.10,720.20,720.05,720.05,14015
1789708740,720.10,720.55,720.00,720.50,16882
1789708800,720.25,721.00,720.25,720.80,81143
1789708860,720.70,721.20,720.70,720.80,63792
1789708920,720.80,720.80,720.30,720.45,17430
1789708980,720.45,720.45,720.00,720.20,9041
1789709040,720.10,720.20,720.05,720.05,8761
1789709100,720.05,721.00,720.05,720.60,86151
1789709160,720.70,720.75,720.30,720.65,17798
1789709220,720.75,720.80,720.55,720.55,6475
1789709280,720.65,720.75,720.30,720.40,8964
1789709340,720.40,721.00,720.35,720.85,52779
1789709400,720.90,721.45,720.85,721.35,47689
1789709460,721.45,721.55,721.00,721.25,104522
1789709520,721.00,722.30,721.00,722.00,95824
1789709580,722.00,722.15,721.60,721.80,109764
1789709640,721.80,721.95,721.35,721.35,38908
1789709700,721.40,721.40,720.80,721.00,22979
1789709760,721.00,721.10,721.00,721.05,24937
1789709820,721.10,721.35,720.80,720.90,35520
1789709880,721.15,721.15,720.80,721.00,12419
1789709940,720.90,721.00,720.80,721.00,10967
1789710000,720.90,721.60,720.80,721.25,73222
1789710060,721.30,721.55,721.05,721.20,12493
1789710120,721.15,721.35,720.95,720.95,8795
1789710180,721.10,721.10,720.90,720.90,11912
1789710240,721.00,721.00,720.90,721.00,6703
1789710300,721.00,721.00,720.90,720.90,7376
1789710360,720.95,721.35,720.85,721.05,153089
1789710420,721.00,721.05,720.85,721.00,28798
1789710480,721.05,721.05,721.00,721.00,25053
1789710540,721.05,721.25,720.90,721.10,43080
1789710600,721.35,721.50,721.20,721.45,10441
1789710660,721.45,721.45,721.30,721.40,9068
1789710720,721.10,721.85,721.10,721.50,128597
1789710780,721.55,721.90,721.55,721.85,34410
1789710840,721.90,721.90,721.70,721.80,20008
1789710900,721.85,721.90,721.80,721.80,30846
1789710960,721.80,721.85,721.80,721.85,17766
1789711020,721.85,721.85,721.80,721.85,18627
1789711080,721.80,721.85,721.80,721.80,40501
1789711140,721.80,721.85,721.80,721.80,31815
1789711200,721.85,722.50,721.85,722.30,189143
1789711260,722.30,722.30,722.00,722.05,16280
1789711320,722.05,723.35,722.05,723.00,161160
1789711380,723.05,723.10,722.30,722.65,139152
1789711440,722.60,723.80,722.60,723.55,112777
1789711500,723.60,723.60,723.00,723.05,30845
1789711560,723.15,723.30,723.00,723.15,59764
1789711620,723.15,723.55,723.00,723.45,32453
1789711680,723.45,723.45,723.00,723.00,17908
1789711740,723.20,723.20,722.90,723.00,23712
1789711800,723.00,723.55,722.80,723.30,134626
1789711860,723.35,723.35,723.00,723.25,16091
1789711920,723.25,723.25,723.00,723.00,16923
1789711980,723.00,723.05,722.10,722.35,92292
1789712040,722.40,722.50,722.10,722.45,22248
1789712100,722.45,722.70,722.20,722.50,29709
1789712160,723.00,723.15,722.65,722.90,95051
1789712220,722.95,722.95,722.50,722.75,16882
1789712280,722.70,722.80,722.60,722.65,11018
1789712340,722.75,723.45,722.70,723.35,50284
1789712400,723.15,723.50,723.05,723.30,16151
1789712460,723.25,723.40,722.85,723.30,37162
1789712520,723.25,723.45,723.15,723.35,39721
1789712580,723.30,723.45,723.25,723.40,21034
1789712640,723.45,724.30,723.45,723.90,114778
1789712700,723.85,724.30,723.80,724.00,48727
1789712760,724.05,724.05,723.75,723.95,22702
1789712820,723.90,725.50,723.90,725.30,396826
1789712880,725.45,726.95,725.45,725.80,238208
1789712940,726.00,726.40,725.35,725.65,92176
1789713000,725.30,727.70,725.05,727.00,249746
1789713060,726.70,727.20,726.50,726.80,134411
1789713120,726.80,727.70,726.75,727.00,319925
1789713180,727.05,727.10,726.15,726.25,143717
1789713240,726.25,726.40,725.30,725.75,223742
1789713300,725.80,726.00,725.60,725.65,34042
1789713360,725.85,725.85,724.55,724.95,87060
1789713420,725.00,725.80,724.75,725.80,59935
1789713480,725.55,726.00,725.50,725.60,50639
1789713540,725.55,725.90,724.90,725.65,236244
1789713600,725.70,726.20,725.30,725.55,40441
1789713660,725.45,726.20,725.15,726.10,126809
1789713720,725.95,726.10,725.45,725.65,47956
1789713780,725.65,725.80,725.25,725.80,76895
1789713840,725.70,725.80,725.30,725.75,47869
1789713900,725.85,725.95,725.25,725.45,34588
1789713960,725.35,725.80,725.25,725.65,54578
1789714020,725.70,725.95,725.10,725.50,65312
1789714080,725.50,726.50,725.15,726.00,85066
1789714140,725.90,726.00,725.10,725.30,60744
1789714200,725.30,725.95,725.10,725.90,66512
1789714260,725.80,725.90,725.30,725.65,30885
1789714320,725.65,725.70,725.10,725.30,58410
1789714380,725.45,726.50,725.20,726.35,142919
1789714440,726.45,727.70,726.10,726.70,525424
1789714500,726.70,726.90,726.00,726.30,90779
1789714560,726.25,726.40,726.00,726.20,46329
1789714620,726.05,726.45,725.90,725.90,61475
1789714680,725.95,727.20,725.90,726.55,319502
1789714740,726.30,727.20,726.30,727.10,162183
1789714800,727.10,727.35,727.00,727.25,121138
1789714860,727.25,727.45,727.00,727.20,58249
1789714920,727.20,727.60,727.20,727.25,346820
1789714980,727.20,727.25,726.60,726.90,78957
1789715040,726.80,727.00,726.55,726.90,46506
1789715100,726.70,727.25,726.50,727.00,80880
1789715160,727.00,727.70,726.95,727.70,78209
1789715220,727.65,727.70,727.15,727.25,35137
1789715280,727.10,728.00,726.95,727.45,371900
1789715340,727.45,727.90,727.30,727.70,64913
1789715400,727.70,727.80,727.45,727.75,56979
1789715460,727.55,727.80,727.50,727.75,103119
1789715520,727.75,728.70,727.75,728.20,177641
1789715580,728.25,728.90,728.10,728.75,94022
1789715640,728.70,729.60,728.65,728.75,285568
1789715700,728.80,729.05,728.00,729.05,140851
1789715760,729.05,729.05,728.70,728.80,50888
1789715820,728.80,728.95,728.60,728.75,68898
1789715880,728.80,728.90,727.50,727.70,113493
1789715940,727.75,727.80,726.90,727.60,77865
1789716000,727.35,727.65,727.10,727.30,63303
1789716060,727.35,727.50,727.10,727.35,84104
1789716120,727.30,727.65,727.25,727.60,56761
1789716180,727.65,727.95,727.60,727.70,33774
1789716240,727.65,728.35,727.65,728.10,67859
1789716300,728.10,728.10,727.70,728.00,109280
1789716360,728.00,728.10,727.60,727.90,34269
1789716420,727.75,727.95,727.30,727.80,35697
1789716480,727.80,727.80,727.20,727.20,43540
1789716540,727.60,728.40,727.20,728.10,158859
1789716600,728.15,728.45,727.85,728.10,70069
1789716660,728.10,728.70,727.85,728.55,57395
1789716720,728.40,729.50,728.35,729.50,136078
1789716780,729.40,729.65,729.05,729.50,76655
1789716840,729.50,730.00,729.40,729.85,192597
1789716900,729.90,730.00,729.10,729.35,130097
1789716960,729.35,730.00,729.10,729.95,293565
1789717020,729.95,730.40,729.65,730.20,255059
1789717080,730.30,730.30,730.00,730.20,82121
1789717140,730.20,730.20,729.50,729.60,39120
1789717200,729.60,729.75,729.20,729.55,45541
1789717260,729.55,729.60,729.00,729.05,47062
1789717320,729.05,730.15,728.75,730.00,190603
1789717380,730.00,730.20,729.95,729.95,48700
1789717440,729.95,730.00,729.50,729.65,113833
1789717500,729.75,729.85,728.70,728.95,48808
1789717560,728.80,729.00,728.70,728.85,39940
1789717620,728.85,729.05,728.75,728.85,44511
1789717680,728.85,729.05,728.45,728.90,103122
1789717740,728.65,729.10,728.40,729.10,103163
1789717800,729.10,729.10,728.75,728.75,35016
1789717860,728.75,729.70,728.65,729.70,107108
1789717920,729.60,730.00,728.70,729.00,106584
1789717980,728.90,729.10,728.60,729.05,44019
1789718040,729.00,730.05,729.00,729.45,232268
1789718100,729.15,729.50,728.60,729.00,63958
1789718160,729.00,729.30,728.85,729.15,30921
1789718220,729.10,729.10,728.55,728.95,27862
1789718280,728.70,730.10,728.70,729.65,271592
1789718340,729.40,729.60,729.30,729.50,46926
1789718400,729.30,729.45,729.30,729.35,20033
1789718460,729.50,730.10,729.40,730.05,198113
1789718520,730.00,730.15,730.00,730.00,67756
1789718580,730.00,730.05,730.00,730.00,37639
1789718640,730.00,731.05,729.50,729.80,385321
1789718700,729.80,730.20,729.75,730.10,65831
1789718760,730.10,730.20,729.75,730.15,62813
1789718820,730.00,730.20,730.00,730.15,37058
1789718880,730.10,730.35,730.00,730.25,61471
1789718940,730.25,730.40,729.50,729.60,111877
1789719000,729.55,730.05,729.50,729.90,97045
1789719060,729.70,729.90,729.30,729.30,88749
1789719120,729.40,729.50,729.20,729.20,84373
1789719180,729.20,729.25,729.00,729.00,89134
1789719240,729.00,729.10,728.25,728.30,156415
1789719300,728.30,728.35,727.75,728.00,103544
1789719360,728.15,729.05,728.00,728.95,83883
1789719420,729.05,730.50,728.50,730.10,600155
1789719480,730.10,730.25,730.00,730.05,131970
1789719540,730.00,730.20,730.00,730.20,92803
1789719600,730.20,730.95,730.15,730.70,162159
1789719660,730.75,732.65,730.50,732.10,644458
1789719720,732.15,732.40,731.50,731.80,112183
1789719780,731.55,731.80,731.25,731.35,61425
1789719840,731.60,732.00,731.25,731.25,141688
1789719900,731.25,731.50,730.75,730.95,63844
1789719960,730.80,731.20,730.70,731.05,57558
1789720020,731.00,731.15,730.65,730.85,51703
1789720080,730.85,730.95,730.70,730.70,34656
1789720140,730.75,730.80,730.50,730.55,49905
1789720200,730.50,730.85,730.50,730.80,44830
1789720260,730.75,730.80,730.10,730.30,64049
1789720320,730.30,730.50,730.15,730.35,36006
1789720380,730.40,730.90,730.20,730.70,51687
1789720440,730.75,731.15,730.55,731.10,70175
1789720500,731.00,732.25,731.00,732.25,154566
1789720560,732.05,732.40,731.70,732.05,124037
1789720620,732.05,732.45,732.00,732.30,79851
1789720680,732.30,732.45,732.00,732.25,113611
1789720740,732.20,733.80,732.20,732.70,441980
1789720800,732.55,732.85,732.20,732.80,106924
1789720860,732.75,733.20,732.60,732.95,88493
1789720920,732.90,733.20,732.75,732.85,73225
1789720980,732.80,732.85,732.50,732.80,74066
1789721040,732.75,733.50,732.70,733.05,141881
1789721100,733.05,733.10,732.60,732.85,122295
1789721160,732.90,733.30,732.90,733.25,123932
1789721220,733.25,733.30,733.00,733.15,203537
1789721280,733.15,733.15,732.00,732.00,221102
1789721340,731.90,732.40,731.80,732.15,86982
1789721400,732.20,732.50,732.00,732.50,76265
1789721460,732.45,732.60,732.00,732.20,78984
1789721520,732.30,732.60,732.20,732.60,55227
1789721580,732.50,732.60,731.85,731.95,89052
1789721640,731.90,731.95,731.00,731.10,104368
1789721700,731.15,731.15,730.80,730.90,99714
1789721760,730.85,731.00,730.80,731.00,48358
1789721820,730.95,731.55,730.80,731.50,69513
1789721880,731.50,731.70,731.15,731.65,62285
1789721940,731.60,732.00,731.60,731.95,62589
1789722000,732.00,732.70,731.75,732.45,115714
1789722060,732.50,732.60,732.00,732.05,69670
1789722120,732.05,732.10,731.65,731.85,58775
1789722180,731.90,732.40,731.85,732.30,64802
1789722240,732.30,732.95,731.95,732.75,91897
1789722300,732.75,733.00,732.15,732.85,72025
1789722360,732.85,732.90,732.25,732.45,46838
1789722420,732.45,732.75,732.20,732.45,87709
1789722480,732.45,732.50,731.80,731.80,81071
1789722540,731.80,732.30,731.70,732.00,64818
1789722600,732.00,732.15,731.45,731.65,88999
1789722660,731.65,731.90,731.50,731.70,56407
1789722720,731.80,732.00,731.75,731.95,85155
1789722780,732.00,732.00,731.40,731.40,55258
1789722840,731.50,731.55,730.90,731.00,154786
1789722900,731.00,731.70,730.80,731.65,91167
1789722960,731.65,731.70,731.15,731.30,82429
1789723020,731.40,731.70,731.25,731.50,30804
1789723080,731.50,732.00,731.20,731.65,104703
1789723140,731.70,731.95,731.55,731.80,51417
1789723200,731.80,732.00,731.70,732.00,52624
1789723260,731.85,731.95,731.65,731.70,56825
1789723320,731.75,732.35,731.70,732.15,106858
1789723380,732.30,732.50,731.80,732.00,137419
1789723440,731.85,732.40,731.85,732.20,54404
1789723500,732.25,732.40,731.80,731.90,191123
1789723560,731.85,732.00,731.85,732.00,107864
1789723620,732.00,732.05,731.85,731.85,64169
1789723680,731.90,732.50,731.75,732.05,184688
1789723740,732.20,732.20,731.70,731.80,97455
1789723800,731.85,732.00,731.70,731.70,238746
1789723860,731.70,731.70,731.10,731.30,158224
1789723920,731.30,731.50,730.95,731.15,222087
1789723980,731.20,731.50,731.10,731.30,141749
1789724040,731.35,731.50,731.20,731.40,123718
1789724100,731.35,731.40,730.75,730.95,123341
1789724160,731.00,731.15,730.75,730.95,124647
1789724220,730.80,730.80,730.30,730.55,130251
1789724280,730.55,730.80,730.20,730.50,158481
1789724340,730.50,730.85,730.10,730.70,177876
1789724400,730.70,731.00,730.60,731.00,162347
1789724460,730.95,731.50,730.95,731.50,129187
1789724520,731.25,731.55,730.60,731.00,562452
1789724580,730.90,731.60,730.75,730.95,226895
1789724640,730.65,732.00,729.95,731.10,358275
1789724700,731.20,731.20,731.20,731.20,1
1789724760,731.20,731.20,731.20,731.20,0
1789724820,731.20,731.20,731.20,731.20,0
1789724880,731.20,731.20,731.20,731.20,0
1789724940,731.20,731.20,731.20,731.20,0
1789725000,731.20,731.20,731.20,731.20,0
1789725060,731.20,731.20,731.20,731.20,0
1789725120,731.20,731.20,731.20,731.20,0
1789725180,731.20,731.20,731.20,731.20,0
1789725240,731.20,731.20,731.20,731.20,0
1789725300,731.20,731.20,731.20,731.20,0
1789725360,731.20,731.20,731.20,731.20,0
1789725420,731.20,731.20,731.20,731.20,0
1789725480,731.20,731.20,731.00,731.00,7742610
1789725540,731.00,731.00,731.00,731.00,0
1789962300,731.00,732.40,729.05,730.75,334792
1789962360,730.80,731.50,729.05,731.35,200149
1789962420,731.50,732.90,730.65,732.90,170201
1789962480,732.90,734.70,732.00,733.85,232116
1789962540,733.80,735.00,733.60,734.50,290863
1789962600,734.95,735.50,734.55,734.95,226270
1789962660,734.80,735.30,734.60,734.90,178502
1789962720,734.70,735.90,734.65,735.50,238573
1789962780,735.50,738.30,735.40,738.05,458030
1789962840,738.00,738.00,736.15,736.65,265320
1789962900,736.65,738.00,736.45,737.00,137258
1789962960,737.00,737.35,736.65,736.95,159913
1789963020,736.90,737.00,735.65,735.95,194101
1789963080,735.85,736.15,735.40,735.55,152179
1789963140,735.50,737.80,735.50,737.80,244876
1789963200,737.70,737.75,736.50,736.75,81939
1789963260,736.80,737.00,736.25,736.55,75368
1789963320,736.50,736.55,735.65,736.00,89194
1789963380,736.00,736.50,735.95,736.05,56609
1789963440,736.05,736.05,734.65,735.75,202564
1789963500,735.70,736.50,735.70,736.45,65519
1789963560,736.50,736.75,736.15,736.45,76963
1789963620,736.45,736.80,736.00,736.20,145293
1789963680,736.30,736.60,736.00,736.20,48294
1789963740,736.15,737.05,736.05,736.15,132241
1789963800,736.40,736.40,735.00,735.05,56715
1789963860,735.00,735.75,734.85,735.10,187599
1789963920,735.35,735.60,735.10,735.20,50079
1789963980,735.35,736.40,735.35,736.25,109337
1789964040,736.25,737.00,736.15,736.75,174521
1789964100,736.80,737.00,736.50,736.65,150244
1789964160,736.70,736.70,736.30,736.50,41503
1789964220,736.45,736.50,735.75,735.80,42495
1789964280,735.85,736.05,735.40,735.45,52027
1789964340,735.70,736.25,735.60,735.80,61157
1789964400,735.80,735.85,735.70,735.80,26307
1789964460,735.75,736.25,735.75,736.15,38983
1789964520,736.05,736.15,735.70,736.00,42195
1789964580,735.95,736.00,735.50,735.70,63767
1789964640,735.80,735.85,735.45,735.50,28075
1789964700,735.50,735.95,735.40,735.65,36482
1789964760,735.70,735.90,735.60,735.80,27610
1789964820,735.85,736.40,735.75,736.35,132586
1789964880,736.10,736.30,735.75,735.95,31518
1789964940,735.80,736.55,735.80,736.55,71286
1789965000,736.55,736.65,736.10,736.30,48543
1789965060,736.20,736.30,735.65,735.85,31639
1789965120,735.85,736.00,735.65,735.75,23228
1789965180,735.90,735.90,735.65,735.75,19623
1789965240,735.80,735.80,735.60,735.65,39509
1789965300,735.60,735.80,735.60,735.65,22192
1789965360,735.80,736.00,735.50,735.90,33969
1789965420,736.00,736.15,735.20,735.35,58976
1789965480,735.50,735.65,735.40,735.45,27628
1789965540,735.50,736.00,735.40,736.00,39649
1789965600,735.75,736.00,735.40,735.45,68199
1789965660,735.45,735.60,735.15,735.15,75178
1789965720,735.15,735.50,734.65,734.65,122930
1789965780,734.95,734.95,733.35,733.85,127721
1789965840,734.00,734.25,733.75,733.85,85113
1789965900,733.95,734.00,733.50,733.95,83865
1789965960,733.95,734.00,733.70,734.00,49480
1789966020,734.00,734.00,733.55,733.70,41453
1789966080,733.65,733.85,733.55,733.80,90692
1789966140,733.80,733.80,733.50,733.70,91257
1789966200,733.65,734.00,733.50,733.80,66463
1789966260,733.80,733.80,733.50,733.60,49805
1789966320,733.45,733.60,733.40,733.40,50506
1789966380,733.50,733.80,733.30,733.75,128968
1789966440,733.75,733.80,733.05,733.10,41921
1789966500,733.10,733.10,732.50,733.00,146157
1789966560,732.95,733.40,732.75,733.15,47143
1789966620,733.05,733.30,733.00,733.20,31609
1789966680,733.20,734.20,733.20,734.20,56395
1789966740,734.10,734.75,734.10,734.75,51359
1789966800,734.65,734.75,734.35,734.50,43751
1789966860,734.50,734.70,734.20,734.50,39285
1789966920,734.50,734.60,734.05,734.35,30160
1789966980,734.35,734.40,733.80,734.05,38797
1789967040,734.05,734.05,733.55,733.85,34019
1789967100,733.65,734.85,733.65,734.75,89887
1789967160,734.80,735.55,734.80,735.45,74494
1789967220,735.45,735.45,735.05,735.30,36799
1789967280,735.05,735.85,735.05,735.30,35936
1789967340,735.25,735.50,734.80,734.80,28169
1789967400,734.85,735.10,734.55,734.55,35061
1789967460,734.60,735.35,734.60,735.25,29308
1789967520,735.25,735.50,735.20,735.40,34407
1789967580,735.50,735.80,735.40,735.70,43361
1789967640,735.65,735.95,735.65,735.85,40696
1789967700,735.85,735.95,735.80,735.90,43149
1789967760,736.00,736.00,735.90,735.95,122264
1789967820,736.00,737.00,735.95,736.55,183314
1789967880,736.60,736.75,736.00,736.15,69035
1789967940,736.35,736.40,736.10,736.15,27999
1789968000,736.35,736.35,736.25,736.30,39280
1789968060,736.35,736.40,736.05,736.35,47120
1789968120,736.35,736.35,736.20,736.25,49086
1789968180,736.30,736.85,736.25,736.70,191257
1789968240,736.70,737.10,736.40,737.00,310263
1789968300,737.05,737.20,737.00,737.00,42653
1789968360,737.00,737.80,737.00,737.70,100463
1789968420,737.75,738.75,737.75,738.25,308629
1789968480,738.40,738.40,738.00,738.15,48923
1789968540,738.00,738.70,738.00,738.60,73154
1789968600,738.60,738.60,738.10,738.25,38737
1789968660,738.40,738.45,738.00,738.10,45234
1789968720,738.15,738.45,738.00,738.25,53354
1789968780,738.25,738.35,738.00,738.05,37121
1789968840,738.05,738.30,737.75,737.95,113808
1789968900,738.00,738.15,737.20,737.45,52990
1789968960,737.50,737.85,737.30,737.80,44923
1789969020,737.80,738.15,737.70,738.05,57745
1789969080,738.05,738.25,738.00,738.15,35985
1789969140,738.10,738.40,738.00,738.00,49140
1789969200,738.00,738.10,738.00,738.00,36999
1789969260,738.00,739.00,738.00,738.40,340099
1789969320,738.50,738.80,738.25,738.45,25172
1789969380,738.50,738.80,738.50,738.60,37319
1789969440,738.60,739.05,738.55,739.00,101345
1789969500,739.00,739.10,738.50,738.80,119263
1789969560,738.70,739.00,738.50,738.95,48739
1789969620,738.90,739.00,738.65,738.80,51829
1789969680,738.80,739.00,738.50,738.70,40633
1789969740,738.55,739.05,738.50,738.95,98370
1789969800,739.05,739.50,738.95,739.40,214168
1789969860,739.45,739.60,739.00,739.20,101836
1789969920,739.35,739.50,739.15,739.25,58532
1789969980,739.35,739.50,739.15,739.35,51923
1789970040,739.50,739.70,739.40,739.65,53448
1789970100,739.70,739.75,739.45,739.55,51287
1789970160,739.60,739.70,739.45,739.50,37849
1789970220,739.55,740.00,739.30,739.75,171341
1789970280,739.80,740.70,739.80,740.25,344647
1789970340,740.30,740.40,740.00,740.10,56849
1789970400,740.10,740.30,739.55,739.60,84056
1789970460,739.80,739.80,739.35,739.50,68843
1789970520,739.60,739.60,739.20,739.55,55616
1789970580,739.60,739.75,739.55,739.70,31780
1789970640,739.65,739.85,739.55,739.60,43558
1789970700,739.60,739.65,739.10,739.15,58333
1789970760,739.15,739.60,739.10,739.50,72519
1789970820,739.55,739.75,739.20,739.40,81364
1789970880,739.40,739.60,739.25,739.35,106528
1789970940,739.40,739.60,739.30,739.50,41679
1789971000,739.55,739.75,739.30,739.50,45506
1789971060,739.60,739.90,739.55,739.75,46082
1789971120,739.75,740.00,739.60,739.95,81620
1789971180,739.90,740.10,739.70,739.80,37807
1789971240,739.85,740.00,739.60,739.70,37634
1789971300,739.70,739.95,739.70,739.90,34933
1789971360,739.90,740.20,739.50,739.50,84185
1789971420,739.70,739.80,739.35,739.40,42201
1789971480,739.50,739.85,739.40,739.55,66802
1789971540,739.60,739.85,739.55,739.55,40188
1789971600,739.75,739.75,739.40,739.75,40452
1789971660,739.75,740.00,739.55,739.85,114316
1789971720,739.60,739.95,739.30,739.55,56592
1789971780,739.55,740.00,739.50,739.90,54442
1789971840,739.90,740.00,739.60,739.70,79933
1789971900,739.70,739.75,739.30,739.45,59797
1789971960,739.45,739.65,739.30,739.45,43705
1789972020,739.50,739.85,739.30,739.70,45959
1789972080,739.65,740.30,739.65,740.20,180697
1789972140,740.15,740.25,739.35,739.70,129498
1789972200,739.80,740.00,739.60,739.70,60890
1789972260,739.65,739.95,739.50,739.70,40922
1789972320,739.70,739.80,739.40,739.65,37862
1789972380,739.70,739.90,739.55,739.75,53663
1789972440,739.75,740.20,739.60,740.20,81785
1789972500,740.15,740.20,740.00,740.00,53608
1789972560,740.10,740.20,739.70,739.95,59967
1789972620,739.95,740.00,739.35,739.35,43086
1789972680,739.40,739.45,738.90,739.00,120920
1789972740,739.00,739.10,738.70,739.00,177236
1789972800,739.05,739.15,739.00,739.00,67126
1789972860,739.10,739.20,739.00,739.10,45870
1789972920,739.10,739.20,739.00,739.00,52186
1789972980,739.00,739.10,738.95,739.10,67187
1789973040,739.00,739.15,738.50,738.55,182922
1789973100,738.55,738.70,737.65,738.20,173951
1789973160,738.25,738.45,737.70,737.95,60685
1789973220,737.90,738.10,737.65,737.70,42054
1789973280,737.75,737.95,737.35,737.55,100067
1789973340,737.70,738.20,737.55,738.15,59955
1789973400,738.20,738.35,737.65,737.70,71498
1789973460,737.80,737.95,737.60,737.70,44864
1789973520,737.65,737.70,737.15,737.15,69768
1789973580,737.20,737.80,737.15,737.70,82353
1789973640,737.70,737.95,737.55,737.90,37639
1789973700,737.95,738.05,737.30,737.45,63189
1789973760,737.40,738.75,737.35,737.80,72531
1789973820,737.75,738.30,737.65,738.05,41656
1789973880,737.95,738.10,737.75,738.00,59117
1789973940,738.10,738.10,737.70,737.70,65482
1789974000,737.80,738.55,737.60,738.55,192455
1789974060,738.75,738.75,737.80,737.95,53076
1789974120,738.05,738.15,737.55,737.60,53255
1789974180,737.55,737.60,737.20,737.20,71592
1789974240,737.30,737.95,737.20,737.85,49622
1789974300,737.90,737.95,737.60,737.80,45204
1789974360,737.80,737.90,737.50,737.65,44398
1789974420,737.70,737.70,737.30,737.50,39629
1789974480,737.60,737.65,737.30,737.55,45427
1789974540,737.60,737.75,737.40,737.60,49409
1789974600,737.65,737.80,737.50,737.75,41745
1789974660,737.70,737.85,737.45,737.75,50423
1789974720,737.80,737.95,737.65,737.80,36462
1789974780,737.85,738.15,737.75,737.80,51855
1789974840,737.80,738.25,737.80,738.20,48686
1789974900,738.25,738.35,738.10,738.25,42257
1789974960,738.25,738.30,738.00,738.00,40251
1789975020,738.15,738.20,738.00,738.10,47306
1789975080,738.15,738.55,738.10,738.50,63027
1789975140,738.55,738.75,738.50,738.65,46579
1789975200,738.65,738.70,738.10,738.25,56524
1789975260,738.25,738.35,738.15,738.30,46172
1789975320,738.30,738.50,738.25,738.35,46223
1789975380,738.35,738.70,738.30,738.70,56907
1789975440,738.70,739.25,738.65,739.10,57819
1789975500,739.15,739.30,738.80,738.85,61706
1789975560,738.85,738.95,738.45,738.80,68811
1789975620,738.90,739.00,738.75,738.85,58233
1789975680,738.85,738.85,738.50,738.75,152973
1789975740,738.65,738.85,738.50,738.60,61530
1789975800,738.60,738.75,738.20,738.30,88104
1789975860,738.30,739.00,738.30,738.90,186048
1789975920,738.70,738.95,738.65,738.85,75040
1789975980,738.80,739.10,738.65,739.00,63750
1789976040,739.10,739.25,738.60,738.95,76954
1789976100,739.00,739.25,738.60,739.15,88079
1789976160,739.15,739.25,738.90,739.20,64981
1789976220,739.20,739.55,739.20,739.50,107741
1789976280,739.30,739.70,739.30,739.55,58835
1789976340,739.55,739.70,739.40,739.65,68239
1789976400,739.60,739.70,739.40,739.65,58882
1789976460,739.70,739.75,739.55,739.65,67029
1789976520,739.75,739.90,739.65,739.90,58537
1789976580,739.85,740.30,739.85,740.30,233639
1789976640,740.25,740.50,740.15,740.15,84780
1789976700,740.05,740.50,740.05,740.50,47488
1789976760,740.50,740.70,740.45,740.65,56924
1789976820,740.60,740.80,740.60,740.80,55546
1789976880,740.75,741.10,740.75,741.00,168693
1789976940,741.00,741.25,740.90,740.95,76416
1789977000,741.00,741.35,740.95,741.05,99843
1789977060,741.10,741.15,740.50,740.80,120982
1789977120,740.80,741.35,740.80,741.30,53433
1789977180,741.25,741.70,741.20,741.45,107370
1789977240,741.45,741.65,740.90,741.55,109577
1789977300,741.65,741.80,741.50,741.70,83060
1789977360,741.70,741.80,741.50,741.60,56273
1789977420,741.70,741.80,741.45,741.45,122395
1789977480,741.50,741.75,741.45,741.65,80642
1789977540,741.65,741.75,741.25,741.50,109541
1789977600,741.50,741.65,741.30,741.30,103342
1789977660,741.30,741.40,741.00,741.30,111490
1789977720,741.20,741.65,741.20,741.60,65577
1789977780,741.60,741.90,741.50,741.85,94192
1789977840,741.60,741.90,741.60,741.80,74700
1789977900,741.80,741.85,741.70,741.80,70581
1789977960,741.85,741.95,741.70,741.95,78730
1789978020,741.85,742.00,741.80,741.95,77039
1789978080,741.95,742.00,741.60,741.80,80599
1789978140,741.85,742.00,741.80,742.00,64452
1789978200,742.00,742.00,741.75,742.00,93914
1789978260,741.95,742.10,741.90,741.95,73651
1789978320,741.95,742.10,741.55,741.55,94557
1789978380,741.70,742.10,741.60,742.00,135472
1789978440,741.95,742.35,741.70,742.25,128188
1789978500,742.20,742.40,742.00,742.00,98591
1789978560,742.00,742.05,741.50,741.80,116103
1789978620,741.75,742.00,741.60,741.70,74832
1789978680,741.70,742.00,741.65,741.85,75866
1789978740,741.80,741.90,741.30,741.75,90427
1789978800,741.55,741.90,741.50,741.60,72437
1789978860,741.55,741.95,741.50,741.55,90035
1789978920,741.55,741.90,741.50,741.60,79575
1789978980,741.70,741.90,741.50,741.70,79722
1789979040,741.75,741.80,741.25,741.75,83058
1789979100,741.80,742.00,741.75,741.95,115438
1789979160,742.00,742.20,741.95,742.15,73770
1789979220,742.20,742.40,742.15,742.25,83526
1789979280,742.25,742.40,741.75,742.10,123749
1789979340,742.10,742.45,742.10,742.35,97282
1789979400,742.30,742.45,742.00,742.30,99600
1789979460,742.15,742.55,742.15,742.40,181291
1789979520,742.45,742.65,742.25,742.60,135051
1789979580,742.55,742.65,741.70,742.15,123392
1789979640,741.80,742.15,741.80,742.00,97278
1789979700,742.10,742.10,741.60,741.85,121240
1789979760,741.70,742.00,741.70,742.00,72258
1789979820,742.00,742.00,741.35,741.55,128885
1789979880,741.55,741.85,741.40,741.65,83872
1789979940,741.70,741.80,741.30,741.35,140589
1789980000,741.35,741.55,740.75,740.90,120882
1789980060,741.00,741.45,740.90,741.40,96775
1789980120,741.45,741.80,741.05,741.40,119984
1789980180,741.60,741.60,741.00,741.30,76354
1789980240,741.35,741.50,741.10,741.10,81098
1789980300,741.15,741.60,741.10,741.45,88930
1789980360,741.45,741.60,741.00,741.50,130769
1789980420,741.50,741.65,741.30,741.50,77512
1789980480,741.45,741.85,741.40,741.85,98384
1789980540,741.80,741.85,741.25,741.45,81772
1789980600,741.55,742.00,741.50,742.00,103773
1789980660,742.00,742.20,741.75,742.00,123757
1789980720,742.05,742.15,741.70,742.15,164391
1789980780,742.15,742.35,742.00,742.30,84877
1789980840,742.35,742.40,742.15,742.20,80265
1789980900,742.30,742.40,742.00,742.00,82113
1789980960,742.20,742.35,742.00,742.20,89725
1789981020,742.20,742.35,742.05,742.10,86989
1789981080,742.10,742.25,741.75,741.85,89278
1789981140,741.85,742.00,741.80,741.95,79562
1789981200,741.95,742.00,741.30,741.35,103197
1789981260,741.35,741.95,741.35,741.80,94466
1789981320,741.80,742.00,741.55,741.95,89968
1789981380,742.00,742.05,741.55,741.60,143893
1789981440,741.80,742.00,741.60,741.75,95119
1789981500,741.80,741.95,741.35,741.65,104214
1789981560,741.50,741.90,741.50,741.55,92141
1789981620,741.55,741.85,741.50,741.85,81588
1789981680,741.80,741.95,741.75,741.90,93421
1789981740,741.80,741.90,741.50,741.75,103306
1789981800,741.60,741.95,741.60,741.95,109995
1789981860,741.90,741.90,741.60,741.75,101841
1789981920,741.65,741.85,741.60,741.75,91836
1789981980,741.80,741.85,741.60,741.65,91617
1789982040,741.65,741.75,741.50,741.65,112460
1789982100,741.55,741.75,741.55,741.70,85709
1789982160,741.75,741.90,741.60,741.80,118395
1789982220,741.85,742.00,741.80,741.95,146297
1789982280,742.00,742.25,741.95,742.15,157585
1789982340,742.20,742.20,742.00,742.10,128082
1789982400,742.15,742.55,741.65,741.75,364682
1789982460,741.75,742.00,741.30,741.75,442482
1789982520,741.80,742.00,741.75,741.90,101392
1789982580,741.95,742.10,741.75,742.05,175915
1789982640,742.00,742.15,741.65,741.90,199201
1789982700,741.95,742.00,741.65,741.95,110914
1789982760,741.80,742.25,741.80,742.15,218508
1789982820,742.10,742.55,742.10,742.40,243714
1789982880,742.45,742.50,742.20,742.30,162969
1789982940,742.35,742.40,742.05,742.40,160609
1789983000,742.40,742.40,741.10,741.90,360239
1789983060,741.95,742.20,741.70,742.05,176374
1789983120,742.05,742.15,741.60,741.90,144889
1789983180,741.95,741.95,741.70,741.80,136709
1789983240,741.85,742.00,741.75,741.90,153044
1789983300,741.90,742.00,741.90,742.00,267454
1789983360,742.00,742.05,741.90,741.90,177748
1789983420,741.95,742.05,741.75,741.90,193579
1789983480,741.95,742.00,741.90,742.00,132757
1789983540,742.00,742.10,741.95,742.05,204435
1789983600,742.00,742.15,741.85,741.95,223110
1789983660,742.00,742.05,741.70,741.75,323350
1789983720,741.75,742.00,741.00,741.10,348764
1789983780,741.25,741.55,740.55,740.90,185274
1789983840,740.90,741.35,740.50,740.50,99503
1789983900,740.50,740.50,740.50,740.50,154
1789983960,740.50,740.50,740.50,740.50,0
1789984020,740.50,740.50,740.50,740.50,0
1789984080,740.50,740.50,740.50,740.50,0
1789984140,740.50,740.50,740.50,740.50,0
1789984200,740.50,740.50,740.50,740.50,0
1789984260,740.50,740.50,740.50,740.50,0
1789984320,740.50,740.50,740.50,740.50,0
1789984380,740.50,740.50,740.50,740.50,0
1789984440,740.50,740.50,740.50,740.50,0
1789984500,740.50,740.50,740.50,740.50,0
1789984560,740.50,740.50,740.50,740.50,0
1789984620,740.50,740.50,740.50,740.50,0
1789984680,740.50,740.50,739.50,739.50,540999
1789984740,739.50,739.50,739.50,739.50,0
1790048700,738.85,743.65,738.85,743.20,707033
1790048760,743.30,744.60,741.45,741.90,764556
1790048820,742.30,743.15,741.50,742.70,197879
1790048880,742.90,744.25,742.75,744.05,202869
1790048940,744.25,745.30,744.05,745.00,368004
1790049000,745.35,746.25,745.15,745.40,551874
1790049060,745.50,746.20,745.10,746.20,312604
1790049120,746.05,746.50,745.25,745.30,231023
1790049180,745.50,745.80,745.05,745.40,275111
1790049240,745.40,745.85,745.20,745.20,294601
1790049300,745.45,745.50,744.50,745.20,263491
1790049360,745.25,745.40,744.20,744.20,262660
1790049420,744.20,744.50,743.55,744.30,221596
1790049480,744.50,745.00,744.15,744.45,210804
1790049540,744.55,747.45,744.25,747.20,549914
1790049600,747.30,748.10,747.00,747.50,1099458
1790049660,747.80,747.90,747.10,747.70,157595
1790049720,747.80,747.85,746.70,747.40,235474
1790049780,747.40,747.65,747.10,747.15,88869
1790049840,747.20,747.30,747.00,747.05,86829
1790049900,747.15,747.25,746.90,746.90,105080
1790049960,747.05,747.05,746.75,746.95,79385
1790050020,746.90,748.05,746.75,748.05,345869
1790050080,748.00,748.10,747.50,747.50,267750
1790050140,747.55,748.80,747.50,748.55,449884
1790050200,748.25,748.50,746.55,746.95,138760
1790050260,746.95,747.50,746.85,747.20,82964
1790050320,747.35,748.00,747.10,747.70,62602
1790050380,747.85,748.00,747.60,747.70,53792
1790050440,747.75,747.95,747.50,747.80,95871
1790050500,747.80,747.85,747.40,747.50,67233
1790050560,747.55,748.40,747.45,748.00,251299
1790050620,748.10,748.20,747.80,747.90,109177
1790050680,747.90,747.95,747.00,747.10,164201
1790050740,747.05,747.10,746.30,746.40,167053
1790050800,746.50,747.50,746.40,747.40,117546
1790050860,747.50,747.55,746.75,746.85,67747
1790050920,746.75,747.10,746.60,747.05,67316
1790050980,747.00,747.60,746.80,747.35,74307
1790051040,747.35,748.00,747.35,747.70,123045
1790051100,747.65,747.70,747.30,747.60,44943
1790051160,747.60,747.80,747.30,747.75,76928
1790051220,747.75,747.80,747.30,747.55,50610
1790051280,747.65,748.15,747.50,748.15,120794
1790051340,748.00,748.50,747.80,748.20,103729
1790051400,748.20,748.50,748.20,748.45,77427
1790051460,748.45,748.50,748.00,748.35,79841
1790051520,748.15,748.40,747.80,747.95,64362
1790051580,747.95,748.15,747.60,747.90,69482
1790051640,747.95,748.00,747.45,747.60,69191
1790051700,747.75,748.00,747.65,747.85,60099
1790051760,747.75,747.85,747.35,747.50,60410
1790051820,747.40,747.50,747.15,747.30,50754
1790051880,747.20,748.05,747.20,748.00,183478
1790051940,747.80,748.65,747.80,748.55,181686
1790052000,748.65,748.70,748.20,748.30,80158
1790052060,748.35,748.80,748.25,748.50,183978
1790052120,748.50,748.60,747.65,748.10,88279
1790052180,748.10,748.85,748.00,748.80,315480
1790052240,748.65,749.30,748.65,749.20,264682
1790052300,749.30,749.30,748.80,749.00,199752
1790052360,748.90,748.95,747.90,748.00,223808
1790052420,747.95,748.25,747.90,748.00,43595
1790052480,748.10,748.75,748.00,748.75,82700
1790052540,748.70,749.00,748.50,748.55,147804
1790052600,748.55,748.60,748.05,748.05,57126
1790052660,748.15,748.25,747.75,747.90,69570
1790052720,747.75,747.75,747.00,747.05,108415
1790052780,747.00,747.55,747.00,747.50,45856
1790052840,747.50,747.55,747.20,747.35,39841
1790052900,747.20,747.35,746.50,746.55,86821
1790052960,746.55,746.80,746.25,746.75,61437
1790053020,746.70,747.30,746.40,747.10,102412
1790053080,747.30,747.45,747.10,747.45,56699
1790053140,747.15,747.90,747.15,747.20,47572
1790053200,747.20,747.40,746.75,746.80,53992
1790053260,746.80,746.80,746.50,746.55,66724
1790053320,746.50,746.65,745.60,745.70,129008
1790053380,745.60,745.70,745.15,745.25,131031
1790053440,745.25,745.95,745.20,745.90,82290
1790053500,745.80,745.80,745.20,745.30,68593
1790053560,745.20,745.55,745.05,745.30,132837
1790053620,745.30,745.40,745.05,745.10,18286
1790053680,745.10,745.20,745.00,745.05,53364
1790053740,745.05,745.20,745.00,745.05,113045
1790053800,745.00,745.30,745.00,745.15,43352
1790053860,745.30,745.50,745.10,745.10,61834
1790053920,745.10,745.50,744.60,745.40,214915
1790053980,745.50,746.00,745.35,745.85,71097
1790054040,746.00,746.00,745.35,745.55,43191
1790054100,745.45,745.60,745.10,745.25,45233
1790054160,745.30,745.95,745.25,745.90,40224
1790054220,745.90,746.30,745.85,746.30,54493
1790054280,746.10,746.30,745.35,745.35,44299
1790054340,745.35,745.80,745.35,745.75,37975
1790054400,745.70,745.85,745.10,745.20,51387
1790054460,745.20,745.75,745.15,745.75,44613
1790054520,745.70,745.75,745.10,745.10,34264
1790054580,745.10,745.30,745.00,745.05,62300
1790054640,745.05,745.75,745.05,745.70,62573
1790054700,745.70,745.80,745.50,745.60,29102
1790054760,745.60,745.75,745.50,745.50,39389
1790054820,745.55,745.85,745.40,745.70,53129
1790054880,745.70,746.05,745.30,746.00,123160
1790054940,746.05,746.45,745.85,746.10,95597
1790055000,746.10,746.20,745.55,746.00,45519
1790055060,746.00,746.05,745.25,745.50,60084
1790055120,745.45,745.65,745.35,745.50,44394
1790055180,745.55,745.60,745.40,745.55,49690
1790055240,745.50,745.55,745.25,745.25,70741
1790055300,745.30,745.30,744.10,744.55,175624
1790055360,744.50,744.80,744.40,744.80,50654
1790055420,744.75,745.00,744.25,744.55,62532
1790055480,744.75,744.80,744.25,744.65,129552
1790055540,744.60,745.05,744.45,744.95,63121
1790055600,744.95,745.30,744.90,745.20,74239
1790055660,745.15,745.30,744.50,744.90,108601
1790055720,744.75,745.05,744.75,744.95,25265
1790055780,744.90,745.15,744.90,745.10,27967
1790055840,745.00,745.60,745.00,745.25,157132
1790055900,745.25,745.30,744.80,745.00,148047
1790055960,745.00,745.35,744.70,745.25,61632
1790056020,745.30,745.40,744.90,745.25,333157
1790056080,745.10,745.35,745.10,745.15,202654
1790056140,745.05,745.10,744.60,744.60,154129
1790056200,744.60,745.20,744.60,745.00,203428
1790056260,745.00,745.10,744.80,744.80,34996
1790056320,744.80,744.95,744.60,744.65,32734
1790056380,744.60,745.00,744.40,744.55,92388
1790056440,744.60,745.10,744.55,744.95,39812
1790056500,744.95,745.50,744.90,745.30,77394
1790056560,745.20,745.30,744.55,744.90,59525
1790056620,744.90,745.25,744.70,745.00,89441
1790056680,745.10,745.95,745.00,745.50,452855
1790056740,745.50,746.00,745.35,745.65,172180
1790056800,745.60,745.80,745.20,745.30,51447
1790056860,745.35,745.35,745.10,745.15,47697
1790056920,745.10,745.35,745.00,745.35,42659
1790056980,745.25,745.50,745.20,745.35,61216
1790057040,745.30,745.50,745.20,745.20,39731
1790057100,745.25,745.30,744.80,744.90,54416
1790057160,744.80,745.05,744.65,745.00,44369
1790057220,745.00,745.20,745.00,745.05,32343
1790057280,745.05,745.25,745.00,745.20,37262
1790057340,745.15,745.25,745.00,745.00,40963
1790057400,745.05,745.10,744.50,744.65,46686
1790057460,744.65,744.95,744.65,744.75,33526
1790057520,744.80,744.90,744.65,744.65,62883
1790057580,744.70,744.70,744.50,744.55,24019
1790057640,744.60,745.00,744.60,744.90,32249
1790057700,744.95,745.05,744.90,744.95,33316
1790057760,744.85,744.95,744.50,744.55,78269
1790057820,744.55,744.60,744.40,744.50,95141
1790057880,744.50,744.80,744.50,744.65,42358
1790057940,744.65,744.75,744.50,744.65,74774
1790058000,744.60,744.75,744.50,744.65,35175
1790058060,744.60,744.80,744.50,744.50,73863
1790058120,744.60,745.15,744.50,745.00,102988
1790058180,745.10,745.10,744.45,744.80,67628
1790058240,744.75,744.90,743.65,743.65,192523
1790058300,743.70,743.75,743.25,743.50,78562
1790058360,743.60,743.80,743.10,743.80,95577
1790058420,743.80,744.05,743.35,743.85,68939
1790058480,743.95,744.15,743.80,744.15,25117
1790058540,744.10,744.15,743.70,744.05,38415
1790058600,744.00,744.40,744.00,744.05,37940
1790058660,744.00,744.10,743.75,743.75,83153
1790058720,744.10,744.50,744.05,744.25,122630
1790058780,744.30,744.65,744.25,744.65,36295
1790058840,744.65,744.70,744.25,744.25,61187
1790058900,744.45,744.75,744.25,744.75,32077
1790058960,744.75,744.75,744.00,744.05,40550
1790059020,744.00,744.10,743.70,744.00,29445
1790059080,743.95,744.05,743.80,743.95,23668
1790059140,743.95,744.15,743.75,744.00,46091
1790059200,744.00,744.15,743.95,744.05,28494
1790059260,744.00,744.15,743.80,744.10,55542
1790059320,744.15,744.15,743.90,744.05,38586
1790059380,744.00,744.05,743.70,743.85,52349
1790059440,743.80,744.00,743.70,743.80,43377
1790059500,743.70,743.80,743.20,743.20,68827
1790059560,743.25,743.90,743.25,743.75,59112
1790059620,743.75,743.95,743.75,743.85,21943
1790059680,743.85,743.95,743.60,743.70,38620
1790059740,743.60,743.95,743.55,743.80,21851
1790059800,743.80,743.80,743.30,743.30,40288
1790059860,743.30,744.10,743.30,744.05,64066
1790059920,744.00,744.15,744.00,744.05,80090
1790059980,744.00,744.05,743.80,743.80,63021
1790060040,743.80,744.05,743.50,743.75,83273
1790060100,743.75,743.80,743.60,743.80,52767
1790060160,743.75,744.65,743.75,744.20,77017
1790060220,744.25,744.30,743.85,743.85,90570
1790060280,743.85,744.35,743.80,744.15,60772
1790060340,744.35,744.35,743.80,743.85,37415
1790060400,743.80,743.85,743.40,743.40,38723
1790060460,743.50,743.50,743.30,743.45,37749
1790060520,743.45,744.05,743.40,744.05,45394
1790060580,744.05,744.35,744.00,744.15,38156
1790060640,744.15,744.35,744.05,744.35,25219
1790060700,744.25,744.55,744.15,744.35,36552
1790060760,744.30,744.35,744.10,744.15,25761
1790060820,744.15,744.25,744.10,744.25,21202
1790060880,744.25,744.30,743.95,744.05,73514
1790060940,744.05,744.20,743.80,743.90,36940
1790061000,744.05,744.05,743.55,743.95,63138
1790061060,743.90,744.05,743.65,743.85,36350
1790061120,743.70,744.10,743.70,743.95,31978
1790061180,743.95,744.00,743.30,743.40,42341
1790061240,743.45,743.70,743.30,743.30,35061
1790061300,743.35,743.80,743.30,743.50,122054
1790061360,743.55,743.85,743.45,743.70,45312
1790061420,743.70,744.10,743.60,744.00,59058
1790061480,743.95,744.55,743.90,744.50,97681
1790061540,744.50,744.60,743.80,744.00,117605
1790061600,744.00,744.00,743.65,743.65,37687
1790061660,743.65,743.95,743.35,743.40,52536
1790061720,743.55,743.95,743.45,743.90,43526
1790061780,743.85,743.95,743.50,743.55,46001
1790061840,743.55,743.70,743.35,743.45,43688
1790061900,743.45,743.45,743.20,743.20,34936
1790061960,743.25,743.65,743.20,743.65,76393
1790062020,743.60,743.75,743.40,743.45,33973
1790062080,743.40,743.45,743.15,743.15,53049
1790062140,743.05,743.20,743.00,743.20,90099
1790062200,743.20,743.20,742.35,742.45,114939
1790062260,742.50,742.80,742.40,742.80,67703
1790062320,742.80,742.85,742.20,742.30,99832
1790062380,742.30,742.45,742.20,742.30,46611
1790062440,742.30,742.70,742.20,742.50,60219
1790062500,742.50,742.70,742.40,742.70,22737
1790062560,742.65,742.95,742.65,742.90,31590
1790062620,742.95,743.40,742.90,743.20,41412
1790062680,743.05,743.90,743.00,743.75,52513
1790062740,743.80,744.00,743.50,743.75,32563
1790062800,743.85,744.10,743.70,744.00,24389
1790062860,743.95,744.05,743.50,743.60,32477
1790062920,743.60,743.95,743.45,743.95,30224
1790062980,743.85,743.95,743.60,743.85,24346
1790063040,743.80,744.00,743.80,743.95,19294
1790063100,743.95,744.15,743.95,744.00,29958
1790063160,743.95,743.95,743.60,743.90,28548
1790063220,743.95,743.95,743.50,743.60,71986
1790063280,743.50,743.65,743.15,743.30,39271
1790063340,743.30,743.65,743.20,743.35,29679
1790063400,743.30,743.40,742.75,742.90,32796
1790063460,743.05,743.10,742.75,742.80,22880
1790063520,742.75,742.95,742.70,742.75,64179
1790063580,742.85,743.30,742.80,743.10,51643
1790063640,743.10,743.25,743.05,743.20,22051
1790063700,743.15,743.35,743.15,743.30,45486
1790063760,743.30,743.45,743.05,743.30,60815
1790063820,743.30,743.45,743.10,743.25,20484
1790063880,743.25,743.65,743.25,743.40,24336
1790063940,743.45,743.55,743.25,743.50,22879
1790064000,743.50,743.50,743.30,743.35,22010
1790064060,743.45,743.55,743.15,743.35,84470
1790064120,743.35,743.40,743.00,743.00,32174
1790064180,743.00,743.50,742.95,743.10,26858
1790064240,743.40,743.50,743.15,743.30,19513
1790064300,743.30,743.40,743.05,743.20,39137
1790064360,743.25,743.40,742.95,743.10,69160
1790064420,743.20,743.25,742.85,742.85,24676
1790064480,742.90,743.15,742.80,743.00,25473
1790064540,743.10,743.45,742.85,743.40,31223
1790064600,743.40,743.80,743.40,743.80,64448
1790064660,743.80,744.00,743.50,743.55,39562
1790064720,743.50,743.80,743.45,743.55,19924
1790064780,743.60,743.60,743.00,743.20,28964
1790064840,743.05,743.25,742.80,743.00,159893
1790064900,743.00,743.10,742.65,742.80,29568
1790064960,742.75,742.95,742.25,742.40,130757
1790065020,742.30,743.05,742.30,743.00,50628
1790065080,742.90,743.00,742.55,742.95,44873
1790065140,742.90,743.00,742.45,743.00,38557
1790065200,743.00,743.10,742.45,742.50,75856
1790065260,742.50,742.55,742.25,742.30,44060
1790065320,742.30,742.65,742.10,742.60,73083
1790065380,742.60,742.80,741.15,741.20,134824
1790065440,741.30,741.80,741.10,741.50,58588
1790065500,741.50,742.30,741.35,741.60,114889
1790065560,741.50,741.70,741.20,741.45,58190
1790065620,741.45,741.95,741.20,741.70,48971
1790065680,741.70,741.85,741.40,741.50,43821
1790065740,741.50,741.85,741.20,741.60,97686
1790065800,741.70,741.70,740.85,740.95,123125
1790065860,740.95,741.70,740.80,741.70,116675
1790065920,741.45,741.65,741.00,741.05,53481
1790065980,741.25,741.55,741.05,741.50,59043
1790066040,741.50,741.85,741.30,741.75,47129
1790066100,741.75,742.00,741.50,741.60,56399
1790066160,741.60,741.80,741.20,741.50,84588
1790066220,741.65,741.65,741.10,741.15,34748
1790066280,741.20,741.55,741.15,741.50,43936
1790066340,741.55,742.00,741.35,742.00,41998
1790066400,742.00,742.55,741.95,742.00,102398
1790066460,742.20,743.00,742.00,742.85,53106
1790066520,742.85,743.20,742.40,743.05,348431
1790066580,743.05,743.25,742.70,742.80,80788
1790066640,742.90,744.50,742.65,744.45,129307
1790066700,744.45,744.70,744.05,744.05,116144
1790066760,744.05,744.10,743.10,743.75,79083
1790066820,743.85,744.35,743.65,743.90,98691
1790066880,744.05,744.15,743.50,743.95,48431
1790066940,744.00,744.00,743.45,743.90,54087
1790067000,743.85,744.45,743.65,744.00,62188
1790067060,744.00,744.30,743.60,743.85,123311
1790067120,743.65,743.95,743.40,743.60,93003
1790067180,743.60,743.75,743.45,743.55,58852
1790067240,743.60,743.75,743.00,743.30,81321
1790067300,743.30,743.75,743.20,743.70,55688
1790067360,743.70,743.75,743.05,743.50,58021
1790067420,743.65,743.75,743.15,743.40,47458
1790067480,743.40,743.50,743.15,743.45,39444
1790067540,743.45,743.90,743.25,743.65,90998
1790067600,743.65,743.80,743.35,743.75,69526
1790067660,743.75,743.95,743.60,743.90,70978
1790067720,743.90,743.95,743.60,743.90,62766
1790067780,743.90,743.90,743.05,743.20,67896
1790067840,743.30,743.30,742.65,742.85,62600
1790067900,742.85,743.45,742.75,743.20,63117
1790067960,743.20,743.30,742.90,742.95,54023
1790068020,742.95,742.95,742.60,742.95,47970
1790068080,742.95,743.10,742.40,742.65,50952
1790068140,742.65,743.00,742.45,742.90,52997
1790068200,743.00,743.10,742.60,742.80,71288
1790068260,742.75,742.90,742.40,742.75,50607
1790068320,742.85,742.85,741.90,742.20,99134
1790068380,742.20,742.50,741.90,742.35,60969
1790068440,742.45,742.55,742.00,742.10,70391
1790068500,742.20,742.75,742.10,742.75,52108
1790068560,742.75,742.75,742.40,742.70,69504
1790068620,742.65,743.15,742.50,743.05,75380
1790068680,743.05,743.30,742.65,743.10,58923
1790068740,743.15,743.20,742.55,742.80,54200
1790068800,742.85,743.60,742.55,743.35,162622
1790068860,743.50,743.70,743.20,743.45,147566
1790068920,743.20,743.75,743.15,743.70,88236
1790068980,743.70,743.70,742.85,743.20,101389
1790069040,743.25,743.55,742.95,743.30,79363
1790069100,743.40,743.65,743.15,743.50,74408
1790069160,743.50,743.65,743.00,743.35,126223
1790069220,743.35,743.40,743.10,743.30,58698
1790069280,743.30,743.30,742.80,742.85,115236
1790069340,742.85,743.05,742.65,742.80,54125
1790069400,742.80,743.10,742.55,742.85,87339
1790069460,742.90,743.00,742.40,742.90,75346
1790069520,742.85,743.10,742.50,742.60,138239
1790069580,742.40,742.75,742.05,742.55,132554
1790069640,742.65,742.75,742.15,742.25,78808
1790069700,742.25,742.70,742.05,742.20,117170
1790069760,742.05,742.35,741.80,742.30,133743
1790069820,742.35,742.40,741.85,741.90,104958
1790069880,741.95,742.00,741.80,741.95,100357
1790069940,741.90,742.15,741.90,742.10,140440
1790070000,742.15,742.15,742.00,742.10,96727
1790070060,742.10,742.15,741.80,741.85,71179
1790070120,741.75,742.20,741.05,741.55,268445
1790070180,741.50,741.55,740.90,741.15,148035
1790070240,740.90,742.15,740.85,741.25,142653
1790070300,741.00,741.00,741.00,741.00,4807
1790070360,741.00,741.00,741.00,741.00,0
1790070420,741.00,741.00,741.00,741.00,0
1790070480,741.00,741.00,741.00,741.00,0
1790070540,741.00,741.00,741.00,741.00,0
1790070600,741.00,741.00,741.00,741.00,0
1790070660,741.00,741.00,741.00,741.00,0
1790070720,741.00,741.00,741.00,741.00,0
1790070780,741.00,741.00,741.00,741.00,0
1790070840,741.00,741.00,741.00,741.00,0
1790070900,741.00,741.00,741.00,741.00,0
1790070960,741.00,741.00,741.00,741.00,0
1790071020,741.00,741.00,741.00,741.00,0
1790071080,741.00,741.00,738.60,738.60,1141711
1790071140,738.60,738.60,738.60,738.60,0
1790135100,735.65,739.40,735.65,736.90,630859
1790135160,737.00,737.45,736.50,737.00,297668
1790135220,737.05,737.95,737.05,737.70,228703
1790135280,737.70,738.85,737.65,737.75,167285
1790135340,737.75,738.10,737.55,737.55,177388
1790135400,737.65,738.60,737.35,738.55,113503
1790135460,738.55,738.95,738.35,738.85,111025
1790135520,738.65,739.20,738.50,738.55,127679
1790135580,738.55,738.60,737.10,737.35,104513
1790135640,737.35,737.35,735.00,735.00,386043
1790135700,735.25,735.25,734.00,735.00,273822
1790135760,735.15,735.95,735.00,735.65,84417
1790135820,735.70,736.30,735.50,736.00,111518
1790135880,736.00,736.45,735.85,736.15,79020
1790135940,736.25,736.45,735.65,736.00,63545
1790136000,736.00,736.25,735.85,736.20,49400
1790136060,736.20,736.20,734.60,734.95,286214
1790136120,734.95,735.30,734.65,735.25,115605
1790136180,735.20,735.30,734.70,734.95,124179
1790136240,735.00,735.45,734.75,735.45,124855
1790136300,735.50,736.30,735.45,735.80,73222
1790136360,735.70,736.75,735.70,736.55,72131
1790136420,736.75,737.25,736.60,737.25,62242
1790136480,737.25,737.35,737.00,737.00,45798
1790136540,737.10,737.15,736.30,736.30,52315
1790136600,736.50,737.50,736.50,737.40,57058
1790136660,737.40,737.50,737.20,737.35,40090
1790136720,737.40,737.40,737.00,737.00,38270
1790136780,737.05,737.15,736.90,736.90,54304
1790136840,736.90,737.45,736.80,737.45,68116
1790136900,737.45,737.85,737.25,737.70,48987
1790136960,737.70,737.95,737.65,737.85,32547
1790137020,737.90,738.10,737.90,738.10,42312
1790137080,738.00,738.10,737.30,737.40,60592
1790137140,737.40,737.40,736.90,737.25,78507
1790137200,737.30,737.50,737.15,737.25,27753
1790137260,737.25,737.60,737.20,737.60,48965
1790137320,737.60,737.80,737.45,737.70,29541
1790137380,737.70,737.80,737.60,737.60,32996
1790137440,737.65,737.75,737.35,737.50,62801
1790137500,737.55,737.65,737.45,737.65,29983
1790137560,737.65,737.65,737.55,737.55,17619
1790137620,737.60,738.00,737.60,738.00,79359
1790137680,738.00,738.25,737.85,738.25,37455
1790137740,738.25,738.45,738.15,738.45,56200
1790137800,738.45,738.80,738.20,738.55,109243
1790137860,738.50,738.60,738.20,738.20,45609
1790137920,738.25,738.30,738.00,738.00,29211
1790137980,738.00,738.60,738.00,738.60,46356
1790138040,738.60,738.90,738.45,738.85,41122
1790138100,738.85,739.00,738.60,738.80,42289
1790138160,738.95,738.95,738.50,738.75,29680
1790138220,738.75,738.80,738.50,738.80,21292
1790138280,738.80,738.95,738.75,738.80,35721
1790138340,738.80,738.85,738.55,738.75,22753
1790138400,738.80,738.90,738.55,738.75,31664
1790138460,738.75,738.75,738.55,738.70,28006
1790138520,738.75,739.60,738.70,739.50,138650
1790138580,739.40,740.20,739.40,740.00,145698
1790138640,740.00,740.40,739.65,740.20,87180
1790138700,740.35,740.50,740.00,740.40,131118
1790138760,740.40,740.45,739.70,739.80,65902
1790138820,739.85,740.45,739.80,740.40,46544
1790138880,740.35,741.20,740.15,740.65,162014
1790138940,740.50,741.00,740.50,741.00,39149
1790139000,741.00,741.25,740.70,740.75,79029
1790139060,740.80,741.00,740.55,740.75,31659
1790139120,740.75,740.80,740.40,740.45,32544
1790139180,740.45,741.00,740.25,740.50,109724
1790139240,740.60,740.65,740.00,740.20,39089
1790139300,740.15,740.25,739.75,739.75,40279
1790139360,739.85,739.85,739.55,739.70,29760
1790139420,739.75,740.35,739.75,740.30,34831
1790139480,740.25,740.45,740.25,740.40,22422
1790139540,740.35,740.45,740.35,740.45,25545
1790139600,740.45,740.50,739.95,740.25,80650
1790139660,740.20,740.20,739.95,740.00,25590
1790139720,740.05,740.40,740.00,740.30,29439
1790139780,740.20,740.25,740.05,740.20,16410
1790139840,740.15,740.25,739.60,739.65,40113
1790139900,739.65,740.00,739.30,739.40,132433
1790139960,739.40,740.30,739.40,740.20,152342
1790140020,740.20,740.35,740.00,740.20,19818
1790140080,740.20,740.25,740.15,740.25,12742
1790140140,740.25,740.30,740.15,740.15,18251
1790140200,740.15,740.45,739.85,740.35,58314
1790140260,740.35,740.35,739.85,739.95,16996
1790140320,740.00,740.00,739.95,739.95,25096
1790140380,740.00,740.35,739.95,740.35,38026
1790140440,740.35,740.85,740.30,740.70,48531
1790140500,740.85,741.60,740.75,741.35,100250
1790140560,741.40,741.75,741.00,741.30,104607
1790140620,741.35,741.40,740.45,740.70,43485
1790140680,740.75,740.90,740.60,740.85,21403
1790140740,740.85,740.95,740.55,740.70,60234
1790140800,740.70,741.00,740.65,740.95,24873
1790140860,741.00,741.10,740.80,741.00,52184
1790140920,741.05,741.45,741.00,741.05,133511
1790140980,741.05,741.05,740.55,740.95,44465
1790141040,740.95,741.10,740.70,740.80,31208
1790141100,740.70,741.15,740.65,740.90,155602
1790141160,741.00,741.10,740.60,740.65,56727
1790141220,740.70,740.80,740.55,740.55,36270
1790141280,740.65,741.10,740.40,741.10,83844
1790141340,741.05,741.10,740.60,740.60,59279
1790141400,740.65,741.10,740.60,741.00,94639
1790141460,741.05,741.10,741.00,741.05,19579
1790141520,741.10,741.10,741.05,741.10,20992
1790141580,741.05,741.10,741.05,741.10,32344
1790141640,741.10,741.10,740.30,740.50,58665
1790141700,740.50,740.90,740.30,740.90,38493
1790141760,740.90,741.05,740.60,741.00,113824
1790141820,741.05,741.10,740.50,741.05,330087
1790141880,741.05,741.20,740.90,741.20,248359
1790141940,741.20,742.00,741.05,741.30,268420
1790142000,741.30,741.60,741.25,741.50,97755
1790142060,741.55,741.95,741.50,741.60,131814
1790142120,741.60,741.80,741.50,741.65,21512
1790142180,741.75,742.00,741.65,741.80,58041
1790142240,741.80,742.10,741.75,742.00,61562
1790142300,742.05,742.10,741.75,741.90,89203
1790142360,741.75,741.80,741.40,741.55,30376
1790142420,741.55,741.55,741.20,741.25,34198
1790142480,741.30,741.30,741.20,741.20,19268
1790142540,741.30,741.30,741.00,741.00,29703
1790142600,741.15,741.20,741.00,741.15,30512
1790142660,741.15,741.45,741.15,741.30,48554
1790142720,741.30,741.60,741.20,741.45,23516
1790142780,741.60,741.80,741.45,741.65,25872
1790142840,741.50,741.70,741.40,741.50,26915
1790142900,741.55,741.70,741.35,741.65,86081
1790142960,741.70,742.00,741.65,741.80,26297
1790143020,741.80,741.80,741.20,741.35,30411
1790143080,741.35,741.40,741.20,741.30,30055
1790143140,741.35,741.45,741.25,741.40,23219
1790143200,741.40,741.50,741.35,741.40,19137
1790143260,741.45,741.45,741.20,741.35,24454
1790143320,741.35,742.30,741.20,742.20,209286
1790143380,742.20,742.65,742.10,742.55,43025
1790143440,742.55,742.80,742.50,742.55,36303
1790143500,742.50,742.55,742.00,742.05,30530
1790143560,742.05,742.10,742.00,742.00,21089
1790143620,742.05,742.05,742.00,742.00,17741
1790143680,742.05,742.10,742.00,742.10,23264
1790143740,742.10,742.10,741.60,741.90,29792
1790143800,741.90,742.10,741.85,742.10,16104
1790143860,742.00,742.10,742.00,742.05,17030
1790143920,742.05,742.10,742.00,742.00,121303
1790143980,742.05,742.05,742.00,742.05,41587
1790144040,742.00,742.05,741.50,741.65,29420
1790144100,741.60,741.70,741.30,741.45,25414
1790144160,741.45,741.75,741.25,741.70,45427
1790144220,741.70,742.00,741.65,742.00,23645
1790144280,742.00,742.00,741.55,741.60,42968
1790144340,741.75,741.80,741.35,741.45,31051
1790144400,741.35,741.45,741.20,741.30,30275
1790144460,741.30,741.35,741.20,741.30,26867
1790144520,741.35,741.70,741.25,741.70,34272
1790144580,741.55,741.80,741.55,741.75,23198
1790144640,741.75,741.75,741.50,741.50,21814
1790144700,741.55,741.75,741.50,741.70,22396
1790144760,741.75,741.80,741.60,741.65,42522
1790144820,741.70,741.70,741.55,741.55,20081
1790144880,741.60,741.65,741.50,741.60,18988
1790144940,741.65,741.70,741.55,741.55,26858
1790145000,741.70,741.70,741.45,741.55,23780
1790145060,741.50,741.65,741.50,741.65,36717
1790145120,741.60,741.70,741.55,741.70,39440
1790145180,741.65,741.85,741.65,741.80,19790
1790145240,741.80,741.80,741.60,741.65,30506
1790145300,741.75,741.90,741.65,741.90,33899
1790145360,741.90,741.95,741.75,741.95,43295
1790145420,741.95,742.00,741.60,741.60,70325
1790145480,741.55,741.70,741.30,741.30,30633
1790145540,741.30,741.40,741.30,741.40,30398
1790145600,741.25,741.70,741.25,741.55,92427
1790145660,741.55,741.65,741.40,741.60,29893
1790145720,741.60,741.85,741.55,741.85,21702
1790145780,741.85,741.85,741.65,741.85,27905
1790145840,741.75,741.85,741.35,741.40,22722
1790145900,741.45,741.50,741.35,741.40,29080
1790145960,741.40,741.55,741.25,741.55,72243
1790146020,741.60,741.70,741.50,741.50,30667
1790146080,741.50,741.75,741.35,741.50,189766
1790146140,741.50,741.85,741.40,741.65,72302
1790146200,741.90,742.10,741.60,741.90,111259
1790146260,741.90,742.00,741.70,741.80,27873
1790146320,741.80,741.90,741.60,741.80,22004
1790146380,741.80,741.80,741.50,741.50,47888
1790146440,741.45,742.00,741.30,741.75,94903
1790146500,741.75,741.75,741.40,741.55,24617
1790146560,741.55,741.60,741.35,741.35,24578
1790146620,741.35,741.60,741.30,741.50,44654
1790146680,741.55,741.60,741.35,741.50,22898
1790146740,741.50,741.60,741.30,741.35,28136
1790146800,741.35,741.60,741.25,741.35,40891
1790146860,741.30,741.35,741.20,741.25,41020
1790146920,741.25,741.30,741.10,741.10,49746
1790146980,741.20,741.30,741.10,741.30,21636
1790147040,741.30,741.40,741.20,741.25,33148
1790147100,741.25,741.55,741.25,741.45,46083
1790147160,741.55,741.60,741.10,741.15,52916
1790147220,741.15,741.20,741.00,741.20,26880
1790147280,741.20,741.25,741.10,741.25,22920
1790147340,741.25,741.25,741.05,741.25,23019
1790147400,741.20,741.35,741.20,741.30,22970
1790147460,741.30,741.30,741.20,741.30,18483
1790147520,741.30,741.30,741.00,741.20,28747
1790147580,741.20,741.20,741.00,741.05,27027
1790147640,741.10,741.15,741.05,741.10,28089
1790147700,741.15,741.15,741.10,741.15,16864
1790147760,741.15,741.15,740.75,740.85,42066
1790147820,740.80,740.85,740.80,740.80,35326
1790147880,740.85,740.85,740.25,740.80,86640
1790147940,740.85,740.95,740.50,740.90,62948
1790148000,740.95,741.20,740.90,741.20,56268
1790148060,741.20,741.20,741.10,741.10,28436
1790148120,741.15,741.15,740.80,741.15,29730
1790148180,741.15,741.15,740.55,740.65,34114
1790148240,740.70,740.70,740.20,740.30,38809
1790148300,740.30,740.50,740.25,740.45,23464
1790148360,740.40,740.50,740.40,740.40,17849
1790148420,740.50,740.60,740.15,740.50,39138
1790148480,740.45,740.90,740.45,740.65,28260
1790148540,740.65,740.70,740.50,740.65,21243
1790148600,740.65,740.95,740.50,740.95,54291
1790148660,740.95,741.20,740.55,740.80,48073
1790148720,740.80,741.10,740.55,741.10,50267
1790148780,741.05,741.20,740.75,741.15,131565
1790148840,741.15,741.20,741.10,741.20,22034
1790148900,741.20,741.20,741.10,741.15,23942
1790148960,741.10,741.20,741.00,741.05,42438
1790149020,741.05,741.35,741.00,741.30,38942
1790149080,741.30,741.50,741.10,741.15,229201
1790149140,741.15,741.15,740.75,740.80,151650
1790149200,740.95,741.35,740.80,741.20,29264
1790149260,741.20,741.30,741.00,741.00,37965
1790149320,741.05,741.25,741.05,741.15,29764
1790149380,741.25,741.25,741.00,741.00,31264
1790149440,741.10,741.20,741.00,741.00,45384
1790149500,741.05,741.15,741.00,741.10,24542
1790149560,741.05,741.15,741.00,741.05,21865
1790149620,741.15,741.15,741.00,741.05,59057
1790149680,741.00,741.10,741.00,741.10,23792
1790149740,741.10,741.15,741.05,741.15,25521
1790149800,741.15,741.20,741.00,741.20,21620
1790149860,741.15,741.20,741.00,741.15,71941
1790149920,741.05,741.65,741.05,741.60,154087
1790149980,741.65,741.65,741.50,741.50,32125
1790150040,741.60,741.60,741.35,741.35,80843
1790150100,741.50,741.50,741.35,741.45,18799
1790150160,741.50,741.50,741.35,741.40,19208
1790150220,741.45,741.50,741.00,741.05,29103
1790150280,741.00,741.10,741.00,741.05,37571
1790150340,741.05,741.10,740.25,740.25,58027
1790150400,740.30,740.30,740.00,740.05,70083
1790150460,740.05,740.10,739.60,739.65,111377
1790150520,739.75,740.05,739.70,739.80,39336
1790150580,739.80,739.85,739.65,739.65,34266
1790150640,739.70,739.75,739.45,739.45,54671
1790150700,739.45,739.85,739.35,739.40,45991
1790150760,739.40,739.55,739.35,739.40,36606
1790150820,739.40,739.65,739.40,739.60,28714
1790150880,739.65,739.80,739.60,739.65,22575
1790150940,739.75,739.80,739.60,739.65,21698
1790151000,739.70,739.75,739.60,739.75,19957
1790151060,739.65,739.75,739.55,739.70,34018
1790151120,739.85,740.00,739.75,739.95,37662
1790151180,739.95,740.00,739.90,739.95,23014
1790151240,740.00,740.05,739.80,740.00,25504
1790151300,739.95,740.05,739.90,740.05,23136
1790151360,739.90,740.05,739.55,739.55,25210
1790151420,739.60,739.70,739.45,739.55,30735
1790151480,739.55,739.65,739.50,739.65,23659
1790151540,739.65,739.90,739.60,739.90,21555
1790151600,739.90,739.90,739.80,739.80,16600
1790151660,739.90,739.90,739.50,739.50,36550
1790151720,739.55,739.60,739.50,739.55,16613
1790151780,739.60,739.70,739.55,739.70,17801
1790151840,739.65,739.75,739.65,739.70,20566
1790151900,739.75,739.85,739.50,739.50,34800
1790151960,739.55,739.60,739.35,739.40,22587
1790152020,739.40,739.40,739.35,739.35,26393
1790152080,739.40,739.40,739.35,739.35,23162
1790152140,739.40,739.45,739.35,739.45,22962
1790152200,739.40,739.55,739.40,739.55,17426
1790152260,739.60,739.60,739.45,739.60,26908
1790152320,739.55,739.70,739.55,739.70,29016
1790152380,739.65,739.95,739.65,739.90,68659
1790152440,739.95,739.95,739.65,739.75,27324
1790152500,739.70,739.95,739.60,739.75,37933
1790152560,739.75,739.85,739.60,739.75,24032
1790152620,739.65,739.85,739.65,739.85,24166
1790152680,739.85,739.85,739.60,739.70,28455
1790152740,739.75,739.85,739.70,739.80,30186
1790152800,739.85,739.90,739.75,739.80,21040
1790152860,739.90,739.90,739.75,739.85,23027
1790152920,739.75,739.85,739.70,739.85,22363
1790152980,739.75,739.95,739.75,739.85,43182
1790153040,739.90,740.25,739.85,740.25,68283
1790153100,740.30,740.50,740.15,740.30,46634
1790153160,740.20,740.40,740.20,740.25,22761
1790153220,740.30,740.35,740.05,740.15,23317
1790153280,740.15,740.20,740.00,740.10,28880
1790153340,740.20,740.20,739.85,740.15,37681
1790153400,740.10,740.20,740.00,740.00,42399
1790153460,740.10,740.30,740.00,740.25,43668
1790153520,740.25,740.55,740.15,740.50,87181
1790153580,740.45,740.65,740.25,740.65,33271
1790153640,740.65,740.75,740.35,740.60,39911
1790153700,740.70,740.95,740.55,740.85,51881
1790153760,740.95,740.95,740.65,740.90,42803
1790153820,740.80,741.30,740.80,741.30,71846
1790153880,741.15,741.20,740.80,741.20,34743
1790153940,741.05,741.25,741.00,741.10,50695
1790154000,741.25,741.30,741.00,741.15,58904
1790154060,741.00,741.20,740.80,740.80,74305
1790154120,740.85,741.00,740.80,740.85,29067
1790154180,740.85,740.90,740.45,740.55,42623
1790154240,740.55,740.60,740.30,740.45,35631
1790154300,740.40,740.45,740.05,740.20,70311
1790154360,740.25,740.25,739.90,740.10,48219
1790154420,740.20,740.40,740.10,740.40,35977
1790154480,740.40,740.45,740.15,740.35,60191
1790154540,740.40,740.50,740.35,740.45,32627
1790154600,740.45,740.50,740.05,740.10,37384
1790154660,740.15,740.25,740.10,740.25,51508
1790154720,740.10,740.35,740.05,740.35,56366
1790154780,740.35,740.35,740.00,740.15,34685
1790154840,740.20,740.20,740.00,740.00,29781
1790154900,740.15,740.35,740.00,740.35,74204
1790154960,740.35,740.35,740.15,740.25,61183
1790155020,740.35,740.35,739.50,739.60,69194
1790155080,739.55,739.95,739.55,739.85,49125
1790155140,739.85,740.15,739.85,740.00,59309
1790155200,740.00,740.10,739.60,739.85,102651
1790155260,739.85,740.10,739.80,740.05,81693
1790155320,740.05,740.50,740.00,740.00,243655
1790155380,740.00,740.15,739.85,740.00,64940
1790155440,739.90,740.00,739.90,739.95,51098
1790155500,739.90,740.00,739.90,740.00,65305
1790155560,740.00,740.00,739.60,739.70,140308
1790155620,739.55,739.95,739.55,739.90,174034
1790155680,739.80,740.00,739.70,739.75,61208
1790155740,739.70,740.00,739.70,739.90,74389
1790155800,739.90,739.95,739.85,739.90,75381
1790155860,739.95,740.00,739.55,739.55,92548
1790155920,739.65,739.65,739.10,739.10,114098
1790155980,739.15,739.15,738.40,738.55,169770
1790156040,738.65,738.65,738.40,738.60,91443
1790156100,738.65,738.95,738.50,738.50,115591
1790156160,738.55,739.20,738.50,739.15,129004
1790156220,739.20,739.25,738.85,739.05,98359
1790156280,739.05,739.15,738.85,739.00,85231
1790156340,738.95,738.95,738.70,738.80,113202
1790156400,738.90,739.00,738.80,738.85,193889
1790156460,738.85,739.15,738.85,739.15,99278
1790156520,739.05,739.25,738.70,738.70,141175
1790156580,738.80,739.00,738.45,738.55,103424
1790156640,738.55,739.00,738.55,738.80,50851
1790156700,738.80,738.80,738.80,738.80,0
1790156760,738.80,738.80,738.80,738.80,0
1790156820,738.80,738.80,738.80,738.80,0
1790156880,738.80,738.80,738.80,738.80,0
1790156940,738.80,738.80,738.80,738.80,0
1790157000,738.80,738.80,738.80,738.80,0
1790157060,738.80,738.80,738.80,738.80,0
1790157120,738.80,738.80,738.80,738.80,0
1790157180,738.80,738.80,738.80,738.80,0
1790157240,738.80,738.80,738.80,738.80,0
1790157300,738.80,738.80,738.80,738.80,0
1790157360,738.80,738.80,738.80,738.80,0
1790157420,738.80,738.80,738.80,738.80,0
1790157480,738.80,738.80,738.80,738.80,0
1790157540,738.80,738.80,737.25,737.25,982766
1790221500,725.00,730.60,722.70,730.00,910167
1790221560,729.85,731.50,729.50,731.35,333156
1790221620,731.30,731.95,730.80,731.55,163390
1790221680,731.50,731.50,729.60,730.70,205071
1790221740,730.50,731.15,729.75,730.15,127315
1790221800,730.00,730.75,729.70,730.45,138572
1790221860,730.45,730.50,730.00,730.30,68544
1790221920,730.35,730.95,730.35,730.90,66512
1790221980,730.90,731.05,730.30,730.50,82753
1790222040,730.45,730.95,730.40,730.40,106311
1790222100,730.50,730.80,729.90,730.75,176433
1790222160,730.45,731.40,730.45,730.70,92007
1790222220,730.75,731.00,730.60,730.70,73659
1790222280,730.70,730.70,730.10,730.20,55466
1790222340,730.10,730.60,729.80,730.40,214928
1790222400,730.30,730.40,729.75,729.75,51208
1790222460,729.80,730.00,729.45,729.60,78469
1790222520,729.60,730.00,729.60,729.80,46564
1790222580,729.70,729.95,729.25,729.90,55717
1790222640,729.90,730.00,729.80,730.00,44598
1790222700,729.90,730.00,729.30,729.30,39125
1790222760,729.35,729.35,728.60,728.90,115369
1790222820,728.90,728.90,728.65,728.65,46458
1790222880,728.60,728.65,728.20,728.20,40301
1790222940,728.05,728.10,728.00,728.00,80955
1790223000,728.05,728.05,727.45,727.85,171564
1790223060,727.75,727.80,726.65,726.80,84077
1790223120,726.80,726.80,726.00,726.45,109011
1790223180,726.45,727.10,726.25,727.10,45775
1790223240,727.00,727.05,726.75,727.00,45371
1790223300,727.00,727.05,726.30,726.60,122802
1790223360,726.75,726.90,726.15,726.15,37881
1790223420,726.15,726.20,726.05,726.10,38618
1790223480,726.10,727.00,726.05,726.75,134260
1790223540,726.85,727.40,726.55,727.30,45749
1790223600,727.35,727.40,726.75,727.15,120095
1790223660,727.00,727.20,726.55,726.65,113031
1790223720,726.65,727.20,726.60,727.00,65550
1790223780,727.15,727.15,726.80,726.95,24831
1790223840,726.95,727.05,726.50,726.50,38784
1790223900,726.55,726.55,726.50,726.55,23056
1790223960,726.50,726.70,726.50,726.70,41219
1790224020,726.75,726.90,726.60,726.90,28418
1790224080,726.85,726.90,726.70,726.85,22797
1790224140,726.85,726.90,726.80,726.85,21591
1790224200,726.85,727.40,726.80,727.15,72360
1790224260,727.45,727.75,727.05,727.15,43800
1790224320,727.10,727.45,727.00,727.45,27460
1790224380,727.40,727.55,727.30,727.50,25079
1790224440,727.50,727.90,727.50,727.70,41560
1790224500,727.60,728.00,727.25,727.75,63801
1790224560,727.75,727.80,727.25,727.50,35426
1790224620,727.60,727.65,727.25,727.55,31130
1790224680,727.65,727.80,727.55,727.75,28227
1790224740,727.80,728.30,727.75,728.30,63870
1790224800,728.35,728.40,728.05,728.05,42605
1790224860,728.10,728.10,727.75,728.00,44266
1790224920,727.95,728.00,727.85,728.00,23363
1790224980,728.00,728.00,727.75,727.80,37999
1790225040,727.75,727.75,727.20,727.55,47069
1790225100,727.55,727.90,727.45,727.65,13269
1790225160,727.65,727.85,727.65,727.80,22155
1790225220,727.80,727.80,727.50,727.65,34084
1790225280,727.75,727.90,727.65,727.85,37192
1790225340,727.90,728.35,727.85,728.30,49913
1790225400,728.30,728.50,728.00,728.45,88626
1790225460,728.45,728.50,727.80,727.90,61445
1790225520,727.90,727.95,727.60,727.65,41604
1790225580,727.60,727.65,727.20,727.30,38972
1790225640,727.30,727.35,726.70,726.70,60000
1790225700,726.70,726.75,726.15,726.20,47043
1790225760,726.20,726.20,726.05,726.15,57702
1790225820,726.20,726.50,726.15,726.35,38542
1790225880,726.35,726.50,726.15,726.30,32416
1790225940,726.35,726.50,726.25,726.50,20675
1790226000,726.50,726.95,726.50,726.95,20625
1790226060,726.95,727.20,726.85,727.15,62257
1790226120,727.20,727.65,727.15,727.55,26754
1790226180,727.35,727.65,727.35,727.65,34361
1790226240,727.65,727.95,727.50,727.95,37927
1790226300,727.75,727.90,727.00,727.15,44430
1790226360,727.05,727.10,726.80,726.95,38485
1790226420,726.95,727.15,726.90,727.15,39506
1790226480,727.40,727.90,727.40,727.55,50303
1790226540,727.50,727.65,727.00,727.40,68908
1790226600,727.40,727.65,727.25,727.35,43717
1790226660,727.35,727.70,727.05,727.35,215242
1790226720,727.65,728.00,727.20,727.95,151427
1790226780,727.75,728.00,727.05,727.20,40231
1790226840,727.15,727.25,727.10,727.20,32513
1790226900,727.25,727.55,727.20,727.25,32386
1790226960,727.25,727.45,727.25,727.30,18966
1790227020,727.35,727.45,727.20,727.45,36133
1790227080,727.40,727.50,727.30,727.30,43847
1790227140,727.30,727.85,727.30,727.70,33443
1790227200,727.75,727.90,727.65,727.85,34475
1790227260,727.90,728.30,727.85,728.00,143437
1790227320,728.00,728.00,727.85,728.00,114571
1790227380,728.00,728.30,727.95,728.10,89240
1790227440,728.10,728.45,728.00,728.20,92939
1790227500,728.20,729.35,728.15,729.15,273724
1790227560,729.00,729.40,728.60,729.05,127255
1790227620,729.15,729.40,729.00,729.20,40648
1790227680,729.25,729.70,729.00,729.50,129546
1790227740,729.50,729.70,729.35,729.60,37619
1790227800,729.60,729.60,729.10,729.30,48315
1790227860,729.30,730.00,729.25,729.75,83275
1790227920,729.75,729.85,729.60,729.80,41160
1790227980,729.80,729.85,729.40,729.60,57831
1790228040,729.60,730.45,729.60,730.20,521755
1790228100,730.20,730.30,730.00,730.10,84843
1790228160,730.10,730.80,729.90,730.25,81878
1790228220,730.30,731.10,730.25,731.10,84314
1790228280,731.10,731.10,730.40,730.40,27385
1790228340,730.60,730.60,730.25,730.50,42086
1790228400,730.50,730.90,730.30,730.75,35797
1790228460,730.90,731.40,730.75,731.35,46014
1790228520,731.25,731.35,731.00,731.20,79690
1790228580,731.20,731.20,730.45,730.70,43921
1790228640,730.80,732.50,730.80,732.40,474838
1790228700,732.40,733.15,732.05,733.10,227983
1790228760,733.25,733.25,732.90,733.20,70736
1790228820,733.20,734.00,733.10,733.30,258827
1790228880,733.45,734.20,733.25,734.10,111409
1790228940,734.10,734.40,734.00,734.40,105416
1790229000,734.45,734.85,733.65,733.80,215610
1790229060,733.60,733.75,733.15,733.70,35606
1790229120,733.70,733.85,733.15,733.60,197616
1790229180,733.60,734.10,733.55,734.05,205244
1790229240,734.10,734.10,732.65,732.65,81790
1790229300,732.65,733.10,732.05,732.50,204554
1790229360,732.45,733.10,732.40,733.05,61386
1790229420,733.05,733.55,733.00,733.45,74031
1790229480,733.50,734.20,733.35,734.00,192836
1790229540,733.95,734.00,733.65,733.80,60456
1790229600,733.80,733.90,733.50,733.55,40101
1790229660,733.50,733.55,732.60,732.80,73165
1790229720,732.70,732.80,731.25,731.25,93702
1790229780,731.25,732.65,730.90,732.45,162403
1790229840,732.45,732.85,732.00,732.05,53500
1790229900,732.00,732.65,732.00,732.65,39557
1790229960,732.65,733.40,732.55,733.30,30502
1790230020,733.30,733.40,732.45,732.45,134677
1790230080,732.50,733.05,732.35,732.40,65779
1790230140,732.40,732.80,732.25,732.80,39381
1790230200,732.65,733.00,732.50,732.75,69636
1790230260,732.80,733.25,732.75,732.75,26706
1790230320,732.75,733.10,732.40,732.70,53977
1790230380,732.70,733.10,732.60,733.00,42792
1790230440,732.95,733.00,732.25,732.30,58869
1790230500,732.35,732.75,732.30,732.65,37125
1790230560,732.65,733.05,732.60,732.90,109365
1790230620,732.80,732.90,732.35,732.55,35093
1790230680,732.55,732.65,732.10,732.20,37446
1790230740,732.20,732.55,732.05,732.10,33565
1790230800,732.05,732.80,732.05,732.50,135855
1790230860,732.60,732.65,732.05,732.30,206854
1790230920,732.30,732.55,731.40,731.55,244061
1790230980,731.50,732.10,731.25,731.95,68527
1790231040,731.70,731.95,731.50,731.65,162242
1790231100,731.55,731.60,731.05,731.05,51574
1790231160,731.10,731.10,730.75,731.00,53613
1790231220,730.90,731.20,730.85,731.10,97536
1790231280,731.10,731.60,731.10,731.45,33067
1790231340,731.45,731.65,731.45,731.65,16551
1790231400,731.65,731.70,731.45,731.45,16730
1790231460,731.50,731.90,731.30,731.85,40202
1790231520,731.75,732.40,731.70,732.05,33429
1790231580,732.10,732.10,731.70,731.70,47038
1790231640,731.70,731.85,731.35,731.40,32254
1790231700,731.45,731.60,731.35,731.45,23115
1790231760,731.45,731.90,731.40,731.90,73384
1790231820,731.85,732.00,731.75,731.85,24451
1790231880,731.80,731.85,731.20,731.40,33446
1790231940,731.45,731.90,731.35,731.55,39352
1790232000,731.60,731.60,731.20,731.30,19173
1790232060,731.30,731.35,731.15,731.15,16296
1790232120,731.20,731.45,731.00,731.00,40090
1790232180,731.05,731.05,730.70,730.80,21701
1790232240,730.80,730.80,730.20,730.40,47564
1790232300,730.25,730.80,730.25,730.80,53823
1790232360,730.80,731.10,730.55,730.70,29498
1790232420,730.65,730.80,730.60,730.75,18746
1790232480,730.75,730.75,730.35,730.50,29554
1790232540,730.50,730.55,730.35,730.50,81627
1790232600,730.45,731.05,730.45,730.80,35256
1790232660,730.80,730.85,730.75,730.80,17082
1790232720,730.75,730.80,730.75,730.80,20104
1790232780,730.80,730.80,730.15,730.30,57591
1790232840,730.30,731.05,730.20,731.00,86646
1790232900,730.85,731.05,730.65,730.85,153543
1790232960,730.60,730.80,730.05,730.15,83975
1790233020,730.15,730.35,729.85,730.25,63372
1790233080,730.30,730.50,730.05,730.25,117702
1790233140,730.20,730.50,730.15,730.25,39078
1790233200,730.30,730.35,730.00,730.25,30080
1790233260,730.25,730.45,730.00,730.05,15291
1790233320,730.05,730.05,729.50,729.80,68135
1790233380,729.85,730.10,729.65,730.10,83545
1790233440,730.00,730.30,729.85,729.95,43238
1790233500,730.00,730.10,729.35,730.05,38161
1790233560,730.05,731.30,730.05,731.10,141944
1790233620,731.15,731.75,731.05,731.60,46185
1790233680,731.60,732.30,731.60,731.80,66540
1790233740,731.75,731.80,731.00,731.05,53160
1790233800,731.05,731.05,730.35,730.35,32969
1790233860,730.50,731.25,730.25,731.10,40470
1790233920,731.05,731.25,730.90,730.95,16282
1790233980,730.90,731.00,730.75,730.75,13450
1790234040,730.95,730.95,730.55,730.65,29252
1790234100,730.65,730.75,730.20,730.40,29605
1790234160,730.35,730.85,730.35,730.65,22854
1790234220,730.65,730.65,730.35,730.40,30326
1790234280,730.35,730.40,729.80,729.95,29541
1790234340,729.90,730.10,729.65,729.90,24916
1790234400,729.75,730.40,729.75,730.10,54607
1790234460,730.10,730.20,729.80,729.80,34382
1790234520,729.85,730.00,729.80,729.95,30602
1790234580,730.00,730.00,729.75,729.85,18823
1790234640,729.75,729.85,729.60,729.65,18680
1790234700,729.60,729.95,729.60,729.95,44472
1790234760,729.90,730.00,729.85,729.95,16814
1790234820,729.90,729.95,729.80,729.85,14069
1790234880,729.85,729.85,729.70,729.80,16281
1790234940,729.80,729.80,729.70,729.80,24578
1790235000,729.80,730.25,729.70,730.20,47071
1790235060,730.30,730.80,730.20,730.70,27436
1790235120,730.60,730.75,730.40,730.60,29512
1790235180,730.65,730.70,730.55,730.60,18291
1790235240,730.55,730.70,730.45,730.55,58943
1790235300,730.55,731.05,730.55,730.95,45679
1790235360,730.95,730.95,730.15,730.45,59889
1790235420,730.45,730.80,730.25,730.80,48702
1790235480,730.80,731.00,730.75,730.80,20344
1790235540,730.85,730.85,730.60,730.75,19887
1790235600,730.70,731.05,730.55,731.05,37875
1790235660,731.00,731.10,730.90,730.95,14552
1790235720,731.00,731.50,730.90,731.20,27089
1790235780,731.45,731.50,731.25,731.50,30538
1790235840,731.50,731.75,731.35,731.40,31805
1790235900,731.35,732.05,731.30,732.05,80978
1790235960,731.75,732.05,731.50,731.50,195148
1790236020,731.45,731.50,731.00,731.30,47681
1790236080,731.30,731.30,731.20,731.20,22164
1790236140,731.25,731.25,731.15,731.20,13971
1790236200,731.25,731.25,731.05,731.20,27587
1790236260,731.25,731.25,730.85,730.90,141134
1790236320,730.90,731.05,730.55,731.00,232310
1790236380,731.00,731.00,730.35,730.40,157683
1790236440,730.35,730.50,730.25,730.50,115774
1790236500,730.45,730.50,730.30,730.40,32532
1790236560,730.30,730.30,729.45,729.50,205224
1790236620,729.40,730.20,729.35,730.05,59296
1790236680,730.00,730.20,729.80,729.90,42930
1790236740,729.85,730.25,729.85,730.00,118054
1790236800,730.05,730.05,730.00,730.05,48783
1790236860,730.00,730.80,730.00,730.80,53518
1790236920,730.75,730.95,730.40,730.70,219119
1790236980,730.70,731.00,730.35,730.45,180683
1790237040,730.45,730.90,730.25,730.45,64477
1790237100,730.50,730.60,730.35,730.55,59299
1790237160,730.50,731.15,730.45,731.00,114059
1790237220,731.05,731.15,731.00,731.00,171075
1790237280,731.05,731.10,730.50,730.75,188510
1790237340,730.65,730.70,730.15,730.15,49039
1790237400,730.20,730.45,730.10,730.15,85843
1790237460,730.20,730.65,730.20,730.50,99998
1790237520,730.50,730.80,730.50,730.65,25677
1790237580,730.65,730.70,729.85,729.85,232805
1790237640,730.00,730.00,729.00,729.30,193052
1790237700,729.35,729.90,728.50,728.50,94379
1790237760,728.50,728.90,727.75,727.90,207298
1790237820,727.90,728.70,727.90,728.60,111783
1790237880,728.55,728.55,728.10,728.25,144784
1790237940,728.20,728.80,728.15,728.75,56471
1790238000,728.75,728.90,728.55,728.75,59997
1790238060,728.75,728.75,728.00,728.10,52449
1790238120,728.00,728.10,727.70,727.90,54890
1790238180,727.90,727.90,727.50,727.50,39615
1790238240,727.55,727.60,727.40,727.60,105693
1790238300,727.60,728.00,727.60,727.95,41095
1790238360,728.00,728.00,727.60,727.90,29999
1790238420,727.90,728.00,727.15,727.25,243648
1790238480,727.25,727.45,726.80,726.80,118323
1790238540,727.00,727.65,726.70,727.30,68584
1790238600,727.15,728.05,727.10,728.05,65149
1790238660,728.05,728.50,727.95,728.35,78077
1790238720,728.45,728.90,728.35,728.80,57813
1790238780,728.80,729.45,728.70,728.80,118392
1790238840,728.80,728.95,727.80,728.20,127293
1790238900,728.20,728.85,728.10,728.35,72290
1790238960,728.35,728.40,727.70,727.85,57618
1790239020,727.85,728.30,727.70,727.75,37311
1790239080,727.75,728.55,727.50,728.20,147226
1790239140,728.20,728.35,727.85,728.00,26327
1790239200,728.00,728.30,728.00,728.05,57890
1790239260,728.00,728.25,728.00,728.25,34007
1790239320,728.10,728.70,728.10,728.60,33835
1790239380,728.55,728.60,728.00,728.05,20132
1790239440,728.00,728.75,728.00,728.50,26120
1790239500,728.45,729.00,728.40,728.90,70372
1790239560,728.95,729.20,728.80,729.20,25595
1790239620,729.20,729.35,728.90,729.00,36276
1790239680,729.00,729.40,728.95,729.40,53124
1790239740,729.25,729.30,728.70,728.80,46251
1790239800,728.90,729.45,728.90,729.05,74292
1790239860,728.95,729.55,728.70,729.55,86810
1790239920,729.50,729.70,729.05,729.20,37582
1790239980,729.25,729.25,728.20,728.25,88025
1790240040,728.25,728.45,727.90,728.35,89318
1790240100,728.65,729.55,728.50,729.55,86017
1790240160,729.55,729.60,729.15,729.55,68322
1790240220,729.50,729.65,729.40,729.65,35954
1790240280,729.60,729.95,729.60,729.75,38113
1790240340,729.75,729.95,729.65,729.90,33880
1790240400,729.90,729.90,729.60,729.80,32366
1790240460,729.80,730.50,729.40,730.40,89906
1790240520,730.35,730.50,730.25,730.25,23359
1790240580,730.25,730.40,729.90,730.00,42778
1790240640,730.05,731.00,730.00,730.90,83927
1790240700,731.00,731.75,730.95,731.75,77032
1790240760,731.75,731.90,731.55,731.65,99606
1790240820,731.65,732.20,731.60,731.70,120853
1790240880,731.60,732.00,731.60,731.80,47386
1790240940,731.85,732.10,731.10,731.85,127839
1790241000,732.00,732.20,731.55,731.55,115709
1790241060,731.50,731.90,731.00,731.25,76490
1790241120,731.05,731.25,730.45,730.70,49959
1790241180,730.75,731.50,730.60,731.20,45604
1790241240,731.20,731.40,731.00,731.20,27887
1790241300,731.15,731.40,730.90,731.30,35158
1790241360,731.30,731.55,731.15,731.35,54139
1790241420,731.20,731.20,730.95,731.15,25627
1790241480,731.05,731.70,730.90,731.40,119614
1790241540,731.40,731.55,730.95,731.25,46348
1790241600,731.25,731.70,731.15,731.50,70863
1790241660,731.40,731.60,731.05,731.60,49279
1790241720,731.60,732.20,731.35,732.00,149408
1790241780,732.00,732.10,731.55,731.90,119420
1790241840,731.90,732.65,731.80,732.45,201516
1790241900,732.30,732.50,732.00,732.05,48596
1790241960,732.05,732.15,731.70,731.75,59111
1790242020,731.75,731.75,731.20,731.65,58407
1790242080,731.55,731.55,731.05,731.10,51152
1790242140,731.20,731.20,730.65,730.85,69464
1790242200,730.90,731.45,730.65,731.25,89555
1790242260,731.15,731.50,731.00,731.10,102715
1790242320,731.10,731.85,731.00,731.80,104564
1790242380,731.70,731.80,731.35,731.55,66945
1790242440,731.50,731.80,731.45,731.75,66381
1790242500,731.75,731.95,730.90,731.25,117750
1790242560,731.20,731.25,730.10,730.95,163174
1790242620,731.00,731.00,730.00,730.15,77226
1790242680,730.15,730.30,729.90,730.10,125078
1790242740,730.05,730.45,729.95,730.30,104192
1790242800,730.30,730.45,730.00,730.05,89214
1790242860,730.00,730.20,730.00,730.05,71753
1790242920,730.05,730.05,728.40,729.20,176179
1790242980,729.15,731.15,729.15,729.95,318160
1790243040,729.95,729.95,729.00,729.80,98836
1790243100,729.80,729.80,729.80,729.80,0
1790243160,729.80,729.80,729.80,729.80,0
1790243220,729.80,729.80,729.80,729.80,0
1790243280,729.80,729.80,729.80,729.80,0
1790243340,729.80,729.80,729.80,729.80,0
1790243400,729.80,729.80,729.80,729.80,0
1790243460,729.80,729.80,729.80,729.80,0
1790243520,729.80,729.80,729.80,729.80,0
1790243580,729.80,729.80,729.80,729.80,0
1790243640,729.80,729.80,729.80,729.80,0
1790243700,729.80,729.80,729.80,729.80,0
1790243760,729.80,729.80,729.80,729.80,0
1790243820,729.80,729.80,729.80,729.80,0
1790243880,728.90,728.90,728.90,728.90,667435
1790243940,728.90,728.90,728.90,728.90,0
1790307900,723.00,730.00,723.00,729.40,455003
1790307960,729.55,730.70,729.25,729.95,265243
1790308020,730.00,730.95,729.90,730.50,99248
1790308080,730.30,730.60,730.05,730.30,65973
1790308140,730.25,730.45,730.20,730.25,56514
1790308200,729.85,730.00,729.60,729.85,95625
1790308260,729.90,729.90,729.20,729.35,77965
1790308320,729.20,730.25,729.05,730.25,87950
1790308380,730.15,730.55,729.50,729.75,79320
1790308440,729.95,730.35,729.75,730.00,53378
1790308500,730.05,730.10,729.65,729.80,29507
1790308560,729.80,730.10,729.70,730.10,45297
1790308620,730.55,730.55,730.15,730.35,44419
1790308680,730.35,730.50,730.25,730.25,27810
1790308740,730.30,730.55,730.20,730.50,44891
1790308800,730.50,731.00,730.10,730.65,110694
1790308860,730.60,730.60,729.35,729.40,97809
1790308920,729.40,729.90,729.35,729.90,45223
1790308980,729.75,730.00,729.10,729.40,50534
1790309040,729.20,729.70,729.20,729.40,19666
1790309100,729.45,729.60,729.30,729.30,24432
1790309160,729.35,729.50,729.00,729.00,41482
1790309220,728.75,729.35,728.75,728.90,92867
1790309280,728.90,729.20,728.50,728.55,55959
1790309340,728.55,728.80,728.40,728.50,36368
1790309400,728.50,728.65,728.25,728.40,58688
1790309460,728.20,728.40,727.35,727.60,89947
1790309520,727.65,727.65,727.10,727.35,62065
1790309580,727.35,727.70,727.10,727.40,57832
1790309640,727.15,728.00,727.15,727.90,58284
1790309700,727.95,728.05,727.50,727.50,62771
1790309760,727.55,728.10,727.50,728.05,185712
1790309820,728.05,728.75,727.90,728.75,33335
1790309880,728.75,729.10,728.20,728.50,48504
1790309940,728.55,728.75,728.15,728.20,46471
1790310000,728.15,728.70,728.15,728.35,30414
1790310060,728.15,728.50,728.05,728.35,39610
1790310120,728.45,728.60,727.65,727.90,88338
1790310180,727.90,728.60,727.70,728.60,95915
1790310240,728.50,729.25,728.35,729.15,75833
1790310300,729.15,729.45,729.00,729.00,30232
1790310360,729.10,729.25,728.75,728.75,36573
1790310420,728.55,728.95,728.05,728.55,83710
1790310480,728.50,728.95,728.40,728.80,27624
1790310540,728.75,729.30,728.50,729.00,39916
1790310600,729.00,729.40,728.65,729.30,35007
1790310660,729.15,729.30,728.65,729.00,39439
1790310720,728.95,729.35,728.75,729.35,31051
1790310780,729.30,729.55,728.95,729.10,44154
1790310840,729.00,729.80,729.00,729.60,34717
1790310900,729.35,730.00,729.35,730.00,52464
1790310960,730.00,730.25,729.75,729.85,62429
1790311020,730.00,730.50,729.65,730.15,55085
1790311080,730.30,730.90,730.15,730.65,49647
1790311140,730.90,731.35,730.50,731.05,70159
1790311200,731.20,731.95,731.05,731.60,48759
1790311260,731.60,731.70,731.25,731.35,28531
1790311320,731.45,731.80,731.20,731.55,33749
1790311380,731.65,731.85,731.15,731.15,48676
1790311440,731.30,731.50,731.05,731.05,32124
1790311500,731.35,731.65,731.05,731.40,25009
1790311560,731.50,731.90,731.15,731.70,35577
1790311620,731.65,732.00,731.50,732.00,39198
1790311680,731.85,732.00,731.50,731.65,35343
1790311740,731.65,731.75,731.40,731.65,24347
1790311800,731.55,732.20,731.40,732.10,119444
1790311860,732.05,733.20,732.00,733.15,111819
1790311920,733.10,733.15,732.55,732.60,32918
1790311980,732.60,732.70,732.05,732.20,36977
1790312040,732.30,732.50,732.15,732.15,28576
1790312100,732.20,732.55,732.15,732.50,20763
1790312160,732.30,732.55,732.10,732.10,19445
1790312220,732.35,732.35,731.80,731.85,32383
1790312280,731.85,731.95,731.20,731.45,34261
1790312340,731.45,731.55,731.15,731.50,22572
1790312400,731.35,731.75,731.25,731.70,21716
1790312460,731.60,731.70,731.30,731.60,17146
1790312520,731.50,731.50,731.00,731.15,31876
1790312580,731.20,731.35,731.00,731.10,25427
1790312640,731.20,731.40,730.80,730.80,53021
1790312700,731.00,731.00,730.65,731.00,21137
1790312760,730.85,731.00,730.65,730.85,20415
1790312820,730.75,731.30,730.65,731.15,28462
1790312880,731.20,731.40,731.00,731.05,16817
1790312940,731.15,731.50,731.05,731.40,18666
1790313000,731.45,731.45,731.05,731.05,20831
1790313060,731.20,731.50,731.05,731.40,20826
1790313120,731.35,731.80,731.30,731.70,22740
1790313180,731.55,731.55,731.05,731.40,37681
1790313240,731.25,731.50,731.20,731.30,16426
1790313300,731.40,731.50,731.10,731.45,22694
1790313360,731.40,731.40,731.00,731.25,32979
1790313420,731.15,731.25,730.85,731.10,19440
1790313480,730.75,731.00,730.40,731.00,49010
1790313540,730.90,731.25,730.80,731.00,16812
1790313600,731.05,731.20,730.85,731.10,16607
1790313660,731.10,731.50,731.05,731.15,18870
1790313720,731.20,731.50,731.15,731.30,20139
1790313780,731.35,731.35,730.80,730.90,19750
1790313840,730.95,731.10,730.75,730.95,21592
1790313900,730.95,731.00,730.80,730.90,23007
1790313960,730.90,731.00,730.80,730.90,21565
1790314020,730.85,731.00,730.45,730.70,29391
1790314080,730.65,730.95,730.55,730.85,22763
1790314140,730.80,730.95,730.60,730.85,15805
1790314200,730.80,730.90,730.50,730.90,28358
1790314260,730.85,731.25,730.85,730.95,33845
1790314320,730.95,731.50,730.85,731.45,28933
1790314380,731.40,731.55,731.30,731.40,18945
1790314440,731.35,731.40,731.15,731.15,47280
1790314500,731.40,731.75,731.30,731.75,27413
1790314560,731.70,731.80,731.50,731.70,20876
1790314620,731.75,731.85,731.50,731.55,25791
1790314680,731.60,731.80,731.45,731.55,27808
1790314740,731.50,731.80,731.45,731.75,21278
1790314800,731.75,732.35,731.55,732.35,103946
1790314860,732.30,732.50,732.25,732.45,28631
1790314920,732.45,732.75,732.40,732.70,29340
1790314980,732.65,732.70,732.20,732.40,44096
1790315040,732.35,732.75,732.25,732.75,29467
1790315100,732.80,732.80,732.40,732.65,36096
1790315160,732.80,733.15,732.60,733.10,67830
1790315220,733.10,733.90,733.10,733.80,49909
1790315280,733.75,734.00,733.35,734.00,37841
1790315340,734.00,734.20,733.70,734.00,48695
1790315400,733.90,734.15,733.60,733.60,39126
1790315460,733.70,734.50,733.60,734.20,56471
1790315520,734.10,734.25,733.80,734.05,31257
1790315580,733.95,734.15,733.75,734.10,24467
1790315640,734.00,734.15,733.20,733.60,42951
1790315700,733.60,733.70,733.05,733.40,33142
1790315760,733.30,733.55,733.15,733.50,18114
1790315820,733.40,733.70,733.25,733.60,22049
1790315880,733.65,733.75,733.20,733.35,21754
1790315940,733.45,733.70,733.30,733.45,22005
1790316000,733.60,733.60,733.25,733.45,19144
1790316060,733.35,734.10,733.30,733.60,39836
1790316120,733.75,733.90,733.45,733.60,18673
1790316180,733.60,734.15,733.45,733.95,41269
1790316240,733.95,734.20,733.60,734.00,29696
1790316300,734.00,734.25,733.85,733.85,15363
1790316360,734.15,734.40,733.95,734.25,24273
1790316420,734.25,734.40,733.90,734.00,29772
1790316480,734.00,734.35,733.80,733.95,82612
1790316540,734.25,734.40,733.95,734.25,55779
1790316600,734.30,734.50,734.15,734.25,24284
1790316660,734.25,734.35,733.60,733.60,29505
1790316720,733.70,734.10,733.60,734.00,22936
1790316780,734.10,734.15,733.75,734.10,29236
1790316840,734.05,734.25,733.90,734.05,22426
1790316900,734.10,734.25,733.90,734.20,47681
1790316960,734.10,734.75,733.95,734.70,69000
1790317020,734.70,734.80,734.40,734.55,86997
1790317080,734.55,734.60,734.10,734.25,43076
1790317140,734.35,734.50,733.80,734.25,59345
1790317200,734.15,734.50,734.00,734.30,35380
1790317260,734.20,734.40,734.00,734.25,42890
1790317320,734.35,734.55,734.25,734.50,31995
1790317380,734.45,734.65,734.35,734.60,49576
1790317440,734.55,734.80,734.35,734.70,58731
1790317500,734.65,734.90,734.05,734.35,131155
1790317560,734.40,734.75,734.15,734.60,60538
1790317620,734.50,734.75,734.35,734.75,33747
1790317680,734.60,734.80,734.40,734.80,53281
1790317740,734.60,734.85,734.35,734.60,38359
1790317800,734.50,734.70,734.35,734.45,41890
1790317860,734.55,734.75,734.45,734.45,35392
1790317920,734.55,734.70,734.40,734.65,33500
1790317980,734.55,734.55,734.10,734.30,40444
1790318040,734.25,734.25,733.60,733.95,40524
1790318100,733.95,734.15,733.80,734.05,25211
1790318160,733.95,734.20,733.85,734.00,28731
1790318220,734.00,734.10,733.60,733.65,33553
1790318280,733.50,734.30,733.50,734.30,41270
1790318340,734.35,734.75,734.15,734.70,40011
1790318400,734.60,734.80,733.95,734.60,80651
1790318460,734.70,735.55,734.60,735.35,139517
1790318520,735.45,735.70,735.30,735.70,40014
1790318580,735.65,735.70,735.35,735.45,42640
1790318640,735.50,735.60,735.05,735.35,33996
1790318700,735.25,735.50,735.00,735.35,35744
1790318760,735.30,735.70,735.20,735.60,37115
1790318820,735.30,735.60,735.00,735.25,32050
1790318880,735.25,735.40,735.00,735.40,24260
1790318940,735.35,735.55,735.15,735.35,26864
1790319000,735.25,735.40,735.00,735.05,38039
1790319060,735.15,735.25,735.00,735.15,33519
1790319120,735.15,735.15,734.70,734.85,49966
1790319180,734.85,735.00,734.60,735.00,28519
1790319240,734.95,735.00,734.30,734.85,52240
1790319300,734.80,734.85,734.50,734.55,34371
1790319360,734.70,735.00,734.55,734.75,42504
1790319420,734.80,735.10,734.70,734.90,35622
1790319480,734.80,735.10,734.65,734.75,39265
1790319540,734.75,735.00,734.55,734.60,40468
1790319600,734.90,735.00,734.60,735.00,47679
1790319660,734.90,735.10,734.75,735.00,31887
1790319720,735.00,735.10,734.85,735.00,27884
1790319780,735.00,735.10,734.65,734.80,32463
1790319840,734.90,735.25,734.75,735.15,24157
1790319900,735.15,735.30,734.60,734.95,48022
1790319960,734.90,735.00,734.05,734.30,104904
1790320020,734.20,734.85,734.15,734.55,49766
1790320080,734.65,734.80,734.05,734.70,43306
1790320140,734.75,734.95,734.55,734.65,32086
1790320200,734.80,734.90,734.55,734.90,36890
1790320260,734.75,734.95,734.60,734.90,31306
1790320320,734.75,734.90,733.90,733.95,72790
1790320380,734.00,734.05,733.65,734.00,40657
1790320440,734.00,734.00,733.75,734.00,36108
1790320500,733.95,734.00,733.60,734.00,29917
1790320560,734.00,734.00,733.70,733.95,23134
1790320620,733.95,734.00,733.50,733.90,59973
1790320680,733.80,733.95,733.50,733.75,38482
1790320740,733.75,734.00,733.60,733.80,29798
1790320800,733.75,733.95,733.40,733.45,121956
1790320860,733.50,733.50,733.20,733.50,44370
1790320920,733.45,733.50,733.20,733.50,29296
1790320980,733.45,733.50,733.10,733.45,33497
1790321040,733.50,733.50,733.15,733.50,32781
1790321100,733.45,733.60,733.20,733.50,33869
1790321160,733.25,733.60,732.60,732.85,69422
1790321220,732.85,733.20,732.50,732.85,81754
1790321280,732.80,733.35,732.80,733.20,35063
1790321340,733.20,733.50,732.95,733.30,33889
1790321400,733.00,733.40,732.95,733.30,30319
1790321460,733.25,733.60,733.10,733.60,35550
1790321520,733.50,733.60,732.90,733.20,26857
1790321580,733.20,733.60,733.10,733.15,57101
1790321640,733.35,733.60,733.10,733.35,33721
1790321700,733.35,733.45,733.00,733.35,29705
1790321760,733.30,733.60,733.20,733.35,32953
1790321820,733.45,733.60,733.10,733.35,36853
1790321880,733.25,733.75,733.15,733.75,38882
1790321940,733.70,734.70,733.55,734.70,46411
1790322000,734.65,734.90,734.30,734.90,32762
1790322060,734.90,735.30,734.80,734.95,97817
1790322120,734.95,735.05,734.50,734.80,31832
1790322180,734.70,734.90,734.50,734.90,36362
1790322240,734.90,734.90,734.30,734.70,42205
1790322300,734.65,734.80,734.30,734.70,28409
1790322360,734.50,734.80,734.40,734.80,24578
1790322420,734.80,734.80,734.35,734.60,30521
1790322480,734.55,734.70,734.35,734.70,25731
1790322540,734.60,734.70,734.45,734.60,27668
1790322600,734.55,734.80,734.50,734.70,30079
1790322660,734.70,734.80,734.45,734.45,27987
1790322720,734.50,734.80,734.40,734.65,29218
1790322780,734.60,735.00,734.40,734.80,108245
1790322840,734.65,734.80,734.05,734.25,38091
1790322900,734.50,734.60,734.15,734.45,50221
1790322960,734.35,734.65,734.20,734.50,44014
1790323020,734.40,734.55,734.20,734.45,30901
1790323080,734.40,734.55,734.15,734.45,104579
1790323140,734.45,734.60,734.15,734.45,29532
1790323200,734.25,734.50,734.15,734.30,28587
1790323260,734.30,734.45,734.00,734.30,27448
1790323320,734.30,734.40,734.00,734.30,26685
1790323380,734.25,734.60,733.85,734.00,126704
1790323440,733.95,733.95,733.35,733.75,50492
1790323500,733.45,733.75,733.30,733.60,35608
1790323560,733.65,733.75,733.35,733.75,37712
1790323620,733.60,733.95,733.00,733.90,82429
1790323680,733.80,733.90,733.35,733.65,36378
1790323740,733.65,734.00,733.35,733.60,86106
1790323800,733.55,734.15,733.40,734.15,62445
1790323860,734.10,734.25,733.70,734.00,68555
1790323920,733.95,734.00,733.80,733.95,43222
1790323980,733.95,734.25,733.60,733.85,39023
1790324040,733.80,734.10,733.60,733.80,22453
1790324100,733.70,734.20,733.50,734.15,19748
1790324160,734.10,734.50,734.00,734.50,21105
1790324220,734.50,734.65,734.00,734.25,33279
1790324280,734.20,734.40,734.00,734.20,21686
1790324340,734.20,734.35,734.00,734.10,23037
1790324400,734.05,734.25,734.00,734.05,51117
1790324460,734.00,734.20,734.00,734.15,32013
1790324520,734.10,734.35,734.00,734.20,33447
1790324580,734.30,734.35,734.00,734.20,17712
1790324640,734.20,734.30,734.00,734.25,46553
1790324700,734.05,734.20,734.00,734.15,27611
1790324760,734.15,734.70,734.10,734.50,23288
1790324820,734.50,734.60,734.15,734.40,38537
1790324880,734.30,734.55,734.05,734.45,26288
1790324940,734.50,734.70,734.40,734.65,19704
1790325000,734.65,735.20,734.60,735.15,61614
1790325060,735.30,735.70,735.10,735.70,55796
1790325120,735.65,736.35,735.55,736.00,329398
1790325180,736.05,737.65,735.80,737.65,145743
1790325240,737.60,738.25,737.25,737.95,113074
1790325300,738.00,738.40,737.15,737.40,79113
1790325360,737.45,737.80,737.15,737.50,55381
1790325420,737.50,737.70,737.15,737.15,32750
1790325480,737.50,737.75,736.65,737.00,327328
1790325540,737.00,737.00,736.05,736.40,30502
1790325600,736.50,737.20,736.30,737.05,72134
1790325660,737.15,737.50,737.00,737.45,42740
1790325720,737.50,737.65,737.25,737.25,25755
1790325780,737.25,737.45,737.05,737.25,25484
1790325840,737.25,737.30,737.00,737.10,43825
1790325900,737.10,737.40,736.95,737.00,50407
1790325960,737.20,737.40,737.00,737.35,22730
1790326020,737.30,737.35,737.00,737.15,25683
1790326080,737.15,737.50,737.05,737.35,25161
1790326140,737.40,737.40,737.00,737.30,25008
1790326200,737.15,737.60,737.00,737.20,50868
1790326260,737.25,738.20,737.00,738.20,285177
1790326320,738.15,738.60,738.00,738.25,58222
1790326380,738.35,738.35,737.80,738.05,41307
1790326440,738.05,738.20,737.95,738.10,43163
1790326500,738.10,738.50,738.00,738.30,86649
1790326560,738.35,738.65,738.00,738.25,96853
1790326620,738.30,738.75,738.15,738.50,70335
1790326680,738.65,738.65,738.25,738.60,59375
1790326740,738.55,738.55,738.25,738.50,33225
1790326800,738.50,739.40,738.30,739.40,475027
1790326860,739.45,739.65,738.55,738.80,68717
1790326920,738.80,739.00,738.10,738.25,41011
1790326980,738.25,738.60,738.05,738.35,61603
1790327040,738.45,739.05,738.35,738.75,272094
1790327100,738.85,739.05,738.00,738.10,120069
1790327160,738.00,738.35,738.00,738.30,28003
1790327220,738.25,738.35,738.10,738.30,23048
1790327280,738.35,738.35,738.05,738.20,34610
1790327340,738.10,738.20,738.00,738.20,45905
1790327400,738.20,738.20,738.00,738.05,29854
1790327460,738.05,738.10,737.70,737.95,48275
1790327520,737.80,738.00,737.55,737.55,45450
1790327580,737.75,737.75,737.40,737.40,37651
1790327640,737.40,738.10,737.40,738.00,131284
1790327700,737.85,738.45,737.50,737.60,51464
1790327760,737.60,737.80,737.45,737.45,23839
1790327820,737.55,737.55,737.15,737.15,34611
1790327880,737.30,737.45,737.10,737.10,32042
1790327940,737.25,737.40,737.00,737.25,119887
1790328000,737.40,737.40,737.10,737.25,41547
1790328060,737.10,737.20,737.00,737.20,80141
1790328120,737.20,737.45,737.10,737.25,101258
1790328180,737.25,737.25,737.00,737.10,44111
1790328240,737.05,737.60,737.00,737.50,79553
1790328300,737.55,737.55,737.05,737.05,65231
1790328360,737.05,737.45,737.05,737.45,97309
1790328420,737.40,737.45,737.15,737.25,32731
1790328480,737.20,737.50,737.20,737.40,29318
1790328540,737.40,737.55,737.35,737.55,47616
1790328600,737.65,737.80,737.35,737.45,106188
1790328660,737.45,737.45,737.25,737.25,119412
1790328720,737.30,737.30,736.90,737.00,82584
1790328780,737.00,737.00,736.55,736.75,75610
1790328840,736.85,737.00,736.70,737.00,78558
1790328900,737.00,737.00,736.70,736.80,65977
1790328960,736.70,737.05,736.60,737.00,157891
1790329020,737.05,737.05,736.50,736.55,105796
1790329080,736.55,736.55,735.55,735.60,100750
1790329140,735.65,735.75,735.10,735.45,129329
1790329200,735.60,736.20,735.55,736.00,107611
1790329260,736.05,736.10,735.05,735.25,157226
1790329320,735.25,736.35,735.00,735.90,104045
1790329380,735.90,736.10,735.20,735.75,83969
1790329440,735.75,735.80,735.05,735.40,20122
1790329500,735.40,735.40,735.40,735.40,6
1790329560,735.40,735.40,735.40,735.40,0
1790329620,735.40,735.40,735.40,735.40,0
1790329680,735.40,735.40,735.40,735.40,0
1790329740,735.40,735.40,735.40,735.40,0
1790329800,735.40,735.40,735.40,735.40,0
1790329860,735.40,735.40,735.40,735.40,0
1790329920,735.40,735.40,735.40,735.40,0
1790329980,735.40,735.40,735.40,735.40,0
1790330040,735.40,735.40,735.40,735.40,0
1790330100,735.40,735.40,735.40,735.40,0
1790330160,735.40,735.40,735.40,735.40,0
1790330220,735.40,735.40,735.40,735.40,0
1790330280,735.40,735.60,735.40,735.60,243363
1790330340,735.60,735.60,735.60,735.60,0
1790567100,731.60,733.00,727.00,728.00,939835
1790567160,727.85,728.25,727.45,727.80,107690
1790567220,727.80,727.90,727.10,727.50,99284
1790567280,727.60,728.05,727.20,727.25,94783
1790567340,727.45,727.45,726.30,726.65,88956
1790567400,726.65,726.85,725.00,725.25,112213
1790567460,725.55,726.10,724.90,724.90,181142
1790567520,725.00,725.25,724.50,725.00,130332
1790567580,725.00,725.30,724.60,724.70,118630
1790567640,724.90,726.15,724.70,725.65,115231
1790567700,725.55,725.70,724.80,725.00,94892
1790567760,724.95,725.00,724.40,724.50,59188
1790567820,724.55,725.00,724.50,724.70,75854
1790567880,724.70,725.30,724.60,725.25,60873
1790567940,725.10,725.25,724.65,725.00,57225
1790568000,725.00,725.20,724.60,725.20,86960
1790568060,725.40,725.40,725.00,725.05,194863
1790568120,725.15,726.05,724.85,725.45,232219
1790568180,725.35,725.35,724.55,724.75,271184
1790568240,724.70,725.00,724.45,724.95,130295
1790568300,724.95,724.95,723.60,724.25,127822
1790568360,724.25,724.25,723.95,724.20,39986
1790568420,724.25,724.60,724.20,724.55,22920
1790568480,724.60,724.90,724.20,724.65,36605
1790568540,724.70,724.85,724.35,724.40,27752
1790568600,724.40,724.40,723.70,723.75,69584
1790568660,723.75,724.00,723.70,723.95,99996
1790568720,724.00,724.00,722.40,722.85,222973
1790568780,722.75,722.80,722.15,722.60,242590
1790568840,722.35,722.60,722.15,722.15,67303
1790568900,722.40,722.55,722.20,722.45,52174
1790568960,722.40,723.40,722.40,723.20,70223
1790569020,723.25,723.25,722.55,722.85,857051
1790569080,722.85,723.25,722.85,723.10,71992
1790569140,723.15,723.20,723.00,723.15,33214
1790569200,723.15,723.20,722.45,722.45,114055
1790569260,722.45,722.45,721.40,721.80,136567
1790569320,722.00,722.05,721.80,722.00,65484
1790569380,722.05,722.25,721.85,722.10,33241
1790569440,722.10,722.10,721.50,721.80,44848
1790569500,721.80,722.70,721.55,722.00,301884
1790569560,722.10,722.50,722.10,722.50,70694
1790569620,722.40,722.50,722.15,722.45,33489
1790569680,722.45,723.70,722.40,723.70,36512
1790569740,723.65,723.70,723.55,723.60,36479
1790569800,723.55,723.55,722.75,723.00,52558
1790569860,723.00,723.40,722.95,723.10,34602
1790569920,723.10,723.30,722.95,722.95,37916
1790569980,723.05,723.10,722.95,722.95,20937
1790570040,722.95,722.95,722.60,722.80,22107
1790570100,722.80,722.85,722.50,722.55,25704
1790570160,722.55,722.85,722.35,722.40,69710
1790570220,722.40,722.55,722.25,722.40,48768
1790570280,722.40,722.55,722.35,722.55,13625
1790570340,722.55,722.60,722.00,722.00,41427
1790570400,722.05,722.25,722.00,722.20,52056
1790570460,722.25,722.65,722.20,722.65,27719
1790570520,722.65,723.00,722.50,722.55,37747
1790570580,722.50,722.80,722.50,722.80,22906
1790570640,722.80,723.00,722.75,722.90,44786
1790570700,722.90,723.00,722.80,723.00,20737
1790570760,723.00,723.00,722.70,722.75,20721
1790570820,722.75,722.75,722.10,722.20,37226
1790570880,722.15,722.60,721.80,722.50,124390
1790570940,722.50,722.80,722.40,722.55,42330
1790571000,722.65,722.90,722.55,722.90,35895
1790571060,722.90,722.95,722.40,722.65,44304
1790571120,722.65,722.65,722.35,722.35,31563
1790571180,722.50,722.65,722.10,722.20,17103
1790571240,722.35,722.40,722.05,722.25,19329
1790571300,722.25,722.30,722.00,722.10,60140
1790571360,722.15,722.15,722.00,722.00,49793
1790571420,722.05,722.05,721.70,721.75,209442
1790571480,721.75,722.20,721.70,722.20,39696
1790571540,722.20,722.90,722.15,722.70,30682
1790571600,722.70,723.00,722.65,722.80,53873
1790571660,722.80,722.80,722.20,722.40,41276
1790571720,722.50,722.50,722.10,722.20,10480
1790571780,722.35,722.65,722.35,722.45,14430
1790571840,722.45,722.45,722.15,722.25,18679
1790571900,722.25,722.30,722.20,722.20,17831
1790571960,722.20,723.15,722.10,722.55,62086
1790572020,722.55,722.55,722.05,722.10,39856
1790572080,722.05,722.35,722.05,722.10,18749
1790572140,722.25,722.25,721.95,722.05,84607
1790572200,722.05,722.25,722.00,722.25,37720
1790572260,722.25,722.25,722.00,722.05,19728
1790572320,722.05,722.25,722.00,722.00,36213
1790572380,722.05,722.25,722.00,722.20,22984
1790572440,722.10,722.20,722.00,722.05,24451
1790572500,722.00,722.20,722.00,722.15,36585
1790572560,722.20,722.25,722.05,722.25,22737
1790572620,722.25,722.25,722.00,722.05,52996
1790572680,722.05,722.05,721.25,721.35,85323
1790572740,721.35,721.45,721.20,721.25,203298
1790572800,721.20,721.25,720.45,720.55,238154
1790572860,720.55,720.60,720.05,720.20,45354
1790572920,720.15,720.45,720.05,720.25,57509
1790572980,720.35,720.70,720.25,720.55,45668
1790573040,720.50,721.00,720.50,720.85,44802
1790573100,720.85,721.25,720.80,721.00,27383
1790573160,721.00,721.15,721.00,721.10,27338
1790573220,721.15,721.30,721.05,721.25,18253
1790573280,721.30,721.50,721.25,721.35,40639
1790573340,721.35,721.55,721.30,721.30,46902
1790573400,721.35,721.35,721.00,721.10,36515
1790573460,721.10,721.10,721.00,721.05,38991
1790573520,721.05,721.10,721.00,721.05,26447
1790573580,721.05,721.10,720.75,720.95,34428
1790573640,720.95,720.95,720.40,720.50,28890
1790573700,720.60,720.60,720.15,720.30,25528
1790573760,720.30,720.40,720.00,720.30,97807
1790573820,720.30,720.80,720.25,720.30,65467
1790573880,720.55,720.55,720.25,720.25,18622
1790573940,720.30,720.60,720.15,720.50,125645
1790574000,720.50,720.50,720.15,720.35,27752
1790574060,720.35,720.50,720.20,720.20,78301
1790574120,720.20,720.20,720.00,720.00,45709
1790574180,720.05,720.50,720.00,720.35,40571
1790574240,720.35,720.35,720.00,720.10,28566
1790574300,720.20,720.75,720.00,720.25,51173
1790574360,720.25,720.40,720.00,720.00,70965
1790574420,720.10,720.65,720.00,720.35,100823
1790574480,720.30,720.60,720.15,720.55,55766
1790574540,720.55,721.30,720.50,720.95,30848
1790574600,721.05,721.05,720.50,720.60,22012
1790574660,720.75,720.90,720.50,720.60,25465
1790574720,720.70,720.75,720.50,720.55,16799
1790574780,720.50,720.55,720.15,720.30,32422
1790574840,720.35,720.35,720.10,720.30,20401
1790574900,720.30,720.60,720.25,720.40,25493
1790574960,720.40,720.70,720.35,720.70,20566
1790575020,720.70,721.20,720.50,721.05,47086
1790575080,721.05,721.25,721.00,721.20,127349
1790575140,721.15,721.50,721.10,721.10,39206
1790575200,721.15,721.35,721.00,721.10,33150
1790575260,721.10,721.55,721.00,721.30,52136
1790575320,721.25,721.55,721.05,721.35,38446
1790575380,721.35,721.35,720.75,720.85,32397
1790575440,720.90,721.00,720.50,721.00,28811
1790575500,720.90,721.00,720.50,720.55,64226
1790575560,720.55,721.15,720.50,721.10,35767
1790575620,721.10,721.45,721.05,721.35,19320
1790575680,721.35,721.75,721.20,721.75,21101
1790575740,721.75,721.90,721.70,721.85,16918
1790575800,721.80,722.05,721.75,722.05,22055
1790575860,722.05,722.50,722.00,722.25,34460
1790575920,722.25,722.70,722.20,722.30,86333
1790575980,722.50,722.50,722.10,722.25,12513
1790576040,722.30,722.65,722.25,722.60,110576
1790576100,722.60,722.95,722.55,722.55,75979
1790576160,722.55,723.30,722.50,722.55,141707
1790576220,722.55,723.00,722.30,722.45,101166
1790576280,722.45,722.65,722.10,722.65,31281
1790576340,722.65,722.70,722.55,722.60,15936
1790576400,722.65,722.70,722.15,722.35,50188
1790576460,722.30,722.40,721.75,722.00,106284
1790576520,722.05,722.10,722.00,722.00,41317
1790576580,722.05,722.25,722.00,722.00,33826
1790576640,722.05,722.15,721.85,722.00,24946
1790576700,722.05,722.05,721.15,721.20,47467
1790576760,721.20,721.20,720.75,720.95,49404
1790576820,720.90,721.40,720.85,721.15,37312
1790576880,721.10,721.50,721.10,721.35,14248
1790576940,721.25,721.60,721.25,721.50,18170
1790577000,721.50,721.50,721.25,721.30,21878
1790577060,721.35,721.45,721.30,721.45,10599
1790577120,721.45,721.80,721.30,721.45,28950
1790577180,721.40,721.45,721.30,721.40,35545
1790577240,721.40,721.60,721.30,721.30,72521
1790577300,721.25,721.70,721.00,721.70,56744
1790577360,721.70,721.80,721.45,721.60,85375
1790577420,721.70,721.80,721.20,721.30,15891
1790577480,721.40,722.00,721.35,721.95,30096
1790577540,721.95,722.05,721.80,721.90,33410
1790577600,721.90,722.05,721.85,722.05,28045
1790577660,722.05,722.20,722.00,722.15,16368
1790577720,722.20,722.40,722.00,722.10,25570
1790577780,722.25,722.25,721.75,721.85,40373
1790577840,721.85,722.35,721.75,722.10,24249
1790577900,722.10,722.10,721.40,721.65,27649
1790577960,721.60,722.15,721.55,722.15,18862
1790578020,722.15,722.25,721.90,721.90,20120
1790578080,722.10,722.10,721.90,722.05,10815
1790578140,722.05,722.15,721.85,722.05,26103
1790578200,722.05,722.15,722.00,722.10,9947
1790578260,722.10,722.15,722.00,722.10,12188
1790578320,722.10,722.15,722.00,722.10,8739
1790578380,722.10,722.35,722.05,722.35,18896
1790578440,722.35,723.00,722.15,722.75,144969
1790578500,722.80,723.10,722.75,723.05,27445
1790578560,723.10,723.20,722.70,722.95,43933
1790578620,722.90,722.90,722.35,722.50,25533
1790578680,722.50,722.70,722.40,722.70,15517
1790578740,722.70,723.00,722.65,722.90,18377
1790578800,722.85,722.90,721.95,722.10,61340
1790578860,722.10,723.00,721.90,722.20,129597
1790578920,722.35,722.65,722.00,722.30,23343
1790578980,722.40,722.45,722.00,722.10,25935
1790579040,722.20,722.20,722.00,722.20,23761
1790579100,722.20,722.25,721.75,722.20,25137
1790579160,722.20,722.30,721.80,721.95,70049
1790579220,721.90,722.00,721.75,722.00,32748
1790579280,722.00,722.00,721.50,721.75,40249
1790579340,722.00,722.00,721.50,721.60,24886
1790579400,721.65,722.00,721.60,721.65,27751
1790579460,721.65,721.90,721.55,721.85,40604
1790579520,721.90,722.30,721.65,721.95,35907
1790579580,722.05,722.40,721.80,721.80,68130
1790579640,721.80,721.85,721.45,721.50,26713
1790579700,721.50,721.50,721.20,721.25,37573
1790579760,721.25,721.75,721.25,721.65,21230
1790579820,721.65,721.65,721.30,721.60,22671
1790579880,721.65,722.35,721.60,721.80,33588
1790579940,721.80,721.80,721.65,721.70,9835
1790580000,721.70,721.80,721.60,721.65,21097
1790580060,721.65,721.70,721.40,721.70,41676
1790580120,721.70,721.80,721.40,721.40,18451
1790580180,721.40,721.50,720.70,720.85,70055
1790580240,720.85,720.95,720.55,720.75,26003
1790580300,720.75,720.95,720.50,720.95,59112
1790580360,720.95,721.00,720.75,721.00,16517
1790580420,720.90,721.10,720.50,720.75,28725
1790580480,720.75,720.75,720.55,720.75,17174
1790580540,720.75,721.00,720.65,720.80,43037
1790580600,720.75,720.90,720.70,720.70,18845
1790580660,720.80,720.95,720.70,720.95,19289
1790580720,720.85,721.00,720.70,720.75,27210
1790580780,720.75,721.05,720.70,720.95,25653
1790580840,720.95,720.95,720.30,720.30,49281
1790580900,720.35,720.75,720.25,720.75,47342
1790580960,720.85,721.10,720.70,720.95,31997
1790581020,720.95,720.95,720.30,720.55,32493
1790581080,720.55,720.55,720.20,720.20,16144
1790581140,720.20,720.50,720.20,720.45,47036
1790581200,720.50,720.55,720.35,720.55,17936
1790581260,720.55,721.00,720.55,720.70,29603
1790581320,720.70,720.85,720.20,720.25,27308
1790581380,720.25,720.45,720.20,720.45,11084
1790581440,720.45,720.60,720.25,720.30,16758
1790581500,720.30,720.60,720.30,720.55,26188
1790581560,720.60,720.60,720.25,720.60,33334
1790581620,720.60,720.95,720.55,720.70,35927
1790581680,720.70,720.80,720.55,720.65,15682
1790581740,720.65,720.80,720.55,720.80,37493
1790581800,720.80,721.00,720.30,720.35,105509
1790581860,720.25,720.80,720.25,720.65,56858
1790581920,720.65,721.00,720.65,720.95,15015
1790581980,720.85,720.95,720.50,720.90,50855
1790582040,720.80,720.90,720.55,720.70,17613
1790582100,720.60,720.80,720.50,720.70,25232
1790582160,720.70,720.70,720.45,720.55,34926
1790582220,720.55,720.70,720.40,720.55,22126
1790582280,720.40,720.55,720.20,720.25,22071
1790582340,720.25,720.40,720.10,720.40,22885
1790582400,720.40,720.40,720.10,720.15,23960
1790582460,720.20,720.30,719.35,719.70,174579
1790582520,719.45,720.10,719.45,719.85,41877
1790582580,719.60,719.85,719.60,719.70,17573
1790582640,719.65,719.75,719.50,719.60,21359
1790582700,719.50,719.60,719.25,719.35,21826
1790582760,719.30,719.50,719.05,719.30,34742
1790582820,719.35,719.45,719.20,719.25,43040
1790582880,719.25,719.30,719.00,719.15,35359
1790582940,719.05,719.30,719.00,719.30,24505
1790583000,719.30,719.50,719.25,719.50,21742
1790583060,719.50,719.80,719.45,719.75,15768
1790583120,719.80,719.80,719.65,719.70,17044
1790583180,719.65,719.70,719.20,719.25,22319
1790583240,719.25,719.65,719.15,719.45,18525
1790583300,719.50,719.70,719.45,719.65,18540
1790583360,719.50,719.95,719.50,719.95,26323
1790583420,719.95,721.20,719.90,720.70,80248
1790583480,720.75,720.75,720.35,720.55,42945
1790583540,720.55,721.20,720.25,721.05,38354
1790583600,721.05,721.40,721.00,721.35,30822
1790583660,721.30,721.50,720.85,721.20,42334
1790583720,721.20,721.60,721.15,721.35,47967
1790583780,721.50,721.60,720.85,721.00,36370
1790583840,721.10,721.35,720.90,721.30,25126
1790583900,721.30,721.65,721.25,721.45,51143
1790583960,721.50,721.90,721.45,721.60,45429
1790584020,721.70,721.75,721.35,721.40,40988
1790584080,721.40,721.75,721.30,721.60,43924
1790584140,721.70,721.75,721.50,721.60,37489
1790584200,721.65,721.80,721.40,721.65,31155
1790584260,721.65,721.85,721.30,721.45,40534
1790584320,721.45,721.60,721.00,721.10,40085
1790584380,721.10,721.70,720.95,721.50,40256
1790584440,721.50,721.70,721.25,721.40,28745
1790584500,721.40,721.65,721.15,721.40,35550
1790584560,721.35,721.55,721.00,721.05,45032
1790584620,721.05,721.40,720.90,721.15,42558
1790584680,721.30,721.55,720.95,721.30,74898
1790584740,721.40,721.50,721.05,721.20,46953
1790584800,721.15,721.45,721.05,721.30,42438
1790584860,721.30,721.50,720.90,721.10,40115
1790584920,721.10,721.45,720.85,720.85,41229
1790584980,720.95,721.20,720.50,720.70,34043
1790585040,720.70,721.15,720.60,720.85,36059
1790585100,720.90,721.15,720.35,720.45,43696
1790585160,720.45,720.75,720.30,720.30,33480
1790585220,720.40,720.65,720.30,720.35,41768
1790585280,720.35,720.45,719.30,719.95,106589
1790585340,720.05,720.35,719.55,719.70,45060
1790585400,719.75,720.60,719.60,720.30,41313
1790585460,720.40,720.60,720.15,720.35,43010
1790585520,720.35,720.45,720.05,720.05,62360
1790585580,720.05,720.35,719.85,720.00,45951
1790585640,720.00,720.60,719.95,720.25,64783
1790585700,720.25,720.65,720.15,720.35,78130
1790585760,720.55,720.65,720.10,720.30,65431
1790585820,720.25,720.60,720.15,720.30,43412
1790585880,720.35,720.60,720.10,720.15,37658
1790585940,720.15,720.40,720.05,720.10,72692
1790586000,720.15,720.40,720.10,720.40,35299
1790586060,720.40,720.50,720.05,720.10,45304
1790586120,720.15,720.35,719.90,719.90,59079
1790586180,719.90,720.15,719.65,719.80,40970
1790586240,719.80,719.85,719.20,719.60,66031
1790586300,719.50,719.80,719.35,719.50,69859
1790586360,719.55,719.80,719.50,719.60,53601
1790586420,719.50,719.60,719.10,719.10,70116
1790586480,719.10,719.40,718.70,719.00,90244
1790586540,719.00,719.30,718.70,719.20,92300
1790586600,719.20,719.60,719.10,719.50,66934
1790586660,719.50,719.70,719.30,719.30,48454
1790586720,719.35,719.60,719.10,719.10,43009
1790586780,719.15,719.25,718.65,718.80,60238
1790586840,718.75,719.20,718.75,718.90,56972
1790586900,718.85,719.25,718.85,719.15,42026
1790586960,719.20,720.25,719.00,719.90,171353
1790587020,720.05,720.25,719.80,719.85,65555
1790587080,719.90,720.10,719.80,719.95,59706
1790587140,719.90,720.45,719.85,720.25,69783
1790587200,720.25,720.50,720.10,720.20,63898
1790587260,720.25,720.40,720.00,720.10,61787
1790587320,720.10,720.60,719.85,720.25,159520
1790587380,720.50,720.65,720.10,720.10,198377
1790587440,720.15,720.50,720.00,720.10,51879
1790587500,720.10,720.30,719.90,720.00,60380
1790587560,720.05,720.30,719.95,720.00,72886
1790587620,720.00,720.25,719.80,720.00,70100
1790587680,719.95,720.25,719.80,719.85,47877
1790587740,719.95,720.00,719.65,719.90,46013
1790587800,719.85,720.00,719.80,719.95,43966
1790587860,719.90,719.95,719.50,719.65,72377
1790587920,719.70,719.70,719.05,719.30,71388
1790587980,719.35,719.60,719.10,719.25,66036
1790588040,719.35,719.40,719.00,719.25,77219
1790588100,719.20,719.40,718.85,719.00,128821
1790588160,718.95,719.00,718.55,718.85,63951
1790588220,718.85,719.00,718.65,718.80,61682
1790588280,718.80,718.85,718.60,718.80,51172
1790588340,718.80,718.80,718.10,718.75,149337
1790588400,718.75,720.50,718.50,719.65,227354
1790588460,719.60,719.70,719.00,719.45,71584
1790588520,719.40,719.45,718.55,719.20,176950
1790588580,719.25,719.50,718.90,719.30,75761
1790588640,718.95,719.30,718.25,719.00,110141
1790588700,719.00,719.00,719.00,719.00,0
1790588760,719.00,719.00,719.00,719.00,0
1790588820,719.00,719.00,719.00,719.00,0
1790588880,719.00,719.00,719.00,719.00,0
1790588940,719.00,719.00,719.00,719.00,0
1790589000,719.00,719.00,719.00,719.00,0
1790589060,719.00,719.00,719.00,719.00,0
1790589120,719.00,719.00,719.00,719.00,0
1790589180,719.00,719.00,719.00,719.00,0
1790589240,719.00,719.00,719.00,719.00,0
1790589300,719.00,719.00,719.00,719.00,0
1790589360,719.00,719.00,719.00,719.00,0
1790589420,719.00,719.00,719.00,719.00,0
1790589480,719.00,719.00,719.00,719.00,0
1790589540,719.00,719.05,719.00,719.05,425546
1790653500,713.70,715.90,711.10,714.20,1250819
1790653560,714.05,714.15,712.65,712.90,160788
1790653620,712.65,713.85,712.40,713.35,195759
1790653680,713.60,713.80,711.80,711.95,169881
1790653740,712.00,712.50,711.40,711.80,107789
1790653800,711.80,711.80,710.65,711.00,188109
1790653860,711.00,711.00,710.10,710.30,178528
1790653920,710.25,710.25,709.45,709.80,296959
1790653980,710.00,710.35,709.80,710.00,108149
1790654040,710.10,710.20,709.75,709.95,90497
1790654100,710.00,710.05,709.20,709.70,114489
1790654160,709.60,710.00,709.35,709.45,117263
1790654220,709.35,709.45,708.80,709.15,141778
1790654280,709.20,709.20,708.50,708.75,88535
1790654340,708.80,709.00,708.50,709.00,82505
1790654400,709.00,709.70,708.90,709.50,93736
1790654460,709.65,709.80,709.00,709.25,90140
1790654520,709.25,709.45,708.85,709.10,203084
1790654580,709.10,709.20,708.80,708.90,36697
1790654640,708.90,709.10,708.65,708.70,58747
1790654700,708.70,708.80,708.10,708.25,72366
1790654760,708.25,708.25,706.40,707.55,354008
1790654820,707.45,707.70,706.95,707.05,183526
1790654880,706.95,707.45,706.90,707.15,97484
1790654940,707.10,707.15,706.25,706.55,82360
1790655000,706.60,707.50,706.30,707.30,1083954
1790655060,707.30,708.40,707.05,708.25,150478
1790655120,708.35,708.85,708.20,708.75,68437
1790655180,708.50,708.75,707.65,707.95,118449
1790655240,707.95,708.30,707.75,708.20,28646
1790655300,708.10,708.35,707.40,707.85,145166
1790655360,707.85,707.85,707.30,707.50,31388
1790655420,707.45,707.75,707.40,707.55,35333
1790655480,707.50,707.65,706.95,707.40,128397
1790655540,707.20,707.45,707.00,707.35,33172
1790655600,707.30,707.75,707.20,707.65,61102
1790655660,707.60,707.95,707.50,707.95,66295
1790655720,707.85,707.95,707.40,707.65,93006
1790655780,707.40,707.60,706.70,706.90,60305
1790655840,706.85,707.50,706.50,707.35,46666
1790655900,707.45,708.55,707.45,708.30,143737
1790655960,708.25,708.60,708.15,708.30,86219
1790656020,708.30,708.40,708.05,708.35,26776
1790656080,708.35,708.40,708.05,708.10,56120
1790656140,708.10,708.20,707.55,707.70,38933
1790656200,707.70,707.95,707.50,707.70,52873
1790656260,707.70,707.70,707.40,707.40,27142
1790656320,707.55,707.70,707.25,707.70,56818
1790656380,707.65,708.80,707.65,708.75,292933
1790656440,708.70,708.75,708.30,708.50,53630
1790656500,708.70,709.40,708.50,709.25,95285
1790656560,709.00,709.40,708.90,709.10,82356
1790656620,709.10,709.75,709.05,709.75,72525
1790656680,709.75,710.35,709.35,710.05,116690
1790656740,710.05,710.10,709.70,709.80,77924
1790656800,709.75,709.90,709.00,709.10,60263
1790656860,709.05,709.05,708.35,708.55,36151
1790656920,708.50,708.65,708.25,708.45,29941
1790656980,708.45,708.45,708.05,708.40,22503
1790657040,708.40,708.40,708.15,708.20,16022
1790657100,708.25,708.60,708.20,708.55,32880
1790657160,708.55,708.55,708.15,708.15,58494
1790657220,708.15,708.40,708.00,708.00,35121
1790657280,708.10,708.10,707.70,707.80,33180
1790657340,707.85,708.00,707.80,707.90,14392
1790657400,707.90,707.90,707.50,707.75,66586
1790657460,707.60,707.70,707.00,707.00,41399
1790657520,707.25,707.60,707.00,707.25,81289
1790657580,707.25,707.80,707.20,707.50,28483
1790657640,707.50,707.70,707.40,707.65,14053
1790657700,707.65,707.70,707.00,707.20,118037
1790657760,707.20,707.50,707.20,707.45,36508
1790657820,707.45,707.50,707.25,707.45,24032
1790657880,707.20,707.45,707.20,707.40,23438
1790657940,707.35,707.50,707.20,707.40,57146
1790658000,707.30,707.55,707.20,707.30,68184
1790658060,707.30,707.55,707.10,707.10,21077
1790658120,707.10,707.35,707.05,707.20,20702
1790658180,707.20,707.40,707.15,707.40,16947
1790658240,707.30,708.10,707.30,708.10,139854
1790658300,708.10,708.85,708.00,708.80,55173
1790658360,708.75,708.90,708.35,708.60,49898
1790658420,708.50,708.90,708.40,708.65,34881
1790658480,708.65,709.70,708.65,709.60,149219
1790658540,709.60,710.00,709.55,709.80,355334
1790658600,709.75,709.95,709.55,709.80,187083
1790658660,709.75,710.00,709.65,709.75,54543
1790658720,709.75,710.00,709.70,709.85,99134
1790658780,709.80,710.95,709.75,710.95,233087
1790658840,710.90,711.00,710.60,710.80,81312
1790658900,710.70,710.85,710.55,710.65,51622
1790658960,710.70,710.70,710.15,710.30,34220
1790659020,710.40,710.50,710.05,710.05,42863
1790659080,710.30,710.35,709.80,710.05,102084
1790659140,710.05,710.35,709.90,710.25,54116
1790659200,710.20,710.25,709.75,709.80,87132
1790659260,709.85,711.00,709.75,710.75,152176
1790659320,710.75,711.10,710.55,711.00,47286
1790659380,711.10,711.15,710.65,710.85,54041
1790659440,710.85,711.10,710.65,710.80,92190
1790659500,710.90,711.15,710.65,710.80,148008
1790659560,710.80,711.00,710.65,710.80,70775
1790659620,710.65,710.80,710.45,710.65,59461
1790659680,710.70,710.75,710.10,710.25,69927
1790659740,710.25,710.25,709.90,710.00,42664
1790659800,709.90,710.05,709.70,709.90,64951
1790659860,709.90,709.95,709.20,709.25,89304
1790659920,709.25,709.35,708.75,708.80,63924
1790659980,708.80,709.10,708.75,709.00,53366
1790660040,709.00,709.00,708.50,708.85,29423
1790660100,708.85,708.85,708.45,708.60,36594
1790660160,708.60,709.00,708.45,708.90,62608
1790660220,709.00,709.15,708.55,708.70,85841
1790660280,708.80,709.10,708.65,708.85,61041
1790660340,708.80,709.15,708.80,709.05,51039
1790660400,709.15,711.20,709.00,710.75,317200
1790660460,710.70,711.05,710.25,710.60,206822
1790660520,710.60,710.90,710.25,710.70,116318
1790660580,710.75,711.20,710.35,711.05,141325
1790660640,711.10,711.45,710.50,710.90,188267
1790660700,710.70,711.20,710.60,711.05,93651
1790660760,711.15,711.20,709.75,710.05,137606
1790660820,710.20,710.55,709.95,710.00,71800
1790660880,710.10,710.45,709.60,710.25,80880
1790660940,710.30,710.70,710.20,710.55,39756
1790661000,710.50,711.30,710.45,711.10,102450
1790661060,711.25,711.25,710.95,711.00,64697
1790661120,711.05,711.20,710.80,710.95,68957
1790661180,710.95,711.10,710.70,710.85,59803
1790661240,710.75,710.85,710.50,710.55,42195
1790661300,710.50,710.60,710.30,710.55,40060
1790661360,710.50,710.55,710.30,710.50,32725
1790661420,710.40,710.50,710.30,710.35,30864
1790661480,710.40,710.45,710.10,710.25,47668
1790661540,710.25,710.75,710.15,710.70,38759
1790661600,710.70,711.70,710.65,711.45,130516
1790661660,711.40,712.30,711.40,712.05,149747
1790661720,712.10,712.10,711.55,711.65,110874
1790661780,711.65,712.35,711.55,712.05,340244
1790661840,712.10,712.25,711.75,711.90,41434
1790661900,711.90,712.05,711.60,711.70,157915
1790661960,711.70,711.90,711.55,711.65,27598
1790662020,711.65,711.65,711.10,711.35,75862
1790662080,711.50,711.60,711.20,711.50,50413
1790662140,711.60,712.25,711.60,712.20,49149
1790662200,712.25,712.65,712.20,712.45,56998
1790662260,712.50,713.00,712.30,712.45,121779
1790662320,712.50,712.75,712.10,712.50,173265
1790662380,712.45,712.50,711.40,711.55,73979
1790662440,711.75,712.50,711.65,712.20,71850
1790662500,712.10,712.20,712.00,712.05,23051
1790662560,712.05,712.15,712.00,712.05,28847
1790662620,712.05,712.20,711.75,712.20,66157
1790662680,712.20,712.20,712.00,712.05,59061
1790662740,712.05,713.10,712.00,713.00,107108
1790662800,713.05,713.10,712.35,712.35,127687
1790662860,712.25,712.65,712.10,712.65,48398
1790662920,712.65,713.05,712.45,713.05,140555
1790662980,713.00,713.05,712.50,712.50,78515
1790663040,712.55,712.80,712.35,712.45,45847
1790663100,712.30,712.85,712.30,712.70,98896
1790663160,712.80,712.85,712.45,712.45,41100
1790663220,712.45,713.25,712.45,713.05,40605
1790663280,713.05,713.35,713.00,713.15,33241
1790663340,713.20,713.35,713.05,713.35,29929
1790663400,713.30,713.75,713.20,713.75,57001
1790663460,713.70,714.10,713.65,714.00,123857
1790663520,714.10,714.10,713.85,713.95,69407
1790663580,713.95,714.45,713.95,714.45,57155
1790663640,714.45,714.50,714.35,714.45,60582
1790663700,714.50,714.65,714.45,714.50,76189
1790663760,714.50,714.65,714.35,714.35,78676
1790663820,714.35,714.50,714.20,714.30,105087
1790663880,714.30,714.35,713.95,714.00,49829
1790663940,714.00,714.20,713.60,713.65,106556
1790664000,713.70,713.70,713.35,713.45,43017
1790664060,713.45,713.70,713.30,713.40,44564
1790664120,713.40,713.55,713.20,713.35,23143
1790664180,713.30,713.70,713.30,713.35,29901
1790664240,713.30,713.45,713.30,713.40,34639
1790664300,713.45,713.45,713.10,713.20,36839
1790664360,713.20,713.65,713.10,713.50,53571
1790664420,713.40,713.70,713.25,713.65,99850
1790664480,713.65,713.70,713.35,713.60,26307
1790664540,713.45,713.70,713.25,713.30,44341
1790664600,713.40,713.40,712.50,712.95,59732
1790664660,712.95,712.95,712.35,712.35,56220
1790664720,712.35,712.40,712.05,712.15,45202
1790664780,712.15,712.20,711.85,712.20,64842
1790664840,712.15,712.20,711.80,711.95,39118
1790664900,711.95,711.95,711.65,711.70,48702
1790664960,711.75,711.95,711.45,711.60,60376
1790665020,711.60,711.65,710.75,710.85,90430
1790665080,710.85,710.95,710.65,710.80,67136
1790665140,710.85,710.95,710.80,710.95,30792
1790665200,710.95,710.95,710.10,710.25,94028
1790665260,710.40,710.40,709.75,710.25,83365
1790665320,710.10,710.30,709.05,709.30,155022
1790665380,709.35,709.75,709.05,709.50,155496
1790665440,709.45,710.25,709.45,710.15,98877
1790665500,710.05,710.60,710.05,710.30,54358
1790665560,710.25,710.80,710.00,710.45,88188
1790665620,710.45,710.70,710.20,710.20,47601
1790665680,710.25,710.60,710.00,710.50,29314
1790665740,710.45,710.95,710.20,710.65,25352
1790665800,710.75,711.45,710.55,711.35,81826
1790665860,711.30,712.00,711.10,711.80,47331
1790665920,711.80,711.95,711.35,711.65,43690
1790665980,711.65,711.70,711.30,711.45,28375
1790666040,711.50,711.50,710.65,710.90,75218
1790666100,710.85,711.20,710.60,711.00,59591
1790666160,711.05,711.05,710.70,710.75,23103
1790666220,710.80,711.00,710.55,710.90,52148
1790666280,710.90,711.45,710.90,711.45,30090
1790666340,711.25,711.35,711.00,711.15,28228
1790666400,711.15,711.50,711.15,711.40,41328
1790666460,711.40,711.40,711.00,711.25,44458
1790666520,711.25,711.30,710.90,711.10,45985
1790666580,711.05,711.35,711.00,711.35,48269
1790666640,711.35,711.85,711.15,711.35,66387
1790666700,711.35,711.40,711.20,711.25,43831
1790666760,711.30,712.25,711.20,712.15,97564
1790666820,712.15,712.85,712.00,712.35,94806
1790666880,712.30,712.30,711.55,711.75,56387
1790666940,711.75,711.85,711.35,711.50,42783
1790667000,711.40,711.65,711.35,711.60,45042
1790667060,711.60,711.65,711.05,711.25,43768
1790667120,711.25,711.45,710.95,710.95,35036
1790667180,711.00,711.80,710.80,711.50,60765
1790667240,711.50,711.55,711.10,711.25,34972
1790667300,711.25,711.65,711.25,711.50,32269
1790667360,711.50,711.55,711.20,711.40,48915
1790667420,711.20,711.50,711.10,711.35,50900
1790667480,711.35,711.85,711.20,711.40,42832
1790667540,711.40,712.75,711.40,712.50,63135
1790667600,712.40,712.45,711.95,712.30,50418
1790667660,712.20,712.45,711.65,711.90,43892
1790667720,711.65,711.95,711.50,711.65,34151
1790667780,711.90,712.00,711.50,711.60,53820
1790667840,711.60,711.75,711.00,711.60,72759
1790667900,711.50,711.55,710.75,710.90,57517
1790667960,710.95,711.05,710.65,710.85,48430
1790668020,710.95,711.65,710.80,711.25,38750
1790668080,711.20,711.55,711.10,711.50,35340
1790668140,711.50,711.60,710.75,711.05,60409
1790668200,710.90,711.00,710.35,710.65,74994
1790668260,710.60,710.95,710.40,710.65,45057
1790668320,710.85,710.95,710.45,710.55,47420
1790668380,710.80,710.85,710.30,710.40,60795
1790668440,710.30,711.05,710.30,711.05,69002
1790668500,710.90,711.35,710.80,711.35,50108
1790668560,711.35,711.80,711.15,711.25,39431
1790668620,711.35,711.50,711.00,711.00,42542
1790668680,711.20,711.25,710.70,711.05,74507
1790668740,711.00,711.50,710.95,711.30,42361
1790668800,711.35,711.50,711.00,711.50,39521
1790668860,711.30,711.70,711.20,711.70,31369
1790668920,711.55,712.25,711.35,711.65,154110
1790668980,711.65,712.05,711.25,711.35,172680
1790669040,711.55,711.85,711.30,711.40,48705
1790669100,711.35,711.85,711.35,711.45,44042
1790669160,711.30,711.95,711.10,711.25,57378
1790669220,711.45,711.65,711.00,711.60,78224
1790669280,711.65,711.65,710.60,710.95,158023
1790669340,710.80,711.20,710.70,711.00,65067
1790669400,711.00,711.15,710.60,710.90,49000
1790669460,711.00,711.25,710.90,711.10,39326
1790669520,711.15,711.20,710.75,710.80,40195
1790669580,710.80,711.05,710.55,711.05,43272
1790669640,711.00,711.50,710.85,711.30,42990
1790669700,711.35,711.70,711.30,711.55,44814
1790669760,711.55,711.80,711.30,711.70,44775
1790669820,711.65,711.80,711.30,711.70,41938
1790669880,711.75,711.80,711.40,711.65,46467
1790669940,711.70,711.80,711.55,711.80,45693
1790670000,711.80,712.00,711.65,711.90,47740
1790670060,712.00,712.50,711.95,712.45,48023
1790670120,712.35,712.65,712.25,712.55,53568
1790670180,712.55,712.65,712.20,712.25,46607
1790670240,712.30,712.40,712.00,712.20,51123
1790670300,712.20,712.65,711.85,712.25,247695
1790670360,712.35,712.70,712.15,712.45,88545
1790670420,712.45,712.80,712.15,712.60,61018
1790670480,712.45,712.85,712.30,712.65,43499
1790670540,712.65,712.80,712.00,712.15,35134
1790670600,712.20,712.65,712.05,712.25,55716
1790670660,712.25,712.50,712.05,712.20,45237
1790670720,712.30,712.35,712.00,712.00,59915
1790670780,712.10,712.20,711.60,711.75,144135
1790670840,711.50,711.85,711.35,711.45,39783
1790670900,711.45,712.20,711.35,712.05,49462
1790670960,712.10,712.20,711.80,712.00,34821
1790671020,712.00,712.30,711.80,712.15,45256
1790671080,712.00,712.25,711.80,712.10,29609
1790671140,712.15,712.85,711.90,712.80,60346
1790671200,712.85,713.50,712.80,713.35,143884
1790671260,713.30,713.45,713.00,713.25,74539
1790671320,713.40,713.50,712.95,713.40,104912
1790671380,713.45,713.65,713.20,713.60,41995
1790671440,713.60,713.85,713.40,713.60,54695
1790671500,713.70,713.85,713.35,713.80,39029
1790671560,713.80,714.15,713.10,713.50,233221
1790671620,713.50,713.85,713.30,713.65,38972
1790671680,713.65,713.80,713.60,713.70,24783
1790671740,713.70,713.75,713.50,713.60,39811
1790671800,713.55,713.65,713.25,713.40,35515
1790671860,713.40,713.70,713.15,713.40,41466
1790671920,713.50,713.75,713.25,713.55,47916
1790671980,713.55,713.60,713.00,713.20,142396
1790672040,713.20,713.45,712.95,713.00,205099
1790672100,713.05,713.45,713.00,713.25,96416
1790672160,713.25,713.30,712.90,712.95,155739
1790672220,712.95,713.20,712.65,712.80,79262
1790672280,712.65,713.10,712.60,713.05,88694
1790672340,713.00,713.45,713.00,713.40,40171
1790672400,713.35,713.85,713.10,713.85,141811
1790672460,713.85,714.25,713.65,714.20,128268
1790672520,714.30,714.55,713.95,714.15,103074
1790672580,714.15,714.20,713.30,713.60,126729
1790672640,713.30,713.75,713.05,713.55,80251
1790672700,713.55,714.40,713.30,714.35,84371
1790672760,714.35,714.55,714.20,714.40,126580
1790672820,714.35,714.40,713.50,713.60,62258
1790672880,713.55,713.90,713.40,713.55,52255
1790672940,713.65,713.85,713.45,713.55,50259
1790673000,713.65,713.65,713.30,713.45,43392
1790673060,713.45,713.85,713.35,713.55,51098
1790673120,713.60,713.85,713.35,713.40,57943
1790673180,713.40,713.80,713.35,713.50,39658
1790673240,713.50,713.55,713.15,713.35,63670
1790673300,713.40,713.55,713.05,713.50,68334
1790673360,713.50,713.70,713.40,713.65,56605
1790673420,713.65,713.90,713.45,713.55,57978
1790673480,713.50,713.65,713.35,713.45,52319
1790673540,713.45,713.70,713.35,713.55,63651
1790673600,713.55,713.75,713.20,713.40,90882
1790673660,713.40,713.65,713.25,713.45,83644
1790673720,713.50,713.95,713.35,713.60,212158
1790673780,713.60,714.00,713.45,713.55,217911
1790673840,713.65,713.85,713.55,713.75,131106
1790673900,713.75,714.10,713.60,713.95,161006
1790673960,713.95,714.25,713.80,713.85,96737
1790674020,713.80,714.05,713.50,714.05,174973
1790674080,714.00,714.05,713.45,713.70,239511
1790674140,713.85,713.95,713.40,713.55,115692
1790674200,713.60,714.15,713.50,713.80,208154
1790674260,713.75,713.90,713.30,713.35,135210
1790674320,713.30,713.55,713.15,713.35,144281
1790674380,713.30,713.80,713.30,713.35,117991
1790674440,713.35,713.65,713.30,713.45,105813
1790674500,713.40,713.60,713.35,713.60,135189
1790674560,713.55,714.10,713.55,713.95,177528
1790674620,713.90,714.05,713.80,713.90,140779
1790674680,713.90,714.00,713.65,713.85,133170
1790674740,713.90,714.65,713.70,714.50,229121
1790674800,714.55,715.35,714.35,715.35,244520
1790674860,715.25,715.95,715.05,715.35,145857
1790674920,715.15,715.60,714.85,715.00,135403
1790674980,715.30,715.75,715.10,715.75,130353
1790675040,715.25,715.70,715.00,715.40,37708
1790675100,715.40,715.40,715.40,715.40,26
1790675160,715.40,715.40,715.40,715.40,0
1790675220,715.40,715.40,715.40,715.40,0
1790675280,715.40,715.40,715.40,715.40,0
1790675340,715.40,715.40,715.40,715.40,0
1790675400,715.40,715.40,715.40,715.40,0
1790675460,715.40,715.40,715.40,715.40,0
1790675520,715.40,715.40,715.40,715.40,0
1790675580,715.40,715.40,715.40,715.40,0
1790675640,715.40,715.40,715.40,715.40,0
1790675700,715.40,715.40,715.40,715.40,0
1790675760,715.40,715.40,715.40,715.40,0
1790675820,715.40,715.40,715.40,715.40,0
1790675880,715.40,715.40,715.40,715.40,0
1790675940,715.40,722.70,715.40,722.70,9516452
1790739900,711.50,716.80,711.50,713.60,1048088
1790739960,713.60,713.60,710.25,712.65,615976
1790740020,712.45,712.50,710.85,711.65,404105
1790740080,711.80,712.05,711.50,711.95,209158
1790740140,712.00,712.35,711.95,712.00,247184
1790740200,712.00,712.45,711.60,712.25,216368
1790740260,712.15,712.20,711.60,712.05,187118
1790740320,712.05,712.05,711.30,711.90,202016
1790740380,711.95,713.45,711.95,713.45,251626
1790740440,713.45,714.00,713.30,713.95,338543
1790740500,714.00,714.45,712.50,712.70,296750
1790740560,712.70,714.25,712.70,714.15,163188
1790740620,714.15,714.30,714.00,714.15,134507
1790740680,714.20,714.20,713.50,713.65,152524
1790740740,713.65,714.10,713.40,713.70,208985
1790740800,713.70,713.75,713.50,713.70,120551
1790740860,713.70,713.70,713.10,713.30,130285
1790740920,713.25,713.50,713.25,713.35,113011
1790740980,713.30,713.30,711.75,712.05,176106
1790741040,712.00,712.05,711.55,711.80,77619
1790741100,711.80,712.55,711.75,712.45,56819
1790741160,712.40,712.45,711.80,711.85,81163
1790741220,711.90,712.35,711.85,712.35,80473
1790741280,712.35,712.65,712.30,712.60,73794
1790741340,712.60,712.65,712.00,712.05,64562
1790741400,712.05,712.05,711.55,711.70,75205
1790741460,711.65,712.00,711.65,712.00,57503
1790741520,712.00,712.10,711.95,712.10,46268
1790741580,712.00,712.15,712.00,712.15,69296
1790741640,712.15,712.25,712.10,712.25,65521
1790741700,712.20,712.65,712.20,712.65,56643
1790741760,712.65,712.65,712.30,712.35,76642
1790741820,712.40,712.40,712.00,712.00,58313
1790741880,712.00,712.00,711.80,711.80,88012
1790741940,711.85,711.90,711.60,711.80,57036
1790742000,711.80,711.80,711.75,711.75,49259
1790742060,711.80,711.80,711.70,711.70,43915
1790742120,711.75,711.75,711.25,711.30,83128
1790742180,711.35,711.80,711.15,711.80,79112
1790742240,711.80,712.20,711.75,712.15,60403
1790742300,712.20,712.65,712.15,712.45,95928
1790742360,712.45,712.50,712.30,712.35,56479
1790742420,712.30,712.35,711.95,712.15,58558
1790742480,712.15,712.15,712.10,712.15,55210
1790742540,712.35,712.35,711.80,711.90,63239
1790742600,711.90,712.10,711.85,712.10,93820
1790742660,712.10,712.10,712.05,712.10,35580
1790742720,712.05,712.55,712.05,712.55,93847
1790742780,712.50,712.55,712.40,712.50,61801
1790742840,712.55,712.65,712.50,712.60,126650
1790742900,712.80,714.70,712.75,714.65,285028
1790742960,714.70,715.20,714.60,714.90,381724
1790743020,714.90,715.15,714.85,715.10,223065
1790743080,715.15,715.20,714.85,715.05,222281
1790743140,715.00,715.10,714.85,714.90,76010
1790743200,714.75,715.60,714.60,715.05,245826
1790743260,715.05,715.45,715.00,715.15,55316
1790743320,715.15,715.75,715.10,715.75,171286
1790743380,715.75,715.90,715.00,715.15,155001
1790743440,715.15,715.15,714.50,714.65,70675
1790743500,714.70,714.80,714.50,714.75,47256
1790743560,714.80,715.15,714.75,715.00,49534
1790743620,714.90,715.05,714.10,714.25,44755
1790743680,714.25,714.25,714.00,714.10,45218
1790743740,714.15,714.15,713.45,713.60,43452
1790743800,713.65,713.85,713.50,713.85,45808
1790743860,713.80,714.15,713.80,714.10,36604
1790743920,714.10,714.10,713.65,713.80,35095
1790743980,713.70,714.20,713.70,713.85,38777
1790744040,713.80,713.85,713.60,713.85,24997
1790744100,713.80,713.85,713.35,713.35,49913
1790744160,713.55,713.85,713.45,713.80,37893
1790744220,713.80,713.90,713.35,713.40,25042
1790744280,713.40,713.90,713.40,713.90,54308
1790744340,713.95,714.10,713.90,714.10,33448
1790744400,714.10,714.10,713.75,713.75,35738
1790744460,713.85,714.15,713.75,713.80,59441
1790744520,713.85,713.85,713.45,713.65,29553
1790744580,713.65,714.00,713.20,713.45,43698
1790744640,713.45,713.70,713.05,713.35,35238
1790744700,713.45,713.45,712.50,712.60,41827
1790744760,712.60,713.15,712.55,713.15,83426
1790744820,713.15,713.65,713.15,713.60,64170
1790744880,713.60,714.05,713.55,714.05,52220
1790744940,714.05,714.20,714.00,714.20,23393
1790745000,714.20,714.35,714.15,714.20,36253
1790745060,714.20,714.65,714.00,714.25,43476
1790745120,714.20,714.20,714.00,714.00,18934
1790745180,714.05,714.60,714.00,714.05,43336
1790745240,714.05,714.05,713.60,713.75,29019
1790745300,713.75,714.20,713.65,713.80,47515
1790745360,713.80,713.80,713.30,713.55,30126
1790745420,713.55,713.90,713.50,713.90,31828
1790745480,713.85,714.15,713.60,713.70,34796
1790745540,713.70,713.70,713.15,713.50,79073
1790745600,713.50,713.70,713.50,713.55,21121
1790745660,713.55,714.10,713.40,713.70,46429
1790745720,713.75,713.90,713.45,713.75,75347
1790745780,713.75,713.85,713.65,713.75,25716
1790745840,713.75,713.80,713.60,713.75,36802
1790745900,713.75,713.90,713.50,713.55,24476
1790745960,713.65,713.65,713.05,713.05,59855
1790746020,713.05,713.25,712.70,712.70,51165
1790746080,712.75,713.15,712.50,712.90,49465
1790746140,712.85,713.15,712.65,712.70,40446
1790746200,712.70,713.65,712.60,713.60,66282
1790746260,713.55,714.35,713.50,714.35,64885
1790746320,714.30,715.35,714.30,715.10,169308
1790746380,715.20,715.35,714.55,715.05,87891
1790746440,715.05,715.25,714.45,714.70,54402
1790746500,714.65,714.75,714.20,714.35,45406
1790746560,714.70,714.75,714.25,714.30,47336
1790746620,714.35,714.50,713.95,714.10,44851
1790746680,714.10,714.35,714.00,714.15,35602
1790746740,714.25,714.25,713.90,714.15,38584
1790746800,714.00,714.50,714.00,714.40,71755
1790746860,714.35,714.50,713.95,713.95,28369
1790746920,714.00,714.05,713.70,713.85,55845
1790746980,713.90,714.00,713.70,713.95,34686
1790747040,713.90,713.95,713.60,713.60,32562
1790747100,713.65,713.75,713.30,713.75,52711
1790747160,713.75,714.15,713.70,714.05,44565
1790747220,714.00,714.05,713.60,713.60,28035
1790747280,713.65,713.90,713.50,713.90,52271
1790747340,713.85,714.45,713.85,714.20,49383
1790747400,714.25,714.90,714.15,714.70,111753
1790747460,714.65,715.30,714.65,715.05,77121
1790747520,715.05,715.20,714.65,714.95,40658
1790747580,714.90,716.25,714.90,716.10,127402
1790747640,716.25,716.40,715.95,716.05,112629
1790747700,716.05,716.50,716.00,716.10,165922
1790747760,716.25,716.70,716.00,716.55,112089
1790747820,716.55,717.00,716.05,716.25,97212
1790747880,716.10,716.40,716.00,716.20,41860
1790747940,716.40,716.60,716.00,716.25,59434
1790748000,716.10,717.45,716.00,716.95,184284
1790748060,717.00,717.00,716.00,717.00,87396
1790748120,716.90,717.55,716.90,717.40,98829
1790748180,717.15,717.55,717.05,717.55,78792
1790748240,717.55,718.30,717.50,718.05,136612
1790748300,718.00,718.20,717.90,717.95,81857
1790748360,718.00,718.10,717.85,718.00,80055
1790748420,718.00,718.20,718.00,718.10,53468
1790748480,718.10,718.40,718.00,718.10,64648
1790748540,718.00,718.15,716.60,716.80,206817
1790748600,716.80,717.25,716.45,716.70,111436
1790748660,716.70,716.80,716.00,716.05,41767
1790748720,716.25,716.95,716.00,716.65,60796
1790748780,716.60,717.25,716.45,717.05,65883
1790748840,717.05,717.20,716.85,716.85,49686
1790748900,716.85,716.90,716.00,716.35,95027
1790748960,716.15,716.35,716.00,716.05,39209
1790749020,716.00,716.75,716.00,716.60,270029
1790749080,716.50,717.15,716.30,716.75,146825
1790749140,716.80,717.00,716.60,716.65,125305
1790749200,716.60,716.65,716.50,716.50,36696
1790749260,716.55,716.80,716.30,716.50,68144
1790749320,716.50,716.65,716.05,716.45,42468
1790749380,716.35,716.65,716.35,716.50,52670
1790749440,716.55,716.60,716.20,716.55,55108
1790749500,716.55,716.65,716.50,716.55,46082
1790749560,716.55,716.85,716.45,716.80,39959
1790749620,716.80,717.15,716.75,716.90,81961
1790749680,716.90,717.05,716.35,717.05,61577
1790749740,717.05,717.05,716.75,717.00,44667
1790749800,717.05,717.65,717.00,717.55,168413
1790749860,717.55,717.95,717.05,717.20,123160
1790749920,717.20,717.90,717.15,717.55,60228
1790749980,717.55,717.95,717.25,717.90,70618
1790750040,717.90,717.90,717.40,717.40,14767
1790750100,717.45,717.60,717.25,717.45,22638
1790750160,717.50,717.50,717.00,717.10,26566
1790750220,717.15,717.20,716.70,717.20,33475
1790750280,717.15,717.50,717.10,717.35,57098
1790750340,717.30,717.40,717.15,717.25,39647
1790750400,717.25,717.50,717.20,717.20,54297
1790750460,717.25,717.25,716.00,716.20,48800
1790750520,716.20,716.60,715.75,716.55,66035
1790750580,716.50,716.55,716.00,716.30,32413
1790750640,716.10,716.30,715.80,715.85,33548
1790750700,715.85,715.90,715.30,715.50,46851
1790750760,715.45,716.15,715.20,716.15,54537
1790750820,716.10,716.20,716.00,716.00,25692
1790750880,716.00,716.05,716.00,716.05,23382
1790750940,716.05,716.70,716.00,716.45,97755
1790751000,716.45,716.70,716.05,716.45,40216
1790751060,716.45,717.50,716.40,717.10,89118
1790751120,717.25,718.40,717.05,718.25,64479
1790751180,718.25,719.60,718.20,719.55,125995
1790751240,719.55,719.70,718.50,718.55,50345
1790751300,718.65,719.15,718.30,719.15,69154
1790751360,719.15,719.50,718.90,719.40,89237
1790751420,719.40,719.40,718.75,719.05,50748
1790751480,719.05,719.45,719.00,719.15,95227
1790751540,719.15,719.15,718.60,718.65,43755
1790751600,718.60,718.95,718.60,718.90,30373
1790751660,718.90,719.25,718.85,719.25,37795
1790751720,719.20,719.60,719.20,719.50,27661
1790751780,719.45,719.70,719.45,719.50,33522
1790751840,719.45,719.70,719.00,719.30,46049
1790751900,719.25,719.50,718.45,718.75,45264
1790751960,718.90,719.95,718.75,719.55,144920
1790752020,719.60,719.75,719.35,719.50,31056
1790752080,719.45,719.70,719.45,719.60,31921
1790752140,719.60,719.65,718.90,719.10,38936
1790752200,719.15,719.40,719.05,719.40,35777
1790752260,719.40,719.50,718.95,719.15,28811
1790752320,719.25,719.25,718.95,719.10,29154
1790752380,719.10,719.10,718.65,718.90,27804
1790752440,718.65,719.10,718.55,718.80,38229
1790752500,718.55,719.25,718.55,719.25,48904
1790752560,719.15,719.95,719.15,719.95,69091
1790752620,719.90,720.10,719.85,720.00,88088
1790752680,720.00,720.25,719.70,720.25,32794
1790752740,720.15,720.30,719.50,719.50,45380
1790752800,719.50,719.70,719.05,719.50,61172
1790752860,719.50,719.80,719.10,719.60,32461
1790752920,719.30,719.60,719.00,719.30,33468
1790752980,719.10,719.30,719.00,719.25,35341
1790753040,719.25,719.30,719.00,719.15,31738
1790753100,719.05,719.15,718.40,718.85,120837
1790753160,718.85,718.85,718.30,718.30,54914
1790753220,718.35,718.70,718.15,718.55,46567
1790753280,718.50,718.60,717.80,718.05,52831
1790753340,718.00,718.15,717.85,717.90,48540
1790753400,717.90,718.15,717.65,718.10,45951
1790753460,718.05,718.10,717.60,717.95,49620
1790753520,717.90,717.90,717.25,717.45,41979
1790753580,717.45,717.65,717.10,717.40,56367
1790753640,717.20,717.55,717.05,717.50,62473
1790753700,717.55,718.20,717.50,718.00,66346
1790753760,718.00,718.40,717.70,717.70,73621
1790753820,717.70,718.10,717.40,718.05,126448
1790753880,718.05,718.30,718.00,718.20,48178
1790753940,718.15,718.60,718.00,718.50,48987
1790754000,718.30,718.70,718.25,718.65,49853
1790754060,718.65,718.65,718.05,718.40,50699
1790754120,718.40,718.40,718.00,718.20,47779
1790754180,718.20,718.30,718.00,718.05,48285
1790754240,718.05,718.20,717.55,718.05,55886
1790754300,718.00,718.40,718.00,718.10,43004
1790754360,718.05,719.00,718.00,718.40,154315
1790754420,718.35,718.70,718.05,718.70,80543
1790754480,718.50,719.00,718.35,718.80,137708
1790754540,718.60,718.90,718.30,718.80,42619
1790754600,718.70,718.90,718.30,718.65,48196
1790754660,718.60,718.75,718.30,718.55,43622
1790754720,718.50,718.60,718.20,718.45,47650
1790754780,718.45,718.70,718.25,718.60,50315
1790754840,718.45,719.00,718.10,719.00,65602
1790754900,718.95,719.35,718.80,719.00,51531
1790754960,718.75,719.35,718.75,719.25,36859
1790755020,719.25,719.30,718.85,719.10,52124
1790755080,719.10,719.20,718.50,718.80,53441
1790755140,718.80,718.90,718.20,718.40,31863
1790755200,718.45,718.50,718.20,718.45,33163
1790755260,718.50,718.95,718.05,718.90,76431
1790755320,718.90,718.90,718.25,718.45,46430
1790755380,718.45,718.50,718.05,718.25,43769
1790755440,718.25,718.45,717.80,718.00,53403
1790755500,718.00,718.05,717.70,717.90,61115
1790755560,717.90,718.05,717.20,717.85,53272
1790755620,717.85,718.20,717.75,718.20,44701
1790755680,718.25,718.50,717.80,718.30,84815
1790755740,718.05,718.30,717.40,717.80,125202
1790755800,717.75,717.90,717.00,717.10,79176
1790755860,717.05,717.30,716.20,716.45,132109
1790755920,716.55,717.00,716.50,716.90,101246
1790755980,716.95,717.15,716.70,717.05,95361
1790756040,717.05,717.05,716.40,716.60,65021
1790756100,716.60,716.65,716.10,716.60,91220
1790756160,716.60,716.85,716.35,716.70,76838
1790756220,716.70,717.05,716.25,717.00,117778
1790756280,717.05,717.20,716.45,716.65,111187
1790756340,716.65,716.95,716.55,716.90,59075
1790756400,716.90,716.90,716.20,716.85,158093
1790756460,716.90,717.10,716.75,717.05,58514
1790756520,717.05,717.05,716.40,716.65,66514
1790756580,716.65,716.95,716.40,716.45,64494
1790756640,716.60,717.00,716.30,716.80,84988
1790756700,716.80,717.30,716.70,717.25,72814
1790756760,717.25,717.35,716.85,717.00,75834
1790756820,717.15,717.70,716.95,717.70,76447
1790756880,717.70,717.90,717.30,717.80,118945
1790756940,717.80,717.95,717.30,717.45,89891
1790757000,717.45,717.85,717.20,717.70,110324
1790757060,717.70,717.95,717.45,717.95,122611
1790757120,717.90,718.50,717.70,718.15,90804
1790757180,718.10,718.15,717.70,718.00,70165
1790757240,717.75,718.35,717.75,718.35,85626
1790757300,718.30,718.50,717.70,717.90,92435
1790757360,718.10,718.40,717.90,718.20,122215
1790757420,718.35,718.35,717.25,717.60,124038
1790757480,717.85,717.85,717.20,717.60,99551
1790757540,717.25,717.55,716.80,716.80,136622
1790757600,716.80,717.10,716.50,716.50,88088
1790757660,716.50,716.65,716.00,716.50,105691
1790757720,716.55,716.70,715.95,716.00,95727
1790757780,715.85,716.15,715.35,715.35,107780
1790757840,715.35,715.65,715.00,715.40,91021
1790757900,715.40,715.75,715.30,715.55,132067
1790757960,715.55,716.10,715.55,715.85,92786
1790758020,716.00,716.30,715.75,716.00,84925
1790758080,716.05,716.30,715.75,715.85,75248
1790758140,716.35,716.35,715.55,715.95,93242
1790758200,715.80,716.20,715.50,716.00,172785
1790758260,715.90,716.20,715.60,715.80,87597
1790758320,715.90,716.30,715.75,715.90,90537
1790758380,715.95,716.10,715.25,715.25,83939
1790758440,715.50,715.85,715.30,715.35,114349
1790758500,715.35,715.70,715.05,715.35,143171
1790758560,715.35,715.40,714.60,714.80,202153
1790758620,714.80,715.10,714.70,715.05,89685
1790758680,715.05,715.05,713.70,713.95,134687
1790758740,713.95,713.95,713.40,713.85,99672
1790758800,713.85,714.05,713.45,713.75,94321
1790758860,713.60,714.35,713.60,714.35,92094
1790758920,714.30,714.45,714.00,714.35,110976
1790758980,714.35,714.60,714.00,714.20,145616
1790759040,714.20,714.40,713.65,713.90,91147
1790759100,713.85,713.90,713.50,713.80,91058
1790759160,713.80,713.80,713.00,713.40,97786
1790759220,713.35,713.40,712.75,712.85,98440
1790759280,713.00,713.65,712.85,713.25,115158
1790759340,713.30,713.30,712.20,712.45,134365
1790759400,712.35,713.10,712.35,713.00,91375
1790759460,713.00,713.20,712.40,712.70,85418
1790759520,712.70,712.70,712.20,712.25,114337
1790759580,712.25,712.30,711.70,712.10,145450
1790759640,712.35,712.80,712.05,712.25,148886
1790759700,712.25,713.00,712.25,713.00,138878
1790759760,713.00,713.15,712.20,712.75,130446
1790759820,712.75,712.95,712.20,712.80,133327
1790759880,712.80,713.25,712.60,713.20,209091
1790759940,713.20,713.45,713.10,713.45,122898
1790760000,713.30,713.55,712.70,713.10,203950
1790760060,713.10,713.25,712.55,713.25,106883
1790760120,713.15,713.80,713.15,713.60,187200
1790760180,713.60,714.00,713.45,713.80,141965
1790760240,713.90,714.00,713.60,713.95,119249
1790760300,713.90,714.00,713.80,713.85,126919
1790760360,713.85,714.00,713.45,713.60,146212
1790760420,713.45,713.95,713.20,713.90,121200
1790760480,713.90,713.95,713.70,713.90,106893
1790760540,713.90,714.35,713.90,714.05,170611
1790760600,714.10,714.90,713.70,714.90,231260
1790760660,714.80,715.40,714.70,715.05,179275
1790760720,715.25,715.70,715.05,715.40,198613
1790760780,715.30,715.40,714.60,714.85,214308
1790760840,714.90,715.35,714.60,715.20,159220
1790760900,715.15,715.20,714.65,715.05,244242
1790760960,715.15,715.90,715.00,715.60,287183
1790761020,715.70,715.70,715.00,715.05,218624
1790761080,715.05,715.25,715.00,715.25,224134
1790761140,715.30,715.30,714.60,714.85,245706
1790761200,714.90,715.05,714.50,714.50,210168
1790761260,714.50,715.80,714.25,715.65,344701
1790761320,715.65,715.70,714.45,715.00,303327
1790761380,714.95,715.00,712.95,713.15,296885
1790761440,713.15,713.75,712.00,713.40,235805
1790761500,713.40,713.40,713.40,713.40,0
1790761560,713.40,713.40,713.40,713.40,0
1790761620,713.40,713.40,713.40,713.40,0
1790761680,713.40,713.40,713.40,713.40,0
1790761740,713.40,713.40,713.40,713.40,0
1790761800,713.40,713.40,713.40,713.40,0
1790761860,713.40,713.40,713.40,713.40,0
1790761920,713.40,713.40,713.40,713.40,0
1790761980,713.40,713.40,713.40,713.40,0
1790762040,713.40,713.40,713.40,713.40,0
1790762100,713.40,713.40,713.40,713.40,0
1790762160,713.40,713.40,713.40,713.40,0
1790762220,713.40,713.40,713.40,713.40,0
1790762280,713.40,713.40,708.70,708.70,4197412
1790762340,708.70,708.70,708.70,708.70,0
1790826300,708.40,712.90,707.10,711.70,465754
1790826360,711.90,714.60,711.35,714.30,320223
1790826420,714.40,716.50,713.40,716.45,280234
1790826480,716.70,718.35,716.35,718.30,213398
1790826540,718.55,718.55,716.60,717.50,207210
1790826600,717.30,717.80,716.00,716.25,99165
1790826660,716.30,716.50,715.10,715.45,178726
1790826720,715.45,715.95,715.05,715.75,110391
1790826780,715.60,715.70,714.55,715.20,150432
1790826840,715.30,715.30,714.00,714.25,68469
1790826900,714.30,714.80,714.00,714.25,45821
1790826960,714.35,714.90,714.35,714.60,93373
1790827020,714.60,714.70,714.25,714.45,31165
1790827080,714.60,714.90,714.20,714.60,73644
1790827140,714.45,714.55,714.25,714.25,45777
1790827200,714.20,714.75,714.05,714.75,92772
1790827260,714.75,714.75,714.40,714.65,56892
1790827320,714.55,715.20,714.05,714.05,67450
1790827380,714.30,714.60,714.25,714.30,48637
1790827440,714.25,714.40,713.40,713.55,127442
1790827500,713.70,714.10,713.40,713.65,139377
1790827560,713.65,713.75,713.20,713.40,87022
1790827620,713.60,714.45,713.40,714.15,99738
1790827680,714.30,714.70,713.75,713.75,65857
1790827740,713.95,714.45,713.85,714.25,41259
1790827800,714.45,714.70,714.30,714.70,44551
1790827860,714.55,714.70,713.90,714.15,46336
1790827920,714.35,715.40,714.35,715.40,65637
1790827980,715.40,715.50,714.65,714.75,65877
1790828040,714.75,715.00,714.15,714.60,40860
1790828100,714.65,714.70,713.90,714.50,73312
1790828160,714.50,715.05,714.45,714.85,58129
1790828220,714.80,715.70,714.80,715.60,94394
1790828280,715.60,716.40,715.50,716.15,74136
1790828340,716.10,717.10,715.50,715.80,126040
1790828400,715.80,716.00,715.20,715.40,30506
1790828460,715.40,715.70,715.00,715.25,70518
1790828520,715.20,715.40,715.00,715.40,29846
1790828580,715.40,715.40,715.00,715.00,33106
1790828640,715.05,715.55,715.00,715.00,77641
1790828700,715.10,715.70,714.60,715.55,54601
1790828760,715.55,715.70,715.00,715.70,51783
1790828820,715.70,715.80,714.70,715.10,57561
1790828880,715.00,715.20,714.85,715.10,22780
1790828940,715.10,715.50,715.05,715.50,18478
1790829000,715.50,716.50,715.35,716.50,78714
1790829060,716.35,717.00,716.20,716.45,66359
1790829120,716.45,716.50,716.15,716.20,39273
1790829180,716.25,716.30,715.45,716.10,156760
1790829240,716.05,716.45,716.00,716.20,35767
1790829300,716.20,716.30,715.65,715.70,96999
1790829360,715.70,715.90,715.15,715.25,53200
1790829420,715.50,715.85,715.25,715.85,38897
1790829480,715.65,715.85,715.15,715.15,48673
1790829540,715.40,715.40,715.00,715.05,38915
1790829600,715.20,715.50,715.00,715.05,41308
1790829660,715.15,715.75,715.05,715.60,50884
1790829720,715.75,715.75,715.25,715.50,49286
1790829780,715.40,715.50,715.00,715.00,41094
1790829840,715.00,715.15,715.00,715.15,57000
1790829900,715.10,715.15,714.75,714.80,36923
1790829960,714.75,715.10,714.75,715.00,36889
1790830020,715.05,715.05,714.80,714.95,37009
1790830080,715.00,715.10,714.85,715.00,22705
1790830140,714.85,715.00,714.35,714.45,392390
1790830200,714.50,715.00,714.30,715.00,438655
1790830260,714.90,715.00,714.50,714.80,255891
1790830320,714.85,715.00,714.80,714.80,260062
1790830380,714.80,715.00,714.70,714.80,71874
1790830440,714.75,714.85,714.05,714.25,71136
1790830500,714.35,714.45,714.20,714.30,19112
1790830560,714.35,714.35,713.70,714.00,106851
1790830620,714.00,714.25,713.70,714.25,46550
1790830680,714.25,714.50,714.00,714.50,56376
1790830740,714.50,714.75,713.95,714.25,47508
1790830800,714.25,714.45,713.90,714.45,57656
1790830860,714.20,714.40,714.00,714.10,33369
1790830920,714.20,714.25,713.75,714.20,110020
1790830980,714.20,714.40,714.00,714.00,37250
1790831040,714.05,714.25,713.80,714.25,51928
1790831100,714.25,715.00,714.10,714.60,63712
1790831160,714.70,714.95,714.35,714.85,35908
1790831220,714.85,714.90,714.35,714.60,26995
1790831280,714.45,715.00,714.20,715.00,349936
1790831340,715.00,715.00,714.40,714.65,35045
1790831400,714.70,714.90,714.55,714.90,24793
1790831460,714.95,715.00,714.70,714.95,58117
1790831520,715.00,715.00,714.60,714.80,66838
1790831580,714.80,715.00,714.75,715.00,32742
1790831640,714.90,715.00,714.65,715.00,97111
1790831700,715.00,715.00,714.55,715.00,654995
1790831760,715.00,715.15,714.90,715.00,199791
1790831820,714.95,715.00,714.90,715.00,206437
1790831880,715.00,715.00,714.70,714.95,107408
1790831940,715.00,715.00,714.85,714.90,92442
1790832000,715.00,717.50,714.95,717.35,144546
1790832060,717.45,717.75,716.50,717.60,121697
1790832120,717.90,718.20,717.30,717.95,88278
1790832180,717.90,718.40,717.55,718.30,86885
1790832240,718.20,718.20,717.55,717.60,54169
1790832300,717.65,718.50,717.55,718.05,64589
1790832360,718.05,718.10,717.40,717.50,59960
1790832420,717.40,717.45,716.70,716.90,43756
1790832480,716.90,717.60,716.85,717.50,35704
1790832540,717.45,718.45,717.45,717.90,40661
1790832600,717.90,718.20,717.70,718.15,73853
1790832660,718.15,718.15,717.50,717.55,48344
1790832720,717.60,718.00,717.55,717.60,39347
1790832780,717.75,717.75,717.05,717.35,35784
1790832840,717.40,717.55,717.25,717.25,40379
1790832900,717.30,717.35,716.85,717.10,49855
1790832960,717.10,718.15,717.10,718.10,71373
1790833020,718.05,718.05,717.30,717.85,71890
1790833080,717.90,718.10,717.10,717.20,80036
1790833140,717.20,717.25,716.50,716.70,51493
1790833200,716.70,717.15,716.55,717.00,51831
1790833260,717.00,717.50,716.70,716.80,45620
1790833320,716.95,717.20,716.80,716.85,56136
1790833380,716.85,717.15,716.80,717.10,53829
1790833440,717.05,717.30,716.85,717.05,41069
1790833500,717.05,717.50,716.70,717.00,67007
1790833560,717.00,717.10,716.75,717.05,31624
1790833620,717.15,717.50,717.00,717.10,56788
1790833680,717.25,717.30,716.85,716.85,32955
1790833740,716.95,717.05,716.75,716.80,38775
1790833800,717.05,717.35,717.00,717.35,70483
1790833860,717.35,717.65,717.00,717.10,170939
1790833920,717.10,717.25,716.50,716.55,126855
1790833980,716.55,716.60,716.05,716.55,55382
1790834040,716.55,716.75,716.20,716.45,35476
1790834100,716.45,716.90,716.25,716.90,41077
1790834160,716.90,717.45,716.80,717.45,31153
1790834220,717.25,717.50,717.05,717.50,33695
1790834280,717.30,717.65,717.30,717.65,42564
1790834340,717.70,718.15,717.70,718.00,59520
1790834400,718.00,718.15,717.90,718.05,28088
1790834460,718.10,718.10,717.30,717.60,41680
1790834520,717.55,717.55,717.00,717.05,40915
1790834580,717.05,717.60,717.05,717.35,59704
1790834640,717.35,717.60,717.35,717.60,26031
1790834700,717.45,717.85,717.45,717.85,21072
1790834760,717.90,718.85,717.70,718.60,95485
1790834820,718.55,718.85,718.40,718.70,41945
1790834880,718.70,718.75,718.15,718.25,42557
1790834940,718.25,719.00,718.00,718.65,101828
1790835000,718.65,718.75,718.10,718.40,36798
1790835060,718.45,718.50,718.30,718.40,29692
1790835120,718.40,718.75,718.35,718.70,54508
1790835180,718.70,718.70,718.20,718.40,42764
1790835240,718.40,718.70,718.35,718.60,27853
1790835300,718.60,719.10,718.40,718.75,95473
1790835360,718.60,718.75,718.30,718.35,41486
1790835420,718.40,718.60,718.35,718.55,29631
1790835480,718.50,718.80,718.05,718.40,174404
1790835540,718.40,718.40,718.10,718.25,52535
1790835600,718.25,718.50,718.10,718.45,35894
1790835660,718.45,718.85,718.30,718.35,44874
1790835720,718.35,718.60,718.20,718.35,30710
1790835780,718.35,718.60,718.00,718.15,93141
1790835840,718.15,718.30,717.90,718.20,57480
1790835900,718.15,718.15,718.00,718.05,33435
1790835960,718.05,718.25,717.90,718.10,42358
1790836020,718.10,718.60,718.00,718.45,72876
1790836080,718.60,718.70,718.25,718.60,53799
1790836140,718.60,719.40,718.60,719.25,65174
1790836200,719.25,719.50,719.20,719.45,60719
1790836260,719.45,719.50,718.55,718.95,74743
1790836320,718.95,719.30,718.80,719.00,44751
1790836380,719.00,719.45,718.95,719.45,41586
1790836440,719.40,719.45,719.00,719.15,39166
1790836500,719.30,719.45,719.10,719.30,56046
1790836560,719.30,719.35,718.60,718.70,98352
1790836620,718.95,718.95,718.35,718.60,74344
1790836680,718.70,718.85,718.40,718.50,46400
1790836740,718.45,718.85,718.30,718.45,66818
1790836800,718.45,718.55,717.25,717.60,180989
1790836860,717.55,717.85,717.20,717.70,54453
1790836920,717.70,718.45,717.60,718.10,67005
1790836980,718.25,718.60,718.00,718.05,50945
1790837040,718.10,718.10,717.60,717.70,39258
1790837100,717.75,717.90,717.30,717.65,42817
1790837160,717.75,718.20,717.65,718.05,42776
1790837220,718.00,718.20,717.70,717.85,34816
1790837280,717.85,717.90,717.40,717.45,23269
1790837340,717.45,717.80,717.40,717.45,46508
1790837400,717.50,717.65,717.20,717.30,38503
1790837460,717.50,717.70,717.20,717.20,32488
1790837520,717.30,717.35,717.00,717.15,55619
1790837580,717.20,717.35,716.70,716.85,56718
1790837640,716.70,717.00,716.40,716.40,38959
1790837700,716.50,716.90,716.00,716.25,75894
1790837760,716.20,716.35,715.60,715.80,66938
1790837820,715.80,715.90,715.50,715.60,74465
1790837880,715.75,715.80,715.20,715.25,161950
1790837940,715.25,715.95,715.20,715.90,51868
1790838000,715.90,716.10,715.30,715.80,82534
1790838060,716.15,716.15,715.60,715.80,28002
1790838120,715.80,717.25,715.80,717.15,54299
1790838180,717.10,718.20,717.00,718.00,104435
1790838240,718.15,718.30,717.45,717.60,67502
1790838300,717.60,718.30,717.50,717.95,102608
1790838360,718.10,718.25,717.90,718.25,37481
1790838420,718.25,718.25,717.85,718.05,62755
1790838480,718.10,718.20,717.85,717.85,23573
1790838540,717.85,718.40,717.85,718.30,57667
1790838600,718.35,718.65,718.30,718.45,41139
1790838660,718.55,718.90,718.15,718.65,93966
1790838720,718.65,718.85,718.30,718.50,52624
1790838780,718.50,718.50,717.75,717.95,54694
1790838840,718.00,718.10,717.30,717.30,62214
1790838900,717.20,717.55,716.80,716.85,158888
1790838960,716.95,717.20,716.35,717.05,102109
1790839020,717.00,717.20,716.30,716.55,132374
1790839080,716.70,717.20,716.25,716.70,152224
1790839140,716.70,716.80,716.00,716.15,87930
1790839200,716.25,716.40,715.70,716.15,82052
1790839260,716.10,716.50,715.80,716.15,98970
1790839320,716.20,716.30,715.75,715.95,61695
1790839380,715.70,715.85,715.10,715.50,122097
1790839440,715.50,715.65,715.30,715.60,109126
1790839500,715.65,715.65,714.65,714.65,188724
1790839560,714.95,715.30,714.20,714.20,273238
1790839620,714.30,715.25,714.20,715.10,152764
1790839680,715.10,715.20,714.30,714.50,302329
1790839740,714.55,716.10,714.50,715.40,152643
1790839800,715.35,715.80,715.05,715.80,58586
1790839860,715.75,715.95,715.35,715.95,82020
1790839920,716.00,716.50,715.60,716.30,108760
1790839980,716.25,716.95,716.00,716.10,57939
1790840040,716.30,716.50,716.00,716.40,49024
1790840100,716.50,716.50,716.00,716.00,38730
1790840160,716.25,716.25,716.00,716.15,47582
1790840220,716.15,716.35,715.60,716.35,89277
1790840280,716.20,716.70,716.05,716.70,41476
1790840340,716.75,716.75,716.00,716.60,64484
1790840400,716.60,716.60,715.60,716.00,135762
1790840460,715.95,716.30,715.60,716.05,42031
1790840520,716.10,716.35,715.70,715.75,47745
1790840580,715.85,716.00,715.65,715.75,37394
1790840640,715.75,716.30,715.55,716.25,54007
1790840700,716.20,716.20,715.55,716.00,46051
1790840760,715.95,716.00,715.60,715.75,96375
1790840820,715.75,715.90,715.60,715.90,62800
1790840880,715.80,715.90,715.35,715.35,104286
1790840940,715.35,715.60,715.05,715.55,55339
1790841000,715.55,715.75,715.40,715.65,59829
1790841060,715.75,715.85,715.55,715.65,39647
1790841120,715.70,715.75,715.10,715.35,49172
1790841180,715.35,715.80,715.15,715.80,36140
1790841240,715.75,715.85,715.45,715.70,35692
1790841300,715.60,716.20,715.50,716.20,54949
1790841360,716.35,716.35,715.85,715.90,39345
1790841420,715.90,716.20,715.65,715.95,36917
1790841480,716.05,716.55,715.90,716.25,47044
1790841540,716.25,716.30,715.75,716.00,45910
1790841600,716.05,716.20,715.50,716.20,94393
1790841660,716.15,716.70,715.50,715.55,128951
1790841720,715.50,716.40,715.50,716.40,80890
1790841780,716.50,717.60,716.05,717.50,114140
1790841840,717.55,718.15,717.05,717.65,161251
1790841900,717.65,717.90,717.30,717.30,60662
1790841960,717.60,717.60,716.95,717.25,46431
1790842020,717.25,717.50,716.70,717.20,57619
1790842080,717.25,717.30,716.90,717.05,51613
1790842140,717.10,717.15,716.65,716.90,48990
1790842200,716.95,717.00,716.15,716.15,83502
1790842260,716.10,716.30,714.65,714.85,166960
1790842320,714.85,714.95,714.40,714.40,77458
1790842380,714.50,714.55,714.05,714.05,76729
1790842440,714.05,714.95,714.05,714.90,139171
1790842500,715.05,715.05,714.30,714.70,130277
1790842560,714.75,715.40,714.55,715.40,71213
1790842620,715.40,715.40,714.45,714.45,77585
1790842680,714.65,715.15,714.30,714.95,64307
1790842740,714.90,714.95,714.30,714.65,84884
1790842800,714.65,714.75,714.35,714.45,79244
1790842860,714.50,714.50,714.10,714.10,62390
1790842920,714.10,714.40,713.55,713.95,138732
1790842980,713.95,714.35,713.85,714.25,86370
1790843040,714.25,714.65,714.00,714.60,64946
1790843100,714.50,714.75,714.30,714.35,79157
1790843160,714.40,714.50,714.10,714.15,55258
1790843220,714.15,714.40,714.10,714.25,62883
1790843280,714.25,714.30,713.35,713.60,133973
1790843340,713.60,713.65,713.00,713.15,163970
1790843400,713.15,713.45,712.60,713.10,255261
1790843460,713.30,713.30,712.20,712.40,226365
1790843520,712.45,712.85,712.00,712.10,253865
1790843580,712.00,712.20,711.60,712.05,80541
1790843640,712.10,712.25,711.35,711.35,110324
1790843700,711.75,712.50,711.50,712.40,106150
1790843760,712.40,712.90,712.35,712.90,67110
1790843820,712.95,713.95,712.95,713.65,106388
1790843880,713.50,713.70,713.05,713.35,97614
1790843940,713.45,713.90,713.05,713.45,68563
1790844000,713.40,713.80,713.30,713.75,52742
1790844060,713.70,713.90,713.50,713.60,72004
1790844120,713.65,713.95,713.40,713.55,145249
1790844180,713.75,713.95,713.30,713.95,98163
1790844240,713.95,715.20,713.90,714.70,194963
1790844300,714.70,714.85,713.65,713.65,104967
1790844360,713.75,713.75,713.15,713.70,107292
1790844420,713.70,713.80,713.10,713.65,63463
1790844480,713.70,714.00,713.65,714.00,90804
1790844540,714.00,714.30,713.75,714.10,100125
1790844600,714.10,714.50,713.80,714.45,91422
1790844660,714.45,714.50,714.00,714.50,106003
1790844720,714.50,714.80,714.20,714.75,80857
1790844780,714.80,714.80,714.00,714.35,110116
1790844840,714.35,714.55,714.10,714.10,101223
1790844900,714.20,714.50,714.05,714.50,110931
1790844960,714.50,714.50,714.10,714.45,109445
1790845020,714.45,715.35,714.45,715.25,92929
1790845080,715.10,715.15,714.55,714.75,100479
1790845140,714.85,715.45,714.85,715.35,107972
1790845200,715.10,716.00,715.10,716.00,126043
1790845260,715.90,716.15,715.60,716.10,106226
1790845320,716.10,716.20,715.50,715.85,95523
1790845380,716.00,716.90,715.55,716.70,180239
1790845440,716.90,717.40,716.40,716.75,206928
1790845500,717.00,717.00,716.10,716.90,95896
1790845560,717.00,717.00,716.45,716.75,106293
1790845620,716.75,717.50,716.60,717.20,153408
1790845680,717.00,717.30,716.65,717.05,171813
1790845740,717.20,717.25,715.95,716.30,142742
1790845800,716.35,716.90,716.00,716.65,85277
1790845860,716.65,716.90,716.35,716.65,88968
1790845920,716.65,716.65,715.55,716.30,153194
1790845980,716.30,716.65,716.30,716.60,68483
1790846040,716.60,716.95,716.50,716.85,148231
1790846100,716.90,717.10,716.55,716.95,192484
1790846160,717.00,717.15,716.70,716.85,142871
1790846220,716.85,717.30,716.55,717.30,128191
1790846280,717.30,717.50,717.15,717.50,143037
1790846340,717.50,717.60,717.05,717.35,124507
1790846400,717.60,718.50,717.35,718.45,240216
1790846460,718.20,718.45,717.45,718.05,232423
1790846520,718.00,718.25,717.65,718.10,187460
1790846580,718.00,719.00,718.00,718.95,184579
1790846640,718.95,719.85,718.85,719.35,239452
1790846700,719.35,720.00,719.25,719.50,238633
1790846760,719.20,720.50,719.20,719.80,362303
1790846820,720.10,720.20,719.25,719.50,169810
1790846880,719.65,720.05,719.25,720.05,175204
1790846940,720.10,720.30,719.85,720.00,191248
1790847000,720.00,720.35,719.75,720.00,229090
1790847060,720.00,720.10,719.20,719.45,236449
1790847120,719.45,719.80,719.05,719.65,150782
1790847180,719.70,720.00,719.50,719.60,200786
1790847240,719.75,719.90,719.60,719.80,135801
1790847300,720.00,720.55,719.95,720.30,278345
1790847360,720.30,721.25,720.25,720.55,325546
1790847420,720.70,721.00,719.95,720.55,370456
1790847480,720.65,720.70,719.80,720.05,206248
1790847540,720.10,720.20,719.50,720.05,349009
1790847600,720.10,720.60,720.00,720.50,390454
1790847660,720.55,721.20,720.50,720.85,351560
1790847720,720.80,721.00,719.70,720.65,359493
1790847780,720.95,721.00,720.15,720.75,196768
1790847840,720.90,721.30,720.75,721.30,112679
1790847900,721.20,721.20,721.20,721.20,4
1790847960,721.20,721.20,721.20,721.20,0
1790848020,721.20,721.20,721.20,721.20,0
1790848080,721.20,721.20,721.20,721.20,0
1790848140,721.20,721.20,721.20,721.20,0
1790848200,721.20,721.20,721.20,721.20,0
1790848260,721.20,721.20,721.20,721.20,0
1790848320,721.20,721.20,721.20,721.20,0
1790848380,721.20,721.20,721.20,721.20,0
1790848440,721.20,721.20,721.20,721.20,0
1790848500,721.20,721.20,721.20,721.20,0
1790848560,721.20,721.20,721.20,721.20,0
1790848620,721.20,721.20,721.20,721.20,0
1790848680,721.20,721.20,721.20,721.20,0
1790848740,721.20,721.20,721.20,721.20,1482477
