Timestamp,Open,High,Low,Close,Volume
2026-09-01 09:15:00,1514.80,1514.80,1467.30,1475.10,172113
2026-09-01 09:16:00,1473.20,1474.40,1455.00,1456.80,102211
2026-09-01 09:17:00,1457.80,1458.50,1449.30,1450.70,43913
2026-09-01 09:18:00,1450.70,1452.80,1443.70,1444.70,44426
2026-09-01 09:19:00,1444.70,1451.20,1444.00,1448.30,27988
2026-09-01 09:20:00,1449.10,1449.50,1446.20,1449.30,26476
2026-09-01 09:21:00,1449.30,1452.30,1447.50,1452.20,21812
2026-09-01 09:22:00,1452.20,1453.80,1451.20,1453.50,8171
2026-09-01 09:23:00,1453.60,1456.60,1451.50,1451.70,10357
2026-09-01 09:24:00,1451.70,1454.40,1451.00,1453.20,8799
2026-09-01 09:25:00,1453.20,1454.40,1452.00,1453.80,9115
2026-09-01 09:26:00,1453.80,1455.20,1451.40,1455.20,11984
2026-09-01 09:27:00,1455.60,1456.00,1454.80,1455.60,4365
2026-09-01 09:28:00,1455.70,1458.10,1454.60,1456.90,8897
2026-09-01 09:29:00,1456.90,1457.50,1455.60,1456.80,2754
2026-09-01 09:30:00,1456.80,1460.90,1456.80,1459.00,14627
2026-09-01 09:31:00,1459.70,1461.30,1458.00,1460.80,19751
2026-09-01 09:32:00,1461.00,1461.40,1459.20,1460.20,40571
2026-09-01 09:33:00,1460.40,1460.60,1458.30,1459.90,6520
2026-09-01 09:34:00,1459.90,1460.00,1458.60,1458.90,1568
2026-09-01 09:35:00,1459.30,1459.90,1458.70,1459.70,2198
2026-09-01 09:36:00,1458.90,1459.50,1457.70,1459.20,6496
2026-09-01 09:37:00,1458.50,1459.90,1457.90,1459.90,5054
2026-09-01 09:38:00,1459.90,1460.10,1459.50,1460.00,2271
2026-09-01 09:39:00,1460.00,1460.80,1458.80,1458.80,9892
2026-09-01 09:40:00,1458.90,1459.00,1457.60,1458.00,4560
2026-09-01 09:41:00,1457.40,1457.70,1453.10,1453.50,7576
2026-09-01 09:42:00,1453.50,1454.70,1453.40,1454.70,3543
2026-09-01 09:43:00,1454.60,1454.70,1453.50,1453.60,3239
2026-09-01 09:44:00,1454.00,1454.00,1450.70,1451.40,9205
2026-09-01 09:45:00,1451.40,1453.60,1451.40,1453.00,7170
2026-09-01 09:46:00,1453.50,1453.50,1452.00,1452.80,7222
2026-09-01 09:47:00,1453.00,1454.90,1452.00,1454.90,11147
2026-09-01 09:48:00,1454.90,1455.40,1454.50,1455.40,6714
2026-09-01 09:49:00,1455.50,1456.40,1454.50,1454.60,7147
2026-09-01 09:50:00,1454.60,1454.60,1452.80,1453.60,3832
2026-09-01 09:51:00,1453.60,1453.60,1452.50,1452.90,3209
2026-09-01 09:52:00,1452.80,1454.00,1452.50,1454.00,6524
2026-09-01 09:53:00,1453.50,1453.50,1451.40,1451.80,8343
2026-09-01 09:54:00,1451.80,1451.90,1450.80,1451.50,4437
2026-09-01 09:55:00,1451.60,1452.10,1450.80,1452.10,6545
2026-09-01 09:56:00,1452.10,1452.60,1450.70,1451.10,5628
2026-09-01 09:57:00,1451.10,1452.50,1451.10,1451.60,8246
2026-09-01 09:58:00,1451.80,1452.20,1450.60,1450.60,5341
2026-09-01 09:59:00,1451.00,1451.00,1450.20,1450.20,1776
2026-09-01 10:00:00,1450.70,1452.10,1450.70,1451.80,4264
2026-09-01 10:01:00,1451.70,1452.30,1450.90,1451.60,7191
2026-09-01 10:02:00,1451.70,1453.10,1451.00,1452.90,9603
2026-09-01 10:03:00,1452.90,1453.80,1452.20,1453.70,3459
2026-09-01 10:04:00,1453.20,1454.00,1452.90,1453.50,4500
2026-09-01 10:05:00,1453.90,1454.00,1453.10,1453.80,5840
2026-09-01 10:06:00,1453.80,1453.80,1452.90,1453.40,2425
2026-09-01 10:07:00,1453.30,1453.80,1452.10,1453.00,5247
2026-09-01 10:08:00,1453.00,1453.30,1452.40,1452.80,3105
2026-09-01 10:09:00,1452.80,1453.00,1452.40,1452.50,1444
2026-09-01 10:10:00,1452.60,1452.60,1452.00,1452.40,1716
2026-09-01 10:11:00,1452.40,1452.40,1449.40,1450.30,6456
2026-09-01 10:12:00,1450.60,1451.00,1450.00,1450.10,4240
2026-09-01 10:13:00,1450.00,1450.60,1450.00,1450.10,2119
2026-09-01 10:14:00,1450.10,1451.30,1450.10,1450.30,1446
2026-09-01 10:15:00,1450.60,1450.70,1450.20,1450.50,1334
2026-09-01 10:16:00,1451.10,1451.40,1450.70,1451.20,2144
2026-09-01 10:17:00,1451.20,1451.50,1450.60,1451.20,3448
2026-09-01 10:18:00,1451.30,1451.50,1450.80,1451.00,2204
2026-09-01 10:19:00,1451.30,1451.50,1450.40,1450.40,3423
2026-09-01 10:20:00,1450.40,1450.80,1449.40,1450.60,3127
2026-09-01 10:21:00,1450.60,1450.90,1450.10,1450.30,1195
2026-09-01 10:22:00,1450.90,1451.40,1450.30,1451.40,1092
2026-09-01 10:23:00,1450.70,1451.60,1450.70,1451.60,1247
2026-09-01 10:24:00,1451.30,1451.50,1450.70,1451.30,3059
2026-09-01 10:25:00,1451.00,1451.30,1450.50,1451.00,1522
2026-09-01 10:26:00,1451.10,1451.20,1450.60,1451.20,994
2026-09-01 10:27:00,1451.20,1451.50,1450.80,1451.50,926
2026-09-01 10:28:00,1451.80,1452.40,1451.20,1451.50,3088
2026-09-01 10:29:00,1451.60,1452.60,1451.30,1452.00,1688
2026-09-01 10:30:00,1452.00,1452.60,1452.00,1452.00,1781
2026-09-01 10:31:00,1452.40,1452.40,1450.30,1451.60,5089
2026-09-01 10:32:00,1452.00,1453.50,1451.80,1452.80,1757
2026-09-01 10:33:00,1453.60,1453.70,1452.50,1453.50,2370
2026-09-01 10:34:00,1453.50,1454.50,1453.40,1453.80,2129
2026-09-01 10:35:00,1454.50,1454.50,1452.90,1453.70,6643
2026-09-01 10:36:00,1453.70,1454.30,1453.60,1454.20,1567
2026-09-01 10:37:00,1452.00,1453.10,1452.00,1452.30,4563
2026-09-01 10:38:00,1452.40,1452.40,1451.90,1452.00,1501
2026-09-01 10:39:00,1452.00,1452.00,1450.90,1451.00,2606
2026-09-01 10:40:00,1450.90,1450.90,1450.60,1450.90,1524
2026-09-01 10:41:00,1450.90,1451.30,1450.40,1451.30,3212
2026-09-01 10:42:00,1451.30,1451.70,1450.90,1451.00,2006
2026-09-01 10:43:00,1451.00,1452.00,1451.00,1451.80,606
2026-09-01 10:44:00,1451.80,1452.40,1451.80,1452.30,1637
2026-09-01 10:45:00,1452.80,1453.40,1452.30,1453.40,1733
2026-09-01 10:46:00,1452.80,1453.40,1451.20,1451.30,7386
2026-09-01 10:47:00,1451.90,1452.30,1451.70,1451.90,762
2026-09-01 10:48:00,1452.30,1453.10,1451.90,1453.10,888
2026-09-01 10:49:00,1453.10,1453.40,1452.60,1453.10,944
2026-09-01 10:50:00,1452.70,1453.00,1451.40,1452.40,4156
2026-09-01 10:51:00,1452.10,1452.40,1451.90,1451.90,1429
2026-09-01 10:52:00,1452.00,1452.00,1450.10,1450.60,15197
2026-09-01 10:53:00,1450.80,1451.90,1450.60,1451.90,2903
2026-09-01 10:54:00,1451.90,1452.30,1451.50,1452.00,898
2026-09-01 10:55:00,1451.50,1453.00,1449.10,1452.60,15418
2026-09-01 10:56:00,1452.60,1452.90,1451.50,1452.80,2005
2026-09-01 10:57:00,1452.80,1453.50,1452.40,1452.40,1562
2026-09-01 10:58:00,1452.80,1453.70,1452.40,1452.70,3132
2026-09-01 10:59:00,1453.00,1453.00,1452.60,1452.60,1165
2026-09-01 11:00:00,1453.00,1453.70,1451.60,1451.60,3801
2026-09-01 11:01:00,1451.80,1452.00,1451.40,1451.70,1831
2026-09-01 11:02:00,1451.70,1451.70,1450.70,1450.70,1656
2026-09-01 11:03:00,1451.00,1451.00,1449.80,1450.00,4405
2026-09-01 11:04:00,1450.00,1451.00,1449.80,1450.00,5717
2026-09-01 11:05:00,1450.00,1450.60,1449.80,1449.80,3875
2026-09-01 11:06:00,1450.00,1450.00,1449.80,1450.00,1512
2026-09-01 11:07:00,1450.00,1450.50,1450.00,1450.20,2482
2026-09-01 11:08:00,1450.50,1451.50,1450.30,1450.90,3858
2026-09-01 11:09:00,1451.00,1452.00,1451.00,1451.50,9055
2026-09-01 11:10:00,1452.00,1452.00,1451.50,1451.50,3873
2026-09-01 11:11:00,1451.50,1452.00,1449.30,1449.50,9280
2026-09-01 11:12:00,1449.70,1449.70,1447.90,1449.10,6452
2026-09-01 11:13:00,1449.40,1449.40,1447.80,1447.80,3114
2026-09-01 11:14:00,1447.50,1447.90,1447.00,1447.90,2393
2026-09-01 11:15:00,1448.30,1448.60,1446.10,1446.10,3356
2026-09-01 11:16:00,1446.70,1446.90,1446.20,1446.80,2216
2026-09-01 11:17:00,1446.80,1447.50,1446.50,1447.50,946
2026-09-01 11:18:00,1447.50,1447.80,1447.20,1447.60,1009
2026-09-01 11:19:00,1447.80,1447.80,1447.10,1447.60,2379
2026-09-01 11:20:00,1447.60,1447.80,1446.90,1447.10,2161
2026-09-01 11:21:00,1446.90,1447.80,1446.90,1447.20,979
2026-09-01 11:22:00,1447.50,1447.90,1447.30,1447.30,1346
2026-09-01 11:23:00,1447.60,1448.10,1447.30,1447.60,1722
2026-09-01 11:24:00,1448.10,1448.40,1447.80,1448.30,1049
2026-09-01 11:25:00,1448.10,1449.00,1448.10,1448.50,1607
2026-09-01 11:26:00,1448.90,1449.00,1448.50,1448.50,1496
2026-09-01 11:27:00,1448.90,1449.20,1447.40,1447.70,5034
2026-09-01 11:28:00,1447.80,1448.30,1447.70,1448.30,689
2026-09-01 11:29:00,1448.30,1448.30,1447.70,1447.70,796
2026-09-01 11:30:00,1448.40,1448.40,1447.40,1448.30,3999
2026-09-01 11:31:00,1448.30,1448.30,1446.60,1447.40,3660
2026-09-01 11:32:00,1447.10,1447.60,1446.90,1447.40,1521
2026-09-01 11:33:00,1447.50,1448.30,1447.10,1447.10,2364
2026-09-01 11:34:00,1447.50,1448.10,1447.20,1447.60,1052
2026-09-01 11:35:00,1448.10,1448.10,1447.60,1447.60,1020
2026-09-01 11:36:00,1448.00,1448.00,1447.40,1447.90,3158
2026-09-01 11:37:00,1447.40,1448.40,1447.20,1447.90,2198
2026-09-01 11:38:00,1447.90,1448.20,1447.50,1448.00,940
2026-09-01 11:39:00,1448.10,1448.10,1447.00,1447.00,5108
2026-09-01 11:40:00,1447.10,1447.10,1444.30,1444.50,9541
2026-09-01 11:41:00,1445.10,1445.80,1444.50,1445.20,2209
2026-09-01 11:42:00,1444.80,1445.60,1444.80,1445.40,4195
2026-09-01 11:43:00,1445.40,1445.90,1445.10,1445.90,2317
2026-09-01 11:44:00,1445.70,1447.70,1445.70,1447.70,3157
2026-09-01 11:45:00,1447.80,1448.50,1447.50,1448.10,3210
2026-09-01 11:46:00,1448.80,1448.90,1448.50,1448.90,1546
2026-09-01 11:47:00,1448.80,1449.20,1448.50,1449.10,824
2026-09-01 11:48:00,1449.10,1449.60,1448.80,1448.80,982
2026-09-01 11:49:00,1449.30,1449.40,1448.90,1449.20,2338
2026-09-01 11:50:00,1449.30,1449.50,1448.60,1448.90,4525
2026-09-01 11:51:00,1449.30,1449.30,1448.80,1448.90,977
2026-09-01 11:52:00,1448.90,1449.50,1448.40,1449.10,2901
2026-09-01 11:53:00,1449.10,1449.40,1448.80,1449.00,1048
2026-09-01 11:54:00,1449.60,1449.60,1448.80,1448.90,1826
2026-09-01 11:55:00,1449.30,1449.30,1448.70,1448.70,823
2026-09-01 11:56:00,1449.20,1449.30,1447.90,1447.90,11431
2026-09-01 11:57:00,1448.30,1448.80,1448.10,1448.80,2319
2026-09-01 11:58:00,1449.20,1449.20,1448.50,1449.10,1002
2026-09-01 11:59:00,1449.10,1449.80,1449.10,1449.40,3763
2026-09-01 12:00:00,1449.60,1449.60,1448.90,1449.30,893
2026-09-01 12:01:00,1449.30,1449.50,1448.70,1449.20,1446
2026-09-01 12:02:00,1449.20,1449.70,1448.90,1449.50,2439
2026-09-01 12:03:00,1449.90,1450.00,1449.60,1450.00,51537
2026-09-01 12:04:00,1450.00,1450.00,1449.80,1450.00,11507
2026-09-01 12:05:00,1450.00,1450.00,1449.80,1450.00,2334
2026-09-01 12:06:00,1449.80,1450.00,1449.80,1450.00,21182
2026-09-01 12:07:00,1450.00,1450.00,1449.60,1450.00,2158
2026-09-01 12:08:00,1449.70,1450.00,1449.30,1449.30,3023
2026-09-01 12:09:00,1449.30,1449.80,1449.30,1449.80,1639
2026-09-01 12:10:00,1449.80,1449.80,1449.40,1449.60,1330
2026-09-01 12:11:00,1449.60,1449.60,1449.30,1449.50,2036
2026-09-01 12:12:00,1449.50,1449.70,1449.30,1449.70,747
2026-09-01 12:13:00,1449.30,1450.00,1449.30,1450.00,1503
2026-09-01 12:14:00,1450.00,1450.00,1449.80,1450.00,1927
2026-09-01 12:15:00,1450.00,1451.90,1450.00,1451.90,33968
2026-09-01 12:16:00,1451.90,1452.70,1451.90,1452.40,4369
2026-09-01 12:17:00,1452.40,1453.00,1451.20,1451.20,5518
2026-09-01 12:18:00,1451.50,1452.00,1451.20,1451.90,606
2026-09-01 12:19:00,1451.90,1452.00,1450.50,1450.70,3655
2026-09-01 12:20:00,1450.50,1451.20,1450.50,1451.10,836
2026-09-01 12:21:00,1451.20,1451.30,1450.80,1450.90,944
2026-09-01 12:22:00,1450.90,1451.80,1450.80,1451.50,2038
2026-09-01 12:23:00,1451.50,1451.90,1451.20,1451.70,1866
2026-09-01 12:24:00,1451.70,1451.90,1451.00,1451.50,2909
2026-09-01 12:25:00,1451.90,1451.90,1449.50,1450.20,4254
2026-09-01 12:26:00,1450.30,1450.40,1449.70,1450.00,704
2026-09-01 12:27:00,1450.40,1450.80,1449.70,1450.40,1141
2026-09-01 12:28:00,1450.40,1450.90,1449.80,1450.10,939
2026-09-01 12:29:00,1450.10,1450.10,1449.70,1449.80,1598
2026-09-01 12:30:00,1449.80,1449.80,1449.60,1449.80,1178
2026-09-01 12:31:00,1449.80,1450.20,1449.80,1449.80,1478
2026-09-01 12:32:00,1449.90,1450.90,1449.80,1450.10,1045
2026-09-01 12:33:00,1450.30,1450.30,1450.00,1450.30,483
2026-09-01 12:34:00,1450.30,1450.30,1449.60,1450.00,2206
2026-09-01 12:35:00,1450.30,1450.80,1450.10,1450.10,1146
2026-09-01 12:36:00,1450.50,1450.60,1450.10,1450.60,1066
2026-09-01 12:37:00,1450.30,1450.30,1450.10,1450.30,1216
2026-09-01 12:38:00,1450.30,1450.50,1449.00,1450.10,6133
2026-09-01 12:39:00,1450.00,1450.00,1450.00,1450.00,324
2026-09-01 12:40:00,1449.90,1450.10,1449.60,1449.90,1032
2026-09-01 12:41:00,1449.60,1450.10,1449.60,1450.10,1039
2026-09-01 12:42:00,1450.10,1450.10,1449.80,1449.80,1011
2026-09-01 12:43:00,1450.00,1450.50,1449.90,1450.10,789
2026-09-01 12:44:00,1450.50,1450.50,1448.70,1448.70,4336
2026-09-01 12:45:00,1448.90,1449.30,1448.70,1449.30,1483
2026-09-01 12:46:00,1449.30,1449.50,1449.00,1449.30,1234
2026-09-01 12:47:00,1449.30,1450.00,1449.00,1450.00,443
2026-09-01 12:48:00,1450.00,1450.00,1449.50,1449.80,922
2026-09-01 12:49:00,1449.80,1450.00,1449.60,1449.90,1311
2026-09-01 12:50:00,1449.90,1450.00,1449.00,1449.60,3826
2026-09-01 12:51:00,1449.60,1449.60,1449.20,1449.50,562
2026-09-01 12:52:00,1449.50,1449.70,1449.20,1449.70,1061
2026-09-01 12:53:00,1449.50,1449.90,1449.40,1449.40,1555
2026-09-01 12:54:00,1449.90,1450.00,1448.40,1449.00,3611
2026-09-01 12:55:00,1449.00,1449.10,1448.70,1449.00,289
2026-09-01 12:56:00,1449.00,1449.30,1448.70,1449.30,1036
2026-09-01 12:57:00,1449.10,1449.50,1449.00,1449.00,2118
2026-09-01 12:58:00,1449.50,1449.70,1449.00,1449.70,1375
2026-09-01 12:59:00,1449.60,1449.70,1447.80,1447.80,3666
2026-09-01 13:00:00,1448.10,1448.30,1447.60,1447.60,4806
2026-09-01 13:01:00,1447.90,1447.90,1447.20,1447.30,1404
2026-09-01 13:02:00,1447.30,1447.80,1446.40,1447.80,4794
2026-09-01 13:03:00,1447.80,1447.80,1447.30,1447.30,555
2026-09-01 13:04:00,1447.70,1447.70,1447.00,1447.50,1283
2026-09-01 13:05:00,1447.50,1447.50,1447.00,1447.10,1631
2026-09-01 13:06:00,1447.40,1447.40,1447.00,1447.30,2250
2026-09-01 13:07:00,1447.30,1447.30,1447.00,1447.10,444
2026-09-01 13:08:00,1447.10,1447.30,1447.00,1447.30,1308
2026-09-01 13:09:00,1447.30,1447.40,1446.90,1447.10,4089
2026-09-01 13:10:00,1447.10,1447.30,1446.70,1446.70,1236
2026-09-01 13:11:00,1447.10,1447.10,1445.40,1445.40,2809
2026-09-01 13:12:00,1446.20,1446.40,1445.70,1446.30,1935
2026-09-01 13:13:00,1446.40,1446.60,1446.20,1446.40,748
2026-09-01 13:14:00,1446.60,1447.00,1446.30,1446.70,3226
2026-09-01 13:15:00,1446.70,1447.20,1446.50,1446.80,1351
2026-09-01 13:16:00,1447.20,1447.30,1446.70,1446.70,7170
2026-09-01 13:17:00,1447.30,1447.30,1447.10,1447.30,147
2026-09-01 13:18:00,1447.30,1447.80,1447.30,1447.70,1463
2026-09-01 13:19:00,1447.80,1448.30,1447.40,1447.90,1733
2026-09-01 13:20:00,1447.40,1448.20,1447.40,1448.20,674
2026-09-01 13:21:00,1448.10,1448.30,1447.50,1448.00,2503
2026-09-01 13:22:00,1448.00,1448.30,1447.60,1448.30,1361
2026-09-01 13:23:00,1448.30,1448.40,1448.00,1448.30,2410
2026-09-01 13:24:00,1448.00,1448.50,1447.70,1448.50,1675
2026-09-01 13:25:00,1448.50,1448.60,1448.10,1448.10,1430
2026-09-01 13:26:00,1448.40,1448.40,1446.50,1447.00,4071
2026-09-01 13:27:00,1447.10,1447.80,1447.10,1447.80,1691
2026-09-01 13:28:00,1447.80,1447.80,1444.10,1445.20,11090
2026-09-01 13:29:00,1445.20,1445.20,1444.30,1444.30,626
2026-09-01 13:30:00,1444.60,1444.80,1443.70,1444.30,2516
2026-09-01 13:31:00,1444.50,1444.50,1443.90,1444.50,183
2026-09-01 13:32:00,1444.50,1444.90,1444.00,1444.90,1724
2026-09-01 13:33:00,1444.90,1445.00,1444.40,1444.50,1801
2026-09-01 13:34:00,1444.50,1445.00,1444.30,1444.90,1225
2026-09-01 13:35:00,1444.40,1444.90,1443.20,1443.20,3774
2026-09-01 13:36:00,1443.40,1443.50,1442.60,1443.00,3964
2026-09-01 13:37:00,1443.00,1443.00,1442.00,1442.60,1797
2026-09-01 13:38:00,1442.60,1444.00,1442.60,1443.10,3314
2026-09-01 13:39:00,1443.60,1443.90,1443.50,1443.60,2706
2026-09-01 13:40:00,1444.00,1444.20,1443.30,1443.50,2545
2026-09-01 13:41:00,1443.70,1444.10,1442.90,1442.90,2138
2026-09-01 13:42:00,1442.90,1443.20,1442.70,1442.90,1244
2026-09-01 13:43:00,1442.90,1443.60,1442.70,1443.60,3496
2026-09-01 13:44:00,1443.90,1443.90,1443.60,1443.90,1334
2026-09-01 13:45:00,1443.90,1444.00,1443.50,1444.00,1132
2026-09-01 13:46:00,1444.00,1444.00,1443.10,1443.70,946
2026-09-01 13:47:00,1443.70,1443.70,1442.60,1442.90,1582
2026-09-01 13:48:00,1443.00,1443.00,1442.30,1443.00,915
2026-09-01 13:49:00,1443.00,1443.00,1442.20,1442.80,1020
2026-09-01 13:50:00,1442.70,1442.80,1441.40,1442.10,3281
2026-09-01 13:51:00,1442.10,1442.10,1440.90,1441.00,2677
2026-09-01 13:52:00,1441.10,1441.30,1440.90,1441.10,3811
2026-09-01 13:53:00,1440.80,1441.40,1440.60,1441.10,2341
2026-09-01 13:54:00,1441.00,1441.90,1441.00,1441.70,2776
2026-09-01 13:55:00,1441.50,1441.50,1441.00,1441.00,966
2026-09-01 13:56:00,1441.40,1441.70,1441.00,1441.30,655
2026-09-01 13:57:00,1441.70,1442.00,1441.50,1441.50,1383
2026-09-01 13:58:00,1442.00,1442.40,1441.60,1441.60,1690
2026-09-01 13:59:00,1441.60,1442.20,1441.60,1441.90,959
2026-09-01 14:00:00,1442.00,1442.00,1441.50,1441.90,493
2026-09-01 14:01:00,1441.40,1441.90,1441.20,1441.50,1637
2026-09-01 14:02:00,1441.50,1441.80,1441.20,1441.50,1460
2026-09-01 14:03:00,1441.50,1441.50,1440.80,1441.10,1279
2026-09-01 14:04:00,1441.00,1441.10,1440.30,1440.30,3670
2026-09-01 14:05:00,1440.80,1441.00,1440.30,1441.00,197
2026-09-01 14:06:00,1441.00,1442.00,1440.50,1442.00,4281
2026-09-01 14:07:00,1442.00,1442.20,1441.40,1441.90,2266
2026-09-01 14:08:00,1441.40,1441.70,1440.40,1440.60,2155
2026-09-01 14:09:00,1441.00,1441.00,1440.20,1440.60,2039
2026-09-01 14:10:00,1440.80,1441.40,1440.60,1441.40,2076
2026-09-01 14:11:00,1441.50,1442.00,1441.40,1441.70,753
2026-09-01 14:12:00,1441.20,1441.40,1441.00,1441.00,1836
2026-09-01 14:13:00,1440.80,1441.00,1440.40,1440.40,1649
2026-09-01 14:14:00,1440.50,1440.60,1440.40,1440.40,408
2026-09-01 14:15:00,1440.60,1440.60,1440.20,1440.20,1222
2026-09-01 14:16:00,1440.20,1440.20,1438.70,1439.70,15037
2026-09-01 14:17:00,1440.10,1440.40,1440.00,1440.40,1218
2026-09-01 14:18:00,1440.40,1440.70,1440.10,1440.50,1446
2026-09-01 14:19:00,1440.60,1441.20,1440.40,1441.20,2660
2026-09-01 14:20:00,1441.20,1441.70,1440.50,1441.40,4466
2026-09-01 14:21:00,1441.40,1441.40,1440.10,1440.10,958
2026-09-01 14:22:00,1440.90,1440.90,1439.70,1440.10,2845
2026-09-01 14:23:00,1440.10,1440.20,1439.20,1439.20,12613
2026-09-01 14:24:00,1439.70,1439.80,1439.10,1439.50,2131
2026-09-01 14:25:00,1439.80,1440.50,1439.50,1439.90,2667
2026-09-01 14:26:00,1439.70,1440.70,1439.70,1440.00,1733
2026-09-01 14:27:00,1440.00,1440.10,1439.70,1440.00,1559
2026-09-01 14:28:00,1439.10,1439.20,1439.10,1439.20,2160
2026-09-01 14:29:00,1439.20,1441.00,1439.20,1440.50,3672
2026-09-01 14:30:00,1440.60,1440.60,1440.00,1440.30,454
2026-09-01 14:31:00,1440.30,1441.00,1439.40,1440.70,4028
2026-09-01 14:32:00,1441.00,1441.80,1440.80,1441.80,1337
2026-09-01 14:33:00,1441.80,1441.90,1441.20,1441.20,2088
2026-09-01 14:34:00,1441.30,1441.90,1441.20,1441.70,4344
2026-09-01 14:35:00,1442.00,1442.40,1441.80,1442.10,5947
2026-09-01 14:36:00,1442.10,1442.10,1441.50,1441.60,1353
2026-09-01 14:37:00,1441.50,1441.60,1441.40,1441.40,561
2026-09-01 14:38:00,1441.50,1441.50,1441.10,1441.30,1691
2026-09-01 14:39:00,1441.30,1441.30,1441.20,1441.30,413
2026-09-01 14:40:00,1441.30,1441.30,1440.40,1440.60,3454
2026-09-01 14:41:00,1440.80,1441.00,1440.80,1441.00,921
2026-09-01 14:42:00,1441.00,1441.80,1440.90,1441.40,2851
2026-09-01 14:43:00,1440.90,1441.10,1440.60,1440.80,1658
2026-09-01 14:44:00,1440.90,1440.90,1440.80,1440.90,248
2026-09-01 14:45:00,1440.90,1441.90,1438.00,1441.90,28863
2026-09-01 14:46:00,1441.90,1441.90,1441.00,1441.20,6344
2026-09-01 14:47:00,1441.20,1441.30,1439.20,1441.20,24795
2026-09-01 14:48:00,1441.50,1441.60,1440.70,1440.90,17708
2026-09-01 14:49:00,1440.90,1442.20,1440.90,1441.10,22972
2026-09-01 14:50:00,1441.10,1442.10,1441.10,1441.80,6598
2026-09-01 14:51:00,1441.80,1441.90,1441.70,1441.90,13017
2026-09-01 14:52:00,1441.90,1443.30,1441.90,1443.30,19388
2026-09-01 14:53:00,1443.30,1443.50,1442.80,1443.00,22688
2026-09-01 14:54:00,1443.00,1443.10,1443.00,1443.10,4508
2026-09-01 14:55:00,1443.10,1444.60,1443.10,1444.60,31482
2026-09-01 14:56:00,1444.50,1444.50,1443.90,1444.10,14638
2026-09-01 14:57:00,1444.10,1444.90,1444.00,1444.80,15693
2026-09-01 14:58:00,1444.80,1446.60,1444.80,1446.30,23223
2026-09-01 14:59:00,1446.30,1446.30,1444.70,1444.70,20447
2026-09-01 15:00:00,1444.90,1445.60,1444.60,1445.50,42413
2026-09-01 15:01:00,1445.50,1446.50,1445.30,1446.00,25959
2026-09-01 15:02:00,1446.10,1446.10,1445.00,1445.10,19623
2026-09-01 15:03:00,1445.10,1445.70,1445.10,1445.60,43112
2026-09-01 15:04:00,1445.90,1445.90,1444.40,1444.40,20217
2026-09-01 15:05:00,1444.80,1445.10,1443.90,1444.60,51453
2026-09-01 15:06:00,1444.60,1444.60,1443.10,1443.10,26925
2026-09-01 15:07:00,1443.20,1443.20,1443.10,1443.20,18474
2026-09-01 15:08:00,1443.20,1443.90,1443.10,1443.10,30629
2026-09-01 15:09:00,1443.20,1443.30,1443.10,1443.30,26306
2026-09-01 15:10:00,1443.30,1443.60,1443.20,1443.60,21800
2026-09-01 15:11:00,1443.50,1443.60,1443.00,1443.10,19789
2026-09-01 15:12:00,1443.10,1443.10,1436.70,1440.80,79965
2026-09-01 15:13:00,1440.80,1440.80,1436.00,1439.50,13811
2026-09-01 15:14:00,1440.00,1440.10,1436.50,1438.00,3378
2026-09-01 15:15:00,1436.50,1436.50,1436.50,1436.50,1
2026-09-01 15:16:00,1436.50,1436.50,1436.50,1436.50,0
2026-09-01 15:17:00,1436.50,1436.50,1436.50,1436.50,0
2026-09-01 15:18:00,1436.50,1436.50,1436.50,1436.50,0
2026-09-01 15:19:00,1436.50,1436.50,1436.50,1436.50,0
2026-09-01 15:20:00,1436.50,1436.50,1436.50,1436.50,0
2026-09-01 15:21:00,1436.50,1436.50,1436.50,1436.50,0
2026-09-01 15:22:00,1436.50,1436.50,1436.50,1436.50,0
2026-09-01 15:23:00,1436.50,1436.50,1436.50,1436.50,0
2026-09-01 15:24:00,1436.50,1436.50,1436.50,1436.50,0
2026-09-01 15:25:00,1436.50,1436.50,1436.50,1436.50,0
2026-09-01 15:26:00,1436.50,1436.50,1436.50,1436.50,0
2026-09-01 15:27:00,1436.50,1436.50,1436.50,1436.50,0
2026-09-01 15:28:00,1436.50,1436.50,1436.50,1436.50,0
2026-09-01 15:29:00,1436.50,1438.20,1436.50,1438.20,103671
2026-09-02 09:15:00,1425.00,1428.00,1416.70,1420.10,25543
2026-09-02 09:16:00,1420.60,1424.20,1420.20,1422.70,4901
2026-09-02 09:17:00,1422.40,1423.40,1420.60,1422.00,7320
2026-09-02 09:18:00,1422.00,1422.00,1420.60,1421.60,1147
2026-09-02 09:19:00,1421.60,1421.80,1419.80,1419.80,2956
2026-09-02 09:20:00,1419.80,1420.90,1419.30,1420.90,1627
2026-09-02 09:21:00,1421.40,1424.00,1420.90,1424.00,2130
2026-09-02 09:22:00,1424.00,1425.90,1424.00,1425.40,2801
2026-09-02 09:23:00,1425.40,1425.90,1424.70,1424.80,4254
2026-09-02 09:24:00,1425.30,1425.30,1422.60,1425.10,1907
2026-09-02 09:25:00,1425.40,1425.40,1424.00,1424.70,965
2026-09-02 09:26:00,1424.70,1425.10,1424.40,1425.10,272
2026-09-02 09:27:00,1425.10,1425.10,1424.30,1424.90,1000
2026-09-02 09:28:00,1425.10,1425.40,1424.70,1425.20,601
2026-09-02 09:29:00,1425.10,1425.30,1424.80,1425.00,1951
2026-09-02 09:30:00,1425.00,1425.00,1423.60,1423.90,959
2026-09-02 09:31:00,1423.60,1426.20,1423.40,1426.20,6223
2026-09-02 09:32:00,1426.20,1426.30,1425.30,1425.30,1539
2026-09-02 09:33:00,1425.30,1425.30,1425.20,1425.30,321
2026-09-02 09:34:00,1425.30,1425.80,1425.20,1425.80,1257
2026-09-02 09:35:00,1426.30,1426.30,1425.80,1426.20,515
2026-09-02 09:36:00,1425.10,1425.50,1424.40,1425.10,4218
2026-09-02 09:37:00,1425.30,1426.00,1425.20,1425.50,1159
2026-09-02 09:38:00,1425.90,1425.90,1425.40,1425.50,610
2026-09-02 09:39:00,1425.60,1425.90,1425.30,1425.70,655
2026-09-02 09:40:00,1425.40,1426.10,1425.40,1426.10,585
2026-09-02 09:41:00,1426.20,1427.40,1426.10,1427.10,1810
2026-09-02 09:42:00,1427.40,1427.50,1426.60,1426.80,367
2026-09-02 09:43:00,1426.80,1427.90,1426.60,1426.90,899
2026-09-02 09:44:00,1426.90,1427.00,1426.00,1426.40,1082
2026-09-02 09:45:00,1426.40,1426.70,1426.30,1426.50,2970
2026-09-02 09:46:00,1426.30,1426.30,1424.00,1424.00,812
2026-09-02 09:47:00,1424.00,1424.00,1423.00,1423.00,186
2026-09-02 09:48:00,1423.50,1423.50,1423.00,1423.20,206
2026-09-02 09:49:00,1423.20,1423.80,1423.00,1423.50,767
2026-09-02 09:50:00,1423.60,1423.70,1423.10,1423.50,765
2026-09-02 09:51:00,1423.50,1423.50,1422.40,1422.70,1025
2026-09-02 09:52:00,1422.70,1422.70,1420.90,1420.90,2449
2026-09-02 09:53:00,1421.50,1422.30,1421.20,1421.90,1015
2026-09-02 09:54:00,1422.00,1422.40,1421.70,1422.10,2131
2026-09-02 09:55:00,1422.10,1422.10,1421.40,1422.10,1039
2026-09-02 09:56:00,1421.90,1422.50,1421.90,1422.40,1173
2026-09-02 09:57:00,1422.40,1422.40,1421.60,1421.80,2738
2026-09-02 09:58:00,1421.80,1422.20,1421.80,1422.00,1531
2026-09-02 09:59:00,1422.00,1422.00,1421.60,1421.70,394
2026-09-02 10:00:00,1421.70,1423.40,1420.50,1423.00,5726
2026-09-02 10:01:00,1423.00,1423.50,1422.70,1422.70,841
2026-09-02 10:02:00,1422.50,1423.10,1422.40,1422.40,1110
2026-09-02 10:03:00,1422.30,1422.30,1421.70,1422.10,256
2026-09-02 10:04:00,1422.10,1422.20,1421.80,1422.00,390
2026-09-02 10:05:00,1422.00,1422.00,1421.10,1421.30,596
2026-09-02 10:06:00,1421.30,1421.60,1419.90,1420.00,3941
2026-09-02 10:07:00,1419.90,1420.60,1419.50,1420.60,2020
2026-09-02 10:08:00,1420.60,1420.60,1419.30,1419.30,817
2026-09-02 10:09:00,1419.30,1419.80,1418.90,1418.90,836
2026-09-02 10:10:00,1419.00,1419.20,1418.30,1418.80,3018
2026-09-02 10:11:00,1418.30,1418.80,1417.20,1418.10,2926
2026-09-02 10:12:00,1418.10,1418.10,1417.00,1417.40,2954
2026-09-02 10:13:00,1417.40,1418.70,1417.30,1418.60,1294
2026-09-02 10:14:00,1418.40,1418.60,1417.40,1417.70,1293
2026-09-02 10:15:00,1417.20,1417.80,1417.00,1417.80,476
2026-09-02 10:16:00,1417.80,1418.00,1417.30,1417.50,1692
2026-09-02 10:17:00,1417.40,1417.90,1417.10,1417.50,538
2026-09-02 10:18:00,1417.50,1417.50,1416.60,1417.00,1419
2026-09-02 10:19:00,1417.00,1418.00,1415.80,1417.90,3841
2026-09-02 10:20:00,1417.70,1417.70,1417.20,1417.30,741
2026-09-02 10:21:00,1417.20,1417.40,1417.20,1417.40,490
2026-09-02 10:22:00,1417.40,1418.30,1417.40,1418.00,1195
2026-09-02 10:23:00,1417.80,1418.00,1417.40,1417.60,1363
2026-09-02 10:24:00,1417.60,1417.60,1416.40,1416.40,1550
2026-09-02 10:25:00,1416.80,1417.30,1416.30,1417.00,331
2026-09-02 10:26:00,1417.00,1417.20,1417.00,1417.20,296
2026-09-02 10:27:00,1417.20,1417.30,1417.10,1417.30,332
2026-09-02 10:28:00,1417.30,1417.50,1417.10,1417.30,434
2026-09-02 10:29:00,1417.10,1417.40,1417.10,1417.40,111
2026-09-02 10:30:00,1417.40,1417.40,1415.30,1416.50,7228
2026-09-02 10:31:00,1416.50,1416.70,1411.00,1414.50,29323
2026-09-02 10:32:00,1414.10,1416.00,1414.10,1416.00,3474
2026-09-02 10:33:00,1416.00,1416.60,1415.70,1416.60,1022
2026-09-02 10:34:00,1416.40,1416.70,1416.10,1416.10,1919
2026-09-02 10:35:00,1416.00,1416.20,1415.30,1415.30,2092
2026-09-02 10:36:00,1415.20,1415.20,1414.70,1415.10,796
2026-09-02 10:37:00,1415.00,1415.40,1414.90,1414.90,1151
2026-09-02 10:38:00,1414.80,1415.10,1414.50,1414.50,1658
2026-09-02 10:39:00,1414.50,1414.90,1413.90,1414.00,2467
2026-09-02 10:40:00,1414.10,1414.40,1413.90,1414.00,900
2026-09-02 10:41:00,1413.70,1414.00,1413.30,1413.80,1218
2026-09-02 10:42:00,1413.50,1414.00,1413.50,1413.70,2141
2026-09-02 10:43:00,1413.50,1414.10,1413.50,1413.60,1743
2026-09-02 10:44:00,1413.50,1414.00,1413.00,1413.70,2969
2026-09-02 10:45:00,1413.40,1413.80,1413.00,1413.80,1197
2026-09-02 10:46:00,1413.40,1414.00,1413.10,1413.10,890
2026-09-02 10:47:00,1413.10,1414.50,1413.10,1414.40,1632
2026-09-02 10:48:00,1414.20,1414.40,1413.90,1414.00,1243
2026-09-02 10:49:00,1414.00,1414.80,1413.80,1414.70,1484
2026-09-02 10:50:00,1414.70,1414.80,1414.40,1414.80,1480
2026-09-02 10:51:00,1414.80,1415.20,1414.30,1414.50,2176
2026-09-02 10:52:00,1414.50,1415.10,1414.10,1414.10,561
2026-09-02 10:53:00,1414.10,1414.50,1414.00,1414.20,313
2026-09-02 10:54:00,1414.20,1414.20,1413.40,1413.40,1641
2026-09-02 10:55:00,1414.20,1414.60,1414.00,1414.60,667
2026-09-02 10:56:00,1414.50,1415.10,1414.30,1415.00,855
2026-09-02 10:57:00,1414.80,1414.80,1413.60,1414.60,885
2026-09-02 10:58:00,1414.20,1415.20,1414.00,1414.70,906
2026-09-02 10:59:00,1414.70,1415.20,1414.70,1415.10,739
2026-09-02 11:00:00,1415.00,1415.30,1414.80,1414.90,1154
2026-09-02 11:01:00,1414.70,1414.70,1413.20,1413.20,775
2026-09-02 11:02:00,1413.20,1413.80,1413.10,1413.60,418
2026-09-02 11:03:00,1413.60,1414.00,1413.40,1413.90,627
2026-09-02 11:04:00,1413.40,1413.90,1413.40,1413.80,779
2026-09-02 11:05:00,1413.70,1413.90,1413.30,1413.40,857
2026-09-02 11:06:00,1413.20,1413.60,1413.10,1413.60,923
2026-09-02 11:07:00,1413.20,1413.40,1413.10,1413.30,848
2026-09-02 11:08:00,1413.10,1413.30,1412.90,1413.00,530
2026-09-02 11:09:00,1413.00,1414.80,1412.10,1414.80,1932
2026-09-02 11:10:00,1414.80,1415.20,1414.40,1415.00,652
2026-09-02 11:11:00,1414.90,1415.10,1413.50,1413.80,999
2026-09-02 11:12:00,1413.80,1415.20,1413.60,1414.70,701
2026-09-02 11:13:00,1414.50,1414.70,1413.80,1414.40,1456
2026-09-02 11:14:00,1414.00,1414.50,1413.80,1414.00,1415
2026-09-02 11:15:00,1413.80,1415.60,1413.50,1415.50,2151
2026-09-02 11:16:00,1415.10,1415.60,1415.00,1415.10,577
2026-09-02 11:17:00,1415.10,1417.40,1415.00,1417.10,1968
2026-09-02 11:18:00,1416.90,1418.20,1416.90,1418.00,3415
2026-09-02 11:19:00,1417.60,1418.00,1417.60,1417.60,734
2026-09-02 11:20:00,1417.70,1417.80,1416.90,1416.90,1402
2026-09-02 11:21:00,1417.10,1417.60,1416.50,1416.70,465
2026-09-02 11:22:00,1416.70,1417.30,1415.90,1416.60,990
2026-09-02 11:23:00,1416.20,1417.50,1416.10,1416.70,926
2026-09-02 11:24:00,1416.60,1416.70,1416.20,1416.20,498
2026-09-02 11:25:00,1416.40,1416.50,1416.10,1416.20,424
2026-09-02 11:26:00,1416.20,1416.40,1415.90,1416.20,1745
2026-09-02 11:27:00,1415.90,1416.20,1415.40,1415.90,746
2026-09-02 11:28:00,1415.50,1416.30,1415.50,1415.50,1326
2026-09-02 11:29:00,1415.30,1416.00,1415.20,1415.90,443
2026-09-02 11:30:00,1415.70,1415.90,1415.50,1415.80,605
2026-09-02 11:31:00,1415.60,1415.90,1415.40,1415.50,555
2026-09-02 11:32:00,1415.50,1415.90,1415.40,1415.50,1130
2026-09-02 11:33:00,1415.80,1415.80,1415.20,1415.80,861
2026-09-02 11:34:00,1415.30,1415.80,1415.20,1415.40,715
2026-09-02 11:35:00,1415.30,1416.90,1415.30,1416.90,3209
2026-09-02 11:36:00,1416.90,1416.90,1416.80,1416.90,734
2026-09-02 11:37:00,1416.60,1417.00,1416.60,1417.00,567
2026-09-02 11:38:00,1417.00,1417.00,1416.70,1416.90,575
2026-09-02 11:39:00,1416.90,1417.00,1416.50,1416.90,432
2026-09-02 11:40:00,1416.80,1417.00,1416.00,1416.40,1938
2026-09-02 11:41:00,1416.40,1416.40,1415.40,1416.20,776
2026-09-02 11:42:00,1415.50,1416.30,1415.50,1416.20,1932
2026-09-02 11:43:00,1415.90,1416.30,1415.90,1416.10,702
2026-09-02 11:44:00,1415.90,1416.20,1415.70,1416.00,357
2026-09-02 11:45:00,1415.80,1417.50,1415.80,1417.50,3004
2026-09-02 11:46:00,1417.50,1417.80,1417.30,1417.80,619
2026-09-02 11:47:00,1417.50,1418.40,1417.40,1418.40,1482
2026-09-02 11:48:00,1418.40,1418.70,1417.80,1418.00,5533
2026-09-02 11:49:00,1417.60,1418.20,1417.50,1417.70,507
2026-09-02 11:50:00,1417.20,1417.80,1417.20,1417.40,296
2026-09-02 11:51:00,1417.40,1417.50,1417.10,1417.40,484
2026-09-02 11:52:00,1417.40,1417.40,1417.00,1417.40,2263
2026-09-02 11:53:00,1417.00,1417.40,1416.60,1416.70,1998
2026-09-02 11:54:00,1416.40,1416.70,1416.10,1416.20,450
2026-09-02 11:55:00,1416.50,1422.30,1416.50,1420.50,45666
2026-09-02 11:56:00,1420.50,1421.80,1420.50,1421.50,3798
2026-09-02 11:57:00,1421.50,1422.40,1421.40,1422.40,1916
2026-09-02 11:58:00,1422.50,1422.60,1422.30,1422.60,2615
2026-09-02 11:59:00,1422.60,1422.80,1420.80,1421.90,4909
2026-09-02 12:00:00,1421.90,1422.00,1420.60,1421.10,58548
2026-09-02 12:01:00,1421.00,1421.00,1420.80,1420.80,1269
2026-09-02 12:02:00,1420.90,1420.90,1420.10,1420.30,3010
2026-09-02 12:03:00,1419.90,1420.40,1419.90,1420.20,673
2026-09-02 12:04:00,1420.10,1420.50,1419.70,1420.00,1786
2026-09-02 12:05:00,1420.00,1420.20,1419.90,1420.20,930
2026-09-02 12:06:00,1420.20,1420.40,1420.10,1420.40,1639
2026-09-02 12:07:00,1420.10,1420.40,1420.10,1420.40,1258
2026-09-02 12:08:00,1420.40,1420.40,1420.30,1420.40,913
2026-09-02 12:09:00,1420.40,1420.40,1420.20,1420.30,2647
2026-09-02 12:10:00,1420.30,1420.30,1420.10,1420.20,392
2026-09-02 12:11:00,1420.20,1422.60,1420.00,1420.70,13966
2026-09-02 12:12:00,1420.40,1421.40,1420.40,1421.10,2275
2026-09-02 12:13:00,1420.90,1421.20,1420.70,1420.90,905
2026-09-02 12:14:00,1420.90,1421.20,1420.40,1421.10,1264
2026-09-02 12:15:00,1420.50,1421.00,1420.40,1420.50,521
2026-09-02 12:16:00,1420.20,1420.50,1420.00,1420.30,890
2026-09-02 12:17:00,1420.40,1420.60,1420.20,1420.50,774
2026-09-02 12:18:00,1420.40,1420.50,1420.30,1420.30,434
2026-09-02 12:19:00,1420.40,1420.60,1420.30,1420.60,703
2026-09-02 12:20:00,1420.40,1421.80,1420.40,1421.80,7264
2026-09-02 12:21:00,1421.60,1421.80,1421.50,1421.80,523
2026-09-02 12:22:00,1421.80,1422.00,1421.60,1422.00,1940
2026-09-02 12:23:00,1421.70,1422.30,1421.70,1422.30,650
2026-09-02 12:24:00,1421.40,1421.90,1420.60,1421.40,4679
2026-09-02 12:25:00,1421.10,1421.70,1420.60,1420.90,3076
2026-09-02 12:26:00,1420.20,1420.90,1420.10,1420.90,388
2026-09-02 12:27:00,1420.60,1421.80,1420.60,1421.80,1972
2026-09-02 12:28:00,1421.80,1422.80,1421.70,1422.80,2001
2026-09-02 12:29:00,1422.80,1423.90,1422.70,1423.90,2858
2026-09-02 12:30:00,1423.80,1423.90,1423.60,1423.60,577
2026-09-02 12:31:00,1423.80,1424.90,1423.80,1424.80,4729
2026-09-02 12:32:00,1424.50,1425.00,1424.50,1424.90,740
2026-09-02 12:33:00,1424.90,1424.90,1424.70,1424.90,665
2026-09-02 12:34:00,1424.90,1425.30,1421.10,1421.10,14058
2026-09-02 12:35:00,1421.70,1422.50,1421.70,1422.00,455
2026-09-02 12:36:00,1422.10,1422.20,1421.90,1421.90,762
2026-09-02 12:37:00,1421.90,1421.90,1421.30,1421.50,313
2026-09-02 12:38:00,1421.50,1421.60,1421.30,1421.60,259
2026-09-02 12:39:00,1421.60,1422.10,1421.50,1421.80,1326
2026-09-02 12:40:00,1422.00,1422.20,1421.90,1422.10,649
2026-09-02 12:41:00,1422.10,1422.10,1420.40,1420.70,2522
2026-09-02 12:42:00,1420.50,1421.10,1420.50,1420.60,465
2026-09-02 12:43:00,1420.90,1421.30,1420.90,1421.30,256
2026-09-02 12:44:00,1421.30,1421.30,1420.80,1420.90,947
2026-09-02 12:45:00,1420.80,1420.80,1420.10,1420.10,1790
2026-09-02 12:46:00,1420.10,1420.10,1420.00,1420.10,369
2026-09-02 12:47:00,1420.10,1420.10,1420.00,1420.00,448
2026-09-02 12:48:00,1420.10,1420.10,1419.80,1419.90,805
2026-09-02 12:49:00,1420.00,1420.10,1419.90,1420.00,2331
2026-09-02 12:50:00,1420.00,1420.00,1419.90,1420.00,710
2026-09-02 12:51:00,1420.00,1421.50,1419.70,1421.30,11700
2026-09-02 12:52:00,1421.00,1421.50,1421.00,1421.30,1326
2026-09-02 12:53:00,1421.30,1421.40,1419.00,1420.60,3747
2026-09-02 12:54:00,1420.60,1420.60,1420.10,1420.10,224
2026-09-02 12:55:00,1420.30,1420.50,1420.00,1420.10,896
2026-09-02 12:56:00,1420.10,1420.30,1419.80,1419.80,1599
2026-09-02 12:57:00,1420.10,1420.10,1419.80,1419.90,269
2026-09-02 12:58:00,1420.00,1420.00,1419.70,1419.70,901
2026-09-02 12:59:00,1419.70,1420.00,1419.70,1420.00,606
2026-09-02 13:00:00,1419.80,1420.00,1419.70,1419.80,845
2026-09-02 13:01:00,1419.80,1420.00,1417.80,1418.20,3688
2026-09-02 13:02:00,1418.00,1419.10,1417.80,1418.20,6544
2026-09-02 13:03:00,1418.20,1418.40,1418.00,1418.30,471
2026-09-02 13:04:00,1418.30,1418.30,1417.90,1418.10,243
2026-09-02 13:05:00,1418.10,1418.30,1417.30,1417.50,1396
2026-09-02 13:06:00,1417.80,1417.90,1417.40,1417.60,225
2026-09-02 13:07:00,1417.60,1417.80,1417.30,1417.70,687
2026-09-02 13:08:00,1417.80,1417.90,1417.60,1417.80,242
2026-09-02 13:09:00,1417.70,1417.70,1417.20,1417.50,2869
2026-09-02 13:10:00,1417.50,1417.80,1417.50,1417.70,288
2026-09-02 13:11:00,1417.80,1418.20,1417.50,1418.00,3912
2026-09-02 13:12:00,1418.00,1419.10,1418.00,1419.00,1675
2026-09-02 13:13:00,1419.00,1419.90,1418.90,1419.50,1002
2026-09-02 13:14:00,1419.80,1420.30,1419.00,1419.00,2457
2026-09-02 13:15:00,1419.00,1419.20,1419.00,1419.00,334
2026-09-02 13:16:00,1419.00,1419.90,1418.90,1419.90,1769
2026-09-02 13:17:00,1419.90,1420.40,1419.70,1420.40,784
2026-09-02 13:18:00,1420.40,1421.00,1420.30,1421.00,950
2026-09-02 13:19:00,1421.10,1421.40,1420.80,1420.90,2072
2026-09-02 13:20:00,1420.90,1420.90,1420.70,1420.90,322
2026-09-02 13:21:00,1420.90,1420.90,1420.60,1420.70,441
2026-09-02 13:22:00,1420.70,1420.70,1420.60,1420.70,243
2026-09-02 13:23:00,1420.70,1420.90,1420.70,1420.90,512
2026-09-02 13:24:00,1420.90,1421.00,1420.90,1421.00,630
2026-09-02 13:25:00,1421.00,1421.20,1420.90,1421.20,545
2026-09-02 13:26:00,1421.10,1421.20,1421.00,1421.10,766
2026-09-02 13:27:00,1421.10,1421.20,1421.00,1421.10,211
2026-09-02 13:28:00,1421.00,1421.10,1420.80,1420.80,916
2026-09-02 13:29:00,1421.00,1421.30,1421.00,1421.00,436
2026-09-02 13:30:00,1421.10,1421.10,1420.80,1421.00,1661
2026-09-02 13:31:00,1421.00,1421.10,1418.60,1419.10,2453
2026-09-02 13:32:00,1419.10,1419.60,1419.10,1419.60,1431
2026-09-02 13:33:00,1419.90,1420.10,1419.90,1420.10,335
2026-09-02 13:34:00,1420.10,1420.80,1419.90,1420.80,1850
2026-09-02 13:35:00,1420.80,1421.20,1420.70,1421.20,662
2026-09-02 13:36:00,1421.20,1421.40,1421.10,1421.40,658
2026-09-02 13:37:00,1421.40,1421.60,1421.30,1421.60,548
2026-09-02 13:38:00,1421.50,1421.60,1420.60,1420.70,2722
2026-09-02 13:39:00,1420.50,1420.90,1420.40,1420.50,301
2026-09-02 13:40:00,1420.40,1420.40,1419.60,1420.00,585
2026-09-02 13:41:00,1420.00,1420.00,1419.90,1419.90,342
2026-09-02 13:42:00,1420.00,1420.00,1419.70,1419.80,703
2026-09-02 13:43:00,1419.60,1419.70,1418.70,1418.70,1595
2026-09-02 13:44:00,1418.70,1419.00,1418.10,1419.00,4785
2026-09-02 13:45:00,1418.80,1418.80,1418.20,1418.80,287
2026-09-02 13:46:00,1418.80,1418.80,1418.40,1418.50,262
2026-09-02 13:47:00,1418.60,1418.60,1418.50,1418.60,315
2026-09-02 13:48:00,1418.60,1418.60,1417.30,1417.50,3368
2026-09-02 13:49:00,1417.30,1417.70,1417.30,1417.40,225
2026-09-02 13:50:00,1417.50,1417.50,1417.00,1417.10,956
2026-09-02 13:51:00,1417.00,1417.10,1416.60,1416.70,270
2026-09-02 13:52:00,1416.70,1416.90,1416.60,1416.90,11626
2026-09-02 13:53:00,1417.30,1418.00,1417.10,1418.00,1585
2026-09-02 13:54:00,1417.90,1418.20,1417.80,1418.10,521
2026-09-02 13:55:00,1418.20,1418.30,1417.90,1418.30,962
2026-09-02 13:56:00,1418.30,1418.30,1417.80,1418.30,922
2026-09-02 13:57:00,1418.30,1418.30,1418.00,1418.20,322
2026-09-02 13:58:00,1418.20,1418.20,1417.70,1417.70,2299
2026-09-02 13:59:00,1417.80,1417.80,1417.50,1417.50,577
2026-09-02 14:00:00,1417.80,1417.80,1417.60,1417.60,566
2026-09-02 14:01:00,1417.60,1417.60,1417.30,1417.60,702
2026-09-02 14:02:00,1417.50,1417.50,1416.70,1417.10,1892
2026-09-02 14:03:00,1417.30,1417.40,1417.10,1417.30,301
2026-09-02 14:04:00,1417.30,1417.30,1417.10,1417.30,431
2026-09-02 14:05:00,1417.20,1417.40,1417.20,1417.40,327
2026-09-02 14:06:00,1417.40,1417.50,1417.10,1417.20,1070
2026-09-02 14:07:00,1417.20,1418.00,1417.10,1418.00,6234
2026-09-02 14:08:00,1417.70,1418.20,1417.70,1418.20,689
2026-09-02 14:09:00,1418.20,1418.40,1418.10,1418.20,1156
2026-09-02 14:10:00,1418.40,1418.50,1418.20,1418.30,779
2026-09-02 14:11:00,1418.30,1418.70,1418.30,1418.60,520
2026-09-02 14:12:00,1418.70,1419.10,1418.20,1418.30,2977
2026-09-02 14:13:00,1418.30,1418.30,1418.10,1418.20,69
2026-09-02 14:14:00,1418.20,1418.20,1417.40,1417.80,997
2026-09-02 14:15:00,1417.90,1418.10,1417.80,1417.80,402
2026-09-02 14:16:00,1417.80,1418.10,1417.80,1418.00,245
2026-09-02 14:17:00,1418.10,1418.20,1418.00,1418.20,518
2026-09-02 14:18:00,1418.20,1418.60,1418.10,1418.60,3533
2026-09-02 14:19:00,1418.70,1418.90,1418.40,1418.80,1204
2026-09-02 14:20:00,1418.90,1419.30,1418.80,1419.30,818
2026-09-02 14:21:00,1419.30,1419.40,1418.70,1419.20,2414
2026-09-02 14:22:00,1419.20,1419.20,1418.80,1418.80,251
2026-09-02 14:23:00,1418.90,1419.20,1418.50,1418.90,2873
2026-09-02 14:24:00,1419.10,1419.30,1419.00,1419.30,423
2026-09-02 14:25:00,1419.00,1419.30,1418.60,1418.90,1561
2026-09-02 14:26:00,1419.00,1419.10,1418.80,1419.00,367
2026-09-02 14:27:00,1418.50,1419.70,1418.40,1419.70,7945
2026-09-02 14:28:00,1419.60,1420.10,1419.60,1419.90,989
2026-09-02 14:29:00,1420.00,1420.60,1419.90,1419.90,1933
2026-09-02 14:30:00,1420.00,1421.00,1419.80,1421.00,1168
2026-09-02 14:31:00,1420.80,1421.40,1420.80,1421.40,922
2026-09-02 14:32:00,1421.40,1421.50,1421.10,1421.50,721
2026-09-02 14:33:00,1421.70,1422.80,1421.60,1422.80,1758
2026-09-02 14:34:00,1422.50,1422.70,1422.10,1422.10,1310
2026-09-02 14:35:00,1422.10,1422.50,1422.10,1422.30,663
2026-09-02 14:36:00,1422.40,1422.40,1422.00,1422.30,1171
2026-09-02 14:37:00,1422.00,1422.10,1420.80,1420.80,2866
2026-09-02 14:38:00,1421.00,1421.00,1420.10,1420.60,1053
2026-09-02 14:39:00,1420.50,1420.90,1420.50,1420.70,349
2026-09-02 14:40:00,1420.70,1421.00,1420.70,1421.00,997
2026-09-02 14:41:00,1421.00,1421.10,1421.00,1421.10,876
2026-09-02 14:42:00,1421.10,1421.10,1420.90,1421.00,1316
2026-09-02 14:43:00,1421.00,1421.00,1420.80,1420.80,545
2026-09-02 14:44:00,1420.80,1420.90,1420.80,1420.80,727
2026-09-02 14:45:00,1420.90,1420.90,1420.50,1420.50,2307
2026-09-02 14:46:00,1420.60,1420.60,1420.50,1420.50,518
2026-09-02 14:47:00,1420.60,1420.60,1420.50,1420.50,665
2026-09-02 14:48:00,1420.70,1420.80,1420.60,1420.60,2994
2026-09-02 14:49:00,1420.70,1421.80,1420.70,1421.80,8371
2026-09-02 14:50:00,1421.70,1422.00,1420.70,1420.70,6792
2026-09-02 14:51:00,1420.70,1420.90,1420.60,1420.80,1159
2026-09-02 14:52:00,1420.80,1421.00,1420.70,1420.80,731
2026-09-02 14:53:00,1420.80,1421.00,1420.40,1421.00,4886
2026-09-02 14:54:00,1420.90,1420.90,1420.80,1420.90,642
2026-09-02 14:55:00,1420.90,1422.10,1420.90,1422.10,7049
2026-09-02 14:56:00,1421.90,1421.90,1421.50,1421.50,4928
2026-09-02 14:57:00,1421.60,1421.60,1421.20,1421.60,918
2026-09-02 14:58:00,1421.60,1421.70,1421.50,1421.70,1008
2026-09-02 14:59:00,1421.80,1422.00,1421.60,1422.00,3032
2026-09-02 15:00:00,1422.00,1422.00,1421.50,1421.60,5508
2026-09-02 15:01:00,1421.60,1421.80,1421.60,1421.80,2388
2026-09-02 15:02:00,1421.60,1421.70,1421.50,1421.50,3972
2026-09-02 15:03:00,1421.50,1421.70,1421.50,1421.70,1530
2026-09-02 15:04:00,1421.60,1421.70,1420.20,1420.20,7785
2026-09-02 15:05:00,1420.40,1420.40,1420.20,1420.40,1703
2026-09-02 15:06:00,1420.40,1420.60,1420.00,1420.30,11129
2026-09-02 15:07:00,1420.30,1420.30,1418.50,1418.50,5400
2026-09-02 15:08:00,1418.50,1419.00,1418.40,1418.50,3418
2026-09-02 15:09:00,1418.40,1419.30,1418.30,1419.30,8847
2026-09-02 15:10:00,1419.60,1420.60,1419.60,1420.60,4208
2026-09-02 15:11:00,1421.00,1421.10,1420.70,1420.80,7122
2026-09-02 15:12:00,1420.70,1421.10,1419.30,1420.70,16202
2026-09-02 15:13:00,1420.60,1421.50,1419.20,1419.80,10144
2026-09-02 15:14:00,1420.60,1422.00,1418.00,1419.00,2987
2026-09-02 15:15:00,1422.00,1422.00,1422.00,1422.00,25
2026-09-02 15:16:00,1422.00,1422.00,1422.00,1422.00,0
2026-09-02 15:17:00,1422.00,1422.00,1422.00,1422.00,0
2026-09-02 15:18:00,1422.00,1422.00,1422.00,1422.00,0
2026-09-02 15:19:00,1422.00,1422.00,1422.00,1422.00,0
2026-09-02 15:20:00,1422.00,1422.00,1422.00,1422.00,0
2026-09-02 15:21:00,1422.00,1422.00,1422.00,1422.00,0
2026-09-02 15:22:00,1422.00,1422.00,1422.00,1422.00,0
2026-09-02 15:23:00,1422.00,1422.00,1422.00,1422.00,0
2026-09-02 15:24:00,1422.00,1422.00,1422.00,1422.00,0
2026-09-02 15:25:00,1422.00,1422.00,1422.00,1422.00,0
2026-09-02 15:26:00,1422.00,1422.00,1422.00,1422.00,0
2026-09-02 15:27:00,1422.00,1422.00,1422.00,1422.00,0
2026-09-02 15:28:00,1422.00,1422.00,1422.00,1422.00,0
2026-09-02 15:29:00,1422.00,1425.00,1422.00,1425.00,64272
2026-09-03 09:15:00,1424.10,1424.10,1413.50,1417.80,10911
2026-09-03 09:16:00,1418.40,1419.00,1416.30,1416.30,5252
2026-09-03 09:17:00,1416.30,1417.50,1415.10,1415.10,2466
2026-09-03 09:18:00,1415.10,1415.80,1414.30,1415.70,1944
2026-09-03 09:19:00,1415.00,1416.60,1415.00,1416.60,3041
2026-09-03 09:20:00,1416.60,1416.60,1416.00,1416.30,2056
2026-09-03 09:21:00,1417.50,1417.80,1415.20,1415.20,3777
2026-09-03 09:22:00,1415.20,1416.60,1414.60,1416.60,3077
2026-09-03 09:23:00,1417.20,1417.50,1415.90,1416.60,2102
2026-09-03 09:24:00,1416.60,1416.60,1415.10,1415.10,1564
2026-09-03 09:25:00,1415.60,1416.10,1415.20,1416.00,2363
2026-09-03 09:26:00,1416.10,1416.20,1414.50,1414.50,905
2026-09-03 09:27:00,1415.10,1415.90,1415.10,1415.10,2476
2026-09-03 09:28:00,1415.20,1415.20,1415.00,1415.10,455
2026-09-03 09:29:00,1415.10,1416.30,1415.10,1416.30,450
2026-09-03 09:30:00,1416.00,1417.50,1416.00,1417.20,1448
2026-09-03 09:31:00,1417.20,1417.50,1416.30,1416.30,999
2026-09-03 09:32:00,1416.60,1418.00,1416.40,1418.00,4401
2026-09-03 09:33:00,1418.10,1418.80,1417.90,1417.90,1454
2026-09-03 09:34:00,1417.90,1418.90,1417.60,1418.90,1841
2026-09-03 09:35:00,1419.00,1419.90,1419.00,1419.40,1572
2026-09-03 09:36:00,1419.40,1419.90,1419.30,1419.40,2072
2026-09-03 09:37:00,1419.40,1419.70,1419.00,1419.40,185
2026-09-03 09:38:00,1419.40,1419.70,1418.90,1419.00,956
2026-09-03 09:39:00,1419.00,1419.30,1418.90,1419.00,492
2026-09-03 09:40:00,1419.30,1419.30,1418.80,1418.80,582
2026-09-03 09:41:00,1418.80,1419.60,1417.90,1418.20,398
2026-09-03 09:42:00,1418.20,1418.50,1417.20,1418.50,678
2026-09-03 09:43:00,1418.50,1419.00,1418.10,1419.00,772
2026-09-03 09:44:00,1419.50,1420.00,1419.40,1420.00,509
2026-09-03 09:45:00,1420.00,1421.00,1419.90,1420.60,790
2026-09-03 09:46:00,1420.20,1421.20,1420.20,1421.20,908
2026-09-03 09:47:00,1421.20,1421.70,1420.70,1420.70,558
2026-09-03 09:48:00,1421.40,1421.50,1420.70,1420.70,345
2026-09-03 09:49:00,1420.20,1420.80,1418.20,1418.50,2498
2026-09-03 09:50:00,1418.50,1419.50,1418.50,1419.10,1094
2026-09-03 09:51:00,1419.50,1420.00,1419.10,1419.30,855
2026-09-03 09:52:00,1419.30,1420.10,1418.00,1418.10,5441
2026-09-03 09:53:00,1418.70,1418.70,1415.20,1415.20,1933
2026-09-03 09:54:00,1415.80,1415.80,1415.10,1415.50,243
2026-09-03 09:55:00,1415.50,1416.00,1415.40,1415.40,1273
2026-09-03 09:56:00,1415.40,1415.80,1415.40,1415.60,359
2026-09-03 09:57:00,1415.70,1416.00,1415.60,1415.70,644
2026-09-03 09:58:00,1416.00,1416.40,1415.70,1416.20,309
2026-09-03 09:59:00,1416.20,1416.20,1415.50,1415.50,875
2026-09-03 10:00:00,1415.50,1416.00,1415.50,1415.50,186
2026-09-03 10:01:00,1415.80,1415.80,1415.10,1415.10,582
2026-09-03 10:02:00,1415.20,1415.40,1415.10,1415.30,289
2026-09-03 10:03:00,1415.30,1415.40,1415.10,1415.10,203
2026-09-03 10:04:00,1415.10,1415.90,1415.10,1415.30,581
2026-09-03 10:05:00,1415.40,1415.70,1415.30,1415.70,217
2026-09-03 10:06:00,1415.50,1416.20,1415.50,1416.20,103
2026-09-03 10:07:00,1416.30,1416.30,1415.50,1415.70,1770
2026-09-03 10:08:00,1416.00,1416.30,1415.10,1415.10,1000
2026-09-03 10:09:00,1415.40,1415.60,1415.10,1415.10,209
2026-09-03 10:10:00,1415.50,1415.60,1414.70,1415.40,1073
2026-09-03 10:11:00,1415.00,1415.40,1415.00,1415.30,333
2026-09-03 10:12:00,1415.30,1415.90,1415.30,1415.40,300
2026-09-03 10:13:00,1415.90,1415.90,1415.40,1415.70,143
2026-09-03 10:14:00,1415.80,1416.00,1415.50,1416.00,416
2026-09-03 10:15:00,1416.00,1416.00,1415.40,1415.40,705
2026-09-03 10:16:00,1415.60,1415.70,1415.00,1415.00,171
2026-09-03 10:17:00,1415.40,1415.40,1414.80,1415.40,298
2026-09-03 10:18:00,1415.40,1415.40,1414.50,1414.80,1464
2026-09-03 10:19:00,1414.60,1415.00,1414.60,1414.60,226
2026-09-03 10:20:00,1414.60,1415.00,1414.50,1415.00,330
2026-09-03 10:21:00,1414.50,1415.00,1414.50,1415.00,98
2026-09-03 10:22:00,1414.60,1415.40,1414.60,1414.70,1543
2026-09-03 10:23:00,1415.00,1415.00,1414.70,1415.00,305
2026-09-03 10:24:00,1414.80,1415.00,1414.70,1415.00,133
2026-09-03 10:25:00,1414.70,1415.20,1414.70,1415.00,549
2026-09-03 10:26:00,1415.30,1415.30,1414.70,1415.20,236
2026-09-03 10:27:00,1415.00,1415.30,1414.70,1415.00,486
2026-09-03 10:28:00,1415.00,1415.00,1414.50,1414.70,642
2026-09-03 10:29:00,1414.70,1416.50,1414.70,1416.00,1800
2026-09-03 10:30:00,1416.40,1416.70,1416.00,1416.50,1306
2026-09-03 10:31:00,1416.60,1416.60,1415.00,1415.00,1323
2026-09-03 10:32:00,1415.50,1417.00,1415.50,1416.60,345
2026-09-03 10:33:00,1417.00,1417.00,1416.60,1417.00,236
2026-09-03 10:34:00,1416.60,1417.00,1416.30,1416.30,189
2026-09-03 10:35:00,1416.70,1417.30,1415.60,1417.00,6360
2026-09-03 10:36:00,1417.80,1417.90,1417.00,1417.00,359
2026-09-03 10:37:00,1417.60,1418.60,1417.00,1417.80,1409
2026-09-03 10:38:00,1418.40,1418.90,1417.90,1417.90,780
2026-09-03 10:39:00,1418.10,1418.30,1417.70,1418.30,259
2026-09-03 10:40:00,1418.30,1418.30,1416.50,1416.50,2353
2026-09-03 10:41:00,1417.20,1417.30,1416.40,1416.40,150
2026-09-03 10:42:00,1416.90,1416.90,1416.00,1416.00,313
2026-09-03 10:43:00,1416.20,1417.40,1415.80,1417.40,437
2026-09-03 10:44:00,1417.70,1417.90,1417.40,1417.80,274
2026-09-03 10:45:00,1417.40,1418.10,1417.20,1417.30,947
2026-09-03 10:46:00,1417.20,1417.30,1417.10,1417.10,272
2026-09-03 10:47:00,1417.30,1417.80,1417.10,1417.70,330
2026-09-03 10:48:00,1417.10,1417.70,1417.10,1417.60,208
2026-09-03 10:49:00,1417.50,1417.50,1416.90,1417.00,358
2026-09-03 10:50:00,1416.90,1417.40,1416.90,1417.20,189
2026-09-03 10:51:00,1417.20,1417.40,1417.00,1417.40,336
2026-09-03 10:52:00,1417.00,1417.40,1416.50,1416.90,216
2026-09-03 10:53:00,1416.90,1416.90,1416.20,1416.20,415
2026-09-03 10:54:00,1416.60,1416.60,1415.40,1415.40,428
2026-09-03 10:55:00,1415.80,1415.80,1414.80,1415.00,985
2026-09-03 10:56:00,1414.60,1415.70,1414.60,1415.30,622
2026-09-03 10:57:00,1415.70,1416.10,1415.30,1416.10,115
2026-09-03 10:58:00,1416.10,1416.10,1414.20,1414.20,2201
2026-09-03 10:59:00,1414.30,1414.80,1414.20,1414.70,445
2026-09-03 11:00:00,1414.30,1414.60,1414.10,1414.10,460
2026-09-03 11:01:00,1414.50,1414.60,1413.10,1413.10,3481
2026-09-03 11:02:00,1413.60,1413.80,1413.50,1413.50,454
2026-09-03 11:03:00,1414.00,1414.00,1413.60,1413.60,274
2026-09-03 11:04:00,1413.90,1413.90,1413.50,1413.90,528
2026-09-03 11:05:00,1413.70,1414.00,1413.50,1413.60,442
2026-09-03 11:06:00,1414.00,1414.00,1413.60,1413.70,660
2026-09-03 11:07:00,1413.90,1413.90,1413.70,1413.70,344
2026-09-03 11:08:00,1413.90,1414.10,1413.10,1413.10,756
2026-09-03 11:09:00,1413.10,1414.00,1413.10,1413.70,88
2026-09-03 11:10:00,1413.60,1413.60,1412.90,1412.90,1163
2026-09-03 11:11:00,1412.90,1413.00,1412.70,1412.70,577
2026-09-03 11:12:00,1412.70,1412.90,1412.70,1412.90,824
2026-09-03 11:13:00,1413.00,1413.00,1412.50,1412.50,341
2026-09-03 11:14:00,1412.50,1412.90,1411.70,1411.80,1457
2026-09-03 11:15:00,1412.00,1412.70,1411.80,1412.30,875
2026-09-03 11:16:00,1412.30,1413.00,1412.30,1412.60,689
2026-09-03 11:17:00,1412.70,1413.00,1412.60,1413.00,792
2026-09-03 11:18:00,1412.90,1413.60,1412.90,1413.60,1050
2026-09-03 11:19:00,1413.20,1414.00,1413.20,1413.40,858
2026-09-03 11:20:00,1414.00,1414.00,1413.20,1413.20,148
2026-09-03 11:21:00,1413.70,1414.00,1413.40,1414.00,918
2026-09-03 11:22:00,1413.50,1414.10,1413.50,1413.60,718
2026-09-03 11:23:00,1414.00,1414.10,1413.60,1413.70,494
2026-09-03 11:24:00,1414.00,1414.60,1413.50,1413.70,2541
2026-09-03 11:25:00,1414.20,1414.40,1413.70,1414.40,572
2026-09-03 11:26:00,1415.00,1415.00,1413.50,1414.70,4278
2026-09-03 11:27:00,1414.80,1414.80,1414.00,1414.00,473
2026-09-03 11:28:00,1414.40,1414.40,1414.00,1414.00,225
2026-09-03 11:29:00,1414.40,1415.00,1414.00,1414.50,397
2026-09-03 11:30:00,1415.00,1415.70,1414.50,1415.00,388
2026-09-03 11:31:00,1415.00,1415.90,1413.30,1413.40,4724
2026-09-03 11:32:00,1414.00,1414.00,1413.40,1413.40,310
2026-09-03 11:33:00,1413.50,1414.00,1413.10,1413.20,1761
2026-09-03 11:34:00,1413.70,1413.90,1413.10,1413.90,1069
2026-09-03 11:35:00,1413.90,1414.10,1413.40,1413.60,762
2026-09-03 11:36:00,1414.00,1414.40,1413.70,1414.10,325
2026-09-03 11:37:00,1414.10,1414.20,1412.10,1412.90,1646
2026-09-03 11:38:00,1412.90,1413.30,1412.40,1412.80,490
2026-09-03 11:39:00,1413.30,1413.30,1412.80,1412.90,1065
2026-09-03 11:40:00,1413.10,1413.60,1413.10,1413.40,1271
2026-09-03 11:41:00,1413.50,1414.20,1413.40,1413.70,838
2026-09-03 11:42:00,1414.10,1414.40,1413.70,1413.80,800
2026-09-03 11:43:00,1414.30,1414.30,1413.80,1413.80,374
2026-09-03 11:44:00,1414.20,1414.70,1413.80,1414.20,1082
2026-09-03 11:45:00,1414.50,1414.50,1413.80,1413.80,686
2026-09-03 11:46:00,1414.00,1414.00,1413.10,1413.50,423
2026-09-03 11:47:00,1413.50,1413.80,1413.20,1413.30,326
2026-09-03 11:48:00,1413.60,1414.10,1413.20,1414.10,742
2026-09-03 11:49:00,1413.50,1414.50,1413.30,1413.90,171
2026-09-03 11:50:00,1413.80,1413.80,1413.00,1413.00,594
2026-09-03 11:51:00,1413.30,1413.30,1413.00,1413.00,408
2026-09-03 11:52:00,1413.20,1413.30,1412.70,1413.30,622
2026-09-03 11:53:00,1413.20,1413.30,1412.50,1412.50,802
2026-09-03 11:54:00,1412.90,1412.90,1412.40,1412.50,218
2026-09-03 11:55:00,1412.70,1412.70,1412.40,1412.40,116
2026-09-03 11:56:00,1412.50,1412.50,1412.40,1412.50,442
2026-09-03 11:57:00,1412.50,1412.50,1412.40,1412.40,86
2026-09-03 11:58:00,1412.40,1412.50,1412.40,1412.40,326
2026-09-03 11:59:00,1412.40,1413.00,1412.40,1412.80,478
2026-09-03 12:00:00,1412.80,1413.00,1412.80,1412.80,216
2026-09-03 12:01:00,1413.00,1413.00,1412.70,1412.70,647
2026-09-03 12:02:00,1412.80,1412.80,1412.10,1412.70,1293
2026-09-03 12:03:00,1412.70,1412.70,1412.10,1412.50,1727
2026-09-03 12:04:00,1412.50,1412.50,1411.80,1411.80,713
2026-09-03 12:05:00,1412.00,1412.30,1411.80,1412.20,263
2026-09-03 12:06:00,1412.20,1412.40,1411.90,1411.90,724
2026-09-03 12:07:00,1412.40,1412.40,1411.90,1412.00,311
2026-09-03 12:08:00,1412.00,1412.00,1411.90,1412.00,886
2026-09-03 12:09:00,1412.00,1412.00,1410.10,1411.10,5471
2026-09-03 12:10:00,1411.20,1411.60,1411.20,1411.50,680
2026-09-03 12:11:00,1411.60,1411.60,1411.30,1411.40,281
2026-09-03 12:12:00,1411.50,1411.50,1411.30,1411.40,289
2026-09-03 12:13:00,1411.50,1411.50,1411.10,1411.20,1056
2026-09-03 12:14:00,1411.20,1411.60,1410.90,1411.60,4707
2026-09-03 12:15:00,1411.90,1412.00,1411.40,1412.00,634
2026-09-03 12:16:00,1412.00,1412.00,1411.30,1411.90,511
2026-09-03 12:17:00,1411.90,1411.90,1411.00,1411.10,829
2026-09-03 12:18:00,1411.40,1411.40,1410.80,1410.90,745
2026-09-03 12:19:00,1411.20,1411.20,1410.80,1410.80,598
2026-09-03 12:20:00,1411.00,1411.40,1410.60,1411.40,468
2026-09-03 12:21:00,1411.40,1411.90,1411.00,1411.50,566
2026-09-03 12:22:00,1411.60,1411.90,1411.30,1411.40,620
2026-09-03 12:23:00,1411.80,1412.00,1411.40,1411.50,579
2026-09-03 12:24:00,1412.00,1412.00,1411.30,1411.30,547
2026-09-03 12:25:00,1411.60,1411.60,1410.60,1411.00,1046
2026-09-03 12:26:00,1411.00,1411.00,1410.30,1410.40,736
2026-09-03 12:27:00,1410.40,1410.60,1410.20,1410.60,3197
2026-09-03 12:28:00,1410.40,1411.00,1410.40,1411.00,1121
2026-09-03 12:29:00,1410.50,1410.70,1410.10,1410.40,503
2026-09-03 12:30:00,1410.20,1410.40,1410.00,1410.10,2683
2026-09-03 12:31:00,1410.40,1411.40,1410.10,1411.40,1206
2026-09-03 12:32:00,1411.00,1411.40,1410.50,1410.50,1020
2026-09-03 12:33:00,1410.50,1411.10,1410.50,1410.50,574
2026-09-03 12:34:00,1410.40,1410.40,1410.00,1410.30,784
2026-09-03 12:35:00,1410.10,1410.30,1410.00,1410.00,750
2026-09-03 12:36:00,1410.00,1410.50,1410.00,1410.10,1351
2026-09-03 12:37:00,1410.50,1410.90,1410.40,1410.70,1593
2026-09-03 12:38:00,1410.80,1411.20,1410.20,1410.20,935
2026-09-03 12:39:00,1410.10,1410.60,1410.10,1410.30,2596
2026-09-03 12:40:00,1410.30,1410.80,1410.20,1410.70,851
2026-09-03 12:41:00,1410.20,1410.80,1408.40,1408.70,5432
2026-09-03 12:42:00,1408.40,1408.90,1407.00,1408.80,14085
2026-09-03 12:43:00,1409.10,1409.80,1408.80,1409.20,1478
2026-09-03 12:44:00,1409.70,1409.70,1409.20,1409.40,792
2026-09-03 12:45:00,1409.50,1410.00,1409.50,1409.60,910
2026-09-03 12:46:00,1409.60,1410.50,1409.60,1409.70,1827
2026-09-03 12:47:00,1410.00,1410.50,1409.00,1409.30,3786
2026-09-03 12:48:00,1409.00,1409.40,1408.80,1409.00,557
2026-09-03 12:49:00,1409.40,1409.40,1409.00,1409.00,580
2026-09-03 12:50:00,1409.30,1409.90,1409.20,1409.40,1979
2026-09-03 12:51:00,1409.50,1409.70,1409.00,1409.30,523
2026-09-03 12:52:00,1409.30,1409.50,1409.20,1409.50,467
2026-09-03 12:53:00,1409.30,1409.50,1408.40,1408.80,1764
2026-09-03 12:54:00,1408.90,1409.50,1408.70,1409.50,611
2026-09-03 12:55:00,1410.00,1410.60,1409.40,1410.60,5403
2026-09-03 12:56:00,1410.00,1410.90,1410.00,1410.30,626
2026-09-03 12:57:00,1410.90,1410.90,1410.60,1410.60,682
2026-09-03 12:58:00,1410.10,1410.60,1409.50,1410.10,3515
2026-09-03 12:59:00,1410.10,1410.20,1409.80,1410.10,277
2026-09-03 13:00:00,1409.80,1410.20,1409.10,1409.50,594
2026-09-03 13:01:00,1409.50,1410.20,1409.10,1410.20,1539
2026-09-03 13:02:00,1410.20,1410.20,1409.60,1409.80,521
2026-09-03 13:03:00,1409.60,1409.80,1409.00,1409.70,1800
2026-09-03 13:04:00,1409.70,1409.70,1409.10,1409.20,654
2026-09-03 13:05:00,1409.50,1409.50,1409.20,1409.50,324
2026-09-03 13:06:00,1409.50,1411.10,1409.30,1410.60,3047
2026-09-03 13:07:00,1410.90,1410.90,1409.50,1410.00,1338
2026-09-03 13:08:00,1409.80,1410.00,1409.60,1409.60,869
2026-09-03 13:09:00,1410.00,1410.00,1409.50,1409.50,589
2026-09-03 13:10:00,1409.70,1409.70,1409.20,1409.20,349
2026-09-03 13:11:00,1409.50,1409.70,1409.20,1409.70,194
2026-09-03 13:12:00,1409.70,1410.00,1409.40,1410.00,1416
2026-09-03 13:13:00,1410.00,1410.00,1407.90,1408.10,7698
2026-09-03 13:14:00,1408.80,1410.10,1408.40,1410.00,25730
2026-09-03 13:15:00,1410.10,1410.50,1409.50,1410.20,517
2026-09-03 13:16:00,1410.20,1411.60,1410.20,1410.80,890
2026-09-03 13:17:00,1411.10,1411.50,1410.60,1410.60,4119
2026-09-03 13:18:00,1411.20,1411.60,1410.30,1410.90,847
2026-09-03 13:19:00,1411.00,1411.00,1410.40,1410.40,364
2026-09-03 13:20:00,1411.00,1411.00,1410.40,1410.80,223
2026-09-03 13:21:00,1410.80,1411.00,1410.60,1411.00,430
2026-09-03 13:22:00,1410.90,1411.00,1410.30,1410.80,1222
2026-09-03 13:23:00,1410.50,1410.50,1410.30,1410.30,583
2026-09-03 13:24:00,1410.30,1410.80,1410.00,1410.10,1111
2026-09-03 13:25:00,1410.00,1410.10,1410.00,1410.10,1249
2026-09-03 13:26:00,1410.10,1410.10,1410.00,1410.00,449
2026-09-03 13:27:00,1410.10,1410.60,1410.00,1410.40,835
2026-09-03 13:28:00,1410.60,1411.00,1410.30,1410.60,813
2026-09-03 13:29:00,1410.60,1410.60,1410.10,1410.60,508
2026-09-03 13:30:00,1410.60,1410.60,1410.00,1410.20,683
2026-09-03 13:31:00,1410.30,1410.60,1410.20,1410.20,302
2026-09-03 13:32:00,1410.50,1410.50,1410.10,1410.10,508
2026-09-03 13:33:00,1410.20,1411.00,1410.00,1410.90,1841
2026-09-03 13:34:00,1410.80,1412.60,1410.80,1412.00,3508
2026-09-03 13:35:00,1412.40,1413.80,1412.00,1413.70,3356
2026-09-03 13:36:00,1413.50,1414.50,1412.30,1412.80,13977
2026-09-03 13:37:00,1413.00,1414.40,1412.70,1414.30,3589
2026-09-03 13:38:00,1414.20,1415.00,1413.40,1413.90,18097
2026-09-03 13:39:00,1413.60,1414.20,1413.60,1414.20,1045
2026-09-03 13:40:00,1413.80,1414.90,1413.80,1414.00,852
2026-09-03 13:41:00,1414.60,1414.60,1413.90,1413.90,1756
2026-09-03 13:42:00,1414.00,1414.00,1413.80,1413.90,318
2026-09-03 13:43:00,1413.80,1413.90,1413.60,1413.60,1691
2026-09-03 13:44:00,1413.70,1413.70,1413.50,1413.60,579
2026-09-03 13:45:00,1413.50,1413.60,1413.40,1413.50,1158
2026-09-03 13:46:00,1413.50,1413.50,1413.30,1413.40,513
2026-09-03 13:47:00,1413.40,1413.40,1413.10,1413.10,514
2026-09-03 13:48:00,1413.10,1413.40,1413.10,1413.40,517
2026-09-03 13:49:00,1413.70,1414.40,1413.70,1413.90,2597
2026-09-03 13:50:00,1414.40,1414.40,1414.00,1414.00,2478
2026-09-03 13:51:00,1414.30,1414.60,1413.00,1413.50,7575
2026-09-03 13:52:00,1413.50,1413.50,1412.60,1412.60,392
2026-09-03 13:53:00,1413.00,1413.00,1412.60,1412.70,721
2026-09-03 13:54:00,1412.60,1413.00,1412.60,1412.80,618
2026-09-03 13:55:00,1413.00,1413.20,1412.80,1412.80,173
2026-09-03 13:56:00,1413.30,1413.40,1412.80,1413.10,527
2026-09-03 13:57:00,1413.00,1414.00,1413.00,1413.60,575
2026-09-03 13:58:00,1413.50,1413.90,1413.30,1413.50,598
2026-09-03 13:59:00,1413.30,1413.50,1412.90,1413.20,373
2026-09-03 14:00:00,1413.20,1413.50,1413.00,1413.50,546
2026-09-03 14:01:00,1413.50,1413.50,1413.20,1413.20,173
2026-09-03 14:02:00,1413.10,1413.20,1412.10,1413.20,5017
2026-09-03 14:03:00,1413.20,1414.30,1413.10,1414.20,4180
2026-09-03 14:04:00,1414.20,1414.20,1412.80,1412.80,2322
2026-09-03 14:05:00,1413.40,1413.40,1412.80,1413.40,1163
2026-09-03 14:06:00,1412.70,1413.40,1412.70,1413.40,526
2026-09-03 14:07:00,1412.90,1413.40,1412.90,1413.10,418
2026-09-03 14:08:00,1413.30,1413.70,1413.00,1413.70,2936
2026-09-03 14:09:00,1413.70,1414.00,1413.40,1413.70,548
2026-09-03 14:10:00,1413.40,1413.60,1413.40,1413.50,322
2026-09-03 14:11:00,1413.40,1413.70,1413.40,1413.70,843
2026-09-03 14:12:00,1413.40,1413.70,1413.20,1413.20,651
2026-09-03 14:13:00,1413.40,1413.60,1413.10,1413.40,863
2026-09-03 14:14:00,1413.60,1413.60,1413.30,1413.40,358
2026-09-03 14:15:00,1413.30,1413.50,1413.30,1413.50,521
2026-09-03 14:16:00,1413.50,1413.70,1413.40,1413.70,1353
2026-09-03 14:17:00,1413.60,1413.90,1413.60,1413.90,764
2026-09-03 14:18:00,1413.90,1413.90,1413.60,1413.70,522
2026-09-03 14:19:00,1413.70,1413.70,1412.20,1412.50,2733
2026-09-03 14:20:00,1412.40,1413.40,1412.40,1413.30,6386
2026-09-03 14:21:00,1412.90,1413.70,1412.90,1413.00,7160
2026-09-03 14:22:00,1412.50,1413.00,1411.50,1413.00,5952
2026-09-03 14:23:00,1412.70,1413.90,1412.70,1413.80,7920
2026-09-03 14:24:00,1414.30,1414.30,1413.20,1413.30,1391
2026-09-03 14:25:00,1413.30,1413.80,1413.30,1413.60,681
2026-09-03 14:26:00,1413.90,1413.90,1413.50,1413.50,475
2026-09-03 14:27:00,1413.60,1413.70,1413.50,1413.70,539
2026-09-03 14:28:00,1413.70,1414.30,1413.60,1414.10,589
2026-09-03 14:29:00,1414.20,1414.60,1413.70,1414.00,1895
2026-09-03 14:30:00,1414.00,1414.00,1413.40,1413.40,173
2026-09-03 14:31:00,1413.70,1413.70,1413.20,1413.30,570
2026-09-03 14:32:00,1413.20,1413.50,1413.20,1413.20,557
2026-09-03 14:33:00,1413.50,1413.70,1413.20,1413.30,638
2026-09-03 14:34:00,1413.20,1413.40,1413.20,1413.20,676
2026-09-03 14:35:00,1413.40,1413.40,1412.90,1412.90,1685
2026-09-03 14:36:00,1413.40,1413.40,1412.90,1413.10,326
2026-09-03 14:37:00,1412.90,1413.10,1412.90,1412.90,2169
2026-09-03 14:38:00,1413.10,1413.10,1412.90,1413.00,1161
2026-09-03 14:39:00,1413.00,1413.00,1412.70,1412.80,324
2026-09-03 14:40:00,1412.80,1412.80,1412.60,1412.70,246
2026-09-03 14:41:00,1412.70,1412.70,1412.10,1412.10,1006
2026-09-03 14:42:00,1412.20,1412.20,1412.10,1412.20,1327
2026-09-03 14:43:00,1412.20,1412.50,1412.20,1412.20,724
2026-09-03 14:44:00,1412.30,1412.90,1412.20,1412.50,4263
2026-09-03 14:45:00,1412.50,1413.20,1412.50,1413.20,1247
2026-09-03 14:46:00,1413.80,1413.80,1413.00,1413.00,535
2026-09-03 14:47:00,1413.00,1413.10,1412.90,1413.00,1244
2026-09-03 14:48:00,1412.90,1413.10,1412.90,1413.00,957
2026-09-03 14:49:00,1413.10,1413.10,1411.40,1411.50,3323
2026-09-03 14:50:00,1411.50,1412.50,1411.30,1412.00,3357
2026-09-03 14:51:00,1412.00,1412.80,1412.00,1412.50,647
2026-09-03 14:52:00,1412.50,1413.00,1412.50,1412.80,700
2026-09-03 14:53:00,1413.00,1413.80,1412.70,1413.60,5586
2026-09-03 14:54:00,1413.60,1413.90,1413.40,1413.40,3831
2026-09-03 14:55:00,1413.40,1413.70,1413.10,1413.30,979
2026-09-03 14:56:00,1413.40,1414.40,1413.30,1414.40,1625
2026-09-03 14:57:00,1414.00,1414.00,1413.00,1413.70,6161
2026-09-03 14:58:00,1413.70,1414.00,1413.30,1413.70,4403
2026-09-03 14:59:00,1413.70,1414.60,1413.70,1414.30,2253
2026-09-03 15:00:00,1414.30,1414.50,1413.10,1413.10,3497
2026-09-03 15:01:00,1413.10,1413.30,1413.00,1413.20,2520
2026-09-03 15:02:00,1413.20,1413.60,1413.20,1413.60,4493
2026-09-03 15:03:00,1413.60,1414.10,1413.40,1413.40,4423
2026-09-03 15:04:00,1413.40,1414.60,1413.40,1414.10,4001
2026-09-03 15:05:00,1414.70,1414.70,1412.70,1412.80,9497
2026-09-03 15:06:00,1412.80,1413.30,1412.80,1413.20,3644
2026-09-03 15:07:00,1413.20,1414.20,1413.20,1413.70,5423
2026-09-03 15:08:00,1413.70,1413.90,1413.70,1413.80,1364
2026-09-03 15:09:00,1413.90,1413.90,1412.50,1412.90,9713
2026-09-03 15:10:00,1413.00,1413.40,1413.00,1413.30,5013
2026-09-03 15:11:00,1413.30,1413.60,1413.30,1413.50,3725
2026-09-03 15:12:00,1413.50,1414.30,1412.10,1412.30,15924
2026-09-03 15:13:00,1412.50,1414.00,1412.00,1413.70,6157
2026-09-03 15:14:00,1413.70,1414.00,1413.60,1414.00,6175
2026-09-03 15:15:00,1416.90,1416.90,1416.90,1416.90,307
2026-09-03 15:16:00,1416.90,1416.90,1416.90,1416.90,0
2026-09-03 15:17:00,1416.90,1416.90,1416.90,1416.90,0
2026-09-03 15:18:00,1416.90,1416.90,1416.90,1416.90,0
2026-09-03 15:19:00,1416.90,1416.90,1416.90,1416.90,0
2026-09-03 15:20:00,1416.90,1416.90,1416.90,1416.90,0
2026-09-03 15:21:00,1416.90,1416.90,1416.90,1416.90,0
2026-09-03 15:22:00,1416.90,1416.90,1416.90,1416.90,0
2026-09-03 15:23:00,1416.90,1416.90,1416.90,1416.90,0
2026-09-03 15:24:00,1416.90,1416.90,1416.90,1416.90,0
2026-09-03 15:25:00,1416.90,1416.90,1416.90,1416.90,0
2026-09-03 15:26:00,1416.90,1416.90,1416.90,1416.90,0
2026-09-03 15:27:00,1416.90,1416.90,1416.90,1416.90,0
2026-09-03 15:28:00,1416.90,1416.90,1416.90,1416.90,0
2026-09-03 15:29:00,1416.00,1416.00,1416.00,1416.00,66357
2026-09-04 09:15:00,1415.00,1415.00,1402.50,1407.20,36767
2026-09-04 09:16:00,1407.40,1412.90,1407.40,1411.50,3269
2026-09-04 09:17:00,1411.60,1411.60,1409.80,1409.80,704
2026-09-04 09:18:00,1409.90,1409.90,1408.30,1409.00,2769
2026-09-04 09:19:00,1408.80,1409.00,1408.00,1408.00,3155
2026-09-04 09:20:00,1408.70,1409.10,1408.30,1408.70,1295
2026-09-04 09:21:00,1408.70,1408.70,1407.30,1407.30,2113
2026-09-04 09:22:00,1407.30,1408.20,1407.00,1408.20,2135
2026-09-04 09:23:00,1408.70,1408.90,1408.00,1408.10,694
2026-09-04 09:24:00,1408.50,1409.20,1408.20,1408.50,2011
2026-09-04 09:25:00,1408.90,1409.20,1408.70,1409.10,847
2026-09-04 09:26:00,1409.30,1409.70,1408.80,1409.00,1177
2026-09-04 09:27:00,1409.50,1409.50,1407.20,1407.20,2947
2026-09-04 09:28:00,1407.70,1407.80,1406.90,1407.30,1467
2026-09-04 09:29:00,1407.40,1407.40,1406.70,1407.30,368
2026-09-04 09:30:00,1407.30,1407.80,1406.40,1407.80,1205
2026-09-04 09:31:00,1407.50,1407.50,1406.80,1407.00,1609
2026-09-04 09:32:00,1407.00,1407.90,1406.90,1407.20,666
2026-09-04 09:33:00,1407.20,1407.90,1406.80,1407.90,1343
2026-09-04 09:34:00,1407.90,1408.60,1407.80,1408.20,2831
2026-09-04 09:35:00,1408.30,1408.50,1407.90,1408.20,369
2026-09-04 09:36:00,1407.90,1408.50,1407.80,1407.80,579
2026-09-04 09:37:00,1407.80,1408.50,1407.80,1408.20,605
2026-09-04 09:38:00,1408.20,1408.40,1406.90,1406.90,3481
2026-09-04 09:39:00,1406.90,1407.60,1406.60,1407.20,1654
2026-09-04 09:40:00,1406.60,1408.30,1406.60,1408.30,2659
2026-09-04 09:41:00,1408.80,1408.90,1408.00,1408.90,1023
2026-09-04 09:42:00,1408.90,1409.30,1408.40,1408.60,1194
2026-09-04 09:43:00,1407.90,1408.40,1407.40,1408.00,1531
2026-09-04 09:44:00,1408.00,1408.40,1407.80,1408.00,1148
2026-09-04 09:45:00,1408.10,1410.20,1408.00,1410.20,3345
2026-09-04 09:46:00,1410.40,1411.90,1410.20,1410.20,2127
2026-09-04 09:47:00,1410.20,1410.70,1409.70,1409.70,283
2026-09-04 09:48:00,1409.90,1409.90,1409.00,1409.50,1178
2026-09-04 09:49:00,1409.80,1409.80,1409.00,1409.60,573
2026-09-04 09:50:00,1409.10,1409.50,1408.50,1409.10,1062
2026-09-04 09:51:00,1409.10,1409.30,1408.30,1408.80,543
2026-09-04 09:52:00,1408.80,1409.40,1408.10,1409.00,1668
2026-09-04 09:53:00,1409.40,1409.50,1408.90,1409.40,2290
2026-09-04 09:54:00,1409.40,1409.40,1408.80,1409.10,181
2026-09-04 09:55:00,1409.10,1411.10,1409.10,1410.50,1305
2026-09-04 09:56:00,1410.50,1411.00,1410.40,1411.00,204
2026-09-04 09:57:00,1411.00,1411.00,1410.50,1410.50,531
2026-09-04 09:58:00,1410.50,1411.10,1410.10,1410.10,669
2026-09-04 09:59:00,1410.20,1410.90,1410.20,1410.70,497
2026-09-04 10:00:00,1410.70,1411.10,1410.10,1410.70,880
2026-09-04 10:01:00,1411.00,1413.20,1411.00,1412.90,3230
2026-09-04 10:02:00,1413.10,1413.10,1412.60,1412.60,313
2026-09-04 10:03:00,1412.90,1414.70,1412.60,1414.50,3031
2026-09-04 10:04:00,1414.90,1415.80,1414.90,1415.10,4605
2026-09-04 10:05:00,1415.30,1415.80,1414.80,1414.80,2424
2026-09-04 10:06:00,1415.20,1415.80,1415.00,1415.20,335
2026-09-04 10:07:00,1415.50,1415.60,1414.80,1415.20,512
2026-09-04 10:08:00,1415.40,1415.90,1415.20,1415.80,285
2026-09-04 10:09:00,1415.30,1416.00,1415.00,1415.30,1446
2026-09-04 10:10:00,1415.60,1415.60,1414.70,1415.30,563
2026-09-04 10:11:00,1414.60,1415.20,1413.80,1414.30,1264
2026-09-04 10:12:00,1414.50,1414.80,1413.80,1414.30,1223
2026-09-04 10:13:00,1414.70,1414.70,1413.80,1414.20,971
2026-09-04 10:14:00,1414.60,1416.90,1414.20,1415.60,4280
2026-09-04 10:15:00,1416.00,1416.50,1415.30,1416.50,407
2026-09-04 10:16:00,1416.80,1417.70,1416.30,1417.70,1210
2026-09-04 10:17:00,1417.80,1418.20,1417.70,1418.10,679
2026-09-04 10:18:00,1418.20,1419.90,1417.90,1418.90,2369
2026-09-04 10:19:00,1418.90,1419.50,1418.80,1419.00,1348
2026-09-04 10:20:00,1419.00,1419.30,1418.60,1418.60,251
2026-09-04 10:21:00,1418.90,1419.10,1418.60,1419.00,436
2026-09-04 10:22:00,1419.10,1419.40,1418.70,1419.10,1146
2026-09-04 10:23:00,1419.10,1419.50,1418.70,1419.50,485
2026-09-04 10:24:00,1419.10,1419.50,1418.30,1418.90,1540
2026-09-04 10:25:00,1418.90,1419.10,1418.30,1419.00,5177
2026-09-04 10:26:00,1419.10,1419.10,1418.90,1419.00,963
2026-09-04 10:27:00,1419.10,1420.00,1419.10,1419.90,917
2026-09-04 10:28:00,1420.00,1420.00,1419.70,1420.00,421
2026-09-04 10:29:00,1420.00,1420.00,1419.40,1419.70,650
2026-09-04 10:30:00,1419.70,1419.90,1418.40,1418.40,1288
2026-09-04 10:31:00,1418.90,1418.90,1417.90,1417.90,1357
2026-09-04 10:32:00,1418.20,1418.20,1416.10,1417.10,5953
2026-09-04 10:33:00,1417.50,1417.50,1416.40,1416.60,819
2026-09-04 10:34:00,1417.00,1417.00,1416.30,1416.50,1156
2026-09-04 10:35:00,1416.70,1416.70,1415.80,1416.50,463
2026-09-04 10:36:00,1416.50,1416.50,1415.60,1416.00,372
2026-09-04 10:37:00,1415.40,1416.00,1415.40,1415.60,396
2026-09-04 10:38:00,1416.10,1417.80,1416.10,1417.40,2136
2026-09-04 10:39:00,1417.90,1417.90,1417.00,1417.00,616
2026-09-04 10:40:00,1417.60,1417.60,1416.50,1416.50,283
2026-09-04 10:41:00,1417.00,1417.10,1416.30,1417.10,5283
2026-09-04 10:42:00,1417.10,1417.50,1416.40,1417.10,899
2026-09-04 10:43:00,1416.70,1416.80,1416.10,1416.50,150
2026-09-04 10:44:00,1416.80,1416.80,1416.50,1416.80,79
2026-09-04 10:45:00,1416.80,1416.80,1416.50,1416.50,134
2026-09-04 10:46:00,1416.80,1417.00,1416.60,1417.00,809
2026-09-04 10:47:00,1416.80,1417.00,1416.30,1416.80,818
2026-09-04 10:48:00,1416.80,1417.00,1416.70,1416.80,188
2026-09-04 10:49:00,1416.80,1416.90,1416.80,1416.90,33
2026-09-04 10:50:00,1416.90,1417.00,1416.50,1417.00,209
2026-09-04 10:51:00,1416.90,1417.00,1416.60,1416.60,590
2026-09-04 10:52:00,1416.90,1417.00,1416.20,1416.40,120
2026-09-04 10:53:00,1416.70,1416.80,1416.20,1416.30,249
2026-09-04 10:54:00,1416.70,1416.90,1416.10,1416.90,493
2026-09-04 10:55:00,1416.90,1418.50,1416.40,1418.50,1880
2026-09-04 10:56:00,1418.40,1418.40,1417.60,1418.30,1669
2026-09-04 10:57:00,1418.50,1418.50,1417.70,1417.70,2148
2026-09-04 10:58:00,1418.00,1418.50,1417.70,1418.00,596
2026-09-04 10:59:00,1418.00,1418.40,1417.60,1418.40,234
2026-09-04 11:00:00,1418.50,1418.60,1417.90,1418.00,138
2026-09-04 11:01:00,1418.60,1418.60,1417.80,1417.80,551
2026-09-04 11:02:00,1418.00,1418.00,1416.70,1417.00,2057
2026-09-04 11:03:00,1416.20,1417.20,1415.90,1416.70,2906
2026-09-04 11:04:00,1417.10,1417.20,1416.20,1416.90,890
2026-09-04 11:05:00,1416.40,1416.90,1416.20,1416.90,878
2026-09-04 11:06:00,1416.50,1416.90,1416.50,1416.90,119
2026-09-04 11:07:00,1416.90,1416.90,1415.30,1415.70,364
2026-09-04 11:08:00,1415.70,1415.70,1415.00,1415.40,572
2026-09-04 11:09:00,1415.40,1415.90,1415.20,1415.30,326
2026-09-04 11:10:00,1415.80,1415.90,1415.30,1415.60,1082
2026-09-04 11:11:00,1415.80,1417.30,1415.20,1416.40,1903
2026-09-04 11:12:00,1416.40,1417.10,1416.30,1416.50,190
2026-09-04 11:13:00,1416.40,1416.40,1414.80,1415.00,1028
2026-09-04 11:14:00,1415.70,1415.70,1415.20,1415.20,236
2026-09-04 11:15:00,1415.50,1416.70,1415.20,1416.40,1833
2026-09-04 11:16:00,1416.40,1417.10,1416.40,1416.70,1262
2026-09-04 11:17:00,1416.40,1416.60,1416.10,1416.10,255
2026-09-04 11:18:00,1416.30,1416.30,1416.10,1416.20,173
2026-09-04 11:19:00,1416.40,1416.40,1415.30,1416.40,1005
2026-09-04 11:20:00,1416.40,1416.40,1415.40,1416.40,1100
2026-09-04 11:21:00,1415.80,1416.40,1415.70,1415.80,276
2026-09-04 11:22:00,1416.10,1418.10,1415.80,1418.10,1245
2026-09-04 11:23:00,1419.00,1419.60,1418.60,1418.80,2359
2026-09-04 11:24:00,1418.80,1419.50,1416.60,1416.80,2803
2026-09-04 11:25:00,1417.20,1418.90,1416.80,1418.90,623
2026-09-04 11:26:00,1418.90,1418.90,1417.90,1417.90,1451
2026-09-04 11:27:00,1417.90,1418.30,1417.30,1417.30,744
2026-09-04 11:28:00,1417.70,1417.90,1417.30,1417.70,116
2026-09-04 11:29:00,1417.70,1418.20,1417.00,1417.40,862
2026-09-04 11:30:00,1418.10,1418.20,1417.60,1417.80,442
2026-09-04 11:31:00,1418.00,1418.40,1417.70,1418.00,252
2026-09-04 11:32:00,1418.00,1418.00,1417.30,1417.30,420
2026-09-04 11:33:00,1417.30,1417.80,1417.00,1417.00,229
2026-09-04 11:34:00,1417.50,1417.50,1417.00,1417.50,188
2026-09-04 11:35:00,1417.30,1418.60,1417.20,1417.90,2296
2026-09-04 11:36:00,1418.00,1418.90,1418.00,1418.90,270
2026-09-04 11:37:00,1418.50,1418.50,1418.50,1418.50,53
2026-09-04 11:38:00,1418.50,1419.00,1418.10,1418.10,156
2026-09-04 11:39:00,1418.10,1418.70,1418.00,1418.10,290
2026-09-04 11:40:00,1418.70,1418.80,1418.10,1418.20,418
2026-09-04 11:41:00,1418.20,1419.00,1418.20,1418.40,182
2026-09-04 11:42:00,1419.00,1419.00,1418.40,1418.60,158
2026-09-04 11:43:00,1418.50,1418.70,1418.20,1418.30,531
2026-09-04 11:44:00,1418.20,1418.90,1418.00,1418.20,761
2026-09-04 11:45:00,1418.80,1418.80,1418.10,1418.70,418
2026-09-04 11:46:00,1418.20,1418.90,1418.20,1418.30,427
2026-09-04 11:47:00,1418.30,1418.70,1415.60,1415.60,11231
2026-09-04 11:48:00,1416.00,1416.00,1412.60,1412.60,21867
2026-09-04 11:49:00,1412.90,1412.90,1411.60,1411.80,37204
2026-09-04 11:50:00,1411.90,1412.00,1410.80,1411.20,18453
2026-09-04 11:51:00,1411.50,1412.10,1411.50,1411.80,3072
2026-09-04 11:52:00,1412.40,1413.00,1411.90,1412.50,753
2026-09-04 11:53:00,1413.00,1413.50,1412.50,1413.30,953
2026-09-04 11:54:00,1413.90,1414.70,1413.30,1414.10,1461
2026-09-04 11:55:00,1414.20,1414.50,1413.60,1414.50,601
2026-09-04 11:56:00,1414.60,1414.90,1413.80,1414.30,1034
2026-09-04 11:57:00,1414.40,1415.20,1413.60,1414.70,3753
2026-09-04 11:58:00,1414.50,1415.90,1414.10,1414.50,2285
2026-09-04 11:59:00,1415.10,1415.80,1414.60,1414.70,1537
2026-09-04 12:00:00,1415.30,1415.70,1414.60,1414.70,660
2026-09-04 12:01:00,1415.30,1415.80,1412.80,1412.80,5728
2026-09-04 12:02:00,1412.40,1413.40,1410.00,1411.10,80134
2026-09-04 12:03:00,1411.10,1411.20,1409.80,1410.00,16941
2026-09-04 12:04:00,1410.00,1410.80,1409.60,1409.70,34725
2026-09-04 12:05:00,1409.70,1410.60,1409.70,1410.00,17467
2026-09-04 12:06:00,1410.50,1410.60,1410.10,1410.50,478
2026-09-04 12:07:00,1410.60,1410.60,1410.00,1410.60,12633
2026-09-04 12:08:00,1410.80,1410.80,1410.10,1410.10,7305
2026-09-04 12:09:00,1410.60,1410.60,1408.20,1408.70,2824
2026-09-04 12:10:00,1409.10,1410.00,1409.00,1409.20,3034
2026-09-04 12:11:00,1409.20,1409.30,1409.00,1409.30,276
2026-09-04 12:12:00,1409.30,1410.00,1407.90,1408.40,17454
2026-09-04 12:13:00,1408.80,1409.10,1408.00,1408.60,7300
2026-09-04 12:14:00,1409.00,1409.10,1408.60,1409.10,700
2026-09-04 12:15:00,1407.70,1408.00,1407.20,1407.50,5871
2026-09-04 12:16:00,1408.00,1408.00,1406.90,1407.00,2183
2026-09-04 12:17:00,1407.00,1407.50,1407.00,1407.10,1819
2026-09-04 12:18:00,1407.00,1407.50,1406.60,1406.80,5920
2026-09-04 12:19:00,1406.80,1409.00,1406.60,1407.90,8547
2026-09-04 12:20:00,1408.00,1408.00,1407.30,1407.50,1831
2026-09-04 12:21:00,1407.70,1407.90,1406.60,1407.90,6086
2026-09-04 12:22:00,1407.80,1407.90,1406.70,1407.00,7215
2026-09-04 12:23:00,1407.00,1407.90,1406.80,1407.00,10415
2026-09-04 12:24:00,1407.40,1407.40,1406.30,1406.30,3897
2026-09-04 12:25:00,1406.10,1406.10,1405.30,1405.40,3236
2026-09-04 12:26:00,1405.40,1405.40,1404.00,1404.20,9026
2026-09-04 12:27:00,1404.50,1404.80,1403.50,1403.50,1794
2026-09-04 12:28:00,1404.00,1404.90,1402.70,1404.80,18824
2026-09-04 12:29:00,1404.90,1406.30,1404.70,1406.00,709
2026-09-04 12:30:00,1406.30,1406.80,1406.00,1406.80,1069
2026-09-04 12:31:00,1407.20,1407.20,1404.90,1405.50,2019
2026-09-04 12:32:00,1405.30,1406.40,1405.30,1406.10,1058
2026-09-04 12:33:00,1406.20,1406.50,1406.00,1406.30,1566
2026-09-04 12:34:00,1406.40,1407.70,1406.30,1407.70,2496
2026-09-04 12:35:00,1407.80,1409.10,1407.60,1408.50,2781
2026-09-04 12:36:00,1408.50,1408.50,1408.10,1408.20,297
2026-09-04 12:37:00,1408.30,1409.00,1408.10,1408.80,1553
2026-09-04 12:38:00,1408.60,1408.80,1408.40,1408.50,2251
2026-09-04 12:39:00,1408.60,1408.70,1408.50,1408.70,578
2026-09-04 12:40:00,1408.70,1408.90,1408.70,1408.70,1067
2026-09-04 12:41:00,1408.90,1409.10,1408.30,1408.40,1972
2026-09-04 12:42:00,1408.80,1409.20,1408.30,1409.10,876
2026-09-04 12:43:00,1409.20,1409.50,1409.10,1409.40,949
2026-09-04 12:44:00,1409.70,1409.80,1409.40,1409.60,1234
2026-09-04 12:45:00,1409.70,1409.90,1409.20,1409.60,1063
2026-09-04 12:46:00,1409.60,1409.80,1409.10,1409.10,1630
2026-09-04 12:47:00,1409.70,1409.80,1409.10,1409.70,408
2026-09-04 12:48:00,1409.80,1410.80,1409.70,1410.50,1050
2026-09-04 12:49:00,1410.80,1411.00,1410.60,1410.80,1894
2026-09-04 12:50:00,1410.70,1411.10,1410.70,1410.90,1579
2026-09-04 12:51:00,1411.00,1411.00,1410.60,1410.70,799
2026-09-04 12:52:00,1410.90,1411.10,1410.70,1411.00,674
2026-09-04 12:53:00,1411.10,1411.40,1411.00,1411.30,715
2026-09-04 12:54:00,1411.40,1411.50,1408.30,1408.60,8380
2026-09-04 12:55:00,1409.00,1409.00,1408.00,1408.00,1323
2026-09-04 12:56:00,1408.00,1408.30,1408.00,1408.30,283
2026-09-04 12:57:00,1408.30,1408.30,1407.90,1408.00,714
2026-09-04 12:58:00,1408.30,1408.30,1407.90,1408.00,175
2026-09-04 12:59:00,1408.30,1408.50,1408.00,1408.00,625
2026-09-04 13:00:00,1408.40,1408.40,1408.00,1408.00,170
2026-09-04 13:01:00,1408.30,1408.50,1408.00,1408.20,537
2026-09-04 13:02:00,1408.40,1408.40,1407.50,1407.50,1674
2026-09-04 13:03:00,1407.80,1407.90,1407.50,1407.80,310
2026-09-04 13:04:00,1408.00,1408.00,1407.10,1407.50,1290
2026-09-04 13:05:00,1407.20,1407.70,1407.10,1407.70,680
2026-09-04 13:06:00,1407.70,1407.70,1407.20,1407.70,649
2026-09-04 13:07:00,1407.40,1407.80,1407.40,1407.60,425
2026-09-04 13:08:00,1407.80,1407.80,1407.10,1407.10,1223
2026-09-04 13:09:00,1407.50,1407.60,1407.10,1407.50,303
2026-09-04 13:10:00,1407.70,1407.80,1407.50,1407.70,880
2026-09-04 13:11:00,1407.50,1407.70,1407.50,1407.70,447
2026-09-04 13:12:00,1407.50,1407.80,1407.50,1407.70,501
2026-09-04 13:13:00,1407.80,1407.80,1407.50,1407.70,432
2026-09-04 13:14:00,1407.70,1409.80,1407.50,1409.30,1792
2026-09-04 13:15:00,1409.30,1409.70,1409.30,1409.30,913
2026-09-04 13:16:00,1409.50,1409.70,1409.30,1409.30,1143
2026-09-04 13:17:00,1409.80,1409.80,1409.30,1409.80,717
2026-09-04 13:18:00,1409.30,1409.80,1408.90,1409.00,1601
2026-09-04 13:19:00,1409.50,1410.40,1409.40,1409.60,2819
2026-09-04 13:20:00,1409.60,1410.80,1409.60,1410.70,1059
2026-09-04 13:21:00,1410.20,1410.70,1409.50,1409.80,6621
2026-09-04 13:22:00,1410.40,1413.60,1409.80,1413.00,19871
2026-09-04 13:23:00,1413.00,1413.20,1412.70,1413.20,477
2026-09-04 13:24:00,1413.20,1413.30,1412.90,1412.90,625
2026-09-04 13:25:00,1413.30,1413.30,1410.40,1410.50,2636
2026-09-04 13:26:00,1411.00,1411.00,1410.50,1410.50,866
2026-09-04 13:27:00,1410.50,1410.60,1410.10,1410.60,553
2026-09-04 13:28:00,1410.60,1410.60,1410.50,1410.50,587
2026-09-04 13:29:00,1410.60,1410.80,1410.50,1410.60,436
2026-09-04 13:30:00,1410.80,1410.80,1410.40,1410.70,1200
2026-09-04 13:31:00,1410.80,1410.80,1410.40,1410.50,330
2026-09-04 13:32:00,1410.70,1410.70,1410.00,1410.20,1149
2026-09-04 13:33:00,1410.50,1410.80,1410.20,1410.40,860
2026-09-04 13:34:00,1410.50,1410.50,1409.70,1409.80,685
2026-09-04 13:35:00,1410.00,1410.50,1409.60,1410.20,999
2026-09-04 13:36:00,1410.30,1410.30,1408.10,1408.40,1572
2026-09-04 13:37:00,1408.40,1408.60,1408.00,1408.60,628
2026-09-04 13:38:00,1408.40,1408.60,1408.40,1408.60,1086
2026-09-04 13:39:00,1408.60,1408.80,1408.40,1408.80,691
2026-09-04 13:40:00,1408.40,1408.80,1408.40,1408.80,478
2026-09-04 13:41:00,1408.60,1408.60,1408.20,1408.40,1558
2026-09-04 13:42:00,1408.20,1408.70,1408.20,1408.70,737
2026-09-04 13:43:00,1408.40,1408.90,1408.40,1408.90,1025
2026-09-04 13:44:00,1408.90,1409.00,1408.80,1408.90,1268
2026-09-04 13:45:00,1408.90,1408.90,1408.70,1408.90,397
2026-09-04 13:46:00,1408.80,1409.00,1408.70,1409.00,614
2026-09-04 13:47:00,1409.00,1409.20,1408.90,1409.20,579
2026-09-04 13:48:00,1409.10,1409.10,1407.50,1407.70,1512
2026-09-04 13:49:00,1407.80,1408.00,1407.70,1407.90,644
2026-09-04 13:50:00,1408.00,1408.00,1406.10,1407.90,3750
2026-09-04 13:51:00,1407.90,1408.00,1407.50,1407.50,1345
2026-09-04 13:52:00,1407.60,1407.80,1407.00,1407.30,467
2026-09-04 13:53:00,1407.30,1407.30,1406.80,1407.30,1794
2026-09-04 13:54:00,1407.00,1407.30,1407.00,1407.30,574
2026-09-04 13:55:00,1407.40,1407.40,1407.20,1407.30,327
2026-09-04 13:56:00,1407.40,1407.60,1407.30,1407.30,598
2026-09-04 13:57:00,1407.40,1407.60,1407.30,1407.50,969
2026-09-04 13:58:00,1407.60,1407.60,1406.80,1406.80,978
2026-09-04 13:59:00,1407.30,1407.30,1406.60,1407.10,324
2026-09-04 14:00:00,1407.20,1407.50,1407.00,1407.00,1827
2026-09-04 14:01:00,1406.70,1407.40,1406.70,1407.40,247
2026-09-04 14:02:00,1407.00,1407.60,1407.00,1407.50,1617
2026-09-04 14:03:00,1407.50,1407.60,1407.10,1407.30,890
2026-09-04 14:04:00,1407.10,1407.50,1407.00,1407.00,709
2026-09-04 14:05:00,1407.50,1407.60,1407.40,1407.60,494
2026-09-04 14:06:00,1407.60,1407.60,1407.00,1407.00,789
2026-09-04 14:07:00,1407.60,1407.60,1407.00,1407.50,180
2026-09-04 14:08:00,1407.30,1407.30,1406.80,1407.30,730
2026-09-04 14:09:00,1407.40,1408.70,1407.30,1408.70,2298
2026-09-04 14:10:00,1408.80,1408.80,1408.00,1408.10,743
2026-09-04 14:11:00,1408.20,1408.40,1407.80,1408.30,561
2026-09-04 14:12:00,1408.30,1408.40,1408.00,1408.20,809
2026-09-04 14:13:00,1408.20,1408.30,1408.00,1408.30,471
2026-09-04 14:14:00,1408.30,1408.60,1408.20,1408.40,1356
2026-09-04 14:15:00,1408.50,1408.50,1408.00,1408.30,586
2026-09-04 14:16:00,1408.20,1408.50,1408.00,1408.30,516
2026-09-04 14:17:00,1408.40,1408.60,1407.90,1408.50,1339
2026-09-04 14:18:00,1408.60,1408.60,1408.10,1408.40,730
2026-09-04 14:19:00,1408.30,1408.60,1407.60,1408.60,746
2026-09-04 14:20:00,1408.30,1408.50,1408.00,1408.50,742
2026-09-04 14:21:00,1408.30,1408.60,1406.40,1406.40,2209
2026-09-04 14:22:00,1406.50,1406.50,1406.20,1406.40,805
2026-09-04 14:23:00,1406.30,1406.40,1406.00,1406.40,1884
2026-09-04 14:24:00,1406.30,1406.40,1406.30,1406.40,2992
2026-09-04 14:25:00,1406.30,1406.30,1405.80,1406.00,1478
2026-09-04 14:26:00,1406.10,1407.40,1406.00,1406.90,1277
2026-09-04 14:27:00,1406.90,1407.00,1406.40,1406.80,510
2026-09-04 14:28:00,1406.50,1406.80,1406.40,1406.70,760
2026-09-04 14:29:00,1406.40,1407.10,1406.30,1407.10,364
2026-09-04 14:30:00,1406.60,1408.30,1406.60,1408.30,12528
2026-09-04 14:31:00,1407.80,1409.00,1407.70,1407.70,6109
2026-09-04 14:32:00,1407.70,1408.40,1407.70,1408.10,916
2026-09-04 14:33:00,1408.00,1408.20,1408.00,1408.10,760
2026-09-04 14:34:00,1408.00,1408.10,1407.80,1407.80,718
2026-09-04 14:35:00,1407.70,1407.80,1407.10,1407.60,3576
2026-09-04 14:36:00,1407.50,1408.30,1407.40,1407.40,1938
2026-09-04 14:37:00,1407.00,1407.30,1406.90,1406.90,660
2026-09-04 14:38:00,1406.40,1407.00,1406.40,1406.80,377
2026-09-04 14:39:00,1406.90,1406.90,1406.60,1406.80,855
2026-09-04 14:40:00,1406.90,1407.00,1406.60,1406.90,993
2026-09-04 14:41:00,1407.00,1407.00,1406.40,1406.40,1498
2026-09-04 14:42:00,1406.30,1406.30,1406.00,1406.00,929
2026-09-04 14:43:00,1406.20,1407.40,1406.00,1407.20,3182
2026-09-04 14:44:00,1407.40,1407.40,1406.90,1407.30,4682
2026-09-04 14:45:00,1407.50,1407.60,1407.00,1407.00,1131
2026-09-04 14:46:00,1407.40,1407.40,1406.20,1406.60,841
2026-09-04 14:47:00,1406.70,1406.80,1406.60,1406.60,914
2026-09-04 14:48:00,1406.60,1407.30,1406.10,1407.30,3304
2026-09-04 14:49:00,1407.30,1408.00,1407.10,1407.90,2680
2026-09-04 14:50:00,1407.70,1407.80,1407.20,1407.30,2025
2026-09-04 14:51:00,1407.30,1407.60,1407.30,1407.60,1746
2026-09-04 14:52:00,1407.60,1408.30,1407.50,1408.30,6198
2026-09-04 14:53:00,1408.40,1408.90,1408.20,1408.80,5368
2026-09-04 14:54:00,1408.90,1408.90,1408.20,1408.20,3310
2026-09-04 14:55:00,1408.40,1408.70,1408.20,1408.70,1326
2026-09-04 14:56:00,1408.80,1408.80,1408.40,1408.40,2618
2026-09-04 14:57:00,1408.10,1409.30,1408.10,1409.20,7471
2026-09-04 14:58:00,1409.30,1409.80,1409.10,1409.80,2108
2026-09-04 14:59:00,1409.70,1409.90,1408.50,1409.10,5945
2026-09-04 15:00:00,1409.50,1409.50,1408.70,1409.10,5312
2026-09-04 15:01:00,1409.00,1409.10,1407.70,1408.30,5361
2026-09-04 15:02:00,1408.00,1408.50,1408.00,1408.40,3593
2026-09-04 15:03:00,1408.40,1408.90,1408.00,1408.00,5293
2026-09-04 15:04:00,1408.00,1408.40,1408.00,1408.30,4175
2026-09-04 15:05:00,1408.40,1408.40,1408.20,1408.20,3445
2026-09-04 15:06:00,1408.20,1408.20,1408.00,1408.10,2239
2026-09-04 15:07:00,1408.10,1408.30,1408.00,1408.10,6039
2026-09-04 15:08:00,1408.10,1408.10,1406.80,1407.00,2570
2026-09-04 15:09:00,1407.10,1407.20,1407.00,1407.20,2245
2026-09-04 15:10:00,1407.20,1407.20,1406.50,1406.80,13075
2026-09-04 15:11:00,1406.90,1406.90,1405.80,1405.90,3865
2026-09-04 15:12:00,1405.90,1406.90,1404.00,1406.80,11157
2026-09-04 15:13:00,1406.80,1407.60,1406.20,1406.60,5773
2026-09-04 15:14:00,1407.00,1407.40,1404.20,1406.40,4464
2026-09-04 15:15:00,1404.00,1404.00,1404.00,1404.00,94
2026-09-04 15:16:00,1404.00,1404.00,1404.00,1404.00,0
2026-09-04 15:17:00,1404.00,1404.00,1404.00,1404.00,0
2026-09-04 15:18:00,1404.00,1404.00,1404.00,1404.00,0
2026-09-04 15:19:00,1404.00,1404.00,1404.00,1404.00,0
2026-09-04 15:20:00,1404.00,1404.00,1404.00,1404.00,0
2026-09-04 15:21:00,1404.00,1404.00,1404.00,1404.00,0
2026-09-04 15:22:00,1404.00,1404.00,1404.00,1404.00,0
2026-09-04 15:23:00,1404.00,1404.00,1404.00,1404.00,0
2026-09-04 15:24:00,1404.00,1404.00,1404.00,1404.00,0
2026-09-04 15:25:00,1404.00,1404.00,1404.00,1404.00,0
2026-09-04 15:26:00,1404.00,1404.00,1404.00,1404.00,0
2026-09-04 15:27:00,1404.00,1404.00,1404.00,1404.00,0
2026-09-04 15:28:00,1404.00,1410.50,1404.00,1410.50,40690
2026-09-04 15:29:00,1410.50,1410.50,1410.50,1410.50,0
2026-09-07 09:15:00,1401.00,1403.80,1398.90,1399.90,8484
2026-09-07 09:16:00,1399.90,1404.40,1399.90,1402.70,4643
2026-09-07 09:17:00,1403.10,1403.10,1402.00,1403.00,448
2026-09-07 09:18:00,1402.80,1403.50,1402.50,1403.50,1937
2026-09-07 09:19:00,1403.90,1404.00,1402.20,1404.00,791
2026-09-07 09:20:00,1403.50,1404.00,1403.30,1403.60,387
2026-09-07 09:21:00,1403.60,1403.90,1403.30,1403.80,254
2026-09-07 09:22:00,1403.20,1404.00,1402.90,1404.00,832
2026-09-07 09:23:00,1404.00,1404.80,1403.00,1404.30,2678
2026-09-07 09:24:00,1404.30,1404.40,1403.60,1403.60,3076
2026-09-07 09:25:00,1403.30,1403.30,1402.70,1403.10,861
2026-09-07 09:26:00,1403.10,1403.10,1401.30,1401.30,1454
2026-09-07 09:27:00,1401.30,1402.00,1401.20,1401.90,594
2026-09-07 09:28:00,1401.30,1401.90,1401.00,1401.00,593
2026-09-07 09:29:00,1401.10,1402.00,1401.10,1401.90,195
2026-09-07 09:30:00,1401.40,1402.00,1401.30,1401.90,312
2026-09-07 09:31:00,1401.80,1401.80,1401.40,1401.70,260
2026-09-07 09:32:00,1401.60,1401.60,1400.20,1400.90,2483
2026-09-07 09:33:00,1401.10,1401.60,1400.50,1400.50,216
2026-09-07 09:34:00,1400.90,1400.90,1399.20,1399.80,4954
2026-09-07 09:35:00,1399.70,1400.40,1399.60,1400.30,1253
2026-09-07 09:36:00,1400.30,1400.30,1399.60,1399.60,3654
2026-09-07 09:37:00,1399.30,1399.60,1399.00,1399.60,1018
2026-09-07 09:38:00,1398.90,1398.90,1398.50,1398.90,1002
2026-09-07 09:39:00,1398.90,1399.20,1396.00,1396.90,7484
2026-09-07 09:40:00,1396.90,1398.80,1396.90,1397.50,2682
2026-09-07 09:41:00,1397.50,1398.00,1397.50,1398.00,538
2026-09-07 09:42:00,1397.60,1399.50,1397.60,1399.50,1256
2026-09-07 09:43:00,1398.60,1398.60,1398.40,1398.60,402
2026-09-07 09:44:00,1398.60,1398.60,1398.40,1398.60,161
2026-09-07 09:45:00,1398.60,1398.80,1398.40,1398.70,660
2026-09-07 09:46:00,1398.70,1398.80,1398.60,1398.70,346
2026-09-07 09:47:00,1398.70,1398.70,1398.60,1398.70,186
2026-09-07 09:48:00,1398.90,1398.90,1398.30,1398.30,1044
2026-09-07 09:49:00,1398.30,1398.30,1397.80,1398.10,53
2026-09-07 09:50:00,1398.00,1398.10,1397.60,1397.60,801
2026-09-07 09:51:00,1397.70,1397.90,1397.40,1397.90,988
2026-09-07 09:52:00,1397.80,1398.00,1397.80,1398.00,276
2026-09-07 09:53:00,1398.00,1398.00,1397.50,1397.50,436
2026-09-07 09:54:00,1397.60,1397.80,1396.00,1396.00,1857
2026-09-07 09:55:00,1396.00,1396.20,1394.30,1395.10,1925
2026-09-07 09:56:00,1395.00,1395.10,1393.90,1394.20,15751
2026-09-07 09:57:00,1394.60,1395.10,1394.10,1394.90,1791
2026-09-07 09:58:00,1394.90,1394.90,1394.10,1394.50,2824
2026-09-07 09:59:00,1394.70,1395.10,1394.40,1395.00,565
2026-09-07 10:00:00,1395.30,1397.70,1395.20,1397.20,2769
2026-09-07 10:01:00,1397.20,1397.20,1396.20,1396.60,10541
2026-09-07 10:02:00,1396.60,1397.60,1396.00,1396.50,5057
2026-09-07 10:03:00,1396.50,1397.20,1396.20,1396.40,970
2026-09-07 10:04:00,1396.30,1396.50,1396.30,1396.50,821
2026-09-07 10:05:00,1396.50,1396.50,1396.00,1396.30,130
2026-09-07 10:06:00,1396.30,1396.80,1396.00,1396.30,382
2026-09-07 10:07:00,1396.30,1396.60,1396.10,1396.50,1043
2026-09-07 10:08:00,1396.50,1396.50,1396.00,1396.40,192
2026-09-07 10:09:00,1396.40,1396.90,1396.30,1396.30,513
2026-09-07 10:10:00,1396.30,1396.70,1396.00,1396.50,1415
2026-09-07 10:11:00,1396.50,1396.50,1396.20,1396.50,112
2026-09-07 10:12:00,1396.60,1396.60,1395.50,1396.00,1041
2026-09-07 10:13:00,1396.10,1396.40,1396.00,1396.40,488
2026-09-07 10:14:00,1396.40,1396.50,1396.00,1396.40,353
2026-09-07 10:15:00,1396.00,1396.40,1396.00,1396.40,402
2026-09-07 10:16:00,1396.00,1396.20,1394.90,1395.30,4172
2026-09-07 10:17:00,1395.70,1395.70,1395.10,1395.60,1398
2026-09-07 10:18:00,1395.60,1395.90,1395.00,1395.60,460
2026-09-07 10:19:00,1395.60,1396.70,1395.60,1395.90,2560
2026-09-07 10:20:00,1396.40,1397.10,1396.40,1397.00,398
2026-09-07 10:21:00,1397.10,1397.90,1396.50,1397.50,1879
2026-09-07 10:22:00,1397.30,1397.90,1397.30,1397.90,255
2026-09-07 10:23:00,1397.60,1397.90,1397.60,1397.80,64
2026-09-07 10:24:00,1397.60,1397.60,1396.60,1397.20,193
2026-09-07 10:25:00,1397.20,1397.20,1396.60,1396.60,288
2026-09-07 10:26:00,1397.00,1397.20,1396.60,1397.10,393
2026-09-07 10:27:00,1397.20,1397.30,1397.00,1397.30,278
2026-09-07 10:28:00,1397.20,1397.20,1397.10,1397.10,136
2026-09-07 10:29:00,1397.20,1397.40,1397.10,1397.10,259
2026-09-07 10:30:00,1397.30,1397.40,1397.30,1397.40,225
2026-09-07 10:31:00,1397.40,1397.40,1397.30,1397.40,234
2026-09-07 10:32:00,1397.40,1397.50,1397.30,1397.40,162
2026-09-07 10:33:00,1397.40,1398.10,1397.10,1398.00,2358
2026-09-07 10:34:00,1398.00,1398.40,1397.70,1397.70,865
2026-09-07 10:35:00,1398.00,1398.30,1396.30,1396.30,1821
2026-09-07 10:36:00,1396.60,1396.90,1396.10,1396.10,241
2026-09-07 10:37:00,1396.10,1396.40,1396.00,1396.10,852
2026-09-07 10:38:00,1396.10,1396.60,1396.00,1396.60,671
2026-09-07 10:39:00,1396.60,1396.60,1396.00,1396.30,283
2026-09-07 10:40:00,1396.00,1396.30,1395.60,1395.90,1110
2026-09-07 10:41:00,1395.90,1396.30,1395.50,1396.30,1563
2026-09-07 10:42:00,1396.10,1396.20,1395.80,1396.20,608
2026-09-07 10:43:00,1396.20,1396.20,1395.80,1395.90,1182
2026-09-07 10:44:00,1395.80,1395.80,1395.10,1395.10,804
2026-09-07 10:45:00,1395.00,1395.30,1395.00,1395.10,698
2026-09-07 10:46:00,1395.00,1395.10,1395.00,1395.10,186
2026-09-07 10:47:00,1395.00,1395.10,1395.00,1395.10,297
2026-09-07 10:48:00,1395.10,1395.60,1395.00,1395.60,733
2026-09-07 10:49:00,1395.60,1395.60,1395.10,1395.40,424
2026-09-07 10:50:00,1395.20,1395.20,1394.70,1394.80,1082
2026-09-07 10:51:00,1394.70,1394.80,1394.20,1394.20,935
2026-09-07 10:52:00,1394.30,1394.60,1394.20,1394.30,648
2026-09-07 10:53:00,1394.40,1394.70,1394.40,1394.60,324
2026-09-07 10:54:00,1394.70,1394.70,1394.60,1394.60,257
2026-09-07 10:55:00,1394.50,1394.50,1394.40,1394.50,624
2026-09-07 10:56:00,1394.40,1394.90,1394.40,1394.60,816
2026-09-07 10:57:00,1394.90,1394.90,1394.10,1394.40,2780
2026-09-07 10:58:00,1394.40,1395.10,1394.30,1394.80,1805
2026-09-07 10:59:00,1394.80,1394.80,1394.50,1394.80,219
2026-09-07 11:00:00,1394.80,1395.00,1394.20,1394.20,673
2026-09-07 11:01:00,1394.50,1394.80,1393.00,1394.40,6901
2026-09-07 11:02:00,1394.00,1394.40,1394.00,1394.20,903
2026-09-07 11:03:00,1394.30,1394.30,1393.80,1394.20,1579
2026-09-07 11:04:00,1393.90,1393.90,1393.10,1393.50,1731
2026-09-07 11:05:00,1393.60,1393.60,1393.50,1393.50,224
2026-09-07 11:06:00,1393.50,1393.80,1393.50,1393.50,521
2026-09-07 11:07:00,1393.80,1393.80,1393.50,1393.70,429
2026-09-07 11:08:00,1393.60,1393.90,1393.40,1393.80,591
2026-09-07 11:09:00,1393.40,1393.90,1393.40,1393.50,419
2026-09-07 11:10:00,1393.50,1394.40,1393.50,1393.90,595
2026-09-07 11:11:00,1394.00,1394.00,1393.90,1394.00,330
2026-09-07 11:12:00,1394.10,1395.30,1394.10,1394.80,1139
2026-09-07 11:13:00,1395.00,1395.00,1394.80,1394.80,303
2026-09-07 11:14:00,1395.00,1395.50,1395.00,1395.30,265
2026-09-07 11:15:00,1395.00,1395.30,1394.40,1394.40,718
2026-09-07 11:16:00,1394.20,1395.90,1394.20,1395.50,1813
2026-09-07 11:17:00,1395.80,1397.10,1395.80,1396.80,2048
2026-09-07 11:18:00,1397.40,1397.40,1396.60,1396.60,1842
2026-09-07 11:19:00,1396.80,1397.10,1396.60,1396.90,477
2026-09-07 11:20:00,1396.60,1396.90,1396.60,1396.70,235
2026-09-07 11:21:00,1396.90,1397.30,1396.70,1396.70,1012
2026-09-07 11:22:00,1397.10,1397.10,1396.00,1396.00,2240
2026-09-07 11:23:00,1396.00,1396.60,1395.90,1396.60,863
2026-09-07 11:24:00,1396.40,1396.60,1396.00,1396.10,824
2026-09-07 11:25:00,1396.50,1396.50,1396.10,1396.20,101
2026-09-07 11:26:00,1396.50,1396.50,1396.20,1396.40,171
2026-09-07 11:27:00,1396.40,1396.50,1396.40,1396.50,59
2026-09-07 11:28:00,1396.50,1396.50,1396.40,1396.40,150
2026-09-07 11:29:00,1396.50,1396.60,1396.40,1396.50,355
2026-09-07 11:30:00,1396.50,1397.00,1394.90,1395.00,4264
2026-09-07 11:31:00,1395.10,1395.20,1395.00,1395.00,574
2026-09-07 11:32:00,1395.10,1395.10,1394.90,1394.90,315
2026-09-07 11:33:00,1395.00,1395.00,1394.90,1394.90,219
2026-09-07 11:34:00,1395.00,1395.00,1394.90,1394.90,131
2026-09-07 11:35:00,1394.90,1395.00,1394.90,1395.00,106
2026-09-07 11:36:00,1394.90,1395.00,1394.90,1394.90,201
2026-09-07 11:37:00,1395.00,1395.00,1394.20,1394.30,1300
2026-09-07 11:38:00,1394.50,1395.20,1394.00,1394.30,1619
2026-09-07 11:39:00,1394.00,1394.30,1394.00,1394.00,696
2026-09-07 11:40:00,1394.20,1394.40,1394.00,1394.20,786
2026-09-07 11:41:00,1394.30,1394.40,1394.20,1394.40,420
2026-09-07 11:42:00,1394.30,1394.70,1394.30,1394.40,468
2026-09-07 11:43:00,1394.30,1394.40,1394.30,1394.30,202
2026-09-07 11:44:00,1394.40,1394.90,1394.30,1394.90,427
2026-09-07 11:45:00,1394.60,1396.40,1394.60,1396.20,3255
2026-09-07 11:46:00,1396.30,1396.30,1395.20,1395.30,2827
2026-09-07 11:47:00,1395.20,1395.80,1394.80,1395.50,1832
2026-09-07 11:48:00,1395.00,1395.20,1394.90,1395.00,552
2026-09-07 11:49:00,1395.00,1395.20,1394.80,1394.80,244
2026-09-07 11:50:00,1394.90,1394.90,1394.60,1394.60,202
2026-09-07 11:51:00,1394.70,1394.70,1394.60,1394.60,101
2026-09-07 11:52:00,1394.70,1394.70,1394.60,1394.70,116
2026-09-07 11:53:00,1394.60,1395.00,1394.60,1395.00,1236
2026-09-07 11:54:00,1394.60,1395.10,1394.50,1394.50,703
2026-09-07 11:55:00,1394.60,1395.00,1394.40,1394.40,280
2026-09-07 11:56:00,1394.50,1394.60,1394.30,1394.30,1583
2026-09-07 11:57:00,1394.30,1394.30,1394.00,1394.30,467
2026-09-07 11:58:00,1394.30,1394.40,1394.30,1394.40,96
2026-09-07 11:59:00,1394.40,1394.40,1394.30,1394.30,162
2026-09-07 12:00:00,1394.40,1394.50,1394.30,1394.30,122
2026-09-07 12:01:00,1394.30,1394.50,1394.00,1394.20,535
2026-09-07 12:02:00,1394.20,1394.20,1394.00,1394.00,313
2026-09-07 12:03:00,1394.00,1394.10,1393.60,1393.90,833
2026-09-07 12:04:00,1394.00,1394.10,1393.90,1394.00,409
2026-09-07 12:05:00,1394.00,1394.30,1394.00,1394.30,376
2026-09-07 12:06:00,1394.10,1395.00,1394.10,1394.50,1658
2026-09-07 12:07:00,1394.70,1394.80,1394.50,1394.70,287
2026-09-07 12:08:00,1394.60,1395.00,1394.60,1394.70,400
2026-09-07 12:09:00,1395.00,1395.00,1394.70,1395.00,635
2026-09-07 12:10:00,1395.10,1395.10,1394.80,1395.00,2504
2026-09-07 12:11:00,1394.70,1395.00,1394.50,1394.50,372
2026-09-07 12:12:00,1394.50,1394.80,1394.40,1394.80,814
2026-09-07 12:13:00,1394.70,1394.70,1394.10,1394.70,1509
2026-09-07 12:14:00,1394.60,1395.40,1394.60,1395.20,6043
2026-09-07 12:15:00,1395.30,1395.30,1394.20,1394.30,4404
2026-09-07 12:16:00,1394.80,1394.80,1394.10,1394.40,522
2026-09-07 12:17:00,1394.40,1394.40,1394.10,1394.10,97
2026-09-07 12:18:00,1394.20,1396.40,1394.10,1395.20,10706
2026-09-07 12:19:00,1395.10,1395.70,1394.90,1395.70,5375
2026-09-07 12:20:00,1395.90,1395.90,1395.40,1395.90,7363
2026-09-07 12:21:00,1395.60,1395.90,1394.80,1394.80,3179
2026-09-07 12:22:00,1395.00,1395.00,1394.50,1394.50,772
2026-09-07 12:23:00,1394.50,1395.00,1394.10,1394.50,1965
2026-09-07 12:24:00,1394.20,1394.60,1394.20,1394.20,441
2026-09-07 12:25:00,1394.60,1394.60,1394.10,1394.20,347
2026-09-07 12:26:00,1394.40,1394.50,1393.90,1394.00,5605
2026-09-07 12:27:00,1394.40,1394.40,1394.10,1394.20,246
2026-09-07 12:28:00,1394.40,1394.50,1394.40,1394.50,508
2026-09-07 12:29:00,1394.40,1394.70,1394.40,1394.70,190
2026-09-07 12:30:00,1394.70,1394.70,1394.10,1394.10,867
2026-09-07 12:31:00,1394.40,1394.40,1393.80,1394.10,1502
2026-09-07 12:32:00,1393.90,1394.10,1393.70,1394.00,290
2026-09-07 12:33:00,1394.10,1394.10,1394.00,1394.00,164
2026-09-07 12:34:00,1394.00,1394.10,1394.00,1394.10,295
2026-09-07 12:35:00,1394.00,1394.10,1394.00,1394.10,557
2026-09-07 12:36:00,1394.20,1394.60,1394.00,1394.50,852
2026-09-07 12:37:00,1394.00,1394.10,1393.50,1393.90,1608
2026-09-07 12:38:00,1394.10,1394.10,1393.30,1393.50,677
2026-09-07 12:39:00,1393.40,1394.00,1393.40,1393.90,6780
2026-09-07 12:40:00,1393.70,1393.70,1393.40,1393.40,1571
2026-09-07 12:41:00,1393.60,1393.60,1393.40,1393.60,948
2026-09-07 12:42:00,1393.80,1395.10,1393.80,1394.60,16042
2026-09-07 12:43:00,1394.70,1394.80,1394.60,1394.80,1931
2026-09-07 12:44:00,1394.60,1394.80,1394.60,1394.60,1011
2026-09-07 12:45:00,1394.80,1394.80,1394.50,1394.80,2300
2026-09-07 12:46:00,1394.50,1394.90,1394.50,1394.60,901
2026-09-07 12:47:00,1394.90,1394.90,1394.50,1394.90,682
2026-09-07 12:48:00,1394.90,1394.90,1394.60,1394.60,555
2026-09-07 12:49:00,1394.90,1394.90,1394.00,1394.20,7117
2026-09-07 12:50:00,1394.20,1394.40,1393.70,1394.10,3879
2026-09-07 12:51:00,1394.10,1394.10,1393.60,1393.70,2505
2026-09-07 12:52:00,1394.10,1394.10,1392.90,1393.40,8535
2026-09-07 12:53:00,1394.00,1396.00,1393.50,1396.00,11789
2026-09-07 12:54:00,1396.50,1396.50,1396.00,1396.40,219
2026-09-07 12:55:00,1396.00,1397.00,1396.00,1396.40,2302
2026-09-07 12:56:00,1396.80,1396.90,1396.40,1396.70,422
2026-09-07 12:57:00,1396.90,1397.70,1396.60,1397.50,1959
2026-09-07 12:58:00,1397.50,1397.90,1397.30,1397.80,1799
2026-09-07 12:59:00,1397.30,1397.80,1397.30,1397.40,446
2026-09-07 13:00:00,1397.40,1397.70,1397.30,1397.70,863
2026-09-07 13:01:00,1397.70,1398.00,1397.40,1397.90,1198
2026-09-07 13:02:00,1398.00,1398.10,1396.30,1397.30,25340
2026-09-07 13:03:00,1397.90,1397.90,1396.90,1397.40,41631
2026-09-07 13:04:00,1397.40,1398.00,1397.00,1397.90,2731
2026-09-07 13:05:00,1397.90,1400.00,1397.60,1399.90,4765
2026-09-07 13:06:00,1399.30,1400.00,1399.30,1400.00,2607
2026-09-07 13:07:00,1399.50,1400.00,1397.90,1398.90,41276
2026-09-07 13:08:00,1399.50,1399.50,1398.10,1398.10,826
2026-09-07 13:09:00,1399.30,1399.30,1398.50,1399.00,746
2026-09-07 13:10:00,1399.30,1399.40,1398.70,1399.30,1043
2026-09-07 13:11:00,1399.40,1399.60,1398.80,1399.00,16553
2026-09-07 13:12:00,1399.00,1400.00,1398.70,1399.00,42777
2026-09-07 13:13:00,1399.00,1400.20,1398.90,1400.00,14688
2026-09-07 13:14:00,1399.90,1400.40,1399.40,1400.00,797
2026-09-07 13:15:00,1399.50,1400.00,1399.00,1399.00,923
2026-09-07 13:16:00,1399.20,1399.20,1399.00,1399.00,291
2026-09-07 13:17:00,1399.00,1399.30,1397.90,1398.40,7354
2026-09-07 13:18:00,1398.90,1398.90,1398.10,1398.30,4357
2026-09-07 13:19:00,1398.50,1398.80,1398.30,1398.80,2427
2026-09-07 13:20:00,1398.90,1399.20,1398.60,1398.60,5563
2026-09-07 13:21:00,1399.00,1399.40,1398.50,1398.90,1344
2026-09-07 13:22:00,1398.90,1399.10,1398.50,1399.10,15802
2026-09-07 13:23:00,1399.40,1400.00,1399.40,1400.00,1958
2026-09-07 13:24:00,1400.00,1400.40,1399.50,1400.00,1341
2026-09-07 13:25:00,1400.30,1400.40,1400.00,1400.40,345
2026-09-07 13:26:00,1400.40,1400.50,1400.00,1400.50,309
2026-09-07 13:27:00,1400.10,1401.50,1400.10,1401.00,1748
2026-09-07 13:28:00,1401.30,1401.30,1400.80,1401.20,331
2026-09-07 13:29:00,1401.20,1401.90,1400.90,1401.70,2155
2026-09-07 13:30:00,1401.70,1401.70,1400.90,1401.30,1247
2026-09-07 13:31:00,1401.00,1401.40,1401.00,1401.40,513
2026-09-07 13:32:00,1401.00,1401.40,1401.00,1401.40,324
2026-09-07 13:33:00,1401.50,1402.10,1401.50,1402.10,3838
2026-09-07 13:34:00,1402.00,1402.10,1401.50,1401.80,1051
2026-09-07 13:35:00,1401.60,1401.90,1401.60,1401.90,594
2026-09-07 13:36:00,1401.90,1403.40,1401.80,1402.70,1994
2026-09-07 13:37:00,1402.70,1403.00,1402.50,1402.80,305
2026-09-07 13:38:00,1403.00,1403.40,1403.00,1403.00,4669
2026-09-07 13:39:00,1403.20,1403.90,1403.00,1403.60,2139
2026-09-07 13:40:00,1403.40,1404.10,1403.40,1404.00,598
2026-09-07 13:41:00,1404.30,1404.90,1403.00,1404.50,5297
2026-09-07 13:42:00,1404.50,1405.00,1404.00,1405.00,3928
2026-09-07 13:43:00,1404.50,1405.70,1403.40,1403.80,4901
2026-09-07 13:44:00,1403.80,1403.80,1403.20,1403.60,560
2026-09-07 13:45:00,1403.60,1403.80,1403.20,1403.60,541
2026-09-07 13:46:00,1403.90,1404.40,1403.60,1404.40,822
2026-09-07 13:47:00,1404.40,1404.40,1403.20,1403.20,2183
2026-09-07 13:48:00,1403.60,1403.70,1403.00,1403.60,436
2026-09-07 13:49:00,1403.50,1403.90,1403.10,1403.40,365
2026-09-07 13:50:00,1403.90,1403.90,1403.50,1403.50,234
2026-09-07 13:51:00,1403.80,1404.00,1403.50,1404.00,391
2026-09-07 13:52:00,1403.50,1404.60,1403.50,1404.60,436
2026-09-07 13:53:00,1404.50,1405.00,1404.10,1404.90,890
2026-09-07 13:54:00,1404.50,1405.40,1404.50,1405.00,1133
2026-09-07 13:55:00,1404.80,1404.80,1404.00,1404.60,1736
2026-09-07 13:56:00,1404.60,1405.00,1404.50,1404.60,522
2026-09-07 13:57:00,1404.90,1405.00,1404.50,1404.70,1654
2026-09-07 13:58:00,1404.80,1404.90,1404.50,1404.50,336
2026-09-07 13:59:00,1404.50,1404.80,1404.50,1404.60,431
2026-09-07 14:00:00,1404.70,1404.80,1404.60,1404.70,379
2026-09-07 14:01:00,1404.70,1404.90,1404.70,1404.80,1348
2026-09-07 14:02:00,1404.90,1404.90,1403.10,1403.70,1767
2026-09-07 14:03:00,1403.70,1403.70,1403.50,1403.60,558
2026-09-07 14:04:00,1403.70,1405.00,1403.60,1404.90,1212
2026-09-07 14:05:00,1404.90,1404.90,1404.30,1404.30,1230
2026-09-07 14:06:00,1404.50,1404.70,1404.20,1404.60,462
2026-09-07 14:07:00,1404.20,1404.70,1404.00,1404.30,1471
2026-09-07 14:08:00,1404.70,1405.00,1404.50,1404.80,1177
2026-09-07 14:09:00,1404.80,1405.00,1404.20,1404.50,1323
2026-09-07 14:10:00,1405.00,1405.00,1404.50,1404.90,1023
2026-09-07 14:11:00,1404.90,1405.20,1404.50,1405.00,627
2026-09-07 14:12:00,1405.10,1405.20,1404.70,1405.00,655
2026-09-07 14:13:00,1405.00,1405.20,1405.00,1405.10,391
2026-09-07 14:14:00,1405.10,1405.20,1404.90,1404.90,911
2026-09-07 14:15:00,1405.00,1405.00,1402.40,1402.40,6556
2026-09-07 14:16:00,1402.40,1402.50,1400.00,1401.10,25056
2026-09-07 14:17:00,1401.10,1401.10,1399.80,1400.40,22411
2026-09-07 14:18:00,1400.40,1401.00,1400.00,1400.30,9272
2026-09-07 14:19:00,1400.10,1400.50,1400.00,1400.50,3275
2026-09-07 14:20:00,1400.50,1400.80,1400.20,1400.70,603
2026-09-07 14:21:00,1400.80,1401.00,1400.70,1400.70,186
2026-09-07 14:22:00,1400.20,1400.90,1400.20,1400.70,212
2026-09-07 14:23:00,1400.70,1400.90,1400.40,1400.40,360
2026-09-07 14:24:00,1400.90,1401.00,1400.50,1400.90,264
2026-09-07 14:25:00,1401.00,1401.40,1400.90,1401.40,1257
2026-09-07 14:26:00,1401.40,1401.60,1401.40,1401.50,266
2026-09-07 14:27:00,1401.50,1401.60,1401.00,1401.40,793
2026-09-07 14:28:00,1401.40,1401.40,1401.00,1401.30,329
2026-09-07 14:29:00,1401.30,1401.70,1401.00,1401.50,2901
2026-09-07 14:30:00,1401.70,1401.70,1400.20,1400.70,1475
2026-09-07 14:31:00,1400.70,1400.70,1400.20,1400.50,256
2026-09-07 14:32:00,1400.50,1401.00,1400.50,1400.90,344
2026-09-07 14:33:00,1401.00,1401.40,1400.90,1401.30,245
2026-09-07 14:34:00,1401.20,1401.30,1400.90,1401.00,321
2026-09-07 14:35:00,1401.20,1401.50,1401.00,1401.10,424
2026-09-07 14:36:00,1401.10,1401.30,1400.30,1400.40,824
2026-09-07 14:37:00,1400.40,1400.40,1400.20,1400.40,334
2026-09-07 14:38:00,1400.40,1400.50,1400.20,1400.30,322
2026-09-07 14:39:00,1400.30,1400.40,1400.20,1400.40,423
2026-09-07 14:40:00,1400.20,1400.40,1400.10,1400.20,435
2026-09-07 14:41:00,1400.10,1400.20,1400.10,1400.10,596
2026-09-07 14:42:00,1400.20,1400.20,1399.90,1400.10,960
2026-09-07 14:43:00,1400.10,1400.10,1399.80,1400.00,406
2026-09-07 14:44:00,1400.10,1401.10,1400.00,1401.10,1860
2026-09-07 14:45:00,1401.10,1401.10,1400.70,1400.70,1221
2026-09-07 14:46:00,1400.70,1400.80,1399.70,1400.40,6053
2026-09-07 14:47:00,1400.00,1400.70,1400.00,1400.40,1162
2026-09-07 14:48:00,1400.40,1400.80,1400.40,1400.50,1165
2026-09-07 14:49:00,1400.50,1400.80,1400.10,1400.10,1603
2026-09-07 14:50:00,1400.20,1400.30,1399.80,1400.30,1644
2026-09-07 14:51:00,1400.30,1400.40,1399.80,1400.00,2065
2026-09-07 14:52:00,1400.00,1400.40,1399.90,1400.10,1947
2026-09-07 14:53:00,1400.20,1400.40,1400.00,1400.30,1028
2026-09-07 14:54:00,1400.10,1400.40,1400.10,1400.10,1108
2026-09-07 14:55:00,1400.20,1400.30,1399.90,1400.00,2572
2026-09-07 14:56:00,1399.70,1399.90,1399.50,1399.50,5479
2026-09-07 14:57:00,1399.60,1400.40,1399.60,1399.90,5251
2026-09-07 14:58:00,1399.80,1399.90,1398.90,1398.90,14867
2026-09-07 14:59:00,1398.90,1401.00,1398.70,1400.80,13490
2026-09-07 15:00:00,1400.20,1401.00,1399.80,1400.70,12369
2026-09-07 15:01:00,1400.20,1400.60,1399.60,1399.70,4010
2026-09-07 15:02:00,1399.40,1399.50,1399.10,1399.30,2017
2026-09-07 15:03:00,1399.60,1399.60,1399.40,1399.40,4563
2026-09-07 15:04:00,1399.30,1399.30,1397.70,1398.20,3905
2026-09-07 15:05:00,1398.20,1398.90,1397.80,1398.80,6919
2026-09-07 15:06:00,1398.80,1399.00,1398.70,1398.90,836
2026-09-07 15:07:00,1399.00,1399.70,1398.80,1399.10,2808
2026-09-07 15:08:00,1398.70,1399.60,1398.70,1399.60,2275
2026-09-07 15:09:00,1399.60,1399.90,1399.30,1399.40,2997
2026-09-07 15:10:00,1399.50,1399.60,1399.30,1399.40,4773
2026-09-07 15:11:00,1399.50,1401.20,1399.40,1401.20,8860
2026-09-07 15:12:00,1401.00,1401.00,1399.20,1400.30,13243
2026-09-07 15:13:00,1399.70,1400.00,1398.80,1399.90,5777
2026-09-07 15:14:00,1399.30,1400.80,1396.80,1399.40,6527
2026-09-07 15:15:00,1399.40,1399.40,1399.40,1399.40,0
2026-09-07 15:16:00,1399.40,1399.40,1399.40,1399.40,0
2026-09-07 15:17:00,1399.40,1399.40,1399.40,1399.40,0
2026-09-07 15:18:00,1399.40,1399.40,1399.40,1399.40,0
2026-09-07 15:19:00,1399.40,1399.40,1399.40,1399.40,0
2026-09-07 15:20:00,1399.40,1399.40,1399.40,1399.40,0
2026-09-07 15:21:00,1399.40,1399.40,1399.40,1399.40,0
2026-09-07 15:22:00,1399.40,1399.40,1399.40,1399.40,0
2026-09-07 15:23:00,1399.40,1399.40,1399.40,1399.40,0
2026-09-07 15:24:00,1399.40,1399.40,1399.40,1399.40,0
2026-09-07 15:25:00,1399.40,1399.40,1399.40,1399.40,0
2026-09-07 15:26:00,1399.40,1399.40,1399.40,1399.40,0
2026-09-07 15:27:00,1399.40,1399.40,1399.40,1399.40,0
2026-09-07 15:28:00,1399.40,1399.40,1399.40,1399.40,0
2026-09-07 15:29:00,1399.40,1399.40,1398.00,1398.00,24486
2026-09-08 09:15:00,1397.40,1399.60,1392.90,1399.20,10430
2026-09-08 09:16:00,1399.60,1403.80,1399.60,1402.80,5267
2026-09-08 09:17:00,1402.80,1408.00,1401.70,1405.70,6257
2026-09-08 09:18:00,1405.40,1405.70,1402.50,1404.10,10552
2026-09-08 09:19:00,1403.90,1404.10,1402.90,1403.80,1149
2026-09-08 09:20:00,1403.80,1403.80,1401.60,1402.40,1965
2026-09-08 09:21:00,1402.40,1402.40,1400.30,1400.60,8014
2026-09-08 09:22:00,1400.70,1401.90,1400.00,1401.30,2112
2026-09-08 09:23:00,1401.10,1401.30,1399.20,1399.20,2051
2026-09-08 09:24:00,1399.70,1401.30,1399.50,1400.00,1498
2026-09-08 09:25:00,1399.60,1400.70,1398.60,1400.10,4131
2026-09-08 09:26:00,1400.10,1400.10,1398.90,1399.00,3211
2026-09-08 09:27:00,1399.60,1399.80,1398.90,1398.90,1320
2026-09-08 09:28:00,1399.20,1399.80,1399.00,1399.80,1432
2026-09-08 09:29:00,1399.80,1399.80,1398.10,1398.90,2177
2026-09-08 09:30:00,1398.90,1401.90,1398.60,1401.40,5776
2026-09-08 09:31:00,1401.30,1402.40,1401.10,1401.60,8756
2026-09-08 09:32:00,1401.40,1401.40,1400.40,1400.90,885
2026-09-08 09:33:00,1402.30,1402.50,1401.00,1401.00,2029
2026-09-08 09:34:00,1401.00,1401.80,1400.50,1400.50,1856
2026-09-08 09:35:00,1400.70,1401.10,1400.60,1401.10,1775
2026-09-08 09:36:00,1401.10,1401.80,1400.90,1401.80,725
2026-09-08 09:37:00,1402.00,1402.00,1401.00,1401.50,2219
2026-09-08 09:38:00,1401.50,1401.80,1401.40,1401.70,480
2026-09-08 09:39:00,1401.80,1402.90,1401.80,1402.80,1366
2026-09-08 09:40:00,1402.60,1402.80,1401.10,1401.50,1436
2026-09-08 09:41:00,1401.60,1402.90,1401.60,1402.90,1596
2026-09-08 09:42:00,1402.80,1403.90,1402.70,1403.60,1944
2026-09-08 09:43:00,1403.40,1403.40,1401.20,1402.00,13724
2026-09-08 09:44:00,1402.00,1402.50,1401.60,1401.70,2365
2026-09-08 09:45:00,1401.70,1401.70,1400.00,1400.00,1890
2026-09-08 09:46:00,1400.20,1402.40,1400.20,1402.20,2923
2026-09-08 09:47:00,1402.20,1402.20,1401.70,1401.70,686
2026-09-08 09:48:00,1401.70,1402.00,1401.00,1401.60,19452
2026-09-08 09:49:00,1401.60,1402.00,1401.10,1401.30,1579
2026-09-08 09:50:00,1401.30,1401.30,1401.20,1401.30,202
2026-09-08 09:51:00,1401.20,1401.30,1400.40,1400.80,1604
2026-09-08 09:52:00,1400.80,1400.80,1400.00,1400.50,1149
2026-09-08 09:53:00,1400.30,1400.40,1400.00,1400.40,1968
2026-09-08 09:54:00,1400.50,1401.00,1400.50,1400.80,408
2026-09-08 09:55:00,1400.80,1400.80,1400.10,1400.10,854
2026-09-08 09:56:00,1399.80,1399.80,1399.20,1399.70,1748
2026-09-08 09:57:00,1399.70,1399.70,1399.00,1399.70,1209
2026-09-08 09:58:00,1399.30,1400.40,1399.30,1400.00,2005
2026-09-08 09:59:00,1399.80,1400.50,1399.80,1400.20,457
2026-09-08 10:00:00,1400.00,1400.90,1400.00,1400.90,327
2026-09-08 10:01:00,1400.80,1402.00,1400.80,1402.00,1356
2026-09-08 10:02:00,1402.30,1403.70,1402.30,1403.70,1944
2026-09-08 10:03:00,1403.30,1404.00,1403.00,1403.00,1732
2026-09-08 10:04:00,1403.00,1404.10,1402.60,1403.80,3260
2026-09-08 10:05:00,1403.90,1404.30,1403.40,1403.60,1171
2026-09-08 10:06:00,1403.60,1404.30,1403.50,1404.20,1806
2026-09-08 10:07:00,1404.20,1404.50,1403.80,1404.50,643
2026-09-08 10:08:00,1404.50,1404.50,1404.10,1404.40,228
2026-09-08 10:09:00,1404.40,1405.50,1404.00,1404.00,1652
2026-09-08 10:10:00,1404.20,1404.20,1403.50,1404.00,1034
2026-09-08 10:11:00,1404.00,1405.40,1403.90,1405.00,8326
2026-09-08 10:12:00,1405.30,1405.60,1404.40,1405.60,652
2026-09-08 10:13:00,1405.70,1408.70,1405.50,1407.60,5385
2026-09-08 10:14:00,1407.90,1409.00,1407.80,1408.20,3197
2026-09-08 10:15:00,1408.50,1409.30,1408.10,1408.20,1863
2026-09-08 10:16:00,1408.50,1409.00,1408.00,1408.90,269
2026-09-08 10:17:00,1409.00,1409.00,1408.60,1408.70,844
2026-09-08 10:18:00,1408.70,1409.40,1408.00,1409.10,2037
2026-09-08 10:19:00,1409.10,1409.40,1408.90,1409.30,1156
2026-09-08 10:20:00,1409.50,1410.60,1408.90,1410.60,6942
2026-09-08 10:21:00,1410.30,1410.60,1410.00,1410.40,798
2026-09-08 10:22:00,1410.40,1410.90,1410.30,1410.80,925
2026-09-08 10:23:00,1410.80,1411.10,1410.60,1410.60,712
2026-09-08 10:24:00,1410.60,1410.90,1410.10,1410.80,1215
2026-09-08 10:25:00,1409.60,1409.70,1409.00,1409.10,1895
2026-09-08 10:26:00,1409.10,1409.60,1408.70,1409.50,492
2026-09-08 10:27:00,1409.20,1409.40,1407.70,1408.80,677
2026-09-08 10:28:00,1408.80,1409.60,1408.50,1408.70,1773
2026-09-08 10:29:00,1408.80,1408.80,1408.10,1408.60,876
2026-09-08 10:30:00,1408.60,1409.00,1408.30,1408.30,1702
2026-09-08 10:31:00,1408.90,1408.90,1406.50,1406.50,552
2026-09-08 10:32:00,1406.50,1406.60,1406.00,1406.40,534
2026-09-08 10:33:00,1406.40,1407.00,1406.30,1407.00,981
2026-09-08 10:34:00,1406.90,1408.40,1406.90,1407.20,1764
2026-09-08 10:35:00,1407.90,1408.50,1407.40,1407.70,384
2026-09-08 10:36:00,1407.70,1408.30,1407.60,1407.70,471
2026-09-08 10:37:00,1407.70,1407.70,1407.00,1407.00,247
2026-09-08 10:38:00,1407.10,1407.10,1406.50,1407.00,680
2026-09-08 10:39:00,1406.80,1407.00,1406.40,1406.90,293
2026-09-08 10:40:00,1406.70,1407.80,1406.40,1406.70,604
2026-09-08 10:41:00,1406.70,1407.10,1406.50,1406.80,182
2026-09-08 10:42:00,1406.90,1407.00,1406.00,1406.50,2737
2026-09-08 10:43:00,1406.00,1406.70,1404.60,1406.50,1202
2026-09-08 10:44:00,1406.60,1407.00,1405.80,1406.30,1357
2026-09-08 10:45:00,1407.00,1408.00,1406.30,1407.60,1528
2026-09-08 10:46:00,1407.80,1408.00,1407.60,1407.80,416
2026-09-08 10:47:00,1407.80,1407.80,1407.30,1407.70,482
2026-09-08 10:48:00,1407.70,1409.60,1407.70,1409.60,4695
2026-09-08 10:49:00,1409.30,1409.80,1408.80,1409.50,533
2026-09-08 10:50:00,1409.70,1409.80,1409.00,1409.00,555
2026-09-08 10:51:00,1409.00,1409.40,1409.00,1409.40,203
2026-09-08 10:52:00,1409.40,1409.40,1409.30,1409.40,446
2026-09-08 10:53:00,1409.40,1409.40,1409.30,1409.40,406
2026-09-08 10:54:00,1409.40,1409.80,1409.30,1409.80,865
2026-09-08 10:55:00,1409.40,1409.80,1409.40,1409.60,1820
2026-09-08 10:56:00,1409.60,1409.60,1408.80,1409.40,627
2026-09-08 10:57:00,1409.50,1409.50,1408.20,1409.10,596
2026-09-08 10:58:00,1409.10,1409.10,1408.80,1409.10,372
2026-09-08 10:59:00,1409.10,1409.50,1408.90,1408.90,686
2026-09-08 11:00:00,1409.20,1409.20,1408.60,1409.00,493
2026-09-08 11:01:00,1409.00,1409.00,1408.60,1408.80,495
2026-09-08 11:02:00,1408.80,1409.00,1408.70,1408.80,706
2026-09-08 11:03:00,1409.00,1409.30,1408.40,1409.30,578
2026-09-08 11:04:00,1409.30,1409.60,1409.00,1409.20,941
2026-09-08 11:05:00,1409.50,1409.80,1408.90,1409.60,1022
2026-09-08 11:06:00,1409.00,1409.60,1408.60,1409.00,2136
2026-09-08 11:07:00,1409.60,1409.80,1409.00,1409.30,1494
2026-09-08 11:08:00,1409.80,1412.50,1409.40,1411.20,4162
2026-09-08 11:09:00,1411.80,1412.80,1411.80,1412.60,1716
2026-09-08 11:10:00,1412.60,1413.30,1410.40,1411.20,7110
2026-09-08 11:11:00,1411.20,1411.90,1411.20,1411.90,752
2026-09-08 11:12:00,1411.90,1413.30,1411.20,1412.70,1153
2026-09-08 11:13:00,1413.30,1413.30,1409.50,1410.10,1795
2026-09-08 11:14:00,1410.20,1410.20,1409.70,1410.00,420
2026-09-08 11:15:00,1409.70,1410.00,1409.20,1410.00,442
2026-09-08 11:16:00,1410.00,1410.00,1409.10,1410.00,1644
2026-09-08 11:17:00,1410.00,1410.00,1409.90,1410.00,704
2026-09-08 11:18:00,1409.90,1410.20,1408.30,1408.80,6710
2026-09-08 11:19:00,1408.80,1410.20,1408.80,1409.30,1669
2026-09-08 11:20:00,1409.70,1409.70,1409.50,1409.60,312
2026-09-08 11:21:00,1409.70,1409.70,1409.60,1409.60,286
2026-09-08 11:22:00,1409.70,1410.50,1408.90,1409.00,1280
2026-09-08 11:23:00,1409.30,1409.50,1408.50,1408.90,1020
2026-09-08 11:24:00,1409.30,1409.30,1408.20,1408.40,1004
2026-09-08 11:25:00,1408.90,1409.70,1407.00,1407.10,3805
2026-09-08 11:26:00,1407.10,1407.80,1407.10,1407.60,336
2026-09-08 11:27:00,1407.70,1407.70,1407.60,1407.60,472
2026-09-08 11:28:00,1407.90,1408.00,1406.90,1407.00,867
2026-09-08 11:29:00,1407.00,1407.70,1406.50,1407.40,1078
2026-09-08 11:30:00,1407.50,1407.70,1406.40,1407.00,1609
2026-09-08 11:31:00,1406.50,1407.10,1406.20,1406.50,1378
2026-09-08 11:32:00,1406.50,1407.10,1406.50,1406.70,315
2026-09-08 11:33:00,1406.60,1407.00,1405.80,1406.30,2461
2026-09-08 11:34:00,1405.60,1407.00,1405.60,1407.00,737
2026-09-08 11:35:00,1406.90,1407.50,1406.20,1406.70,916
2026-09-08 11:36:00,1406.50,1406.90,1406.40,1406.50,1001
2026-09-08 11:37:00,1406.50,1407.20,1406.40,1407.00,1007
2026-09-08 11:38:00,1407.00,1407.00,1406.40,1407.00,304
2026-09-08 11:39:00,1407.00,1407.00,1406.90,1407.00,673
2026-09-08 11:40:00,1406.90,1407.60,1406.90,1407.50,807
2026-09-08 11:41:00,1407.30,1407.40,1406.50,1407.20,1036
2026-09-08 11:42:00,1406.90,1407.20,1406.00,1406.50,1673
2026-09-08 11:43:00,1406.20,1406.50,1406.00,1406.40,578
2026-09-08 11:44:00,1406.50,1407.30,1406.40,1407.10,1148
2026-09-08 11:45:00,1407.10,1407.20,1407.10,1407.10,504
2026-09-08 11:46:00,1407.20,1407.50,1407.00,1407.10,1576
2026-09-08 11:47:00,1407.00,1407.70,1406.60,1407.00,1704
2026-09-08 11:48:00,1407.50,1407.50,1407.00,1407.50,1144
2026-09-08 11:49:00,1407.30,1408.00,1406.90,1407.40,2473
2026-09-08 11:50:00,1407.30,1407.40,1406.40,1406.50,898
2026-09-08 11:51:00,1406.90,1406.90,1406.40,1406.70,870
2026-09-08 11:52:00,1406.60,1406.60,1405.70,1406.40,4148
2026-09-08 11:53:00,1406.40,1406.40,1405.80,1406.40,1018
2026-09-08 11:54:00,1406.20,1407.40,1406.10,1407.00,2317
2026-09-08 11:55:00,1406.80,1407.60,1406.80,1407.30,1148
2026-09-08 11:56:00,1407.20,1407.30,1406.70,1407.20,773
2026-09-08 11:57:00,1407.20,1407.20,1406.80,1407.00,762
2026-09-08 11:58:00,1407.20,1408.00,1406.80,1407.90,1455
2026-09-08 11:59:00,1407.80,1408.40,1407.30,1408.40,978
2026-09-08 12:00:00,1408.20,1408.50,1407.60,1408.20,813
2026-09-08 12:01:00,1408.20,1408.20,1407.70,1408.10,1415
2026-09-08 12:02:00,1408.10,1408.10,1407.60,1408.10,903
2026-09-08 12:03:00,1408.00,1408.10,1406.20,1406.60,11854
2026-09-08 12:04:00,1406.90,1408.30,1405.90,1407.00,21799
2026-09-08 12:05:00,1407.00,1408.40,1406.40,1407.20,25915
2026-09-08 12:06:00,1407.90,1407.90,1407.20,1407.70,834
2026-09-08 12:07:00,1407.50,1407.70,1407.20,1407.70,759
2026-09-08 12:08:00,1407.70,1407.70,1407.30,1407.40,1713
2026-09-08 12:09:00,1407.30,1408.60,1407.20,1408.40,1916
2026-09-08 12:10:00,1408.60,1408.70,1408.00,1408.20,637
2026-09-08 12:11:00,1408.60,1409.00,1408.40,1408.60,2973
2026-09-08 12:12:00,1408.50,1408.60,1407.50,1408.20,1020
2026-09-08 12:13:00,1408.20,1408.90,1407.70,1408.30,1308
2026-09-08 12:14:00,1408.30,1408.30,1407.70,1408.30,535
2026-09-08 12:15:00,1408.20,1409.70,1408.20,1409.70,3325
2026-09-08 12:16:00,1409.70,1409.70,1408.50,1409.20,1149
2026-09-08 12:17:00,1409.30,1409.80,1409.20,1409.80,861
2026-09-08 12:18:00,1409.80,1410.00,1409.60,1410.00,927
2026-09-08 12:19:00,1409.80,1410.30,1409.50,1409.90,1917
2026-09-08 12:20:00,1410.00,1410.20,1408.80,1408.90,2511
2026-09-08 12:21:00,1408.90,1408.90,1408.20,1408.90,529
2026-09-08 12:22:00,1408.90,1408.90,1408.30,1408.70,820
2026-09-08 12:23:00,1408.60,1409.80,1408.30,1409.10,1109
2026-09-08 12:24:00,1409.10,1409.10,1408.30,1408.90,803
2026-09-08 12:25:00,1408.90,1409.70,1408.30,1408.90,1268
2026-09-08 12:26:00,1408.60,1408.80,1408.10,1408.40,507
2026-09-08 12:27:00,1408.40,1408.40,1407.70,1408.00,1253
2026-09-08 12:28:00,1408.20,1408.30,1407.50,1408.30,917
2026-09-08 12:29:00,1408.70,1410.10,1408.50,1410.10,1067
2026-09-08 12:30:00,1410.00,1410.20,1409.70,1409.80,621
2026-09-08 12:31:00,1409.70,1409.80,1409.40,1409.70,794
2026-09-08 12:32:00,1409.30,1409.80,1408.30,1408.30,3564
2026-09-08 12:33:00,1408.70,1409.80,1407.70,1409.80,11808
2026-09-08 12:34:00,1409.90,1410.20,1408.70,1409.50,8687
2026-09-08 12:35:00,1409.60,1413.00,1409.50,1412.80,6450
2026-09-08 12:36:00,1412.80,1413.20,1412.10,1412.80,4035
2026-09-08 12:37:00,1412.80,1412.80,1412.40,1412.70,498
2026-09-08 12:38:00,1412.80,1413.90,1412.50,1413.40,1802
2026-09-08 12:39:00,1413.10,1415.10,1412.80,1415.00,2816
2026-09-08 12:40:00,1414.70,1414.80,1413.90,1414.40,1963
2026-09-08 12:41:00,1414.40,1414.40,1412.80,1413.80,1745
2026-09-08 12:42:00,1413.70,1413.70,1412.40,1413.40,1037
2026-09-08 12:43:00,1413.30,1414.50,1412.50,1413.90,7033
2026-09-08 12:44:00,1413.80,1413.90,1413.00,1413.70,1849
2026-09-08 12:45:00,1413.50,1413.70,1413.20,1413.50,660
2026-09-08 12:46:00,1413.60,1413.60,1412.50,1412.90,769
2026-09-08 12:47:00,1413.00,1413.20,1412.40,1412.80,1190
2026-09-08 12:48:00,1412.90,1413.20,1412.00,1412.70,2476
2026-09-08 12:49:00,1412.80,1412.80,1411.90,1412.20,1209
2026-09-08 12:50:00,1412.50,1413.00,1412.00,1412.40,1356
2026-09-08 12:51:00,1412.90,1413.30,1412.40,1412.50,1178
2026-09-08 12:52:00,1412.80,1413.40,1412.40,1412.70,1076
2026-09-08 12:53:00,1413.00,1413.80,1412.50,1413.50,2834
2026-09-08 12:54:00,1413.80,1413.80,1412.40,1412.90,2326
2026-09-08 12:55:00,1412.80,1413.00,1410.70,1410.90,12564
2026-09-08 12:56:00,1411.00,1411.00,1408.50,1408.80,6042
2026-09-08 12:57:00,1408.80,1408.90,1408.00,1408.30,6182
2026-09-08 12:58:00,1408.80,1408.80,1406.70,1407.00,19157
2026-09-08 12:59:00,1406.90,1407.00,1406.20,1406.80,3223
2026-09-08 13:00:00,1406.80,1406.80,1405.10,1406.00,10543
2026-09-08 13:01:00,1406.00,1406.70,1405.80,1406.30,5928
2026-09-08 13:02:00,1406.20,1407.50,1406.10,1406.90,1291
2026-09-08 13:03:00,1406.80,1407.70,1406.80,1407.10,1417
2026-09-08 13:04:00,1407.40,1407.40,1406.00,1406.30,2462
2026-09-08 13:05:00,1406.80,1407.20,1406.40,1406.90,702
2026-09-08 13:06:00,1407.10,1407.30,1406.90,1407.20,637
2026-09-08 13:07:00,1407.10,1407.20,1406.50,1406.80,899
2026-09-08 13:08:00,1407.10,1407.50,1406.30,1407.00,876
2026-09-08 13:09:00,1406.90,1406.90,1406.10,1406.50,761
2026-09-08 13:10:00,1406.50,1407.90,1406.30,1407.30,3814
2026-09-08 13:11:00,1407.00,1408.90,1406.70,1408.80,1213
2026-09-08 13:12:00,1408.80,1409.40,1408.70,1409.30,1511
2026-09-08 13:13:00,1409.30,1409.40,1409.10,1409.40,924
2026-09-08 13:14:00,1409.30,1409.40,1409.30,1409.30,693
2026-09-08 13:15:00,1409.40,1410.50,1409.30,1410.10,1670
2026-09-08 13:16:00,1410.10,1410.30,1409.30,1409.80,1754
2026-09-08 13:17:00,1409.80,1410.10,1409.50,1409.90,651
2026-09-08 13:18:00,1409.90,1410.00,1409.10,1409.70,770
2026-09-08 13:19:00,1409.70,1409.70,1409.10,1409.70,825
2026-09-08 13:20:00,1409.70,1409.90,1409.10,1409.60,688
2026-09-08 13:21:00,1409.60,1410.00,1409.10,1409.90,753
2026-09-08 13:22:00,1409.90,1409.90,1409.70,1409.90,654
2026-09-08 13:23:00,1409.90,1409.90,1408.20,1408.80,872
2026-09-08 13:24:00,1408.70,1409.20,1408.40,1409.10,1219
2026-09-08 13:25:00,1409.00,1409.10,1408.90,1409.10,475
2026-09-08 13:26:00,1409.10,1409.10,1408.00,1408.90,649
2026-09-08 13:27:00,1408.60,1408.80,1406.30,1406.80,6508
2026-09-08 13:28:00,1406.70,1406.80,1406.10,1406.10,1670
2026-09-08 13:29:00,1406.10,1406.50,1405.80,1406.50,958
2026-09-08 13:30:00,1406.00,1406.40,1406.00,1406.30,524
2026-09-08 13:31:00,1406.40,1406.40,1406.00,1406.10,1240
2026-09-08 13:32:00,1406.20,1406.20,1405.40,1405.50,2066
2026-09-08 13:33:00,1405.50,1406.40,1405.40,1406.10,3867
2026-09-08 13:34:00,1406.00,1406.90,1406.00,1406.50,1665
2026-09-08 13:35:00,1406.60,1407.30,1406.30,1407.00,951
2026-09-08 13:36:00,1407.20,1407.20,1405.80,1406.40,1729
2026-09-08 13:37:00,1406.30,1406.80,1406.10,1406.50,1228
2026-09-08 13:38:00,1406.50,1406.50,1405.50,1405.90,1123
2026-09-08 13:39:00,1405.90,1407.30,1405.70,1407.30,5584
2026-09-08 13:40:00,1406.90,1407.30,1406.40,1406.50,1781
2026-09-08 13:41:00,1407.00,1407.00,1406.40,1406.70,717
2026-09-08 13:42:00,1406.50,1406.70,1406.40,1406.40,1004
2026-09-08 13:43:00,1406.60,1407.70,1406.40,1407.70,1254
2026-09-08 13:44:00,1407.70,1407.70,1406.90,1407.40,1200
2026-09-08 13:45:00,1407.30,1407.50,1406.50,1407.10,1068
2026-09-08 13:46:00,1407.00,1407.10,1406.40,1406.60,703
2026-09-08 13:47:00,1406.60,1407.10,1406.50,1407.10,570
2026-09-08 13:48:00,1407.00,1407.30,1406.60,1407.20,686
2026-09-08 13:49:00,1407.10,1407.20,1406.40,1406.40,679
2026-09-08 13:50:00,1406.90,1406.90,1406.30,1406.30,842
2026-09-08 13:51:00,1406.20,1406.30,1405.50,1405.50,2107
2026-09-08 13:52:00,1405.60,1405.70,1404.70,1405.20,2016
2026-09-08 13:53:00,1405.30,1405.30,1404.70,1405.10,676
2026-09-08 13:54:00,1405.10,1405.10,1405.00,1405.10,672
2026-09-08 13:55:00,1405.00,1405.20,1405.00,1405.10,862
2026-09-08 13:56:00,1405.00,1405.20,1404.30,1404.90,1062
2026-09-08 13:57:00,1404.90,1405.60,1404.50,1405.40,818
2026-09-08 13:58:00,1405.50,1405.50,1405.00,1405.10,571
2026-09-08 13:59:00,1405.10,1405.50,1404.20,1404.80,7455
2026-09-08 14:00:00,1404.80,1404.80,1404.50,1404.60,732
2026-09-08 14:01:00,1404.60,1407.00,1404.50,1406.40,10736
2026-09-08 14:02:00,1406.40,1406.50,1404.70,1405.30,1027
2026-09-08 14:03:00,1405.30,1405.90,1404.60,1405.90,7335
2026-09-08 14:04:00,1405.90,1405.90,1405.10,1405.30,1809
2026-09-08 14:05:00,1405.20,1405.50,1404.70,1405.20,15850
2026-09-08 14:06:00,1405.40,1405.50,1405.20,1405.30,1143
2026-09-08 14:07:00,1405.00,1405.40,1404.50,1405.00,1514
2026-09-08 14:08:00,1404.90,1405.50,1404.20,1404.80,6884
2026-09-08 14:09:00,1404.70,1405.60,1404.30,1405.10,738
2026-09-08 14:10:00,1405.20,1405.20,1404.50,1405.20,699
2026-09-08 14:11:00,1404.90,1406.20,1404.90,1405.40,1024
2026-09-08 14:12:00,1405.40,1406.10,1405.00,1405.90,679
2026-09-08 14:13:00,1405.60,1406.30,1405.60,1405.80,988
2026-09-08 14:14:00,1405.80,1406.00,1404.00,1404.10,8523
2026-09-08 14:15:00,1404.30,1405.50,1404.20,1405.00,7593
2026-09-08 14:16:00,1405.30,1405.80,1404.80,1405.00,2697
2026-09-08 14:17:00,1405.50,1405.50,1405.00,1405.30,1027
2026-09-08 14:18:00,1405.30,1405.50,1405.10,1405.50,762
2026-09-08 14:19:00,1405.50,1405.90,1405.40,1405.50,5061
2026-09-08 14:20:00,1405.50,1405.50,1404.50,1404.80,1681
2026-09-08 14:21:00,1404.80,1405.20,1404.50,1404.60,1218
2026-09-08 14:22:00,1404.50,1405.30,1404.50,1404.90,1069
2026-09-08 14:23:00,1404.80,1404.90,1404.50,1404.70,693
2026-09-08 14:24:00,1404.70,1404.80,1404.60,1404.60,767
2026-09-08 14:25:00,1404.70,1404.70,1402.90,1403.20,1867
2026-09-08 14:26:00,1403.10,1403.20,1402.70,1403.10,640
2026-09-08 14:27:00,1403.20,1403.50,1403.20,1403.40,588
2026-09-08 14:28:00,1403.40,1403.50,1402.80,1403.10,636
2026-09-08 14:29:00,1403.00,1403.00,1402.60,1402.80,2006
2026-09-08 14:30:00,1402.70,1403.00,1401.60,1401.80,3368
2026-09-08 14:31:00,1401.80,1401.80,1401.20,1401.60,784
2026-09-08 14:32:00,1401.70,1401.80,1401.30,1401.60,1216
2026-09-08 14:33:00,1401.60,1401.60,1401.10,1401.10,735
2026-09-08 14:34:00,1401.10,1403.00,1400.70,1401.10,7084
2026-09-08 14:35:00,1401.10,1401.30,1401.10,1401.10,761
2026-09-08 14:36:00,1401.20,1401.60,1401.10,1401.60,752
2026-09-08 14:37:00,1401.50,1401.70,1401.00,1401.20,2277
2026-09-08 14:38:00,1401.20,1401.70,1400.60,1401.20,2026
2026-09-08 14:39:00,1400.60,1402.00,1400.60,1401.00,5057
2026-09-08 14:40:00,1401.00,1401.00,1400.10,1400.30,1891
2026-09-08 14:41:00,1400.40,1400.60,1400.10,1400.50,1767
2026-09-08 14:42:00,1400.20,1402.00,1399.80,1400.10,38247
2026-09-08 14:43:00,1400.10,1400.90,1400.00,1400.60,4561
2026-09-08 14:44:00,1400.60,1400.90,1400.50,1400.90,582
2026-09-08 14:45:00,1400.60,1400.60,1399.50,1399.80,6078
2026-09-08 14:46:00,1399.80,1399.80,1399.00,1399.50,7691
2026-09-08 14:47:00,1399.50,1399.90,1399.10,1399.60,1935
2026-09-08 14:48:00,1399.60,1399.80,1399.40,1399.70,974
2026-09-08 14:49:00,1399.60,1399.90,1399.60,1399.90,1188
2026-09-08 14:50:00,1399.80,1401.20,1399.40,1401.20,6117
2026-09-08 14:51:00,1401.40,1401.40,1400.00,1400.70,2505
2026-09-08 14:52:00,1400.50,1400.80,1400.30,1400.50,1784
2026-09-08 14:53:00,1400.80,1400.90,1399.00,1399.20,9868
2026-09-08 14:54:00,1399.10,1401.80,1399.10,1401.70,24168
2026-09-08 14:55:00,1401.70,1401.70,1400.60,1401.10,3440
2026-09-08 14:56:00,1401.10,1401.30,1399.00,1399.00,5399
2026-09-08 14:57:00,1399.40,1400.00,1399.00,1399.70,10278
2026-09-08 14:58:00,1399.40,1401.20,1399.30,1400.80,29039
2026-09-08 14:59:00,1400.90,1400.90,1399.40,1400.40,13020
2026-09-08 15:00:00,1400.30,1400.90,1399.70,1400.90,20791
2026-09-08 15:01:00,1400.80,1401.60,1400.80,1401.40,6565
2026-09-08 15:02:00,1401.20,1401.30,1400.10,1400.20,5638
2026-09-08 15:03:00,1400.20,1401.20,1400.10,1401.10,9675
2026-09-08 15:04:00,1401.10,1401.10,1400.30,1400.90,5555
2026-09-08 15:05:00,1401.00,1401.00,1399.10,1400.80,54896
2026-09-08 15:06:00,1400.80,1400.80,1400.70,1400.80,3810
2026-09-08 15:07:00,1400.80,1401.00,1399.10,1400.50,13695
2026-09-08 15:08:00,1400.70,1400.70,1399.00,1400.40,32377
2026-09-08 15:09:00,1400.40,1400.90,1399.80,1400.20,5159
2026-09-08 15:10:00,1400.20,1401.60,1400.00,1401.00,28777
2026-09-08 15:11:00,1400.90,1401.60,1400.70,1400.70,14416
2026-09-08 15:12:00,1400.80,1403.40,1399.80,1403.00,21132
2026-09-08 15:13:00,1403.10,1403.10,1399.30,1401.20,17350
2026-09-08 15:14:00,1400.60,1402.40,1399.80,1400.20,9346
2026-09-08 15:15:00,1400.20,1400.20,1400.20,1400.20,0
2026-09-08 15:16:00,1400.20,1400.20,1400.20,1400.20,0
2026-09-08 15:17:00,1400.20,1400.20,1400.20,1400.20,0
2026-09-08 15:18:00,1400.20,1400.20,1400.20,1400.20,0
2026-09-08 15:19:00,1400.20,1400.20,1400.20,1400.20,0
2026-09-08 15:20:00,1400.20,1400.20,1400.20,1400.20,0
2026-09-08 15:21:00,1400.20,1400.20,1400.20,1400.20,0
2026-09-08 15:22:00,1400.20,1400.20,1400.20,1400.20,0
2026-09-08 15:23:00,1400.20,1400.20,1400.20,1400.20,0
2026-09-08 15:24:00,1400.20,1400.20,1400.20,1400.20,0
2026-09-08 15:25:00,1400.20,1400.20,1400.20,1400.20,0
2026-09-08 15:26:00,1400.20,1400.20,1400.20,1400.20,0
2026-09-08 15:27:00,1400.20,1400.20,1400.20,1400.20,0
2026-09-08 15:28:00,1400.20,1400.20,1400.20,1400.20,0
2026-09-08 15:29:00,1400.20,1400.50,1400.20,1400.50,101481
2026-09-09 09:08:00,1400.50,1400.50,1400.50,1400.50,2027
2026-09-09 09:09:00,1400.50,1400.50,1400.50,1400.50,0
2026-09-09 09:10:00,1400.50,1400.50,1400.50,1400.50,0
2026-09-09 09:11:00,1400.50,1400.50,1400.50,1400.50,0
2026-09-09 09:12:00,1400.50,1400.50,1400.50,1400.50,0
2026-09-09 09:13:00,1400.50,1400.50,1400.50,1400.50,0
2026-09-09 09:14:00,1400.50,1400.50,1400.50,1400.50,0
2026-09-09 09:15:00,1400.50,1405.10,1399.50,1404.30,11269
2026-09-09 09:16:00,1403.90,1405.90,1403.80,1404.50,7987
2026-09-09 09:17:00,1404.60,1404.60,1402.80,1403.80,5859
2026-09-09 09:18:00,1403.80,1404.50,1401.20,1401.70,4729
2026-09-09 09:19:00,1401.70,1401.80,1401.20,1401.80,1123
2026-09-09 09:20:00,1401.90,1402.10,1401.10,1401.90,5926
2026-09-09 09:21:00,1401.50,1401.90,1400.40,1400.40,2044
2026-09-09 09:22:00,1400.60,1400.60,1397.30,1399.00,4991
2026-09-09 09:23:00,1399.30,1401.60,1399.00,1401.20,3075
2026-09-09 09:24:00,1401.20,1401.60,1400.60,1401.40,1812
2026-09-09 09:25:00,1400.70,1400.70,1399.30,1400.00,2225
2026-09-09 09:26:00,1399.90,1400.80,1399.90,1400.50,1073
2026-09-09 09:27:00,1400.20,1400.20,1399.20,1400.00,3412
2026-09-09 09:28:00,1400.00,1400.80,1399.60,1400.80,2199
2026-09-09 09:29:00,1400.60,1400.60,1399.60,1399.90,2135
2026-09-09 09:30:00,1399.80,1400.10,1398.60,1398.80,5344
2026-09-09 09:31:00,1399.40,1399.40,1395.10,1396.50,8400
2026-09-09 09:32:00,1396.50,1398.10,1396.20,1398.00,6774
2026-09-09 09:33:00,1397.90,1398.30,1397.90,1398.20,3104
2026-09-09 09:34:00,1398.20,1398.20,1396.70,1396.80,3092
2026-09-09 09:35:00,1396.80,1396.80,1395.40,1395.50,1414
2026-09-09 09:36:00,1395.50,1396.20,1394.00,1396.20,5115
2026-09-09 09:37:00,1395.40,1395.50,1394.50,1395.30,2023
2026-09-09 09:38:00,1395.30,1395.30,1395.00,1395.00,1365
2026-09-09 09:39:00,1395.00,1395.10,1395.00,1395.10,726
2026-09-09 09:40:00,1395.00,1395.30,1395.00,1395.20,910
2026-09-09 09:41:00,1395.20,1395.20,1394.10,1394.60,3996
2026-09-09 09:42:00,1394.60,1394.60,1394.10,1394.40,1463
2026-09-09 09:43:00,1394.40,1394.80,1393.60,1393.60,2207
2026-09-09 09:44:00,1393.40,1393.50,1392.30,1392.40,1979
2026-09-09 09:45:00,1392.40,1392.50,1392.40,1392.40,890
2026-09-09 09:46:00,1392.50,1392.50,1392.00,1392.10,1152
2026-09-09 09:47:00,1392.00,1392.30,1392.00,1392.30,1785
2026-09-09 09:48:00,1392.30,1393.40,1392.30,1393.40,1223
2026-09-09 09:49:00,1393.30,1393.40,1392.30,1392.50,3017
2026-09-09 09:50:00,1392.50,1393.50,1391.10,1391.30,6436
2026-09-09 09:51:00,1391.20,1392.00,1391.00,1391.00,4798
2026-09-09 09:52:00,1391.10,1394.40,1391.00,1394.10,1648
2026-09-09 09:53:00,1394.10,1395.30,1394.00,1395.10,1091
2026-09-09 09:54:00,1395.10,1395.30,1393.80,1394.70,1904
2026-09-09 09:55:00,1394.20,1394.90,1394.20,1394.70,754
2026-09-09 09:56:00,1394.80,1394.80,1394.70,1394.80,589
2026-09-09 09:57:00,1394.70,1394.80,1393.50,1393.80,1514
2026-09-09 09:58:00,1393.50,1393.80,1393.10,1393.50,736
2026-09-09 09:59:00,1393.50,1393.50,1391.90,1392.40,3676
2026-09-09 10:00:00,1392.70,1393.00,1392.00,1392.80,1165
2026-09-09 10:01:00,1392.80,1393.00,1392.10,1393.00,694
2026-09-09 10:02:00,1393.00,1393.60,1392.30,1393.10,1419
2026-09-09 10:03:00,1392.30,1393.20,1392.20,1392.80,1091
2026-09-09 10:04:00,1392.30,1393.30,1392.30,1393.30,677
2026-09-09 10:05:00,1393.20,1393.20,1391.70,1392.20,1153
2026-09-09 10:06:00,1391.70,1392.20,1391.00,1391.20,1550
2026-09-09 10:07:00,1391.00,1391.20,1390.30,1390.40,1543
2026-09-09 10:08:00,1390.50,1391.00,1389.60,1389.70,2440
2026-09-09 10:09:00,1389.60,1390.80,1389.20,1390.40,2620
2026-09-09 10:10:00,1390.40,1390.80,1389.50,1389.70,3103
2026-09-09 10:11:00,1389.50,1389.90,1389.40,1389.90,512
2026-09-09 10:12:00,1389.90,1389.90,1389.70,1389.70,650
2026-09-09 10:13:00,1389.80,1390.50,1389.70,1390.50,1052
2026-09-09 10:14:00,1390.60,1391.60,1390.60,1391.00,731
2026-09-09 10:15:00,1391.40,1391.50,1391.40,1391.50,651
2026-09-09 10:16:00,1391.40,1393.40,1391.40,1393.40,1140
2026-09-09 10:17:00,1392.70,1393.90,1392.70,1393.90,1959
2026-09-09 10:18:00,1393.30,1394.30,1393.00,1393.00,2251
2026-09-09 10:19:00,1392.90,1393.40,1392.70,1393.40,686
2026-09-09 10:20:00,1393.00,1393.40,1393.00,1393.30,1623
2026-09-09 10:21:00,1393.30,1394.00,1392.90,1393.90,966
2026-09-09 10:22:00,1393.50,1394.00,1393.50,1393.90,982
2026-09-09 10:23:00,1393.50,1394.00,1393.50,1394.00,446
2026-09-09 10:24:00,1394.20,1395.10,1394.20,1395.10,1661
2026-09-09 10:25:00,1395.10,1395.90,1395.00,1395.50,1115
2026-09-09 10:26:00,1395.10,1395.60,1395.10,1395.60,718
2026-09-09 10:27:00,1395.60,1396.50,1395.60,1396.40,2389
2026-09-09 10:28:00,1396.50,1396.70,1395.80,1395.90,1040
2026-09-09 10:29:00,1395.80,1396.70,1395.80,1396.70,2350
2026-09-09 10:30:00,1396.40,1396.80,1395.40,1395.40,1648
2026-09-09 10:31:00,1395.40,1395.90,1395.00,1395.40,403
2026-09-09 10:32:00,1395.00,1399.00,1394.20,1398.70,76540
2026-09-09 10:33:00,1398.70,1399.90,1398.70,1399.30,7168
2026-09-09 10:34:00,1398.70,1398.80,1397.30,1397.70,6089
2026-09-09 10:35:00,1397.70,1397.70,1397.10,1397.30,1897
2026-09-09 10:36:00,1397.10,1397.10,1396.60,1396.80,1043
2026-09-09 10:37:00,1396.60,1397.00,1395.70,1396.90,1981
2026-09-09 10:38:00,1397.00,1397.00,1396.00,1396.00,1032
2026-09-09 10:39:00,1396.30,1396.30,1396.00,1396.10,214
2026-09-09 10:40:00,1396.10,1396.30,1395.80,1395.80,2329
2026-09-09 10:41:00,1395.90,1396.30,1395.80,1396.30,293
2026-09-09 10:42:00,1395.90,1396.20,1395.90,1396.20,392
2026-09-09 10:43:00,1395.90,1395.90,1395.10,1395.40,1955
2026-09-09 10:44:00,1395.40,1395.40,1393.70,1395.00,3239
2026-09-09 10:45:00,1395.00,1395.00,1394.00,1394.60,777
2026-09-09 10:46:00,1394.50,1394.90,1394.50,1394.90,451
2026-09-09 10:47:00,1394.80,1396.00,1394.80,1394.80,1439
2026-09-09 10:48:00,1394.90,1395.80,1394.80,1395.70,1548
2026-09-09 10:49:00,1395.70,1395.70,1395.00,1395.10,604
2026-09-09 10:50:00,1395.00,1396.80,1395.00,1396.60,1702
2026-09-09 10:51:00,1396.60,1396.60,1395.10,1395.70,2474
2026-09-09 10:52:00,1395.20,1395.40,1395.00,1395.00,481
2026-09-09 10:53:00,1395.00,1395.20,1395.00,1395.20,548
2026-09-09 10:54:00,1395.00,1395.20,1395.00,1395.00,418
2026-09-09 10:55:00,1395.00,1395.20,1394.30,1394.30,1593
2026-09-09 10:56:00,1394.40,1394.40,1394.10,1394.20,663
2026-09-09 10:57:00,1394.10,1394.20,1393.90,1394.00,576
2026-09-09 10:58:00,1394.00,1394.00,1393.40,1393.50,1212
2026-09-09 10:59:00,1393.40,1394.00,1391.00,1391.80,7566
2026-09-09 11:00:00,1391.80,1392.30,1391.50,1392.20,1218
2026-09-09 11:01:00,1392.40,1393.00,1392.40,1392.50,260
2026-09-09 11:02:00,1392.40,1392.50,1392.40,1392.50,1941
2026-09-09 11:03:00,1392.40,1392.50,1392.40,1392.50,775
2026-09-09 11:04:00,1392.50,1392.90,1392.50,1392.50,457
2026-09-09 11:05:00,1392.50,1392.80,1392.50,1392.80,622
2026-09-09 11:06:00,1392.80,1392.80,1392.50,1392.80,720
2026-09-09 11:07:00,1392.50,1393.00,1392.50,1392.90,763
2026-09-09 11:08:00,1392.70,1393.00,1391.50,1391.50,2193
2026-09-09 11:09:00,1391.50,1392.30,1391.10,1391.50,4569
2026-09-09 11:10:00,1391.60,1392.40,1391.60,1391.70,533
2026-09-09 11:11:00,1391.70,1392.20,1391.70,1391.70,296
2026-09-09 11:12:00,1391.70,1392.20,1391.70,1391.90,294
2026-09-09 11:13:00,1391.80,1391.90,1391.80,1391.80,653
2026-09-09 11:14:00,1391.80,1391.80,1391.00,1391.00,2084
2026-09-09 11:15:00,1391.00,1391.10,1391.00,1391.00,1273
2026-09-09 11:16:00,1391.00,1392.20,1391.00,1391.70,5511
2026-09-09 11:17:00,1391.90,1391.90,1390.90,1391.40,970
2026-09-09 11:18:00,1391.00,1391.40,1391.00,1391.10,692
2026-09-09 11:19:00,1391.10,1391.60,1390.90,1391.00,706
2026-09-09 11:20:00,1390.90,1391.50,1390.90,1391.50,540
2026-09-09 11:21:00,1391.50,1392.50,1391.10,1392.30,6652
2026-09-09 11:22:00,1391.90,1392.30,1391.90,1392.20,846
2026-09-09 11:23:00,1392.30,1392.40,1392.20,1392.40,540
2026-09-09 11:24:00,1392.40,1392.90,1392.20,1392.80,599
2026-09-09 11:25:00,1392.50,1392.80,1392.40,1392.40,1040
2026-09-09 11:26:00,1392.60,1392.90,1392.50,1392.90,844
2026-09-09 11:27:00,1392.50,1393.00,1392.40,1393.00,792
2026-09-09 11:28:00,1392.60,1393.00,1392.60,1392.90,393
2026-09-09 11:29:00,1392.90,1392.90,1392.10,1392.20,391
2026-09-09 11:30:00,1392.10,1393.00,1392.10,1393.00,1703
2026-09-09 11:31:00,1392.90,1392.90,1392.40,1392.40,411
2026-09-09 11:32:00,1392.10,1393.20,1392.10,1393.00,593
2026-09-09 11:33:00,1392.60,1393.20,1392.50,1393.10,827
2026-09-09 11:34:00,1393.10,1393.10,1392.70,1392.90,644
2026-09-09 11:35:00,1392.90,1392.90,1392.40,1392.50,412
2026-09-09 11:36:00,1392.50,1392.60,1392.00,1392.10,1148
2026-09-09 11:37:00,1392.10,1392.70,1392.10,1392.50,393
2026-09-09 11:38:00,1392.10,1392.50,1392.10,1392.50,422
2026-09-09 11:39:00,1392.20,1392.20,1391.90,1392.20,1136
2026-09-09 11:40:00,1392.00,1393.10,1392.00,1393.00,1109
2026-09-09 11:41:00,1392.50,1392.90,1392.50,1392.80,428
2026-09-09 11:42:00,1392.50,1392.80,1392.50,1392.60,392
2026-09-09 11:43:00,1392.60,1393.50,1392.30,1393.50,2481
2026-09-09 11:44:00,1393.40,1395.40,1392.60,1395.40,2473
2026-09-09 11:45:00,1395.00,1395.70,1395.00,1395.20,3485
2026-09-09 11:46:00,1395.10,1395.20,1395.00,1395.20,512
2026-09-09 11:47:00,1395.00,1396.00,1395.00,1395.90,1401
2026-09-09 11:48:00,1395.50,1398.10,1395.50,1396.00,22943
2026-09-09 11:49:00,1395.90,1395.90,1393.70,1394.50,1911
2026-09-09 11:50:00,1394.10,1394.50,1394.10,1394.30,545
2026-09-09 11:51:00,1394.10,1394.20,1393.60,1394.20,2626
2026-09-09 11:52:00,1393.90,1394.20,1393.90,1394.20,534
2026-09-09 11:53:00,1394.00,1394.20,1393.60,1393.80,1575
2026-09-09 11:54:00,1393.70,1393.80,1393.70,1393.80,457
2026-09-09 11:55:00,1393.70,1393.80,1393.70,1393.80,420
2026-09-09 11:56:00,1393.70,1393.80,1393.70,1393.80,789
2026-09-09 11:57:00,1393.80,1393.80,1393.40,1393.50,2537
2026-09-09 11:58:00,1393.50,1393.50,1392.50,1392.60,2288
2026-09-09 11:59:00,1392.50,1392.50,1392.40,1392.50,956
2026-09-09 12:00:00,1392.50,1392.50,1391.80,1391.80,2879
2026-09-09 12:01:00,1392.20,1392.20,1391.80,1392.20,2586
2026-09-09 12:02:00,1392.20,1392.20,1391.20,1391.60,1836
2026-09-09 12:03:00,1392.00,1392.00,1391.10,1391.10,734
2026-09-09 12:04:00,1391.30,1391.90,1391.10,1391.80,1138
2026-09-09 12:05:00,1391.80,1391.80,1391.60,1391.80,950
2026-09-09 12:06:00,1391.80,1391.80,1391.00,1391.20,1098
2026-09-09 12:07:00,1391.00,1391.20,1390.40,1390.60,1542
2026-09-09 12:08:00,1390.90,1391.80,1390.60,1391.80,3170
2026-09-09 12:09:00,1391.80,1391.80,1391.00,1391.50,832
2026-09-09 12:10:00,1391.10,1391.50,1391.10,1391.30,880
2026-09-09 12:11:00,1391.30,1391.30,1391.10,1391.30,771
2026-09-09 12:12:00,1391.10,1392.10,1391.10,1392.00,1063
2026-09-09 12:13:00,1392.00,1392.50,1392.00,1392.50,402
2026-09-09 12:14:00,1392.60,1393.00,1392.50,1392.90,431
2026-09-09 12:15:00,1392.90,1392.90,1391.60,1391.60,1020
2026-09-09 12:16:00,1392.00,1392.00,1391.60,1392.00,399
2026-09-09 12:17:00,1392.00,1392.00,1391.70,1392.00,319
2026-09-09 12:18:00,1392.00,1392.00,1391.70,1391.90,316
2026-09-09 12:19:00,1391.90,1391.90,1391.60,1391.90,995
2026-09-09 12:20:00,1391.90,1391.90,1391.70,1391.90,618
2026-09-09 12:21:00,1391.90,1391.90,1391.70,1391.80,897
2026-09-09 12:22:00,1391.80,1391.80,1391.70,1391.80,792
2026-09-09 12:23:00,1391.80,1392.60,1391.70,1392.40,1479
2026-09-09 12:24:00,1392.40,1392.40,1392.00,1392.30,726
2026-09-09 12:25:00,1392.30,1392.30,1392.00,1392.20,367
2026-09-09 12:26:00,1392.20,1392.90,1392.20,1392.40,423
2026-09-09 12:27:00,1392.40,1392.90,1392.00,1392.40,1247
2026-09-09 12:28:00,1392.70,1393.40,1392.70,1393.40,446
2026-09-09 12:29:00,1393.40,1394.30,1393.30,1393.60,758
2026-09-09 12:30:00,1393.50,1395.40,1393.50,1395.20,818
2026-09-09 12:31:00,1395.20,1396.40,1395.00,1396.00,1023
2026-09-09 12:32:00,1395.90,1395.90,1395.20,1395.80,608
2026-09-09 12:33:00,1395.70,1397.20,1395.30,1396.80,1521
2026-09-09 12:34:00,1396.70,1396.80,1395.40,1395.60,1123
2026-09-09 12:35:00,1395.60,1396.30,1395.20,1396.20,1854
2026-09-09 12:36:00,1396.20,1396.20,1394.10,1395.10,2609
2026-09-09 12:37:00,1395.10,1395.80,1395.00,1395.80,394
2026-09-09 12:38:00,1395.80,1396.50,1395.80,1396.10,819
2026-09-09 12:39:00,1396.10,1396.80,1396.00,1396.70,825
2026-09-09 12:40:00,1396.70,1396.90,1396.10,1396.30,1154
2026-09-09 12:41:00,1396.30,1396.40,1396.20,1396.40,580
2026-09-09 12:42:00,1396.40,1397.10,1396.00,1396.60,1026
2026-09-09 12:43:00,1396.60,1396.60,1396.30,1396.50,424
2026-09-09 12:44:00,1396.50,1396.50,1395.50,1395.60,1174
2026-09-09 12:45:00,1395.60,1395.60,1394.30,1394.60,861
2026-09-09 12:46:00,1394.60,1394.90,1394.50,1394.70,747
2026-09-09 12:47:00,1394.70,1394.90,1394.60,1394.90,519
2026-09-09 12:48:00,1394.80,1394.90,1394.50,1394.70,892
2026-09-09 12:49:00,1394.70,1396.00,1394.50,1395.80,1180
2026-09-09 12:50:00,1395.90,1396.00,1394.50,1395.00,2236
2026-09-09 12:51:00,1395.20,1395.40,1394.90,1395.20,536
2026-09-09 12:52:00,1395.30,1395.40,1395.10,1395.40,643
2026-09-09 12:53:00,1395.30,1395.30,1394.50,1394.70,780
2026-09-09 12:54:00,1394.70,1395.20,1394.60,1395.20,855
2026-09-09 12:55:00,1395.20,1395.80,1395.00,1395.30,1575
2026-09-09 12:56:00,1395.50,1395.60,1395.00,1395.50,480
2026-09-09 12:57:00,1395.50,1396.20,1395.40,1396.20,1377
2026-09-09 12:58:00,1396.20,1397.00,1396.10,1396.60,744
2026-09-09 12:59:00,1396.60,1397.10,1396.50,1397.00,682
2026-09-09 13:00:00,1397.00,1397.10,1395.70,1395.70,3878
2026-09-09 13:01:00,1395.70,1395.70,1394.20,1394.50,6339
2026-09-09 13:02:00,1394.50,1394.50,1393.50,1393.90,3234
2026-09-09 13:03:00,1393.90,1394.00,1393.70,1394.00,788
2026-09-09 13:04:00,1394.00,1394.20,1393.90,1394.20,505
2026-09-09 13:05:00,1394.20,1394.20,1392.90,1393.00,4611
2026-09-09 13:06:00,1393.00,1393.00,1392.90,1393.00,1758
2026-09-09 13:07:00,1393.00,1393.00,1392.50,1392.90,6334
2026-09-09 13:08:00,1392.90,1393.00,1392.60,1392.90,520
2026-09-09 13:09:00,1392.90,1392.90,1392.20,1392.80,567
2026-09-09 13:10:00,1392.90,1393.00,1392.90,1393.00,604
2026-09-09 13:11:00,1393.00,1393.00,1392.60,1392.90,1938
2026-09-09 13:12:00,1392.90,1392.90,1392.60,1392.70,1729
2026-09-09 13:13:00,1392.70,1392.70,1391.90,1392.00,2987
2026-09-09 13:14:00,1392.00,1392.40,1391.90,1392.00,5243
2026-09-09 13:15:00,1392.00,1392.40,1391.90,1392.00,1826
2026-09-09 13:16:00,1392.00,1392.40,1391.50,1391.90,4458
2026-09-09 13:17:00,1391.90,1391.90,1390.70,1390.80,5179
2026-09-09 13:18:00,1390.80,1391.60,1390.20,1390.50,18319
2026-09-09 13:19:00,1390.90,1391.70,1390.50,1391.00,25031
2026-09-09 13:20:00,1391.00,1391.30,1389.90,1390.50,51843
2026-09-09 13:21:00,1390.50,1390.90,1389.90,1390.80,45597
2026-09-09 13:22:00,1390.80,1391.20,1390.50,1390.50,4013
2026-09-09 13:23:00,1390.50,1391.20,1390.40,1390.90,1335
2026-09-09 13:24:00,1390.90,1390.90,1390.70,1390.80,510
2026-09-09 13:25:00,1390.70,1390.80,1390.70,1390.70,655
2026-09-09 13:26:00,1390.80,1390.80,1390.70,1390.80,494
2026-09-09 13:27:00,1390.70,1391.50,1390.50,1391.50,1293
2026-09-09 13:28:00,1391.60,1391.90,1391.20,1391.40,683
2026-09-09 13:29:00,1391.60,1392.20,1391.00,1392.20,1824
2026-09-09 13:30:00,1392.20,1392.20,1390.90,1392.10,1194
2026-09-09 13:31:00,1392.00,1392.10,1391.80,1392.00,401
2026-09-09 13:32:00,1392.00,1392.20,1391.90,1392.00,853
2026-09-09 13:33:00,1392.10,1392.10,1391.50,1391.70,441
2026-09-09 13:34:00,1391.70,1391.80,1391.30,1391.50,976
2026-09-09 13:35:00,1391.70,1391.70,1391.30,1391.60,494
2026-09-09 13:36:00,1391.60,1392.10,1391.30,1392.10,2291
2026-09-09 13:37:00,1392.10,1392.40,1391.90,1392.30,397
2026-09-09 13:38:00,1392.40,1393.00,1392.30,1392.70,840
2026-09-09 13:39:00,1392.70,1393.00,1392.50,1393.00,426
2026-09-09 13:40:00,1393.10,1393.10,1392.20,1392.70,1148
2026-09-09 13:41:00,1392.70,1393.20,1392.50,1392.90,909
2026-09-09 13:42:00,1392.90,1393.50,1392.80,1393.30,483
2026-09-09 13:43:00,1393.50,1394.00,1393.30,1394.00,433
2026-09-09 13:44:00,1393.90,1394.40,1393.60,1393.70,1259
2026-09-09 13:45:00,1393.70,1393.80,1392.80,1393.30,1356
2026-09-09 13:46:00,1393.30,1393.80,1392.50,1393.10,1137
2026-09-09 13:47:00,1393.40,1393.50,1392.90,1393.40,1055
2026-09-09 13:48:00,1393.40,1393.40,1392.70,1392.80,349
2026-09-09 13:49:00,1392.80,1392.80,1392.70,1392.80,547
2026-09-09 13:50:00,1393.20,1393.40,1392.90,1393.00,1186
2026-09-09 13:51:00,1393.00,1393.20,1392.90,1393.00,499
2026-09-09 13:52:00,1393.00,1393.00,1392.60,1393.00,896
2026-09-09 13:53:00,1392.70,1392.90,1392.60,1392.80,988
2026-09-09 13:54:00,1392.80,1392.80,1392.50,1392.60,619
2026-09-09 13:55:00,1392.60,1392.80,1392.50,1392.80,843
2026-09-09 13:56:00,1392.80,1392.90,1392.70,1392.80,858
2026-09-09 13:57:00,1392.90,1393.20,1392.70,1393.20,473
2026-09-09 13:58:00,1393.20,1393.80,1393.10,1393.80,1757
2026-09-09 13:59:00,1393.80,1394.20,1393.70,1394.20,924
2026-09-09 14:00:00,1394.20,1394.20,1393.90,1394.20,538
2026-09-09 14:01:00,1394.20,1394.80,1394.10,1394.50,937
2026-09-09 14:02:00,1394.50,1395.00,1394.10,1394.60,3456
2026-09-09 14:03:00,1394.60,1395.80,1394.50,1395.50,2701
2026-09-09 14:04:00,1395.50,1395.90,1395.30,1395.70,4983
2026-09-09 14:05:00,1395.70,1395.90,1395.10,1395.80,1256
2026-09-09 14:06:00,1395.70,1396.00,1395.40,1395.70,1466
2026-09-09 14:07:00,1395.70,1395.90,1395.30,1395.60,1326
2026-09-09 14:08:00,1395.70,1396.10,1395.60,1396.00,717
2026-09-09 14:09:00,1395.90,1396.00,1394.00,1394.30,3856
2026-09-09 14:10:00,1394.40,1394.40,1394.30,1394.40,743
2026-09-09 14:11:00,1394.40,1394.60,1393.40,1394.00,1418
2026-09-09 14:12:00,1393.90,1395.00,1393.90,1395.00,1374
2026-09-09 14:13:00,1395.00,1396.30,1394.90,1396.30,2870
2026-09-09 14:14:00,1396.40,1396.60,1395.50,1396.60,3482
2026-09-09 14:15:00,1396.60,1396.60,1395.90,1396.10,1039
2026-09-09 14:16:00,1396.10,1396.50,1396.00,1396.50,1045
2026-09-09 14:17:00,1396.30,1396.50,1396.10,1396.40,1092
2026-09-09 14:18:00,1396.40,1396.40,1395.70,1396.20,1544
2026-09-09 14:19:00,1396.20,1396.40,1396.00,1396.20,1271
2026-09-09 14:20:00,1396.30,1396.30,1395.70,1396.30,1287
2026-09-09 14:21:00,1396.40,1396.50,1396.30,1396.40,853
2026-09-09 14:22:00,1396.40,1396.50,1396.30,1396.50,826
2026-09-09 14:23:00,1396.50,1396.80,1396.40,1396.60,3154
2026-09-09 14:24:00,1396.60,1396.60,1396.20,1396.30,1918
2026-09-09 14:25:00,1396.30,1396.50,1396.20,1396.50,537
2026-09-09 14:26:00,1396.60,1396.70,1396.50,1396.50,974
2026-09-09 14:27:00,1396.60,1396.70,1396.50,1396.70,1245
2026-09-09 14:28:00,1396.70,1397.00,1396.60,1397.00,1934
2026-09-09 14:29:00,1396.50,1396.80,1396.20,1396.80,2401
2026-09-09 14:30:00,1396.60,1396.80,1396.30,1396.70,2495
2026-09-09 14:31:00,1396.70,1396.70,1396.30,1396.60,2842
2026-09-09 14:32:00,1396.60,1396.60,1396.50,1396.60,651
2026-09-09 14:33:00,1396.50,1397.00,1396.00,1396.40,4177
2026-09-09 14:34:00,1396.40,1396.80,1396.30,1396.80,758
2026-09-09 14:35:00,1396.80,1396.80,1396.60,1396.80,605
2026-09-09 14:36:00,1396.70,1397.10,1396.70,1397.10,1514
2026-09-09 14:37:00,1397.10,1397.10,1396.40,1396.40,4620
2026-09-09 14:38:00,1396.40,1396.40,1395.00,1395.40,1587
2026-09-09 14:39:00,1395.40,1396.40,1395.00,1395.80,5711
2026-09-09 14:40:00,1395.80,1396.00,1395.60,1396.00,1613
2026-09-09 14:41:00,1396.00,1396.00,1395.00,1395.20,3631
2026-09-09 14:42:00,1395.30,1395.30,1395.20,1395.30,580
2026-09-09 14:43:00,1395.30,1395.30,1395.20,1395.20,632
2026-09-09 14:44:00,1395.20,1395.20,1394.30,1395.10,6535
2026-09-09 14:45:00,1395.10,1395.10,1394.10,1394.20,6420
2026-09-09 14:46:00,1394.80,1394.80,1394.30,1394.70,1344
2026-09-09 14:47:00,1394.10,1394.30,1393.60,1394.30,6710
2026-09-09 14:48:00,1394.30,1395.30,1394.20,1395.00,2425
2026-09-09 14:49:00,1395.00,1395.00,1394.40,1394.40,3319
2026-09-09 14:50:00,1394.50,1394.60,1394.40,1394.60,2137
2026-09-09 14:51:00,1394.60,1394.70,1394.50,1394.70,1373
2026-09-09 14:52:00,1394.70,1394.80,1394.60,1394.80,1661
2026-09-09 14:53:00,1394.80,1395.00,1394.10,1394.90,10427
2026-09-09 14:54:00,1394.80,1395.30,1394.80,1395.30,1389
2026-09-09 14:55:00,1395.30,1395.30,1394.60,1394.90,3582
2026-09-09 14:56:00,1394.50,1395.10,1394.50,1395.10,4831
2026-09-09 14:57:00,1395.10,1395.10,1394.80,1395.10,1959
2026-09-09 14:58:00,1395.10,1395.40,1395.00,1395.40,5048
2026-09-09 14:59:00,1395.40,1395.40,1395.10,1395.20,4461
2026-09-09 15:00:00,1395.40,1395.40,1395.00,1395.10,1972
2026-09-09 15:01:00,1395.10,1395.20,1394.00,1394.00,12362
2026-09-09 15:02:00,1394.00,1394.00,1393.60,1393.80,1128
2026-09-09 15:03:00,1393.80,1393.80,1393.70,1393.80,1570
2026-09-09 15:04:00,1393.80,1393.80,1392.60,1392.60,10527
2026-09-09 15:05:00,1392.60,1392.60,1391.00,1391.00,14382
2026-09-09 15:06:00,1391.90,1392.00,1391.30,1392.00,1625
2026-09-09 15:07:00,1392.30,1392.60,1391.90,1392.00,5482
2026-09-09 15:08:00,1392.00,1392.20,1391.90,1392.20,3365
2026-09-09 15:09:00,1392.20,1392.50,1392.10,1392.50,3966
2026-09-09 15:10:00,1392.40,1392.50,1392.40,1392.50,6135
2026-09-09 15:11:00,1392.50,1392.50,1392.10,1392.20,7100
2026-09-09 15:12:00,1392.20,1392.20,1390.40,1391.50,14006
2026-09-09 15:13:00,1391.50,1393.50,1391.50,1393.50,3182
2026-09-09 15:14:00,1393.40,1396.00,1393.40,1395.00,4118
2026-09-09 15:15:00,1395.90,1395.90,1395.90,1395.90,530
2026-09-09 15:16:00,1395.90,1395.90,1395.90,1395.90,0
2026-09-09 15:17:00,1395.90,1395.90,1395.90,1395.90,0
2026-09-09 15:18:00,1395.90,1395.90,1395.90,1395.90,0
2026-09-09 15:19:00,1395.90,1395.90,1395.90,1395.90,0
2026-09-09 15:20:00,1395.90,1395.90,1395.90,1395.90,0
2026-09-09 15:21:00,1395.90,1395.90,1395.90,1395.90,0
2026-09-09 15:22:00,1395.90,1395.90,1395.90,1395.90,0
2026-09-09 15:23:00,1395.90,1395.90,1395.90,1395.90,0
2026-09-09 15:24:00,1395.90,1395.90,1395.90,1395.90,0
2026-09-09 15:25:00,1395.90,1395.90,1395.90,1395.90,0
2026-09-09 15:26:00,1395.90,1395.90,1395.90,1395.90,0
2026-09-09 15:27:00,1395.90,1395.90,1395.90,1395.90,0
2026-09-09 15:28:00,1395.90,1395.90,1393.00,1393.00,57512
2026-09-09 15:29:00,1393.00,1393.00,1393.00,1393.00,0
2026-09-10 09:15:00,1396.80,1402.80,1394.10,1400.40,11100
2026-09-10 09:16:00,1398.40,1399.60,1396.80,1397.40,5538
2026-09-10 09:17:00,1397.30,1398.30,1395.70,1396.00,5033
2026-09-10 09:18:00,1396.00,1396.00,1393.90,1393.90,1251
2026-09-10 09:19:00,1394.20,1394.70,1393.40,1394.00,919
2026-09-10 09:20:00,1393.90,1395.50,1393.50,1395.50,1676
2026-09-10 09:21:00,1395.60,1396.00,1395.00,1395.60,654
2026-09-10 09:22:00,1395.60,1395.60,1392.40,1392.40,1603
2026-09-10 09:23:00,1392.40,1393.40,1391.90,1392.50,708
2026-09-10 09:24:00,1392.70,1392.80,1391.40,1392.40,221
2026-09-10 09:25:00,1392.40,1393.00,1392.00,1392.60,739
2026-09-10 09:26:00,1392.60,1393.80,1392.60,1393.80,368
2026-09-10 09:27:00,1393.80,1394.70,1393.70,1394.50,683
2026-09-10 09:28:00,1394.50,1395.30,1394.50,1395.00,337
2026-09-10 09:29:00,1394.90,1395.10,1394.10,1394.10,541
2026-09-10 09:30:00,1394.50,1394.50,1393.10,1393.40,1090
2026-09-10 09:31:00,1393.30,1396.20,1393.30,1394.80,1004
2026-09-10 09:32:00,1394.80,1395.50,1394.70,1395.50,1091
2026-09-10 09:33:00,1395.40,1396.70,1394.60,1396.70,973
2026-09-10 09:34:00,1396.70,1396.80,1396.50,1396.60,768
2026-09-10 09:35:00,1396.60,1396.70,1396.10,1396.10,221
2026-09-10 09:36:00,1396.60,1396.60,1396.50,1396.50,132
2026-09-10 09:37:00,1396.50,1396.50,1396.20,1396.50,105
2026-09-10 09:38:00,1396.50,1396.50,1395.60,1395.90,1502
2026-09-10 09:39:00,1395.90,1395.90,1395.80,1395.90,75
2026-09-10 09:40:00,1395.90,1396.60,1395.50,1396.00,2959
2026-09-10 09:41:00,1396.00,1396.00,1395.00,1395.40,141
2026-09-10 09:42:00,1395.30,1395.60,1395.20,1395.60,333
2026-09-10 09:43:00,1395.60,1396.10,1395.60,1396.10,298
2026-09-10 09:44:00,1396.10,1396.40,1395.30,1395.60,1166
2026-09-10 09:45:00,1396.20,1396.50,1395.90,1396.50,1251
2026-09-10 09:46:00,1396.50,1396.50,1396.10,1396.50,380
2026-09-10 09:47:00,1396.50,1396.50,1396.10,1396.50,192
2026-09-10 09:48:00,1396.50,1396.50,1394.50,1394.70,2388
2026-09-10 09:49:00,1394.70,1394.70,1392.00,1392.00,3857
2026-09-10 09:50:00,1392.00,1392.40,1391.70,1391.80,1044
2026-09-10 09:51:00,1391.90,1393.20,1391.90,1392.80,474
2026-09-10 09:52:00,1393.20,1393.70,1392.30,1393.20,902
2026-09-10 09:53:00,1392.70,1393.20,1392.60,1392.60,142
2026-09-10 09:54:00,1393.00,1393.00,1392.40,1392.40,408
2026-09-10 09:55:00,1392.90,1394.10,1392.30,1393.70,816
2026-09-10 09:56:00,1393.90,1394.50,1392.90,1393.80,848
2026-09-10 09:57:00,1393.10,1394.20,1393.10,1393.80,1147
2026-09-10 09:58:00,1393.10,1393.70,1393.10,1393.10,218
2026-09-10 09:59:00,1393.10,1393.40,1392.20,1392.30,978
2026-09-10 10:00:00,1392.80,1392.80,1392.10,1392.20,644
2026-09-10 10:01:00,1392.10,1392.20,1391.70,1392.00,473
2026-09-10 10:02:00,1392.00,1392.00,1390.20,1390.20,1454
2026-09-10 10:03:00,1390.30,1392.00,1390.10,1391.90,4609
2026-09-10 10:04:00,1391.90,1392.00,1391.10,1391.80,5658
2026-09-10 10:05:00,1392.00,1394.40,1391.90,1394.40,2550
2026-09-10 10:06:00,1394.30,1394.30,1393.50,1393.90,786
2026-09-10 10:07:00,1393.90,1394.80,1393.90,1394.60,2693
2026-09-10 10:08:00,1394.80,1395.00,1394.30,1394.50,1252
2026-09-10 10:09:00,1394.90,1395.00,1394.60,1394.90,387
2026-09-10 10:10:00,1395.00,1395.90,1394.60,1394.60,4139
2026-09-10 10:11:00,1395.00,1395.30,1393.80,1394.00,829
2026-09-10 10:12:00,1394.60,1394.80,1393.40,1393.50,459
2026-09-10 10:13:00,1393.70,1394.00,1393.60,1393.80,86
2026-09-10 10:14:00,1393.80,1394.20,1393.60,1394.10,539
2026-09-10 10:15:00,1394.20,1394.50,1393.90,1393.90,868
2026-09-10 10:16:00,1394.30,1394.50,1393.70,1394.10,476
2026-09-10 10:17:00,1394.10,1394.40,1393.90,1394.30,106
2026-09-10 10:18:00,1394.40,1394.50,1394.20,1394.50,367
2026-09-10 10:19:00,1394.50,1394.50,1393.70,1393.80,496
2026-09-10 10:20:00,1393.70,1393.90,1392.80,1393.00,910
2026-09-10 10:21:00,1393.40,1393.40,1393.10,1393.20,228
2026-09-10 10:22:00,1393.30,1393.30,1392.60,1392.90,141
2026-09-10 10:23:00,1392.90,1393.00,1392.40,1392.90,412
2026-09-10 10:24:00,1393.00,1393.00,1392.70,1392.90,288
2026-09-10 10:25:00,1393.00,1393.00,1391.70,1392.00,580
2026-09-10 10:26:00,1392.30,1392.50,1392.10,1392.30,245
2026-09-10 10:27:00,1392.50,1392.50,1392.00,1392.00,218
2026-09-10 10:28:00,1392.00,1392.40,1392.00,1392.20,308
2026-09-10 10:29:00,1391.60,1392.30,1391.20,1391.80,1140
2026-09-10 10:30:00,1391.90,1392.00,1389.30,1389.90,4390
2026-09-10 10:31:00,1390.00,1390.00,1389.90,1389.90,862
2026-09-10 10:32:00,1390.00,1390.00,1389.90,1390.00,851
2026-09-10 10:33:00,1389.90,1390.00,1389.90,1389.90,1612
2026-09-10 10:34:00,1389.90,1390.20,1389.90,1389.90,4113
2026-09-10 10:35:00,1390.00,1390.00,1389.90,1390.00,2515
2026-09-10 10:36:00,1390.00,1390.00,1389.90,1389.90,1057
2026-09-10 10:37:00,1389.90,1390.00,1389.90,1389.90,92
2026-09-10 10:38:00,1390.00,1390.00,1389.90,1389.90,1909
2026-09-10 10:39:00,1390.00,1390.00,1389.90,1389.90,578
2026-09-10 10:40:00,1390.00,1390.00,1389.90,1389.90,9210
2026-09-10 10:41:00,1389.90,1390.00,1389.90,1389.90,507
2026-09-10 10:42:00,1390.00,1390.80,1389.90,1390.30,8779
2026-09-10 10:43:00,1390.00,1390.70,1389.90,1390.00,19511
2026-09-10 10:44:00,1390.00,1390.50,1389.90,1390.00,7826
2026-09-10 10:45:00,1390.00,1390.00,1389.90,1390.00,1183
2026-09-10 10:46:00,1390.00,1390.00,1389.80,1389.90,1144
2026-09-10 10:47:00,1390.00,1390.00,1389.90,1390.00,373
2026-09-10 10:48:00,1390.00,1390.00,1388.40,1389.90,3561
2026-09-10 10:49:00,1389.80,1389.90,1389.10,1389.60,1621
2026-09-10 10:50:00,1389.60,1389.60,1389.10,1389.10,333
2026-09-10 10:51:00,1389.50,1389.60,1389.00,1389.30,293
2026-09-10 10:52:00,1389.30,1389.40,1389.10,1389.10,190
2026-09-10 10:53:00,1389.10,1389.20,1388.80,1389.00,791
2026-09-10 10:54:00,1388.70,1389.00,1387.80,1388.40,2461
2026-09-10 10:55:00,1388.90,1388.90,1388.40,1388.80,205
2026-09-10 10:56:00,1388.80,1389.00,1388.70,1388.70,295
2026-09-10 10:57:00,1388.80,1388.80,1388.40,1388.80,713
2026-09-10 10:58:00,1388.70,1388.80,1388.40,1388.40,286
2026-09-10 10:59:00,1388.70,1389.00,1388.40,1389.00,465
2026-09-10 11:00:00,1389.00,1389.00,1388.60,1388.60,310
2026-09-10 11:01:00,1389.00,1389.00,1386.20,1386.40,2658
2026-09-10 11:02:00,1386.50,1386.80,1386.10,1386.80,1862
2026-09-10 11:03:00,1386.70,1386.80,1386.70,1386.70,160
2026-09-10 11:04:00,1386.80,1387.20,1386.80,1387.00,476
2026-09-10 11:05:00,1387.20,1387.20,1386.60,1386.60,359
2026-09-10 11:06:00,1387.00,1387.10,1386.60,1387.10,501
2026-09-10 11:07:00,1387.20,1387.30,1386.80,1387.00,680
2026-09-10 11:08:00,1386.90,1386.90,1386.60,1386.80,315
2026-09-10 11:09:00,1386.80,1386.90,1386.30,1386.70,380
2026-09-10 11:10:00,1386.70,1386.80,1386.50,1386.50,32
2026-09-10 11:11:00,1386.60,1386.60,1386.20,1386.50,59
2026-09-10 11:12:00,1386.50,1387.00,1386.00,1387.00,3308
2026-09-10 11:13:00,1387.00,1387.10,1386.40,1387.10,131
2026-09-10 11:14:00,1387.10,1387.70,1387.10,1387.60,1003
2026-09-10 11:15:00,1387.60,1388.00,1387.00,1387.40,1556
2026-09-10 11:16:00,1387.40,1387.60,1387.40,1387.40,65
2026-09-10 11:17:00,1387.60,1387.60,1387.10,1387.50,452
2026-09-10 11:18:00,1387.50,1387.50,1387.10,1387.20,230
2026-09-10 11:19:00,1387.60,1387.60,1387.10,1387.50,224
2026-09-10 11:20:00,1387.50,1387.70,1387.00,1387.70,1604
2026-09-10 11:21:00,1387.50,1387.50,1387.10,1387.40,150
2026-09-10 11:22:00,1387.30,1387.40,1387.10,1387.40,448
2026-09-10 11:23:00,1387.30,1387.60,1387.00,1387.10,140
2026-09-10 11:24:00,1387.60,1387.60,1387.10,1387.10,657
2026-09-10 11:25:00,1387.10,1387.30,1387.00,1387.30,110
2026-09-10 11:26:00,1387.30,1387.30,1387.00,1387.20,222
2026-09-10 11:27:00,1387.20,1387.20,1386.20,1386.20,1966
2026-09-10 11:28:00,1386.60,1386.70,1386.30,1386.40,340
2026-09-10 11:29:00,1386.60,1386.60,1386.20,1386.60,137
2026-09-10 11:30:00,1386.60,1387.00,1386.50,1387.00,365
2026-09-10 11:31:00,1387.00,1387.00,1386.60,1386.90,126
2026-09-10 11:32:00,1386.90,1387.00,1386.00,1386.00,725
2026-09-10 11:33:00,1386.40,1386.50,1386.00,1386.30,704
2026-09-10 11:34:00,1386.30,1386.40,1385.40,1385.60,915
2026-09-10 11:35:00,1386.10,1386.10,1385.40,1385.40,322
2026-09-10 11:36:00,1385.90,1386.00,1385.20,1385.30,353
2026-09-10 11:37:00,1385.90,1385.90,1385.30,1385.80,414
2026-09-10 11:38:00,1385.80,1386.00,1385.30,1385.40,554
2026-09-10 11:39:00,1385.80,1385.80,1385.40,1385.80,56
2026-09-10 11:40:00,1385.30,1385.80,1385.30,1385.80,351
2026-09-10 11:41:00,1385.80,1385.80,1385.30,1385.30,362
2026-09-10 11:42:00,1385.80,1385.80,1385.30,1385.80,698
2026-09-10 11:43:00,1385.80,1386.00,1385.30,1386.00,817
2026-09-10 11:44:00,1386.00,1386.00,1385.40,1385.60,401
2026-09-10 11:45:00,1385.60,1386.10,1385.50,1386.10,756
2026-09-10 11:46:00,1386.10,1386.20,1385.80,1386.20,163
2026-09-10 11:47:00,1385.80,1386.20,1385.80,1385.80,52
2026-09-10 11:48:00,1386.20,1386.40,1385.80,1386.30,480
2026-09-10 11:49:00,1386.40,1386.80,1386.30,1386.30,270
2026-09-10 11:50:00,1386.30,1386.80,1386.30,1386.70,1532
2026-09-10 11:51:00,1386.90,1387.00,1386.30,1386.40,222
2026-09-10 11:52:00,1387.00,1387.00,1386.40,1386.90,441
2026-09-10 11:53:00,1386.50,1387.00,1386.50,1386.90,134
2026-09-10 11:54:00,1387.00,1387.00,1386.40,1387.00,654
2026-09-10 11:55:00,1387.00,1387.00,1386.50,1386.60,375
2026-09-10 11:56:00,1386.90,1386.90,1386.50,1386.50,179
2026-09-10 11:57:00,1386.80,1386.80,1386.50,1386.50,132
2026-09-10 11:58:00,1386.80,1386.80,1386.20,1386.70,535
2026-09-10 11:59:00,1386.60,1386.60,1386.10,1386.50,400
2026-09-10 12:00:00,1386.50,1386.50,1386.10,1386.10,251
2026-09-10 12:01:00,1386.40,1386.50,1386.10,1386.40,804
2026-09-10 12:02:00,1386.40,1386.40,1386.10,1386.40,359
2026-09-10 12:03:00,1386.40,1386.70,1386.30,1386.40,634
2026-09-10 12:04:00,1386.70,1386.90,1386.40,1386.90,352
2026-09-10 12:05:00,1386.90,1387.30,1386.60,1387.10,958
2026-09-10 12:06:00,1386.90,1387.30,1386.60,1387.00,416
2026-09-10 12:07:00,1386.80,1387.20,1386.70,1386.80,436
2026-09-10 12:08:00,1386.90,1387.00,1386.50,1386.80,332
2026-09-10 12:09:00,1386.90,1387.00,1386.50,1386.70,169
2026-09-10 12:10:00,1386.90,1386.90,1386.50,1386.90,251
2026-09-10 12:11:00,1387.00,1387.10,1386.70,1387.10,319
2026-09-10 12:12:00,1387.10,1387.10,1386.70,1386.80,388
2026-09-10 12:13:00,1387.00,1387.10,1386.80,1387.00,466
2026-09-10 12:14:00,1387.10,1387.10,1386.70,1387.00,457
2026-09-10 12:15:00,1387.30,1387.30,1386.70,1387.20,298
2026-09-10 12:16:00,1387.00,1387.20,1386.70,1387.20,324
2026-09-10 12:17:00,1387.20,1387.20,1386.90,1387.00,276
2026-09-10 12:18:00,1387.20,1387.20,1386.80,1386.80,455
2026-09-10 12:19:00,1387.20,1387.20,1386.80,1387.00,655
2026-09-10 12:20:00,1387.10,1387.20,1386.80,1386.80,426
2026-09-10 12:21:00,1387.20,1387.30,1386.60,1386.60,452
2026-09-10 12:22:00,1386.90,1387.30,1386.60,1386.60,827
2026-09-10 12:23:00,1387.00,1387.20,1386.90,1386.90,370
2026-09-10 12:24:00,1387.10,1387.20,1386.70,1387.00,557
2026-09-10 12:25:00,1387.20,1387.40,1387.20,1387.40,706
2026-09-10 12:26:00,1387.30,1387.40,1387.30,1387.40,575
2026-09-10 12:27:00,1387.40,1387.40,1387.30,1387.40,322
2026-09-10 12:28:00,1387.40,1387.40,1387.30,1387.40,255
2026-09-10 12:29:00,1387.40,1387.40,1387.20,1387.30,239
2026-09-10 12:30:00,1387.30,1387.50,1387.20,1387.50,254
2026-09-10 12:31:00,1387.50,1387.50,1387.20,1387.20,357
2026-09-10 12:32:00,1387.50,1387.50,1387.20,1387.50,75
2026-09-10 12:33:00,1387.50,1387.50,1387.30,1387.40,92
2026-09-10 12:34:00,1387.50,1387.70,1387.10,1387.10,404
2026-09-10 12:35:00,1387.10,1387.10,1387.10,1387.10,295
2026-09-10 12:36:00,1387.10,1387.10,1387.00,1387.10,269
2026-09-10 12:37:00,1387.30,1387.40,1383.80,1384.70,21125
2026-09-10 12:38:00,1384.70,1385.00,1384.50,1384.50,1921
2026-09-10 12:39:00,1384.70,1385.00,1384.50,1385.00,1048
2026-09-10 12:40:00,1384.90,1385.20,1384.40,1384.40,2722
2026-09-10 12:41:00,1384.50,1384.70,1384.00,1384.00,425
2026-09-10 12:42:00,1384.50,1384.50,1383.50,1383.90,1324
2026-09-10 12:43:00,1384.00,1384.60,1384.00,1384.50,737
2026-09-10 12:44:00,1384.50,1384.50,1384.20,1384.20,265
2026-09-10 12:45:00,1384.50,1384.60,1384.30,1384.60,625
2026-09-10 12:46:00,1384.60,1384.70,1382.10,1382.70,6817
2026-09-10 12:47:00,1382.70,1382.90,1382.70,1382.90,1298
2026-09-10 12:48:00,1382.90,1383.30,1382.80,1383.30,410
2026-09-10 12:49:00,1383.40,1383.50,1382.90,1382.90,2970
2026-09-10 12:50:00,1383.40,1383.90,1383.30,1383.90,560
2026-09-10 12:51:00,1383.90,1384.10,1383.50,1383.90,706
2026-09-10 12:52:00,1384.10,1384.20,1383.00,1383.60,1981
2026-09-10 12:53:00,1383.50,1383.50,1383.10,1383.10,276
2026-09-10 12:54:00,1383.50,1383.50,1383.10,1383.30,480
2026-09-10 12:55:00,1383.40,1383.50,1383.20,1383.20,1094
2026-09-10 12:56:00,1383.40,1383.80,1383.20,1383.20,598
2026-09-10 12:57:00,1383.70,1383.80,1383.20,1383.20,1640
2026-09-10 12:58:00,1383.80,1383.80,1383.20,1383.40,226
2026-09-10 12:59:00,1383.60,1383.60,1383.20,1383.20,3329
2026-09-10 13:00:00,1383.20,1383.60,1383.20,1383.20,611
2026-09-10 13:01:00,1383.50,1383.50,1383.20,1383.20,187
2026-09-10 13:02:00,1383.50,1384.50,1383.20,1384.40,2743
2026-09-10 13:03:00,1384.30,1384.50,1384.00,1384.40,700
2026-09-10 13:04:00,1384.50,1384.50,1384.00,1384.50,538
2026-09-10 13:05:00,1384.40,1384.50,1383.50,1383.70,4138
2026-09-10 13:06:00,1383.90,1383.90,1383.20,1383.90,648
2026-09-10 13:07:00,1383.90,1383.90,1383.60,1383.90,81
2026-09-10 13:08:00,1383.90,1384.00,1383.90,1384.00,757
2026-09-10 13:09:00,1383.90,1384.30,1383.90,1384.10,1024
2026-09-10 13:10:00,1384.30,1384.30,1384.10,1384.30,218
2026-09-10 13:11:00,1384.60,1385.20,1384.60,1384.70,1566
2026-09-10 13:12:00,1385.10,1385.40,1384.70,1385.10,450
2026-09-10 13:13:00,1385.10,1385.20,1384.70,1384.70,1585
2026-09-10 13:14:00,1385.20,1385.30,1384.70,1385.00,423
2026-09-10 13:15:00,1385.00,1386.30,1383.50,1383.70,6735
2026-09-10 13:16:00,1384.20,1384.20,1383.90,1383.90,102
2026-09-10 13:17:00,1384.20,1384.70,1384.10,1384.60,330
2026-09-10 13:18:00,1384.80,1384.80,1384.40,1384.80,133
2026-09-10 13:19:00,1384.80,1384.90,1384.10,1384.20,3438
2026-09-10 13:20:00,1384.20,1384.30,1383.90,1384.30,233
2026-09-10 13:21:00,1384.30,1384.30,1384.00,1384.30,179
2026-09-10 13:22:00,1384.40,1384.40,1384.00,1384.30,356
2026-09-10 13:23:00,1384.30,1384.50,1384.10,1384.10,565
2026-09-10 13:24:00,1384.50,1384.50,1384.50,1384.50,256
2026-09-10 13:25:00,1384.50,1384.50,1384.10,1384.40,403
2026-09-10 13:26:00,1384.60,1384.80,1384.60,1384.60,2561
2026-09-10 13:27:00,1384.70,1385.00,1384.70,1384.90,820
2026-09-10 13:28:00,1384.70,1384.70,1384.20,1384.50,706
2026-09-10 13:29:00,1384.50,1384.50,1384.30,1384.40,232
2026-09-10 13:30:00,1384.40,1384.50,1384.30,1384.30,604
2026-09-10 13:31:00,1384.50,1384.50,1384.30,1384.50,154
2026-09-10 13:32:00,1384.40,1384.50,1384.00,1384.00,1212
2026-09-10 13:33:00,1384.20,1384.20,1383.10,1383.50,1421
2026-09-10 13:34:00,1383.10,1383.50,1382.40,1383.00,1701
2026-09-10 13:35:00,1383.00,1383.70,1382.70,1383.70,2400
2026-09-10 13:36:00,1383.70,1384.10,1383.50,1383.70,339
2026-09-10 13:37:00,1384.10,1384.10,1383.70,1384.00,77
2026-09-10 13:38:00,1384.10,1384.50,1383.90,1384.10,1089
2026-09-10 13:39:00,1384.50,1384.60,1384.30,1384.30,164
2026-09-10 13:40:00,1384.20,1384.50,1383.70,1384.50,3558
2026-09-10 13:41:00,1384.50,1384.70,1384.10,1384.40,1074
2026-09-10 13:42:00,1384.70,1384.70,1384.10,1384.40,1006
2026-09-10 13:43:00,1384.40,1384.40,1384.10,1384.40,139
2026-09-10 13:44:00,1384.40,1384.40,1384.10,1384.40,797
2026-09-10 13:45:00,1384.40,1384.40,1384.00,1384.00,1063
2026-09-10 13:46:00,1384.00,1384.00,1383.30,1383.60,904
2026-09-10 13:47:00,1383.80,1383.90,1383.70,1383.80,392
2026-09-10 13:48:00,1383.90,1383.90,1383.50,1383.80,568
2026-09-10 13:49:00,1383.80,1383.80,1383.50,1383.50,453
2026-09-10 13:50:00,1383.80,1383.80,1383.50,1383.70,882
2026-09-10 13:51:00,1383.70,1383.70,1383.50,1383.50,583
2026-09-10 13:52:00,1383.70,1383.70,1383.50,1383.60,1005
2026-09-10 13:53:00,1383.60,1383.60,1383.00,1383.10,1119
2026-09-10 13:54:00,1383.50,1383.50,1383.10,1383.10,275
2026-09-10 13:55:00,1383.60,1383.60,1383.20,1383.50,266
2026-09-10 13:56:00,1383.20,1383.50,1383.20,1383.20,772
2026-09-10 13:57:00,1383.40,1383.40,1383.20,1383.30,442
2026-09-10 13:58:00,1383.30,1383.30,1382.90,1382.90,1752
2026-09-10 13:59:00,1382.80,1383.00,1382.50,1382.80,279
2026-09-10 14:00:00,1383.00,1383.00,1382.60,1382.90,1223
2026-09-10 14:01:00,1382.90,1382.90,1382.80,1382.90,158
2026-09-10 14:02:00,1383.10,1384.40,1383.00,1384.10,2300
2026-09-10 14:03:00,1383.80,1383.80,1383.40,1383.40,572
2026-09-10 14:04:00,1383.40,1383.40,1383.10,1383.10,468
2026-09-10 14:05:00,1383.10,1383.30,1382.80,1382.90,724
2026-09-10 14:06:00,1382.90,1382.90,1382.60,1382.60,483
2026-09-10 14:07:00,1382.80,1382.80,1382.60,1382.80,399
2026-09-10 14:08:00,1382.80,1383.10,1382.60,1383.10,2476
2026-09-10 14:09:00,1382.80,1383.40,1382.80,1383.40,598
2026-09-10 14:10:00,1383.30,1383.60,1383.30,1383.30,576
2026-09-10 14:11:00,1383.60,1383.60,1382.90,1382.90,1232
2026-09-10 14:12:00,1383.30,1383.30,1382.10,1382.10,1167
2026-09-10 14:13:00,1382.10,1382.70,1381.60,1382.00,1504
2026-09-10 14:14:00,1381.60,1382.00,1381.60,1381.80,322
2026-09-10 14:15:00,1381.70,1382.00,1381.70,1381.70,895
2026-09-10 14:16:00,1381.90,1382.30,1381.70,1382.30,793
2026-09-10 14:17:00,1382.30,1382.30,1382.00,1382.30,901
2026-09-10 14:18:00,1382.30,1382.30,1382.10,1382.10,741
2026-09-10 14:19:00,1382.10,1382.30,1382.10,1382.30,195
2026-09-10 14:20:00,1382.40,1383.60,1382.40,1383.40,1121
2026-09-10 14:21:00,1383.60,1384.00,1383.30,1384.00,2001
2026-09-10 14:22:00,1383.80,1384.00,1383.40,1383.40,3335
2026-09-10 14:23:00,1383.00,1383.50,1383.00,1383.40,574
2026-09-10 14:24:00,1383.60,1383.60,1383.30,1383.60,790
2026-09-10 14:25:00,1383.60,1383.80,1383.40,1383.80,722
2026-09-10 14:26:00,1383.50,1383.70,1382.90,1382.90,1267
2026-09-10 14:27:00,1382.80,1383.30,1382.80,1383.20,187
2026-09-10 14:28:00,1383.20,1383.30,1382.60,1382.80,921
2026-09-10 14:29:00,1382.60,1382.80,1382.20,1382.20,1119
2026-09-10 14:30:00,1382.10,1382.40,1381.80,1382.40,465
2026-09-10 14:31:00,1382.40,1382.40,1381.60,1381.90,1348
2026-09-10 14:32:00,1381.60,1381.90,1381.60,1381.90,377
2026-09-10 14:33:00,1381.80,1381.90,1381.70,1381.90,688
2026-09-10 14:34:00,1381.90,1381.90,1381.50,1381.70,971
2026-09-10 14:35:00,1381.90,1381.90,1381.70,1381.90,327
2026-09-10 14:36:00,1381.90,1381.90,1381.70,1381.70,412
2026-09-10 14:37:00,1381.70,1381.80,1381.50,1381.50,2116
2026-09-10 14:38:00,1381.60,1381.60,1381.50,1381.50,1036
2026-09-10 14:39:00,1381.40,1381.50,1381.30,1381.40,1022
2026-09-10 14:40:00,1381.30,1381.40,1381.30,1381.40,822
2026-09-10 14:41:00,1381.40,1381.40,1381.30,1381.40,347
2026-09-10 14:42:00,1381.30,1381.50,1381.30,1381.50,817
2026-09-10 14:43:00,1381.30,1381.50,1381.30,1381.40,993
2026-09-10 14:44:00,1381.50,1381.80,1381.40,1381.70,1044
2026-09-10 14:45:00,1381.80,1381.80,1381.70,1381.80,1865
2026-09-10 14:46:00,1381.70,1381.90,1381.70,1381.90,94
2026-09-10 14:47:00,1381.80,1381.80,1381.70,1381.70,967
2026-09-10 14:48:00,1381.80,1381.80,1381.70,1381.70,1042
2026-09-10 14:49:00,1381.70,1381.80,1381.70,1381.80,1153
2026-09-10 14:50:00,1381.80,1382.20,1381.60,1381.90,3511
2026-09-10 14:51:00,1381.60,1381.90,1381.60,1381.90,382
2026-09-10 14:52:00,1381.70,1382.00,1381.70,1382.00,741
2026-09-10 14:53:00,1382.10,1382.30,1382.00,1382.20,1126
2026-09-10 14:54:00,1382.30,1382.30,1382.00,1382.00,1597
2026-09-10 14:55:00,1382.30,1382.30,1381.40,1381.40,3420
2026-09-10 14:56:00,1381.50,1381.80,1381.00,1381.50,1740
2026-09-10 14:57:00,1381.80,1381.90,1381.40,1381.40,3869
2026-09-10 14:58:00,1381.40,1381.80,1381.20,1381.20,343
2026-09-10 14:59:00,1381.00,1381.40,1380.80,1380.90,2407
2026-09-10 15:00:00,1380.90,1381.40,1379.60,1380.00,10027
2026-09-10 15:01:00,1379.90,1380.10,1379.70,1380.00,2888
2026-09-10 15:02:00,1380.00,1380.30,1380.00,1380.00,4207
2026-09-10 15:03:00,1379.50,1383.00,1378.90,1383.00,7210
2026-09-10 15:04:00,1383.70,1383.70,1381.50,1382.10,5953
2026-09-10 15:05:00,1382.10,1382.70,1381.60,1382.60,6397
2026-09-10 15:06:00,1382.30,1383.50,1382.30,1382.90,2290
2026-09-10 15:07:00,1382.90,1384.10,1382.90,1383.70,10077
2026-09-10 15:08:00,1383.70,1383.70,1382.60,1382.60,3095
2026-09-10 15:09:00,1382.50,1382.90,1382.10,1382.90,5569
2026-09-10 15:10:00,1382.90,1382.90,1382.80,1382.90,6975
2026-09-10 15:11:00,1382.80,1383.70,1382.80,1383.20,11544
2026-09-10 15:12:00,1383.20,1383.20,1379.00,1379.40,15072
2026-09-10 15:13:00,1379.40,1380.50,1378.00,1379.70,8012
2026-09-10 15:14:00,1379.60,1380.50,1377.70,1377.70,6992
2026-09-10 15:15:00,1380.50,1380.50,1380.50,1380.50,1
2026-09-10 15:16:00,1380.50,1380.50,1380.50,1380.50,0
2026-09-10 15:17:00,1380.50,1380.50,1380.50,1380.50,0
2026-09-10 15:18:00,1380.50,1380.50,1380.50,1380.50,0
2026-09-10 15:19:00,1380.50,1380.50,1380.50,1380.50,0
2026-09-10 15:20:00,1380.50,1380.50,1380.50,1380.50,0
2026-09-10 15:21:00,1380.50,1380.50,1380.50,1380.50,0
2026-09-10 15:22:00,1380.50,1380.50,1380.50,1380.50,0
2026-09-10 15:23:00,1380.50,1380.50,1380.50,1380.50,0
2026-09-10 15:24:00,1380.50,1380.50,1380.50,1380.50,0
2026-09-10 15:25:00,1380.50,1380.50,1380.50,1380.50,0
2026-09-10 15:26:00,1380.50,1380.50,1380.50,1380.50,0
2026-09-10 15:27:00,1380.50,1380.50,1380.50,1380.50,0
2026-09-10 15:28:00,1380.50,1380.50,1380.50,1380.50,0
2026-09-10 15:29:00,1380.50,1386.20,1380.50,1386.20,64477
2026-09-11 09:15:00,1376.70,1378.50,1373.50,1374.50,21029
2026-09-11 09:16:00,1374.60,1381.10,1374.60,1379.40,11760
2026-09-11 09:17:00,1379.90,1385.60,1379.90,1383.90,12879
2026-09-11 09:18:00,1383.90,1384.70,1383.50,1383.50,2493
2026-09-11 09:19:00,1383.50,1383.70,1382.20,1382.30,6094
2026-09-11 09:20:00,1382.30,1382.30,1381.30,1382.30,1145
2026-09-11 09:21:00,1381.10,1381.30,1379.50,1379.60,4984
2026-09-11 09:22:00,1379.60,1380.20,1378.90,1380.10,2446
2026-09-11 09:23:00,1379.70,1380.30,1377.20,1378.20,6216
2026-09-11 09:24:00,1378.50,1379.10,1378.00,1379.10,1589
2026-09-11 09:25:00,1379.10,1379.70,1379.00,1379.00,1769
2026-09-11 09:26:00,1378.70,1378.70,1377.80,1378.00,1722
2026-09-11 09:27:00,1377.60,1378.40,1377.50,1377.70,5153
2026-09-11 09:28:00,1377.70,1377.80,1376.60,1376.90,3327
2026-09-11 09:29:00,1377.40,1378.00,1376.50,1377.30,1715
2026-09-11 09:30:00,1377.50,1378.20,1377.10,1377.40,1194
2026-09-11 09:31:00,1377.40,1380.40,1377.40,1379.90,3326
2026-09-11 09:32:00,1379.10,1379.90,1378.70,1378.70,3668
2026-09-11 09:33:00,1378.70,1380.60,1378.50,1380.40,3102
2026-09-11 09:34:00,1380.40,1380.60,1380.00,1380.10,373
2026-09-11 09:35:00,1380.50,1381.30,1380.50,1381.30,541
2026-09-11 09:36:00,1381.30,1381.50,1381.00,1381.50,171
2026-09-11 09:37:00,1381.50,1381.90,1381.00,1381.60,2090
2026-09-11 09:38:00,1381.50,1382.00,1381.00,1381.60,842
2026-09-11 09:39:00,1381.60,1381.60,1380.00,1380.70,1232
2026-09-11 09:40:00,1380.90,1380.90,1380.10,1380.70,228
2026-09-11 09:41:00,1380.60,1380.60,1380.10,1380.60,501
2026-09-11 09:42:00,1380.50,1380.50,1380.00,1380.10,1117
2026-09-11 09:43:00,1380.50,1382.90,1380.50,1382.80,3362
2026-09-11 09:44:00,1383.70,1384.30,1382.20,1384.10,8927
2026-09-11 09:45:00,1384.10,1384.80,1383.60,1384.30,1183
2026-09-11 09:46:00,1384.30,1384.90,1383.00,1383.60,4122
2026-09-11 09:47:00,1383.60,1383.60,1383.30,1383.60,565
2026-09-11 09:48:00,1383.80,1383.90,1382.90,1383.80,2372
2026-09-11 09:49:00,1383.80,1383.80,1382.40,1382.90,2171
2026-09-11 09:50:00,1382.70,1384.70,1382.70,1384.00,2679
2026-09-11 09:51:00,1384.00,1384.20,1384.00,1384.20,592
2026-09-11 09:52:00,1384.20,1384.50,1384.00,1384.30,2025
2026-09-11 09:53:00,1384.30,1384.50,1383.60,1384.10,1520
2026-09-11 09:54:00,1384.10,1384.20,1383.40,1383.80,994
2026-09-11 09:55:00,1383.80,1385.00,1383.80,1384.90,4002
2026-09-11 09:56:00,1384.90,1385.90,1384.90,1385.50,2401
2026-09-11 09:57:00,1385.50,1385.80,1385.20,1385.80,1525
2026-09-11 09:58:00,1385.80,1386.90,1385.80,1386.40,1976
2026-09-11 09:59:00,1386.80,1386.80,1385.20,1386.10,4205
2026-09-11 10:00:00,1386.10,1387.30,1386.10,1387.30,1279
2026-09-11 10:01:00,1387.30,1387.30,1386.30,1387.30,2997
2026-09-11 10:02:00,1387.00,1388.40,1387.00,1387.30,4808
2026-09-11 10:03:00,1388.00,1388.40,1387.70,1388.30,2404
2026-09-11 10:04:00,1388.10,1388.40,1387.30,1388.40,3036
2026-09-11 10:05:00,1388.30,1389.30,1388.00,1388.70,5001
2026-09-11 10:06:00,1388.70,1389.80,1388.70,1389.40,1245
2026-09-11 10:07:00,1389.60,1390.10,1389.40,1389.40,2293
2026-09-11 10:08:00,1389.60,1389.60,1389.30,1389.50,722
2026-09-11 10:09:00,1389.50,1391.70,1389.50,1391.00,2265
2026-09-11 10:10:00,1391.70,1391.90,1390.40,1390.70,4002
2026-09-11 10:11:00,1390.70,1390.70,1390.60,1390.70,1141
2026-09-11 10:12:00,1390.70,1391.00,1390.50,1390.90,2263
2026-09-11 10:13:00,1391.00,1391.20,1390.80,1391.00,1853
2026-09-11 10:14:00,1391.00,1392.70,1390.60,1392.40,3921
2026-09-11 10:15:00,1392.30,1392.60,1391.70,1391.70,3855
2026-09-11 10:16:00,1392.30,1393.70,1392.30,1393.70,6816
2026-09-11 10:17:00,1393.70,1396.10,1393.70,1396.10,2673
2026-09-11 10:18:00,1395.70,1397.10,1395.60,1396.60,5551
2026-09-11 10:19:00,1396.70,1396.70,1396.20,1396.60,535
2026-09-11 10:20:00,1396.60,1398.00,1394.30,1394.50,4887
2026-09-11 10:21:00,1395.00,1397.00,1394.00,1396.60,2058
2026-09-11 10:22:00,1395.00,1395.20,1394.20,1394.70,2288
2026-09-11 10:23:00,1395.20,1395.20,1394.20,1394.40,2778
2026-09-11 10:24:00,1394.40,1396.10,1394.00,1395.50,1041
2026-09-11 10:25:00,1396.00,1396.20,1394.00,1395.50,2790
2026-09-11 10:26:00,1395.00,1396.30,1393.60,1393.60,2671
2026-09-11 10:27:00,1394.60,1394.90,1393.50,1393.50,868
2026-09-11 10:28:00,1393.50,1393.50,1392.50,1392.90,1064
2026-09-11 10:29:00,1393.00,1393.00,1392.00,1392.70,583
2026-09-11 10:30:00,1392.60,1392.70,1391.50,1391.60,1409
2026-09-11 10:31:00,1392.20,1392.20,1391.30,1392.00,1733
2026-09-11 10:32:00,1392.00,1393.60,1391.60,1392.50,5521
2026-09-11 10:33:00,1392.60,1393.60,1392.60,1393.40,981
2026-09-11 10:34:00,1393.40,1393.60,1392.80,1393.40,934
2026-09-11 10:35:00,1393.30,1394.00,1393.00,1393.90,986
2026-09-11 10:36:00,1393.90,1394.00,1393.20,1393.70,1934
2026-09-11 10:37:00,1393.90,1393.90,1393.40,1393.70,894
2026-09-11 10:38:00,1393.70,1393.80,1392.70,1393.30,3266
2026-09-11 10:39:00,1393.60,1395.00,1393.30,1395.00,1258
2026-09-11 10:40:00,1395.50,1395.90,1394.60,1395.80,1170
2026-09-11 10:41:00,1395.80,1396.50,1395.60,1396.50,1984
2026-09-11 10:42:00,1396.50,1397.40,1396.50,1397.40,1899
2026-09-11 10:43:00,1397.50,1398.90,1396.90,1397.50,5151
2026-09-11 10:44:00,1398.10,1398.10,1394.60,1395.00,16477
2026-09-11 10:45:00,1395.00,1395.60,1394.70,1395.40,11159
2026-09-11 10:46:00,1395.40,1397.00,1394.80,1397.00,14527
2026-09-11 10:47:00,1396.90,1397.10,1396.40,1397.00,3058
2026-09-11 10:48:00,1397.00,1397.40,1396.00,1397.00,1282
2026-09-11 10:49:00,1397.40,1397.40,1395.10,1396.20,2954
2026-09-11 10:50:00,1395.90,1396.00,1395.30,1395.60,2101
2026-09-11 10:51:00,1396.00,1396.00,1393.60,1394.40,1791
2026-09-11 10:52:00,1394.80,1394.90,1393.90,1393.90,2515
2026-09-11 10:53:00,1393.90,1394.00,1393.30,1394.00,5314
2026-09-11 10:54:00,1394.00,1394.40,1393.70,1394.40,1084
2026-09-11 10:55:00,1394.00,1394.50,1394.00,1394.20,1690
2026-09-11 10:56:00,1394.20,1394.20,1392.30,1392.60,1146
2026-09-11 10:57:00,1393.00,1393.00,1392.20,1392.40,1531
2026-09-11 10:58:00,1393.60,1396.10,1393.60,1396.10,6180
2026-09-11 10:59:00,1396.00,1398.00,1395.00,1397.90,3061
2026-09-11 11:00:00,1397.90,1399.00,1397.70,1398.60,4136
2026-09-11 11:01:00,1398.60,1401.20,1398.60,1400.20,19254
2026-09-11 11:02:00,1400.10,1400.60,1399.00,1399.00,2759
2026-09-11 11:03:00,1399.50,1399.90,1397.20,1397.60,2877
2026-09-11 11:04:00,1397.80,1397.80,1397.00,1397.50,1114
2026-09-11 11:05:00,1397.50,1397.90,1397.00,1397.90,1607
2026-09-11 11:06:00,1397.90,1398.00,1397.20,1397.80,1941
2026-09-11 11:07:00,1397.70,1398.00,1397.00,1397.00,2512
2026-09-11 11:08:00,1397.10,1397.50,1395.70,1396.70,1454
2026-09-11 11:09:00,1396.70,1396.90,1396.40,1396.70,1144
2026-09-11 11:10:00,1396.70,1397.30,1396.40,1397.00,1789
2026-09-11 11:11:00,1397.00,1397.00,1394.70,1394.80,3140
2026-09-11 11:12:00,1394.70,1395.90,1394.70,1395.60,2321
2026-09-11 11:13:00,1395.60,1396.20,1395.30,1395.90,753
2026-09-11 11:14:00,1396.40,1397.10,1394.90,1395.40,3250
2026-09-11 11:15:00,1395.40,1396.50,1395.10,1395.20,1567
2026-09-11 11:16:00,1395.20,1395.60,1394.80,1395.50,1274
2026-09-11 11:17:00,1395.50,1396.00,1394.60,1395.00,1335
2026-09-11 11:18:00,1395.00,1395.00,1394.80,1395.00,535
2026-09-11 11:19:00,1395.00,1395.00,1394.30,1394.60,494
2026-09-11 11:20:00,1394.60,1395.00,1394.40,1395.00,1807
2026-09-11 11:21:00,1395.00,1395.00,1394.80,1394.90,471
2026-09-11 11:22:00,1394.90,1395.00,1394.60,1395.00,11077
2026-09-11 11:23:00,1395.00,1395.00,1394.80,1394.90,3403
2026-09-11 11:24:00,1394.90,1395.00,1394.70,1395.00,2011
2026-09-11 11:25:00,1395.00,1395.00,1394.90,1394.90,22755
2026-09-11 11:26:00,1395.00,1395.00,1394.90,1395.00,1221
2026-09-11 11:27:00,1395.00,1395.00,1394.30,1395.00,3165
2026-09-11 11:28:00,1395.00,1396.10,1394.80,1396.10,792
2026-09-11 11:29:00,1396.10,1396.40,1394.30,1394.30,8710
2026-09-11 11:30:00,1394.60,1394.90,1394.00,1394.90,866
2026-09-11 11:31:00,1394.90,1394.90,1393.80,1394.00,2308
2026-09-11 11:32:00,1394.00,1394.00,1393.90,1394.00,2214
2026-09-11 11:33:00,1394.00,1395.70,1393.90,1395.70,18040
2026-09-11 11:34:00,1395.90,1395.90,1395.00,1395.80,2574
2026-09-11 11:35:00,1395.80,1396.00,1395.40,1395.90,1921
2026-09-11 11:36:00,1395.90,1396.00,1394.60,1394.90,2505
2026-09-11 11:37:00,1394.90,1395.00,1394.70,1395.00,855
2026-09-11 11:38:00,1395.00,1395.00,1394.10,1394.10,2179
2026-09-11 11:39:00,1394.10,1394.40,1394.10,1394.10,1516
2026-09-11 11:40:00,1394.20,1394.60,1394.00,1394.60,198
2026-09-11 11:41:00,1394.50,1394.80,1393.90,1394.30,2789
2026-09-11 11:42:00,1394.30,1395.00,1393.50,1395.00,1345
2026-09-11 11:43:00,1395.00,1395.00,1394.80,1394.90,763
2026-09-11 11:44:00,1394.90,1395.00,1394.90,1395.00,1168
2026-09-11 11:45:00,1395.00,1395.00,1394.90,1395.00,555
2026-09-11 11:46:00,1395.00,1395.00,1394.90,1395.00,530
2026-09-11 11:47:00,1394.90,1395.00,1394.90,1395.00,594
2026-09-11 11:48:00,1395.00,1395.00,1394.50,1394.70,2133
2026-09-11 11:49:00,1394.70,1394.70,1394.00,1394.10,470
2026-09-11 11:50:00,1394.50,1394.60,1394.10,1394.60,632
2026-09-11 11:51:00,1394.60,1394.70,1393.90,1393.90,1716
2026-09-11 11:52:00,1394.10,1394.20,1393.20,1393.20,1103
2026-09-11 11:53:00,1393.50,1393.70,1393.30,1393.60,209
2026-09-11 11:54:00,1393.50,1393.90,1393.50,1393.90,354
2026-09-11 11:55:00,1393.90,1394.30,1393.90,1394.20,739
2026-09-11 11:56:00,1394.30,1394.40,1394.20,1394.30,875
2026-09-11 11:57:00,1394.30,1394.50,1394.00,1394.20,1453
2026-09-11 11:58:00,1394.20,1394.20,1393.20,1393.80,975
2026-09-11 11:59:00,1393.90,1394.10,1393.50,1393.90,949
2026-09-11 12:00:00,1393.90,1394.10,1393.30,1394.00,961
2026-09-11 12:01:00,1394.00,1394.20,1393.80,1394.00,473
2026-09-11 12:02:00,1394.10,1394.40,1394.00,1394.30,863
2026-09-11 12:03:00,1394.30,1395.00,1394.20,1395.00,2221
2026-09-11 12:04:00,1395.00,1395.00,1394.90,1395.00,1010
2026-09-11 12:05:00,1395.00,1395.00,1394.90,1395.00,433
2026-09-11 12:06:00,1394.90,1395.00,1394.90,1394.90,794
2026-09-11 12:07:00,1395.00,1395.00,1394.90,1395.00,520
2026-09-11 12:08:00,1395.00,1395.00,1394.20,1394.50,4257
2026-09-11 12:09:00,1394.70,1395.00,1394.70,1395.00,825
2026-09-11 12:10:00,1395.00,1395.00,1394.90,1395.00,1649
2026-09-11 12:11:00,1395.00,1395.00,1394.70,1395.00,1466
2026-09-11 12:12:00,1395.00,1395.00,1391.20,1391.60,37789
2026-09-11 12:13:00,1391.60,1393.00,1391.30,1393.00,912
2026-09-11 12:14:00,1393.10,1393.10,1390.30,1391.50,8613
2026-09-11 12:15:00,1391.50,1392.30,1391.10,1392.00,1491
2026-09-11 12:16:00,1392.10,1393.10,1392.00,1392.60,1763
2026-09-11 12:17:00,1392.60,1393.60,1392.50,1393.20,751
2026-09-11 12:18:00,1393.60,1393.60,1391.90,1392.20,8613
2026-09-11 12:19:00,1392.70,1392.80,1392.40,1392.80,1837
2026-09-11 12:20:00,1392.60,1392.80,1392.00,1392.60,1138
2026-09-11 12:21:00,1392.80,1392.80,1390.70,1391.50,2549
2026-09-11 12:22:00,1391.80,1392.30,1391.40,1392.00,1682
2026-09-11 12:23:00,1392.00,1392.00,1391.70,1391.90,1513
2026-09-11 12:24:00,1391.90,1392.10,1391.70,1391.90,1807
2026-09-11 12:25:00,1391.90,1392.30,1391.80,1392.30,1311
2026-09-11 12:26:00,1392.30,1392.40,1391.10,1391.10,3150
2026-09-11 12:27:00,1391.70,1391.70,1388.70,1388.80,16456
2026-09-11 12:28:00,1389.20,1390.00,1388.80,1388.80,1491
2026-09-11 12:29:00,1389.10,1389.70,1388.80,1389.70,1587
2026-09-11 12:30:00,1389.70,1390.00,1389.30,1389.80,2173
2026-09-11 12:31:00,1389.80,1389.80,1388.90,1389.30,2919
2026-09-11 12:32:00,1389.70,1390.00,1389.20,1389.80,1478
2026-09-11 12:33:00,1389.50,1389.90,1389.10,1389.90,1272
2026-09-11 12:34:00,1389.90,1390.00,1389.80,1390.00,1212
2026-09-11 12:35:00,1389.90,1390.00,1389.90,1390.00,2684
2026-09-11 12:36:00,1390.00,1390.00,1389.90,1390.00,1623
2026-09-11 12:37:00,1390.00,1390.00,1389.90,1390.00,2183
2026-09-11 12:38:00,1389.90,1390.00,1389.60,1390.00,3896
2026-09-11 12:39:00,1390.00,1390.00,1389.90,1390.00,906
2026-09-11 12:40:00,1390.00,1390.00,1389.20,1389.40,1932
2026-09-11 12:41:00,1389.60,1389.60,1389.10,1389.30,1594
2026-09-11 12:42:00,1389.40,1390.00,1389.30,1390.00,1505
2026-09-11 12:43:00,1390.00,1390.00,1389.90,1390.00,1245
2026-09-11 12:44:00,1390.00,1390.00,1389.90,1390.00,1246
2026-09-11 12:45:00,1390.00,1390.00,1389.90,1390.00,620
2026-09-11 12:46:00,1390.00,1390.00,1389.90,1390.00,927
2026-09-11 12:47:00,1390.00,1390.00,1389.90,1390.00,864
2026-09-11 12:48:00,1390.00,1390.00,1389.40,1389.70,1921
2026-09-11 12:49:00,1389.70,1389.70,1389.10,1389.30,895
2026-09-11 12:50:00,1389.30,1389.50,1388.60,1388.80,1289
2026-09-11 12:51:00,1389.10,1390.00,1388.60,1389.30,1485
2026-09-11 12:52:00,1389.50,1390.00,1389.40,1389.90,1055
2026-09-11 12:53:00,1389.90,1390.00,1389.80,1389.90,659
2026-09-11 12:54:00,1389.90,1390.00,1389.90,1390.00,652
2026-09-11 12:55:00,1390.00,1390.00,1389.90,1390.00,1378
2026-09-11 12:56:00,1390.00,1390.00,1389.90,1390.00,1285
2026-09-11 12:57:00,1390.00,1390.00,1389.80,1390.00,1563
2026-09-11 12:58:00,1390.00,1390.00,1389.90,1390.00,1350
2026-09-11 12:59:00,1390.00,1390.00,1389.90,1390.00,1009
2026-09-11 13:00:00,1390.00,1390.00,1389.90,1390.00,822
2026-09-11 13:01:00,1390.00,1390.00,1389.80,1390.00,1346
2026-09-11 13:02:00,1390.00,1390.00,1389.90,1389.90,606
2026-09-11 13:03:00,1390.00,1390.00,1389.00,1389.00,2843
2026-09-11 13:04:00,1388.90,1389.70,1388.70,1389.70,2392
2026-09-11 13:05:00,1389.30,1389.60,1388.80,1389.20,2274
2026-09-11 13:06:00,1389.30,1389.30,1388.70,1389.20,659
2026-09-11 13:07:00,1389.30,1389.70,1389.20,1389.40,676
2026-09-11 13:08:00,1389.30,1389.70,1388.60,1388.80,2152
2026-09-11 13:09:00,1388.80,1388.80,1388.20,1388.80,1593
2026-09-11 13:10:00,1388.80,1389.00,1388.10,1388.70,1034
2026-09-11 13:11:00,1389.00,1389.70,1388.80,1389.70,960
2026-09-11 13:12:00,1389.70,1389.70,1388.80,1389.20,1170
2026-09-11 13:13:00,1389.30,1389.50,1388.80,1389.20,1383
2026-09-11 13:14:00,1389.30,1389.40,1388.80,1389.20,749
2026-09-11 13:15:00,1389.30,1389.40,1389.20,1389.30,681
2026-09-11 13:16:00,1389.40,1389.40,1389.00,1389.20,1291
2026-09-11 13:17:00,1389.10,1389.30,1389.10,1389.30,692
2026-09-11 13:18:00,1389.30,1389.60,1389.30,1389.30,1523
2026-09-11 13:19:00,1389.40,1389.70,1389.20,1389.30,1199
2026-09-11 13:20:00,1389.30,1389.80,1389.20,1389.20,1600
2026-09-11 13:21:00,1389.00,1389.80,1389.00,1389.00,847
2026-09-11 13:22:00,1389.20,1389.70,1389.10,1389.50,656
2026-09-11 13:23:00,1389.70,1389.90,1389.00,1389.50,1905
2026-09-11 13:24:00,1389.60,1389.80,1388.60,1389.50,1466
2026-09-11 13:25:00,1389.50,1389.50,1388.90,1389.40,981
2026-09-11 13:26:00,1389.40,1389.40,1388.80,1389.00,847
2026-09-11 13:27:00,1389.10,1389.50,1388.30,1388.30,2091
2026-09-11 13:28:00,1388.60,1388.80,1387.80,1388.00,2168
2026-09-11 13:29:00,1388.30,1389.20,1388.20,1388.80,3095
2026-09-11 13:30:00,1388.80,1389.00,1387.70,1388.40,2271
2026-09-11 13:31:00,1388.50,1388.50,1388.00,1388.40,783
2026-09-11 13:32:00,1388.10,1388.40,1387.80,1387.90,1830
2026-09-11 13:33:00,1388.00,1388.40,1387.80,1387.80,1432
2026-09-11 13:34:00,1387.80,1387.80,1387.40,1387.80,1398
2026-09-11 13:35:00,1387.80,1388.00,1387.10,1387.60,1132
2026-09-11 13:36:00,1387.60,1387.70,1387.20,1387.40,841
2026-09-11 13:37:00,1387.20,1387.40,1386.60,1387.20,3311
2026-09-11 13:38:00,1387.30,1387.30,1386.30,1386.90,2855
2026-09-11 13:39:00,1387.00,1387.00,1386.60,1386.60,1564
2026-09-11 13:40:00,1386.50,1386.80,1385.70,1385.80,2049
2026-09-11 13:41:00,1385.70,1386.00,1383.10,1384.30,7454
2026-09-11 13:42:00,1384.20,1385.00,1384.10,1385.00,770
2026-09-11 13:43:00,1385.00,1385.40,1383.90,1385.10,14421
2026-09-11 13:44:00,1385.10,1385.80,1385.10,1385.50,1028
2026-09-11 13:45:00,1385.60,1385.70,1384.40,1385.00,1728
2026-09-11 13:46:00,1385.00,1385.20,1384.30,1384.90,1566
2026-09-11 13:47:00,1385.00,1385.30,1384.90,1385.30,1593
2026-09-11 13:48:00,1385.30,1385.40,1383.80,1384.50,3216
2026-09-11 13:49:00,1384.70,1384.70,1384.00,1384.70,1316
2026-09-11 13:50:00,1384.90,1385.30,1384.70,1384.70,2089
2026-09-11 13:51:00,1384.60,1385.10,1384.00,1384.50,847
2026-09-11 13:52:00,1384.70,1385.00,1384.50,1384.90,2791
2026-09-11 13:53:00,1384.90,1386.10,1384.60,1386.00,5077
2026-09-11 13:54:00,1386.00,1388.00,1385.70,1386.80,4350
2026-09-11 13:55:00,1387.20,1388.20,1386.80,1387.60,1336
2026-09-11 13:56:00,1387.80,1387.90,1387.60,1387.80,746
2026-09-11 13:57:00,1387.80,1387.80,1386.10,1386.80,3916
2026-09-11 13:58:00,1387.30,1387.40,1386.50,1386.70,1511
2026-09-11 13:59:00,1387.10,1387.20,1386.50,1386.90,813
2026-09-11 14:00:00,1387.10,1387.30,1386.70,1387.00,882
2026-09-11 14:01:00,1387.30,1387.30,1386.50,1386.50,1198
2026-09-11 14:02:00,1386.50,1388.00,1386.50,1387.10,5780
2026-09-11 14:03:00,1387.20,1388.20,1387.20,1387.50,1968
2026-09-11 14:04:00,1387.20,1387.60,1386.40,1386.50,2042
2026-09-11 14:05:00,1386.80,1387.30,1386.30,1387.30,1336
2026-09-11 14:06:00,1387.30,1387.40,1386.30,1387.40,1835
2026-09-11 14:07:00,1387.30,1387.30,1386.20,1386.60,1335
2026-09-11 14:08:00,1386.50,1386.80,1386.00,1386.20,1002
2026-09-11 14:09:00,1386.20,1386.60,1385.50,1386.40,2635
2026-09-11 14:10:00,1386.50,1386.80,1385.70,1386.80,1121
2026-09-11 14:11:00,1386.80,1387.10,1386.20,1386.20,1004
2026-09-11 14:12:00,1386.40,1387.00,1385.80,1386.10,2480
2026-09-11 14:13:00,1386.40,1386.60,1385.40,1385.50,2182
2026-09-11 14:14:00,1385.40,1385.70,1385.00,1385.10,1533
2026-09-11 14:15:00,1385.60,1385.60,1385.00,1385.00,1195
2026-09-11 14:16:00,1385.30,1385.70,1384.70,1385.40,1426
2026-09-11 14:17:00,1385.70,1385.70,1385.40,1385.60,569
2026-09-11 14:18:00,1385.70,1385.70,1384.10,1384.20,7407
2026-09-11 14:19:00,1384.80,1385.20,1384.30,1384.50,1967
2026-09-11 14:20:00,1384.50,1385.30,1384.20,1384.80,942
2026-09-11 14:21:00,1385.20,1385.20,1383.50,1383.50,2415
2026-09-11 14:22:00,1383.50,1384.30,1383.50,1384.10,747
2026-09-11 14:23:00,1383.90,1384.50,1381.00,1381.40,9234
2026-09-11 14:24:00,1382.30,1382.90,1381.90,1382.90,1540
2026-09-11 14:25:00,1382.90,1383.00,1382.50,1383.00,907
2026-09-11 14:26:00,1383.00,1383.00,1382.90,1383.00,1112
2026-09-11 14:27:00,1382.90,1383.00,1382.90,1383.00,1972
2026-09-11 14:28:00,1383.00,1383.70,1382.90,1383.70,64063
2026-09-11 14:29:00,1384.00,1384.10,1383.60,1384.10,3290
2026-09-11 14:30:00,1384.10,1384.50,1383.90,1384.20,1190
2026-09-11 14:31:00,1384.40,1384.40,1382.60,1382.80,9056
2026-09-11 14:32:00,1383.20,1383.20,1382.00,1382.50,2104
2026-09-11 14:33:00,1382.80,1382.80,1381.90,1382.50,2290
2026-09-11 14:34:00,1382.60,1382.60,1381.70,1381.80,1940
2026-09-11 14:35:00,1381.90,1381.90,1380.80,1381.40,2268
2026-09-11 14:36:00,1380.90,1381.00,1380.90,1380.90,1570
2026-09-11 14:37:00,1381.00,1381.40,1380.90,1380.90,3264
2026-09-11 14:38:00,1381.50,1382.00,1381.30,1381.70,1695
2026-09-11 14:39:00,1381.60,1382.30,1380.90,1382.30,10930
2026-09-11 14:40:00,1382.80,1383.00,1382.30,1382.40,4219
2026-09-11 14:41:00,1382.50,1382.70,1382.00,1382.20,2091
2026-09-11 14:42:00,1382.10,1382.60,1382.10,1382.40,1995
2026-09-11 14:43:00,1382.40,1382.90,1382.00,1382.10,3802
2026-09-11 14:44:00,1382.00,1383.20,1382.00,1383.20,12118
2026-09-11 14:45:00,1383.00,1383.50,1383.00,1383.30,2485
2026-09-11 14:46:00,1383.60,1383.60,1382.00,1382.70,4291
2026-09-11 14:47:00,1382.60,1382.70,1380.80,1381.00,8445
2026-09-11 14:48:00,1381.60,1381.70,1381.20,1381.40,1454
2026-09-11 14:49:00,1381.00,1381.10,1380.40,1380.50,5586
2026-09-11 14:50:00,1380.50,1382.00,1380.50,1381.60,7634
2026-09-11 14:51:00,1381.60,1381.90,1380.00,1380.20,5036
2026-09-11 14:52:00,1380.30,1381.00,1380.10,1381.00,4249
2026-09-11 14:53:00,1381.00,1381.30,1380.60,1381.10,3206
2026-09-11 14:54:00,1380.60,1380.90,1380.40,1380.60,2727
2026-09-11 14:55:00,1380.90,1381.00,1380.40,1380.40,4966
2026-09-11 14:56:00,1380.40,1381.00,1380.20,1380.70,6344
2026-09-11 14:57:00,1380.70,1381.10,1380.60,1380.70,2746
2026-09-11 14:58:00,1380.60,1380.80,1380.20,1380.20,4358
2026-09-11 14:59:00,1380.20,1380.90,1380.20,1380.50,4205
2026-09-11 15:00:00,1380.40,1381.60,1380.40,1381.00,10510
2026-09-11 15:01:00,1381.50,1381.70,1379.90,1380.00,9753
2026-09-11 15:02:00,1380.00,1380.00,1379.90,1380.00,952
2026-09-11 15:03:00,1380.00,1380.60,1380.00,1380.20,7252
2026-09-11 15:04:00,1380.50,1380.50,1379.90,1380.00,6182
2026-09-11 15:05:00,1380.00,1380.60,1379.10,1379.10,9580
2026-09-11 15:06:00,1379.20,1379.30,1379.10,1379.10,2316
2026-09-11 15:07:00,1379.20,1379.20,1379.10,1379.10,3267
2026-09-11 15:08:00,1379.20,1379.40,1379.10,1379.30,3458
2026-09-11 15:09:00,1379.40,1379.50,1379.30,1379.40,8049
2026-09-11 15:10:00,1379.20,1379.30,1378.30,1378.40,13505
2026-09-11 15:11:00,1378.30,1379.90,1378.30,1379.30,8899
2026-09-11 15:12:00,1379.30,1380.00,1379.10,1379.60,10702
2026-09-11 15:13:00,1379.30,1379.40,1378.00,1379.00,11120
2026-09-11 15:14:00,1379.10,1381.50,1377.00,1380.70,9371
2026-09-11 15:15:00,1380.70,1380.70,1380.70,1380.70,5
2026-09-11 15:16:00,1380.70,1380.70,1380.70,1380.70,0
2026-09-11 15:17:00,1380.70,1380.70,1380.70,1380.70,0
2026-09-11 15:18:00,1380.70,1380.70,1380.70,1380.70,0
2026-09-11 15:19:00,1380.70,1380.70,1380.70,1380.70,0
2026-09-11 15:20:00,1380.70,1380.70,1380.70,1380.70,0
2026-09-11 15:21:00,1380.70,1380.70,1380.70,1380.70,0
2026-09-11 15:22:00,1380.70,1380.70,1380.70,1380.70,0
2026-09-11 15:23:00,1380.70,1380.70,1380.70,1380.70,0
2026-09-11 15:24:00,1380.70,1380.70,1380.70,1380.70,0
2026-09-11 15:25:00,1380.70,1380.70,1380.70,1380.70,0
2026-09-11 15:26:00,1380.70,1380.70,1380.70,1380.70,0
2026-09-11 15:27:00,1380.70,1380.70,1380.70,1380.70,0
2026-09-11 15:28:00,1380.70,1380.70,1380.70,1380.70,0
2026-09-11 15:29:00,1380.70,1383.30,1380.70,1383.30,91912
2026-09-15 09:15:00,1383.30,1393.00,1383.30,1384.00,22176
2026-09-15 09:16:00,1384.00,1388.20,1383.90,1388.20,15290
2026-09-15 09:17:00,1388.80,1389.10,1387.20,1388.70,11971
2026-09-15 09:18:00,1388.80,1390.20,1387.50,1387.90,8899
2026-09-15 09:19:00,1387.90,1392.50,1387.90,1392.00,12166
2026-09-15 09:20:00,1392.00,1394.00,1389.30,1390.10,63259
2026-09-15 09:21:00,1390.10,1390.70,1387.10,1388.40,5354
2026-09-15 09:22:00,1388.40,1390.30,1387.50,1390.30,11344
2026-09-15 09:23:00,1389.50,1392.60,1389.50,1392.50,17950
2026-09-15 09:24:00,1392.50,1395.00,1392.50,1392.80,20731
2026-09-15 09:25:00,1392.70,1392.70,1388.60,1389.00,3014
2026-09-15 09:26:00,1389.20,1389.20,1387.40,1387.40,10429
2026-09-15 09:27:00,1387.40,1391.30,1387.40,1388.70,36678
2026-09-15 09:28:00,1388.70,1389.20,1387.90,1387.90,3056
2026-09-15 09:29:00,1387.90,1389.60,1387.90,1389.50,1622
2026-09-15 09:30:00,1390.60,1390.90,1388.50,1388.90,19949
2026-09-15 09:31:00,1388.50,1388.90,1388.50,1388.60,671
2026-09-15 09:32:00,1388.60,1389.30,1388.20,1388.50,8629
2026-09-15 09:33:00,1388.90,1389.00,1388.10,1389.00,7846
2026-09-15 09:34:00,1389.00,1390.00,1388.50,1389.00,4804
2026-09-15 09:35:00,1389.00,1389.10,1385.90,1385.90,3565
2026-09-15 09:36:00,1385.90,1387.40,1385.20,1385.80,4978
2026-09-15 09:37:00,1385.80,1385.80,1385.10,1385.60,4091
2026-09-15 09:38:00,1385.60,1385.60,1384.00,1384.00,3946
2026-09-15 09:39:00,1384.10,1384.10,1383.60,1384.10,3061
2026-09-15 09:40:00,1384.20,1385.20,1384.00,1384.00,5952
2026-09-15 09:41:00,1384.20,1384.70,1384.10,1384.10,2960
2026-09-15 09:42:00,1384.20,1384.80,1384.00,1384.40,2052
2026-09-15 09:43:00,1384.80,1384.80,1384.50,1384.70,1203
2026-09-15 09:44:00,1384.70,1384.70,1383.50,1383.50,2817
2026-09-15 09:45:00,1383.50,1384.50,1383.30,1384.40,3396
2026-09-15 09:46:00,1384.10,1384.40,1384.10,1384.10,1303
2026-09-15 09:47:00,1384.40,1386.70,1384.00,1384.50,5769
2026-09-15 09:48:00,1384.20,1384.50,1383.20,1383.50,2740
2026-09-15 09:49:00,1383.50,1383.50,1382.00,1382.20,1862
2026-09-15 09:50:00,1382.20,1383.00,1382.10,1382.50,2136
2026-09-15 09:51:00,1382.20,1382.90,1382.20,1382.60,583
2026-09-15 09:52:00,1382.60,1383.40,1382.60,1382.80,1800
2026-09-15 09:53:00,1382.80,1383.20,1382.20,1382.60,2657
2026-09-15 09:54:00,1382.60,1382.60,1382.10,1382.20,490
2026-09-15 09:55:00,1382.20,1382.30,1380.40,1381.00,3993
2026-09-15 09:56:00,1381.30,1381.50,1380.60,1380.60,2863
2026-09-15 09:57:00,1380.50,1381.00,1380.30,1380.90,1946
2026-09-15 09:58:00,1381.00,1381.00,1380.50,1380.70,2786
2026-09-15 09:59:00,1381.30,1382.00,1381.30,1381.60,1892
2026-09-15 10:00:00,1381.60,1381.90,1380.50,1380.50,2962
2026-09-15 10:01:00,1380.60,1381.00,1380.00,1380.70,1674
2026-09-15 10:02:00,1380.70,1381.80,1380.70,1381.40,1532
2026-09-15 10:03:00,1381.50,1381.70,1380.00,1380.00,4070
2026-09-15 10:04:00,1380.00,1380.90,1380.00,1380.90,1953
2026-09-15 10:05:00,1380.90,1380.90,1380.50,1380.70,578
2026-09-15 10:06:00,1380.90,1380.90,1379.40,1379.60,2770
2026-09-15 10:07:00,1379.60,1380.70,1379.60,1380.40,1938
2026-09-15 10:08:00,1380.10,1380.40,1379.50,1379.80,1501
2026-09-15 10:09:00,1379.80,1380.80,1379.70,1379.70,16090
2026-09-15 10:10:00,1379.70,1379.70,1379.50,1379.50,644
2026-09-15 10:11:00,1379.50,1381.20,1379.50,1381.20,10100
2026-09-15 10:12:00,1381.20,1381.70,1381.20,1381.20,608
2026-09-15 10:13:00,1381.40,1381.90,1381.20,1381.60,1322
2026-09-15 10:14:00,1381.60,1381.70,1381.60,1381.60,714
2026-09-15 10:15:00,1381.20,1381.30,1380.70,1381.00,1963
2026-09-15 10:16:00,1381.00,1381.90,1381.00,1381.30,4949
2026-09-15 10:17:00,1380.60,1381.20,1380.60,1381.10,2594
2026-09-15 10:18:00,1380.70,1381.50,1380.70,1381.30,1419
2026-09-15 10:19:00,1381.60,1381.60,1380.50,1380.70,12993
2026-09-15 10:20:00,1380.70,1381.60,1380.20,1380.20,2257
2026-09-15 10:21:00,1380.20,1380.90,1380.20,1380.80,944
2026-09-15 10:22:00,1380.80,1380.80,1380.20,1380.20,1406
2026-09-15 10:23:00,1380.40,1380.40,1378.70,1379.30,3602
2026-09-15 10:24:00,1379.30,1379.30,1378.80,1379.00,612
2026-09-15 10:25:00,1379.30,1379.40,1378.20,1378.20,3853
2026-09-15 10:26:00,1378.60,1378.70,1377.00,1377.50,2311
2026-09-15 10:27:00,1377.50,1377.50,1375.50,1375.60,2749
2026-09-15 10:28:00,1376.20,1376.50,1375.00,1375.00,3755
2026-09-15 10:29:00,1375.30,1375.80,1374.30,1375.80,1188
2026-09-15 10:30:00,1375.80,1375.90,1375.20,1375.50,2043
2026-09-15 10:31:00,1375.50,1375.90,1373.40,1374.10,9741
2026-09-15 10:32:00,1374.30,1374.30,1372.00,1372.70,16390
2026-09-15 10:33:00,1372.80,1373.30,1372.10,1372.50,2207
2026-09-15 10:34:00,1372.50,1372.80,1372.00,1372.70,1642
2026-09-15 10:35:00,1372.20,1372.90,1372.20,1372.50,1674
2026-09-15 10:36:00,1372.50,1372.50,1371.10,1371.20,2514
2026-09-15 10:37:00,1371.60,1371.60,1371.20,1371.20,1305
2026-09-15 10:38:00,1371.10,1371.90,1371.10,1371.90,2089
2026-09-15 10:39:00,1371.50,1371.90,1370.50,1371.20,4448
2026-09-15 10:40:00,1371.10,1371.20,1369.40,1370.00,5042
2026-09-15 10:41:00,1370.00,1370.50,1369.60,1370.20,1548
2026-09-15 10:42:00,1370.40,1371.00,1369.40,1369.40,5341
2026-09-15 10:43:00,1369.00,1369.20,1368.30,1369.20,1961
2026-09-15 10:44:00,1369.00,1369.20,1368.20,1368.30,2871
2026-09-15 10:45:00,1368.90,1369.00,1368.30,1369.00,1589
2026-09-15 10:46:00,1369.00,1369.00,1368.10,1368.10,2332
2026-09-15 10:47:00,1368.00,1368.80,1368.00,1368.80,1908
2026-09-15 10:48:00,1368.80,1369.50,1368.00,1368.90,2906
2026-09-15 10:49:00,1368.90,1368.90,1368.10,1368.40,1008
2026-09-15 10:50:00,1368.40,1368.70,1368.10,1368.20,1636
2026-09-15 10:51:00,1368.40,1368.60,1368.00,1368.20,1068
2026-09-15 10:52:00,1368.20,1368.50,1368.00,1368.50,1769
2026-09-15 10:53:00,1368.20,1368.50,1368.10,1368.30,1195
2026-09-15 10:54:00,1368.70,1369.00,1368.50,1368.80,2904
2026-09-15 10:55:00,1368.80,1368.80,1368.10,1368.10,1900
2026-09-15 10:56:00,1368.30,1369.20,1367.20,1368.90,13756
2026-09-15 10:57:00,1368.90,1369.30,1368.40,1368.80,1179
2026-09-15 10:58:00,1369.00,1369.00,1368.40,1368.40,840
2026-09-15 10:59:00,1368.50,1368.80,1368.10,1368.30,1381
2026-09-15 11:00:00,1368.30,1369.10,1368.30,1369.00,1126
2026-09-15 11:01:00,1369.00,1369.10,1368.50,1368.70,1668
2026-09-15 11:02:00,1369.10,1369.10,1368.70,1369.10,1595
2026-09-15 11:03:00,1369.00,1369.10,1368.90,1368.90,1022
2026-09-15 11:04:00,1368.90,1369.40,1368.30,1369.40,2091
2026-09-15 11:05:00,1370.00,1370.00,1368.30,1368.60,3438
2026-09-15 11:06:00,1368.50,1369.00,1368.20,1368.90,1642
2026-09-15 11:07:00,1369.00,1369.50,1368.50,1369.20,2093
2026-09-15 11:08:00,1369.20,1369.30,1368.30,1368.60,2121
2026-09-15 11:09:00,1368.60,1369.10,1368.50,1368.90,1143
2026-09-15 11:10:00,1368.90,1368.90,1368.40,1368.70,1344
2026-09-15 11:11:00,1368.70,1369.00,1368.60,1368.90,1419
2026-09-15 11:12:00,1368.90,1368.90,1368.40,1368.90,2122
2026-09-15 11:13:00,1368.90,1369.10,1368.40,1368.70,4112
2026-09-15 11:14:00,1368.60,1370.10,1368.50,1369.50,3389
2026-09-15 11:15:00,1369.90,1371.60,1369.50,1371.20,5648
2026-09-15 11:16:00,1371.50,1371.50,1369.30,1369.30,5295
2026-09-15 11:17:00,1369.80,1369.80,1369.10,1369.30,2546
2026-09-15 11:18:00,1369.30,1369.60,1368.40,1368.40,986
2026-09-15 11:19:00,1369.00,1369.00,1367.60,1367.60,2183
2026-09-15 11:20:00,1368.00,1368.00,1367.50,1367.50,1485
2026-09-15 11:21:00,1368.00,1368.30,1367.60,1368.10,2472
2026-09-15 11:22:00,1368.10,1369.10,1368.10,1369.10,3314
2026-09-15 11:23:00,1369.10,1369.40,1368.90,1369.40,2403
2026-09-15 11:24:00,1369.20,1369.80,1369.20,1369.80,1940
2026-09-15 11:25:00,1369.60,1369.70,1369.00,1369.00,1745
2026-09-15 11:26:00,1369.10,1369.30,1369.10,1369.20,784
2026-09-15 11:27:00,1369.30,1370.00,1368.30,1368.50,6753
2026-09-15 11:28:00,1368.50,1368.70,1368.30,1368.60,1747
2026-09-15 11:29:00,1368.70,1369.20,1368.60,1368.70,1591
2026-09-15 11:30:00,1369.00,1369.00,1368.70,1368.70,560
2026-09-15 11:31:00,1368.70,1369.00,1368.70,1368.70,614
2026-09-15 11:32:00,1369.00,1369.50,1368.40,1368.60,5031
2026-09-15 11:33:00,1368.40,1368.90,1368.40,1368.90,1343
2026-09-15 11:34:00,1368.90,1368.90,1368.20,1368.50,2186
2026-09-15 11:35:00,1368.60,1368.80,1368.50,1368.80,1754
2026-09-15 11:36:00,1368.90,1369.50,1368.80,1369.20,909
2026-09-15 11:37:00,1369.20,1369.90,1369.20,1369.60,2511
2026-09-15 11:38:00,1369.60,1369.70,1367.90,1368.80,4339
2026-09-15 11:39:00,1368.80,1368.80,1367.90,1368.20,1110
2026-09-15 11:40:00,1368.60,1368.70,1368.20,1368.20,876
2026-09-15 11:41:00,1368.40,1368.50,1367.60,1367.90,2545
2026-09-15 11:42:00,1367.60,1369.00,1367.60,1368.30,12960
2026-09-15 11:43:00,1368.30,1368.30,1367.70,1368.00,2419
2026-09-15 11:44:00,1368.00,1368.30,1368.00,1368.00,780
2026-09-15 11:45:00,1368.30,1368.30,1368.00,1368.00,1036
2026-09-15 11:46:00,1368.30,1369.00,1368.30,1368.90,1796
2026-09-15 11:47:00,1369.00,1369.00,1368.90,1369.00,657
2026-09-15 11:48:00,1369.00,1369.10,1368.90,1368.90,858
2026-09-15 11:49:00,1369.10,1369.10,1368.90,1369.00,1520
2026-09-15 11:50:00,1369.00,1369.00,1367.60,1367.60,4802
2026-09-15 11:51:00,1367.60,1368.20,1367.60,1367.90,1389
2026-09-15 11:52:00,1367.90,1368.60,1367.90,1368.00,3267
2026-09-15 11:53:00,1368.00,1368.40,1368.00,1368.10,567
2026-09-15 11:54:00,1368.40,1368.40,1365.50,1365.60,8214
2026-09-15 11:55:00,1366.00,1367.00,1365.60,1366.60,3250
2026-09-15 11:56:00,1366.70,1366.90,1366.00,1366.00,1216
2026-09-15 11:57:00,1366.50,1367.90,1366.00,1367.40,5276
2026-09-15 11:58:00,1367.60,1369.70,1367.40,1369.50,13272
2026-09-15 11:59:00,1369.70,1369.70,1368.60,1368.80,1215
2026-09-15 12:00:00,1369.00,1370.00,1368.80,1369.50,13439
2026-09-15 12:01:00,1370.00,1370.40,1369.90,1370.30,7774
2026-09-15 12:02:00,1369.90,1371.00,1369.90,1370.70,3450
2026-09-15 12:03:00,1370.70,1371.00,1369.80,1369.80,7414
2026-09-15 12:04:00,1370.00,1371.10,1369.80,1371.10,4699
2026-09-15 12:05:00,1371.00,1371.50,1370.90,1371.30,1688
2026-09-15 12:06:00,1371.30,1371.30,1371.00,1371.20,1213
2026-09-15 12:07:00,1371.20,1371.20,1370.00,1371.10,3107
2026-09-15 12:08:00,1370.60,1372.30,1370.60,1371.30,2734
2026-09-15 12:09:00,1371.30,1371.70,1371.30,1371.30,2317
2026-09-15 12:10:00,1371.70,1371.70,1370.40,1371.10,2167
2026-09-15 12:11:00,1371.70,1372.00,1371.20,1371.50,2997
2026-09-15 12:12:00,1371.70,1371.70,1370.70,1370.80,1294
2026-09-15 12:13:00,1371.20,1371.50,1371.20,1371.30,1941
2026-09-15 12:14:00,1371.30,1371.70,1371.30,1371.70,1335
2026-09-15 12:15:00,1371.70,1372.10,1371.50,1371.60,1999
2026-09-15 12:16:00,1371.80,1372.10,1371.50,1372.10,1324
2026-09-15 12:17:00,1371.80,1372.60,1371.80,1372.10,4501
2026-09-15 12:18:00,1372.10,1372.10,1371.50,1371.50,1788
2026-09-15 12:19:00,1371.50,1373.30,1370.80,1371.50,8304
2026-09-15 12:20:00,1371.90,1372.00,1370.90,1371.40,2246
2026-09-15 12:21:00,1371.40,1371.40,1371.00,1371.00,749
2026-09-15 12:22:00,1371.20,1371.40,1371.00,1371.30,1551
2026-09-15 12:23:00,1371.30,1371.50,1371.30,1371.40,1138
2026-09-15 12:24:00,1371.40,1371.90,1371.40,1371.60,1555
2026-09-15 12:25:00,1371.60,1371.90,1371.60,1371.60,2017
2026-09-15 12:26:00,1371.90,1372.80,1371.60,1372.70,3021
2026-09-15 12:27:00,1372.20,1372.60,1372.10,1372.30,2317
2026-09-15 12:28:00,1372.60,1373.10,1372.30,1372.60,3233
2026-09-15 12:29:00,1372.60,1373.60,1372.60,1373.40,1921
2026-09-15 12:30:00,1373.40,1373.60,1372.90,1373.00,23436
2026-09-15 12:31:00,1373.30,1373.30,1372.50,1372.50,1171
2026-09-15 12:32:00,1372.60,1373.10,1372.40,1372.60,1975
2026-09-15 12:33:00,1373.10,1374.80,1373.10,1374.10,8671
2026-09-15 12:34:00,1374.40,1375.20,1373.80,1375.00,3755
2026-09-15 12:35:00,1375.00,1375.90,1374.00,1375.50,4369
2026-09-15 12:36:00,1375.90,1376.40,1375.40,1376.00,1812
2026-09-15 12:37:00,1376.40,1376.40,1375.50,1375.50,2661
2026-09-15 12:38:00,1375.50,1376.10,1375.50,1375.50,3737
2026-09-15 12:39:00,1375.60,1376.10,1375.40,1375.50,1610
2026-09-15 12:40:00,1376.00,1376.10,1375.60,1375.80,1064
2026-09-15 12:41:00,1376.10,1376.10,1375.70,1376.00,1078
2026-09-15 12:42:00,1376.00,1376.10,1375.70,1376.10,1473
2026-09-15 12:43:00,1376.10,1376.10,1375.70,1375.70,1858
2026-09-15 12:44:00,1376.10,1376.10,1370.50,1371.70,17183
2026-09-15 12:45:00,1371.70,1374.20,1371.70,1373.30,4698
2026-09-15 12:46:00,1373.20,1373.70,1373.00,1373.30,1713
2026-09-15 12:47:00,1373.30,1373.60,1373.30,1373.30,872
2026-09-15 12:48:00,1373.30,1374.60,1373.30,1374.50,1736
2026-09-15 12:49:00,1374.50,1374.60,1373.50,1373.50,1504
2026-09-15 12:50:00,1373.50,1374.60,1373.50,1374.20,1101
2026-09-15 12:51:00,1374.40,1375.40,1374.20,1375.30,6040
2026-09-15 12:52:00,1375.40,1375.80,1375.00,1375.80,2270
2026-09-15 12:53:00,1375.20,1375.80,1375.20,1375.30,789
2026-09-15 12:54:00,1375.80,1376.50,1375.30,1375.60,7577
2026-09-15 12:55:00,1375.60,1376.30,1375.60,1376.20,3497
2026-09-15 12:56:00,1376.20,1376.20,1375.80,1375.80,1078
2026-09-15 12:57:00,1376.20,1376.20,1375.80,1375.80,752
2026-09-15 12:58:00,1375.80,1376.20,1375.40,1375.60,4721
2026-09-15 12:59:00,1376.10,1376.20,1375.60,1376.10,3303
2026-09-15 13:00:00,1375.60,1376.20,1375.50,1375.70,1286
2026-09-15 13:01:00,1375.70,1376.20,1375.40,1375.50,5765
2026-09-15 13:02:00,1375.50,1376.20,1375.50,1376.20,2183
2026-09-15 13:03:00,1376.20,1376.20,1375.50,1375.70,3646
2026-09-15 13:04:00,1376.20,1376.20,1375.70,1376.20,1378
2026-09-15 13:05:00,1376.20,1376.20,1375.70,1375.70,2144
2026-09-15 13:06:00,1375.70,1376.20,1375.50,1375.50,3596
2026-09-15 13:07:00,1376.20,1376.20,1375.60,1375.70,1430
2026-09-15 13:08:00,1376.20,1376.20,1375.70,1376.20,4139
2026-09-15 13:09:00,1375.70,1376.20,1375.60,1376.20,1599
2026-09-15 13:10:00,1375.70,1376.20,1375.50,1376.10,9017
2026-09-15 13:11:00,1375.60,1376.20,1374.50,1375.60,17521
2026-09-15 13:12:00,1376.20,1376.20,1375.60,1375.60,1546
2026-09-15 13:13:00,1376.20,1376.20,1375.60,1375.70,1318
2026-09-15 13:14:00,1375.70,1376.20,1375.70,1375.70,3331
2026-09-15 13:15:00,1375.70,1375.70,1370.50,1370.60,9134
2026-09-15 13:16:00,1370.90,1371.50,1370.20,1370.20,2158
2026-09-15 13:17:00,1370.20,1371.00,1370.20,1370.30,3263
2026-09-15 13:18:00,1367.80,1369.20,1367.80,1368.90,21231
2026-09-15 13:19:00,1369.20,1369.70,1368.90,1369.20,1487
2026-09-15 13:20:00,1369.20,1369.50,1368.80,1368.90,2167
2026-09-15 13:21:00,1368.90,1368.90,1368.80,1368.80,565
2026-09-15 13:22:00,1368.90,1369.30,1368.50,1368.80,2609
2026-09-15 13:23:00,1368.80,1370.30,1368.80,1370.00,3470
2026-09-15 13:24:00,1370.30,1370.40,1369.80,1370.10,1657
2026-09-15 13:25:00,1370.00,1370.10,1369.80,1369.80,754
2026-09-15 13:26:00,1369.80,1370.20,1369.80,1370.20,930
2026-09-15 13:27:00,1370.20,1370.90,1370.00,1370.00,3026
2026-09-15 13:28:00,1370.00,1370.70,1370.00,1370.40,1023
2026-09-15 13:29:00,1370.40,1370.70,1370.00,1370.40,1025
2026-09-15 13:30:00,1370.40,1370.70,1370.00,1370.00,740
2026-09-15 13:31:00,1370.00,1370.10,1369.90,1370.00,1633
2026-09-15 13:32:00,1370.00,1370.10,1369.90,1370.00,795
2026-09-15 13:33:00,1370.00,1370.10,1369.90,1370.00,1405
2026-09-15 13:34:00,1370.00,1370.20,1369.90,1370.00,1176
2026-09-15 13:35:00,1370.00,1370.10,1369.80,1370.00,816
2026-09-15 13:36:00,1370.00,1370.40,1370.00,1370.40,1816
2026-09-15 13:37:00,1370.30,1370.40,1370.30,1370.30,800
2026-09-15 13:38:00,1370.30,1370.40,1370.10,1370.10,1723
2026-09-15 13:39:00,1370.10,1370.30,1369.60,1370.00,1214
2026-09-15 13:40:00,1370.00,1370.20,1370.00,1370.10,1484
2026-09-15 13:41:00,1370.20,1370.20,1370.00,1370.20,2678
2026-09-15 13:42:00,1370.40,1370.40,1369.70,1370.10,2708
2026-09-15 13:43:00,1370.10,1370.20,1370.00,1370.00,735
2026-09-15 13:44:00,1370.00,1370.10,1370.00,1370.00,2417
2026-09-15 13:45:00,1370.00,1370.40,1370.00,1370.30,1613
2026-09-15 13:46:00,1370.30,1370.40,1370.00,1370.00,914
2026-09-15 13:47:00,1370.00,1370.10,1370.00,1370.10,902
2026-09-15 13:48:00,1370.10,1370.40,1370.10,1370.40,1388
2026-09-15 13:49:00,1370.40,1370.40,1370.30,1370.40,738
2026-09-15 13:50:00,1370.40,1370.80,1370.30,1370.60,2230
2026-09-15 13:51:00,1370.60,1370.80,1370.10,1370.10,1048
2026-09-15 13:52:00,1370.10,1370.50,1370.10,1370.30,1023
2026-09-15 13:53:00,1370.30,1370.40,1370.10,1370.20,1177
2026-09-15 13:54:00,1370.30,1370.40,1370.10,1370.10,1416
2026-09-15 13:55:00,1370.10,1370.40,1370.00,1370.00,1316
2026-09-15 13:56:00,1370.40,1370.40,1370.00,1370.10,1390
2026-09-15 13:57:00,1370.10,1370.30,1369.90,1370.00,3871
2026-09-15 13:58:00,1370.00,1370.10,1370.00,1370.00,1369
2026-09-15 13:59:00,1370.00,1370.10,1369.20,1370.10,22789
2026-09-15 14:00:00,1370.10,1370.10,1369.40,1370.10,11518
2026-09-15 14:01:00,1370.00,1370.50,1370.00,1370.50,2410
2026-09-15 14:02:00,1370.50,1370.70,1370.40,1370.60,758
2026-09-15 14:03:00,1370.60,1370.70,1370.60,1370.60,817
2026-09-15 14:04:00,1370.60,1370.70,1370.60,1370.60,912
2026-09-15 14:05:00,1370.60,1370.70,1370.20,1370.50,1192
2026-09-15 14:06:00,1370.50,1370.50,1370.10,1370.20,1167
2026-09-15 14:07:00,1370.30,1370.40,1370.10,1370.20,1360
2026-09-15 14:08:00,1370.40,1370.50,1370.00,1370.50,737
2026-09-15 14:09:00,1370.50,1370.60,1370.00,1370.20,1444
2026-09-15 14:10:00,1370.20,1370.40,1370.00,1370.10,1432
2026-09-15 14:11:00,1370.10,1370.10,1370.00,1370.00,980
2026-09-15 14:12:00,1370.10,1370.10,1370.00,1370.00,3315
2026-09-15 14:13:00,1370.10,1370.10,1370.00,1370.00,1279
2026-09-15 14:14:00,1370.00,1370.10,1370.00,1370.00,1052
2026-09-15 14:15:00,1370.00,1370.10,1369.60,1370.00,8765
2026-09-15 14:16:00,1370.10,1370.10,1370.00,1370.00,1680
2026-09-15 14:17:00,1370.00,1370.10,1370.00,1370.00,4553
2026-09-15 14:18:00,1370.00,1370.30,1370.00,1370.30,1992
2026-09-15 14:19:00,1370.30,1370.40,1370.20,1370.30,1154
2026-09-15 14:20:00,1370.20,1370.30,1370.10,1370.20,945
2026-09-15 14:21:00,1370.30,1370.30,1370.00,1370.00,1547
2026-09-15 14:22:00,1370.00,1370.80,1370.00,1370.80,2341
2026-09-15 14:23:00,1370.80,1370.80,1370.00,1370.30,1618
2026-09-15 14:24:00,1370.30,1370.30,1370.00,1370.20,1843
2026-09-15 14:25:00,1370.10,1370.20,1370.00,1370.00,2649
2026-09-15 14:26:00,1370.00,1371.90,1370.00,1371.10,57290
2026-09-15 14:27:00,1371.20,1371.30,1370.90,1371.30,4469
2026-09-15 14:28:00,1371.30,1371.50,1371.10,1371.30,1180
2026-09-15 14:29:00,1371.30,1371.40,1371.10,1371.30,1296
2026-09-15 14:30:00,1371.30,1371.30,1371.10,1371.10,1022
2026-09-15 14:31:00,1371.10,1371.30,1371.10,1371.30,1568
2026-09-15 14:32:00,1371.30,1373.60,1371.20,1373.30,39127
2026-09-15 14:33:00,1373.30,1373.30,1373.00,1373.00,1029
2026-09-15 14:34:00,1373.30,1374.20,1373.00,1373.70,30554
2026-09-15 14:35:00,1373.60,1373.60,1373.00,1373.60,1656
2026-09-15 14:36:00,1373.30,1374.10,1373.30,1374.10,1519
2026-09-15 14:37:00,1374.10,1374.40,1373.90,1373.90,2241
2026-09-15 14:38:00,1373.90,1374.30,1373.20,1374.30,2502
2026-09-15 14:39:00,1374.30,1374.60,1374.20,1374.40,2346
2026-09-15 14:40:00,1374.20,1374.20,1373.00,1373.60,4193
2026-09-15 14:41:00,1373.70,1373.70,1373.50,1373.60,1447
2026-09-15 14:42:00,1373.60,1373.60,1373.10,1373.60,2173
2026-09-15 14:43:00,1373.60,1373.60,1373.00,1373.30,1498
2026-09-15 14:44:00,1373.30,1374.20,1373.10,1373.40,3558
2026-09-15 14:45:00,1373.40,1373.40,1373.00,1373.20,15462
2026-09-15 14:46:00,1373.30,1373.30,1373.00,1373.00,3238
2026-09-15 14:47:00,1373.00,1373.10,1373.00,1373.10,11706
2026-09-15 14:48:00,1373.00,1373.10,1369.70,1370.80,8976
2026-09-15 14:49:00,1370.50,1371.30,1370.00,1370.50,2126
2026-09-15 14:50:00,1370.80,1370.80,1370.00,1370.30,3553
2026-09-15 14:51:00,1370.60,1371.60,1370.00,1370.30,7019
2026-09-15 14:52:00,1370.20,1371.10,1370.10,1370.10,1381
2026-09-15 14:53:00,1370.10,1370.40,1369.50,1369.90,2830
2026-09-15 14:54:00,1369.80,1370.10,1368.70,1368.70,3153
2026-09-15 14:55:00,1368.60,1369.20,1368.10,1368.50,3948
2026-09-15 14:56:00,1368.70,1369.90,1368.70,1368.80,4734
2026-09-15 14:57:00,1368.80,1369.30,1368.60,1369.30,3187
2026-09-15 14:58:00,1369.10,1369.40,1368.80,1369.30,2931
2026-09-15 14:59:00,1369.00,1369.20,1367.80,1367.90,4331
2026-09-15 15:00:00,1367.90,1367.90,1365.10,1366.10,7470
2026-09-15 15:01:00,1366.10,1366.40,1364.80,1366.10,7754
2026-09-15 15:02:00,1366.10,1366.20,1365.30,1365.60,2703
2026-09-15 15:03:00,1365.90,1366.50,1365.50,1366.40,7316
2026-09-15 15:04:00,1366.40,1367.60,1366.00,1367.30,1998
2026-09-15 15:05:00,1367.10,1367.30,1366.00,1366.40,5362
2026-09-15 15:06:00,1366.40,1366.40,1365.20,1365.90,2556
2026-09-15 15:07:00,1366.00,1366.40,1365.90,1366.00,5472
2026-09-15 15:08:00,1366.10,1366.10,1365.10,1365.60,4888
2026-09-15 15:09:00,1365.80,1365.90,1365.20,1365.60,3152
2026-09-15 15:10:00,1365.40,1366.70,1365.40,1366.70,13319
2026-09-15 15:11:00,1366.60,1368.00,1366.20,1367.90,8001
2026-09-15 15:12:00,1368.10,1368.10,1365.60,1366.70,9570
2026-09-15 15:13:00,1367.90,1369.20,1367.20,1369.00,6146
2026-09-15 15:14:00,1369.20,1371.20,1365.00,1366.30,4861
2026-09-15 15:15:00,1366.30,1366.30,1366.30,1366.30,0
2026-09-15 15:16:00,1366.30,1366.30,1366.30,1366.30,0
2026-09-15 15:17:00,1366.30,1366.30,1366.30,1366.30,0
2026-09-15 15:18:00,1366.30,1366.30,1366.30,1366.30,0
2026-09-15 15:19:00,1366.30,1366.30,1366.30,1366.30,0
2026-09-15 15:20:00,1366.30,1366.30,1366.30,1366.30,0
2026-09-15 15:21:00,1366.30,1366.30,1366.30,1366.30,0
2026-09-15 15:22:00,1366.30,1366.30,1366.30,1366.30,0
2026-09-15 15:23:00,1366.30,1366.30,1366.30,1366.30,0
2026-09-15 15:24:00,1366.30,1366.30,1366.30,1366.30,0
2026-09-15 15:25:00,1366.30,1366.30,1366.30,1366.30,0
2026-09-15 15:26:00,1366.30,1366.30,1366.30,1366.30,0
2026-09-15 15:27:00,1366.30,1366.30,1366.30,1366.30,0
2026-09-15 15:28:00,1366.30,1366.30,1366.30,1366.30,0
2026-09-15 15:29:00,1362.00,1362.00,1362.00,1362.00,94898
2026-09-16 09:15:00,1369.20,1386.10,1368.70,1385.80,26136
2026-09-16 09:16:00,1386.30,1394.50,1384.90,1393.10,38738
2026-09-16 09:17:00,1393.60,1395.00,1385.90,1391.40,20613
2026-09-16 09:18:00,1391.50,1396.00,1390.80,1396.00,16691
2026-09-16 09:19:00,1396.00,1396.10,1393.60,1395.20,16446
2026-09-16 09:20:00,1395.60,1397.00,1391.80,1393.20,30453
2026-09-16 09:21:00,1393.20,1393.50,1389.00,1389.70,25654
2026-09-16 09:22:00,1389.80,1390.70,1386.80,1390.20,18598
2026-09-16 09:23:00,1390.20,1394.60,1389.60,1393.20,21517
2026-09-16 09:24:00,1393.20,1393.40,1391.00,1392.50,16299
2026-09-16 09:25:00,1393.60,1393.60,1391.30,1391.70,8695
2026-09-16 09:26:00,1392.00,1393.00,1391.10,1391.10,8499
2026-09-16 09:27:00,1391.10,1391.90,1389.20,1390.10,6833
2026-09-16 09:28:00,1390.10,1390.10,1386.00,1387.00,17238
2026-09-16 09:29:00,1385.80,1386.90,1383.20,1384.50,25272
2026-09-16 09:30:00,1384.50,1385.20,1383.40,1385.20,9531
2026-09-16 09:31:00,1384.90,1387.70,1384.90,1386.50,9216
2026-09-16 09:32:00,1386.30,1386.30,1385.20,1385.80,3729
2026-09-16 09:33:00,1386.50,1389.50,1386.20,1389.40,9049
2026-09-16 09:34:00,1389.40,1389.90,1388.80,1389.90,9798
2026-09-16 09:35:00,1389.40,1389.70,1387.60,1388.20,6490
2026-09-16 09:36:00,1387.70,1388.40,1387.20,1387.60,5149
2026-09-16 09:37:00,1388.00,1390.00,1387.90,1388.20,8647
2026-09-16 09:38:00,1388.00,1389.30,1387.30,1388.50,14934
2026-09-16 09:39:00,1387.80,1388.90,1384.50,1385.10,13878
2026-09-16 09:40:00,1384.90,1385.80,1384.20,1384.80,7169
2026-09-16 09:41:00,1384.50,1384.80,1382.80,1383.60,6461
2026-09-16 09:42:00,1383.20,1384.00,1382.60,1383.60,13442
2026-09-16 09:43:00,1384.00,1384.00,1378.60,1378.70,14629
2026-09-16 09:44:00,1379.00,1380.00,1378.80,1379.30,8968
2026-09-16 09:45:00,1379.10,1380.00,1378.50,1380.00,5460
2026-09-16 09:46:00,1379.90,1383.30,1379.40,1383.30,9541
2026-09-16 09:47:00,1383.10,1383.20,1380.60,1381.00,4038
2026-09-16 09:48:00,1381.00,1383.00,1380.60,1382.50,3468
2026-09-16 09:49:00,1382.90,1383.20,1382.10,1383.00,7508
2026-09-16 09:50:00,1382.20,1383.00,1381.80,1382.30,4190
2026-09-16 09:51:00,1382.80,1382.80,1381.70,1382.20,2088
2026-09-16 09:52:00,1382.20,1385.50,1382.20,1383.90,7312
2026-09-16 09:53:00,1384.20,1384.20,1382.60,1384.00,5069
2026-09-16 09:54:00,1384.00,1384.80,1383.90,1384.60,2529
2026-09-16 09:55:00,1384.90,1385.80,1384.00,1384.70,7962
2026-09-16 09:56:00,1384.70,1386.90,1380.70,1381.90,17038
2026-09-16 09:57:00,1381.40,1385.40,1381.40,1383.00,4060
2026-09-16 09:58:00,1383.50,1383.90,1382.20,1383.00,1641
2026-09-16 09:59:00,1383.00,1384.50,1379.10,1379.10,12082
2026-09-16 10:00:00,1379.10,1381.90,1379.10,1381.90,4465
2026-09-16 10:01:00,1382.20,1384.10,1382.00,1382.90,5067
2026-09-16 10:02:00,1383.20,1383.20,1380.90,1381.10,5161
2026-09-16 10:03:00,1381.20,1382.90,1381.20,1382.80,1688
2026-09-16 10:04:00,1382.80,1382.80,1381.20,1382.00,4696
2026-09-16 10:05:00,1382.00,1382.00,1380.50,1381.80,2802
2026-09-16 10:06:00,1381.00,1381.80,1380.40,1381.00,2255
2026-09-16 10:07:00,1380.50,1382.70,1380.40,1381.10,6508
2026-09-16 10:08:00,1381.60,1382.60,1380.90,1380.90,2734
2026-09-16 10:09:00,1381.40,1382.00,1380.90,1381.20,2109
2026-09-16 10:10:00,1381.20,1382.00,1380.20,1380.20,3878
2026-09-16 10:11:00,1380.20,1383.00,1380.20,1383.00,4392
2026-09-16 10:12:00,1383.00,1383.10,1382.20,1382.20,3630
2026-09-16 10:13:00,1382.20,1382.70,1381.70,1381.70,821
2026-09-16 10:14:00,1381.70,1382.00,1381.00,1381.20,2112
2026-09-16 10:15:00,1381.20,1382.40,1381.20,1382.40,1967
2026-09-16 10:16:00,1381.80,1382.70,1381.80,1382.70,3224
2026-09-16 10:17:00,1382.70,1383.20,1382.30,1382.90,3930
2026-09-16 10:18:00,1383.50,1383.90,1383.10,1383.80,2506
2026-09-16 10:19:00,1383.50,1383.80,1381.70,1382.30,2669
2026-09-16 10:20:00,1382.00,1383.90,1382.00,1383.00,1956
2026-09-16 10:21:00,1383.30,1383.70,1382.50,1383.00,1720
2026-09-16 10:22:00,1383.20,1383.70,1380.10,1381.20,4056
2026-09-16 10:23:00,1381.30,1383.90,1381.10,1383.70,3554
2026-09-16 10:24:00,1383.70,1384.40,1383.20,1383.90,4566
2026-09-16 10:25:00,1383.40,1383.50,1382.00,1382.00,2075
2026-09-16 10:26:00,1382.00,1382.30,1381.50,1382.00,1467
2026-09-16 10:27:00,1382.70,1382.70,1382.00,1382.20,1342
2026-09-16 10:28:00,1382.20,1382.90,1382.10,1382.80,1531
2026-09-16 10:29:00,1383.00,1383.00,1381.50,1381.80,2689
2026-09-16 10:30:00,1382.00,1382.30,1381.20,1382.20,4316
2026-09-16 10:31:00,1382.20,1382.50,1381.80,1382.40,1062
2026-09-16 10:32:00,1382.90,1384.30,1382.90,1384.30,1732
2026-09-16 10:33:00,1383.80,1384.30,1383.80,1384.00,1316
2026-09-16 10:34:00,1383.80,1384.00,1382.50,1383.40,2900
2026-09-16 10:35:00,1383.40,1383.50,1382.00,1382.50,1306
2026-09-16 10:36:00,1382.50,1382.50,1381.80,1381.80,1299
2026-09-16 10:37:00,1381.90,1381.90,1381.10,1381.60,2646
2026-09-16 10:38:00,1381.20,1383.00,1381.20,1382.60,1283
2026-09-16 10:39:00,1382.40,1383.00,1382.00,1382.80,1372
2026-09-16 10:40:00,1382.80,1382.90,1382.80,1382.90,850
2026-09-16 10:41:00,1382.90,1384.60,1382.80,1384.60,4409
2026-09-16 10:42:00,1385.10,1385.80,1383.80,1384.00,4986
2026-09-16 10:43:00,1384.00,1384.30,1383.80,1384.30,1118
2026-09-16 10:44:00,1383.60,1383.70,1382.50,1383.00,2129
2026-09-16 10:45:00,1383.00,1384.20,1382.10,1382.90,4259
2026-09-16 10:46:00,1382.50,1383.50,1382.10,1383.20,1405
2026-09-16 10:47:00,1382.70,1383.40,1382.60,1383.10,1295
2026-09-16 10:48:00,1383.00,1383.40,1382.50,1383.00,3296
2026-09-16 10:49:00,1382.60,1383.60,1382.50,1383.50,1116
2026-09-16 10:50:00,1383.50,1383.50,1382.90,1383.50,1425
2026-09-16 10:51:00,1383.20,1384.00,1383.10,1383.70,1533
2026-09-16 10:52:00,1383.30,1383.70,1383.00,1383.10,1710
2026-09-16 10:53:00,1383.30,1383.30,1382.50,1383.10,1113
2026-09-16 10:54:00,1382.40,1382.80,1381.20,1381.40,1456
2026-09-16 10:55:00,1381.00,1382.00,1380.70,1381.60,2559
2026-09-16 10:56:00,1381.60,1382.00,1381.30,1382.00,1076
2026-09-16 10:57:00,1381.90,1382.50,1381.20,1381.60,1645
2026-09-16 10:58:00,1382.10,1382.10,1380.60,1381.60,1809
2026-09-16 10:59:00,1381.60,1381.70,1380.40,1381.70,1222
2026-09-16 11:00:00,1381.70,1383.30,1381.70,1383.30,1362
2026-09-16 11:01:00,1383.30,1384.30,1383.00,1384.00,1907
2026-09-16 11:02:00,1383.80,1383.80,1382.90,1383.70,2081
2026-09-16 11:03:00,1383.70,1384.10,1383.70,1383.80,1194
2026-09-16 11:04:00,1383.80,1384.90,1383.40,1384.50,1347
2026-09-16 11:05:00,1384.50,1384.70,1383.20,1384.20,2283
2026-09-16 11:06:00,1384.70,1384.70,1384.00,1384.60,509
2026-09-16 11:07:00,1384.20,1384.60,1384.20,1384.50,377
2026-09-16 11:08:00,1384.30,1384.90,1383.30,1384.40,3004
2026-09-16 11:09:00,1384.60,1384.90,1384.40,1384.90,753
2026-09-16 11:10:00,1384.50,1385.40,1384.50,1384.90,4850
2026-09-16 11:11:00,1385.10,1385.70,1384.40,1384.90,1692
2026-09-16 11:12:00,1384.90,1385.90,1384.90,1385.80,999
2026-09-16 11:13:00,1385.80,1386.30,1384.90,1386.00,2854
2026-09-16 11:14:00,1385.70,1385.90,1385.70,1385.90,534
2026-09-16 11:15:00,1386.30,1386.80,1386.00,1386.30,5514
2026-09-16 11:16:00,1386.00,1386.80,1386.00,1386.30,1058
2026-09-16 11:17:00,1386.30,1388.90,1386.20,1388.20,12005
2026-09-16 11:18:00,1387.90,1388.80,1387.90,1388.50,1809
2026-09-16 11:19:00,1388.50,1388.90,1387.80,1388.60,2804
2026-09-16 11:20:00,1388.20,1388.60,1388.10,1388.30,980
2026-09-16 11:21:00,1388.60,1388.60,1387.30,1387.70,1207
2026-09-16 11:22:00,1387.90,1388.60,1387.90,1388.60,2409
2026-09-16 11:23:00,1388.40,1388.90,1387.00,1387.30,3085
2026-09-16 11:24:00,1387.40,1387.90,1386.70,1387.10,545
2026-09-16 11:25:00,1386.80,1387.50,1386.60,1386.70,3432
2026-09-16 11:26:00,1386.70,1387.00,1384.70,1384.70,3330
2026-09-16 11:27:00,1385.00,1385.40,1384.80,1385.10,937
2026-09-16 11:28:00,1385.40,1385.80,1384.60,1385.00,1672
2026-09-16 11:29:00,1384.60,1385.00,1383.80,1383.80,1161
2026-09-16 11:30:00,1383.90,1384.40,1383.50,1383.60,2782
2026-09-16 11:31:00,1384.30,1384.30,1383.60,1384.00,1315
2026-09-16 11:32:00,1383.80,1384.00,1383.00,1383.40,1079
2026-09-16 11:33:00,1383.00,1383.80,1383.00,1383.80,1347
2026-09-16 11:34:00,1383.80,1383.80,1382.60,1383.00,2094
2026-09-16 11:35:00,1383.00,1383.60,1382.10,1382.60,2671
2026-09-16 11:36:00,1382.00,1383.80,1381.90,1383.50,2501
2026-09-16 11:37:00,1383.10,1383.90,1382.60,1383.60,3118
2026-09-16 11:38:00,1383.00,1384.10,1383.00,1384.00,1997
2026-09-16 11:39:00,1383.60,1385.00,1383.60,1385.00,1257
2026-09-16 11:40:00,1385.20,1385.20,1384.10,1385.20,1996
2026-09-16 11:41:00,1385.60,1385.60,1385.10,1385.20,1042
2026-09-16 11:42:00,1385.30,1385.60,1385.20,1385.50,1384
2026-09-16 11:43:00,1385.50,1385.70,1384.00,1385.70,2958
2026-09-16 11:44:00,1385.30,1386.20,1385.30,1385.40,2726
2026-09-16 11:45:00,1386.30,1386.30,1383.10,1383.70,4741
2026-09-16 11:46:00,1383.70,1385.70,1383.60,1385.00,5111
2026-09-16 11:47:00,1385.20,1385.50,1384.90,1385.00,1698
2026-09-16 11:48:00,1385.00,1385.20,1384.20,1384.80,2637
2026-09-16 11:49:00,1384.90,1387.80,1384.90,1387.10,13243
2026-09-16 11:50:00,1387.20,1387.90,1386.70,1387.20,4253
2026-09-16 11:51:00,1387.70,1389.40,1387.10,1388.70,4912
2026-09-16 11:52:00,1389.30,1389.30,1388.20,1389.00,1525
2026-09-16 11:53:00,1388.60,1390.70,1388.50,1390.70,3768
2026-09-16 11:54:00,1390.70,1391.90,1390.10,1391.20,16146
2026-09-16 11:55:00,1391.20,1391.50,1389.30,1390.20,4184
2026-09-16 11:56:00,1390.00,1391.00,1388.60,1389.70,11049
2026-09-16 11:57:00,1389.20,1390.30,1389.10,1389.10,3521
2026-09-16 11:58:00,1389.60,1389.60,1388.80,1389.40,1462
2026-09-16 11:59:00,1389.20,1389.40,1388.10,1388.50,2345
2026-09-16 12:00:00,1388.80,1389.50,1388.30,1388.90,3318
2026-09-16 12:01:00,1388.80,1389.00,1388.10,1388.90,2062
2026-09-16 12:02:00,1388.90,1389.40,1388.00,1389.40,6837
2026-09-16 12:03:00,1389.40,1390.00,1389.10,1389.70,1924
2026-09-16 12:04:00,1389.70,1390.60,1389.60,1390.30,3355
2026-09-16 12:05:00,1390.50,1391.00,1390.40,1391.00,2427
2026-09-16 12:06:00,1391.00,1391.00,1390.00,1390.00,2881
2026-09-16 12:07:00,1390.30,1390.70,1389.90,1390.70,2367
2026-09-16 12:08:00,1390.70,1390.70,1389.90,1389.90,1125
2026-09-16 12:09:00,1390.40,1390.40,1389.90,1390.20,916
2026-09-16 12:10:00,1390.30,1390.90,1390.20,1390.70,2031
2026-09-16 12:11:00,1390.70,1390.90,1390.00,1390.30,2265
2026-09-16 12:12:00,1390.30,1391.50,1390.30,1391.30,2927
2026-09-16 12:13:00,1391.40,1392.90,1391.30,1391.50,7179
2026-09-16 12:14:00,1391.50,1391.50,1389.90,1389.90,11960
2026-09-16 12:15:00,1389.90,1390.50,1389.00,1389.10,2718
2026-09-16 12:16:00,1389.50,1390.30,1389.10,1389.80,2133
2026-09-16 12:17:00,1390.10,1390.30,1389.50,1390.30,2289
2026-09-16 12:18:00,1390.00,1393.00,1390.00,1392.00,6001
2026-09-16 12:19:00,1392.00,1393.90,1391.70,1393.50,5033
2026-09-16 12:20:00,1393.60,1393.60,1392.20,1392.80,1773
2026-09-16 12:21:00,1392.80,1393.50,1392.60,1393.40,1336
2026-09-16 12:22:00,1393.40,1394.20,1393.20,1393.70,4003
2026-09-16 12:23:00,1393.90,1394.10,1393.20,1393.80,2413
2026-09-16 12:24:00,1393.80,1394.10,1392.70,1393.40,2717
2026-09-16 12:25:00,1393.40,1393.40,1392.70,1393.30,1993
2026-09-16 12:26:00,1393.30,1394.00,1393.10,1393.60,2223
2026-09-16 12:27:00,1393.20,1393.50,1393.20,1393.50,1171
2026-09-16 12:28:00,1393.00,1393.00,1392.00,1392.50,5219
2026-09-16 12:29:00,1392.50,1392.50,1392.10,1392.10,720
2026-09-16 12:30:00,1392.10,1392.20,1391.20,1392.20,1923
2026-09-16 12:31:00,1392.30,1392.50,1391.00,1391.90,2751
2026-09-16 12:32:00,1391.70,1392.50,1391.70,1392.50,1480
2026-09-16 12:33:00,1392.50,1392.90,1392.10,1392.60,1685
2026-09-16 12:34:00,1392.60,1392.60,1392.00,1392.20,2653
2026-09-16 12:35:00,1392.40,1392.80,1392.20,1392.50,1528
2026-09-16 12:36:00,1392.60,1392.70,1391.80,1392.70,1776
2026-09-16 12:37:00,1392.70,1393.50,1392.20,1392.90,4513
2026-09-16 12:38:00,1392.90,1393.60,1392.50,1393.20,4971
2026-09-16 12:39:00,1393.40,1393.40,1391.30,1393.20,3109
2026-09-16 12:40:00,1393.20,1393.20,1392.90,1393.10,1187
2026-09-16 12:41:00,1393.00,1393.00,1392.20,1392.90,1265
2026-09-16 12:42:00,1392.90,1393.00,1392.00,1392.00,3192
2026-09-16 12:43:00,1392.00,1392.50,1392.00,1392.30,729
2026-09-16 12:44:00,1392.40,1392.80,1391.50,1392.20,2241
2026-09-16 12:45:00,1392.30,1392.60,1391.80,1391.90,3730
2026-09-16 12:46:00,1391.90,1392.30,1391.80,1392.20,1125
2026-09-16 12:47:00,1392.30,1392.80,1391.00,1391.00,5411
2026-09-16 12:48:00,1391.10,1391.60,1391.00,1391.00,1333
2026-09-16 12:49:00,1391.00,1391.60,1391.00,1391.60,1189
2026-09-16 12:50:00,1391.60,1391.60,1391.00,1391.00,2593
2026-09-16 12:51:00,1391.10,1391.10,1389.00,1390.00,9031
2026-09-16 12:52:00,1390.00,1390.80,1389.50,1390.40,3589
2026-09-16 12:53:00,1390.40,1390.50,1389.50,1390.40,2279
2026-09-16 12:54:00,1390.40,1390.50,1388.60,1389.50,2873
2026-09-16 12:55:00,1390.00,1390.50,1389.70,1390.00,1852
2026-09-16 12:56:00,1390.00,1390.00,1389.00,1389.20,4589
2026-09-16 12:57:00,1389.40,1389.80,1389.00,1389.70,2034
2026-09-16 12:58:00,1389.70,1389.80,1388.90,1388.90,1415
2026-09-16 12:59:00,1388.90,1389.50,1388.40,1388.70,1989
2026-09-16 13:00:00,1388.60,1388.90,1388.60,1388.90,1329
2026-09-16 13:01:00,1388.90,1389.30,1388.40,1388.60,6652
2026-09-16 13:02:00,1388.80,1389.60,1388.80,1389.40,2348
2026-09-16 13:03:00,1389.40,1389.40,1388.80,1389.20,1638
2026-09-16 13:04:00,1389.20,1389.20,1389.10,1389.20,1057
2026-09-16 13:05:00,1389.20,1389.30,1389.10,1389.30,1280
2026-09-16 13:06:00,1389.30,1389.80,1389.20,1389.70,1230
2026-09-16 13:07:00,1389.70,1390.00,1389.60,1389.90,1115
2026-09-16 13:08:00,1390.00,1390.00,1389.50,1389.50,3138
2026-09-16 13:09:00,1389.50,1390.50,1389.00,1390.10,2370
2026-09-16 13:10:00,1390.00,1390.60,1390.00,1390.50,1812
2026-09-16 13:11:00,1390.50,1390.60,1390.10,1390.10,2187
2026-09-16 13:12:00,1389.60,1390.30,1389.40,1389.50,3637
2026-09-16 13:13:00,1390.00,1390.00,1389.00,1389.30,2489
2026-09-16 13:14:00,1389.30,1389.60,1388.80,1389.10,2520
2026-09-16 13:15:00,1389.40,1389.40,1388.50,1389.10,2182
2026-09-16 13:16:00,1389.10,1389.10,1388.40,1388.90,1920
2026-09-16 13:17:00,1388.00,1389.80,1388.00,1389.40,6294
2026-09-16 13:18:00,1389.10,1390.30,1389.10,1390.10,2339
2026-09-16 13:19:00,1390.10,1390.10,1389.70,1390.10,1255
2026-09-16 13:20:00,1390.10,1390.10,1389.80,1389.80,1452
2026-09-16 13:21:00,1389.90,1389.90,1389.80,1389.80,1800
2026-09-16 13:22:00,1389.80,1389.90,1389.40,1389.50,2836
2026-09-16 13:23:00,1389.50,1389.80,1389.10,1389.80,1351
2026-09-16 13:24:00,1389.80,1389.80,1388.70,1389.70,1567
2026-09-16 13:25:00,1389.40,1389.70,1388.50,1388.70,1687
2026-09-16 13:26:00,1389.00,1389.00,1388.20,1388.50,1433
2026-09-16 13:27:00,1388.70,1389.00,1388.40,1388.40,1888
2026-09-16 13:28:00,1388.90,1389.30,1388.20,1388.60,1562
2026-09-16 13:29:00,1388.60,1389.10,1388.00,1388.10,1580
2026-09-16 13:30:00,1388.10,1389.00,1388.00,1388.60,2125
2026-09-16 13:31:00,1388.60,1389.30,1388.10,1389.00,2273
2026-09-16 13:32:00,1389.00,1389.80,1388.70,1389.00,3947
2026-09-16 13:33:00,1389.00,1389.00,1388.00,1388.10,4146
2026-09-16 13:34:00,1388.50,1389.00,1388.10,1388.80,1667
2026-09-16 13:35:00,1389.00,1389.30,1388.90,1389.00,1104
2026-09-16 13:36:00,1389.20,1389.20,1388.90,1388.90,1872
2026-09-16 13:37:00,1388.80,1388.80,1387.70,1387.80,8708
2026-09-16 13:38:00,1387.80,1388.90,1387.50,1388.00,2685
2026-09-16 13:39:00,1388.00,1388.60,1387.60,1388.30,1546
2026-09-16 13:40:00,1388.30,1388.30,1387.20,1387.20,1589
2026-09-16 13:41:00,1387.20,1387.40,1386.60,1387.10,1726
2026-09-16 13:42:00,1387.20,1387.20,1387.10,1387.20,748
2026-09-16 13:43:00,1387.20,1387.70,1387.00,1387.30,2592
2026-09-16 13:44:00,1387.30,1387.80,1386.60,1386.80,2627
2026-09-16 13:45:00,1387.40,1388.60,1387.30,1388.10,9320
2026-09-16 13:46:00,1388.20,1388.40,1387.50,1388.30,1292
2026-09-16 13:47:00,1388.30,1388.30,1387.80,1388.30,970
2026-09-16 13:48:00,1388.30,1389.90,1388.20,1389.80,4066
2026-09-16 13:49:00,1389.90,1390.80,1389.70,1390.70,2640
2026-09-16 13:50:00,1390.70,1391.00,1389.70,1389.70,2373
2026-09-16 13:51:00,1389.70,1391.20,1389.70,1391.00,1667
2026-09-16 13:52:00,1391.00,1391.30,1390.40,1390.40,1951
2026-09-16 13:53:00,1390.80,1391.30,1390.30,1391.20,2129
2026-09-16 13:54:00,1391.30,1391.60,1390.90,1391.60,1231
2026-09-16 13:55:00,1391.60,1391.60,1391.00,1391.50,877
2026-09-16 13:56:00,1390.90,1391.50,1390.50,1390.60,2467
2026-09-16 13:57:00,1390.80,1391.20,1390.30,1391.20,1268
2026-09-16 13:58:00,1390.70,1391.30,1390.10,1391.20,1504
2026-09-16 13:59:00,1391.30,1391.30,1390.60,1391.00,1197
2026-09-16 14:00:00,1390.70,1391.30,1390.30,1390.90,1786
2026-09-16 14:01:00,1390.80,1391.50,1390.80,1391.40,1990
2026-09-16 14:02:00,1391.40,1391.40,1390.90,1391.40,1376
2026-09-16 14:03:00,1391.10,1391.40,1390.50,1391.20,1295
2026-09-16 14:04:00,1391.20,1391.30,1390.50,1390.60,1378
2026-09-16 14:05:00,1390.60,1391.00,1390.40,1390.90,1284
2026-09-16 14:06:00,1390.50,1391.60,1390.40,1390.60,2238
2026-09-16 14:07:00,1390.80,1391.30,1390.80,1391.00,2185
2026-09-16 14:08:00,1391.20,1391.20,1390.00,1390.40,1146
2026-09-16 14:09:00,1390.00,1390.80,1390.00,1390.40,2131
2026-09-16 14:10:00,1390.40,1390.80,1389.90,1390.70,1629
2026-09-16 14:11:00,1390.70,1391.00,1390.30,1391.00,1556
2026-09-16 14:12:00,1391.00,1391.20,1390.90,1391.10,2248
2026-09-16 14:13:00,1391.10,1391.20,1390.00,1390.10,1888
2026-09-16 14:14:00,1390.00,1390.50,1389.70,1390.50,1493
2026-09-16 14:15:00,1390.50,1390.70,1390.10,1390.70,1477
2026-09-16 14:16:00,1390.60,1390.60,1389.60,1390.10,1926
2026-09-16 14:17:00,1390.10,1390.10,1389.20,1389.70,1678
2026-09-16 14:18:00,1389.70,1389.90,1389.30,1389.80,1306
2026-09-16 14:19:00,1389.80,1390.00,1389.20,1389.90,2534
2026-09-16 14:20:00,1389.90,1390.50,1389.20,1390.40,1779
2026-09-16 14:21:00,1390.40,1390.40,1389.10,1389.40,1793
2026-09-16 14:22:00,1389.20,1389.50,1389.20,1389.40,1755
2026-09-16 14:23:00,1389.40,1389.40,1389.20,1389.20,1533
2026-09-16 14:24:00,1389.20,1389.30,1388.60,1389.30,2175
2026-09-16 14:25:00,1389.20,1389.40,1388.30,1389.20,2141
2026-09-16 14:26:00,1389.20,1389.20,1388.50,1389.00,1665
2026-09-16 14:27:00,1388.50,1388.80,1388.10,1388.80,1780
2026-09-16 14:28:00,1388.70,1388.70,1388.20,1388.70,2257
2026-09-16 14:29:00,1388.60,1389.30,1388.00,1388.00,4036
2026-09-16 14:30:00,1388.40,1388.40,1387.90,1388.40,1877
2026-09-16 14:31:00,1388.20,1388.40,1387.40,1388.10,2269
2026-09-16 14:32:00,1388.10,1388.10,1386.40,1386.90,9970
2026-09-16 14:33:00,1386.90,1387.90,1386.70,1387.00,3740
2026-09-16 14:34:00,1387.00,1388.90,1387.00,1388.20,8020
2026-09-16 14:35:00,1387.80,1388.20,1386.90,1387.40,5456
2026-09-16 14:36:00,1387.00,1388.10,1387.00,1387.50,2385
2026-09-16 14:37:00,1387.50,1387.70,1386.90,1387.40,2522
2026-09-16 14:38:00,1387.40,1387.70,1387.10,1387.30,1987
2026-09-16 14:39:00,1387.30,1387.70,1387.00,1387.60,1976
2026-09-16 14:40:00,1387.60,1387.70,1387.20,1387.70,2014
2026-09-16 14:41:00,1387.60,1388.00,1387.20,1387.60,3456
2026-09-16 14:42:00,1387.60,1387.60,1386.90,1387.00,1966
2026-09-16 14:43:00,1387.00,1387.40,1386.90,1387.40,1503
2026-09-16 14:44:00,1387.40,1388.90,1387.40,1388.20,5565
2026-09-16 14:45:00,1388.20,1388.70,1388.00,1388.20,2677
2026-09-16 14:46:00,1388.60,1389.10,1388.50,1388.90,6708
2026-09-16 14:47:00,1388.50,1389.50,1388.50,1389.30,3400
2026-09-16 14:48:00,1389.30,1389.90,1388.70,1388.70,3384
2026-09-16 14:49:00,1388.50,1389.00,1388.50,1389.00,2218
2026-09-16 14:50:00,1389.00,1389.10,1387.90,1389.00,3478
2026-09-16 14:51:00,1389.00,1389.40,1388.20,1389.40,8529
2026-09-16 14:52:00,1389.40,1389.50,1388.30,1389.10,2302
2026-09-16 14:53:00,1389.40,1389.40,1388.60,1389.00,2072
2026-09-16 14:54:00,1389.00,1389.20,1388.00,1388.10,1934
2026-09-16 14:55:00,1388.10,1389.10,1388.10,1389.00,5709
2026-09-16 14:56:00,1389.00,1389.30,1388.30,1389.10,2839
2026-09-16 14:57:00,1388.80,1389.10,1387.80,1387.80,4642
2026-09-16 14:58:00,1388.30,1388.30,1387.30,1387.50,3124
2026-09-16 14:59:00,1387.50,1388.40,1387.50,1387.90,5601
2026-09-16 15:00:00,1387.70,1387.70,1386.60,1387.00,7666
2026-09-16 15:01:00,1387.00,1387.50,1386.50,1387.00,7423
2026-09-16 15:02:00,1387.30,1387.40,1387.20,1387.40,3623
2026-09-16 15:03:00,1387.30,1387.50,1387.20,1387.30,4863
2026-09-16 15:04:00,1387.30,1387.50,1387.20,1387.30,9377
2026-09-16 15:05:00,1387.30,1387.30,1386.50,1387.20,6628
2026-09-16 15:06:00,1387.00,1387.30,1386.30,1387.00,19346
2026-09-16 15:07:00,1387.00,1388.50,1386.90,1387.90,13255
2026-09-16 15:08:00,1387.90,1388.10,1387.60,1387.80,5690
2026-09-16 15:09:00,1387.70,1388.70,1387.00,1388.20,10941
2026-09-16 15:10:00,1388.60,1389.10,1386.90,1389.10,12118
2026-09-16 15:11:00,1389.00,1389.40,1388.60,1389.30,8998
2026-09-16 15:12:00,1389.30,1389.30,1386.80,1387.50,22139
2026-09-16 15:13:00,1387.20,1388.70,1387.20,1388.50,4678
2026-09-16 15:14:00,1388.50,1390.00,1384.20,1384.20,4819
2026-09-16 15:15:00,1384.20,1384.20,1384.20,1384.20,5
2026-09-16 15:16:00,1384.20,1384.20,1384.20,1384.20,0
2026-09-16 15:17:00,1384.20,1384.20,1384.20,1384.20,0
2026-09-16 15:18:00,1384.20,1384.20,1384.20,1384.20,0
2026-09-16 15:19:00,1384.20,1384.20,1384.20,1384.20,0
2026-09-16 15:20:00,1384.20,1384.20,1384.20,1384.20,0
2026-09-16 15:21:00,1384.20,1384.20,1384.20,1384.20,0
2026-09-16 15:22:00,1384.20,1384.20,1384.20,1384.20,0
2026-09-16 15:23:00,1384.20,1384.20,1384.20,1384.20,0
2026-09-16 15:24:00,1384.20,1384.20,1384.20,1384.20,0
2026-09-16 15:25:00,1384.20,1384.20,1384.20,1384.20,0
2026-09-16 15:26:00,1384.20,1384.20,1384.20,1384.20,0
2026-09-16 15:27:00,1384.20,1384.20,1384.20,1384.20,0
2026-09-16 15:28:00,1384.20,1384.20,1384.20,1384.20,0
2026-09-16 15:29:00,1384.20,1384.50,1384.20,1384.50,139845
2026-09-17 09:15:00,1384.50,1391.70,1383.00,1386.90,7683
2026-09-17 09:16:00,1385.60,1386.50,1384.50,1384.80,2123
2026-09-17 09:17:00,1384.80,1388.70,1384.00,1388.20,2654
2026-09-17 09:18:00,1388.60,1388.60,1388.20,1388.60,1476
2026-09-17 09:19:00,1388.60,1388.60,1387.10,1387.10,1790
2026-09-17 09:20:00,1387.10,1388.40,1387.10,1387.70,790
2026-09-17 09:21:00,1387.70,1387.70,1384.20,1385.30,1698
2026-09-17 09:22:00,1385.30,1386.20,1385.20,1386.20,1257
2026-09-17 09:23:00,1386.20,1386.20,1385.20,1385.20,1036
2026-09-17 09:24:00,1385.20,1385.50,1385.20,1385.50,203
2026-09-17 09:25:00,1385.40,1385.40,1385.10,1385.30,221
2026-09-17 09:26:00,1385.80,1386.20,1385.40,1385.40,1379
2026-09-17 09:27:00,1385.40,1386.60,1385.40,1386.00,655
2026-09-17 09:28:00,1386.00,1386.70,1386.00,1386.50,773
2026-09-17 09:29:00,1386.50,1386.50,1385.50,1385.50,527
2026-09-17 09:30:00,1385.60,1385.80,1385.20,1385.80,1016
2026-09-17 09:31:00,1386.20,1386.30,1385.10,1385.20,1602
2026-09-17 09:32:00,1385.20,1385.30,1385.10,1385.20,274
2026-09-17 09:33:00,1385.20,1385.30,1385.00,1385.20,434
2026-09-17 09:34:00,1384.70,1385.30,1384.30,1384.80,1616
2026-09-17 09:35:00,1384.70,1384.70,1384.40,1384.70,163
2026-09-17 09:36:00,1384.60,1385.90,1384.30,1385.10,1119
2026-09-17 09:37:00,1385.10,1385.60,1385.00,1385.50,429
2026-09-17 09:38:00,1385.50,1385.50,1385.10,1385.10,185
2026-09-17 09:39:00,1385.10,1385.10,1384.00,1384.20,750
2026-09-17 09:40:00,1384.20,1384.70,1384.00,1384.70,1463
2026-09-17 09:41:00,1384.70,1384.90,1384.10,1384.40,872
2026-09-17 09:42:00,1384.10,1384.40,1383.60,1383.60,1016
2026-09-17 09:43:00,1383.20,1383.60,1382.10,1382.90,2164
2026-09-17 09:44:00,1382.80,1383.30,1381.80,1383.30,1937
2026-09-17 09:45:00,1383.90,1383.90,1382.20,1382.50,815
2026-09-17 09:46:00,1383.00,1383.40,1382.60,1383.40,731
2026-09-17 09:47:00,1383.20,1383.40,1383.10,1383.20,128
2026-09-17 09:48:00,1383.40,1383.40,1383.10,1383.40,270
2026-09-17 09:49:00,1383.50,1383.70,1383.30,1383.50,615
2026-09-17 09:50:00,1383.60,1383.60,1382.90,1382.90,1006
2026-09-17 09:51:00,1383.00,1383.10,1382.30,1383.00,1545
2026-09-17 09:52:00,1383.00,1383.30,1382.60,1383.20,1312
2026-09-17 09:53:00,1383.70,1383.70,1383.10,1383.70,111
2026-09-17 09:54:00,1383.70,1383.70,1383.30,1383.50,169
2026-09-17 09:55:00,1383.50,1383.50,1383.10,1383.50,913
2026-09-17 09:56:00,1383.50,1383.50,1383.30,1383.50,163
2026-09-17 09:57:00,1383.50,1383.60,1383.20,1383.20,776
2026-09-17 09:58:00,1383.60,1385.30,1383.20,1383.90,3907
2026-09-17 09:59:00,1384.70,1384.70,1384.00,1384.60,57
2026-09-17 10:00:00,1384.60,1384.60,1383.40,1383.40,487
2026-09-17 10:01:00,1383.70,1383.70,1383.30,1383.30,1519
2026-09-17 10:02:00,1383.70,1383.70,1383.20,1383.30,566
2026-09-17 10:03:00,1383.50,1383.50,1383.00,1383.50,587
2026-09-17 10:04:00,1383.50,1383.60,1383.30,1383.30,759
2026-09-17 10:05:00,1383.50,1383.60,1383.30,1383.60,860
2026-09-17 10:06:00,1383.50,1383.60,1382.50,1382.60,3940
2026-09-17 10:07:00,1382.60,1383.20,1382.50,1382.60,1451
2026-09-17 10:08:00,1382.50,1382.60,1382.10,1382.20,206
2026-09-17 10:09:00,1382.40,1385.70,1382.40,1385.00,3920
2026-09-17 10:10:00,1385.50,1385.50,1384.10,1384.50,1388
2026-09-17 10:11:00,1384.50,1384.50,1384.20,1384.30,657
2026-09-17 10:12:00,1384.20,1384.20,1383.60,1383.80,362
2026-09-17 10:13:00,1383.80,1383.90,1383.60,1383.90,804
2026-09-17 10:14:00,1383.90,1384.00,1383.90,1383.90,552
2026-09-17 10:15:00,1384.00,1384.20,1384.00,1384.20,739
2026-09-17 10:16:00,1384.20,1384.50,1384.10,1384.50,586
2026-09-17 10:17:00,1384.40,1384.40,1384.10,1384.40,746
2026-09-17 10:18:00,1384.40,1384.40,1384.10,1384.20,489
2026-09-17 10:19:00,1384.20,1384.30,1383.60,1383.80,2008
2026-09-17 10:20:00,1383.80,1384.70,1383.60,1384.60,1426
2026-09-17 10:21:00,1384.30,1384.30,1383.80,1384.20,1142
2026-09-17 10:22:00,1384.20,1384.30,1383.80,1384.20,728
2026-09-17 10:23:00,1384.30,1384.30,1383.30,1383.50,933
2026-09-17 10:24:00,1383.30,1383.50,1383.30,1383.30,507
2026-09-17 10:25:00,1383.40,1383.40,1383.00,1383.20,220
2026-09-17 10:26:00,1383.00,1383.40,1382.90,1382.90,1321
2026-09-17 10:27:00,1383.40,1383.40,1382.90,1383.30,113
2026-09-17 10:28:00,1382.90,1383.40,1382.70,1383.40,792
2026-09-17 10:29:00,1383.10,1384.20,1383.10,1383.50,1303
2026-09-17 10:30:00,1383.50,1383.50,1383.20,1383.50,295
2026-09-17 10:31:00,1383.50,1383.50,1382.60,1382.70,1391
2026-09-17 10:32:00,1382.80,1382.80,1382.20,1382.80,518
2026-09-17 10:33:00,1382.80,1382.80,1382.20,1382.60,400
2026-09-17 10:34:00,1382.20,1382.60,1382.20,1382.40,496
2026-09-17 10:35:00,1382.50,1383.60,1382.40,1383.50,1694
2026-09-17 10:36:00,1383.20,1384.60,1382.60,1384.40,1584
2026-09-17 10:37:00,1385.00,1385.00,1384.50,1384.90,1935
2026-09-17 10:38:00,1384.90,1384.90,1384.30,1384.50,252
2026-09-17 10:39:00,1384.50,1384.50,1384.30,1384.40,247
2026-09-17 10:40:00,1384.40,1385.10,1384.00,1385.00,2638
2026-09-17 10:41:00,1385.00,1385.00,1384.30,1384.80,424
2026-09-17 10:42:00,1384.30,1385.10,1384.30,1385.00,635
2026-09-17 10:43:00,1385.00,1385.10,1384.30,1384.60,440
2026-09-17 10:44:00,1384.90,1384.90,1384.00,1384.50,330
2026-09-17 10:45:00,1384.50,1384.50,1384.00,1384.00,292
2026-09-17 10:46:00,1384.10,1384.10,1383.80,1384.10,446
2026-09-17 10:47:00,1384.10,1384.50,1383.80,1384.50,1133
2026-09-17 10:48:00,1384.10,1384.70,1383.90,1384.30,569
2026-09-17 10:49:00,1384.30,1384.30,1383.60,1383.80,195
2026-09-17 10:50:00,1384.00,1384.10,1383.30,1383.60,5801
2026-09-17 10:51:00,1383.30,1383.60,1383.30,1383.50,378
2026-09-17 10:52:00,1383.60,1383.60,1383.50,1383.50,176
2026-09-17 10:53:00,1383.60,1383.60,1382.60,1383.00,788
2026-09-17 10:54:00,1382.60,1382.90,1382.20,1382.90,2128
2026-09-17 10:55:00,1382.70,1382.90,1382.70,1382.70,297
2026-09-17 10:56:00,1382.90,1383.30,1382.60,1383.00,1106
2026-09-17 10:57:00,1383.30,1383.30,1382.90,1382.90,222
2026-09-17 10:58:00,1382.90,1383.00,1382.60,1382.70,393
2026-09-17 10:59:00,1382.90,1383.40,1382.90,1383.40,997
2026-09-17 11:00:00,1383.30,1383.30,1382.60,1382.90,192
2026-09-17 11:01:00,1382.90,1382.90,1381.90,1381.90,560
2026-09-17 11:02:00,1382.10,1382.10,1381.90,1381.90,163
2026-09-17 11:03:00,1382.00,1382.20,1380.70,1381.90,8614
2026-09-17 11:04:00,1381.20,1381.80,1381.10,1381.50,1635
2026-09-17 11:05:00,1381.50,1381.50,1380.60,1380.80,671
2026-09-17 11:06:00,1380.60,1380.80,1380.10,1380.10,539
2026-09-17 11:07:00,1380.40,1380.40,1379.40,1379.60,1785
2026-09-17 11:08:00,1380.00,1380.00,1379.10,1379.60,260
2026-09-17 11:09:00,1379.60,1379.70,1379.00,1379.70,755
2026-09-17 11:10:00,1379.70,1379.70,1379.00,1379.20,988
2026-09-17 11:11:00,1379.20,1379.20,1378.80,1378.80,305
2026-09-17 11:12:00,1379.00,1379.30,1379.00,1379.20,1112
2026-09-17 11:13:00,1379.30,1379.30,1378.70,1378.80,276
2026-09-17 11:14:00,1379.20,1379.20,1378.60,1379.00,69
2026-09-17 11:15:00,1378.60,1380.80,1378.60,1380.10,4746
2026-09-17 11:16:00,1380.20,1380.20,1379.60,1379.80,316
2026-09-17 11:17:00,1379.60,1380.90,1379.60,1380.40,1120
2026-09-17 11:18:00,1380.50,1380.90,1380.30,1380.70,306
2026-09-17 11:19:00,1379.60,1379.60,1378.90,1378.90,4570
2026-09-17 11:20:00,1378.90,1379.00,1378.50,1378.70,1405
2026-09-17 11:21:00,1379.00,1379.90,1379.00,1379.10,2917
2026-09-17 11:22:00,1379.40,1379.40,1378.80,1379.00,373
2026-09-17 11:23:00,1379.00,1379.60,1378.70,1379.60,1573
2026-09-17 11:24:00,1379.60,1379.60,1378.10,1378.20,1684
2026-09-17 11:25:00,1378.10,1378.50,1377.90,1378.50,1983
2026-09-17 11:26:00,1378.40,1378.50,1377.90,1378.10,1262
2026-09-17 11:27:00,1378.10,1378.10,1376.00,1377.70,8289
2026-09-17 11:28:00,1377.70,1379.00,1376.80,1378.10,2464
2026-09-17 11:29:00,1378.30,1379.20,1378.10,1378.80,1921
2026-09-17 11:30:00,1379.00,1379.00,1378.10,1378.20,4602
2026-09-17 11:31:00,1378.30,1378.30,1377.80,1378.10,1110
2026-09-17 11:32:00,1378.30,1378.60,1378.10,1378.40,1183
2026-09-17 11:33:00,1378.50,1378.50,1378.00,1378.30,92
2026-09-17 11:34:00,1378.20,1378.20,1377.40,1377.40,711
2026-09-17 11:35:00,1377.70,1378.90,1377.00,1378.90,2925
2026-09-17 11:36:00,1378.90,1378.90,1378.20,1378.20,215
2026-09-17 11:37:00,1378.20,1378.30,1378.20,1378.30,195
2026-09-17 11:38:00,1378.20,1378.50,1377.10,1378.30,6179
2026-09-17 11:39:00,1378.50,1378.50,1378.30,1378.50,529
2026-09-17 11:40:00,1378.50,1379.00,1378.40,1378.80,808
2026-09-17 11:41:00,1378.60,1378.80,1378.60,1378.60,375
2026-09-17 11:42:00,1378.70,1379.50,1378.60,1379.20,1185
2026-09-17 11:43:00,1379.40,1379.40,1378.10,1378.40,5562
2026-09-17 11:44:00,1378.40,1378.40,1377.90,1377.90,269
2026-09-17 11:45:00,1377.50,1378.00,1377.40,1377.90,2565
2026-09-17 11:46:00,1377.90,1378.20,1377.60,1377.80,246
2026-09-17 11:47:00,1377.60,1377.80,1377.60,1377.80,833
2026-09-17 11:48:00,1377.80,1377.80,1377.60,1377.70,155
2026-09-17 11:49:00,1377.70,1378.30,1377.30,1378.30,1611
2026-09-17 11:50:00,1378.30,1378.30,1377.50,1377.70,171
2026-09-17 11:51:00,1377.70,1378.30,1376.80,1378.30,11563
2026-09-17 11:52:00,1378.00,1378.70,1378.00,1378.70,1215
2026-09-17 11:53:00,1378.40,1378.90,1378.30,1378.60,691
2026-09-17 11:54:00,1378.50,1378.80,1378.00,1378.00,3638
2026-09-17 11:55:00,1378.40,1378.80,1377.90,1378.30,2765
2026-09-17 11:56:00,1378.20,1378.40,1378.20,1378.40,383
2026-09-17 11:57:00,1378.40,1378.80,1378.30,1378.80,2013
2026-09-17 11:58:00,1379.00,1379.00,1378.40,1378.40,578
2026-09-17 11:59:00,1378.50,1378.50,1377.70,1378.00,4079
2026-09-17 12:00:00,1377.80,1379.00,1377.80,1378.30,1905
2026-09-17 12:01:00,1378.30,1378.40,1377.50,1377.60,1053
2026-09-17 12:02:00,1377.60,1378.00,1377.00,1377.00,2041
2026-09-17 12:03:00,1377.00,1377.80,1377.00,1377.80,2633
2026-09-17 12:04:00,1377.80,1378.10,1377.40,1377.40,1349
2026-09-17 12:05:00,1377.80,1378.50,1377.40,1378.20,1462
2026-09-17 12:06:00,1378.00,1378.20,1378.00,1378.10,2041
2026-09-17 12:07:00,1378.10,1379.30,1378.00,1378.80,2891
2026-09-17 12:08:00,1379.00,1379.00,1378.40,1378.90,1372
2026-09-17 12:09:00,1378.50,1379.80,1378.50,1379.20,22009
2026-09-17 12:10:00,1379.40,1379.40,1378.30,1378.40,2104
2026-09-17 12:11:00,1378.70,1379.50,1378.40,1379.40,3576
2026-09-17 12:12:00,1379.00,1379.40,1379.00,1379.00,961
2026-09-17 12:13:00,1379.20,1380.00,1379.00,1379.60,1359
2026-09-17 12:14:00,1379.70,1380.10,1378.90,1379.30,3489
2026-09-17 12:15:00,1379.60,1379.60,1379.20,1379.20,282
2026-09-17 12:16:00,1379.40,1383.00,1379.30,1382.30,12889
2026-09-17 12:17:00,1382.70,1382.70,1381.60,1381.60,3274
2026-09-17 12:18:00,1382.10,1382.10,1381.10,1381.30,1431
2026-09-17 12:19:00,1381.70,1381.70,1381.20,1381.20,835
2026-09-17 12:20:00,1381.50,1381.90,1381.20,1381.40,3409
2026-09-17 12:21:00,1381.80,1382.50,1381.40,1382.40,2036
2026-09-17 12:22:00,1382.40,1382.40,1381.90,1382.40,940
2026-09-17 12:23:00,1382.60,1382.60,1382.30,1382.30,843
2026-09-17 12:24:00,1382.40,1382.40,1382.00,1382.00,741
2026-09-17 12:25:00,1382.10,1382.10,1381.50,1381.50,1399
2026-09-17 12:26:00,1381.50,1382.00,1381.20,1381.50,605
2026-09-17 12:27:00,1381.70,1381.80,1381.40,1381.70,1123
2026-09-17 12:28:00,1381.70,1382.00,1381.20,1381.50,1669
2026-09-17 12:29:00,1382.00,1382.30,1381.20,1381.90,1213
2026-09-17 12:30:00,1381.90,1381.90,1380.90,1380.90,1151
2026-09-17 12:31:00,1381.00,1382.10,1380.70,1381.40,3779
2026-09-17 12:32:00,1381.40,1382.10,1380.90,1381.60,1564
2026-09-17 12:33:00,1382.00,1382.50,1382.00,1382.00,2335
2026-09-17 12:34:00,1382.20,1382.70,1382.00,1382.60,1517
2026-09-17 12:35:00,1382.70,1383.00,1382.50,1382.70,2090
2026-09-17 12:36:00,1382.70,1382.70,1382.30,1382.60,795
2026-09-17 12:37:00,1382.90,1382.90,1382.30,1382.40,449
2026-09-17 12:38:00,1382.30,1382.80,1382.30,1382.30,1015
2026-09-17 12:39:00,1382.60,1382.90,1382.30,1382.30,918
2026-09-17 12:40:00,1382.30,1382.30,1381.60,1381.90,1323
2026-09-17 12:41:00,1381.90,1381.90,1381.10,1381.10,4466
2026-09-17 12:42:00,1381.60,1381.60,1381.10,1381.10,470
2026-09-17 12:43:00,1381.20,1381.90,1381.10,1381.20,1951
2026-09-17 12:44:00,1381.10,1381.80,1381.10,1381.30,854
2026-09-17 12:45:00,1381.40,1382.10,1381.20,1382.10,3039
2026-09-17 12:46:00,1382.10,1382.10,1380.80,1380.90,2746
2026-09-17 12:47:00,1381.00,1381.00,1380.80,1381.00,700
2026-09-17 12:48:00,1381.00,1381.70,1380.80,1380.80,2789
2026-09-17 12:49:00,1380.50,1380.50,1379.00,1379.50,4012
2026-09-17 12:50:00,1379.70,1380.00,1378.70,1379.00,14227
2026-09-17 12:51:00,1379.40,1379.70,1378.50,1378.50,2683
2026-09-17 12:52:00,1378.90,1378.90,1378.20,1378.30,730
2026-09-17 12:53:00,1378.40,1378.60,1378.30,1378.30,720
2026-09-17 12:54:00,1378.30,1378.90,1378.30,1378.60,2449
2026-09-17 12:55:00,1378.70,1378.70,1378.50,1378.70,588
2026-09-17 12:56:00,1378.50,1378.70,1378.10,1378.10,1329
2026-09-17 12:57:00,1378.20,1378.30,1378.00,1378.20,1347
2026-09-17 12:58:00,1378.30,1378.30,1377.80,1377.80,431
2026-09-17 12:59:00,1377.80,1378.00,1377.60,1377.90,2344
2026-09-17 13:00:00,1378.00,1378.00,1377.50,1378.00,1605
2026-09-17 13:01:00,1377.50,1378.10,1377.50,1377.50,1382
2026-09-17 13:02:00,1377.60,1377.80,1376.70,1377.80,6499
2026-09-17 13:03:00,1378.50,1378.50,1377.80,1378.10,2760
2026-09-17 13:04:00,1378.20,1378.20,1377.30,1377.70,1679
2026-09-17 13:05:00,1377.70,1377.80,1377.30,1377.50,1305
2026-09-17 13:06:00,1377.60,1377.60,1377.50,1377.50,312
2026-09-17 13:07:00,1377.60,1377.60,1377.00,1377.20,3207
2026-09-17 13:08:00,1377.50,1377.50,1377.00,1377.00,1149
2026-09-17 13:09:00,1377.10,1377.20,1377.00,1377.10,1172
2026-09-17 13:10:00,1377.10,1377.30,1377.00,1377.20,1869
2026-09-17 13:11:00,1377.40,1377.70,1377.10,1377.10,1631
2026-09-17 13:12:00,1377.30,1377.60,1377.10,1377.50,982
2026-09-17 13:13:00,1377.60,1377.60,1377.00,1377.00,1742
2026-09-17 13:14:00,1377.20,1377.20,1376.30,1376.30,864
2026-09-17 13:15:00,1376.30,1376.60,1376.10,1376.20,4281
2026-09-17 13:16:00,1376.20,1376.30,1376.10,1376.20,755
2026-09-17 13:17:00,1376.70,1376.70,1376.20,1376.20,895
2026-09-17 13:18:00,1376.30,1376.90,1376.20,1376.80,2460
2026-09-17 13:19:00,1376.90,1376.90,1375.80,1376.00,8393
2026-09-17 13:20:00,1376.20,1376.20,1376.00,1376.10,497
2026-09-17 13:21:00,1376.00,1376.10,1375.90,1376.00,928
2026-09-17 13:22:00,1376.10,1376.40,1375.10,1376.40,19170
2026-09-17 13:23:00,1375.80,1376.10,1375.70,1375.90,974
2026-09-17 13:24:00,1376.00,1376.00,1375.60,1375.60,292
2026-09-17 13:25:00,1375.70,1375.70,1375.60,1375.70,975
2026-09-17 13:26:00,1375.60,1375.80,1375.00,1375.00,2691
2026-09-17 13:27:00,1375.10,1375.10,1373.50,1374.10,8536
2026-09-17 13:28:00,1374.60,1374.60,1373.00,1373.20,2064
2026-09-17 13:29:00,1373.20,1373.20,1371.90,1372.10,3269
2026-09-17 13:30:00,1372.40,1372.40,1371.30,1371.50,2792
2026-09-17 13:31:00,1371.70,1372.90,1371.50,1372.30,1757
2026-09-17 13:32:00,1372.60,1373.90,1372.00,1372.60,3851
2026-09-17 13:33:00,1372.70,1373.30,1372.60,1372.90,2428
2026-09-17 13:34:00,1373.20,1374.60,1372.10,1374.50,13778
2026-09-17 13:35:00,1373.80,1373.80,1372.30,1373.00,2197
2026-09-17 13:36:00,1372.80,1374.00,1372.40,1373.50,2311
2026-09-17 13:37:00,1373.90,1375.50,1373.50,1374.50,4302
2026-09-17 13:38:00,1374.80,1375.20,1374.10,1374.50,5247
2026-09-17 13:39:00,1374.50,1374.90,1374.20,1374.70,1645
2026-09-17 13:40:00,1374.70,1375.10,1374.30,1374.50,1763
2026-09-17 13:41:00,1374.50,1374.80,1373.60,1373.80,970
2026-09-17 13:42:00,1374.00,1374.70,1373.30,1373.60,2433
2026-09-17 13:43:00,1373.60,1373.60,1373.00,1373.30,962
2026-09-17 13:44:00,1373.30,1373.30,1370.80,1371.60,9986
2026-09-17 13:45:00,1372.10,1372.30,1371.50,1371.80,899
2026-09-17 13:46:00,1372.00,1372.30,1371.60,1372.00,640
2026-09-17 13:47:00,1372.20,1372.30,1371.80,1372.00,1082
2026-09-17 13:48:00,1372.30,1372.30,1370.80,1371.00,588
2026-09-17 13:49:00,1370.90,1371.40,1370.80,1370.90,1971
2026-09-17 13:50:00,1371.30,1371.60,1370.80,1371.50,3316
2026-09-17 13:51:00,1371.80,1371.90,1371.40,1371.80,3341
2026-09-17 13:52:00,1371.80,1371.80,1371.60,1371.60,266
2026-09-17 13:53:00,1371.70,1371.70,1370.40,1370.40,2574
2026-09-17 13:54:00,1370.70,1371.30,1370.30,1370.90,2084
2026-09-17 13:55:00,1371.20,1371.60,1370.50,1371.10,2277
2026-09-17 13:56:00,1371.30,1371.80,1370.50,1371.30,4293
2026-09-17 13:57:00,1371.70,1372.00,1371.00,1371.30,1874
2026-09-17 13:58:00,1371.60,1371.60,1370.80,1370.80,2215
2026-09-17 13:59:00,1371.00,1371.60,1370.10,1370.20,2439
2026-09-17 14:00:00,1370.80,1371.40,1370.20,1370.40,3106
2026-09-17 14:01:00,1370.90,1372.00,1370.40,1371.50,1429
2026-09-17 14:02:00,1371.70,1372.30,1371.50,1372.00,2442
2026-09-17 14:03:00,1372.10,1372.10,1370.80,1371.70,1903
2026-09-17 14:04:00,1371.90,1371.90,1371.10,1371.60,2389
2026-09-17 14:05:00,1371.80,1372.10,1371.40,1371.70,960
2026-09-17 14:06:00,1371.70,1372.20,1371.40,1371.40,1385
2026-09-17 14:07:00,1371.60,1372.40,1371.40,1371.80,4153
2026-09-17 14:08:00,1371.60,1372.30,1371.60,1372.30,2993
2026-09-17 14:09:00,1371.70,1372.20,1371.50,1371.50,1959
2026-09-17 14:10:00,1371.80,1372.50,1371.50,1372.10,7759
2026-09-17 14:11:00,1372.10,1378.20,1372.10,1378.00,46181
2026-09-17 14:12:00,1378.20,1380.40,1377.20,1379.00,36519
2026-09-17 14:13:00,1379.30,1380.00,1378.10,1378.70,31403
2026-09-17 14:14:00,1378.90,1379.40,1377.50,1377.80,3197
2026-09-17 14:15:00,1378.10,1378.50,1377.40,1378.50,970
2026-09-17 14:16:00,1378.50,1378.70,1376.40,1376.70,4250
2026-09-17 14:17:00,1377.20,1377.30,1376.40,1377.20,1227
2026-09-17 14:18:00,1377.20,1377.90,1376.80,1377.20,810
2026-09-17 14:19:00,1377.50,1377.50,1376.90,1377.00,1796
2026-09-17 14:20:00,1377.00,1377.30,1376.80,1376.80,213
2026-09-17 14:21:00,1377.10,1377.50,1376.40,1377.00,2130
2026-09-17 14:22:00,1377.50,1377.50,1376.80,1376.80,3249
2026-09-17 14:23:00,1377.30,1377.30,1376.50,1376.50,722
2026-09-17 14:24:00,1376.80,1377.00,1376.40,1376.40,3067
2026-09-17 14:25:00,1376.70,1376.70,1376.10,1376.40,353
2026-09-17 14:26:00,1376.40,1379.70,1375.80,1379.70,8145
2026-09-17 14:27:00,1380.00,1380.30,1379.70,1380.00,21066
2026-09-17 14:28:00,1380.20,1381.80,1380.00,1380.00,3831
2026-09-17 14:29:00,1380.20,1380.50,1380.00,1380.00,1692
2026-09-17 14:30:00,1380.50,1380.50,1380.00,1380.30,1500
2026-09-17 14:31:00,1380.50,1380.50,1380.00,1380.00,1566
2026-09-17 14:32:00,1380.40,1380.40,1380.00,1380.00,385
2026-09-17 14:33:00,1380.40,1380.50,1380.00,1380.00,2617
2026-09-17 14:34:00,1380.40,1380.40,1380.00,1380.00,2549
2026-09-17 14:35:00,1380.10,1380.10,1380.00,1380.10,1641
2026-09-17 14:36:00,1380.10,1380.80,1380.00,1380.40,2636
2026-09-17 14:37:00,1380.80,1380.80,1380.00,1380.00,9530
2026-09-17 14:38:00,1380.10,1380.10,1380.00,1380.00,935
2026-09-17 14:39:00,1380.10,1380.10,1380.00,1380.00,706
2026-09-17 14:40:00,1380.10,1380.10,1379.50,1380.00,17535
2026-09-17 14:41:00,1380.00,1380.10,1380.00,1380.00,2638
2026-09-17 14:42:00,1380.10,1380.10,1378.60,1378.60,17024
2026-09-17 14:43:00,1378.40,1380.20,1378.40,1380.00,13545
2026-09-17 14:44:00,1379.70,1379.70,1378.40,1378.80,4712
2026-09-17 14:45:00,1379.00,1379.40,1378.30,1379.10,4471
2026-09-17 14:46:00,1378.60,1379.00,1378.50,1378.60,427
2026-09-17 14:47:00,1379.30,1379.30,1378.40,1378.50,1871
2026-09-17 14:48:00,1378.60,1379.20,1378.50,1378.90,3865
2026-09-17 14:49:00,1378.90,1378.90,1377.20,1377.20,1605
2026-09-17 14:50:00,1377.20,1378.10,1377.20,1377.80,3408
2026-09-17 14:51:00,1378.10,1379.20,1377.60,1378.60,23834
2026-09-17 14:52:00,1378.60,1379.00,1378.50,1378.70,2773
2026-09-17 14:53:00,1378.40,1379.20,1378.10,1378.10,4257
2026-09-17 14:54:00,1378.50,1378.50,1377.90,1378.00,2839
2026-09-17 14:55:00,1378.10,1378.10,1377.50,1378.00,1810
2026-09-17 14:56:00,1377.80,1377.80,1375.30,1375.30,2672
2026-09-17 14:57:00,1374.90,1375.70,1374.40,1374.80,11107
2026-09-17 14:58:00,1374.40,1375.60,1374.30,1375.40,5970
2026-09-17 14:59:00,1375.60,1375.60,1375.10,1375.40,1356
2026-09-17 15:00:00,1375.10,1375.10,1374.50,1374.80,3066
2026-09-17 15:01:00,1374.90,1374.90,1374.80,1374.80,1422
2026-09-17 15:02:00,1374.80,1375.30,1374.40,1375.30,5844
2026-09-17 15:03:00,1375.20,1375.30,1374.20,1374.90,6553
2026-09-17 15:04:00,1374.80,1374.90,1374.10,1374.50,1696
2026-09-17 15:05:00,1374.50,1374.50,1373.20,1374.50,9952
2026-09-17 15:06:00,1374.10,1374.90,1373.70,1374.50,4406
2026-09-17 15:07:00,1374.40,1374.60,1373.00,1373.50,8952
2026-09-17 15:08:00,1373.40,1374.30,1373.20,1373.60,11695
2026-09-17 15:09:00,1373.70,1374.50,1373.10,1374.50,7030
2026-09-17 15:10:00,1374.50,1374.50,1373.40,1373.90,8685
2026-09-17 15:11:00,1373.40,1374.80,1373.40,1374.20,6511
2026-09-17 15:12:00,1374.20,1374.50,1374.00,1374.20,8074
2026-09-17 15:13:00,1374.00,1375.00,1373.90,1374.60,17896
2026-09-17 15:14:00,1374.70,1380.00,1373.50,1377.40,5160
2026-09-17 15:15:00,1377.40,1377.40,1377.40,1377.40,0
2026-09-17 15:16:00,1377.40,1377.40,1377.40,1377.40,0
2026-09-17 15:17:00,1377.40,1377.40,1377.40,1377.40,0
2026-09-17 15:18:00,1377.40,1377.40,1377.40,1377.40,0
2026-09-17 15:19:00,1377.40,1377.40,1377.40,1377.40,0
2026-09-17 15:20:00,1377.40,1377.40,1377.40,1377.40,0
2026-09-17 15:21:00,1377.40,1377.40,1377.40,1377.40,0
2026-09-17 15:22:00,1377.40,1377.40,1377.40,1377.40,0
2026-09-17 15:23:00,1377.40,1377.40,1377.40,1377.40,0
2026-09-17 15:24:00,1377.40,1377.40,1377.40,1377.40,0
2026-09-17 15:25:00,1377.40,1377.40,1377.40,1377.40,0
2026-09-17 15:26:00,1377.40,1377.40,1377.40,1377.40,0
2026-09-17 15:27:00,1377.40,1377.40,1377.40,1377.40,0
2026-09-17 15:28:00,1377.40,1377.40,1370.60,1370.60,80925
2026-09-17 15:29:00,1370.60,1370.60,1370.60,1370.60,0
2026-09-18 09:15:00,1372.10,1377.10,1372.10,1374.50,4898
2026-09-18 09:16:00,1375.30,1375.90,1374.10,1374.30,3240
2026-09-18 09:17:00,1374.30,1376.70,1374.30,1375.50,5653
2026-09-18 09:18:00,1375.70,1376.90,1375.50,1376.10,628
2026-09-18 09:19:00,1375.60,1375.80,1374.20,1375.70,2719
2026-09-18 09:20:00,1375.90,1377.50,1375.70,1377.20,1335
2026-09-18 09:21:00,1377.30,1377.30,1376.70,1376.90,618
2026-09-18 09:22:00,1377.00,1378.50,1376.90,1377.70,1956
2026-09-18 09:23:00,1377.70,1378.00,1377.10,1378.00,858
2026-09-18 09:24:00,1377.20,1378.70,1377.20,1378.10,489
2026-09-18 09:25:00,1378.10,1378.50,1376.90,1378.20,1164
2026-09-18 09:26:00,1377.10,1378.00,1377.10,1378.00,1901
2026-09-18 09:27:00,1378.00,1378.00,1377.40,1377.40,664
2026-09-18 09:28:00,1377.40,1377.50,1376.40,1376.80,1229
2026-09-18 09:29:00,1377.00,1379.40,1377.00,1379.30,1099
2026-09-18 09:30:00,1379.40,1379.40,1377.70,1378.20,570
2026-09-18 09:31:00,1378.20,1378.50,1377.20,1377.70,492
2026-09-18 09:32:00,1378.10,1378.10,1376.40,1377.10,526
2026-09-18 09:33:00,1376.60,1377.10,1376.30,1376.50,690
2026-09-18 09:34:00,1376.50,1377.10,1375.00,1375.00,2064
2026-09-18 09:35:00,1375.00,1375.70,1372.00,1372.00,3418
2026-09-18 09:36:00,1372.50,1374.50,1372.50,1374.10,1293
2026-09-18 09:37:00,1373.90,1374.50,1373.30,1373.40,724
2026-09-18 09:38:00,1373.40,1373.80,1373.40,1373.80,309
2026-09-18 09:39:00,1373.40,1373.80,1373.30,1373.30,233
2026-09-18 09:40:00,1373.80,1375.00,1373.30,1374.50,825
2026-09-18 09:41:00,1374.50,1375.00,1374.10,1374.20,816
2026-09-18 09:42:00,1374.50,1374.50,1373.80,1374.50,332
2026-09-18 09:43:00,1374.10,1374.50,1374.00,1374.20,521
2026-09-18 09:44:00,1374.30,1374.60,1373.30,1374.60,2962
2026-09-18 09:45:00,1375.00,1375.50,1374.70,1375.10,1049
2026-09-18 09:46:00,1375.20,1376.50,1375.10,1376.50,620
2026-09-18 09:47:00,1375.80,1376.50,1375.80,1376.00,316
2026-09-18 09:48:00,1376.80,1380.50,1376.20,1379.30,4847
2026-09-18 09:49:00,1379.30,1381.30,1379.30,1380.60,1145
2026-09-18 09:50:00,1381.10,1382.00,1379.60,1380.80,5266
2026-09-18 09:51:00,1380.80,1380.80,1379.20,1379.20,2342
2026-09-18 09:52:00,1379.20,1379.30,1378.80,1378.80,1304
2026-09-18 09:53:00,1378.80,1379.00,1378.40,1378.40,145
2026-09-18 09:54:00,1378.90,1378.90,1378.20,1378.70,113
2026-09-18 09:55:00,1378.70,1380.00,1378.30,1379.60,1079
2026-09-18 09:56:00,1379.90,1380.70,1379.60,1380.60,1103
2026-09-18 09:57:00,1380.10,1380.10,1378.80,1378.90,1102
2026-09-18 09:58:00,1379.40,1379.40,1378.80,1378.90,115
2026-09-18 09:59:00,1379.20,1379.20,1378.20,1378.30,1435
2026-09-18 10:00:00,1378.30,1378.80,1378.00,1378.30,246
2026-09-18 10:01:00,1378.40,1378.90,1378.30,1378.90,643
2026-09-18 10:02:00,1378.90,1380.20,1378.50,1379.70,469
2026-09-18 10:03:00,1380.20,1380.30,1379.80,1380.30,337
2026-09-18 10:04:00,1380.30,1380.90,1380.20,1380.70,311
2026-09-18 10:05:00,1380.30,1380.30,1379.60,1379.80,1281
2026-09-18 10:06:00,1380.20,1380.20,1379.60,1379.80,234
2026-09-18 10:07:00,1380.00,1380.00,1378.70,1379.20,435
2026-09-18 10:08:00,1378.70,1378.80,1378.00,1378.80,798
2026-09-18 10:09:00,1378.80,1378.80,1377.90,1377.90,324
2026-09-18 10:10:00,1378.50,1378.50,1377.90,1378.10,303
2026-09-18 10:11:00,1378.50,1378.60,1378.10,1378.60,291
2026-09-18 10:12:00,1378.60,1378.60,1378.00,1378.00,140
2026-09-18 10:13:00,1378.50,1378.70,1377.90,1378.50,613
2026-09-18 10:14:00,1378.70,1379.10,1378.20,1379.00,829
2026-09-18 10:15:00,1379.00,1379.00,1378.30,1378.90,350
2026-09-18 10:16:00,1378.40,1378.90,1378.20,1378.70,151
2026-09-18 10:17:00,1378.40,1378.90,1378.30,1378.40,426
2026-09-18 10:18:00,1378.90,1378.90,1378.20,1378.70,304
2026-09-18 10:19:00,1378.70,1378.70,1378.20,1378.60,294
2026-09-18 10:20:00,1378.30,1378.60,1378.00,1378.00,249
2026-09-18 10:21:00,1378.40,1378.50,1378.00,1378.10,154
2026-09-18 10:22:00,1378.40,1378.40,1377.70,1377.90,351
2026-09-18 10:23:00,1378.40,1378.40,1377.60,1377.70,233
2026-09-18 10:24:00,1378.20,1378.20,1377.50,1377.50,289
2026-09-18 10:25:00,1377.50,1378.00,1377.40,1377.50,220
2026-09-18 10:26:00,1377.90,1378.00,1377.60,1378.00,706
2026-09-18 10:27:00,1378.00,1378.30,1377.50,1378.30,1587
2026-09-18 10:28:00,1378.90,1380.00,1378.40,1379.60,2099
2026-09-18 10:29:00,1379.60,1380.00,1379.50,1379.50,530
2026-09-18 10:30:00,1379.80,1379.80,1379.30,1379.30,250
2026-09-18 10:31:00,1379.40,1380.00,1379.30,1379.90,654
2026-09-18 10:32:00,1379.90,1379.90,1378.90,1378.90,561
2026-09-18 10:33:00,1379.20,1379.20,1378.90,1379.00,264
2026-09-18 10:34:00,1378.80,1379.00,1378.30,1379.00,1402
2026-09-18 10:35:00,1378.80,1379.50,1378.80,1379.00,519
2026-09-18 10:36:00,1379.00,1379.40,1378.70,1379.00,137
2026-09-18 10:37:00,1379.00,1379.30,1378.60,1379.10,965
2026-09-18 10:38:00,1379.00,1379.40,1378.90,1378.90,504
2026-09-18 10:39:00,1379.40,1379.50,1378.90,1379.30,206
2026-09-18 10:40:00,1379.40,1379.40,1378.30,1378.30,434
2026-09-18 10:41:00,1378.50,1378.90,1378.10,1378.80,870
2026-09-18 10:42:00,1378.60,1379.60,1378.60,1379.40,1382
2026-09-18 10:43:00,1378.90,1379.40,1378.60,1378.80,372
2026-09-18 10:44:00,1379.20,1379.20,1378.60,1378.70,272
2026-09-18 10:45:00,1378.60,1379.00,1378.20,1378.80,437
2026-09-18 10:46:00,1378.90,1379.00,1378.10,1378.40,259
2026-09-18 10:47:00,1378.90,1378.90,1378.20,1378.20,289
2026-09-18 10:48:00,1378.20,1378.80,1377.90,1377.90,603
2026-09-18 10:49:00,1378.00,1378.00,1377.60,1377.80,203
2026-09-18 10:50:00,1377.70,1377.90,1377.70,1377.90,441
2026-09-18 10:51:00,1377.80,1378.00,1377.10,1377.60,1784
2026-09-18 10:52:00,1379.00,1379.10,1378.50,1378.70,945
2026-09-18 10:53:00,1378.90,1378.90,1378.20,1378.60,634
2026-09-18 10:54:00,1378.60,1379.00,1378.30,1378.50,302
2026-09-18 10:55:00,1378.80,1378.80,1378.30,1378.30,231
2026-09-18 10:56:00,1378.70,1378.70,1378.30,1378.70,119
2026-09-18 10:57:00,1378.70,1379.00,1378.30,1378.90,437
2026-09-18 10:58:00,1379.10,1379.10,1378.40,1378.50,331
2026-09-18 10:59:00,1378.80,1378.90,1378.30,1378.60,304
2026-09-18 11:00:00,1378.90,1379.60,1378.60,1378.60,536
2026-09-18 11:01:00,1379.10,1379.20,1378.20,1378.20,570
2026-09-18 11:02:00,1378.40,1378.90,1378.10,1378.40,248
2026-09-18 11:03:00,1378.90,1378.90,1378.10,1378.10,204
2026-09-18 11:04:00,1378.60,1378.80,1378.10,1378.40,325
2026-09-18 11:05:00,1378.70,1378.80,1378.10,1378.40,335
2026-09-18 11:06:00,1378.80,1381.40,1378.40,1380.80,2122
2026-09-18 11:07:00,1381.10,1381.50,1380.80,1380.90,475
2026-09-18 11:08:00,1381.40,1381.40,1380.20,1380.20,378
2026-09-18 11:09:00,1380.70,1380.70,1380.00,1380.00,520
2026-09-18 11:10:00,1380.40,1380.40,1380.00,1380.00,216
2026-09-18 11:11:00,1380.30,1380.30,1380.00,1380.00,200
2026-09-18 11:12:00,1380.20,1380.90,1380.00,1380.40,454
2026-09-18 11:13:00,1380.80,1380.90,1380.10,1380.60,372
2026-09-18 11:14:00,1380.70,1380.90,1380.10,1380.40,352
2026-09-18 11:15:00,1380.90,1381.30,1380.30,1380.30,589
2026-09-18 11:16:00,1380.80,1380.80,1380.00,1380.00,363
2026-09-18 11:17:00,1380.20,1380.90,1379.50,1380.90,1766
2026-09-18 11:18:00,1381.00,1381.30,1380.10,1380.10,352
2026-09-18 11:19:00,1380.60,1380.60,1380.10,1380.10,206
2026-09-18 11:20:00,1380.30,1380.80,1380.30,1380.30,713
2026-09-18 11:21:00,1380.80,1380.80,1380.20,1380.20,278
2026-09-18 11:22:00,1380.70,1382.00,1380.20,1381.60,1532
2026-09-18 11:23:00,1381.60,1382.50,1381.60,1382.20,367
2026-09-18 11:24:00,1382.40,1382.40,1381.10,1381.10,471
2026-09-18 11:25:00,1381.60,1381.60,1380.60,1380.80,340
2026-09-18 11:26:00,1380.90,1381.40,1380.40,1380.80,685
2026-09-18 11:27:00,1381.30,1381.50,1380.70,1380.80,244
2026-09-18 11:28:00,1381.30,1381.40,1380.50,1380.90,838
2026-09-18 11:29:00,1381.40,1381.40,1380.70,1380.70,158
2026-09-18 11:30:00,1381.10,1381.10,1380.30,1380.50,424
2026-09-18 11:31:00,1380.60,1380.60,1380.10,1380.20,628
2026-09-18 11:32:00,1380.70,1380.70,1380.10,1380.30,799
2026-09-18 11:33:00,1380.50,1380.60,1380.00,1380.10,2815
2026-09-18 11:34:00,1380.10,1380.60,1380.10,1380.60,823
2026-09-18 11:35:00,1380.70,1380.70,1380.00,1380.00,345
2026-09-18 11:36:00,1380.30,1380.30,1380.00,1380.00,198
2026-09-18 11:37:00,1380.30,1380.30,1380.00,1380.10,210
2026-09-18 11:38:00,1380.10,1381.10,1380.10,1380.60,1149
2026-09-18 11:39:00,1380.90,1381.00,1380.60,1380.60,556
2026-09-18 11:40:00,1381.00,1381.00,1380.60,1380.80,212
2026-09-18 11:41:00,1380.80,1380.80,1380.20,1380.30,146
2026-09-18 11:42:00,1380.50,1381.50,1380.10,1381.20,810
2026-09-18 11:43:00,1381.40,1381.80,1381.20,1381.30,657
2026-09-18 11:44:00,1382.40,1382.40,1381.20,1381.20,1476
2026-09-18 11:45:00,1381.30,1381.30,1381.00,1381.00,141
2026-09-18 11:46:00,1381.30,1381.30,1381.00,1381.00,509
2026-09-18 11:47:00,1381.00,1381.60,1381.00,1381.20,224
2026-09-18 11:48:00,1381.40,1381.70,1381.20,1381.20,662
2026-09-18 11:49:00,1381.20,1381.60,1381.20,1381.20,224
2026-09-18 11:50:00,1381.40,1381.40,1381.20,1381.20,423
2026-09-18 11:51:00,1381.30,1381.50,1381.20,1381.20,470
2026-09-18 11:52:00,1381.30,1381.90,1381.20,1381.50,659
2026-09-18 11:53:00,1381.50,1381.80,1381.10,1381.80,499
2026-09-18 11:54:00,1381.40,1381.80,1380.00,1380.30,6728
2026-09-18 11:55:00,1380.60,1380.90,1380.40,1380.70,1477
2026-09-18 11:56:00,1380.90,1380.90,1380.60,1380.60,319
2026-09-18 11:57:00,1380.90,1380.90,1380.60,1380.60,270
2026-09-18 11:58:00,1380.90,1381.00,1380.60,1380.70,428
2026-09-18 11:59:00,1380.80,1380.80,1380.00,1380.00,737
2026-09-18 12:00:00,1380.30,1380.30,1380.00,1380.00,7034
2026-09-18 12:01:00,1380.10,1380.10,1380.00,1380.00,5898
2026-09-18 12:02:00,1380.10,1380.10,1380.00,1380.00,10550
2026-09-18 12:03:00,1380.00,1380.10,1380.00,1380.00,2752
2026-09-18 12:04:00,1380.00,1380.10,1380.00,1380.00,2359
2026-09-18 12:05:00,1380.10,1380.20,1380.00,1380.00,7052
2026-09-18 12:06:00,1380.20,1381.90,1380.00,1381.50,2062
2026-09-18 12:07:00,1381.90,1382.20,1381.40,1382.10,1750
2026-09-18 12:08:00,1382.10,1383.80,1382.10,1383.30,3504
2026-09-18 12:09:00,1383.40,1383.90,1383.20,1383.20,1221
2026-09-18 12:10:00,1383.60,1384.00,1383.20,1383.20,1576
2026-09-18 12:11:00,1383.60,1383.70,1383.20,1383.20,1274
2026-09-18 12:12:00,1383.70,1383.70,1383.20,1383.20,346
2026-09-18 12:13:00,1383.70,1384.00,1383.20,1383.50,1471
2026-09-18 12:14:00,1384.00,1386.50,1384.00,1385.80,6875
2026-09-18 12:15:00,1385.80,1386.70,1385.80,1386.10,2068
2026-09-18 12:16:00,1386.50,1387.40,1386.30,1386.70,1442
2026-09-18 12:17:00,1387.20,1387.60,1386.70,1387.10,1897
2026-09-18 12:18:00,1387.10,1387.20,1386.90,1386.90,1720
2026-09-18 12:19:00,1387.20,1387.40,1386.90,1387.40,1558
2026-09-18 12:20:00,1387.50,1389.00,1387.40,1388.50,4842
2026-09-18 12:21:00,1389.00,1390.00,1388.20,1388.60,7249
2026-09-18 12:22:00,1388.70,1388.70,1387.50,1387.80,2388
2026-09-18 12:23:00,1387.80,1388.20,1387.70,1387.70,1047
2026-09-18 12:24:00,1387.80,1388.20,1387.70,1387.70,589
2026-09-18 12:25:00,1388.10,1388.10,1387.70,1387.80,782
2026-09-18 12:26:00,1388.00,1388.90,1387.80,1388.70,3044
2026-09-18 12:27:00,1388.40,1388.40,1387.90,1388.00,1698
2026-09-18 12:28:00,1388.20,1388.60,1388.00,1388.00,1360
2026-09-18 12:29:00,1388.50,1388.90,1388.10,1388.40,1634
2026-09-18 12:30:00,1388.60,1389.30,1388.50,1388.90,792
2026-09-18 12:31:00,1388.90,1388.90,1387.00,1387.40,4552
2026-09-18 12:32:00,1387.70,1387.90,1387.40,1387.50,1078
2026-09-18 12:33:00,1387.60,1387.90,1387.40,1387.40,1104
2026-09-18 12:34:00,1387.70,1387.90,1387.40,1387.60,1377
2026-09-18 12:35:00,1387.80,1387.80,1387.00,1387.00,1261
2026-09-18 12:36:00,1387.40,1387.40,1386.60,1386.60,894
2026-09-18 12:37:00,1387.00,1387.00,1385.90,1386.60,1936
2026-09-18 12:38:00,1386.10,1386.80,1385.90,1386.30,1796
2026-09-18 12:39:00,1386.70,1386.80,1385.90,1385.90,1171
2026-09-18 12:40:00,1386.00,1386.20,1385.90,1386.20,345
2026-09-18 12:41:00,1386.20,1386.20,1385.50,1386.00,459
2026-09-18 12:42:00,1386.00,1386.00,1385.40,1385.50,734
2026-09-18 12:43:00,1385.60,1385.80,1385.60,1385.60,2278
2026-09-18 12:44:00,1385.70,1386.30,1385.70,1385.90,1504
2026-09-18 12:45:00,1385.90,1386.10,1385.50,1385.50,1897
2026-09-18 12:46:00,1385.60,1385.90,1385.30,1385.30,1172
2026-09-18 12:47:00,1385.40,1385.80,1385.30,1385.70,555
2026-09-18 12:48:00,1385.70,1385.70,1385.00,1385.20,753
2026-09-18 12:49:00,1385.50,1385.50,1385.00,1385.00,701
2026-09-18 12:50:00,1385.40,1385.70,1385.30,1385.60,547
2026-09-18 12:51:00,1385.60,1385.70,1385.30,1385.30,510
2026-09-18 12:52:00,1385.50,1385.70,1381.10,1381.70,3108
2026-09-18 12:53:00,1382.30,1383.80,1374.80,1378.40,188070
2026-09-18 12:54:00,1378.50,1378.60,1373.30,1376.30,21546
2026-09-18 12:55:00,1377.00,1377.00,1371.40,1374.60,29811
2026-09-18 12:56:00,1374.90,1375.90,1370.60,1371.60,13640
2026-09-18 12:57:00,1372.00,1372.50,1366.80,1370.00,20690
2026-09-18 12:58:00,1370.40,1371.30,1369.60,1369.90,7313
2026-09-18 12:59:00,1370.00,1371.20,1369.00,1369.30,4186
2026-09-18 13:00:00,1369.60,1369.90,1368.30,1368.90,4294
2026-09-18 13:01:00,1369.40,1373.50,1368.90,1373.10,6135
2026-09-18 13:02:00,1373.20,1373.20,1370.10,1370.10,5118
2026-09-18 13:03:00,1370.10,1370.10,1358.00,1361.90,51107
2026-09-18 13:04:00,1362.40,1362.60,1352.00,1353.90,37515
2026-09-18 13:05:00,1354.40,1355.40,1351.50,1353.90,18424
2026-09-18 13:06:00,1354.30,1357.40,1353.50,1354.10,10673
2026-09-18 13:07:00,1354.40,1358.80,1353.60,1355.30,11038
2026-09-18 13:08:00,1355.00,1355.00,1345.00,1348.50,23944
2026-09-18 13:09:00,1348.60,1349.80,1345.20,1346.70,17793
2026-09-18 13:10:00,1347.00,1347.00,1343.80,1345.30,22717
2026-09-18 13:11:00,1345.40,1348.60,1344.50,1346.30,12667
2026-09-18 13:12:00,1346.60,1347.30,1346.20,1346.60,5019
2026-09-18 13:13:00,1347.00,1349.00,1338.90,1341.30,35636
2026-09-18 13:14:00,1341.10,1343.00,1338.50,1341.90,19426
2026-09-18 13:15:00,1342.40,1347.50,1341.90,1345.80,11546
2026-09-18 13:16:00,1345.60,1349.60,1345.50,1346.50,56000
2026-09-18 13:17:00,1347.20,1351.60,1346.60,1346.60,28174
2026-09-18 13:18:00,1346.60,1347.00,1332.80,1333.20,55716
2026-09-18 13:19:00,1333.00,1343.80,1333.00,1341.90,19811
2026-09-18 13:20:00,1341.60,1345.30,1339.90,1345.10,14817
2026-09-18 13:21:00,1345.30,1346.40,1344.50,1345.30,6618
2026-09-18 13:22:00,1345.00,1347.10,1342.80,1342.80,12341
2026-09-18 13:23:00,1341.40,1343.60,1334.00,1336.40,19738
2026-09-18 13:24:00,1336.40,1338.10,1333.60,1335.40,13094
2026-09-18 13:25:00,1335.00,1337.20,1335.00,1335.70,14035
2026-09-18 13:26:00,1335.70,1343.90,1335.20,1343.00,42584
2026-09-18 13:27:00,1343.00,1349.60,1340.70,1340.70,42639
2026-09-18 13:28:00,1341.00,1341.50,1334.90,1336.50,29354
2026-09-18 13:29:00,1335.70,1336.90,1334.10,1336.40,14234
2026-09-18 13:30:00,1337.00,1338.80,1336.50,1338.00,5689
2026-09-18 13:31:00,1338.20,1338.60,1336.50,1338.50,4460
2026-09-18 13:32:00,1338.20,1340.90,1337.80,1340.10,4649
2026-09-18 13:33:00,1339.90,1341.50,1338.00,1341.00,5595
2026-09-18 13:34:00,1341.00,1346.40,1341.00,1343.20,12176
2026-09-18 13:35:00,1344.00,1344.70,1341.80,1344.50,4597
2026-09-18 13:36:00,1345.30,1347.70,1345.30,1345.90,10575
2026-09-18 13:37:00,1346.40,1350.00,1345.70,1348.40,14219
2026-09-18 13:38:00,1348.80,1352.70,1348.20,1350.20,9876
2026-09-18 13:39:00,1350.30,1351.90,1350.20,1351.10,1715
2026-09-18 13:40:00,1351.50,1351.60,1350.50,1351.00,3319
2026-09-18 13:41:00,1351.50,1354.00,1351.50,1351.70,10703
2026-09-18 13:42:00,1351.90,1352.50,1351.50,1351.70,1752
2026-09-18 13:43:00,1351.70,1352.70,1351.60,1352.70,1691
2026-09-18 13:44:00,1352.50,1352.80,1351.00,1352.50,7150
2026-09-18 13:45:00,1352.70,1359.30,1352.20,1356.30,27503
2026-09-18 13:46:00,1356.30,1357.60,1355.60,1355.70,3966
2026-09-18 13:47:00,1355.60,1358.90,1355.60,1357.40,14364
2026-09-18 13:48:00,1357.60,1359.70,1357.30,1359.10,3660
2026-09-18 13:49:00,1359.10,1359.90,1357.30,1358.30,7630
2026-09-18 13:50:00,1358.30,1358.60,1356.60,1356.70,2280
2026-09-18 13:51:00,1357.00,1357.00,1351.20,1351.40,13962
2026-09-18 13:52:00,1351.90,1355.00,1351.10,1355.00,4907
2026-09-18 13:53:00,1354.70,1356.50,1353.10,1354.00,3781
2026-09-18 13:54:00,1354.50,1354.70,1353.80,1354.10,102
2026-09-18 13:55:00,1354.60,1357.00,1354.10,1357.00,9731
2026-09-18 13:56:00,1357.30,1358.00,1356.30,1358.00,6042
2026-09-18 13:57:00,1357.60,1358.00,1356.50,1356.60,6063
2026-09-18 13:58:00,1356.60,1359.50,1356.60,1358.50,4722
2026-09-18 13:59:00,1359.00,1359.20,1357.70,1357.90,3197
2026-09-18 14:00:00,1358.40,1359.00,1357.90,1358.60,1922
2026-09-18 14:01:00,1359.10,1359.40,1357.40,1357.40,5346
2026-09-18 14:02:00,1357.90,1358.40,1357.10,1357.10,2467
2026-09-18 14:03:00,1357.30,1357.80,1357.10,1357.30,592
2026-09-18 14:04:00,1357.30,1358.00,1357.00,1357.70,4281
2026-09-18 14:05:00,1357.20,1358.80,1357.00,1358.60,5391
2026-09-18 14:06:00,1358.20,1358.80,1358.10,1358.60,3796
2026-09-18 14:07:00,1358.60,1359.10,1358.50,1358.50,3027
2026-09-18 14:08:00,1358.50,1360.40,1358.50,1360.10,13416
2026-09-18 14:09:00,1360.00,1361.40,1359.70,1360.50,2598
2026-09-18 14:10:00,1361.00,1361.00,1359.80,1359.80,3105
2026-09-18 14:11:00,1359.80,1360.70,1359.40,1360.00,2505
2026-09-18 14:12:00,1360.10,1361.00,1356.60,1358.00,31643
2026-09-18 14:13:00,1358.50,1358.70,1358.00,1358.30,586
2026-09-18 14:14:00,1358.50,1358.90,1357.90,1358.10,3725
2026-09-18 14:15:00,1358.50,1358.90,1357.30,1357.50,3792
2026-09-18 14:16:00,1357.50,1358.10,1356.60,1356.60,5766
2026-09-18 14:17:00,1356.70,1358.00,1356.70,1357.60,2934
2026-09-18 14:18:00,1357.60,1358.20,1356.80,1356.80,2528
2026-09-18 14:19:00,1357.10,1357.40,1354.10,1355.20,11782
2026-09-18 14:20:00,1355.50,1355.50,1354.80,1355.00,2650
2026-09-18 14:21:00,1355.00,1355.30,1354.30,1354.30,7583
2026-09-18 14:22:00,1354.30,1355.10,1353.60,1355.10,5031
2026-09-18 14:23:00,1355.00,1355.90,1355.00,1355.50,1359
2026-09-18 14:24:00,1355.50,1355.80,1355.20,1355.20,3080
2026-09-18 14:25:00,1355.50,1355.70,1355.00,1355.40,3200
2026-09-18 14:26:00,1355.30,1357.50,1355.30,1356.70,7553
2026-09-18 14:27:00,1356.60,1358.90,1356.60,1358.10,3414
2026-09-18 14:28:00,1358.60,1358.90,1356.70,1357.50,7343
2026-09-18 14:29:00,1358.00,1358.20,1357.50,1357.50,2370
2026-09-18 14:30:00,1357.10,1358.00,1357.10,1357.50,3551
2026-09-18 14:31:00,1358.00,1358.80,1357.50,1358.30,1625
2026-09-18 14:32:00,1358.30,1361.00,1358.30,1359.90,17010
2026-09-18 14:33:00,1360.90,1360.90,1359.80,1360.00,6099
2026-09-18 14:34:00,1359.90,1360.00,1359.90,1359.90,1396
2026-09-18 14:35:00,1359.60,1359.90,1358.30,1358.30,5259
2026-09-18 14:36:00,1358.30,1359.10,1357.80,1357.80,4778
2026-09-18 14:37:00,1357.80,1358.10,1357.80,1357.90,1765
2026-09-18 14:38:00,1357.90,1358.70,1357.80,1358.40,2125
2026-09-18 14:39:00,1358.50,1360.80,1358.50,1360.80,4127
2026-09-18 14:40:00,1361.30,1361.90,1360.80,1361.50,4543
2026-09-18 14:41:00,1361.60,1361.60,1360.10,1360.80,6015
2026-09-18 14:42:00,1360.40,1360.90,1359.40,1360.30,10765
2026-09-18 14:43:00,1360.70,1360.80,1360.20,1360.30,2109
2026-09-18 14:44:00,1360.30,1362.80,1360.30,1362.10,39384
2026-09-18 14:45:00,1362.10,1362.60,1362.00,1362.10,5518
2026-09-18 14:46:00,1362.10,1362.50,1362.10,1362.10,2951
2026-09-18 14:47:00,1362.40,1362.40,1362.00,1362.00,27452
2026-09-18 14:48:00,1362.10,1362.40,1362.00,1362.30,1598
2026-09-18 14:49:00,1362.30,1365.90,1362.30,1365.80,18361
2026-09-18 14:50:00,1365.80,1368.60,1365.80,1367.80,19976
2026-09-18 14:51:00,1367.90,1369.90,1367.80,1369.80,14304
2026-09-18 14:52:00,1369.80,1370.00,1368.90,1369.70,9594
2026-09-18 14:53:00,1369.90,1370.90,1369.90,1369.90,10456
2026-09-18 14:54:00,1370.20,1370.70,1369.70,1370.50,4727
2026-09-18 14:55:00,1370.10,1371.50,1367.30,1368.90,21408
2026-09-18 14:56:00,1369.10,1369.20,1367.60,1368.30,19510
2026-09-18 14:57:00,1368.30,1368.40,1366.60,1366.60,13558
2026-09-18 14:58:00,1366.70,1366.70,1366.20,1366.40,8073
2026-09-18 14:59:00,1366.70,1366.90,1366.20,1366.40,5852
2026-09-18 15:00:00,1365.10,1366.30,1363.40,1364.40,20831
2026-09-18 15:01:00,1364.40,1364.40,1363.00,1363.50,12057
2026-09-18 15:02:00,1363.50,1364.50,1363.50,1364.50,8684
2026-09-18 15:03:00,1364.40,1364.80,1363.10,1364.20,14571
2026-09-18 15:04:00,1364.20,1365.00,1363.80,1364.00,14529
2026-09-18 15:05:00,1364.70,1365.70,1364.30,1365.70,13641
2026-09-18 15:06:00,1365.60,1366.60,1364.50,1365.30,30961
2026-09-18 15:07:00,1365.20,1365.40,1362.30,1363.60,18686
2026-09-18 15:08:00,1363.70,1364.70,1363.50,1364.60,6662
2026-09-18 15:09:00,1364.70,1366.00,1364.70,1365.90,16992
2026-09-18 15:10:00,1365.90,1366.00,1363.80,1365.10,31285
2026-09-18 15:11:00,1365.10,1365.80,1365.00,1365.30,24501
2026-09-18 15:12:00,1365.20,1365.60,1363.80,1365.30,15515
2026-09-18 15:13:00,1365.30,1365.50,1364.80,1364.80,20937
2026-09-18 15:14:00,1365.10,1365.10,1357.00,1357.00,13067
2026-09-18 15:15:00,1364.90,1364.90,1364.90,1364.90,60
2026-09-18 15:16:00,1364.90,1364.90,1364.90,1364.90,0
2026-09-18 15:17:00,1364.90,1364.90,1364.90,1364.90,0
2026-09-18 15:18:00,1364.90,1364.90,1364.90,1364.90,0
2026-09-18 15:19:00,1364.90,1364.90,1364.90,1364.90,0
2026-09-18 15:20:00,1364.90,1364.90,1364.90,1364.90,0
2026-09-18 15:21:00,1364.90,1364.90,1364.90,1364.90,0
2026-09-18 15:22:00,1364.90,1364.90,1364.90,1364.90,0
2026-09-18 15:23:00,1364.90,1364.90,1364.90,1364.90,0
2026-09-18 15:24:00,1364.90,1364.90,1364.90,1364.90,0
2026-09-18 15:25:00,1364.90,1364.90,1364.90,1364.90,0
2026-09-18 15:26:00,1364.90,1364.90,1364.90,1364.90,0
2026-09-18 15:27:00,1364.90,1364.90,1364.90,1364.90,0
2026-09-18 15:28:00,1364.90,1372.40,1364.90,1372.40,1135979
2026-09-18 15:29:00,1372.40,1372.40,1372.40,1372.40,0
2026-09-21 09:15:00,1360.00,1373.90,1360.00,1373.80,29249
2026-09-21 09:16:00,1371.00,1371.90,1368.20,1369.50,8379
2026-09-21 09:17:00,1369.90,1371.90,1369.80,1371.90,7688
2026-09-21 09:18:00,1372.00,1372.80,1369.80,1369.80,4188
2026-09-21 09:19:00,1369.80,1369.90,1366.90,1367.80,2766
2026-09-21 09:20:00,1366.90,1367.90,1366.10,1367.30,2580
2026-09-21 09:21:00,1367.40,1367.90,1364.40,1364.40,3291
2026-09-21 09:22:00,1364.70,1368.00,1364.10,1367.90,4883
2026-09-21 09:23:00,1367.90,1367.90,1365.20,1365.20,1582
2026-09-21 09:24:00,1365.20,1368.50,1365.20,1368.40,2142
2026-09-21 09:25:00,1368.20,1370.70,1367.80,1370.70,2658
2026-09-21 09:26:00,1371.40,1375.00,1370.50,1375.00,6210
2026-09-21 09:27:00,1375.00,1375.00,1371.50,1372.20,2909
2026-09-21 09:28:00,1372.70,1373.90,1371.40,1373.50,4036
2026-09-21 09:29:00,1373.20,1373.60,1370.30,1370.60,6098
2026-09-21 09:30:00,1371.40,1374.60,1371.40,1373.80,5033
2026-09-21 09:31:00,1373.70,1374.30,1372.30,1372.30,1198
2026-09-21 09:32:00,1372.70,1373.20,1372.50,1372.80,928
2026-09-21 09:33:00,1372.80,1373.00,1372.40,1373.00,566
2026-09-21 09:34:00,1373.00,1374.20,1371.80,1374.20,2748
2026-09-21 09:35:00,1373.00,1374.00,1372.70,1373.60,1572
2026-09-21 09:36:00,1374.10,1374.60,1373.30,1373.90,617
2026-09-21 09:37:00,1375.60,1376.80,1374.00,1374.50,7146
2026-09-21 09:38:00,1374.70,1375.10,1373.50,1373.50,927
2026-09-21 09:39:00,1374.00,1374.40,1373.50,1373.80,2339
2026-09-21 09:40:00,1374.10,1374.70,1373.90,1374.30,2428
2026-09-21 09:41:00,1373.60,1374.30,1373.00,1373.40,1228
2026-09-21 09:42:00,1373.30,1373.30,1372.00,1372.50,464
2026-09-21 09:43:00,1372.70,1373.20,1372.60,1373.20,816
2026-09-21 09:44:00,1373.20,1373.20,1372.70,1373.20,314
2026-09-21 09:45:00,1373.00,1373.00,1371.60,1372.00,2377
2026-09-21 09:46:00,1372.20,1373.20,1372.00,1373.10,2003
2026-09-21 09:47:00,1372.90,1373.00,1372.00,1372.00,1043
2026-09-21 09:48:00,1372.30,1373.20,1372.30,1373.20,396
2026-09-21 09:49:00,1373.10,1373.10,1372.00,1372.40,637
2026-09-21 09:50:00,1372.60,1373.00,1372.00,1372.00,733
2026-09-21 09:51:00,1372.20,1372.20,1371.30,1371.40,635
2026-09-21 09:52:00,1371.60,1372.90,1370.60,1372.00,2273
2026-09-21 09:53:00,1372.50,1372.60,1372.10,1372.60,888
2026-09-21 09:54:00,1372.60,1372.70,1372.30,1372.50,255
2026-09-21 09:55:00,1372.70,1372.90,1372.40,1372.50,598
2026-09-21 09:56:00,1372.90,1374.10,1372.70,1373.60,1482
2026-09-21 09:57:00,1374.00,1374.20,1372.50,1373.00,1185
2026-09-21 09:58:00,1373.40,1373.40,1372.60,1372.60,939
2026-09-21 09:59:00,1373.10,1373.10,1372.30,1373.00,2016
2026-09-21 10:00:00,1373.00,1375.00,1372.50,1374.90,8435
2026-09-21 10:01:00,1374.90,1375.00,1373.60,1374.20,1217
2026-09-21 10:02:00,1373.90,1374.40,1373.40,1373.40,1060
2026-09-21 10:03:00,1373.60,1373.60,1372.10,1372.80,1091
2026-09-21 10:04:00,1372.80,1373.30,1372.40,1373.30,486
2026-09-21 10:05:00,1373.30,1373.40,1373.00,1373.00,619
2026-09-21 10:06:00,1372.80,1373.00,1372.50,1372.50,198
2026-09-21 10:07:00,1372.80,1373.10,1372.00,1373.10,722
2026-09-21 10:08:00,1373.60,1375.80,1373.20,1375.40,2342
2026-09-21 10:09:00,1375.60,1376.00,1374.20,1374.20,1474
2026-09-21 10:10:00,1374.40,1375.00,1374.00,1374.90,307
2026-09-21 10:11:00,1375.40,1375.50,1374.20,1374.20,395
2026-09-21 10:12:00,1375.00,1375.10,1374.90,1375.10,583
2026-09-21 10:13:00,1375.10,1375.10,1373.00,1373.00,862
2026-09-21 10:14:00,1373.80,1373.90,1372.90,1373.90,1162
2026-09-21 10:15:00,1374.00,1374.20,1373.40,1374.10,657
2026-09-21 10:16:00,1374.40,1374.70,1373.90,1374.60,411
2026-09-21 10:17:00,1374.60,1374.80,1374.00,1374.50,148
2026-09-21 10:18:00,1374.50,1374.50,1374.20,1374.50,351
2026-09-21 10:19:00,1374.50,1374.50,1374.00,1374.50,162
2026-09-21 10:20:00,1374.40,1374.50,1373.60,1373.60,2589
2026-09-21 10:21:00,1373.40,1373.50,1372.90,1373.50,306
2026-09-21 10:22:00,1373.50,1374.90,1373.40,1374.50,1394
2026-09-21 10:23:00,1375.00,1378.70,1374.50,1376.70,6160
2026-09-21 10:24:00,1377.00,1377.00,1376.30,1376.70,241
2026-09-21 10:25:00,1376.70,1376.80,1376.20,1376.20,213
2026-09-21 10:26:00,1376.30,1376.30,1375.20,1375.70,133
2026-09-21 10:27:00,1375.80,1376.40,1375.20,1375.70,1225
2026-09-21 10:28:00,1375.70,1375.70,1374.30,1374.90,557
2026-09-21 10:29:00,1374.30,1374.80,1374.30,1374.50,112
2026-09-21 10:30:00,1374.60,1374.60,1372.80,1373.00,1937
2026-09-21 10:31:00,1372.90,1375.70,1372.80,1375.10,1600
2026-09-21 10:32:00,1375.10,1375.80,1375.10,1375.40,569
2026-09-21 10:33:00,1375.60,1375.60,1374.90,1375.40,101
2026-09-21 10:34:00,1375.40,1375.40,1373.60,1374.60,3733
2026-09-21 10:35:00,1374.60,1374.90,1373.60,1373.70,1274
2026-09-21 10:36:00,1374.20,1374.20,1373.10,1373.60,489
2026-09-21 10:37:00,1373.90,1373.90,1373.10,1373.40,607
2026-09-21 10:38:00,1373.40,1373.50,1372.60,1373.40,540
2026-09-21 10:39:00,1373.40,1373.40,1372.50,1373.20,1056
2026-09-21 10:40:00,1373.20,1373.20,1372.50,1372.90,590
2026-09-21 10:41:00,1373.00,1373.00,1372.50,1372.60,298
2026-09-21 10:42:00,1372.60,1373.00,1372.40,1372.50,1628
2026-09-21 10:43:00,1372.90,1373.10,1372.70,1373.10,286
2026-09-21 10:44:00,1373.10,1373.10,1372.60,1372.80,1455
2026-09-21 10:45:00,1372.80,1373.30,1372.30,1372.70,1029
2026-09-21 10:46:00,1373.20,1373.50,1372.80,1373.30,477
2026-09-21 10:47:00,1373.50,1373.50,1373.20,1373.50,530
2026-09-21 10:48:00,1372.80,1372.80,1372.00,1372.40,2175
2026-09-21 10:49:00,1372.40,1373.50,1372.20,1372.90,1830
2026-09-21 10:50:00,1373.10,1373.30,1372.40,1372.40,837
2026-09-21 10:51:00,1373.10,1374.30,1373.10,1373.90,916
2026-09-21 10:52:00,1374.30,1374.30,1373.80,1374.20,553
2026-09-21 10:53:00,1374.20,1374.20,1373.80,1373.90,412
2026-09-21 10:54:00,1374.30,1374.50,1373.50,1374.50,653
2026-09-21 10:55:00,1374.50,1374.50,1374.00,1374.50,345
2026-09-21 10:56:00,1374.50,1374.50,1374.00,1374.00,329
2026-09-21 10:57:00,1374.30,1374.30,1373.30,1373.80,905
2026-09-21 10:58:00,1373.80,1373.80,1373.10,1373.10,277
2026-09-21 10:59:00,1373.10,1373.40,1372.50,1372.80,518
2026-09-21 11:00:00,1373.20,1373.30,1373.00,1373.20,352
2026-09-21 11:01:00,1373.80,1373.80,1373.20,1373.20,632
2026-09-21 11:02:00,1373.60,1373.70,1372.40,1372.70,897
2026-09-21 11:03:00,1372.70,1373.00,1372.20,1372.20,800
2026-09-21 11:04:00,1372.20,1372.90,1372.20,1372.90,328
2026-09-21 11:05:00,1372.90,1373.60,1372.70,1373.60,776
2026-09-21 11:06:00,1373.80,1374.20,1373.40,1374.00,756
2026-09-21 11:07:00,1373.90,1373.90,1373.40,1373.60,207
2026-09-21 11:08:00,1373.60,1373.60,1373.20,1373.20,669
2026-09-21 11:09:00,1373.70,1375.00,1373.70,1375.00,1638
2026-09-21 11:10:00,1374.90,1375.00,1372.80,1372.80,1682
2026-09-21 11:11:00,1373.50,1373.90,1373.20,1373.90,461
2026-09-21 11:12:00,1374.00,1374.40,1373.40,1374.00,807
2026-09-21 11:13:00,1374.40,1374.80,1374.00,1374.00,519
2026-09-21 11:14:00,1374.00,1374.30,1373.30,1373.50,627
2026-09-21 11:15:00,1373.70,1373.90,1373.00,1373.90,967
2026-09-21 11:16:00,1373.90,1373.90,1372.50,1373.00,301
2026-09-21 11:17:00,1373.10,1373.80,1373.00,1373.60,710
2026-09-21 11:18:00,1373.60,1374.20,1373.40,1373.80,669
2026-09-21 11:19:00,1373.80,1373.80,1372.50,1372.50,1146
2026-09-21 11:20:00,1372.50,1373.70,1372.50,1373.10,656
2026-09-21 11:21:00,1373.60,1373.60,1373.00,1373.20,270
2026-09-21 11:22:00,1373.40,1374.20,1373.10,1374.10,644
2026-09-21 11:23:00,1373.60,1374.40,1373.60,1374.40,654
2026-09-21 11:24:00,1374.60,1374.60,1374.10,1374.40,449
2026-09-21 11:25:00,1374.40,1374.40,1373.60,1373.60,353
2026-09-21 11:26:00,1373.60,1374.00,1373.30,1373.40,470
2026-09-21 11:27:00,1373.70,1373.80,1373.20,1373.50,541
2026-09-21 11:28:00,1373.50,1374.10,1372.80,1374.10,1102
2026-09-21 11:29:00,1373.70,1373.70,1373.30,1373.30,350
2026-09-21 11:30:00,1373.40,1373.70,1373.30,1373.70,279
2026-09-21 11:31:00,1373.70,1374.00,1373.20,1373.70,654
2026-09-21 11:32:00,1373.80,1374.30,1373.10,1373.80,1150
2026-09-21 11:33:00,1373.80,1374.10,1373.30,1373.50,903
2026-09-21 11:34:00,1373.50,1374.20,1373.30,1373.50,330
2026-09-21 11:35:00,1373.40,1373.50,1372.80,1373.00,631
2026-09-21 11:36:00,1373.00,1374.00,1373.00,1373.40,984
2026-09-21 11:37:00,1372.80,1373.50,1372.60,1373.50,1211
2026-09-21 11:38:00,1373.50,1374.20,1373.20,1373.40,810
2026-09-21 11:39:00,1373.40,1374.00,1373.40,1373.50,255
2026-09-21 11:40:00,1373.80,1373.90,1373.50,1373.50,460
2026-09-21 11:41:00,1373.90,1375.00,1373.50,1373.90,3283
2026-09-21 11:42:00,1374.10,1374.40,1373.60,1374.10,831
2026-09-21 11:43:00,1374.10,1374.50,1373.70,1373.70,417
2026-09-21 11:44:00,1373.70,1375.20,1373.70,1375.10,1697
2026-09-21 11:45:00,1375.20,1375.20,1374.10,1374.60,1030
2026-09-21 11:46:00,1375.00,1375.00,1374.50,1374.80,289
2026-09-21 11:47:00,1374.80,1374.80,1374.30,1374.50,354
2026-09-21 11:48:00,1374.50,1375.10,1374.20,1375.10,857
2026-09-21 11:49:00,1375.10,1375.10,1374.60,1374.70,264
2026-09-21 11:50:00,1374.80,1376.00,1374.60,1375.90,1505
2026-09-21 11:51:00,1376.00,1376.00,1375.20,1376.00,1359
2026-09-21 11:52:00,1376.00,1376.30,1375.60,1375.80,353
2026-09-21 11:53:00,1375.80,1375.90,1375.00,1375.00,856
2026-09-21 11:54:00,1375.50,1375.90,1375.00,1375.80,904
2026-09-21 11:55:00,1376.00,1376.00,1375.20,1375.80,850
2026-09-21 11:56:00,1375.60,1375.60,1375.10,1375.60,539
2026-09-21 11:57:00,1375.30,1375.50,1374.80,1374.80,702
2026-09-21 11:58:00,1375.10,1375.80,1374.80,1375.00,1343
2026-09-21 11:59:00,1375.50,1375.50,1375.00,1375.40,366
2026-09-21 12:00:00,1375.40,1375.50,1374.90,1375.40,1846
2026-09-21 12:01:00,1375.40,1375.40,1374.90,1375.20,741
2026-09-21 12:02:00,1374.90,1375.40,1374.30,1375.00,1195
2026-09-21 12:03:00,1375.20,1375.30,1374.10,1374.80,619
2026-09-21 12:04:00,1374.80,1375.00,1374.10,1374.70,528
2026-09-21 12:05:00,1374.80,1374.80,1373.90,1373.90,397
2026-09-21 12:06:00,1374.30,1374.60,1374.10,1374.30,388
2026-09-21 12:07:00,1374.50,1374.70,1374.00,1374.00,1075
2026-09-21 12:08:00,1374.30,1375.00,1374.00,1374.00,1386
2026-09-21 12:09:00,1374.00,1374.80,1373.90,1374.70,1162
2026-09-21 12:10:00,1374.60,1374.70,1374.20,1374.60,251
2026-09-21 12:11:00,1374.70,1374.70,1373.90,1374.10,207
2026-09-21 12:12:00,1374.10,1374.10,1373.70,1373.70,279
2026-09-21 12:13:00,1373.70,1374.70,1373.40,1374.20,2732
2026-09-21 12:14:00,1374.40,1374.50,1373.90,1374.50,410
2026-09-21 12:15:00,1374.70,1374.70,1373.60,1373.60,1833
2026-09-21 12:16:00,1375.40,1376.90,1374.90,1376.90,4711
2026-09-21 12:17:00,1376.90,1376.90,1376.00,1376.00,781
2026-09-21 12:18:00,1376.20,1376.20,1375.10,1375.50,758
2026-09-21 12:19:00,1376.00,1376.20,1375.40,1375.90,561
2026-09-21 12:20:00,1376.10,1376.30,1375.80,1376.30,388
2026-09-21 12:21:00,1376.30,1377.60,1376.20,1377.10,1422
2026-09-21 12:22:00,1377.50,1377.50,1376.80,1376.80,418
2026-09-21 12:23:00,1377.20,1377.20,1375.90,1376.80,1527
2026-09-21 12:24:00,1376.90,1378.00,1376.60,1378.00,615
2026-09-21 12:25:00,1378.00,1378.50,1377.70,1378.50,974
2026-09-21 12:26:00,1378.50,1378.50,1377.90,1378.40,921
2026-09-21 12:27:00,1378.40,1378.60,1378.00,1378.00,768
2026-09-21 12:28:00,1378.60,1379.40,1378.30,1379.10,1366
2026-09-21 12:29:00,1378.40,1379.10,1377.90,1378.80,1397
2026-09-21 12:30:00,1378.40,1378.50,1378.00,1378.20,404
2026-09-21 12:31:00,1378.50,1378.50,1377.30,1377.90,485
2026-09-21 12:32:00,1378.20,1378.20,1377.00,1377.30,424
2026-09-21 12:33:00,1377.30,1378.30,1377.30,1377.80,553
2026-09-21 12:34:00,1378.00,1378.90,1377.80,1377.80,1478
2026-09-21 12:35:00,1378.20,1378.40,1377.50,1377.90,709
2026-09-21 12:36:00,1378.00,1378.40,1377.60,1377.60,682
2026-09-21 12:37:00,1378.40,1378.60,1378.00,1378.00,636
2026-09-21 12:38:00,1378.30,1378.50,1378.00,1378.40,446
2026-09-21 12:39:00,1378.50,1378.50,1378.00,1378.10,616
2026-09-21 12:40:00,1378.10,1378.10,1377.30,1377.30,509
2026-09-21 12:41:00,1377.80,1377.80,1377.00,1377.50,979
2026-09-21 12:42:00,1377.30,1377.50,1377.00,1377.50,1143
2026-09-21 12:43:00,1377.20,1377.50,1377.00,1377.20,567
2026-09-21 12:44:00,1377.40,1377.70,1377.00,1377.50,1241
2026-09-21 12:45:00,1377.70,1377.70,1377.10,1377.50,589
2026-09-21 12:46:00,1377.60,1377.60,1377.00,1377.50,474
2026-09-21 12:47:00,1377.50,1377.50,1377.00,1377.00,624
2026-09-21 12:48:00,1377.00,1377.20,1376.50,1376.70,506
2026-09-21 12:49:00,1376.20,1377.20,1376.20,1377.20,712
2026-09-21 12:50:00,1377.60,1378.40,1377.60,1378.40,964
2026-09-21 12:51:00,1378.30,1378.60,1377.60,1378.10,494
2026-09-21 12:52:00,1378.10,1378.30,1377.60,1378.30,508
2026-09-21 12:53:00,1378.10,1378.10,1377.40,1377.70,510
2026-09-21 12:54:00,1377.90,1378.30,1377.20,1378.00,871
2026-09-21 12:55:00,1378.00,1378.30,1377.30,1378.20,662
2026-09-21 12:56:00,1378.10,1378.10,1377.40,1378.10,487
2026-09-21 12:57:00,1378.00,1378.10,1377.20,1377.50,1194
2026-09-21 12:58:00,1377.90,1377.90,1377.40,1377.80,400
2026-09-21 12:59:00,1377.90,1377.90,1377.00,1377.70,1014
2026-09-21 13:00:00,1377.50,1377.60,1377.00,1377.00,262
2026-09-21 13:01:00,1377.10,1377.10,1375.60,1376.10,2379
2026-09-21 13:02:00,1376.10,1376.40,1375.60,1376.10,383
2026-09-21 13:03:00,1376.40,1376.40,1375.10,1375.20,471
2026-09-21 13:04:00,1375.60,1375.60,1374.60,1374.70,1885
2026-09-21 13:05:00,1374.50,1375.20,1374.50,1375.20,1188
2026-09-21 13:06:00,1375.20,1375.30,1374.90,1375.30,557
2026-09-21 13:07:00,1375.20,1375.40,1374.70,1374.90,1325
2026-09-21 13:08:00,1375.20,1375.30,1374.90,1375.10,261
2026-09-21 13:09:00,1375.30,1375.60,1374.60,1374.60,831
2026-09-21 13:10:00,1375.40,1375.40,1374.60,1374.60,475
2026-09-21 13:11:00,1375.10,1375.20,1374.80,1375.10,327
2026-09-21 13:12:00,1375.60,1375.70,1375.10,1375.10,827
2026-09-21 13:13:00,1375.40,1376.20,1375.10,1376.10,3307
2026-09-21 13:14:00,1376.20,1376.60,1375.80,1376.10,635
2026-09-21 13:15:00,1376.40,1376.40,1375.40,1376.00,595
2026-09-21 13:16:00,1376.00,1376.60,1376.00,1376.30,693
2026-09-21 13:17:00,1376.40,1376.50,1375.80,1376.30,652
2026-09-21 13:18:00,1376.30,1376.40,1375.70,1376.40,483
2026-09-21 13:19:00,1376.30,1376.30,1375.50,1376.20,670
2026-09-21 13:20:00,1376.20,1376.20,1375.40,1375.90,462
2026-09-21 13:21:00,1376.20,1376.20,1375.20,1376.20,983
2026-09-21 13:22:00,1376.20,1376.50,1376.00,1376.50,297
2026-09-21 13:23:00,1376.50,1377.90,1376.30,1377.60,2955
2026-09-21 13:24:00,1377.80,1378.00,1377.30,1377.60,763
2026-09-21 13:25:00,1377.60,1377.60,1376.90,1376.90,363
2026-09-21 13:26:00,1377.00,1377.00,1376.90,1376.90,772
2026-09-21 13:27:00,1377.00,1377.60,1376.90,1377.60,629
2026-09-21 13:28:00,1377.60,1377.90,1377.00,1377.90,630
2026-09-21 13:29:00,1377.80,1377.80,1377.00,1377.10,214
2026-09-21 13:30:00,1377.10,1377.90,1377.00,1377.20,555
2026-09-21 13:31:00,1377.30,1377.60,1377.20,1377.50,840
2026-09-21 13:32:00,1377.50,1377.50,1377.30,1377.50,358
2026-09-21 13:33:00,1377.50,1377.50,1376.80,1377.20,405
2026-09-21 13:34:00,1377.40,1378.50,1377.10,1378.50,1309
2026-09-21 13:35:00,1378.40,1378.70,1377.60,1377.60,792
2026-09-21 13:36:00,1377.90,1378.90,1377.60,1378.70,1688
2026-09-21 13:37:00,1378.70,1378.70,1378.20,1378.50,321
2026-09-21 13:38:00,1378.60,1378.60,1378.00,1378.10,264
2026-09-21 13:39:00,1378.20,1378.50,1377.90,1378.20,384
2026-09-21 13:40:00,1377.90,1378.10,1377.70,1378.00,424
2026-09-21 13:41:00,1378.10,1378.60,1377.60,1378.60,465
2026-09-21 13:42:00,1377.90,1378.40,1377.60,1377.60,1392
2026-09-21 13:43:00,1377.80,1378.00,1377.70,1378.00,310
2026-09-21 13:44:00,1377.90,1378.00,1377.60,1378.00,379
2026-09-21 13:45:00,1378.00,1378.20,1377.70,1377.80,209
2026-09-21 13:46:00,1377.90,1378.10,1377.60,1377.90,779
2026-09-21 13:47:00,1378.00,1378.30,1377.90,1378.30,409
2026-09-21 13:48:00,1378.40,1378.40,1377.90,1378.20,360
2026-09-21 13:49:00,1378.20,1378.50,1378.00,1378.10,380
2026-09-21 13:50:00,1378.30,1379.40,1378.20,1378.90,1375
2026-09-21 13:51:00,1379.20,1379.80,1378.80,1379.30,1198
2026-09-21 13:52:00,1379.80,1379.80,1379.00,1379.30,362
2026-09-21 13:53:00,1379.30,1379.70,1379.00,1379.60,453
2026-09-21 13:54:00,1379.60,1379.60,1379.10,1379.50,436
2026-09-21 13:55:00,1379.50,1379.50,1379.00,1379.00,1336
2026-09-21 13:56:00,1379.40,1381.10,1378.80,1380.70,7526
2026-09-21 13:57:00,1380.50,1380.60,1379.90,1380.10,243
2026-09-21 13:58:00,1380.10,1380.50,1379.70,1380.50,535
2026-09-21 13:59:00,1380.50,1381.00,1380.30,1381.00,891
2026-09-21 14:00:00,1381.00,1381.30,1380.40,1381.30,610
2026-09-21 14:01:00,1381.30,1381.40,1380.70,1381.20,373
2026-09-21 14:02:00,1381.30,1381.30,1380.30,1380.80,925
2026-09-21 14:03:00,1380.60,1381.20,1380.60,1381.20,429
2026-09-21 14:04:00,1381.20,1382.80,1381.10,1382.50,2532
2026-09-21 14:05:00,1382.40,1382.40,1381.30,1381.70,417
2026-09-21 14:06:00,1381.70,1382.00,1381.10,1381.90,491
2026-09-21 14:07:00,1381.80,1381.90,1381.00,1381.50,413
2026-09-21 14:08:00,1381.50,1382.00,1381.10,1382.00,603
2026-09-21 14:09:00,1382.00,1382.00,1381.20,1381.70,358
2026-09-21 14:10:00,1381.80,1381.80,1381.10,1381.70,512
2026-09-21 14:11:00,1381.60,1381.70,1381.10,1381.40,904
2026-09-21 14:12:00,1381.40,1382.70,1381.10,1382.70,2035
2026-09-21 14:13:00,1382.70,1382.70,1382.00,1382.20,342
2026-09-21 14:14:00,1382.30,1382.70,1382.00,1382.50,368
2026-09-21 14:15:00,1382.50,1382.60,1382.40,1382.40,293
2026-09-21 14:16:00,1382.50,1382.90,1381.80,1382.20,3267
2026-09-21 14:17:00,1382.30,1382.60,1382.20,1382.60,663
2026-09-21 14:18:00,1382.60,1382.60,1382.20,1382.40,310
2026-09-21 14:19:00,1382.50,1383.00,1382.20,1382.90,769
2026-09-21 14:20:00,1382.90,1383.20,1382.40,1383.20,412
2026-09-21 14:21:00,1383.20,1383.20,1382.60,1382.60,431
2026-09-21 14:22:00,1382.80,1383.20,1382.40,1383.00,510
2026-09-21 14:23:00,1383.00,1383.00,1382.70,1382.90,425
2026-09-21 14:24:00,1382.90,1382.90,1382.50,1382.50,837
2026-09-21 14:25:00,1382.90,1383.10,1380.30,1380.80,2975
2026-09-21 14:26:00,1380.80,1381.70,1380.20,1381.50,1468
2026-09-21 14:27:00,1381.90,1381.90,1381.10,1381.30,457
2026-09-21 14:28:00,1381.30,1381.30,1380.40,1380.50,604
2026-09-21 14:29:00,1380.50,1380.70,1380.40,1380.50,385
2026-09-21 14:30:00,1380.70,1381.10,1380.50,1380.80,704
2026-09-21 14:31:00,1380.80,1380.80,1380.10,1380.10,422
2026-09-21 14:32:00,1380.50,1381.20,1380.00,1380.60,2486
2026-09-21 14:33:00,1380.90,1380.90,1380.00,1380.10,227
2026-09-21 14:34:00,1380.20,1382.70,1380.10,1382.70,2614
2026-09-21 14:35:00,1382.70,1383.00,1381.40,1383.00,2308
2026-09-21 14:36:00,1382.90,1383.70,1382.50,1382.90,2235
2026-09-21 14:37:00,1382.70,1383.20,1382.30,1382.50,1571
2026-09-21 14:38:00,1382.60,1383.40,1382.60,1383.30,1613
2026-09-21 14:39:00,1383.00,1383.20,1382.10,1382.30,2352
2026-09-21 14:40:00,1382.60,1382.60,1381.60,1381.70,177
2026-09-21 14:41:00,1381.70,1381.70,1380.80,1380.80,721
2026-09-21 14:42:00,1380.80,1381.50,1380.80,1381.40,879
2026-09-21 14:43:00,1381.40,1381.80,1381.30,1381.30,665
2026-09-21 14:44:00,1381.50,1382.80,1381.50,1382.50,1406
2026-09-21 14:45:00,1382.70,1382.70,1381.60,1382.20,852
2026-09-21 14:46:00,1382.20,1382.20,1381.40,1381.40,442
2026-09-21 14:47:00,1381.90,1381.90,1381.00,1381.50,869
2026-09-21 14:48:00,1381.60,1381.70,1381.40,1381.60,1971
2026-09-21 14:49:00,1381.70,1382.10,1381.60,1382.00,701
2026-09-21 14:50:00,1382.10,1383.90,1382.10,1383.10,6363
2026-09-21 14:51:00,1383.60,1384.20,1383.20,1383.90,2193
2026-09-21 14:52:00,1384.20,1384.20,1382.90,1383.40,1653
2026-09-21 14:53:00,1383.10,1384.40,1382.60,1383.90,5279
2026-09-21 14:54:00,1384.10,1384.90,1383.50,1383.50,5358
2026-09-21 14:55:00,1384.00,1384.40,1383.50,1384.40,4618
2026-09-21 14:56:00,1384.40,1384.70,1383.80,1384.40,6673
2026-09-21 14:57:00,1383.90,1384.20,1383.20,1383.30,2668
2026-09-21 14:58:00,1383.90,1386.00,1383.90,1385.40,8607
2026-09-21 14:59:00,1385.20,1385.40,1384.00,1384.80,3530
2026-09-21 15:00:00,1384.70,1385.40,1384.20,1385.30,5175
2026-09-21 15:01:00,1385.30,1385.60,1384.80,1385.30,4179
2026-09-21 15:02:00,1385.60,1385.60,1385.10,1385.20,1461
2026-09-21 15:03:00,1385.30,1385.50,1385.10,1385.50,1823
2026-09-21 15:04:00,1385.50,1385.90,1385.50,1385.60,2230
2026-09-21 15:05:00,1385.90,1385.90,1385.30,1385.60,5251
2026-09-21 15:06:00,1386.00,1387.00,1385.80,1385.90,4503
2026-09-21 15:07:00,1386.00,1386.10,1385.40,1385.40,4279
2026-09-21 15:08:00,1385.40,1386.60,1385.20,1386.50,4778
2026-09-21 15:09:00,1386.50,1386.70,1386.00,1386.00,4685
2026-09-21 15:10:00,1386.20,1388.70,1386.20,1387.10,13818
2026-09-21 15:11:00,1387.10,1387.70,1387.00,1387.40,8116
2026-09-21 15:12:00,1387.30,1389.00,1386.80,1389.00,13030
2026-09-21 15:13:00,1389.00,1389.60,1388.10,1388.60,4767
2026-09-21 15:14:00,1388.60,1390.00,1385.00,1389.80,3946
2026-09-21 15:15:00,1389.80,1389.80,1389.80,1389.80,0
2026-09-21 15:16:00,1389.80,1389.80,1389.80,1389.80,0
2026-09-21 15:17:00,1389.80,1389.80,1389.80,1389.80,0
2026-09-21 15:18:00,1389.80,1389.80,1389.80,1389.80,0
2026-09-21 15:19:00,1389.80,1389.80,1389.80,1389.80,0
2026-09-21 15:20:00,1389.80,1389.80,1389.80,1389.80,0
2026-09-21 15:21:00,1389.80,1389.80,1389.80,1389.80,0
2026-09-21 15:22:00,1389.80,1389.80,1389.80,1389.80,0
2026-09-21 15:23:00,1389.80,1389.80,1389.80,1389.80,0
2026-09-21 15:24:00,1389.80,1389.80,1389.80,1389.80,0
2026-09-21 15:25:00,1389.80,1389.80,1389.80,1389.80,0
2026-09-21 15:26:00,1389.80,1389.80,1389.80,1389.80,0
2026-09-21 15:27:00,1389.80,1389.80,1389.80,1389.80,0
2026-09-21 15:28:00,1389.80,1389.80,1385.00,1385.00,37690
2026-09-21 15:29:00,1385.00,1385.00,1385.00,1385.00,0
2026-09-22 09:15:00,1382.20,1392.90,1382.20,1388.00,15406
2026-09-22 09:16:00,1387.90,1388.10,1385.90,1386.10,4896
2026-09-22 09:17:00,1386.00,1388.30,1385.30,1387.80,5372
2026-09-22 09:18:00,1388.30,1390.60,1388.00,1390.60,477
2026-09-22 09:19:00,1390.40,1390.70,1387.50,1387.50,4512
2026-09-22 09:20:00,1386.40,1387.80,1385.70,1386.20,1793
2026-09-22 09:21:00,1386.20,1386.30,1382.60,1382.90,1897
2026-09-22 09:22:00,1383.20,1383.80,1382.70,1382.70,2741
2026-09-22 09:23:00,1382.80,1382.80,1381.40,1381.90,844
2026-09-22 09:24:00,1381.70,1383.40,1381.50,1382.40,3458
2026-09-22 09:25:00,1381.90,1381.90,1380.80,1381.00,866
2026-09-22 09:26:00,1381.00,1381.80,1381.00,1381.10,1471
2026-09-22 09:27:00,1381.50,1381.60,1381.10,1381.60,443
2026-09-22 09:28:00,1382.00,1382.40,1381.90,1382.40,1281
2026-09-22 09:29:00,1382.50,1382.60,1382.00,1382.20,585
2026-09-22 09:30:00,1382.40,1382.80,1381.00,1381.60,2520
2026-09-22 09:31:00,1381.30,1382.20,1381.30,1381.90,1235
2026-09-22 09:32:00,1381.90,1382.00,1381.20,1381.70,2372
2026-09-22 09:33:00,1381.70,1381.70,1381.20,1381.20,1075
2026-09-22 09:34:00,1381.10,1382.80,1381.10,1382.40,4514
2026-09-22 09:35:00,1382.10,1382.10,1381.00,1381.00,652
2026-09-22 09:36:00,1381.00,1381.30,1380.00,1380.40,3513
2026-09-22 09:37:00,1380.40,1380.60,1378.10,1378.10,5049
2026-09-22 09:38:00,1378.10,1379.00,1376.60,1377.30,6330
2026-09-22 09:39:00,1377.60,1378.90,1377.50,1378.60,1616
2026-09-22 09:40:00,1378.60,1378.60,1377.50,1377.80,2511
2026-09-22 09:41:00,1377.90,1379.00,1377.60,1378.90,3363
2026-09-22 09:42:00,1378.90,1379.80,1378.90,1379.60,1672
2026-09-22 09:43:00,1379.70,1379.70,1379.20,1379.20,1619
2026-09-22 09:44:00,1378.90,1380.00,1378.90,1379.00,2122
2026-09-22 09:45:00,1379.00,1379.90,1379.00,1379.30,1373
2026-09-22 09:46:00,1379.40,1379.50,1379.10,1379.10,1349
2026-09-22 09:47:00,1378.80,1378.90,1378.20,1378.20,1668
2026-09-22 09:48:00,1378.60,1379.40,1378.20,1378.40,3490
2026-09-22 09:49:00,1378.10,1378.60,1378.10,1378.50,1035
2026-09-22 09:50:00,1378.50,1378.60,1378.30,1378.30,798
2026-09-22 09:51:00,1378.30,1379.90,1378.00,1379.10,4710
2026-09-22 09:52:00,1378.90,1379.70,1378.90,1379.70,4587
2026-09-22 09:53:00,1379.70,1380.50,1379.60,1379.80,2945
2026-09-22 09:54:00,1379.80,1380.50,1379.40,1380.20,1801
2026-09-22 09:55:00,1380.20,1380.40,1379.10,1379.30,2361
2026-09-22 09:56:00,1379.70,1379.80,1379.30,1379.50,332
2026-09-22 09:57:00,1379.50,1379.80,1379.20,1379.20,2358
2026-09-22 09:58:00,1379.30,1379.30,1378.80,1379.20,2856
2026-09-22 09:59:00,1378.90,1378.90,1378.10,1378.50,222
2026-09-22 10:00:00,1378.20,1379.60,1378.20,1379.60,5564
2026-09-22 10:01:00,1379.70,1381.90,1379.50,1381.90,4389
2026-09-22 10:02:00,1381.90,1381.90,1380.90,1381.20,5729
2026-09-22 10:03:00,1381.30,1381.40,1380.00,1380.30,3927
2026-09-22 10:04:00,1380.30,1380.90,1380.00,1380.70,1335
2026-09-22 10:05:00,1380.90,1381.50,1380.00,1381.00,2531
2026-09-22 10:06:00,1380.80,1381.20,1380.40,1380.90,855
2026-09-22 10:07:00,1381.10,1383.30,1380.80,1382.50,3952
2026-09-22 10:08:00,1382.60,1382.60,1381.90,1381.90,974
2026-09-22 10:09:00,1382.20,1382.50,1381.90,1381.90,2085
2026-09-22 10:10:00,1381.90,1382.50,1381.10,1381.30,2022
2026-09-22 10:11:00,1381.10,1382.20,1381.10,1381.50,3714
2026-09-22 10:12:00,1381.60,1382.60,1381.60,1381.90,7074
2026-09-22 10:13:00,1381.70,1381.70,1381.00,1381.20,3014
2026-09-22 10:14:00,1380.90,1382.10,1380.90,1381.90,1299
2026-09-22 10:15:00,1382.00,1382.30,1381.10,1381.10,1343
2026-09-22 10:16:00,1381.00,1381.10,1380.70,1380.70,442
2026-09-22 10:17:00,1380.90,1381.30,1380.60,1380.60,4303
2026-09-22 10:18:00,1380.80,1380.80,1380.00,1380.60,760
2026-09-22 10:19:00,1380.10,1380.40,1379.90,1380.10,1228
2026-09-22 10:20:00,1380.10,1380.20,1380.10,1380.20,524
2026-09-22 10:21:00,1380.20,1380.20,1380.00,1380.00,738
2026-09-22 10:22:00,1380.00,1380.10,1379.30,1379.70,1645
2026-09-22 10:23:00,1379.70,1379.70,1379.40,1379.50,568
2026-09-22 10:24:00,1379.60,1379.60,1379.00,1379.40,458
2026-09-22 10:25:00,1379.40,1379.40,1378.60,1378.90,1604
2026-09-22 10:26:00,1379.00,1380.10,1379.00,1379.60,2432
2026-09-22 10:27:00,1379.60,1379.60,1378.70,1378.70,531
2026-09-22 10:28:00,1379.30,1379.30,1378.80,1379.00,1576
2026-09-22 10:29:00,1379.00,1379.50,1379.00,1379.50,800
2026-09-22 10:30:00,1379.40,1380.90,1379.00,1379.00,6729
2026-09-22 10:31:00,1379.30,1379.30,1378.70,1379.20,1858
2026-09-22 10:32:00,1379.10,1379.90,1379.10,1379.20,1074
2026-09-22 10:33:00,1379.20,1379.60,1379.20,1379.30,870
2026-09-22 10:34:00,1379.30,1379.50,1379.30,1379.50,594
2026-09-22 10:35:00,1379.50,1379.50,1379.20,1379.20,517
2026-09-22 10:36:00,1379.20,1379.30,1378.70,1378.90,196
2026-09-22 10:37:00,1378.80,1379.60,1378.70,1379.00,2801
2026-09-22 10:38:00,1379.40,1379.40,1377.40,1378.10,1215
2026-09-22 10:39:00,1378.10,1379.20,1377.30,1378.80,1398
2026-09-22 10:40:00,1378.50,1378.70,1377.40,1378.10,949
2026-09-22 10:41:00,1378.00,1378.00,1377.40,1377.40,1865
2026-09-22 10:42:00,1377.10,1377.40,1375.10,1377.00,5774
2026-09-22 10:43:00,1377.00,1377.60,1376.60,1377.40,855
2026-09-22 10:44:00,1377.60,1377.60,1375.00,1375.50,9394
2026-09-22 10:45:00,1375.50,1375.60,1375.10,1375.10,1316
2026-09-22 10:46:00,1375.10,1376.60,1375.10,1376.60,1146
2026-09-22 10:47:00,1376.50,1376.50,1375.90,1376.30,1694
2026-09-22 10:48:00,1376.30,1376.50,1375.90,1376.50,306
2026-09-22 10:49:00,1376.40,1376.50,1376.30,1376.50,1047
2026-09-22 10:50:00,1376.50,1376.50,1375.80,1376.40,1097
2026-09-22 10:51:00,1376.50,1377.20,1376.50,1376.90,1205
2026-09-22 10:52:00,1377.00,1377.20,1376.70,1376.90,1764
2026-09-22 10:53:00,1376.70,1376.70,1375.90,1376.10,389
2026-09-22 10:54:00,1376.10,1376.90,1376.10,1376.70,1436
2026-09-22 10:55:00,1377.00,1377.00,1376.50,1376.80,1034
2026-09-22 10:56:00,1376.90,1377.30,1376.90,1377.10,1440
2026-09-22 10:57:00,1377.10,1377.20,1376.30,1376.40,624
2026-09-22 10:58:00,1376.30,1376.80,1376.20,1376.60,1265
2026-09-22 10:59:00,1376.60,1377.00,1376.50,1376.80,1392
2026-09-22 11:00:00,1376.80,1377.50,1375.50,1375.90,3029
2026-09-22 11:01:00,1375.70,1375.90,1375.30,1375.30,1077
2026-09-22 11:02:00,1375.30,1375.50,1375.30,1375.40,586
2026-09-22 11:03:00,1375.40,1376.30,1375.20,1376.30,2756
2026-09-22 11:04:00,1376.20,1376.30,1375.40,1375.60,1360
2026-09-22 11:05:00,1375.40,1375.70,1375.10,1375.60,819
2026-09-22 11:06:00,1375.60,1375.60,1375.20,1375.40,633
2026-09-22 11:07:00,1375.40,1375.60,1375.10,1375.60,351
2026-09-22 11:08:00,1375.50,1375.90,1375.50,1375.90,846
2026-09-22 11:09:00,1375.80,1376.80,1375.70,1375.70,3459
2026-09-22 11:10:00,1375.90,1375.90,1375.20,1375.70,443
2026-09-22 11:11:00,1375.20,1375.70,1375.10,1375.30,984
2026-09-22 11:12:00,1375.30,1375.50,1375.30,1375.40,241
2026-09-22 11:13:00,1375.30,1376.70,1375.30,1376.10,6173
2026-09-22 11:14:00,1376.10,1376.60,1375.80,1375.80,1150
2026-09-22 11:15:00,1375.80,1376.30,1375.70,1376.00,303
2026-09-22 11:16:00,1376.00,1376.10,1375.50,1376.10,1633
2026-09-22 11:17:00,1375.90,1376.80,1375.90,1376.80,1723
2026-09-22 11:18:00,1376.70,1376.70,1375.50,1375.90,562
2026-09-22 11:19:00,1375.90,1375.90,1375.40,1375.40,905
2026-09-22 11:20:00,1375.30,1375.70,1375.00,1375.20,1797
2026-09-22 11:21:00,1375.30,1375.50,1374.00,1374.40,4589
2026-09-22 11:22:00,1374.40,1374.50,1374.20,1374.40,839
2026-09-22 11:23:00,1374.40,1374.40,1372.90,1373.30,1703
2026-09-22 11:24:00,1373.40,1373.40,1372.90,1373.40,2072
2026-09-22 11:25:00,1373.40,1373.40,1373.20,1373.40,129
2026-09-22 11:26:00,1373.40,1374.40,1373.40,1374.10,4825
2026-09-22 11:27:00,1374.10,1374.10,1373.30,1373.60,1290
2026-09-22 11:28:00,1373.60,1373.60,1373.00,1373.00,421
2026-09-22 11:29:00,1373.20,1373.20,1372.50,1372.60,1573
2026-09-22 11:30:00,1372.60,1373.10,1372.50,1372.80,3250
2026-09-22 11:31:00,1372.60,1373.60,1372.50,1373.30,2927
2026-09-22 11:32:00,1373.30,1373.30,1372.90,1373.00,131
2026-09-22 11:33:00,1373.10,1373.10,1372.50,1372.50,456
2026-09-22 11:34:00,1372.50,1372.80,1372.50,1372.70,1010
2026-09-22 11:35:00,1372.70,1372.80,1372.20,1372.80,2064
2026-09-22 11:36:00,1372.70,1373.60,1372.70,1373.60,1708
2026-09-22 11:37:00,1373.30,1373.70,1372.80,1373.30,1348
2026-09-22 11:38:00,1373.30,1373.60,1372.10,1372.70,301
2026-09-22 11:39:00,1372.70,1372.70,1372.30,1372.30,276
2026-09-22 11:40:00,1372.30,1372.50,1371.80,1372.20,1962
2026-09-22 11:41:00,1372.10,1372.20,1372.10,1372.20,471
2026-09-22 11:42:00,1372.20,1372.20,1371.80,1372.10,1283
2026-09-22 11:43:00,1371.80,1372.30,1371.80,1372.10,1950
2026-09-22 11:44:00,1372.10,1372.20,1371.80,1372.20,853
2026-09-22 11:45:00,1372.20,1374.60,1372.10,1373.10,3704
2026-09-22 11:46:00,1373.00,1373.00,1372.60,1372.80,1251
2026-09-22 11:47:00,1372.60,1372.80,1372.50,1372.70,160
2026-09-22 11:48:00,1372.60,1373.90,1372.60,1373.60,3441
2026-09-22 11:49:00,1373.80,1373.80,1372.90,1373.40,191
2026-09-22 11:50:00,1373.20,1373.20,1370.80,1371.40,7868
2026-09-22 11:51:00,1371.50,1371.50,1370.70,1370.70,1209
2026-09-22 11:52:00,1371.10,1372.60,1370.70,1371.60,7632
2026-09-22 11:53:00,1372.00,1372.00,1371.50,1371.60,224
2026-09-22 11:54:00,1371.60,1372.40,1371.60,1372.40,2547
2026-09-22 11:55:00,1372.50,1372.50,1371.60,1371.90,1240
2026-09-22 11:56:00,1371.90,1371.90,1369.60,1371.00,40107
2026-09-22 11:57:00,1371.10,1373.90,1371.10,1373.90,7204
2026-09-22 11:58:00,1373.60,1373.80,1372.80,1373.50,2166
2026-09-22 11:59:00,1373.20,1374.10,1373.20,1374.00,1120
2026-09-22 12:00:00,1374.00,1374.10,1373.60,1373.60,186
2026-09-22 12:01:00,1373.00,1374.30,1373.00,1374.00,942
2026-09-22 12:02:00,1374.30,1374.30,1373.60,1373.60,1634
2026-09-22 12:03:00,1374.30,1374.40,1374.10,1374.30,727
2026-09-22 12:04:00,1374.40,1374.60,1373.80,1374.30,643
2026-09-22 12:05:00,1374.30,1374.40,1373.90,1374.10,59
2026-09-22 12:06:00,1374.10,1374.50,1373.90,1374.50,1237
2026-09-22 12:07:00,1374.50,1375.70,1374.50,1375.00,3733
2026-09-22 12:08:00,1375.00,1375.40,1374.60,1375.00,818
2026-09-22 12:09:00,1375.00,1375.00,1374.10,1374.30,441
2026-09-22 12:10:00,1374.10,1377.60,1374.10,1374.60,5954
2026-09-22 12:11:00,1374.60,1374.60,1372.60,1373.20,1137
2026-09-22 12:12:00,1373.30,1373.30,1372.60,1373.20,350
2026-09-22 12:13:00,1373.20,1373.20,1372.90,1373.00,1003
2026-09-22 12:14:00,1373.00,1373.10,1373.00,1373.10,731
2026-09-22 12:15:00,1373.10,1373.10,1371.60,1371.90,426
2026-09-22 12:16:00,1371.90,1371.90,1371.30,1371.60,654
2026-09-22 12:17:00,1371.70,1372.50,1371.50,1372.30,3654
2026-09-22 12:18:00,1372.30,1373.10,1371.90,1372.40,1035
2026-09-22 12:19:00,1372.40,1372.40,1371.70,1372.10,240
2026-09-22 12:20:00,1372.10,1372.10,1371.80,1371.80,684
2026-09-22 12:21:00,1371.90,1371.90,1371.50,1371.60,513
2026-09-22 12:22:00,1371.80,1371.80,1371.30,1371.50,321
2026-09-22 12:23:00,1371.50,1371.50,1371.10,1371.50,2424
2026-09-22 12:24:00,1371.50,1371.90,1371.10,1371.90,773
2026-09-22 12:25:00,1371.90,1371.90,1371.40,1371.80,43
2026-09-22 12:26:00,1371.40,1371.50,1370.90,1370.90,2269
2026-09-22 12:27:00,1370.90,1370.90,1370.10,1370.10,682
2026-09-22 12:28:00,1370.30,1370.30,1370.10,1370.20,432
2026-09-22 12:29:00,1370.20,1370.20,1369.40,1370.00,941
2026-09-22 12:30:00,1370.00,1370.00,1369.70,1369.70,526
2026-09-22 12:31:00,1370.00,1370.00,1369.70,1369.80,1181
2026-09-22 12:32:00,1369.90,1370.00,1369.70,1370.00,405
2026-09-22 12:33:00,1370.00,1370.00,1369.40,1369.60,759
2026-09-22 12:34:00,1369.60,1369.70,1369.10,1369.70,1566
2026-09-22 12:35:00,1369.70,1370.50,1369.70,1370.30,1944
2026-09-22 12:36:00,1370.30,1370.30,1369.40,1369.40,1374
2026-09-22 12:37:00,1369.40,1369.40,1369.20,1369.20,632
2026-09-22 12:38:00,1369.20,1369.50,1369.20,1369.50,750
2026-09-22 12:39:00,1369.50,1369.50,1369.20,1369.50,518
2026-09-22 12:40:00,1369.40,1369.50,1369.00,1369.10,7631
2026-09-22 12:41:00,1369.50,1370.50,1369.50,1370.30,5188
2026-09-22 12:42:00,1370.60,1370.80,1370.00,1370.20,1917
2026-09-22 12:43:00,1369.40,1370.50,1369.30,1370.50,1087
2026-09-22 12:44:00,1370.20,1371.10,1369.70,1369.70,1231
2026-09-22 12:45:00,1370.10,1370.40,1369.60,1369.70,736
2026-09-22 12:46:00,1369.60,1370.20,1369.50,1369.50,1196
2026-09-22 12:47:00,1369.50,1370.00,1369.20,1369.40,826
2026-09-22 12:48:00,1369.20,1369.80,1369.00,1369.80,1961
2026-09-22 12:49:00,1369.30,1369.80,1369.00,1369.30,1623
2026-09-22 12:50:00,1369.80,1369.80,1369.00,1369.70,626
2026-09-22 12:51:00,1369.20,1369.80,1369.00,1369.40,836
2026-09-22 12:52:00,1369.00,1370.00,1369.00,1370.00,1647
2026-09-22 12:53:00,1369.50,1370.00,1369.30,1369.80,174
2026-09-22 12:54:00,1369.30,1369.80,1369.10,1369.80,1318
2026-09-22 12:55:00,1369.80,1370.20,1369.10,1369.10,1700
2026-09-22 12:56:00,1369.10,1370.70,1369.10,1370.40,1742
2026-09-22 12:57:00,1370.40,1370.80,1370.40,1370.40,598
2026-09-22 12:58:00,1369.70,1371.00,1369.70,1371.00,1502
2026-09-22 12:59:00,1370.40,1370.80,1370.40,1370.50,177
2026-09-22 13:00:00,1370.40,1370.50,1369.90,1369.90,849
2026-09-22 13:01:00,1369.90,1371.90,1369.90,1371.90,3857
2026-09-22 13:02:00,1371.00,1371.30,1370.60,1371.30,2097
2026-09-22 13:03:00,1371.10,1371.60,1370.60,1370.70,1243
2026-09-22 13:04:00,1370.70,1371.50,1370.70,1370.70,943
2026-09-22 13:05:00,1370.70,1371.10,1370.70,1371.00,831
2026-09-22 13:06:00,1371.00,1371.90,1371.00,1371.20,2087
2026-09-22 13:07:00,1371.20,1371.70,1371.20,1371.30,1312
2026-09-22 13:08:00,1371.40,1371.50,1371.30,1371.50,778
2026-09-22 13:09:00,1372.10,1372.10,1371.50,1371.60,3061
2026-09-22 13:10:00,1371.60,1371.90,1371.10,1371.90,1102
2026-09-22 13:11:00,1371.20,1371.60,1370.80,1371.00,361
2026-09-22 13:12:00,1371.30,1372.10,1371.00,1372.10,1736
2026-09-22 13:13:00,1371.40,1372.00,1371.00,1371.20,375
2026-09-22 13:14:00,1370.40,1371.10,1370.10,1370.40,2979
2026-09-22 13:15:00,1370.60,1370.60,1369.70,1369.70,792
2026-09-22 13:16:00,1369.70,1370.30,1369.40,1370.00,1846
2026-09-22 13:17:00,1369.60,1369.90,1369.30,1369.30,669
2026-09-22 13:18:00,1369.70,1369.80,1369.20,1369.50,719
2026-09-22 13:19:00,1369.60,1370.00,1369.50,1369.70,1231
2026-09-22 13:20:00,1369.70,1369.90,1369.50,1369.50,702
2026-09-22 13:21:00,1369.80,1370.20,1369.20,1369.30,766
2026-09-22 13:22:00,1369.30,1370.00,1369.30,1369.40,520
2026-09-22 13:23:00,1370.00,1370.30,1369.40,1369.40,2133
2026-09-22 13:24:00,1369.80,1369.80,1369.30,1369.30,430
2026-09-22 13:25:00,1369.30,1370.00,1369.00,1369.30,294
2026-09-22 13:26:00,1369.10,1369.90,1369.00,1369.30,1015
2026-09-22 13:27:00,1369.00,1369.50,1369.00,1369.30,372
2026-09-22 13:28:00,1369.40,1369.90,1369.00,1369.00,1114
2026-09-22 13:29:00,1369.00,1369.50,1369.00,1369.00,724
2026-09-22 13:30:00,1369.00,1369.30,1369.00,1369.00,246
2026-09-22 13:31:00,1369.10,1369.10,1368.70,1369.10,1727
2026-09-22 13:32:00,1369.10,1369.20,1368.80,1368.90,219
2026-09-22 13:33:00,1369.20,1369.30,1368.70,1368.90,298
2026-09-22 13:34:00,1369.20,1369.40,1368.30,1369.00,1256
2026-09-22 13:35:00,1369.00,1369.30,1368.60,1369.10,554
2026-09-22 13:36:00,1369.10,1369.10,1368.30,1368.90,159
2026-09-22 13:37:00,1368.90,1368.90,1368.50,1368.50,160
2026-09-22 13:38:00,1368.40,1368.80,1368.00,1368.60,905
2026-09-22 13:39:00,1369.10,1370.30,1368.80,1369.60,6031
2026-09-22 13:40:00,1369.50,1369.50,1368.70,1369.20,620
2026-09-22 13:41:00,1369.20,1369.20,1368.70,1368.80,219
2026-09-22 13:42:00,1368.70,1370.30,1368.40,1369.50,2660
2026-09-22 13:43:00,1369.50,1369.50,1368.10,1368.10,658
2026-09-22 13:44:00,1368.80,1368.80,1368.30,1368.60,379
2026-09-22 13:45:00,1368.50,1368.50,1368.10,1368.20,470
2026-09-22 13:46:00,1368.10,1368.30,1368.10,1368.10,834
2026-09-22 13:47:00,1368.10,1368.20,1368.00,1368.00,394
2026-09-22 13:48:00,1368.00,1368.80,1367.60,1368.70,2587
2026-09-22 13:49:00,1368.30,1368.70,1368.30,1368.50,188
2026-09-22 13:50:00,1368.50,1368.60,1368.00,1368.30,839
2026-09-22 13:51:00,1368.30,1368.30,1367.00,1367.80,1227
2026-09-22 13:52:00,1367.80,1367.80,1367.40,1367.60,491
2026-09-22 13:53:00,1367.60,1368.90,1367.30,1368.20,2258
2026-09-22 13:54:00,1367.50,1368.90,1367.50,1368.80,585
2026-09-22 13:55:00,1368.80,1369.00,1368.20,1368.60,244
2026-09-22 13:56:00,1368.60,1369.30,1368.50,1368.80,1438
2026-09-22 13:57:00,1368.80,1368.80,1367.80,1367.80,256
2026-09-22 13:58:00,1367.80,1368.30,1367.60,1367.70,279
2026-09-22 13:59:00,1367.70,1368.40,1367.50,1368.20,1187
2026-09-22 14:00:00,1367.80,1367.90,1366.20,1366.40,954
2026-09-22 14:01:00,1366.90,1367.40,1366.50,1366.60,1282
2026-09-22 14:02:00,1366.60,1367.00,1366.10,1367.00,465
2026-09-22 14:03:00,1367.10,1367.50,1366.60,1366.80,517
2026-09-22 14:04:00,1366.60,1367.40,1366.60,1367.40,328
2026-09-22 14:05:00,1367.40,1368.50,1366.70,1367.30,887
2026-09-22 14:06:00,1367.40,1367.80,1366.30,1367.70,470
2026-09-22 14:07:00,1367.70,1368.00,1367.20,1368.00,637
2026-09-22 14:08:00,1367.50,1367.80,1367.20,1367.60,625
2026-09-22 14:09:00,1367.60,1367.90,1367.30,1367.80,1575
2026-09-22 14:10:00,1367.60,1367.90,1367.50,1367.50,588
2026-09-22 14:11:00,1367.20,1367.60,1367.20,1367.60,1791
2026-09-22 14:12:00,1367.80,1368.70,1367.80,1368.50,2701
2026-09-22 14:13:00,1368.80,1368.90,1368.20,1368.70,1693
2026-09-22 14:14:00,1368.70,1370.00,1368.20,1370.00,1479
2026-09-22 14:15:00,1370.70,1371.20,1369.10,1369.10,4986
2026-09-22 14:16:00,1369.00,1370.00,1368.70,1370.00,3221
2026-09-22 14:17:00,1369.80,1370.30,1369.30,1370.00,1591
2026-09-22 14:18:00,1370.10,1370.90,1369.20,1369.50,1983
2026-09-22 14:19:00,1370.20,1370.30,1369.40,1369.90,1285
2026-09-22 14:20:00,1370.30,1371.00,1369.90,1370.70,1219
2026-09-22 14:21:00,1370.90,1371.10,1370.40,1370.80,1313
2026-09-22 14:22:00,1370.40,1371.40,1370.40,1370.80,2903
2026-09-22 14:23:00,1370.90,1371.50,1370.80,1370.80,2925
2026-09-22 14:24:00,1370.80,1371.40,1369.80,1370.30,2677
2026-09-22 14:25:00,1370.20,1371.30,1369.50,1371.30,4966
2026-09-22 14:26:00,1371.30,1371.30,1370.10,1370.40,1044
2026-09-22 14:27:00,1370.40,1371.10,1370.40,1370.40,1358
2026-09-22 14:28:00,1370.40,1370.70,1370.10,1370.70,618
2026-09-22 14:29:00,1370.60,1370.70,1370.10,1370.50,2235
2026-09-22 14:30:00,1371.00,1371.80,1370.90,1371.10,3593
2026-09-22 14:31:00,1371.30,1371.50,1371.10,1371.40,1072
2026-09-22 14:32:00,1371.40,1371.50,1370.70,1370.80,1990
2026-09-22 14:33:00,1370.60,1370.90,1370.00,1370.20,1700
2026-09-22 14:34:00,1370.00,1370.00,1368.70,1368.80,1695
2026-09-22 14:35:00,1369.00,1369.80,1369.00,1369.20,2685
2026-09-22 14:36:00,1369.20,1369.30,1368.80,1368.90,2380
2026-09-22 14:37:00,1368.90,1369.10,1368.00,1368.30,277
2026-09-22 14:38:00,1369.00,1369.50,1368.00,1368.00,5154
2026-09-22 14:39:00,1368.40,1368.40,1367.20,1367.40,697
2026-09-22 14:40:00,1367.50,1369.40,1367.00,1367.70,4428
2026-09-22 14:41:00,1367.70,1368.10,1367.00,1367.10,877
2026-09-22 14:42:00,1367.00,1367.40,1365.50,1366.30,4209
2026-09-22 14:43:00,1366.50,1366.80,1366.00,1366.00,1120
2026-09-22 14:44:00,1366.40,1367.10,1366.00,1367.10,6558
2026-09-22 14:45:00,1366.60,1367.70,1366.60,1367.30,3072
2026-09-22 14:46:00,1367.40,1367.40,1366.60,1366.80,671
2026-09-22 14:47:00,1366.80,1367.00,1366.10,1366.50,1233
2026-09-22 14:48:00,1366.50,1366.50,1366.10,1366.20,1860
2026-09-22 14:49:00,1366.30,1366.50,1366.00,1366.00,2984
2026-09-22 14:50:00,1366.00,1367.00,1366.00,1367.00,3439
2026-09-22 14:51:00,1366.70,1367.00,1366.00,1366.10,1710
2026-09-22 14:52:00,1366.10,1366.40,1365.50,1366.20,5089
2026-09-22 14:53:00,1366.40,1366.40,1365.50,1365.80,2156
2026-09-22 14:54:00,1365.60,1366.60,1365.50,1366.10,4941
2026-09-22 14:55:00,1366.20,1366.70,1365.70,1366.40,4837
2026-09-22 14:56:00,1365.90,1366.10,1365.40,1365.90,2445
2026-09-22 14:57:00,1365.50,1366.70,1365.50,1366.40,5700
2026-09-22 14:58:00,1366.20,1366.20,1365.90,1366.00,964
2026-09-22 14:59:00,1365.90,1366.70,1365.30,1366.70,10478
2026-09-22 15:00:00,1366.40,1366.70,1366.40,1366.70,4073
2026-09-22 15:01:00,1366.60,1367.60,1366.50,1366.70,7068
2026-09-22 15:02:00,1367.00,1367.00,1366.70,1366.80,2546
2026-09-22 15:03:00,1366.70,1366.80,1366.30,1366.70,4987
2026-09-22 15:04:00,1366.70,1366.90,1366.40,1366.40,2871
2026-09-22 15:05:00,1366.40,1366.80,1366.20,1366.80,12736
2026-09-22 15:06:00,1367.10,1367.10,1366.30,1366.80,5832
2026-09-22 15:07:00,1367.00,1367.00,1366.50,1366.60,5346
2026-09-22 15:08:00,1366.80,1367.20,1366.50,1367.20,5072
2026-09-22 15:09:00,1367.10,1367.30,1366.60,1367.20,7836
2026-09-22 15:10:00,1367.20,1367.60,1366.70,1367.40,15707
2026-09-22 15:11:00,1367.70,1368.00,1367.50,1367.80,3977
2026-09-22 15:12:00,1367.60,1367.90,1366.40,1367.90,15680
2026-09-22 15:13:00,1367.50,1367.70,1367.40,1367.40,7572
2026-09-22 15:14:00,1367.50,1367.50,1366.00,1366.70,4244
2026-09-22 15:15:00,1366.20,1366.20,1366.20,1366.20,101
2026-09-22 15:16:00,1366.20,1366.20,1366.20,1366.20,0
2026-09-22 15:17:00,1366.20,1366.20,1366.20,1366.20,0
2026-09-22 15:18:00,1366.20,1366.20,1366.20,1366.20,0
2026-09-22 15:19:00,1366.20,1366.20,1366.20,1366.20,0
2026-09-22 15:20:00,1366.20,1366.20,1366.20,1366.20,0
2026-09-22 15:21:00,1366.20,1366.20,1366.20,1366.20,0
2026-09-22 15:22:00,1366.20,1366.20,1366.20,1366.20,0
2026-09-22 15:23:00,1366.20,1366.20,1366.20,1366.20,0
2026-09-22 15:24:00,1366.20,1366.20,1366.20,1366.20,0
2026-09-22 15:25:00,1366.20,1366.20,1366.20,1366.20,0
2026-09-22 15:26:00,1366.20,1366.20,1366.20,1366.20,0
2026-09-22 15:27:00,1366.20,1366.20,1366.20,1366.20,0
2026-09-22 15:28:00,1366.20,1366.20,1363.90,1363.90,85403
2026-09-22 15:29:00,1363.90,1363.90,1363.90,1363.90,0
2026-09-23 09:15:00,1370.00,1375.00,1366.10,1367.10,6402
2026-09-23 09:16:00,1366.50,1367.30,1365.80,1367.00,3550
2026-09-23 09:17:00,1367.00,1369.30,1367.00,1368.30,2491
2026-09-23 09:18:00,1368.40,1369.00,1367.90,1369.00,1970
2026-09-23 09:19:00,1369.00,1370.30,1368.90,1370.10,1181
2026-09-23 09:20:00,1370.10,1370.60,1370.00,1370.60,910
2026-09-23 09:21:00,1370.50,1372.20,1370.50,1371.60,644
2026-09-23 09:22:00,1371.80,1371.80,1370.90,1371.00,2248
2026-09-23 09:23:00,1371.20,1371.50,1369.70,1370.90,2282
2026-09-23 09:24:00,1370.90,1370.90,1370.10,1370.40,354
2026-09-23 09:25:00,1370.40,1370.60,1369.50,1369.90,595
2026-09-23 09:26:00,1369.40,1370.80,1369.40,1370.50,2563
2026-09-23 09:27:00,1370.50,1370.50,1367.90,1367.90,1398
2026-09-23 09:28:00,1367.90,1368.40,1367.90,1368.40,1413
2026-09-23 09:29:00,1368.40,1368.60,1367.90,1368.00,649
2026-09-23 09:30:00,1368.00,1368.60,1368.00,1368.40,306
2026-09-23 09:31:00,1368.00,1368.00,1365.70,1366.40,1019
2026-09-23 09:32:00,1366.40,1366.40,1363.80,1364.80,2955
2026-09-23 09:33:00,1364.80,1364.80,1363.60,1364.40,1087
2026-09-23 09:34:00,1364.40,1364.50,1362.00,1362.30,2937
2026-09-23 09:35:00,1362.30,1362.50,1361.60,1362.00,1234
2026-09-23 09:36:00,1362.00,1363.40,1362.00,1363.40,2067
2026-09-23 09:37:00,1363.70,1364.40,1363.40,1364.40,1143
2026-09-23 09:38:00,1364.40,1365.40,1364.00,1365.00,560
2026-09-23 09:39:00,1365.40,1365.40,1364.40,1365.10,1509
2026-09-23 09:40:00,1365.10,1365.90,1365.00,1365.70,973
2026-09-23 09:41:00,1365.40,1365.90,1365.40,1365.90,830
2026-09-23 09:42:00,1365.90,1365.90,1365.80,1365.90,475
2026-09-23 09:43:00,1365.90,1366.90,1365.90,1366.70,1019
2026-09-23 09:44:00,1366.70,1366.80,1366.40,1366.80,963
2026-09-23 09:45:00,1366.80,1367.30,1366.50,1367.30,680
2026-09-23 09:46:00,1367.30,1370.70,1367.30,1370.50,4292
2026-09-23 09:47:00,1371.40,1374.60,1370.90,1373.50,5899
2026-09-23 09:48:00,1373.60,1374.30,1372.90,1373.40,2512
2026-09-23 09:49:00,1373.40,1374.00,1372.50,1373.50,1585
2026-09-23 09:50:00,1373.50,1375.90,1373.20,1375.90,7589
2026-09-23 09:51:00,1375.80,1378.30,1375.60,1377.10,2731
2026-09-23 09:52:00,1377.10,1378.30,1376.60,1377.80,1569
2026-09-23 09:53:00,1377.80,1378.50,1377.10,1378.20,3649
2026-09-23 09:54:00,1378.50,1378.90,1378.10,1378.70,2685
2026-09-23 09:55:00,1379.10,1382.20,1379.10,1380.40,10219
2026-09-23 09:56:00,1380.40,1380.90,1376.30,1376.50,4442
2026-09-23 09:57:00,1376.50,1377.30,1376.00,1377.00,1219
2026-09-23 09:58:00,1377.00,1377.40,1376.80,1377.40,645
2026-09-23 09:59:00,1377.40,1378.80,1377.40,1378.60,1539
2026-09-23 10:00:00,1378.60,1379.00,1378.10,1378.70,706
2026-09-23 10:01:00,1378.10,1378.50,1377.40,1377.40,1382
2026-09-23 10:02:00,1377.40,1377.60,1377.00,1377.50,853
2026-09-23 10:03:00,1377.50,1377.50,1377.30,1377.40,629
2026-09-23 10:04:00,1377.40,1378.40,1377.10,1377.10,1698
2026-09-23 10:05:00,1377.10,1377.50,1376.70,1377.00,684
2026-09-23 10:06:00,1377.00,1377.10,1377.00,1377.10,922
2026-09-23 10:07:00,1377.10,1377.10,1376.70,1377.10,684
2026-09-23 10:08:00,1377.00,1377.10,1376.80,1377.00,581
2026-09-23 10:09:00,1377.10,1377.10,1376.40,1376.50,945
2026-09-23 10:10:00,1376.50,1376.60,1376.00,1376.10,1046
2026-09-23 10:11:00,1375.90,1375.90,1375.20,1375.90,1639
2026-09-23 10:12:00,1375.90,1376.00,1375.20,1376.00,708
2026-09-23 10:13:00,1376.00,1376.30,1375.90,1376.30,428
2026-09-23 10:14:00,1376.30,1376.70,1376.30,1376.50,1480
2026-09-23 10:15:00,1376.60,1377.90,1376.20,1377.90,1401
2026-09-23 10:16:00,1377.90,1379.50,1377.70,1378.30,2185
2026-09-23 10:17:00,1378.70,1379.00,1378.30,1378.90,603
2026-09-23 10:18:00,1379.00,1379.40,1378.10,1378.70,872
2026-09-23 10:19:00,1378.70,1378.70,1378.00,1378.70,706
2026-09-23 10:20:00,1378.70,1379.20,1378.50,1379.00,782
2026-09-23 10:21:00,1379.00,1379.50,1378.60,1379.50,575
2026-09-23 10:22:00,1379.40,1380.00,1379.10,1380.00,774
2026-09-23 10:23:00,1379.90,1380.50,1379.60,1380.30,1194
2026-09-23 10:24:00,1380.50,1380.60,1379.80,1380.30,738
2026-09-23 10:25:00,1380.30,1380.30,1378.70,1379.00,1284
2026-09-23 10:26:00,1379.00,1379.00,1378.70,1379.00,453
2026-09-23 10:27:00,1379.00,1379.10,1378.40,1378.80,442
2026-09-23 10:28:00,1378.80,1378.90,1378.00,1378.00,642
2026-09-23 10:29:00,1378.50,1378.50,1378.00,1378.40,493
2026-09-23 10:30:00,1378.40,1378.50,1377.90,1378.50,937
2026-09-23 10:31:00,1378.50,1379.00,1378.30,1379.00,862
2026-09-23 10:32:00,1379.00,1379.00,1378.80,1379.00,438
2026-09-23 10:33:00,1379.00,1380.10,1379.00,1380.10,1019
2026-09-23 10:34:00,1379.90,1380.30,1379.00,1379.90,1122
2026-09-23 10:35:00,1379.90,1381.00,1379.10,1381.00,3111
2026-09-23 10:36:00,1380.40,1380.70,1379.80,1380.60,845
2026-09-23 10:37:00,1380.60,1380.60,1380.20,1380.60,476
2026-09-23 10:38:00,1380.90,1381.40,1380.60,1381.20,1324
2026-09-23 10:39:00,1380.70,1381.60,1380.50,1381.00,573
2026-09-23 10:40:00,1381.00,1381.00,1380.00,1380.20,2541
2026-09-23 10:41:00,1380.20,1381.60,1380.20,1381.60,2629
2026-09-23 10:42:00,1381.40,1383.00,1381.40,1382.50,2069
2026-09-23 10:43:00,1383.00,1383.20,1381.40,1381.80,1032
2026-09-23 10:44:00,1381.80,1381.80,1380.30,1381.40,1008
2026-09-23 10:45:00,1381.40,1383.00,1381.20,1382.00,2079
2026-09-23 10:46:00,1382.00,1382.90,1382.00,1382.40,2221
2026-09-23 10:47:00,1382.40,1382.90,1381.90,1382.90,807
2026-09-23 10:48:00,1382.90,1382.90,1382.20,1382.60,688
2026-09-23 10:49:00,1382.60,1382.60,1381.30,1381.50,1261
2026-09-23 10:50:00,1381.50,1381.50,1380.70,1381.20,531
2026-09-23 10:51:00,1381.10,1381.10,1380.60,1381.10,666
2026-09-23 10:52:00,1381.10,1381.20,1380.40,1381.20,1666
2026-09-23 10:53:00,1381.00,1381.50,1380.50,1381.50,357
2026-09-23 10:54:00,1381.50,1381.50,1380.20,1380.20,2281
2026-09-23 10:55:00,1380.50,1383.50,1378.40,1383.00,6376
2026-09-23 10:56:00,1383.00,1384.20,1382.70,1383.00,3567
2026-09-23 10:57:00,1383.00,1383.20,1382.30,1382.80,1223
2026-09-23 10:58:00,1382.80,1383.00,1382.30,1382.90,634
2026-09-23 10:59:00,1382.90,1382.90,1380.90,1382.00,1657
2026-09-23 11:00:00,1382.40,1382.50,1381.80,1382.00,864
2026-09-23 11:01:00,1382.90,1383.00,1381.80,1381.90,3302
2026-09-23 11:02:00,1381.90,1382.50,1381.90,1382.50,368
2026-09-23 11:03:00,1382.50,1382.90,1382.00,1382.50,1061
2026-09-23 11:04:00,1382.50,1383.00,1382.10,1383.00,1363
2026-09-23 11:05:00,1383.00,1383.50,1382.50,1383.20,954
2026-09-23 11:06:00,1383.40,1384.10,1383.10,1383.30,1640
2026-09-23 11:07:00,1383.90,1383.90,1382.40,1382.90,702
2026-09-23 11:08:00,1382.90,1382.90,1382.10,1382.50,349
2026-09-23 11:09:00,1382.50,1382.50,1381.90,1382.50,313
2026-09-23 11:10:00,1382.50,1382.50,1382.00,1382.50,352
2026-09-23 11:11:00,1382.00,1382.90,1382.00,1382.50,847
2026-09-23 11:12:00,1382.90,1382.90,1382.50,1382.50,347
2026-09-23 11:13:00,1382.70,1382.80,1382.50,1382.50,543
2026-09-23 11:14:00,1382.70,1383.10,1382.10,1382.20,2835
2026-09-23 11:15:00,1382.70,1382.70,1381.90,1381.90,1718
2026-09-23 11:16:00,1382.40,1382.40,1381.60,1382.00,604
2026-09-23 11:17:00,1382.00,1382.60,1381.70,1382.00,1588
2026-09-23 11:18:00,1382.00,1382.00,1381.70,1381.70,438
2026-09-23 11:19:00,1382.00,1382.00,1381.70,1381.70,289
2026-09-23 11:20:00,1381.90,1382.00,1381.70,1381.70,550
2026-09-23 11:21:00,1381.80,1382.00,1381.00,1381.40,3112
2026-09-23 11:22:00,1381.40,1381.40,1380.90,1381.00,598
2026-09-23 11:23:00,1381.00,1381.00,1380.60,1380.60,283
2026-09-23 11:24:00,1380.60,1380.90,1380.30,1380.70,806
2026-09-23 11:25:00,1380.70,1380.70,1380.30,1380.40,438
2026-09-23 11:26:00,1380.70,1380.70,1380.40,1380.40,454
2026-09-23 11:27:00,1380.70,1380.70,1380.40,1380.70,443
2026-09-23 11:28:00,1380.70,1380.70,1380.30,1380.70,612
2026-09-23 11:29:00,1380.70,1380.80,1380.50,1380.80,907
2026-09-23 11:30:00,1380.80,1381.10,1380.50,1381.00,870
2026-09-23 11:31:00,1381.00,1381.50,1380.90,1381.50,578
2026-09-23 11:32:00,1381.50,1382.30,1381.10,1382.00,1103
2026-09-23 11:33:00,1382.00,1382.00,1381.50,1381.70,4049
2026-09-23 11:34:00,1381.70,1381.70,1381.00,1381.40,988
2026-09-23 11:35:00,1381.40,1381.40,1380.60,1380.90,833
2026-09-23 11:36:00,1380.90,1381.10,1380.50,1380.70,265
2026-09-23 11:37:00,1380.70,1381.20,1380.30,1381.20,1545
2026-09-23 11:38:00,1381.20,1381.20,1380.70,1380.80,246
2026-09-23 11:39:00,1381.20,1381.20,1380.80,1381.20,383
2026-09-23 11:40:00,1381.70,1381.70,1377.80,1377.90,26287
2026-09-23 11:41:00,1377.90,1380.10,1377.20,1379.60,27839
2026-09-23 11:42:00,1379.60,1379.60,1376.20,1376.80,3193
2026-09-23 11:43:00,1376.80,1379.10,1376.80,1378.30,1638
2026-09-23 11:44:00,1378.30,1378.80,1378.00,1378.20,887
2026-09-23 11:45:00,1378.70,1378.90,1378.30,1378.70,566
2026-09-23 11:46:00,1378.70,1380.00,1378.30,1379.50,1591
2026-09-23 11:47:00,1379.80,1379.90,1379.30,1379.70,759
2026-09-23 11:48:00,1379.20,1379.70,1379.00,1379.40,458
2026-09-23 11:49:00,1379.70,1380.20,1379.70,1380.00,765
2026-09-23 11:50:00,1380.00,1380.00,1379.00,1379.30,1424
2026-09-23 11:51:00,1379.30,1379.40,1378.10,1378.40,1761
2026-09-23 11:52:00,1378.90,1379.20,1378.50,1378.80,1264
2026-09-23 11:53:00,1379.30,1379.30,1378.80,1379.00,271
2026-09-23 11:54:00,1379.00,1379.20,1378.60,1378.80,763
2026-09-23 11:55:00,1378.80,1378.80,1378.50,1378.80,620
2026-09-23 11:56:00,1378.80,1378.90,1378.50,1378.90,673
2026-09-23 11:57:00,1378.80,1378.90,1378.30,1378.30,869
2026-09-23 11:58:00,1378.40,1378.80,1377.10,1377.40,3334
2026-09-23 11:59:00,1377.70,1378.80,1377.70,1378.60,588
2026-09-23 12:00:00,1378.70,1378.90,1378.50,1378.70,773
2026-09-23 12:01:00,1378.70,1379.50,1378.50,1379.00,1029
2026-09-23 12:02:00,1379.50,1379.60,1379.00,1379.60,2564
2026-09-23 12:03:00,1379.80,1380.70,1379.80,1379.90,1649
2026-09-23 12:04:00,1380.20,1380.50,1379.80,1380.40,498
2026-09-23 12:05:00,1380.40,1380.40,1380.00,1380.20,477
2026-09-23 12:06:00,1380.20,1380.70,1380.10,1380.70,1167
2026-09-23 12:07:00,1380.90,1381.50,1380.90,1381.50,1758
2026-09-23 12:08:00,1381.50,1381.50,1381.20,1381.40,352
2026-09-23 12:09:00,1381.40,1381.50,1381.20,1381.40,944
2026-09-23 12:10:00,1381.40,1381.50,1380.20,1380.30,7485
2026-09-23 12:11:00,1381.00,1381.20,1380.50,1380.50,634
2026-09-23 12:12:00,1381.00,1381.00,1380.40,1380.50,505
2026-09-23 12:13:00,1381.00,1381.00,1380.40,1380.80,224
2026-09-23 12:14:00,1380.80,1380.80,1380.40,1380.50,337
2026-09-23 12:15:00,1380.50,1380.80,1380.40,1380.40,1150
2026-09-23 12:16:00,1380.80,1380.80,1380.40,1380.70,323
2026-09-23 12:17:00,1380.70,1380.80,1380.50,1380.80,181
2026-09-23 12:18:00,1380.80,1380.80,1380.40,1380.80,531
2026-09-23 12:19:00,1380.80,1383.90,1380.80,1383.90,8392
2026-09-23 12:20:00,1383.90,1384.90,1383.90,1384.10,3784
2026-09-23 12:21:00,1384.60,1384.70,1384.10,1384.10,660
2026-09-23 12:22:00,1384.50,1384.70,1384.00,1384.10,899
2026-09-23 12:23:00,1384.10,1384.70,1384.00,1384.30,1223
2026-09-23 12:24:00,1384.20,1384.80,1384.20,1384.70,975
2026-09-23 12:25:00,1384.70,1384.70,1383.00,1383.80,4458
2026-09-23 12:26:00,1384.30,1384.70,1383.80,1384.20,1179
2026-09-23 12:27:00,1384.70,1384.70,1384.00,1384.60,667
2026-09-23 12:28:00,1384.50,1384.70,1384.00,1384.00,594
2026-09-23 12:29:00,1384.40,1384.40,1383.10,1383.20,981
2026-09-23 12:30:00,1383.70,1383.80,1383.10,1383.70,782
2026-09-23 12:31:00,1383.70,1384.00,1383.20,1383.60,736
2026-09-23 12:32:00,1383.60,1384.00,1383.30,1383.40,665
2026-09-23 12:33:00,1383.20,1384.00,1383.20,1383.90,870
2026-09-23 12:34:00,1383.90,1384.00,1383.20,1383.50,640
2026-09-23 12:35:00,1383.50,1384.00,1383.20,1383.90,687
2026-09-23 12:36:00,1383.90,1384.20,1383.70,1383.80,617
2026-09-23 12:37:00,1384.20,1384.80,1383.90,1384.80,850
2026-09-23 12:38:00,1384.80,1385.00,1384.50,1384.60,1549
2026-09-23 12:39:00,1385.00,1385.20,1384.80,1385.00,2972
2026-09-23 12:40:00,1385.50,1385.60,1385.10,1385.10,1506
2026-09-23 12:41:00,1385.60,1385.70,1385.10,1385.60,834
2026-09-23 12:42:00,1385.60,1385.60,1385.40,1385.60,669
2026-09-23 12:43:00,1385.60,1385.70,1384.30,1384.50,1409
2026-09-23 12:44:00,1384.50,1385.00,1384.40,1384.40,707
2026-09-23 12:45:00,1384.70,1384.70,1383.90,1383.90,775
2026-09-23 12:46:00,1384.20,1384.50,1384.10,1384.10,646
2026-09-23 12:47:00,1384.10,1384.50,1384.10,1384.50,564
2026-09-23 12:48:00,1384.50,1384.60,1384.10,1384.30,810
2026-09-23 12:49:00,1384.50,1384.60,1384.10,1384.30,1668
2026-09-23 12:50:00,1384.60,1384.60,1384.30,1384.60,1044
2026-09-23 12:51:00,1384.60,1385.10,1384.30,1385.10,2888
2026-09-23 12:52:00,1385.20,1385.80,1384.80,1385.80,2213
2026-09-23 12:53:00,1385.80,1385.90,1385.40,1385.40,1150
2026-09-23 12:54:00,1385.70,1385.90,1385.10,1385.40,1071
2026-09-23 12:55:00,1385.40,1385.60,1385.10,1385.50,902
2026-09-23 12:56:00,1385.50,1385.90,1385.10,1385.80,660
2026-09-23 12:57:00,1385.90,1386.00,1385.20,1386.00,912
2026-09-23 12:58:00,1386.00,1386.00,1385.00,1385.50,1847
2026-09-23 12:59:00,1385.50,1385.60,1384.90,1385.40,1094
2026-09-23 13:00:00,1385.40,1385.50,1384.70,1385.30,607
2026-09-23 13:01:00,1385.50,1385.60,1384.70,1384.90,645
2026-09-23 13:02:00,1384.70,1385.50,1384.70,1385.40,856
2026-09-23 13:03:00,1385.40,1385.60,1384.80,1385.50,1255
2026-09-23 13:04:00,1385.40,1385.60,1384.90,1385.00,841
2026-09-23 13:05:00,1385.60,1385.60,1383.40,1383.70,3191
2026-09-23 13:06:00,1383.70,1384.40,1382.60,1384.40,1712
2026-09-23 13:07:00,1384.00,1384.30,1382.80,1382.90,854
2026-09-23 13:08:00,1382.90,1382.90,1382.10,1382.90,1177
2026-09-23 13:09:00,1382.90,1383.00,1382.30,1382.90,579
2026-09-23 13:10:00,1382.90,1383.20,1382.40,1383.00,617
2026-09-23 13:11:00,1383.00,1383.00,1382.40,1382.40,734
2026-09-23 13:12:00,1382.50,1383.20,1382.40,1383.10,1323
2026-09-23 13:13:00,1383.10,1383.10,1382.60,1382.60,1584
2026-09-23 13:14:00,1382.50,1383.20,1382.50,1383.20,822
2026-09-23 13:15:00,1383.20,1383.50,1382.60,1383.20,1155
2026-09-23 13:16:00,1383.30,1383.60,1382.60,1383.50,1708
2026-09-23 13:17:00,1383.30,1383.60,1383.00,1383.40,727
2026-09-23 13:18:00,1383.40,1383.60,1382.70,1382.70,1137
2026-09-23 13:19:00,1382.70,1383.20,1382.60,1383.10,597
2026-09-23 13:20:00,1383.10,1383.40,1382.70,1382.90,587
2026-09-23 13:21:00,1382.90,1383.30,1382.70,1383.30,838
2026-09-23 13:22:00,1383.30,1384.10,1382.80,1383.60,809
2026-09-23 13:23:00,1383.60,1384.00,1383.20,1383.60,648
2026-09-23 13:24:00,1383.60,1383.60,1383.00,1383.00,793
2026-09-23 13:25:00,1383.10,1383.60,1383.00,1383.60,633
2026-09-23 13:26:00,1383.60,1384.10,1383.30,1383.40,877
2026-09-23 13:27:00,1383.40,1384.10,1383.40,1383.40,740
2026-09-23 13:28:00,1383.90,1384.40,1383.30,1384.00,1031
2026-09-23 13:29:00,1384.00,1384.40,1382.80,1383.60,2336
2026-09-23 13:30:00,1383.60,1383.80,1383.10,1383.70,930
2026-09-23 13:31:00,1383.70,1383.80,1383.00,1383.30,1712
2026-09-23 13:32:00,1383.10,1383.80,1382.80,1382.90,1275
2026-09-23 13:33:00,1382.80,1383.60,1382.80,1383.10,590
2026-09-23 13:34:00,1382.80,1383.30,1382.40,1382.70,1273
2026-09-23 13:35:00,1382.70,1383.20,1382.30,1382.80,695
2026-09-23 13:36:00,1382.80,1382.90,1382.30,1382.70,649
2026-09-23 13:37:00,1382.70,1383.00,1382.30,1382.80,577
2026-09-23 13:38:00,1382.90,1383.10,1382.30,1383.00,1398
2026-09-23 13:39:00,1383.00,1383.10,1382.60,1383.10,638
2026-09-23 13:40:00,1383.10,1384.30,1382.70,1384.20,1334
2026-09-23 13:41:00,1383.60,1384.20,1383.20,1383.60,1785
2026-09-23 13:42:00,1383.60,1383.90,1383.10,1383.60,678
2026-09-23 13:43:00,1383.60,1383.80,1383.20,1383.80,615
2026-09-23 13:44:00,1383.80,1383.90,1383.20,1383.80,642
2026-09-23 13:45:00,1383.80,1383.80,1383.20,1383.80,575
2026-09-23 13:46:00,1383.90,1384.00,1383.10,1383.50,1783
2026-09-23 13:47:00,1383.80,1383.90,1382.70,1383.60,1033
2026-09-23 13:48:00,1383.70,1383.70,1383.00,1383.10,671
2026-09-23 13:49:00,1383.10,1383.60,1383.00,1383.10,537
2026-09-23 13:50:00,1383.10,1383.60,1383.00,1383.10,590
2026-09-23 13:51:00,1383.10,1383.50,1383.00,1383.10,618
2026-09-23 13:52:00,1383.10,1384.10,1382.80,1383.60,1029
2026-09-23 13:53:00,1383.60,1384.10,1383.60,1384.10,637
2026-09-23 13:54:00,1384.10,1384.10,1381.90,1382.50,4708
2026-09-23 13:55:00,1382.50,1383.00,1382.50,1383.00,1395
2026-09-23 13:56:00,1383.00,1383.20,1382.90,1383.20,766
2026-09-23 13:57:00,1383.20,1383.70,1382.80,1383.50,661
2026-09-23 13:58:00,1383.50,1383.50,1382.30,1382.40,1110
2026-09-23 13:59:00,1382.40,1382.40,1381.30,1382.10,1253
2026-09-23 14:00:00,1382.40,1382.80,1381.80,1382.00,998
2026-09-23 14:01:00,1382.00,1382.80,1381.80,1382.60,958
2026-09-23 14:02:00,1382.80,1383.00,1382.30,1383.00,683
2026-09-23 14:03:00,1383.00,1383.00,1382.30,1382.30,618
2026-09-23 14:04:00,1382.50,1383.00,1381.90,1382.00,1312
2026-09-23 14:05:00,1382.00,1382.50,1381.80,1382.20,666
2026-09-23 14:06:00,1382.20,1382.50,1381.80,1382.00,804
2026-09-23 14:07:00,1382.00,1382.90,1381.90,1382.90,853
2026-09-23 14:08:00,1382.90,1383.20,1382.40,1382.80,1236
2026-09-23 14:09:00,1382.80,1382.90,1382.00,1382.20,766
2026-09-23 14:10:00,1382.20,1382.70,1382.10,1382.20,522
2026-09-23 14:11:00,1382.20,1382.80,1382.10,1382.20,594
2026-09-23 14:12:00,1382.50,1382.70,1382.20,1382.50,1007
2026-09-23 14:13:00,1382.50,1382.80,1382.20,1382.40,527
2026-09-23 14:14:00,1382.40,1382.80,1382.10,1382.20,1276
2026-09-23 14:15:00,1382.50,1382.70,1382.00,1382.00,544
2026-09-23 14:16:00,1382.20,1382.60,1382.00,1382.10,529
2026-09-23 14:17:00,1382.00,1382.00,1381.30,1381.30,1392
2026-09-23 14:18:00,1381.60,1382.80,1381.40,1382.80,2420
2026-09-23 14:19:00,1382.50,1383.50,1382.40,1383.40,1264
2026-09-23 14:20:00,1383.20,1383.70,1383.00,1383.60,1053
2026-09-23 14:21:00,1383.60,1384.00,1383.00,1384.00,1419
2026-09-23 14:22:00,1383.40,1384.00,1381.00,1381.90,6479
2026-09-23 14:23:00,1381.80,1382.50,1381.80,1382.40,713
2026-09-23 14:24:00,1382.40,1382.50,1382.00,1382.20,676
2026-09-23 14:25:00,1382.40,1382.40,1381.40,1382.00,935
2026-09-23 14:26:00,1382.00,1382.00,1381.40,1381.50,795
2026-09-23 14:27:00,1382.00,1382.00,1381.50,1382.00,686
2026-09-23 14:28:00,1382.00,1382.00,1381.40,1381.80,1422
2026-09-23 14:29:00,1381.80,1382.00,1380.90,1380.90,1863
2026-09-23 14:30:00,1380.90,1381.30,1380.60,1381.20,2853
2026-09-23 14:31:00,1381.20,1381.20,1380.60,1380.80,2011
2026-09-23 14:32:00,1380.80,1380.90,1380.60,1380.70,1113
2026-09-23 14:33:00,1380.80,1381.80,1380.50,1381.30,2987
2026-09-23 14:34:00,1381.20,1381.60,1380.90,1381.00,1408
2026-09-23 14:35:00,1381.30,1381.30,1380.60,1380.70,1292
2026-09-23 14:36:00,1380.70,1381.30,1380.50,1380.90,1020
2026-09-23 14:37:00,1380.90,1381.00,1379.50,1379.90,3082
2026-09-23 14:38:00,1379.90,1381.20,1379.60,1380.30,6029
2026-09-23 14:39:00,1380.30,1380.60,1380.00,1380.10,600
2026-09-23 14:40:00,1380.30,1380.60,1380.00,1380.40,648
2026-09-23 14:41:00,1380.40,1380.40,1379.60,1380.00,1302
2026-09-23 14:42:00,1380.10,1380.20,1379.30,1379.70,4810
2026-09-23 14:43:00,1380.10,1380.40,1379.40,1380.00,1656
2026-09-23 14:44:00,1379.90,1380.00,1379.40,1379.90,1171
2026-09-23 14:45:00,1379.50,1380.10,1379.50,1379.70,1212
2026-09-23 14:46:00,1380.00,1380.00,1379.60,1379.60,851
2026-09-23 14:47:00,1379.90,1379.90,1379.30,1379.50,1147
2026-09-23 14:48:00,1379.50,1380.10,1378.80,1380.00,10957
2026-09-23 14:49:00,1380.60,1380.80,1380.20,1380.40,1696
2026-09-23 14:50:00,1380.40,1380.40,1379.50,1379.70,1135
2026-09-23 14:51:00,1379.50,1380.00,1379.40,1379.50,1047
2026-09-23 14:52:00,1379.50,1379.70,1379.20,1379.40,1186
2026-09-23 14:53:00,1379.40,1379.50,1378.80,1378.90,1478
2026-09-23 14:54:00,1378.80,1379.20,1378.70,1379.10,1635
2026-09-23 14:55:00,1379.10,1379.40,1378.90,1379.20,1411
2026-09-23 14:56:00,1379.50,1379.50,1378.90,1379.00,1493
2026-09-23 14:57:00,1379.00,1379.30,1378.20,1378.70,1935
2026-09-23 14:58:00,1378.70,1380.00,1378.20,1379.10,8315
2026-09-23 14:59:00,1379.30,1379.30,1378.50,1378.90,1732
2026-09-23 15:00:00,1378.50,1378.90,1378.00,1378.00,10421
2026-09-23 15:01:00,1378.00,1379.40,1378.00,1379.20,7491
2026-09-23 15:02:00,1379.20,1381.10,1379.20,1380.90,7852
2026-09-23 15:03:00,1380.90,1381.30,1380.60,1380.70,2661
2026-09-23 15:04:00,1380.90,1380.90,1380.60,1380.90,3177
2026-09-23 15:05:00,1380.80,1380.80,1380.40,1380.60,4406
2026-09-23 15:06:00,1380.70,1380.80,1380.60,1380.80,4673
2026-09-23 15:07:00,1380.80,1380.80,1380.60,1380.80,4709
2026-09-23 15:08:00,1380.80,1380.90,1380.70,1380.70,3766
2026-09-23 15:09:00,1380.70,1381.00,1380.70,1381.00,4648
2026-09-23 15:10:00,1381.10,1381.20,1380.90,1381.10,9877
2026-09-23 15:11:00,1381.20,1381.30,1380.60,1381.30,6595
2026-09-23 15:12:00,1380.80,1381.30,1379.80,1380.50,10474
2026-09-23 15:13:00,1380.50,1381.50,1379.90,1381.00,5981
2026-09-23 15:14:00,1381.70,1383.00,1377.00,1383.00,3420
2026-09-23 15:15:00,1383.00,1383.00,1383.00,1383.00,0
2026-09-23 15:16:00,1383.00,1383.00,1383.00,1383.00,0
2026-09-23 15:17:00,1383.00,1383.00,1383.00,1383.00,0
2026-09-23 15:18:00,1383.00,1383.00,1383.00,1383.00,0
2026-09-23 15:19:00,1383.00,1383.00,1383.00,1383.00,0
2026-09-23 15:20:00,1383.00,1383.00,1383.00,1383.00,0
2026-09-23 15:21:00,1383.00,1383.00,1383.00,1383.00,0
2026-09-23 15:22:00,1383.00,1383.00,1383.00,1383.00,0
2026-09-23 15:23:00,1383.00,1383.00,1383.00,1383.00,0
2026-09-23 15:24:00,1383.00,1383.00,1383.00,1383.00,0
2026-09-23 15:25:00,1383.00,1383.00,1383.00,1383.00,0
2026-09-23 15:26:00,1383.00,1383.00,1383.00,1383.00,0
2026-09-23 15:27:00,1383.00,1383.00,1383.00,1383.00,0
2026-09-23 15:28:00,1383.00,1383.00,1383.00,1383.00,0
2026-09-23 15:29:00,1383.00,1387.20,1383.00,1387.20,56971
2026-09-24 09:15:00,1355.70,1386.00,1355.00,1375.80,51366
2026-09-24 09:16:00,1375.70,1378.20,1373.00,1377.20,7778
2026-09-24 09:17:00,1377.10,1378.50,1376.50,1377.40,1991
2026-09-24 09:18:00,1378.30,1380.90,1377.80,1380.80,5716
2026-09-24 09:19:00,1380.80,1381.30,1380.50,1381.10,2173
2026-09-24 09:20:00,1381.10,1384.90,1381.00,1381.30,3627
2026-09-24 09:21:00,1381.70,1383.20,1381.30,1381.90,1564
2026-09-24 09:22:00,1381.90,1381.90,1380.30,1380.30,1405
2026-09-24 09:23:00,1380.30,1380.40,1378.40,1378.90,2292
2026-09-24 09:24:00,1378.90,1379.50,1378.80,1378.90,1936
2026-09-24 09:25:00,1379.30,1379.30,1376.70,1376.70,773
2026-09-24 09:26:00,1379.50,1379.50,1377.60,1378.10,4504
2026-09-24 09:27:00,1378.70,1379.20,1377.90,1379.20,1584
2026-09-24 09:28:00,1379.20,1381.10,1379.20,1380.70,761
2026-09-24 09:29:00,1380.70,1380.70,1379.50,1379.70,568
2026-09-24 09:30:00,1379.80,1382.70,1379.80,1382.50,1641
2026-09-24 09:31:00,1382.70,1382.90,1381.10,1381.10,506
2026-09-24 09:32:00,1381.10,1382.10,1381.10,1381.50,582
2026-09-24 09:33:00,1381.50,1381.70,1380.00,1380.90,1185
2026-09-24 09:34:00,1380.90,1380.90,1378.00,1380.10,2161
2026-09-24 09:35:00,1380.10,1380.90,1380.10,1380.60,439
2026-09-24 09:36:00,1380.60,1381.90,1380.60,1381.10,1283
2026-09-24 09:37:00,1381.10,1381.70,1380.90,1381.40,421
2026-09-24 09:38:00,1381.40,1381.40,1378.10,1378.20,355
2026-09-24 09:39:00,1378.20,1378.50,1377.90,1378.00,464
2026-09-24 09:40:00,1377.80,1377.80,1376.10,1376.30,1336
2026-09-24 09:41:00,1376.20,1376.50,1375.60,1375.70,3097
2026-09-24 09:42:00,1376.20,1376.20,1374.60,1374.60,324
2026-09-24 09:43:00,1375.00,1376.20,1374.90,1374.90,733
2026-09-24 09:44:00,1375.40,1375.50,1374.70,1375.00,1085
2026-09-24 09:45:00,1375.00,1375.40,1374.20,1375.40,1047
2026-09-24 09:46:00,1375.50,1375.50,1372.70,1372.70,945
2026-09-24 09:47:00,1373.20,1374.00,1372.50,1373.20,997
2026-09-24 09:48:00,1372.60,1373.90,1372.60,1373.90,850
2026-09-24 09:49:00,1373.90,1374.70,1373.60,1374.70,2366
2026-09-24 09:50:00,1374.50,1374.50,1373.50,1373.60,644
2026-09-24 09:51:00,1374.00,1374.00,1372.90,1373.20,337
2026-09-24 09:52:00,1373.20,1374.10,1373.20,1373.80,1405
2026-09-24 09:53:00,1373.80,1373.80,1372.90,1372.90,247
2026-09-24 09:54:00,1373.40,1373.40,1372.90,1373.00,210
2026-09-24 09:55:00,1373.00,1373.00,1372.40,1372.70,452
2026-09-24 09:56:00,1372.60,1372.80,1372.40,1372.50,315
2026-09-24 09:57:00,1372.50,1373.10,1372.30,1373.00,1408
2026-09-24 09:58:00,1373.00,1373.00,1372.10,1372.60,419
2026-09-24 09:59:00,1372.60,1373.10,1372.20,1372.90,457
2026-09-24 10:00:00,1372.90,1372.90,1372.20,1372.20,358
2026-09-24 10:01:00,1372.40,1373.90,1372.40,1372.60,2808
2026-09-24 10:02:00,1372.60,1374.00,1372.00,1373.40,3135
2026-09-24 10:03:00,1373.40,1373.40,1372.50,1372.80,223
2026-09-24 10:04:00,1373.00,1373.70,1372.50,1373.20,1437
2026-09-24 10:05:00,1372.80,1373.40,1372.60,1373.00,622
2026-09-24 10:06:00,1373.60,1373.60,1372.80,1373.40,297
2026-09-24 10:07:00,1373.20,1373.40,1372.90,1373.20,232
2026-09-24 10:08:00,1373.20,1374.20,1372.80,1374.20,1490
2026-09-24 10:09:00,1374.90,1374.90,1373.50,1373.50,1187
2026-09-24 10:10:00,1373.50,1373.50,1372.80,1373.00,126
2026-09-24 10:11:00,1373.00,1373.00,1372.80,1372.90,65
2026-09-24 10:12:00,1372.90,1372.90,1372.10,1372.40,633
2026-09-24 10:13:00,1372.10,1373.50,1372.10,1373.40,2046
2026-09-24 10:14:00,1373.00,1373.00,1371.20,1371.70,728
2026-09-24 10:15:00,1371.70,1371.70,1371.20,1371.60,440
2026-09-24 10:16:00,1371.60,1372.40,1371.20,1372.20,738
2026-09-24 10:17:00,1372.40,1372.80,1371.70,1371.80,455
2026-09-24 10:18:00,1371.80,1372.00,1371.40,1372.00,341
2026-09-24 10:19:00,1372.00,1372.00,1371.20,1371.90,200
2026-09-24 10:20:00,1371.90,1371.90,1371.40,1371.90,77
2026-09-24 10:21:00,1372.00,1372.80,1372.00,1372.00,943
2026-09-24 10:22:00,1372.00,1372.30,1371.80,1371.80,503
2026-09-24 10:23:00,1371.80,1371.80,1371.50,1371.70,266
2026-09-24 10:24:00,1371.70,1373.10,1371.70,1373.10,1024
2026-09-24 10:25:00,1373.10,1373.10,1372.50,1372.80,270
2026-09-24 10:26:00,1372.80,1373.00,1372.10,1373.00,502
2026-09-24 10:27:00,1373.00,1373.90,1373.00,1373.70,727
2026-09-24 10:28:00,1373.50,1373.70,1373.00,1373.40,187
2026-09-24 10:29:00,1373.40,1373.50,1372.90,1373.00,239
2026-09-24 10:30:00,1373.40,1373.40,1372.70,1373.00,198
2026-09-24 10:31:00,1373.00,1373.00,1372.30,1372.70,499
2026-09-24 10:32:00,1373.30,1373.40,1373.00,1373.00,415
2026-09-24 10:33:00,1373.40,1373.70,1373.00,1373.70,271
2026-09-24 10:34:00,1373.70,1374.00,1373.40,1374.00,503
2026-09-24 10:35:00,1374.00,1374.00,1372.30,1372.80,627
2026-09-24 10:36:00,1372.80,1373.60,1372.30,1373.40,828
2026-09-24 10:37:00,1373.40,1373.40,1372.80,1373.30,206
2026-09-24 10:38:00,1372.50,1373.40,1372.50,1373.00,258
2026-09-24 10:39:00,1373.00,1373.00,1372.10,1372.10,46
2026-09-24 10:40:00,1372.10,1372.70,1372.10,1372.20,221
2026-09-24 10:41:00,1372.20,1372.20,1371.60,1372.00,116
2026-09-24 10:42:00,1371.70,1372.00,1371.60,1371.70,347
2026-09-24 10:43:00,1371.70,1371.70,1370.00,1370.90,1000
2026-09-24 10:44:00,1370.80,1371.00,1370.40,1371.00,1799
2026-09-24 10:45:00,1371.00,1371.00,1370.90,1371.00,161
2026-09-24 10:46:00,1371.00,1371.30,1370.50,1370.50,683
2026-09-24 10:47:00,1371.10,1371.10,1370.20,1370.20,364
2026-09-24 10:48:00,1370.20,1370.90,1370.20,1370.60,301
2026-09-24 10:49:00,1370.60,1370.60,1370.00,1370.10,307
2026-09-24 10:50:00,1370.10,1370.10,1369.90,1370.00,1870
2026-09-24 10:51:00,1369.10,1370.00,1369.10,1369.70,633
2026-09-24 10:52:00,1369.60,1371.60,1369.00,1371.40,5547
2026-09-24 10:53:00,1371.40,1371.60,1371.30,1371.60,417
2026-09-24 10:54:00,1371.60,1371.60,1371.40,1371.60,417
2026-09-24 10:55:00,1371.60,1372.00,1371.40,1372.00,707
2026-09-24 10:56:00,1372.00,1372.00,1371.60,1371.90,195
2026-09-24 10:57:00,1371.90,1371.90,1371.30,1371.30,940
2026-09-24 10:58:00,1371.30,1371.30,1371.20,1371.20,162
2026-09-24 10:59:00,1371.20,1372.40,1370.90,1372.40,968
2026-09-24 11:00:00,1372.40,1372.80,1371.60,1371.80,879
2026-09-24 11:01:00,1371.80,1371.80,1371.30,1371.60,548
2026-09-24 11:02:00,1371.60,1371.60,1371.10,1371.60,133
2026-09-24 11:03:00,1371.50,1371.50,1370.20,1370.30,227
2026-09-24 11:04:00,1370.40,1371.90,1370.00,1370.50,3480
2026-09-24 11:05:00,1370.50,1370.50,1368.10,1369.20,5776
2026-09-24 11:06:00,1369.00,1369.30,1368.20,1369.30,520
2026-09-24 11:07:00,1369.30,1369.30,1368.80,1369.00,309
2026-09-24 11:08:00,1369.30,1369.90,1368.90,1369.40,635
2026-09-24 11:09:00,1369.40,1369.40,1368.60,1368.90,228
2026-09-24 11:10:00,1368.90,1368.90,1368.60,1368.90,274
2026-09-24 11:11:00,1368.90,1368.90,1368.60,1368.70,263
2026-09-24 11:12:00,1368.70,1368.70,1368.60,1368.60,363
2026-09-24 11:13:00,1368.30,1368.60,1367.90,1367.90,427
2026-09-24 11:14:00,1367.90,1367.90,1366.90,1367.60,3309
2026-09-24 11:15:00,1367.40,1368.50,1367.40,1368.30,2148
2026-09-24 11:16:00,1367.90,1368.30,1367.90,1368.30,350
2026-09-24 11:17:00,1368.30,1369.40,1368.30,1369.40,1154
2026-09-24 11:18:00,1369.00,1369.60,1368.50,1368.60,1370
2026-09-24 11:19:00,1368.60,1368.60,1368.50,1368.60,146
2026-09-24 11:20:00,1368.60,1368.60,1367.30,1367.60,358
2026-09-24 11:21:00,1367.60,1368.90,1367.30,1368.30,1926
2026-09-24 11:22:00,1368.00,1368.00,1367.10,1367.80,156
2026-09-24 11:23:00,1367.90,1368.60,1367.80,1367.80,1127
2026-09-24 11:24:00,1367.80,1367.80,1367.00,1367.50,294
2026-09-24 11:25:00,1367.60,1367.70,1366.30,1367.60,4430
2026-09-24 11:26:00,1367.40,1367.40,1367.10,1367.30,999
2026-09-24 11:27:00,1367.30,1367.30,1367.10,1367.30,557
2026-09-24 11:28:00,1367.30,1367.30,1367.00,1367.00,406
2026-09-24 11:29:00,1367.10,1368.50,1367.00,1368.00,6541
2026-09-24 11:30:00,1368.00,1368.30,1367.90,1368.30,286
2026-09-24 11:31:00,1368.30,1368.60,1367.50,1368.60,916
2026-09-24 11:32:00,1369.40,1369.50,1369.20,1369.40,425
2026-09-24 11:33:00,1369.40,1369.70,1369.40,1369.70,150
2026-09-24 11:34:00,1369.70,1370.00,1369.40,1369.40,560
2026-09-24 11:35:00,1369.30,1369.30,1368.90,1368.90,254
2026-09-24 11:36:00,1368.70,1368.80,1368.00,1368.40,352
2026-09-24 11:37:00,1368.40,1368.40,1368.00,1368.10,210
2026-09-24 11:38:00,1368.00,1368.40,1368.00,1368.40,1095
2026-09-24 11:39:00,1368.40,1369.70,1367.70,1368.20,2782
2026-09-24 11:40:00,1368.20,1368.20,1366.10,1367.50,2854
2026-09-24 11:41:00,1367.50,1368.00,1367.30,1367.80,514
2026-09-24 11:42:00,1367.80,1367.80,1367.20,1367.20,168
2026-09-24 11:43:00,1367.60,1367.60,1366.80,1367.10,533
2026-09-24 11:44:00,1367.10,1367.10,1367.00,1367.10,287
2026-09-24 11:45:00,1367.10,1367.10,1366.80,1367.10,333
2026-09-24 11:46:00,1367.10,1367.10,1366.40,1366.80,282
2026-09-24 11:47:00,1366.80,1367.10,1366.80,1367.00,1010
2026-09-24 11:48:00,1367.00,1367.00,1366.60,1367.00,336
2026-09-24 11:49:00,1366.90,1366.90,1366.50,1366.70,153
2026-09-24 11:50:00,1366.60,1366.70,1366.50,1366.70,901
2026-09-24 11:51:00,1366.70,1366.70,1366.00,1366.70,1853
2026-09-24 11:52:00,1366.70,1366.70,1366.30,1366.60,820
2026-09-24 11:53:00,1366.60,1366.80,1365.90,1366.80,2011
2026-09-24 11:54:00,1366.80,1366.80,1366.70,1366.70,244
2026-09-24 11:55:00,1366.70,1366.70,1366.10,1366.30,1073
2026-09-24 11:56:00,1366.30,1367.10,1366.00,1367.10,6258
2026-09-24 11:57:00,1367.10,1367.30,1366.30,1367.10,715
2026-09-24 11:58:00,1367.00,1367.90,1366.40,1367.50,1514
2026-09-24 11:59:00,1367.10,1367.10,1366.80,1367.10,186
2026-09-24 12:00:00,1367.10,1367.10,1367.00,1367.10,292
2026-09-24 12:01:00,1366.70,1368.00,1366.50,1367.30,2403
2026-09-24 12:02:00,1367.30,1367.70,1366.80,1367.60,962
2026-09-24 12:03:00,1367.60,1367.60,1367.30,1367.60,150
2026-09-24 12:04:00,1367.60,1368.60,1367.30,1368.30,2593
2026-09-24 12:05:00,1368.30,1369.00,1367.90,1369.00,1691
2026-09-24 12:06:00,1369.00,1369.50,1368.80,1368.90,2222
2026-09-24 12:07:00,1368.90,1370.20,1368.90,1369.60,2394
2026-09-24 12:08:00,1370.00,1370.10,1369.60,1370.00,1301
2026-09-24 12:09:00,1370.00,1370.00,1369.60,1369.60,166
2026-09-24 12:10:00,1369.60,1369.60,1368.90,1369.00,294
2026-09-24 12:11:00,1368.90,1368.90,1368.50,1368.70,1465
2026-09-24 12:12:00,1368.70,1368.90,1368.50,1368.90,1084
2026-09-24 12:13:00,1368.90,1369.00,1368.50,1368.80,845
2026-09-24 12:14:00,1369.00,1369.00,1368.30,1368.80,979
2026-09-24 12:15:00,1368.80,1368.80,1368.60,1368.60,177
2026-09-24 12:16:00,1368.60,1368.60,1368.20,1368.30,204
2026-09-24 12:17:00,1368.30,1368.40,1368.20,1368.40,709
2026-09-24 12:18:00,1368.40,1368.40,1368.30,1368.30,103
2026-09-24 12:19:00,1368.20,1368.30,1368.10,1368.30,141
2026-09-24 12:20:00,1368.00,1368.60,1368.00,1368.60,1573
2026-09-24 12:21:00,1368.60,1369.30,1368.60,1369.30,1879
2026-09-24 12:22:00,1369.30,1369.30,1369.00,1369.00,222
2026-09-24 12:23:00,1369.30,1369.30,1368.00,1368.10,1926
2026-09-24 12:24:00,1368.00,1369.70,1368.00,1368.90,5161
2026-09-24 12:25:00,1368.90,1368.90,1368.30,1368.60,170
2026-09-24 12:26:00,1368.60,1368.60,1368.10,1368.30,936
2026-09-24 12:27:00,1368.30,1368.30,1368.20,1368.30,396
2026-09-24 12:28:00,1368.30,1368.30,1368.20,1368.30,93
2026-09-24 12:29:00,1368.30,1368.30,1368.20,1368.30,193
2026-09-24 12:30:00,1368.40,1369.00,1368.30,1368.60,527
2026-09-24 12:31:00,1368.60,1368.60,1368.50,1368.60,96
2026-09-24 12:32:00,1368.60,1368.60,1368.30,1368.50,500
2026-09-24 12:33:00,1368.50,1368.50,1367.60,1368.00,352
2026-09-24 12:34:00,1368.00,1368.00,1367.70,1367.90,536
2026-09-24 12:35:00,1367.90,1368.50,1367.50,1368.20,1248
2026-09-24 12:36:00,1367.60,1368.10,1367.60,1368.00,156
2026-09-24 12:37:00,1368.00,1368.00,1367.30,1367.90,242
2026-09-24 12:38:00,1367.90,1367.90,1367.20,1367.20,369
2026-09-24 12:39:00,1367.50,1367.50,1366.70,1367.10,432
2026-09-24 12:40:00,1367.10,1367.10,1366.70,1366.90,676
2026-09-24 12:41:00,1366.90,1367.00,1366.50,1366.90,654
2026-09-24 12:42:00,1366.90,1368.20,1366.50,1368.10,2598
2026-09-24 12:43:00,1367.80,1368.10,1366.90,1367.40,3011
2026-09-24 12:44:00,1367.10,1367.40,1366.10,1366.30,6430
2026-09-24 12:45:00,1366.30,1366.30,1365.50,1365.50,1219
2026-09-24 12:46:00,1365.60,1366.70,1365.30,1366.60,5215
2026-09-24 12:47:00,1366.60,1366.70,1366.10,1366.10,218
2026-09-24 12:48:00,1366.10,1366.50,1365.30,1366.30,1470
2026-09-24 12:49:00,1366.30,1366.30,1365.50,1365.50,176
2026-09-24 12:50:00,1365.60,1365.70,1365.30,1365.30,886
2026-09-24 12:51:00,1365.70,1365.70,1365.10,1365.50,303
2026-09-24 12:52:00,1365.20,1365.30,1363.20,1364.00,5312
2026-09-24 12:53:00,1363.40,1364.70,1363.40,1363.90,4828
2026-09-24 12:54:00,1363.90,1363.90,1363.00,1363.30,2193
2026-09-24 12:55:00,1363.90,1364.50,1363.50,1363.90,3688
2026-09-24 12:56:00,1363.90,1364.30,1363.30,1364.20,972
2026-09-24 12:57:00,1363.90,1364.60,1363.60,1364.20,633
2026-09-24 12:58:00,1364.20,1364.20,1363.60,1363.70,795
2026-09-24 12:59:00,1363.60,1363.70,1363.10,1363.50,661
2026-09-24 13:00:00,1363.60,1364.20,1363.30,1364.20,1213
2026-09-24 13:01:00,1364.20,1364.80,1363.90,1364.80,2320
2026-09-24 13:02:00,1364.70,1364.70,1364.20,1364.50,1553
2026-09-24 13:03:00,1364.00,1364.50,1363.80,1363.90,711
2026-09-24 13:04:00,1363.90,1365.60,1363.80,1365.00,7262
2026-09-24 13:05:00,1365.00,1365.50,1364.50,1365.30,1528
2026-09-24 13:06:00,1365.30,1365.30,1364.50,1365.00,1008
2026-09-24 13:07:00,1364.80,1365.00,1364.80,1365.00,616
2026-09-24 13:08:00,1365.00,1365.00,1364.00,1364.40,2094
2026-09-24 13:09:00,1364.10,1365.30,1364.10,1364.90,2912
2026-09-24 13:10:00,1364.90,1364.90,1363.80,1364.00,404
2026-09-24 13:11:00,1364.00,1364.00,1363.80,1363.90,561
2026-09-24 13:12:00,1363.90,1363.90,1363.60,1363.70,505
2026-09-24 13:13:00,1363.70,1364.70,1363.20,1364.50,4061
2026-09-24 13:14:00,1364.50,1365.00,1363.90,1364.80,1383
2026-09-24 13:15:00,1364.80,1364.80,1364.30,1364.30,1024
2026-09-24 13:16:00,1364.30,1364.30,1363.20,1364.00,2099
2026-09-24 13:17:00,1364.00,1364.60,1363.70,1364.30,1574
2026-09-24 13:18:00,1364.30,1364.60,1363.80,1364.30,1310
2026-09-24 13:19:00,1364.30,1364.30,1363.10,1363.40,549
2026-09-24 13:20:00,1363.60,1364.60,1363.60,1364.10,4119
2026-09-24 13:21:00,1363.90,1364.70,1363.60,1364.10,1475
2026-09-24 13:22:00,1364.10,1364.10,1363.20,1363.80,471
2026-09-24 13:23:00,1363.80,1365.00,1363.20,1364.90,4495
2026-09-24 13:24:00,1364.50,1365.10,1364.00,1364.50,2793
2026-09-24 13:25:00,1364.50,1364.50,1363.70,1364.20,1051
2026-09-24 13:26:00,1364.20,1364.20,1362.30,1362.30,783
2026-09-24 13:27:00,1362.30,1363.50,1362.00,1362.40,1522
2026-09-24 13:28:00,1362.70,1362.70,1362.10,1362.30,969
2026-09-24 13:29:00,1362.10,1363.10,1362.00,1363.10,4326
2026-09-24 13:30:00,1362.60,1363.10,1362.50,1362.80,307
2026-09-24 13:31:00,1362.80,1363.50,1362.40,1363.50,1374
2026-09-24 13:32:00,1363.00,1363.40,1362.90,1363.10,538
2026-09-24 13:33:00,1363.10,1363.60,1362.50,1363.60,2446
2026-09-24 13:34:00,1363.60,1363.70,1362.80,1363.30,1024
2026-09-24 13:35:00,1363.30,1364.00,1362.60,1363.20,3482
2026-09-24 13:36:00,1363.20,1363.40,1362.50,1362.80,2537
2026-09-24 13:37:00,1362.50,1362.80,1362.30,1362.70,559
2026-09-24 13:38:00,1362.60,1362.70,1362.30,1362.50,2172
2026-09-24 13:39:00,1362.50,1363.20,1361.80,1363.20,6287
2026-09-24 13:40:00,1362.80,1363.10,1361.80,1362.00,1430
2026-09-24 13:41:00,1362.30,1362.30,1361.50,1361.70,434
2026-09-24 13:42:00,1361.70,1362.50,1361.20,1361.60,1329
2026-09-24 13:43:00,1361.60,1361.60,1360.20,1360.70,1440
2026-09-24 13:44:00,1360.60,1360.60,1359.10,1359.90,4751
2026-09-24 13:45:00,1360.30,1361.10,1360.00,1360.00,4312
2026-09-24 13:46:00,1359.80,1360.10,1359.50,1360.10,2167
2026-09-24 13:47:00,1360.70,1361.20,1359.80,1360.70,2848
2026-09-24 13:48:00,1360.90,1361.20,1360.20,1360.80,614
2026-09-24 13:49:00,1360.80,1361.60,1360.80,1361.10,509
2026-09-24 13:50:00,1361.10,1361.40,1360.10,1360.10,3307
2026-09-24 13:51:00,1360.10,1360.50,1359.20,1359.60,424
2026-09-24 13:52:00,1359.60,1360.20,1359.30,1359.90,5780
2026-09-24 13:53:00,1359.30,1360.80,1359.20,1360.10,1836
2026-09-24 13:54:00,1360.10,1360.10,1359.40,1360.00,675
2026-09-24 13:55:00,1360.00,1360.90,1359.20,1360.50,4469
2026-09-24 13:56:00,1360.50,1360.50,1359.50,1360.10,1083
2026-09-24 13:57:00,1359.60,1360.10,1359.00,1359.40,656
2026-09-24 13:58:00,1359.30,1359.80,1358.40,1358.40,2408
2026-09-24 13:59:00,1359.00,1359.60,1358.50,1358.70,2073
2026-09-24 14:00:00,1358.70,1360.10,1358.70,1360.10,1000
2026-09-24 14:01:00,1359.70,1360.40,1359.60,1360.30,716
2026-09-24 14:02:00,1360.30,1361.20,1359.70,1360.00,3212
2026-09-24 14:03:00,1360.00,1360.60,1359.00,1359.20,562
2026-09-24 14:04:00,1359.20,1359.80,1358.20,1358.20,492
2026-09-24 14:05:00,1358.20,1358.90,1358.00,1358.00,1124
2026-09-24 14:06:00,1358.60,1358.60,1357.90,1357.90,364
2026-09-24 14:07:00,1357.90,1358.80,1357.80,1358.00,4877
2026-09-24 14:08:00,1357.70,1359.50,1357.70,1358.50,1376
2026-09-24 14:09:00,1359.00,1359.00,1358.10,1358.60,450
2026-09-24 14:10:00,1358.40,1358.90,1358.40,1358.50,1930
2026-09-24 14:11:00,1358.60,1358.90,1358.10,1358.60,1426
2026-09-24 14:12:00,1358.60,1358.60,1358.20,1358.20,792
2026-09-24 14:13:00,1358.20,1359.00,1358.00,1358.30,3048
2026-09-24 14:14:00,1358.30,1360.00,1358.30,1359.40,3216
2026-09-24 14:15:00,1359.70,1359.70,1358.40,1358.90,4268
2026-09-24 14:16:00,1358.90,1360.10,1358.40,1359.50,5882
2026-09-24 14:17:00,1359.50,1360.30,1359.30,1359.40,1354
2026-09-24 14:18:00,1359.90,1359.90,1359.40,1359.40,722
2026-09-24 14:19:00,1359.60,1359.60,1358.60,1358.60,1010
2026-09-24 14:20:00,1358.80,1358.80,1358.20,1358.70,1203
2026-09-24 14:21:00,1358.50,1358.60,1358.10,1358.20,833
2026-09-24 14:22:00,1358.50,1358.80,1358.10,1358.40,2120
2026-09-24 14:23:00,1358.40,1358.80,1358.10,1358.10,1161
2026-09-24 14:24:00,1358.10,1358.30,1357.40,1357.40,1437
2026-09-24 14:25:00,1357.80,1357.80,1357.20,1357.80,2428
2026-09-24 14:26:00,1357.80,1357.90,1357.10,1357.70,1425
2026-09-24 14:27:00,1357.30,1358.40,1357.00,1358.20,2579
2026-09-24 14:28:00,1358.20,1358.80,1357.70,1357.90,2222
2026-09-24 14:29:00,1357.90,1358.30,1357.30,1357.30,2547
2026-09-24 14:30:00,1357.30,1357.80,1357.10,1357.40,1194
2026-09-24 14:31:00,1357.70,1357.70,1357.20,1357.60,683
2026-09-24 14:32:00,1357.10,1357.50,1356.80,1357.10,1788
2026-09-24 14:33:00,1357.20,1357.20,1356.80,1356.80,1682
2026-09-24 14:34:00,1356.80,1357.80,1356.80,1357.50,3380
2026-09-24 14:35:00,1357.60,1358.40,1357.60,1357.80,1909
2026-09-24 14:36:00,1357.90,1358.20,1357.40,1357.50,1825
2026-09-24 14:37:00,1358.00,1358.00,1357.00,1357.30,547
2026-09-24 14:38:00,1357.30,1358.70,1357.10,1358.60,4621
2026-09-24 14:39:00,1358.60,1358.90,1358.00,1358.20,2149
2026-09-24 14:40:00,1358.60,1358.60,1357.90,1358.20,1621
2026-09-24 14:41:00,1358.20,1358.90,1358.00,1358.60,4001
2026-09-24 14:42:00,1359.10,1359.10,1357.50,1357.60,1296
2026-09-24 14:43:00,1358.00,1358.00,1356.90,1357.20,3621
2026-09-24 14:44:00,1357.30,1357.90,1357.00,1357.30,2055
2026-09-24 14:45:00,1357.10,1357.30,1356.60,1357.10,2725
2026-09-24 14:46:00,1357.10,1357.80,1357.10,1357.30,2905
2026-09-24 14:47:00,1357.30,1357.70,1357.20,1357.60,634
2026-09-24 14:48:00,1357.60,1357.60,1356.70,1356.70,1940
2026-09-24 14:49:00,1357.10,1357.10,1356.00,1356.50,7397
2026-09-24 14:50:00,1356.40,1356.40,1354.10,1354.60,27764
2026-09-24 14:51:00,1354.00,1355.70,1354.00,1355.50,8435
2026-09-24 14:52:00,1355.50,1355.60,1354.90,1355.30,538
2026-09-24 14:53:00,1355.30,1355.30,1354.40,1354.80,3158
2026-09-24 14:54:00,1354.20,1354.60,1353.60,1353.70,4884
2026-09-24 14:55:00,1354.00,1354.20,1353.80,1354.10,3125
2026-09-24 14:56:00,1353.80,1354.10,1353.60,1353.80,1023
2026-09-24 14:57:00,1353.50,1353.60,1352.30,1352.80,5717
2026-09-24 14:58:00,1353.00,1353.00,1352.00,1352.50,6035
2026-09-24 14:59:00,1352.50,1352.50,1351.50,1351.70,5091
2026-09-24 15:00:00,1351.60,1352.00,1351.20,1352.00,15585
2026-09-24 15:01:00,1351.20,1351.80,1350.20,1351.80,8525
2026-09-24 15:02:00,1351.60,1352.40,1350.90,1352.40,7308
2026-09-24 15:03:00,1351.90,1352.30,1351.40,1351.40,6844
2026-09-24 15:04:00,1351.60,1351.60,1351.00,1351.50,4081
2026-09-24 15:05:00,1351.50,1352.00,1351.40,1351.60,14373
2026-09-24 15:06:00,1351.70,1351.80,1351.00,1351.30,6133
2026-09-24 15:07:00,1351.20,1351.20,1350.80,1350.90,6925
2026-09-24 15:08:00,1350.90,1352.70,1350.80,1352.50,12740
2026-09-24 15:09:00,1352.50,1352.50,1352.20,1352.30,5070
2026-09-24 15:10:00,1352.40,1352.40,1352.00,1352.00,5024
2026-09-24 15:11:00,1351.60,1351.60,1350.80,1350.80,19251
2026-09-24 15:12:00,1351.20,1352.40,1350.70,1351.20,12388
2026-09-24 15:13:00,1351.20,1353.00,1351.10,1351.60,8017
2026-09-24 15:14:00,1351.60,1353.40,1351.00,1352.00,5411
2026-09-24 15:15:00,1352.00,1352.00,1352.00,1352.00,0
2026-09-24 15:16:00,1352.00,1352.00,1352.00,1352.00,0
2026-09-24 15:17:00,1352.00,1352.00,1352.00,1352.00,0
2026-09-24 15:18:00,1352.00,1352.00,1352.00,1352.00,0
2026-09-24 15:19:00,1352.00,1352.00,1352.00,1352.00,0
2026-09-24 15:20:00,1352.00,1352.00,1352.00,1352.00,0
2026-09-24 15:21:00,1352.00,1352.00,1352.00,1352.00,0
2026-09-24 15:22:00,1352.00,1352.00,1352.00,1352.00,0
2026-09-24 15:23:00,1352.00,1352.00,1352.00,1352.00,0
2026-09-24 15:24:00,1352.00,1352.00,1352.00,1352.00,0
2026-09-24 15:25:00,1352.00,1352.00,1352.00,1352.00,0
2026-09-24 15:26:00,1352.00,1352.00,1352.00,1352.00,0
2026-09-24 15:27:00,1352.00,1352.00,1352.00,1352.00,0
2026-09-24 15:28:00,1352.00,1352.00,1351.00,1351.00,53503
2026-09-24 15:29:00,1351.00,1351.00,1351.00,1351.00,0
2026-09-25 09:15:00,1357.00,1357.80,1349.10,1355.80,10385
2026-09-25 09:16:00,1355.90,1361.20,1355.90,1358.50,3963
2026-09-25 09:17:00,1358.50,1358.50,1355.50,1355.50,3884
2026-09-25 09:18:00,1358.20,1359.40,1357.60,1358.30,5111
2026-09-25 09:19:00,1358.00,1358.00,1356.40,1357.00,1698
2026-09-25 09:20:00,1356.10,1357.50,1355.70,1357.50,2169
2026-09-25 09:21:00,1358.00,1359.90,1357.80,1359.70,1666
2026-09-25 09:22:00,1359.80,1359.90,1358.10,1359.40,2387
2026-09-25 09:23:00,1359.40,1359.40,1357.50,1357.50,612
2026-09-25 09:24:00,1356.70,1357.30,1356.40,1357.10,1281
2026-09-25 09:25:00,1357.80,1357.80,1356.00,1356.00,1267
2026-09-25 09:26:00,1356.10,1357.80,1356.00,1357.70,7600
2026-09-25 09:27:00,1357.70,1359.40,1357.30,1359.40,2096
2026-09-25 09:28:00,1359.40,1359.40,1358.10,1358.90,1561
2026-09-25 09:29:00,1358.90,1358.90,1358.10,1358.90,758
2026-09-25 09:30:00,1358.90,1358.90,1356.70,1357.80,1027
2026-09-25 09:31:00,1357.80,1357.80,1356.70,1356.70,350
2026-09-25 09:32:00,1357.00,1357.20,1356.40,1356.90,334
2026-09-25 09:33:00,1356.40,1357.40,1356.40,1356.80,3763
2026-09-25 09:34:00,1356.80,1357.20,1356.40,1356.70,223
2026-09-25 09:35:00,1356.70,1356.70,1355.20,1355.70,1508
2026-09-25 09:36:00,1355.30,1355.40,1354.50,1354.50,463
2026-09-25 09:37:00,1354.10,1354.50,1352.90,1353.40,2297
2026-09-25 09:38:00,1353.30,1355.00,1352.70,1354.90,1417
2026-09-25 09:39:00,1354.80,1354.90,1353.80,1354.00,3131
2026-09-25 09:40:00,1354.20,1354.30,1353.00,1353.90,1887
2026-09-25 09:41:00,1353.90,1354.80,1353.00,1354.80,1269
2026-09-25 09:42:00,1354.80,1355.00,1354.40,1354.50,439
2026-09-25 09:43:00,1354.90,1355.00,1353.90,1354.30,997
2026-09-25 09:44:00,1354.30,1354.30,1354.30,1354.30,208
2026-09-25 09:45:00,1354.30,1355.80,1354.30,1355.40,1973
2026-09-25 09:46:00,1355.50,1355.90,1355.50,1355.50,584
2026-09-25 09:47:00,1355.50,1355.50,1355.20,1355.40,139
2026-09-25 09:48:00,1355.40,1355.40,1355.00,1355.40,132
2026-09-25 09:49:00,1355.40,1355.40,1354.60,1355.10,275
2026-09-25 09:50:00,1355.10,1355.10,1354.00,1354.00,312
2026-09-25 09:51:00,1353.60,1353.90,1353.00,1353.40,1280
2026-09-25 09:52:00,1353.40,1353.40,1351.80,1351.80,1184
2026-09-25 09:53:00,1352.30,1352.30,1351.50,1351.50,266
2026-09-25 09:54:00,1352.00,1352.40,1351.70,1352.10,1028
2026-09-25 09:55:00,1352.00,1352.40,1352.00,1352.40,576
2026-09-25 09:56:00,1352.40,1352.40,1351.80,1352.30,1103
2026-09-25 09:57:00,1352.30,1352.40,1351.70,1352.40,412
2026-09-25 09:58:00,1352.40,1352.40,1352.00,1352.20,257
2026-09-25 09:59:00,1352.20,1353.10,1352.00,1353.00,276
2026-09-25 10:00:00,1352.90,1353.10,1352.50,1353.10,785
2026-09-25 10:01:00,1353.50,1353.90,1353.40,1353.90,162
2026-09-25 10:02:00,1353.90,1354.60,1353.90,1354.00,672
2026-09-25 10:03:00,1354.00,1354.60,1354.00,1354.60,599
2026-09-25 10:04:00,1354.20,1356.40,1354.20,1354.90,4286
2026-09-25 10:05:00,1354.90,1354.90,1354.00,1354.30,662
2026-09-25 10:06:00,1354.40,1354.40,1353.90,1354.00,243
2026-09-25 10:07:00,1354.00,1354.30,1354.00,1354.30,336
2026-09-25 10:08:00,1354.30,1354.30,1353.90,1354.30,127
2026-09-25 10:09:00,1354.30,1354.40,1354.00,1354.40,515
2026-09-25 10:10:00,1354.40,1355.00,1354.20,1354.70,621
2026-09-25 10:11:00,1354.70,1355.00,1354.30,1354.30,1110
2026-09-25 10:12:00,1354.60,1354.60,1354.60,1354.60,201
2026-09-25 10:13:00,1354.60,1354.60,1353.70,1354.40,595
2026-09-25 10:14:00,1354.40,1354.40,1354.40,1354.40,30
2026-09-25 10:15:00,1354.40,1354.40,1354.10,1354.10,145
2026-09-25 10:16:00,1354.10,1354.10,1354.00,1354.10,233
2026-09-25 10:17:00,1354.10,1354.60,1354.00,1354.60,4088
2026-09-25 10:18:00,1354.60,1355.60,1354.60,1355.30,586
2026-09-25 10:19:00,1355.60,1356.00,1355.00,1355.00,644
2026-09-25 10:20:00,1355.30,1355.30,1354.50,1354.90,219
2026-09-25 10:21:00,1354.90,1355.00,1354.50,1354.80,151
2026-09-25 10:22:00,1354.90,1354.90,1352.60,1353.20,1046
2026-09-25 10:23:00,1353.30,1353.40,1352.90,1353.40,592
2026-09-25 10:24:00,1354.30,1354.70,1353.80,1354.40,347
2026-09-25 10:25:00,1354.40,1355.00,1354.10,1355.00,124
2026-09-25 10:26:00,1355.00,1355.00,1354.60,1354.80,154
2026-09-25 10:27:00,1354.80,1355.00,1354.80,1355.00,248
2026-09-25 10:28:00,1354.90,1354.90,1354.00,1354.00,413
2026-09-25 10:29:00,1354.00,1354.10,1353.00,1353.20,789
2026-09-25 10:30:00,1353.20,1353.20,1352.50,1353.00,330
2026-09-25 10:31:00,1352.60,1354.70,1352.60,1354.10,1712
2026-09-25 10:32:00,1354.20,1354.20,1352.30,1352.70,591
2026-09-25 10:33:00,1352.90,1353.00,1352.50,1353.00,107
2026-09-25 10:34:00,1353.00,1353.20,1351.80,1351.90,870
2026-09-25 10:35:00,1352.00,1352.90,1351.70,1352.80,470
2026-09-25 10:36:00,1352.80,1353.10,1352.70,1353.10,98
2026-09-25 10:37:00,1353.10,1353.40,1353.10,1353.40,150
2026-09-25 10:38:00,1353.10,1353.20,1352.70,1352.80,147
2026-09-25 10:39:00,1352.80,1352.80,1352.30,1352.70,81
2026-09-25 10:40:00,1352.70,1352.70,1352.10,1352.50,196
2026-09-25 10:41:00,1352.50,1352.50,1352.30,1352.50,321
2026-09-25 10:42:00,1352.50,1353.10,1352.50,1352.70,1573
2026-09-25 10:43:00,1352.90,1352.90,1352.60,1352.70,169
2026-09-25 10:44:00,1352.70,1353.30,1352.20,1352.20,580
2026-09-25 10:45:00,1352.70,1352.70,1351.40,1351.70,338
2026-09-25 10:46:00,1351.90,1352.40,1351.40,1351.40,107
2026-09-25 10:47:00,1351.90,1351.90,1351.30,1351.50,257
2026-09-25 10:48:00,1351.50,1351.50,1351.10,1351.30,240
2026-09-25 10:49:00,1351.30,1351.30,1351.10,1351.20,182
2026-09-25 10:50:00,1351.20,1351.20,1350.40,1351.20,1829
2026-09-25 10:51:00,1351.20,1352.30,1351.20,1351.70,618
2026-09-25 10:52:00,1352.20,1352.40,1351.40,1351.80,157
2026-09-25 10:53:00,1351.80,1352.50,1351.20,1351.20,289
2026-09-25 10:54:00,1351.20,1351.40,1351.10,1351.10,292
2026-09-25 10:55:00,1351.20,1351.30,1351.00,1351.10,288
2026-09-25 10:56:00,1351.10,1351.10,1350.90,1350.90,72
2026-09-25 10:57:00,1351.00,1351.30,1350.80,1351.30,792
2026-09-25 10:58:00,1351.40,1351.90,1351.00,1351.40,620
2026-09-25 10:59:00,1351.40,1351.90,1351.10,1351.60,123
2026-09-25 11:00:00,1351.60,1351.90,1351.10,1351.40,183
2026-09-25 11:01:00,1351.40,1351.40,1351.20,1351.20,175
2026-09-25 11:02:00,1351.30,1351.60,1351.20,1351.50,185
2026-09-25 11:03:00,1351.50,1352.40,1351.50,1352.20,259
2026-09-25 11:04:00,1352.40,1352.70,1352.00,1352.50,343
2026-09-25 11:05:00,1352.40,1352.70,1352.00,1352.70,951
2026-09-25 11:06:00,1352.40,1352.70,1352.40,1352.40,192
2026-09-25 11:07:00,1352.70,1352.70,1352.40,1352.60,226
2026-09-25 11:08:00,1352.60,1352.70,1352.40,1352.70,316
2026-09-25 11:09:00,1352.60,1352.90,1352.60,1352.80,651
2026-09-25 11:10:00,1352.90,1352.90,1352.00,1352.30,291
2026-09-25 11:11:00,1352.50,1352.50,1351.00,1351.30,1743
2026-09-25 11:12:00,1351.30,1351.30,1351.00,1351.10,466
2026-09-25 11:13:00,1351.10,1351.10,1350.10,1350.30,523
2026-09-25 11:14:00,1350.30,1350.30,1350.00,1350.30,992
2026-09-25 11:15:00,1350.30,1350.60,1350.20,1350.60,300
2026-09-25 11:16:00,1350.60,1350.80,1350.50,1350.80,359
2026-09-25 11:17:00,1350.80,1351.40,1350.60,1351.40,397
2026-09-25 11:18:00,1351.30,1351.30,1350.70,1351.10,200
2026-09-25 11:19:00,1351.10,1351.10,1350.50,1350.90,311
2026-09-25 11:20:00,1350.90,1351.30,1350.70,1351.10,555
2026-09-25 11:21:00,1351.10,1351.40,1350.60,1351.20,1785
2026-09-25 11:22:00,1351.20,1351.20,1350.50,1350.50,179
2026-09-25 11:23:00,1350.80,1351.40,1350.60,1351.40,968
2026-09-25 11:24:00,1351.40,1351.40,1349.30,1349.30,1299
2026-09-25 11:25:00,1349.30,1349.60,1348.30,1349.20,1215
2026-09-25 11:26:00,1349.20,1349.20,1348.50,1348.50,272
2026-09-25 11:27:00,1348.80,1351.00,1348.50,1351.00,2870
2026-09-25 11:28:00,1351.30,1351.30,1350.70,1351.00,972
2026-09-25 11:29:00,1351.00,1351.00,1350.60,1351.00,667
2026-09-25 11:30:00,1351.20,1352.00,1350.90,1352.00,1434
2026-09-25 11:31:00,1352.20,1352.90,1351.70,1352.60,357
2026-09-25 11:32:00,1352.60,1352.70,1352.10,1352.40,200
2026-09-25 11:33:00,1352.70,1352.90,1352.40,1352.80,1609
2026-09-25 11:34:00,1352.80,1352.80,1351.90,1352.80,538
2026-09-25 11:35:00,1352.20,1352.80,1351.90,1352.30,341
2026-09-25 11:36:00,1352.30,1352.30,1351.30,1351.30,866
2026-09-25 11:37:00,1351.90,1351.90,1351.30,1351.80,147
2026-09-25 11:38:00,1351.80,1352.30,1351.70,1352.20,613
2026-09-25 11:39:00,1352.20,1352.30,1351.70,1351.90,139
2026-09-25 11:40:00,1351.90,1352.20,1350.00,1351.80,17383
2026-09-25 11:41:00,1352.10,1352.70,1351.50,1352.70,719
2026-09-25 11:42:00,1352.60,1352.90,1352.50,1352.50,201
2026-09-25 11:43:00,1352.90,1352.90,1351.70,1352.30,312
2026-09-25 11:44:00,1352.30,1352.50,1351.60,1352.10,744
2026-09-25 11:45:00,1352.40,1352.40,1351.70,1351.80,212
2026-09-25 11:46:00,1352.30,1352.40,1351.50,1351.50,64
2026-09-25 11:47:00,1352.00,1352.70,1351.80,1352.70,819
2026-09-25 11:48:00,1352.70,1352.80,1352.20,1352.80,234
2026-09-25 11:49:00,1352.80,1352.80,1352.40,1352.60,193
2026-09-25 11:50:00,1352.60,1354.00,1352.60,1354.00,628
2026-09-25 11:51:00,1354.50,1354.80,1353.40,1354.80,1078
2026-09-25 11:52:00,1354.80,1354.90,1354.20,1354.70,1241
2026-09-25 11:53:00,1354.70,1354.70,1354.40,1354.40,970
2026-09-25 11:54:00,1354.50,1354.70,1353.50,1353.80,1509
2026-09-25 11:55:00,1353.50,1353.80,1353.00,1353.00,262
2026-09-25 11:56:00,1353.50,1353.70,1352.90,1353.20,380
2026-09-25 11:57:00,1353.40,1353.40,1352.60,1352.60,414
2026-09-25 11:58:00,1353.10,1353.10,1352.50,1353.10,376
2026-09-25 11:59:00,1353.10,1353.10,1352.60,1352.90,178
2026-09-25 12:00:00,1352.90,1354.20,1352.50,1353.90,1366
2026-09-25 12:01:00,1353.70,1353.70,1353.00,1353.00,437
2026-09-25 12:02:00,1353.50,1353.80,1353.00,1353.70,278
2026-09-25 12:03:00,1353.60,1353.90,1353.10,1353.80,1325
2026-09-25 12:04:00,1353.80,1354.40,1353.50,1353.90,259
2026-09-25 12:05:00,1354.10,1355.60,1354.00,1355.10,2168
2026-09-25 12:06:00,1355.00,1355.00,1354.00,1354.10,739
2026-09-25 12:07:00,1354.20,1354.20,1354.10,1354.10,253
2026-09-25 12:08:00,1354.00,1354.80,1353.40,1354.00,1150
2026-09-25 12:09:00,1354.40,1354.90,1354.10,1354.90,255
2026-09-25 12:10:00,1354.50,1354.90,1354.50,1354.80,453
2026-09-25 12:11:00,1354.70,1355.50,1354.70,1355.10,660
2026-09-25 12:12:00,1355.50,1355.50,1353.60,1353.90,1343
2026-09-25 12:13:00,1353.90,1354.50,1353.70,1354.50,275
2026-09-25 12:14:00,1354.50,1354.50,1354.00,1354.50,434
2026-09-25 12:15:00,1354.50,1355.80,1354.00,1355.00,297
2026-09-25 12:16:00,1355.10,1355.30,1354.30,1354.80,146
2026-09-25 12:17:00,1354.80,1355.50,1354.80,1355.10,340
2026-09-25 12:18:00,1355.20,1355.20,1354.50,1354.50,780
2026-09-25 12:19:00,1355.00,1355.20,1354.30,1354.30,161
2026-09-25 12:20:00,1354.60,1354.80,1354.20,1354.40,603
2026-09-25 12:21:00,1354.40,1354.40,1353.40,1353.80,190
2026-09-25 12:22:00,1353.80,1353.80,1353.40,1353.40,86
2026-09-25 12:23:00,1353.50,1355.10,1353.40,1355.10,934
2026-09-25 12:24:00,1354.40,1354.70,1354.00,1354.10,690
2026-09-25 12:25:00,1354.60,1354.70,1354.00,1354.70,344
2026-09-25 12:26:00,1354.60,1355.00,1354.50,1354.80,190
2026-09-25 12:27:00,1355.00,1355.20,1354.50,1354.80,371
2026-09-25 12:28:00,1354.80,1355.50,1354.30,1355.50,892
2026-09-25 12:29:00,1355.50,1356.50,1355.30,1356.30,1204
2026-09-25 12:30:00,1356.30,1356.50,1356.10,1356.40,272
2026-09-25 12:31:00,1356.50,1356.50,1356.30,1356.30,233
2026-09-25 12:32:00,1356.40,1356.40,1354.80,1355.90,830
2026-09-25 12:33:00,1355.90,1356.30,1355.50,1356.30,203
2026-09-25 12:34:00,1356.20,1356.20,1355.30,1355.30,147
2026-09-25 12:35:00,1355.50,1355.50,1355.20,1355.20,672
2026-09-25 12:36:00,1355.40,1355.40,1353.50,1354.00,908
2026-09-25 12:37:00,1354.00,1355.10,1353.60,1354.60,507
2026-09-25 12:38:00,1354.60,1355.40,1354.40,1354.70,405
2026-09-25 12:39:00,1355.20,1355.90,1354.80,1355.70,278
2026-09-25 12:40:00,1355.80,1355.90,1355.10,1355.10,881
2026-09-25 12:41:00,1355.40,1355.40,1355.00,1355.10,353
2026-09-25 12:42:00,1355.10,1355.10,1355.00,1355.10,160
2026-09-25 12:43:00,1355.10,1355.10,1354.80,1355.00,293
2026-09-25 12:44:00,1355.00,1355.40,1355.00,1355.40,758
2026-09-25 12:45:00,1355.40,1355.40,1355.10,1355.40,170
2026-09-25 12:46:00,1355.50,1355.50,1354.20,1354.20,666
2026-09-25 12:47:00,1354.60,1354.70,1354.00,1354.70,236
2026-09-25 12:48:00,1355.20,1355.30,1354.80,1354.80,199
2026-09-25 12:49:00,1354.40,1354.70,1353.90,1354.50,679
2026-09-25 12:50:00,1354.50,1354.80,1354.30,1354.80,397
2026-09-25 12:51:00,1354.80,1355.30,1354.50,1355.20,179
2026-09-25 12:52:00,1355.40,1355.40,1354.00,1354.30,864
2026-09-25 12:53:00,1354.30,1354.30,1353.90,1354.00,289
2026-09-25 12:54:00,1354.00,1354.00,1353.90,1354.00,134
2026-09-25 12:55:00,1354.00,1354.00,1353.80,1354.00,867
2026-09-25 12:56:00,1354.00,1354.00,1352.50,1352.60,636
2026-09-25 12:57:00,1352.50,1352.60,1351.60,1352.60,2336
2026-09-25 12:58:00,1352.70,1353.00,1352.50,1353.00,170
2026-09-25 12:59:00,1353.00,1353.40,1352.60,1353.00,615
2026-09-25 13:00:00,1353.30,1355.50,1353.20,1354.90,1246
2026-09-25 13:01:00,1355.20,1355.50,1354.10,1354.20,943
2026-09-25 13:02:00,1354.50,1354.50,1353.90,1354.00,318
2026-09-25 13:03:00,1354.00,1354.00,1353.50,1353.50,127
2026-09-25 13:04:00,1353.90,1353.90,1353.50,1353.50,190
2026-09-25 13:05:00,1353.70,1353.70,1353.50,1353.60,62
2026-09-25 13:06:00,1353.60,1353.60,1353.20,1353.30,750
2026-09-25 13:07:00,1353.30,1353.40,1353.20,1353.40,367
2026-09-25 13:08:00,1353.40,1353.50,1353.20,1353.40,277
2026-09-25 13:09:00,1353.40,1353.70,1353.20,1353.70,503
2026-09-25 13:10:00,1353.40,1353.70,1353.40,1353.70,94
2026-09-25 13:11:00,1354.40,1355.00,1354.30,1355.00,792
2026-09-25 13:12:00,1355.00,1355.00,1354.40,1354.90,98
2026-09-25 13:13:00,1354.90,1355.00,1354.30,1354.60,797
2026-09-25 13:14:00,1354.70,1354.70,1353.60,1353.60,201
2026-09-25 13:15:00,1353.90,1353.90,1353.50,1353.70,218
2026-09-25 13:16:00,1353.70,1353.70,1352.80,1353.40,2297
2026-09-25 13:17:00,1353.60,1354.40,1353.60,1353.90,921
2026-09-25 13:18:00,1354.20,1354.30,1352.80,1352.80,280
2026-09-25 13:19:00,1353.30,1353.50,1352.80,1353.10,258
2026-09-25 13:20:00,1354.10,1354.50,1354.00,1354.50,1313
2026-09-25 13:21:00,1354.50,1355.00,1354.00,1354.20,430
2026-09-25 13:22:00,1354.20,1355.00,1354.00,1354.10,1778
2026-09-25 13:23:00,1354.10,1354.20,1353.30,1353.50,327
2026-09-25 13:24:00,1353.60,1353.70,1353.20,1353.50,156
2026-09-25 13:25:00,1353.80,1353.90,1353.00,1353.90,476
2026-09-25 13:26:00,1353.90,1353.90,1353.10,1353.20,72
2026-09-25 13:27:00,1353.20,1353.30,1353.10,1353.30,246
2026-09-25 13:28:00,1353.30,1353.30,1353.10,1353.10,75
2026-09-25 13:29:00,1353.30,1353.30,1351.00,1352.10,3094
2026-09-25 13:30:00,1352.20,1352.20,1350.50,1350.70,256
2026-09-25 13:31:00,1351.20,1352.10,1350.40,1350.80,188
2026-09-25 13:32:00,1351.50,1351.80,1351.10,1351.30,237
2026-09-25 13:33:00,1351.30,1351.30,1351.20,1351.20,117
2026-09-25 13:34:00,1351.30,1351.80,1351.20,1351.80,380
2026-09-25 13:35:00,1351.80,1352.70,1351.60,1352.70,310
2026-09-25 13:36:00,1352.70,1352.70,1352.00,1352.60,183
2026-09-25 13:37:00,1352.60,1352.60,1351.30,1352.20,532
2026-09-25 13:38:00,1352.70,1352.80,1352.50,1352.80,350
2026-09-25 13:39:00,1352.80,1352.80,1352.30,1352.50,277
2026-09-25 13:40:00,1352.30,1352.40,1352.10,1352.10,722
2026-09-25 13:41:00,1352.20,1352.30,1352.10,1352.20,311
2026-09-25 13:42:00,1352.30,1352.30,1352.10,1352.20,505
2026-09-25 13:43:00,1352.20,1352.60,1352.00,1352.00,662
2026-09-25 13:44:00,1352.50,1352.70,1351.90,1352.10,130
2026-09-25 13:45:00,1352.30,1352.50,1352.10,1352.40,186
2026-09-25 13:46:00,1352.50,1352.50,1351.90,1352.10,124
2026-09-25 13:47:00,1352.30,1353.40,1352.30,1353.30,1691
2026-09-25 13:48:00,1353.30,1353.30,1352.80,1352.80,128
2026-09-25 13:49:00,1353.20,1353.40,1352.50,1353.40,995
2026-09-25 13:50:00,1353.40,1353.40,1351.50,1351.50,2275
2026-09-25 13:51:00,1351.60,1352.70,1351.60,1352.00,1140
2026-09-25 13:52:00,1352.30,1352.60,1351.80,1352.60,209
2026-09-25 13:53:00,1352.50,1352.60,1352.00,1352.30,164
2026-09-25 13:54:00,1352.30,1353.40,1352.00,1352.00,2097
2026-09-25 13:55:00,1352.50,1352.50,1352.00,1352.10,149
2026-09-25 13:56:00,1352.30,1353.50,1352.10,1353.00,176
2026-09-25 13:57:00,1353.50,1353.50,1352.50,1352.50,119
2026-09-25 13:58:00,1352.70,1352.70,1352.60,1352.60,111
2026-09-25 13:59:00,1352.70,1353.50,1352.50,1353.50,723
2026-09-25 14:00:00,1353.50,1355.30,1353.20,1355.30,1518
2026-09-25 14:01:00,1355.90,1356.70,1355.40,1356.70,1153
2026-09-25 14:02:00,1356.70,1356.70,1355.00,1355.00,945
2026-09-25 14:03:00,1355.40,1360.00,1354.90,1359.60,4842
2026-09-25 14:04:00,1360.00,1361.10,1359.40,1359.40,3324
2026-09-25 14:05:00,1359.70,1359.70,1359.00,1359.70,2168
2026-09-25 14:06:00,1359.70,1359.70,1359.30,1359.60,628
2026-09-25 14:07:00,1359.50,1359.70,1359.10,1359.70,1111
2026-09-25 14:08:00,1359.70,1359.70,1358.00,1358.00,2011
2026-09-25 14:09:00,1358.30,1358.30,1357.20,1357.30,712
2026-09-25 14:10:00,1357.50,1358.30,1357.20,1357.70,2897
2026-09-25 14:11:00,1358.50,1359.10,1358.30,1358.50,927
2026-09-25 14:12:00,1358.00,1358.30,1357.80,1357.80,425
2026-09-25 14:13:00,1358.10,1358.40,1357.80,1358.00,529
2026-09-25 14:14:00,1358.50,1358.50,1357.80,1357.80,238
2026-09-25 14:15:00,1358.30,1359.00,1358.00,1358.70,794
2026-09-25 14:16:00,1358.70,1358.70,1358.50,1358.60,363
2026-09-25 14:17:00,1358.60,1358.60,1358.50,1358.50,210
2026-09-25 14:18:00,1358.60,1360.00,1358.60,1358.90,4670
2026-09-25 14:19:00,1359.40,1359.40,1358.30,1358.40,504
2026-09-25 14:20:00,1358.50,1359.00,1357.40,1357.40,286
2026-09-25 14:21:00,1357.90,1358.10,1357.40,1357.80,100
2026-09-25 14:22:00,1357.90,1357.90,1356.60,1356.60,242
2026-09-25 14:23:00,1356.60,1356.60,1356.10,1356.30,211
2026-09-25 14:24:00,1356.50,1357.80,1356.50,1357.20,374
2026-09-25 14:25:00,1357.70,1358.00,1357.30,1357.40,105
2026-09-25 14:26:00,1357.40,1357.70,1356.70,1356.70,379
2026-09-25 14:27:00,1357.20,1358.00,1357.00,1357.40,381
2026-09-25 14:28:00,1357.40,1357.60,1356.80,1356.80,735
2026-09-25 14:29:00,1356.80,1357.50,1356.80,1357.10,164
2026-09-25 14:30:00,1357.60,1357.60,1356.70,1357.20,397
2026-09-25 14:31:00,1357.70,1357.90,1357.10,1357.20,492
2026-09-25 14:32:00,1357.20,1357.70,1357.00,1357.70,93
2026-09-25 14:33:00,1357.10,1357.70,1357.00,1357.10,217
2026-09-25 14:34:00,1357.30,1357.30,1356.90,1356.90,76
2026-09-25 14:35:00,1356.90,1358.40,1356.90,1358.40,10283
2026-09-25 14:36:00,1358.40,1358.70,1357.80,1358.40,474
2026-09-25 14:37:00,1358.10,1358.40,1357.60,1358.10,292
2026-09-25 14:38:00,1358.10,1359.10,1357.90,1358.40,967
2026-09-25 14:39:00,1359.00,1359.00,1358.40,1359.00,1218
2026-09-25 14:40:00,1359.00,1359.00,1357.60,1357.60,397
2026-09-25 14:41:00,1357.60,1357.60,1356.40,1356.40,1035
2026-09-25 14:42:00,1356.90,1357.90,1356.60,1357.40,2706
2026-09-25 14:43:00,1357.10,1357.80,1357.00,1357.40,1472
2026-09-25 14:44:00,1357.80,1357.80,1357.00,1357.40,139
2026-09-25 14:45:00,1357.70,1358.20,1357.30,1357.80,670
2026-09-25 14:46:00,1358.10,1359.20,1357.80,1359.20,642
2026-09-25 14:47:00,1359.60,1359.80,1358.90,1359.80,595
2026-09-25 14:48:00,1359.70,1359.80,1357.90,1358.70,717
2026-09-25 14:49:00,1358.70,1358.90,1357.70,1357.70,719
2026-09-25 14:50:00,1358.10,1358.30,1357.20,1358.00,1109
2026-09-25 14:51:00,1358.10,1358.10,1357.30,1357.40,852
2026-09-25 14:52:00,1357.30,1357.70,1357.20,1357.70,1334
2026-09-25 14:53:00,1357.70,1358.30,1357.60,1358.00,386
2026-09-25 14:54:00,1358.00,1358.40,1358.00,1358.00,908
2026-09-25 14:55:00,1358.20,1358.20,1357.50,1358.00,462
2026-09-25 14:56:00,1358.00,1358.40,1357.50,1358.20,2170
2026-09-25 14:57:00,1358.60,1358.60,1357.80,1358.40,1989
2026-09-25 14:58:00,1358.40,1359.00,1358.10,1358.50,871
2026-09-25 14:59:00,1359.00,1359.70,1358.50,1359.30,965
2026-09-25 15:00:00,1359.40,1359.40,1358.50,1358.90,2614
2026-09-25 15:01:00,1358.80,1358.90,1358.80,1358.90,811
2026-09-25 15:02:00,1358.90,1359.30,1358.80,1359.20,1803
2026-09-25 15:03:00,1359.80,1359.80,1358.90,1359.00,2069
2026-09-25 15:04:00,1359.00,1359.40,1358.90,1359.00,1201
2026-09-25 15:05:00,1359.00,1359.00,1358.80,1358.90,1464
2026-09-25 15:06:00,1359.00,1359.60,1359.00,1359.60,3063
2026-09-25 15:07:00,1359.50,1359.50,1359.30,1359.40,1904
2026-09-25 15:08:00,1359.30,1359.40,1359.30,1359.40,1181
2026-09-25 15:09:00,1359.40,1359.90,1359.30,1359.80,2952
2026-09-25 15:10:00,1359.90,1361.30,1359.90,1360.50,5728
2026-09-25 15:11:00,1360.90,1362.00,1360.20,1360.20,4165
2026-09-25 15:12:00,1360.60,1361.70,1359.90,1360.80,9101
2026-09-25 15:13:00,1361.00,1362.50,1359.80,1361.30,8059
2026-09-25 15:14:00,1360.60,1362.60,1356.90,1356.90,2296
2026-09-25 15:15:00,1356.90,1356.90,1356.90,1356.90,0
2026-09-25 15:16:00,1356.90,1356.90,1356.90,1356.90,0
2026-09-25 15:17:00,1356.90,1356.90,1356.90,1356.90,0
2026-09-25 15:18:00,1356.90,1356.90,1356.90,1356.90,0
2026-09-25 15:19:00,1356.90,1356.90,1356.90,1356.90,0
2026-09-25 15:20:00,1356.90,1356.90,1356.90,1356.90,0
2026-09-25 15:21:00,1356.90,1356.90,1356.90,1356.90,0
2026-09-25 15:22:00,1356.90,1356.90,1356.90,1356.90,0
2026-09-25 15:23:00,1356.90,1356.90,1356.90,1356.90,0
2026-09-25 15:24:00,1356.90,1356.90,1356.90,1356.90,0
2026-09-25 15:25:00,1356.90,1356.90,1356.90,1356.90,0
2026-09-25 15:26:00,1356.90,1356.90,1356.90,1356.90,0
2026-09-25 15:27:00,1356.90,1356.90,1356.90,1356.90,0
2026-09-25 15:28:00,1356.90,1356.90,1356.90,1356.90,0
2026-09-25 15:29:00,1362.60,1362.60,1362.60,1362.60,32934
2026-09-28 09:15:00,1350.00,1353.00,1347.00,1349.50,8671
2026-09-28 09:16:00,1347.90,1349.30,1345.80,1346.40,3684
2026-09-28 09:17:00,1346.40,1347.30,1345.30,1347.20,1900
2026-09-28 09:18:00,1347.20,1347.30,1346.10,1347.30,825
2026-09-28 09:19:00,1347.00,1347.20,1346.80,1347.20,646
2026-09-28 09:20:00,1348.10,1348.10,1345.00,1346.30,1344
2026-09-28 09:21:00,1346.40,1346.40,1345.50,1345.50,803
2026-09-28 09:22:00,1346.00,1347.10,1345.50,1347.10,2059
2026-09-28 09:23:00,1347.10,1347.90,1346.30,1347.00,3702
2026-09-28 09:24:00,1346.90,1346.90,1346.40,1346.70,505
2026-09-28 09:25:00,1346.70,1346.80,1345.60,1346.80,1969
2026-09-28 09:26:00,1346.80,1347.40,1346.40,1346.80,740
2026-09-28 09:27:00,1346.80,1346.80,1346.30,1346.80,342
2026-09-28 09:28:00,1346.70,1348.90,1346.70,1348.90,1580
2026-09-28 09:29:00,1348.90,1349.60,1348.10,1349.60,920
2026-09-28 09:30:00,1349.60,1349.60,1346.20,1346.20,2398
2026-09-28 09:31:00,1346.80,1347.30,1346.50,1346.90,1526
2026-09-28 09:32:00,1346.90,1348.10,1346.40,1348.10,1240
2026-09-28 09:33:00,1347.70,1349.90,1347.70,1349.40,2202
2026-09-28 09:34:00,1349.20,1349.30,1348.30,1348.30,576
2026-09-28 09:35:00,1348.30,1349.20,1347.20,1348.70,1160
2026-09-28 09:36:00,1347.90,1347.90,1346.70,1347.50,1648
2026-09-28 09:37:00,1347.50,1348.10,1347.50,1347.70,2457
2026-09-28 09:38:00,1347.70,1348.60,1347.30,1348.50,1093
2026-09-28 09:39:00,1348.60,1349.30,1348.20,1349.10,894
2026-09-28 09:40:00,1349.30,1349.50,1348.70,1349.50,1542
2026-09-28 09:41:00,1349.10,1349.50,1348.40,1349.50,2034
2026-09-28 09:42:00,1349.50,1350.40,1349.00,1350.20,3096
2026-09-28 09:43:00,1350.10,1350.10,1349.30,1350.00,1869
2026-09-28 09:44:00,1350.00,1350.20,1349.40,1349.90,926
2026-09-28 09:45:00,1349.50,1350.60,1349.40,1350.30,881
2026-09-28 09:46:00,1350.30,1350.90,1350.30,1350.80,1446
2026-09-28 09:47:00,1350.60,1352.20,1350.00,1350.60,2536
2026-09-28 09:48:00,1350.60,1351.00,1349.90,1349.90,1539
2026-09-28 09:49:00,1349.90,1351.30,1349.90,1350.80,1084
2026-09-28 09:50:00,1350.80,1350.80,1350.00,1350.60,1319
2026-09-28 09:51:00,1350.40,1350.60,1350.00,1350.60,580
2026-09-28 09:52:00,1350.60,1350.90,1350.50,1350.80,558
2026-09-28 09:53:00,1350.70,1350.90,1350.40,1350.80,403
2026-09-28 09:54:00,1350.80,1350.80,1350.60,1350.70,295
2026-09-28 09:55:00,1350.70,1350.80,1350.40,1350.80,1043
2026-09-28 09:56:00,1350.70,1351.40,1350.70,1351.40,1030
2026-09-28 09:57:00,1351.40,1351.70,1350.00,1350.50,2590
2026-09-28 09:58:00,1350.50,1351.20,1350.30,1350.60,681
2026-09-28 09:59:00,1350.10,1350.60,1350.10,1350.30,1131
2026-09-28 10:00:00,1350.30,1350.30,1350.00,1350.30,1413
2026-09-28 10:01:00,1350.30,1350.30,1350.20,1350.30,2487
2026-09-28 10:02:00,1350.60,1351.10,1350.60,1350.90,792
2026-09-28 10:03:00,1351.00,1351.20,1350.10,1350.50,1134
2026-09-28 10:04:00,1351.00,1351.00,1350.40,1350.80,676
2026-09-28 10:05:00,1350.80,1351.50,1350.40,1351.00,2244
2026-09-28 10:06:00,1350.90,1351.40,1349.90,1350.50,1462
2026-09-28 10:07:00,1350.50,1350.50,1350.40,1350.50,602
2026-09-28 10:08:00,1350.50,1350.50,1350.00,1350.50,643
2026-09-28 10:09:00,1350.50,1351.00,1350.50,1350.80,1412
2026-09-28 10:10:00,1350.80,1350.80,1350.50,1350.60,448
2026-09-28 10:11:00,1350.30,1351.60,1350.30,1351.00,3375
2026-09-28 10:12:00,1351.00,1351.00,1350.40,1351.00,193
2026-09-28 10:13:00,1351.00,1351.00,1350.30,1350.90,466
2026-09-28 10:14:00,1350.90,1350.90,1350.20,1350.60,302
2026-09-28 10:15:00,1350.50,1350.60,1350.10,1350.40,263
2026-09-28 10:16:00,1350.40,1350.40,1349.00,1349.60,1540
2026-09-28 10:17:00,1349.60,1349.60,1349.30,1349.40,1067
2026-09-28 10:18:00,1349.40,1349.90,1348.70,1349.60,1416
2026-09-28 10:19:00,1349.50,1349.50,1348.60,1349.20,967
2026-09-28 10:20:00,1349.70,1349.70,1348.80,1349.00,387
2026-09-28 10:21:00,1348.90,1349.40,1348.80,1349.20,1447
2026-09-28 10:22:00,1349.20,1349.50,1349.00,1349.00,409
2026-09-28 10:23:00,1349.00,1349.60,1348.80,1348.80,717
2026-09-28 10:24:00,1349.20,1349.20,1347.60,1347.60,947
2026-09-28 10:25:00,1347.60,1348.20,1347.60,1348.00,945
2026-09-28 10:26:00,1348.00,1348.10,1347.50,1347.90,500
2026-09-28 10:27:00,1347.90,1347.90,1347.10,1347.80,1196
2026-09-28 10:28:00,1347.80,1348.90,1347.80,1348.30,1191
2026-09-28 10:29:00,1348.30,1348.30,1348.10,1348.30,434
2026-09-28 10:30:00,1348.30,1348.70,1347.90,1348.20,531
2026-09-28 10:31:00,1348.20,1348.80,1347.70,1348.40,789
2026-09-28 10:32:00,1348.20,1348.80,1347.90,1348.50,1066
2026-09-28 10:33:00,1348.50,1348.50,1348.10,1348.50,320
2026-09-28 10:34:00,1348.50,1348.90,1348.10,1348.20,921
2026-09-28 10:35:00,1348.20,1348.50,1348.20,1348.50,457
2026-09-28 10:36:00,1348.50,1348.50,1347.70,1347.70,368
2026-09-28 10:37:00,1348.10,1348.40,1347.60,1347.90,694
2026-09-28 10:38:00,1347.90,1348.70,1347.20,1348.40,2313
2026-09-28 10:39:00,1348.10,1348.40,1347.20,1347.70,1330
2026-09-28 10:40:00,1347.70,1348.30,1347.70,1347.90,808
2026-09-28 10:41:00,1347.80,1348.20,1347.30,1348.00,2400
2026-09-28 10:42:00,1348.00,1348.20,1347.70,1347.90,420
2026-09-28 10:43:00,1348.00,1348.70,1347.40,1347.70,2630
2026-09-28 10:44:00,1348.00,1348.10,1347.50,1347.50,1501
2026-09-28 10:45:00,1347.60,1347.60,1345.40,1346.00,3846
2026-09-28 10:46:00,1346.00,1346.00,1344.20,1344.80,4428
2026-09-28 10:47:00,1344.80,1345.70,1344.50,1345.60,2221
2026-09-28 10:48:00,1345.60,1346.90,1345.20,1345.80,5113
2026-09-28 10:49:00,1345.80,1346.10,1345.50,1345.70,795
2026-09-28 10:50:00,1346.10,1346.10,1345.10,1346.00,873
2026-09-28 10:51:00,1346.00,1346.10,1345.80,1346.10,605
2026-09-28 10:52:00,1346.10,1346.10,1345.00,1345.40,595
2026-09-28 10:53:00,1345.40,1345.70,1344.90,1345.70,1133
2026-09-28 10:54:00,1345.80,1345.80,1344.90,1345.40,1930
2026-09-28 10:55:00,1345.40,1345.40,1344.50,1344.80,1398
2026-09-28 10:56:00,1345.20,1345.50,1344.90,1345.00,838
2026-09-28 10:57:00,1345.40,1346.40,1345.20,1345.90,1443
2026-09-28 10:58:00,1345.90,1346.30,1345.80,1346.20,646
2026-09-28 10:59:00,1346.20,1346.50,1345.90,1346.50,1717
2026-09-28 11:00:00,1346.50,1346.90,1346.20,1346.70,514
2026-09-28 11:01:00,1346.70,1347.30,1346.70,1346.80,1140
2026-09-28 11:02:00,1346.80,1346.80,1345.00,1345.00,2708
2026-09-28 11:03:00,1345.30,1345.30,1343.90,1344.50,905
2026-09-28 11:04:00,1346.60,1349.30,1346.10,1346.60,19384
2026-09-28 11:05:00,1347.00,1347.20,1346.60,1347.10,1991
2026-09-28 11:06:00,1347.10,1347.10,1346.80,1347.10,1046
2026-09-28 11:07:00,1347.00,1348.00,1347.00,1347.40,1551
2026-09-28 11:08:00,1347.40,1347.80,1347.20,1347.20,1269
2026-09-28 11:09:00,1347.20,1347.90,1347.10,1347.40,962
2026-09-28 11:10:00,1347.30,1348.20,1347.20,1348.00,790
2026-09-28 11:11:00,1348.00,1348.10,1347.10,1347.10,917
2026-09-28 11:12:00,1347.60,1347.60,1346.90,1347.20,445
2026-09-28 11:13:00,1347.30,1350.50,1347.00,1350.50,4905
2026-09-28 11:14:00,1350.20,1350.60,1350.00,1350.20,1928
2026-09-28 11:15:00,1350.50,1350.90,1350.00,1350.00,1166
2026-09-28 11:16:00,1350.40,1351.50,1349.70,1351.50,1525
2026-09-28 11:17:00,1351.20,1353.30,1351.10,1352.90,5181
2026-09-28 11:18:00,1352.60,1352.60,1350.40,1350.60,1827
2026-09-28 11:19:00,1351.10,1351.90,1350.80,1351.60,1874
2026-09-28 11:20:00,1351.50,1351.80,1351.00,1351.40,1383
2026-09-28 11:21:00,1351.40,1351.40,1350.20,1350.80,1841
2026-09-28 11:22:00,1350.80,1351.30,1350.10,1351.30,1797
2026-09-28 11:23:00,1351.20,1351.30,1350.40,1350.50,1561
2026-09-28 11:24:00,1350.60,1350.80,1350.00,1350.50,1680
2026-09-28 11:25:00,1350.80,1351.60,1350.30,1351.60,1602
2026-09-28 11:26:00,1351.30,1352.40,1350.80,1352.40,1842
2026-09-28 11:27:00,1352.30,1352.80,1352.00,1352.60,2132
2026-09-28 11:28:00,1352.50,1352.90,1351.50,1351.50,1976
2026-09-28 11:29:00,1352.20,1353.60,1352.20,1353.60,5692
2026-09-28 11:30:00,1353.60,1354.20,1352.30,1352.30,5722
2026-09-28 11:31:00,1353.10,1354.50,1352.30,1353.90,2579
2026-09-28 11:32:00,1354.50,1355.00,1353.90,1354.60,2591
2026-09-28 11:33:00,1354.60,1354.80,1353.90,1354.80,1558
2026-09-28 11:34:00,1354.60,1355.00,1354.30,1355.00,1387
2026-09-28 11:35:00,1355.10,1355.10,1354.40,1354.40,1297
2026-09-28 11:36:00,1354.70,1355.00,1354.30,1354.80,1329
2026-09-28 11:37:00,1354.80,1355.10,1354.30,1354.60,1692
2026-09-28 11:38:00,1354.60,1354.90,1354.00,1354.40,1761
2026-09-28 11:39:00,1354.40,1354.80,1353.90,1354.80,1295
2026-09-28 11:40:00,1354.70,1355.00,1354.40,1355.00,1284
2026-09-28 11:41:00,1354.80,1355.30,1354.30,1354.80,1578
2026-09-28 11:42:00,1354.70,1354.80,1353.50,1353.50,1632
2026-09-28 11:43:00,1353.50,1355.10,1353.50,1354.80,1395
2026-09-28 11:44:00,1354.50,1354.80,1354.00,1354.10,1515
2026-09-28 11:45:00,1354.10,1355.00,1352.40,1354.50,4540
2026-09-28 11:46:00,1354.90,1355.40,1353.80,1354.00,2171
2026-09-28 11:47:00,1354.30,1355.00,1354.10,1354.80,1407
2026-09-28 11:48:00,1354.80,1355.00,1354.40,1355.00,1718
2026-09-28 11:49:00,1354.80,1355.00,1354.30,1355.00,1769
2026-09-28 11:50:00,1354.60,1354.60,1353.30,1354.60,3278
2026-09-28 11:51:00,1354.60,1355.00,1353.90,1353.90,1881
2026-09-28 11:52:00,1353.90,1354.40,1353.80,1353.80,1680
2026-09-28 11:53:00,1354.30,1354.60,1353.80,1354.60,1416
2026-09-28 11:54:00,1354.50,1355.00,1354.10,1355.00,1352
2026-09-28 11:55:00,1355.10,1355.10,1354.40,1355.00,1398
2026-09-28 11:56:00,1354.90,1355.00,1352.90,1353.30,1785
2026-09-28 11:57:00,1353.20,1354.00,1353.00,1353.90,1455
2026-09-28 11:58:00,1353.90,1354.90,1353.80,1354.70,1799
2026-09-28 11:59:00,1354.10,1355.10,1354.10,1355.00,1227
2026-09-28 12:00:00,1355.00,1355.10,1354.60,1355.00,1243
2026-09-28 12:01:00,1355.10,1355.50,1355.00,1355.50,668
2026-09-28 12:02:00,1355.50,1355.80,1355.20,1355.60,350
2026-09-28 12:03:00,1355.60,1355.90,1355.40,1355.90,987
2026-09-28 12:04:00,1355.40,1356.80,1355.40,1356.20,1413
2026-09-28 12:05:00,1356.40,1356.40,1355.50,1355.90,732
2026-09-28 12:06:00,1355.90,1355.90,1355.20,1355.20,225
2026-09-28 12:07:00,1355.40,1355.40,1354.80,1355.00,761
2026-09-28 12:08:00,1355.00,1355.00,1354.30,1354.80,1695
2026-09-28 12:09:00,1355.00,1355.10,1354.80,1355.10,573
2026-09-28 12:10:00,1355.10,1355.10,1355.00,1355.10,377
2026-09-28 12:11:00,1355.00,1355.10,1354.90,1355.10,371
2026-09-28 12:12:00,1355.10,1355.90,1355.00,1355.20,1315
2026-09-28 12:13:00,1355.30,1355.30,1355.00,1355.20,241
2026-09-28 12:14:00,1355.20,1355.20,1355.00,1355.10,229
2026-09-28 12:15:00,1355.10,1355.10,1355.00,1355.00,256
2026-09-28 12:16:00,1355.10,1355.10,1355.00,1355.00,362
2026-09-28 12:17:00,1355.10,1355.10,1354.40,1355.00,1809
2026-09-28 12:18:00,1355.00,1355.00,1354.00,1354.00,2063
2026-09-28 12:19:00,1354.40,1354.60,1354.00,1354.40,1458
2026-09-28 12:20:00,1354.60,1354.70,1354.00,1354.30,2083
2026-09-28 12:21:00,1354.30,1354.60,1353.90,1354.60,1403
2026-09-28 12:22:00,1354.40,1355.00,1354.40,1354.90,1908
2026-09-28 12:23:00,1354.90,1355.10,1354.50,1354.90,1856
2026-09-28 12:24:00,1354.90,1355.00,1354.40,1355.00,2075
2026-09-28 12:25:00,1354.80,1355.00,1354.40,1355.00,1613
2026-09-28 12:26:00,1354.80,1355.10,1354.50,1355.00,1203
2026-09-28 12:27:00,1355.10,1355.40,1355.00,1355.00,443
2026-09-28 12:28:00,1355.20,1355.20,1355.00,1355.20,643
2026-09-28 12:29:00,1355.20,1355.20,1355.00,1355.10,385
2026-09-28 12:30:00,1355.00,1355.20,1355.00,1355.00,419
2026-09-28 12:31:00,1355.10,1355.10,1354.50,1355.00,1572
2026-09-28 12:32:00,1355.00,1355.40,1354.70,1355.40,1679
2026-09-28 12:33:00,1355.40,1355.80,1355.30,1355.60,462
2026-09-28 12:34:00,1355.40,1355.90,1355.10,1355.90,616
2026-09-28 12:35:00,1355.90,1355.90,1355.20,1355.50,396
2026-09-28 12:36:00,1355.50,1355.50,1355.10,1355.30,191
2026-09-28 12:37:00,1355.30,1355.40,1355.30,1355.30,560
2026-09-28 12:38:00,1355.40,1355.70,1355.00,1355.20,647
2026-09-28 12:39:00,1355.20,1355.20,1355.00,1355.10,710
2026-09-28 12:40:00,1355.00,1355.20,1355.00,1355.10,282
2026-09-28 12:41:00,1355.10,1355.40,1355.00,1355.40,1511
2026-09-28 12:42:00,1355.40,1355.40,1355.00,1355.20,234
2026-09-28 12:43:00,1355.20,1355.60,1355.00,1355.50,600
2026-09-28 12:44:00,1355.50,1355.50,1354.90,1355.00,1388
2026-09-28 12:45:00,1354.80,1355.00,1354.20,1354.70,3588
2026-09-28 12:46:00,1354.10,1355.00,1354.00,1355.00,3508
2026-09-28 12:47:00,1354.90,1355.00,1353.10,1353.80,4040
2026-09-28 12:48:00,1353.60,1354.60,1353.10,1353.50,3518
2026-09-28 12:49:00,1353.50,1355.00,1353.10,1353.50,3698
2026-09-28 12:50:00,1353.60,1354.80,1352.70,1353.10,4163
2026-09-28 12:51:00,1353.10,1354.30,1353.10,1353.50,4252
2026-09-28 12:52:00,1353.40,1354.40,1352.30,1353.00,3923
2026-09-28 12:53:00,1352.90,1354.00,1352.50,1353.50,3910
2026-09-28 12:54:00,1353.50,1354.00,1352.80,1353.70,3467
2026-09-28 12:55:00,1353.10,1353.90,1353.10,1353.90,3384
2026-09-28 12:56:00,1353.80,1354.80,1353.10,1353.70,4600
2026-09-28 12:57:00,1353.60,1354.20,1353.20,1353.20,3905
2026-09-28 12:58:00,1353.30,1354.40,1353.20,1353.70,2998
2026-09-28 12:59:00,1353.80,1355.00,1351.70,1352.00,5361
2026-09-28 13:00:00,1351.90,1351.90,1350.30,1350.90,1149
2026-09-28 13:01:00,1350.90,1352.50,1350.40,1352.20,2103
2026-09-28 13:02:00,1352.20,1352.30,1351.20,1351.40,1222
2026-09-28 13:03:00,1351.20,1351.40,1350.60,1350.60,613
2026-09-28 13:04:00,1351.10,1351.10,1350.20,1350.20,549
2026-09-28 13:05:00,1350.60,1350.90,1350.00,1350.60,839
2026-09-28 13:06:00,1350.50,1353.00,1350.30,1351.80,4070
2026-09-28 13:07:00,1351.50,1352.30,1351.50,1352.20,712
2026-09-28 13:08:00,1352.30,1352.30,1351.80,1351.80,386
2026-09-28 13:09:00,1352.10,1352.20,1351.80,1352.00,194
2026-09-28 13:10:00,1352.00,1352.00,1351.60,1351.60,1620
2026-09-28 13:11:00,1351.90,1352.00,1351.50,1351.60,1292
2026-09-28 13:12:00,1351.60,1351.70,1351.20,1351.20,1794
2026-09-28 13:13:00,1351.50,1352.00,1351.20,1351.60,2992
2026-09-28 13:14:00,1352.00,1352.30,1351.50,1352.30,2103
2026-09-28 13:15:00,1351.80,1352.60,1351.70,1352.10,677
2026-09-28 13:16:00,1352.30,1352.60,1351.80,1352.10,437
2026-09-28 13:17:00,1351.90,1352.10,1351.60,1351.80,444
2026-09-28 13:18:00,1351.80,1352.10,1351.80,1352.10,1646
2026-09-28 13:19:00,1352.10,1352.70,1351.80,1352.60,435
2026-09-28 13:20:00,1352.60,1352.60,1352.00,1352.30,389
2026-09-28 13:21:00,1352.30,1353.00,1352.00,1353.00,543
2026-09-28 13:22:00,1353.00,1353.00,1352.40,1352.70,568
2026-09-28 13:23:00,1352.80,1353.10,1352.20,1352.80,3717
2026-09-28 13:24:00,1352.70,1352.80,1352.30,1352.40,383
2026-09-28 13:25:00,1352.70,1352.70,1352.30,1352.30,218
2026-09-28 13:26:00,1352.50,1352.90,1352.30,1352.40,582
2026-09-28 13:27:00,1352.80,1352.80,1352.40,1352.60,374
2026-09-28 13:28:00,1352.60,1353.20,1352.00,1352.90,2350
2026-09-28 13:29:00,1352.90,1353.20,1352.70,1352.70,224
2026-09-28 13:30:00,1352.90,1353.50,1352.70,1353.00,782
2026-09-28 13:31:00,1352.50,1352.80,1352.00,1352.00,602
2026-09-28 13:32:00,1352.10,1352.10,1351.80,1352.00,1571
2026-09-28 13:33:00,1352.00,1352.10,1351.80,1352.00,1051
2026-09-28 13:34:00,1352.10,1352.10,1351.00,1351.00,6606
2026-09-28 13:35:00,1350.90,1351.10,1350.50,1351.00,3330
2026-09-28 13:36:00,1351.10,1351.80,1351.00,1351.80,2478
2026-09-28 13:37:00,1351.80,1352.30,1351.70,1351.80,2043
2026-09-28 13:38:00,1351.80,1352.10,1351.70,1352.00,398
2026-09-28 13:39:00,1352.10,1352.20,1351.90,1351.90,1105
2026-09-28 13:40:00,1352.00,1352.20,1352.00,1352.10,405
2026-09-28 13:41:00,1352.20,1352.20,1351.30,1351.80,3740
2026-09-28 13:42:00,1351.80,1352.10,1351.50,1352.10,1891
2026-09-28 13:43:00,1352.10,1352.10,1351.50,1351.70,506
2026-09-28 13:44:00,1351.70,1352.00,1351.50,1351.70,899
2026-09-28 13:45:00,1351.70,1351.70,1351.30,1351.70,882
2026-09-28 13:46:00,1351.60,1351.70,1350.70,1351.10,3425
2026-09-28 13:47:00,1351.10,1351.50,1351.00,1351.10,1851
2026-09-28 13:48:00,1351.10,1351.70,1351.00,1351.40,1816
2026-09-28 13:49:00,1351.40,1352.30,1351.30,1352.00,1454
2026-09-28 13:50:00,1352.10,1352.10,1352.00,1352.10,440
2026-09-28 13:51:00,1352.00,1352.50,1352.00,1352.20,370
2026-09-28 13:52:00,1352.30,1352.30,1351.50,1351.50,4017
2026-09-28 13:53:00,1351.60,1351.60,1351.00,1351.00,1497
2026-09-28 13:54:00,1351.10,1351.40,1350.20,1350.50,1660
2026-09-28 13:55:00,1351.10,1351.40,1350.60,1351.30,545
2026-09-28 13:56:00,1351.30,1351.70,1351.00,1351.40,1259
2026-09-28 13:57:00,1351.40,1351.70,1351.40,1351.70,525
2026-09-28 13:58:00,1351.70,1352.00,1351.50,1351.70,1610
2026-09-28 13:59:00,1351.70,1351.70,1351.50,1351.70,440
2026-09-28 14:00:00,1351.70,1351.90,1351.10,1351.90,2168
2026-09-28 14:01:00,1352.00,1352.00,1351.00,1351.20,2081
2026-09-28 14:02:00,1351.10,1351.50,1351.00,1351.10,1971
2026-09-28 14:03:00,1351.20,1351.60,1351.10,1351.60,1824
2026-09-28 14:04:00,1351.60,1351.90,1351.50,1351.70,365
2026-09-28 14:05:00,1351.70,1351.80,1351.40,1351.50,1207
2026-09-28 14:06:00,1351.60,1351.70,1351.40,1351.50,796
2026-09-28 14:07:00,1351.60,1351.60,1351.20,1351.50,1689
2026-09-28 14:08:00,1351.50,1351.60,1351.20,1351.60,3847
2026-09-28 14:09:00,1351.40,1351.40,1350.50,1351.00,5538
2026-09-28 14:10:00,1351.10,1351.10,1351.00,1351.00,611
2026-09-28 14:11:00,1351.10,1351.10,1350.00,1350.30,7908
2026-09-28 14:12:00,1350.30,1350.60,1350.30,1350.30,783
2026-09-28 14:13:00,1350.40,1350.60,1350.00,1350.10,406
2026-09-28 14:14:00,1350.30,1350.30,1350.00,1350.20,343
2026-09-28 14:15:00,1350.20,1350.20,1350.10,1350.10,456
2026-09-28 14:16:00,1350.20,1350.20,1349.90,1349.90,8567
2026-09-28 14:17:00,1350.00,1350.60,1349.80,1350.60,16680
2026-09-28 14:18:00,1350.60,1350.70,1350.00,1350.30,2079
2026-09-28 14:19:00,1350.20,1350.30,1350.00,1350.10,949
2026-09-28 14:20:00,1350.10,1351.00,1350.00,1350.50,11373
2026-09-28 14:21:00,1350.60,1351.20,1350.40,1351.20,854
2026-09-28 14:22:00,1351.20,1351.20,1350.60,1350.60,483
2026-09-28 14:23:00,1350.50,1350.60,1350.20,1350.30,706
2026-09-28 14:24:00,1350.20,1350.30,1350.00,1350.10,3747
2026-09-28 14:25:00,1350.00,1350.10,1349.50,1349.80,1023
2026-09-28 14:26:00,1349.80,1350.10,1349.80,1350.00,1263
2026-09-28 14:27:00,1350.00,1350.00,1349.50,1349.60,7373
2026-09-28 14:28:00,1349.60,1349.60,1349.00,1349.00,1791
2026-09-28 14:29:00,1349.40,1349.50,1349.00,1349.00,697
2026-09-28 14:30:00,1349.20,1349.90,1349.20,1349.50,2402
2026-09-28 14:31:00,1349.70,1350.00,1349.50,1349.60,2308
2026-09-28 14:32:00,1349.50,1350.00,1349.50,1349.70,1836
2026-09-28 14:33:00,1349.70,1350.40,1349.70,1350.10,10527
2026-09-28 14:34:00,1350.40,1350.50,1349.90,1350.00,6006
2026-09-28 14:35:00,1350.00,1350.00,1349.60,1350.00,404
2026-09-28 14:36:00,1350.00,1350.00,1349.50,1349.50,10017
2026-09-28 14:37:00,1349.80,1349.80,1348.60,1348.60,635
2026-09-28 14:38:00,1348.80,1349.60,1348.10,1349.60,3423
2026-09-28 14:39:00,1349.60,1349.60,1349.00,1349.10,261
2026-09-28 14:40:00,1349.10,1349.40,1348.80,1348.80,862
2026-09-28 14:41:00,1349.20,1349.20,1348.70,1349.00,327
2026-09-28 14:42:00,1348.70,1349.00,1348.40,1348.40,600
2026-09-28 14:43:00,1348.50,1349.50,1348.50,1349.20,1444
2026-09-28 14:44:00,1348.90,1349.30,1348.90,1349.00,841
2026-09-28 14:45:00,1349.00,1349.40,1348.90,1349.00,629
2026-09-28 14:46:00,1349.00,1349.40,1348.80,1349.20,1322
2026-09-28 14:47:00,1349.20,1349.20,1348.70,1349.10,1007
2026-09-28 14:48:00,1349.10,1349.10,1348.80,1349.00,645
2026-09-28 14:49:00,1349.00,1349.00,1348.80,1348.80,680
2026-09-28 14:50:00,1348.90,1348.90,1348.60,1348.90,1214
2026-09-28 14:51:00,1348.60,1349.10,1348.60,1348.80,1538
2026-09-28 14:52:00,1348.80,1349.10,1348.80,1349.10,1254
2026-09-28 14:53:00,1349.20,1350.00,1349.00,1349.30,6932
2026-09-28 14:54:00,1349.30,1349.30,1349.00,1349.00,1113
2026-09-28 14:55:00,1348.80,1349.00,1348.30,1348.30,1583
2026-09-28 14:56:00,1348.20,1348.50,1348.20,1348.50,925
2026-09-28 14:57:00,1348.50,1348.50,1347.80,1348.30,1255
2026-09-28 14:58:00,1348.30,1348.30,1348.00,1348.20,1259
2026-09-28 14:59:00,1348.20,1348.20,1347.80,1348.00,3455
2026-09-28 15:00:00,1347.90,1348.20,1347.50,1347.70,3272
2026-09-28 15:01:00,1347.50,1348.00,1347.20,1347.60,4517
2026-09-28 15:02:00,1347.50,1347.90,1347.50,1347.60,2373
2026-09-28 15:03:00,1347.60,1348.10,1347.30,1347.60,3349
2026-09-28 15:04:00,1347.30,1347.60,1347.20,1347.20,2566
2026-09-28 15:05:00,1347.20,1348.00,1347.10,1347.50,3222
2026-09-28 15:06:00,1347.50,1347.50,1346.70,1347.10,2195
2026-09-28 15:07:00,1347.10,1347.10,1346.50,1346.50,4157
2026-09-28 15:08:00,1346.50,1347.30,1346.50,1347.30,4643
2026-09-28 15:09:00,1346.80,1347.40,1346.80,1346.80,2633
2026-09-28 15:10:00,1346.90,1347.00,1346.80,1346.90,3919
2026-09-28 15:11:00,1346.90,1347.20,1346.90,1347.20,6248
2026-09-28 15:12:00,1346.60,1348.10,1346.60,1347.60,6737
2026-09-28 15:13:00,1347.20,1347.90,1346.70,1347.90,3108
2026-09-28 15:14:00,1347.90,1349.80,1345.10,1346.00,5309
2026-09-28 15:15:00,1346.00,1350.00,1346.00,1350.00,42
2026-09-28 15:16:00,1350.00,1350.00,1350.00,1350.00,0
2026-09-28 15:17:00,1350.00,1350.00,1350.00,1350.00,0
2026-09-28 15:18:00,1350.00,1350.00,1350.00,1350.00,0
2026-09-28 15:19:00,1350.00,1350.00,1350.00,1350.00,0
2026-09-28 15:20:00,1350.00,1350.00,1350.00,1350.00,0
2026-09-28 15:21:00,1350.00,1350.00,1350.00,1350.00,0
2026-09-28 15:22:00,1350.00,1350.00,1350.00,1350.00,0
2026-09-28 15:23:00,1350.00,1350.00,1350.00,1350.00,0
2026-09-28 15:24:00,1350.00,1350.00,1350.00,1350.00,0
2026-09-28 15:25:00,1350.00,1350.00,1350.00,1350.00,0
2026-09-28 15:26:00,1350.00,1350.00,1350.00,1350.00,0
2026-09-28 15:27:00,1350.00,1350.00,1350.00,1350.00,0
2026-09-28 15:28:00,1350.00,1350.00,1350.00,1350.00,0
2026-09-28 15:29:00,1350.00,1350.00,1346.00,1346.00,17872
2026-09-29 09:15:00,1341.00,1349.10,1341.00,1345.70,11969
2026-09-29 09:16:00,1345.70,1346.70,1342.00,1342.60,8695
2026-09-29 09:17:00,1343.50,1344.70,1341.50,1342.00,4831
2026-09-29 09:18:00,1342.00,1342.80,1338.90,1340.00,7987
2026-09-29 09:19:00,1340.40,1341.30,1338.50,1341.30,12010
2026-09-29 09:20:00,1341.30,1341.90,1341.10,1341.50,5463
2026-09-29 09:21:00,1340.20,1342.00,1339.80,1341.00,6859
2026-09-29 09:22:00,1340.70,1342.40,1340.50,1341.80,4571
2026-09-29 09:23:00,1341.90,1341.90,1341.20,1341.60,2216
2026-09-29 09:24:00,1341.70,1343.50,1341.30,1343.50,2602
2026-09-29 09:25:00,1343.50,1345.00,1342.90,1343.10,1088
2026-09-29 09:26:00,1344.50,1344.60,1343.50,1344.20,3495
2026-09-29 09:27:00,1344.70,1345.00,1344.00,1344.80,2686
2026-09-29 09:28:00,1344.80,1345.10,1342.10,1342.10,3782
2026-09-29 09:29:00,1342.50,1342.50,1341.40,1341.40,1428
2026-09-29 09:30:00,1341.70,1343.40,1341.70,1342.60,3645
2026-09-29 09:31:00,1342.60,1342.60,1341.50,1341.50,1953
2026-09-29 09:32:00,1341.60,1343.30,1341.60,1342.00,7094
2026-09-29 09:33:00,1342.00,1343.40,1341.90,1343.20,1845
2026-09-29 09:34:00,1343.20,1343.20,1342.80,1342.80,661
2026-09-29 09:35:00,1343.00,1343.00,1341.80,1342.10,1136
2026-09-29 09:36:00,1341.90,1341.90,1341.50,1341.50,1226
2026-09-29 09:37:00,1341.50,1343.00,1341.10,1341.40,4846
2026-09-29 09:38:00,1341.40,1342.10,1340.70,1342.00,4008
2026-09-29 09:39:00,1342.00,1342.00,1341.60,1341.80,574
2026-09-29 09:40:00,1341.80,1342.90,1341.80,1342.30,3488
2026-09-29 09:41:00,1342.30,1343.00,1342.30,1343.00,910
2026-09-29 09:42:00,1343.00,1343.50,1342.50,1342.70,1501
2026-09-29 09:43:00,1342.80,1343.40,1341.50,1341.50,2230
2026-09-29 09:44:00,1341.90,1341.90,1340.60,1340.60,1202
2026-09-29 09:45:00,1341.00,1341.00,1340.20,1340.20,2406
2026-09-29 09:46:00,1340.20,1340.20,1338.10,1338.60,2019
2026-09-29 09:47:00,1338.70,1338.70,1337.20,1337.30,1759
2026-09-29 09:48:00,1337.10,1337.10,1335.20,1336.80,3305
2026-09-29 09:49:00,1336.90,1338.40,1336.70,1338.30,2304
2026-09-29 09:50:00,1338.10,1338.40,1337.50,1338.40,2422
2026-09-29 09:51:00,1337.90,1338.00,1337.10,1337.60,2183
2026-09-29 09:52:00,1337.60,1337.60,1336.60,1336.80,521
2026-09-29 09:53:00,1336.70,1337.60,1336.70,1337.10,2264
2026-09-29 09:54:00,1337.20,1338.10,1337.20,1337.90,1641
2026-09-29 09:55:00,1337.90,1338.70,1337.80,1338.70,856
2026-09-29 09:56:00,1338.70,1338.80,1338.40,1338.50,990
2026-09-29 09:57:00,1338.50,1339.10,1338.50,1338.90,2040
2026-09-29 09:58:00,1338.90,1338.90,1338.40,1338.70,764
2026-09-29 09:59:00,1338.70,1338.70,1338.40,1338.40,765
2026-09-29 10:00:00,1338.50,1339.60,1338.20,1339.60,3850
2026-09-29 10:01:00,1339.60,1339.60,1338.40,1338.70,1493
2026-09-29 10:02:00,1338.70,1338.80,1338.20,1338.80,706
2026-09-29 10:03:00,1339.00,1340.70,1338.80,1339.80,1351
2026-09-29 10:04:00,1339.80,1339.80,1339.20,1339.40,1001
2026-09-29 10:05:00,1339.40,1339.50,1338.80,1339.20,935
2026-09-29 10:06:00,1338.90,1340.90,1338.90,1339.80,2140
2026-09-29 10:07:00,1339.50,1340.90,1339.50,1340.60,1321
2026-09-29 10:08:00,1340.90,1340.90,1340.10,1340.60,669
2026-09-29 10:09:00,1340.40,1341.60,1340.30,1341.10,1865
2026-09-29 10:10:00,1341.30,1343.90,1341.10,1343.90,2571
2026-09-29 10:11:00,1343.40,1345.40,1343.00,1343.10,4982
2026-09-29 10:12:00,1343.40,1343.40,1342.70,1342.70,537
2026-09-29 10:13:00,1343.00,1343.10,1341.70,1341.70,1714
2026-09-29 10:14:00,1342.00,1342.00,1341.80,1341.90,668
2026-09-29 10:15:00,1342.00,1342.30,1340.90,1340.90,1475
2026-09-29 10:16:00,1341.30,1342.00,1341.10,1341.90,959
2026-09-29 10:17:00,1342.00,1342.00,1341.60,1341.70,462
2026-09-29 10:18:00,1341.50,1341.50,1340.50,1340.60,1693
2026-09-29 10:19:00,1341.00,1341.40,1340.60,1340.70,904
2026-09-29 10:20:00,1341.00,1341.80,1340.40,1341.80,1039
2026-09-29 10:21:00,1341.70,1341.80,1340.50,1340.80,704
2026-09-29 10:22:00,1340.80,1340.80,1339.90,1340.50,1328
2026-09-29 10:23:00,1340.50,1340.50,1340.00,1340.30,597
2026-09-29 10:24:00,1340.30,1340.30,1339.70,1339.70,896
2026-09-29 10:25:00,1339.80,1340.30,1339.80,1340.20,394
2026-09-29 10:26:00,1340.30,1341.20,1340.20,1341.10,544
2026-09-29 10:27:00,1341.20,1342.00,1340.80,1341.90,2387
2026-09-29 10:28:00,1341.50,1342.00,1341.50,1341.70,1531
2026-09-29 10:29:00,1341.70,1341.80,1341.10,1341.50,778
2026-09-29 10:30:00,1341.60,1341.80,1340.90,1341.40,1440
2026-09-29 10:31:00,1341.40,1342.00,1341.30,1341.30,965
2026-09-29 10:32:00,1341.80,1341.80,1340.90,1341.00,490
2026-09-29 10:33:00,1340.80,1340.80,1339.40,1339.40,791
2026-09-29 10:34:00,1339.60,1341.80,1339.60,1341.30,2042
2026-09-29 10:35:00,1341.80,1344.40,1341.20,1341.90,6136
2026-09-29 10:36:00,1342.40,1342.50,1341.60,1342.40,1015
2026-09-29 10:37:00,1342.60,1343.30,1342.20,1342.80,534
2026-09-29 10:38:00,1342.20,1343.00,1342.00,1342.70,1253
2026-09-29 10:39:00,1342.80,1343.40,1342.00,1342.50,1668
2026-09-29 10:40:00,1342.80,1342.80,1341.90,1342.20,1030
2026-09-29 10:41:00,1342.20,1342.20,1340.60,1340.60,1653
2026-09-29 10:42:00,1340.30,1341.40,1340.30,1340.70,3603
2026-09-29 10:43:00,1340.90,1341.90,1340.50,1340.60,1001
2026-09-29 10:44:00,1340.60,1340.80,1340.40,1340.40,1097
2026-09-29 10:45:00,1340.50,1341.60,1340.50,1340.90,1789
2026-09-29 10:46:00,1341.00,1341.40,1340.60,1340.60,1257
2026-09-29 10:47:00,1340.90,1341.80,1340.70,1341.50,4902
2026-09-29 10:48:00,1341.80,1341.80,1340.60,1341.40,1828
2026-09-29 10:49:00,1341.00,1341.40,1340.60,1341.20,1543
2026-09-29 10:50:00,1341.00,1341.30,1340.50,1340.50,793
2026-09-29 10:51:00,1340.60,1340.60,1339.90,1340.00,1120
2026-09-29 10:52:00,1340.30,1341.10,1340.10,1340.70,1371
2026-09-29 10:53:00,1340.90,1341.50,1340.50,1341.10,1067
2026-09-29 10:54:00,1341.50,1341.90,1340.80,1341.90,1810
2026-09-29 10:55:00,1341.80,1341.80,1340.70,1340.70,570
2026-09-29 10:56:00,1340.90,1340.90,1339.50,1339.50,1410
2026-09-29 10:57:00,1339.60,1339.60,1339.20,1339.20,1084
2026-09-29 10:58:00,1339.70,1340.70,1339.70,1339.80,2273
2026-09-29 10:59:00,1339.90,1339.90,1339.00,1339.40,1559
2026-09-29 11:00:00,1339.70,1339.90,1339.20,1339.30,1669
2026-09-29 11:01:00,1339.30,1339.30,1338.90,1338.90,828
2026-09-29 11:02:00,1339.00,1340.90,1338.50,1340.90,7742
2026-09-29 11:03:00,1340.70,1340.90,1340.20,1340.20,2062
2026-09-29 11:04:00,1340.30,1341.70,1340.00,1341.00,2699
2026-09-29 11:05:00,1341.50,1341.50,1340.40,1340.50,1432
2026-09-29 11:06:00,1340.60,1341.50,1340.40,1341.30,1030
2026-09-29 11:07:00,1341.10,1341.80,1341.00,1341.40,870
2026-09-29 11:08:00,1341.90,1342.00,1341.20,1341.20,1869
2026-09-29 11:09:00,1341.20,1341.90,1340.80,1341.50,1256
2026-09-29 11:10:00,1341.50,1344.80,1341.30,1344.00,5081
2026-09-29 11:11:00,1343.80,1345.00,1342.00,1342.00,4037
2026-09-29 11:12:00,1342.20,1343.50,1341.60,1343.30,3281
2026-09-29 11:13:00,1343.30,1344.90,1341.90,1344.60,2950
2026-09-29 11:14:00,1344.90,1345.20,1343.10,1343.40,3875
2026-09-29 11:15:00,1343.70,1344.10,1343.30,1343.30,1112
2026-09-29 11:16:00,1343.40,1343.40,1342.10,1342.10,1493
2026-09-29 11:17:00,1342.30,1342.30,1341.60,1341.60,1039
2026-09-29 11:18:00,1341.10,1342.30,1341.00,1342.30,2453
2026-09-29 11:19:00,1342.10,1342.40,1341.50,1342.00,2325
2026-09-29 11:20:00,1342.00,1343.60,1341.70,1343.30,4213
2026-09-29 11:21:00,1343.60,1343.80,1341.80,1342.10,2962
2026-09-29 11:22:00,1342.10,1342.80,1341.60,1341.80,3705
2026-09-29 11:23:00,1342.10,1342.20,1341.50,1341.60,1314
2026-09-29 11:24:00,1341.70,1342.40,1340.90,1342.40,2326
2026-09-29 11:25:00,1342.20,1342.40,1341.90,1342.00,863
2026-09-29 11:26:00,1342.00,1342.20,1341.90,1341.90,849
2026-09-29 11:27:00,1342.10,1343.80,1341.50,1342.10,3687
2026-09-29 11:28:00,1342.10,1343.40,1341.80,1342.90,3315
2026-09-29 11:29:00,1343.30,1343.70,1342.60,1342.60,627
2026-09-29 11:30:00,1342.70,1344.60,1342.60,1344.40,4248
2026-09-29 11:31:00,1344.60,1345.70,1344.50,1345.10,3556
2026-09-29 11:32:00,1344.80,1345.00,1344.00,1344.00,1008
2026-09-29 11:33:00,1344.10,1345.70,1343.60,1345.10,2333
2026-09-29 11:34:00,1345.40,1345.40,1344.20,1344.30,2887
2026-09-29 11:35:00,1344.20,1344.50,1343.30,1344.30,5334
2026-09-29 11:36:00,1344.20,1344.20,1343.70,1343.70,1862
2026-09-29 11:37:00,1343.80,1343.80,1343.00,1343.30,2437
2026-09-29 11:38:00,1343.60,1343.60,1342.90,1343.20,1148
2026-09-29 11:39:00,1343.10,1345.60,1343.10,1345.20,3868
2026-09-29 11:40:00,1345.20,1345.70,1344.60,1345.00,2145
2026-09-29 11:41:00,1344.70,1344.90,1343.30,1343.30,2883
2026-09-29 11:42:00,1343.40,1344.50,1343.00,1344.30,4150
2026-09-29 11:43:00,1344.30,1344.30,1343.10,1343.80,1415
2026-09-29 11:44:00,1344.20,1344.70,1343.80,1344.50,1661
2026-09-29 11:45:00,1344.20,1344.70,1342.90,1343.10,963
2026-09-29 11:46:00,1343.30,1344.40,1342.90,1343.20,1981
2026-09-29 11:47:00,1343.70,1343.70,1343.00,1343.00,1069
2026-09-29 11:48:00,1343.30,1343.50,1342.90,1342.90,948
2026-09-29 11:49:00,1343.10,1344.60,1342.80,1342.90,1400
2026-09-29 11:50:00,1343.00,1343.20,1342.60,1343.00,2301
2026-09-29 11:51:00,1343.20,1344.70,1343.00,1344.20,1333
2026-09-29 11:52:00,1344.60,1344.60,1343.70,1344.00,2194
2026-09-29 11:53:00,1343.40,1345.10,1343.30,1343.80,2327
2026-09-29 11:54:00,1344.30,1344.30,1343.10,1343.50,1828
2026-09-29 11:55:00,1343.50,1344.30,1342.80,1343.90,2899
2026-09-29 11:56:00,1344.30,1344.30,1343.50,1343.60,829
2026-09-29 11:57:00,1343.70,1344.20,1343.20,1344.20,2427
2026-09-29 11:58:00,1344.20,1344.70,1343.30,1343.50,1626
2026-09-29 11:59:00,1343.80,1343.80,1343.10,1343.20,1381
2026-09-29 12:00:00,1343.30,1343.50,1342.90,1343.00,1722
2026-09-29 12:01:00,1343.20,1344.50,1343.00,1343.00,1740
2026-09-29 12:02:00,1343.00,1343.10,1342.50,1343.00,998
2026-09-29 12:03:00,1343.60,1343.90,1343.40,1343.50,2726
2026-09-29 12:04:00,1343.30,1344.40,1342.80,1344.20,1808
2026-09-29 12:05:00,1344.70,1344.70,1342.90,1343.30,2309
2026-09-29 12:06:00,1343.50,1344.20,1343.50,1343.50,1295
2026-09-29 12:07:00,1343.50,1344.80,1343.50,1344.00,1855
2026-09-29 12:08:00,1344.20,1344.80,1343.50,1344.50,2141
2026-09-29 12:09:00,1344.70,1344.70,1343.20,1343.30,3139
2026-09-29 12:10:00,1343.80,1345.60,1343.30,1344.50,5919
2026-09-29 12:11:00,1344.30,1344.50,1344.20,1344.20,1835
2026-09-29 12:12:00,1344.40,1344.80,1343.80,1344.20,1889
2026-09-29 12:13:00,1344.70,1344.70,1343.70,1343.70,588
2026-09-29 12:14:00,1343.70,1345.40,1343.70,1344.20,3762
2026-09-29 12:15:00,1344.60,1345.60,1344.50,1344.60,1102
2026-09-29 12:16:00,1344.80,1344.80,1343.80,1343.80,4545
2026-09-29 12:17:00,1344.20,1344.30,1343.70,1343.70,1064
2026-09-29 12:18:00,1343.70,1343.80,1343.10,1343.70,2068
2026-09-29 12:19:00,1343.50,1344.30,1343.30,1343.30,1902
2026-09-29 12:20:00,1343.40,1343.60,1343.10,1343.50,2530
2026-09-29 12:21:00,1343.80,1343.80,1342.60,1342.80,1696
2026-09-29 12:22:00,1342.80,1343.50,1342.20,1343.10,941
2026-09-29 12:23:00,1343.10,1343.10,1342.60,1342.60,1039
2026-09-29 12:24:00,1342.50,1343.10,1342.40,1342.80,3289
2026-09-29 12:25:00,1342.90,1342.90,1342.20,1342.20,778
2026-09-29 12:26:00,1342.30,1342.40,1341.60,1342.20,3036
2026-09-29 12:27:00,1342.40,1342.40,1341.50,1341.50,1238
2026-09-29 12:28:00,1341.50,1341.60,1341.00,1341.00,1096
2026-09-29 12:29:00,1341.10,1342.00,1340.90,1341.40,3274
2026-09-29 12:30:00,1341.50,1341.50,1340.10,1340.80,4671
2026-09-29 12:31:00,1340.60,1340.60,1340.00,1340.20,1922
2026-09-29 12:32:00,1340.10,1340.20,1338.30,1339.00,4752
2026-09-29 12:33:00,1338.60,1339.20,1338.50,1338.70,5481
2026-09-29 12:34:00,1339.10,1341.00,1339.10,1340.30,5240
2026-09-29 12:35:00,1340.40,1340.80,1340.20,1340.30,1487
2026-09-29 12:36:00,1340.30,1341.60,1339.90,1341.60,2102
2026-09-29 12:37:00,1341.50,1342.80,1341.50,1341.80,1672
2026-09-29 12:38:00,1341.90,1341.90,1340.90,1341.10,1371
2026-09-29 12:39:00,1341.20,1342.20,1341.10,1342.00,2673
2026-09-29 12:40:00,1342.00,1343.40,1341.60,1342.10,4531
2026-09-29 12:41:00,1342.00,1346.70,1342.00,1345.80,32016
2026-09-29 12:42:00,1346.20,1346.40,1345.20,1345.70,2240
2026-09-29 12:43:00,1345.70,1345.80,1344.50,1345.00,10927
2026-09-29 12:44:00,1345.00,1345.40,1345.00,1345.40,1897
2026-09-29 12:45:00,1345.40,1345.40,1345.00,1345.00,1358
2026-09-29 12:46:00,1345.10,1345.10,1343.00,1343.00,9799
2026-09-29 12:47:00,1342.80,1342.80,1341.90,1342.30,2366
2026-09-29 12:48:00,1342.60,1343.60,1342.50,1343.40,1357
2026-09-29 12:49:00,1343.50,1343.50,1342.10,1342.10,1042
2026-09-29 12:50:00,1341.60,1342.20,1341.30,1341.30,1537
2026-09-29 12:51:00,1341.70,1341.70,1340.60,1340.60,967
2026-09-29 12:52:00,1341.00,1341.10,1340.50,1340.50,2565
2026-09-29 12:53:00,1340.60,1341.50,1340.50,1340.50,1130
2026-09-29 12:54:00,1340.50,1341.60,1340.50,1340.60,1163
2026-09-29 12:55:00,1340.40,1341.70,1340.20,1340.90,1673
2026-09-29 12:56:00,1340.80,1340.80,1340.40,1340.50,986
2026-09-29 12:57:00,1340.80,1341.40,1340.50,1341.00,1110
2026-09-29 12:58:00,1341.30,1341.80,1340.90,1340.90,835
2026-09-29 12:59:00,1341.00,1341.50,1340.60,1340.90,1468
2026-09-29 13:00:00,1341.10,1341.10,1340.20,1340.20,655
2026-09-29 13:01:00,1340.40,1340.40,1339.80,1339.80,1156
2026-09-29 13:02:00,1339.70,1340.50,1339.60,1340.20,2279
2026-09-29 13:03:00,1339.70,1339.80,1339.40,1339.40,739
2026-09-29 13:04:00,1339.30,1339.50,1338.80,1339.00,1481
2026-09-29 13:05:00,1339.00,1339.20,1338.70,1339.10,1427
2026-09-29 13:06:00,1339.00,1339.00,1338.00,1338.30,1308
2026-09-29 13:07:00,1338.30,1339.10,1338.10,1338.60,1026
2026-09-29 13:08:00,1338.60,1338.60,1337.80,1337.90,1162
2026-09-29 13:09:00,1338.30,1339.40,1337.60,1338.00,4737
2026-09-29 13:10:00,1338.00,1338.20,1337.10,1338.00,1911
2026-09-29 13:11:00,1338.00,1338.20,1337.20,1337.30,2223
2026-09-29 13:12:00,1337.40,1337.80,1337.20,1337.80,1653
2026-09-29 13:13:00,1338.10,1338.80,1337.00,1337.00,773
2026-09-29 13:14:00,1337.20,1337.20,1336.50,1336.70,1496
2026-09-29 13:15:00,1336.90,1336.90,1336.30,1336.30,878
2026-09-29 13:16:00,1336.40,1336.40,1335.70,1336.10,1702
2026-09-29 13:17:00,1336.30,1337.30,1336.00,1336.30,1601
2026-09-29 13:18:00,1336.30,1336.60,1336.10,1336.60,2019
2026-09-29 13:19:00,1336.90,1336.90,1336.50,1336.50,814
2026-09-29 13:20:00,1336.70,1336.70,1335.40,1335.90,2180
2026-09-29 13:21:00,1336.20,1337.20,1336.20,1337.10,3458
2026-09-29 13:22:00,1337.30,1337.70,1337.00,1337.00,968
2026-09-29 13:23:00,1337.10,1337.80,1337.10,1337.30,1675
2026-09-29 13:24:00,1337.80,1337.80,1337.10,1337.40,693
2026-09-29 13:25:00,1338.30,1338.30,1337.30,1337.40,1622
2026-09-29 13:26:00,1337.40,1337.50,1337.00,1337.10,1246
2026-09-29 13:27:00,1337.20,1338.80,1337.20,1337.20,11733
2026-09-29 13:28:00,1337.30,1338.30,1336.80,1338.30,3238
2026-09-29 13:29:00,1338.80,1338.80,1337.60,1338.00,818
2026-09-29 13:30:00,1339.00,1339.00,1337.50,1337.70,1188
2026-09-29 13:31:00,1337.80,1338.00,1337.50,1337.60,584
2026-09-29 13:32:00,1337.70,1337.80,1337.50,1337.50,1188
2026-09-29 13:33:00,1337.60,1337.60,1337.30,1337.30,1039
2026-09-29 13:34:00,1337.30,1337.30,1337.10,1337.10,1226
2026-09-29 13:35:00,1337.20,1337.20,1336.60,1336.70,1727
2026-09-29 13:36:00,1336.70,1337.00,1336.40,1336.80,2164
2026-09-29 13:37:00,1336.80,1336.80,1336.40,1336.40,1486
2026-09-29 13:38:00,1336.60,1336.60,1335.90,1336.40,5194
2026-09-29 13:39:00,1338.00,1338.20,1337.00,1337.20,14338
2026-09-29 13:40:00,1337.20,1337.40,1336.50,1337.20,2388
2026-09-29 13:41:00,1337.40,1337.40,1337.00,1337.00,949
2026-09-29 13:42:00,1337.10,1337.50,1337.00,1337.10,1359
2026-09-29 13:43:00,1337.50,1337.50,1336.90,1337.00,1771
2026-09-29 13:44:00,1337.10,1337.20,1336.70,1336.80,1110
2026-09-29 13:45:00,1336.80,1337.80,1336.70,1337.40,2203
2026-09-29 13:46:00,1337.40,1337.70,1337.10,1337.10,1366
2026-09-29 13:47:00,1337.50,1338.30,1337.30,1337.50,1993
2026-09-29 13:48:00,1337.30,1337.50,1336.50,1337.10,1525
2026-09-29 13:49:00,1337.30,1338.00,1336.70,1336.70,1246
2026-09-29 13:50:00,1337.10,1337.40,1336.70,1337.30,1275
2026-09-29 13:51:00,1337.30,1337.70,1337.30,1337.60,1208
2026-09-29 13:52:00,1337.70,1338.30,1337.20,1337.40,1346
2026-09-29 13:53:00,1337.40,1337.50,1337.00,1337.10,1314
2026-09-29 13:54:00,1337.10,1337.30,1336.70,1336.80,1535
2026-09-29 13:55:00,1337.20,1338.40,1336.40,1336.90,2433
2026-09-29 13:56:00,1337.00,1337.30,1336.90,1337.20,1456
2026-09-29 13:57:00,1337.70,1338.30,1337.10,1338.30,2624
2026-09-29 13:58:00,1337.70,1338.40,1337.70,1338.20,2015
2026-09-29 13:59:00,1338.20,1338.90,1337.60,1338.20,4681
2026-09-29 14:00:00,1338.60,1338.80,1337.80,1337.80,2858
2026-09-29 14:01:00,1338.30,1339.20,1337.80,1339.20,1454
2026-09-29 14:02:00,1338.80,1338.80,1337.80,1338.00,2299
2026-09-29 14:03:00,1337.90,1338.90,1337.40,1337.60,3262
2026-09-29 14:04:00,1338.00,1338.10,1337.20,1337.50,1167
2026-09-29 14:05:00,1337.90,1338.10,1337.40,1337.40,1350
2026-09-29 14:06:00,1337.30,1338.40,1337.30,1338.40,2051
2026-09-29 14:07:00,1338.20,1338.20,1337.30,1337.50,1558
2026-09-29 14:08:00,1337.50,1337.60,1336.90,1337.60,1081
2026-09-29 14:09:00,1337.40,1338.20,1337.20,1337.60,1396
2026-09-29 14:10:00,1338.10,1338.90,1338.10,1338.70,2496
2026-09-29 14:11:00,1338.80,1338.80,1338.60,1338.70,1199
2026-09-29 14:12:00,1338.80,1338.90,1338.50,1338.60,1483
2026-09-29 14:13:00,1338.70,1339.90,1338.50,1338.90,4827
2026-09-29 14:14:00,1338.80,1339.10,1338.60,1339.10,1149
2026-09-29 14:15:00,1337.70,1339.90,1337.70,1339.90,4588
2026-09-29 14:16:00,1339.30,1339.90,1338.80,1338.80,1344
2026-09-29 14:17:00,1338.80,1339.90,1338.80,1339.90,2223
2026-09-29 14:18:00,1340.40,1340.40,1339.80,1339.80,749
2026-09-29 14:19:00,1339.90,1340.40,1339.60,1340.00,2010
2026-09-29 14:20:00,1340.00,1340.90,1340.00,1340.10,1073
2026-09-29 14:21:00,1340.00,1340.70,1339.80,1339.80,1234
2026-09-29 14:22:00,1339.80,1340.00,1339.30,1339.40,1263
2026-09-29 14:23:00,1339.50,1339.60,1338.70,1339.50,1458
2026-09-29 14:24:00,1339.60,1339.70,1339.20,1339.70,2006
2026-09-29 14:25:00,1339.70,1339.70,1339.30,1339.50,1553
2026-09-29 14:26:00,1339.10,1340.00,1339.10,1339.60,3289
2026-09-29 14:27:00,1339.60,1339.60,1338.50,1338.50,2979
2026-09-29 14:28:00,1338.60,1339.30,1338.30,1338.90,1920
2026-09-29 14:29:00,1339.20,1339.20,1337.90,1338.30,1564
2026-09-29 14:30:00,1338.70,1340.30,1338.20,1340.10,3874
2026-09-29 14:31:00,1340.40,1341.20,1340.00,1340.00,3786
2026-09-29 14:32:00,1340.00,1340.10,1339.30,1340.00,1603
2026-09-29 14:33:00,1340.10,1340.10,1338.90,1339.10,1927
2026-09-29 14:34:00,1338.80,1340.70,1338.60,1339.50,2463
2026-09-29 14:35:00,1339.50,1339.70,1339.40,1339.60,1990
2026-09-29 14:36:00,1339.70,1340.50,1339.70,1340.30,2242
2026-09-29 14:37:00,1340.10,1340.10,1339.40,1339.60,2531
2026-09-29 14:38:00,1339.90,1340.10,1339.70,1339.70,1283
2026-09-29 14:39:00,1339.70,1340.10,1339.30,1339.50,8066
2026-09-29 14:40:00,1340.00,1340.00,1339.30,1339.30,3016
2026-09-29 14:41:00,1340.00,1340.00,1339.40,1339.80,2560
2026-09-29 14:42:00,1340.20,1340.50,1339.20,1339.20,2288
2026-09-29 14:43:00,1339.20,1339.90,1339.20,1339.90,2727
2026-09-29 14:44:00,1340.40,1340.40,1339.30,1339.50,2053
2026-09-29 14:45:00,1339.70,1339.70,1338.50,1338.60,4519
2026-09-29 14:46:00,1338.40,1338.80,1338.20,1338.70,12138
2026-09-29 14:47:00,1338.70,1339.00,1338.40,1338.40,5409
2026-09-29 14:48:00,1338.40,1339.10,1338.40,1338.40,5301
2026-09-29 14:49:00,1338.80,1339.30,1338.40,1338.40,4865
2026-09-29 14:50:00,1338.30,1338.30,1337.30,1337.50,6046
2026-09-29 14:51:00,1337.40,1339.40,1337.20,1338.60,11987
2026-09-29 14:52:00,1338.70,1339.60,1337.90,1339.60,5165
2026-09-29 14:53:00,1339.40,1340.00,1338.90,1339.60,9350
2026-09-29 14:54:00,1339.30,1339.70,1339.20,1339.40,6119
2026-09-29 14:55:00,1339.40,1340.00,1337.40,1337.90,18387
2026-09-29 14:56:00,1338.40,1338.80,1337.90,1338.30,4977
2026-09-29 14:57:00,1338.40,1338.50,1337.10,1337.90,8010
2026-09-29 14:58:00,1337.80,1338.20,1337.40,1337.70,6025
2026-09-29 14:59:00,1337.70,1337.80,1337.60,1337.70,4451
2026-09-29 15:00:00,1337.60,1337.60,1335.50,1335.90,17179
2026-09-29 15:01:00,1335.90,1335.90,1334.30,1335.30,14131
2026-09-29 15:02:00,1335.30,1335.30,1334.20,1335.20,8691
2026-09-29 15:03:00,1335.00,1335.00,1333.90,1334.60,14793
2026-09-29 15:04:00,1334.60,1339.30,1334.30,1335.50,74936
2026-09-29 15:05:00,1335.30,1335.40,1333.60,1334.60,21793
2026-09-29 15:06:00,1334.70,1335.40,1333.70,1334.60,20110
2026-09-29 15:07:00,1334.70,1335.20,1334.70,1334.80,30633
2026-09-29 15:08:00,1335.00,1335.80,1335.00,1335.30,14223
2026-09-29 15:09:00,1335.30,1335.30,1335.00,1335.10,17420
2026-09-29 15:10:00,1335.10,1336.40,1334.90,1336.00,56079
2026-09-29 15:11:00,1335.80,1336.70,1334.90,1335.20,21158
2026-09-29 15:12:00,1335.10,1337.40,1334.40,1335.40,22618
2026-09-29 15:13:00,1335.30,1335.90,1334.90,1335.40,10838
2026-09-29 15:14:00,1335.50,1337.20,1335.50,1335.70,2989
2026-09-29 15:15:00,1335.70,1335.70,1335.70,1335.70,1
2026-09-29 15:16:00,1335.70,1335.70,1335.70,1335.70,0
2026-09-29 15:17:00,1335.70,1335.70,1335.70,1335.70,0
2026-09-29 15:18:00,1335.70,1335.70,1335.70,1335.70,0
2026-09-29 15:19:00,1335.70,1335.70,1335.70,1335.70,0
2026-09-29 15:20:00,1335.70,1335.70,1335.70,1335.70,0
2026-09-29 15:21:00,1335.70,1335.70,1335.70,1335.70,0
2026-09-29 15:22:00,1335.70,1335.70,1335.70,1335.70,0
2026-09-29 15:23:00,1335.70,1335.70,1335.70,1335.70,0
2026-09-29 15:24:00,1335.70,1335.70,1335.70,1335.70,0
2026-09-29 15:25:00,1335.70,1335.70,1335.70,1335.70,0
2026-09-29 15:26:00,1335.70,1335.70,1335.70,1335.70,0
2026-09-29 15:27:00,1335.70,1335.70,1335.70,1335.70,0
2026-09-29 15:28:00,1335.70,1335.70,1335.70,1335.70,0
2026-09-29 15:29:00,1335.70,1345.70,1335.70,1345.70,509313
2026-09-30 09:15:00,1341.50,1345.50,1333.80,1334.80,9690
2026-09-30 09:16:00,1335.40,1339.80,1335.40,1338.80,8636
2026-09-30 09:17:00,1337.30,1338.30,1337.20,1338.20,4066
2026-09-30 09:18:00,1338.20,1338.20,1336.80,1337.30,4574
2026-09-30 09:19:00,1337.30,1338.70,1336.70,1337.60,4820
2026-09-30 09:20:00,1337.80,1337.90,1335.50,1336.30,4860
2026-09-30 09:21:00,1336.90,1337.40,1336.30,1336.30,2023
2026-09-30 09:22:00,1336.70,1336.70,1336.10,1336.60,3084
2026-09-30 09:23:00,1336.60,1337.90,1335.10,1335.10,6673
2026-09-30 09:24:00,1335.10,1335.10,1334.50,1334.50,1774
2026-09-30 09:25:00,1334.50,1336.20,1333.40,1335.80,2292
2026-09-30 09:26:00,1335.80,1336.50,1335.40,1335.40,1654
2026-09-30 09:27:00,1335.40,1335.80,1333.00,1333.40,4284
2026-09-30 09:28:00,1332.50,1333.10,1332.50,1332.90,3002
2026-09-30 09:29:00,1332.90,1335.00,1332.90,1334.70,4396
2026-09-30 09:30:00,1334.40,1335.30,1334.20,1335.10,1369
2026-09-30 09:31:00,1334.90,1335.60,1334.90,1335.50,1742
2026-09-30 09:32:00,1335.50,1336.70,1335.10,1335.40,2139
2026-09-30 09:33:00,1335.90,1337.80,1335.90,1337.80,1254
2026-09-30 09:34:00,1337.80,1338.80,1337.80,1338.00,2868
2026-09-30 09:35:00,1337.50,1338.30,1337.40,1337.70,845
2026-09-30 09:36:00,1337.70,1337.70,1337.10,1337.10,862
2026-09-30 09:37:00,1337.10,1338.10,1337.10,1337.60,1503
2026-09-30 09:38:00,1338.10,1338.10,1337.60,1337.70,762
2026-09-30 09:39:00,1338.00,1338.00,1335.90,1336.30,1728
2026-09-30 09:40:00,1336.30,1336.30,1336.30,1336.30,466
2026-09-30 09:41:00,1336.30,1336.30,1335.20,1335.70,1066
2026-09-30 09:42:00,1335.50,1335.50,1333.90,1334.30,4085
2026-09-30 09:43:00,1334.30,1334.30,1333.10,1333.40,729
2026-09-30 09:44:00,1333.40,1333.40,1333.00,1333.30,701
2026-09-30 09:45:00,1333.40,1334.60,1333.40,1334.50,1776
2026-09-30 09:46:00,1334.80,1334.80,1333.30,1334.80,2773
2026-09-30 09:47:00,1335.60,1335.60,1333.60,1335.10,4187
2026-09-30 09:48:00,1335.10,1335.50,1334.90,1335.00,1109
2026-09-30 09:49:00,1334.90,1335.20,1334.50,1335.20,735
2026-09-30 09:50:00,1335.20,1335.80,1335.00,1335.30,1463
2026-09-30 09:51:00,1334.70,1336.10,1334.60,1336.10,1483
2026-09-30 09:52:00,1336.40,1336.40,1335.00,1335.70,1211
2026-09-30 09:53:00,1335.10,1336.50,1335.10,1336.20,1624
2026-09-30 09:54:00,1336.50,1337.30,1336.40,1337.30,1102
2026-09-30 09:55:00,1337.20,1337.90,1337.20,1337.30,1157
2026-09-30 09:56:00,1337.20,1337.20,1337.00,1337.00,803
2026-09-30 09:57:00,1337.10,1338.00,1336.30,1337.70,1256
2026-09-30 09:58:00,1337.70,1338.00,1337.50,1337.50,780
2026-09-30 09:59:00,1337.50,1337.50,1336.60,1336.70,1504
2026-09-30 10:00:00,1336.70,1336.70,1334.80,1335.00,1759
2026-09-30 10:01:00,1334.40,1334.90,1334.40,1334.70,637
2026-09-30 10:02:00,1334.80,1334.80,1334.00,1334.00,1986
2026-09-30 10:03:00,1334.00,1334.40,1334.00,1334.10,706
2026-09-30 10:04:00,1334.30,1334.30,1334.20,1334.30,389
2026-09-30 10:05:00,1334.30,1334.30,1333.20,1333.50,2372
2026-09-30 10:06:00,1333.50,1336.50,1333.50,1335.50,3615
2026-09-30 10:07:00,1335.40,1335.40,1335.20,1335.20,578
2026-09-30 10:08:00,1335.20,1335.20,1335.10,1335.20,397
2026-09-30 10:09:00,1335.20,1335.20,1335.20,1335.20,379
2026-09-30 10:10:00,1335.20,1335.20,1335.00,1335.10,805
2026-09-30 10:11:00,1335.10,1337.80,1335.10,1337.00,3699
2026-09-30 10:12:00,1337.40,1337.40,1335.90,1336.30,1932
2026-09-30 10:13:00,1336.30,1336.30,1336.10,1336.20,282
2026-09-30 10:14:00,1336.20,1336.20,1336.20,1336.20,485
2026-09-30 10:15:00,1336.30,1337.70,1336.30,1337.60,3891
2026-09-30 10:16:00,1337.50,1337.50,1336.40,1336.50,1207
2026-09-30 10:17:00,1336.50,1336.50,1335.70,1336.00,587
2026-09-30 10:18:00,1336.20,1336.90,1336.20,1336.80,1106
2026-09-30 10:19:00,1336.70,1336.70,1336.10,1336.30,596
2026-09-30 10:20:00,1336.30,1336.70,1336.30,1336.40,700
2026-09-30 10:21:00,1336.40,1336.40,1336.30,1336.40,334
2026-09-30 10:22:00,1336.40,1336.40,1336.30,1336.40,456
2026-09-30 10:23:00,1336.40,1336.40,1336.30,1336.40,1041
2026-09-30 10:24:00,1336.40,1336.50,1336.30,1336.50,443
2026-09-30 10:25:00,1336.50,1339.40,1336.50,1339.30,3180
2026-09-30 10:26:00,1339.20,1339.40,1339.10,1339.40,626
2026-09-30 10:27:00,1339.30,1339.40,1339.30,1339.40,667
2026-09-30 10:28:00,1339.40,1339.50,1338.10,1338.10,2302
2026-09-30 10:29:00,1338.10,1339.10,1337.70,1338.70,3556
2026-09-30 10:30:00,1338.70,1339.00,1338.20,1338.60,935
2026-09-30 10:31:00,1338.60,1338.60,1336.90,1337.80,1051
2026-09-30 10:32:00,1338.00,1338.00,1337.20,1337.80,633
2026-09-30 10:33:00,1337.80,1337.90,1337.60,1337.80,399
2026-09-30 10:34:00,1337.60,1337.60,1336.60,1336.60,676
2026-09-30 10:35:00,1336.60,1336.60,1335.20,1335.20,1118
2026-09-30 10:36:00,1335.30,1335.30,1335.30,1335.30,324
2026-09-30 10:37:00,1335.30,1335.30,1334.50,1335.00,1311
2026-09-30 10:38:00,1335.00,1335.00,1334.50,1335.00,842
2026-09-30 10:39:00,1335.00,1335.00,1330.90,1331.20,5198
2026-09-30 10:40:00,1331.20,1331.20,1328.40,1329.10,2827
2026-09-30 10:41:00,1328.90,1329.80,1326.70,1327.40,6925
2026-09-30 10:42:00,1327.40,1328.90,1327.40,1328.80,2483
2026-09-30 10:43:00,1328.80,1328.80,1327.50,1327.50,1964
2026-09-30 10:44:00,1327.70,1327.70,1326.30,1326.80,2890
2026-09-30 10:45:00,1327.20,1327.40,1326.60,1327.40,1811
2026-09-30 10:46:00,1327.00,1327.70,1326.90,1327.50,1473
2026-09-30 10:47:00,1327.50,1327.50,1325.70,1326.60,1183
2026-09-30 10:48:00,1326.60,1327.40,1326.60,1326.60,770
2026-09-30 10:49:00,1326.60,1326.60,1325.70,1325.90,1383
2026-09-30 10:50:00,1325.60,1325.70,1324.30,1324.60,5028
2026-09-30 10:51:00,1325.00,1326.00,1324.60,1325.00,2696
2026-09-30 10:52:00,1325.50,1325.50,1325.00,1325.10,567
2026-09-30 10:53:00,1325.30,1326.60,1325.30,1326.50,938
2026-09-30 10:54:00,1326.50,1327.40,1326.50,1326.90,2270
2026-09-30 10:55:00,1326.50,1327.00,1326.20,1326.20,1231
2026-09-30 10:56:00,1326.30,1326.50,1325.30,1325.50,11493
2026-09-30 10:57:00,1325.50,1325.50,1324.10,1324.40,2276
2026-09-30 10:58:00,1324.30,1324.80,1323.70,1324.80,3290
2026-09-30 10:59:00,1324.80,1324.80,1324.60,1324.60,466
2026-09-30 11:00:00,1324.70,1324.70,1324.50,1324.50,859
2026-09-30 11:01:00,1324.80,1325.20,1324.70,1325.20,766
2026-09-30 11:02:00,1325.40,1326.00,1324.10,1324.60,6188
2026-09-30 11:03:00,1324.60,1324.70,1324.30,1324.50,2011
2026-09-30 11:04:00,1324.50,1324.80,1324.30,1324.80,435
2026-09-30 11:05:00,1324.80,1324.80,1324.10,1324.80,810
2026-09-30 11:06:00,1324.80,1324.80,1324.00,1324.50,2052
2026-09-30 11:07:00,1324.50,1324.50,1324.40,1324.40,296
2026-09-30 11:08:00,1324.50,1324.50,1324.40,1324.50,352
2026-09-30 11:09:00,1324.50,1324.50,1324.20,1324.30,708
2026-09-30 11:10:00,1324.30,1324.30,1323.20,1323.20,857
2026-09-30 11:11:00,1323.90,1323.90,1323.30,1323.90,1311
2026-09-30 11:12:00,1323.90,1323.90,1323.20,1323.80,1821
2026-09-30 11:13:00,1323.90,1323.90,1323.70,1323.70,324
2026-09-30 11:14:00,1323.70,1323.70,1323.00,1323.30,805
2026-09-30 11:15:00,1323.30,1323.30,1321.70,1322.10,2829
2026-09-30 11:16:00,1322.60,1322.60,1321.10,1321.50,2101
2026-09-30 11:17:00,1321.50,1321.60,1321.40,1321.40,543
2026-09-30 11:18:00,1321.40,1321.90,1321.30,1321.40,536
2026-09-30 11:19:00,1321.40,1321.80,1321.30,1321.80,1474
2026-09-30 11:20:00,1321.80,1321.80,1321.70,1321.80,236
2026-09-30 11:21:00,1321.80,1322.00,1321.80,1321.80,980
2026-09-30 11:22:00,1321.90,1321.90,1321.20,1321.20,986
2026-09-30 11:23:00,1321.50,1321.50,1320.50,1320.50,1665
2026-09-30 11:24:00,1321.00,1321.00,1320.50,1320.60,570
2026-09-30 11:25:00,1320.50,1320.50,1320.00,1320.10,1318
2026-09-30 11:26:00,1320.00,1320.10,1320.00,1320.10,554
2026-09-30 11:27:00,1320.20,1320.30,1320.00,1320.30,3041
2026-09-30 11:28:00,1320.30,1320.50,1320.30,1320.40,948
2026-09-30 11:29:00,1320.50,1320.50,1319.70,1320.00,1410
2026-09-30 11:30:00,1320.00,1320.40,1320.00,1320.20,933
2026-09-30 11:31:00,1320.40,1321.20,1320.00,1320.70,2067
2026-09-30 11:32:00,1320.70,1320.70,1319.60,1320.40,708
2026-09-30 11:33:00,1320.40,1320.40,1319.20,1319.80,773
2026-09-30 11:34:00,1319.80,1320.40,1319.70,1319.70,759
2026-09-30 11:35:00,1319.60,1320.50,1319.60,1320.40,459
2026-09-30 11:36:00,1320.40,1320.40,1320.30,1320.30,218
2026-09-30 11:37:00,1320.40,1320.40,1319.90,1320.10,794
2026-09-30 11:38:00,1320.10,1320.10,1319.90,1320.00,230
2026-09-30 11:39:00,1320.00,1320.00,1319.50,1319.50,527
2026-09-30 11:40:00,1319.70,1319.70,1319.50,1319.50,345
2026-09-30 11:41:00,1319.60,1319.60,1319.00,1319.00,659
2026-09-30 11:42:00,1319.40,1319.40,1318.90,1318.90,567
2026-09-30 11:43:00,1318.80,1319.00,1318.70,1319.00,1082
2026-09-30 11:44:00,1319.00,1319.00,1318.90,1319.00,227
2026-09-30 11:45:00,1319.00,1319.00,1318.90,1319.00,337
2026-09-30 11:46:00,1319.00,1319.60,1319.00,1319.60,2010
2026-09-30 11:47:00,1319.60,1320.00,1319.60,1319.80,1189
2026-09-30 11:48:00,1319.80,1319.80,1319.40,1319.50,649
2026-09-30 11:49:00,1319.50,1319.50,1319.40,1319.50,386
2026-09-30 11:50:00,1319.50,1319.50,1319.30,1319.50,1817
2026-09-30 11:51:00,1319.50,1320.30,1319.10,1320.30,2434
2026-09-30 11:52:00,1320.30,1320.60,1320.10,1320.20,1847
2026-09-30 11:53:00,1320.60,1320.80,1319.80,1320.00,3716
2026-09-30 11:54:00,1320.40,1320.40,1319.60,1319.70,1912
2026-09-30 11:55:00,1319.70,1320.00,1319.60,1319.60,685
2026-09-30 11:56:00,1320.00,1320.00,1319.40,1319.70,411
2026-09-30 11:57:00,1319.70,1319.70,1319.10,1319.30,465
2026-09-30 11:58:00,1319.50,1319.50,1318.40,1319.40,4946
2026-09-30 11:59:00,1319.50,1320.50,1319.30,1319.90,1871
2026-09-30 12:00:00,1320.00,1320.00,1319.90,1320.00,210
2026-09-30 12:01:00,1320.00,1320.40,1319.90,1320.40,1903
2026-09-30 12:02:00,1320.40,1320.40,1319.40,1320.00,1205
2026-09-30 12:03:00,1320.00,1321.00,1319.80,1320.30,1773
2026-09-30 12:04:00,1320.30,1320.30,1319.80,1319.90,193
2026-09-30 12:05:00,1319.90,1320.80,1319.90,1320.00,1167
2026-09-30 12:06:00,1320.00,1320.30,1319.90,1320.10,836
2026-09-30 12:07:00,1320.10,1320.20,1319.90,1320.00,966
2026-09-30 12:08:00,1320.10,1320.10,1319.80,1319.90,988
2026-09-30 12:09:00,1320.00,1320.30,1319.80,1320.30,2147
2026-09-30 12:10:00,1320.30,1320.30,1320.20,1320.30,133
2026-09-30 12:11:00,1320.30,1320.30,1319.20,1319.20,821
2026-09-30 12:12:00,1319.50,1319.50,1319.10,1319.10,1206
2026-09-30 12:13:00,1319.60,1319.60,1318.70,1319.00,1722
2026-09-30 12:14:00,1319.00,1319.00,1318.70,1318.80,1040
2026-09-30 12:15:00,1319.20,1319.60,1318.90,1319.30,2654
2026-09-30 12:16:00,1319.30,1319.30,1318.90,1319.20,389
2026-09-30 12:17:00,1319.30,1319.60,1319.10,1319.50,276
2026-09-30 12:18:00,1319.70,1319.70,1318.90,1319.30,663
2026-09-30 12:19:00,1319.30,1319.60,1319.00,1319.20,1427
2026-09-30 12:20:00,1319.30,1319.30,1319.20,1319.20,109
2026-09-30 12:21:00,1319.30,1320.20,1319.20,1320.20,1259
2026-09-30 12:22:00,1320.30,1320.70,1320.20,1320.60,8106
2026-09-30 12:23:00,1320.60,1320.60,1320.20,1320.40,242
2026-09-30 12:24:00,1320.40,1320.50,1320.30,1320.40,791
2026-09-30 12:25:00,1320.40,1320.50,1320.30,1320.40,274
2026-09-30 12:26:00,1320.40,1320.40,1320.40,1320.40,311
2026-09-30 12:27:00,1320.40,1320.40,1320.00,1320.10,1276
2026-09-30 12:28:00,1320.10,1320.50,1319.90,1320.40,1155
2026-09-30 12:29:00,1320.50,1320.50,1320.20,1320.30,437
2026-09-30 12:30:00,1320.40,1320.50,1320.30,1320.40,381
2026-09-30 12:31:00,1320.40,1320.50,1320.30,1320.30,1628
2026-09-30 12:32:00,1320.50,1320.50,1320.30,1320.40,259
2026-09-30 12:33:00,1320.40,1320.40,1320.30,1320.30,420
2026-09-30 12:34:00,1320.40,1320.40,1320.30,1320.40,290
2026-09-30 12:35:00,1320.40,1320.50,1320.30,1320.50,526
2026-09-30 12:36:00,1320.50,1320.50,1320.40,1320.50,428
2026-09-30 12:37:00,1320.50,1320.90,1320.50,1320.80,1783
2026-09-30 12:38:00,1320.80,1322.00,1320.80,1321.70,1842
2026-09-30 12:39:00,1321.70,1321.70,1321.70,1321.70,341
2026-09-30 12:40:00,1321.70,1321.80,1321.30,1321.70,1445
2026-09-30 12:41:00,1321.70,1321.70,1321.00,1321.20,760
2026-09-30 12:42:00,1320.80,1321.20,1320.60,1321.10,570
2026-09-30 12:43:00,1321.20,1321.20,1321.00,1321.20,385
2026-09-30 12:44:00,1321.20,1321.30,1321.00,1321.20,716
2026-09-30 12:45:00,1321.20,1321.20,1320.70,1320.80,328
2026-09-30 12:46:00,1320.80,1324.60,1320.80,1321.70,13615
2026-09-30 12:47:00,1321.90,1323.90,1321.30,1322.10,4075
2026-09-30 12:48:00,1322.70,1323.70,1322.60,1323.70,2367
2026-09-30 12:49:00,1323.50,1324.00,1322.80,1323.40,1444
2026-09-30 12:50:00,1323.40,1323.80,1323.40,1323.80,382
2026-09-30 12:51:00,1323.80,1324.10,1323.10,1324.10,931
2026-09-30 12:52:00,1324.20,1324.40,1323.70,1324.30,1518
2026-09-30 12:53:00,1324.40,1324.90,1324.20,1324.30,971
2026-09-30 12:54:00,1324.30,1324.30,1323.30,1323.50,262
2026-09-30 12:55:00,1323.50,1324.10,1323.50,1324.00,691
2026-09-30 12:56:00,1324.00,1324.00,1323.20,1323.50,758
2026-09-30 12:57:00,1322.80,1322.80,1321.20,1321.90,1958
2026-09-30 12:58:00,1321.90,1321.90,1321.50,1321.70,315
2026-09-30 12:59:00,1321.70,1321.90,1321.70,1321.90,541
2026-09-30 13:00:00,1321.90,1321.90,1321.80,1321.80,257
2026-09-30 13:01:00,1321.90,1322.40,1321.80,1322.00,1337
2026-09-30 13:02:00,1322.00,1322.00,1321.70,1321.80,395
2026-09-30 13:03:00,1321.90,1321.90,1321.20,1321.60,386
2026-09-30 13:04:00,1321.60,1321.60,1320.50,1320.70,619
2026-09-30 13:05:00,1320.70,1320.80,1320.50,1320.60,972
2026-09-30 13:06:00,1320.50,1320.60,1320.50,1320.60,438
2026-09-30 13:07:00,1320.60,1320.60,1320.50,1320.60,696
2026-09-30 13:08:00,1320.10,1320.60,1320.10,1320.50,251
2026-09-30 13:09:00,1320.60,1320.60,1320.20,1320.30,1186
2026-09-30 13:10:00,1320.30,1320.30,1320.20,1320.30,272
2026-09-30 13:11:00,1320.30,1320.30,1320.20,1320.30,400
2026-09-30 13:12:00,1320.20,1320.30,1320.20,1320.30,456
2026-09-30 13:13:00,1320.40,1320.40,1319.10,1320.40,4480
2026-09-30 13:14:00,1320.40,1320.70,1320.40,1320.60,1414
2026-09-30 13:15:00,1320.70,1320.80,1320.30,1320.80,3292
2026-09-30 13:16:00,1320.70,1320.80,1320.50,1320.70,1356
2026-09-30 13:17:00,1320.80,1320.80,1320.30,1320.40,1380
2026-09-30 13:18:00,1320.70,1320.70,1320.20,1320.50,1059
2026-09-30 13:19:00,1320.50,1320.70,1320.30,1320.60,1905
2026-09-30 13:20:00,1320.50,1320.60,1320.10,1320.50,1303
2026-09-30 13:21:00,1320.40,1321.00,1320.40,1321.00,1549
2026-09-30 13:22:00,1321.10,1321.20,1320.70,1320.70,751
2026-09-30 13:23:00,1321.10,1323.00,1320.90,1322.50,2063
2026-09-30 13:24:00,1322.60,1323.40,1322.50,1323.10,1268
2026-09-30 13:25:00,1323.10,1323.10,1322.30,1322.40,2684
2026-09-30 13:26:00,1322.20,1322.80,1322.20,1322.40,1587
2026-09-30 13:27:00,1322.80,1322.80,1322.40,1322.40,471
2026-09-30 13:28:00,1322.40,1322.70,1322.00,1322.00,1272
2026-09-30 13:29:00,1322.20,1322.20,1321.50,1321.90,2009
2026-09-30 13:30:00,1321.90,1321.90,1321.50,1321.50,316
2026-09-30 13:31:00,1321.60,1323.40,1321.50,1323.00,5244
2026-09-30 13:32:00,1323.00,1323.20,1322.10,1322.10,1232
2026-09-30 13:33:00,1322.30,1322.90,1322.30,1322.50,954
2026-09-30 13:34:00,1322.50,1322.70,1322.40,1322.40,580
2026-09-30 13:35:00,1322.70,1322.70,1322.40,1322.40,545
2026-09-30 13:36:00,1322.30,1322.40,1321.80,1321.80,1242
2026-09-30 13:37:00,1321.60,1321.80,1321.50,1321.50,932
2026-09-30 13:38:00,1321.80,1321.80,1320.80,1321.20,1797
2026-09-30 13:39:00,1321.40,1322.00,1320.70,1322.00,4149
2026-09-30 13:40:00,1322.70,1323.30,1322.20,1322.30,2004
2026-09-30 13:41:00,1322.40,1322.60,1322.30,1322.30,1861
2026-09-30 13:42:00,1322.60,1322.60,1322.10,1322.10,656
2026-09-30 13:43:00,1322.40,1322.40,1321.20,1321.20,2076
2026-09-30 13:44:00,1321.80,1321.80,1321.10,1321.20,1171
2026-09-30 13:45:00,1321.20,1321.40,1320.50,1321.40,2035
2026-09-30 13:46:00,1321.20,1321.50,1320.70,1320.70,1539
2026-09-30 13:47:00,1321.10,1321.10,1320.50,1320.60,2191
2026-09-30 13:48:00,1320.80,1321.50,1320.70,1321.50,1405
2026-09-30 13:49:00,1321.50,1321.50,1320.40,1320.40,1108
2026-09-30 13:50:00,1320.80,1321.20,1320.40,1321.10,1086
2026-09-30 13:51:00,1321.10,1322.40,1321.00,1322.00,1864
2026-09-30 13:52:00,1322.00,1322.30,1320.70,1320.90,2777
2026-09-30 13:53:00,1320.40,1321.10,1320.40,1320.60,1679
2026-09-30 13:54:00,1320.60,1321.30,1320.50,1321.00,1466
2026-09-30 13:55:00,1321.00,1321.40,1320.70,1321.40,2055
2026-09-30 13:56:00,1321.70,1322.00,1320.80,1321.10,2907
2026-09-30 13:57:00,1321.50,1321.90,1321.20,1321.90,1927
2026-09-30 13:58:00,1322.00,1322.00,1321.40,1321.40,1618
2026-09-30 13:59:00,1321.50,1321.50,1321.00,1321.00,873
2026-09-30 14:00:00,1320.90,1321.10,1320.20,1320.20,2203
2026-09-30 14:01:00,1320.30,1320.60,1320.20,1320.40,3216
2026-09-30 14:02:00,1320.40,1320.80,1320.10,1320.10,1530
2026-09-30 14:03:00,1320.20,1320.20,1320.00,1320.00,947
2026-09-30 14:04:00,1320.20,1320.80,1320.00,1320.50,3894
2026-09-30 14:05:00,1320.60,1321.80,1320.60,1321.50,3054
2026-09-30 14:06:00,1321.60,1321.80,1321.10,1321.20,2008
2026-09-30 14:07:00,1321.20,1321.20,1320.80,1320.80,771
2026-09-30 14:08:00,1320.70,1320.80,1320.20,1320.80,2606
2026-09-30 14:09:00,1320.70,1321.20,1320.40,1320.40,1642
2026-09-30 14:10:00,1320.50,1321.20,1320.50,1321.00,1018
2026-09-30 14:11:00,1321.00,1321.10,1320.90,1321.10,1884
2026-09-30 14:12:00,1321.10,1321.10,1320.60,1321.00,2366
2026-09-30 14:13:00,1321.10,1321.10,1320.80,1320.80,1055
2026-09-30 14:14:00,1320.90,1321.00,1320.40,1320.50,1658
2026-09-30 14:15:00,1320.50,1320.50,1320.10,1320.30,977
2026-09-30 14:16:00,1320.30,1320.30,1319.80,1320.30,4251
2026-09-30 14:17:00,1320.30,1320.50,1320.30,1320.50,860
2026-09-30 14:18:00,1320.50,1320.50,1320.40,1320.50,553
2026-09-30 14:19:00,1320.50,1320.60,1320.30,1320.60,2584
2026-09-30 14:20:00,1320.50,1320.50,1320.10,1320.40,1751
2026-09-30 14:21:00,1320.50,1320.50,1319.20,1319.20,3448
2026-09-30 14:22:00,1319.60,1319.60,1319.00,1319.10,3281
2026-09-30 14:23:00,1319.10,1319.10,1316.00,1316.50,5797
2026-09-30 14:24:00,1316.50,1316.50,1315.90,1316.00,10005
2026-09-30 14:25:00,1316.30,1316.30,1316.00,1316.30,1058
2026-09-30 14:26:00,1316.30,1316.30,1315.50,1315.70,3967
2026-09-30 14:27:00,1315.50,1316.00,1315.00,1316.00,6069
2026-09-30 14:28:00,1315.40,1315.50,1314.00,1314.90,7067
2026-09-30 14:29:00,1314.70,1315.60,1314.50,1315.50,6273
2026-09-30 14:30:00,1315.30,1315.50,1313.50,1314.40,4776
2026-09-30 14:31:00,1314.40,1315.20,1314.40,1315.20,2304
2026-09-30 14:32:00,1315.10,1315.50,1315.10,1315.30,3344
2026-09-30 14:33:00,1315.20,1315.90,1315.00,1315.40,4217
2026-09-30 14:34:00,1315.40,1315.60,1315.00,1315.50,2210
2026-09-30 14:35:00,1315.20,1315.50,1315.10,1315.10,2363
2026-09-30 14:36:00,1315.10,1315.80,1315.00,1315.60,3886
2026-09-30 14:37:00,1315.50,1315.70,1315.10,1315.30,2151
2026-09-30 14:38:00,1315.20,1315.20,1314.60,1314.80,4072
2026-09-30 14:39:00,1314.80,1315.30,1313.60,1315.30,3344
2026-09-30 14:40:00,1315.20,1315.20,1314.40,1314.60,2423
2026-09-30 14:41:00,1314.90,1314.90,1314.60,1314.70,1822
2026-09-30 14:42:00,1314.70,1314.70,1313.00,1313.00,4767
2026-09-30 14:43:00,1313.00,1314.30,1312.70,1314.10,8846
2026-09-30 14:44:00,1314.20,1314.20,1313.50,1313.60,2583
2026-09-30 14:45:00,1313.60,1314.60,1313.60,1314.50,3821
2026-09-30 14:46:00,1314.20,1315.30,1314.10,1314.90,7054
2026-09-30 14:47:00,1314.60,1316.30,1314.60,1316.30,3723
2026-09-30 14:48:00,1316.30,1317.30,1316.30,1317.10,6355
2026-09-30 14:49:00,1317.30,1317.30,1317.00,1317.20,2293
2026-09-30 14:50:00,1317.20,1317.30,1316.20,1316.60,9884
2026-09-30 14:51:00,1316.60,1316.60,1316.30,1316.40,3390
2026-09-30 14:52:00,1316.50,1316.60,1316.40,1316.60,3355
2026-09-30 14:53:00,1316.60,1316.60,1315.30,1315.30,11300
2026-09-30 14:54:00,1314.90,1315.80,1314.80,1315.70,19836
2026-09-30 14:55:00,1315.30,1315.30,1314.70,1315.00,14026
2026-09-30 14:56:00,1314.90,1315.70,1314.60,1315.40,13287
2026-09-30 14:57:00,1315.60,1316.20,1315.00,1316.10,18012
2026-09-30 14:58:00,1316.10,1316.10,1315.70,1315.70,12887
2026-09-30 14:59:00,1315.70,1316.80,1315.40,1316.60,13946
2026-09-30 15:00:00,1316.60,1316.60,1315.90,1315.90,15517
2026-09-30 15:01:00,1315.90,1316.30,1315.70,1315.90,11565
2026-09-30 15:02:00,1316.00,1316.30,1315.70,1315.80,13364
2026-09-30 15:03:00,1315.90,1315.90,1315.40,1315.40,12885
2026-09-30 15:04:00,1315.40,1315.40,1314.80,1315.10,17045
2026-09-30 15:05:00,1315.00,1315.10,1314.50,1314.50,23404
2026-09-30 15:06:00,1315.00,1315.40,1314.20,1315.40,20192
2026-09-30 15:07:00,1315.50,1315.50,1314.70,1314.90,16014
2026-09-30 15:08:00,1315.30,1315.50,1315.10,1315.10,13364
2026-09-30 15:09:00,1315.00,1315.30,1314.90,1314.90,17056
2026-09-30 15:10:00,1314.90,1316.40,1314.80,1315.90,28413
2026-09-30 15:11:00,1315.90,1316.10,1315.40,1316.00,21623
2026-09-30 15:12:00,1315.90,1316.10,1315.10,1316.00,20657
2026-09-30 15:13:00,1316.00,1316.00,1314.50,1315.80,21559
2026-09-30 15:14:00,1315.70,1316.30,1312.00,1314.30,17310
2026-09-30 15:15:00,1314.50,1314.50,1314.50,1314.50,138
2026-09-30 15:16:00,1314.50,1314.50,1314.50,1314.50,0
2026-09-30 15:17:00,1314.50,1314.50,1314.50,1314.50,0
2026-09-30 15:18:00,1314.50,1314.50,1314.50,1314.50,0
2026-09-30 15:19:00,1314.50,1314.50,1314.50,1314.50,0
2026-09-30 15:20:00,1314.50,1314.50,1314.50,1314.50,0
2026-09-30 15:21:00,1314.50,1314.50,1314.50,1314.50,0
2026-09-30 15:22:00,1314.50,1314.50,1314.50,1314.50,0
2026-09-30 15:23:00,1314.50,1314.50,1314.50,1314.50,0
2026-09-30 15:24:00,1314.50,1314.50,1314.50,1314.50,0
2026-09-30 15:25:00,1314.50,1314.50,1314.50,1314.50,0
2026-09-30 15:26:00,1314.50,1314.50,1314.50,1314.50,0
2026-09-30 15:27:00,1314.50,1314.50,1314.50,1314.50,0
2026-09-30 15:28:00,1314.50,1314.50,1310.00,1310.00,260562
2026-09-30 15:29:00,1310.00,1310.00,1310.00,1310.00,0
2026-10-01 09:15:00,1301.90,1310.10,1301.90,1307.90,19154
2026-10-01 09:16:00,1307.90,1315.80,1307.90,1314.60,11199
2026-10-01 09:17:00,1314.70,1320.00,1314.30,1314.30,10661
2026-10-01 09:18:00,1314.30,1315.20,1313.60,1313.60,7199
2026-10-01 09:19:00,1313.60,1314.30,1312.80,1312.90,5668
2026-10-01 09:20:00,1312.80,1313.30,1312.00,1312.20,3242
2026-10-01 09:21:00,1313.10,1313.10,1311.40,1311.40,3580
2026-10-01 09:22:00,1312.20,1312.30,1309.10,1309.80,7446
2026-10-01 09:23:00,1310.00,1310.00,1307.40,1307.50,3302
2026-10-01 09:24:00,1307.50,1308.10,1307.40,1307.40,6658
2026-10-01 09:25:00,1307.40,1309.50,1307.00,1309.50,7887
2026-10-01 09:26:00,1309.50,1310.60,1309.00,1310.60,5396
2026-10-01 09:27:00,1310.00,1311.50,1309.10,1310.00,6101
2026-10-01 09:28:00,1310.00,1310.00,1308.60,1310.00,5251
2026-10-01 09:29:00,1310.00,1310.50,1308.80,1308.80,4491
2026-10-01 09:30:00,1307.90,1310.00,1307.90,1309.60,7040
2026-10-01 09:31:00,1310.00,1310.00,1307.30,1307.40,6068
2026-10-01 09:32:00,1308.10,1309.30,1308.00,1308.00,3144
2026-10-01 09:33:00,1308.90,1310.00,1308.60,1309.80,2725
2026-10-01 09:34:00,1309.80,1309.80,1307.90,1308.20,2815
2026-10-01 09:35:00,1308.00,1308.10,1306.50,1306.50,1739
2026-10-01 09:36:00,1307.80,1307.80,1306.80,1306.90,2622
2026-10-01 09:37:00,1306.90,1308.00,1306.30,1307.50,4635
2026-10-01 09:38:00,1307.80,1308.00,1307.80,1307.90,2365
2026-10-01 09:39:00,1307.90,1309.70,1307.90,1309.00,12917
2026-10-01 09:40:00,1309.00,1309.00,1308.00,1308.00,3757
2026-10-01 09:41:00,1308.00,1310.50,1308.00,1309.80,20143
2026-10-01 09:42:00,1309.80,1309.90,1309.10,1309.80,9778
2026-10-01 09:43:00,1309.80,1309.80,1308.70,1308.70,3366
2026-10-01 09:44:00,1308.70,1310.30,1308.00,1310.30,11562
2026-10-01 09:45:00,1310.30,1311.80,1310.00,1311.30,10296
2026-10-01 09:46:00,1311.30,1311.70,1311.30,1311.70,1160
2026-10-01 09:47:00,1311.70,1314.50,1311.70,1314.20,2284
2026-10-01 09:48:00,1314.20,1314.50,1312.40,1313.00,647
2026-10-01 09:49:00,1312.90,1313.00,1312.40,1312.90,524
2026-10-01 09:50:00,1312.90,1313.80,1312.90,1313.80,1382
2026-10-01 09:51:00,1313.80,1314.60,1312.90,1313.40,4298
2026-10-01 09:52:00,1313.40,1313.40,1312.60,1312.90,399
2026-10-01 09:53:00,1312.90,1312.90,1311.90,1312.30,572
2026-10-01 09:54:00,1312.30,1312.30,1311.60,1312.00,751
2026-10-01 09:55:00,1312.00,1312.00,1311.60,1312.00,790
2026-10-01 09:56:00,1312.00,1313.00,1311.60,1313.00,4290
2026-10-01 09:57:00,1312.90,1313.20,1312.20,1312.60,422
2026-10-01 09:58:00,1312.60,1313.10,1312.60,1313.10,1223
2026-10-01 09:59:00,1313.10,1313.30,1313.00,1313.10,896
2026-10-01 10:00:00,1313.00,1313.20,1313.00,1313.20,685
2026-10-01 10:01:00,1313.20,1314.90,1313.20,1314.30,2611
2026-10-01 10:02:00,1314.90,1314.90,1313.90,1314.40,1137
2026-10-01 10:03:00,1314.40,1314.90,1314.40,1314.90,1320
2026-10-01 10:04:00,1314.90,1315.10,1314.30,1314.60,352
2026-10-01 10:05:00,1314.60,1315.20,1314.20,1315.20,1615
2026-10-01 10:06:00,1315.20,1315.60,1314.80,1315.50,1079
2026-10-01 10:07:00,1315.50,1315.80,1315.50,1315.60,1024
2026-10-01 10:08:00,1315.70,1315.80,1314.00,1314.40,1635
2026-10-01 10:09:00,1314.40,1314.40,1314.00,1314.40,857
2026-10-01 10:10:00,1314.40,1314.40,1313.60,1314.20,1068
2026-10-01 10:11:00,1314.30,1314.70,1312.90,1313.10,2243
2026-10-01 10:12:00,1313.10,1313.10,1311.70,1312.20,1006
2026-10-01 10:13:00,1312.20,1313.40,1311.60,1313.30,1444
2026-10-01 10:14:00,1312.60,1313.20,1311.80,1313.00,2656
2026-10-01 10:15:00,1313.00,1313.00,1311.60,1312.10,626
2026-10-01 10:16:00,1311.70,1312.40,1311.40,1312.40,1481
2026-10-01 10:17:00,1312.40,1312.50,1311.30,1312.50,1500
2026-10-01 10:18:00,1312.20,1313.80,1311.40,1311.90,2847
2026-10-01 10:19:00,1311.70,1311.70,1310.50,1311.20,1378
2026-10-01 10:20:00,1311.20,1311.20,1309.70,1310.60,2314
2026-10-01 10:21:00,1309.70,1311.10,1309.70,1311.10,2331
2026-10-01 10:22:00,1310.80,1310.90,1310.10,1310.70,1135
2026-10-01 10:23:00,1310.50,1311.20,1310.10,1310.40,1328
2026-10-01 10:24:00,1310.80,1310.80,1309.90,1309.90,1540
2026-10-01 10:25:00,1309.80,1309.80,1309.00,1309.50,1406
2026-10-01 10:26:00,1309.50,1309.50,1308.50,1309.20,1458
2026-10-01 10:27:00,1309.20,1309.70,1308.60,1309.00,3250
2026-10-01 10:28:00,1309.00,1309.00,1307.50,1308.70,1695
2026-10-01 10:29:00,1308.80,1309.20,1308.30,1309.10,1129
2026-10-01 10:30:00,1309.20,1309.90,1308.10,1309.30,4444
2026-10-01 10:31:00,1309.30,1311.00,1308.70,1310.60,2273
2026-10-01 10:32:00,1310.60,1310.60,1310.10,1310.50,1345
2026-10-01 10:33:00,1310.50,1310.50,1307.30,1308.30,5902
2026-10-01 10:34:00,1308.20,1308.20,1307.00,1307.10,1794
2026-10-01 10:35:00,1307.10,1307.10,1306.10,1306.30,3458
2026-10-01 10:36:00,1306.30,1306.90,1306.00,1306.00,2773
2026-10-01 10:37:00,1306.50,1308.30,1306.00,1307.90,3013
2026-10-01 10:38:00,1307.90,1307.90,1306.00,1306.60,3107
2026-10-01 10:39:00,1306.80,1307.40,1306.40,1307.40,2025
2026-10-01 10:40:00,1307.40,1307.40,1306.70,1307.30,1257
2026-10-01 10:41:00,1307.30,1308.20,1306.90,1307.90,1646
2026-10-01 10:42:00,1307.90,1307.90,1307.30,1307.90,1555
2026-10-01 10:43:00,1307.80,1308.50,1307.80,1308.50,2033
2026-10-01 10:44:00,1308.50,1308.50,1307.30,1308.50,8773
2026-10-01 10:45:00,1308.50,1308.60,1307.60,1308.10,5607
2026-10-01 10:46:00,1308.10,1308.90,1307.70,1308.80,1658
2026-10-01 10:47:00,1308.80,1308.80,1307.60,1307.60,2677
2026-10-01 10:48:00,1308.00,1308.00,1307.10,1307.80,1797
2026-10-01 10:49:00,1307.80,1307.90,1307.30,1307.40,2106
2026-10-01 10:50:00,1307.40,1307.50,1306.00,1307.50,6327
2026-10-01 10:51:00,1307.50,1310.50,1306.50,1310.50,6277
2026-10-01 10:52:00,1310.50,1310.50,1308.60,1309.30,3235
2026-10-01 10:53:00,1309.30,1309.30,1308.10,1309.20,1633
2026-10-01 10:54:00,1309.20,1310.50,1307.90,1310.50,2937
2026-10-01 10:55:00,1309.40,1310.80,1309.20,1310.40,2747
2026-10-01 10:56:00,1309.70,1311.80,1309.60,1311.80,2267
2026-10-01 10:57:00,1311.00,1311.00,1310.20,1310.90,21751
2026-10-01 10:58:00,1310.90,1312.00,1310.10,1311.30,32693
2026-10-01 10:59:00,1310.80,1312.00,1310.70,1311.50,1956
2026-10-01 11:00:00,1311.30,1314.90,1311.30,1314.10,14353
2026-10-01 11:01:00,1314.10,1315.90,1313.80,1315.20,3609
2026-10-01 11:02:00,1315.20,1315.40,1315.20,1315.20,1452
2026-10-01 11:03:00,1315.40,1317.00,1315.20,1315.70,9880
2026-10-01 11:04:00,1315.70,1316.00,1315.10,1315.50,7401
2026-10-01 11:05:00,1315.50,1315.50,1315.20,1315.50,918
2026-10-01 11:06:00,1315.50,1315.60,1315.20,1315.60,1259
2026-10-01 11:07:00,1315.60,1315.60,1315.20,1315.60,1685
2026-10-01 11:08:00,1315.80,1316.70,1315.80,1316.50,7560
2026-10-01 11:09:00,1316.50,1316.80,1316.00,1316.70,1948
2026-10-01 11:10:00,1316.70,1317.00,1316.10,1317.00,864
2026-10-01 11:11:00,1317.40,1318.10,1317.30,1317.30,2666
2026-10-01 11:12:00,1317.20,1318.00,1316.80,1318.00,3674
2026-10-01 11:13:00,1317.80,1318.10,1317.20,1318.10,1950
2026-10-01 11:14:00,1318.10,1318.10,1316.90,1317.00,4257
2026-10-01 11:15:00,1316.90,1318.40,1316.70,1317.30,8499
2026-10-01 11:16:00,1317.30,1320.50,1317.30,1319.10,11927
2026-10-01 11:17:00,1319.10,1320.60,1319.10,1320.40,1787
2026-10-01 11:18:00,1320.40,1320.90,1319.80,1320.30,2483
2026-10-01 11:19:00,1320.40,1320.40,1320.00,1320.40,1863
2026-10-01 11:20:00,1320.40,1320.40,1319.40,1319.70,2166
2026-10-01 11:21:00,1319.40,1319.70,1319.40,1319.50,1750
2026-10-01 11:22:00,1319.50,1319.50,1318.30,1318.40,2049
2026-10-01 11:23:00,1318.40,1318.60,1318.00,1318.60,2517
2026-10-01 11:24:00,1318.30,1319.30,1318.20,1319.20,1961
2026-10-01 11:25:00,1319.20,1319.40,1317.40,1317.90,4911
2026-10-01 11:26:00,1318.10,1318.80,1318.10,1318.50,2081
2026-10-01 11:27:00,1318.60,1318.70,1318.10,1318.70,1130
2026-10-01 11:28:00,1318.70,1319.20,1318.50,1319.20,1318
2026-10-01 11:29:00,1319.20,1319.80,1319.10,1319.40,1619
2026-10-01 11:30:00,1319.40,1319.40,1319.00,1319.40,1029
2026-10-01 11:31:00,1319.30,1319.30,1318.50,1319.00,1062
2026-10-01 11:32:00,1319.00,1319.00,1318.40,1318.90,1725
2026-10-01 11:33:00,1319.00,1319.00,1318.20,1318.30,3799
2026-10-01 11:34:00,1318.20,1319.00,1318.20,1319.00,1621
2026-10-01 11:35:00,1318.90,1318.90,1317.20,1317.20,2978
2026-10-01 11:36:00,1317.50,1320.00,1317.00,1320.00,4798
2026-10-01 11:37:00,1320.00,1320.00,1319.50,1319.90,1846
2026-10-01 11:38:00,1319.90,1320.50,1318.00,1320.50,9504
2026-10-01 11:39:00,1320.50,1320.70,1319.90,1320.70,4665
2026-10-01 11:40:00,1320.70,1320.70,1320.10,1320.30,517
2026-10-01 11:41:00,1320.30,1320.60,1320.10,1320.60,1724
2026-10-01 11:42:00,1320.60,1320.80,1320.00,1320.00,756
2026-10-01 11:43:00,1320.40,1320.40,1319.90,1320.00,315
2026-10-01 11:44:00,1320.00,1320.00,1319.40,1319.70,130
2026-10-01 11:45:00,1319.60,1320.40,1319.10,1319.10,5203
2026-10-01 11:46:00,1319.10,1319.60,1318.20,1319.10,2485
2026-10-01 11:47:00,1319.10,1319.20,1318.60,1319.00,433
2026-10-01 11:48:00,1318.70,1319.00,1318.70,1319.00,495
2026-10-01 11:49:00,1319.00,1319.00,1317.70,1318.20,938
2026-10-01 11:50:00,1318.20,1318.20,1317.70,1318.00,565
2026-10-01 11:51:00,1318.00,1318.00,1317.70,1318.00,948
2026-10-01 11:52:00,1318.00,1318.00,1317.50,1318.00,543
2026-10-01 11:53:00,1318.00,1318.00,1317.50,1317.80,382
2026-10-01 11:54:00,1317.80,1318.00,1317.50,1317.90,3300
2026-10-01 11:55:00,1317.90,1317.90,1317.70,1317.70,310
2026-10-01 11:56:00,1317.70,1318.00,1317.70,1318.00,1752
2026-10-01 11:57:00,1318.00,1318.20,1317.80,1318.10,915
2026-10-01 11:58:00,1318.10,1318.20,1317.40,1317.50,904
2026-10-01 11:59:00,1317.90,1319.20,1317.50,1319.10,1240
2026-10-01 12:00:00,1319.10,1319.40,1319.10,1319.30,1037
2026-10-01 12:01:00,1319.30,1319.40,1319.30,1319.30,604
2026-10-01 12:02:00,1319.40,1319.50,1318.90,1319.20,434
2026-10-01 12:03:00,1319.20,1319.20,1318.80,1319.20,1706
2026-10-01 12:04:00,1319.20,1319.20,1318.20,1318.50,1302
2026-10-01 12:05:00,1318.20,1318.20,1317.30,1317.70,861
2026-10-01 12:06:00,1317.70,1317.70,1317.30,1317.70,958
2026-10-01 12:07:00,1317.70,1317.70,1317.30,1317.60,1402
2026-10-01 12:08:00,1317.20,1317.60,1316.90,1316.90,668
2026-10-01 12:09:00,1317.20,1317.60,1316.60,1317.50,4139
2026-10-01 12:10:00,1317.50,1317.50,1316.60,1317.40,1959
2026-10-01 12:11:00,1317.40,1317.50,1317.00,1317.50,1077
2026-10-01 12:12:00,1317.50,1317.50,1317.00,1317.00,602
2026-10-01 12:13:00,1317.40,1318.70,1317.40,1318.30,4475
2026-10-01 12:14:00,1317.80,1318.30,1317.60,1318.00,1086
2026-10-01 12:15:00,1318.00,1318.00,1317.40,1317.40,484
2026-10-01 12:16:00,1317.40,1317.90,1317.10,1317.90,1973
2026-10-01 12:17:00,1317.90,1318.00,1317.00,1318.00,1091
2026-10-01 12:18:00,1318.00,1318.40,1317.00,1318.20,1170
2026-10-01 12:19:00,1318.50,1319.80,1317.60,1319.50,5186
2026-10-01 12:20:00,1319.70,1319.70,1319.20,1319.70,1415
2026-10-01 12:21:00,1319.80,1320.00,1318.50,1318.80,2303
2026-10-01 12:22:00,1318.30,1319.10,1318.10,1318.50,1826
2026-10-01 12:23:00,1318.40,1318.50,1317.20,1317.20,962
2026-10-01 12:24:00,1317.20,1317.60,1316.80,1317.60,2026
2026-10-01 12:25:00,1317.60,1317.60,1317.30,1317.50,401
2026-10-01 12:26:00,1317.50,1317.50,1316.80,1317.20,1171
2026-10-01 12:27:00,1317.20,1317.50,1317.00,1317.50,1546
2026-10-01 12:28:00,1317.50,1317.50,1317.00,1317.40,852
2026-10-01 12:29:00,1317.40,1317.60,1317.00,1317.40,800
2026-10-01 12:30:00,1317.40,1317.50,1317.00,1317.50,1601
2026-10-01 12:31:00,1317.50,1317.90,1317.20,1317.70,939
2026-10-01 12:32:00,1317.50,1317.70,1316.90,1317.30,813
2026-10-01 12:33:00,1317.00,1317.20,1316.80,1317.00,860
2026-10-01 12:34:00,1317.00,1317.10,1316.80,1317.00,2250
2026-10-01 12:35:00,1317.10,1317.30,1315.50,1315.70,2576
2026-10-01 12:36:00,1315.60,1315.60,1313.50,1313.90,3247
2026-10-01 12:37:00,1313.90,1314.30,1313.70,1313.80,779
2026-10-01 12:38:00,1313.80,1313.80,1313.30,1313.30,927
2026-10-01 12:39:00,1313.30,1314.90,1313.20,1314.90,5793
2026-10-01 12:40:00,1314.90,1315.30,1313.80,1314.90,2253
2026-10-01 12:41:00,1315.00,1315.00,1314.40,1314.80,780
2026-10-01 12:42:00,1314.90,1315.00,1314.30,1314.70,1115
2026-10-01 12:43:00,1314.80,1314.80,1313.70,1314.10,653
2026-10-01 12:44:00,1314.00,1314.00,1313.40,1313.90,3537
2026-10-01 12:45:00,1313.90,1314.00,1313.20,1313.80,3231
2026-10-01 12:46:00,1313.40,1313.60,1312.80,1313.50,1414
2026-10-01 12:47:00,1313.50,1313.50,1312.80,1313.00,1398
2026-10-01 12:48:00,1313.00,1313.30,1310.30,1310.90,5008
2026-10-01 12:49:00,1310.80,1311.40,1310.20,1310.50,2982
2026-10-01 12:50:00,1310.50,1310.60,1308.90,1309.00,2328
2026-10-01 12:51:00,1309.50,1309.70,1309.00,1309.40,1502
2026-10-01 12:52:00,1309.40,1309.60,1308.80,1309.00,792
2026-10-01 12:53:00,1309.00,1309.20,1308.30,1309.00,6079
2026-10-01 12:54:00,1309.00,1309.00,1308.40,1308.80,832
2026-10-01 12:55:00,1308.80,1308.80,1308.10,1308.70,543
2026-10-01 12:56:00,1308.70,1308.70,1307.90,1308.10,2469
2026-10-01 12:57:00,1308.00,1308.10,1307.60,1308.10,1459
2026-10-01 12:58:00,1308.10,1308.30,1306.50,1306.90,3513
2026-10-01 12:59:00,1306.90,1308.90,1306.90,1308.90,3477
2026-10-01 13:00:00,1308.60,1309.20,1307.40,1307.80,1817
2026-10-01 13:01:00,1308.50,1308.50,1307.70,1308.30,1730
2026-10-01 13:02:00,1308.30,1309.90,1308.20,1308.90,3815
2026-10-01 13:03:00,1308.90,1309.30,1308.50,1309.20,1455
2026-10-01 13:04:00,1309.20,1310.20,1308.70,1310.20,1619
2026-10-01 13:05:00,1309.70,1311.60,1309.60,1311.60,6400
2026-10-01 13:06:00,1311.50,1311.60,1310.60,1311.10,1345
2026-10-01 13:07:00,1311.00,1312.00,1310.80,1312.00,15776
2026-10-01 13:08:00,1312.00,1312.00,1311.30,1311.70,8499
2026-10-01 13:09:00,1311.70,1312.40,1311.30,1312.40,2280
2026-10-01 13:10:00,1312.70,1313.10,1312.70,1313.10,6403
2026-10-01 13:11:00,1313.10,1313.40,1312.50,1313.20,12574
2026-10-01 13:12:00,1313.20,1313.20,1312.60,1312.60,576
2026-10-01 13:13:00,1313.00,1313.00,1312.10,1312.60,1717
2026-10-01 13:14:00,1313.00,1313.80,1312.20,1313.70,12763
2026-10-01 13:15:00,1313.60,1313.60,1311.70,1311.90,3130
2026-10-01 13:16:00,1311.90,1311.90,1311.10,1311.40,3012
2026-10-01 13:17:00,1311.40,1312.80,1311.00,1312.60,4048
2026-10-01 13:18:00,1312.60,1315.10,1311.80,1314.70,7490
2026-10-01 13:19:00,1314.50,1315.20,1311.60,1314.00,15364
2026-10-01 13:20:00,1314.50,1314.50,1313.40,1313.70,1475
2026-10-01 13:21:00,1313.70,1314.00,1312.10,1312.10,27060
2026-10-01 13:22:00,1312.80,1312.80,1309.70,1310.30,31985
2026-10-01 13:23:00,1310.30,1310.30,1308.90,1309.40,3637
2026-10-01 13:24:00,1309.40,1309.40,1307.00,1307.30,3182
2026-10-01 13:25:00,1307.20,1307.30,1306.30,1306.30,2171
2026-10-01 13:26:00,1307.20,1307.20,1306.10,1306.80,2264
2026-10-01 13:27:00,1306.80,1306.90,1306.20,1306.50,4597
2026-10-01 13:28:00,1306.50,1307.40,1306.40,1306.90,15901
2026-10-01 13:29:00,1306.50,1306.90,1304.40,1305.90,30507
2026-10-01 13:30:00,1305.90,1306.00,1304.80,1305.90,3322
2026-10-01 13:31:00,1305.90,1307.50,1305.80,1306.20,6892
2026-10-01 13:32:00,1305.90,1306.10,1305.60,1306.10,790
2026-10-01 13:33:00,1306.20,1307.80,1305.80,1305.80,10862
2026-10-01 13:34:00,1305.80,1306.60,1305.60,1306.50,29768
2026-10-01 13:35:00,1306.50,1306.50,1304.20,1305.10,9200
2026-10-01 13:36:00,1304.60,1305.60,1304.60,1305.20,2766
2026-10-01 13:37:00,1304.60,1305.00,1304.00,1304.90,6055
2026-10-01 13:38:00,1304.90,1304.90,1304.20,1304.70,792
2026-10-01 13:39:00,1304.70,1304.80,1302.30,1302.80,7006
2026-10-01 13:40:00,1302.80,1303.60,1302.80,1303.00,3935
2026-10-01 13:41:00,1303.30,1303.30,1301.10,1301.70,8208
2026-10-01 13:42:00,1301.90,1301.90,1301.20,1301.20,3068
2026-10-01 13:43:00,1301.80,1301.80,1299.60,1300.10,9108
2026-10-01 13:44:00,1300.10,1300.50,1299.40,1300.50,3773
2026-10-01 13:45:00,1300.50,1301.10,1299.00,1299.50,3703
2026-10-01 13:46:00,1299.50,1301.50,1299.50,1301.30,1636
2026-10-01 13:47:00,1301.30,1301.30,1299.60,1299.60,4089
2026-10-01 13:48:00,1299.90,1301.30,1299.70,1301.30,1630
2026-10-01 13:49:00,1301.10,1301.10,1300.40,1301.10,1119
2026-10-01 13:50:00,1301.10,1301.10,1299.40,1300.40,2316
2026-10-01 13:51:00,1300.40,1301.50,1299.80,1301.00,3192
2026-10-01 13:52:00,1300.80,1300.80,1300.20,1300.50,1668
2026-10-01 13:53:00,1300.70,1300.90,1300.20,1300.40,4715
2026-10-01 13:54:00,1300.50,1300.80,1298.70,1299.70,5116
2026-10-01 13:55:00,1299.70,1300.00,1299.40,1299.70,1351
2026-10-01 13:56:00,1299.80,1300.80,1299.40,1299.70,6851
2026-10-01 13:57:00,1299.70,1299.70,1299.00,1299.00,1028
2026-10-01 13:58:00,1299.20,1299.60,1298.40,1299.20,4340
2026-10-01 13:59:00,1299.20,1299.20,1298.10,1298.40,1604
2026-10-01 14:00:00,1298.40,1298.40,1297.60,1297.80,2538
2026-10-01 14:01:00,1297.80,1298.40,1297.30,1298.30,2501
2026-10-01 14:02:00,1298.20,1298.20,1296.60,1296.70,1888
2026-10-01 14:03:00,1296.60,1296.80,1296.20,1296.60,8520
2026-10-01 14:04:00,1296.60,1296.80,1295.30,1295.50,2475
2026-10-01 14:05:00,1295.50,1295.90,1295.00,1295.50,12870
2026-10-01 14:06:00,1295.10,1296.70,1295.10,1296.50,9630
2026-10-01 14:07:00,1296.50,1297.60,1296.40,1297.50,2992
2026-10-01 14:08:00,1297.60,1297.70,1297.20,1297.70,4842
2026-10-01 14:09:00,1297.70,1298.60,1297.20,1298.00,6689
2026-10-01 14:10:00,1298.20,1298.50,1297.70,1298.50,1761
2026-10-01 14:11:00,1298.10,1299.50,1298.10,1299.00,1673
2026-10-01 14:12:00,1299.50,1299.50,1297.80,1298.30,4955
2026-10-01 14:13:00,1298.30,1300.30,1298.00,1300.10,7999
2026-10-01 14:14:00,1300.50,1301.60,1299.70,1299.70,38905
2026-10-01 14:15:00,1299.80,1301.40,1299.70,1300.80,24288
2026-10-01 14:16:00,1300.70,1301.20,1300.20,1300.70,916
2026-10-01 14:17:00,1301.10,1301.10,1300.60,1300.80,1034
2026-10-01 14:18:00,1300.80,1301.70,1300.80,1301.50,2140
2026-10-01 14:19:00,1301.50,1301.70,1301.10,1301.60,1258
2026-10-01 14:20:00,1301.60,1301.60,1300.00,1301.00,6766
2026-10-01 14:21:00,1301.00,1301.00,1300.00,1300.50,978
2026-10-01 14:22:00,1300.50,1300.60,1300.00,1300.50,965
2026-10-01 14:23:00,1300.10,1300.50,1300.00,1300.10,1288
2026-10-01 14:24:00,1300.10,1300.40,1298.20,1298.50,3906
2026-10-01 14:25:00,1298.50,1300.30,1298.20,1300.30,2412
2026-10-01 14:26:00,1300.00,1300.10,1299.50,1300.10,1256
2026-10-01 14:27:00,1300.10,1301.30,1300.00,1300.20,5655
2026-10-01 14:28:00,1300.00,1300.40,1299.70,1300.00,2037
2026-10-01 14:29:00,1300.00,1301.10,1299.90,1301.00,3207
2026-10-01 14:30:00,1301.30,1302.90,1300.80,1302.90,2668
2026-10-01 14:31:00,1302.20,1303.10,1302.20,1303.10,1564
2026-10-01 14:32:00,1303.10,1303.10,1301.60,1301.60,6998
2026-10-01 14:33:00,1301.70,1303.70,1301.40,1303.30,2872
2026-10-01 14:34:00,1303.90,1304.30,1303.70,1304.20,4084
2026-10-01 14:35:00,1304.00,1304.90,1302.70,1304.80,7460
2026-10-01 14:36:00,1304.80,1304.80,1304.10,1304.70,3210
2026-10-01 14:37:00,1304.70,1304.90,1304.20,1304.90,1661
2026-10-01 14:38:00,1304.90,1304.90,1303.80,1303.80,1557
2026-10-01 14:39:00,1304.00,1304.00,1302.10,1302.90,5017
2026-10-01 14:40:00,1303.00,1303.40,1302.60,1303.40,2107
2026-10-01 14:41:00,1303.40,1303.50,1303.00,1303.10,928
2026-10-01 14:42:00,1303.10,1305.20,1302.20,1304.40,7692
2026-10-01 14:43:00,1304.40,1304.70,1304.20,1304.50,2355
2026-10-01 14:44:00,1304.50,1304.50,1304.20,1304.30,1842
2026-10-01 14:45:00,1304.20,1304.40,1304.00,1304.20,5569
2026-10-01 14:46:00,1304.10,1304.10,1303.00,1303.90,3503
2026-10-01 14:47:00,1303.90,1304.90,1303.40,1304.20,10104
2026-10-01 14:48:00,1304.50,1304.50,1303.80,1304.30,3459
2026-10-01 14:49:00,1304.30,1304.30,1303.20,1303.80,748
2026-10-01 14:50:00,1303.30,1305.50,1303.30,1305.50,8763
2026-10-01 14:51:00,1305.50,1305.60,1304.40,1305.50,9535
2026-10-01 14:52:00,1305.50,1306.10,1305.40,1305.50,1581
2026-10-01 14:53:00,1305.40,1305.90,1305.00,1305.90,2326
2026-10-01 14:54:00,1305.90,1307.00,1305.40,1306.90,11648
2026-10-01 14:55:00,1307.00,1307.00,1305.10,1305.50,25846
2026-10-01 14:56:00,1305.10,1305.60,1305.10,1305.40,2477
2026-10-01 14:57:00,1305.40,1305.40,1303.00,1303.20,4421
2026-10-01 14:58:00,1303.20,1303.60,1302.80,1302.80,2501
2026-10-01 14:59:00,1302.40,1302.70,1302.20,1302.30,1936
2026-10-01 15:00:00,1302.50,1303.30,1300.70,1303.30,21940
2026-10-01 15:01:00,1303.10,1303.10,1302.80,1303.10,4034
2026-10-01 15:02:00,1302.40,1303.30,1302.40,1303.10,13565
2026-10-01 15:03:00,1303.10,1303.10,1303.00,1303.10,1841
2026-10-01 15:04:00,1303.10,1304.00,1302.90,1303.20,10756
2026-10-01 15:05:00,1303.20,1304.90,1303.10,1304.50,16168
2026-10-01 15:06:00,1304.40,1304.60,1304.40,1304.60,5969
2026-10-01 15:07:00,1304.50,1304.50,1304.20,1304.30,11817
2026-10-01 15:08:00,1304.30,1304.30,1304.00,1304.00,2773
2026-10-01 15:09:00,1303.90,1303.90,1303.10,1303.70,11940
2026-10-01 15:10:00,1303.80,1304.00,1303.40,1303.40,15297
2026-10-01 15:11:00,1303.50,1304.30,1303.50,1304.00,18647
2026-10-01 15:12:00,1304.00,1304.70,1304.00,1304.70,11848
2026-10-01 15:13:00,1304.70,1305.00,1304.10,1305.00,14139
2026-10-01 15:14:00,1304.90,1307.00,1304.60,1306.60,10138
2026-10-01 15:15:00,1309.10,1309.10,1309.10,1309.10,160
2026-10-01 15:16:00,1309.10,1309.10,1309.10,1309.10,0
2026-10-01 15:17:00,1309.10,1309.10,1309.10,1309.10,0
2026-10-01 15:18:00,1309.10,1309.10,1309.10,1309.10,0
2026-10-01 15:19:00,1309.10,1309.10,1309.10,1309.10,0
2026-10-01 15:20:00,1309.10,1309.10,1309.10,1309.10,0
2026-10-01 15:21:00,1309.10,1309.10,1309.10,1309.10,0
2026-10-01 15:22:00,1309.10,1309.10,1309.10,1309.10,0
2026-10-01 15:23:00,1309.10,1309.10,1309.10,1309.10,0
2026-10-01 15:24:00,1309.10,1309.10,1309.10,1309.10,0
2026-10-01 15:25:00,1309.10,1309.10,1309.10,1309.10,0
2026-10-01 15:26:00,1309.10,1309.10,1309.10,1309.10,0
2026-10-01 15:27:00,1309.10,1309.10,1309.10,1309.10,0
2026-10-01 15:28:00,1309.10,1309.10,1309.10,1309.10,0
2026-10-01 15:29:00,1309.10,1309.10,1307.70,1307.70,53007
2026-10-05 10:04:00,1306.5,1306.6,1306.2,1306.5,212957
2026-10-05 10:05:00,1306.5,1306.5,1305.6,1305.9,213141
2026-10-05 10:06:00,1305.9,1306.8,1305.9,1306.6,214876
2026-10-05 10:07:00,1306.4,1307,1306,1306.2,216318
2026-10-05 10:08:00,1306.2,1306.2,1305.4,1305.6,216593
2026-10-05 10:09:00,1305.6,1306.4,1305.6,1306.4,217581
2026-10-05 10:10:00,1306.4,1307,1306.4,1306.9,218506
2026-10-05 10:11:00,1306.9,1307,1306.5,1306.9,219776
2026-10-05 10:12:00,1306.9,1306.9,1306.5,1306.6,219818
2026-10-05 10:14:00,1307.1,1307.1,1307,1307.1,224269
2026-10-05 10:15:00,1307.1,1307.1,1306.2,1306.3,225546
2026-10-05 10:16:00,1306.2,1306.3,1305.6,1306.3,227264
2026-10-05 10:17:00,1306.3,1306.3,1305.7,1306.3,227415
2026-10-05 10:18:00,1306.3,1308,1305.8,1306.7,234536
2026-10-05 10:19:00,1306.7,1306.7,1306.7,1306.7,234590
2026-10-05 10:20:00,1306.7,1306.7,1306,1306,235560
2026-10-05 10:21:00,1306,1306.1,1304.2,1305.2,242890
2026-10-05 10:22:00,1305.2,1305.2,1301.7,1301.7,248944
2026-10-05 10:23:00,1301.7,1302.6,1301.3,1302.2,253371
2026-10-05 10:24:00,1302.2,1302.4,1300.3,1300.3,255071
2026-10-05 10:25:00,1300.3,1300.3,1299.2,1299.9,259711
2026-10-05 10:26:00,1299.6,1299.6,1296.8,1296.8,273364
2026-10-05 10:27:00,1296.8,1298.9,1296.8,1298.9,282452
2026-10-05 10:28:00,1298.9,1300.4,1298.9,1300,293274
2026-10-05 10:29:00,1300.1,1300.6,1300.1,1300.6,297558
2026-10-05 10:30:00,1300.6,1301.8,1300.2,1301.8,304551
2026-10-05 10:31:00,1301.7,1301.9,1301.3,1301.4,305349
2026-10-05 10:32:00,1301.4,1302,1301.4,1301.7,306868
2026-10-05 10:33:00,1301.9,1302.6,1300.7,1301.4,313387
2026-10-05 10:34:00,1301.4,1302.5,1301.3,1302.3,315784
2026-10-05 10:38:00,1301.3,1301.3,1300.4,1300.4,321287
2026-10-05 10:39:00,1300.4,1300.4,1299.2,1299.2,321947
2026-10-05 10:40:00,1299.2,1300.3,1299.1,1300.2,328829
2026-10-05 10:41:00,1300.1,1300.4,1300.1,1300.4,329229
2026-10-05 10:42:00,1300.4,1301.1,1300.3,1301,333198
2026-10-05 10:43:00,1301,1301.7,1300.8,1300.9,335026
2026-10-05 10:44:00,1300.9,1300.9,1300.5,1300.6,335623
2026-10-05 10:45:00,1300.6,1300.7,1300.2,1300.6,336278
2026-10-05 10:46:00,1300.6,1300.6,1300.1,1300.1,338356
2026-10-05 10:47:00,1300.1,1300.2,1300,1300.1,338509
2026-10-05 10:48:00,1300.1,1300.2,1299.6,1299.7,339732
2026-10-05 10:49:00,1299.7,1300.9,1299.6,1300,345834
2026-10-05 10:50:00,1299.8,1301.4,1299.7,1301.1,349568
2026-10-05 10:51:00,1301.1,1301.7,1301.1,1301.4,352028
2026-10-05 10:52:00,1301.4,1301.4,1300.5,1300.8,354259
2026-10-05 10:53:00,1300.8,1301.1,1300.6,1300.6,355533
2026-10-05 10:58:00,1303.4,1303.4,1303.2,1303.2,368599
2026-10-05 10:59:00,1303.2,1303.2,1300.9,1301,379922
2026-10-05 11:00:00,1301,1302.8,1300.9,1301.8,383836
2026-10-05 11:01:00,1301.8,1302.5,1301.5,1302.2,388458
2026-10-05 11:02:00,1302.2,1302.2,1302.2,1302.2,388519
2026-10-05 11:06:00,1301.7,1301.8,1301.5,1301.6,389802
2026-10-05 11:07:00,1301.6,1301.8,1301.5,1301.6,390561
2026-10-05 11:08:00,1301.7,1301.7,1300.5,1301,397919
2026-10-05 11:09:00,1301,1302,1300.9,1301,400712
2026-10-05 11:10:00,1301,1301.8,1300.9,1301.3,405468
2026-10-05 11:11:00,1301.3,1301.5,1300.7,1301.3,409363
2026-10-05 11:12:00,1301.3,1301.7,1301.3,1301.7,409921
2026-10-05 11:13:00,1301.7,1302,1301.7,1301.8,410784
2026-10-05 11:14:00,1301.8,1302.4,1301.4,1302.4,418816
2026-10-05 11:15:00,1302.4,1302.4,1301.6,1301.6,420251
2026-10-05 11:16:00,1301.6,1301.6,1300.5,1300.5,421421
2026-10-05 11:17:00,1300.5,1300.7,1300.2,1300.3,423658
2026-10-05 11:18:00,1300.3,1302,1300.3,1302,424463
2026-10-05 11:19:00,1301.8,1301.8,1301.1,1301.1,425504
2026-10-05 11:20:00,1301.1,1301.4,1300,1301,438575
2026-10-05 11:21:00,1301,1301.2,1300.2,1300.7,442691
2026-10-05 11:22:00,1300.7,1300.7,1299.6,1299.6,443931
2026-10-05 11:23:00,1299.6,1299.7,1299,1299.6,445036
2026-10-05 11:24:00,1299.6,1300.1,1299.4,1299.4,445859
2026-10-05 11:25:00,1299.4,1299.9,1299,1299.9,446297
2026-10-05 11:40:00,1299.9,1300.1,1299.5,1300.1,649301
2026-10-05 11:41:00,1300.2,1302.3,1299.9,1300.7,659303
2026-10-05 11:42:00,1300.7,1302.1,1300.2,1302.1,667923
2026-10-05 11:43:00,1301.5,1301.9,1301.4,1301.6,668853
2026-10-05 11:44:00,1301.7,1302.1,1298.8,1298.8,686357
2026-10-05 11:45:00,1299.9,1301,1299,1301,698573
2026-10-05 11:46:00,1301.2,1301.2,1300.8,1300.8,700711
2026-10-05 11:47:00,1300.9,1300.9,1298.6,1298.7,724591
2026-10-05 11:48:00,1298.8,1299,1298.7,1299,726409
2026-10-05 11:49:00,1298.8,1299,1298.4,1298.8,730332
2026-10-05 11:50:00,1298.8,1298.9,1297.8,1298,739656
2026-10-05 11:51:00,1298.1,1298.7,1298.1,1298.5,742190
2026-10-05 11:52:00,1298.4,1299.6,1298.4,1299.2,752185
2026-10-05 11:53:00,1299.3,1299.6,1299.2,1299.6,752843
2026-10-05 11:54:00,1299.9,1299.9,1298.7,1298.7,761861
2026-10-05 12:07:00,1298.5,1298.5,1298,1298.1,811798
2026-10-05 12:08:00,1298.1,1298.1,1297.5,1297.9,815133
2026-10-05 12:09:00,1297.9,1298.8,1297.5,1298.1,817337
2026-10-05 12:10:00,1298.1,1298.7,1298,1298.1,817955
2026-10-05 12:11:00,1298.5,1298.5,1298.4,1298.5,818650
2026-10-05 12:12:00,1298.5,1300.2,1297.2,1299.5,879383
2026-10-05 12:13:00,1300,1301,1299.5,1300.8,881221
2026-10-05 12:14:00,1300.8,1304.3,1300.3,1302.7,887975
2026-10-05 12:15:00,1302.7,1303.5,1302.3,1302.5,891671
2026-10-05 12:16:00,1303,1303,1302.5,1303,891685
2026-10-05 12:20:00,1305.3,1305.8,1304.9,1305.2,902461
2026-10-05 12:21:00,1305.2,1305.2,1302.4,1303.2,919921
2026-10-05 12:22:00,1303.3,1304.1,1302.7,1303.1,922603
2026-10-05 12:23:00,1303.1,1303.1,1302.1,1302.1,924555
2026-10-05 12:24:00,1302.1,1302.6,1302.1,1302.6,924794
2026-10-05 12:29:00,1300,1300.9,1299.8,1300.3,1001483
2026-10-05 12:30:00,1300.4,1300.4,1299.7,1300,1007097
2026-10-05 12:31:00,1300.3,1300.3,1299.1,1299.5,1007597
2026-10-05 12:39:00,1298,1298,1297.7,1297.8,1028408
2026-10-05 12:40:00,1297.8,1298.3,1297.1,1297.5,1030317
2026-10-05 12:41:00,1297.5,1297.8,1297.4,1297.6,1030610
2026-10-05 12:42:00,1297.6,1298.1,1297.5,1298.1,1032403
2026-10-05 12:43:00,1298.1,1298.5,1298.1,1298.4,1035888
2026-10-05 12:44:00,1298.4,1298.4,1298.1,1298.2,1036289
2026-10-05 12:45:00,1298.2,1298.8,1298,1298.5,1037868
2026-10-05 12:46:00,1298.5,1298.5,1298.4,1298.5,1045036
2026-10-05 12:47:00,1298.5,1298.8,1298.4,1298.7,1046504
2026-10-05 12:48:00,1298.8,1299,1298.2,1298.2,1048358
2026-10-05 12:49:00,1298.2,1298.8,1298,1298.7,1058297
2026-10-05 12:50:00,1298.7,1299,1298.4,1298.9,1065166
2026-10-05 12:51:00,1298.9,1300.5,1298.7,1299.9,1101547
2026-10-05 12:59:00,1298.7,1299,1298.6,1299,1131379
2026-10-05 13:00:00,1299,1299.3,1296.8,1297,1139109
2026-10-05 13:01:00,1297.4,1297.4,1296.9,1296.9,1139392
2026-10-05 13:12:00,1297.8,1298,1297,1297,1168507
2026-10-05 13:13:00,1297,1298.3,1297,1297.6,1170830
2026-10-05 13:14:00,1297.6,1297.6,1297.3,1297.5,1171265
2026-10-05 13:15:00,1297.6,1298.3,1297.2,1297.3,1176244
2026-10-05 13:16:00,1297.3,1298.3,1297.2,1297.7,1181583
2026-10-05 13:17:00,1297.7,1298,1297.5,1297.6,1182479
2026-10-05 13:18:00,1297.6,1297.9,1297.4,1297.5,1183930
2026-10-05 13:19:00,1297.5,1298.3,1297.5,1298.3,1186157
2026-10-05 13:20:00,1298.1,1298.3,1298,1298,1186736
2026-10-05 13:22:00,1298.1,1298.5,1297.9,1298,1190434
2026-10-05 13:23:00,1298,1298.3,1297.5,1298.3,1193297
2026-10-05 13:24:00,1298.3,1298.3,1297.7,1297.7,1193954
2026-10-05 13:25:00,1297.7,1298.1,1297.4,1297.5,1196244
2026-10-05 13:26:00,1297.5,1297.6,1297.1,1297.5,1196978
2026-10-05 13:27:00,1297.1,1297.2,1296.6,1296.9,1198369
2026-10-05 13:28:00,1296.9,1297,1296.6,1296.8,1199210
2026-10-05 13:29:00,1296.8,1297.4,1296.8,1297.3,1200861
2026-10-05 13:30:00,1297.3,1297.3,1297,1297,1202221
2026-10-05 13:31:00,1297,1297.2,1297,1297.2,1203182
2026-10-05 13:47:00,1298.6,1298.8,1298.2,1298.2,1268187
2026-10-05 13:48:00,1298.5,1298.8,1298,1298.1,1269622
2026-10-05 13:49:00,1298,1298.4,1298,1298,1271274
2026-10-05 13:50:00,1298,1298,1297.2,1297.8,1273101
2026-10-05 13:51:00,1297.8,1298.2,1297.7,1297.7,1274265
2026-10-05 15:13:00,1298.3,1298.7,1297.4,1297.4,1617990
2026-10-05 15:14:00,1297.4,1299,1297.2,1298.9,1625205
2026-10-05 15:15:00,1298.9,1298.9,1298.9,1298.9,1625208
2026-10-05 15:16:00,1298.9,1298.9,1298.9,1298.9,1625208
2026-10-05 15:17:00,1298.9,1298.9,1298.9,1298.9,1625208
2026-10-05 15:18:00,1298.9,1298.9,1298.9,1298.9,1625208
2026-10-05 15:19:00,1298.9,1298.9,1298.9,1298.9,1625208
2026-10-05 15:20:00,1298.9,1298.9,1298.9,1298.9,1625208
2026-10-05 15:27:00,1298.9,1298.9,1298.9,1298.9,1625208
2026-10-05 15:28:00,1298.9,1298.9,1298.9,1298.9,1625208
2026-10-05 15:29:00,1298.9,1298.9,1298.9,1298.9,1625208
2026-10-05 15:31:00,1297.1,1297.1,1297.1,1297.1,1675704
2026-10-05 15:32:00,1297.1,1297.1,1297.1,1297.1,1675704
2026-10-05 15:33:00,1297.1,1297.1,1297.1,1297.1,1675704
2026-10-05 15:34:00,1297.1,1297.1,1297.1,1297.1,1675704
2026-10-05 15:36:00,1297.1,1297.1,1297.1,1297.1,1675704
2026-10-05 15:37:00,1297.1,1297.1,1297.1,1297.1,1675704
2026-10-05 15:38:00,1297.1,1297.1,1297.1,1297.1,1675704
2026-10-05 15:39:00,1297.1,1297.1,1297.1,1297.1,1675704
2026-10-05 15:40:00,1297.1,1297.1,1297.1,1297.1,1675704
2026-10-05 15:41:00,1297.1,1297.1,1297.1,1297.1,1675704
2026-10-05 15:42:00,1297.1,1297.1,1297.1,1297.1,1675704
2026-10-05 15:43:00,1297.1,1297.1,1297.1,1297.1,1675704
2026-10-05 15:48:00,1297.1,1297.1,1297.1,1297.1,1675704
2026-10-05 15:49:00,1297.1,1297.1,1297.1,1297.1,1675704
2026-10-05 15:50:00,1297.1,1297.1,1297.1,1297.1,1676069
2026-10-05 15:51:00,1297.1,1297.1,1297.1,1297.1,1676117
2026-10-05 15:52:00,1297.1,1297.1,1297.1,1297.1,1676117
2026-10-05 15:53:00,1297.1,1297.1,1297.1,1297.1,1676117
2026-10-05 15:54:00,1297.1,1297.1,1297.1,1297.1,1676117
2026-10-05 15:55:00,1297.1,1297.1,1297.1,1297.1,1676136
2026-10-05 15:56:00,1297.1,1297.1,1297.1,1297.1,1676136
2026-10-05 15:57:00,1297.1,1297.1,1297.1,1297.1,1676136
2026-10-05 15:58:00,1297.1,1297.1,1297.1,1297.1,1676136
2026-10-05 15:59:00,1297.1,1297.1,1297.1,1297.1,1676136
2026-10-05 16:00:00,1297.1,1297.1,1297.1,1297.1,1676136
2026-10-05 16:01:00,1297.1,1297.1,1297.1,1297.1,1676136
2026-10-05 16:02:00,1297.1,1297.1,1297.1,1297.1,1676136
2026-10-05 16:03:00,1297.1,1297.1,1297.1,1297.1,1676136
2026-10-05 16:04:00,1297.1,1297.1,1297.1,1297.1,1676136
2026-10-05 16:05:00,1297.1,1297.1,1297.1,1297.1,1676136
2026-10-05 16:06:00,1297.1,1297.1,1297.1,1297.1,1676136
2026-10-05 16:07:00,1297.1,1297.1,1297.1,1297.1,1676136
2026-10-05 16:08:00,1297.1,1297.1,1297.1,1297.1,1676136
2026-10-05 16:09:00,1297.1,1297.1,1297.1,1297.1,1676136
2026-10-05 16:10:00,1297.1,1297.1,1297.1,1297.1,1676136
2026-10-05 16:11:00,1297.1,1297.1,1297.1,1297.1,1676136
2026-10-05 16:12:00,1297.1,1297.1,1297.1,1297.1,1676136
2026-10-05 16:13:00,1297.1,1297.1,1297.1,1297.1,1676136
2026-10-05 16:14:00,1297.1,1297.1,1297.1,1297.1,1676136
2026-10-05 16:15:00,1297.1,1297.1,1297.1,1297.1,1676136
2026-10-05 16:16:00,1297.1,1297.1,1297.1,1297.1,1676136
2026-10-05 16:17:00,1297.1,1297.1,1297.1,1297.1,1676136
2026-10-05 16:18:00,1297.1,1297.1,1297.1,1297.1,1676136
2026-10-05 16:19:00,1297.1,1297.1,1297.1,1297.1,1676136
2026-10-05 16:35:00,1297.1,1297.1,1297.1,1297.1,1676136
2026-10-05 16:36:00,1297.1,1297.1,1297.1,1297.1,1676136
2026-10-05 16:37:00,1297.1,1297.1,1297.1,1297.1,1676136
2026-10-05 16:38:00,1297.1,1297.1,1297.1,1297.1,1676136
2026-10-05 16:39:00,1297.1,1297.1,1297.1,1297.1,1676136
2026-10-05 16:40:00,1297.1,1297.1,1297.1,1297.1,1676136
2026-10-05 16:41:00,1297.1,1297.1,1297.1,1297.1,1676136
2026-10-05 16:42:00,1297.1,1297.1,1297.1,1297.1,1676136
2026-10-05 16:43:00,1297.1,1297.1,1297.1,1297.1,1676136
2026-10-05 16:44:00,1297.1,1297.1,1297.1,1297.1,1676136
2026-10-05 16:45:00,1297.1,1297.1,1297.1,1297.1,1676136
2026-10-05 16:46:00,1297.1,1297.1,1297.1,1297.1,1676136
2026-10-05 16:47:00,1297.1,1297.1,1297.1,1297.1,1676136
2026-10-05 16:48:00,1297.1,1297.1,1297.1,1297.1,1676136
2026-10-05 16:49:00,1297.1,1297.1,1297.1,1297.1,1676136
2026-10-05 16:50:00,1297.1,1297.1,1297.1,1297.1,1676136
2026-10-05 16:51:00,1297.1,1297.1,1297.1,1297.1,1676136
2026-10-05 16:52:00,1297.1,1297.1,1297.1,1297.1,1676136
2026-10-05 17:19:00,1297.1,1297.1,1297.1,1297.1,1676136
2026-10-05 17:20:00,1297.1,1297.1,1297.1,1297.1,1676136
2026-10-05 17:21:00,1297.1,1297.1,1297.1,1297.1,1676136
2026-10-05 17:22:00,1297.1,1297.1,1297.1,1297.1,1676136
2026-10-05 17:23:00,1297.1,1297.1,1297.1,1297.1,1676136
2026-10-05 17:24:00,1297.1,1297.1,1297.1,1297.1,1676136
2026-10-05 17:25:00,1297.1,1297.1,1297.1,1297.1,1676136
2026-10-05 17:26:00,1297.1,1297.1,1297.1,1297.1,1676136
2026-10-05 17:27:00,1297.1,1297.1,1297.1,1297.1,1676136
2026-10-05 17:28:00,1297.1,1297.1,1297.1,1297.1,1676136
2026-10-05 17:29:00,1297.1,1297.1,1297.1,1297.1,1676136
2026-10-05 17:30:00,1297.1,1297.1,1297.1,1297.1,1676136
2026-10-05 17:31:00,1297.1,1297.1,1297.1,1297.1,1676136
2026-10-05 17:32:00,1297.1,1297.1,1297.1,1297.1,1676136
2026-10-05 17:33:00,1297.1,1297.1,1297.1,1297.1,1676136
2026-10-05 17:48:00,1297.1,1297.1,1297.1,1297.1,1676136
2026-10-05 17:49:00,1297.1,1297.1,1297.1,1297.1,1676136
2026-10-05 17:50:00,1297.1,1297.1,1297.1,1297.1,1676136
2026-10-05 17:51:00,1297.1,1297.1,1297.1,1297.1,1676136
2026-10-05 17:52:00,1297.1,1297.1,1297.1,1297.1,1676136
2026-10-06 09:05:00,1297.1,1297.1,1297.1,1297.1,7
2026-10-06 09:06:00,1297.1,1297.1,1297.1,1297.1,25
2026-10-06 09:07:00,1297.1,1297.1,1297.1,1297.1,29
2026-10-06 09:08:00,1297.1,1303.6,1297.1,1303.6,1167
2026-10-06 09:09:00,1303.6,1303.6,1303.6,1303.6,1167
2026-10-06 09:10:00,1303.6,1303.6,1303.6,1303.6,1167
2026-10-06 09:11:00,1303.6,1303.6,1303.6,1303.6,1167
2026-10-06 09:12:00,1303.6,1303.6,1303.6,1303.6,1167
2026-10-06 09:13:00,1303.6,1303.6,1303.6,1303.6,1167
2026-10-06 09:14:00,1303.6,1303.6,1300.8,1300.8,1167
2026-10-06 09:15:00,1300,1302.2,1297.6,1297.6,15646
2026-10-06 09:16:00,1295.9,1297,1295.7,1296.5,20320
2026-10-06 09:17:00,1296.5,1297.9,1295.2,1296,22465
2026-10-06 09:18:00,1296,1297.8,1295.5,1297.4,24409
2026-10-06 09:19:00,1297.4,1299.8,1297.4,1299.7,25659
2026-10-06 09:21:00,1299.2,1300,1299.2,1300,33079
2026-10-06 09:22:00,1300,1304.9,1299.8,1303,39821
2026-10-06 09:23:00,1303,1303.6,1302,1302,41863
2026-10-06 09:24:00,1302,1302.6,1302,1302.6,41878
2026-10-06 09:29:00,1302.3,1302.3,1301.5,1302.2,50905
2026-10-06 09:30:00,1302.2,1302.2,1301,1301.3,51899
2026-10-06 09:31:00,1301.3,1301.7,1300.2,1300.2,52915
2026-10-06 09:32:00,1300,1300.7,1299.5,1299.8,54297
2026-10-06 09:55:00,1295.9,1296.8,1295.9,1296.7,74682
2026-10-06 09:56:00,1296.7,1297.3,1296.6,1297.2,75025
2026-10-06 09:57:00,1297.2,1297.6,1296.7,1297.2,75966
2026-10-06 09:58:00,1297,1297.2,1296.7,1296.7,76155
2026-10-06 09:59:00,1296.7,1298,1296.7,1297.9,76679
2026-10-06 10:00:00,1297.9,1298.8,1297.8,1297.8,77367
2026-10-06 10:01:00,1297.8,1297.9,1297.2,1297.9,77990
2026-10-06 10:02:00,1297.9,1298,1297,1297.1,79952
2026-10-06 10:03:00,1297.1,1297.1,1296.2,1296.2,80777
2026-10-06 10:04:00,1295.6,1295.9,1295.2,1295.6,83034
2026-10-06 10:05:00,1295.6,1297.5,1295.6,1296.5,84646
2026-10-06 10:06:00,1296.5,1298.2,1296.3,1297.6,85067
2026-10-06 10:07:00,1297.6,1298.4,1296.7,1296.7,86718
2026-10-06 10:08:00,1296.7,1297.1,1296.7,1296.9,86922
2026-10-06 10:09:00,1297,1297,1296.5,1296.5,87442
2026-10-06 10:10:00,1296.5,1296.5,1295.5,1295.5,88090
2026-10-06 10:11:00,1295.5,1295.8,1295,1295.4,88509
2026-10-06 10:17:00,1295.4,1296.2,1295.4,1295.8,98564
2026-10-06 10:18:00,1295.8,1295.8,1295.3,1295.4,98912
2026-10-06 10:19:00,1295.4,1295.8,1295.4,1295.6,99041
2026-10-06 10:25:00,1296.9,1296.9,1296.7,1296.9,102420
2026-10-06 10:26:00,1296.9,1297.7,1296.8,1297.1,103634
2026-10-06 10:27:00,1297.1,1298.5,1296.9,1298.5,105363
2026-10-06 10:28:00,1298.5,1298.5,1297.9,1298.2,105458
2026-10-06 10:29:00,1298.4,1301,1297.6,1300.5,108486
2026-10-06 10:30:00,1300.5,1300.5,1299.8,1300,108946
2026-10-06 10:31:00,1300,1301.5,1300,1301.5,109730
2026-10-06 10:32:00,1301.4,1301.5,1300,1300.4,111358
2026-10-06 10:33:00,1300,1300.2,1299.6,1300,111746
2026-10-06 10:34:00,1300,1300.1,1299.1,1299.3,112183
2026-10-06 10:35:00,1299.3,1300.8,1298.6,1299.4,115743
2026-10-06 10:36:00,1299.4,1299.5,1299,1299.3,116228
2026-10-06 10:37:00,1299.5,1299.5,1298.1,1298.4,117021
2026-10-06 10:38:00,1298.5,1299.3,1298.3,1298.8,117569
2026-10-06 10:39:00,1298.9,1299,1298.3,1299,117831
2026-10-06 10:40:00,1299,1299,1298.7,1299,117880
2026-10-06 10:41:00,1299,1299.2,1298.7,1299.2,118136
2026-10-06 10:42:00,1299.2,1299.2,1299,1299,118270
2026-10-06 10:43:00,1299,1299.2,1298.3,1298.3,118585
2026-10-06 10:44:00,1298.3,1299.6,1298.2,1299,119853
2026-10-06 10:45:00,1299,1299.6,1299,1299.6,119992
2026-10-06 10:46:00,1299.6,1299.6,1299.4,1299.6,120329
2026-10-06 10:47:00,1299.6,1299.6,1299,1299.3,121950
2026-10-06 10:48:00,1299.3,1299.4,1298.8,1298.8,122132
2026-10-06 10:49:00,1298.8,1299.5,1298.8,1299.5,122986
2026-10-06 10:50:00,1299.5,1299.5,1298.2,1299.1,123648
2026-10-06 10:51:00,1299.1,1299.7,1298,1298.9,125283
2026-10-06 10:52:00,1298.9,1300.2,1298.8,1300.2,126047
2026-10-06 10:53:00,1300.2,1300.2,1298.8,1298.8,126563
2026-10-06 10:54:00,1299.3,1299.3,1298.2,1298.2,126768
2026-10-06 10:55:00,1298.2,1298.5,1297.7,1298.2,126955
2026-10-06 10:56:00,1298.2,1298.7,1297.9,1298.4,127342
2026-10-06 10:57:00,1298.4,1298.4,1297.6,1297.9,127553
2026-10-06 10:58:00,1297.9,1298.2,1297.7,1298,127846
2026-10-06 10:59:00,1298,1299,1298,1299,128381
2026-10-06 11:00:00,1299,1299.8,1297.8,1297.8,131551
2026-10-06 11:01:00,1297.8,1298.6,1297.2,1297.6,134002
2026-10-06 11:02:00,1297.2,1297.6,1296.8,1296.8,134376
2026-10-06 11:03:00,1296.8,1296.8,1296.3,1296.3,135160
2026-10-06 11:04:00,1296.3,1296.8,1296,1296,137522
2026-10-06 11:05:00,1296,1296.6,1295.9,1296.6,138462
2026-10-06 11:06:00,1296.6,1298.7,1296.6,1297.1,140095
2026-10-06 11:07:00,1297.1,1297.1,1296.2,1296.4,140542
2026-10-06 11:08:00,1296.4,1296.4,1296.2,1296.4,140855
2026-10-06 11:09:00,1296.4,1297.3,1296.4,1297.3,141260
2026-10-06 11:10:00,1297.3,1297.3,1297,1297.2,141985
2026-10-06 11:11:00,1297.2,1297.2,1296.9,1297,142217
2026-10-06 11:12:00,1297,1297,1296.4,1296.7,142407
2026-10-06 11:13:00,1296.7,1298.5,1296.3,1297.9,144695
2026-10-06 11:14:00,1297.9,1298.2,1297.3,1297.8,145822
2026-10-06 11:15:00,1297.8,1298.5,1297.8,1298.5,146681
2026-10-06 11:16:00,1298.5,1298.5,1297.9,1298.1,147142
2026-10-06 11:17:00,1298.1,1298.9,1298.1,1298.5,147567
2026-10-06 11:18:00,1298.5,1299.4,1298.5,1299.2,148491
2026-10-06 11:19:00,1299.3,1299.6,1298.4,1298.6,149667
2026-10-06 11:20:00,1298.6,1298.9,1298.4,1298.5,150554
2026-10-06 11:21:00,1298.4,1298.7,1298,1298.1,151275
2026-10-06 11:22:00,1297.7,1297.7,1296.9,1297.3,152351
2026-10-06 11:23:00,1297.3,1297.3,1296.6,1296.7,152741
2026-10-06 11:24:00,1296.7,1298,1296.7,1297.6,153859
2026-10-06 11:25:00,1297.6,1298,1297.3,1297.4,154066
2026-10-06 11:26:00,1297.4,1298,1297,1297.2,155145
2026-10-06 11:27:00,1297.2,1297.4,1297,1297.3,156309
2026-10-06 11:28:00,1297.2,1297.3,1297,1297.1,156969
2026-10-06 11:29:00,1296.2,1296.2,1296,1296.1,157943
2026-10-06 11:30:00,1296.1,1296.2,1296,1296,158362
2026-10-06 11:31:00,1296,1296.2,1295.9,1296.2,158690
2026-10-06 11:32:00,1296.1,1296.4,1295.7,1295.7,160055
2026-10-06 11:33:00,1295.7,1296.1,1295.6,1295.8,160890
2026-10-06 11:34:00,1295.8,1295.8,1295.1,1295.3,162089
2026-10-06 11:35:00,1295.3,1295.4,1295,1295,163222
2026-10-06 11:36:00,1295,1295.3,1294.7,1294.8,163637
2026-10-06 11:37:00,1294.8,1296.3,1294.7,1296.3,164873
2026-10-06 11:38:00,1296.3,1296.8,1296.3,1296.8,165083
2026-10-06 11:39:00,1296.8,1298,1296.7,1297.8,166260
2026-10-06 11:40:00,1298,1298.2,1297.3,1298.2,168530
2026-10-06 11:41:00,1298.2,1298.2,1298,1298.2,169283
2026-10-06 11:42:00,1298.2,1298.5,1298,1298.5,170565
2026-10-06 11:43:00,1298.5,1298.7,1298,1298.4,171239
2026-10-06 11:44:00,1298.4,1299.5,1297.5,1298.9,178481
2026-10-06 11:45:00,1299,1299,1297.6,1298.3,186474
2026-10-06 11:46:00,1298.3,1298.3,1297.3,1297.3,189639
2026-10-06 11:47:00,1297.3,1297.8,1297.2,1297.3,190107
2026-10-06 11:48:00,1297.3,1297.6,1297.2,1297.6,192555
2026-10-06 11:49:00,1297.6,1298.8,1297.6,1298.2,194613
2026-10-06 11:50:00,1298.2,1298.2,1297.5,1298.2,196799
2026-10-06 11:51:00,1298,1298,1296.7,1296.7,199114
2026-10-06 11:52:00,1296.7,1296.7,1296.2,1296.4,200547
2026-10-06 11:53:00,1296.4,1296.5,1296.4,1296.5,201180
2026-10-06 11:54:00,1296.5,1296.5,1296.4,1296.5,201375
2026-10-06 11:55:00,1296.5,1296.5,1296.4,1296.5,201640
2026-10-06 11:56:00,1296.5,1296.5,1296.4,1296.4,201763
2026-10-06 11:58:00,1296.2,1296.3,1296.1,1296.2,204387
2026-10-06 11:59:00,1296.2,1296.2,1296,1296,204771
2026-10-06 12:00:00,1296.1,1296.1,1295.6,1295.7,205507
2026-10-06 12:01:00,1295.6,1295.7,1295.4,1295.5,206708
2026-10-06 12:02:00,1295.7,1296.2,1295.4,1295.6,207669
2026-10-06 12:03:00,1295.4,1296.1,1295.3,1295.4,208874
2026-10-06 12:04:00,1296,1296.7,1295.3,1295.8,210209
2026-10-06 12:05:00,1295.7,1296.2,1295.5,1295.6,210923
2026-10-06 12:06:00,1295.6,1295.6,1295.3,1295.3,212676
2026-10-06 12:07:00,1295.3,1295.3,1294.8,1294.9,213314
2026-10-06 12:08:00,1294.9,1295.3,1294.5,1295.3,220375
2026-10-06 12:09:00,1295.3,1295.3,1294.8,1294.9,222934
2026-10-06 12:10:00,1294.9,1296,1294.8,1295.9,224311
2026-10-06 12:11:00,1295.9,1296.3,1295.7,1296.1,226391
2026-10-06 12:12:00,1296.1,1296.4,1295.9,1295.9,227868
2026-10-06 12:13:00,1296,1296,1295.5,1295.7,229935
2026-10-06 12:14:00,1295.7,1296,1295.6,1295.6,230714
2026-10-06 12:15:00,1295.6,1296,1295.6,1296,231904
2026-10-06 12:16:00,1296,1296.8,1296,1296.7,232547
2026-10-06 12:17:00,1296.7,1297.1,1296.7,1297.1,233171
2026-10-06 12:18:00,1297.3,1297.3,1296.8,1297,234137
2026-10-06 12:19:00,1296.9,1297,1296.3,1296.3,239237
2026-10-06 12:20:00,1296.3,1297.4,1296.3,1296.7,245970
2026-10-06 12:21:00,1296.7,1296.7,1295.9,1296.3,247507
2026-10-06 12:22:00,1296.3,1296.3,1296,1296,247552
2026-10-06 12:23:00,1296,1297.2,1296,1296.4,250655
2026-10-06 12:24:00,1296.4,1297.1,1296.3,1296.8,251489
2026-10-06 12:25:00,1296.8,1296.8,1296.4,1296.4,251892
