Timestamp,Open,High,Low,Close,Volume
1788234300,233.80,233.80,232.50,233.66,97203
1788234360,233.66,233.66,233.43,233.52,85493
1788234420,233.52,234.18,233.52,233.86,85937
1788234480,233.87,234.24,233.87,234.19,102416
1788234540,234.19,234.65,234.13,234.50,120549
1788234600,234.50,234.95,234.46,234.84,118987
1788234660,234.90,235.00,234.85,235.00,183503
1788234720,235.09,235.10,234.65,234.70,145309
1788234780,234.69,234.85,234.69,234.75,38992
1788234840,234.75,234.85,234.56,234.70,25734
1788234900,234.63,234.66,234.43,234.49,13323
1788234960,234.49,234.57,234.46,234.54,13811
1788235020,234.57,234.57,234.35,234.40,41202
1788235080,234.35,234.50,234.30,234.49,11010
1788235140,234.49,234.55,234.41,234.52,8915
1788235200,234.55,234.55,234.47,234.50,25540
1788235260,234.50,234.56,234.48,234.53,8745
1788235320,234.53,234.53,234.45,234.52,51723
1788235380,234.53,234.56,234.34,234.34,26271
1788235440,234.32,234.32,234.04,234.09,66372
1788235500,234.06,234.10,233.96,233.96,16240
1788235560,233.96,233.96,233.87,233.92,11403
1788235620,233.92,233.93,233.88,233.93,4134
1788235680,233.97,233.99,233.89,233.89,15595
1788235740,233.89,233.89,233.85,233.88,11813
1788235800,233.88,233.98,233.87,233.90,52139
1788235860,233.95,233.95,233.81,233.88,27180
1788235920,233.91,233.94,233.81,233.94,4551
1788235980,233.94,234.10,233.86,233.97,76113
1788236040,233.93,234.00,233.93,233.98,8639
1788236100,233.98,233.98,233.91,233.95,3708
1788236160,233.91,233.95,233.88,233.88,2613
1788236220,233.74,233.74,233.61,233.66,22766
1788236280,233.66,233.69,233.58,233.64,20059
1788236340,233.64,233.70,233.54,233.61,9440
1788236400,233.61,233.61,233.50,233.59,18362
1788236460,233.62,233.66,233.55,233.60,20124
1788236520,233.59,233.59,233.51,233.55,9336
1788236580,233.52,233.54,233.51,233.53,2072
1788236640,233.53,233.55,233.51,233.53,7739
1788236700,233.53,233.55,233.51,233.55,4958
1788236760,233.55,233.94,233.51,233.65,47826
1788236820,233.70,233.70,233.65,233.70,5372
1788236880,233.70,233.70,233.61,233.61,3030
1788236940,233.66,233.67,233.61,233.66,5244
1788237000,233.66,233.70,233.66,233.70,4084
1788237060,233.67,233.94,233.67,233.89,15694
1788237120,233.91,233.91,233.81,233.89,16224
1788237180,233.85,233.96,233.85,233.96,9260
1788237240,233.95,233.99,233.90,233.92,9196
1788237300,233.93,233.97,233.90,233.90,7122
1788237360,233.93,233.93,233.75,233.87,57347
1788237420,233.87,234.30,233.82,234.30,71466
1788237480,234.25,234.40,234.00,234.05,47172
1788237540,234.05,234.22,234.01,234.17,61858
1788237600,234.18,234.20,233.99,234.00,23037
1788237660,234.00,234.00,233.88,233.96,9566
1788237720,233.96,233.96,233.89,233.94,4539
1788237780,233.93,233.93,233.89,233.89,8896
1788237840,233.89,233.94,233.87,233.93,7539
1788237900,233.87,233.94,233.85,233.94,3115
1788237960,233.94,233.99,233.93,233.97,14796
1788238020,233.96,233.96,233.79,233.79,19368
1788238080,233.86,233.86,233.79,233.84,21556
1788238140,233.84,233.84,233.66,233.66,8039
1788238200,233.74,233.75,233.67,233.70,4617
1788238260,233.70,233.84,233.66,233.84,23161
1788238320,233.84,233.97,233.84,233.96,3223
1788238380,233.97,234.08,233.91,234.01,39065
1788238440,234.00,234.01,233.84,234.00,31135
1788238500,233.98,234.03,233.94,233.98,4713
1788238560,233.96,234.08,233.88,234.08,2820
1788238620,234.08,234.14,234.01,234.14,29055
1788238680,234.19,234.23,234.16,234.19,6150
1788238740,234.15,234.19,234.02,234.02,19633
1788238800,234.02,234.17,234.00,234.14,4620
1788238860,234.12,234.15,234.06,234.10,2513
1788238920,234.15,234.15,234.07,234.15,4806
1788238980,234.15,234.20,234.11,234.20,7234
1788239040,234.15,234.30,234.14,234.25,18339
1788239100,234.30,234.38,234.22,234.36,11160
1788239160,234.36,234.40,234.35,234.40,7024
1788239220,234.40,234.40,234.35,234.35,7418
1788239280,234.35,234.38,234.29,234.30,12961
1788239340,234.30,234.30,234.21,234.21,7524
1788239400,234.25,234.25,234.20,234.20,2267
1788239460,234.23,234.29,234.13,234.24,10552
1788239520,234.29,234.29,234.18,234.25,3965
1788239580,234.25,234.29,234.20,234.25,2826
1788239640,234.25,234.26,234.22,234.25,4656
1788239700,234.25,234.26,234.11,234.17,17605
1788239760,234.11,234.20,234.11,234.19,3185
1788239820,234.19,234.19,234.10,234.18,20906
1788239880,234.18,234.19,234.15,234.17,9824
1788239940,234.18,234.18,234.11,234.16,4001
1788240000,234.18,234.18,234.17,234.17,4033
1788240060,234.18,234.18,234.13,234.15,3350
1788240120,234.15,234.26,234.13,234.24,16056
1788240180,234.25,234.35,234.25,234.34,4536
1788240240,234.34,234.34,234.25,234.25,6440
1788240300,234.30,234.34,233.96,234.22,33108
1788240360,234.22,234.34,234.22,234.28,4935
1788240420,234.32,234.38,234.32,234.38,2371
1788240480,234.39,234.40,234.34,234.40,6361
1788240540,234.40,234.40,234.35,234.35,3341
1788240600,234.36,234.40,234.35,234.40,2412
1788240660,234.39,234.44,234.34,234.44,20435
1788240720,234.44,234.44,234.39,234.41,4273
1788240780,234.44,234.44,234.41,234.41,6825
1788240840,234.41,234.44,234.41,234.44,4360
1788240900,234.44,234.49,234.39,234.49,26531
1788240960,234.44,234.50,234.42,234.42,12605
1788241020,234.48,234.48,234.41,234.44,4230
1788241080,234.44,234.44,234.09,234.09,69780
1788241140,234.16,234.43,234.16,234.43,8619
1788241200,234.43,234.60,234.38,234.60,43691
1788241260,234.59,234.70,234.55,234.68,31208
1788241320,234.75,235.23,234.72,235.16,146033
1788241380,235.09,235.10,234.86,234.94,34173
1788241440,235.00,235.07,234.94,235.00,17728
1788241500,235.04,235.11,235.02,235.09,35869
1788241560,235.25,235.50,235.09,235.34,116894
1788241620,235.34,235.70,235.34,235.55,292382
1788241680,235.56,235.56,235.38,235.40,23808
1788241740,235.40,235.45,235.35,235.45,9604
1788241800,235.40,235.44,235.28,235.31,17099
1788241860,235.32,235.43,235.32,235.40,6490
1788241920,235.39,235.40,235.35,235.39,7743
1788241980,235.35,235.39,235.26,235.26,39031
1788242040,235.29,235.40,235.25,235.27,31496
1788242100,235.40,235.40,235.29,235.40,25515
1788242160,235.43,235.48,235.35,235.42,39061
1788242220,235.41,235.44,235.41,235.44,7977
1788242280,235.43,235.44,235.42,235.43,8332
1788242340,235.43,235.44,235.41,235.42,7254
1788242400,235.42,235.42,235.40,235.41,13179
1788242460,235.41,235.41,235.29,235.30,24706
1788242520,235.33,235.35,235.25,235.35,10335
1788242580,235.29,235.35,235.25,235.25,9087
1788242640,235.26,235.26,235.15,235.20,8682
1788242700,235.20,235.20,235.15,235.16,8431
1788242760,235.16,235.16,235.09,235.10,11904
1788242820,235.09,235.20,235.09,235.16,7692
1788242880,235.20,235.20,235.12,235.14,6644
1788242940,235.20,235.20,235.12,235.12,9729
1788243000,235.18,235.19,235.12,235.14,3619
1788243060,235.13,235.18,235.12,235.18,6239
1788243120,235.16,235.18,235.16,235.18,10117
1788243180,235.17,235.20,235.15,235.15,8492
1788243240,235.16,235.27,235.15,235.21,6531
1788243300,235.23,235.28,235.19,235.23,4674
1788243360,235.24,235.26,235.20,235.20,3729
1788243420,235.24,235.25,235.20,235.25,4752
1788243480,235.27,235.29,235.25,235.25,4001
1788243540,235.27,235.29,235.20,235.21,40764
1788243600,235.20,235.26,235.15,235.15,11986
1788243660,235.15,235.21,235.08,235.12,4070
1788243720,235.12,235.17,235.09,235.09,4253
1788243780,235.09,235.15,235.07,235.10,7345
1788243840,235.15,235.15,235.10,235.15,2113
1788243900,235.15,235.15,235.07,235.07,2386
1788243960,235.09,235.15,235.06,235.15,4946
1788244020,235.14,235.19,235.14,235.19,7103
1788244080,235.17,235.20,235.15,235.19,6286
1788244140,235.19,235.20,235.12,235.12,20182
1788244200,235.17,235.17,235.13,235.14,5137
1788244260,235.17,235.17,234.95,234.96,59647
1788244320,234.96,234.99,234.63,234.66,19431
1788244380,234.69,235.05,234.65,234.87,267586
1788244440,235.00,235.08,234.88,234.95,211397
1788244500,234.95,234.95,234.86,234.86,8473
1788244560,234.90,234.95,234.86,234.86,10300
1788244620,234.87,235.11,234.86,235.05,72582
1788244680,235.06,235.14,235.05,235.07,59367
1788244740,235.10,235.15,235.04,235.06,136069
1788244800,235.07,235.58,235.07,235.58,136096
1788244860,235.58,235.58,235.00,235.25,148394
1788244920,235.25,235.28,235.14,235.22,3100
1788244980,235.27,235.29,235.08,235.11,8460
1788245040,235.16,235.16,235.07,235.10,2337
1788245100,235.10,235.18,235.07,235.18,9401
1788245160,235.16,235.16,235.08,235.11,4539
1788245220,235.15,235.15,235.05,235.05,5327
1788245280,235.12,235.28,235.06,235.20,17660
1788245340,235.22,235.25,235.19,235.25,2592
1788245400,235.21,235.31,235.21,235.25,3958
1788245460,235.21,235.40,235.18,235.26,22781
1788245520,235.18,235.26,235.10,235.15,9269
1788245580,235.20,235.23,235.14,235.15,6510
1788245640,235.14,235.18,235.13,235.15,5647
1788245700,235.13,235.26,235.11,235.22,25653
1788245760,235.23,235.65,235.21,235.62,27840
1788245820,235.62,235.66,235.56,235.56,24907
1788245880,235.57,235.60,235.56,235.56,11597
1788245940,235.52,235.53,235.43,235.51,22559
1788246000,235.54,235.54,235.38,235.39,17773
1788246060,235.44,235.54,235.34,235.40,22114
1788246120,235.40,235.47,235.34,235.41,12779
1788246180,235.41,235.41,235.40,235.40,2970
1788246240,235.41,235.44,235.40,235.43,5317
1788246300,235.44,235.52,235.42,235.42,11501
1788246360,235.49,235.50,235.42,235.42,11845
1788246420,235.47,235.50,235.42,235.50,8164
1788246480,235.50,235.50,235.45,235.45,10563
1788246540,235.47,235.56,235.42,235.50,10491
1788246600,235.50,235.53,235.45,235.49,15223
1788246660,235.50,235.50,235.46,235.47,4747
1788246720,235.48,235.50,235.45,235.47,5188
1788246780,235.47,235.53,235.45,235.53,8531
1788246840,235.51,235.54,235.46,235.47,6063
1788246900,235.47,235.48,235.44,235.44,20430
1788246960,235.43,235.48,235.42,235.42,14025
1788247020,235.43,235.50,235.40,235.49,15957
1788247080,235.46,235.50,235.43,235.49,16582
1788247140,235.46,235.49,235.44,235.46,6286
1788247200,235.46,235.49,235.45,235.49,6322
1788247260,235.49,235.50,235.45,235.46,6197
1788247320,235.49,235.50,235.47,235.50,7478
1788247380,235.50,235.54,235.48,235.53,6938
1788247440,235.54,235.58,235.53,235.56,27195
1788247500,235.58,235.62,235.56,235.58,15571
1788247560,235.62,235.62,235.58,235.62,7602
1788247620,235.61,235.68,235.61,235.63,26336
1788247680,235.65,235.69,235.64,235.66,15386
1788247740,235.69,235.69,235.65,235.65,19764
1788247800,235.66,235.69,235.62,235.62,35162
1788247860,235.64,235.64,235.38,235.43,37562
1788247920,235.43,235.79,235.41,235.69,170681
1788247980,235.70,235.80,235.66,235.67,33138
1788248040,235.68,235.75,235.66,235.66,5626
1788248100,235.74,235.74,235.37,235.54,66889
1788248160,235.61,235.67,235.49,235.53,8464
1788248220,235.60,235.62,235.44,235.50,62943
1788248280,235.50,235.65,235.47,235.56,67577
1788248340,235.58,235.62,235.57,235.62,10472
1788248400,235.59,235.62,235.41,235.42,44235
1788248460,235.45,235.45,235.40,235.41,5064
1788248520,235.40,235.41,235.27,235.34,24941
1788248580,235.41,235.42,235.36,235.41,5173
1788248640,235.42,235.44,235.39,235.41,8106
1788248700,235.42,235.42,235.23,235.29,84274
1788248760,235.31,235.40,235.31,235.39,19810
1788248820,235.39,235.40,235.37,235.37,18529
1788248880,235.30,235.34,235.24,235.24,12005
1788248940,235.24,235.30,235.20,235.27,26973
1788249000,235.27,235.32,235.23,235.29,6803
1788249060,235.30,235.38,235.29,235.34,5451
1788249120,235.36,235.37,235.32,235.33,8414
1788249180,235.33,235.38,235.33,235.35,4725
1788249240,235.35,235.38,235.34,235.37,5375
1788249300,235.38,235.39,235.33,235.33,37781
1788249360,235.32,235.32,235.26,235.27,4243
1788249420,235.30,235.30,235.27,235.30,5909
1788249480,235.32,235.32,235.27,235.27,9412
1788249540,235.30,235.30,235.27,235.27,5543
1788249600,235.30,235.34,235.27,235.29,5627
1788249660,235.30,235.34,235.22,235.22,36589
1788249720,235.25,235.25,235.21,235.21,7484
1788249780,235.22,235.22,235.19,235.20,9886
1788249840,235.20,235.25,235.13,235.13,19404
1788249900,235.17,235.24,235.13,235.20,15216
1788249960,235.22,235.24,235.12,235.19,68565
1788250020,235.20,235.27,235.18,235.20,18888
1788250080,235.26,235.26,235.13,235.17,37935
1788250140,235.23,235.23,235.16,235.20,3695
1788250200,235.21,235.22,235.16,235.16,7791
1788250260,235.16,235.22,235.16,235.21,3541
1788250320,235.21,235.21,235.16,235.19,13538
1788250380,235.19,235.70,235.17,235.70,56878
1788250440,235.69,235.71,235.66,235.68,12542
1788250500,235.69,235.89,235.67,235.86,37384
1788250560,235.88,235.90,235.83,235.85,19566
1788250620,235.88,235.90,235.83,235.86,20800
1788250680,235.89,235.96,235.89,235.91,29575
1788250740,235.92,235.95,235.88,235.92,23895
1788250800,235.91,235.96,235.61,235.66,94342
1788250860,235.66,235.66,235.47,235.53,61491
1788250920,235.58,235.84,235.56,235.69,47887
1788250980,235.71,235.79,235.62,235.77,19747
1788251040,235.80,235.84,235.70,235.78,33424
1788251100,235.80,235.84,235.67,235.84,29651
1788251160,235.82,235.88,235.69,235.75,38775
1788251220,235.76,235.90,235.75,235.82,33985
1788251280,235.76,235.82,235.71,235.76,22133
1788251340,235.76,235.86,235.73,235.75,37444
1788251400,235.85,235.85,235.61,235.72,31680
1788251460,235.66,235.80,235.63,235.70,22658
1788251520,235.73,235.84,235.69,235.76,28776
1788251580,235.76,235.81,235.70,235.70,26862
1788251640,235.70,235.73,235.50,235.53,39604
1788251700,235.54,235.74,235.54,235.67,28012
1788251760,235.67,235.67,235.60,235.62,24964
1788251820,235.65,235.67,235.61,235.67,25066
1788251880,235.67,235.67,235.60,235.61,36579
1788251940,235.65,235.65,235.39,235.43,52236
1788252000,235.50,235.51,235.38,235.43,31349
1788252060,235.43,235.62,235.43,235.49,30202
1788252120,235.54,235.57,235.46,235.54,23617
1788252180,235.51,235.54,235.40,235.40,30163
1788252240,235.46,235.57,235.41,235.44,31085
1788252300,235.49,235.60,235.48,235.59,24521
1788252360,235.57,235.66,235.50,235.61,35820
1788252420,235.57,235.60,235.49,235.56,23501
1788252480,235.56,235.64,235.50,235.64,26906
1788252540,235.64,235.69,235.57,235.59,20943
1788252600,235.60,235.70,235.56,235.56,42089
1788252660,235.69,235.74,235.60,235.64,18066
1788252720,235.75,235.77,235.66,235.70,29124
1788252780,235.71,235.81,235.70,235.81,38874
1788252840,235.78,235.83,235.73,235.76,52883
1788252900,235.61,235.74,235.55,235.69,49304
1788252960,235.75,235.75,235.62,235.66,28615
1788253020,235.70,235.72,235.56,235.70,33009
1788253080,235.63,235.73,235.59,235.73,30016
1788253140,235.73,235.85,235.67,235.84,27068
1788253200,235.84,235.84,235.69,235.74,97502
1788253260,235.76,235.82,235.71,235.75,22515
1788253320,235.78,235.88,235.73,235.81,26552
1788253380,235.81,235.88,235.60,235.83,52760
1788253440,235.86,235.98,235.85,235.98,41641
1788253500,235.97,236.08,235.84,235.93,141335
1788253560,235.93,235.94,235.79,235.85,35770
1788253620,235.85,235.94,235.83,235.87,35023
1788253680,235.88,235.94,235.82,235.87,42300
1788253740,235.92,235.95,235.87,235.87,28335
1788253800,235.87,235.94,235.70,235.87,42324
1788253860,235.87,235.91,235.80,235.85,50866
1788253920,235.85,235.91,235.76,235.91,25604
1788253980,235.93,235.94,235.83,235.84,31119
1788254040,235.92,235.92,235.75,235.84,43236
1788254100,235.85,235.89,235.69,235.78,43502
1788254160,235.81,235.91,235.80,235.86,33716
1788254220,235.85,235.96,235.85,235.93,47310
1788254280,235.93,235.95,235.85,235.86,43952
1788254340,235.87,235.93,235.82,235.82,72885
1788254400,235.82,235.96,235.82,235.87,62625
1788254460,235.92,235.97,235.91,235.96,71750
1788254520,235.96,235.96,235.81,235.83,55152
1788254580,235.87,235.94,235.80,235.94,33642
1788254640,235.94,235.97,235.88,235.91,43655
1788254700,235.96,235.98,235.86,235.95,64493
1788254760,235.89,235.99,235.81,235.81,50068
1788254820,235.83,235.87,235.78,235.86,54148
1788254880,235.89,235.92,235.85,235.92,46865
1788254940,235.89,235.95,235.85,235.89,70106
1788255000,235.88,235.99,235.87,235.97,72241
1788255060,235.97,236.00,235.86,236.00,81291
1788255120,236.04,236.13,236.01,236.10,114215
1788255180,236.13,236.15,236.06,236.09,74674
1788255240,236.10,236.16,236.07,236.15,89819
1788255300,236.16,236.20,236.12,236.20,133474
1788255360,236.22,236.33,236.22,236.27,157700
1788255420,236.25,236.27,236.24,236.27,122477
1788255480,236.27,236.50,236.23,236.30,145686
1788255540,236.30,236.34,236.10,236.10,165244
1788255600,236.18,236.24,236.10,236.19,98826
1788255660,236.22,236.25,236.13,236.20,119811
1788255720,236.19,236.23,235.67,235.85,234189
1788255780,235.84,235.95,235.73,235.74,93052
1788255840,235.81,236.60,235.70,236.49,69810
1788255900,236.49,236.49,236.49,236.49,0
1788255960,236.49,236.49,236.49,236.49,0
1788256020,236.49,236.49,236.49,236.49,0
1788256080,236.49,236.49,236.49,236.49,0
1788256140,236.49,236.49,236.49,236.49,0
1788256200,236.49,236.49,236.49,236.49,0
1788256260,236.49,236.49,236.49,236.49,0
1788256320,236.49,236.49,236.49,236.49,0
1788256380,236.49,236.49,236.49,236.49,0
1788256440,236.49,236.49,236.49,236.49,0
1788256500,236.49,236.49,236.49,236.49,0
1788256560,236.49,236.49,236.49,236.49,0
1788256620,236.49,236.49,236.49,236.49,0
1788256680,236.49,236.49,236.49,236.49,0
1788256740,236.49,236.49,236.45,236.45,389487
1788320700,237.60,238.90,236.71,238.09,556433
1788320760,238.25,238.28,237.73,238.11,173885
1788320820,237.96,238.22,237.80,237.89,124509
1788320880,237.85,237.85,236.84,236.91,183188
1788320940,236.97,237.23,236.79,237.09,110289
1788321000,237.09,237.25,236.70,236.70,131349
1788321060,236.72,236.79,236.51,236.51,85624
1788321120,236.59,236.60,236.10,236.19,129128
1788321180,236.18,236.20,235.64,235.75,164877
1788321240,235.79,236.15,235.70,236.12,76421
1788321300,236.12,236.25,236.01,236.25,47266
1788321360,236.25,236.49,236.23,236.39,56939
1788321420,236.39,236.48,236.33,236.36,28844
1788321480,236.35,236.69,236.30,236.69,33828
1788321540,236.70,236.91,236.61,236.91,32220
1788321600,236.90,237.11,236.85,237.11,39119
1788321660,237.05,237.88,237.05,237.82,140640
1788321720,237.83,237.85,237.33,237.48,54683
1788321780,237.48,237.50,237.21,237.28,42400
1788321840,237.30,237.32,237.20,237.32,59503
1788321900,237.32,237.90,237.32,237.89,84433
1788321960,237.90,238.08,237.68,237.93,127155
1788322020,237.97,237.98,237.64,237.84,51618
1788322080,237.75,238.20,237.74,238.16,109549
1788322140,238.20,238.48,238.14,238.39,90575
1788322200,238.55,238.70,238.41,238.60,91855
1788322260,238.59,239.21,238.51,238.85,204798
1788322320,238.95,239.05,238.72,238.90,86939
1788322380,238.87,239.09,238.72,238.72,60097
1788322440,238.65,238.65,238.04,238.15,67367
1788322500,238.15,238.28,237.90,238.25,72271
1788322560,238.22,238.25,237.70,237.81,87836
1788322620,237.75,237.87,237.75,237.85,20896
1788322680,237.85,238.10,237.80,238.00,18521
1788322740,237.90,237.98,237.70,237.70,30062
1788322800,237.73,237.82,237.70,237.82,30630
1788322860,237.74,237.82,237.57,237.65,22530
1788322920,237.65,237.74,237.53,237.57,20648
1788322980,237.60,237.67,237.51,237.60,27452
1788323040,237.60,237.65,237.50,237.52,15966
1788323100,237.52,237.54,237.45,237.52,27249
1788323160,237.57,237.68,237.51,237.60,48304
1788323220,237.70,237.71,237.59,237.65,18025
1788323280,237.65,237.65,237.51,237.61,13061
1788323340,237.61,237.61,237.29,237.29,40114
1788323400,237.38,237.38,237.22,237.35,25413
1788323460,237.35,237.57,237.31,237.57,15191
1788323520,237.55,237.69,237.48,237.68,14314
1788323580,237.60,237.79,237.60,237.65,15743
1788323640,237.62,237.69,237.54,237.64,19396
1788323700,237.64,237.74,237.60,237.66,12374
1788323760,237.63,237.79,237.63,237.79,11578
1788323820,237.75,237.87,237.73,237.81,34939
1788323880,237.81,237.86,237.70,237.80,18108
1788323940,237.75,237.79,237.70,237.76,10176
1788324000,237.79,237.80,237.52,237.53,27056
1788324060,237.45,237.49,237.31,237.40,24307
1788324120,237.36,237.50,237.36,237.44,9842
1788324180,237.44,237.51,237.40,237.50,7709
1788324240,237.50,237.53,237.45,237.53,7372
1788324300,237.52,237.79,237.52,237.75,25343
1788324360,237.76,237.98,237.76,237.90,24372
1788324420,237.92,237.98,237.84,237.93,17410
1788324480,237.84,237.92,237.75,237.83,9964
1788324540,237.81,237.85,237.70,237.78,10118
1788324600,237.70,237.78,237.59,237.68,5694
1788324660,237.64,237.69,237.59,237.64,9780
1788324720,237.63,237.74,237.58,237.67,8490
1788324780,237.68,237.97,237.66,237.93,12376
1788324840,237.93,237.99,237.92,237.99,6663
1788324900,237.98,237.99,237.91,237.97,9015
1788324960,237.93,238.10,237.80,237.88,24254
1788325020,237.88,237.88,237.52,237.65,17149
1788325080,237.65,237.80,237.61,237.70,8844
1788325140,237.70,237.78,237.66,237.74,10229
1788325200,237.75,237.75,237.55,237.74,10843
1788325260,237.70,237.88,237.70,237.81,10700
1788325320,237.81,237.89,237.75,237.80,5732
1788325380,237.80,237.90,237.75,237.86,7288
1788325440,237.89,237.89,237.77,237.79,4031
1788325500,237.82,237.89,237.75,237.85,9636
1788325560,237.80,237.90,237.80,237.90,7335
1788325620,237.93,238.12,237.91,238.12,14251
1788325680,238.12,238.18,238.00,238.16,20557
1788325740,238.16,238.20,238.15,238.20,13132
1788325800,238.19,238.20,238.03,238.13,19218
1788325860,238.13,238.13,237.95,238.01,16950
1788325920,238.01,238.09,237.93,238.03,6475
1788325980,237.93,238.02,237.83,237.83,7476
1788326040,237.90,237.98,237.79,237.91,23197
1788326100,237.91,237.91,237.87,237.90,4243
1788326160,237.85,237.90,237.85,237.85,5240
1788326220,237.85,237.95,237.76,237.83,14046
1788326280,237.80,237.83,237.58,237.73,25350
1788326340,237.69,237.85,237.69,237.84,29018
1788326400,237.88,237.88,237.84,237.86,10404
1788326460,237.87,237.88,237.73,237.75,12661
1788326520,237.76,237.85,237.70,237.76,8496
1788326580,237.76,237.86,237.72,237.79,8837
1788326640,237.79,237.79,237.70,237.75,6586
1788326700,237.84,237.84,237.70,237.75,7003
1788326760,237.75,237.75,237.49,237.64,43542
1788326820,237.65,237.72,237.63,237.70,6583
1788326880,237.63,237.85,237.63,237.70,12111
1788326940,237.75,237.80,237.66,237.74,10078
1788327000,237.74,237.80,237.66,237.78,14673
1788327060,237.71,237.79,237.40,237.40,14093
1788327120,237.47,237.55,237.00,237.00,92030
1788327180,237.01,237.26,236.96,237.08,27476
1788327240,237.14,237.31,237.00,237.02,46433
1788327300,237.02,237.12,237.02,237.03,10211
1788327360,237.03,237.05,236.85,236.90,36491
1788327420,236.90,237.00,236.61,236.61,37320
1788327480,236.61,236.76,236.60,236.66,25632
1788327540,236.67,236.73,236.50,236.62,72371
1788327600,236.58,236.65,236.57,236.63,7270
1788327660,236.63,236.88,236.62,236.78,33915
1788327720,236.78,236.89,236.74,236.75,10490
1788327780,236.75,236.80,236.70,236.72,11739
1788327840,236.81,236.81,236.70,236.72,20413
1788327900,236.73,236.74,236.61,236.64,15930
1788327960,236.66,236.66,236.53,236.64,21062
1788328020,236.53,236.60,236.36,236.46,37732
1788328080,236.39,236.46,236.26,236.26,42689
1788328140,236.27,236.33,236.26,236.28,16011
1788328200,236.31,236.31,236.08,236.13,35301
1788328260,236.12,236.39,236.12,236.38,171847
1788328320,236.45,236.50,236.33,236.47,15250
1788328380,236.50,236.65,236.38,236.55,21526
1788328440,236.55,236.60,236.41,236.43,15334
1788328500,236.47,236.68,236.47,236.64,14816
1788328560,236.64,236.81,236.63,236.77,17660
1788328620,236.77,236.81,236.33,236.34,47619
1788328680,236.43,236.49,236.34,236.46,8468
1788328740,236.43,236.59,236.40,236.49,7487
1788328800,236.49,236.55,236.35,236.49,13715
1788328860,236.48,236.48,236.30,236.31,10401
1788328920,236.35,236.40,236.17,236.36,26263
1788328980,236.38,236.38,235.88,236.00,55383
1788329040,236.00,236.22,235.98,236.17,22610
1788329100,236.16,236.16,236.07,236.07,11732
1788329160,236.12,236.12,236.00,236.08,7663
1788329220,236.02,236.15,236.00,236.06,23567
1788329280,236.06,236.14,236.02,236.11,10404
1788329340,236.11,236.15,236.06,236.09,8172
1788329400,236.10,236.10,236.01,236.06,9112
1788329460,236.06,236.39,236.06,236.18,54305
1788329520,236.15,236.33,236.15,236.25,9419
1788329580,236.25,236.39,236.25,236.30,11587
1788329640,236.31,236.36,236.25,236.26,10404
1788329700,236.35,236.35,236.25,236.33,6867
1788329760,236.31,236.46,236.27,236.40,16588
1788329820,236.40,236.65,236.38,236.58,749172
1788329880,236.58,236.72,236.51,236.65,13839
1788329940,236.70,236.94,236.65,236.83,23914
1788330000,236.83,237.21,236.77,237.21,52844
1788330060,237.24,237.25,237.03,237.12,21527
1788330120,237.09,237.10,236.80,236.86,57586
1788330180,236.92,237.04,236.75,237.01,165874
1788330240,237.02,237.10,237.00,237.00,9276
1788330300,237.02,237.09,237.00,237.03,6890
1788330360,237.09,237.09,237.03,237.04,7117
1788330420,237.09,237.10,237.04,237.05,10247
1788330480,237.04,237.05,236.81,236.83,106521
1788330540,236.93,237.03,236.64,237.01,150984
1788330600,237.03,237.10,237.00,237.10,16350
1788330660,237.06,237.10,237.01,237.05,5128
1788330720,237.03,237.05,236.89,236.91,14699
1788330780,236.99,236.99,236.89,236.89,6170
1788330840,236.90,236.90,236.80,236.80,7553
1788330900,236.81,236.82,236.72,236.74,4462
1788330960,236.79,236.79,236.62,236.66,15215
1788331020,236.67,236.75,236.63,236.74,7578
1788331080,236.72,236.79,236.57,236.65,14433
1788331140,236.67,236.67,236.61,236.62,4535
1788331200,236.66,236.69,236.62,236.69,8879
1788331260,236.70,236.87,236.69,236.79,13936
1788331320,236.79,236.80,236.69,236.73,11136
1788331380,236.73,236.81,236.67,236.81,6551
1788331440,236.73,236.99,236.72,236.82,11954
1788331500,236.81,236.93,236.75,236.77,8752
1788331560,236.77,237.00,236.77,236.99,17226
1788331620,236.99,236.99,236.87,236.94,10366
1788331680,236.86,236.98,236.81,236.92,9022
1788331740,236.93,236.98,236.84,236.97,8234
1788331800,236.98,236.98,236.84,236.87,13074
1788331860,236.87,236.98,236.83,236.97,23598
1788331920,236.97,237.09,236.91,237.01,46802
1788331980,237.05,237.09,236.92,236.97,13880
1788332040,237.03,237.29,236.92,237.21,310336
1788332100,237.14,237.27,236.95,237.17,406709
1788332160,237.24,237.29,237.19,237.25,21664
1788332220,237.25,237.25,237.10,237.11,16013
1788332280,237.10,237.11,236.91,236.92,12670
1788332340,237.01,237.01,236.84,236.84,11127
1788332400,236.93,236.95,236.83,236.85,7625
1788332460,236.79,236.91,236.69,236.74,10427
1788332520,236.67,236.89,236.67,236.84,10404
1788332580,236.88,236.90,236.84,236.90,5225
1788332640,236.90,236.96,236.84,236.89,7611
1788332700,236.82,236.90,236.82,236.85,5703
1788332760,236.89,236.89,236.75,236.75,10182
1788332820,236.82,236.82,236.75,236.78,5035
1788332880,236.79,236.82,236.75,236.76,30910
1788332940,236.80,236.84,236.75,236.77,8062
1788333000,236.77,236.85,236.76,236.79,7857
1788333060,236.79,236.94,236.77,236.91,6702
1788333120,236.92,236.99,236.85,236.95,8187
1788333180,236.95,237.00,236.92,236.99,12476
1788333240,236.98,237.00,236.81,236.90,8072
1788333300,236.90,236.90,236.77,236.88,7999
1788333360,236.87,236.88,236.53,236.62,111594
1788333420,236.62,236.65,236.54,236.56,7040
1788333480,236.60,236.60,236.50,236.51,7073
1788333540,236.52,236.68,236.50,236.61,32791
1788333600,236.65,236.70,236.61,236.65,6993
1788333660,236.66,236.77,236.63,236.63,6359
1788333720,236.65,236.72,236.63,236.71,4555
1788333780,236.65,236.85,236.65,236.74,111397
1788333840,236.80,237.20,236.74,237.11,31966
1788333900,237.11,237.20,237.05,237.15,24517
1788333960,237.19,237.20,237.10,237.13,10409
1788334020,237.11,237.18,237.09,237.16,7816
1788334080,237.17,237.35,237.16,237.28,26766
1788334140,237.35,237.45,237.35,237.42,12131
1788334200,237.45,237.45,237.33,237.39,19316
1788334260,237.39,237.45,237.06,237.17,27216
1788334320,237.17,237.18,237.13,237.18,7186
1788334380,237.18,237.18,237.06,237.08,12576
1788334440,237.14,237.16,237.08,237.16,9489
1788334500,237.16,237.16,237.10,237.12,9051
1788334560,237.15,237.20,237.12,237.12,20626
1788334620,237.15,237.20,237.12,237.19,6866
1788334680,237.20,237.20,237.08,237.12,15704
1788334740,237.16,237.34,237.10,237.31,13658
1788334800,237.27,237.35,237.27,237.35,6583
1788334860,237.37,237.37,237.31,237.36,11253
1788334920,237.32,237.39,237.32,237.35,10619
1788334980,237.35,237.39,237.15,237.20,23129
1788335040,237.20,237.27,237.20,237.24,6090
1788335100,237.23,237.30,237.23,237.25,9005
1788335160,237.28,237.30,237.23,237.27,8376
1788335220,237.27,237.30,237.27,237.30,6786
1788335280,237.29,237.30,237.29,237.29,10012
1788335340,237.31,237.39,237.29,237.34,25598
1788335400,237.34,237.34,237.29,237.29,9233
1788335460,237.29,237.38,237.29,237.32,12924
1788335520,237.36,237.36,237.23,237.30,9278
1788335580,237.28,237.30,237.28,237.28,6462
1788335640,237.30,237.30,237.25,237.25,15670
1788335700,237.27,237.27,237.23,237.25,3755
1788335760,237.25,237.34,237.25,237.33,13484
1788335820,237.35,237.50,237.35,237.49,28479
1788335880,237.47,237.50,237.42,237.42,10258
1788335940,237.47,237.49,237.42,237.49,8442
1788336000,237.49,237.58,237.46,237.49,22867
1788336060,237.49,237.58,237.34,237.42,39821
1788336120,237.42,237.50,237.42,237.49,8960
1788336180,237.49,237.49,237.33,237.36,11691
1788336240,237.36,237.43,237.33,237.37,8817
1788336300,237.37,237.38,237.30,237.34,6996
1788336360,237.34,237.38,237.34,237.38,5774
1788336420,237.38,237.40,237.34,237.38,9790
1788336480,237.39,237.60,237.38,237.49,62050
1788336540,237.58,237.61,237.49,237.57,110592
1788336600,237.61,237.61,237.49,237.50,20396
1788336660,237.50,237.56,237.46,237.50,21001
1788336720,237.49,237.59,237.18,237.24,86689
1788336780,237.24,237.38,237.18,237.21,24736
1788336840,237.21,237.22,237.10,237.11,11596
1788336900,237.11,237.28,237.10,237.27,14947
1788336960,237.24,237.24,237.18,237.20,7979
1788337020,237.24,237.31,237.11,237.24,13561
1788337080,237.24,237.26,237.15,237.17,15315
1788337140,237.17,237.24,237.17,237.20,14906
1788337200,237.17,237.30,237.15,237.20,10906
1788337260,237.22,237.28,237.20,237.22,6721
1788337320,237.22,237.25,237.21,237.25,7276
1788337380,237.24,237.28,237.24,237.28,14685
1788337440,237.10,237.12,237.10,237.12,37790
1788337500,237.11,237.22,237.11,237.20,9926
1788337560,237.24,237.24,237.20,237.23,5850
1788337620,237.23,237.25,237.23,237.24,13136
1788337680,237.24,237.25,237.14,237.19,10950
1788337740,237.23,237.25,237.13,237.16,12076
1788337800,237.12,237.23,237.11,237.22,8414
1788337860,237.20,237.23,237.03,237.15,11465
1788337920,237.13,237.19,237.10,237.13,14204
1788337980,237.12,237.12,237.05,237.05,10845
1788338040,237.04,237.04,236.84,236.97,26667
1788338100,236.98,237.05,236.97,237.00,9888
1788338160,236.99,236.99,236.90,236.97,17470
1788338220,236.91,237.15,236.91,237.15,23440
1788338280,237.14,237.20,237.04,237.13,15488
1788338340,237.13,237.22,237.11,237.13,8444
1788338400,237.15,237.15,237.11,237.11,10466
1788338460,237.11,237.11,237.10,237.10,7736
1788338520,237.10,237.12,237.10,237.10,13875
1788338580,237.12,237.14,237.10,237.12,6024
1788338640,237.12,237.14,237.10,237.10,10322
1788338700,237.13,237.13,237.00,237.08,13323
1788338760,237.10,237.10,237.00,237.04,21203
1788338820,237.00,237.07,237.00,237.00,10451
1788338880,237.00,237.09,237.00,237.07,13367
1788338940,237.12,237.47,237.07,237.47,292837
1788339000,237.41,237.53,237.35,237.40,23963
1788339060,237.40,237.44,237.03,237.07,20209
1788339120,237.13,237.17,237.06,237.06,27128
1788339180,237.07,237.07,237.01,237.07,6759
1788339240,237.06,237.09,237.00,237.02,14663
1788339300,237.04,237.04,236.81,236.85,55312
1788339360,236.85,236.96,236.83,236.92,7103
1788339420,236.95,236.97,236.92,236.96,11149
1788339480,236.96,236.97,236.80,236.80,14403
1788339540,236.79,236.92,236.77,236.80,18944
1788339600,236.77,236.81,236.77,236.81,10293
1788339660,236.79,236.87,236.79,236.84,23247
1788339720,236.82,236.82,236.70,236.71,12645
1788339780,236.75,236.80,236.53,236.54,38670
1788339840,236.62,236.65,236.54,236.64,13755
1788339900,236.60,236.72,236.60,236.66,12827
1788339960,236.65,236.65,236.56,236.59,14458
1788340020,236.59,236.59,236.43,236.50,33294
1788340080,236.50,236.70,236.49,236.61,25618
1788340140,236.61,236.69,236.56,236.61,10668
1788340200,236.62,236.70,236.61,236.66,15852
1788340260,236.75,236.78,236.72,236.76,19653
1788340320,236.75,236.81,236.66,236.70,32929
1788340380,236.74,236.84,236.70,236.80,34249
1788340440,236.80,236.87,236.77,236.83,9997
1788340500,236.86,236.91,236.73,236.91,48288
1788340560,236.91,237.04,236.83,237.03,27550
1788340620,237.03,237.14,237.02,237.08,16989
1788340680,237.12,237.15,237.08,237.11,9579
1788340740,237.16,237.19,237.11,237.17,17544
1788340800,237.20,237.21,236.95,237.00,40778
1788340860,237.05,237.05,236.86,236.95,80086
1788340920,236.95,237.00,236.90,236.95,17108
1788340980,236.96,236.98,236.92,236.98,12750
1788341040,236.93,237.04,236.93,237.04,13394
1788341100,236.98,237.06,236.92,236.92,34606
1788341160,236.92,237.01,236.92,236.94,22696
1788341220,236.95,237.07,236.94,237.05,27073
1788341280,237.05,237.08,237.01,237.02,24563
1788341340,237.03,237.09,236.99,237.04,52482
1788341400,236.94,237.04,236.83,237.02,54780
1788341460,237.03,237.03,236.80,236.88,28897
1788341520,236.85,237.02,236.84,236.92,27042
1788341580,236.95,236.95,236.86,236.88,33590
1788341640,236.85,236.92,236.79,236.83,29536
1788341700,236.83,236.88,236.72,236.77,127129
1788341760,236.77,236.77,236.61,236.63,106999
1788341820,236.63,236.70,236.63,236.67,35793
1788341880,236.67,236.71,236.67,236.69,35236
1788341940,236.71,236.73,236.66,236.66,66346
1788342000,236.67,236.72,236.64,236.72,67047
1788342060,236.82,236.82,236.54,236.57,78921
1788342120,236.55,236.70,236.30,236.46,171923
1788342180,236.45,236.59,236.02,236.42,60795
1788342240,236.42,237.03,236.36,236.96,97976
1788342300,236.96,236.96,236.96,236.96,57
1788342360,236.96,236.96,236.96,236.96,0
1788342420,236.96,236.96,236.96,236.96,0
1788342480,236.96,236.96,236.96,236.96,0
1788342540,236.96,236.96,236.96,236.96,0
1788342600,236.96,236.96,236.96,236.96,0
1788342660,236.96,236.96,236.96,236.96,0
1788342720,236.96,236.96,236.96,236.96,0
1788342780,236.96,236.96,236.96,236.96,0
1788342840,236.96,236.96,236.96,236.96,0
1788342900,236.96,236.96,236.96,236.96,0
1788342960,236.96,236.96,236.96,236.96,0
1788343020,236.96,236.96,236.96,236.96,0
1788343080,236.96,236.96,236.96,236.96,0
1788343140,236.96,237.50,236.96,237.50,516061
1788407100,237.50,237.60,236.28,237.28,110995
1788407160,237.37,237.45,237.00,237.04,23953
1788407220,236.82,236.82,236.27,236.64,40156
1788407280,236.64,236.99,236.64,236.93,16403
1788407340,236.93,237.25,236.90,237.10,33619
1788407400,237.22,237.23,237.00,237.20,16901
1788407460,237.38,237.38,237.25,237.25,12617
1788407520,237.18,237.21,237.10,237.10,8841
1788407580,237.09,237.16,237.00,237.00,21543
1788407640,237.00,237.10,237.00,237.10,9220
1788407700,237.10,237.13,236.83,236.98,39292
1788407760,237.05,237.60,237.05,237.60,35405
1788407820,237.43,237.60,237.43,237.50,19565
1788407880,237.51,237.51,237.17,237.26,14224
1788407940,237.15,237.25,237.15,237.20,4618
1788408000,237.25,237.43,237.15,237.39,17874
1788408060,237.39,237.80,237.26,237.70,13931
1788408120,237.58,237.69,237.53,237.62,13419
1788408180,237.58,237.58,237.41,237.48,7566
1788408240,237.47,237.62,237.40,237.45,30863
1788408300,237.43,237.52,237.38,237.45,6890
1788408360,237.45,237.49,237.40,237.46,5893
1788408420,237.46,237.65,237.46,237.65,9887
1788408480,237.65,237.66,237.61,237.64,7289
1788408540,237.64,237.64,237.48,237.48,12245
1788408600,237.60,237.64,237.55,237.58,45390
1788408660,237.58,237.60,237.53,237.60,4902
1788408720,237.61,237.73,237.61,237.73,11351
1788408780,237.72,237.72,237.60,237.60,9578
1788408840,237.65,237.65,237.40,237.50,14889
1788408900,237.46,237.49,237.35,237.35,4189
1788408960,237.42,237.43,237.11,237.14,13343
1788409020,237.21,237.21,237.05,237.13,6007
1788409080,237.10,237.16,237.05,237.07,27917
1788409140,237.06,237.14,237.01,237.08,13204
1788409200,237.14,237.14,236.95,237.06,12755
1788409260,237.06,237.06,236.89,237.03,8112
1788409320,237.04,237.22,237.04,237.12,9486
1788409380,237.12,237.12,236.86,237.02,7528
1788409440,236.97,237.02,236.90,237.02,6155
1788409500,237.02,237.09,237.01,237.06,1593
1788409560,237.06,237.06,236.81,236.96,9396
1788409620,236.91,236.96,236.83,236.92,2134
1788409680,236.92,236.95,236.90,236.95,34308
1788409740,236.92,236.94,236.81,236.82,14323
1788409800,236.82,236.88,236.70,236.80,40853
1788409860,236.80,236.83,236.76,236.79,7896
1788409920,236.79,236.82,236.78,236.80,2553
1788409980,236.80,236.83,236.80,236.83,6859
1788410040,236.81,236.81,236.62,236.72,18356
1788410100,236.66,236.72,236.65,236.66,3599
1788410160,236.75,236.75,236.65,236.74,5459
1788410220,236.75,236.83,236.75,236.78,4699
1788410280,236.78,236.88,236.78,236.85,6691
1788410340,236.85,236.85,236.74,236.74,2011
1788410400,236.77,236.77,236.62,236.63,6431
1788410460,236.63,236.63,236.45,236.48,38077
1788410520,236.56,236.56,236.47,236.50,4387
1788410580,236.55,236.55,236.50,236.52,3299
1788410640,236.52,236.55,236.52,236.53,2895
1788410700,236.56,236.56,236.45,236.45,14976
1788410760,236.52,236.55,236.45,236.47,5961
1788410820,236.45,236.50,236.45,236.46,3257
1788410880,236.47,236.60,236.46,236.59,10584
1788410940,236.59,236.60,236.51,236.54,5613
1788411000,236.54,236.56,236.47,236.47,7496
1788411060,236.45,236.45,236.28,236.36,35851
1788411120,236.36,236.50,236.36,236.40,2724
1788411180,236.49,236.49,236.40,236.44,3735
1788411240,236.44,236.50,236.40,236.45,4156
1788411300,236.41,236.43,236.40,236.40,1139
1788411360,236.42,236.50,236.40,236.45,3388
1788411420,236.49,236.51,236.45,236.45,4781
1788411480,236.50,236.53,236.46,236.46,2181
1788411540,236.50,236.59,236.46,236.53,14433
1788411600,236.56,236.57,236.53,236.56,3738
1788411660,236.56,236.57,236.50,236.54,5429
1788411720,236.54,236.57,236.51,236.57,2992
1788411780,236.57,236.57,236.50,236.50,7899
1788411840,236.50,236.51,236.40,236.41,7480
1788411900,236.41,236.41,236.34,236.34,9527
1788411960,236.37,236.37,236.31,236.36,1661
1788412020,236.36,236.36,236.30,236.30,3399
1788412080,236.31,236.38,236.25,236.35,9741
1788412140,236.36,236.40,236.31,236.38,3265
1788412200,236.39,236.40,236.31,236.35,2933
1788412260,236.39,236.40,236.32,236.39,2659
1788412320,236.40,236.40,236.25,236.29,4627
1788412380,236.29,236.29,236.25,236.25,2150
1788412440,236.25,236.28,236.05,236.11,12135
1788412500,236.11,236.25,236.01,236.22,10319
1788412560,236.22,236.25,236.16,236.19,1774
1788412620,236.25,236.25,236.16,236.18,3039
1788412680,236.24,236.25,236.18,236.19,2033
1788412740,236.19,236.32,236.17,236.31,10551
1788412800,236.32,236.33,236.31,236.33,2684
1788412860,236.33,236.33,236.18,236.28,4632
1788412920,236.27,236.27,236.19,236.20,2347
1788412980,236.22,236.25,236.20,236.23,2613
1788413040,236.25,236.25,236.01,236.05,19739
1788413100,236.05,236.05,235.75,235.93,62168
1788413160,235.93,235.95,235.82,235.88,3579
1788413220,235.83,236.00,235.83,235.99,5861
1788413280,236.00,236.09,235.85,235.86,24496
1788413340,235.92,235.93,235.81,235.81,6213
1788413400,235.85,235.86,235.80,235.82,23568
1788413460,235.82,235.84,235.70,235.70,12843
1788413520,235.71,235.75,235.68,235.70,2747
1788413580,235.71,236.20,235.71,235.95,226207
1788413640,235.93,235.95,235.83,235.90,2068
1788413700,235.88,235.88,235.75,235.75,8297
1788413760,235.80,235.83,235.70,235.80,7951
1788413820,235.79,235.80,235.67,235.79,7222
1788413880,235.80,235.80,235.63,235.68,8756
1788413940,235.72,235.80,235.64,235.77,8558
1788414000,235.78,235.82,235.75,235.82,7446
1788414060,235.80,235.80,235.77,235.80,3520
1788414120,235.80,235.83,235.77,235.80,5315
1788414180,235.83,235.83,235.80,235.83,2967
1788414240,235.83,235.83,235.70,235.71,12831
1788414300,235.70,235.71,235.50,235.62,29946
1788414360,235.63,235.65,235.56,235.64,2824
1788414420,235.65,235.69,235.60,235.60,5644
1788414480,235.60,235.64,235.40,235.52,37037
1788414540,235.58,235.70,235.57,235.70,5379
1788414600,235.67,235.67,235.50,235.60,12495
1788414660,235.50,235.61,235.44,235.44,4462
1788414720,235.47,235.47,235.44,235.47,2333
1788414780,235.50,235.51,235.47,235.51,3044
1788414840,235.51,235.55,235.51,235.53,2654
1788414900,235.53,235.55,235.51,235.51,2961
1788414960,235.55,235.55,235.51,235.54,6930
1788415020,235.54,235.54,235.41,235.41,5863
1788415080,235.41,235.48,235.35,235.42,8221
1788415140,235.44,235.44,235.35,235.35,14918
1788415200,235.35,235.40,235.21,235.40,27494
1788415260,235.40,235.42,235.32,235.40,8508
1788415320,235.45,235.54,235.35,235.45,9355
1788415380,235.45,235.49,235.45,235.49,10345
1788415440,235.49,235.49,235.41,235.49,1835
1788415500,235.49,235.49,235.36,235.42,6117
1788415560,235.42,235.42,235.40,235.41,4010
1788415620,235.42,235.45,235.41,235.45,1526
1788415680,235.45,235.45,235.42,235.43,2187
1788415740,235.45,235.49,235.43,235.49,11962
1788415800,235.49,235.50,235.45,235.50,2413
1788415860,235.47,235.53,235.47,235.52,11976
1788415920,235.47,235.52,235.41,235.42,15698
1788415980,235.40,235.42,235.40,235.41,3876
1788416040,235.41,235.41,235.28,235.29,12888
1788416100,235.29,235.32,235.28,235.32,3009
1788416160,235.32,235.38,235.30,235.35,3037
1788416220,235.37,235.37,235.29,235.33,2679
1788416280,235.33,235.40,235.29,235.33,7790
1788416340,235.39,235.48,235.32,235.33,8155
1788416400,235.38,235.38,235.29,235.35,6987
1788416460,235.35,235.35,235.26,235.33,5728
1788416520,235.33,235.33,235.26,235.33,4309
1788416580,235.33,235.33,235.26,235.30,4392
1788416640,235.30,235.54,235.26,235.54,1306
1788416700,235.69,235.69,235.36,235.52,30180
1788416760,235.44,235.50,235.38,235.48,1137
1788416820,235.50,235.50,235.40,235.42,4321
1788416880,235.50,235.50,235.42,235.50,1404
1788416940,235.50,235.50,235.45,235.47,2749
1788417000,235.50,235.59,235.50,235.58,5635
1788417060,235.58,235.58,235.45,235.50,2368
1788417120,235.50,235.67,235.45,235.58,20061
1788417180,235.67,236.04,235.59,235.77,136882
1788417240,235.82,236.05,235.78,235.95,52753
1788417300,235.95,235.95,235.80,235.93,5398
1788417360,235.93,235.93,235.76,235.91,4783
1788417420,235.90,236.00,235.76,236.00,29432
1788417480,236.00,236.09,236.00,236.09,15800
1788417540,236.06,236.07,235.98,236.03,8393
1788417600,236.03,236.09,235.99,236.03,5155
1788417660,236.00,236.03,236.00,236.00,11763
1788417720,236.01,236.01,236.00,236.00,6398
1788417780,236.01,236.01,235.99,236.00,8998
1788417840,236.00,236.01,235.97,236.01,6753
1788417900,236.01,236.01,235.76,235.80,22950
1788417960,235.81,235.82,235.63,235.73,8049
1788418020,235.73,235.75,235.59,235.65,2988
1788418080,235.67,235.69,235.55,235.60,5943
1788418140,235.67,235.67,235.60,235.67,1148
1788418200,235.67,235.67,235.60,235.60,1158
1788418260,235.67,235.68,235.55,235.60,2622
1788418320,235.60,235.60,235.55,235.55,2844
1788418380,235.60,235.87,235.55,235.87,110316
1788418440,235.87,235.87,235.79,235.79,1393
1788418500,235.79,235.80,235.71,235.75,2154
1788418560,235.75,235.85,235.71,235.76,1470
1788418620,235.84,235.85,235.71,235.77,3462
1788418680,235.81,235.85,235.77,235.77,3365
1788418740,235.74,235.80,235.72,235.72,3747
1788418800,235.78,235.78,235.70,235.70,3478
1788418860,235.78,235.78,235.70,235.75,3484
1788418920,235.78,235.78,235.75,235.75,1810
1788418980,235.77,235.77,235.59,235.59,5318
1788419040,235.67,235.67,235.54,235.62,7279
1788419100,235.55,235.75,235.55,235.70,7968
1788419160,235.69,235.69,235.50,235.52,4741
1788419220,235.60,235.60,235.50,235.60,4837
1788419280,235.59,235.59,235.50,235.51,1849
1788419340,235.54,235.55,235.48,235.54,2515
1788419400,235.53,235.53,235.40,235.48,4816
1788419460,235.48,235.48,235.40,235.42,1876
1788419520,235.47,235.47,235.36,235.43,4567
1788419580,235.43,235.46,235.36,235.43,2359
1788419640,235.35,235.43,235.35,235.42,2611
1788419700,235.36,235.60,235.36,235.47,11997
1788419760,235.50,235.70,235.50,235.59,5054
1788419820,235.56,235.67,235.44,235.49,5561
1788419880,235.56,235.67,235.42,235.58,7060
1788419940,235.58,235.58,235.42,235.43,7109
1788420000,235.42,235.50,235.42,235.47,5516
1788420060,235.45,235.45,235.37,235.38,6666
1788420120,235.42,235.42,235.38,235.42,4738
1788420180,235.38,235.42,235.38,235.41,4242
1788420240,235.41,235.59,235.39,235.59,13800
1788420300,235.59,235.69,235.50,235.59,56739
1788420360,235.58,235.58,235.44,235.49,6922
1788420420,235.53,235.61,235.39,235.40,9324
1788420480,235.40,235.49,235.38,235.46,7926
1788420540,235.46,235.53,235.40,235.42,8521
1788420600,235.41,235.48,235.30,235.30,25008
1788420660,235.31,235.31,235.25,235.27,10790
1788420720,235.28,235.29,235.26,235.29,6275
1788420780,235.36,235.42,235.26,235.26,5157
1788420840,235.26,235.35,235.26,235.35,2706
1788420900,235.30,235.35,235.27,235.34,5651
1788420960,235.35,235.35,235.33,235.33,3602
1788421020,235.35,235.48,235.34,235.38,10383
1788421080,235.35,235.36,235.35,235.35,7305
1788421140,235.36,235.36,235.26,235.30,21039
1788421200,235.28,235.33,235.26,235.27,4290
1788421260,235.30,235.31,235.25,235.25,10778
1788421320,235.25,235.27,235.24,235.25,6391
1788421380,235.25,235.33,235.23,235.25,5647
1788421440,235.25,235.26,235.23,235.24,5148
1788421500,235.24,235.25,235.23,235.25,6954
1788421560,235.23,235.27,235.23,235.26,5738
1788421620,235.26,235.34,235.25,235.25,12951
1788421680,235.25,235.26,235.25,235.26,13048
1788421740,235.26,235.26,235.04,235.20,54797
1788421800,235.19,235.26,235.19,235.26,3165
1788421860,235.26,235.31,235.25,235.25,2005
1788421920,235.29,235.29,235.25,235.28,2130
1788421980,235.25,235.28,235.25,235.28,7181
1788422040,235.28,235.28,235.21,235.23,5429
1788422100,235.25,235.27,235.12,235.15,24804
1788422160,235.15,235.19,235.12,235.18,9645
1788422220,235.13,235.24,235.13,235.21,2536
1788422280,235.24,235.26,235.19,235.24,2774
1788422340,235.24,235.29,235.20,235.23,3373
1788422400,235.25,235.29,235.22,235.23,2610
1788422460,235.29,235.29,235.25,235.29,3524
1788422520,235.29,235.29,235.24,235.28,2416
1788422580,235.28,235.35,235.20,235.20,17116
1788422640,235.34,235.34,235.22,235.34,3750
1788422700,235.34,235.34,235.26,235.34,2987
1788422760,235.34,235.34,235.26,235.26,3699
1788422820,235.26,235.32,235.26,235.26,1680
1788422880,235.29,235.32,235.19,235.27,17954
1788422940,235.30,235.32,235.20,235.25,3797
1788423000,235.25,235.25,235.20,235.20,3412
1788423060,235.24,235.24,235.11,235.18,5148
1788423120,235.18,235.18,235.11,235.18,3479
1788423180,235.11,235.18,235.10,235.11,6424
1788423240,235.18,235.18,235.10,235.11,10738
1788423300,235.13,235.13,235.05,235.10,22066
1788423360,235.11,235.11,235.05,235.05,8526
1788423420,235.08,235.08,235.00,235.01,9862
1788423480,235.03,235.08,235.00,235.08,24289
1788423540,235.08,235.20,235.03,235.05,9355
1788423600,235.05,235.13,235.01,235.02,3809
1788423660,235.02,235.12,235.02,235.10,7006
1788423720,235.10,235.11,235.05,235.11,1753
1788423780,235.10,235.19,235.06,235.08,13801
1788423840,235.15,235.15,235.08,235.10,2763
1788423900,235.13,235.16,235.13,235.15,4373
1788423960,235.18,235.19,235.15,235.15,3975
1788424020,235.17,235.17,235.15,235.17,1214
1788424080,235.17,235.17,235.14,235.17,1000
1788424140,235.17,235.21,235.14,235.14,6394
1788424200,235.20,235.20,235.14,235.14,1461
1788424260,235.17,235.17,235.13,235.13,895
1788424320,235.13,235.14,235.05,235.05,10111
1788424380,235.05,235.06,235.05,235.05,16550
1788424440,235.06,235.06,235.05,235.05,19923
1788424500,235.06,235.06,235.05,235.05,1140
1788424560,235.06,235.06,235.05,235.05,2809
1788424620,235.05,235.06,235.05,235.05,6092
1788424680,235.05,235.14,235.01,235.10,11257
1788424740,235.10,235.13,235.08,235.10,1664
1788424800,235.13,235.13,235.05,235.05,7447
1788424860,235.05,235.05,235.00,235.01,11615
1788424920,235.00,235.01,235.00,235.00,7007
1788424980,235.00,235.10,235.00,235.10,21322
1788425040,235.10,235.13,235.09,235.12,4194
1788425100,235.11,235.15,235.10,235.15,4241
1788425160,235.15,235.22,235.14,235.22,3612
1788425220,235.22,235.32,235.19,235.28,6707
1788425280,235.28,235.28,235.16,235.20,5688
1788425340,235.19,235.27,235.16,235.27,29337
1788425400,235.32,235.34,235.31,235.32,6241
1788425460,235.31,235.41,235.30,235.31,29197
1788425520,235.31,235.31,235.29,235.29,4508
1788425580,235.30,235.42,235.30,235.40,12909
1788425640,235.41,235.42,235.30,235.30,7988
1788425700,235.32,235.48,235.32,235.41,11781
1788425760,235.41,235.41,235.35,235.39,2436
1788425820,235.39,235.44,235.31,235.42,8134
1788425880,235.44,235.44,235.36,235.40,7453
1788425940,235.40,235.40,235.31,235.36,1946
1788426000,235.36,235.40,235.29,235.37,9902
1788426060,235.37,235.58,235.31,235.58,25452
1788426120,235.43,235.58,235.41,235.58,12121
1788426180,235.58,235.72,235.52,235.65,30900
1788426240,235.62,235.80,235.62,235.75,12890
1788426300,235.74,235.75,235.63,235.64,19833
1788426360,235.68,235.74,235.64,235.73,19639
1788426420,235.75,235.79,235.73,235.74,10391
1788426480,235.77,235.80,235.69,235.69,15602
1788426540,235.73,235.76,235.69,235.72,15147
1788426600,235.72,235.74,235.71,235.72,4539
1788426660,235.72,235.76,235.71,235.76,7959
1788426720,235.75,235.89,235.75,235.82,26658
1788426780,235.82,235.89,235.82,235.84,11760
1788426840,235.85,235.85,235.82,235.83,12586
1788426900,235.83,236.12,235.82,235.97,33303
1788426960,236.06,236.06,235.91,235.94,16696
1788427020,235.95,235.98,235.94,235.97,13523
1788427080,235.98,236.05,235.82,235.90,39578
1788427140,235.99,235.99,235.90,235.97,7577
1788427200,235.98,236.11,235.97,236.11,14378
1788427260,236.10,236.15,236.04,236.14,54700
1788427320,236.14,236.29,236.00,236.21,156733
1788427380,236.14,236.24,236.14,236.18,17413
1788427440,236.17,236.18,235.91,235.94,25179
1788427500,235.93,235.93,235.84,235.91,25995
1788427560,235.89,236.02,235.82,236.02,24605
1788427620,235.94,236.01,235.82,235.82,25418
1788427680,235.86,235.86,235.76,235.81,38024
1788427740,235.86,235.90,235.74,235.81,34265
1788427800,235.82,235.88,235.65,235.67,30332
1788427860,235.65,235.70,235.50,235.57,38567
1788427920,235.57,235.72,235.52,235.69,33665
1788427980,235.70,235.70,235.65,235.66,29029
1788428040,235.65,235.66,235.63,235.63,38048
1788428100,235.63,235.78,235.63,235.64,59600
1788428160,235.64,235.67,235.56,235.66,32333
1788428220,235.69,235.76,235.66,235.67,27085
1788428280,235.67,235.68,235.64,235.65,53139
1788428340,235.64,235.80,235.53,235.60,53004
1788428400,235.62,235.79,235.61,235.79,42708
1788428460,235.78,235.80,235.78,235.79,49180
1788428520,235.80,235.83,235.48,235.61,142087
1788428580,235.64,235.74,235.60,235.66,57979
1788428640,235.65,235.84,235.65,235.66,24604
1788428700,235.72,235.72,235.72,235.72,1732
1788428760,235.72,235.72,235.72,235.72,0
1788428820,235.72,235.72,235.72,235.72,0
1788428880,235.72,235.72,235.72,235.72,0
1788428940,235.72,235.72,235.72,235.72,0
1788429000,235.72,235.72,235.72,235.72,0
1788429060,235.72,235.72,235.72,235.72,0
1788429120,235.72,235.72,235.72,235.72,0
1788429180,235.72,235.72,235.72,235.72,0
1788429240,235.72,235.72,235.72,235.72,0
1788429300,235.72,235.72,235.72,235.72,0
1788429360,235.72,235.72,235.72,235.72,0
1788429420,235.72,235.72,235.72,235.72,0
1788429480,235.72,235.72,235.72,235.72,0
1788429540,236.00,236.00,236.00,236.00,193423
1788493500,235.44,235.44,233.65,233.77,156829
1788493560,233.79,234.22,233.60,234.09,59475
1788493620,234.12,234.15,233.89,234.15,24627
1788493680,234.10,234.12,233.95,234.08,20506
1788493740,234.10,234.20,234.08,234.10,18744
1788493800,234.13,234.27,234.11,234.16,12811
1788493860,234.20,234.33,234.18,234.29,35139
1788493920,234.29,234.32,234.03,234.04,33448
1788493980,234.12,234.12,234.04,234.09,15396
1788494040,234.09,234.11,234.00,234.09,11469
1788494100,234.08,234.10,234.03,234.09,11125
1788494160,234.11,234.14,234.09,234.14,20395
1788494220,234.14,234.14,234.06,234.11,9335
1788494280,234.11,234.11,234.01,234.09,4309
1788494340,234.08,234.08,234.00,234.04,15537
1788494400,234.05,234.08,234.05,234.07,4903
1788494460,234.08,234.21,234.00,234.18,52014
1788494520,234.21,234.21,234.08,234.12,6091
1788494580,234.12,234.18,234.03,234.18,12142
1788494640,234.18,234.27,234.09,234.25,6306
1788494700,234.24,234.29,234.20,234.21,8104
1788494760,234.21,234.25,234.20,234.25,6568
1788494820,234.25,234.28,234.20,234.23,11819
1788494880,234.23,234.31,234.13,234.21,13617
1788494940,234.25,234.35,234.11,234.35,19502
1788495000,234.33,234.46,234.30,234.40,24905
1788495060,234.40,234.40,234.26,234.36,5313
1788495120,234.36,234.39,234.33,234.39,18687
1788495180,234.39,234.39,234.35,234.35,6631
1788495240,234.33,234.40,234.31,234.33,4357
1788495300,234.33,234.62,234.33,234.62,23442
1788495360,234.57,234.71,234.57,234.65,19622
1788495420,234.65,234.80,234.62,234.70,11887
1788495480,234.66,234.81,234.63,234.80,18739
1788495540,234.80,234.80,234.71,234.71,10989
1788495600,234.80,234.90,234.80,234.84,9512
1788495660,234.84,234.95,234.82,234.87,18041
1788495720,234.87,234.94,234.77,234.94,11662
1788495780,234.91,234.95,234.90,234.90,8854
1788495840,234.90,234.92,234.83,234.88,12994
1788495900,234.88,234.90,234.77,234.90,8177
1788495960,234.90,234.98,234.87,234.96,42209
1788496020,234.96,234.99,234.93,234.96,7928
1788496080,234.96,235.01,234.82,234.87,20147
1788496140,234.86,234.96,234.77,234.77,4992
1788496200,234.80,234.80,234.70,234.80,8502
1788496260,234.80,234.90,234.70,234.90,9909
1788496320,234.94,234.98,234.87,234.94,3778
1788496380,234.95,235.07,234.95,235.06,8999
1788496440,235.03,235.12,235.00,235.10,11273
1788496500,235.14,235.14,234.97,235.01,11324
1788496560,235.07,235.09,235.01,235.05,4462
1788496620,235.05,235.05,234.97,234.99,8509
1788496680,234.96,235.01,234.95,235.00,3646
1788496740,235.00,235.02,234.91,234.91,9654
1788496800,235.01,235.01,234.88,234.91,4984
1788496860,234.95,234.99,234.87,234.99,4368
1788496920,234.99,235.00,234.92,234.92,5214
1788496980,235.00,235.04,234.87,234.87,6777
1788497040,235.03,235.03,234.93,235.03,7583
1788497100,235.00,235.04,234.96,234.97,6738
1788497160,235.00,235.00,234.85,234.85,5969
1788497220,234.93,234.94,234.85,234.90,3476
1788497280,234.90,234.93,234.75,234.93,11346
1788497340,234.93,234.93,234.87,234.90,3514
1788497400,234.90,234.94,234.83,234.94,10087
1788497460,234.94,234.99,234.85,234.94,7304
1788497520,234.94,235.15,234.94,235.10,15813
1788497580,235.10,235.25,235.08,235.25,6596
1788497640,235.25,235.28,235.21,235.24,4886
1788497700,235.25,235.42,235.25,235.39,10692
1788497760,235.34,235.43,235.30,235.34,20252
1788497820,235.30,235.34,235.12,235.30,16554
1788497880,235.30,235.30,235.11,235.15,9837
1788497940,235.22,235.24,235.12,235.22,10692
1788498000,235.23,235.28,235.17,235.25,16574
1788498060,235.17,235.28,235.17,235.22,9086
1788498120,235.19,235.25,235.07,235.17,12782
1788498180,235.02,235.15,235.02,235.14,6062
1788498240,235.15,235.15,235.11,235.14,6960
1788498300,235.14,235.23,235.14,235.20,5379
1788498360,235.20,235.20,235.10,235.10,4719
1788498420,235.15,235.15,235.10,235.15,4567
1788498480,235.15,235.15,235.01,235.03,6705
1788498540,235.10,235.14,235.04,235.14,3673
1788498600,235.08,235.15,234.90,234.98,14542
1788498660,234.98,235.01,234.82,234.84,5877
1788498720,234.76,234.76,234.42,234.45,51556
1788498780,234.50,234.64,234.45,234.47,13226
1788498840,234.47,234.52,234.45,234.49,15171
1788498900,234.47,234.56,234.39,234.40,17271
1788498960,234.38,234.38,234.31,234.33,5650
1788499020,234.31,234.39,234.31,234.34,5368
1788499080,234.30,234.34,234.27,234.30,9187
1788499140,234.33,234.33,234.25,234.31,8232
1788499200,234.32,234.35,234.30,234.33,3842
1788499260,234.40,234.50,234.40,234.45,29560
1788499320,234.45,234.47,234.34,234.41,28239
1788499380,234.38,234.42,234.28,234.34,10291
1788499440,234.32,234.59,234.28,234.34,48250
1788499500,234.39,234.41,234.28,234.29,11953
1788499560,234.32,234.32,234.12,234.18,39594
1788499620,234.20,234.25,234.11,234.16,15028
1788499680,234.16,234.20,234.16,234.19,8461
1788499740,234.21,234.32,234.19,234.25,7085
1788499800,234.25,234.36,234.22,234.25,14051
1788499860,234.25,234.32,234.22,234.25,7346
1788499920,234.25,234.35,234.21,234.35,23722
1788499980,234.38,234.44,234.29,234.29,10054
1788500040,234.37,234.47,234.32,234.42,8747
1788500100,234.42,234.53,234.42,234.45,7198
1788500160,234.44,234.46,234.25,234.33,16859
1788500220,234.27,234.33,234.20,234.23,7545
1788500280,234.20,234.26,234.16,234.16,10159
1788500340,234.16,234.23,234.10,234.15,9480
1788500400,234.16,234.33,234.10,234.15,18214
1788500460,234.19,234.21,234.15,234.21,5333
1788500520,234.19,234.32,234.16,234.30,7405
1788500580,234.23,234.48,234.21,234.39,12875
1788500640,234.40,234.45,234.31,234.35,10468
1788500700,234.38,234.38,234.30,234.30,8934
1788500760,234.30,234.50,234.29,234.30,44552
1788500820,234.31,234.38,234.25,234.30,15867
1788500880,234.35,234.35,234.20,234.25,22914
1788500940,234.20,234.22,234.15,234.16,6164
1788501000,234.19,234.25,234.16,234.16,16531
1788501060,234.23,234.29,234.17,234.25,8680
1788501120,234.18,234.27,234.17,234.20,6659
1788501180,234.27,234.33,234.20,234.31,9814
1788501240,234.33,234.50,234.30,234.30,13364
1788501300,234.37,234.40,234.34,234.36,4682
1788501360,234.40,234.46,234.37,234.42,6644
1788501420,234.45,234.49,234.41,234.41,9741
1788501480,234.40,234.45,234.30,234.39,10438
1788501540,234.39,234.46,234.30,234.46,77035
1788501600,234.49,234.55,234.40,234.48,14383
1788501660,234.54,234.56,234.45,234.50,6070
1788501720,234.49,234.56,234.41,234.43,9835
1788501780,234.52,234.53,234.42,234.51,4990
1788501840,234.50,234.58,234.40,234.41,13169
1788501900,234.40,234.46,234.40,234.44,4562
1788501960,234.44,234.51,234.42,234.48,5696
1788502020,234.42,234.42,234.38,234.42,13361
1788502080,234.43,234.44,234.38,234.40,7596
1788502140,234.40,234.44,234.31,234.37,23927
1788502200,234.40,234.48,234.37,234.40,6817
1788502260,234.48,234.48,234.40,234.47,4143
1788502320,234.46,234.47,234.30,234.33,7038
1788502380,234.34,234.42,234.31,234.34,9601
1788502440,234.36,234.44,234.30,234.35,6778
1788502500,234.37,234.42,234.30,234.32,8871
1788502560,234.33,234.44,234.32,234.35,2956
1788502620,234.34,234.36,234.30,234.36,3584
1788502680,234.33,234.43,234.33,234.35,5344
1788502740,234.36,234.40,234.32,234.37,3652
1788502800,234.37,234.40,234.25,234.25,40811
1788502860,234.27,234.27,234.20,234.24,17219
1788502920,234.22,234.30,234.19,234.22,25071
1788502980,234.23,234.29,234.15,234.15,11929
1788503040,234.18,234.25,234.15,234.16,9220
1788503100,234.16,234.21,234.16,234.18,4289
1788503160,234.18,234.21,234.18,234.18,3999
1788503220,234.21,234.35,234.18,234.24,41358
1788503280,234.29,234.34,234.25,234.26,5453
1788503340,234.28,234.28,234.17,234.25,15223
1788503400,234.22,234.25,234.20,234.25,2643
1788503460,234.25,234.30,234.17,234.25,11004
1788503520,234.27,234.27,234.19,234.20,5081
1788503580,234.20,234.27,234.18,234.20,8710
1788503640,234.19,234.20,234.15,234.15,10047
1788503700,234.15,234.20,234.15,234.16,5601
1788503760,234.16,234.17,234.12,234.17,6852
1788503820,234.12,234.17,234.10,234.10,8945
1788503880,234.10,234.17,234.10,234.11,6698
1788503940,234.16,234.17,234.10,234.11,3736
1788504000,234.15,234.15,233.82,233.84,121159
1788504060,233.95,233.97,233.85,233.87,8029
1788504120,233.87,233.90,233.84,233.87,19666
1788504180,233.89,233.95,233.86,233.93,4796
1788504240,233.91,234.00,233.91,233.97,8881
1788504300,233.96,234.01,233.95,233.99,8197
1788504360,234.00,234.21,233.98,234.06,46998
1788504420,234.05,234.75,234.05,234.65,203692
1788504480,234.61,235.07,234.61,235.00,163928
1788504540,235.03,235.03,234.90,235.00,31463
1788504600,235.01,235.01,234.77,234.84,102547
1788504660,234.84,234.98,234.69,234.91,10848
1788504720,234.98,234.99,234.80,234.87,6662
1788504780,234.87,234.94,234.80,234.84,11200
1788504840,234.90,234.98,234.84,234.85,6110
1788504900,234.90,234.94,234.79,234.79,14797
1788504960,234.88,234.90,234.81,234.82,8880
1788505020,234.86,234.87,234.73,234.83,15100
1788505080,234.84,234.95,234.79,234.86,6630
1788505140,234.90,234.99,234.86,234.92,5780
1788505200,234.99,235.00,234.89,234.99,18891
1788505260,234.99,235.20,234.99,235.16,48682
1788505320,235.10,235.12,234.90,235.02,8786
1788505380,235.02,235.02,234.82,234.93,18877
1788505440,234.94,234.94,234.81,234.90,4049
1788505500,234.88,234.95,234.88,234.92,5314
1788505560,234.89,234.93,234.78,234.80,6805
1788505620,234.89,234.89,234.77,234.77,6842
1788505680,234.83,234.84,234.67,234.70,9490
1788505740,234.75,234.75,234.66,234.68,8182
1788505800,234.73,234.83,234.68,234.81,12400
1788505860,234.80,234.85,234.71,234.72,7367
1788505920,234.80,234.84,234.68,234.81,7657
1788505980,234.82,234.85,234.69,234.84,3622
1788506040,234.85,234.85,234.70,234.70,3132
1788506100,234.68,234.80,234.66,234.71,8494
1788506160,234.79,234.80,234.71,234.80,3003
1788506220,234.80,234.80,234.65,234.76,11289
1788506280,234.75,234.80,234.69,234.72,3251
1788506340,234.78,234.80,234.71,234.77,6383
1788506400,234.77,234.79,234.70,234.78,4721
1788506460,234.77,234.78,234.70,234.77,5015
1788506520,234.75,234.80,234.73,234.76,4379
1788506580,234.79,234.80,234.64,234.72,27471
1788506640,234.76,234.76,234.62,234.72,6489
1788506700,234.73,234.93,234.64,234.88,24518
1788506760,234.93,234.93,234.76,234.82,12943
1788506820,234.90,234.92,234.71,234.83,6849
1788506880,234.80,234.84,234.71,234.84,3029
1788506940,234.84,234.84,234.70,234.77,7508
1788507000,234.76,234.76,234.65,234.75,4881
1788507060,234.75,234.75,234.65,234.75,4809
1788507120,234.75,234.75,234.72,234.75,3961
1788507180,234.74,234.93,234.74,234.78,18598
1788507240,234.85,234.90,234.54,234.69,10691
1788507300,234.75,234.75,234.69,234.72,3956
1788507360,234.71,234.72,234.56,234.65,6740
1788507420,234.59,234.70,234.58,234.69,3964
1788507480,234.70,234.70,234.66,234.67,5184
1788507540,234.66,234.70,234.64,234.65,5291
1788507600,234.70,234.87,234.66,234.84,10871
1788507660,234.85,234.88,234.79,234.86,2774
1788507720,234.86,234.91,234.80,234.90,3688
1788507780,234.81,234.91,234.78,234.90,5523
1788507840,234.81,234.91,234.81,234.85,1978
1788507900,234.90,234.93,234.85,234.85,5350
1788507960,234.92,234.92,234.83,234.89,5666
1788508020,234.92,234.92,234.83,234.90,9240
1788508080,234.87,234.92,234.86,234.90,6618
1788508140,234.92,234.93,234.75,234.83,8974
1788508200,234.89,234.92,234.74,234.88,5044
1788508260,234.87,234.90,234.80,234.90,2648
1788508320,234.87,234.93,234.87,234.93,4290
1788508380,234.90,234.94,234.90,234.94,5640
1788508440,234.92,234.95,234.90,234.93,3846
1788508500,234.92,234.99,234.92,234.98,6913
1788508560,234.98,234.98,234.96,234.97,3429
1788508620,234.93,234.99,234.90,234.90,12322
1788508680,234.93,234.98,234.90,234.96,3814
1788508740,234.96,234.99,234.90,234.90,17026
1788508800,234.90,234.96,234.80,234.90,19485
1788508860,234.90,234.90,234.81,234.81,9065
1788508920,234.85,234.85,234.81,234.85,2766
1788508980,234.85,234.88,234.81,234.84,3457
1788509040,234.86,234.86,234.83,234.84,4051
1788509100,234.83,234.90,234.82,234.90,5975
1788509160,234.85,234.94,234.85,234.90,26645
1788509220,234.90,234.94,234.85,234.87,7125
1788509280,234.86,234.92,234.81,234.81,62109
1788509340,234.82,234.87,234.80,234.85,4226
1788509400,234.85,234.86,234.81,234.82,2370
1788509460,234.86,234.89,234.81,234.83,3614
1788509520,234.85,234.94,234.83,234.86,2540
1788509580,234.90,234.95,234.86,234.88,6705
1788509640,234.88,234.92,234.80,234.90,7420
1788509700,234.90,234.92,234.88,234.89,1962
1788509760,234.92,234.95,234.89,234.93,4263
1788509820,234.96,235.04,234.93,235.04,8548
1788509880,234.97,234.98,234.93,234.97,3466
1788509940,234.94,234.95,234.80,234.93,5746
1788510000,234.92,234.92,234.75,234.81,5524
1788510060,234.81,235.03,234.77,235.03,24368
1788510120,235.01,235.03,234.94,235.00,5269
1788510180,235.03,235.03,234.89,234.91,2835
1788510240,234.93,234.97,234.89,234.89,6064
1788510300,234.93,234.93,234.85,234.89,2230
1788510360,234.89,234.94,234.86,234.90,6035
1788510420,234.90,234.93,234.82,234.92,7562
1788510480,234.92,235.02,234.86,235.00,42283
1788510540,235.02,235.03,234.87,234.96,4884
1788510600,235.01,235.04,234.92,235.00,3984
1788510660,234.99,235.00,234.93,235.00,3680
1788510720,235.00,235.00,234.75,234.82,12005
1788510780,234.82,234.89,234.78,234.84,6381
1788510840,234.83,234.88,234.83,234.88,5750
1788510900,234.85,234.90,234.83,234.85,3664
1788510960,234.85,234.88,234.78,234.81,3397
1788511020,234.81,234.87,234.77,234.79,31111
1788511080,234.79,234.83,234.61,234.74,44836
1788511140,234.68,234.75,234.67,234.75,3013
1788511200,234.75,234.82,234.73,234.82,2644
1788511260,234.82,234.82,234.75,234.80,6248
1788511320,234.76,234.79,234.63,234.73,5679
1788511380,234.73,234.73,234.67,234.73,5820
1788511440,234.67,234.73,234.66,234.72,6212
1788511500,234.71,234.71,234.67,234.71,3654
1788511560,234.68,234.71,234.63,234.66,6497
1788511620,234.65,234.70,234.65,234.70,3006
1788511680,234.67,234.70,234.66,234.67,6204
1788511740,234.66,234.70,234.61,234.70,5443
1788511800,234.68,234.70,234.65,234.67,3567
1788511860,234.66,234.66,234.60,234.63,8736
1788511920,234.63,234.67,234.53,234.65,11578
1788511980,234.63,234.69,234.62,234.67,7936
1788512040,234.66,234.73,234.66,234.72,7320
1788512100,234.73,234.76,234.65,234.70,17209
1788512160,234.75,234.78,234.70,234.75,2595
1788512220,234.75,234.75,234.64,234.75,9334
1788512280,234.67,234.76,234.65,234.76,7087
1788512340,234.76,234.82,234.74,234.77,3766
1788512400,234.82,234.82,234.77,234.77,7679
1788512460,234.80,234.80,234.74,234.76,6652
1788512520,234.76,234.80,234.75,234.79,4373
1788512580,234.79,234.80,234.68,234.68,8371
1788512640,234.70,234.74,234.60,234.74,4819
1788512700,234.70,234.82,234.70,234.77,8628
1788512760,234.79,234.79,234.60,234.65,9897
1788512820,234.70,234.70,234.60,234.61,4829
1788512880,234.60,234.68,234.51,234.55,14297
1788512940,234.64,234.65,234.52,234.55,7258
1788513000,234.64,234.64,234.54,234.55,5540
1788513060,234.56,234.68,234.50,234.68,38528
1788513120,234.66,234.67,234.54,234.56,15442
1788513180,234.56,234.58,234.50,234.50,10580
1788513240,234.55,234.57,234.50,234.51,3993
1788513300,234.52,234.55,234.45,234.45,6849
1788513360,234.52,234.52,234.40,234.50,32023
1788513420,234.54,234.58,234.41,234.54,14292
1788513480,234.53,234.55,234.51,234.51,6852
1788513540,234.55,234.57,234.51,234.55,18640
1788513600,234.56,234.60,234.50,234.56,26009
1788513660,234.52,234.59,234.51,234.54,6736
1788513720,234.55,234.59,234.51,234.59,38516
1788513780,234.66,234.66,234.50,234.56,19318
1788513840,234.57,234.60,234.52,234.56,8366
1788513900,234.52,234.60,234.51,234.56,8523
1788513960,234.51,234.65,234.51,234.59,10139
1788514020,234.57,234.70,234.56,234.65,19450
1788514080,234.70,234.71,234.57,234.57,18562
1788514140,234.61,234.65,234.52,234.65,33862
1788514200,234.64,234.75,234.60,234.65,34170
1788514260,234.65,234.68,234.50,234.58,18003
1788514320,234.54,234.56,234.45,234.54,28839
1788514380,234.54,234.57,234.50,234.51,39551
1788514440,234.51,234.60,234.50,234.60,21857
1788514500,234.67,234.75,234.66,234.70,20760
1788514560,234.69,234.70,234.58,234.61,21905
1788514620,234.58,234.61,234.58,234.60,12914
1788514680,234.60,234.63,234.55,234.62,14707
1788514740,234.60,234.71,234.60,234.71,34810
1788514800,234.71,234.77,234.69,234.77,55780
1788514860,234.78,234.83,234.76,234.82,53867
1788514920,234.81,234.83,234.63,234.63,91636
1788514980,234.63,234.79,234.57,234.77,36213
1788515040,234.75,234.78,234.55,234.65,33368
1788515100,234.65,234.65,234.65,234.65,274
1788515160,234.65,234.65,234.65,234.65,0
1788515220,234.65,234.65,234.65,234.65,0
1788515280,234.65,234.65,234.65,234.65,0
1788515340,234.65,234.65,234.65,234.65,0
1788515400,234.65,234.65,234.65,234.65,0
1788515460,234.65,234.65,234.65,234.65,0
1788515520,234.65,234.65,234.65,234.65,0
1788515580,234.65,234.65,234.65,234.65,0
1788515640,234.65,234.65,234.65,234.65,0
1788515700,234.65,234.65,234.65,234.65,0
1788515760,234.65,234.65,234.65,234.65,0
1788515820,234.65,234.65,234.65,234.65,0
1788515880,234.65,234.65,234.65,234.65,129358
1788515940,234.65,234.65,234.65,234.65,0
1788752700,235.98,235.98,234.43,234.64,206997
1788752760,234.77,234.77,233.80,234.19,144462
1788752820,234.40,234.61,234.18,234.61,82789
1788752880,234.37,234.54,234.16,234.26,39273
1788752940,234.31,234.50,234.30,234.44,28797
1788753000,234.17,234.17,234.05,234.05,63957
1788753060,233.78,233.79,233.64,233.75,73033
1788753120,233.75,233.79,233.53,233.79,55757
1788753180,233.79,233.83,233.66,233.77,12487
1788753240,233.77,233.83,233.68,233.75,24962
1788753300,233.77,233.77,233.65,233.68,18246
1788753360,233.70,233.71,233.65,233.71,12688
1788753420,233.81,233.85,233.71,233.84,11012
1788753480,233.85,233.91,233.51,233.67,84424
1788753540,233.65,233.68,233.57,233.68,35262
1788753600,233.68,233.82,233.55,233.80,8552
1788753660,233.80,233.83,233.63,233.63,18396
1788753720,233.63,233.70,233.62,233.65,9437
1788753780,233.70,233.70,233.65,233.69,8434
1788753840,233.69,233.88,233.68,233.75,19598
1788753900,233.76,233.83,233.70,233.82,12959
1788753960,233.81,233.81,233.70,233.70,9466
1788754020,233.75,233.75,233.52,233.52,31530
1788754080,233.56,233.67,233.51,233.64,27978
1788754140,233.65,233.65,233.55,233.63,9662
1788754200,233.57,233.64,233.56,233.64,21203
1788754260,233.59,233.73,233.59,233.73,8758
1788754320,233.71,233.71,233.61,233.70,8256
1788754380,233.70,233.89,233.67,233.82,21131
1788754440,233.82,233.85,233.71,233.83,7567
1788754500,233.83,233.95,233.78,233.85,31086
1788754560,233.83,233.92,233.83,233.91,9396
1788754620,233.91,233.95,233.81,233.88,5780
1788754680,233.83,233.90,233.80,233.86,19122
1788754740,233.77,233.86,233.75,233.82,8024
1788754800,233.82,233.82,233.66,233.75,8822
1788754860,233.75,233.75,233.61,233.63,7194
1788754920,233.71,233.72,233.60,233.68,9982
1788754980,233.68,233.68,233.57,233.57,5925
1788755040,233.65,233.85,233.56,233.64,27188
1788755100,233.72,233.78,233.66,233.78,2020
1788755160,233.78,233.83,233.69,233.83,6976
1788755220,233.83,233.83,233.74,233.82,5370
1788755280,233.82,233.82,233.74,233.78,9011
1788755340,233.78,233.81,233.64,233.80,26249
1788755400,233.85,234.09,233.78,234.09,33553
1788755460,234.08,234.09,233.95,234.08,6801
1788755520,234.07,234.08,234.02,234.06,6012
1788755580,234.06,234.06,234.00,234.02,4777
1788755640,234.00,234.02,233.83,233.90,9672
1788755700,233.84,233.89,233.67,233.74,23347
1788755760,233.70,233.70,233.63,233.68,5530
1788755820,233.63,233.71,233.63,233.70,7838
1788755880,233.68,233.71,233.67,233.71,10026
1788755940,233.71,233.71,233.54,233.60,39653
1788756000,233.60,233.60,233.57,233.58,7698
1788756060,233.58,233.58,233.50,233.51,22588
1788756120,233.50,233.55,233.50,233.55,19805
1788756180,233.56,233.59,233.53,233.53,9574
1788756240,233.59,233.63,233.56,233.63,2975
1788756300,233.60,233.60,233.50,233.53,10187
1788756360,233.53,233.55,233.47,233.55,38435
1788756420,233.54,233.60,233.47,233.59,4458
1788756480,233.54,233.61,233.54,233.55,4678
1788756540,233.55,233.59,233.54,233.57,5933
1788756600,233.58,233.64,233.58,233.64,6295
1788756660,233.64,233.66,233.61,233.65,4087
1788756720,233.65,233.79,233.65,233.75,21358
1788756780,233.73,233.82,233.70,233.70,5108
1788756840,233.76,233.76,233.65,233.75,6221
1788756900,233.75,233.75,233.70,233.74,3929
1788756960,233.72,233.73,233.57,233.66,14599
1788757020,233.67,233.68,233.53,233.62,8606
1788757080,233.54,233.62,233.50,233.50,5449
1788757140,233.50,233.58,233.47,233.55,11424
1788757200,233.55,233.57,233.50,233.57,6550
1788757260,233.57,233.57,233.50,233.57,5011
1788757320,233.57,233.57,233.49,233.55,6868
1788757380,233.55,233.55,233.47,233.50,9188
1788757440,233.50,233.53,233.42,233.42,7598
1788757500,233.45,233.53,233.40,233.40,16123
1788757560,233.49,233.49,233.40,233.43,12163
1788757620,233.43,233.45,233.40,233.44,8427
1788757680,233.44,233.45,233.40,233.41,4043
1788757740,233.41,233.44,233.41,233.44,5235
1788757800,233.44,233.44,233.40,233.40,8910
1788757860,233.41,233.41,233.32,233.40,16577
1788757920,233.41,233.42,233.40,233.42,3626
1788757980,233.40,233.42,233.31,233.42,8544
1788758040,233.42,233.43,233.35,233.35,4890
1788758100,233.43,233.47,233.28,233.47,20920
1788758160,233.47,233.48,233.46,233.48,2424
1788758220,233.48,233.55,233.43,233.43,4857
1788758280,233.43,233.46,233.42,233.46,6651
1788758340,233.47,233.54,233.43,233.50,5163
1788758400,233.50,233.51,233.42,233.51,2876
1788758460,233.51,233.51,233.47,233.48,4412
1788758520,233.47,233.50,233.45,233.47,8122
1788758580,233.47,233.47,232.77,233.15,359370
1788758640,233.12,233.28,233.12,233.25,22325
1788758700,233.25,233.27,233.20,233.24,4504
1788758760,233.23,233.28,233.15,233.27,35525
1788758820,233.27,233.30,233.13,233.20,15164
1788758880,233.20,233.25,233.14,233.22,4626
1788758940,233.22,233.22,233.13,233.20,6370
1788759000,233.22,233.25,233.14,233.15,6414
1788759060,233.23,233.25,233.13,233.20,8784
1788759120,233.25,233.25,233.10,233.10,6627
1788759180,233.20,233.20,233.08,233.08,7666
1788759240,233.16,233.16,233.05,233.12,9445
1788759300,233.12,233.16,233.06,233.16,4971
1788759360,233.15,233.15,233.05,233.06,6292
1788759420,233.14,233.22,233.03,233.19,19985
1788759480,233.23,233.25,233.15,233.15,2995
1788759540,233.17,233.19,233.11,233.19,3232
1788759600,233.19,233.20,233.12,233.20,3987
1788759660,233.20,233.20,233.09,233.18,7478
1788759720,233.17,233.17,233.04,233.08,8177
1788759780,233.14,233.14,233.04,233.10,6961
1788759840,233.06,233.12,233.06,233.12,2555
1788759900,233.12,233.12,233.04,233.10,6067
1788759960,233.10,233.10,233.01,233.01,6663
1788760020,233.08,233.11,233.00,233.10,8898
1788760080,233.08,233.10,233.05,233.10,5877
1788760140,233.10,233.10,233.05,233.10,5689
1788760200,233.10,233.10,233.04,233.10,4276
1788760260,233.12,233.19,233.12,233.19,12592
1788760320,233.19,233.22,233.18,233.20,1887
1788760380,233.20,233.25,233.20,233.25,3994
1788760440,233.24,233.24,233.18,233.19,8384
1788760500,233.19,233.19,233.10,233.11,4571
1788760560,233.17,233.17,233.01,233.01,5668
1788760620,233.13,233.13,233.00,233.10,4931
1788760680,233.01,233.12,233.01,233.12,7568
1788760740,233.12,233.12,233.00,233.07,3801
1788760800,233.07,233.07,233.00,233.03,4945
1788760860,233.07,233.07,233.00,233.07,5825
1788760920,233.07,233.07,233.03,233.07,6107
1788760980,233.00,233.08,233.00,233.08,7090
1788761040,233.08,233.08,233.01,233.08,5626
1788761100,233.08,233.08,233.00,233.05,7466
1788761160,233.00,233.05,233.00,233.04,4343
1788761220,233.04,233.04,232.91,232.91,12674
1788761280,232.91,233.00,232.90,232.97,11558
1788761340,232.97,232.98,232.90,232.96,5879
1788761400,232.94,232.94,232.84,232.93,6220
1788761460,232.92,232.94,232.83,232.92,9753
1788761520,232.94,233.04,232.92,232.98,30378
1788761580,233.04,233.14,232.98,233.14,2619
1788761640,233.13,233.17,233.07,233.15,6298
1788761700,233.15,233.22,233.12,233.20,3769
1788761760,233.21,233.24,233.12,233.18,7178
1788761820,233.18,233.21,233.12,233.21,5934
1788761880,233.21,234.00,233.21,233.85,434341
1788761940,233.85,233.93,233.76,233.87,22752
1788762000,233.87,233.95,233.82,233.95,12627
1788762060,233.95,234.10,233.88,233.89,27736
1788762120,233.95,234.09,233.89,233.98,5710
1788762180,233.98,234.04,233.87,233.93,6996
1788762240,233.93,233.93,233.75,233.83,11327
1788762300,233.80,233.84,233.69,233.83,16059
1788762360,233.80,233.93,233.77,233.89,7641
1788762420,233.86,233.86,233.75,233.81,4176
1788762480,233.81,233.84,233.79,233.82,5966
1788762540,233.83,233.84,233.80,233.80,3948
1788762600,233.84,233.85,233.80,233.84,6661
1788762660,233.84,233.84,233.74,233.81,6653
1788762720,233.80,233.83,233.72,233.83,7350
1788762780,233.83,233.83,233.74,233.77,4744
1788762840,233.77,233.80,233.71,233.80,6713
1788762900,233.80,233.80,233.74,233.75,5768
1788762960,233.75,233.78,233.74,233.78,5188
1788763020,233.78,233.78,233.66,233.68,6592
1788763080,233.75,233.78,233.68,233.74,5688
1788763140,233.78,233.79,233.74,233.78,5429
1788763200,233.79,233.79,233.69,233.71,7605
1788763260,233.79,233.85,233.67,233.83,18810
1788763320,233.77,233.86,233.77,233.86,5181
1788763380,233.86,233.92,233.62,233.80,22181
1788763440,233.81,233.83,233.67,233.80,4003
1788763500,233.80,233.80,233.60,233.60,5875
1788763560,233.67,233.68,233.50,233.50,8838
1788763620,233.56,233.60,233.51,233.58,9919
1788763680,233.59,233.65,233.52,233.59,5065
1788763740,233.59,233.59,233.50,233.50,7232
1788763800,233.54,233.54,233.44,233.49,7203
1788763860,233.50,233.50,233.37,233.50,9866
1788763920,233.50,233.52,233.39,233.52,7215
1788763980,233.52,233.52,233.49,233.52,3136
1788764040,233.52,233.52,233.41,233.51,4980
1788764100,233.51,233.59,233.40,233.58,9247
1788764160,233.59,233.59,233.51,233.51,2701
1788764220,233.57,233.58,233.47,233.58,4843
1788764280,233.56,233.57,233.45,233.54,4319
1788764340,233.44,233.54,233.43,233.52,6943
1788764400,233.52,233.52,233.34,233.45,9504
1788764460,233.43,233.46,233.40,233.43,3083
1788764520,233.35,233.45,233.33,233.42,5629
1788764580,233.42,233.42,233.30,233.40,6615
1788764640,233.40,233.40,233.26,233.38,9959
1788764700,233.38,233.39,233.25,233.39,9132
1788764760,233.39,233.40,233.27,233.39,7170
1788764820,233.39,233.44,233.29,233.37,6474
1788764880,233.44,233.44,233.30,233.44,5781
1788764940,233.44,233.44,233.32,233.42,5497
1788765000,233.42,233.42,233.33,233.39,3760
1788765060,233.30,233.57,233.27,233.55,17100
1788765120,233.55,233.71,233.45,233.70,7623
1788765180,233.70,233.78,233.65,233.71,4143
1788765240,233.78,233.78,233.70,233.70,2225
1788765300,233.75,233.77,233.63,233.75,6544
1788765360,233.75,233.75,233.65,233.71,4348
1788765420,233.71,233.72,233.61,233.70,6946
1788765480,233.70,233.70,233.60,233.68,4698
1788765540,233.67,233.67,233.56,233.62,5566
1788765600,233.65,233.68,233.57,233.68,32226
1788765660,233.68,233.72,233.65,233.66,6610
1788765720,233.72,233.72,233.62,233.65,3302
1788765780,233.72,233.72,233.61,233.70,5075
1788765840,233.61,233.68,233.52,233.66,6884
1788765900,233.57,233.67,233.47,233.48,5943
1788765960,233.55,233.61,233.46,233.60,7452
1788766020,233.60,233.66,233.60,233.66,7299
1788766080,233.60,233.66,233.55,233.63,2525
1788766140,233.63,233.63,233.52,233.62,6080
1788766200,233.55,233.62,233.51,233.59,4764
1788766260,233.59,233.59,233.49,233.54,7168
1788766320,233.54,233.59,233.46,233.59,9300
1788766380,233.59,233.60,233.59,233.60,1255
1788766440,233.60,233.61,233.51,233.61,4915
1788766500,233.61,233.75,233.60,233.75,13401
1788766560,233.75,233.80,233.70,233.76,6404
1788766620,233.76,233.79,233.75,233.77,16443
1788766680,233.77,233.79,233.68,233.79,9550
1788766740,233.76,233.79,233.75,233.79,3979
1788766800,233.75,233.79,233.75,233.77,6136
1788766860,233.77,233.77,233.65,233.74,4732
1788766920,233.70,233.74,233.63,233.66,8755
1788766980,233.70,233.78,233.66,233.78,2156
1788767040,233.70,233.78,233.61,233.65,4030
1788767100,233.65,233.70,233.60,233.70,5745
1788767160,233.70,233.70,233.58,233.67,5128
1788767220,233.67,233.77,233.61,233.75,20889
1788767280,233.77,233.83,233.70,233.83,7856
1788767340,233.83,233.85,233.61,233.69,10497
1788767400,233.69,233.73,233.63,233.72,3173
1788767460,233.72,233.75,233.65,233.72,3893
1788767520,233.72,233.72,233.64,233.64,6957
1788767580,233.71,233.71,233.60,233.69,4894
1788767640,233.68,233.69,233.55,233.63,7256
1788767700,233.63,233.63,233.50,233.50,6169
1788767760,233.51,233.59,233.49,233.49,9050
1788767820,233.51,233.58,233.45,233.51,5267
1788767880,233.56,233.56,233.45,233.45,5481
1788767940,233.55,233.55,233.45,233.52,7459
1788768000,233.53,233.53,233.39,233.48,9672
1788768060,233.48,233.48,233.42,233.48,2084
1788768120,233.43,233.48,233.42,233.48,5222
1788768180,233.48,233.55,233.39,233.55,8404
1788768240,233.55,233.55,233.46,233.46,2876
1788768300,233.54,233.57,233.46,233.57,9106
1788768360,233.55,233.57,233.50,233.55,3800
1788768420,233.55,233.57,233.50,233.57,4807
1788768480,233.57,233.57,233.45,233.55,5345
1788768540,233.55,233.55,233.45,233.53,5833
1788768600,233.54,233.54,233.45,233.45,5528
1788768660,233.43,233.50,233.43,233.49,6120
1788768720,233.49,233.53,233.44,233.52,9819
1788768780,233.52,233.69,233.47,233.69,19753
1788768840,233.69,233.74,233.69,233.74,1792
1788768900,233.74,233.74,233.56,233.61,12201
1788768960,233.61,233.68,233.55,233.55,3472
1788769020,233.66,233.66,233.55,233.60,6963
1788769080,233.60,233.60,233.55,233.55,4463
1788769140,233.59,233.64,233.55,233.64,9932
1788769200,233.64,233.65,233.63,233.65,2768
1788769260,233.65,233.65,233.63,233.65,4654
1788769320,233.63,233.68,233.63,233.65,7706
1788769380,233.66,233.75,233.66,233.75,13418
1788769440,233.75,233.80,233.74,233.80,6940
1788769500,233.78,233.80,233.78,233.80,1038
1788769560,233.80,233.80,233.71,233.79,4259
1788769620,233.79,233.80,233.63,233.70,25368
1788769680,233.70,233.72,233.69,233.72,2904
1788769740,233.71,233.72,233.63,233.63,5044
1788769800,233.70,233.72,233.65,233.72,5717
1788769860,233.66,233.75,233.63,233.67,11753
1788769920,233.75,233.75,233.63,233.63,4327
1788769980,233.71,233.72,233.63,233.72,5616
1788770040,233.66,233.76,233.66,233.70,7671
1788770100,233.75,233.76,233.60,233.60,9311
1788770160,233.66,233.66,233.52,233.60,9813
1788770220,233.60,233.62,233.54,233.62,2822
1788770280,233.62,233.62,233.50,233.59,5456
1788770340,233.59,233.59,233.50,233.50,4589
1788770400,233.58,233.58,233.50,233.55,5928
1788770460,233.55,233.55,233.50,233.55,6274
1788770520,233.55,233.55,233.50,233.55,4547
1788770580,233.55,233.55,233.35,233.50,25949
1788770640,233.49,233.50,233.44,233.49,4148
1788770700,233.50,233.50,233.38,233.39,5936
1788770760,233.47,233.47,233.35,233.40,4990
1788770820,233.33,233.44,233.33,233.44,5225
1788770880,233.44,233.44,233.32,233.44,7988
1788770940,233.44,233.46,233.41,233.45,4068
1788771000,233.45,233.45,233.40,233.45,4323
1788771060,233.45,233.48,233.45,233.48,6939
1788771120,233.48,233.50,233.45,233.45,6061
1788771180,233.50,233.50,233.45,233.46,5791
1788771240,233.50,233.50,233.45,233.50,6600
1788771300,233.50,233.50,233.45,233.50,6536
1788771360,233.50,233.50,233.45,233.50,4949
1788771420,233.50,233.52,233.45,233.52,10319
1788771480,233.52,233.52,233.50,233.52,2883
1788771540,233.52,233.52,233.40,233.51,5051
1788771600,233.51,233.51,233.46,233.50,6399
1788771660,233.46,233.51,233.45,233.49,6132
1788771720,233.49,233.49,233.40,233.47,5684
1788771780,233.47,233.51,233.47,233.48,10712
1788771840,233.51,233.51,233.41,233.45,15623
1788771900,233.45,233.48,233.36,233.45,9353
1788771960,233.45,233.48,233.43,233.48,2926
1788772020,233.50,233.51,233.45,233.50,10670
1788772080,233.50,233.50,233.45,233.48,7127
1788772140,233.40,233.48,233.35,233.41,9266
1788772200,233.36,233.41,233.27,233.36,10232
1788772260,233.36,233.36,233.26,233.36,7288
1788772320,233.33,233.36,233.25,233.34,8303
1788772380,233.25,233.32,233.21,233.29,7624
1788772440,233.30,233.30,233.20,233.29,7576
1788772500,233.29,233.29,233.20,233.27,7967
1788772560,233.28,233.28,233.20,233.26,6431
1788772620,233.26,233.27,233.25,233.26,8731
1788772680,233.26,233.31,233.25,233.31,17408
1788772740,233.30,233.36,233.30,233.36,18261
1788772800,233.34,233.36,233.33,233.36,6411
1788772860,233.38,233.38,233.37,233.37,5988
1788772920,233.38,233.44,233.37,233.40,49188
1788772980,233.37,233.43,233.37,233.42,7453
1788773040,233.42,233.47,233.42,233.44,10953
1788773100,233.45,233.45,233.41,233.45,7069
1788773160,233.45,233.45,233.40,233.40,11103
1788773220,233.42,233.49,233.38,233.47,40674
1788773280,233.49,233.50,233.31,233.43,29598
1788773340,233.40,233.43,233.22,233.32,11939
1788773400,233.20,233.20,233.05,233.19,73863
1788773460,233.24,233.31,233.18,233.31,17932
1788773520,233.31,233.36,233.31,233.36,11281
1788773580,233.34,233.36,233.31,233.34,15586
1788773640,233.32,233.32,233.24,233.27,28256
1788773700,233.27,233.34,233.20,233.31,55466
1788773760,233.26,233.30,233.05,233.15,36585
1788773820,233.14,233.16,233.01,233.10,22816
1788773880,233.07,233.07,233.00,233.02,29816
1788773940,233.00,233.02,233.00,233.00,34397
1788774000,233.01,233.02,233.00,233.01,63457
1788774060,233.00,233.01,232.98,232.99,53254
1788774120,233.00,233.01,232.81,232.86,146413
1788774180,232.91,233.21,232.82,233.10,39874
1788774240,233.10,233.55,233.06,233.35,19275
1788774300,233.35,233.35,233.35,233.35,0
1788774360,233.35,233.35,233.35,233.35,0
1788774420,233.35,233.35,233.35,233.35,0
1788774480,233.35,233.35,233.35,233.35,0
1788774540,233.35,233.35,233.35,233.35,0
1788774600,233.35,233.35,233.35,233.35,0
1788774660,233.35,233.35,233.35,233.35,0
1788774720,233.35,233.35,233.35,233.35,0
1788774780,233.35,233.35,233.35,233.35,0
1788774840,233.35,233.35,233.35,233.35,0
1788774900,233.35,233.35,233.35,233.35,0
1788774960,233.35,233.35,233.35,233.35,0
1788775020,233.35,233.35,233.35,233.35,0
1788775080,233.35,233.35,233.35,233.35,0
1788775140,233.35,233.35,233.35,233.35,0
1788839100,234.80,234.80,232.52,232.87,83449
1788839160,232.88,233.64,232.88,233.47,34477
1788839220,233.40,233.57,233.38,233.53,21994
1788839280,233.53,233.88,233.53,233.76,35798
1788839340,233.76,233.92,233.40,233.85,24293
1788839400,233.85,233.85,233.78,233.80,15519
1788839460,233.80,233.80,233.54,233.54,10102
1788839520,233.54,233.66,233.49,233.56,10340
1788839580,233.56,233.73,233.52,233.73,4688
1788839640,233.71,234.00,233.71,233.98,7525
1788839700,233.93,233.98,233.44,233.45,34587
1788839760,233.45,233.58,233.40,233.55,31905
1788839820,233.53,233.64,233.50,233.58,4173
1788839880,233.71,233.87,233.63,233.83,10550
1788839940,233.89,233.90,233.83,233.83,8154
1788840000,233.88,233.95,233.83,233.87,11841
1788840060,233.87,233.97,233.82,233.91,20510
1788840120,233.92,233.97,233.83,233.95,7075
1788840180,233.95,233.95,233.76,233.87,8627
1788840240,233.87,233.87,233.62,233.73,7624
1788840300,233.73,233.76,233.66,233.74,3294
1788840360,233.74,233.74,233.55,233.61,12148
1788840420,233.61,233.61,233.51,233.53,4502
1788840480,233.53,233.53,233.37,233.47,28323
1788840540,233.47,233.50,233.43,233.43,2803
1788840600,233.43,233.66,233.43,233.58,5516
1788840660,233.55,233.64,233.43,233.43,8948
1788840720,233.47,233.49,233.36,233.37,5902
1788840780,233.37,233.39,233.30,233.32,4227
1788840840,233.33,233.40,233.29,233.40,7509
1788840900,233.40,233.40,233.30,233.38,1622
1788840960,233.38,233.38,233.17,233.26,16121
1788841020,233.21,233.26,233.16,233.16,3015
1788841080,233.20,233.24,233.11,233.20,3789
1788841140,233.16,233.23,233.16,233.18,5558
1788841200,233.18,233.30,233.16,233.30,9968
1788841260,233.30,233.30,233.20,233.20,1950
1788841320,233.21,233.25,233.17,233.20,5125
1788841380,233.20,233.20,233.12,233.15,4195
1788841440,233.14,233.27,233.14,233.16,4993
1788841500,233.18,233.26,233.14,233.20,4921
1788841560,233.24,233.24,233.11,233.11,22174
1788841620,233.14,233.17,233.10,233.10,12746
1788841680,233.14,233.15,233.10,233.14,5049
1788841740,233.17,233.18,233.03,233.03,12322
1788841800,233.06,233.08,233.00,233.06,7233
1788841860,233.08,233.28,232.89,232.91,47599
1788841920,232.94,233.06,232.94,232.97,5478
1788841980,233.04,233.04,232.93,232.93,3676
1788842040,233.00,233.03,232.91,232.99,3554
1788842100,233.00,233.03,232.85,232.90,10245
1788842160,232.81,232.91,232.78,232.85,7558
1788842220,232.88,232.88,232.82,232.86,3948
1788842280,232.92,232.96,232.85,232.90,2097
1788842340,232.90,232.96,232.90,232.92,5097
1788842400,232.92,232.97,232.88,232.92,6934
1788842460,232.96,232.96,232.82,232.87,5789
1788842520,232.87,232.98,232.83,232.94,14390
1788842580,232.94,233.03,232.90,232.90,8699
1788842640,232.91,232.96,232.90,232.91,2867
1788842700,232.95,233.05,232.91,232.98,7594
1788842760,232.95,232.98,232.89,232.95,22014
1788842820,232.91,232.95,232.90,232.91,2076
1788842880,232.90,232.94,232.82,232.92,16660
1788842940,232.92,232.92,232.81,232.86,2738
1788843000,232.85,232.86,232.82,232.83,1261
1788843060,232.86,232.95,232.83,232.91,7240
1788843120,232.94,233.00,232.94,232.97,1699
1788843180,233.00,233.06,233.00,233.01,2874
1788843240,233.01,233.12,233.01,233.07,1948
1788843300,233.08,233.10,233.07,233.09,3709
1788843360,233.09,233.20,233.01,233.05,10271
1788843420,233.11,233.12,232.87,232.90,9474
1788843480,232.91,232.96,232.89,232.91,1770
1788843540,232.95,232.96,232.90,232.96,3171
1788843600,232.95,232.99,232.91,232.99,3687
1788843660,232.91,233.00,232.91,232.95,6112
1788843720,232.95,232.98,232.91,232.91,4212
1788843780,232.95,233.00,232.91,232.98,4870
1788843840,232.98,233.03,232.90,232.90,6248
1788843900,232.90,232.98,232.86,232.91,12262
1788843960,232.94,232.94,232.85,232.87,4157
1788844020,232.85,232.91,232.75,232.75,24638
1788844080,232.79,232.83,232.68,232.70,6957
1788844140,232.75,232.76,232.62,232.65,10268
1788844200,232.65,232.78,232.64,232.64,4095
1788844260,232.69,232.74,232.65,232.74,2953
1788844320,232.70,232.80,232.70,232.80,2970
1788844380,232.80,232.87,232.74,232.74,14461
1788844440,232.79,232.86,232.74,232.74,5990
1788844500,232.74,232.79,232.70,232.75,5085
1788844560,232.75,232.85,232.71,232.82,4808
1788844620,232.82,232.90,232.79,232.80,12355
1788844680,232.82,232.82,232.73,232.74,48049
1788844740,232.74,232.83,232.67,232.70,72325
1788844800,232.68,232.77,232.61,232.66,47706
1788844860,232.66,232.71,232.60,232.66,5168
1788844920,232.71,232.79,232.63,232.76,7277
1788844980,232.71,232.76,232.67,232.67,3258
1788845040,232.67,232.68,232.66,232.68,3317
1788845100,232.66,232.68,232.50,232.52,35523
1788845160,232.52,232.62,232.52,232.56,4737
1788845220,232.55,232.60,232.50,232.56,10239
1788845280,232.50,232.58,232.45,232.45,26987
1788845340,232.45,232.49,232.41,232.45,4157
1788845400,232.45,232.45,232.39,232.39,1998
1788845460,232.39,232.55,232.30,232.42,26016
1788845520,232.45,232.45,232.30,232.33,2130
1788845580,232.33,232.42,232.33,232.34,7128
1788845640,232.35,232.48,232.35,232.46,7774
1788845700,232.46,232.50,232.42,232.47,5357
1788845760,232.50,232.52,232.47,232.48,7000
1788845820,232.50,232.52,232.48,232.52,3629
1788845880,232.52,232.61,232.51,232.61,8027
1788845940,232.63,232.63,232.50,232.52,12644
1788846000,232.56,232.60,232.51,232.52,8886
1788846060,232.58,232.58,232.40,232.40,12507
1788846120,232.53,232.53,232.41,232.48,16191
1788846180,232.48,232.55,232.43,232.55,5169
1788846240,232.54,232.55,232.45,232.55,2287
1788846300,232.55,232.55,232.50,232.50,2535
1788846360,232.55,232.55,232.50,232.54,1664
1788846420,232.54,232.61,232.53,232.60,12349
1788846480,232.61,232.61,232.51,232.51,3442
1788846540,232.50,232.52,232.40,232.48,11384
1788846600,232.48,232.51,232.42,232.44,3857
1788846660,232.48,232.48,232.45,232.45,853
1788846720,232.48,232.48,232.41,232.45,5820
1788846780,232.41,232.51,232.39,232.43,13627
1788846840,232.44,232.50,232.40,232.46,5225
1788846900,232.49,232.56,232.40,232.56,3716
1788846960,232.56,232.75,232.56,232.75,23166
1788847020,232.75,232.75,232.51,232.51,13503
1788847080,232.50,232.57,232.50,232.53,5850
1788847140,232.57,232.63,232.52,232.60,3343
1788847200,232.63,232.66,232.52,232.65,6787
1788847260,232.61,232.61,232.51,232.55,2469
1788847320,232.57,232.58,232.51,232.58,3223
1788847380,232.58,232.59,232.53,232.57,9743
1788847440,232.57,232.62,232.51,232.56,4779
1788847500,232.60,232.63,232.55,232.56,4724
1788847560,232.57,232.63,232.57,232.63,3778
1788847620,232.59,232.68,232.59,232.61,7715
1788847680,232.64,232.65,232.64,232.64,2599
1788847740,232.65,232.65,232.64,232.65,2271
1788847800,232.65,232.85,232.64,232.73,58517
1788847860,232.72,232.82,232.68,232.75,11009
1788847920,232.78,232.78,232.66,232.70,3320
1788847980,232.76,232.76,232.73,232.76,1624
1788848040,232.73,232.90,232.73,232.89,11786
1788848100,232.90,232.90,232.81,232.88,6271
1788848160,232.88,232.99,232.82,232.98,10627
1788848220,232.97,232.99,232.89,232.97,7936
1788848280,232.94,232.95,232.90,232.95,3773
1788848340,232.88,233.00,232.84,232.84,20279
1788848400,232.83,232.88,232.74,232.81,14584
1788848460,232.83,232.89,232.80,232.80,3350
1788848520,232.87,232.87,232.81,232.87,762
1788848580,232.82,232.87,232.76,232.76,7959
1788848640,232.81,232.84,232.75,232.84,8495
1788848700,232.77,232.87,232.77,232.84,6923
1788848760,232.77,232.87,232.77,232.82,3500
1788848820,232.85,232.89,232.82,232.85,3869
1788848880,232.89,232.97,232.85,232.85,14507
1788848940,232.89,232.93,232.85,232.86,4006
1788849000,232.89,232.93,232.85,232.90,2431
1788849060,232.89,232.93,232.76,232.76,20084
1788849120,232.80,232.84,232.76,232.76,2493
1788849180,232.82,232.82,232.76,232.80,3950
1788849240,232.81,232.81,232.71,232.72,10769
1788849300,232.71,232.72,232.68,232.70,4382
1788849360,232.74,232.74,232.70,232.73,2116
1788849420,232.74,232.74,232.73,232.74,2109
1788849480,232.74,232.75,232.73,232.75,3506
1788849540,232.75,232.75,232.64,232.68,11346
1788849600,232.65,232.68,232.63,232.64,2375
1788849660,232.64,232.68,232.63,232.63,2198
1788849720,232.67,232.67,232.34,232.38,39534
1788849780,232.43,232.44,232.36,232.44,2000
1788849840,232.41,232.44,232.36,232.42,3698
1788849900,232.41,232.45,232.40,232.40,2182
1788849960,232.45,232.49,232.40,232.41,2561
1788850020,232.40,232.46,232.40,232.42,1813
1788850080,232.45,232.45,232.22,232.26,34997
1788850140,232.30,232.36,232.26,232.30,5464
1788850200,232.34,232.38,232.30,232.37,5259
1788850260,232.33,232.39,232.32,232.36,4559
1788850320,232.32,232.36,232.32,232.34,1530
1788850380,232.33,232.37,232.33,232.33,2832
1788850440,232.32,232.36,232.32,232.34,4373
1788850500,232.36,232.41,232.25,232.26,30083
1788850560,232.26,232.34,232.25,232.34,10614
1788850620,232.30,232.34,232.26,232.26,9240
1788850680,232.30,232.36,232.27,232.36,11624
1788850740,232.35,232.39,232.35,232.39,7616
1788850800,232.39,232.41,232.38,232.39,2988
1788850860,232.40,232.50,232.39,232.50,11643
1788850920,232.45,232.79,232.43,232.72,36756
1788850980,232.74,232.74,232.45,232.45,33304
1788851040,232.50,232.50,232.41,232.46,1863
1788851100,232.43,232.54,232.43,232.52,4899
1788851160,232.52,232.54,232.48,232.50,25913
1788851220,232.48,232.50,232.48,232.50,770
1788851280,232.49,232.55,232.46,232.48,71099
1788851340,232.46,232.52,232.45,232.50,7315
1788851400,232.48,232.52,232.39,232.42,18558
1788851460,232.42,232.46,232.35,232.46,28823
1788851520,232.42,232.51,232.36,232.51,75469
1788851580,232.52,232.69,232.47,232.50,126854
1788851640,232.50,232.65,232.45,232.59,138416
1788851700,232.60,232.60,232.41,232.41,14072
1788851760,232.41,232.47,232.41,232.47,1245
1788851820,232.44,232.47,232.44,232.47,1580
1788851880,232.47,232.47,232.38,232.38,10075
1788851940,232.37,232.44,232.37,232.37,7933
1788852000,232.39,232.44,232.37,232.42,3964
1788852060,232.40,232.72,232.40,232.56,58698
1788852120,232.47,232.81,232.47,232.80,27256
1788852180,232.80,232.98,232.76,232.95,25713
1788852240,232.97,233.12,232.90,233.04,68621
1788852300,233.07,233.20,233.04,233.18,13233
1788852360,233.17,233.22,233.12,233.19,16663
1788852420,233.17,233.22,233.16,233.16,10496
1788852480,233.16,233.18,232.98,233.14,29555
1788852540,233.14,233.16,233.06,233.16,5066
1788852600,233.10,233.16,233.10,233.12,2551
1788852660,233.15,233.20,233.13,233.16,17415
1788852720,233.20,233.20,233.16,233.19,10953
1788852780,233.20,233.23,233.19,233.22,5543
1788852840,233.21,233.22,233.08,233.22,14680
1788852900,233.14,233.27,233.14,233.25,9344
1788852960,233.25,233.27,233.25,233.26,3449
1788853020,233.27,233.37,233.27,233.37,11797
1788853080,233.30,233.44,233.30,233.43,9046
1788853140,233.40,233.44,233.30,233.35,11835
1788853200,233.31,233.37,233.31,233.35,4265
1788853260,233.35,233.38,233.30,233.36,3428
1788853320,233.36,233.40,233.30,233.30,9499
1788853380,233.37,233.45,233.31,233.41,9857
1788853440,233.45,233.49,233.41,233.44,14188
1788853500,233.44,233.72,233.44,233.70,47253
1788853560,233.80,233.87,233.60,233.72,82283
1788853620,233.73,233.75,233.71,233.75,2667
1788853680,233.73,233.80,233.73,233.75,6941
1788853740,233.76,234.24,233.76,234.24,86919
1788853800,234.20,234.45,234.16,234.25,36560
1788853860,234.25,234.41,234.18,234.41,42510
1788853920,234.44,234.49,234.41,234.44,28966
1788853980,234.45,234.60,234.44,234.60,44975
1788854040,234.60,234.69,234.60,234.61,23104
1788854100,234.59,234.70,234.59,234.69,33934
1788854160,234.70,234.75,234.61,234.75,36005
1788854220,234.60,234.74,234.60,234.68,11638
1788854280,234.66,235.00,234.66,234.87,66154
1788854340,234.85,234.90,234.67,234.70,22319
1788854400,234.75,234.79,234.55,234.79,30423
1788854460,234.78,234.93,234.71,234.93,46410
1788854520,234.93,234.93,234.79,234.85,15305
1788854580,234.85,234.85,234.61,234.80,48523
1788854640,234.80,234.99,234.75,234.83,30282
1788854700,234.85,234.99,234.83,234.95,17260
1788854760,234.93,234.98,234.93,234.97,10720
1788854820,234.97,234.99,234.80,234.85,29903
1788854880,234.90,234.94,234.78,234.79,26128
1788854940,234.85,234.85,234.72,234.78,11194
1788855000,234.79,234.94,234.79,234.94,18157
1788855060,234.92,234.96,234.90,234.96,11915
1788855120,234.95,234.97,234.90,234.91,9525
1788855180,234.88,234.95,234.81,234.84,10500
1788855240,234.81,234.84,234.70,234.72,19721
1788855300,234.71,234.75,234.62,234.66,10801
1788855360,234.68,234.73,234.65,234.70,9518
1788855420,234.66,234.70,234.54,234.60,37501
1788855480,234.60,234.78,234.56,234.67,42138
1788855540,234.69,234.80,234.69,234.80,11697
1788855600,234.79,234.80,234.71,234.75,3987
1788855660,234.75,234.80,234.61,234.69,13978
1788855720,234.65,234.74,234.65,234.68,8676
1788855780,234.70,234.72,234.61,234.70,12847
1788855840,234.70,234.75,234.66,234.70,10455
1788855900,234.67,234.74,234.67,234.74,11513
1788855960,234.72,234.80,234.72,234.76,17657
1788856020,234.80,234.84,234.76,234.80,10745
1788856080,234.80,234.85,234.71,234.85,18569
1788856140,234.82,234.85,234.79,234.85,12370
1788856200,234.85,234.90,234.80,234.88,9728
1788856260,234.88,234.88,234.80,234.85,13467
1788856320,234.88,234.88,234.81,234.82,12579
1788856380,234.81,235.15,234.81,235.07,69141
1788856440,235.06,235.19,235.05,235.15,24791
1788856500,235.15,235.18,235.11,235.18,12147
1788856560,235.15,235.18,235.04,235.12,11361
1788856620,235.13,235.13,235.00,235.01,16677
1788856680,235.09,235.15,235.07,235.09,12619
1788856740,235.15,235.58,235.08,235.58,37107
1788856800,235.59,235.80,235.51,235.69,66398
1788856860,235.70,235.70,235.50,235.58,11887
1788856920,235.59,235.70,235.43,235.70,37269
1788856980,235.63,235.70,235.54,235.61,39629
1788857040,235.54,235.84,235.54,235.84,54861
1788857100,235.88,235.88,235.70,235.78,84954
1788857160,235.76,235.89,235.73,235.88,37917
1788857220,235.85,236.24,235.85,236.20,105508
1788857280,236.17,236.20,236.15,236.15,17162
1788857340,236.20,236.20,236.00,236.02,24170
1788857400,236.11,236.18,236.00,236.18,34154
1788857460,236.27,236.55,236.24,236.49,61598
1788857520,236.50,236.70,236.47,236.60,64785
1788857580,236.66,236.70,236.60,236.64,20211
1788857640,236.64,236.65,236.61,236.62,13833
1788857700,236.62,236.65,236.46,236.51,50136
1788857760,236.59,236.64,236.51,236.56,27033
1788857820,236.56,236.59,236.35,236.35,25388
1788857880,236.44,237.20,236.40,237.20,189301
1788857940,237.18,237.90,237.17,237.82,170560
1788858000,237.82,238.00,237.36,237.52,236465
1788858060,237.64,237.64,237.34,237.59,45650
1788858120,237.59,237.65,237.50,237.60,48136
1788858180,237.66,237.66,237.50,237.50,24001
1788858240,237.55,237.55,237.35,237.46,45714
1788858300,237.50,237.54,237.40,237.40,11433
1788858360,237.48,237.48,237.40,237.46,18233
1788858420,237.41,237.41,237.02,237.10,40855
1788858480,237.19,237.20,236.93,236.95,35806
1788858540,237.08,237.11,236.93,236.97,41460
1788858600,236.99,236.99,236.73,236.84,21068
1788858660,236.85,236.91,236.74,236.89,16370
1788858720,236.91,237.00,236.84,236.84,45013
1788858780,236.89,236.93,236.71,236.77,29456
1788858840,236.79,236.79,236.71,236.75,10686
1788858900,236.80,236.87,236.77,236.83,11972
1788858960,236.83,236.88,236.60,236.81,123637
1788859020,236.89,236.92,236.80,236.92,14379
1788859080,236.93,236.94,236.78,236.90,21448
1788859140,236.90,236.96,236.85,236.90,22458
1788859200,236.90,236.98,236.86,236.92,22011
1788859260,236.92,236.95,236.50,236.57,57589
1788859320,236.62,236.62,236.42,236.47,30011
1788859380,236.49,236.49,236.35,236.40,25653
1788859440,236.45,236.57,236.42,236.57,25320
1788859500,236.58,236.60,236.42,236.60,31406
1788859560,236.60,236.68,236.51,236.61,29489
1788859620,236.59,236.66,236.50,236.61,22952
1788859680,236.68,236.69,236.59,236.62,20991
1788859740,236.63,236.69,236.53,236.61,28916
1788859800,236.55,236.63,236.41,236.63,26245
1788859860,236.61,236.73,236.60,236.66,21921
1788859920,236.66,236.99,236.63,236.89,62795
1788859980,236.97,237.00,236.85,236.93,24223
1788860040,236.93,237.10,236.89,237.06,36142
1788860100,237.03,237.06,236.92,236.94,35637
1788860160,236.94,236.95,236.77,236.77,35581
1788860220,236.79,236.98,236.72,236.72,36647
1788860280,236.79,236.98,236.77,236.92,35176
1788860340,236.98,236.98,236.85,236.98,44095
1788860400,236.95,236.98,236.70,236.89,109631
1788860460,236.88,236.96,236.75,236.75,73015
1788860520,236.76,236.90,236.60,236.81,145111
1788860580,236.83,236.87,236.55,236.79,137368
1788860640,236.79,236.86,236.58,236.78,26935
1788860700,236.78,236.78,236.78,236.78,7
1788860760,236.78,236.78,236.78,236.78,0
1788860820,236.78,236.78,236.78,236.78,0
1788860880,236.78,236.78,236.78,236.78,0
1788860940,236.78,236.78,236.78,236.78,0
1788861000,236.78,236.78,236.78,236.78,0
1788861060,236.78,236.78,236.78,236.78,0
1788861120,236.78,236.78,236.78,236.78,0
1788861180,236.78,236.78,236.78,236.78,0
1788861240,236.78,236.78,236.78,236.78,0
1788861300,236.78,236.78,236.78,236.78,0
1788861360,236.78,236.78,236.78,236.78,0
1788861420,236.78,236.78,236.78,236.78,0
1788861480,236.78,236.78,236.78,236.78,0
1788861540,236.78,236.78,236.00,236.00,444057
1788925080,237.80,237.80,237.80,237.80,105367
1788925140,237.80,237.80,237.80,237.80,0
1788925200,237.80,237.80,237.80,237.80,0
1788925260,237.80,237.80,237.80,237.80,0
1788925320,237.80,237.80,237.80,237.80,0
1788925380,237.80,237.80,237.80,237.80,0
1788925440,237.80,237.80,237.80,237.80,0
1788925500,237.80,239.10,237.40,237.74,421642
1788925560,237.76,239.20,237.53,238.77,223610
1788925620,238.77,239.05,238.70,238.94,148856
1788925680,239.05,239.13,238.81,238.88,113479
1788925740,238.64,238.90,238.38,238.79,131430
1788925800,238.77,239.27,238.77,238.86,144878
1788925860,238.86,238.97,238.58,238.61,88729
1788925920,238.61,239.00,238.51,238.84,71846
1788925980,238.79,238.79,238.22,238.28,61855
1788926040,238.40,238.40,238.15,238.28,39298
1788926100,238.28,238.72,238.28,238.69,47273
1788926160,238.66,238.68,238.53,238.59,23456
1788926220,238.57,238.65,238.32,238.56,35645
1788926280,238.56,238.57,238.43,238.43,47299
1788926340,238.44,238.44,238.20,238.30,36368
1788926400,238.27,238.29,237.82,237.82,79730
1788926460,237.82,237.82,237.43,237.60,39344
1788926520,237.60,237.63,237.29,237.60,83043
1788926580,237.57,237.95,237.40,237.85,48387
1788926640,237.85,238.05,237.69,238.01,40831
1788926700,238.01,238.05,237.93,237.95,18489
1788926760,238.01,238.01,237.84,237.85,14191
1788926820,237.84,237.85,237.80,237.85,15832
1788926880,237.85,237.85,237.61,237.63,19684
1788926940,237.63,237.65,237.51,237.65,14068
1788927000,237.65,237.65,237.57,237.65,32954
1788927060,237.65,237.65,237.40,237.40,22164
1788927120,237.40,237.45,237.32,237.44,21608
1788927180,237.44,237.56,237.35,237.56,30945
1788927240,237.55,237.55,237.39,237.55,30919
1788927300,237.53,237.60,237.35,237.45,29252
1788927360,237.45,237.65,237.45,237.64,11545
1788927420,237.63,237.63,237.46,237.46,17575
1788927480,237.46,237.63,237.37,237.58,9620
1788927540,237.60,237.60,237.51,237.51,11540
1788927600,237.53,237.61,237.41,237.46,26492
1788927660,237.41,237.49,237.40,237.40,18215
1788927720,237.40,237.47,237.32,237.37,42766
1788927780,237.38,237.47,237.26,237.38,67236
1788927840,237.38,237.75,237.34,237.62,101174
1788927900,237.58,237.60,237.49,237.53,15335
1788927960,237.54,237.54,237.42,237.50,10647
1788928020,237.48,237.51,237.41,237.42,19344
1788928080,237.46,237.49,237.34,237.40,15394
1788928140,237.40,237.41,237.30,237.30,10842
1788928200,237.34,237.37,237.21,237.28,16330
1788928260,237.28,237.28,237.19,237.25,21594
1788928320,237.25,237.28,237.13,237.20,14520
1788928380,237.20,237.20,237.05,237.09,19250
1788928440,237.09,237.15,236.96,237.05,55272
1788928500,237.09,237.09,236.90,237.00,18804
1788928560,236.97,237.03,236.80,236.98,28453
1788928620,236.91,237.03,236.87,237.02,13258
1788928680,237.02,237.02,236.90,236.96,6446
1788928740,236.95,236.96,236.75,236.86,32836
1788928800,236.80,236.95,236.75,236.95,12344
1788928860,236.92,236.94,236.85,236.86,11753
1788928920,236.86,236.90,236.79,236.85,12590
1788928980,236.89,236.90,236.80,236.87,11416
1788929040,236.87,236.94,236.71,236.79,34730
1788929100,236.80,236.88,236.80,236.81,8302
1788929160,236.80,236.84,236.77,236.80,9679
1788929220,236.81,236.92,236.80,236.88,27688
1788929280,236.88,236.89,236.83,236.88,15728
1788929340,236.89,237.28,236.85,237.20,80557
1788929400,237.16,237.16,236.85,236.88,12929
1788929460,236.85,237.03,236.85,236.98,20958
1788929520,236.92,236.99,236.89,236.94,30786
1788929580,236.94,237.09,236.85,237.09,24886
1788929640,237.11,237.11,236.83,236.95,27804
1788929700,236.95,236.96,236.87,236.87,3643
1788929760,236.90,236.90,236.87,236.90,6017
1788929820,236.90,236.94,236.75,236.77,31684
1788929880,236.77,236.83,236.75,236.82,22571
1788929940,236.76,236.90,236.76,236.89,10426
1788930000,236.90,236.94,236.90,236.94,5865
1788930060,236.94,236.94,236.93,236.94,927
1788930120,236.93,236.94,236.90,236.91,7949
1788930180,237.05,237.23,237.05,237.11,45353
1788930240,237.11,237.18,237.08,237.10,4476
1788930300,237.10,237.28,237.10,237.16,20806
1788930360,237.18,237.18,237.08,237.11,29313
1788930420,237.17,237.17,236.85,236.85,20399
1788930480,236.85,237.00,236.82,236.97,22451
1788930540,236.97,237.00,236.89,237.00,5329
1788930600,236.98,237.07,236.98,236.99,4281
1788930660,236.99,236.99,236.92,236.94,8711
1788930720,236.92,236.93,236.80,236.92,12572
1788930780,236.90,236.96,236.86,236.89,7936
1788930840,236.93,236.94,236.84,236.84,7919
1788930900,236.84,237.00,236.84,237.00,12658
1788930960,237.00,237.00,236.81,236.94,9238
1788931020,236.90,236.94,236.81,236.85,6329
1788931080,236.85,236.88,236.83,236.85,13337
1788931140,236.85,236.85,236.77,236.77,44862
1788931200,236.78,236.84,236.71,236.84,6551
1788931260,236.84,236.88,236.77,236.88,8612
1788931320,236.87,237.07,236.82,237.05,12927
1788931380,236.99,237.12,236.96,237.11,12111
1788931440,237.09,237.09,237.05,237.06,1684
1788931500,237.06,237.12,237.05,237.10,6211
1788931560,237.10,237.19,237.07,237.19,14602
1788931620,237.14,237.25,237.14,237.20,20420
1788931680,237.20,237.20,237.10,237.12,7476
1788931740,237.12,237.12,237.05,237.05,11816
1788931800,237.05,237.05,236.88,236.94,19418
1788931860,236.94,236.94,236.88,236.93,3514
1788931920,236.93,236.93,236.91,236.93,9991
1788931980,236.93,237.07,236.92,237.04,28711
1788932040,237.00,237.05,236.93,237.04,6772
1788932100,237.04,237.04,237.01,237.01,6324
1788932160,237.03,237.10,237.01,237.09,32600
1788932220,237.09,237.10,237.02,237.09,9107
1788932280,237.09,237.09,236.93,236.98,9175
1788932340,236.98,236.98,236.90,236.91,10356
1788932400,236.91,236.94,236.85,236.93,7450
1788932460,236.94,236.94,236.86,236.90,7933
1788932520,236.90,236.92,236.32,236.65,153195
1788932580,236.65,236.82,236.50,236.53,17117
1788932640,236.54,236.88,236.45,236.78,19659
1788932700,236.78,237.06,236.68,237.00,12771
1788932760,236.97,237.24,236.94,237.13,51443
1788932820,237.14,237.37,237.13,237.20,19833
1788932880,237.24,237.24,236.98,237.05,16288
1788932940,237.06,237.16,237.03,237.11,11734
1788933000,237.16,237.16,237.01,237.03,11539
1788933060,237.03,237.08,236.90,236.92,15683
1788933120,236.91,236.94,236.78,236.79,12709
1788933180,236.78,236.84,236.78,236.82,7566
1788933240,236.81,236.89,236.81,236.82,9358
1788933300,236.82,236.87,236.82,236.84,10793
1788933360,236.85,236.85,236.45,236.52,43446
1788933420,236.54,236.65,236.31,236.55,35947
1788933480,236.55,236.67,236.50,236.55,11471
1788933540,236.55,236.63,236.51,236.55,6085
1788933600,236.55,236.70,236.54,236.62,10553
1788933660,236.66,236.67,236.52,236.53,14344
1788933720,236.53,236.62,236.50,236.55,16697
1788933780,236.60,236.62,236.50,236.57,8731
1788933840,236.56,236.58,236.55,236.55,6390
1788933900,236.57,236.70,236.57,236.59,11030
1788933960,236.59,236.60,236.53,236.53,13510
1788934020,236.53,236.53,236.50,236.51,56463
1788934080,236.51,236.60,236.50,236.50,11388
1788934140,236.51,236.60,236.50,236.52,7501
1788934200,236.52,236.57,236.52,236.57,7442
1788934260,236.56,236.59,236.54,236.54,8210
1788934320,236.53,236.60,236.51,236.54,10380
1788934380,236.53,236.62,236.53,236.54,7996
1788934440,236.53,236.56,236.43,236.43,22373
1788934500,236.44,236.47,236.25,236.27,23990
1788934560,236.26,236.30,236.13,236.22,42017
1788934620,236.21,236.32,236.17,236.23,25178
1788934680,236.21,236.37,236.11,236.30,25448
1788934740,236.31,236.39,236.30,236.32,12606
1788934800,236.33,236.39,236.27,236.28,43948
1788934860,236.30,236.50,236.25,236.49,31134
1788934920,236.50,236.67,236.49,236.60,44202
1788934980,236.60,236.60,236.43,236.45,21340
1788935040,236.44,236.60,236.44,236.58,21041
1788935100,236.60,236.60,236.57,236.58,11514
1788935160,236.58,236.60,236.57,236.57,11086
1788935220,236.58,236.58,236.42,236.46,24581
1788935280,236.47,236.82,236.44,236.70,28041
1788935340,236.65,236.82,236.61,236.71,42322
1788935400,236.71,236.79,236.68,236.72,23342
1788935460,236.72,236.80,236.72,236.73,17579
1788935520,236.73,236.81,236.70,236.73,19376
1788935580,236.73,236.73,236.51,236.57,21974
1788935640,236.57,236.66,236.53,236.60,10042
1788935700,236.60,237.00,236.59,236.90,40635
1788935760,236.90,236.97,236.84,236.90,20904
1788935820,236.90,236.98,236.88,236.91,11496
1788935880,236.90,236.99,236.90,236.91,14551
1788935940,236.90,237.00,236.90,236.92,13990
1788936000,236.91,237.00,236.91,236.97,15270
1788936060,236.97,237.03,236.96,236.97,15653
1788936120,236.96,237.08,236.96,237.05,25103
1788936180,237.05,237.20,237.05,237.20,19214
1788936240,237.16,237.32,237.15,237.26,47837
1788936300,237.26,237.35,237.18,237.28,29931
1788936360,237.32,237.33,237.24,237.27,24532
1788936420,237.21,237.31,237.10,237.25,59874
1788936480,237.24,237.29,237.19,237.22,22590
1788936540,237.21,237.29,237.21,237.23,32237
1788936600,237.27,237.27,237.06,237.06,82439
1788936660,237.06,237.12,237.01,237.08,13081
1788936720,237.09,237.17,237.08,237.11,14128
1788936780,237.11,237.16,237.03,237.14,40125
1788936840,237.14,237.42,237.07,237.27,370689
1788936900,237.32,237.34,236.98,237.09,182709
1788936960,237.09,237.09,236.99,237.05,18021
1788937020,237.05,237.12,236.95,236.95,22632
1788937080,236.96,237.03,236.95,236.99,18912
1788937140,236.97,237.06,236.97,237.03,9407
1788937200,237.05,237.05,236.87,236.90,34603
1788937260,236.89,236.99,236.88,236.91,32235
1788937320,236.94,237.02,236.80,236.85,35672
1788937380,236.83,236.94,236.76,236.82,41538
1788937440,236.82,236.87,236.55,236.65,47798
1788937500,236.63,236.76,236.58,236.73,15571
1788937560,236.73,236.80,236.70,236.71,15225
1788937620,236.71,236.77,236.69,236.73,13642
1788937680,236.78,236.78,236.60,236.68,46129
1788937740,236.68,236.68,236.62,236.66,20127
1788937800,236.66,236.68,236.64,236.65,11896
1788937860,236.66,236.66,236.57,236.65,25334
1788937920,236.65,236.65,236.55,236.59,21393
1788937980,236.60,236.63,236.58,236.61,15674
1788938040,236.60,236.65,236.60,236.61,25269
1788938100,236.61,236.64,236.60,236.60,18292
1788938160,236.63,236.63,236.47,236.53,80917
1788938220,236.53,236.57,236.41,236.50,31851
1788938280,236.46,236.56,236.46,236.56,23139
1788938340,236.55,236.63,236.54,236.61,14119
1788938400,236.62,236.62,236.50,236.55,26455
1788938460,236.58,236.65,236.55,236.60,15788
1788938520,236.58,236.62,236.56,236.60,19492
1788938580,236.59,236.59,236.36,236.39,112995
1788938640,236.44,236.46,236.38,236.42,21169
1788938700,236.42,236.50,236.38,236.50,29967
1788938760,236.51,236.60,236.50,236.58,14842
1788938820,236.57,236.59,236.52,236.54,26405
1788938880,236.53,236.64,236.53,236.57,24373
1788938940,236.57,236.63,236.55,236.58,23360
1788939000,236.58,236.58,236.51,236.52,25507
1788939060,236.52,236.55,236.45,236.50,28782
1788939120,236.52,236.52,236.45,236.50,18101
1788939180,236.48,236.56,236.48,236.55,14782
1788939240,236.52,236.57,236.49,236.52,28106
1788939300,236.52,236.52,236.47,236.47,16763
1788939360,236.49,236.52,236.35,236.38,42879
1788939420,236.38,236.44,236.36,236.41,25528
1788939480,236.40,236.47,236.39,236.42,10506
1788939540,236.47,236.47,236.31,236.34,30624
1788939600,236.36,236.42,236.28,236.30,23557
1788939660,236.30,236.35,236.25,236.31,26245
1788939720,236.28,236.28,236.05,236.07,61027
1788939780,236.10,236.17,236.05,236.09,12110
1788939840,236.13,236.17,236.10,236.13,13211
1788939900,236.17,236.21,236.10,236.13,21743
1788939960,236.15,236.21,236.10,236.14,11002
1788940020,236.14,236.21,236.13,236.19,9302
1788940080,236.18,236.24,236.18,236.23,14410
1788940140,236.21,236.23,236.18,236.22,16287
1788940200,236.20,236.23,235.99,236.19,78682
1788940260,236.17,236.19,236.10,236.16,12107
1788940320,236.16,236.16,236.10,236.16,13030
1788940380,236.16,236.16,236.05,236.06,11737
1788940440,236.05,236.13,236.05,236.09,9561
1788940500,236.09,236.12,236.01,236.04,20908
1788940560,236.05,236.05,236.03,236.04,14577
1788940620,236.06,236.10,235.84,235.97,52075
1788940680,235.97,236.00,235.66,235.78,41035
1788940740,235.78,235.84,235.75,235.83,14566
1788940800,235.83,235.84,235.77,235.83,14263
1788940860,235.84,235.89,235.82,235.86,12420
1788940920,235.85,235.88,235.78,235.82,28900
1788940980,235.81,235.82,235.75,235.79,12862
1788941040,235.78,235.84,235.78,235.84,15268
1788941100,235.80,235.81,235.56,235.73,52408
1788941160,235.73,235.79,235.70,235.75,9541
1788941220,235.74,235.82,235.74,235.77,11175
1788941280,235.82,235.85,235.76,235.79,15522
1788941340,235.79,235.85,235.78,235.78,16412
1788941400,235.77,235.85,235.64,235.64,44400
1788941460,235.68,235.68,235.58,235.60,37305
1788941520,235.61,235.68,235.60,235.68,8361
1788941580,235.66,235.72,235.63,235.67,12686
1788941640,235.68,235.70,235.63,235.63,12006
1788941700,235.63,235.65,235.62,235.65,17626
1788941760,235.64,235.70,235.63,235.67,17905
1788941820,235.66,235.70,235.65,235.66,23736
1788941880,235.68,235.68,235.60,235.67,23432
1788941940,235.66,235.70,235.65,235.67,13045
1788942000,235.69,235.69,235.43,235.53,37325
1788942060,235.53,235.59,235.46,235.53,16897
1788942120,235.53,235.65,235.51,235.63,7755
1788942180,235.62,235.62,235.53,235.57,35624
1788942240,235.56,235.62,235.56,235.60,13895
1788942300,235.61,235.69,235.60,235.63,11123
1788942360,235.64,235.72,235.64,235.67,10419
1788942420,235.68,235.82,235.67,235.82,7719
1788942480,235.81,235.88,235.77,235.84,21585
1788942540,235.83,235.85,235.80,235.85,11932
1788942600,235.83,235.85,235.81,235.82,13369
1788942660,235.82,235.89,235.81,235.89,21591
1788942720,235.89,235.90,235.62,235.71,52850
1788942780,235.73,235.86,235.68,235.86,27953
1788942840,235.82,235.86,235.79,235.86,15348
1788942900,235.86,235.94,235.82,235.93,9470
1788942960,235.92,235.99,235.83,235.96,40749
1788943020,235.99,236.13,235.95,236.06,22854
1788943080,236.06,236.14,236.01,236.09,16564
1788943140,236.08,236.13,236.03,236.09,19531
1788943200,236.08,236.08,236.04,236.07,12601
1788943260,236.07,236.12,236.04,236.08,19040
1788943320,236.12,236.12,236.08,236.08,14860
1788943380,236.09,236.09,236.01,236.02,50976
1788943440,236.01,236.09,236.01,236.03,13686
1788943500,236.05,236.10,236.02,236.07,13092
1788943560,236.07,236.13,236.07,236.13,8302
1788943620,236.13,236.15,236.01,236.06,39054
1788943680,236.03,236.03,235.94,235.98,107787
1788943740,235.96,236.03,235.96,235.97,13988
1788943800,235.99,236.03,235.96,236.01,19462
1788943860,235.99,236.05,235.99,236.00,15561
1788943920,236.03,236.05,236.01,236.02,14150
1788943980,236.07,236.08,236.02,236.07,18990
1788944040,236.06,236.10,235.98,236.09,48930
1788944100,236.09,236.13,236.06,236.09,17630
1788944160,236.07,236.11,236.04,236.06,25661
1788944220,236.09,236.09,235.84,235.88,39380
1788944280,235.85,235.94,235.85,235.91,17174
1788944340,235.92,235.93,235.84,235.84,26645
1788944400,235.86,235.91,235.77,235.85,26520
1788944460,235.85,235.99,235.84,235.91,17448
1788944520,235.91,236.00,235.90,235.90,38347
1788944580,235.91,235.94,235.87,235.92,19775
1788944640,235.93,235.93,235.88,235.92,22163
1788944700,235.91,235.92,235.82,235.82,26962
1788944760,235.83,235.85,235.75,235.75,33665
1788944820,235.76,235.80,235.75,235.76,13905
1788944880,235.78,235.78,235.71,235.76,43086
1788944940,235.73,235.76,235.54,235.65,55173
1788945000,235.67,235.69,235.57,235.64,22351
1788945060,235.65,235.74,235.65,235.70,26846
1788945120,235.72,235.75,235.69,235.71,37892
1788945180,235.69,235.71,235.63,235.67,19483
1788945240,235.67,235.75,235.55,235.72,37255
1788945300,235.75,235.77,235.73,235.77,11378
1788945360,235.74,235.79,235.74,235.76,21425
1788945420,235.77,235.85,235.76,235.83,28727
1788945480,235.84,235.90,235.81,235.84,40366
1788945540,235.82,235.86,235.76,235.78,36807
1788945600,235.81,235.86,235.79,235.83,31640
1788945660,235.86,235.88,235.83,235.85,49093
1788945720,235.85,235.90,235.84,235.90,52684
1788945780,235.89,236.01,235.89,235.96,93632
1788945840,235.98,236.06,235.95,236.02,86835
1788945900,236.05,236.07,236.00,236.03,47822
1788945960,236.04,236.12,235.92,235.94,84982
1788946020,235.95,235.95,235.88,235.89,69907
1788946080,235.89,235.96,235.82,235.93,55542
1788946140,235.90,235.92,235.75,235.75,97685
1788946200,235.78,235.82,235.69,235.69,83978
1788946260,235.69,235.80,235.68,235.75,86997
1788946320,235.75,235.84,235.74,235.82,40872
1788946380,235.84,235.84,235.74,235.77,66971
1788946440,235.80,235.83,235.73,235.83,91980
1788946500,235.83,235.83,235.67,235.77,155412
1788946560,235.75,235.79,235.56,235.69,82762
1788946620,235.69,235.75,235.63,235.70,65792
1788946680,235.75,235.77,235.71,235.73,83376
1788946740,235.73,235.77,235.51,235.75,144003
1788946800,235.77,235.80,235.60,235.75,123047
1788946860,235.75,235.93,235.71,235.81,90793
1788946920,235.81,236.00,235.55,235.79,193749
1788946980,235.89,235.93,235.41,235.69,90089
1788947040,235.63,235.79,235.50,235.62,43683
1788947100,235.62,235.62,235.62,235.62,1
1788947160,235.62,235.62,235.62,235.62,0
1788947220,235.62,235.62,235.62,235.62,0
1788947280,235.62,235.62,235.62,235.62,0
1788947340,235.62,235.62,235.62,235.62,0
1788947400,235.62,235.62,235.62,235.62,0
1788947460,235.62,235.62,235.62,235.62,0
1788947520,235.62,235.62,235.62,235.62,0
1788947580,235.62,235.62,235.62,235.62,0
1788947640,235.62,235.62,235.62,235.62,0
1788947700,235.62,235.62,235.62,235.62,0
1788947760,235.62,235.62,235.62,235.62,0
1788947820,235.62,235.62,235.62,235.62,0
1788947880,235.62,235.62,234.02,234.02,933409
1788947940,234.02,234.02,234.02,234.02,0
1789011900,236.10,237.45,235.95,237.36,245616
1789011960,237.28,238.33,237.28,238.17,315573
1789012020,238.25,239.45,238.18,239.00,404679
1789012080,239.00,239.28,238.61,239.04,282027
1789012140,239.00,239.75,238.98,239.64,307923
1789012200,239.79,239.80,239.03,239.19,184898
1789012260,239.18,239.18,238.45,238.61,168244
1789012320,238.70,238.96,238.60,238.84,112647
1789012380,238.74,238.99,238.70,238.75,65220
1789012440,238.75,239.18,238.74,239.18,139586
1789012500,239.11,239.20,238.97,239.01,69247
1789012560,239.04,239.08,238.60,238.60,79275
1789012620,238.64,238.66,238.27,238.27,94378
1789012680,238.44,238.70,238.30,238.70,58818
1789012740,238.70,238.90,238.50,238.85,63665
1789012800,238.90,239.17,238.62,239.03,99850
1789012860,239.11,239.40,239.09,239.10,168496
1789012920,239.16,239.18,238.88,238.90,64245
1789012980,238.97,239.00,238.86,238.97,26075
1789013040,238.84,238.89,238.71,238.71,27235
1789013100,238.71,238.73,238.38,238.38,50557
1789013160,238.38,238.48,238.21,238.46,94326
1789013220,238.46,238.55,238.30,238.36,37429
1789013280,238.40,238.40,238.05,238.16,97674
1789013340,238.16,238.17,238.00,238.12,43834
1789013400,238.12,238.12,237.72,237.76,64102
1789013460,237.85,237.97,237.76,237.92,28478
1789013520,237.92,237.92,237.73,237.81,27138
1789013580,237.80,237.92,237.76,237.92,23521
1789013640,237.88,237.93,237.70,237.70,27410
1789013700,237.71,237.96,237.71,237.93,21610
1789013760,237.77,237.98,237.77,237.95,31530
1789013820,238.00,238.03,237.85,237.96,31115
1789013880,237.97,237.99,237.86,237.95,18935
1789013940,237.95,237.95,237.91,237.95,14678
1789014000,237.95,237.95,237.80,237.86,24355
1789014060,237.85,237.85,237.70,237.80,66026
1789014120,237.80,237.93,237.72,237.80,19089
1789014180,237.84,237.95,237.82,237.95,11387
1789014240,237.95,238.16,237.93,237.99,73327
1789014300,238.00,238.00,237.84,237.84,21928
1789014360,237.85,237.98,237.80,237.98,15327
1789014420,237.97,237.97,237.73,237.77,19244
1789014480,237.82,237.87,237.75,237.82,23258
1789014540,237.79,237.86,237.79,237.82,11574
1789014600,237.86,237.88,237.81,237.84,24212
1789014660,237.86,237.90,237.75,237.77,24753
1789014720,237.77,237.77,237.60,237.61,35480
1789014780,237.61,237.65,237.51,237.61,28732
1789014840,237.64,237.66,237.60,237.61,19868
1789014900,237.61,237.62,237.55,237.55,15315
1789014960,237.51,237.51,237.37,237.42,54438
1789015020,237.49,237.49,237.31,237.40,22622
1789015080,237.40,237.40,237.01,237.07,68196
1789015140,237.10,237.14,236.89,237.14,70155
1789015200,237.13,237.19,237.03,237.18,17149
1789015260,237.18,237.18,236.91,237.00,51736
1789015320,237.00,237.10,236.96,237.05,24489
1789015380,237.05,237.07,236.99,237.07,19878
1789015440,237.06,237.20,237.00,237.06,49947
1789015500,237.06,237.10,237.04,237.09,25213
1789015560,237.09,237.09,236.81,236.81,83457
1789015620,236.85,236.97,236.81,236.90,29008
1789015680,236.90,237.00,236.75,236.80,14092
1789015740,236.76,236.94,236.75,236.90,22153
1789015800,236.95,236.95,236.81,236.85,8992
1789015860,236.85,237.65,236.85,237.65,93248
1789015920,237.59,237.76,237.39,237.72,40157
1789015980,237.75,237.80,237.68,237.68,31207
1789016040,237.73,237.88,237.59,237.83,34468
1789016100,237.84,238.13,237.79,238.13,83123
1789016160,238.15,238.25,237.67,237.79,73216
1789016220,237.85,237.90,237.69,237.82,28192
1789016280,237.85,237.85,237.75,237.85,8656
1789016340,237.76,237.80,237.65,237.69,13168
1789016400,237.75,237.97,237.69,237.85,27155
1789016460,237.84,237.93,237.51,237.53,35106
1789016520,237.58,237.72,237.48,237.62,46928
1789016580,237.70,237.78,237.63,237.67,13727
1789016640,237.68,237.72,237.53,237.64,10838
1789016700,237.63,237.70,237.59,237.70,4641
1789016760,237.70,237.79,237.60,237.70,11987
1789016820,237.68,237.68,237.46,237.56,12035
1789016880,237.58,237.70,237.50,237.69,8397
1789016940,237.65,237.75,237.65,237.75,8945
1789017000,237.75,237.84,237.62,237.67,14371
1789017060,237.62,237.86,237.50,237.82,73944
1789017120,237.83,237.83,237.70,237.77,13825
1789017180,237.77,237.77,237.60,237.68,15042
1789017240,237.70,237.82,237.60,237.76,30257
1789017300,237.76,237.80,237.69,237.79,8010
1789017360,237.78,238.00,237.78,238.00,64333
1789017420,237.97,238.00,237.88,237.88,21415
1789017480,237.88,237.88,237.70,237.79,19579
1789017540,237.81,237.87,237.70,237.79,14079
1789017600,237.90,238.12,237.87,238.04,14880
1789017660,238.10,238.11,238.01,238.07,9683
1789017720,238.05,238.06,237.95,238.00,18759
1789017780,238.04,238.07,238.01,238.05,9770
1789017840,238.05,238.06,237.90,237.99,11891
1789017900,238.00,238.00,237.90,237.96,12141
1789017960,237.99,238.00,237.91,237.91,18338
1789018020,237.91,237.92,237.84,237.86,26902
1789018080,237.91,237.93,237.86,237.92,8510
1789018140,237.90,237.90,237.83,237.88,12154
1789018200,237.88,238.00,237.85,237.90,32222
1789018260,237.93,237.97,237.90,237.94,5902
1789018320,237.95,238.00,237.93,237.93,19112
1789018380,237.91,237.93,237.78,237.79,30821
1789018440,237.85,237.85,237.55,237.61,24842
1789018500,237.57,237.63,237.54,237.55,14571
1789018560,237.57,237.70,237.54,237.61,28560
1789018620,237.65,237.65,237.55,237.60,5491
1789018680,237.60,237.63,237.55,237.55,12986
1789018740,237.57,237.59,237.42,237.48,16822
1789018800,237.51,237.54,237.43,237.47,8171
1789018860,237.47,237.48,237.42,237.42,9957
1789018920,237.47,237.47,237.23,237.28,22762
1789018980,237.35,237.43,237.30,237.41,7368
1789019040,237.41,237.60,237.41,237.57,15879
1789019100,237.57,237.60,237.52,237.58,8983
1789019160,237.58,237.58,237.52,237.52,12950
1789019220,237.53,237.53,237.39,237.46,17814
1789019280,237.46,237.50,237.44,237.44,6535
1789019340,237.44,237.50,237.42,237.46,8096
1789019400,237.50,237.50,237.42,237.42,14478
1789019460,237.44,237.44,237.30,237.30,13270
1789019520,237.24,237.30,237.23,237.28,14318
1789019580,237.27,237.35,237.26,237.34,12414
1789019640,237.34,237.36,237.32,237.36,10146
1789019700,237.36,237.37,237.21,237.27,16581
1789019760,237.27,237.27,237.15,237.20,12566
1789019820,237.19,237.24,237.12,237.24,9778
1789019880,237.21,237.26,237.14,237.16,27704
1789019940,237.22,237.22,236.83,236.94,41087
1789020000,237.03,237.14,236.94,237.14,16059
1789020060,237.06,237.16,237.06,237.15,14008
1789020120,237.12,237.20,237.00,237.02,30329
1789020180,237.07,237.11,236.99,237.05,19573
1789020240,237.07,237.15,236.96,237.15,31151
1789020300,237.12,237.12,237.00,237.03,14288
1789020360,237.03,237.08,236.90,236.90,14603
1789020420,236.93,236.98,236.90,236.92,10292
1789020480,236.94,236.96,236.65,236.65,68623
1789020540,236.75,236.82,236.61,236.75,34494
1789020600,236.75,236.96,236.73,236.77,24165
1789020660,236.81,236.81,236.66,236.71,21922
1789020720,236.71,236.72,236.65,236.65,7380
1789020780,236.69,236.72,236.39,236.39,114685
1789020840,236.42,236.42,236.21,236.22,32224
1789020900,236.29,236.42,236.21,236.39,15686
1789020960,236.41,236.41,236.30,236.31,20366
1789021020,236.33,236.36,236.31,236.35,5934
1789021080,236.35,236.44,236.33,236.43,11130
1789021140,236.46,236.75,236.38,236.68,47251
1789021200,236.68,236.70,236.55,236.56,13275
1789021260,236.56,236.60,236.50,236.56,7267
1789021320,236.56,236.56,236.33,236.34,21906
1789021380,236.39,236.42,236.30,236.40,15170
1789021440,236.40,236.47,236.38,236.43,17926
1789021500,236.43,236.48,236.39,236.45,9927
1789021560,236.48,236.52,236.45,236.50,7148
1789021620,236.52,236.59,236.50,236.59,11882
1789021680,236.57,236.66,236.55,236.66,15167
1789021740,236.63,236.66,236.52,236.55,12469
1789021800,236.54,236.58,236.32,236.40,18391
1789021860,236.40,236.40,236.17,236.23,58045
1789021920,236.27,236.36,236.17,236.24,24408
1789021980,236.30,236.33,236.25,236.30,6976
1789022040,236.30,236.31,236.13,236.25,38942
1789022100,236.30,236.30,236.23,236.30,109051
1789022160,236.30,236.30,236.29,236.30,7638
1789022220,236.30,236.36,236.29,236.36,14756
1789022280,236.36,236.44,236.35,236.44,13807
1789022340,236.45,236.50,236.31,236.50,19931
1789022400,236.50,236.54,236.49,236.51,6611
1789022460,236.53,236.53,236.40,236.45,11517
1789022520,236.48,236.58,236.45,236.56,14992
1789022580,236.58,236.66,236.50,236.64,84110
1789022640,236.65,236.66,236.55,236.56,20635
1789022700,236.58,236.58,236.55,236.58,12128
1789022760,236.58,236.60,236.55,236.56,24016
1789022820,236.56,236.65,236.51,236.51,28518
1789022880,236.50,236.51,236.37,236.45,19341
1789022940,236.40,236.45,236.36,236.40,10019
1789023000,236.42,236.42,236.35,236.35,16784
1789023060,236.38,236.38,236.20,236.21,52505
1789023120,236.20,236.23,236.11,236.11,34679
1789023180,236.13,236.13,235.80,235.96,111423
1789023240,236.00,236.00,235.91,235.94,19775
1789023300,235.99,236.06,235.94,236.06,11875
1789023360,236.06,236.13,236.03,236.05,28659
1789023420,236.11,236.15,236.05,236.12,12271
1789023480,236.15,236.15,236.09,236.13,7263
1789023540,236.14,236.26,236.13,236.20,19058
1789023600,236.21,236.23,236.16,236.20,11986
1789023660,236.20,236.25,236.16,236.20,16691
1789023720,236.30,236.30,236.14,236.23,49571
1789023780,236.23,236.25,236.20,236.23,16230
1789023840,236.28,236.30,236.23,236.23,8099
1789023900,236.26,236.30,236.19,236.19,14402
1789023960,236.20,236.23,236.15,236.22,8082
1789024020,236.23,236.24,236.22,236.22,9478
1789024080,236.24,236.28,236.18,236.20,17669
1789024140,236.20,236.27,236.18,236.24,8511
1789024200,236.26,236.40,236.24,236.36,19412
1789024260,236.40,236.40,236.31,236.36,10798
1789024320,236.40,236.40,236.28,236.31,17753
1789024380,236.31,236.37,236.30,236.31,16292
1789024440,236.35,236.38,236.31,236.33,6031
1789024500,236.33,236.35,236.20,236.25,21545
1789024560,236.21,236.25,236.19,236.24,12416
1789024620,236.24,236.26,236.18,236.25,11880
1789024680,236.26,236.27,236.20,236.25,12254
1789024740,236.25,236.26,236.21,236.24,6461
1789024800,236.25,236.29,235.96,236.09,108063
1789024860,236.09,236.09,235.99,236.02,16007
1789024920,236.04,236.07,235.85,235.85,21163
1789024980,235.84,235.86,235.77,235.84,16015
1789025040,235.86,235.86,235.82,235.84,9541
1789025100,235.93,235.99,235.92,235.97,38893
1789025160,235.97,235.99,235.93,235.93,8698
1789025220,235.80,235.97,235.70,235.94,54611
1789025280,235.94,235.95,235.80,235.81,8308
1789025340,235.84,235.90,235.73,235.79,23686
1789025400,235.81,235.83,235.73,235.73,6446
1789025460,235.78,235.78,235.60,235.68,21898
1789025520,235.69,235.86,235.68,235.73,26952
1789025580,235.73,235.86,235.71,235.73,21927
1789025640,235.72,235.84,235.72,235.84,13802
1789025700,235.80,235.84,235.71,235.72,8979
1789025760,235.74,235.88,235.70,235.72,45914
1789025820,235.79,235.79,235.61,235.65,13836
1789025880,235.70,235.77,235.65,235.75,5266
1789025940,235.77,235.81,235.75,235.78,6779
1789026000,235.78,235.78,235.77,235.78,11586
1789026060,235.78,235.87,235.78,235.86,36808
1789026120,235.88,235.88,235.84,235.84,21666
1789026180,235.85,235.85,235.84,235.85,5835
1789026240,235.85,235.99,235.81,235.81,30030
1789026300,235.87,235.93,235.76,235.82,14538
1789026360,235.91,235.93,235.72,235.82,37022
1789026420,235.88,235.92,235.78,235.92,6263
1789026480,235.90,235.98,235.87,235.94,13394
1789026540,235.93,235.99,235.88,235.98,60543
1789026600,235.99,236.12,235.98,236.07,12230
1789026660,236.10,236.15,236.00,236.10,10732
1789026720,236.05,236.05,236.00,236.04,12184
1789026780,236.05,236.40,236.04,236.26,52109
1789026840,236.22,236.27,236.12,236.15,16053
1789026900,236.20,236.23,236.15,236.21,6582
1789026960,236.22,236.26,236.12,236.20,25233
1789027020,236.20,236.25,236.18,236.22,5060
1789027080,236.24,236.24,236.12,236.17,12280
1789027140,236.20,236.20,236.07,236.09,8322
1789027200,236.13,236.14,236.03,236.14,9508
1789027260,236.14,236.19,236.12,236.19,26896
1789027320,236.17,236.22,236.14,236.22,18052
1789027380,236.20,236.21,236.10,236.12,11193
1789027440,236.12,236.16,236.10,236.16,4223
1789027500,236.15,236.25,236.14,236.22,29702
1789027560,236.25,236.27,236.20,236.22,11138
1789027620,236.23,236.28,236.16,236.16,12329
1789027680,236.17,236.28,236.16,236.24,6967
1789027740,236.24,236.24,236.23,236.23,16609
1789027800,236.24,236.24,236.23,236.23,6104
1789027860,236.24,236.24,236.23,236.23,7936
1789027920,236.24,236.24,236.23,236.23,5290
1789027980,236.24,236.24,236.23,236.23,10472
1789028040,236.24,236.24,236.23,236.24,6777
1789028100,236.24,236.24,236.23,236.23,10103
1789028160,236.24,236.24,236.23,236.24,7691
1789028220,236.23,236.24,236.00,236.13,77991
1789028280,236.15,236.15,236.08,236.09,18172
1789028340,236.14,236.19,236.09,236.16,11373
1789028400,236.17,236.20,236.16,236.19,4937
1789028460,236.19,236.19,236.18,236.19,8887
1789028520,236.19,236.19,236.18,236.19,4577
1789028580,236.18,236.19,236.16,236.18,29452
1789028640,236.18,236.18,236.12,236.12,10341
1789028700,236.13,236.13,236.08,236.08,5048
1789028760,236.12,236.20,236.11,236.19,36362
1789028820,236.20,236.24,236.17,236.18,18477
1789028880,236.19,236.20,236.17,236.18,11368
1789028940,236.19,236.23,236.18,236.19,6406
1789029000,236.20,236.25,236.19,236.20,19968
1789029060,236.25,236.26,236.19,236.21,15629
1789029120,236.24,236.26,236.21,236.21,8826
1789029180,236.22,236.22,236.16,236.20,15818
1789029240,236.21,236.21,236.20,236.21,10253
1789029300,236.20,236.20,236.15,236.18,24619
1789029360,236.17,236.25,236.16,236.25,12800
1789029420,236.25,236.35,236.24,236.33,10435
1789029480,236.34,236.35,236.22,236.33,27524
1789029540,236.24,236.34,236.22,236.26,22819
1789029600,236.32,236.35,236.26,236.32,7481
1789029660,236.31,236.36,236.25,236.35,14187
1789029720,236.35,236.42,236.31,236.34,18343
1789029780,236.35,236.40,236.34,236.36,19124
1789029840,236.35,236.62,236.32,236.58,56394
1789029900,236.58,236.63,236.50,236.62,36164
1789029960,236.63,236.80,236.63,236.78,27346
1789030020,236.80,236.80,236.65,236.72,40421
1789030080,236.72,236.72,236.57,236.65,19169
1789030140,236.72,236.74,236.65,236.74,10823
1789030200,236.74,236.74,236.72,236.74,25806
1789030260,236.73,236.85,236.73,236.85,16057
1789030320,236.84,236.85,236.84,236.84,9467
1789030380,236.85,236.93,236.82,236.93,21301
1789030440,236.93,236.99,236.88,236.99,10990
1789030500,236.99,236.99,236.82,236.88,36041
1789030560,236.86,236.86,236.82,236.82,7103
1789030620,236.82,236.82,236.81,236.82,7032
1789030680,236.75,236.80,236.70,236.78,20732
1789030740,236.78,236.78,236.58,236.65,51820
1789030800,236.65,236.74,236.65,236.70,8109
1789030860,236.71,236.79,236.70,236.70,34351
1789030920,236.72,236.73,236.60,236.67,23853
1789030980,236.67,236.67,236.53,236.63,29505
1789031040,236.69,236.69,236.63,236.68,10044
1789031100,236.67,236.79,236.65,236.76,48098
1789031160,236.73,236.76,236.70,236.75,35135
1789031220,236.76,236.78,236.69,236.69,13636
1789031280,236.70,236.75,236.65,236.75,16855
1789031340,236.76,236.76,236.75,236.76,15565
1789031400,236.76,236.79,236.60,236.69,31462
1789031460,236.57,236.68,236.57,236.67,10967
1789031520,236.68,236.75,236.67,236.74,16662
1789031580,236.73,236.74,236.69,236.71,19800
1789031640,236.70,236.72,236.62,236.62,32696
1789031700,236.62,236.70,236.62,236.65,11849
1789031760,236.62,236.65,236.48,236.51,32621
1789031820,236.55,236.60,236.55,236.60,26693
1789031880,236.59,236.60,236.59,236.60,15241
1789031940,236.60,236.65,236.59,236.64,39364
1789032000,236.65,236.75,236.60,236.75,19942
1789032060,236.75,236.90,236.75,236.79,67623
1789032120,236.79,236.84,236.78,236.84,21623
1789032180,236.83,236.90,236.83,236.86,41649
1789032240,236.86,236.96,236.86,236.91,80736
1789032300,236.91,236.91,236.81,236.82,50053
1789032360,236.82,236.88,236.81,236.85,33414
1789032420,236.89,236.93,236.82,236.87,44826
1789032480,236.86,236.86,236.75,236.80,55412
1789032540,236.81,236.81,236.64,236.64,68699
1789032600,236.61,236.61,236.43,236.44,103346
1789032660,236.44,236.44,236.43,236.43,34017
1789032720,236.41,236.50,236.40,236.45,56572
1789032780,236.48,236.53,236.47,236.48,46238
1789032840,236.50,236.50,236.32,236.39,43058
1789032900,236.40,236.68,236.39,236.65,134903
1789032960,236.66,236.70,236.59,236.70,64015
1789033020,236.70,236.70,236.44,236.52,47972
1789033080,236.52,236.57,236.51,236.57,42950
1789033140,236.57,236.66,236.56,236.66,66251
1789033200,236.66,236.68,236.60,236.64,149446
1789033260,236.65,236.75,236.64,236.73,110074
1789033320,236.73,236.80,236.39,236.57,235054
1789033380,236.57,236.81,236.51,236.73,186408
1789033440,236.71,236.77,236.37,236.75,51434
1789033500,236.77,236.77,236.77,236.77,50
1789033560,236.77,236.77,236.77,236.77,0
1789033620,236.77,236.77,236.77,236.77,0
1789033680,236.77,236.77,236.77,236.77,0
1789033740,236.77,236.77,236.77,236.77,0
1789033800,236.77,236.77,236.77,236.77,0
1789033860,236.77,236.77,236.77,236.77,0
1789033920,236.77,236.77,236.77,236.77,0
1789033980,236.77,236.77,236.77,236.77,0
1789034040,236.77,236.77,236.77,236.77,0
1789034100,236.77,236.77,236.77,236.77,0
1789034160,236.77,236.77,236.77,236.77,0
1789034220,236.77,236.77,236.77,236.77,0
1789034280,236.77,236.77,236.77,236.77,0
1789034340,236.77,237.27,236.77,237.27,503424
1789098300,239.90,240.38,237.64,239.88,1233852
1789098360,239.70,240.64,239.48,240.25,516988
1789098420,240.17,240.90,239.60,239.80,367198
1789098480,239.79,240.94,239.79,240.94,295498
1789098540,240.95,241.75,240.86,241.04,585608
1789098600,241.21,242.25,241.19,241.84,734549
1789098660,241.83,242.30,241.50,241.92,562161
1789098720,242.00,242.10,241.58,241.63,359172
1789098780,241.58,241.86,241.31,241.69,324310
1789098840,241.73,242.20,241.50,242.11,340116
1789098900,242.20,243.16,242.07,242.65,935096
1789098960,242.60,242.65,241.88,242.24,465413
1789099020,242.25,242.83,241.90,241.91,420548
1789099080,241.98,242.00,241.79,241.80,173744
1789099140,241.91,241.96,241.48,241.48,188008
1789099200,241.50,241.89,241.10,241.39,333806
1789099260,241.35,241.41,240.78,240.80,286354
1789099320,240.86,240.95,240.38,240.61,343035
1789099380,240.70,240.70,239.85,239.91,280622
1789099440,239.90,240.40,239.90,240.02,172706
1789099500,240.13,240.49,240.00,240.32,177716
1789099560,240.32,240.67,240.31,240.60,91673
1789099620,240.60,240.62,240.21,240.30,93809
1789099680,240.34,240.57,240.30,240.40,54345
1789099740,240.38,240.40,240.03,240.12,89878
1789099800,240.07,240.20,239.27,239.27,360128
1789099860,239.30,239.72,239.20,239.62,165031
1789099920,239.62,239.90,239.50,239.89,108454
1789099980,239.83,240.25,239.70,239.89,101945
1789100040,239.92,239.97,239.70,239.80,90256
1789100100,239.80,239.81,239.50,239.50,164562
1789100160,239.53,239.59,239.34,239.44,77871
1789100220,239.38,239.45,239.30,239.30,44987
1789100280,239.30,239.35,239.19,239.25,93348
1789100340,239.21,239.27,238.91,239.23,154508
1789100400,239.14,239.20,238.92,239.00,62313
1789100460,239.00,239.39,239.00,239.30,69719
1789100520,239.31,239.44,239.29,239.29,124031
1789100580,239.36,239.40,239.03,239.13,60164
1789100640,239.13,239.19,238.86,238.90,66296
1789100700,238.98,239.00,238.84,238.95,50001
1789100760,238.83,239.00,238.63,238.77,104525
1789100820,238.77,238.85,238.63,238.81,53077
1789100880,238.88,238.94,238.80,238.85,65437
1789100940,238.85,238.85,238.50,238.51,76216
1789101000,238.51,238.66,238.50,238.66,42023
1789101060,238.70,238.90,238.63,238.90,43637
1789101120,238.90,238.98,238.80,238.92,94212
1789101180,238.85,238.92,238.75,238.89,66747
1789101240,238.89,238.92,238.82,238.91,45370
1789101300,238.92,238.92,238.32,238.35,161670
1789101360,238.40,238.48,238.31,238.43,39238
1789101420,238.35,238.46,238.33,238.34,33847
1789101480,238.47,238.50,238.30,238.33,33024
1789101540,238.33,238.33,238.15,238.29,87196
1789101600,238.25,238.30,238.00,238.10,109252
1789101660,238.15,238.20,237.82,237.82,129947
1789101720,237.90,238.30,237.82,238.30,56374
1789101780,238.30,238.30,237.90,238.04,52009
1789101840,238.04,238.10,237.90,237.90,36508
1789101900,237.98,237.98,237.71,237.80,66978
1789101960,237.80,237.89,237.50,237.60,81532
1789102020,237.57,237.57,237.40,237.52,102882
1789102080,237.52,237.74,237.52,237.73,34469
1789102140,237.70,237.71,237.60,237.67,30761
1789102200,237.67,237.72,237.56,237.62,56153
1789102260,237.60,237.77,237.60,237.67,55759
1789102320,237.60,237.82,237.60,237.80,31831
1789102380,237.82,237.87,237.64,237.71,40943
1789102440,237.71,238.00,237.61,238.00,61948
1789102500,237.98,238.25,237.93,238.25,54354
1789102560,238.20,238.31,238.09,238.30,95474
1789102620,238.31,238.50,238.20,238.37,77864
1789102680,238.37,238.37,237.99,238.12,81121
1789102740,238.22,238.23,237.92,238.00,15030
1789102800,238.00,238.00,237.86,237.90,29352
1789102860,238.00,238.00,237.66,237.80,32337
1789102920,237.80,237.95,237.76,237.85,12911
1789102980,237.90,238.05,237.84,237.90,14267
1789103040,237.98,238.12,237.90,238.00,41464
1789103100,238.00,238.02,237.92,237.99,7364
1789103160,237.95,238.00,237.71,237.78,49700
1789103220,237.74,237.78,237.40,237.72,86915
1789103280,237.63,237.75,237.25,237.36,70159
1789103340,237.26,237.44,237.26,237.37,29805
1789103400,237.32,237.51,237.20,237.20,85640
1789103460,237.27,237.42,237.10,237.20,58965
1789103520,237.24,237.37,237.20,237.29,64095
1789103580,237.24,237.28,237.13,237.25,46294
1789103640,237.20,237.36,237.20,237.24,17897
1789103700,237.36,237.51,237.20,237.49,18000
1789103760,237.47,237.60,237.36,237.54,69938
1789103820,237.55,237.68,237.55,237.59,13553
1789103880,237.59,237.68,237.50,237.62,37415
1789103940,237.65,237.78,237.65,237.73,17762
1789104000,237.73,237.74,237.62,237.73,16208
1789104060,237.73,237.79,237.63,237.79,31453
1789104120,237.76,237.82,237.66,237.76,11739
1789104180,237.76,237.76,237.50,237.54,27460
1789104240,237.49,237.54,237.30,237.30,51719
1789104300,237.31,237.50,237.31,237.42,10331
1789104360,237.43,237.48,237.31,237.32,8060
1789104420,237.32,237.44,237.30,237.32,21813
1789104480,237.33,237.46,237.20,237.20,18293
1789104540,237.25,237.30,237.20,237.26,9881
1789104600,237.25,237.37,237.22,237.31,37313
1789104660,237.31,237.31,237.13,237.15,31443
1789104720,237.16,237.16,237.08,237.11,15485
1789104780,237.13,237.13,237.05,237.05,19862
1789104840,237.11,237.12,237.03,237.06,25121
1789104900,237.09,237.15,237.06,237.15,15663
1789104960,237.14,237.24,237.05,237.06,18315
1789105020,237.05,237.06,237.00,237.00,46455
1789105080,237.01,237.01,236.80,236.95,86421
1789105140,236.87,236.95,236.53,236.67,55922
1789105200,236.58,236.72,236.52,236.65,40534
1789105260,236.54,236.70,236.54,236.70,22847
1789105320,236.65,236.76,236.60,236.65,21423
1789105380,236.76,236.76,236.49,236.49,32420
1789105440,236.49,236.56,236.18,236.44,70106
1789105500,236.44,236.44,236.32,236.38,28169
1789105560,236.38,236.44,235.72,236.06,190144
1789105620,236.00,237.27,235.90,237.21,727755
1789105680,237.25,237.42,237.17,237.29,63078
1789105740,237.30,237.50,237.24,237.45,61587
1789105800,237.41,237.45,237.21,237.21,32217
1789105860,237.30,237.36,237.21,237.29,16759
1789105920,237.37,237.37,237.22,237.29,12983
1789105980,237.29,237.29,237.02,237.09,34379
1789106040,237.09,237.19,237.00,237.10,23775
1789106100,237.13,237.13,237.03,237.03,6283
1789106160,237.07,237.13,237.06,237.12,7178
1789106220,237.12,237.20,237.00,237.16,26872
1789106280,237.16,237.16,237.02,237.12,16774
1789106340,237.12,237.12,237.00,237.00,66100
1789106400,237.02,237.05,237.00,237.02,14337
1789106460,237.05,237.06,237.00,237.01,213853
1789106520,237.01,237.01,237.00,237.01,19865
1789106580,237.01,237.01,237.00,237.01,15921
1789106640,237.01,237.01,236.59,236.62,215691
1789106700,236.67,236.91,236.63,236.72,69426
1789106760,236.79,236.79,236.61,236.67,8489
1789106820,236.67,236.67,236.55,236.55,9909
1789106880,236.60,236.70,236.57,236.70,9367
1789106940,236.70,236.73,236.60,236.63,10380
1789107000,236.63,236.69,236.60,236.60,8193
1789107060,236.60,236.60,236.39,236.45,26978
1789107120,236.45,236.45,236.43,236.45,8386
1789107180,236.43,236.45,236.37,236.40,36128
1789107240,236.36,236.44,236.35,236.44,28595
1789107300,236.44,236.44,236.41,236.41,4395
1789107360,236.51,236.61,236.49,236.52,102528
1789107420,236.64,236.64,236.51,236.53,16531
1789107480,236.55,236.55,236.42,236.47,16862
1789107540,236.47,236.47,236.40,236.45,5277
1789107600,236.45,236.45,236.40,236.44,19486
1789107660,236.44,236.50,236.41,236.44,13270
1789107720,236.47,236.47,236.41,236.42,6542
1789107780,236.41,236.42,236.35,236.42,26234
1789107840,236.40,236.49,236.35,236.45,11612
1789107900,236.45,236.50,236.42,236.47,7323
1789107960,236.50,236.50,236.47,236.49,5796
1789108020,236.49,236.49,236.46,236.49,3328
1789108080,236.48,236.48,236.46,236.48,14333
1789108140,236.49,236.63,236.36,236.56,55713
1789108200,236.55,236.58,236.48,236.53,6992
1789108260,236.55,236.68,236.50,236.50,13943
1789108320,236.53,236.53,236.50,236.52,2576
1789108380,236.55,236.92,236.54,236.92,72196
1789108440,236.97,237.09,236.92,237.00,72341
1789108500,237.05,237.09,236.90,236.91,45745
1789108560,236.91,237.04,236.78,237.00,131912
1789108620,237.04,237.10,237.00,237.03,13415
1789108680,237.03,237.07,237.00,237.04,21118
1789108740,237.04,237.05,237.00,237.04,8283
1789108800,237.04,237.05,237.00,237.02,10269
1789108860,237.00,237.01,236.85,236.89,40289
1789108920,236.89,236.89,236.86,236.88,7270
1789108980,236.89,236.89,236.77,236.82,25760
1789109040,236.84,236.90,236.82,236.87,10375
1789109100,236.87,236.99,236.83,236.96,20077
1789109160,236.96,236.96,236.85,236.90,14937
1789109220,236.96,236.96,236.80,236.85,28771
1789109280,236.88,236.88,236.84,236.85,6116
1789109340,236.85,236.85,236.80,236.85,8148
1789109400,236.85,236.89,236.81,236.81,16410
1789109460,236.83,236.83,236.81,236.81,7014
1789109520,236.83,236.90,236.81,236.81,27091
1789109580,236.82,236.95,236.81,236.95,10048
1789109640,236.95,236.97,236.90,236.90,26293
1789109700,236.96,236.98,236.89,236.89,12946
1789109760,236.93,236.93,236.89,236.93,2360
1789109820,236.93,236.93,236.83,236.84,6899
1789109880,236.83,236.91,236.52,236.52,23459
1789109940,236.61,236.62,236.54,236.56,20594
1789110000,236.62,236.65,236.55,236.63,10881
1789110060,236.63,236.63,236.50,236.57,17866
1789110120,236.51,236.77,236.51,236.70,19857
1789110180,236.75,236.83,236.61,236.68,14637
1789110240,236.68,236.68,236.49,236.52,15584
1789110300,236.59,236.73,236.46,236.57,22748
1789110360,236.62,236.82,236.54,236.55,74680
1789110420,236.59,236.59,236.53,236.55,3669
1789110480,236.56,236.75,236.55,236.55,78900
1789110540,236.59,236.83,236.58,236.74,104169
1789110600,236.83,236.83,236.67,236.70,13755
1789110660,236.70,236.74,236.60,236.60,7582
1789110720,236.61,236.61,236.53,236.55,13369
1789110780,236.59,236.60,236.55,236.58,6834
1789110840,236.57,236.74,236.53,236.59,52217
1789110900,236.67,236.67,236.55,236.58,13724
1789110960,236.52,236.57,236.40,236.43,27422
1789111020,236.43,236.44,236.33,236.34,13728
1789111080,236.34,236.36,236.31,236.31,16751
1789111140,236.34,236.34,236.30,236.34,11509
1789111200,236.34,236.45,236.31,236.34,29053
1789111260,236.36,236.43,236.12,236.19,52245
1789111320,236.27,236.28,236.19,236.28,23174
1789111380,236.28,236.35,236.20,236.34,22757
1789111440,236.35,236.46,236.32,236.32,7028
1789111500,236.44,236.44,236.31,236.32,10648
1789111560,236.32,236.32,235.60,235.67,137591
1789111620,235.75,235.83,235.68,235.75,25320
1789111680,235.77,235.85,235.70,235.80,22453
1789111740,235.84,235.84,235.70,235.70,24134
1789111800,235.72,235.82,235.71,235.72,23900
1789111860,235.70,235.78,235.69,235.71,17066
1789111920,235.65,235.71,235.64,235.68,9242
1789111980,235.60,235.68,235.21,235.44,265957
1789112040,235.36,235.53,235.16,235.29,121276
1789112100,235.38,235.44,235.10,235.27,118589
1789112160,235.34,235.34,235.13,235.23,49774
1789112220,235.23,235.45,235.21,235.35,41113
1789112280,235.35,235.35,235.00,235.13,131806
1789112340,235.13,235.16,235.02,235.14,36344
1789112400,235.14,235.15,235.08,235.14,11000
1789112460,235.14,235.22,235.12,235.16,8174
1789112520,235.16,235.23,235.14,235.22,9578
1789112580,235.22,235.25,235.18,235.25,8746
1789112640,235.25,235.25,235.20,235.22,10706
1789112700,235.22,235.22,235.20,235.21,12511
1789112760,235.21,235.30,235.20,235.25,28458
1789112820,235.31,235.31,235.21,235.27,19179
1789112880,235.27,235.27,234.80,234.86,103738
1789112940,234.89,234.95,234.76,234.87,28728
1789113000,234.92,234.94,234.86,234.90,20148
1789113060,234.90,234.90,234.86,234.90,10252
1789113120,234.90,235.06,234.88,234.90,31483
1789113180,234.96,234.96,234.70,234.70,51300
1789113240,234.75,234.77,234.64,234.73,36003
1789113300,234.73,234.85,234.70,234.73,32702
1789113360,234.73,234.76,234.72,234.75,12103
1789113420,234.76,234.76,234.55,234.70,34425
1789113480,234.73,234.75,234.70,234.73,8681
1789113540,234.70,234.86,234.70,234.85,29353
1789113600,234.75,234.80,234.54,234.62,93909
1789113660,234.62,234.68,234.36,234.37,64972
1789113720,234.46,234.52,234.30,234.30,22477
1789113780,234.36,234.40,234.15,234.17,52681
1789113840,234.13,234.15,233.85,234.06,170101
1789113900,234.06,234.16,234.00,234.05,28587
1789113960,234.04,234.06,233.90,233.96,30507
1789114020,233.96,233.96,233.71,233.74,68965
1789114080,233.74,233.84,233.72,233.80,70180
1789114140,233.83,233.84,233.80,233.82,14108
1789114200,233.93,234.00,233.82,233.91,39829
1789114260,233.89,233.91,233.52,233.59,49848
1789114320,233.60,233.60,233.41,233.49,72527
1789114380,233.55,233.55,233.40,233.47,17597
1789114440,233.47,233.47,233.30,233.32,46585
1789114500,233.31,233.57,233.30,233.48,67476
1789114560,233.48,233.55,233.36,233.42,27053
1789114620,233.50,233.59,233.42,233.59,18764
1789114680,233.54,233.56,233.44,233.44,17575
1789114740,233.53,233.62,233.45,233.45,70973
1789114800,233.45,233.53,233.42,233.53,14681
1789114860,233.53,233.66,233.51,233.60,31284
1789114920,233.60,233.66,233.53,233.60,13452
1789114980,233.60,233.60,233.50,233.56,15051
1789115040,233.56,233.65,233.51,233.52,65874
1789115100,233.58,233.58,233.13,233.25,98591
1789115160,233.25,233.27,233.14,233.14,22517
1789115220,233.23,233.30,233.14,233.18,48616
1789115280,233.26,233.28,233.20,233.25,14977
1789115340,233.25,233.41,233.23,233.41,15929
1789115400,233.50,233.92,233.50,233.92,41305
1789115460,233.84,233.89,233.65,233.65,25350
1789115520,233.72,233.80,233.56,233.73,48728
1789115580,233.73,233.85,233.59,233.74,29335
1789115640,233.74,233.77,233.69,233.77,15462
1789115700,233.75,233.80,233.70,233.74,14826
1789115760,233.75,233.80,233.73,233.78,17914
1789115820,233.78,233.81,233.74,233.81,17017
1789115880,233.80,234.01,233.80,234.01,27773
1789115940,234.07,234.19,234.04,234.10,32987
1789116000,234.17,234.18,234.06,234.10,11500
1789116060,234.11,234.11,234.07,234.09,9724
1789116120,234.09,234.16,234.07,234.16,12715
1789116180,234.13,234.16,234.07,234.15,10580
1789116240,234.10,234.25,234.10,234.15,33982
1789116300,234.13,234.15,234.00,234.04,25144
1789116360,234.04,234.05,234.00,234.03,12349
1789116420,234.02,234.03,234.00,234.01,9978
1789116480,234.02,234.02,233.78,233.85,34384
1789116540,233.82,233.92,233.80,233.91,17659
1789116600,233.92,233.92,233.83,233.88,9730
1789116660,233.88,233.99,233.87,233.99,15479
1789116720,234.00,234.00,233.85,233.95,24125
1789116780,233.95,233.99,233.86,233.99,11945
1789116840,233.96,233.99,233.96,233.98,18152
1789116900,233.98,233.98,233.96,233.98,7087
1789116960,233.97,233.98,233.82,233.87,21705
1789117020,233.87,233.96,233.85,233.93,25842
1789117080,233.91,234.00,233.91,233.98,13484
1789117140,234.05,234.05,233.96,234.00,21580
1789117200,234.00,234.04,233.97,234.00,5521
1789117260,234.04,234.13,233.98,234.12,29024
1789117320,234.07,234.07,233.88,233.90,38150
1789117380,233.95,233.98,233.80,233.82,16583
1789117440,233.83,233.85,233.81,233.85,9207
1789117500,233.78,233.88,233.78,233.85,29192
1789117560,233.85,233.90,233.80,233.89,17996
1789117620,233.88,233.89,233.85,233.85,7447
1789117680,233.81,233.88,233.81,233.87,18575
1789117740,233.87,234.10,233.87,234.10,30881
1789117800,234.04,234.09,234.00,234.02,12411
1789117860,234.01,234.13,234.00,234.10,32390
1789117920,234.08,234.13,234.07,234.08,5882
1789117980,234.08,234.18,234.07,234.10,25220
1789118040,234.10,234.14,234.00,234.08,27608
1789118100,234.02,234.11,234.00,234.09,25869
1789118160,234.05,234.08,233.97,233.98,19041
1789118220,233.94,234.05,233.94,234.00,33159
1789118280,233.96,234.00,233.89,233.89,41116
1789118340,233.89,233.89,233.82,233.87,15429
1789118400,233.97,234.40,233.89,234.34,175462
1789118460,234.33,234.45,234.31,234.44,84744
1789118520,234.44,234.56,234.35,234.50,71943
1789118580,234.53,234.64,234.50,234.57,65426
1789118640,234.57,234.81,234.50,234.52,161804
1789118700,234.56,234.56,234.44,234.52,39289
1789118760,234.55,234.55,234.32,234.40,39017
1789118820,234.41,234.41,234.32,234.39,23044
1789118880,234.39,234.50,234.32,234.50,91049
1789118940,234.50,234.58,234.32,234.38,133350
1789119000,234.37,234.42,234.29,234.36,129639
1789119060,234.42,234.42,234.02,234.06,85363
1789119120,234.13,234.43,234.04,234.29,170197
1789119180,234.29,234.44,234.26,234.35,75099
1789119240,234.27,234.38,234.27,234.34,109591
1789119300,234.34,234.40,234.24,234.35,143306
1789119360,234.35,234.42,234.25,234.40,152569
1789119420,234.40,234.60,234.30,234.50,275733
1789119480,234.41,234.51,234.27,234.27,107461
1789119540,234.25,234.27,234.18,234.21,183901
1789119600,234.20,234.45,234.20,234.30,422062
1789119660,234.29,234.31,234.15,234.23,69474
1789119720,234.26,234.26,233.23,233.55,368187
1789119780,233.64,233.98,233.15,233.77,320343
1789119840,233.70,233.78,233.50,233.55,54119
1789119900,233.55,233.55,233.55,233.55,9
1789119960,233.55,233.55,233.55,233.55,0
1789120020,233.55,233.55,233.55,233.55,0
1789120080,233.55,233.55,233.55,233.55,0
1789120140,233.55,233.55,233.55,233.55,0
1789120200,233.55,233.55,233.55,233.55,0
1789120260,233.55,233.55,233.55,233.55,0
1789120320,233.55,233.55,233.55,233.55,0
1789120380,233.55,233.55,233.55,233.55,0
1789120440,233.55,233.55,233.55,233.55,0
1789120500,233.55,233.55,233.55,233.55,0
1789120560,233.55,233.55,233.55,233.55,0
1789120620,233.55,233.55,233.55,233.55,0
1789120680,233.55,233.55,233.55,233.55,0
1789120740,233.55,233.55,232.50,232.50,658910
1789443900,234.90,234.90,233.33,233.82,226605
1789443960,233.88,234.67,233.80,234.34,129177
1789444020,234.26,234.74,233.91,233.91,296832
1789444080,233.91,234.48,233.91,234.48,93712
1789444140,234.48,234.48,234.17,234.18,87287
1789444200,234.18,234.32,233.75,233.96,55580
1789444260,233.96,234.05,233.88,233.98,25108
1789444320,233.98,234.10,233.96,234.10,23209
1789444380,234.10,234.30,234.03,234.19,58490
1789444440,234.13,234.38,234.13,234.38,63919
1789444500,234.33,234.34,234.09,234.09,136730
1789444560,234.14,234.23,233.96,233.99,107562
1789444620,234.00,234.24,233.98,234.12,30666
1789444680,234.12,234.12,233.97,234.00,25207
1789444740,234.00,234.00,233.96,233.98,10670
1789444800,233.99,234.19,233.99,234.12,29742
1789444860,234.23,234.35,233.91,233.91,128176
1789444920,233.91,234.16,233.89,234.14,52089
1789444980,234.11,234.11,234.08,234.09,9483
1789445040,234.10,234.12,234.09,234.09,12587
1789445100,234.09,234.10,234.09,234.09,8240
1789445160,234.07,234.26,234.02,234.26,32007
1789445220,234.23,234.37,234.22,234.35,18983
1789445280,234.35,234.51,234.35,234.45,35092
1789445340,234.41,234.52,234.41,234.44,54515
1789445400,234.42,234.50,234.41,234.41,29729
1789445460,234.43,234.43,234.40,234.43,8567
1789445520,234.43,234.43,234.41,234.41,15610
1789445580,234.42,234.42,234.39,234.39,83374
1789445640,234.39,234.55,234.39,234.54,60743
1789445700,234.54,234.54,234.40,234.40,44097
1789445760,234.37,234.41,234.35,234.37,14807
1789445820,234.37,234.48,234.32,234.48,12024
1789445880,234.46,234.50,234.35,234.37,10346
1789445940,234.40,234.40,234.25,234.25,15181
1789446000,234.33,234.41,234.33,234.33,19893
1789446060,234.37,234.70,234.35,234.70,42461
1789446120,234.70,234.76,234.64,234.70,27055
1789446180,234.71,234.77,234.69,234.75,26103
1789446240,234.69,234.69,234.52,234.60,54222
1789446300,234.60,234.75,234.50,234.54,25136
1789446360,234.53,234.57,234.41,234.55,16701
1789446420,234.42,234.52,234.35,234.50,33263
1789446480,234.46,235.07,234.46,234.95,64671
1789446540,234.93,235.18,234.90,235.06,25574
1789446600,235.06,235.06,234.86,234.91,69116
1789446660,234.89,234.90,234.85,234.90,8067
1789446720,234.90,234.97,234.90,234.94,55510
1789446780,234.95,234.96,234.90,234.90,11528
1789446840,234.80,235.00,234.80,235.00,24503
1789446900,235.08,236.30,235.02,235.77,148114
1789446960,235.77,235.89,235.72,235.76,37118
1789447020,235.77,235.77,235.37,235.45,109110
1789447080,235.52,235.52,235.43,235.47,10658
1789447140,235.46,235.54,235.46,235.48,11849
1789447200,235.61,235.70,235.56,235.56,18912
1789447260,235.62,235.84,235.60,235.75,24912
1789447320,235.84,236.10,235.75,236.10,34081
1789447380,236.01,236.19,236.00,236.15,30169
1789447440,236.15,236.19,236.00,236.19,75056
1789447500,236.19,236.20,236.10,236.10,50462
1789447560,236.10,236.16,236.00,236.04,33082
1789447620,236.00,236.16,235.96,235.96,61438
1789447680,236.08,236.10,236.00,236.10,14507
1789447740,236.08,236.08,235.99,236.06,26162
1789447800,236.06,236.06,235.99,236.00,10535
1789447860,236.05,236.09,235.99,236.04,18291
1789447920,236.08,236.08,235.87,235.94,48621
1789447980,235.88,235.93,235.88,235.88,11309
1789448040,235.88,235.88,235.70,235.82,31466
1789448100,235.85,235.87,235.72,235.84,20486
1789448160,235.84,235.89,235.75,235.77,17059
1789448220,235.77,235.87,235.75,235.85,15053
1789448280,235.85,235.87,235.73,235.85,28674
1789448340,235.85,235.94,235.84,235.94,15982
1789448400,235.94,236.00,235.91,236.00,14563
1789448460,236.00,236.00,235.76,235.87,90977
1789448520,235.87,235.87,235.72,235.75,12295
1789448580,235.77,235.77,235.67,235.67,6249
1789448640,235.70,235.72,235.63,235.66,11165
1789448700,235.70,235.97,235.66,235.95,37919
1789448760,235.97,235.99,235.88,235.93,11218
1789448820,235.93,235.95,235.90,235.90,12742
1789448880,235.92,235.94,235.85,235.88,31301
1789448940,235.85,235.88,235.70,235.74,32341
1789449000,235.70,235.81,235.70,235.81,9231
1789449060,235.81,235.82,235.76,235.79,9557
1789449120,235.79,235.80,235.76,235.80,16532
1789449180,235.80,235.82,235.75,235.80,20422
1789449240,235.80,235.80,235.69,235.79,17146
1789449300,235.79,235.80,235.76,235.76,14357
1789449360,235.75,235.79,235.66,235.66,14420
1789449420,235.65,235.80,235.65,235.80,19473
1789449480,235.79,235.89,235.79,235.85,4963
1789449540,235.85,235.89,235.82,235.85,16148
1789449600,235.81,235.88,235.79,235.79,15924
1789449660,235.79,235.86,235.79,235.84,13247
1789449720,235.83,235.86,235.83,235.86,8062
1789449780,235.85,235.86,235.80,235.83,38572
1789449840,235.81,235.83,235.79,235.80,14563
1789449900,235.79,235.80,235.77,235.79,14345
1789449960,235.79,235.98,235.77,235.91,51876
1789450020,235.91,235.98,235.91,235.97,8598
1789450080,235.99,235.99,235.84,235.87,28534
1789450140,235.93,235.98,235.93,235.96,9090
1789450200,235.96,235.98,235.88,235.91,30021
1789450260,235.92,235.94,235.84,235.87,16846
1789450320,235.87,235.89,235.81,235.81,10497
1789450380,235.77,235.88,235.76,235.79,22859
1789450440,235.84,235.84,235.74,235.78,37180
1789450500,235.77,235.79,235.74,235.79,11161
1789450560,235.77,235.79,235.71,235.76,20128
1789450620,235.75,235.79,235.75,235.78,9260
1789450680,235.79,235.80,235.76,235.80,15932
1789450740,235.79,235.81,235.74,235.76,23147
1789450800,235.76,235.80,235.75,235.76,32667
1789450860,235.76,235.87,235.75,235.76,91872
1789450920,235.76,235.78,235.64,235.70,21185
1789450980,235.67,235.70,235.64,235.70,8297
1789451040,235.70,235.70,235.65,235.69,18615
1789451100,235.67,235.67,235.60,235.63,30630
1789451160,235.62,235.63,235.35,235.38,69848
1789451220,235.38,235.52,235.35,235.50,10351
1789451280,235.45,235.54,235.45,235.50,20215
1789451340,235.46,235.50,235.32,235.36,55678
1789451400,235.26,235.33,235.22,235.28,19638
1789451460,235.28,235.28,235.11,235.21,48134
1789451520,235.22,235.24,235.06,235.08,25880
1789451580,235.08,235.15,235.04,235.15,13797
1789451640,235.15,235.33,235.10,235.28,35981
1789451700,235.27,235.35,235.24,235.28,57262
1789451760,235.34,235.40,235.28,235.33,21175
1789451820,235.32,235.40,235.28,235.30,21346
1789451880,235.33,235.33,235.23,235.23,26416
1789451940,235.22,235.26,235.11,235.15,37567
1789452000,235.15,235.25,235.10,235.13,20419
1789452060,235.14,235.29,235.13,235.28,14046
1789452120,235.28,235.36,235.28,235.29,8325
1789452180,235.36,235.40,235.29,235.35,7797
1789452240,235.39,235.65,235.36,235.65,63861
1789452300,235.65,235.78,235.62,235.74,21902
1789452360,235.74,235.79,235.67,235.67,119810
1789452420,235.71,235.73,235.66,235.68,18164
1789452480,235.72,235.75,235.71,235.74,7634
1789452540,235.74,235.77,235.73,235.76,8298
1789452600,235.76,235.76,235.71,235.71,18323
1789452660,235.72,235.80,235.72,235.80,18077
1789452720,235.77,235.80,235.77,235.80,15445
1789452780,235.80,235.84,235.78,235.83,12855
1789452840,235.82,235.85,235.77,235.83,37271
1789452900,235.73,235.84,235.73,235.81,13413
1789452960,235.84,235.85,235.81,235.85,13154
1789453020,235.84,235.87,235.84,235.87,5771
1789453080,235.85,235.85,235.82,235.83,18226
1789453140,235.83,235.85,235.81,235.81,22806
1789453200,235.83,235.85,235.81,235.84,13008
1789453260,235.82,235.90,235.82,235.86,17088
1789453320,235.90,235.90,235.83,235.87,61611
1789453380,235.83,235.92,235.70,235.78,58484
1789453440,235.71,235.84,235.71,235.80,14526
1789453500,235.80,235.85,235.67,235.76,20707
1789453560,235.84,235.90,235.75,235.80,16396
1789453620,235.80,235.80,235.72,235.74,14804
1789453680,235.74,235.78,235.46,235.51,81400
1789453740,235.51,235.51,235.50,235.50,13414
1789453800,235.50,235.50,235.44,235.45,17092
1789453860,235.44,235.46,235.42,235.43,10883
1789453920,235.42,235.64,235.39,235.57,56337
1789453980,235.57,235.67,235.57,235.64,8940
1789454040,235.64,235.65,235.61,235.62,11525
1789454100,235.62,235.69,235.61,235.69,10073
1789454160,235.63,235.69,235.61,235.65,45639
1789454220,235.65,235.68,235.62,235.62,11497
1789454280,235.62,235.69,235.62,235.68,14025
1789454340,235.68,235.72,235.64,235.66,30170
1789454400,235.68,235.69,235.64,235.66,19292
1789454460,235.65,235.65,234.90,234.99,270335
1789454520,234.99,235.00,234.90,234.99,42020
1789454580,234.99,235.00,234.90,234.93,23076
1789454640,234.97,235.00,234.97,234.98,12187
1789454700,234.98,235.00,234.97,235.00,395536
1789454760,234.99,235.01,234.99,235.00,9210
1789454820,235.00,235.00,234.91,234.98,35858
1789454880,234.92,235.00,234.90,234.96,26013
1789454940,234.96,234.98,234.92,234.97,8034
1789455000,234.95,234.98,234.95,234.98,13871
1789455060,234.97,235.00,234.97,234.99,9553
1789455120,234.99,235.00,234.98,234.99,16376
1789455180,234.99,234.99,234.74,234.82,110868
1789455240,234.82,234.99,234.79,234.99,19106
1789455300,234.99,235.00,234.90,234.94,94078
1789455360,234.94,235.00,234.92,235.00,11452
1789455420,234.97,235.01,234.97,235.00,15716
1789455480,235.00,235.00,234.99,235.00,43206
1789455540,235.00,235.00,234.99,235.00,456816
1789455600,235.00,235.29,234.99,235.28,115471
1789455660,235.23,235.33,235.20,235.27,41656
1789455720,235.20,235.28,235.18,235.19,26955
1789455780,235.19,235.21,235.14,235.18,24991
1789455840,235.16,235.18,235.07,235.17,16775
1789455900,235.15,235.17,235.00,235.13,17281
1789455960,235.10,235.19,235.10,235.16,6084
1789456020,235.18,235.18,235.00,235.02,19663
1789456080,235.01,235.07,234.75,234.75,24761
1789456140,234.68,234.91,234.68,234.91,39683
1789456200,234.91,234.93,234.77,234.87,12935
1789456260,234.89,234.92,234.86,234.89,6257
1789456320,234.89,234.94,234.88,234.92,10654
1789456380,234.91,234.94,234.80,234.85,45422
1789456440,234.82,234.83,234.73,234.77,17134
1789456500,234.75,234.82,234.71,234.71,12219
1789456560,234.70,234.80,234.66,234.73,19351
1789456620,234.70,234.76,234.70,234.76,8279
1789456680,234.75,234.79,234.74,234.79,8746
1789456740,234.78,234.85,234.78,234.80,11745
1789456800,234.80,234.86,234.80,234.85,8103
1789456860,234.87,234.94,234.86,234.86,21505
1789456920,234.86,234.90,234.85,234.88,15682
1789456980,234.88,234.93,234.88,234.91,5547
1789457040,234.91,234.96,234.86,234.90,46107
1789457100,234.90,234.96,234.87,234.91,14644
1789457160,234.91,234.96,234.91,234.93,8752
1789457220,234.92,234.98,234.91,234.97,15045
1789457280,234.97,234.99,234.95,234.95,28492
1789457340,234.98,234.99,234.95,234.99,10920
1789457400,234.97,235.00,234.96,235.00,16394
1789457460,234.98,235.00,234.90,234.93,107252
1789457520,234.90,234.96,234.90,234.95,8873
1789457580,234.95,234.96,234.90,234.96,35644
1789457640,234.91,234.99,234.91,234.99,13820
1789457700,234.96,235.00,234.96,235.00,21198
1789457760,234.99,235.00,234.99,234.99,23302
1789457820,234.99,235.00,234.98,235.00,14690
1789457880,234.99,235.00,234.98,235.00,13475
1789457940,234.99,235.00,234.95,234.96,37331
1789458000,234.95,234.96,234.90,234.90,48411
1789458060,234.90,234.90,234.69,234.77,31047
1789458120,234.75,234.80,234.72,234.80,7478
1789458180,234.77,234.82,234.75,234.82,11715
1789458240,234.80,234.94,234.80,234.91,8262
1789458300,234.91,234.94,234.87,234.92,10983
1789458360,234.91,234.92,234.87,234.87,28784
1789458420,234.87,234.90,234.86,234.88,19096
1789458480,234.88,234.92,234.88,234.90,11629
1789458540,234.89,234.94,234.89,234.94,9776
1789458600,234.91,234.93,234.88,234.90,16530
1789458660,234.89,234.92,234.88,234.89,9135
1789458720,234.89,234.94,234.85,234.85,48489
1789458780,234.87,234.90,234.85,234.88,10947
1789458840,234.90,234.90,234.87,234.88,11132
1789458900,234.90,234.91,234.87,234.88,11589
1789458960,234.88,234.91,234.74,234.77,68798
1789459020,234.75,234.91,234.75,234.85,12575
1789459080,234.85,234.88,234.75,234.84,8022
1789459140,234.82,234.84,234.66,234.76,20356
1789459200,234.75,234.76,234.72,234.72,9250
1789459260,234.72,234.81,234.69,234.80,13374
1789459320,234.79,234.82,234.79,234.82,5789
1789459380,234.84,234.84,234.82,234.83,7243
1789459440,234.85,234.90,234.83,234.87,11423
1789459500,234.86,234.89,234.82,234.84,33636
1789459560,234.84,234.87,234.82,234.86,24957
1789459620,234.83,234.86,234.82,234.83,14427
1789459680,234.83,234.86,234.70,234.70,51562
1789459740,234.71,234.83,234.71,234.82,14283
1789459800,234.80,234.82,234.78,234.82,18804
1789459860,234.77,234.82,234.75,234.82,15257
1789459920,234.82,234.83,234.80,234.83,9620
1789459980,234.83,234.83,234.79,234.79,20248
1789460040,234.79,234.85,234.78,234.81,7694
1789460100,234.81,234.86,234.80,234.83,24922
1789460160,234.82,234.85,234.82,234.84,10817
1789460220,234.84,234.85,234.69,234.70,72659
1789460280,234.74,234.79,234.71,234.78,10034
1789460340,234.73,234.77,234.71,234.77,18017
1789460400,234.76,234.76,234.74,234.76,10747
1789460460,234.75,234.79,234.73,234.77,17099
1789460520,234.77,234.79,234.72,234.78,10168
1789460580,234.60,234.71,234.59,234.66,32347
1789460640,234.63,234.64,234.62,234.64,11047
1789460700,234.59,234.65,234.59,234.64,13441
1789460760,234.65,234.74,234.62,234.74,6207
1789460820,234.70,234.74,234.66,234.71,17028
1789460880,234.72,234.74,234.62,234.62,33933
1789460940,234.62,234.71,234.62,234.71,7858
1789461000,234.70,234.75,234.69,234.75,8737
1789461060,234.75,234.79,234.71,234.74,13572
1789461120,234.72,234.74,234.70,234.70,21941
1789461180,234.72,234.74,234.69,234.74,15362
1789461240,234.71,234.76,234.71,234.76,7925
1789461300,234.76,234.81,234.75,234.79,10154
1789461360,234.76,234.77,234.74,234.76,34496
1789461420,234.74,234.79,234.74,234.79,10291
1789461480,234.77,234.80,234.75,234.76,25107
1789461540,234.79,234.82,234.76,234.81,12453
1789461600,234.80,234.85,234.80,234.84,20531
1789461660,234.84,234.90,234.82,234.82,21782
1789461720,234.83,234.83,233.86,234.00,943006
1789461780,233.97,234.00,233.87,233.95,48430
1789461840,233.93,234.00,233.90,233.97,20991
1789461900,233.97,233.97,233.85,233.92,14659
1789461960,233.92,233.99,233.91,233.99,9446
1789462020,233.93,233.98,233.92,233.98,42671
1789462080,233.95,233.99,233.87,233.92,19862
1789462140,233.92,233.92,233.85,233.85,15496
1789462200,233.84,233.94,233.84,233.94,12997
1789462260,233.96,234.00,233.96,234.00,12944
1789462320,234.00,234.08,234.00,234.01,25249
1789462380,234.00,234.05,233.93,234.00,54115
1789462440,233.99,234.00,233.81,233.97,16262
1789462500,233.97,233.99,233.95,233.99,20088
1789462560,233.96,234.00,233.96,233.97,25743
1789462620,233.95,234.00,233.81,233.93,22890
1789462680,233.93,233.97,233.77,233.83,35372
1789462740,233.78,233.90,233.76,233.86,12091
1789462800,233.86,233.92,233.86,233.92,20593
1789462860,233.90,234.00,233.90,234.00,10581
1789462920,234.00,234.00,233.99,234.00,15451
1789462980,234.00,234.00,233.99,234.00,21949
1789463040,233.96,233.97,233.88,233.91,76217
1789463100,233.91,233.97,233.84,233.84,12455
1789463160,233.86,233.89,233.84,233.88,18874
1789463220,233.88,233.93,233.83,233.84,11446
1789463280,233.84,233.93,233.75,233.90,17035
1789463340,233.94,233.96,233.89,233.90,20194
1789463400,233.89,233.94,233.89,233.91,17166
1789463460,233.93,233.94,233.91,233.94,8629
1789463520,233.94,233.97,233.94,233.97,19793
1789463580,233.97,233.97,233.95,233.97,26715
1789463640,233.96,233.98,233.74,233.82,137088
1789463700,233.82,233.87,233.80,233.84,14352
1789463760,233.84,233.85,233.79,233.80,25545
1789463820,233.79,233.84,233.75,233.79,13497
1789463880,233.79,233.79,233.69,233.70,17988
1789463940,233.68,233.80,233.68,233.78,38974
1789464000,233.78,233.83,233.78,233.82,16483
1789464060,233.82,233.84,233.64,233.69,112115
1789464120,233.69,233.69,233.64,233.67,27959
1789464180,233.59,233.65,233.56,233.58,25880
1789464240,233.60,233.63,233.56,233.56,19356
1789464300,233.59,233.59,233.54,233.59,32817
1789464360,233.62,233.70,233.57,233.70,32998
1789464420,233.70,233.78,233.52,233.52,124103
1789464480,233.52,233.69,233.52,233.67,53325
1789464540,233.68,233.68,233.55,233.55,44415
1789464600,233.50,233.54,233.47,233.47,62243
1789464660,233.50,233.56,233.40,233.50,57379
1789464720,233.54,233.56,233.47,233.55,68811
1789464780,233.57,233.86,233.51,233.77,195900
1789464840,233.77,233.86,233.64,233.71,150220
1789464900,233.71,233.80,233.70,233.74,43282
1789464960,233.75,233.85,233.70,233.77,90543
1789465020,233.77,233.80,233.64,233.64,111668
1789465080,233.64,233.82,233.64,233.80,68262
1789465140,233.80,233.88,233.75,233.87,93558
1789465200,233.87,233.87,233.75,233.79,109201
1789465260,233.79,233.95,233.79,233.95,99947
1789465320,233.95,233.95,233.56,233.67,162531
1789465380,233.50,233.90,233.50,233.74,157137
1789465440,233.71,234.00,233.61,233.65,66104
1789465500,234.00,234.00,234.00,234.00,62
1789465560,234.00,234.00,234.00,234.00,0
1789465620,234.00,234.00,234.00,234.00,0
1789465680,234.00,234.00,234.00,234.00,0
1789465740,234.00,234.00,234.00,234.00,0
1789465800,234.00,234.00,234.00,234.00,0
1789465860,234.00,234.00,234.00,234.00,0
1789465920,234.00,234.00,234.00,234.00,0
1789465980,234.00,234.00,234.00,234.00,0
1789466040,234.00,234.00,234.00,234.00,0
1789466100,234.00,234.00,234.00,234.00,0
1789466160,234.00,234.00,234.00,234.00,0
1789466220,234.00,234.00,234.00,234.00,0
1789466280,234.00,234.00,234.00,234.00,0
1789466340,235.95,235.95,235.95,235.95,799081
1789530300,236.45,236.45,234.59,235.24,196067
1789530360,235.32,235.78,235.06,235.74,114061
1789530420,235.70,236.13,235.65,235.68,83485
1789530480,235.73,235.75,235.17,235.30,40114
1789530540,235.30,235.54,235.27,235.48,62673
1789530600,235.48,235.80,235.39,235.75,63675
1789530660,235.75,235.80,235.60,235.60,23859
1789530720,235.60,235.87,235.60,235.70,110397
1789530780,235.70,235.85,235.70,235.82,23868
1789530840,235.84,235.87,235.80,235.80,21885
1789530900,235.58,235.82,235.58,235.82,40320
1789530960,235.81,235.82,235.54,235.61,15526
1789531020,235.61,235.66,235.52,235.52,27781
1789531080,235.47,235.64,235.47,235.62,32427
1789531140,235.61,235.63,235.51,235.54,10286
1789531200,235.54,235.54,235.35,235.35,22235
1789531260,235.43,235.43,235.37,235.39,21025
1789531320,235.39,235.60,235.39,235.56,31404
1789531380,235.54,235.55,235.43,235.48,20401
1789531440,235.48,235.48,235.40,235.45,38915
1789531500,235.42,235.42,235.18,235.18,18987
1789531560,235.18,235.23,235.14,235.16,25190
1789531620,235.20,235.28,235.10,235.20,27776
1789531680,235.20,235.29,235.20,235.28,6708
1789531740,235.28,235.29,234.89,234.98,81435
1789531800,234.98,235.16,234.92,235.16,12983
1789531860,235.06,235.12,234.99,235.03,41581
1789531920,235.02,235.02,234.90,234.91,17753
1789531980,234.91,235.00,234.85,234.89,41564
1789532040,234.89,234.90,234.69,234.76,16532
1789532100,234.74,234.82,234.74,234.81,24080
1789532160,234.82,234.89,234.76,234.85,30977
1789532220,234.86,234.89,234.67,234.70,15578
1789532280,234.65,234.72,234.65,234.66,10901
1789532340,234.65,234.81,234.65,234.68,30959
1789532400,234.65,234.71,234.60,234.71,10117
1789532460,234.64,234.66,233.70,233.73,534502
1789532520,233.67,233.91,233.31,233.91,101822
1789532580,233.85,233.89,233.75,233.85,13913
1789532640,233.85,234.00,233.80,234.00,50454
1789532700,234.00,234.00,233.88,233.89,15919
1789532760,233.91,233.92,233.90,233.91,16515
1789532820,233.90,233.91,233.79,233.81,20615
1789532880,233.89,234.04,233.79,234.00,166461
1789532940,234.00,234.47,233.97,234.47,155756
1789533000,234.31,234.41,233.91,234.01,74902
1789533060,233.91,234.19,233.87,234.07,90226
1789533120,234.07,234.19,233.82,234.09,71392
1789533180,234.02,234.35,234.00,234.29,26737
1789533240,234.32,234.32,234.20,234.21,16383
1789533300,234.21,234.23,234.08,234.21,15357
1789533360,234.20,234.38,234.19,234.38,20492
1789533420,234.38,234.49,234.36,234.44,25646
1789533480,234.44,234.48,234.32,234.35,12083
1789533540,234.35,234.36,234.29,234.36,14637
1789533600,234.35,234.39,234.35,234.39,4013
1789533660,234.38,234.40,234.38,234.39,7053
1789533720,234.40,234.41,234.39,234.40,8677
1789533780,234.41,234.42,234.30,234.35,16237
1789533840,234.35,234.45,234.21,234.45,22303
1789533900,234.42,234.44,234.21,234.21,10389
1789533960,234.27,234.35,234.27,234.32,5926
1789534020,234.35,234.39,234.35,234.36,12937
1789534080,234.36,234.43,234.36,234.43,6255
1789534140,234.43,234.51,234.42,234.51,34081
1789534200,234.46,234.52,234.43,234.52,6373
1789534260,234.52,234.52,234.40,234.46,4995
1789534320,234.46,234.55,234.46,234.51,18528
1789534380,234.53,234.59,234.53,234.59,4672
1789534440,234.58,234.65,234.51,234.51,18280
1789534500,234.51,234.55,234.51,234.55,7442
1789534560,234.55,234.85,234.55,234.75,26459
1789534620,234.75,234.75,234.71,234.71,2771
1789534680,234.71,234.73,234.65,234.65,4693
1789534740,234.66,234.68,234.55,234.59,4977
1789534800,234.58,234.59,234.45,234.58,11108
1789534860,234.58,234.60,234.54,234.60,8287
1789534920,234.60,234.63,234.60,234.63,6905
1789534980,234.63,234.65,234.62,234.65,9032
1789535040,234.65,234.65,234.62,234.65,3241
1789535100,234.65,234.70,234.64,234.70,8231
1789535160,234.72,234.72,234.71,234.72,5978
1789535220,234.72,234.73,234.68,234.68,13010
1789535280,234.71,234.71,234.57,234.65,6350
1789535340,234.57,234.65,234.45,234.48,12934
1789535400,234.45,234.65,234.45,234.63,13856
1789535460,234.63,234.63,234.55,234.63,4322
1789535520,234.63,234.63,234.61,234.63,1708
1789535580,234.63,234.63,234.61,234.63,9768
1789535640,234.62,234.64,234.62,234.64,4467
1789535700,234.64,234.64,234.63,234.63,5192
1789535760,234.63,234.64,234.62,234.64,8893
1789535820,234.62,234.85,234.62,234.85,25113
1789535880,234.85,234.85,234.75,234.80,12964
1789535940,234.80,234.80,234.71,234.79,3912
1789536000,234.76,234.76,234.70,234.70,12635
1789536060,234.72,234.72,234.66,234.72,3369
1789536120,234.72,234.72,234.69,234.69,6796
1789536180,234.70,234.73,234.70,234.73,10979
1789536240,234.71,234.88,234.71,234.88,32888
1789536300,234.88,234.88,234.82,234.82,8964
1789536360,234.82,234.85,234.82,234.84,2926
1789536420,234.84,234.85,234.72,234.76,4993
1789536480,234.76,234.80,234.76,234.80,2808
1789536540,234.80,234.83,234.76,234.83,8254
1789536600,234.83,234.83,234.80,234.83,3343
1789536660,234.80,234.86,234.79,234.86,18107
1789536720,234.86,234.93,234.86,234.93,7591
1789536780,234.91,234.95,234.91,234.94,6800
1789536840,234.94,234.97,234.86,234.97,28628
1789536900,234.97,234.97,234.90,234.90,11054
1789536960,234.95,234.95,234.70,234.80,10212
1789537020,234.71,234.77,234.64,234.76,21087
1789537080,234.76,234.87,234.76,234.80,15893
1789537140,234.80,234.87,234.80,234.87,2861
1789537200,234.87,234.92,234.80,234.81,18235
1789537260,234.85,234.85,234.80,234.85,6613
1789537320,234.85,234.89,234.80,234.80,6660
1789537380,234.80,234.80,234.72,234.78,19874
1789537440,234.76,234.77,234.70,234.77,11118
1789537500,234.78,234.93,234.76,234.90,24374
1789537560,234.90,234.95,234.88,234.95,9043
1789537620,234.93,234.94,234.86,234.86,19480
1789537680,234.90,234.90,234.86,234.86,1559
1789537740,234.90,234.90,234.72,234.80,10087
1789537800,234.70,234.94,234.70,234.90,26503
1789537860,234.90,234.90,234.78,234.84,11821
1789537920,234.85,234.92,234.84,234.90,7103
1789537980,234.90,234.98,234.88,234.96,9566
1789538040,234.97,234.99,234.88,234.94,11762
1789538100,234.94,234.94,234.92,234.94,2275
1789538160,234.94,234.94,234.92,234.93,5750
1789538220,234.92,234.93,234.74,234.84,9161
1789538280,234.84,234.84,234.75,234.82,10134
1789538340,234.81,234.84,234.81,234.84,6493
1789538400,234.81,234.84,234.80,234.81,11103
1789538460,234.72,234.77,234.64,234.74,12035
1789538520,234.77,234.92,234.73,234.90,20810
1789538580,234.90,234.90,234.85,234.89,2269
1789538640,234.89,234.89,234.79,234.84,7141
1789538700,234.84,234.98,234.84,234.93,33008
1789538760,234.93,234.99,234.85,234.97,11503
1789538820,234.98,234.99,234.96,234.99,4057
1789538880,234.97,235.10,234.97,235.09,30548
1789538940,235.09,235.09,235.04,235.08,6186
1789539000,235.07,235.07,234.96,235.03,6733
1789539060,235.03,235.15,235.00,235.10,22822
1789539120,235.10,235.10,235.01,235.07,3534
1789539180,235.07,235.08,235.01,235.06,3969
1789539240,235.06,235.06,235.02,235.02,4149
1789539300,235.02,235.05,234.90,234.95,15474
1789539360,234.93,235.04,234.93,235.02,17380
1789539420,235.04,235.07,235.02,235.07,4764
1789539480,235.07,235.07,235.00,235.05,10703
1789539540,235.07,235.10,235.06,235.07,14802
1789539600,235.07,235.20,235.07,235.18,16332
1789539660,235.18,235.20,235.11,235.14,42613
1789539720,235.17,235.17,235.04,235.09,8714
1789539780,235.10,235.10,235.04,235.07,2508
1789539840,235.07,235.07,235.00,235.04,6549
1789539900,235.04,235.04,234.93,234.93,4839
1789539960,234.99,235.00,234.86,234.99,8196
1789540020,235.08,235.29,234.99,234.99,38220
1789540080,235.10,235.14,235.08,235.10,5997
1789540140,235.10,235.14,235.10,235.14,2989
1789540200,235.13,235.15,235.04,235.07,6930
1789540260,235.07,235.07,235.01,235.05,4597
1789540320,235.05,235.05,234.96,235.04,5530
1789540380,235.04,235.09,235.03,235.09,26748
1789540440,235.09,235.14,235.07,235.11,4449
1789540500,235.11,235.13,235.11,235.13,3990
1789540560,235.10,235.15,235.02,235.06,12532
1789540620,235.06,235.08,235.02,235.07,7434
1789540680,235.07,235.07,234.95,235.05,6564
1789540740,235.05,235.22,234.98,235.07,30482
1789540800,235.07,235.60,235.07,235.48,236055
1789540860,235.49,235.53,235.39,235.41,6934
1789540920,235.41,235.45,235.41,235.43,3374
1789540980,235.42,235.43,235.30,235.34,4121
1789541040,235.34,235.39,235.21,235.36,28701
1789541100,235.36,235.45,235.33,235.44,19742
1789541160,235.45,235.45,235.38,235.40,9391
1789541220,235.43,235.55,235.40,235.54,18174
1789541280,235.49,235.54,235.39,235.43,10541
1789541340,235.43,235.48,235.40,235.44,5976
1789541400,235.44,235.44,235.32,235.36,10858
1789541460,235.32,235.36,235.32,235.32,4198
1789541520,235.36,235.36,235.23,235.23,16887
1789541580,235.23,235.31,235.23,235.28,7817
1789541640,235.29,235.29,235.28,235.28,6952
1789541700,235.28,235.29,235.28,235.29,5296
1789541760,235.29,235.30,235.29,235.30,6095
1789541820,235.30,235.51,235.29,235.39,38264
1789541880,235.31,235.53,235.30,235.53,63654
1789541940,235.53,235.73,235.51,235.71,25452
1789542000,235.73,235.79,235.73,235.79,39265
1789542060,235.78,235.83,235.71,235.83,104527
1789542120,235.83,235.83,235.68,235.76,22759
1789542180,235.75,235.77,235.69,235.75,4436
1789542240,235.75,235.78,235.57,235.57,11125
1789542300,235.65,235.65,235.57,235.64,6372
1789542360,235.64,235.64,235.52,235.59,6487
1789542420,235.58,235.58,235.44,235.53,6227
1789542480,235.44,235.70,235.44,235.65,34309
1789542540,235.66,235.72,235.65,235.72,6090
1789542600,235.72,235.73,235.55,235.63,6873
1789542660,235.63,235.67,235.60,235.61,3100
1789542720,235.61,235.61,235.49,235.49,6806
1789542780,235.51,235.64,235.49,235.63,21066
1789542840,235.61,235.61,235.41,235.51,9472
1789542900,235.51,235.67,235.50,235.65,16728
1789542960,235.67,235.75,235.57,235.73,16504
1789543020,235.70,235.71,235.58,235.69,5758
1789543080,235.69,235.69,235.61,235.67,3486
1789543140,235.66,235.67,235.56,235.66,10758
1789543200,235.65,235.66,235.58,235.66,6938
1789543260,235.59,235.66,235.59,235.64,5724
1789543320,235.64,235.65,235.61,235.65,7976
1789543380,235.65,235.65,235.62,235.65,4571
1789543440,235.62,235.65,235.62,235.65,8664
1789543500,235.65,235.76,235.62,235.75,35225
1789543560,235.75,235.79,235.64,235.76,16013
1789543620,235.77,235.77,235.67,235.70,9254
1789543680,235.70,235.70,235.57,235.67,4042
1789543740,235.63,235.69,235.51,235.51,5047
1789543800,235.51,235.61,235.51,235.60,8574
1789543860,235.53,235.60,235.43,235.44,8299
1789543920,235.47,235.47,235.33,235.44,11817
1789543980,235.44,235.44,235.35,235.39,7919
1789544040,235.39,235.39,235.31,235.39,7855
1789544100,235.36,235.39,235.35,235.37,9653
1789544160,235.35,235.50,235.32,235.50,30094
1789544220,235.50,235.55,235.47,235.50,10526
1789544280,235.51,235.53,235.42,235.48,4046
1789544340,235.44,235.52,235.44,235.48,9299
1789544400,235.48,235.48,235.42,235.48,4898
1789544460,235.48,235.48,235.32,235.40,8039
1789544520,235.40,235.40,235.32,235.38,7110
1789544580,235.33,235.38,235.29,235.31,9173
1789544640,235.33,235.33,235.20,235.28,10250
1789544700,235.28,235.43,235.22,235.40,25296
1789544760,235.42,235.48,235.40,235.45,5239
1789544820,235.43,235.48,235.41,235.46,3563
1789544880,235.46,235.48,235.41,235.44,6953
1789544940,235.44,235.44,235.41,235.41,5758
1789545000,235.43,235.43,235.33,235.41,5685
1789545060,235.33,235.54,235.32,235.47,33886
1789545120,235.47,235.47,235.40,235.43,6362
1789545180,235.38,235.46,235.35,235.40,4193
1789545240,235.40,235.40,235.25,235.25,5294
1789545300,235.22,235.35,235.22,235.35,6268
1789545360,235.32,235.36,235.30,235.32,9654
1789545420,235.23,235.30,235.14,235.22,23205
1789545480,235.22,235.36,235.11,235.31,51822
1789545540,235.34,235.34,235.20,235.28,6136
1789545600,235.20,235.29,235.20,235.25,25852
1789545660,235.25,235.25,235.21,235.25,7507
1789545720,235.22,235.25,235.19,235.20,24082
1789545780,235.18,235.20,235.18,235.20,7925
1789545840,235.20,235.20,235.14,235.20,15195
1789545900,235.20,235.20,235.10,235.14,7240
1789545960,235.10,235.14,235.08,235.10,7408
1789546020,235.10,235.17,235.10,235.17,13108
1789546080,235.17,235.17,235.15,235.16,10181
1789546140,235.16,235.16,235.12,235.12,8371
1789546200,235.16,235.16,235.10,235.16,10082
1789546260,235.11,235.18,235.11,235.18,14849
1789546320,235.18,235.38,235.17,235.34,28524
1789546380,235.32,235.37,235.30,235.35,6020
1789546440,235.36,235.37,235.34,235.35,3817
1789546500,235.35,235.38,235.34,235.38,7031
1789546560,235.38,235.38,235.37,235.38,5387
1789546620,235.38,235.39,235.37,235.39,8624
1789546680,235.39,235.40,235.37,235.39,8452
1789546740,235.39,235.39,235.28,235.36,9890
1789546800,235.33,235.34,235.25,235.26,6141
1789546860,235.33,235.33,235.24,235.24,10753
1789546920,235.25,235.46,235.25,235.41,31730
1789546980,235.40,235.40,235.29,235.35,6108
1789547040,235.35,235.36,235.29,235.30,5772
1789547100,235.28,235.28,235.25,235.28,2002
1789547160,235.25,235.29,235.23,235.29,11330
1789547220,235.29,235.29,235.23,235.28,6846
1789547280,235.23,235.33,235.23,235.29,20086
1789547340,235.31,235.36,235.31,235.35,4756
1789547400,235.35,235.39,235.35,235.38,7471
1789547460,235.38,235.38,235.35,235.36,6477
1789547520,235.36,235.36,235.23,235.29,7889
1789547580,235.29,235.29,235.20,235.25,6908
1789547640,235.16,235.33,235.14,235.29,30719
1789547700,235.22,235.30,235.22,235.30,5352
1789547760,235.29,235.31,235.27,235.30,3861
1789547820,235.29,235.33,235.26,235.30,7382
1789547880,235.30,235.30,235.29,235.30,5088
1789547940,235.30,235.30,235.29,235.30,5574
1789548000,235.29,235.30,235.27,235.27,7109
1789548060,235.30,235.30,235.15,235.20,6791
1789548120,235.20,235.22,235.20,235.22,7995
1789548180,235.22,235.23,235.21,235.22,9364
1789548240,235.22,235.34,235.21,235.30,34295
1789548300,235.30,235.33,235.22,235.33,2711
1789548360,235.32,235.32,235.20,235.28,5722
1789548420,235.27,235.32,235.20,235.28,6352
1789548480,235.28,235.28,235.22,235.28,5038
1789548540,235.24,235.28,235.19,235.22,7553
1789548600,235.19,235.41,235.19,235.37,35584
1789548660,235.37,235.44,235.32,235.40,6362
1789548720,235.41,235.42,235.39,235.39,7940
1789548780,235.39,235.39,235.31,235.38,2315
1789548840,235.38,235.38,235.32,235.34,10642
1789548900,235.34,235.34,235.28,235.32,7740
1789548960,235.32,235.32,235.23,235.23,11773
1789549020,235.23,235.40,235.21,235.37,29706
1789549080,235.37,235.40,235.30,235.37,4653
1789549140,235.40,235.40,235.29,235.31,6242
1789549200,235.32,235.33,235.28,235.30,13787
1789549260,235.28,235.32,235.28,235.30,2311
1789549320,235.32,235.32,235.22,235.28,12314
1789549380,235.28,235.28,235.23,235.25,8961
1789549440,235.24,235.31,235.21,235.26,21644
1789549500,235.26,235.26,235.21,235.25,4510
1789549560,235.25,235.25,235.21,235.25,12039
1789549620,235.25,235.25,235.08,235.17,26393
1789549680,235.17,235.17,235.09,235.13,9657
1789549740,235.13,235.18,234.78,234.78,77681
1789549800,234.78,234.94,234.78,234.90,83347
1789549860,234.86,234.93,234.86,234.93,11290
1789549920,234.88,234.92,234.70,234.82,25612
1789549980,234.81,234.81,234.78,234.79,4682
1789550040,234.79,234.79,234.71,234.78,13081
1789550100,234.78,234.82,234.71,234.81,23021
1789550160,234.80,234.82,234.80,234.82,8326
1789550220,234.80,234.82,234.72,234.74,19518
1789550280,234.74,234.89,234.74,234.88,36456
1789550340,234.87,234.91,234.78,234.90,11817
1789550400,234.90,234.90,234.77,234.83,34048
1789550460,234.81,234.87,234.80,234.80,19885
1789550520,234.80,234.81,234.78,234.81,19610
1789550580,234.84,234.84,234.81,234.82,28739
1789550640,234.84,234.85,234.82,234.85,18467
1789550700,234.86,235.00,234.86,235.00,80027
1789550760,235.00,235.08,234.97,235.04,28271
1789550820,235.04,235.07,234.94,234.99,21513
1789550880,234.99,234.99,234.87,234.93,23243
1789550940,234.88,234.93,234.85,234.90,104697
1789551000,234.87,234.87,234.68,234.72,117726
1789551060,234.72,234.77,234.71,234.77,31797
1789551120,234.76,234.80,234.76,234.80,22491
1789551180,234.80,234.80,234.78,234.79,29873
1789551240,234.79,234.79,234.78,234.79,30063
1789551300,234.79,234.79,234.73,234.77,98457
1789551360,234.77,234.92,234.77,234.86,114510
1789551420,234.85,234.85,234.84,234.85,23546
1789551480,234.84,234.84,234.67,234.70,58825
1789551540,234.72,234.76,234.72,234.76,94141
1789551600,234.77,234.79,234.69,234.75,101731
1789551660,234.67,234.84,234.67,234.84,111064
1789551720,234.75,235.09,234.75,235.00,110746
1789551780,234.99,235.24,234.99,235.19,48093
1789551840,235.20,235.20,235.15,235.20,30690
1789551900,235.20,235.20,235.20,235.20,0
1789551960,235.20,235.20,235.20,235.20,0
1789552020,235.20,235.20,235.20,235.20,0
1789552080,235.20,235.20,235.20,235.20,0
1789552140,235.20,235.20,235.20,235.20,0
1789552200,235.20,235.20,235.20,235.20,0
1789552260,235.20,235.20,235.20,235.20,0
1789552320,235.20,235.20,235.20,235.20,0
1789552380,235.20,235.20,235.20,235.20,0
1789552440,235.20,235.20,235.20,235.20,0
1789552500,235.20,235.20,235.20,235.20,0
1789552560,235.20,235.20,235.20,235.20,0
1789552620,235.20,235.20,235.20,235.20,0
1789552680,235.20,235.20,235.20,235.20,0
1789552740,235.20,236.80,235.20,236.80,666463
1789616700,235.10,235.65,234.90,235.15,76495
1789616760,234.98,234.98,234.30,234.40,27960
1789616820,234.40,234.44,234.35,234.40,28108
1789616880,234.40,234.51,234.25,234.34,38655
1789616940,234.31,234.31,234.11,234.19,32641
1789617000,234.15,234.40,234.10,234.23,35537
1789617060,234.23,234.25,233.70,233.79,58569
1789617120,233.79,233.80,233.51,233.60,40271
1789617180,233.60,233.83,233.43,233.81,103895
1789617240,233.73,233.73,233.67,233.67,9671
1789617300,233.72,233.72,233.36,233.47,42764
1789617360,233.48,233.80,233.48,233.80,75844
1789617420,233.80,233.89,233.79,233.86,28238
1789617480,233.90,234.19,233.83,234.19,27128
1789617540,234.18,234.18,233.94,233.98,21157
1789617600,233.98,234.11,233.90,234.11,15088
1789617660,234.12,234.18,234.08,234.11,18774
1789617720,234.10,234.10,234.02,234.03,20475
1789617780,234.03,234.03,233.87,233.91,37339
1789617840,233.95,234.00,233.87,233.88,16281
1789617900,233.87,233.92,233.75,233.75,24951
1789617960,233.76,233.76,233.65,233.69,30255
1789618020,233.68,233.75,233.67,233.72,14462
1789618080,233.71,233.73,233.64,233.69,32727
1789618140,233.73,233.75,233.58,233.60,22458
1789618200,233.59,233.64,233.53,233.53,32273
1789618260,233.54,233.58,233.26,233.36,141508
1789618320,233.34,233.34,233.12,233.15,22145
1789618380,233.11,233.22,233.11,233.15,66979
1789618440,233.15,233.34,233.15,233.26,43123
1789618500,233.25,233.26,233.19,233.19,41038
1789618560,233.19,233.20,233.18,233.19,12416
1789618620,233.18,233.35,233.18,233.29,32885
1789618680,233.29,233.31,233.19,233.21,17293
1789618740,233.20,233.38,233.20,233.31,32897
1789618800,233.31,233.37,233.25,233.37,12778
1789618860,233.38,233.40,233.30,233.31,18605
1789618920,233.32,233.32,233.31,233.32,5674
1789618980,233.32,233.40,233.31,233.33,19616
1789619040,233.34,233.40,233.32,233.40,10257
1789619100,233.40,233.51,233.32,233.32,33039
1789619160,233.30,233.40,233.26,233.37,22633
1789619220,233.36,233.58,233.34,233.53,44714
1789619280,233.53,233.62,233.50,233.61,26289
1789619340,233.60,233.75,233.60,233.75,18359
1789619400,233.75,233.75,233.63,233.68,19687
1789619460,233.68,233.97,233.67,233.97,37103
1789619520,233.88,233.89,233.74,233.75,24445
1789619580,233.75,233.82,233.70,233.82,19920
1789619640,233.83,233.98,233.83,233.88,23309
1789619700,233.86,233.96,233.80,233.95,8475
1789619760,233.95,233.95,233.81,233.84,17458
1789619820,233.84,233.84,233.80,233.81,4460
1789619880,233.80,233.81,233.79,233.79,13922
1789619940,233.81,234.09,233.80,234.06,24524
1789620000,234.02,234.15,234.00,234.15,21569
1789620060,234.17,234.20,234.13,234.13,27592
1789620120,234.17,234.17,234.13,234.14,5569
1789620180,234.14,234.15,234.12,234.12,8011
1789620240,234.12,234.13,234.10,234.12,4855
1789620300,234.11,234.12,234.11,234.12,5514
1789620360,234.12,234.12,234.00,234.05,20483
1789620420,234.09,234.09,234.07,234.07,7581
1789620480,234.08,234.08,234.02,234.04,24567
1789620540,234.10,234.14,234.05,234.14,52270
1789620600,234.14,234.14,234.13,234.14,4401
1789620660,234.14,234.20,234.12,234.13,29003
1789620720,234.13,234.13,234.11,234.11,7163
1789620780,234.13,234.13,234.11,234.12,3144
1789620840,234.11,234.12,234.04,234.11,15181
1789620900,234.11,234.13,234.08,234.09,12959
1789620960,234.09,234.09,234.01,234.07,15382
1789621020,234.07,234.07,234.01,234.06,3528
1789621080,234.05,234.10,234.05,234.10,10088
1789621140,234.10,234.17,234.00,234.05,17477
1789621200,234.04,234.04,234.00,234.00,5371
1789621260,234.04,234.04,233.88,233.94,13398
1789621320,233.94,234.04,233.93,234.04,9612
1789621380,234.03,234.04,233.94,233.95,6952
1789621440,233.95,233.95,233.92,233.92,5059
1789621500,233.93,233.99,233.92,233.99,16448
1789621560,233.99,234.10,233.96,234.00,25039
1789621620,234.00,234.00,233.95,233.96,2664
1789621680,233.96,234.00,233.96,233.96,1048
1789621740,233.97,233.97,233.96,233.97,3969
1789621800,233.96,233.97,233.93,233.95,5057
1789621860,233.94,233.97,233.94,233.97,5721
1789621920,233.97,234.00,233.93,233.95,8864
1789621980,233.95,233.95,233.94,233.94,1425
1789622040,233.95,233.96,233.94,233.96,2649
1789622100,233.96,233.96,233.83,233.83,17010
1789622160,233.89,233.95,233.83,233.95,8633
1789622220,233.95,233.95,233.89,233.95,6754
1789622280,233.90,233.95,233.90,233.90,7943
1789622340,233.89,233.90,233.89,233.90,2128
1789622400,233.90,233.90,233.86,233.89,6981
1789622460,233.90,233.95,233.87,233.95,19274
1789622520,233.95,233.95,233.86,233.86,12683
1789622580,233.88,233.88,233.77,233.83,7372
1789622640,233.82,233.83,233.76,233.77,10248
1789622700,233.77,233.77,233.75,233.76,13357
1789622760,233.80,233.90,233.80,233.90,7449
1789622820,233.86,233.92,233.86,233.90,6654
1789622880,233.92,233.92,233.89,233.90,4657
1789622940,233.90,233.90,233.86,233.86,2663
1789623000,233.85,233.88,233.81,233.84,11558
1789623060,233.84,233.84,233.72,233.79,6073
1789623120,233.79,233.82,233.75,233.81,9503
1789623180,233.81,233.81,233.65,233.71,8179
1789623240,233.75,233.75,233.66,233.71,8448
1789623300,233.71,233.71,233.68,233.69,5779
1789623360,233.70,233.70,233.42,233.47,33576
1789623420,233.47,233.47,233.35,233.39,14636
1789623480,233.39,233.39,233.36,233.37,9820
1789623540,233.36,233.49,233.33,233.45,13619
1789623600,233.48,233.49,233.40,233.40,15068
1789623660,233.39,233.39,233.30,233.32,7628
1789623720,233.35,233.37,233.34,233.37,12162
1789623780,233.37,233.48,233.37,233.45,6458
1789623840,233.45,233.45,233.35,233.41,5962
1789623900,233.41,233.48,233.37,233.48,4087
1789623960,233.48,233.48,233.44,233.48,3575
1789624020,233.48,233.52,233.46,233.52,9357
1789624080,233.54,233.64,233.52,233.61,3031
1789624140,233.61,233.68,233.61,233.68,2300
1789624200,233.56,233.56,233.54,233.55,22076
1789624260,233.55,233.64,233.54,233.60,7130
1789624320,233.59,233.59,233.49,233.51,5695
1789624380,233.49,233.51,233.40,233.46,10253
1789624440,233.46,233.47,233.45,233.46,3714
1789624500,233.47,233.48,233.46,233.47,3703
1789624560,233.48,233.48,233.34,233.35,11658
1789624620,233.35,233.35,233.30,233.30,6052
1789624680,233.30,233.33,233.15,233.15,21724
1789624740,233.16,233.16,233.13,233.16,17670
1789624800,233.15,233.16,232.95,233.12,92791
1789624860,233.12,233.12,233.10,233.10,7681
1789624920,233.12,233.15,233.00,233.00,50837
1789624980,233.08,233.08,232.81,232.84,53073
1789625040,232.81,232.87,232.80,232.86,25729
1789625100,232.87,232.87,232.84,232.86,7218
1789625160,232.86,233.00,232.84,232.92,86155
1789625220,232.92,232.92,232.83,232.85,19166
1789625280,232.85,232.96,232.85,232.96,12194
1789625340,232.96,232.98,232.95,232.98,5158
1789625400,232.97,232.98,232.97,232.98,7446
1789625460,232.97,233.02,232.97,233.02,6987
1789625520,233.01,233.02,233.01,233.02,8282
1789625580,233.02,233.05,233.01,233.05,11177
1789625640,233.05,233.05,233.03,233.04,16458
1789625700,233.04,233.04,232.90,232.95,26856
1789625760,232.94,232.95,232.93,232.94,11897
1789625820,232.95,232.95,232.93,232.95,5167
1789625880,232.95,233.05,232.94,233.05,7504
1789625940,233.05,233.20,233.05,233.14,24955
1789626000,233.14,233.14,233.05,233.10,4103
1789626060,233.14,233.14,233.07,233.11,3821
1789626120,233.10,233.25,233.10,233.20,6544
1789626180,233.22,233.25,233.16,233.21,7920
1789626240,233.21,233.27,233.17,233.27,8740
1789626300,233.27,233.29,233.21,233.25,33016
1789626360,233.25,233.25,233.21,233.21,7195
1789626420,233.21,233.28,233.18,233.20,10692
1789626480,233.20,233.25,233.11,233.19,29572
1789626540,233.19,233.22,233.08,233.15,41327
1789626600,233.18,233.18,233.05,233.11,11093
1789626660,233.11,233.11,233.06,233.08,4667
1789626720,233.10,233.10,233.00,233.06,18966
1789626780,233.12,233.21,233.00,233.07,21232
1789626840,233.07,233.07,233.00,233.04,13784
1789626900,233.04,233.14,233.00,233.12,7482
1789626960,233.12,233.20,233.08,233.20,7117
1789627020,233.20,233.30,233.20,233.25,16702
1789627080,233.28,233.28,233.10,233.16,23564
1789627140,233.16,233.16,233.12,233.15,5196
1789627200,233.15,233.22,233.14,233.21,11349
1789627260,233.22,233.25,233.21,233.25,4939
1789627320,233.25,233.25,233.16,233.21,28528
1789627380,233.22,233.31,233.21,233.27,2549
1789627440,233.30,233.34,233.27,233.28,31533
1789627500,233.28,233.28,233.16,233.22,13054
1789627560,233.16,233.22,233.16,233.22,12857
1789627620,233.22,233.33,233.18,233.33,29469
1789627680,233.34,233.39,233.32,233.36,22593
1789627740,233.36,233.37,233.20,233.27,41336
1789627800,233.28,233.28,233.27,233.28,2632
1789627860,233.28,233.28,233.07,233.18,117901
1789627920,233.18,233.18,233.13,233.18,6086
1789627980,233.18,233.18,233.13,233.13,5681
1789628040,233.11,233.15,233.07,233.13,21310
1789628100,233.15,233.15,233.13,233.13,2937
1789628160,233.13,233.13,233.12,233.12,6575
1789628220,233.12,233.15,233.12,233.15,5478
1789628280,233.14,233.15,233.00,233.02,22824
1789628340,233.02,233.02,233.01,233.02,6531
1789628400,233.02,233.07,233.01,233.07,4334
1789628460,232.95,232.95,232.90,232.94,41899
1789628520,232.94,233.05,232.90,232.93,22523
1789628580,232.93,232.93,232.90,232.93,16198
1789628640,232.91,232.93,232.90,232.92,15693
1789628700,232.94,233.04,232.93,233.04,17743
1789628760,233.04,233.04,232.96,233.03,16242
1789628820,233.03,233.03,232.90,232.91,32957
1789628880,232.90,232.91,232.88,232.90,17424
1789628940,232.90,232.90,232.79,232.88,80207
1789629000,232.88,233.11,232.87,233.04,32221
1789629060,233.04,233.11,232.89,233.00,28184
1789629120,232.99,232.99,232.92,232.95,9741
1789629180,232.95,232.95,232.94,232.95,932
1789629240,232.95,232.97,232.91,232.91,34953
1789629300,232.91,232.91,232.90,232.91,6885
1789629360,232.91,232.91,232.90,232.91,7640
1789629420,232.93,232.95,232.87,232.95,10675
1789629480,232.93,232.97,232.93,232.97,3821
1789629540,232.95,232.97,232.88,232.93,20746
1789629600,232.93,232.93,232.90,232.93,4192
1789629660,232.93,232.94,232.88,232.94,8237
1789629720,232.93,232.98,232.92,232.94,2437
1789629780,232.97,232.98,232.95,232.97,8005
1789629840,232.95,233.00,232.90,232.93,27028
1789629900,232.93,232.93,232.90,232.91,8517
1789629960,232.91,232.91,232.80,232.86,23626
1789630020,232.82,232.86,232.82,232.84,14649
1789630080,232.83,232.84,232.82,232.84,5228
1789630140,232.83,232.91,232.83,232.90,2465
1789630200,232.87,232.91,232.87,232.91,5331
1789630260,232.90,232.93,232.89,232.93,11831
1789630320,232.93,232.98,232.90,232.95,5811
1789630380,232.98,232.98,232.91,232.96,3520
1789630440,232.96,233.01,232.91,232.95,18021
1789630500,232.93,233.00,232.85,232.94,28631
1789630560,232.86,232.94,232.85,232.90,4553
1789630620,232.88,232.90,232.88,232.89,4289
1789630680,232.88,233.00,232.88,232.94,7105
1789630740,232.94,233.00,232.90,232.93,7859
1789630800,232.96,233.04,232.96,233.00,6787
1789630860,232.96,233.00,232.96,232.97,4306
1789630920,232.96,232.97,232.96,232.97,4247
1789630980,233.00,233.00,232.95,232.96,7821
1789631040,232.96,232.99,232.90,232.98,27015
1789631100,232.98,232.98,232.91,232.96,2199
1789631160,232.95,232.96,232.94,232.96,4044
1789631220,232.95,232.99,232.92,232.93,48385
1789631280,232.92,232.93,232.92,232.93,5715
1789631340,232.92,232.93,232.90,232.92,7324
1789631400,232.93,232.93,232.91,232.92,4444
1789631460,232.91,232.94,232.85,232.85,21270
1789631520,232.89,232.89,232.81,232.81,11099
1789631580,232.80,232.80,232.64,232.68,49300
1789631640,232.68,232.68,232.60,232.60,28418
1789631700,232.61,232.61,232.37,232.48,116737
1789631760,232.48,232.50,232.40,232.42,38583
1789631820,232.42,232.44,232.36,232.44,27891
1789631880,232.45,232.45,232.21,232.26,75862
1789631940,232.22,232.40,232.15,232.17,73399
1789632000,232.20,232.20,232.11,232.13,21854
1789632060,232.12,232.13,232.05,232.05,56823
1789632120,232.06,232.11,232.01,232.11,26266
1789632180,232.10,232.11,232.05,232.05,23018
1789632240,232.07,232.10,232.05,232.06,39591
1789632300,232.04,232.04,231.63,231.69,168246
1789632360,231.65,231.69,231.46,231.50,129580
1789632420,231.50,231.64,231.45,231.62,48396
1789632480,231.61,231.62,231.40,231.41,57405
1789632540,231.41,231.60,231.33,231.44,66771
1789632600,231.44,231.44,231.25,231.36,33153
1789632660,231.35,231.45,231.30,231.45,21652
1789632720,231.45,231.51,231.40,231.42,42764
1789632780,231.41,231.85,231.41,231.84,159896
1789632840,231.81,232.10,231.75,231.83,108832
1789632900,231.83,232.00,231.76,231.99,41045
1789632960,231.98,232.10,231.93,232.04,42715
1789633020,232.04,232.25,232.04,232.25,204360
1789633080,232.25,232.33,232.22,232.32,127175
1789633140,232.32,232.48,232.10,232.10,140518
1789633200,232.15,232.21,232.10,232.21,108153
1789633260,232.21,232.28,232.20,232.20,42868
1789633320,232.21,232.32,232.20,232.25,31482
1789633380,232.25,232.26,231.98,231.98,137024
1789633440,231.99,231.99,231.87,231.96,30466
1789633500,231.96,232.09,231.95,232.09,31123
1789633560,232.09,232.09,232.05,232.06,6120
1789633620,232.05,232.15,232.05,232.08,14929
1789633680,232.09,232.16,232.08,232.10,13190
1789633740,232.11,232.11,232.05,232.06,14295
1789633800,232.05,232.06,231.91,231.91,18980
1789633860,231.92,231.92,231.85,231.85,14788
1789633920,231.85,231.95,231.82,231.91,12205
1789633980,231.90,232.08,231.86,232.00,42724
1789634040,232.01,232.01,231.95,231.95,10401
1789634100,231.96,232.00,231.91,231.98,16071
1789634160,231.96,232.00,231.94,231.98,10048
1789634220,231.97,232.09,231.97,232.04,9684
1789634280,232.03,232.09,231.99,232.01,65675
1789634340,232.01,232.06,232.00,232.00,25130
1789634400,232.01,232.02,232.00,232.01,6624
1789634460,232.00,232.09,232.00,232.02,11077
1789634520,232.03,232.03,232.01,232.01,6829
1789634580,232.01,232.08,232.01,232.05,7463
1789634640,232.04,232.05,232.00,232.01,12064
1789634700,232.02,232.02,231.95,231.95,18767
1789634760,231.94,232.06,231.91,231.96,20115
1789634820,231.93,232.20,231.93,232.11,53117
1789634880,232.10,232.18,232.08,232.08,43875
1789634940,232.08,232.13,232.01,232.13,16721
1789635000,232.13,232.13,232.07,232.10,7918
1789635060,232.08,232.15,232.04,232.12,20877
1789635120,232.12,232.13,232.09,232.09,12298
1789635180,232.09,232.10,232.06,232.06,12802
1789635240,232.05,232.08,232.03,232.07,17898
1789635300,232.08,232.08,232.02,232.02,6140
1789635360,232.02,232.35,232.02,232.07,89043
1789635420,232.06,232.07,232.06,232.06,12991
1789635480,232.07,232.07,232.01,232.02,16001
1789635540,232.01,232.10,232.01,232.07,24605
1789635600,232.10,232.28,232.08,232.20,25560
1789635660,232.25,232.30,232.21,232.28,29173
1789635720,232.27,232.29,232.27,232.27,13154
1789635780,232.28,232.28,232.26,232.26,12130
1789635840,232.26,232.69,232.26,232.65,100165
1789635900,232.57,232.61,232.29,232.44,41164
1789635960,232.44,232.52,232.44,232.49,14079
1789636020,232.48,232.52,232.35,232.45,82339
1789636080,232.43,232.46,232.41,232.41,25514
1789636140,232.42,232.42,232.37,232.39,19524
1789636200,232.40,232.40,232.37,232.37,7419
1789636260,232.38,232.46,232.38,232.43,13687
1789636320,232.42,232.42,232.37,232.41,20078
1789636380,232.41,232.43,232.39,232.40,19559
1789636440,232.40,232.40,232.27,232.33,30089
1789636500,232.34,232.41,232.34,232.37,13005
1789636560,232.38,232.43,232.37,232.37,12222
1789636620,232.40,232.43,232.35,232.37,15397
1789636680,232.36,232.40,232.36,232.40,25862
1789636740,232.41,232.41,232.38,232.38,22254
1789636800,232.40,232.42,232.35,232.36,32742
1789636860,232.35,232.38,232.34,232.37,14701
1789636920,232.36,232.42,232.34,232.40,24741
1789636980,232.40,232.69,232.40,232.51,262653
1789637040,232.51,232.52,232.36,232.36,89527
1789637100,232.37,232.38,232.35,232.36,14961
1789637160,232.35,232.36,232.24,232.26,69792
1789637220,232.27,232.34,232.27,232.34,45478
1789637280,232.35,232.37,232.32,232.33,39160
1789637340,232.33,232.33,232.17,232.18,80045
1789637400,232.17,232.28,232.14,232.16,133436
1789637460,232.14,232.24,232.10,232.24,39935
1789637520,232.23,232.24,232.06,232.11,92699
1789637580,232.10,232.11,232.09,232.11,48488
1789637640,232.11,232.21,232.05,232.10,146074
1789637700,232.10,232.10,231.90,232.00,335164
1789637760,231.93,232.04,231.93,232.00,116473
1789637820,232.01,232.01,231.81,231.85,153700
1789637880,231.84,231.85,231.84,231.85,60102
1789637940,231.85,232.00,231.80,231.94,217299
1789638000,232.05,232.20,232.05,232.12,325583
1789638060,232.12,232.20,232.11,232.16,101789
1789638120,232.17,232.19,232.07,232.09,148079
1789638180,232.09,232.15,232.07,232.15,95815
1789638240,232.15,232.40,232.00,232.40,64084
1789638300,232.40,232.40,232.40,232.40,368
1789638360,232.40,232.40,232.40,232.40,0
1789638420,232.40,232.40,232.40,232.40,0
1789638480,232.40,232.40,232.40,232.40,0
1789638540,232.40,232.40,232.40,232.40,0
1789638600,232.40,232.40,232.40,232.40,0
1789638660,232.40,232.40,232.40,232.40,0
1789638720,232.40,232.40,232.40,232.40,0
1789638780,232.40,232.40,232.40,232.40,0
1789638840,232.40,232.40,232.40,232.40,0
1789638900,232.40,232.40,232.40,232.40,0
1789638960,232.40,232.40,232.40,232.40,0
1789639020,232.40,232.40,232.40,232.40,0
1789639080,232.40,232.43,232.40,232.43,173919
1789639140,232.43,232.43,232.43,232.43,0
1789703100,232.43,232.78,232.23,232.48,169646
1789703160,232.48,232.48,231.90,231.90,114991
1789703220,231.90,232.00,231.75,231.93,61867
1789703280,231.88,232.11,231.88,232.11,89668
1789703340,232.10,232.33,232.09,232.30,30624
1789703400,232.33,232.50,232.22,232.34,82469
1789703460,232.44,232.44,232.29,232.39,15882
1789703520,232.39,232.39,232.23,232.25,14106
1789703580,232.30,232.47,232.23,232.47,20191
1789703640,232.48,232.68,232.42,232.60,25590
1789703700,232.60,232.65,232.53,232.56,9408
1789703760,232.55,232.63,232.42,232.47,60248
1789703820,232.47,232.47,232.28,232.28,18801
1789703880,232.29,232.29,232.14,232.19,32147
1789703940,232.14,232.17,232.09,232.09,17613
1789704000,232.09,232.23,232.08,232.22,11885
1789704060,232.29,232.29,232.18,232.18,16703
1789704120,232.21,232.27,232.18,232.20,9258
1789704180,232.22,232.22,232.12,232.15,14479
1789704240,232.17,232.23,232.15,232.21,13163
1789704300,232.21,232.22,232.20,232.20,7110
1789704360,232.21,232.28,232.20,232.28,10316
1789704420,232.27,232.32,232.26,232.26,9648
1789704480,232.31,232.31,232.26,232.30,2974
1789704540,232.30,232.32,232.25,232.26,24216
1789704600,232.25,232.26,232.21,232.25,7697
1789704660,232.25,232.44,232.25,232.43,15181
1789704720,232.40,232.50,232.40,232.47,14601
1789704780,232.47,232.49,232.41,232.42,12184
1789704840,232.42,232.42,232.33,232.36,30031
1789704900,232.39,232.39,232.30,232.32,16009
1789704960,232.30,232.32,232.20,232.27,14895
1789705020,232.22,232.30,232.22,232.29,16113
1789705080,232.30,232.36,232.28,232.28,6525
1789705140,232.28,232.40,232.28,232.35,16065
1789705200,232.35,232.50,232.35,232.47,30560
1789705260,232.39,232.46,232.37,232.37,6391
1789705320,232.37,232.54,232.37,232.53,24171
1789705380,232.57,232.76,232.57,232.72,22179
1789705440,232.76,232.76,232.67,232.75,14183
1789705500,232.88,232.98,232.86,232.92,16064
1789705560,232.92,232.92,232.91,232.91,2995
1789705620,232.92,232.97,232.82,232.89,17492
1789705680,232.89,232.97,232.86,232.90,7658
1789705740,232.93,232.98,232.90,232.90,9546
1789705800,232.93,232.96,232.89,232.89,11878
1789705860,232.89,232.90,232.89,232.89,4680
1789705920,232.90,232.92,232.80,232.90,25255
1789705980,232.92,232.92,232.89,232.90,12215
1789706040,232.89,232.89,232.85,232.85,8949
1789706100,232.85,232.85,232.83,232.84,4118
1789706160,232.84,232.87,232.79,232.86,10736
1789706220,232.86,232.86,232.85,232.85,7144
1789706280,232.86,232.86,232.83,232.83,7739
1789706340,232.83,232.84,232.70,232.74,9958
1789706400,232.76,232.76,232.64,232.68,15635
1789706460,232.67,232.76,232.67,232.76,7865
1789706520,232.71,232.77,232.58,232.68,14521
1789706580,232.68,232.70,232.62,232.68,12719
1789706640,232.61,232.68,232.61,232.62,8508
1789706700,232.58,232.62,232.50,232.50,10602
1789706760,232.40,232.53,232.31,232.51,27777
1789706820,232.45,232.58,232.43,232.58,6596
1789706880,232.58,232.58,232.50,232.52,5621
1789706940,232.52,232.52,232.45,232.52,7199
1789707000,232.52,232.54,232.36,232.52,16795
1789707060,232.52,232.52,232.47,232.51,5828
1789707120,232.51,232.59,232.51,232.55,6982
1789707180,232.55,232.64,232.55,232.61,3221
1789707240,232.61,232.61,232.52,232.54,6116
1789707300,232.53,232.60,232.52,232.55,2803
1789707360,232.60,232.60,232.45,232.47,7298
1789707420,232.45,232.47,232.41,232.42,5178
1789707480,232.41,232.49,232.40,232.45,6676
1789707540,232.45,232.53,232.45,232.50,16511
1789707600,232.50,232.58,232.42,232.58,11870
1789707660,232.60,232.63,232.55,232.61,7246
1789707720,232.61,232.61,232.56,232.57,3040
1789707780,232.57,232.58,232.56,232.57,2382
1789707840,232.57,232.75,232.57,232.75,8325
1789707900,232.75,232.75,232.68,232.70,8325
1789707960,232.71,232.71,232.65,232.69,2186
1789708020,232.69,232.69,232.60,232.61,3196
1789708080,232.63,232.73,232.62,232.73,6025
1789708140,232.73,232.73,232.67,232.69,2614
1789708200,232.69,232.78,232.68,232.73,14472
1789708260,232.67,232.75,232.67,232.70,3733
1789708320,232.70,232.70,232.67,232.70,4214
1789708380,232.70,232.70,232.67,232.68,5252
1789708440,232.68,232.78,232.65,232.78,7409
1789708500,232.78,232.82,232.72,232.73,8933
1789708560,232.73,232.73,232.72,232.73,2916
1789708620,232.73,232.73,232.69,232.73,2663
1789708680,232.73,232.80,232.65,232.70,9693
1789708740,232.67,232.72,232.56,232.61,10540
1789708800,232.62,232.68,232.62,232.62,7156
1789708860,232.66,232.66,232.62,232.66,4624
1789708920,232.66,232.80,232.65,232.76,10877
1789708980,232.80,232.80,232.77,232.79,3787
1789709040,232.79,232.82,232.71,232.76,5550
1789709100,232.79,232.81,232.72,232.75,8756
1789709160,232.79,232.79,232.66,232.66,4830
1789709220,232.67,232.67,232.65,232.66,1276
1789709280,232.65,232.66,232.54,232.60,7425
1789709340,232.60,232.66,232.55,232.65,5493
1789709400,232.57,232.66,232.55,232.59,6360
1789709460,232.56,232.63,232.50,232.55,26702
1789709520,232.55,232.63,232.54,232.54,6318
1789709580,232.54,232.60,232.45,232.50,8508
1789709640,232.52,232.52,232.44,232.45,8113
1789709700,232.42,232.46,232.42,232.45,6189
1789709760,232.45,232.45,232.40,232.44,9119
1789709820,232.40,232.44,232.40,232.43,2105
1789709880,232.43,232.43,232.35,232.35,13501
1789709940,232.40,232.40,232.30,232.32,9970
1789710000,232.30,232.32,232.29,232.29,3760
1789710060,232.29,232.48,232.29,232.48,12187
1789710120,232.48,232.48,232.43,232.45,5184
1789710180,232.45,232.45,232.43,232.44,3538
1789710240,232.43,232.44,232.43,232.44,4472
1789710300,232.44,232.47,232.35,232.40,13953
1789710360,232.39,232.40,232.36,232.36,8935
1789710420,232.36,232.41,232.35,232.40,5071
1789710480,232.38,232.40,232.31,232.35,14624
1789710540,232.36,232.40,232.30,232.35,10742
1789710600,232.39,232.39,232.30,232.33,5035
1789710660,232.33,232.33,232.23,232.27,13585
1789710720,232.29,232.29,232.23,232.26,2999
1789710780,232.28,232.28,232.27,232.28,6722
1789710840,232.27,232.28,232.27,232.28,6307
1789710900,232.28,232.28,232.27,232.27,12151
1789710960,232.28,232.30,232.27,232.29,6403
1789711020,232.25,232.29,232.22,232.23,7102
1789711080,232.24,232.31,232.22,232.23,11574
1789711140,232.22,232.23,232.20,232.21,10470
1789711200,232.21,232.21,232.20,232.20,6330
1789711260,232.21,232.21,232.11,232.12,13823
1789711320,232.11,232.16,232.10,232.12,14386
1789711380,232.16,232.16,232.12,232.15,6977
1789711440,232.15,232.25,232.14,232.22,15691
1789711500,232.22,232.24,232.20,232.24,5271
1789711560,232.29,232.40,232.29,232.37,5747
1789711620,232.37,232.38,232.32,232.33,10546
1789711680,232.33,232.33,232.32,232.32,4983
1789711740,232.32,232.33,232.31,232.32,5090
1789711800,232.32,232.32,232.22,232.22,7765
1789711860,232.30,232.32,232.20,232.24,8289
1789711920,232.25,232.32,232.25,232.28,4806
1789711980,232.28,232.28,232.26,232.28,3569
1789712040,232.32,232.32,232.27,232.29,1716
1789712100,232.29,232.89,232.29,232.75,97634
1789712160,232.93,234.09,232.77,233.92,585903
1789712220,233.94,233.98,233.33,233.38,50792
1789712280,233.40,233.40,233.09,233.30,28279
1789712340,233.30,233.35,233.22,233.25,31675
1789712400,233.32,233.56,233.24,233.52,27407
1789712460,233.52,233.72,233.46,233.65,32768
1789712520,233.65,233.68,233.60,233.68,8267
1789712580,233.68,233.95,233.60,233.84,62679
1789712640,233.90,233.90,233.71,233.74,13104
1789712700,233.80,233.80,233.61,233.65,8488
1789712760,233.61,233.74,233.56,233.56,32483
1789712820,233.63,233.66,233.53,233.60,31056
1789712880,233.68,233.68,233.49,233.55,14379
1789712940,233.55,233.57,233.44,233.49,23524
1789713000,233.49,233.58,233.49,233.49,9608
1789713060,233.50,233.50,233.48,233.49,5028
1789713120,233.45,233.50,233.39,233.43,9877
1789713180,233.43,233.43,233.31,233.31,9416
1789713240,233.38,233.38,233.24,233.24,10455
1789713300,233.31,233.31,233.21,233.21,12735
1789713360,233.27,233.51,233.22,233.24,52868
1789713420,233.24,233.24,233.23,233.23,16163
1789713480,233.24,233.24,233.23,233.23,6114
1789713540,233.24,233.28,233.23,233.28,11547
1789713600,233.28,233.28,233.27,233.28,4719
1789713660,233.28,233.44,233.25,233.44,42145
1789713720,233.37,233.49,233.31,233.31,17061
1789713780,233.37,233.37,233.30,233.34,4381
1789713840,233.34,233.34,233.27,233.28,8883
1789713900,233.29,233.29,233.25,233.25,6780
1789713960,233.15,233.31,233.15,233.22,29555
1789714020,233.22,233.39,233.22,233.37,10698
1789714080,233.37,233.38,233.31,233.31,8804
1789714140,233.36,233.38,233.31,233.36,4229
1789714200,233.36,233.36,233.25,233.28,6291
1789714260,233.34,233.34,233.18,233.21,10352
1789714320,233.20,233.27,233.15,233.20,10410
1789714380,233.20,233.20,233.16,233.18,2790
1789714440,233.20,233.20,233.16,233.17,5592
1789714500,233.15,233.20,233.15,233.17,7425
1789714560,233.18,233.18,233.16,233.16,3135
1789714620,233.18,233.25,233.16,233.22,5280
1789714680,233.22,233.49,233.15,233.47,46340
1789714740,233.46,233.52,233.39,233.44,25241
1789714800,233.46,233.48,233.44,233.46,8570
1789714860,233.47,233.48,233.32,233.40,15152
1789714920,233.36,233.36,233.22,233.26,4450
1789714980,233.23,233.50,233.23,233.47,22757
1789715040,233.46,233.47,233.40,233.45,5212
1789715100,233.40,233.45,233.25,233.30,16459
1789715160,233.30,233.34,233.18,233.34,21013
1789715220,233.34,233.34,233.31,233.34,3205
1789715280,233.31,233.44,233.31,233.39,7805
1789715340,233.36,233.39,233.27,233.31,11776
1789715400,233.31,233.31,233.23,233.31,3574
1789715460,233.31,233.41,233.30,233.41,5050
1789715520,233.41,233.49,233.38,233.46,5229
1789715580,233.46,233.46,233.28,233.35,6000
1789715640,233.28,233.35,233.18,233.27,7068
1789715700,233.18,233.27,233.17,233.25,3479
1789715760,233.25,233.35,233.21,233.35,22974
1789715820,233.35,233.35,233.10,233.21,35394
1789715880,233.22,233.28,233.16,233.21,14728
1789715940,233.21,233.23,233.20,233.21,4745
1789716000,233.22,233.23,233.20,233.20,1575
1789716060,233.20,233.20,233.18,233.20,2878
1789716120,233.15,233.23,233.14,233.20,10628
1789716180,233.23,233.23,233.20,233.22,3259
1789716240,233.22,233.22,232.95,232.96,33995
1789716300,233.03,233.03,232.94,233.01,8400
1789716360,233.01,233.01,232.84,232.86,31891
1789716420,232.89,233.01,232.86,232.99,16328
1789716480,232.99,232.99,232.92,232.95,2228
1789716540,232.93,232.95,232.93,232.94,2681
1789716600,232.94,232.96,232.93,232.96,10224
1789716660,232.96,233.17,232.93,233.06,32341
1789716720,233.13,233.13,233.06,233.09,7143
1789716780,233.09,233.09,232.90,232.90,9944
1789716840,232.90,233.08,232.85,232.98,29036
1789716900,232.98,232.98,232.85,232.86,8755
1789716960,232.85,232.86,232.85,232.85,5978
1789717020,232.85,232.86,232.85,232.86,5589
1789717080,232.86,232.86,232.85,232.85,12131
1789717140,232.86,232.86,232.80,232.80,5147
1789717200,232.84,232.84,232.80,232.84,10428
1789717260,232.81,232.84,232.68,232.78,16361
1789717320,232.78,232.78,232.72,232.72,6415
1789717380,232.73,232.73,232.69,232.70,10420
1789717440,232.71,232.94,232.63,232.82,9976
1789717500,232.81,232.82,232.75,232.79,4541
1789717560,232.80,232.80,232.75,232.75,5835
1789717620,232.76,232.81,232.74,232.78,9614
1789717680,232.79,232.89,232.78,232.85,14568
1789717740,232.84,232.85,232.80,232.85,4795
1789717800,232.81,232.85,232.80,232.81,3103
1789717860,232.80,232.90,232.80,232.85,10588
1789717920,232.85,232.85,232.81,232.81,4075
1789717980,232.82,232.91,232.80,232.80,14923
1789718040,232.83,232.83,232.80,232.81,15683
1789718100,232.81,232.84,232.80,232.82,20054
1789718160,232.81,232.82,232.81,232.81,3674
1789718220,232.82,232.82,232.81,232.82,4966
1789718280,232.81,233.11,232.71,232.95,32673
1789718340,232.94,232.94,232.88,232.92,5696
1789718400,232.92,232.92,232.85,232.88,2341
1789718460,232.88,232.88,232.85,232.85,2678
1789718520,232.86,232.90,232.85,232.87,3375
1789718580,232.86,232.94,232.86,232.87,2412
1789718640,232.90,232.94,232.87,232.87,1663
1789718700,232.94,232.94,232.87,232.87,9676
1789718760,232.87,232.88,232.87,232.88,4454
1789718820,232.87,232.93,232.87,232.93,2604
1789718880,232.90,232.96,232.89,232.95,2849
1789718940,232.95,232.99,232.90,232.99,1987
1789719000,232.96,232.99,232.89,232.89,6961
1789719060,232.94,232.94,232.90,232.90,1371
1789719120,232.94,232.94,232.87,232.89,35091
1789719180,232.89,232.89,232.87,232.87,2362
1789719240,232.88,232.88,232.87,232.88,3104
1789719300,232.88,232.89,232.86,232.89,26738
1789719360,232.89,232.89,232.88,232.89,6120
1789719420,232.88,232.89,232.88,232.89,4468
1789719480,232.88,232.95,232.88,232.88,14290
1789719540,232.88,232.90,232.88,232.89,11523
1789719600,232.89,232.98,232.85,232.95,9451
1789719660,232.96,232.96,232.92,232.95,2680
1789719720,232.95,233.09,232.94,233.05,14778
1789719780,233.03,233.03,233.00,233.02,3968
1789719840,233.02,233.02,232.99,233.00,1458
1789719900,232.99,233.00,232.96,232.98,2559
1789719960,232.98,233.02,232.91,232.98,9763
1789720020,232.96,233.02,232.90,233.02,4258
1789720080,233.02,233.05,232.99,233.05,2462
1789720140,233.02,233.12,233.02,233.05,2408
1789720200,233.05,233.17,233.03,233.15,5700
1789720260,233.15,233.15,233.05,233.09,4322
1789720320,233.08,233.08,233.05,233.05,34390
1789720380,233.07,233.07,233.05,233.06,8046
1789720440,233.06,233.06,233.05,233.06,5300
1789720500,233.06,233.06,233.05,233.06,8490
1789720560,233.05,233.25,233.05,233.18,36474
1789720620,233.23,233.23,233.18,233.22,10215
1789720680,233.20,233.23,233.20,233.21,7999
1789720740,233.22,233.38,233.21,233.32,9361
1789720800,233.30,233.31,233.25,233.30,31492
1789720860,233.29,233.29,233.20,233.27,15998
1789720920,233.27,233.27,233.20,233.22,8034
1789720980,233.22,233.22,233.20,233.20,2783
1789721040,233.13,233.24,233.13,233.15,9840
1789721100,233.20,233.25,233.20,233.22,15104
1789721160,233.25,233.25,233.22,233.22,11035
1789721220,233.24,233.24,233.22,233.23,6519
1789721280,233.23,233.26,233.22,233.25,33989
1789721340,233.24,233.37,233.22,233.34,12115
1789721400,233.33,233.35,233.31,233.33,4330
1789721460,233.33,233.49,233.33,233.43,22218
1789721520,233.44,233.49,233.44,233.44,6564
1789721580,233.47,233.49,233.35,233.44,19742
1789721640,233.47,233.55,233.46,233.51,29732
1789721700,233.54,233.70,233.53,233.56,20815
1789721760,233.56,233.59,233.51,233.52,88544
1789721820,233.52,233.54,233.44,233.44,24095
1789721880,233.44,233.45,233.44,233.45,2472
1789721940,233.44,233.55,233.44,233.51,26565
1789722000,233.54,233.60,233.51,233.60,13158
1789722060,233.60,233.60,233.58,233.58,46293
1789722120,233.68,233.68,233.60,233.61,15266
1789722180,233.60,233.63,233.60,233.60,14520
1789722240,233.62,233.64,233.60,233.62,15012
1789722300,233.62,233.62,233.61,233.62,8757
1789722360,233.61,233.64,233.58,233.60,16228
1789722420,233.61,233.62,233.56,233.58,25191
1789722480,233.58,233.66,233.55,233.63,24105
1789722540,233.63,233.63,233.56,233.56,9652
1789722600,233.59,233.59,233.56,233.59,7095
1789722660,233.59,233.72,233.59,233.61,31921
1789722720,233.68,233.68,233.61,233.63,10254
1789722780,233.63,233.68,233.63,233.65,23074
1789722840,233.65,233.65,233.54,233.54,31048
1789722900,233.59,233.64,233.54,233.64,70078
1789722960,233.62,233.64,233.55,233.58,25920
1789723020,233.64,233.64,233.55,233.59,15882
1789723080,233.55,233.59,233.55,233.57,18003
1789723140,233.57,233.57,233.55,233.56,15348
1789723200,233.56,233.63,233.56,233.62,34435
1789723260,233.61,233.70,233.61,233.70,25940
1789723320,233.69,233.85,233.68,233.83,35467
1789723380,233.83,233.97,233.80,233.89,31106
1789723440,233.89,233.98,233.81,233.98,45153
1789723500,233.97,234.10,233.96,234.00,96096
1789723560,234.00,234.32,234.00,234.21,87297
1789723620,234.18,234.19,234.00,234.07,36312
1789723680,234.07,234.08,234.07,234.07,25253
1789723740,234.08,234.08,234.00,234.02,53004
1789723800,234.03,234.03,233.46,233.49,165636
1789723860,233.49,233.98,233.49,233.89,161314
1789723920,233.90,233.94,233.59,233.59,219176
1789723980,233.60,233.67,233.51,233.51,133458
1789724040,233.51,233.52,233.36,233.36,97570
1789724100,233.35,233.60,233.35,233.44,146991
1789724160,233.40,233.48,233.33,233.36,124384
1789724220,233.35,233.36,233.28,233.29,126394
1789724280,233.29,233.29,233.21,233.25,97088
1789724340,233.24,233.24,233.09,233.11,84169
1789724400,233.10,233.29,233.08,233.11,221526
1789724460,233.11,233.11,232.99,233.01,113655
1789724520,233.01,233.01,232.80,232.80,113006
1789724580,232.95,232.96,232.90,232.93,92931
1789724640,232.90,233.12,232.75,232.75,111687
1789724700,232.75,232.75,232.75,232.75,3724
1789724760,232.75,232.75,232.75,232.75,0
1789724820,232.75,232.75,232.75,232.75,0
1789724880,232.75,232.75,232.75,232.75,0
1789724940,232.75,232.75,232.75,232.75,0
1789725000,232.75,232.75,232.75,232.75,0
1789725060,232.75,232.75,232.75,232.75,0
1789725120,232.75,232.75,232.75,232.75,0
1789725180,232.75,232.75,232.75,232.75,0
1789725240,232.75,232.75,232.75,232.75,0
1789725300,232.75,232.75,232.75,232.75,0
1789725360,232.75,232.75,232.75,232.75,0
1789725420,232.75,232.75,232.75,232.75,0
1789725480,232.75,232.80,232.75,232.80,3302169
1789725540,232.80,232.80,232.80,232.80,0
1789962300,232.80,233.19,232.42,232.43,104657
1789962360,232.50,233.30,232.32,233.22,75271
1789962420,233.22,233.34,233.12,233.34,28636
1789962480,233.28,233.50,233.25,233.31,45616
1789962540,233.31,233.37,232.98,232.98,13414
1789962600,232.86,232.99,232.85,232.94,6581
1789962660,232.98,233.00,232.85,232.90,8563
1789962720,232.95,232.95,232.71,232.72,19953
1789962780,232.77,232.77,232.60,232.63,10207
1789962840,232.63,232.67,232.60,232.65,6407
1789962900,232.64,232.66,232.60,232.66,6930
1789962960,232.69,232.80,232.69,232.75,26980
1789963020,232.79,232.90,232.75,232.90,53717
1789963080,232.90,232.96,232.88,232.95,12119
1789963140,233.03,233.13,232.97,233.07,17443
1789963200,233.10,233.20,233.08,233.14,24815
1789963260,233.15,233.24,233.15,233.19,12353
1789963320,233.24,233.24,233.15,233.20,17203
1789963380,233.20,233.23,233.02,233.10,20149
1789963440,233.10,233.11,232.99,232.99,19114
1789963500,233.09,233.12,233.02,233.11,6456
1789963560,233.11,233.21,233.11,233.13,7251
1789963620,233.16,233.19,233.12,233.17,7004
1789963680,233.18,233.20,233.12,233.15,5135
1789963740,233.18,233.50,233.18,233.45,41782
1789963800,233.44,233.46,233.40,233.42,8391
1789963860,233.46,233.66,233.40,233.61,25887
1789963920,233.68,233.73,233.48,233.55,12961
1789963980,233.59,233.59,233.33,233.43,40515
1789964040,233.43,233.49,233.33,233.49,9387
1789964100,233.43,233.53,233.43,233.49,7153
1789964160,233.51,233.51,233.43,233.47,6798
1789964220,233.43,233.43,233.34,233.42,14426
1789964280,233.42,233.55,233.42,233.50,46953
1789964340,233.54,233.65,233.54,233.60,15432
1789964400,233.62,233.66,233.56,233.65,4480
1789964460,233.65,233.65,233.55,233.61,9419
1789964520,233.62,233.86,233.55,233.80,17697
1789964580,233.83,233.85,233.65,233.69,8535
1789964640,233.68,233.68,233.58,233.63,8936
1789964700,233.65,233.65,233.55,233.58,21526
1789964760,233.57,233.60,233.55,233.60,5488
1789964820,233.59,233.61,233.53,233.56,6584
1789964880,233.58,233.58,233.45,233.45,20223
1789964940,233.45,233.46,233.33,233.41,8213
1789965000,233.46,233.48,233.40,233.45,3566
1789965060,233.45,233.48,233.40,233.44,6077
1789965120,233.41,233.50,233.40,233.45,6939
1789965180,233.44,233.48,233.34,233.41,10968
1789965240,233.41,233.58,233.34,233.57,23783
1789965300,233.57,233.59,233.40,233.56,33261
1789965360,233.57,233.57,233.45,233.55,12260
1789965420,233.55,233.71,233.51,233.62,20851
1789965480,233.69,233.69,233.62,233.62,3926
1789965540,233.67,233.75,233.63,233.75,8357
1789965600,233.70,233.73,233.59,233.67,6194
1789965660,233.67,233.69,233.58,233.60,5894
1789965720,233.69,233.69,233.55,233.68,11182
1789965780,233.68,233.69,233.53,233.53,10629
1789965840,233.60,233.60,233.50,233.60,14841
1789965900,233.60,233.60,233.48,233.57,13047
1789965960,233.56,233.56,233.34,233.46,17013
1789966020,233.45,233.46,233.37,233.46,6207
1789966080,233.45,233.54,233.41,233.54,4584
1789966140,233.54,233.54,233.45,233.49,4397
1789966200,233.49,233.49,233.29,233.30,12367
1789966260,233.30,233.30,233.25,233.30,6217
1789966320,233.30,233.36,233.26,233.36,10214
1789966380,233.36,233.36,233.31,233.34,3478
1789966440,233.31,233.35,233.30,233.35,4654
1789966500,233.35,233.35,233.16,233.23,7847
1789966560,233.25,233.30,233.20,233.30,4925
1789966620,233.25,233.30,233.16,233.18,10566
1789966680,233.20,233.25,233.13,233.20,36789
1789966740,233.20,233.30,233.12,233.24,16703
1789966800,233.16,233.21,233.15,233.19,4730
1789966860,233.18,233.18,233.16,233.18,2537
1789966920,233.18,233.18,233.14,233.16,7289
1789966980,233.17,233.17,233.10,233.14,6301
1789967040,233.15,233.20,233.10,233.14,4224
1789967100,233.18,233.18,233.04,233.14,3286
1789967160,233.13,233.14,233.04,233.05,4648
1789967220,233.12,233.12,233.03,233.11,3127
1789967280,233.14,233.14,233.05,233.14,7223
1789967340,233.13,233.13,233.01,233.05,8690
1789967400,233.12,233.14,233.05,233.13,8630
1789967460,233.14,233.38,233.13,233.26,23620
1789967520,233.32,233.40,233.23,233.38,6775
1789967580,233.38,233.45,233.35,233.41,4311
1789967640,233.41,233.41,233.30,233.35,6751
1789967700,233.35,233.41,233.30,233.38,4739
1789967760,233.39,233.41,233.33,233.41,2005
1789967820,233.39,233.42,233.35,233.39,4143
1789967880,233.41,233.57,233.38,233.57,11922
1789967940,233.56,233.70,233.54,233.68,16143
1789968000,233.68,233.76,233.67,233.70,5577
1789968060,233.79,233.79,233.69,233.70,4778
1789968120,233.75,233.75,233.70,233.71,6065
1789968180,233.75,233.75,233.67,233.70,6180
1789968240,233.70,233.70,233.60,233.68,4894
1789968300,233.68,233.68,233.59,233.62,6824
1789968360,233.62,233.62,233.59,233.59,5351
1789968420,233.60,233.62,233.51,233.55,4170
1789968480,233.55,233.63,233.49,233.55,7041
1789968540,233.50,233.55,233.48,233.55,6419
1789968600,233.60,233.60,233.47,233.58,4337
1789968660,233.58,233.58,233.51,233.53,4446
1789968720,233.57,233.58,233.42,233.55,6128
1789968780,233.55,233.55,233.40,233.54,7458
1789968840,233.54,233.61,233.50,233.60,7573
1789968900,233.56,233.64,233.56,233.56,1927
1789968960,233.56,233.65,233.56,233.57,5688
1789969020,233.63,233.63,233.56,233.60,2250
1789969080,233.65,233.70,233.59,233.64,25791
1789969140,233.69,233.70,233.64,233.65,5708
1789969200,233.64,233.68,233.64,233.67,2318
1789969260,233.67,233.68,233.62,233.62,3167
1789969320,233.65,233.65,233.62,233.62,2965
1789969380,233.60,233.65,233.52,233.56,2464
1789969440,233.60,233.65,233.57,233.60,3699
1789969500,233.62,233.65,233.58,233.58,2272
1789969560,233.65,233.65,233.61,233.64,2052
1789969620,233.64,233.64,233.55,233.60,5697
1789969680,233.58,233.60,233.50,233.57,3297
1789969740,233.58,233.58,233.50,233.58,2643
1789969800,233.51,233.61,233.51,233.61,2539
1789969860,233.58,233.62,233.51,233.53,4615
1789969920,233.53,233.61,233.53,233.61,5026
1789969980,233.60,233.64,233.58,233.58,4286
1789970040,233.63,233.64,233.58,233.64,5346
1789970100,233.64,233.64,233.58,233.63,3930
1789970160,233.63,233.98,233.60,233.84,77958
1789970220,233.83,233.95,233.83,233.90,8260
1789970280,233.90,233.92,233.86,233.90,3352
1789970340,233.92,233.97,233.86,233.90,4816
1789970400,233.90,233.90,233.86,233.89,2757
1789970460,233.89,233.98,233.86,233.86,9522
1789970520,233.94,233.98,233.88,233.96,2896
1789970580,233.96,233.99,233.90,233.97,4544
1789970640,233.97,233.99,233.94,233.99,3011
1789970700,233.99,233.99,233.86,233.95,6425
1789970760,233.90,233.94,233.85,233.91,9386
1789970820,233.91,233.97,233.91,233.97,3848
1789970880,233.86,233.97,233.86,233.96,15595
1789970940,233.96,233.96,233.82,233.93,5887
1789971000,233.93,233.93,233.71,233.90,14693
1789971060,233.91,234.36,233.90,234.20,90345
1789971120,234.26,234.27,234.20,234.24,8316
1789971180,234.24,234.27,234.20,234.21,5064
1789971240,234.27,234.27,234.21,234.27,4594
1789971300,234.21,234.27,234.19,234.19,15552
1789971360,234.20,234.26,234.14,234.20,12828
1789971420,234.26,234.26,234.20,234.25,5415
1789971480,234.25,234.25,234.19,234.20,3280
1789971540,234.25,234.25,234.10,234.20,16234
1789971600,234.22,234.25,234.20,234.25,3808
1789971660,234.25,234.25,234.20,234.22,2080
1789971720,234.23,234.25,234.22,234.25,6506
1789971780,234.25,234.26,234.18,234.26,13310
1789971840,234.20,234.36,234.20,234.31,57704
1789971900,234.35,234.39,234.31,234.35,9730
1789971960,234.38,234.40,234.34,234.37,3620
1789972020,234.37,234.40,234.37,234.37,3731
1789972080,234.40,234.40,234.37,234.38,5530
1789972140,234.39,234.39,234.35,234.38,17367
1789972200,234.38,234.38,234.21,234.26,12506
1789972260,234.30,234.30,234.26,234.27,4946
1789972320,234.30,234.30,234.23,234.23,6201
1789972380,234.30,234.30,234.25,234.25,2635
1789972440,234.21,234.58,234.21,234.55,59959
1789972500,234.50,234.54,234.38,234.40,9234
1789972560,234.40,234.40,234.35,234.37,7065
1789972620,234.37,234.37,234.33,234.35,9787
1789972680,234.35,234.36,234.30,234.36,8182
1789972740,234.35,234.35,234.30,234.30,4598
1789972800,234.32,234.32,234.27,234.27,6466
1789972860,234.30,234.30,234.22,234.27,11435
1789972920,234.27,234.27,234.26,234.27,8143
1789972980,234.26,234.34,234.18,234.34,16782
1789973040,234.34,234.34,234.26,234.31,4263
1789973100,234.30,234.33,234.28,234.33,4915
1789973160,234.33,234.34,234.28,234.33,2828
1789973220,234.33,234.35,234.30,234.35,3544
1789973280,234.35,234.35,234.31,234.31,6385
1789973340,234.34,234.34,234.21,234.21,5953
1789973400,234.31,234.31,234.20,234.30,4122
1789973460,234.30,234.33,234.26,234.32,4179
1789973520,234.32,234.33,234.27,234.32,1936
1789973580,234.31,234.33,234.21,234.31,4262
1789973640,234.25,234.36,234.25,234.32,14063
1789973700,234.32,234.32,234.29,234.32,4944
1789973760,234.32,234.32,234.29,234.29,6680
1789973820,234.32,234.46,234.31,234.37,45580
1789973880,234.39,234.39,234.31,234.39,5010
1789973940,234.39,234.39,234.37,234.39,5412
1789974000,234.38,234.39,234.30,234.39,4128
1789974060,234.39,234.39,234.15,234.23,52406
1789974120,234.22,234.41,234.15,234.41,15728
1789974180,234.44,234.45,234.39,234.42,2811
1789974240,234.42,234.43,234.39,234.43,1793
1789974300,234.43,234.43,234.25,234.34,8037
1789974360,234.34,234.34,234.30,234.34,5027
1789974420,234.30,234.34,234.30,234.33,2268
1789974480,234.33,234.40,234.25,234.40,14135
1789974540,234.41,234.62,234.28,234.62,46718
1789974600,234.62,234.62,234.55,234.61,5572
1789974660,234.74,234.79,234.60,234.70,51246
1789974720,234.70,234.70,234.60,234.69,5801
1789974780,234.60,234.69,234.60,234.60,5383
1789974840,234.66,234.66,234.64,234.65,3699
1789974900,234.65,234.66,234.62,234.66,2232
1789974960,234.66,234.68,234.53,234.55,12176
1789975020,234.55,234.58,234.50,234.58,4398
1789975080,234.58,234.60,234.51,234.60,2486
1789975140,234.60,234.60,234.52,234.53,4439
1789975200,234.53,234.55,234.48,234.49,7325
1789975260,234.50,234.58,234.50,234.52,10639
1789975320,234.55,234.58,234.52,234.58,2588
1789975380,234.58,234.58,234.53,234.56,6589
1789975440,234.56,234.56,234.54,234.55,3655
1789975500,234.55,234.56,234.54,234.56,4899
1789975560,234.56,235.00,234.53,234.78,221881
1789975620,234.81,235.20,234.81,235.15,297111
1789975680,235.20,235.24,234.97,235.05,59834
1789975740,235.05,235.08,235.00,235.07,13991
1789975800,235.07,235.09,235.02,235.05,14298
1789975860,235.05,235.07,235.01,235.05,6280
1789975920,235.05,235.05,235.01,235.04,5131
1789975980,235.05,235.05,235.00,235.04,4167
1789976040,235.02,235.54,235.02,235.34,252601
1789976100,235.30,235.32,235.07,235.24,36113
1789976160,235.16,235.19,235.04,235.12,7757
1789976220,235.12,235.12,235.00,235.08,8982
1789976280,235.08,235.08,235.01,235.02,3633
1789976340,235.04,235.04,235.00,235.02,5777
1789976400,235.02,235.02,235.00,235.02,11851
1789976460,235.02,235.04,235.00,235.04,3601
1789976520,235.04,235.05,234.99,235.00,23307
1789976580,235.02,235.03,235.00,235.00,10310
1789976640,235.02,235.07,235.00,235.04,7912
1789976700,235.04,235.06,235.00,235.06,5651
1789976760,235.06,235.09,235.02,235.09,11209
1789976820,235.09,235.09,235.06,235.08,4122
1789976880,235.08,235.08,235.06,235.08,2338
1789976940,235.07,235.09,235.07,235.08,28169
1789977000,235.09,235.10,235.03,235.08,10359
1789977060,235.01,235.08,235.01,235.05,7566
1789977120,235.04,235.05,235.04,235.05,5245
1789977180,235.04,235.05,235.04,235.05,2483
1789977240,235.05,235.05,235.04,235.05,5682
1789977300,235.04,235.05,235.04,235.05,4574
1789977360,235.05,235.05,235.04,235.05,4013
1789977420,235.05,235.05,235.04,235.05,5676
1789977480,235.05,235.05,235.04,235.05,2342
1789977540,235.05,235.29,235.00,235.29,63643
1789977600,235.25,235.34,235.19,235.32,8674
1789977660,235.34,235.35,235.21,235.34,8935
1789977720,235.34,235.35,235.28,235.35,5314
1789977780,235.35,235.38,235.30,235.35,9491
1789977840,235.35,235.35,235.30,235.35,7342
1789977900,235.35,235.35,235.30,235.34,4113
1789977960,235.34,235.35,235.23,235.32,11460
1789978020,235.32,235.34,235.31,235.34,3386
1789978080,235.34,235.64,235.33,235.64,130187
1789978140,235.64,235.70,235.60,235.69,11127
1789978200,235.69,235.70,235.60,235.68,5974
1789978260,235.69,235.73,235.60,235.66,15776
1789978320,235.69,235.71,235.67,235.70,6454
1789978380,235.70,235.70,235.63,235.65,8141
1789978440,235.63,235.63,235.31,235.39,19767
1789978500,235.39,235.52,235.39,235.52,8666
1789978560,235.52,235.55,235.50,235.52,5241
1789978620,235.52,235.53,235.45,235.52,5146
1789978680,235.45,235.53,235.45,235.50,4790
1789978740,235.50,235.59,235.47,235.58,9714
1789978800,235.58,235.60,235.51,235.60,3612
1789978860,235.59,235.60,235.46,235.54,4319
1789978920,235.54,235.60,235.50,235.59,6749
1789978980,235.59,235.59,235.55,235.59,2642
1789979040,235.59,235.81,235.57,235.70,84715
1789979100,235.73,235.87,235.60,235.80,82001
1789979160,235.82,236.00,235.74,235.95,105312
1789979220,235.96,235.99,235.55,235.62,160589
1789979280,235.62,235.64,235.45,235.50,7112
1789979340,235.50,235.55,235.40,235.48,17424
1789979400,235.50,235.52,235.46,235.47,22460
1789979460,235.37,235.46,235.34,235.45,11527
1789979520,235.45,235.45,235.34,235.38,14849
1789979580,235.36,235.40,235.32,235.39,4672
1789979640,235.35,235.39,235.32,235.38,9983
1789979700,235.35,235.38,235.35,235.37,3891
1789979760,235.32,235.37,235.31,235.37,5028
1789979820,235.37,235.37,235.29,235.33,7541
1789979880,235.34,235.35,235.16,235.16,28578
1789979940,235.22,235.22,235.13,235.22,8752
1789980000,235.22,235.22,235.06,235.09,9366
1789980060,235.08,235.14,235.08,235.12,9570
1789980120,235.12,235.13,235.10,235.13,4286
1789980180,235.13,235.13,235.11,235.13,4640
1789980240,235.11,235.13,235.10,235.12,8943
1789980300,235.12,235.16,235.10,235.11,9516
1789980360,235.11,235.12,235.00,235.02,31932
1789980420,235.05,235.05,235.02,235.05,5526
1789980480,235.05,235.05,235.04,235.04,5770
1789980540,235.04,235.05,235.00,235.05,14375
1789980600,235.05,235.05,234.98,235.05,8939
1789980660,235.05,235.05,234.95,234.95,8578
1789980720,235.03,235.03,234.91,234.94,29000
1789980780,234.94,234.94,234.91,234.94,7135
1789980840,234.94,234.98,234.93,234.98,9727
1789980900,234.98,234.98,234.91,234.98,9082
1789980960,234.98,235.10,234.98,235.06,39501
1789981020,235.15,235.24,235.07,235.17,9699
1789981080,235.23,235.28,235.17,235.27,17769
1789981140,235.27,235.29,235.23,235.29,5775
1789981200,235.29,235.35,235.28,235.29,13248
1789981260,235.29,235.33,235.26,235.30,4399
1789981320,235.30,235.30,235.17,235.30,11314
1789981380,235.30,235.33,235.13,235.25,10170
1789981440,235.25,235.28,235.18,235.23,11955
1789981500,235.23,235.23,235.21,235.22,7078
1789981560,235.23,235.40,235.22,235.29,13347
1789981620,235.33,235.38,235.29,235.33,5902
1789981680,235.37,235.38,235.33,235.37,5787
1789981740,235.37,235.37,235.34,235.37,4633
1789981800,235.37,235.37,235.30,235.37,4962
1789981860,235.37,235.37,235.25,235.32,3928
1789981920,235.31,235.36,235.31,235.35,5570
1789981980,235.35,235.38,235.34,235.38,4379
1789982040,235.34,235.34,235.14,235.23,25930
1789982100,235.30,235.30,235.23,235.30,7499
1789982160,235.30,235.30,235.23,235.26,9970
1789982220,235.25,235.25,235.19,235.25,8631
1789982280,235.24,235.25,235.19,235.20,13857
1789982340,235.21,235.21,235.14,235.20,6124
1789982400,235.20,235.30,235.16,235.26,13209
1789982460,235.26,235.26,235.16,235.24,6618
1789982520,235.25,235.30,235.25,235.29,18247
1789982580,235.28,235.30,235.15,235.25,27872
1789982640,235.29,235.30,235.20,235.24,13884
1789982700,235.28,235.28,235.24,235.27,7364
1789982760,235.27,235.28,235.24,235.26,9507
1789982820,235.26,235.28,235.18,235.27,21344
1789982880,235.27,235.30,235.15,235.21,18718
1789982940,235.18,235.22,235.03,235.13,22388
1789983000,235.06,235.20,235.05,235.17,34570
1789983060,235.18,235.19,235.16,235.17,18462
1789983120,235.19,235.22,235.17,235.21,13038
1789983180,235.23,235.27,235.21,235.23,19654
1789983240,235.23,235.24,235.16,235.23,18436
1789983300,235.22,235.30,235.22,235.25,45722
1789983360,235.29,235.30,235.24,235.26,14584
1789983420,235.25,235.30,235.25,235.25,35211
1789983480,235.25,235.25,235.15,235.16,23060
1789983540,235.15,235.16,235.13,235.14,19717
1789983600,235.14,235.19,235.13,235.16,40308
1789983660,235.23,235.27,235.16,235.23,66819
1789983720,235.22,235.27,235.10,235.16,136505
1789983780,235.16,235.16,235.07,235.11,52551
1789983840,235.09,235.25,235.00,235.25,54146
1789983900,235.25,235.25,235.25,235.25,447
1789983960,235.25,235.25,235.25,235.25,0
1789984020,235.25,235.25,235.25,235.25,0
1789984080,235.25,235.25,235.25,235.25,0
1789984140,235.25,235.25,235.25,235.25,0
1789984200,235.25,235.25,235.25,235.25,0
1789984260,235.25,235.25,235.25,235.25,0
1789984320,235.25,235.25,235.25,235.25,0
1789984380,235.25,235.25,235.25,235.25,0
1789984440,235.25,235.25,235.25,235.25,0
1789984500,235.25,235.25,235.25,235.25,0
1789984560,235.25,235.25,235.25,235.25,0
1789984620,235.25,235.25,235.25,235.25,0
1789984680,235.25,235.63,235.25,235.63,255936
1789984740,235.63,235.63,235.63,235.63,0
1790048700,235.51,236.37,235.28,235.89,150150
1790048760,235.76,235.93,235.20,235.26,75158
1790048820,235.25,235.25,234.75,234.75,64152
1790048880,234.90,234.95,234.79,234.87,25439
1790048940,234.86,235.07,234.70,234.70,70083
1790049000,234.58,234.80,234.58,234.67,28564
1790049060,234.66,234.74,234.35,234.46,64533
1790049120,234.46,234.69,234.30,234.69,34637
1790049180,234.75,234.78,234.60,234.74,23229
1790049240,234.74,235.08,234.71,235.01,33193
1790049300,235.00,235.05,234.88,235.00,9480
1790049360,235.29,235.34,235.17,235.30,18988
1790049420,235.28,235.55,235.28,235.52,42841
1790049480,235.53,235.53,235.27,235.28,13940
1790049540,235.32,235.35,235.08,235.17,29395
1790049600,235.18,235.18,234.90,234.90,9176
1790049660,234.91,234.91,234.52,234.62,27086
1790049720,234.61,234.61,234.20,234.21,31956
1790049780,234.21,234.29,234.16,234.21,38565
1790049840,234.22,234.41,234.05,234.26,65652
1790049900,234.35,234.35,234.14,234.23,14817
1790049960,234.26,234.46,234.21,234.34,13038
1790050020,234.34,234.42,234.32,234.38,8870
1790050080,234.39,234.44,234.32,234.38,22711
1790050140,234.35,234.40,234.25,234.25,12779
1790050200,234.27,234.33,234.24,234.27,25168
1790050260,234.27,234.30,234.23,234.23,19919
1790050320,234.23,234.26,234.12,234.12,26427
1790050380,234.13,234.20,234.04,234.05,27443
1790050440,234.04,234.12,234.04,234.09,12782
1790050500,234.08,234.18,234.08,234.11,9144
1790050560,234.18,234.23,234.09,234.23,13772
1790050620,234.23,234.23,234.10,234.20,10164
1790050680,234.20,234.21,234.10,234.13,15231
1790050740,234.13,234.13,234.10,234.11,6691
1790050800,234.12,234.12,233.80,233.95,74542
1790050860,233.95,234.09,233.95,234.03,12434
1790050920,234.03,234.19,234.02,234.11,11140
1790050980,234.10,234.32,234.10,234.15,17849
1790051040,234.17,234.22,234.12,234.13,10459
1790051100,234.20,234.21,234.12,234.14,9803
1790051160,234.12,234.26,234.12,234.23,11262
1790051220,234.26,234.26,234.08,234.24,17476
1790051280,234.23,234.36,234.20,234.23,9205
1790051340,234.10,234.25,234.10,234.19,21224
1790051400,234.20,234.25,234.14,234.24,8421
1790051460,234.23,234.26,234.06,234.06,9012
1790051520,234.06,234.20,233.90,233.91,31402
1790051580,233.90,233.94,233.85,233.85,15960
1790051640,233.86,233.95,233.80,233.92,18143
1790051700,233.92,234.10,233.88,234.10,10552
1790051760,234.10,234.11,233.97,234.10,6844
1790051820,234.04,234.13,234.01,234.06,9745
1790051880,234.05,234.07,233.82,233.83,13049
1790051940,233.81,233.91,233.81,233.87,11309
1790052000,233.87,233.88,233.75,233.82,21815
1790052060,233.86,233.94,233.81,233.83,18083
1790052120,233.80,233.89,233.80,233.84,6269
1790052180,233.80,233.91,233.76,233.81,6896
1790052240,233.81,233.90,233.76,233.90,10093
1790052300,233.86,233.90,233.80,233.84,9537
1790052360,233.80,233.95,233.80,233.90,7719
1790052420,233.91,233.91,233.83,233.88,10245
1790052480,233.88,233.95,233.82,233.84,7986
1790052540,233.82,233.94,233.82,233.87,7159
1790052600,233.84,233.92,233.84,233.90,8729
1790052660,233.90,233.98,233.90,233.94,9123
1790052720,233.99,234.00,233.95,233.95,7448
1790052780,233.96,233.99,233.95,233.96,7205
1790052840,233.95,234.10,233.85,234.00,39949
1790052900,234.00,234.11,233.97,234.02,10199
1790052960,233.99,234.03,233.91,233.91,8920
1790053020,233.93,234.00,233.91,233.97,7809
1790053080,234.00,234.08,233.97,234.02,7904
1790053140,234.05,234.10,234.00,234.10,7648
1790053200,234.12,234.15,234.01,234.01,6637
1790053260,234.00,234.05,233.92,234.01,12964
1790053320,233.98,234.05,233.92,233.92,5999
1790053380,233.97,234.01,233.92,233.93,8281
1790053440,233.93,234.01,233.91,233.95,7175
1790053500,233.92,233.97,233.90,233.92,7057
1790053560,233.93,234.01,233.91,233.97,8353
1790053620,233.95,234.06,233.91,234.02,7422
1790053680,234.02,234.06,233.99,234.02,6272
1790053740,234.02,234.05,233.95,233.95,5846
1790053800,233.97,234.02,233.94,233.98,7625
1790053860,233.98,234.06,233.92,233.95,11243
1790053920,233.94,233.94,233.78,233.78,39812
1790053980,233.84,234.08,233.81,234.08,14796
1790054040,234.08,234.15,234.00,234.08,14689
1790054100,234.14,234.14,233.97,234.00,8794
1790054160,234.01,234.10,234.00,234.05,8045
1790054220,234.05,234.15,234.05,234.07,6507
1790054280,234.07,234.09,234.05,234.07,8879
1790054340,234.06,234.08,234.04,234.05,9405
1790054400,234.06,234.13,234.05,234.10,9055
1790054460,234.11,234.13,233.92,233.93,10182
1790054520,233.97,234.03,233.89,233.92,9531
1790054580,233.90,233.96,233.89,233.89,6574
1790054640,233.93,234.01,233.90,234.01,7258
1790054700,234.06,234.31,234.00,234.31,32147
1790054760,234.26,234.32,234.16,234.20,12963
1790054820,234.21,234.25,234.13,234.13,7829
1790054880,234.13,234.18,234.00,234.05,8778
1790054940,234.05,234.06,233.98,234.00,7947
1790055000,234.01,234.04,234.00,234.04,6406
1790055060,234.00,234.18,234.00,234.07,7451
1790055120,234.07,234.13,234.00,234.00,10672
1790055180,234.00,234.08,233.97,233.97,9821
1790055240,233.96,234.12,233.95,234.01,15928
1790055300,234.01,234.19,233.99,234.17,12782
1790055360,234.13,234.20,234.12,234.17,8665
1790055420,234.17,234.25,234.15,234.20,12943
1790055480,234.21,234.36,234.19,234.28,18427
1790055540,234.29,234.33,234.27,234.28,7271
1790055600,234.28,234.30,234.28,234.30,17991
1790055660,234.30,234.30,234.28,234.30,11172
1790055720,234.30,234.50,234.18,234.44,31835
1790055780,234.42,234.42,234.31,234.35,11535
1790055840,234.35,234.36,234.30,234.31,9247
1790055900,234.34,234.39,234.29,234.36,9771
1790055960,234.36,234.36,234.30,234.32,7394
1790056020,234.32,234.66,234.31,234.63,78874
1790056080,234.63,234.63,234.55,234.56,6199
1790056140,234.59,234.63,234.55,234.56,20786
1790056200,234.56,234.65,234.54,234.58,15739
1790056260,234.59,234.62,234.53,234.55,7962
1790056320,234.56,234.59,234.49,234.54,11997
1790056380,234.49,234.54,234.42,234.48,11940
1790056440,234.50,234.50,234.43,234.49,11651
1790056500,234.49,234.53,234.41,234.51,12835
1790056560,234.51,234.59,234.49,234.56,11267
1790056620,234.57,234.83,234.50,234.64,156484
1790056680,234.70,234.70,234.64,234.69,9716
1790056740,234.69,234.73,234.67,234.69,13265
1790056800,234.69,235.00,234.62,235.00,27373
1790056860,235.04,235.15,234.81,234.90,94814
1790056920,234.90,234.93,234.85,234.91,10931
1790056980,234.96,234.96,234.83,234.84,16778
1790057040,234.84,234.85,234.81,234.82,11005
1790057100,234.82,234.84,234.78,234.80,7785
1790057160,234.79,234.80,234.70,234.79,9951
1790057220,234.78,234.84,234.73,234.83,15082
1790057280,234.83,235.02,234.80,234.92,27917
1790057340,234.94,235.07,234.94,234.99,16062
1790057400,234.99,235.10,234.96,234.97,21822
1790057460,234.96,234.99,234.80,234.90,6831
1790057520,234.83,234.90,234.66,234.66,8047
1790057580,234.70,234.81,234.66,234.75,7029
1790057640,234.75,234.79,234.54,234.62,9991
1790057700,234.54,234.77,234.53,234.67,28016
1790057760,234.67,234.75,234.62,234.62,6663
1790057820,234.54,234.61,234.35,234.42,11811
1790057880,234.34,234.68,234.34,234.59,11469
1790057940,234.55,234.60,234.49,234.51,6204
1790058000,234.53,234.53,234.42,234.46,6670
1790058060,234.43,234.53,234.42,234.51,6855
1790058120,234.51,234.67,234.46,234.56,13690
1790058180,234.56,234.59,234.44,234.48,5967
1790058240,234.47,234.52,234.44,234.50,6008
1790058300,234.49,234.52,234.46,234.48,11357
1790058360,234.48,234.48,234.32,234.42,8823
1790058420,234.42,234.49,234.42,234.44,14735
1790058480,234.45,234.46,234.41,234.42,8788
1790058540,234.42,234.46,234.41,234.43,8222
1790058600,234.44,234.45,234.36,234.36,6237
1790058660,234.40,234.46,234.36,234.39,7010
1790058720,234.39,234.44,234.36,234.39,17637
1790058780,234.34,234.46,234.34,234.46,8501
1790058840,234.45,234.46,234.35,234.39,9504
1790058900,234.39,234.42,234.30,234.37,12249
1790058960,234.40,234.46,234.37,234.42,6189
1790059020,234.42,234.44,234.35,234.40,6131
1790059080,234.40,234.47,234.40,234.42,13248
1790059140,234.43,234.43,234.38,234.39,6062
1790059200,234.40,234.43,234.34,234.38,7868
1790059260,234.38,234.40,234.23,234.37,12765
1790059320,234.37,234.66,234.34,234.63,15146
1790059380,234.63,234.65,234.51,234.55,10339
1790059440,234.55,235.64,234.53,235.55,185038
1790059500,235.48,235.66,235.38,235.38,41118
1790059560,235.57,235.78,235.54,235.70,47388
1790059620,235.68,235.76,235.61,235.63,14644
1790059680,235.61,235.66,235.50,235.65,22303
1790059740,235.78,235.81,235.65,235.78,38643
1790059800,235.71,235.85,235.69,235.71,15662
1790059860,235.68,235.90,235.65,235.72,24983
1790059920,235.72,235.72,235.41,235.56,24704
1790059980,235.57,235.57,235.50,235.51,9926
1790060040,235.51,235.72,235.40,235.72,21996
1790060100,235.59,235.68,235.53,235.63,22751
1790060160,235.63,236.20,235.63,236.13,198511
1790060220,236.08,236.25,236.07,236.19,33951
1790060280,236.17,236.25,236.04,236.21,39198
1790060340,236.20,236.23,236.05,236.12,19446
1790060400,236.08,236.09,236.00,236.09,15233
1790060460,236.05,236.19,236.01,236.02,23930
1790060520,236.02,236.26,236.00,236.17,43990
1790060580,236.25,236.26,236.18,236.22,11357
1790060640,236.22,236.23,236.19,236.20,11120
1790060700,236.20,236.20,236.18,236.19,14495
1790060760,236.17,236.19,236.10,236.10,8597
1790060820,236.10,236.16,236.04,236.13,13046
1790060880,236.11,236.16,236.11,236.13,10044
1790060940,236.11,236.24,236.11,236.14,19597
1790061000,236.18,236.20,236.12,236.12,12433
1790061060,236.03,236.16,236.01,236.10,18078
1790061120,236.10,236.19,236.09,236.18,18229
1790061180,236.18,236.20,236.17,236.19,8507
1790061240,236.19,236.20,236.18,236.18,13339
1790061300,236.19,236.23,236.13,236.18,11118
1790061360,236.20,236.21,236.18,236.18,16204
1790061420,236.20,236.25,236.18,236.24,15367
1790061480,236.23,236.30,236.21,236.30,51222
1790061540,236.30,236.30,236.01,236.16,34786
1790061600,236.16,236.16,236.06,236.09,10501
1790061660,236.09,236.16,236.07,236.10,15996
1790061720,236.10,236.16,236.08,236.15,19702
1790061780,236.14,236.15,236.09,236.09,10356
1790061840,236.11,236.11,236.00,236.02,19167
1790061900,236.00,236.02,236.00,236.01,74387
1790061960,236.01,236.02,235.84,235.88,167924
1790062020,235.88,235.93,235.86,235.88,25474
1790062080,235.87,235.89,235.85,235.86,9817
1790062140,235.85,235.88,235.78,235.80,10231
1790062200,235.79,235.84,235.75,235.76,10792
1790062260,235.71,235.80,235.55,235.66,23421
1790062320,235.66,235.72,235.55,235.63,9943
1790062380,235.56,235.63,235.50,235.51,7869
1790062440,235.51,236.04,235.45,236.02,139203
1790062500,236.00,236.04,235.86,235.90,20576
1790062560,235.86,235.93,235.84,235.88,11571
1790062620,235.87,235.98,235.84,235.89,10645
1790062680,235.95,235.95,235.85,235.86,10837
1790062740,235.86,235.86,235.65,235.68,14253
1790062800,235.65,235.68,235.65,235.65,9840
1790062860,235.68,235.71,235.65,235.68,8868
1790062920,235.68,235.72,235.65,235.66,10986
1790062980,235.65,235.68,235.65,235.66,9807
1790063040,235.65,235.84,235.63,235.74,16819
1790063100,235.73,235.75,235.63,235.67,9130
1790063160,235.67,235.83,235.67,235.81,12111
1790063220,235.82,235.82,235.66,235.66,9184
1790063280,235.63,235.70,235.63,235.67,10023
1790063340,235.66,235.78,235.65,235.70,16462
1790063400,235.78,235.83,235.73,235.76,23175
1790063460,235.76,236.21,235.75,236.13,43480
1790063520,236.11,236.19,236.11,236.16,9218
1790063580,236.15,236.22,236.14,236.17,9620
1790063640,236.15,236.17,236.00,236.06,22074
1790063700,236.05,236.06,235.94,235.95,35958
1790063760,235.97,235.97,235.74,235.76,12476
1790063820,235.73,235.78,235.70,235.71,6599
1790063880,235.70,235.71,235.58,235.61,9887
1790063940,235.61,235.70,235.61,235.65,7546
1790064000,235.66,235.77,235.66,235.75,7870
1790064060,235.75,235.75,235.72,235.74,7821
1790064120,235.74,235.74,235.71,235.72,6288
1790064180,235.72,235.79,235.66,235.76,13958
1790064240,235.72,235.89,235.72,235.79,12811
1790064300,235.81,235.90,235.79,235.84,7043
1790064360,235.81,235.99,235.81,235.98,19970
1790064420,235.99,236.00,235.95,236.00,10917
1790064480,236.00,236.04,235.91,235.92,20085
1790064540,235.91,235.97,235.90,235.91,7336
1790064600,235.91,235.94,235.90,235.91,8471
1790064660,235.90,235.93,235.88,235.89,6144
1790064720,235.86,235.99,235.85,235.95,10272
1790064780,235.94,236.00,235.94,235.96,10359
1790064840,235.97,235.99,235.93,235.94,8259
1790064900,235.92,235.96,235.80,235.84,12997
1790064960,235.85,235.85,235.76,235.79,9124
1790065020,235.77,235.84,235.77,235.77,10609
1790065080,235.77,235.83,235.76,235.78,9828
1790065140,235.78,235.78,235.66,235.73,15541
1790065200,235.73,235.74,235.66,235.67,10055
1790065260,235.66,235.70,235.63,235.67,14981
1790065320,235.67,235.69,235.62,235.62,7958
1790065380,235.62,235.62,235.52,235.52,15038
1790065440,235.53,235.61,235.51,235.61,16907
1790065500,235.61,235.70,235.58,235.62,13754
1790065560,235.62,235.62,235.50,235.51,10669
1790065620,235.51,235.58,235.50,235.51,17490
1790065680,235.53,235.53,235.29,235.35,45738
1790065740,235.39,235.50,235.36,235.41,14170
1790065800,235.41,235.42,235.29,235.30,24309
1790065860,235.30,235.39,235.29,235.30,16481
1790065920,235.30,235.35,235.23,235.30,18550
1790065980,235.28,235.31,235.24,235.27,8599
1790066040,235.25,235.52,235.25,235.45,22620
1790066100,235.44,235.66,235.26,235.26,17148
1790066160,235.28,235.35,235.22,235.31,12904
1790066220,235.31,235.35,235.17,235.27,15328
1790066280,235.23,235.42,235.23,235.31,21293
1790066340,235.32,235.44,235.26,235.39,11968
1790066400,235.39,235.44,235.30,235.42,13062
1790066460,235.42,235.70,235.39,235.62,42490
1790066520,235.70,235.70,235.52,235.62,14048
1790066580,235.70,235.70,235.59,235.64,5469
1790066640,235.62,235.89,235.60,235.85,14584
1790066700,235.88,236.09,235.82,235.94,36923
1790066760,235.86,235.89,235.67,235.84,14370
1790066820,235.84,236.14,235.76,235.98,67209
1790066880,236.13,236.19,236.00,236.09,48750
1790066940,236.09,236.10,236.01,236.02,12595
1790067000,236.01,236.09,235.97,236.05,10021
1790067060,236.03,236.04,235.96,235.96,8818
1790067120,235.95,236.02,235.95,235.96,10942
1790067180,235.96,235.99,235.94,235.97,11696
1790067240,235.93,235.95,235.85,235.85,9603
1790067300,235.75,235.85,235.70,235.77,15682
1790067360,235.77,235.81,235.68,235.74,14662
1790067420,235.72,235.78,235.70,235.71,5985
1790067480,235.70,235.75,235.62,235.62,9074
1790067540,235.63,235.68,235.61,235.64,19779
1790067600,235.60,235.65,235.54,235.56,11962
1790067660,235.51,235.58,235.51,235.56,9085
1790067720,235.56,235.61,235.50,235.56,16550
1790067780,235.56,235.58,235.45,235.56,14737
1790067840,235.60,235.72,235.52,235.57,21146
1790067900,235.57,235.61,235.51,235.61,12962
1790067960,235.70,235.75,235.61,235.75,11644
1790068020,235.75,235.78,235.66,235.71,13548
1790068080,235.70,235.75,235.66,235.68,12090
1790068140,235.71,235.71,235.52,235.61,13473
1790068200,235.56,235.64,235.55,235.56,9846
1790068260,235.56,235.57,235.52,235.55,15992
1790068320,235.55,235.55,235.44,235.47,8501
1790068380,235.47,235.51,235.41,235.48,12638
1790068440,235.48,235.53,235.47,235.50,15623
1790068500,235.47,235.52,235.47,235.48,10408
1790068560,235.50,235.53,235.47,235.52,12867
1790068620,235.51,235.52,235.50,235.52,11240
1790068680,235.51,235.52,235.43,235.46,11014
1790068740,235.48,235.60,235.44,235.50,13932
1790068800,235.49,235.60,235.47,235.57,36735
1790068860,235.58,235.61,235.48,235.52,15862
1790068920,235.48,235.64,235.47,235.62,22995
1790068980,235.63,235.66,235.58,235.59,20840
1790069040,235.59,235.62,235.53,235.55,10313
1790069100,235.59,235.59,235.54,235.56,11832
1790069160,235.57,235.62,235.50,235.52,20838
1790069220,235.51,235.53,235.40,235.50,41077
1790069280,235.45,235.45,235.31,235.34,21389
1790069340,235.30,235.39,235.30,235.30,23159
1790069400,235.30,235.54,235.30,235.43,64826
1790069460,235.45,235.45,235.22,235.23,45932
1790069520,235.23,235.23,235.12,235.16,36864
1790069580,235.16,235.20,235.15,235.17,30551
1790069640,235.18,235.22,235.16,235.21,39962
1790069700,235.23,235.32,235.22,235.32,35372
1790069760,235.32,235.34,235.30,235.30,41715
1790069820,235.32,235.32,235.20,235.25,41262
1790069880,235.24,235.24,235.10,235.10,40029
1790069940,235.11,235.12,235.05,235.12,46138
1790070000,235.11,235.11,234.98,234.98,102875
1790070060,234.90,235.06,234.81,234.94,59393
1790070120,234.95,235.11,234.85,235.03,63995
1790070180,235.03,235.03,235.02,235.02,42729
1790070240,235.01,235.03,234.70,234.70,29435
1790070300,234.70,234.70,234.70,234.70,0
1790070360,234.70,234.70,234.70,234.70,0
1790070420,234.70,234.70,234.70,234.70,0
1790070480,234.70,234.70,234.70,234.70,0
1790070540,234.70,234.70,234.70,234.70,0
1790070600,234.70,234.70,234.70,234.70,0
1790070660,234.70,234.70,234.70,234.70,0
1790070720,234.70,234.70,234.70,234.70,0
1790070780,234.70,234.70,234.70,234.70,0
1790070840,234.70,234.70,234.70,234.70,0
1790070900,234.70,234.70,234.70,234.70,0
1790070960,234.70,234.70,234.70,234.70,0
1790071020,234.70,234.70,234.70,234.70,0
1790071080,234.70,236.13,234.70,236.13,697684
1790071140,236.13,236.13,236.13,236.13,0
1790135100,235.50,235.54,234.50,234.59,135127
1790135160,234.60,234.64,234.20,234.41,67882
1790135220,234.41,234.73,234.41,234.68,48131
1790135280,234.78,234.85,234.63,234.85,36750
1790135340,234.85,234.98,234.83,234.98,18840
1790135400,235.04,235.19,235.00,235.00,59390
1790135460,235.00,235.00,234.82,234.89,12548
1790135520,234.85,234.85,234.71,234.71,24390
1790135580,234.74,234.83,234.72,234.82,27224
1790135640,234.82,235.00,234.81,235.00,31462
1790135700,234.97,235.38,234.84,235.35,101910
1790135760,235.35,235.38,235.16,235.25,16503
1790135820,235.20,235.38,235.20,235.35,46640
1790135880,235.35,235.45,235.35,235.42,15976
1790135940,235.40,235.42,235.12,235.23,22931
1790136000,235.23,235.50,235.23,235.50,28274
1790136060,235.58,235.74,235.51,235.56,64244
1790136120,235.59,235.63,235.55,235.58,15074
1790136180,235.59,235.61,235.42,235.55,28224
1790136240,235.55,235.61,235.50,235.59,8091
1790136300,235.56,235.56,235.41,235.41,19347
1790136360,235.43,235.43,235.30,235.30,11010
1790136420,235.34,235.34,235.30,235.31,14096
1790136480,235.31,235.31,235.24,235.25,10578
1790136540,235.25,235.27,235.11,235.27,22676
1790136600,235.27,235.31,235.27,235.30,17172
1790136660,235.32,235.32,235.15,235.25,32315
1790136720,235.25,235.30,235.24,235.29,12104
1790136780,235.29,235.42,235.22,235.36,89734
1790136840,235.36,235.37,235.24,235.32,12155
1790136900,235.32,235.36,235.29,235.36,28690
1790136960,235.35,235.36,235.25,235.29,48280
1790137020,235.28,235.29,235.25,235.25,7721
1790137080,235.28,235.34,235.25,235.30,23451
1790137140,235.30,235.32,235.20,235.24,10273
1790137200,235.26,235.28,235.20,235.26,28836
1790137260,235.26,235.40,235.26,235.37,54589
1790137320,235.30,235.34,235.20,235.29,25265
1790137380,235.25,235.29,235.21,235.24,13197
1790137440,235.25,235.25,235.11,235.22,17060
1790137500,235.24,235.56,235.24,235.56,30553
1790137560,235.56,235.69,235.56,235.65,9414
1790137620,235.64,235.68,235.64,235.68,17932
1790137680,235.64,235.66,235.61,235.66,13470
1790137740,235.65,235.70,235.65,235.70,8895
1790137800,235.70,235.76,235.69,235.76,17230
1790137860,235.77,235.77,235.68,235.71,12162
1790137920,235.71,235.72,235.56,235.65,14541
1790137980,235.65,235.70,235.56,235.59,32871
1790138040,235.59,235.59,235.50,235.50,9764
1790138100,235.58,235.58,235.56,235.58,6876
1790138160,235.56,235.58,235.56,235.57,9109
1790138220,235.56,235.57,235.51,235.54,12885
1790138280,235.55,235.55,235.37,235.37,17703
1790138340,235.37,235.37,235.29,235.35,13536
1790138400,235.35,235.42,235.30,235.30,19482
1790138460,235.32,235.32,235.24,235.24,7492
1790138520,235.20,235.20,235.15,235.18,14216
1790138580,235.18,235.20,235.18,235.20,4944
1790138640,235.20,235.20,235.19,235.20,6873
1790138700,235.20,235.20,235.12,235.20,11412
1790138760,235.19,235.24,235.19,235.24,13014
1790138820,235.24,235.37,235.24,235.35,17012
1790138880,235.34,235.41,235.29,235.39,6236
1790138940,235.39,235.39,235.25,235.35,9000
1790139000,235.36,235.38,235.30,235.34,9510
1790139060,235.32,235.34,235.15,235.24,8291
1790139120,235.29,235.43,235.24,235.39,21303
1790139180,235.37,235.41,235.30,235.38,3332
1790139240,235.35,235.39,235.27,235.27,12269
1790139300,235.26,235.29,235.20,235.29,8860
1790139360,235.29,235.29,235.27,235.29,3467
1790139420,235.27,235.29,235.27,235.29,8578
1790139480,235.41,235.50,235.41,235.50,32027
1790139540,235.48,235.53,235.48,235.52,7329
1790139600,235.53,235.55,235.46,235.46,6198
1790139660,235.52,235.52,235.45,235.48,29336
1790139720,235.47,235.47,235.35,235.42,6541
1790139780,235.42,235.42,235.40,235.42,2951
1790139840,235.42,235.42,235.25,235.28,23720
1790139900,235.28,235.30,235.23,235.30,46038
1790139960,235.29,235.31,235.24,235.30,11425
1790140020,235.30,235.57,235.27,235.50,94958
1790140080,235.56,235.58,235.50,235.58,5924
1790140140,235.58,235.67,235.58,235.62,11981
1790140200,235.62,235.67,235.61,235.67,9315
1790140260,235.67,235.70,235.67,235.70,4781
1790140320,235.70,235.70,235.66,235.67,6003
1790140380,235.70,235.70,235.65,235.70,5499
1790140440,235.70,235.70,235.68,235.70,5128
1790140500,235.69,235.70,235.60,235.60,11137
1790140560,235.65,235.65,235.60,235.64,6612
1790140620,235.64,235.70,235.63,235.70,25752
1790140680,235.69,235.73,235.68,235.72,6425
1790140740,235.72,235.72,235.65,235.70,7279
1790140800,235.70,235.71,235.55,235.66,14915
1790140860,235.66,235.67,235.51,235.65,11660
1790140920,235.63,235.67,235.63,235.67,7951
1790140980,235.60,235.67,235.57,235.67,11448
1790141040,235.66,235.70,235.66,235.70,10887
1790141100,235.70,235.74,235.67,235.68,41579
1790141160,235.67,235.70,235.65,235.65,7602
1790141220,235.70,235.71,235.65,235.69,7585
1790141280,235.70,235.74,235.69,235.74,7177
1790141340,235.73,235.75,235.73,235.74,8232
1790141400,235.75,235.76,235.57,235.63,15494
1790141460,235.63,235.71,235.63,235.69,3524
1790141520,235.69,235.69,235.68,235.68,3976
1790141580,235.68,235.69,234.97,235.00,247614
1790141640,235.00,235.00,234.85,234.90,242379
1790141700,234.92,234.94,234.92,234.93,6094
1790141760,234.92,234.95,234.86,234.93,13581
1790141820,234.94,234.99,234.90,234.99,15967
1790141880,235.00,235.00,234.94,234.99,10993
1790141940,234.98,235.00,234.98,234.99,36495
1790142000,234.99,235.00,234.99,234.99,6145
1790142060,235.00,235.00,234.99,235.00,13868
1790142120,234.99,235.29,234.99,235.22,58172
1790142180,235.28,235.29,235.21,235.25,4621
1790142240,235.29,235.29,235.25,235.29,4294
1790142300,235.29,235.39,235.25,235.28,19930
1790142360,235.32,235.36,235.28,235.28,24804
1790142420,235.29,235.30,235.17,235.29,18194
1790142480,235.25,235.40,235.25,235.40,20926
1790142540,235.40,235.40,235.35,235.40,8441
1790142600,235.40,235.49,235.40,235.40,24865
1790142660,235.47,235.49,235.40,235.49,6360
1790142720,235.46,235.53,235.46,235.49,12132
1790142780,235.49,235.58,235.49,235.55,6496
1790142840,235.58,235.61,235.55,235.61,8264
1790142900,235.55,235.60,235.52,235.52,9387
1790142960,235.55,235.65,235.52,235.61,18573
1790143020,235.65,235.66,235.57,235.65,6387
1790143080,235.65,235.65,235.60,235.65,5114
1790143140,235.65,235.84,235.62,235.72,41840
1790143200,235.72,235.72,235.61,235.67,10760
1790143260,235.67,235.68,235.58,235.60,9576
1790143320,235.61,235.90,235.60,235.85,33712
1790143380,235.88,235.88,235.81,235.85,5656
1790143440,235.89,235.94,235.85,235.91,21033
1790143500,235.91,235.91,235.84,235.90,15511
1790143560,235.90,235.95,235.81,235.82,57184
1790143620,235.75,235.85,235.75,235.82,8270
1790143680,235.80,235.86,235.80,235.85,4565
1790143740,235.86,235.89,235.83,235.83,6384
1790143800,235.85,235.85,235.83,235.85,4841
1790143860,235.85,235.85,235.78,235.78,9384
1790143920,235.79,235.79,235.78,235.79,6603
1790143980,235.79,235.79,235.78,235.78,5946
1790144040,235.79,235.84,235.73,235.84,19623
1790144100,235.85,235.87,235.77,235.87,13235
1790144160,235.87,235.89,235.86,235.89,7320
1790144220,235.89,235.90,235.80,235.89,15688
1790144280,235.89,235.89,235.82,235.88,4751
1790144340,235.88,235.88,235.82,235.83,6337
1790144400,235.84,235.85,235.83,235.84,7304
1790144460,235.84,235.84,235.75,235.75,13147
1790144520,235.82,235.82,235.68,235.78,11116
1790144580,235.78,235.78,235.64,235.70,10055
1790144640,235.70,235.70,235.61,235.68,10510
1790144700,235.70,235.71,235.60,235.71,17645
1790144760,235.70,235.71,235.70,235.71,6974
1790144820,235.71,235.71,235.69,235.71,8157
1790144880,235.71,235.71,235.54,235.55,15344
1790144940,235.55,235.69,235.50,235.53,56975
1790145000,235.53,235.56,235.45,235.56,6233
1790145060,235.56,235.56,235.50,235.56,4017
1790145120,235.56,235.59,235.51,235.59,7763
1790145180,235.59,235.60,235.57,235.58,9101
1790145240,235.53,235.58,235.53,235.56,10291
1790145300,235.56,235.58,235.52,235.53,2772
1790145360,235.55,235.56,235.47,235.50,19704
1790145420,235.49,235.53,235.49,235.53,12271
1790145480,235.52,235.53,235.52,235.53,5741
1790145540,235.53,235.53,235.52,235.53,4732
1790145600,235.53,235.53,235.52,235.53,3817
1790145660,235.53,235.53,235.36,235.45,20158
1790145720,235.45,235.53,235.38,235.49,23150
1790145780,235.49,235.50,235.39,235.45,10042
1790145840,235.45,235.45,235.40,235.45,8025
1790145900,235.45,235.50,235.45,235.50,14877
1790145960,235.50,235.54,235.42,235.49,20690
1790146020,235.48,235.50,235.36,235.47,7603
1790146080,235.47,235.47,235.46,235.46,8906
1790146140,235.47,235.47,235.37,235.47,11154
1790146200,235.47,235.47,235.40,235.45,3617
1790146260,235.45,235.45,235.40,235.45,5386
1790146320,235.45,235.45,235.38,235.43,11298
1790146380,235.43,235.43,235.41,235.43,4201
1790146440,235.43,235.43,235.32,235.32,31532
1790146500,235.36,235.36,235.33,235.35,9222
1790146560,235.35,235.35,235.25,235.32,8692
1790146620,235.35,235.35,235.32,235.35,6293
1790146680,235.35,235.35,235.30,235.35,9539
1790146740,235.35,235.35,235.29,235.35,11606
1790146800,235.34,235.57,235.34,235.56,56020
1790146860,235.57,235.63,235.56,235.62,6496
1790146920,235.62,235.65,235.59,235.62,3636
1790146980,235.64,235.71,235.62,235.71,11994
1790147040,235.71,235.72,235.65,235.69,5325
1790147100,235.71,235.71,235.58,235.66,11008
1790147160,235.68,235.70,235.66,235.70,5885
1790147220,235.70,235.70,235.67,235.70,3697
1790147280,235.68,235.70,235.68,235.70,7690
1790147340,235.70,235.71,235.68,235.71,4113
1790147400,235.70,235.71,235.68,235.69,4236
1790147460,235.62,235.69,235.54,235.60,15780
1790147520,235.60,235.63,235.57,235.63,11614
1790147580,235.63,235.85,235.62,235.85,14875
1790147640,235.86,236.25,235.85,236.22,65703
1790147700,236.22,236.27,236.04,236.20,28599
1790147760,236.16,236.20,236.16,236.20,8880
1790147820,236.20,236.20,236.12,236.20,8195
1790147880,236.20,236.20,236.17,236.19,14520
1790147940,236.20,236.21,236.15,236.21,16952
1790148000,236.20,236.22,236.15,236.20,54974
1790148060,236.25,236.25,236.14,236.18,12302
1790148120,236.18,236.19,236.10,236.18,11501
1790148180,236.18,236.19,236.11,236.12,14976
1790148240,236.12,236.17,236.12,236.17,13116
1790148300,236.17,236.17,236.08,236.15,7770
1790148360,236.15,236.20,236.15,236.20,13846
1790148420,236.19,236.21,236.14,236.14,19265
1790148480,236.20,236.20,236.14,236.19,7868
1790148540,236.19,236.19,236.14,236.19,9019
1790148600,236.19,236.19,236.14,236.18,10161
1790148660,236.18,236.23,236.17,236.23,54793
1790148720,236.25,236.37,236.25,236.37,23112
1790148780,236.37,236.49,236.32,236.44,26382
1790148840,236.44,236.50,236.36,236.36,16048
1790148900,236.47,236.48,236.34,236.45,13959
1790148960,236.45,236.47,236.40,236.47,8906
1790149020,236.47,236.47,236.31,236.40,15827
1790149080,236.40,236.40,236.37,236.40,8325
1790149140,236.37,236.40,236.30,236.36,12861
1790149200,236.37,236.37,236.29,236.31,13531
1790149260,236.32,236.32,236.31,236.31,8938
1790149320,236.32,236.32,236.25,236.32,7500
1790149380,236.32,236.32,236.31,236.31,4767
1790149440,236.32,236.33,236.31,236.33,9608
1790149500,236.33,236.42,236.30,236.38,30499
1790149560,236.39,236.40,236.17,236.22,22794
1790149620,236.22,236.28,236.19,236.25,7262
1790149680,236.25,236.28,236.15,236.17,8985
1790149740,236.26,236.26,236.18,236.18,3926
1790149800,236.25,236.25,236.18,236.23,13777
1790149860,236.20,236.23,236.10,236.20,8947
1790149920,236.20,236.20,236.19,236.19,9862
1790149980,236.19,236.19,236.16,236.19,3827
1790150040,236.19,236.19,236.16,236.19,4692
1790150100,236.16,236.29,236.15,236.27,47287
1790150160,236.26,236.31,236.07,236.16,22886
1790150220,236.16,236.17,236.13,236.17,6827
1790150280,236.17,236.21,236.16,236.19,11422
1790150340,236.13,236.21,236.03,236.17,14176
1790150400,236.10,236.19,236.00,236.10,11570
1790150460,236.10,236.14,236.06,236.09,10144
1790150520,236.11,236.11,236.06,236.09,6886
1790150580,236.09,236.09,236.06,236.07,4443
1790150640,236.09,236.09,236.04,236.04,10868
1790150700,236.04,236.04,236.00,236.03,19291
1790150760,236.02,236.04,236.00,236.03,8518
1790150820,236.03,236.03,235.88,236.03,13885
1790150880,236.00,236.03,236.00,236.03,7254
1790150940,236.03,236.28,236.03,236.16,38925
1790151000,236.16,236.24,236.01,236.16,22163
1790151060,236.16,236.24,236.16,236.23,11767
1790151120,236.24,236.29,236.20,236.29,12583
1790151180,236.29,236.34,236.28,236.32,20265
1790151240,236.32,236.35,236.25,236.35,39572
1790151300,236.41,236.45,236.35,236.35,22237
1790151360,236.33,236.38,236.33,236.36,12343
1790151420,236.36,236.37,236.28,236.29,11466
1790151480,236.29,236.29,236.28,236.28,3851
1790151540,236.29,236.33,236.27,236.33,17480
1790151600,236.33,236.33,236.24,236.25,13403
1790151660,236.25,236.29,236.21,236.29,5989
1790151720,236.28,236.29,236.14,236.14,12040
1790151780,236.26,236.28,236.16,236.22,9587
1790151840,236.12,236.28,236.12,236.21,22405
1790151900,236.21,236.21,236.13,236.20,10399
1790151960,236.11,236.13,236.09,236.13,11703
1790152020,236.13,236.14,236.04,236.04,11709
1790152080,236.11,236.14,236.10,236.13,13249
1790152140,236.13,236.18,236.11,236.12,38068
1790152200,236.11,236.18,236.11,236.16,7829
1790152260,236.16,236.16,236.05,236.13,15603
1790152320,236.05,236.20,236.05,236.20,23170
1790152380,236.20,236.25,236.20,236.25,8740
1790152440,236.25,236.30,236.21,236.28,23553
1790152500,236.28,236.28,236.20,236.25,8936
1790152560,236.25,236.25,236.14,236.25,7150
1790152620,236.21,236.29,236.21,236.28,11774
1790152680,236.28,236.28,236.25,236.27,4093
1790152740,236.27,236.28,236.25,236.28,8947
1790152800,236.27,236.49,236.26,236.49,63114
1790152860,236.50,236.65,236.50,236.60,89541
1790152920,236.64,236.67,236.60,236.67,21601
1790152980,236.66,236.70,236.64,236.64,16668
1790153040,236.68,236.70,236.63,236.69,19683
1790153100,236.65,236.69,236.56,236.65,30832
1790153160,236.65,236.67,236.61,236.67,13254
1790153220,236.67,236.67,236.61,236.63,18402
1790153280,236.66,236.67,236.60,236.65,15967
1790153340,236.65,236.65,236.56,236.60,14987
1790153400,236.60,236.61,236.51,236.52,19403
1790153460,236.52,236.52,236.44,236.50,16190
1790153520,236.50,236.56,236.47,236.50,58388
1790153580,236.38,236.50,236.37,236.48,19844
1790153640,236.48,236.50,236.48,236.50,13621
1790153700,236.50,236.53,236.45,236.48,22456
1790153760,236.49,236.51,236.45,236.48,16296
1790153820,236.47,236.52,236.40,236.50,22128
1790153880,236.50,236.64,236.41,236.61,170983
1790153940,236.61,236.61,236.42,236.48,38771
1790154000,236.48,236.56,236.48,236.53,18228
1790154060,236.51,236.54,236.47,236.50,13359
1790154120,236.50,236.54,236.45,236.49,17092
1790154180,236.52,236.55,236.43,236.49,18162
1790154240,236.50,236.55,236.49,236.55,19898
1790154300,236.55,236.56,236.51,236.54,13114
1790154360,236.55,236.57,236.51,236.57,17210
1790154420,236.57,236.58,236.45,236.45,42678
1790154480,236.52,236.57,236.43,236.53,25870
1790154540,236.50,236.59,236.40,236.58,56554
1790154600,236.58,236.59,236.47,236.54,21470
1790154660,236.50,236.54,236.50,236.52,14247
1790154720,236.52,236.54,236.43,236.50,28557
1790154780,236.50,236.51,236.38,236.46,20132
1790154840,236.48,236.48,236.28,236.33,31338
1790154900,236.38,236.38,236.32,236.34,18461
1790154960,236.34,236.37,236.32,236.37,19838
1790155020,236.49,236.49,236.35,236.44,33846
1790155080,236.42,236.49,236.37,236.41,71860
1790155140,236.46,236.48,236.37,236.40,29980
1790155200,236.39,236.53,236.36,236.53,81311
1790155260,236.53,236.54,236.44,236.52,24811
1790155320,236.52,236.59,236.50,236.51,85603
1790155380,236.51,236.52,236.41,236.50,40403
1790155440,236.50,236.51,236.45,236.49,22139
1790155500,236.50,236.50,236.45,236.45,26912
1790155560,236.45,236.45,236.35,236.43,51706
1790155620,236.43,236.44,236.32,236.39,20563
1790155680,236.39,236.41,236.34,236.41,57644
1790155740,236.41,236.41,236.25,236.36,68786
1790155800,236.36,236.38,236.16,236.28,114509
1790155860,236.29,236.30,236.26,236.29,59724
1790155920,236.29,236.29,236.28,236.28,33840
1790155980,236.29,236.30,236.29,236.29,35181
1790156040,236.29,236.39,236.29,236.39,40460
1790156100,236.38,236.41,236.32,236.39,86007
1790156160,236.42,236.42,236.35,236.38,99719
1790156220,236.39,236.39,236.30,236.30,60915
1790156280,236.30,236.32,236.25,236.26,57069
1790156340,236.25,236.26,236.20,236.25,70382
1790156400,236.24,236.37,236.22,236.37,144233
1790156460,236.38,236.38,236.29,236.35,61941
1790156520,236.35,236.40,236.31,236.34,121107
1790156580,236.32,236.34,236.23,236.33,92322
1790156640,236.33,236.70,236.20,236.20,60685
1790156700,236.20,236.20,236.20,236.20,944
1790156760,236.20,236.20,236.20,236.20,0
1790156820,236.20,236.20,236.20,236.20,0
1790156880,236.20,236.20,236.20,236.20,0
1790156940,236.20,236.20,236.20,236.20,0
1790157000,236.20,236.20,236.20,236.20,0
1790157060,236.20,236.20,236.20,236.20,0
1790157120,236.20,236.20,236.20,236.20,0
1790157180,236.20,236.20,236.20,236.20,0
1790157240,236.20,236.20,236.20,236.20,0
1790157300,236.20,236.20,236.20,236.20,0
1790157360,236.20,236.20,236.20,236.20,0
1790157420,236.20,236.20,236.20,236.20,0
1790157480,236.20,236.20,236.20,236.20,0
1790157540,236.20,236.90,236.20,236.90,638571
1790221500,235.50,237.22,235.50,236.70,136704
1790221560,236.77,237.36,236.48,237.29,112784
1790221620,237.61,237.68,237.00,237.01,144308
1790221680,237.00,237.09,236.28,236.38,66614
1790221740,236.35,236.38,235.90,235.95,70784
1790221800,235.95,235.95,235.35,235.46,59530
1790221860,235.46,235.71,235.43,235.50,28433
1790221920,235.55,235.95,235.45,235.86,26998
1790221980,235.79,235.84,235.73,235.84,15774
1790222040,235.69,235.69,235.64,235.65,19872
1790222100,235.70,235.73,235.63,235.65,28313
1790222160,235.65,235.79,235.45,235.69,28503
1790222220,235.74,235.76,235.67,235.69,27359
1790222280,235.69,235.85,235.67,235.78,21645
1790222340,235.78,235.98,235.77,235.85,10892
1790222400,235.90,236.02,235.87,235.87,75834
1790222460,235.93,236.25,235.87,236.11,26969
1790222520,236.10,236.17,236.10,236.12,17183
1790222580,236.08,236.42,236.08,236.33,34252
1790222640,236.32,236.34,236.20,236.30,16841
1790222700,236.28,236.36,236.08,236.11,9967
1790222760,236.03,236.13,236.03,236.06,14378
1790222820,236.07,236.28,236.06,236.26,6233
1790222880,236.29,236.29,236.23,236.24,12032
1790222940,236.24,236.24,236.14,236.14,4871
1790223000,236.14,236.15,236.07,236.12,12679
1790223060,236.09,236.09,235.97,236.03,12483
1790223120,236.03,236.03,235.89,235.93,7166
1790223180,235.93,236.04,235.93,236.00,14461
1790223240,236.00,236.17,236.00,236.16,20034
1790223300,236.16,236.16,236.02,236.04,10277
1790223360,236.07,236.08,235.88,235.91,19774
1790223420,235.91,235.93,235.74,235.75,10281
1790223480,235.76,235.79,235.72,235.72,16199
1790223540,235.75,235.80,235.71,235.80,15545
1790223600,235.80,235.86,235.62,235.62,24898
1790223660,235.56,235.79,235.50,235.79,17376
1790223720,235.79,235.79,235.70,235.70,4732
1790223780,235.70,235.83,235.69,235.76,13734
1790223840,235.74,235.74,235.70,235.70,7635
1790223900,235.71,235.74,235.60,235.74,18068
1790223960,235.76,235.88,235.69,235.88,6592
1790224020,235.88,235.95,235.81,235.95,11897
1790224080,235.95,235.98,235.87,235.89,5596
1790224140,235.89,235.90,235.74,235.76,5666
1790224200,235.76,235.81,235.64,235.64,10769
1790224260,235.71,235.79,235.60,235.62,6481
1790224320,235.64,235.70,235.56,235.70,27369
1790224380,235.70,235.70,235.60,235.66,10967
1790224440,235.66,235.75,235.66,235.70,3509
1790224500,235.70,235.75,235.69,235.69,4329
1790224560,235.71,235.78,235.66,235.71,26844
1790224620,235.71,235.74,235.65,235.72,3687
1790224680,235.74,235.74,235.65,235.67,4094
1790224740,235.67,235.78,235.50,235.54,25725
1790224800,235.51,235.55,235.45,235.51,10409
1790224860,235.53,235.67,235.51,235.63,12415
1790224920,235.63,235.86,235.61,235.62,13232
1790224980,235.62,235.73,235.61,235.62,7546
1790225040,235.61,235.72,235.61,235.62,5533
1790225100,235.61,235.62,235.46,235.46,7934
1790225160,235.61,235.61,235.44,235.46,11804
1790225220,235.46,235.56,235.35,235.48,14420
1790225280,235.49,235.57,235.47,235.50,8748
1790225340,235.50,235.50,235.47,235.50,7839
1790225400,235.52,235.53,235.45,235.49,8014
1790225460,235.52,235.57,235.48,235.48,8342
1790225520,235.49,235.53,235.44,235.49,3228
1790225580,235.49,235.49,235.48,235.49,1088
1790225640,235.48,235.61,235.48,235.54,9547
1790225700,235.54,235.60,235.52,235.55,5536
1790225760,235.58,235.80,235.57,235.73,7048
1790225820,235.72,235.86,235.69,235.80,8807
1790225880,235.77,235.79,235.74,235.76,8739
1790225940,235.76,235.92,235.75,235.79,6422
1790226000,235.76,235.93,235.75,235.82,3684
1790226060,235.80,235.85,235.75,235.75,5191
1790226120,235.75,235.79,235.75,235.79,9962
1790226180,235.76,235.87,235.76,235.87,5041
1790226240,235.87,235.88,235.79,235.87,4526
1790226300,235.84,235.93,235.80,235.83,3599
1790226360,235.86,235.90,235.80,235.86,3028
1790226420,235.87,235.90,235.84,235.89,1876
1790226480,235.84,235.95,235.84,235.90,24276
1790226540,235.90,235.94,235.88,235.90,3250
1790226600,235.90,235.94,235.84,235.84,5138
1790226660,235.86,235.96,235.84,235.90,3397
1790226720,235.90,236.00,235.84,236.00,10870
1790226780,235.87,235.95,235.87,235.92,1042
1790226840,235.88,235.92,235.87,235.88,3335
1790226900,235.88,235.89,235.88,235.88,3802
1790226960,235.85,235.89,235.84,235.86,3878
1790227020,235.86,235.86,235.74,235.77,6456
1790227080,235.77,235.77,235.66,235.73,7738
1790227140,235.73,235.76,235.71,235.75,15028
1790227200,235.74,235.76,235.67,235.70,8872
1790227260,235.70,235.74,235.66,235.67,3170
1790227320,235.67,235.75,235.67,235.74,3127
1790227380,235.74,235.76,235.71,235.75,469
1790227440,235.74,235.80,235.74,235.76,1064
1790227500,235.75,235.79,235.75,235.75,3881
1790227560,235.77,235.82,235.70,235.70,12476
1790227620,235.70,235.73,235.66,235.73,6522
1790227680,235.73,235.76,235.65,235.70,1684
1790227740,235.70,235.70,235.61,235.62,4568
1790227800,235.62,235.62,235.52,235.55,4282
1790227860,235.55,235.65,235.54,235.55,8122
1790227920,235.55,235.62,235.54,235.58,5127
1790227980,235.55,235.62,235.55,235.60,6627
1790228040,235.52,235.62,235.52,235.56,10515
1790228100,235.56,235.69,235.56,235.60,12871
1790228160,235.58,235.58,235.51,235.51,7777
1790228220,235.51,235.65,235.51,235.56,2310
1790228280,235.56,235.59,235.56,235.58,3076
1790228340,235.57,235.58,235.47,235.47,15952
1790228400,235.47,235.48,235.35,235.45,12034
1790228460,235.44,235.45,235.44,235.45,1225
1790228520,235.45,235.45,235.44,235.44,5572
1790228580,235.45,235.45,235.35,235.37,9802
1790228640,235.36,235.40,235.24,235.29,12230
1790228700,235.26,235.35,235.23,235.32,14268
1790228760,235.28,235.35,235.27,235.29,2900
1790228820,235.29,235.34,235.28,235.33,3212
1790228880,235.33,235.41,235.32,235.33,7664
1790228940,235.33,235.42,235.33,235.42,3801
1790229000,235.43,235.43,235.33,235.35,2940
1790229060,235.35,235.38,235.35,235.38,3950
1790229120,235.36,235.40,235.36,235.38,3356
1790229180,235.38,235.40,235.38,235.39,3424
1790229240,235.38,235.39,235.23,235.24,12607
1790229300,235.24,235.25,235.23,235.24,5526
1790229360,235.25,235.29,235.24,235.24,5603
1790229420,235.25,235.29,235.23,235.29,3491
1790229480,235.29,235.35,235.25,235.31,2441
1790229540,235.29,235.35,235.29,235.30,707
1790229600,235.34,235.34,235.30,235.31,901
1790229660,235.30,235.35,235.30,235.31,5213
1790229720,235.31,235.38,235.31,235.31,4737
1790229780,235.31,235.49,235.31,235.41,6595
1790229840,235.42,235.56,235.40,235.53,7121
1790229900,235.53,235.68,235.48,235.57,4371
1790229960,235.66,235.75,235.58,235.65,13913
1790230020,235.65,235.75,235.65,235.72,2364
1790230080,235.75,235.85,235.73,235.75,4291
1790230140,235.75,235.76,235.70,235.71,3821
1790230200,235.70,235.85,235.70,235.82,7114
1790230260,235.80,235.89,235.79,235.84,37893
1790230320,235.85,235.95,235.85,235.92,6462
1790230380,235.94,235.99,235.88,235.88,4561
1790230440,235.88,235.95,235.87,235.89,5048
1790230500,235.87,235.88,235.87,235.87,1654
1790230560,235.87,235.92,235.87,235.90,6373
1790230620,235.88,235.90,235.71,235.87,14749
1790230680,235.90,235.98,235.89,235.96,5811
1790230740,235.95,235.98,235.92,235.94,5839
1790230800,235.94,235.94,235.90,235.90,5450
1790230860,235.90,235.91,235.85,235.91,4833
1790230920,235.91,235.91,235.88,235.90,23283
1790230980,235.89,235.90,235.70,235.77,61616
1790231040,235.95,236.30,235.95,236.30,55340
1790231100,236.30,236.38,236.10,236.10,29962
1790231160,236.10,236.26,236.10,236.19,9644
1790231220,236.19,236.23,235.96,236.00,14888
1790231280,236.00,236.08,235.96,236.04,12461
1790231340,236.04,236.17,236.03,236.14,8974
1790231400,236.14,236.14,236.07,236.13,16104
1790231460,236.12,236.13,236.04,236.08,4580
1790231520,236.07,236.08,236.07,236.07,2039
1790231580,236.07,236.08,236.06,236.06,5730
1790231640,236.06,236.07,236.06,236.06,4967
1790231700,236.07,236.09,236.05,236.05,6433
1790231760,236.05,236.17,236.05,236.12,10715
1790231820,236.13,236.25,236.13,236.25,1843
1790231880,236.27,236.27,236.20,236.21,5619
1790231940,236.22,236.25,236.20,236.25,3544
1790232000,236.24,236.25,236.24,236.25,3607
1790232060,236.24,236.25,236.16,236.17,9059
1790232120,236.17,236.28,236.17,236.26,13470
1790232180,236.26,236.30,236.26,236.30,5361
1790232240,236.30,236.30,236.19,236.19,2602
1790232300,236.19,236.24,236.16,236.23,11045
1790232360,236.25,236.27,235.98,236.00,52034
1790232420,236.01,236.20,236.00,236.13,27502
1790232480,236.14,236.14,236.01,236.08,5395
1790232540,236.08,236.08,236.07,236.07,7465
1790232600,236.08,236.08,235.98,235.98,5399
1790232660,235.98,236.22,235.95,236.11,30430
1790232720,236.08,236.13,235.92,236.09,13864
1790232780,236.09,236.10,236.01,236.02,5280
1790232840,236.02,236.10,235.90,236.05,15101
1790232900,236.03,236.06,235.72,235.72,62723
1790232960,235.79,235.79,235.37,235.55,56828
1790233020,235.54,235.67,235.44,235.46,34094
1790233080,235.50,235.90,235.46,235.84,71713
1790233140,235.84,235.99,235.82,235.95,9080
1790233200,235.96,235.96,235.85,235.88,8781
1790233260,235.86,235.93,235.85,235.91,4175
1790233320,235.91,235.91,235.86,235.88,5042
1790233380,235.88,235.88,235.80,235.82,8653
1790233440,235.82,235.85,235.81,235.84,16552
1790233500,235.84,235.84,235.77,235.78,2564
1790233560,235.79,235.79,235.78,235.79,2156
1790233620,235.79,235.83,235.78,235.83,8230
1790233680,235.82,235.86,235.77,235.84,7387
1790233740,235.83,235.83,235.78,235.79,4303
1790233800,235.78,235.79,235.73,235.74,3647
1790233860,235.73,235.74,235.62,235.64,7843
1790233920,235.63,235.73,235.62,235.73,23506
1790233980,235.71,235.72,235.59,235.72,2974
1790234040,235.72,235.73,235.67,235.73,4548
1790234100,235.74,235.77,235.69,235.77,11590
1790234160,235.77,235.81,235.73,235.74,3790
1790234220,235.74,235.82,235.73,235.82,12134
1790234280,235.82,235.85,235.79,235.85,2027
1790234340,235.85,235.88,235.84,235.86,4343
1790234400,235.86,235.87,235.84,235.85,3525
1790234460,235.85,235.85,235.80,235.80,4617
1790234520,235.82,235.82,235.81,235.82,3084
1790234580,235.81,235.82,235.81,235.81,3369
1790234640,235.81,235.82,235.78,235.78,3169
1790234700,235.78,235.78,235.77,235.77,1661
1790234760,235.78,235.78,235.75,235.76,11533
1790234820,235.75,235.77,235.69,235.77,54396
1790234880,235.76,236.00,235.76,235.97,22780
1790234940,235.99,236.08,235.98,236.05,15168
1790235000,236.04,236.05,235.92,235.92,12974
1790235060,235.92,236.14,235.92,236.13,19793
1790235120,236.13,236.20,236.11,236.12,19206
1790235180,236.12,236.27,236.11,236.27,7614
1790235240,236.27,236.30,235.71,235.89,335703
1790235300,235.89,236.06,235.85,236.03,16577
1790235360,236.03,236.03,235.99,236.03,4853
1790235420,235.99,236.00,235.95,235.96,4773
1790235480,235.96,235.96,235.90,235.94,4903
1790235540,235.94,235.94,235.89,235.90,1674
1790235600,235.90,235.90,235.86,235.87,3183
1790235660,235.86,235.87,235.85,235.86,3357
1790235720,235.86,235.86,235.85,235.86,2163
1790235780,235.86,235.86,235.82,235.86,4124
1790235840,235.86,235.86,235.79,235.80,5550
1790235900,235.80,235.80,235.78,235.80,4494
1790235960,235.80,235.90,235.72,235.90,48655
1790236020,235.90,236.09,235.90,236.04,34311
1790236080,236.04,236.06,236.00,236.02,1046
1790236140,236.02,236.04,236.02,236.04,1847
1790236200,236.04,236.10,236.03,236.05,8652
1790236260,236.07,236.15,236.01,236.13,7674
1790236320,236.14,236.20,236.02,236.20,20702
1790236380,236.20,236.26,236.20,236.24,6806
1790236440,236.23,236.24,236.23,236.24,1536
1790236500,236.24,236.24,236.20,236.20,4047
1790236560,236.21,236.22,235.95,235.97,17754
1790236620,235.96,236.00,235.91,235.92,10920
1790236680,235.92,235.98,235.88,235.92,4979
1790236740,235.91,236.00,235.91,236.00,6604
1790236800,236.00,236.00,235.96,236.00,8779
1790236860,235.99,236.26,235.99,236.25,55920
1790236920,236.24,236.25,236.19,236.20,17439
1790236980,236.19,236.20,236.19,236.20,3635
1790237040,236.20,236.20,236.19,236.19,3746
1790237100,236.19,236.20,236.14,236.15,4503
1790237160,236.14,236.15,236.14,236.15,2729
1790237220,236.14,236.15,236.14,236.14,12587
1790237280,236.15,236.15,236.14,236.15,6414
1790237340,236.15,236.15,236.10,236.12,5763
1790237400,236.11,236.18,236.09,236.17,62527
1790237460,236.20,236.29,236.11,236.14,29394
1790237520,236.16,236.17,236.14,236.14,5972
1790237580,236.14,236.14,235.97,235.98,2937
1790237640,236.00,236.09,236.00,236.04,33988
1790237700,236.04,236.20,236.04,236.07,21407
1790237760,236.07,236.08,236.00,236.07,6228
1790237820,236.07,236.25,236.06,236.25,31852
1790237880,236.31,236.59,236.31,236.52,92093
1790237940,236.54,236.65,236.50,236.60,48972
1790238000,236.59,236.60,236.59,236.60,7122
1790238060,236.59,236.59,236.54,236.54,7390
1790238120,236.55,236.55,236.36,236.36,32339
1790238180,236.37,236.46,236.37,236.41,45984
1790238240,236.39,236.43,236.34,236.36,21565
1790238300,236.38,236.46,236.38,236.45,17784
1790238360,236.45,236.46,236.44,236.45,10559
1790238420,236.45,236.46,236.32,236.32,97580
1790238480,236.32,236.49,236.27,236.33,87259
1790238540,236.32,236.37,236.26,236.26,17151
1790238600,236.30,236.30,236.21,236.24,12767
1790238660,236.23,236.24,236.23,236.24,5680
1790238720,236.24,236.38,236.20,236.34,97136
1790238780,236.33,236.35,236.30,236.32,45115
1790238840,236.33,236.33,236.12,236.15,8562
1790238900,236.15,236.21,236.15,236.21,10988
1790238960,236.20,236.25,236.16,236.18,15637
1790239020,236.16,236.18,236.11,236.13,5627
1790239080,236.13,236.20,236.13,236.19,7549
1790239140,236.19,236.19,236.14,236.14,5178
1790239200,236.14,236.14,236.09,236.12,12876
1790239260,236.11,236.12,236.10,236.11,11281
1790239320,236.12,236.12,236.07,236.09,2935
1790239380,236.10,236.25,236.07,236.23,34544
1790239440,236.22,236.24,236.16,236.16,2610
1790239500,236.17,236.17,236.16,236.16,4394
1790239560,236.16,236.16,236.04,236.14,18849
1790239620,236.14,236.26,236.10,236.26,39096
1790239680,236.26,236.27,236.10,236.15,24433
1790239740,236.19,236.19,236.04,236.06,12485
1790239800,236.07,236.14,236.07,236.12,9063
1790239860,236.11,236.11,236.06,236.07,12581
1790239920,236.15,236.24,236.12,236.18,42649
1790239980,236.18,236.18,236.11,236.14,4924
1790240040,236.14,236.15,236.06,236.10,18188
1790240100,236.10,236.30,236.09,236.30,16923
1790240160,236.27,236.33,236.17,236.30,19491
1790240220,236.29,236.30,236.24,236.27,4468
1790240280,236.27,236.44,236.27,236.43,19287
1790240340,236.41,236.47,236.26,236.28,120711
1790240400,236.36,236.36,236.25,236.27,5304
1790240460,236.27,236.36,236.21,236.35,35434
1790240520,236.36,236.38,236.30,236.30,19975
1790240580,236.29,236.39,236.21,236.38,20610
1790240640,236.38,236.38,236.33,236.34,7569
1790240700,236.35,236.38,236.34,236.36,8111
1790240760,236.36,236.36,236.31,236.35,22696
1790240820,236.33,236.41,236.33,236.41,17415
1790240880,236.41,236.46,236.41,236.46,4318
1790240940,236.46,236.64,236.45,236.64,37932
1790241000,236.64,236.80,236.64,236.80,54991
1790241060,236.71,236.73,236.54,236.55,17939
1790241120,236.55,236.55,236.43,236.44,16343
1790241180,236.45,236.45,236.44,236.45,5808
1790241240,236.44,236.45,236.40,236.40,14473
1790241300,236.41,236.50,236.39,236.50,81795
1790241360,236.48,236.60,236.48,236.55,30550
1790241420,236.55,236.59,236.51,236.51,16389
1790241480,236.52,236.67,236.52,236.64,18733
1790241540,236.64,236.67,236.59,236.59,34344
1790241600,236.61,236.61,236.55,236.55,15749
1790241660,236.58,236.58,236.42,236.44,119203
1790241720,236.47,236.55,236.42,236.42,58720
1790241780,236.45,236.50,236.38,236.49,29978
1790241840,236.52,236.55,236.51,236.52,29075
1790241900,236.52,236.58,236.52,236.57,17638
1790241960,236.57,236.57,236.52,236.52,23522
1790242020,236.53,236.53,236.47,236.47,20733
1790242080,236.48,236.48,236.43,236.44,12953
1790242140,236.43,236.46,236.39,236.39,55427
1790242200,236.39,236.46,236.38,236.38,35117
1790242260,236.37,236.37,236.26,236.30,56423
1790242320,236.29,236.41,236.28,236.41,40116
1790242380,236.46,236.52,236.39,236.40,113945
1790242440,236.41,236.47,236.41,236.44,43962
1790242500,236.45,236.45,236.35,236.37,30310
1790242560,236.36,236.37,236.30,236.31,43085
1790242620,236.31,236.31,236.16,236.24,97325
1790242680,236.24,236.25,236.24,236.25,41521
1790242740,236.24,236.40,236.24,236.39,40202
1790242800,236.37,236.40,236.30,236.40,103507
1790242860,236.00,236.25,235.94,236.13,591902
1790242920,236.12,236.34,236.12,236.19,91247
1790242980,236.19,236.19,236.18,236.19,46568
1790243040,236.15,236.45,236.15,236.44,96022
1790243100,236.41,236.41,236.41,236.41,452
1790243160,236.41,236.41,236.41,236.41,0
1790243220,236.41,236.41,236.41,236.41,0
1790243280,236.41,236.41,236.41,236.41,0
1790243340,236.41,236.41,236.41,236.41,0
1790243400,236.41,236.41,236.41,236.41,0
1790243460,236.41,236.41,236.41,236.41,0
1790243520,236.41,236.41,236.41,236.41,0
1790243580,236.41,236.41,236.41,236.41,0
1790243640,236.41,236.41,236.41,236.41,0
1790243700,236.41,236.41,236.41,236.41,0
1790243760,236.41,236.41,236.41,236.41,0
1790243820,236.41,236.41,236.41,236.41,0
1790243880,236.41,239.00,236.41,239.00,942376
1790243940,239.00,239.00,239.00,239.00,0
1790307900,238.00,238.00,236.27,236.40,131769
1790307960,236.40,236.48,235.84,236.16,151043
1790308020,236.10,236.20,235.84,235.99,71246
1790308080,236.08,236.19,235.94,235.94,51764
1790308140,235.93,236.52,235.90,236.50,44773
1790308200,236.59,236.71,236.19,236.23,67285
1790308260,236.30,236.39,235.62,235.70,44002
1790308320,235.62,235.76,235.50,235.61,71373
1790308380,235.61,235.85,235.60,235.84,24630
1790308440,235.73,236.03,235.73,235.95,20638
1790308500,235.90,236.34,235.90,236.34,24815
1790308560,236.34,236.34,236.21,236.21,41128
1790308620,236.27,236.38,236.20,236.26,33130
1790308680,236.26,236.34,236.22,236.28,14412
1790308740,236.38,236.38,236.14,236.21,23070
1790308800,236.29,236.42,236.22,236.33,31633
1790308860,236.33,236.47,236.30,236.35,19921
1790308920,236.40,236.45,236.37,236.38,17168
1790308980,236.36,236.40,236.26,236.29,17636
1790309040,236.29,236.45,236.29,236.39,22962
1790309100,236.45,236.54,236.37,236.43,9324
1790309160,236.42,236.42,236.33,236.35,17568
1790309220,236.35,236.42,236.26,236.26,24590
1790309280,236.35,236.35,236.25,236.28,12077
1790309340,236.28,236.45,236.28,236.45,10573
1790309400,236.43,236.83,236.43,236.75,23319
1790309460,236.73,236.93,236.70,236.81,15375
1790309520,236.89,236.89,236.54,236.64,26613
1790309580,236.62,236.68,236.48,236.56,22901
1790309640,236.57,236.67,236.57,236.63,5889
1790309700,236.61,236.63,236.47,236.61,39511
1790309760,236.52,236.65,236.52,236.65,7685
1790309820,236.65,236.70,236.58,236.65,9831
1790309880,236.70,236.72,236.52,236.52,14793
1790309940,236.56,236.68,236.55,236.66,6973
1790310000,236.60,236.74,236.56,236.68,19941
1790310060,236.68,236.71,236.55,236.70,6158
1790310120,236.70,236.72,236.53,236.61,15058
1790310180,236.61,236.67,236.57,236.65,3531
1790310240,236.59,236.65,236.55,236.65,13380
1790310300,236.65,236.68,236.36,236.37,29938
1790310360,236.43,236.56,236.36,236.50,8788
1790310420,236.53,236.55,236.45,236.49,4242
1790310480,236.49,236.50,236.47,236.47,5395
1790310540,236.48,236.54,236.46,236.50,7308
1790310600,236.50,236.50,236.37,236.47,9873
1790310660,236.44,236.61,236.44,236.60,6359
1790310720,236.53,236.61,236.53,236.60,2797
1790310780,236.61,236.61,236.41,236.45,19072
1790310840,236.49,236.59,236.46,236.58,3530
1790310900,236.51,236.54,236.38,236.38,13263
1790310960,236.36,236.50,236.36,236.45,6669
1790311020,236.49,236.59,236.45,236.45,10310
1790311080,236.45,236.65,236.45,236.55,8181
1790311140,236.53,236.65,236.50,236.61,5514
1790311200,236.55,236.65,236.36,236.47,34568
1790311260,236.50,236.61,236.50,236.52,4958
1790311320,236.52,236.61,236.52,236.58,3429
1790311380,236.60,236.69,236.56,236.60,4721
1790311440,236.68,236.70,236.55,236.55,2144
1790311500,236.50,236.61,236.44,236.61,18865
1790311560,236.61,236.70,236.51,236.55,10234
1790311620,236.55,236.69,236.55,236.60,3913
1790311680,236.56,236.60,236.43,236.44,23606
1790311740,236.45,236.54,236.45,236.50,828
1790311800,236.45,236.59,236.45,236.59,1581
1790311860,236.51,236.60,236.51,236.56,8160
1790311920,236.59,236.73,236.45,236.58,14195
1790311980,236.55,236.66,236.51,236.61,3304
1790312040,236.56,236.62,236.55,236.56,4189
1790312100,236.59,236.59,236.54,236.54,6315
1790312160,236.55,236.60,236.53,236.53,6418
1790312220,236.57,236.61,236.51,236.51,3309
1790312280,236.51,236.59,236.35,236.43,12886
1790312340,236.40,236.43,236.28,236.29,7801
1790312400,236.37,236.39,236.27,236.27,5566
1790312460,236.30,236.39,236.30,236.31,836
1790312520,236.38,236.38,236.17,236.26,20075
1790312580,236.32,236.32,236.17,236.17,4363
1790312640,236.22,236.29,236.17,236.19,6615
1790312700,236.19,236.25,236.17,236.17,3647
1790312760,236.17,236.25,236.10,236.25,9568
1790312820,236.18,236.19,236.06,236.11,3920
1790312880,236.11,236.21,236.10,236.11,2789
1790312940,236.20,236.20,236.05,236.11,10591
1790313000,236.12,236.17,236.05,236.05,4658
1790313060,236.14,236.14,236.05,236.06,897
1790313120,236.13,236.13,236.06,236.07,2680
1790313180,236.13,236.17,236.07,236.10,2936
1790313240,236.16,236.17,235.83,235.83,44621
1790313300,235.94,236.20,235.83,236.11,23759
1790313360,236.19,236.21,236.03,236.10,7350
1790313420,236.07,236.21,236.06,236.10,3462
1790313480,236.14,236.14,236.07,236.08,2984
1790313540,236.14,236.15,236.07,236.08,3113
1790313600,236.15,236.15,236.06,236.14,6034
1790313660,236.10,236.15,236.10,236.10,2411
1790313720,236.15,236.15,235.93,235.95,8047
1790313780,235.95,236.00,235.90,235.94,3116
1790313840,235.94,236.07,235.94,236.05,3490
1790313900,235.99,236.20,235.98,236.17,3148
1790313960,236.15,236.17,236.09,236.10,1335
1790314020,236.15,236.15,235.95,236.01,11218
1790314080,236.04,236.06,235.88,235.95,15700
1790314140,235.98,235.98,235.83,235.95,12960
1790314200,235.95,235.95,235.88,235.90,4935
1790314260,235.95,236.00,235.90,235.92,6701
1790314320,235.92,235.98,235.92,235.94,10058
1790314380,235.94,236.12,235.94,236.02,10439
1790314440,236.01,236.09,235.94,235.95,16479
1790314500,236.00,236.08,235.95,236.00,4219
1790314560,236.05,236.16,236.01,236.16,6532
1790314620,236.17,236.17,236.06,236.10,4808
1790314680,236.10,236.16,236.09,236.13,6321
1790314740,236.10,236.17,236.10,236.14,2549
1790314800,236.15,236.23,236.15,236.17,9113
1790314860,236.17,236.20,236.11,236.17,6653
1790314920,236.17,236.17,236.01,236.01,11674
1790314980,236.01,236.04,235.94,235.94,9718
1790315040,235.95,235.95,235.79,235.79,21510
1790315100,235.84,236.05,235.78,235.81,8325
1790315160,235.81,235.92,235.80,235.83,10560
1790315220,235.83,235.93,235.70,235.82,65155
1790315280,235.84,235.90,235.75,235.77,5088
1790315340,235.81,235.97,235.77,235.89,8235
1790315400,235.99,236.03,235.90,235.95,3615
1790315460,236.03,236.03,235.79,235.84,23587
1790315520,235.93,236.00,235.84,235.84,12482
1790315580,235.84,235.93,235.80,235.80,21903
1790315640,235.86,235.86,235.70,235.70,24107
1790315700,235.65,235.79,235.65,235.69,8086
1790315760,235.73,235.84,235.70,235.76,1786
1790315820,235.80,235.80,235.76,235.79,4699
1790315880,235.76,235.80,235.67,235.70,6429
1790315940,235.75,235.75,235.62,235.62,7101
1790316000,235.62,235.72,235.55,235.55,8778
1790316060,235.55,235.60,235.55,235.57,4327
1790316120,235.60,235.60,235.57,235.59,2003
1790316180,235.60,235.69,235.59,235.62,8205
1790316240,235.66,235.86,235.62,235.74,11742
1790316300,235.67,235.81,235.66,235.71,10283
1790316360,235.77,235.80,235.67,235.71,4385
1790316420,235.76,235.77,235.71,235.74,1293
1790316480,235.77,235.78,235.60,235.61,14930
1790316540,235.68,235.70,235.61,235.63,2257
1790316600,235.64,235.70,235.26,235.27,75054
1790316660,235.28,235.39,235.25,235.30,14905
1790316720,235.31,235.31,235.25,235.25,5545
1790316780,235.29,235.35,235.25,235.26,9604
1790316840,235.35,235.37,235.26,235.30,16597
1790316900,235.36,235.41,235.27,235.37,6589
1790316960,235.30,235.39,235.10,235.16,48749
1790317020,235.26,235.30,235.17,235.24,8160
1790317080,235.28,235.39,235.24,235.39,14930
1790317140,235.40,235.43,235.29,235.29,6484
1790317200,235.30,235.32,235.25,235.30,4491
1790317260,235.30,235.36,235.27,235.34,1765
1790317320,235.28,235.35,235.10,235.13,34337
1790317380,235.13,235.25,235.13,235.17,1838
1790317440,235.22,235.28,235.10,235.10,7734
1790317500,235.10,235.18,235.10,235.11,5141
1790317560,235.14,235.18,235.11,235.13,2709
1790317620,235.13,235.18,235.01,235.06,20025
1790317680,235.10,235.10,234.90,235.01,66723
1790317740,235.01,235.07,235.00,235.01,2267
1790317800,235.03,235.05,235.01,235.05,4359
1790317860,235.07,235.16,235.01,235.14,12089
1790317920,235.14,235.15,235.08,235.10,2636
1790317980,235.12,235.17,235.10,235.11,5073
1790318040,235.11,235.15,235.04,235.06,7959
1790318100,235.06,235.15,235.05,235.07,3271
1790318160,235.15,235.18,235.09,235.11,4888
1790318220,235.11,235.18,235.11,235.11,1740
1790318280,235.11,235.24,234.85,234.87,45642
1790318340,234.89,234.90,234.71,234.80,9718
1790318400,234.81,234.85,234.74,234.79,4273
1790318460,234.80,234.91,234.76,234.82,12364
1790318520,234.90,235.05,234.82,235.00,10337
1790318580,235.00,235.15,234.95,235.06,15978
1790318640,235.15,235.20,235.02,235.14,9810
1790318700,235.16,235.19,235.07,235.17,846
1790318760,235.10,235.23,235.10,235.17,9150
1790318820,235.17,235.26,235.17,235.21,5299
1790318880,235.21,235.27,235.04,235.06,49274
1790318940,235.14,235.18,235.06,235.11,2711
1790319000,235.15,235.15,235.11,235.11,5210
1790319060,235.12,235.18,235.10,235.10,3272
1790319120,235.10,235.12,235.01,235.09,7666
1790319180,235.05,235.17,235.05,235.12,2040
1790319240,235.16,235.17,235.03,235.05,9915
1790319300,235.05,235.15,235.05,235.09,1112
1790319360,235.09,235.19,235.09,235.18,2313
1790319420,235.18,235.20,235.17,235.20,7742
1790319480,235.19,235.28,235.17,235.19,8205
1790319540,235.20,235.23,235.14,235.14,6581
1790319600,235.11,235.19,235.08,235.10,21201
1790319660,235.14,235.19,235.10,235.14,3039
1790319720,235.19,235.19,235.14,235.17,3809
1790319780,235.18,235.23,235.17,235.22,6624
1790319840,235.17,235.25,235.10,235.10,6113
1790319900,235.10,235.17,235.10,235.15,4077
1790319960,235.11,235.18,235.02,235.07,11875
1790320020,235.08,235.19,235.08,235.16,2168
1790320080,235.18,235.23,235.16,235.18,5154
1790320140,235.18,235.24,235.18,235.20,2538
1790320200,235.24,235.25,235.03,235.07,14396
1790320260,235.15,235.18,235.00,235.00,16100
1790320320,235.01,235.05,235.00,235.00,3230
1790320380,235.00,235.09,235.00,235.04,2768
1790320440,235.06,235.13,234.95,235.00,31274
1790320500,235.07,235.07,235.00,235.02,3925
1790320560,235.05,235.28,235.05,235.26,5224
1790320620,235.26,235.34,235.20,235.28,12675
1790320680,235.35,235.35,235.25,235.26,6330
1790320740,235.26,235.27,235.21,235.22,2808
1790320800,235.22,235.35,235.22,235.26,5164
1790320860,235.34,235.52,235.23,235.47,23509
1790320920,235.50,235.58,235.45,235.45,8898
1790320980,235.50,235.55,235.31,235.52,10964
1790321040,235.45,235.55,235.43,235.43,3453
1790321100,235.51,235.55,235.43,235.55,1926
1790321160,235.49,235.55,235.41,235.44,14424
1790321220,235.45,235.50,235.43,235.45,4598
1790321280,235.49,235.49,235.43,235.45,8000
1790321340,235.45,235.50,235.43,235.50,11406
1790321400,235.47,235.55,235.47,235.50,6376
1790321460,235.48,235.55,235.48,235.50,12366
1790321520,235.55,235.55,235.45,235.48,10689
1790321580,235.48,235.55,235.48,235.53,2933
1790321640,235.55,235.61,235.53,235.57,7526
1790321700,235.57,235.63,235.35,235.35,14511
1790321760,235.40,235.49,235.29,235.33,16940
1790321820,235.33,235.48,235.30,235.31,12237
1790321880,235.40,235.40,235.31,235.37,2445
1790321940,235.43,235.44,235.37,235.40,7520
1790322000,235.44,235.44,235.26,235.27,6518
1790322060,235.27,235.42,235.26,235.32,6262
1790322120,235.41,235.46,235.33,235.39,5348
1790322180,235.42,235.49,235.38,235.38,4958
1790322240,235.47,235.47,235.38,235.39,760
1790322300,235.39,235.44,235.39,235.40,1469
1790322360,235.40,235.45,235.40,235.45,4152
1790322420,235.44,235.45,235.35,235.43,7955
1790322480,235.43,235.50,235.34,235.50,9513
1790322540,235.50,235.50,235.45,235.45,2793
1790322600,235.49,235.59,235.45,235.53,2985
1790322660,235.56,235.56,235.53,235.54,4233
1790322720,235.55,235.80,235.52,235.79,22724
1790322780,235.79,235.80,235.59,235.69,7156
1790322840,235.61,235.69,235.50,235.51,4109
1790322900,235.54,235.65,235.51,235.60,6553
1790322960,235.65,235.66,235.61,235.62,877
1790323020,235.62,235.65,235.45,235.50,11395
1790323080,235.53,235.57,235.42,235.42,5713
1790323140,235.42,235.59,235.42,235.48,2269
1790323200,235.56,235.57,235.48,235.49,1996
1790323260,235.50,235.55,235.49,235.50,2887
1790323320,235.55,235.56,235.51,235.52,3279
1790323380,235.52,235.55,235.50,235.53,7781
1790323440,235.50,235.60,235.50,235.52,5362
1790323500,235.52,235.64,235.52,235.59,2102
1790323560,235.61,235.64,235.58,235.62,1863
1790323620,235.63,235.69,235.62,235.69,5553
1790323680,235.68,235.69,235.67,235.68,6646
1790323740,235.67,235.68,235.66,235.67,9651
1790323800,235.67,235.75,235.67,235.75,13569
1790323860,235.79,235.80,235.70,235.77,5036
1790323920,235.80,235.80,235.66,235.70,7742
1790323980,235.77,235.77,235.61,235.61,11545
1790324040,235.69,235.73,235.61,235.67,3148
1790324100,235.66,235.80,235.66,235.80,1735
1790324160,235.79,235.80,235.76,235.77,1602
1790324220,235.77,235.85,235.77,235.80,6525
1790324280,235.85,235.85,235.70,235.73,6789
1790324340,235.75,235.80,235.73,235.75,1711
1790324400,235.75,235.84,235.75,235.81,3429
1790324460,235.80,235.84,235.76,235.77,10342
1790324520,235.79,235.83,235.77,235.78,2122
1790324580,235.78,235.81,235.76,235.76,4222
1790324640,235.76,235.78,235.66,235.67,14020
1790324700,235.67,235.74,235.66,235.67,5131
1790324760,235.74,235.78,235.67,235.72,3201
1790324820,235.72,235.74,235.71,235.73,4193
1790324880,235.73,235.75,235.70,235.70,5182
1790324940,235.73,235.76,235.66,235.70,5339
1790325000,235.76,235.84,235.70,235.77,5889
1790325060,235.83,235.86,235.77,235.84,4291
1790325120,235.84,235.87,235.76,235.76,11114
1790325180,235.81,236.08,235.67,236.08,36092
1790325240,236.10,236.10,235.80,235.90,13832
1790325300,235.90,235.96,235.84,235.90,7221
1790325360,235.90,235.98,235.90,235.91,13972
1790325420,235.91,235.98,235.82,235.92,6186
1790325480,235.84,235.90,235.71,235.74,18499
1790325540,235.74,235.82,235.70,235.79,6500
1790325600,235.76,235.78,235.63,235.64,7650
1790325660,235.64,235.73,235.64,235.70,2373
1790325720,235.73,235.79,235.70,235.76,1400
1790325780,235.79,235.80,235.70,235.70,8483
1790325840,235.70,235.73,235.60,235.65,6706
1790325900,235.61,235.69,235.61,235.64,2033
1790325960,235.64,235.69,235.64,235.67,6120
1790326020,235.67,235.72,235.60,235.65,11664
1790326080,235.62,235.69,235.62,235.63,3048
1790326140,235.69,235.72,235.63,235.69,2185
1790326200,235.72,235.73,235.69,235.69,4450
1790326260,235.71,235.71,235.69,235.70,2456
1790326320,235.71,235.71,235.68,235.70,6007
1790326380,235.70,235.72,235.62,235.65,33461
1790326440,235.65,235.73,235.65,235.67,4428
1790326500,235.67,235.75,235.67,235.70,7384
1790326560,235.70,235.82,235.70,235.73,24180
1790326620,235.75,235.79,235.73,235.76,4175
1790326680,235.79,235.79,235.62,235.64,15279
1790326740,235.71,235.73,235.61,235.61,8935
1790326800,235.56,235.65,235.56,235.65,12400
1790326860,235.60,235.65,235.57,235.57,11656
1790326920,235.58,235.65,235.58,235.61,4050
1790326980,235.61,235.65,235.61,235.62,1989
1790327040,235.65,235.68,235.64,235.67,8569
1790327100,235.67,235.72,235.58,235.59,17328
1790327160,235.60,235.73,235.60,235.65,2378
1790327220,235.70,235.74,235.64,235.64,9263
1790327280,235.61,235.73,235.61,235.68,5298
1790327340,235.69,235.74,235.65,235.74,17074
1790327400,235.75,235.75,235.67,235.71,8779
1790327460,235.72,235.78,235.68,235.69,6829
1790327520,235.70,235.74,235.69,235.74,1659
1790327580,235.67,235.72,235.62,235.64,13717
1790327640,235.65,235.70,235.64,235.67,2592
1790327700,235.67,235.69,235.61,235.61,17124
1790327760,235.63,235.69,235.63,235.64,9503
1790327820,235.65,235.72,235.64,235.64,14709
1790327880,235.64,235.71,235.64,235.67,3338
1790327940,235.67,235.71,235.60,235.61,23222
1790328000,235.68,235.68,235.55,235.58,18426
1790328060,235.58,235.65,235.56,235.61,12581
1790328120,235.56,235.63,235.56,235.63,10668
1790328180,235.59,235.65,235.57,235.57,26147
1790328240,235.59,235.61,235.45,235.52,78943
1790328300,235.48,235.56,235.48,235.51,10110
1790328360,235.53,235.53,235.50,235.50,22728
1790328420,235.50,235.52,235.41,235.41,16936
1790328480,235.42,235.47,235.41,235.42,20441
1790328540,235.41,235.47,235.41,235.45,31425
1790328600,235.45,235.47,235.41,235.42,41083
1790328660,235.42,235.44,235.38,235.38,53338
1790328720,235.39,235.39,235.30,235.32,34263
1790328780,235.30,235.38,235.30,235.32,20077
1790328840,235.30,235.34,235.30,235.32,23865
1790328900,235.32,235.61,235.24,235.42,74777
1790328960,235.43,235.54,235.31,235.35,41147
1790329020,235.32,235.44,235.20,235.39,73891
1790329080,235.40,235.43,235.32,235.33,21906
1790329140,235.34,235.39,235.25,235.39,33184
1790329200,235.38,235.53,235.35,235.45,41834
1790329260,235.48,235.53,235.42,235.50,33114
1790329320,235.50,235.54,235.32,235.54,97043
1790329380,235.48,235.58,235.31,235.48,37067
1790329440,235.51,235.51,235.22,235.25,29412
1790329500,235.25,235.25,235.25,235.25,15
1790329560,235.25,235.25,235.25,235.25,0
1790329620,235.25,235.25,235.25,235.25,0
1790329680,235.25,235.25,235.25,235.25,0
1790329740,235.25,235.25,235.25,235.25,0
1790329800,235.25,235.25,235.25,235.25,0
1790329860,235.25,235.25,235.25,235.25,0
1790329920,235.25,235.25,235.25,235.25,0
1790329980,235.25,235.25,235.25,235.25,0
1790330040,235.25,235.25,235.25,235.25,0
1790330100,235.25,235.25,235.25,235.25,0
1790330160,235.25,235.25,235.25,235.25,0
1790330220,235.25,235.25,235.25,235.25,0
1790330280,235.25,235.25,235.25,235.25,0
1790330340,235.86,235.86,235.86,235.86,183601
1790567100,235.85,235.85,234.58,235.13,136686
1790567160,234.91,234.94,234.73,234.73,48915
1790567220,234.73,234.73,234.22,234.39,85047
1790567280,234.41,234.41,234.08,234.34,66453
1790567340,234.34,234.37,234.22,234.22,20875
1790567400,234.05,234.05,233.75,233.80,48340
1790567460,233.88,233.88,233.65,233.66,36964
1790567520,233.68,233.68,233.50,233.50,22890
1790567580,233.33,233.40,233.13,233.23,39641
1790567640,233.28,233.52,233.28,233.40,31634
1790567700,233.36,233.41,233.31,233.39,30662
1790567760,233.39,233.57,233.39,233.57,17415
1790567820,233.60,233.74,233.58,233.73,15477
1790567880,233.78,233.90,233.73,233.74,39970
1790567940,233.75,233.92,233.75,233.91,15352
1790568000,233.91,233.91,233.75,233.79,36736
1790568060,233.79,233.98,233.77,233.91,61207
1790568120,233.91,234.00,233.91,233.99,21745
1790568180,233.95,234.13,233.95,234.00,18265
1790568240,234.00,234.05,233.90,234.01,18182
1790568300,233.95,234.20,233.95,234.00,17099
1790568360,233.91,234.24,233.85,234.24,20590
1790568420,234.24,234.64,234.11,234.49,71311
1790568480,234.55,234.70,234.24,234.25,25515
1790568540,234.32,234.32,234.13,234.16,18282
1790568600,234.14,234.14,233.70,233.70,86831
1790568660,233.80,233.80,233.70,233.75,26757
1790568720,233.80,233.89,233.80,233.89,10355
1790568780,233.87,233.92,233.81,233.84,7336
1790568840,233.89,233.89,233.85,233.85,4144
1790568900,233.86,233.86,233.75,233.83,14541
1790568960,233.83,234.22,233.80,234.17,62776
1790569020,234.09,234.28,233.99,234.25,34111
1790569080,234.25,234.25,234.08,234.09,20583
1790569140,234.14,234.14,233.92,233.98,16189
1790569200,234.03,234.06,233.81,233.85,40784
1790569260,233.90,233.90,233.82,233.88,7090
1790569320,233.88,233.89,233.81,233.88,11147
1790569380,233.82,233.88,233.80,233.81,7184
1790569440,233.80,233.86,233.75,233.85,7623
1790569500,233.85,233.85,233.76,233.83,9949
1790569560,233.83,233.85,233.77,233.82,12437
1790569620,233.86,233.86,233.62,233.72,37997
1790569680,233.72,233.85,233.72,233.82,10279
1790569740,233.80,233.92,233.80,233.90,20310
1790569800,233.90,233.94,233.78,233.80,21007
1790569860,233.81,233.81,233.66,233.76,19543
1790569920,233.70,234.06,233.70,233.94,27833
1790569980,233.92,234.00,233.92,233.99,5762
1790570040,233.99,234.06,233.96,233.96,7931
1790570100,233.95,234.06,233.78,233.78,31915
1790570160,233.77,233.93,233.77,233.93,17202
1790570220,233.93,233.97,233.84,233.88,10815
1790570280,233.91,233.91,233.78,233.78,12110
1790570340,233.75,233.87,233.69,233.87,23440
1790570400,233.87,233.88,233.82,233.86,13602
1790570460,233.89,234.04,233.89,234.00,14397
1790570520,233.94,234.04,233.85,233.85,16243
1790570580,233.91,234.05,233.79,234.05,13775
1790570640,234.05,234.07,234.00,234.06,6903
1790570700,234.03,234.03,233.90,233.90,20122
1790570760,233.89,233.98,233.75,233.77,38727
1790570820,233.84,233.85,233.64,233.65,22074
1790570880,233.70,233.71,233.55,233.58,33661
1790570940,233.63,233.76,233.58,233.76,21290
1790571000,233.74,233.75,233.43,233.52,85566
1790571060,233.55,233.67,233.50,233.50,28463
1790571120,233.55,233.68,233.37,233.44,56270
1790571180,233.44,233.50,233.43,233.44,30482
1790571240,233.44,233.52,233.42,233.42,20287
1790571300,233.44,233.44,233.30,233.38,13161
1790571360,233.40,233.41,233.38,233.38,6669
1790571420,233.41,233.43,233.30,233.37,43741
1790571480,233.37,233.42,233.01,233.09,115787
1790571540,233.05,233.21,233.05,233.18,26024
1790571600,233.18,233.21,233.13,233.18,7076
1790571660,233.18,233.18,233.03,233.05,16126
1790571720,233.09,233.18,232.87,233.00,111981
1790571780,233.00,233.06,232.95,233.06,15903
1790571840,233.09,233.11,233.06,233.09,7458
1790571900,233.10,233.15,233.09,233.13,6459
1790571960,233.09,233.15,233.05,233.10,6818
1790572020,233.06,233.12,233.00,233.01,29252
1790572080,233.01,233.11,233.00,233.01,41925
1790572140,233.00,233.05,233.00,233.05,12797
1790572200,233.04,233.05,232.86,232.98,47291
1790572260,232.91,232.98,232.91,232.91,9277
1790572320,232.92,233.00,232.77,232.96,51454
1790572380,232.90,232.94,232.83,232.85,4200
1790572440,232.85,232.88,232.69,232.88,26854
1790572500,232.87,233.06,232.87,232.99,48525
1790572560,232.99,233.15,232.95,232.99,52225
1790572620,233.00,233.06,232.99,233.03,12851
1790572680,233.00,233.03,232.95,232.98,8230
1790572740,232.95,232.98,232.88,232.88,11232
1790572800,232.88,232.91,232.86,232.91,13015
1790572860,232.87,232.95,232.87,232.94,3359
1790572920,232.90,232.94,232.88,232.90,4157
1790572980,232.88,232.91,232.80,232.86,5909
1790573040,232.80,232.86,232.80,232.86,2037
1790573100,232.83,233.03,232.83,232.88,16762
1790573160,232.89,232.96,232.86,232.95,4337
1790573220,232.91,232.91,232.80,232.83,13064
1790573280,232.80,232.83,232.80,232.83,788
1790573340,232.83,232.88,232.65,232.71,32689
1790573400,232.71,232.78,232.62,232.70,23464
1790573460,232.70,232.72,232.66,232.67,8057
1790573520,232.67,232.72,232.60,232.63,19756
1790573580,232.66,232.73,232.60,232.62,13052
1790573640,232.66,232.75,232.62,232.62,13399
1790573700,232.64,232.64,232.62,232.63,7356
1790573760,232.61,232.69,232.55,232.57,36013
1790573820,232.65,232.67,232.54,232.59,72174
1790573880,232.59,232.65,232.44,232.50,43660
1790573940,232.50,232.50,232.46,232.50,12765
1790574000,232.46,232.57,232.43,232.54,25855
1790574060,232.54,232.54,232.47,232.54,3591
1790574120,232.50,232.54,232.32,232.33,36887
1790574180,232.42,232.53,232.35,232.45,20530
1790574240,232.50,232.50,232.40,232.40,14838
1790574300,232.42,232.50,232.30,232.36,24996
1790574360,232.40,232.43,232.30,232.30,19418
1790574420,232.33,232.33,232.30,232.31,20640
1790574480,232.34,232.34,232.09,232.19,155855
1790574540,232.19,232.27,232.17,232.19,21138
1790574600,232.19,232.24,232.05,232.15,50010
1790574660,232.15,232.15,232.00,232.03,38416
1790574720,232.03,232.11,232.00,232.00,39356
1790574780,232.06,232.06,232.00,232.02,5616
1790574840,232.05,232.05,232.00,232.02,19850
1790574900,232.02,232.02,231.91,231.92,27052
1790574960,231.92,231.92,231.80,231.83,15597
1790575020,231.85,231.96,231.84,231.95,13233
1790575080,231.96,231.99,231.90,231.95,7082
1790575140,231.95,232.03,231.91,231.98,14116
1790575200,232.00,232.15,231.86,231.89,53426
1790575260,231.89,231.94,231.85,231.90,11928
1790575320,231.90,231.94,231.88,231.92,6545
1790575380,231.91,232.00,231.91,231.99,10029
1790575440,232.00,232.14,231.97,232.04,25962
1790575500,232.05,232.10,232.00,232.00,16046
1790575560,232.04,232.07,232.04,232.07,7037
1790575620,232.07,232.07,231.90,232.00,105853
1790575680,231.95,232.00,231.94,232.00,2090
1790575740,232.00,232.00,231.88,231.95,19305
1790575800,231.95,231.96,231.93,231.96,4137
1790575860,231.95,232.00,231.94,231.95,11726
1790575920,231.97,231.97,231.87,231.87,7960
1790575980,231.86,231.90,231.86,231.87,5743
1790576040,231.86,231.87,231.86,231.86,1751
1790576100,231.87,231.87,231.80,231.84,13041
1790576160,231.84,231.84,231.80,231.84,7043
1790576220,231.84,231.84,231.81,231.84,7314
1790576280,231.84,231.85,231.75,231.76,23838
1790576340,231.76,231.83,231.75,231.83,11451
1790576400,231.81,231.90,231.81,231.90,9093
1790576460,231.90,231.90,231.80,231.85,10297
1790576520,231.85,232.16,231.83,232.14,23450
1790576580,232.16,232.20,232.11,232.14,12762
1790576640,232.19,232.19,232.02,232.02,16995
1790576700,232.06,232.17,231.96,232.04,51754
1790576760,232.04,232.04,231.97,231.98,10702
1790576820,231.98,232.00,231.98,231.98,7475
1790576880,232.00,232.00,231.98,232.00,2436
1790576940,232.00,232.04,231.98,231.98,17271
1790577000,231.99,232.04,231.98,232.00,8218
1790577060,232.04,232.04,232.00,232.00,5552
1790577120,231.99,232.24,231.99,232.21,33199
1790577180,232.21,232.21,232.12,232.12,4533
1790577240,232.10,232.29,232.01,232.07,32296
1790577300,232.00,232.07,232.00,232.07,14755
1790577360,232.07,232.07,232.02,232.05,7019
1790577420,232.02,232.02,231.91,231.91,13532
1790577480,231.93,231.99,231.93,231.95,6799
1790577540,231.99,231.99,231.81,231.84,9457
1790577600,231.85,231.91,231.83,231.83,11425
1790577660,231.85,231.92,231.84,231.90,12305
1790577720,231.90,231.90,231.86,231.87,3820
1790577780,231.90,231.90,231.84,231.88,9018
1790577840,231.90,231.90,231.88,231.90,3463
1790577900,231.85,231.85,231.71,231.71,21643
1790577960,231.74,231.74,231.71,231.73,1921
1790578020,231.73,231.73,231.65,231.71,29326
1790578080,231.71,231.74,231.69,231.71,3982
1790578140,231.71,231.71,231.70,231.70,5381
1790578200,231.70,231.78,231.69,231.78,4213
1790578260,231.78,231.78,231.71,231.75,6112
1790578320,231.75,231.76,231.66,231.70,10923
1790578380,231.70,231.70,231.68,231.70,3056
1790578440,231.70,231.70,231.66,231.70,3334
1790578500,231.70,231.70,231.61,231.66,8180
1790578560,231.66,231.66,230.90,230.95,549738
1790578620,230.95,231.36,230.80,231.35,86605
1790578680,231.35,231.54,231.35,231.41,56207
1790578740,231.41,231.41,231.30,231.36,23726
1790578800,231.36,231.38,231.31,231.32,7199
1790578860,231.36,231.36,231.31,231.36,7444
1790578920,231.36,231.38,231.25,231.28,11326
1790578980,231.28,231.28,231.15,231.19,8570
1790579040,231.19,231.20,231.02,231.10,93266
1790579100,231.16,231.26,231.12,231.26,20511
1790579160,231.26,231.58,231.22,231.56,31564
1790579220,231.56,231.60,231.50,231.55,55291
1790579280,231.58,231.77,231.55,231.69,76388
1790579340,231.72,231.77,231.69,231.77,12919
1790579400,231.77,231.78,231.61,231.63,50508
1790579460,231.63,231.64,231.52,231.61,16195
1790579520,231.61,231.90,231.61,231.76,40644
1790579580,231.76,231.80,231.72,231.74,5481
1790579640,231.76,231.78,231.70,231.75,4604
1790579700,231.75,231.91,231.71,231.86,57461
1790579760,231.88,232.04,231.78,231.85,297925
1790579820,231.85,231.85,231.72,231.75,4961
1790579880,231.80,231.80,231.75,231.77,3255
1790579940,231.80,231.80,231.79,231.79,15272
1790580000,231.78,231.79,231.65,231.72,7913
1790580060,231.66,231.79,231.66,231.79,6886
1790580120,231.78,231.85,231.74,231.79,10499
1790580180,231.79,231.82,231.73,231.73,8210
1790580240,231.78,231.80,231.72,231.80,4059
1790580300,231.80,231.80,231.72,231.75,4598
1790580360,231.78,231.78,231.63,231.63,19789
1790580420,231.69,231.69,231.60,231.69,8554
1790580480,231.69,231.71,231.65,231.68,4372
1790580540,231.68,231.99,231.66,231.99,34573
1790580600,231.99,232.04,231.96,232.01,24732
1790580660,232.01,232.17,232.00,232.17,24222
1790580720,232.13,232.17,232.10,232.15,9880
1790580780,232.17,232.20,232.13,232.19,21994
1790580840,232.19,232.20,232.17,232.18,9161
1790580900,232.20,232.20,232.16,232.18,14528
1790580960,232.19,232.20,232.11,232.19,13163
1790581020,232.19,232.20,232.11,232.11,6571
1790581080,232.16,232.21,232.10,232.15,38067
1790581140,232.06,232.14,232.06,232.10,12064
1790581200,232.09,232.25,232.09,232.15,16973
1790581260,232.19,232.22,232.13,232.22,20483
1790581320,232.15,232.22,232.15,232.17,4833
1790581380,232.21,232.21,232.13,232.13,8561
1790581440,232.14,232.24,232.13,232.18,21984
1790581500,232.18,232.20,232.13,232.13,5637
1790581560,232.15,232.15,232.13,232.13,5284
1790581620,232.15,232.19,232.04,232.05,7112
1790581680,232.09,232.09,232.01,232.06,6526
1790581740,232.08,232.08,232.06,232.08,2884
1790581800,232.08,232.12,232.00,232.05,24849
1790581860,232.02,232.14,232.02,232.10,11054
1790581920,232.11,232.14,232.01,232.01,19930
1790581980,232.00,232.12,232.00,232.12,17916
1790582040,232.01,232.05,232.01,232.03,5949
1790582100,232.04,232.05,232.03,232.03,15935
1790582160,232.04,232.06,232.03,232.06,12510
1790582220,232.09,232.09,232.05,232.06,3849
1790582280,232.09,232.11,232.03,232.05,8797
1790582340,232.03,232.20,232.03,232.19,18096
1790582400,232.13,232.19,232.04,232.04,17583
1790582460,232.05,232.10,232.00,232.04,5920
1790582520,232.04,232.09,232.01,232.05,2514
1790582580,232.05,232.05,232.02,232.05,2851
1790582640,232.02,232.14,232.02,232.09,20480
1790582700,232.09,232.10,232.02,232.09,4209
1790582760,232.09,232.14,232.01,232.01,8574
1790582820,232.05,232.14,232.00,232.00,8957
1790582880,232.04,232.04,232.00,232.04,4047
1790582940,232.04,232.04,232.00,232.04,2927
1790583000,232.00,232.04,232.00,232.00,6334
1790583060,232.04,232.04,232.00,232.01,3045
1790583120,232.03,232.03,232.00,232.00,4356
1790583180,232.03,232.03,232.00,232.00,2570
1790583240,232.00,232.03,231.97,231.97,42889
1790583300,231.95,232.00,231.95,231.98,10160
1790583360,231.96,232.05,231.96,232.02,33906
1790583420,232.05,232.05,232.00,232.00,4043
1790583480,232.02,232.10,232.02,232.05,10150
1790583540,232.05,232.05,232.02,232.02,4462
1790583600,232.03,232.05,232.02,232.02,2414
1790583660,232.04,232.14,232.02,232.05,6881
1790583720,232.08,232.19,232.02,232.07,16644
1790583780,232.10,232.10,232.02,232.02,3841
1790583840,232.05,232.08,232.00,232.00,14707
1790583900,232.05,232.06,232.00,232.01,5208
1790583960,232.05,232.05,232.00,232.00,5908
1790584020,232.05,232.05,232.00,232.02,5192
1790584080,232.03,232.03,232.00,232.02,5235
1790584140,232.00,232.02,232.00,232.00,5487
1790584200,232.02,232.02,232.00,232.00,6492
1790584260,232.02,232.02,231.73,231.74,108593
1790584320,231.82,231.84,231.74,231.77,3564
1790584380,231.81,231.85,231.77,231.85,9709
1790584440,231.85,231.85,231.82,231.85,2014
1790584500,231.85,231.85,231.82,231.82,2397
1790584560,231.85,231.85,231.75,231.75,8443
1790584620,231.77,231.95,231.77,231.93,18840
1790584680,231.93,231.93,231.81,231.83,3232
1790584740,231.83,231.89,231.80,231.85,2812
1790584800,231.88,231.88,231.80,231.85,2181
1790584860,231.81,231.89,231.80,231.80,7880
1790584920,231.85,231.85,231.78,231.78,3031
1790584980,231.85,231.85,231.78,231.80,4213
1790585040,231.80,231.81,231.74,231.80,3427
1790585100,231.80,231.80,231.67,231.75,3421
1790585160,231.77,231.77,231.60,231.60,11853
1790585220,231.68,231.68,231.44,231.44,66747
1790585280,231.47,231.47,230.90,231.00,417975
1790585340,231.06,231.22,230.96,231.13,377987
1790585400,231.12,231.12,231.01,231.03,17404
1790585460,231.03,231.10,231.02,231.10,8444
1790585520,231.10,231.10,230.87,230.99,13711
1790585580,230.99,230.99,230.87,230.94,5884
1790585640,230.94,231.08,230.94,231.07,15967
1790585700,231.01,231.19,231.01,231.19,12574
1790585760,231.19,231.19,231.06,231.06,14040
1790585820,231.01,231.13,231.01,231.11,12066
1790585880,231.13,231.13,231.00,231.02,37083
1790585940,231.03,231.03,230.81,230.95,29753
1790586000,230.95,231.05,230.95,230.98,7181
1790586060,230.95,230.97,230.86,230.92,8876
1790586120,230.92,230.93,230.86,230.92,4563
1790586180,230.92,230.92,230.70,230.77,32333
1790586240,230.77,230.77,230.58,230.62,23397
1790586300,230.63,230.64,230.50,230.56,9041
1790586360,230.56,230.58,230.50,230.55,10388
1790586420,230.55,230.55,230.25,230.45,34240
1790586480,230.45,230.45,230.31,230.34,7946
1790586540,230.31,230.34,230.12,230.29,29896
1790586600,230.27,230.30,230.21,230.27,4777
1790586660,230.27,230.35,230.27,230.32,11804
1790586720,230.32,230.34,230.17,230.17,18416
1790586780,230.18,230.25,230.15,230.25,9028
1790586840,230.26,230.31,230.25,230.28,8533
1790586900,230.28,230.28,230.18,230.23,11123
1790586960,230.23,230.28,230.16,230.25,10000
1790587020,230.23,230.25,230.16,230.20,12512
1790587080,230.20,230.20,230.07,230.10,28982
1790587140,230.10,230.17,230.10,230.16,21050
1790587200,230.18,230.24,230.17,230.24,11319
1790587260,230.24,230.24,230.22,230.22,9309
1790587320,230.24,230.27,230.20,230.22,25326
1790587380,230.23,230.31,230.22,230.29,12949
1790587440,230.30,230.30,230.23,230.30,8385
1790587500,230.26,230.39,230.26,230.33,25271
1790587560,230.36,230.38,230.30,230.33,6688
1790587620,230.33,230.33,230.15,230.15,36507
1790587680,230.25,230.27,230.14,230.14,41088
1790587740,230.23,230.27,230.19,230.22,19493
1790587800,230.15,230.20,230.05,230.14,25736
1790587860,230.14,230.17,230.10,230.14,26040
1790587920,230.14,230.15,230.06,230.10,39203
1790587980,230.10,230.11,229.86,229.94,159705
1790588040,229.86,230.10,229.85,230.02,45683
1790588100,230.02,230.11,229.90,230.05,38451
1790588160,230.05,230.15,230.01,230.05,41821
1790588220,230.05,230.15,230.03,230.15,32144
1790588280,230.15,230.23,230.14,230.22,40128
1790588340,230.20,230.35,230.13,230.35,64708
1790588400,230.34,230.44,230.27,230.37,144840
1790588460,230.28,230.39,230.28,230.39,19941
1790588520,230.39,230.40,230.20,230.29,77388
1790588580,230.27,230.40,230.22,230.36,87096
1790588640,230.36,230.50,230.22,230.32,56684
1790588700,230.35,230.35,230.35,230.35,50
1790588760,230.35,230.35,230.35,230.35,0
1790588820,230.35,230.35,230.35,230.35,0
1790588880,230.35,230.35,230.35,230.35,0
1790588940,230.35,230.35,230.35,230.35,0
1790589000,230.35,230.35,230.35,230.35,0
1790589060,230.35,230.35,230.35,230.35,0
1790589120,230.35,230.35,230.35,230.35,0
1790589180,230.35,230.35,230.35,230.35,0
1790589240,230.35,230.35,230.35,230.35,0
1790589300,230.35,230.35,230.35,230.35,0
1790589360,230.35,230.35,230.35,230.35,0
1790589420,230.35,230.35,230.35,230.35,0
1790589480,230.35,230.35,230.35,230.35,0
1790589540,230.35,230.35,230.00,230.00,373999
1790653500,230.00,230.69,229.80,230.53,51799
1790653560,230.53,230.53,229.55,230.05,68439
1790653620,230.04,230.45,229.58,230.29,73917
1790653680,230.29,230.40,229.99,230.23,92878
1790653740,230.15,230.29,230.14,230.24,21395
1790653800,230.20,230.33,230.11,230.18,53557
1790653860,230.06,230.09,229.78,229.82,35926
1790653920,229.77,229.89,229.66,229.66,21621
1790653980,229.68,229.84,229.68,229.82,21172
1790654040,229.81,229.84,229.46,229.55,24522
1790654100,229.50,229.55,229.30,229.41,10947
1790654160,229.41,229.41,228.82,228.98,105187
1790654220,228.99,229.03,228.92,229.02,24584
1790654280,229.01,229.02,228.66,228.78,17490
1790654340,228.77,228.77,228.60,228.64,18268
1790654400,228.55,228.72,228.26,228.72,98509
1790654460,228.72,228.73,228.63,228.65,14185
1790654520,228.66,228.66,228.31,228.34,31618
1790654580,228.38,228.38,228.15,228.23,27287
1790654640,228.23,228.24,228.13,228.17,19614
1790654700,228.14,228.16,228.05,228.13,19563
1790654760,228.16,228.30,228.01,228.30,36149
1790654820,228.30,228.31,228.10,228.18,28505
1790654880,228.19,228.25,228.16,228.25,11632
1790654940,228.25,228.48,228.24,228.43,13205
1790655000,228.43,228.43,228.28,228.30,15954
1790655060,228.30,228.36,228.27,228.36,24737
1790655120,228.36,228.49,228.36,228.47,25728
1790655180,228.45,228.47,228.34,228.46,17098
1790655240,228.46,228.46,228.34,228.36,9491
1790655300,228.36,228.46,228.35,228.39,15216
1790655360,228.36,228.37,228.25,228.34,11359
1790655420,228.31,228.39,228.29,228.38,11222
1790655480,228.41,228.53,228.40,228.48,8348
1790655540,228.55,228.58,228.48,228.56,9418
1790655600,228.56,228.58,228.48,228.57,15090
1790655660,228.50,228.56,228.38,228.47,13189
1790655720,228.45,228.49,228.34,228.44,35052
1790655780,228.45,228.63,228.43,228.63,20783
1790655840,228.63,228.66,228.58,228.66,6925
1790655900,228.66,228.67,228.57,228.67,15735
1790655960,228.66,228.68,228.58,228.65,6364
1790656020,228.63,228.63,228.42,228.42,12876
1790656080,228.42,228.48,228.35,228.38,9390
1790656140,228.38,228.42,228.24,228.41,14778
1790656200,228.41,228.41,228.31,228.35,6128
1790656260,228.35,228.35,228.20,228.28,9276
1790656320,228.28,228.28,228.22,228.22,3963
1790656380,228.22,228.25,228.00,228.00,13329
1790656440,228.00,228.25,227.90,228.20,58081
1790656500,228.22,228.22,228.15,228.19,2945
1790656560,228.18,228.27,228.09,228.27,15291
1790656620,228.27,228.27,228.20,228.26,3499
1790656680,228.26,228.29,228.18,228.27,9061
1790656740,228.21,228.21,228.11,228.21,7365
1790656800,228.20,228.24,228.20,228.24,4514
1790656860,228.24,228.24,228.05,228.13,7197
1790656920,228.13,228.13,228.01,228.06,6399
1790656980,228.02,228.10,228.00,228.00,9382
1790657040,228.02,228.03,228.01,228.03,5909
1790657100,228.03,228.24,228.03,228.20,18079
1790657160,228.20,228.26,228.20,228.26,2092
1790657220,228.26,228.30,228.24,228.24,5573
1790657280,228.26,228.26,228.17,228.23,7198
1790657340,228.23,228.23,228.10,228.12,4932
1790657400,228.12,228.12,228.02,228.08,7348
1790657460,228.08,228.25,228.02,228.19,12755
1790657520,228.19,228.22,228.01,228.10,17410
1790657580,228.10,228.11,228.01,228.03,8263
1790657640,228.03,228.07,228.00,228.03,4866
1790657700,228.03,228.20,228.00,228.18,11224
1790657760,228.13,228.32,228.13,228.27,10859
1790657820,228.29,228.30,228.21,228.30,6510
1790657880,228.25,228.30,228.12,228.14,7328
1790657940,228.20,228.22,228.16,228.20,3474
1790658000,228.20,228.23,228.10,228.15,19244
1790658060,228.08,228.17,228.08,228.16,25435
1790658120,228.17,228.19,228.11,228.14,18797
1790658180,228.15,228.19,228.14,228.18,3980
1790658240,228.18,228.19,228.10,228.10,48055
1790658300,228.08,228.09,227.80,227.92,14623
1790658360,227.94,227.94,227.82,227.90,6723
1790658420,227.90,228.06,227.81,228.06,13421
1790658480,228.06,228.13,228.04,228.13,7205
1790658540,228.14,228.16,228.07,228.15,5374
1790658600,228.12,228.16,228.08,228.13,6168
1790658660,228.13,228.19,228.13,228.15,5007
1790658720,228.03,228.06,227.96,228.00,15081
1790658780,228.01,228.06,227.95,228.03,10858
1790658840,228.03,228.04,227.90,228.04,7379
1790658900,228.04,228.14,228.01,228.14,3834
1790658960,228.14,228.14,228.08,228.11,4608
1790659020,228.11,228.12,228.03,228.03,7186
1790659080,228.03,228.03,227.97,228.03,8037
1790659140,228.03,228.10,228.01,228.10,8118
1790659200,228.10,228.10,227.99,228.10,134130
1790659260,228.10,228.10,228.07,228.07,2263
1790659320,228.07,228.17,228.07,228.17,5709
1790659380,228.17,228.17,228.11,228.15,2387
1790659440,228.15,228.16,228.15,228.15,5049
1790659500,228.14,228.32,228.14,228.27,7740
1790659560,228.32,228.38,228.30,228.34,14546
1790659620,228.30,228.36,228.30,228.36,8269
1790659680,228.43,228.47,228.41,228.45,18198
1790659740,228.45,228.48,228.34,228.35,15458
1790659800,228.32,228.36,228.20,228.26,8110
1790659860,228.27,228.30,228.22,228.28,5760
1790659920,228.28,228.28,228.22,228.26,5002
1790659980,228.24,228.30,228.15,228.23,6547
1790660040,228.23,228.23,228.16,228.19,5623
1790660100,228.18,228.32,228.10,228.31,7929
1790660160,228.26,229.20,228.26,229.11,72103
1790660220,229.11,229.11,229.01,229.10,8158
1790660280,229.10,229.17,229.05,229.17,16574
1790660340,229.17,229.40,229.12,229.28,50918
1790660400,229.29,229.58,229.25,229.50,27685
1790660460,229.46,229.76,229.46,229.59,65485
1790660520,229.56,229.90,229.56,229.87,97011
1790660580,229.78,230.13,229.78,230.06,65891
1790660640,230.10,230.16,229.94,230.00,24055
1790660700,230.00,230.03,229.97,230.01,39620
1790660760,230.01,230.19,230.00,230.12,16488
1790660820,230.12,230.21,230.12,230.13,10698
1790660880,230.15,230.15,230.01,230.05,11606
1790660940,230.08,230.25,230.08,230.25,15183
1790661000,230.23,230.30,230.23,230.30,17159
1790661060,230.30,230.37,230.28,230.37,6990
1790661120,230.37,230.40,230.20,230.39,15579
1790661180,230.34,230.51,230.34,230.40,35586
1790661240,230.40,230.41,230.24,230.31,11770
1790661300,230.32,230.56,230.25,230.50,39229
1790661360,230.43,230.50,230.41,230.47,17533
1790661420,230.47,230.70,230.47,230.69,29333
1790661480,230.68,231.09,230.68,231.02,75645
1790661540,231.00,231.07,230.92,231.01,16523
1790661600,231.07,231.36,231.00,231.25,35914
1790661660,231.29,231.29,231.12,231.29,27988
1790661720,231.25,231.26,231.01,231.05,8638
1790661780,231.05,231.05,230.87,230.99,24280
1790661840,230.99,230.99,230.88,230.91,8128
1790661900,230.89,230.95,230.89,230.95,18812
1790661960,230.95,230.95,230.88,230.89,11119
1790662020,230.84,230.84,230.66,230.80,25534
1790662080,230.80,230.98,230.75,230.98,54344
1790662140,230.98,231.25,230.93,231.25,32141
1790662200,231.25,231.45,231.25,231.45,32999
1790662260,231.45,231.61,231.33,231.37,34130
1790662320,231.48,231.49,231.41,231.46,8425
1790662380,231.46,231.46,231.24,231.25,8514
1790662440,231.25,231.49,231.00,231.00,23556
1790662500,231.17,231.36,231.17,231.33,28235
1790662560,231.35,231.35,231.27,231.30,7122
1790662620,231.26,231.28,231.17,231.27,10120
1790662680,231.27,231.27,231.21,231.26,4806
1790662740,231.26,231.33,231.14,231.26,25081
1790662800,231.26,231.26,231.06,231.10,6203
1790662860,231.09,231.10,231.02,231.07,6995
1790662920,231.03,231.16,231.00,231.16,18116
1790662980,231.24,231.24,231.10,231.23,11561
1790663040,231.14,231.23,231.14,231.17,3404
1790663100,231.12,231.25,231.12,231.24,9622
1790663160,231.23,231.23,231.16,231.20,4548
1790663220,231.20,231.25,231.08,231.25,9508
1790663280,231.25,231.40,231.17,231.17,14543
1790663340,231.12,231.19,231.12,231.18,4536
1790663400,231.18,231.18,231.15,231.17,3992
1790663460,231.17,231.32,231.16,231.21,10553
1790663520,231.20,231.20,231.13,231.19,2862
1790663580,231.19,231.38,231.12,231.33,11153
1790663640,231.32,231.32,231.24,231.27,3432
1790663700,231.23,231.27,231.21,231.26,6507
1790663760,231.26,231.27,231.23,231.24,4655
1790663820,231.24,231.30,231.20,231.30,13108
1790663880,231.30,231.31,231.25,231.31,4711
1790663940,231.26,231.30,231.19,231.25,25724
1790664000,231.25,231.28,231.18,231.27,8426
1790664060,231.27,231.29,231.20,231.28,8211
1790664120,231.28,231.29,231.24,231.28,4894
1790664180,231.28,231.34,231.27,231.34,15062
1790664240,231.34,231.45,231.33,231.45,6694
1790664300,231.45,231.50,231.34,231.43,12886
1790664360,231.43,231.43,231.35,231.40,5602
1790664420,231.40,231.41,231.34,231.41,4280
1790664480,231.41,231.41,231.24,231.29,13573
1790664540,231.31,231.35,231.25,231.35,6247
1790664600,231.28,231.34,231.09,231.17,5102
1790664660,231.17,231.17,231.06,231.11,3124
1790664720,231.11,231.11,231.01,231.06,7641
1790664780,231.06,231.06,231.00,231.01,8534
1790664840,231.02,231.03,230.90,231.01,40856
1790664900,231.01,231.03,231.00,231.00,9407
1790664960,231.00,231.04,230.99,230.99,25114
1790665020,230.99,231.01,230.73,230.81,119537
1790665080,230.85,230.85,230.69,230.75,8130
1790665140,230.75,230.99,230.75,230.91,47984
1790665200,230.96,231.09,230.65,230.87,17091
1790665260,230.87,230.87,230.70,230.79,9136
1790665320,230.78,230.89,230.65,230.74,24200
1790665380,230.75,231.09,230.73,231.00,45417
1790665440,231.04,231.35,231.00,231.23,23410
1790665500,231.24,231.40,231.20,231.35,11372
1790665560,231.35,231.35,231.23,231.30,7383
1790665620,231.30,231.45,231.30,231.44,9436
1790665680,231.44,231.45,231.34,231.37,7117
1790665740,231.37,231.41,231.37,231.40,3944
1790665800,231.40,231.48,231.36,231.36,4997
1790665860,231.39,231.50,231.36,231.49,7172
1790665920,231.47,231.49,231.33,231.43,8536
1790665980,231.43,231.43,231.22,231.27,11077
1790666040,231.27,231.29,231.14,231.21,3056
1790666100,231.21,231.21,231.14,231.20,827
1790666160,231.20,231.40,231.18,231.39,17101
1790666220,231.39,231.45,231.38,231.43,4294
1790666280,231.43,231.59,231.43,231.56,29780
1790666340,231.56,231.70,231.53,231.67,13841
1790666400,231.67,231.70,231.60,231.64,11412
1790666460,231.70,231.70,231.60,231.67,10526
1790666520,231.62,231.67,231.59,231.59,4757
1790666580,231.52,231.55,231.39,231.48,12805
1790666640,231.48,231.58,231.44,231.49,8063
1790666700,231.49,231.50,231.37,231.50,6382
1790666760,231.50,231.53,231.42,231.49,3746
1790666820,231.49,231.64,231.39,231.60,11056
1790666880,231.60,231.65,231.48,231.53,3761
1790666940,231.53,231.54,231.46,231.46,3741
1790667000,231.46,231.57,231.46,231.47,2569
1790667060,231.46,231.47,231.32,231.37,3149
1790667120,231.36,231.40,231.32,231.36,4931
1790667180,231.36,231.39,231.31,231.39,5084
1790667240,231.39,231.39,231.31,231.36,4246
1790667300,231.36,231.36,231.30,231.35,2304
1790667360,231.35,231.35,231.27,231.29,3950
1790667420,231.29,231.35,231.22,231.28,5203
1790667480,231.28,231.39,231.28,231.38,6697
1790667540,231.38,231.49,231.38,231.49,9405
1790667600,231.48,231.49,231.39,231.47,5943
1790667660,231.47,231.49,231.31,231.38,4092
1790667720,231.38,231.38,231.33,231.38,1828
1790667780,231.38,231.41,231.35,231.38,3677
1790667840,231.38,231.41,231.35,231.41,2923
1790667900,231.41,231.41,231.31,231.32,6951
1790667960,231.31,231.39,231.28,231.28,11806
1790668020,231.31,231.61,231.25,231.60,13799
1790668080,231.56,231.57,231.12,231.32,161487
1790668140,231.32,231.32,231.13,231.28,16856
1790668200,231.28,231.28,231.17,231.18,5019
1790668260,231.18,231.18,231.07,231.13,3498
1790668320,231.09,231.13,231.01,231.01,19444
1790668380,231.04,231.18,231.00,231.09,69822
1790668440,231.13,231.14,230.90,230.95,6769
1790668500,230.95,230.98,230.90,230.96,7082
1790668560,230.96,230.96,230.91,230.92,3509
1790668620,230.94,230.97,230.91,230.94,5109
1790668680,230.94,230.97,230.90,230.97,7918
1790668740,230.97,231.06,230.92,231.00,11549
1790668800,231.00,231.11,230.99,231.05,71046
1790668860,230.99,231.14,230.99,231.00,65293
1790668920,231.11,231.11,230.81,230.88,55662
1790668980,230.88,230.92,230.72,230.83,11815
1790669040,230.83,230.83,230.72,230.76,9808
1790669100,230.76,230.77,230.50,230.75,191993
1790669160,230.69,230.77,230.65,230.67,6739
1790669220,230.67,230.69,230.63,230.65,7067
1790669280,230.65,230.65,230.43,230.43,8697
1790669340,230.43,230.61,230.40,230.57,9601
1790669400,230.60,230.60,230.45,230.51,6350
1790669460,230.51,230.55,230.45,230.54,7656
1790669520,230.53,230.62,230.51,230.57,6859
1790669580,230.57,230.63,230.53,230.63,7095
1790669640,230.60,230.61,230.56,230.56,6851
1790669700,230.51,230.52,230.47,230.48,6977
1790669760,230.48,230.66,230.47,230.64,12802
1790669820,230.60,230.66,230.56,230.66,7389
1790669880,230.66,230.66,230.56,230.59,16195
1790669940,230.66,231.10,230.59,231.02,98379
1790670000,231.02,231.15,230.88,230.97,20667
1790670060,230.97,230.97,230.87,230.95,5446
1790670120,230.97,230.98,230.84,230.85,4564
1790670180,230.85,230.95,230.80,230.86,5480
1790670240,230.83,231.02,230.83,230.99,9965
1790670300,230.98,231.04,230.87,230.96,22286
1790670360,230.93,231.08,230.91,231.00,11770
1790670420,231.00,231.06,230.97,231.03,5721
1790670480,230.98,231.03,230.97,231.00,10273
1790670540,231.03,231.03,230.94,230.94,9228
1790670600,231.01,231.04,230.94,231.00,12564
1790670660,231.00,231.00,230.89,230.95,11917
1790670720,230.96,231.00,230.93,230.94,12046
1790670780,230.95,230.99,230.70,230.70,10837
1790670840,230.72,230.84,230.72,230.73,15728
1790670900,230.69,230.89,230.66,230.82,14106
1790670960,230.82,230.89,230.76,230.89,4438
1790671020,230.89,230.90,230.74,230.78,18882
1790671080,230.78,230.79,230.58,230.58,50190
1790671140,230.59,230.60,230.58,230.59,81859
1790671200,230.60,230.60,230.42,230.42,100888
1790671260,230.48,230.59,230.48,230.58,13103
1790671320,230.57,230.57,230.24,230.31,27086
1790671380,230.30,230.32,230.26,230.32,11146
1790671440,230.30,230.36,230.26,230.34,13844
1790671500,230.19,230.30,230.11,230.30,11892
1790671560,230.24,230.32,230.24,230.24,15958
1790671620,230.24,230.31,230.21,230.31,15600
1790671680,230.31,230.40,230.30,230.40,7952
1790671740,230.40,230.46,230.33,230.34,22390
1790671800,230.40,230.40,230.34,230.37,11812
1790671860,230.45,230.50,230.31,230.37,11738
1790671920,230.46,230.46,230.24,230.26,10172
1790671980,230.26,230.33,230.11,230.12,45626
1790672040,230.06,230.38,230.06,230.36,19947
1790672100,230.34,230.39,230.24,230.35,45434
1790672160,230.35,230.35,230.34,230.35,181106
1790672220,230.35,230.35,230.33,230.35,14885
1790672280,230.35,230.47,230.33,230.47,12666
1790672340,230.50,230.55,230.40,230.50,20450
1790672400,230.50,230.51,230.39,230.40,30639
1790672460,230.39,230.40,230.39,230.40,82521
1790672520,230.40,230.60,230.39,230.56,377128
1790672580,230.56,230.60,230.38,230.42,35711
1790672640,230.38,230.58,230.36,230.43,24680
1790672700,230.47,230.52,230.44,230.52,7776
1790672760,230.52,230.56,230.50,230.52,14513
1790672820,230.52,230.53,230.43,230.50,20493
1790672880,230.50,230.51,230.46,230.47,15894
1790672940,230.48,230.50,230.45,230.45,21755
1790673000,230.49,230.49,230.41,230.45,13714
1790673060,230.45,230.53,230.42,230.50,23832
1790673120,230.48,230.48,230.06,230.19,56555
1790673180,230.19,230.29,230.08,230.08,11238
1790673240,230.08,230.10,230.00,230.10,29800
1790673300,230.06,230.18,230.06,230.17,22034
1790673360,230.17,230.29,230.17,230.18,29086
1790673420,230.17,230.20,230.14,230.17,38010
1790673480,230.15,230.20,230.14,230.19,13223
1790673540,230.18,230.29,230.18,230.23,30075
1790673600,230.18,230.28,230.15,230.28,16616
1790673660,230.27,230.30,230.26,230.27,35474
1790673720,230.27,230.28,230.20,230.27,30104
1790673780,230.26,230.36,230.25,230.32,19710
1790673840,230.30,230.36,230.29,230.33,17886
1790673900,230.33,230.34,230.29,230.29,35501
1790673960,230.27,230.29,230.16,230.17,35775
1790674020,230.17,230.18,230.04,230.16,26556
1790674080,230.14,230.14,230.05,230.07,45953
1790674140,230.06,230.13,230.06,230.10,44956
1790674200,230.10,230.10,229.58,229.69,182963
1790674260,229.69,229.69,229.40,229.42,118841
1790674320,229.42,229.42,229.10,229.25,120505
1790674380,229.25,229.40,229.23,229.34,117786
1790674440,229.34,229.41,229.22,229.33,126633
1790674500,229.34,229.56,229.30,229.55,143613
1790674560,229.54,229.64,229.54,229.55,118562
1790674620,229.56,229.65,229.54,229.65,104404
1790674680,229.64,229.72,229.59,229.67,123453
1790674740,229.69,229.72,229.64,229.66,113076
1790674800,229.67,230.09,229.67,229.82,219832
1790674860,229.82,229.85,229.70,229.80,132169
1790674920,229.82,229.84,229.78,229.78,171807
1790674980,229.78,229.81,229.64,229.75,163563
1790675040,229.77,229.98,229.54,229.69,52804
1790675100,229.69,229.69,229.69,229.69,99
1790675160,229.69,229.69,229.69,229.69,0
1790675220,229.69,229.69,229.69,229.69,0
1790675280,229.69,229.69,229.69,229.69,0
1790675340,229.69,229.69,229.69,229.69,0
1790675400,229.69,229.69,229.69,229.69,0
1790675460,229.69,229.69,229.69,229.69,0
1790675520,229.69,229.69,229.69,229.69,0
1790675580,229.69,229.69,229.69,229.69,0
1790675640,229.69,229.69,229.69,229.69,0
1790675700,229.69,229.69,229.69,229.69,0
1790675760,229.69,229.69,229.69,229.69,0
1790675820,229.69,229.69,229.69,229.69,0
1790675880,229.69,229.69,229.69,229.69,0
1790675940,229.69,230.00,229.69,230.00,4023992
1790739900,230.21,230.87,230.20,230.80,71489
1790739960,230.88,231.17,230.59,230.75,61219
1790740020,230.76,230.94,230.71,230.75,23004
1790740080,230.77,230.86,230.70,230.80,22370
1790740140,230.84,230.99,230.80,230.82,64073
1790740200,230.82,231.04,230.82,231.03,74523
1790740260,231.04,231.14,230.93,231.14,23212
1790740320,231.10,231.14,230.93,231.10,20521
1790740380,231.12,231.24,231.08,231.15,14160
1790740440,231.22,231.28,231.15,231.22,5373
1790740500,231.24,231.35,231.13,231.29,21403
1790740560,231.30,231.50,231.30,231.46,15183
1790740620,231.46,231.57,231.41,231.47,14307
1790740680,231.49,231.49,231.21,231.21,13276
1790740740,231.21,231.30,231.09,231.10,14202
1790740800,231.15,231.19,230.80,230.81,21639
1790740860,230.86,231.00,230.86,230.96,11774
1790740920,230.99,230.99,230.95,230.97,6366
1790740980,230.98,230.98,230.80,230.98,43423
1790741040,230.98,230.98,230.86,230.91,17344
1790741100,230.94,230.99,230.93,230.99,5872
1790741160,230.99,231.10,230.96,230.98,22075
1790741220,231.00,231.01,230.99,231.01,7520
1790741280,231.01,231.06,231.00,231.05,5535
1790741340,231.05,231.19,231.05,231.19,14243
1790741400,231.19,231.21,231.13,231.13,15117
1790741460,231.19,231.21,231.12,231.20,5940
1790741520,231.21,231.29,231.21,231.29,7996
1790741580,231.29,231.35,230.93,231.00,39345
1790741640,231.00,231.00,230.73,230.74,13338
1790741700,230.84,230.94,230.84,230.91,10298
1790741760,230.92,230.94,230.84,230.87,9020
1790741820,230.92,230.96,230.89,230.90,6496
1790741880,230.90,230.96,230.89,230.89,9751
1790741940,230.89,230.96,230.87,230.91,10997
1790742000,230.92,230.98,230.90,230.92,7295
1790742060,230.94,230.98,230.85,230.98,6653
1790742120,230.97,230.99,230.90,230.92,5204
1790742180,230.85,230.85,230.40,230.53,31581
1790742240,230.53,230.53,230.30,230.37,7467
1790742300,230.42,230.42,229.94,230.00,124254
1790742360,230.00,230.02,229.91,230.01,20120
1790742420,230.00,230.10,230.00,230.04,7352
1790742480,230.05,230.05,229.90,229.98,16134
1790742540,229.98,229.98,229.83,229.85,6925
1790742600,229.84,229.93,229.84,229.91,8935
1790742660,229.93,229.95,229.84,229.84,10262
1790742720,229.88,229.92,229.56,229.75,19533
1790742780,229.75,229.81,229.69,229.75,12301
1790742840,229.75,229.75,229.50,229.53,26254
1790742900,229.44,229.44,229.30,229.38,19870
1790742960,229.38,229.38,229.09,229.17,34347
1790743020,229.16,229.19,229.11,229.18,7660
1790743080,229.18,229.19,229.16,229.16,6060
1790743140,229.17,229.18,228.76,228.95,62895
1790743200,229.00,229.00,228.90,228.90,20503
1790743260,228.95,229.09,228.89,229.08,36003
1790743320,229.10,229.10,229.02,229.04,29005
1790743380,229.05,229.10,229.05,229.10,5645
1790743440,229.10,229.10,229.09,229.10,16158
1790743500,229.10,229.10,228.90,229.00,33792
1790743560,228.98,229.00,228.93,228.95,12626
1790743620,228.95,228.99,228.94,228.99,6868
1790743680,228.99,228.99,228.81,228.84,13507
1790743740,228.86,228.86,228.62,228.71,21749
1790743800,228.72,228.73,228.53,228.62,18156
1790743860,228.62,228.72,228.61,228.62,12253
1790743920,228.64,228.69,228.63,228.69,13937
1790743980,228.69,228.71,228.65,228.68,8454
1790744040,228.68,228.72,228.63,228.66,11086
1790744100,228.68,228.70,228.60,228.68,7131
1790744160,228.69,228.69,228.41,228.52,35567
1790744220,228.50,228.53,228.40,228.47,22742
1790744280,228.47,228.48,228.44,228.45,14134
1790744340,228.45,228.48,228.44,228.47,8227
1790744400,228.47,228.47,228.40,228.44,10895
1790744460,228.44,228.44,228.25,228.27,24888
1790744520,228.26,228.27,228.20,228.27,25928
1790744580,228.27,228.27,228.07,228.27,27749
1790744640,228.26,228.27,228.21,228.27,9572
1790744700,228.27,228.27,228.11,228.15,17513
1790744760,228.15,228.20,228.13,228.13,12801
1790744820,228.14,228.14,228.10,228.13,6725
1790744880,228.14,228.15,228.11,228.15,5963
1790744940,228.15,228.20,228.15,228.20,5880
1790745000,228.20,228.24,228.16,228.16,17833
1790745060,228.16,228.21,228.16,228.18,9791
1790745120,228.19,228.24,228.16,228.19,22164
1790745180,228.23,228.23,228.16,228.19,6297
1790745240,228.18,228.19,227.92,228.02,103423
1790745300,228.02,228.03,227.99,228.03,8042
1790745360,228.03,228.03,228.02,228.03,6987
1790745420,228.03,228.05,228.01,228.04,17389
1790745480,228.04,228.06,228.04,228.06,9640
1790745540,228.06,228.10,228.01,228.10,5414
1790745600,228.06,228.09,228.00,228.07,9335
1790745660,228.07,228.07,227.91,227.99,33300
1790745720,227.99,227.99,227.85,227.92,24893
1790745780,227.91,227.99,227.91,227.99,15526
1790745840,227.99,228.05,227.99,228.05,8123
1790745900,228.09,228.12,228.09,228.11,7895
1790745960,228.12,228.21,228.12,228.19,12546
1790746020,228.19,228.26,228.19,228.25,11485
1790746080,228.23,228.26,228.19,228.25,8807
1790746140,228.25,228.28,228.22,228.26,7887
1790746200,228.26,228.68,228.26,228.40,48970
1790746260,228.46,228.52,228.40,228.49,16684
1790746320,228.50,228.55,228.42,228.48,55973
1790746380,228.55,228.80,228.50,228.50,69302
1790746440,228.50,228.50,228.35,228.48,23195
1790746500,228.48,228.50,228.40,228.45,16210
1790746560,228.50,228.50,228.43,228.43,188436
1790746620,228.45,228.50,228.45,228.50,39113
1790746680,228.50,228.50,228.44,228.44,16990
1790746740,228.44,228.50,228.44,228.46,17363
1790746800,228.49,228.63,228.42,228.63,14072
1790746860,228.63,228.68,228.50,228.66,14508
1790746920,228.62,228.69,228.58,228.58,16568
1790746980,228.59,228.66,228.57,228.57,15543
1790747040,228.58,228.58,228.45,228.45,15943
1790747100,228.46,228.48,228.36,228.43,14087
1790747160,228.43,228.53,228.43,228.53,13301
1790747220,228.52,228.57,228.50,228.56,15472
1790747280,228.59,228.69,228.55,228.67,15247
1790747340,228.67,228.80,228.67,228.79,18599
1790747400,228.80,228.88,228.72,228.72,22295
1790747460,228.80,228.80,228.75,228.80,12956
1790747520,228.79,228.82,228.78,228.78,12864
1790747580,228.80,228.90,228.80,228.90,15932
1790747640,228.91,228.98,228.87,228.96,14836
1790747700,228.95,228.98,228.88,228.89,17611
1790747760,228.98,229.00,228.97,229.00,15597
1790747820,229.00,229.00,228.95,228.98,19231
1790747880,228.98,229.00,228.97,229.00,12660
1790747940,229.00,229.00,228.99,229.00,30038
1790748000,229.00,229.00,228.54,228.58,28153
1790748060,228.58,228.66,228.50,228.50,8112
1790748120,228.50,228.69,228.41,228.67,199524
1790748180,228.67,228.83,228.50,228.59,76623
1790748240,228.59,228.71,228.34,228.48,193640
1790748300,228.48,228.48,228.27,228.35,9140
1790748360,228.35,228.40,228.31,228.35,7607
1790748420,228.35,228.35,228.25,228.32,6088
1790748480,228.33,228.40,228.32,228.39,10014
1790748540,228.41,228.41,228.28,228.41,3358
1790748600,228.37,228.41,228.37,228.39,4441
1790748660,228.39,228.39,228.26,228.32,8498
1790748720,228.32,228.32,228.25,228.26,7706
1790748780,228.26,228.32,228.16,228.32,9480
1790748840,228.32,228.33,228.31,228.31,4266
1790748900,228.32,228.33,228.31,228.33,3587
1790748960,228.32,228.36,228.30,228.32,11309
1790749020,228.32,228.33,228.30,228.33,3807
1790749080,228.33,228.36,228.32,228.36,4489
1790749140,228.36,228.38,228.34,228.37,5535
1790749200,228.38,228.40,228.35,228.35,16325
1790749260,228.35,228.38,228.34,228.38,3193
1790749320,228.36,228.40,228.32,228.39,4972
1790749380,228.39,228.39,228.35,228.37,3036
1790749440,228.37,228.37,228.36,228.37,3708
1790749500,228.37,228.37,228.04,228.20,46783
1790749560,228.19,228.20,228.18,228.20,6529
1790749620,228.20,228.23,228.16,228.21,9918
1790749680,228.21,228.24,228.19,228.24,4987
1790749740,228.24,228.29,228.24,228.29,8924
1790749800,228.29,228.36,228.28,228.36,7358
1790749860,228.34,228.37,228.30,228.32,5837
1790749920,228.31,228.31,228.18,228.24,7636
1790749980,228.24,228.29,228.24,228.29,6231
1790750040,228.29,228.32,228.26,228.31,6517
1790750100,228.31,228.32,228.22,228.25,7639
1790750160,228.26,228.27,228.20,228.23,5099
1790750220,228.15,228.20,227.92,227.92,69237
1790750280,227.91,227.97,227.81,227.95,30163
1790750340,227.94,227.97,227.91,227.93,6881
1790750400,227.93,227.99,227.92,227.97,6544
1790750460,227.98,227.98,227.60,227.72,78886
1790750520,227.74,227.79,227.61,227.74,19006
1790750580,227.74,227.82,227.70,227.82,8576
1790750640,227.85,227.90,227.76,227.85,11573
1790750700,227.85,227.87,227.76,227.85,10668
1790750760,227.80,227.88,227.80,227.86,6454
1790750820,227.87,227.88,227.76,227.81,8050
1790750880,227.80,227.87,227.78,227.83,11685
1790750940,227.86,227.92,227.85,227.91,5927
1790751000,227.91,227.95,227.90,227.95,4537
1790751060,227.94,227.94,227.82,227.88,13635
1790751120,227.88,228.01,227.87,228.01,12403
1790751180,228.00,228.11,228.00,228.11,8131
1790751240,228.07,228.11,228.01,228.03,5825
1790751300,228.03,228.07,228.02,228.04,12374
1790751360,228.05,228.14,228.05,228.12,10131
1790751420,228.12,228.15,228.08,228.10,11153
1790751480,228.10,228.12,227.87,227.92,35727
1790751540,227.89,227.91,227.80,227.88,9228
1790751600,227.88,227.88,227.80,227.87,15853
1790751660,227.82,227.87,227.61,227.77,29671
1790751720,227.77,227.82,227.73,227.82,5513
1790751780,227.79,227.79,227.70,227.74,19307
1790751840,227.74,227.74,227.63,227.70,12331
1790751900,227.71,227.74,227.50,227.67,43638
1790751960,227.68,227.75,227.67,227.75,5625
1790752020,227.75,227.75,227.71,227.74,7391
1790752080,227.74,227.76,227.68,227.76,9122
1790752140,227.83,227.83,227.25,227.30,73219
1790752200,227.33,227.39,227.25,227.34,18172
1790752260,227.34,227.34,227.01,227.10,41444
1790752320,227.13,227.19,227.04,227.19,10878
1790752380,227.19,227.23,227.18,227.22,12243
1790752440,227.21,227.22,227.16,227.22,17007
1790752500,227.22,227.27,227.19,227.25,10310
1790752560,227.25,227.32,227.21,227.28,8615
1790752620,227.28,227.35,227.19,227.19,36067
1790752680,227.15,227.18,227.10,227.15,15486
1790752740,227.12,227.15,227.00,227.04,44784
1790752800,226.93,226.99,226.75,226.99,90273
1790752860,226.99,226.99,226.92,226.99,6691
1790752920,226.99,227.00,226.95,226.99,20732
1790752980,226.99,227.00,226.94,226.99,11083
1790753040,226.99,226.99,226.30,226.54,73557
1790753100,226.63,226.65,226.50,226.57,11432
1790753160,226.61,226.61,226.45,226.55,27921
1790753220,226.55,226.55,226.50,226.50,8025
1790753280,226.55,226.59,226.51,226.57,10072
1790753340,226.57,226.65,226.51,226.58,13839
1790753400,226.58,226.69,226.57,226.61,14934
1790753460,226.60,226.67,226.60,226.63,11128
1790753520,226.63,226.64,226.61,226.64,6867
1790753580,226.64,226.65,226.62,226.64,8139
1790753640,226.64,226.65,226.50,226.51,13698
1790753700,226.51,226.51,226.35,226.39,30478
1790753760,226.39,226.39,226.30,226.31,13375
1790753820,226.31,226.48,226.31,226.48,17676
1790753880,226.31,226.42,226.31,226.39,14391
1790753940,226.40,226.51,226.39,226.43,10589
1790754000,226.42,226.42,226.40,226.42,7549
1790754060,226.42,226.50,226.40,226.41,17171
1790754120,226.40,226.44,226.40,226.44,7023
1790754180,226.43,226.45,226.35,226.36,11299
1790754240,226.36,226.45,226.35,226.44,15624
1790754300,226.44,226.51,226.43,226.48,6833
1790754360,226.47,226.51,226.39,226.40,21064
1790754420,226.40,226.47,226.39,226.40,7496
1790754480,226.45,226.45,226.10,226.29,94083
1790754540,226.36,226.37,226.28,226.30,10936
1790754600,226.29,226.34,226.25,226.26,12392
1790754660,226.31,226.31,226.26,226.31,7285
1790754720,226.31,226.35,226.14,226.29,13168
1790754780,226.29,226.30,226.20,226.20,9889
1790754840,226.21,226.28,226.20,226.26,5383
1790754900,226.26,226.30,226.21,226.25,19283
1790754960,226.25,226.33,226.21,226.26,9701
1790755020,226.25,226.30,226.21,226.23,8193
1790755080,226.29,226.29,226.15,226.25,11364
1790755140,226.25,226.28,226.12,226.16,13662
1790755200,226.16,226.50,226.15,226.41,26555
1790755260,226.41,226.47,226.34,226.39,8655
1790755320,226.39,226.48,226.30,226.33,8729
1790755380,226.33,226.42,226.27,226.35,10160
1790755440,226.35,226.42,226.35,226.41,5361
1790755500,226.42,226.44,226.35,226.38,5963
1790755560,226.38,226.38,226.33,226.35,8598
1790755620,226.37,226.42,226.21,226.27,15421
1790755680,226.21,226.34,226.21,226.30,6347
1790755740,226.30,226.33,226.15,226.24,20294
1790755800,226.30,226.36,226.24,226.34,3971
1790755860,226.35,226.35,226.08,226.20,42353
1790755920,226.20,226.20,226.06,226.11,7126
1790755980,226.14,226.19,226.05,226.07,11414
1790756040,226.06,226.10,225.65,225.77,124967
1790756100,225.77,225.80,225.70,225.73,15647
1790756160,225.73,225.77,225.50,225.54,28694
1790756220,225.54,225.54,225.11,225.30,81948
1790756280,225.30,225.31,225.09,225.25,78072
1790756340,225.23,225.33,225.17,225.30,19504
1790756400,225.33,225.45,225.24,225.45,25197
1790756460,225.33,225.59,225.33,225.39,28128
1790756520,225.39,225.40,225.30,225.30,10899
1790756580,225.30,225.31,225.18,225.29,20765
1790756640,225.23,225.34,225.21,225.34,8818
1790756700,225.36,225.37,225.25,225.25,13271
1790756760,225.25,225.31,225.20,225.20,15147
1790756820,225.21,225.32,225.20,225.30,13697
1790756880,225.32,225.50,225.30,225.44,15836
1790756940,225.50,225.53,225.44,225.49,16161
1790757000,225.45,225.50,225.43,225.43,14025
1790757060,225.47,225.47,225.45,225.47,7126
1790757120,225.47,225.50,225.47,225.50,12691
1790757180,225.50,225.58,225.47,225.50,17951
1790757240,225.48,225.51,225.43,225.44,12655
1790757300,225.44,225.45,225.41,225.41,8193
1790757360,225.42,225.42,225.40,225.40,7732
1790757420,225.41,225.41,225.15,225.15,40299
1790757480,225.18,225.18,225.11,225.18,20332
1790757540,225.18,225.25,225.12,225.24,18408
1790757600,225.24,225.24,225.18,225.19,9149
1790757660,225.19,225.19,225.18,225.19,7722
1790757720,225.19,225.21,225.19,225.19,11729
1790757780,225.19,225.27,225.16,225.21,14094
1790757840,225.21,225.27,225.20,225.21,36618
1790757900,225.21,225.22,225.20,225.22,24826
1790757960,225.21,225.24,225.21,225.24,16557
1790758020,225.24,225.30,225.23,225.26,14017
1790758080,225.27,225.32,225.25,225.30,14303
1790758140,225.32,225.32,225.30,225.30,8567
1790758200,225.30,225.42,225.30,225.39,16471
1790758260,225.38,225.38,225.15,225.19,91533
1790758320,225.19,225.19,225.10,225.11,35860
1790758380,225.10,225.12,225.05,225.05,18061
1790758440,225.06,225.10,225.02,225.03,12546
1790758500,225.03,225.05,225.01,225.02,14590
1790758560,225.03,225.03,225.01,225.01,14628
1790758620,225.02,225.05,225.01,225.05,15101
1790758680,225.03,225.05,225.02,225.04,13282
1790758740,225.05,225.05,225.02,225.02,11697
1790758800,225.05,225.06,225.02,225.05,13651
1790758860,225.06,225.06,225.04,225.04,12774
1790758920,225.06,225.06,225.01,225.03,12744
1790758980,225.01,225.05,225.01,225.03,10711
1790759040,225.03,225.05,225.01,225.01,13080
1790759100,225.02,225.06,224.75,224.75,150827
1790759160,224.79,224.80,224.72,224.78,21640
1790759220,224.79,224.79,224.68,224.70,23314
1790759280,224.71,224.72,224.62,224.69,11446
1790759340,224.67,224.71,224.60,224.60,25251
1790759400,224.65,224.72,224.60,224.62,36386
1790759460,224.67,224.67,224.60,224.64,22389
1790759520,224.64,224.72,224.63,224.64,15231
1790759580,224.68,224.68,224.60,224.61,21623
1790759640,224.61,224.68,224.61,224.64,24230
1790759700,224.64,224.71,224.52,224.71,140426
1790759760,224.71,224.82,224.30,224.43,146271
1790759820,224.43,224.56,224.36,224.55,33663
1790759880,224.55,224.57,224.46,224.57,22321
1790759940,224.57,224.64,224.56,224.60,9349
1790760000,224.61,224.71,224.49,224.61,118815
1790760060,224.61,224.61,224.48,224.56,18544
1790760120,224.56,224.56,224.43,224.43,15781
1790760180,224.43,224.43,224.23,224.26,66524
1790760240,224.30,224.37,224.23,224.30,28554
1790760300,224.30,224.30,224.12,224.21,40854
1790760360,224.23,224.23,224.11,224.19,37893
1790760420,224.20,224.24,224.14,224.23,35635
1790760480,224.22,224.23,224.20,224.21,13616
1790760540,224.21,224.21,224.19,224.20,32102
1790760600,224.20,224.33,224.00,224.32,263714
1790760660,224.33,224.48,224.33,224.43,68367
1790760720,224.42,224.43,224.32,224.37,88914
1790760780,224.33,224.53,224.30,224.36,129968
1790760840,224.36,224.45,223.99,224.17,421343
1790760900,224.21,224.25,224.01,224.16,186936
1790760960,224.16,224.16,223.84,223.99,220354
1790761020,223.99,224.00,223.95,223.98,86194
1790761080,223.99,223.99,223.98,223.98,53057
1790761140,223.96,223.98,223.91,223.96,143191
1790761200,223.96,224.00,223.84,223.99,238337
1790761260,223.99,223.99,223.96,223.96,79587
1790761320,223.96,224.07,223.90,224.03,242127
1790761380,224.03,224.09,223.93,223.98,116820
1790761440,223.93,224.00,223.65,223.80,140126
1790761500,223.60,223.60,223.60,223.60,4271
1790761560,223.60,223.60,223.60,223.60,0
1790761620,223.60,223.60,223.60,223.60,0
1790761680,223.60,223.60,223.60,223.60,0
1790761740,223.60,223.60,223.60,223.60,0
1790761800,223.60,223.60,223.60,223.60,0
1790761860,223.60,223.60,223.60,223.60,0
1790761920,223.60,223.60,223.60,223.60,0
1790761980,223.60,223.60,223.60,223.60,0
1790762040,223.60,223.60,223.60,223.60,0
1790762100,223.60,223.60,223.60,223.60,0
1790762160,223.60,223.60,223.60,223.60,0
1790762220,223.60,223.60,223.60,223.60,0
1790762280,223.60,225.80,223.60,225.80,1000111
1790762340,225.80,225.80,225.80,225.80,0
1790826300,224.75,224.99,223.58,223.86,136624
1790826360,223.78,224.11,223.70,223.95,67485
1790826420,224.09,224.17,223.52,223.71,112910
1790826480,223.71,223.75,223.66,223.75,55005
1790826540,223.75,224.03,223.75,223.97,124362
1790826600,223.97,224.18,223.87,223.89,110433
1790826660,223.95,224.65,223.95,224.57,164005
1790826720,224.50,224.92,224.50,224.88,46167
1790826780,224.91,224.95,224.65,224.65,33186
1790826840,224.65,224.65,224.46,224.46,17561
1790826900,224.50,224.50,224.23,224.23,22237
1790826960,224.16,224.29,224.10,224.25,83862
1790827020,224.30,224.38,224.17,224.32,33598
1790827080,224.35,224.46,224.25,224.25,34457
1790827140,224.29,224.33,224.25,224.29,13349
1790827200,224.29,224.48,224.00,224.00,35914
1790827260,224.12,224.12,223.69,223.71,52932
1790827320,223.71,223.77,223.55,223.72,29200
1790827380,223.72,223.86,223.64,223.70,40765
1790827440,223.70,223.70,223.62,223.65,27159
1790827500,223.65,223.72,223.63,223.72,14927
1790827560,223.71,223.75,223.65,223.75,12826
1790827620,223.75,223.78,223.70,223.74,11134
1790827680,223.74,223.86,223.74,223.86,17369
1790827740,223.86,223.98,223.72,223.98,27423
1790827800,223.98,224.12,223.94,224.10,22750
1790827860,224.10,224.18,224.05,224.17,22582
1790827920,224.20,224.20,224.06,224.07,16250
1790827980,224.07,224.09,224.00,224.02,21047
1790828040,224.00,224.04,224.00,224.00,13228
1790828100,223.97,224.00,223.85,223.85,14921
1790828160,223.84,223.97,223.72,223.90,23060
1790828220,223.89,223.95,223.80,223.89,9762
1790828280,223.89,223.92,223.83,223.92,12749
1790828340,223.92,223.92,223.86,223.92,4885
1790828400,223.92,223.92,223.78,223.78,15572
1790828460,223.78,223.82,223.78,223.78,4301
1790828520,223.80,223.91,223.78,223.87,11889
1790828580,223.89,223.90,223.81,223.82,10319
1790828640,223.82,223.82,223.18,223.20,72929
1790828700,223.20,223.28,223.05,223.14,36872
1790828760,223.15,223.18,223.10,223.18,9421
1790828820,223.16,223.20,223.06,223.08,62401
1790828880,223.14,223.15,223.07,223.10,45348
1790828940,223.05,223.10,223.05,223.08,10008
1790829000,223.10,223.15,223.09,223.12,16146
1790829060,223.11,223.15,223.11,223.15,9148
1790829120,223.12,223.18,223.12,223.16,12277
1790829180,223.18,223.21,223.05,223.11,25119
1790829240,223.10,223.10,222.88,223.05,66485
1790829300,223.06,223.10,223.00,223.10,6118
1790829360,223.08,223.10,223.08,223.10,9006
1790829420,223.08,223.17,223.08,223.16,17153
1790829480,223.12,223.15,223.00,223.02,22060
1790829540,223.02,223.07,223.00,223.04,9686
1790829600,223.01,223.19,222.98,223.19,28605
1790829660,223.17,223.44,223.17,223.30,17154
1790829720,223.35,223.46,223.30,223.40,12379
1790829780,223.41,223.47,223.40,223.41,12340
1790829840,223.42,223.46,223.41,223.45,14207
1790829900,223.45,223.90,223.45,223.90,32921
1790829960,223.90,223.93,223.81,223.88,18097
1790830020,223.86,223.92,223.83,223.86,9584
1790830080,223.88,223.89,223.80,223.82,10797
1790830140,223.82,223.85,223.69,223.71,19664
1790830200,223.75,223.78,223.71,223.74,6670
1790830260,223.74,223.78,223.58,223.60,10659
1790830320,223.58,223.63,223.46,223.46,10530
1790830380,223.45,223.58,223.43,223.58,27722
1790830440,223.58,223.58,223.56,223.57,9692
1790830500,223.66,223.78,223.60,223.78,16628
1790830560,223.78,223.78,223.67,223.67,14894
1790830620,223.67,223.73,223.60,223.68,11894
1790830680,223.68,223.78,223.67,223.77,12196
1790830740,223.78,223.92,223.78,223.92,22886
1790830800,223.93,223.96,223.92,223.96,16419
1790830860,223.96,223.96,223.74,223.92,172037
1790830920,223.92,224.00,223.91,224.00,11387
1790830980,224.00,224.00,223.96,224.00,36638
1790831040,223.98,224.00,223.88,223.94,28549
1790831100,223.94,224.00,223.94,223.98,19074
1790831160,224.00,224.00,223.98,224.00,44667
1790831220,224.00,224.00,223.80,223.82,364413
1790831280,223.82,223.83,223.71,223.81,17671
1790831340,223.81,223.84,223.69,223.80,14971
1790831400,223.79,223.85,223.55,223.67,30947
1790831460,223.67,223.76,223.65,223.74,8811
1790831520,223.74,223.79,223.10,223.10,71069
1790831580,223.10,223.28,223.10,223.14,44940
1790831640,223.14,223.17,223.05,223.10,25646
1790831700,223.10,223.14,223.05,223.11,16842
1790831760,223.15,223.78,223.11,223.31,181866
1790831820,223.31,223.39,223.30,223.39,12501
1790831880,223.39,223.42,223.30,223.33,14645
1790831940,223.31,223.31,223.11,223.22,28260
1790832000,223.20,223.23,223.14,223.22,14743
1790832060,223.13,223.53,223.13,223.50,227439
1790832120,223.46,223.62,223.40,223.45,38718
1790832180,223.45,223.56,223.40,223.56,20154
1790832240,223.56,223.61,223.50,223.52,22426
1790832300,223.50,223.58,223.46,223.51,17989
1790832360,223.52,223.52,223.40,223.46,17323
1790832420,223.46,223.51,223.40,223.47,16766
1790832480,223.47,223.63,223.43,223.60,20686
1790832540,223.60,223.62,223.30,223.30,38252
1790832600,223.27,223.30,223.10,223.22,26421
1790832660,223.22,223.26,223.15,223.24,18069
1790832720,223.20,223.27,223.18,223.22,28093
1790832780,223.22,223.23,223.18,223.23,18692
1790832840,223.23,223.26,223.19,223.25,18399
1790832900,223.23,223.29,223.05,223.29,59586
1790832960,223.27,223.43,223.26,223.36,21702
1790833020,223.32,223.35,223.29,223.33,13054
1790833080,223.25,223.25,222.95,222.96,92449
1790833140,222.99,223.10,222.90,222.94,37002
1790833200,222.94,222.96,222.90,222.95,20090
1790833260,222.95,222.95,222.90,222.90,17089
1790833320,222.90,222.93,222.85,222.88,17313
1790833380,222.86,222.95,222.72,222.89,89125
1790833440,222.89,223.16,222.89,223.13,46045
1790833500,223.10,223.27,223.07,223.25,57021
1790833560,223.25,223.25,223.19,223.23,18542
1790833620,223.25,223.25,223.22,223.23,17809
1790833680,223.22,223.26,223.21,223.22,30127
1790833740,223.23,223.32,223.10,223.30,35153
1790833800,223.26,223.36,223.16,223.30,35594
1790833860,223.30,223.42,223.22,223.32,37679
1790833920,223.32,223.65,223.30,223.58,114707
1790833980,223.58,223.58,223.40,223.44,19118
1790834040,223.44,223.50,223.33,223.50,55521
1790834100,223.50,223.50,223.42,223.44,16168
1790834160,223.44,223.44,223.28,223.33,17158
1790834220,223.33,223.50,223.32,223.50,105378
1790834280,223.46,223.46,223.22,223.27,72767
1790834340,223.27,223.27,223.17,223.23,16857
1790834400,223.23,223.23,223.10,223.19,19702
1790834460,223.19,223.21,223.11,223.21,20601
1790834520,223.20,223.20,223.13,223.17,13139
1790834580,223.13,223.17,223.10,223.13,14615
1790834640,223.13,223.13,223.08,223.11,15936
1790834700,223.08,223.11,223.04,223.04,11336
1790834760,223.04,223.10,223.00,223.08,24607
1790834820,223.10,223.11,223.03,223.03,18161
1790834880,223.00,223.16,223.00,223.16,55750
1790834940,223.16,223.20,223.10,223.10,19963
1790835000,223.10,223.20,223.10,223.12,21194
1790835060,223.10,223.18,223.09,223.17,18996
1790835120,223.21,223.29,223.21,223.23,18916
1790835180,223.22,223.42,223.22,223.42,25652
1790835240,223.40,223.46,223.33,223.33,40990
1790835300,223.33,223.33,223.21,223.26,15717
1790835360,223.18,223.32,223.18,223.25,22697
1790835420,223.20,223.36,223.16,223.33,32820
1790835480,223.33,223.48,223.28,223.40,29236
1790835540,223.46,223.46,223.30,223.43,38107
1790835600,223.37,223.48,223.32,223.47,23691
1790835660,223.47,223.49,223.21,223.30,29846
1790835720,223.21,223.22,223.10,223.17,20158
1790835780,223.17,223.21,223.10,223.12,22255
1790835840,223.12,223.15,223.04,223.10,17756
1790835900,223.10,223.10,223.02,223.09,14506
1790835960,223.10,223.15,223.07,223.13,19908
1790836020,223.13,223.16,222.74,222.76,191590
1790836080,222.76,222.96,222.74,222.89,16527
1790836140,222.89,222.92,222.81,222.85,18418
1790836200,222.88,222.88,222.80,222.85,16908
1790836260,222.85,222.85,222.80,222.82,10617
1790836320,222.83,222.91,222.82,222.86,22063
1790836380,222.86,222.93,222.83,222.88,14924
1790836440,222.88,222.88,222.80,222.85,23350
1790836500,222.85,222.95,222.80,222.87,18421
1790836560,222.92,223.09,222.77,223.00,34048
1790836620,223.00,223.00,222.93,222.93,23567
1790836680,222.93,223.00,222.86,222.97,19221
1790836740,222.93,223.00,222.92,222.93,14780
1790836800,222.93,222.93,222.82,222.89,17665
1790836860,222.85,222.91,222.81,222.89,17637
1790836920,222.87,223.00,222.82,222.94,17882
1790836980,222.97,223.15,222.93,223.00,59844
1790837040,223.00,223.10,222.97,223.00,17689
1790837100,223.00,223.10,222.96,223.05,27634
1790837160,223.05,223.05,222.97,223.01,16511
1790837220,223.01,223.04,222.97,223.02,13113
1790837280,223.00,223.00,222.89,222.89,19208
1790837340,222.89,223.05,222.87,223.00,34237
1790837400,223.00,223.01,222.93,222.99,14869
1790837460,222.99,223.05,222.94,223.00,15129
1790837520,222.99,223.05,222.91,223.01,25450
1790837580,222.97,223.01,222.89,222.89,24234
1790837640,222.89,222.94,222.89,222.94,10481
1790837700,222.94,222.97,222.90,222.94,16800
1790837760,222.93,222.95,222.90,222.94,15197
1790837820,222.94,222.98,222.91,222.98,15447
1790837880,222.94,222.98,222.77,222.77,29992
1790837940,222.77,222.84,222.57,222.82,47001
1790838000,222.82,222.82,222.68,222.70,14133
1790838060,222.70,222.79,222.65,222.69,29514
1790838120,222.67,222.69,222.57,222.66,22641
1790838180,222.66,222.85,222.58,222.85,23379
1790838240,222.90,222.97,222.83,222.96,19847
1790838300,222.89,222.96,222.85,222.96,17762
1790838360,222.95,222.99,222.93,222.95,15304
1790838420,222.95,223.11,222.91,223.00,33883
1790838480,223.00,223.10,222.97,223.01,52861
1790838540,223.01,223.19,222.96,223.15,87809
1790838600,223.14,223.18,223.05,223.08,29869
1790838660,223.12,223.12,222.99,223.03,14641
1790838720,223.03,223.04,222.95,223.00,19646
1790838780,223.00,223.05,222.92,222.92,17334
1790838840,222.92,222.93,222.87,222.87,18291
1790838900,222.89,222.89,222.68,222.75,20942
1790838960,222.77,222.88,222.71,222.75,23727
1790839020,222.82,222.86,222.75,222.78,17154
1790839080,222.80,222.83,222.70,222.75,16703
1790839140,222.71,222.79,222.70,222.70,12787
1790839200,222.70,222.75,222.68,222.69,17881
1790839260,222.70,222.70,222.62,222.69,18367
1790839320,222.69,222.69,222.63,222.63,17453
1790839380,222.63,222.68,222.63,222.68,12002
1790839440,222.68,222.69,222.63,222.68,13567
1790839500,222.66,222.66,222.30,222.32,71047
1790839560,222.32,222.32,221.98,222.29,199880
1790839620,222.29,222.40,222.23,222.31,18992
1790839680,222.31,222.31,222.11,222.12,18388
1790839740,222.07,222.25,222.04,222.24,25510
1790839800,222.20,222.24,222.04,222.08,19279
1790839860,222.08,222.17,222.06,222.17,94573
1790839920,222.15,222.24,222.14,222.24,17660
1790839980,222.21,222.31,222.18,222.30,12190
1790840040,222.30,222.56,222.30,222.55,34073
1790840100,222.55,222.61,222.49,222.55,15268
1790840160,222.52,222.55,222.51,222.51,12332
1790840220,222.55,222.55,222.35,222.40,13711
1790840280,222.40,222.55,222.37,222.52,16947
1790840340,222.52,222.52,222.46,222.48,11875
1790840400,222.48,222.50,222.47,222.48,11378
1790840460,222.48,222.48,222.41,222.44,16565
1790840520,222.44,222.44,222.37,222.37,11851
1790840580,222.37,222.46,222.37,222.45,8949
1790840640,222.45,222.48,222.31,222.48,20617
1790840700,222.48,222.73,222.41,222.73,26114
1790840760,222.71,222.71,222.52,222.55,16562
1790840820,222.54,222.55,222.49,222.52,15741
1790840880,222.50,222.53,222.41,222.51,39026
1790840940,222.51,222.51,222.50,222.51,19113
1790841000,222.50,222.51,222.50,222.51,7974
1790841060,222.51,222.53,222.50,222.53,11411
1790841120,222.53,222.57,222.50,222.53,19678
1790841180,222.57,222.57,222.56,222.57,7790
1790841240,222.56,222.57,222.50,222.51,18948
1790841300,222.54,222.54,222.50,222.51,140758
1790841360,222.51,222.53,222.37,222.40,25562
1790841420,222.40,222.40,222.32,222.36,10558
1790841480,222.35,222.35,222.21,222.27,11943
1790841540,222.27,222.28,222.20,222.24,10148
1790841600,222.24,222.24,221.80,222.14,56638
1790841660,222.13,222.15,222.08,222.10,15556
1790841720,222.10,222.13,222.05,222.11,10618
1790841780,222.11,222.18,222.10,222.18,12174
1790841840,222.18,222.30,222.10,222.18,23907
1790841900,222.12,222.31,222.12,222.15,15729
1790841960,222.10,222.15,222.00,222.05,14228
1790842020,222.04,222.20,222.02,222.20,17215
1790842080,222.18,222.18,222.01,222.09,12220
1790842140,222.09,222.10,222.02,222.02,11520
1790842200,222.06,222.06,221.94,222.01,25698
1790842260,221.87,221.94,221.76,221.76,22512
1790842320,221.80,221.82,221.66,221.70,19789
1790842380,221.66,221.73,221.50,221.52,23288
1790842440,221.52,221.99,221.51,221.94,26440
1790842500,221.91,221.91,221.74,221.87,11746
1790842560,221.83,221.88,221.80,221.85,14620
1790842620,221.83,221.85,221.56,221.56,17669
1790842680,221.56,221.63,221.45,221.57,26479
1790842740,221.57,221.57,221.41,221.56,9498
1790842800,221.51,221.54,221.50,221.53,6175
1790842860,221.52,221.57,221.52,221.55,8532
1790842920,221.55,221.55,221.50,221.50,12665
1790842980,221.45,221.54,221.40,221.46,25295
1790843040,221.45,221.54,221.45,221.54,8534
1790843100,221.53,221.54,221.46,221.46,12690
1790843160,221.49,221.55,221.45,221.55,18134
1790843220,221.54,221.55,221.31,221.38,19738
1790843280,221.35,221.38,221.16,221.25,17788
1790843340,221.23,221.24,221.10,221.20,13080
1790843400,221.19,221.24,221.12,221.18,27083
1790843460,221.20,221.20,220.90,220.93,58619
1790843520,220.95,220.97,220.72,220.95,33738
1790843580,220.97,221.07,220.93,221.02,22266
1790843640,221.01,221.01,220.72,220.80,23039
1790843700,220.80,221.07,220.70,221.04,26993
1790843760,221.04,221.04,220.92,221.00,15006
1790843820,221.00,221.06,220.80,220.87,33790
1790843880,220.87,220.95,220.83,220.88,12420
1790843940,220.89,220.98,220.87,220.90,17740
1790844000,220.88,220.94,220.80,220.90,10502
1790844060,220.90,220.93,220.89,220.90,9976
1790844120,220.92,220.92,220.88,220.92,13353
1790844180,220.92,221.00,220.90,221.00,24894
1790844240,221.00,221.00,220.94,220.98,69865
1790844300,220.91,220.94,220.67,220.72,36906
1790844360,220.73,220.73,220.70,220.73,8378
1790844420,220.72,220.77,220.60,220.76,21384
1790844480,220.75,220.81,220.70,220.81,12688
1790844540,220.81,220.88,220.79,220.86,12079
1790844600,220.86,220.88,220.82,220.88,21580
1790844660,220.88,220.92,220.83,220.88,14697
1790844720,220.89,220.92,220.85,220.91,13227
1790844780,220.91,220.91,220.85,220.87,7275
1790844840,220.88,220.90,220.82,220.90,13056
1790844900,220.88,220.93,220.86,220.89,18230
1790844960,220.92,221.00,220.89,220.99,20886
1790845020,221.00,221.00,220.98,220.98,56131
1790845080,220.98,221.00,220.92,221.00,21755
1790845140,221.00,221.34,220.98,221.29,261922
1790845200,221.32,221.41,221.13,221.32,79467
1790845260,221.32,221.45,221.31,221.34,23779
1790845320,221.30,221.30,221.00,221.07,112594
1790845380,221.07,221.23,221.01,221.14,71225
1790845440,221.15,221.26,221.05,221.07,39005
1790845500,221.02,221.14,221.00,221.03,50818
1790845560,221.12,221.25,221.06,221.25,48061
1790845620,221.16,221.30,221.14,221.23,36731
1790845680,221.23,221.24,221.05,221.05,37647
1790845740,221.08,221.17,220.97,221.09,77767
1790845800,221.09,221.09,220.82,220.84,63886
1790845860,220.85,221.02,220.84,220.98,38382
1790845920,220.98,221.23,220.95,221.23,60098
1790845980,221.23,221.32,221.15,221.21,78800
1790846040,221.28,221.28,221.15,221.16,30573
1790846100,221.16,221.30,221.12,221.23,58090
1790846160,221.20,221.29,221.18,221.26,39048
1790846220,221.25,221.38,221.20,221.33,55469
1790846280,221.27,221.39,221.26,221.36,39411
1790846340,221.36,221.37,221.29,221.29,38043
1790846400,221.30,221.48,221.30,221.41,71115
1790846460,221.42,221.65,221.40,221.61,66759
1790846520,221.61,221.65,221.52,221.64,39307
1790846580,221.65,221.76,221.64,221.76,81547
1790846640,221.75,221.95,221.75,221.95,67142
1790846700,221.93,221.95,221.85,221.88,41142
1790846760,221.86,221.98,221.77,221.94,76997
1790846820,221.97,221.99,221.90,221.95,30867
1790846880,221.95,221.98,221.91,221.94,34087
1790846940,221.93,221.96,221.89,221.93,39680
1790847000,221.92,222.07,221.87,222.00,84396
1790847060,222.01,222.20,221.97,222.15,70163
1790847120,222.15,222.15,222.05,222.05,42844
1790847180,222.07,222.20,222.04,222.16,55083
1790847240,222.17,222.18,222.10,222.17,37930
1790847300,222.18,222.45,222.18,222.42,132229
1790847360,222.40,222.55,222.40,222.50,74926
1790847420,222.47,222.48,222.43,222.45,59920
1790847480,222.47,222.47,222.38,222.40,49851
1790847540,222.38,222.40,222.34,222.40,66483
1790847600,222.39,222.49,222.35,222.49,121648
1790847660,222.49,222.67,222.48,222.65,123072
1790847720,222.65,222.84,222.57,222.83,96414
1790847780,222.86,222.88,222.70,222.73,93001
1790847840,222.73,222.75,222.42,222.45,60160
1790847900,222.58,222.58,222.58,222.58,14369
1790847960,222.58,222.58,222.58,222.58,0
1790848020,222.58,222.58,222.58,222.58,0
1790848080,222.58,222.58,222.58,222.58,0
1790848140,222.58,222.58,222.58,222.58,0
1790848200,222.58,222.58,222.58,222.58,0
1790848260,222.58,222.58,222.58,222.58,0
1790848320,222.58,222.58,222.58,222.58,0
1790848380,222.58,222.58,222.58,222.58,0
1790848440,222.58,222.58,222.58,222.58,0
1790848500,222.58,222.58,222.58,222.58,0
1790848560,222.58,222.58,222.58,222.58,0
1790848620,222.58,222.58,222.58,222.58,0
1790848680,222.58,222.58,222.58,222.58,0
1790848740,222.58,222.58,222.37,222.37,588761
