Timestamp,Open,High,Low,Close,Volume
2026-09-01 09:15:00,263.30,264.00,262.55,262.80,81755
2026-09-01 09:16:00,262.80,262.80,262.15,262.20,53260
2026-09-01 09:17:00,262.20,262.95,262.05,262.95,62098
2026-09-01 09:18:00,262.90,262.95,262.70,262.70,18907
2026-09-01 09:19:00,262.70,262.80,262.70,262.75,6813
2026-09-01 09:20:00,262.75,262.75,262.30,262.30,17725
2026-09-01 09:21:00,262.55,262.70,262.30,262.70,45182
2026-09-01 09:22:00,262.65,262.75,262.60,262.75,14489
2026-09-01 09:23:00,262.70,263.20,262.60,263.20,25349
2026-09-01 09:24:00,263.20,263.20,262.85,263.00,16784
2026-09-01 09:25:00,263.00,263.10,262.90,262.95,26646
2026-09-01 09:26:00,263.10,263.30,263.05,263.10,25439
2026-09-01 09:27:00,263.10,263.10,263.00,263.05,5163
2026-09-01 09:28:00,263.15,263.25,263.15,263.25,7104
2026-09-01 09:29:00,263.20,263.50,263.15,263.45,15259
2026-09-01 09:30:00,263.50,263.50,263.05,263.10,8597
2026-09-01 09:31:00,263.10,263.10,262.80,262.90,16941
2026-09-01 09:32:00,262.90,262.90,262.80,262.80,896
2026-09-01 09:33:00,262.85,262.85,262.70,262.85,5946
2026-09-01 09:34:00,262.80,262.80,262.55,262.55,12606
2026-09-01 09:35:00,262.65,262.65,262.55,262.60,3720
2026-09-01 09:36:00,262.65,262.65,262.40,262.40,9930
2026-09-01 09:37:00,262.40,262.40,262.25,262.35,11281
2026-09-01 09:38:00,262.35,262.40,262.25,262.40,15793
2026-09-01 09:39:00,262.30,262.40,262.30,262.35,6595
2026-09-01 09:40:00,262.35,262.35,262.30,262.35,4852
2026-09-01 09:41:00,262.35,262.40,262.30,262.35,5926
2026-09-01 09:42:00,262.35,262.40,262.30,262.35,3782
2026-09-01 09:43:00,262.35,262.40,262.30,262.35,3997
2026-09-01 09:44:00,262.35,262.35,261.75,261.90,76182
2026-09-01 09:45:00,261.90,261.90,261.80,261.80,6659
2026-09-01 09:46:00,261.85,261.90,261.80,261.90,6533
2026-09-01 09:47:00,261.80,262.60,261.70,262.45,350911
2026-09-01 09:48:00,262.45,262.70,262.35,262.70,100454
2026-09-01 09:49:00,262.70,262.70,262.60,262.70,6462
2026-09-01 09:50:00,262.65,262.70,262.60,262.65,4168
2026-09-01 09:51:00,262.85,263.00,262.80,262.90,38002
2026-09-01 09:52:00,262.80,262.85,262.75,262.85,3219
2026-09-01 09:53:00,262.80,262.85,262.75,262.80,2277
2026-09-01 09:54:00,262.80,262.80,262.65,262.70,3342
2026-09-01 09:55:00,262.70,262.70,262.45,262.60,11329
2026-09-01 09:56:00,262.60,262.60,262.30,262.40,19439
2026-09-01 09:57:00,262.40,262.40,262.10,262.20,3786
2026-09-01 09:58:00,262.15,262.25,262.05,262.10,3180
2026-09-01 09:59:00,262.05,262.15,262.05,262.05,7827
2026-09-01 10:00:00,262.05,262.60,262.05,262.45,1155972
2026-09-01 10:01:00,262.40,262.45,262.25,262.40,7587
2026-09-01 10:02:00,262.25,262.40,262.20,262.20,969
2026-09-01 10:03:00,262.30,262.30,262.20,262.25,3985
2026-09-01 10:04:00,262.25,262.45,262.20,262.35,9704
2026-09-01 10:05:00,262.45,262.55,262.35,262.35,8874
2026-09-01 10:06:00,262.45,262.45,262.30,262.30,4689
2026-09-01 10:07:00,262.25,262.30,262.20,262.25,2754
2026-09-01 10:08:00,262.25,262.30,262.20,262.30,4571
2026-09-01 10:09:00,262.30,262.30,262.25,262.30,1593
2026-09-01 10:10:00,262.25,262.30,262.20,262.20,5861
2026-09-01 10:11:00,262.25,262.25,262.20,262.20,1799
2026-09-01 10:12:00,262.20,262.40,262.20,262.40,20474
2026-09-01 10:13:00,262.30,262.40,262.25,262.25,1952
2026-09-01 10:14:00,262.35,262.35,262.25,262.30,1661
2026-09-01 10:15:00,262.35,262.35,262.25,262.35,10472
2026-09-01 10:16:00,262.35,262.45,262.30,262.40,3292
2026-09-01 10:17:00,262.35,262.40,262.35,262.35,1437
2026-09-01 10:18:00,262.40,262.40,262.25,262.25,4660
2026-09-01 10:19:00,262.30,262.30,262.25,262.25,1470
2026-09-01 10:20:00,262.25,262.35,262.25,262.25,4700
2026-09-01 10:21:00,262.30,262.35,262.25,262.35,2538
2026-09-01 10:22:00,262.35,262.45,262.25,262.35,5050
2026-09-01 10:23:00,262.40,262.45,262.35,262.45,2714
2026-09-01 10:24:00,262.50,262.50,262.35,262.50,2622
2026-09-01 10:25:00,262.50,262.50,262.30,262.35,3657
2026-09-01 10:26:00,262.35,262.45,262.30,262.35,3517
2026-09-01 10:27:00,262.45,262.55,262.35,262.35,10128
2026-09-01 10:28:00,262.50,262.50,262.35,262.45,3780
2026-09-01 10:29:00,262.45,262.50,262.40,262.45,3830
2026-09-01 10:30:00,262.45,262.50,262.40,262.45,3487
2026-09-01 10:31:00,262.45,262.45,262.35,262.35,5915
2026-09-01 10:32:00,262.40,262.50,262.35,262.40,3999
2026-09-01 10:33:00,262.50,262.55,262.40,262.50,6314
2026-09-01 10:34:00,262.55,262.55,262.45,262.55,1791
2026-09-01 10:35:00,262.55,262.75,262.50,262.70,36010
2026-09-01 10:36:00,262.65,262.80,262.50,262.50,12800
2026-09-01 10:37:00,262.50,262.65,262.45,262.55,10059
2026-09-01 10:38:00,262.65,262.65,262.50,262.60,8650
2026-09-01 10:39:00,262.60,262.65,262.55,262.65,2112
2026-09-01 10:40:00,262.60,262.75,262.60,262.75,9702
2026-09-01 10:41:00,262.85,262.85,262.65,262.75,5518
2026-09-01 10:42:00,262.75,262.75,262.65,262.65,3449
2026-09-01 10:43:00,262.70,262.70,262.60,262.65,2587
2026-09-01 10:44:00,262.60,262.65,262.60,262.60,1251
2026-09-01 10:45:00,262.65,262.65,262.50,262.60,3727
2026-09-01 10:46:00,262.50,262.60,262.40,262.45,5448
2026-09-01 10:47:00,262.45,262.50,262.35,262.45,8861
2026-09-01 10:48:00,262.45,262.55,262.40,262.55,7891
2026-09-01 10:49:00,262.55,262.70,262.45,262.50,27741
2026-09-01 10:50:00,262.60,262.60,262.50,262.50,1363
2026-09-01 10:51:00,262.60,262.60,262.50,262.60,19204
2026-09-01 10:52:00,262.50,262.65,262.45,262.60,30610
2026-09-01 10:53:00,262.70,262.85,262.60,262.75,19504
2026-09-01 10:54:00,262.70,262.85,262.70,262.80,15247
2026-09-01 10:55:00,262.85,262.85,262.65,262.80,7117
2026-09-01 10:56:00,262.75,262.75,262.65,262.65,1981
2026-09-01 10:57:00,262.70,262.70,262.50,262.60,8854
2026-09-01 10:58:00,262.55,262.65,262.50,262.55,2131
2026-09-01 10:59:00,262.55,262.60,262.50,262.60,3100
2026-09-01 11:00:00,262.55,262.65,262.55,262.55,4254
2026-09-01 11:01:00,262.65,262.65,262.55,262.60,1706
2026-09-01 11:02:00,262.60,262.60,262.55,262.55,4680
2026-09-01 11:03:00,262.55,262.60,262.55,262.60,30234
2026-09-01 11:04:00,262.65,262.65,262.50,262.60,10858
2026-09-01 11:05:00,262.65,262.65,262.50,262.55,1949
2026-09-01 11:06:00,262.55,262.60,262.55,262.55,2545
2026-09-01 11:07:00,262.60,262.60,262.50,262.55,4685
2026-09-01 11:08:00,262.55,262.70,262.55,262.65,18914
2026-09-01 11:09:00,262.65,262.70,262.60,262.70,1882
2026-09-01 11:10:00,262.70,262.70,262.60,262.70,3040
2026-09-01 11:11:00,262.70,262.80,262.60,262.70,18071
2026-09-01 11:12:00,262.75,262.80,262.65,262.80,14338
2026-09-01 11:13:00,262.75,262.80,262.70,262.70,4948
2026-09-01 11:14:00,262.70,262.75,262.65,262.65,7009
2026-09-01 11:15:00,262.70,262.80,262.65,262.70,8259
2026-09-01 11:16:00,262.70,262.80,262.70,262.80,6538
2026-09-01 11:17:00,262.75,262.80,262.70,262.70,1908
2026-09-01 11:18:00,262.75,262.75,262.65,262.75,8769
2026-09-01 11:19:00,262.70,262.80,262.70,262.70,3103
2026-09-01 11:20:00,262.75,263.10,262.75,263.10,87955
2026-09-01 11:21:00,263.10,264.05,263.00,263.50,419144
2026-09-01 11:22:00,263.60,263.65,263.40,263.45,5123
2026-09-01 11:23:00,263.45,263.65,263.40,263.60,17609
2026-09-01 11:24:00,263.60,263.60,263.50,263.50,4551
2026-09-01 11:25:00,263.60,263.60,263.50,263.50,11559
2026-09-01 11:26:00,263.45,263.45,263.25,263.25,15699
2026-09-01 11:27:00,263.25,263.45,263.20,263.45,68227
2026-09-01 11:28:00,263.40,263.45,263.40,263.40,7181
2026-09-01 11:29:00,263.40,263.45,263.25,263.30,27588
2026-09-01 11:30:00,263.35,263.35,263.15,263.25,15866
2026-09-01 11:31:00,263.20,263.20,263.05,263.15,9520
2026-09-01 11:32:00,263.10,263.10,263.05,263.10,3090
2026-09-01 11:33:00,263.10,263.15,263.05,263.10,6896
2026-09-01 11:34:00,263.10,263.10,263.00,263.05,5387
2026-09-01 11:35:00,263.05,263.05,263.00,263.00,8255
2026-09-01 11:36:00,263.00,263.05,262.95,263.00,8960
2026-09-01 11:37:00,262.95,263.00,262.90,262.90,4762
2026-09-01 11:38:00,262.95,262.95,262.75,262.85,4579
2026-09-01 11:39:00,262.80,262.85,262.75,262.75,3998
2026-09-01 11:40:00,262.80,262.90,262.65,262.80,18605
2026-09-01 11:41:00,262.80,262.90,262.80,262.85,7480
2026-09-01 11:42:00,262.85,262.85,262.75,262.75,7114
2026-09-01 11:43:00,262.75,262.85,262.75,262.85,3943
2026-09-01 11:44:00,262.75,263.15,262.70,263.00,86374
2026-09-01 11:45:00,263.15,263.15,263.00,263.10,4807
2026-09-01 11:46:00,263.10,263.50,263.05,263.30,173962
2026-09-01 11:47:00,263.55,263.55,263.25,263.40,162585
2026-09-01 11:48:00,263.40,263.50,263.30,263.30,35069
2026-09-01 11:49:00,263.35,263.40,263.25,263.25,5704
2026-09-01 11:50:00,263.30,263.30,263.25,263.25,1810
2026-09-01 11:51:00,263.30,263.30,263.10,263.10,7062
2026-09-01 11:52:00,263.15,263.20,263.05,263.05,5516
2026-09-01 11:53:00,263.10,263.15,263.00,263.05,1303
2026-09-01 11:54:00,263.10,263.10,263.05,263.05,3699
2026-09-01 11:55:00,263.10,263.15,263.05,263.05,1314
2026-09-01 11:56:00,263.15,263.20,263.05,263.15,19366
2026-09-01 11:57:00,263.20,263.20,263.05,263.15,3360
2026-09-01 11:58:00,263.15,263.15,263.05,263.05,3328
2026-09-01 11:59:00,263.10,263.10,263.00,263.00,2551
2026-09-01 12:00:00,263.10,263.10,263.00,263.00,1231
2026-09-01 12:01:00,263.05,263.05,262.95,262.95,2455
2026-09-01 12:02:00,263.00,263.00,262.90,263.00,6020
2026-09-01 12:03:00,262.95,262.95,262.85,262.85,1916
2026-09-01 12:04:00,262.95,262.95,262.85,262.95,3146
2026-09-01 12:05:00,262.95,262.95,262.85,262.85,3445
2026-09-01 12:06:00,262.85,263.05,262.85,263.00,18719
2026-09-01 12:07:00,263.05,263.05,262.95,263.00,4814
2026-09-01 12:08:00,263.05,263.05,263.00,263.05,2447
2026-09-01 12:09:00,263.05,263.35,263.00,263.30,73921
2026-09-01 12:10:00,263.45,263.45,263.15,263.25,192016
2026-09-01 12:11:00,263.30,263.50,263.20,263.35,178110
2026-09-01 12:12:00,263.45,263.50,263.30,263.30,8581
2026-09-01 12:13:00,263.35,263.40,263.25,263.25,3731
2026-09-01 12:14:00,263.30,263.30,263.20,263.20,1325
2026-09-01 12:15:00,263.25,263.30,263.20,263.20,2503
2026-09-01 12:16:00,263.20,263.30,263.20,263.20,1281
2026-09-01 12:17:00,263.20,263.30,263.20,263.20,1096
2026-09-01 12:18:00,263.25,263.40,263.20,263.30,13876
2026-09-01 12:19:00,263.35,263.75,263.30,263.50,62376
2026-09-01 12:20:00,263.55,263.55,263.50,263.50,5980
2026-09-01 12:21:00,263.55,263.55,263.50,263.50,5257
2026-09-01 12:22:00,263.55,263.55,263.50,263.50,1464
2026-09-01 12:23:00,263.55,263.55,263.50,263.50,1511
2026-09-01 12:24:00,263.55,263.55,263.50,263.50,2528
2026-09-01 12:25:00,263.50,263.55,263.50,263.50,1779
2026-09-01 12:26:00,263.50,263.55,263.50,263.55,1547
2026-09-01 12:27:00,263.55,263.55,263.50,263.50,4674
2026-09-01 12:28:00,263.55,263.55,263.50,263.50,2420
2026-09-01 12:29:00,263.55,263.55,263.50,263.55,2635
2026-09-01 12:30:00,263.55,263.55,263.50,263.50,5789
2026-09-01 12:31:00,263.55,264.05,263.55,264.00,43992
2026-09-01 12:32:00,264.05,264.05,263.70,263.75,94318
2026-09-01 12:33:00,263.80,263.80,263.65,263.70,4331
2026-09-01 12:34:00,263.75,263.75,263.70,263.70,1993
2026-09-01 12:35:00,263.75,263.75,263.60,263.60,3123
2026-09-01 12:36:00,263.60,263.70,263.60,263.65,3706
2026-09-01 12:37:00,263.60,263.70,263.55,263.60,8044
2026-09-01 12:38:00,263.55,263.60,263.50,263.50,14224
2026-09-01 12:39:00,263.55,263.55,263.40,263.45,2602
2026-09-01 12:40:00,263.50,263.50,263.40,263.40,4739
2026-09-01 12:41:00,263.50,263.50,263.35,263.40,3693
2026-09-01 12:42:00,263.45,263.45,263.35,263.40,11291
2026-09-01 12:43:00,263.45,263.45,263.35,263.35,3818
2026-09-01 12:44:00,263.45,263.45,263.35,263.45,1263
2026-09-01 12:45:00,263.45,263.45,263.40,263.40,4199
2026-09-01 12:46:00,263.45,263.45,263.30,263.30,4728
2026-09-01 12:47:00,263.35,263.35,263.20,263.20,2350
2026-09-01 12:48:00,263.30,263.30,263.20,263.25,14397
2026-09-01 12:49:00,263.35,263.35,263.15,263.20,3219
2026-09-01 12:50:00,263.30,263.50,263.15,263.35,31627
2026-09-01 12:51:00,263.40,263.40,263.35,263.35,2557
2026-09-01 12:52:00,263.45,263.45,263.35,263.35,1048
2026-09-01 12:53:00,263.35,263.40,263.30,263.30,3634
2026-09-01 12:54:00,263.30,263.40,263.25,263.25,9643
2026-09-01 12:55:00,263.25,263.35,263.25,263.30,5711
2026-09-01 12:56:00,263.30,263.30,263.25,263.25,1674
2026-09-01 12:57:00,263.30,263.30,263.20,263.25,6289
2026-09-01 12:58:00,263.30,263.45,263.25,263.30,13419
2026-09-01 12:59:00,263.45,263.50,263.35,263.40,11488
2026-09-01 13:00:00,263.45,263.45,263.30,263.30,4401
2026-09-01 13:01:00,263.35,263.40,263.10,263.10,9432
2026-09-01 13:02:00,263.20,263.20,263.10,263.10,1230
2026-09-01 13:03:00,263.15,263.15,263.05,263.15,3384
2026-09-01 13:04:00,263.15,263.15,263.10,263.15,2295
2026-09-01 13:05:00,263.10,263.15,263.00,263.10,5180
2026-09-01 13:06:00,263.10,263.10,263.00,263.10,1635
2026-09-01 13:07:00,263.00,263.10,263.00,263.00,1272
2026-09-01 13:08:00,263.00,263.10,263.00,263.00,996
2026-09-01 13:09:00,263.10,263.10,263.00,263.00,4534
2026-09-01 13:10:00,263.05,263.05,263.00,263.05,2579
2026-09-01 13:11:00,263.00,263.05,263.00,263.00,6189
2026-09-01 13:12:00,263.05,263.10,262.85,263.00,19456
2026-09-01 13:13:00,263.05,263.05,263.00,263.00,1379
2026-09-01 13:14:00,263.05,263.35,263.00,263.25,152645
2026-09-01 13:15:00,263.30,263.30,263.00,263.00,27008
2026-09-01 13:16:00,263.05,263.05,262.95,262.95,1785
2026-09-01 13:17:00,263.05,263.20,262.95,263.05,4003
2026-09-01 13:18:00,263.15,263.15,263.05,263.10,2394
2026-09-01 13:19:00,263.15,263.30,263.10,263.30,7584
2026-09-01 13:20:00,263.30,263.30,263.15,263.20,811
2026-09-01 13:21:00,263.25,263.30,263.20,263.20,4958
2026-09-01 13:22:00,263.30,263.35,263.20,263.20,2151
2026-09-01 13:23:00,263.30,263.35,263.20,263.30,1745
2026-09-01 13:24:00,263.20,263.25,263.10,263.20,4107
2026-09-01 13:25:00,263.10,263.20,263.10,263.10,992
2026-09-01 13:26:00,263.20,263.20,263.10,263.10,935
2026-09-01 13:27:00,263.15,263.15,263.10,263.10,1450
2026-09-01 13:28:00,263.15,263.15,263.05,263.05,4303
2026-09-01 13:29:00,263.15,263.35,263.05,263.15,33138
2026-09-01 13:30:00,263.25,263.25,263.15,263.15,656
2026-09-01 13:31:00,263.20,263.25,263.15,263.20,2264
2026-09-01 13:32:00,263.25,263.55,263.20,263.55,77957
2026-09-01 13:33:00,263.55,263.60,263.45,263.50,6287
2026-09-01 13:34:00,263.50,263.55,263.40,263.55,2993
2026-09-01 13:35:00,263.45,263.55,263.45,263.45,3410
2026-09-01 13:36:00,263.50,263.55,263.45,263.45,1088
2026-09-01 13:37:00,263.45,263.50,263.30,263.30,3305
2026-09-01 13:38:00,263.35,263.40,263.20,263.30,14224
2026-09-01 13:39:00,263.40,263.40,263.25,263.30,1122
2026-09-01 13:40:00,263.25,263.40,263.25,263.25,11487
2026-09-01 13:41:00,263.35,263.35,263.20,263.20,3475
2026-09-01 13:42:00,263.30,263.35,263.15,263.15,13719
2026-09-01 13:43:00,263.20,263.20,263.10,263.10,527
2026-09-01 13:44:00,263.20,263.50,263.10,263.35,32936
2026-09-01 13:45:00,263.40,263.40,263.35,263.35,4040
2026-09-01 13:46:00,263.40,263.45,263.35,263.40,8116
2026-09-01 13:47:00,263.45,263.45,263.35,263.40,1964
2026-09-01 13:48:00,263.40,263.40,263.35,263.35,2198
2026-09-01 13:49:00,263.40,263.40,263.25,263.35,2978
2026-09-01 13:50:00,263.35,263.35,263.20,263.20,7358
2026-09-01 13:51:00,263.20,263.20,262.95,263.10,30273
2026-09-01 13:52:00,263.20,263.20,263.10,263.10,1838
2026-09-01 13:53:00,263.15,263.15,263.00,263.00,2447
2026-09-01 13:54:00,263.00,263.05,262.90,263.00,4955
2026-09-01 13:55:00,263.05,263.05,263.00,263.00,2359
2026-09-01 13:56:00,263.05,263.05,263.00,263.05,12637
2026-09-01 13:57:00,263.00,263.15,263.00,263.15,6548
2026-09-01 13:58:00,263.15,263.20,263.10,263.10,8151
2026-09-01 13:59:00,263.10,263.15,263.05,263.05,898
2026-09-01 14:00:00,263.10,263.15,263.05,263.05,2900
2026-09-01 14:01:00,263.15,263.20,263.10,263.20,16414
2026-09-01 14:02:00,263.15,263.20,263.15,263.15,2298
2026-09-01 14:03:00,263.15,263.35,263.10,263.30,17326
2026-09-01 14:04:00,263.35,263.35,263.20,263.25,5255
2026-09-01 14:05:00,263.25,263.35,263.10,263.20,4501
2026-09-01 14:06:00,263.20,263.20,263.05,263.10,1330
2026-09-01 14:07:00,263.10,263.25,263.05,263.15,15610
2026-09-01 14:08:00,263.25,263.25,263.10,263.10,5459
2026-09-01 14:09:00,263.15,263.15,263.10,263.10,1906
2026-09-01 14:10:00,263.10,263.15,263.00,263.00,7883
2026-09-01 14:11:00,263.10,263.35,263.00,263.25,12366
2026-09-01 14:12:00,263.25,263.30,263.20,263.20,5452
2026-09-01 14:13:00,263.30,263.30,263.20,263.20,2526
2026-09-01 14:14:00,263.25,263.35,263.20,263.30,14182
2026-09-01 14:15:00,263.35,263.35,263.30,263.30,1538
2026-09-01 14:16:00,263.35,263.35,263.30,263.30,1803
2026-09-01 14:17:00,263.35,263.35,263.30,263.30,3394
2026-09-01 14:18:00,263.35,263.35,263.25,263.25,12249
2026-09-01 14:19:00,263.30,263.35,263.20,263.20,8390
2026-09-01 14:20:00,263.30,263.30,263.00,263.00,2907
2026-09-01 14:21:00,263.00,263.15,262.95,263.05,2612
2026-09-01 14:22:00,262.95,263.05,262.95,262.95,2806
2026-09-01 14:23:00,263.05,263.05,262.95,262.95,1628
2026-09-01 14:24:00,263.05,263.05,262.90,263.00,3005
2026-09-01 14:25:00,262.90,263.00,262.90,262.95,1241
2026-09-01 14:26:00,262.95,263.00,262.90,262.90,3862
2026-09-01 14:27:00,262.90,262.95,262.85,262.85,4318
2026-09-01 14:28:00,262.90,262.90,262.80,262.85,8437
2026-09-01 14:29:00,262.85,263.05,262.85,263.00,14842
2026-09-01 14:30:00,263.05,263.05,263.00,263.00,6110
2026-09-01 14:31:00,263.00,263.00,262.95,262.95,2963
2026-09-01 14:32:00,263.00,263.05,262.95,262.95,4836
2026-09-01 14:33:00,262.95,263.00,262.95,263.00,4284
2026-09-01 14:34:00,262.90,263.10,262.90,263.05,14986
2026-09-01 14:35:00,263.10,263.10,262.90,263.00,19711
2026-09-01 14:36:00,263.00,263.05,262.90,262.90,3949
2026-09-01 14:37:00,262.95,262.95,262.80,262.80,1712
2026-09-01 14:38:00,262.90,262.90,262.80,262.85,4700
2026-09-01 14:39:00,262.85,262.90,262.80,262.90,502
2026-09-01 14:40:00,262.90,263.00,262.85,262.90,11136
2026-09-01 14:41:00,263.00,263.00,262.95,262.95,6212
2026-09-01 14:42:00,263.00,263.00,262.95,262.95,4632
2026-09-01 14:43:00,263.00,263.00,262.95,262.95,3088
2026-09-01 14:44:00,263.00,263.00,262.95,262.95,1860
2026-09-01 14:45:00,262.95,262.95,262.80,262.80,59606
2026-09-01 14:46:00,262.90,263.10,262.80,263.10,53428
2026-09-01 14:47:00,263.05,263.10,263.05,263.05,49754
2026-09-01 14:48:00,263.05,263.10,263.05,263.05,17693
2026-09-01 14:49:00,263.05,263.10,263.05,263.05,77226
2026-09-01 14:50:00,263.10,263.70,263.05,263.50,297493
2026-09-01 14:51:00,263.55,263.65,263.35,263.35,36931
2026-09-01 14:52:00,263.50,263.55,263.35,263.45,68261
2026-09-01 14:53:00,263.50,263.50,263.45,263.50,9283
2026-09-01 14:54:00,263.45,263.50,263.35,263.40,78909
2026-09-01 14:55:00,263.45,263.45,263.30,263.45,21071
2026-09-01 14:56:00,263.35,263.40,263.35,263.40,38487
2026-09-01 14:57:00,263.40,263.40,263.25,263.25,43826
2026-09-01 14:58:00,263.25,263.35,263.15,263.35,67323
2026-09-01 14:59:00,263.35,263.35,263.30,263.35,16906
2026-09-01 15:00:00,263.35,263.40,263.20,263.20,60429
2026-09-01 15:01:00,263.25,263.40,263.25,263.25,94339
2026-09-01 15:02:00,263.25,263.25,263.20,263.20,64986
2026-09-01 15:03:00,263.10,263.15,263.05,263.05,64479
2026-09-01 15:04:00,263.00,263.05,262.95,262.95,54939
2026-09-01 15:05:00,263.00,263.20,263.00,263.05,142776
2026-09-01 15:06:00,263.05,263.10,262.90,263.00,44835
2026-09-01 15:07:00,262.95,263.00,262.90,262.90,68818
2026-09-01 15:08:00,262.90,262.95,262.90,262.90,47253
2026-09-01 15:09:00,262.95,262.95,262.75,262.75,52406
2026-09-01 15:10:00,262.80,262.80,262.70,262.75,111420
2026-09-01 15:11:00,262.80,262.90,262.80,262.90,61548
2026-09-01 15:12:00,262.90,263.40,262.90,263.00,245299
2026-09-01 15:13:00,262.90,263.05,262.90,263.00,16997
2026-09-01 15:14:00,263.00,263.40,262.85,263.25,23765
2026-09-01 15:15:00,263.25,263.25,263.25,263.25,7822
2026-09-01 15:16:00,263.25,263.25,263.25,263.25,0
2026-09-01 15:17:00,263.25,263.25,263.25,263.25,0
2026-09-01 15:18:00,263.25,263.25,263.25,263.25,0
2026-09-01 15:19:00,263.25,263.25,263.25,263.25,0
2026-09-01 15:20:00,263.25,263.25,263.25,263.25,0
2026-09-01 15:21:00,263.25,263.25,263.25,263.25,0
2026-09-01 15:22:00,263.25,263.25,263.25,263.25,0
2026-09-01 15:23:00,263.25,263.25,263.25,263.25,0
2026-09-01 15:24:00,263.25,263.25,263.25,263.25,0
2026-09-01 15:25:00,263.25,263.25,263.25,263.25,0
2026-09-01 15:26:00,263.25,263.25,263.25,263.25,0
2026-09-01 15:27:00,263.25,263.25,263.25,263.25,0
2026-09-01 15:28:00,263.25,263.25,263.25,263.25,0
2026-09-01 15:29:00,263.25,264.55,263.25,264.55,369752
2026-09-02 09:15:00,264.00,265.20,263.10,263.75,328147
2026-09-02 09:16:00,263.70,263.85,263.50,263.70,72881
2026-09-02 09:17:00,263.65,263.70,263.55,263.55,24698
2026-09-02 09:18:00,263.55,263.55,263.40,263.45,36404
2026-09-02 09:19:00,263.45,263.60,263.30,263.60,66249
2026-09-02 09:20:00,263.60,263.85,263.50,263.65,24920
2026-09-02 09:21:00,263.65,263.65,262.85,263.00,65211
2026-09-02 09:22:00,263.00,263.00,262.60,262.80,36495
2026-09-02 09:23:00,262.80,262.90,262.55,262.70,9841
2026-09-02 09:24:00,262.70,262.90,262.40,262.90,38391
2026-09-02 09:25:00,263.00,263.00,262.90,263.00,38956
2026-09-02 09:26:00,263.10,263.80,263.05,263.80,50368
2026-09-02 09:27:00,263.80,263.80,263.45,263.65,11651
2026-09-02 09:28:00,263.65,263.65,263.40,263.55,10547
2026-09-02 09:29:00,263.60,263.60,263.40,263.40,9217
2026-09-02 09:30:00,263.60,263.60,263.45,263.55,19639
2026-09-02 09:31:00,263.55,263.80,263.40,263.75,30979
2026-09-02 09:32:00,263.75,263.75,263.50,263.55,7329
2026-09-02 09:33:00,263.60,263.90,263.60,263.90,15904
2026-09-02 09:34:00,263.95,263.95,263.85,263.85,31483
2026-09-02 09:35:00,263.95,264.00,263.75,263.95,23735
2026-09-02 09:36:00,264.05,264.05,263.80,263.80,6469
2026-09-02 09:37:00,263.80,263.95,263.65,263.90,13309
2026-09-02 09:38:00,263.90,264.75,263.90,264.70,156473
2026-09-02 09:39:00,264.70,264.95,264.50,264.70,61385
2026-09-02 09:40:00,264.60,264.85,264.45,264.70,33948
2026-09-02 09:41:00,264.70,264.70,264.30,264.50,12393
2026-09-02 09:42:00,264.35,264.45,264.30,264.30,10407
2026-09-02 09:43:00,264.35,264.45,264.05,264.15,13035
2026-09-02 09:44:00,264.15,264.25,263.95,263.95,9118
2026-09-02 09:45:00,263.85,264.00,263.85,263.95,4921
2026-09-02 09:46:00,263.90,264.35,263.80,264.35,46843
2026-09-02 09:47:00,264.20,264.35,264.20,264.30,9682
2026-09-02 09:48:00,264.40,264.60,264.35,264.55,56752
2026-09-02 09:49:00,264.85,264.90,264.60,264.60,48721
2026-09-02 09:50:00,264.65,264.95,264.65,264.80,25109
2026-09-02 09:51:00,264.95,265.00,264.60,264.60,38440
2026-09-02 09:52:00,264.60,264.80,264.60,264.60,13370
2026-09-02 09:53:00,264.60,264.65,264.45,264.50,14105
2026-09-02 09:54:00,264.60,264.65,264.50,264.55,8652
2026-09-02 09:55:00,264.60,264.95,264.60,264.90,30569
2026-09-02 09:56:00,264.95,265.05,264.90,264.90,36940
2026-09-02 09:57:00,265.00,265.05,264.70,264.75,41415
2026-09-02 09:58:00,264.75,265.35,264.75,265.10,48216
2026-09-02 09:59:00,265.25,265.50,265.15,265.40,33064
2026-09-02 10:00:00,265.50,265.55,265.30,265.40,100386
2026-09-02 10:01:00,265.40,265.55,265.30,265.55,35358
2026-09-02 10:02:00,265.60,265.70,265.45,265.55,13461
2026-09-02 10:03:00,265.65,265.65,265.35,265.45,38193
2026-09-02 10:04:00,265.45,265.80,265.35,265.60,57913
2026-09-02 10:05:00,265.60,265.75,265.35,265.45,25045
2026-09-02 10:06:00,265.50,265.70,265.35,265.50,33992
2026-09-02 10:07:00,265.50,265.55,265.40,265.40,7519
2026-09-02 10:08:00,265.55,265.55,265.10,265.15,27994
2026-09-02 10:09:00,265.25,265.35,265.15,265.35,15016
2026-09-02 10:10:00,265.30,265.45,265.20,265.35,23021
2026-09-02 10:11:00,265.30,265.30,264.90,264.95,68469
2026-09-02 10:12:00,264.95,265.05,264.90,264.95,11767
2026-09-02 10:13:00,265.05,265.15,264.90,265.05,14967
2026-09-02 10:14:00,265.15,265.15,265.00,265.15,14714
2026-09-02 10:15:00,265.15,265.75,265.15,265.40,78010
2026-09-02 10:16:00,265.50,265.50,265.40,265.50,6109
2026-09-02 10:17:00,265.50,265.55,265.40,265.40,14311
2026-09-02 10:18:00,265.50,265.95,265.50,265.75,32645
2026-09-02 10:19:00,265.85,265.85,265.50,265.50,24744
2026-09-02 10:20:00,265.65,265.85,265.50,265.65,27158
2026-09-02 10:21:00,265.65,265.75,265.50,265.65,24880
2026-09-02 10:22:00,265.60,265.60,265.55,265.60,13682
2026-09-02 10:23:00,265.60,265.65,265.55,265.65,5292
2026-09-02 10:24:00,265.65,265.70,265.55,265.70,25832
2026-09-02 10:25:00,265.70,265.70,265.50,265.55,29907
2026-09-02 10:26:00,265.60,265.60,265.45,265.60,16356
2026-09-02 10:27:00,265.60,265.60,265.40,265.60,15772
2026-09-02 10:28:00,265.60,265.60,265.25,265.35,10963
2026-09-02 10:29:00,265.35,265.45,265.20,265.45,18616
2026-09-02 10:30:00,265.45,265.45,265.35,265.45,7484
2026-09-02 10:31:00,265.45,265.45,265.30,265.40,15747
2026-09-02 10:32:00,265.40,265.40,265.25,265.35,6119
2026-09-02 10:33:00,265.35,265.45,265.20,265.45,16548
2026-09-02 10:34:00,265.40,265.40,265.35,265.40,6165
2026-09-02 10:35:00,265.30,265.40,265.15,265.15,23926
2026-09-02 10:36:00,265.30,265.35,265.15,265.35,33114
2026-09-02 10:37:00,265.45,265.60,265.35,265.60,31614
2026-09-02 10:38:00,265.40,265.55,265.40,265.55,46359
2026-09-02 10:39:00,265.40,265.55,265.40,265.55,25869
2026-09-02 10:40:00,265.55,265.60,265.40,265.60,26610
2026-09-02 10:41:00,265.60,265.70,265.50,265.70,33708
2026-09-02 10:42:00,265.70,266.10,265.50,265.80,93325
2026-09-02 10:43:00,265.95,266.00,265.80,266.00,54716
2026-09-02 10:44:00,266.00,266.10,265.85,266.10,38684
2026-09-02 10:45:00,266.10,266.25,266.05,266.20,37750
2026-09-02 10:46:00,266.10,266.20,266.05,266.10,10795
2026-09-02 10:47:00,266.10,266.10,265.90,266.05,20483
2026-09-02 10:48:00,266.00,266.15,266.00,266.10,23263
2026-09-02 10:49:00,266.20,266.30,266.10,266.25,20306
2026-09-02 10:50:00,266.15,266.60,266.15,266.50,79083
2026-09-02 10:51:00,266.55,266.90,266.40,266.70,103778
2026-09-02 10:52:00,266.70,267.20,266.70,266.95,304609
2026-09-02 10:53:00,267.10,267.15,266.85,266.90,74386
2026-09-02 10:54:00,266.90,267.10,266.80,267.10,34221
2026-09-02 10:55:00,267.10,267.10,266.95,267.05,15733
2026-09-02 10:56:00,267.05,267.05,266.60,266.70,42040
2026-09-02 10:57:00,266.80,266.85,266.55,266.65,13276
2026-09-02 10:58:00,266.65,266.70,266.60,266.70,6916
2026-09-02 10:59:00,266.70,266.70,266.40,266.50,14992
2026-09-02 11:00:00,266.50,266.50,266.35,266.45,19170
2026-09-02 11:01:00,266.40,266.45,266.20,266.25,13877
2026-09-02 11:02:00,266.25,266.35,266.10,266.30,14958
2026-09-02 11:03:00,266.30,266.30,266.10,266.15,8296
2026-09-02 11:04:00,266.20,266.25,266.10,266.20,16096
2026-09-02 11:05:00,266.10,266.20,266.00,266.10,15748
2026-09-02 11:06:00,266.10,266.10,265.95,266.05,13440
2026-09-02 11:07:00,265.95,266.15,265.95,266.15,18744
2026-09-02 11:08:00,266.05,266.15,266.00,266.15,18734
2026-09-02 11:09:00,266.10,266.15,265.95,266.15,19515
2026-09-02 11:10:00,266.10,266.10,266.00,266.10,18282
2026-09-02 11:11:00,266.05,266.15,265.95,265.95,19194
2026-09-02 11:12:00,266.00,266.05,265.75,265.90,44903
2026-09-02 11:13:00,265.90,265.95,265.70,265.75,30727
2026-09-02 11:14:00,265.85,265.85,265.55,265.75,30552
2026-09-02 11:15:00,265.75,266.30,265.75,266.30,48791
2026-09-02 11:16:00,266.20,266.20,265.95,266.05,39066
2026-09-02 11:17:00,266.05,266.25,266.00,266.15,19562
2026-09-02 11:18:00,266.00,266.15,266.00,266.15,17632
2026-09-02 11:19:00,266.15,266.15,265.80,265.85,14494
2026-09-02 11:20:00,265.95,265.95,265.75,265.85,9601
2026-09-02 11:21:00,265.85,265.90,265.65,265.75,19427
2026-09-02 11:22:00,265.65,265.65,265.40,265.45,40705
2026-09-02 11:23:00,265.50,265.55,265.40,265.45,8446
2026-09-02 11:24:00,265.40,265.55,265.35,265.35,14209
2026-09-02 11:25:00,265.50,265.50,265.30,265.45,15261
2026-09-02 11:26:00,265.45,265.45,265.25,265.35,7572
2026-09-02 11:27:00,265.25,265.35,265.10,265.20,10864
2026-09-02 11:28:00,265.10,265.20,265.05,265.10,4584
2026-09-02 11:29:00,265.05,265.10,265.05,265.05,3112
2026-09-02 11:30:00,265.05,265.05,265.00,265.05,17250
2026-09-02 11:31:00,265.05,265.10,264.90,265.00,27136
2026-09-02 11:32:00,265.10,265.15,265.00,265.10,14382
2026-09-02 11:33:00,265.10,265.15,265.05,265.15,10652
2026-09-02 11:34:00,265.15,265.15,265.10,265.15,5166
2026-09-02 11:35:00,265.15,265.40,265.15,265.40,18329
2026-09-02 11:36:00,265.35,265.50,265.25,265.50,52614
2026-09-02 11:37:00,265.50,265.60,265.40,265.60,7774
2026-09-02 11:38:00,265.60,266.30,265.45,266.30,35783
2026-09-02 11:39:00,266.25,266.45,266.25,266.45,13606
2026-09-02 11:40:00,266.40,266.50,266.30,266.45,9536
2026-09-02 11:41:00,266.50,266.65,266.40,266.65,13856
2026-09-02 11:42:00,266.65,266.65,266.50,266.60,7230
2026-09-02 11:43:00,266.65,266.80,266.55,266.80,12722
2026-09-02 11:44:00,266.75,266.80,266.60,266.70,9207
2026-09-02 11:45:00,266.70,266.80,266.70,266.75,13094
2026-09-02 11:46:00,266.75,266.80,266.65,266.80,6320
2026-09-02 11:47:00,266.80,266.80,266.75,266.80,5039
2026-09-02 11:48:00,266.75,267.35,266.75,267.25,72029
2026-09-02 11:49:00,267.35,267.40,267.15,267.30,13793
2026-09-02 11:50:00,267.30,267.60,267.20,267.55,57570
2026-09-02 11:51:00,267.60,267.65,267.40,267.50,30572
2026-09-02 11:52:00,267.45,267.50,266.75,266.95,198730
2026-09-02 11:53:00,266.80,266.95,266.55,266.75,13774
2026-09-02 11:54:00,266.75,266.75,266.35,266.35,9277
2026-09-02 11:55:00,266.50,266.55,266.40,266.50,12915
2026-09-02 11:56:00,266.50,266.50,266.30,266.40,5175
2026-09-02 11:57:00,266.30,266.40,266.30,266.35,5264
2026-09-02 11:58:00,266.35,266.35,266.20,266.25,11793
2026-09-02 11:59:00,266.20,266.40,266.10,266.35,10557
2026-09-02 12:00:00,266.35,266.35,266.25,266.25,3663
2026-09-02 12:01:00,266.35,266.35,266.10,266.25,12733
2026-09-02 12:02:00,266.25,266.25,266.00,266.05,8295
2026-09-02 12:03:00,266.10,266.15,266.00,266.00,9239
2026-09-02 12:04:00,266.00,266.25,265.95,266.05,20076
2026-09-02 12:05:00,266.05,266.20,266.05,266.15,3698
2026-09-02 12:06:00,266.20,266.40,266.05,266.35,40713
2026-09-02 12:07:00,266.35,267.10,266.35,267.10,75058
2026-09-02 12:08:00,267.10,267.10,267.00,267.00,11613
2026-09-02 12:09:00,267.10,267.10,267.00,267.00,5538
2026-09-02 12:10:00,267.05,267.10,267.00,267.00,8012
2026-09-02 12:11:00,267.05,267.20,267.05,267.15,9414
2026-09-02 12:12:00,267.20,267.20,267.05,267.10,5425
2026-09-02 12:13:00,267.10,267.15,266.95,267.00,40151
2026-09-02 12:14:00,267.05,267.15,267.00,267.00,6255
2026-09-02 12:15:00,267.05,267.05,267.00,267.00,1826
2026-09-02 12:16:00,267.00,267.10,267.00,267.05,17275
2026-09-02 12:17:00,267.05,267.10,267.00,267.05,5558
2026-09-02 12:18:00,267.05,267.10,267.00,267.05,3546
2026-09-02 12:19:00,267.10,267.10,266.95,267.10,31072
2026-09-02 12:20:00,267.10,267.15,267.00,267.15,8004
2026-09-02 12:21:00,267.15,267.20,267.05,267.10,7021
2026-09-02 12:22:00,267.15,267.20,267.05,267.15,45961
2026-09-02 12:23:00,267.15,267.40,267.15,267.30,64323
2026-09-02 12:24:00,267.35,267.75,267.30,267.50,124247
2026-09-02 12:25:00,267.60,267.65,267.30,267.40,70458
2026-09-02 12:26:00,267.40,267.40,267.30,267.40,4077
2026-09-02 12:27:00,267.35,267.35,267.25,267.35,3914
2026-09-02 12:28:00,267.25,267.35,267.25,267.35,9207
2026-09-02 12:29:00,267.35,267.35,267.25,267.30,2672
2026-09-02 12:30:00,267.35,267.40,267.30,267.40,8233
2026-09-02 12:31:00,267.40,267.55,267.30,267.45,58049
2026-09-02 12:32:00,267.60,268.05,267.50,267.85,398259
2026-09-02 12:33:00,267.85,267.90,267.65,267.80,5120
2026-09-02 12:34:00,267.85,267.85,267.75,267.80,5683
2026-09-02 12:35:00,267.80,267.95,267.65,267.85,25590
2026-09-02 12:36:00,267.95,267.95,267.75,267.90,4461
2026-09-02 12:37:00,267.85,267.85,267.65,267.65,17378
2026-09-02 12:38:00,267.70,267.75,267.50,267.55,10057
2026-09-02 12:39:00,267.60,267.65,267.35,267.40,3372
2026-09-02 12:40:00,267.40,267.40,267.25,267.35,7471
2026-09-02 12:41:00,267.40,267.40,267.30,267.30,2308
2026-09-02 12:42:00,267.40,267.60,267.30,267.55,13920
2026-09-02 12:43:00,267.55,267.60,267.50,267.55,8076
2026-09-02 12:44:00,267.60,267.70,267.50,267.65,7534
2026-09-02 12:45:00,267.55,267.70,267.55,267.55,6142
2026-09-02 12:46:00,267.65,267.65,267.40,267.40,7674
2026-09-02 12:47:00,267.50,267.55,267.40,267.40,6098
2026-09-02 12:48:00,267.45,267.45,267.35,267.45,2949
2026-09-02 12:49:00,267.45,267.45,267.40,267.45,6363
2026-09-02 12:50:00,267.45,267.75,267.45,267.75,40960
2026-09-02 12:51:00,267.75,267.80,267.65,267.80,11005
2026-09-02 12:52:00,267.75,267.80,267.65,267.75,10240
2026-09-02 12:53:00,267.65,267.80,267.55,267.55,9447
2026-09-02 12:54:00,267.60,267.65,267.55,267.55,2734
2026-09-02 12:55:00,267.60,267.75,267.35,267.65,38923
2026-09-02 12:56:00,267.75,268.00,267.65,268.00,42664
2026-09-02 12:57:00,268.00,268.05,267.90,267.90,10424
2026-09-02 12:58:00,268.00,268.05,267.90,267.90,9264
2026-09-02 12:59:00,267.90,268.10,267.90,268.00,11384
2026-09-02 13:00:00,268.05,268.05,267.90,267.90,9644
2026-09-02 13:01:00,268.00,268.15,267.90,267.95,25060
2026-09-02 13:02:00,268.00,268.05,267.85,267.85,4903
2026-09-02 13:03:00,267.85,267.95,267.80,267.90,5680
2026-09-02 13:04:00,267.90,267.95,267.70,267.85,6577
2026-09-02 13:05:00,267.85,267.85,267.70,267.70,13757
2026-09-02 13:06:00,267.80,267.80,267.70,267.80,3985
2026-09-02 13:07:00,267.80,267.85,267.65,267.80,10967
2026-09-02 13:08:00,267.80,267.85,267.70,267.80,9019
2026-09-02 13:09:00,267.80,267.80,267.65,267.80,2613
2026-09-02 13:10:00,267.80,267.85,267.75,267.75,7856
2026-09-02 13:11:00,267.85,267.85,267.80,267.85,5025
2026-09-02 13:12:00,267.80,267.90,267.80,267.85,7913
2026-09-02 13:13:00,267.90,267.95,267.80,267.95,10770
2026-09-02 13:14:00,267.95,267.95,267.75,267.80,13419
2026-09-02 13:15:00,267.90,267.95,267.75,267.90,20943
2026-09-02 13:16:00,267.85,267.90,267.75,267.85,10756
2026-09-02 13:17:00,267.85,267.85,267.70,267.80,7479
2026-09-02 13:18:00,267.80,267.80,267.65,267.65,2980
2026-09-02 13:19:00,267.75,267.80,267.70,267.80,7322
2026-09-02 13:20:00,267.80,267.80,267.70,267.80,3665
2026-09-02 13:21:00,267.80,267.80,267.65,267.70,6108
2026-09-02 13:22:00,267.70,267.80,267.60,267.75,7810
2026-09-02 13:23:00,267.75,267.75,267.65,267.65,9345
2026-09-02 13:24:00,267.75,267.75,267.60,267.70,3702
2026-09-02 13:25:00,267.70,267.70,267.60,267.65,4702
2026-09-02 13:26:00,267.65,267.75,267.65,267.75,7463
2026-09-02 13:27:00,267.75,267.80,267.70,267.80,14882
2026-09-02 13:28:00,267.80,267.80,267.45,267.45,14847
2026-09-02 13:29:00,267.60,267.60,267.45,267.45,7976
2026-09-02 13:30:00,267.60,267.65,267.50,267.65,9283
2026-09-02 13:31:00,267.65,267.65,267.50,267.65,10085
2026-09-02 13:32:00,267.70,267.75,267.55,267.65,9446
2026-09-02 13:33:00,267.70,267.75,267.60,267.75,5747
2026-09-02 13:34:00,267.75,267.75,267.60,267.70,4909
2026-09-02 13:35:00,267.70,267.75,267.60,267.75,7806
2026-09-02 13:36:00,267.75,267.75,267.65,267.75,6704
2026-09-02 13:37:00,267.75,267.75,267.70,267.75,5317
2026-09-02 13:38:00,267.75,267.75,267.55,267.65,8158
2026-09-02 13:39:00,267.65,267.65,267.45,267.50,4378
2026-09-02 13:40:00,267.45,267.50,267.40,267.50,12863
2026-09-02 13:41:00,267.45,267.50,267.45,267.50,8157
2026-09-02 13:42:00,267.50,267.55,267.50,267.55,3597
2026-09-02 13:43:00,267.55,267.55,267.25,267.35,33484
2026-09-02 13:44:00,267.35,267.45,267.25,267.35,28007
2026-09-02 13:45:00,267.35,267.35,267.30,267.35,3989
2026-09-02 13:46:00,267.35,267.40,267.30,267.40,2858
2026-09-02 13:47:00,267.40,267.40,267.30,267.40,3313
2026-09-02 13:48:00,267.40,267.40,267.25,267.35,4193
2026-09-02 13:49:00,267.35,267.40,267.20,267.35,8585
2026-09-02 13:50:00,267.20,267.40,267.20,267.40,9528
2026-09-02 13:51:00,267.40,267.40,267.15,267.30,15424
2026-09-02 13:52:00,267.40,267.45,267.30,267.45,11643
2026-09-02 13:53:00,267.45,267.45,267.40,267.45,2357
2026-09-02 13:54:00,267.45,267.45,267.35,267.45,3502
2026-09-02 13:55:00,267.45,267.45,267.35,267.45,3082
2026-09-02 13:56:00,267.45,267.45,267.35,267.40,3621
2026-09-02 13:57:00,267.40,267.60,267.40,267.60,23776
2026-09-02 13:58:00,267.60,267.60,267.50,267.60,2381
2026-09-02 13:59:00,267.60,267.60,267.55,267.60,5326
2026-09-02 14:00:00,267.60,267.60,267.50,267.60,3423
2026-09-02 14:01:00,267.65,267.65,267.60,267.60,17533
2026-09-02 14:02:00,267.65,267.65,267.45,267.55,6883
2026-09-02 14:03:00,267.55,267.55,267.40,267.50,4731
2026-09-02 14:04:00,267.50,267.50,267.35,267.40,3755
2026-09-02 14:05:00,267.40,267.45,267.30,267.45,2165
2026-09-02 14:06:00,267.45,267.50,267.35,267.50,3290
2026-09-02 14:07:00,267.50,267.50,267.40,267.50,2503
2026-09-02 14:08:00,267.45,267.50,267.40,267.50,3524
2026-09-02 14:09:00,267.50,267.50,267.45,267.45,1354
2026-09-02 14:10:00,267.50,267.55,267.35,267.50,6979
2026-09-02 14:11:00,267.45,267.50,267.35,267.40,3683
2026-09-02 14:12:00,267.40,267.45,267.40,267.45,2618
2026-09-02 14:13:00,267.45,267.45,267.40,267.45,7082
2026-09-02 14:14:00,267.45,267.45,267.35,267.45,11516
2026-09-02 14:15:00,267.50,267.50,267.35,267.40,4541
2026-09-02 14:16:00,267.45,267.45,267.30,267.40,5754
2026-09-02 14:17:00,267.40,267.40,267.25,267.30,3202
2026-09-02 14:18:00,267.35,267.40,267.30,267.30,2570
2026-09-02 14:19:00,267.35,267.45,267.30,267.30,7550
2026-09-02 14:20:00,267.40,267.40,267.30,267.30,2279
2026-09-02 14:21:00,267.35,267.35,267.25,267.30,3655
2026-09-02 14:22:00,267.35,268.05,267.30,268.05,210420
2026-09-02 14:23:00,267.90,268.10,267.90,268.00,4819
2026-09-02 14:24:00,268.05,268.05,267.80,267.95,9029
2026-09-02 14:25:00,267.95,267.95,267.70,267.80,3221
2026-09-02 14:26:00,267.80,267.85,267.70,267.70,4089
2026-09-02 14:27:00,267.85,267.85,267.70,267.75,7177
2026-09-02 14:28:00,267.80,267.85,267.65,267.65,2435
2026-09-02 14:29:00,267.75,268.05,267.60,268.05,4194
2026-09-02 14:30:00,268.05,268.05,267.85,268.05,117017
2026-09-02 14:31:00,268.05,268.05,267.90,268.05,14789
2026-09-02 14:32:00,268.10,268.15,268.05,268.10,12083
2026-09-02 14:33:00,268.15,268.25,268.10,268.25,23065
2026-09-02 14:34:00,268.20,268.25,268.10,268.20,13162
2026-09-02 14:35:00,268.25,268.25,268.10,268.20,20182
2026-09-02 14:36:00,268.10,268.25,268.10,268.10,9174
2026-09-02 14:37:00,268.20,268.30,268.10,268.15,48679
2026-09-02 14:38:00,268.20,268.20,268.10,268.15,4700
2026-09-02 14:39:00,268.15,268.25,268.00,268.25,32132
2026-09-02 14:40:00,268.00,268.20,268.00,268.20,27901
2026-09-02 14:41:00,268.20,268.20,268.05,268.20,12622
2026-09-02 14:42:00,268.20,268.20,268.05,268.15,5271
2026-09-02 14:43:00,268.15,268.15,267.85,267.95,30042
2026-09-02 14:44:00,267.95,267.95,267.80,267.95,21310
2026-09-02 14:45:00,267.95,268.20,267.80,268.15,26103
2026-09-02 14:46:00,268.25,268.35,268.10,268.10,6924
2026-09-02 14:47:00,268.20,268.20,268.10,268.15,8382
2026-09-02 14:48:00,268.15,268.20,268.05,268.15,9086
2026-09-02 14:49:00,268.15,268.25,268.05,268.25,10970
2026-09-02 14:50:00,268.25,268.25,268.15,268.20,4445
2026-09-02 14:51:00,268.15,268.20,268.10,268.20,10788
2026-09-02 14:52:00,268.20,268.20,268.05,268.10,11847
2026-09-02 14:53:00,268.10,268.10,268.00,268.10,15279
2026-09-02 14:54:00,268.05,268.10,268.00,268.00,11366
2026-09-02 14:55:00,268.00,268.00,267.85,267.85,13920
2026-09-02 14:56:00,267.85,268.00,267.85,268.00,26170
2026-09-02 14:57:00,267.90,268.00,267.85,267.95,7640
2026-09-02 14:58:00,267.90,268.00,267.85,268.00,41998
2026-09-02 14:59:00,268.00,268.00,267.85,267.90,11448
2026-09-02 15:00:00,267.90,267.95,267.85,267.95,14359
2026-09-02 15:01:00,267.95,267.95,267.65,267.65,17180
2026-09-02 15:02:00,267.70,267.75,267.65,267.65,12007
2026-09-02 15:03:00,267.70,267.80,267.65,267.70,41814
2026-09-02 15:04:00,267.70,267.70,267.50,267.60,18544
2026-09-02 15:05:00,267.55,267.60,267.55,267.60,14564
2026-09-02 15:06:00,267.60,267.60,267.30,267.35,27263
2026-09-02 15:07:00,267.35,267.45,267.25,267.30,44130
2026-09-02 15:08:00,267.45,267.45,267.40,267.45,12379
2026-09-02 15:09:00,267.40,267.50,267.30,267.40,52484
2026-09-02 15:10:00,267.50,267.70,267.40,267.60,153803
2026-09-02 15:11:00,267.70,267.70,267.65,267.70,21754
2026-09-02 15:12:00,267.70,268.00,267.65,268.00,73550
2026-09-02 15:13:00,268.00,268.00,267.55,267.75,39112
2026-09-02 15:14:00,267.70,267.85,267.50,267.80,31790
2026-09-02 15:15:00,267.80,267.80,267.80,267.80,278
2026-09-02 15:16:00,267.80,267.80,267.80,267.80,0
2026-09-02 15:17:00,267.80,267.80,267.80,267.80,0
2026-09-02 15:18:00,267.80,267.80,267.80,267.80,0
2026-09-02 15:19:00,267.80,267.80,267.80,267.80,0
2026-09-02 15:20:00,267.80,267.80,267.80,267.80,0
2026-09-02 15:21:00,267.80,267.80,267.80,267.80,0
2026-09-02 15:22:00,267.80,267.80,267.80,267.80,0
2026-09-02 15:23:00,267.80,267.80,267.80,267.80,0
2026-09-02 15:24:00,267.80,267.80,267.80,267.80,0
2026-09-02 15:25:00,267.80,267.80,267.80,267.80,0
2026-09-02 15:26:00,267.80,267.80,267.80,267.80,0
2026-09-02 15:27:00,267.80,267.80,267.80,267.80,0
2026-09-02 15:28:00,267.80,267.80,267.80,267.80,0
2026-09-02 15:29:00,267.80,267.80,266.80,266.80,299265
2026-09-03 09:15:00,269.90,270.75,269.30,270.45,392780
2026-09-03 09:16:00,270.40,270.60,269.80,269.80,223201
2026-09-03 09:17:00,269.70,269.80,268.60,269.00,122643
2026-09-03 09:18:00,269.00,269.05,268.40,268.60,116983
2026-09-03 09:19:00,268.60,268.85,268.60,268.80,51703
2026-09-03 09:20:00,268.80,269.20,268.80,269.05,49670
2026-09-03 09:21:00,269.20,269.45,269.15,269.45,22612
2026-09-03 09:22:00,269.45,269.65,269.30,269.40,75079
2026-09-03 09:23:00,269.40,269.50,269.35,269.50,20857
2026-09-03 09:24:00,269.50,269.50,269.10,269.20,24678
2026-09-03 09:25:00,269.25,269.25,269.15,269.25,23516
2026-09-03 09:26:00,269.15,269.75,269.15,269.65,30074
2026-09-03 09:27:00,269.65,269.90,269.50,269.80,20808
2026-09-03 09:28:00,269.85,269.85,269.30,269.35,22147
2026-09-03 09:29:00,269.35,269.45,269.20,269.35,33191
2026-09-03 09:30:00,269.45,269.55,269.10,269.10,26986
2026-09-03 09:31:00,269.10,269.10,268.80,269.00,50964
2026-09-03 09:32:00,268.90,269.10,268.90,268.95,17186
2026-09-03 09:33:00,268.80,269.10,268.80,269.05,14092
2026-09-03 09:34:00,269.20,269.45,269.20,269.30,28875
2026-09-03 09:35:00,269.15,269.30,269.05,269.10,7291
2026-09-03 09:36:00,269.05,269.25,269.00,269.15,17262
2026-09-03 09:37:00,268.95,269.10,268.75,268.75,23198
2026-09-03 09:38:00,268.75,268.85,268.60,268.80,24383
2026-09-03 09:39:00,268.80,268.80,268.50,268.60,37224
2026-09-03 09:40:00,268.75,268.90,268.70,268.85,17193
2026-09-03 09:41:00,268.85,268.95,268.75,268.95,10930
2026-09-03 09:42:00,268.90,269.20,268.85,269.10,36278
2026-09-03 09:43:00,269.10,269.10,269.00,269.00,7176
2026-09-03 09:44:00,269.10,269.30,269.10,269.30,16794
2026-09-03 09:45:00,269.30,269.35,269.10,269.10,7991
2026-09-03 09:46:00,269.20,269.30,269.05,269.05,37975
2026-09-03 09:47:00,269.10,269.10,269.00,269.10,10732
2026-09-03 09:48:00,269.10,269.50,269.10,269.20,27918
2026-09-03 09:49:00,269.35,269.35,269.20,269.20,7147
2026-09-03 09:50:00,269.30,269.35,269.25,269.35,10089
2026-09-03 09:51:00,269.35,269.35,269.25,269.35,3477
2026-09-03 09:52:00,269.35,269.80,269.05,269.80,50489
2026-09-03 09:53:00,269.80,269.80,269.55,269.60,19834
2026-09-03 09:54:00,269.65,269.70,269.45,269.50,18516
2026-09-03 09:55:00,269.50,269.65,269.35,269.60,23229
2026-09-03 09:56:00,269.60,269.75,269.55,269.70,16111
2026-09-03 09:57:00,269.60,269.70,269.60,269.70,12703
2026-09-03 09:58:00,269.70,269.70,269.50,269.60,9987
2026-09-03 09:59:00,269.65,269.65,269.30,269.45,14613
2026-09-03 10:00:00,269.30,269.45,269.30,269.45,9212
2026-09-03 10:01:00,269.45,269.50,269.35,269.50,15543
2026-09-03 10:02:00,269.45,269.70,269.45,269.70,17064
2026-09-03 10:03:00,269.70,269.70,269.45,269.45,10647
2026-09-03 10:04:00,269.55,269.55,269.35,269.40,12655
2026-09-03 10:05:00,269.45,269.50,269.35,269.50,13689
2026-09-03 10:06:00,269.50,269.50,269.35,269.40,8704
2026-09-03 10:07:00,269.35,269.40,269.10,269.30,23089
2026-09-03 10:08:00,269.30,269.30,268.80,268.90,86852
2026-09-03 10:09:00,268.90,268.90,268.75,268.90,6458
2026-09-03 10:10:00,268.90,268.90,268.75,268.90,7506
2026-09-03 10:11:00,268.90,268.95,268.80,268.95,3894
2026-09-03 10:12:00,268.85,268.95,268.80,268.90,4814
2026-09-03 10:13:00,268.85,268.90,268.55,268.70,20228
2026-09-03 10:14:00,268.55,268.85,268.55,268.70,10500
2026-09-03 10:15:00,268.80,268.80,268.70,268.80,6514
2026-09-03 10:16:00,268.80,268.80,268.70,268.75,8089
2026-09-03 10:17:00,268.75,268.80,268.70,268.80,9827
2026-09-03 10:18:00,268.75,268.80,268.50,268.60,34333
2026-09-03 10:19:00,268.55,268.60,268.35,268.55,36169
2026-09-03 10:20:00,268.50,268.60,268.45,268.50,22535
2026-09-03 10:21:00,268.50,268.60,268.40,268.50,11836
2026-09-03 10:22:00,268.45,268.60,268.45,268.50,17602
2026-09-03 10:23:00,268.50,268.50,268.15,268.35,37581
2026-09-03 10:24:00,268.40,268.50,268.10,268.25,13814
2026-09-03 10:25:00,268.25,268.25,267.75,267.75,56456
2026-09-03 10:26:00,267.85,267.90,267.75,267.80,14137
2026-09-03 10:27:00,267.85,267.90,267.80,267.80,13003
2026-09-03 10:28:00,267.90,268.15,267.85,268.05,49808
2026-09-03 10:29:00,268.10,268.10,267.85,267.90,17275
2026-09-03 10:30:00,268.00,268.30,267.90,268.30,24280
2026-09-03 10:31:00,268.30,268.55,268.20,268.30,17839
2026-09-03 10:32:00,268.30,268.30,268.10,268.25,4828
2026-09-03 10:33:00,268.25,268.25,268.15,268.25,3723
2026-09-03 10:34:00,268.25,268.25,268.15,268.25,5052
2026-09-03 10:35:00,268.25,268.25,268.15,268.25,6769
2026-09-03 10:36:00,268.20,268.25,268.05,268.10,19625
2026-09-03 10:37:00,268.05,268.10,267.95,268.00,20625
2026-09-03 10:38:00,268.10,268.20,267.95,268.20,15201
2026-09-03 10:39:00,268.20,268.20,268.10,268.20,6890
2026-09-03 10:40:00,268.20,268.20,268.05,268.15,9637
2026-09-03 10:41:00,268.20,268.20,268.05,268.15,15275
2026-09-03 10:42:00,268.15,268.15,267.95,267.95,8851
2026-09-03 10:43:00,268.00,268.05,267.90,267.90,17132
2026-09-03 10:44:00,267.90,268.00,267.90,267.95,5916
2026-09-03 10:45:00,267.95,268.05,267.90,268.00,24116
2026-09-03 10:46:00,268.05,268.35,267.95,268.30,40503
2026-09-03 10:47:00,268.20,268.30,268.10,268.20,9001
2026-09-03 10:48:00,268.25,268.40,267.90,267.90,29866
2026-09-03 10:49:00,267.95,267.95,267.80,267.85,22378
2026-09-03 10:50:00,267.90,267.90,267.80,267.80,4367
2026-09-03 10:51:00,267.90,267.95,267.80,267.95,13658
2026-09-03 10:52:00,267.95,267.95,267.85,267.85,5234
2026-09-03 10:53:00,267.90,267.90,267.85,267.90,12799
2026-09-03 10:54:00,267.85,267.90,267.70,267.70,28582
2026-09-03 10:55:00,267.70,267.70,267.55,267.65,16090
2026-09-03 10:56:00,267.65,267.85,267.60,267.70,14664
2026-09-03 10:57:00,267.80,267.80,267.60,267.75,7120
2026-09-03 10:58:00,267.65,267.80,267.65,267.80,4496
2026-09-03 10:59:00,267.80,267.85,267.75,267.85,5129
2026-09-03 11:00:00,267.80,267.85,267.75,267.80,5472
2026-09-03 11:01:00,267.85,268.10,267.80,268.00,18482
2026-09-03 11:02:00,268.00,268.05,267.80,267.95,13810
2026-09-03 11:03:00,267.85,267.95,267.80,267.90,9850
2026-09-03 11:04:00,267.95,267.95,267.90,267.95,4721
2026-09-03 11:05:00,267.95,267.95,267.70,267.85,17540
2026-09-03 11:06:00,267.90,267.90,267.80,267.85,3320
2026-09-03 11:07:00,267.95,268.55,267.80,268.50,375351
2026-09-03 11:08:00,268.50,268.50,268.25,268.35,15100
2026-09-03 11:09:00,268.35,268.35,268.15,268.20,11426
2026-09-03 11:10:00,268.15,268.35,268.10,268.30,13573
2026-09-03 11:11:00,268.30,268.30,268.20,268.30,7996
2026-09-03 11:12:00,268.30,268.95,268.25,268.95,378500
2026-09-03 11:13:00,268.90,269.00,268.50,268.60,55138
2026-09-03 11:14:00,268.60,268.75,268.50,268.65,16798
2026-09-03 11:15:00,268.65,268.65,268.45,268.50,9451
2026-09-03 11:16:00,268.50,268.50,268.30,268.40,4485
2026-09-03 11:17:00,268.45,268.50,268.30,268.30,9926
2026-09-03 11:18:00,268.30,268.40,268.25,268.30,6761
2026-09-03 11:19:00,268.30,268.50,268.25,268.45,10071
2026-09-03 11:20:00,268.45,268.50,268.35,268.45,4457
2026-09-03 11:21:00,268.45,268.45,268.25,268.35,9482
2026-09-03 11:22:00,268.35,268.35,268.25,268.25,6457
2026-09-03 11:23:00,268.30,268.55,268.25,268.55,11102
2026-09-03 11:24:00,268.50,268.50,268.35,268.50,4514
2026-09-03 11:25:00,268.50,269.05,268.50,269.00,163768
2026-09-03 11:26:00,269.05,269.20,269.00,269.05,24389
2026-09-03 11:27:00,269.05,269.50,269.00,269.45,100884
2026-09-03 11:28:00,269.40,269.40,269.15,269.30,23366
2026-09-03 11:29:00,269.40,269.40,269.15,269.25,10408
2026-09-03 11:30:00,269.20,269.30,269.15,269.30,18108
2026-09-03 11:31:00,269.30,269.30,269.00,269.10,35258
2026-09-03 11:32:00,269.10,269.10,268.95,269.00,37137
2026-09-03 11:33:00,269.05,269.05,268.85,268.95,9560
2026-09-03 11:34:00,268.95,268.95,268.65,268.80,15879
2026-09-03 11:35:00,268.80,268.80,268.65,268.70,11271
2026-09-03 11:36:00,268.70,268.70,268.60,268.65,5764
2026-09-03 11:37:00,268.65,268.70,268.60,268.70,8221
2026-09-03 11:38:00,268.70,268.70,268.60,268.70,6821
2026-09-03 11:39:00,268.70,268.70,268.60,268.70,5541
2026-09-03 11:40:00,268.70,268.75,268.60,268.70,8539
2026-09-03 11:41:00,268.70,268.75,268.25,268.40,35151
2026-09-03 11:42:00,268.30,268.40,268.20,268.35,4635
2026-09-03 11:43:00,268.20,268.35,268.20,268.30,13899
2026-09-03 11:44:00,268.25,268.30,268.15,268.20,236111
2026-09-03 11:45:00,268.25,268.75,268.20,268.40,255018
2026-09-03 11:46:00,268.45,268.60,268.35,268.55,57666
2026-09-03 11:47:00,268.55,268.55,268.35,268.50,54476
2026-09-03 11:48:00,268.50,268.75,268.45,268.60,96597
2026-09-03 11:49:00,268.75,268.80,268.40,268.45,55610
2026-09-03 11:50:00,268.50,268.50,268.30,268.30,34621
2026-09-03 11:51:00,268.35,268.35,268.30,268.35,6923
2026-09-03 11:52:00,268.35,268.35,268.20,268.30,7390
2026-09-03 11:53:00,268.20,268.30,268.20,268.30,7881
2026-09-03 11:54:00,268.25,268.30,268.20,268.30,9154
2026-09-03 11:55:00,268.30,268.35,268.20,268.20,5783
2026-09-03 11:56:00,268.20,268.35,268.20,268.25,3707
2026-09-03 11:57:00,268.25,268.40,268.20,268.35,7377
2026-09-03 11:58:00,268.35,268.35,268.15,268.35,7099
2026-09-03 11:59:00,268.35,268.45,268.25,268.35,4778
2026-09-03 12:00:00,268.40,268.45,268.30,268.40,5158
2026-09-03 12:01:00,268.30,268.40,268.20,268.30,10357
2026-09-03 12:02:00,268.30,268.35,268.05,268.20,108800
2026-09-03 12:03:00,268.25,268.25,268.05,268.20,8233
2026-09-03 12:04:00,268.20,268.20,268.05,268.20,8387
2026-09-03 12:05:00,268.20,268.25,268.15,268.25,6359
2026-09-03 12:06:00,268.25,268.25,268.15,268.25,3754
2026-09-03 12:07:00,268.25,268.25,268.10,268.20,6620
2026-09-03 12:08:00,268.20,268.20,268.10,268.20,4853
2026-09-03 12:09:00,268.20,268.20,268.00,268.20,6527
2026-09-03 12:10:00,268.20,268.20,268.05,268.20,7661
2026-09-03 12:11:00,268.20,268.25,268.10,268.25,8506
2026-09-03 12:12:00,268.25,268.25,268.05,268.20,4431
2026-09-03 12:13:00,268.20,268.35,268.05,268.35,52212
2026-09-03 12:14:00,268.40,268.45,268.15,268.25,12850
2026-09-03 12:15:00,268.15,268.20,268.10,268.15,3560
2026-09-03 12:16:00,268.20,268.20,268.05,268.15,7287
2026-09-03 12:17:00,268.15,268.15,268.05,268.10,6533
2026-09-03 12:18:00,268.15,268.15,268.00,268.05,7864
2026-09-03 12:19:00,268.05,268.20,268.00,268.00,58724
2026-09-03 12:20:00,268.10,268.15,268.00,268.10,72102
2026-09-03 12:21:00,268.10,268.10,268.00,268.00,8426
2026-09-03 12:22:00,268.10,268.10,267.60,267.60,176523
2026-09-03 12:23:00,267.70,267.70,267.35,267.35,62313
2026-09-03 12:24:00,267.35,267.40,267.10,267.20,49004
2026-09-03 12:25:00,267.20,267.30,267.20,267.30,10357
2026-09-03 12:26:00,267.30,267.40,267.20,267.35,13704
2026-09-03 12:27:00,267.40,267.55,267.30,267.50,11259
2026-09-03 12:28:00,267.50,267.65,267.40,267.65,7499
2026-09-03 12:29:00,267.65,267.65,267.50,267.60,2849
2026-09-03 12:30:00,267.60,267.75,267.50,267.60,10663
2026-09-03 12:31:00,267.70,267.70,267.60,267.60,2539
2026-09-03 12:32:00,267.65,267.75,267.55,267.60,9108
2026-09-03 12:33:00,267.55,267.70,267.55,267.70,4872
2026-09-03 12:34:00,267.70,267.70,267.60,267.60,5321
2026-09-03 12:35:00,267.70,267.75,267.45,267.50,13565
2026-09-03 12:36:00,267.45,267.60,267.40,267.60,5465
2026-09-03 12:37:00,267.60,267.60,267.55,267.60,3954
2026-09-03 12:38:00,267.60,267.80,267.55,267.65,7354
2026-09-03 12:39:00,267.75,267.80,267.65,267.80,10691
2026-09-03 12:40:00,267.80,267.80,267.60,267.75,6322
2026-09-03 12:41:00,267.75,267.75,267.60,267.75,6429
2026-09-03 12:42:00,267.75,267.75,267.55,267.60,4529
2026-09-03 12:43:00,267.60,267.60,267.40,267.50,10289
2026-09-03 12:44:00,267.45,267.45,267.35,267.35,4938
2026-09-03 12:45:00,267.40,267.40,267.30,267.30,5841
2026-09-03 12:46:00,267.30,267.35,267.25,267.25,9454
2026-09-03 12:47:00,267.30,267.30,267.20,267.30,6317
2026-09-03 12:48:00,267.25,267.40,267.20,267.35,13633
2026-09-03 12:49:00,267.40,267.45,267.35,267.45,5863
2026-09-03 12:50:00,267.35,267.50,267.35,267.50,4304
2026-09-03 12:51:00,267.50,267.55,267.40,267.45,4744
2026-09-03 12:52:00,267.55,267.65,267.45,267.50,5409
2026-09-03 12:53:00,267.50,267.70,267.50,267.70,11933
2026-09-03 12:54:00,267.70,267.70,267.60,267.65,2240
2026-09-03 12:55:00,267.65,267.75,267.60,267.65,6684
2026-09-03 12:56:00,267.65,267.65,267.45,267.50,5655
2026-09-03 12:57:00,267.50,267.50,267.45,267.45,4855
2026-09-03 12:58:00,267.45,267.50,267.40,267.45,5493
2026-09-03 12:59:00,267.45,267.45,267.35,267.45,6579
2026-09-03 13:00:00,267.45,267.50,267.35,267.40,11572
2026-09-03 13:01:00,267.40,267.45,267.35,267.40,5331
2026-09-03 13:02:00,267.45,267.50,267.35,267.45,5293
2026-09-03 13:03:00,267.45,267.50,267.40,267.50,6274
2026-09-03 13:04:00,267.50,267.50,267.40,267.50,2496
2026-09-03 13:05:00,267.50,267.60,267.40,267.45,12128
2026-09-03 13:06:00,267.35,267.35,267.20,267.20,15365
2026-09-03 13:07:00,267.20,267.25,267.10,267.10,5795
2026-09-03 13:08:00,267.10,267.15,267.00,267.00,18273
2026-09-03 13:09:00,267.00,267.20,267.00,267.20,18660
2026-09-03 13:10:00,267.20,267.20,267.10,267.10,6451
2026-09-03 13:11:00,267.15,267.25,267.10,267.10,7673
2026-09-03 13:12:00,267.10,267.15,267.05,267.10,6022
2026-09-03 13:13:00,267.10,267.25,267.10,267.25,10750
2026-09-03 13:14:00,267.25,267.25,267.10,267.10,7445
2026-09-03 13:15:00,267.15,267.15,267.00,267.00,6696
2026-09-03 13:16:00,267.00,267.15,267.00,267.05,10746
2026-09-03 13:17:00,267.05,267.15,267.05,267.10,10905
2026-09-03 13:18:00,267.20,267.20,267.05,267.10,4925
2026-09-03 13:19:00,267.15,267.20,267.05,267.05,7068
2026-09-03 13:20:00,267.05,267.15,267.05,267.10,6537
2026-09-03 13:21:00,267.10,267.10,267.00,267.05,7349
2026-09-03 13:22:00,267.10,267.10,267.00,267.00,8025
2026-09-03 13:23:00,267.05,267.15,267.00,267.10,18820
2026-09-03 13:24:00,267.10,267.15,267.00,267.00,6129
2026-09-03 13:25:00,267.00,267.05,266.90,267.00,54958
2026-09-03 13:26:00,267.00,267.05,267.00,267.05,6292
2026-09-03 13:27:00,267.05,267.05,267.00,267.00,11978
2026-09-03 13:28:00,267.05,267.25,267.00,267.25,24463
2026-09-03 13:29:00,267.20,267.30,267.15,267.15,6885
2026-09-03 13:30:00,267.15,267.30,267.10,267.15,9586
2026-09-03 13:31:00,267.25,267.45,267.15,267.35,9186
2026-09-03 13:32:00,267.35,267.40,267.20,267.20,5117
2026-09-03 13:33:00,267.15,267.55,267.15,267.55,15982
2026-09-03 13:34:00,267.40,267.55,267.25,267.25,4767
2026-09-03 13:35:00,267.35,267.45,267.25,267.35,8409
2026-09-03 13:36:00,267.40,267.50,267.30,267.35,9355
2026-09-03 13:37:00,267.35,267.35,267.25,267.25,5075
2026-09-03 13:38:00,267.35,267.40,267.25,267.40,13004
2026-09-03 13:39:00,267.50,267.50,267.35,267.40,9288
2026-09-03 13:40:00,267.40,267.40,267.20,267.30,7266
2026-09-03 13:41:00,267.30,267.40,267.30,267.30,8211
2026-09-03 13:42:00,267.30,267.40,267.20,267.25,8118
2026-09-03 13:43:00,267.20,267.25,267.10,267.10,10444
2026-09-03 13:44:00,267.15,267.15,267.00,267.10,14713
2026-09-03 13:45:00,267.15,267.15,267.00,267.05,9554
2026-09-03 13:46:00,267.05,267.10,267.00,267.05,6412
2026-09-03 13:47:00,267.05,267.25,267.00,267.25,15403
2026-09-03 13:48:00,267.25,267.40,267.25,267.40,11751
2026-09-03 13:49:00,267.40,267.50,267.25,267.45,17971
2026-09-03 13:50:00,267.40,267.50,267.30,267.35,110057
2026-09-03 13:51:00,267.35,267.35,267.20,267.30,6959
2026-09-03 13:52:00,267.30,267.30,267.10,267.10,8597
2026-09-03 13:53:00,267.05,267.20,267.05,267.20,13118
2026-09-03 13:54:00,267.25,267.30,267.20,267.25,7228
2026-09-03 13:55:00,267.25,267.30,267.10,267.10,6770
2026-09-03 13:56:00,267.20,267.30,267.15,267.20,7223
2026-09-03 13:57:00,267.20,267.30,267.20,267.20,10279
2026-09-03 13:58:00,267.30,267.30,267.20,267.20,5540
2026-09-03 13:59:00,267.20,267.30,267.00,267.10,22944
2026-09-03 14:00:00,267.15,267.15,267.00,267.10,6592
2026-09-03 14:01:00,267.15,267.15,267.00,267.00,7492
2026-09-03 14:02:00,267.10,267.15,267.00,267.10,33408
2026-09-03 14:03:00,267.10,267.15,267.00,267.10,22988
2026-09-03 14:04:00,267.00,267.10,267.00,267.05,7075
2026-09-03 14:05:00,267.10,267.10,267.00,267.05,12306
2026-09-03 14:06:00,267.00,267.10,267.00,267.00,8308
2026-09-03 14:07:00,267.00,267.15,267.00,267.00,17189
2026-09-03 14:08:00,267.05,267.15,267.00,267.15,12619
2026-09-03 14:09:00,267.15,267.15,267.00,267.05,6025
2026-09-03 14:10:00,267.00,267.05,267.00,267.05,10400
2026-09-03 14:11:00,267.05,267.05,267.00,267.05,10621
2026-09-03 14:12:00,267.00,267.10,267.00,267.00,9366
2026-09-03 14:13:00,267.05,267.05,267.00,267.05,7648
2026-09-03 14:14:00,267.05,267.10,267.00,267.05,8433
2026-09-03 14:15:00,267.10,267.10,266.90,266.90,10829
2026-09-03 14:16:00,266.95,266.95,266.90,266.95,12932
2026-09-03 14:17:00,266.95,267.05,266.90,267.05,9717
2026-09-03 14:18:00,267.05,267.05,267.00,267.05,10243
2026-09-03 14:19:00,267.00,267.15,267.00,267.15,9626
2026-09-03 14:20:00,267.15,267.15,267.05,267.10,7299
2026-09-03 14:21:00,267.05,267.30,267.05,267.30,28155
2026-09-03 14:22:00,267.30,267.30,267.05,267.05,10141
2026-09-03 14:23:00,267.10,267.20,267.00,267.05,118125
2026-09-03 14:24:00,266.95,267.00,266.60,266.60,40406
2026-09-03 14:25:00,266.65,266.95,266.60,266.65,16494
2026-09-03 14:26:00,266.75,266.75,266.55,266.70,5706
2026-09-03 14:27:00,266.70,266.70,266.60,266.60,6967
2026-09-03 14:28:00,266.60,266.75,266.55,266.75,18637
2026-09-03 14:29:00,266.65,266.85,266.65,266.65,12226
2026-09-03 14:30:00,266.70,266.80,266.65,266.70,14216
2026-09-03 14:31:00,266.70,266.80,266.65,266.70,10190
2026-09-03 14:32:00,266.70,266.80,266.60,266.75,18175
2026-09-03 14:33:00,266.80,266.80,266.65,266.75,8025
2026-09-03 14:34:00,266.70,267.00,266.65,266.85,51989
2026-09-03 14:35:00,266.80,266.85,266.60,266.65,16012
2026-09-03 14:36:00,266.70,266.75,266.60,266.70,16552
2026-09-03 14:37:00,266.75,266.75,266.65,266.65,7860
2026-09-03 14:38:00,266.75,266.80,266.60,266.60,15481
2026-09-03 14:39:00,266.60,266.65,266.55,266.65,12138
2026-09-03 14:40:00,266.65,266.65,266.45,266.50,49374
2026-09-03 14:41:00,266.55,266.65,266.50,266.50,20388
2026-09-03 14:42:00,266.55,266.60,266.50,266.60,16112
2026-09-03 14:43:00,266.50,266.60,266.50,266.50,28131
2026-09-03 14:44:00,266.55,266.65,266.50,266.60,15469
2026-09-03 14:45:00,266.55,266.70,266.55,266.65,16625
2026-09-03 14:46:00,266.70,266.70,266.60,266.70,9242
2026-09-03 14:47:00,266.65,266.75,266.60,266.75,17213
2026-09-03 14:48:00,266.65,266.85,266.65,266.75,12977
2026-09-03 14:49:00,266.80,266.90,266.75,266.85,17801
2026-09-03 14:50:00,266.80,266.90,266.80,266.85,19105
2026-09-03 14:51:00,266.85,267.40,266.80,267.30,289576
2026-09-03 14:52:00,267.30,267.40,267.15,267.20,57059
2026-09-03 14:53:00,267.30,267.40,267.15,267.30,19565
2026-09-03 14:54:00,267.25,267.40,267.20,267.25,18246
2026-09-03 14:55:00,267.30,267.30,267.10,267.25,14586
2026-09-03 14:56:00,267.10,267.25,267.10,267.10,14429
2026-09-03 14:57:00,267.10,267.15,267.05,267.05,15961
2026-09-03 14:58:00,267.05,267.10,266.95,266.95,28398
2026-09-03 14:59:00,267.00,267.10,266.95,266.95,34330
2026-09-03 15:00:00,267.10,267.10,267.05,267.05,28843
2026-09-03 15:01:00,267.10,267.25,267.05,267.20,46107
2026-09-03 15:02:00,267.20,267.20,267.10,267.15,32894
2026-09-03 15:03:00,267.15,267.20,267.00,267.05,36143
2026-09-03 15:04:00,267.10,267.10,266.85,266.85,51343
2026-09-03 15:05:00,266.85,266.85,266.40,266.50,98037
2026-09-03 15:06:00,266.60,266.60,266.45,266.55,44607
2026-09-03 15:07:00,266.55,266.70,266.55,266.70,56953
2026-09-03 15:08:00,266.70,266.85,266.65,266.85,51487
2026-09-03 15:09:00,266.80,266.85,266.55,266.60,61297
2026-09-03 15:10:00,266.60,266.65,266.55,266.60,96383
2026-09-03 15:11:00,266.60,266.65,266.60,266.65,50178
2026-09-03 15:12:00,266.60,266.65,266.40,266.55,175036
2026-09-03 15:13:00,266.50,266.85,266.20,266.80,129867
2026-09-03 15:14:00,266.75,267.15,266.30,266.30,34180
2026-09-03 15:15:00,266.35,266.35,266.35,266.35,1286
2026-09-03 15:16:00,266.35,266.35,266.35,266.35,0
2026-09-03 15:17:00,266.35,266.35,266.35,266.35,0
2026-09-03 15:18:00,266.35,266.35,266.35,266.35,0
2026-09-03 15:19:00,266.35,266.35,266.35,266.35,0
2026-09-03 15:20:00,266.35,266.35,266.35,266.35,0
2026-09-03 15:21:00,266.35,266.35,266.35,266.35,0
2026-09-03 15:22:00,266.35,266.35,266.35,266.35,0
2026-09-03 15:23:00,266.35,266.35,266.35,266.35,0
2026-09-03 15:24:00,266.35,266.35,266.35,266.35,0
2026-09-03 15:25:00,266.35,266.35,266.35,266.35,0
2026-09-03 15:26:00,266.35,266.35,266.35,266.35,0
2026-09-03 15:27:00,266.35,266.35,266.35,266.35,0
2026-09-03 15:28:00,266.35,266.35,266.35,266.35,0
2026-09-03 15:29:00,265.60,265.60,265.60,265.60,379423
2026-09-04 09:15:00,266.90,267.50,266.40,266.60,133574
2026-09-04 09:16:00,266.60,266.75,266.30,266.40,60128
2026-09-04 09:17:00,266.45,266.50,265.90,265.95,67721
2026-09-04 09:18:00,266.10,266.10,265.80,266.00,55546
2026-09-04 09:19:00,266.10,266.30,265.90,266.30,42407
2026-09-04 09:20:00,266.30,266.30,266.20,266.30,20568
2026-09-04 09:21:00,266.30,266.30,266.15,266.25,11813
2026-09-04 09:22:00,266.25,266.30,266.20,266.30,11544
2026-09-04 09:23:00,266.30,266.35,266.25,266.35,5819
2026-09-04 09:24:00,266.35,266.50,266.30,266.50,13686
2026-09-04 09:25:00,266.55,266.55,266.35,266.40,14932
2026-09-04 09:26:00,266.40,266.40,266.20,266.30,19866
2026-09-04 09:27:00,266.35,266.35,266.05,266.05,17636
2026-09-04 09:28:00,266.05,266.10,265.80,265.85,27983
2026-09-04 09:29:00,265.80,265.90,265.70,265.85,26573
2026-09-04 09:30:00,265.80,266.00,265.80,265.90,22743
2026-09-04 09:31:00,265.95,265.95,265.85,265.95,24159
2026-09-04 09:32:00,265.95,266.00,265.85,265.90,11161
2026-09-04 09:33:00,265.90,266.30,265.90,266.30,24099
2026-09-04 09:34:00,266.30,266.40,266.30,266.35,13014
2026-09-04 09:35:00,266.35,266.35,266.30,266.30,2053
2026-09-04 09:36:00,266.30,266.70,266.30,266.60,47658
2026-09-04 09:37:00,266.60,266.70,266.55,266.55,14708
2026-09-04 09:38:00,266.55,266.75,266.55,266.60,13680
2026-09-04 09:39:00,266.75,266.75,266.65,266.75,10462
2026-09-04 09:40:00,266.75,266.75,266.50,266.50,59304
2026-09-04 09:41:00,266.50,266.60,266.40,266.45,12898
2026-09-04 09:42:00,266.45,266.50,266.40,266.50,11749
2026-09-04 09:43:00,266.50,266.50,266.40,266.40,3902
2026-09-04 09:44:00,266.45,266.45,266.30,266.30,8360
2026-09-04 09:45:00,266.30,266.35,266.25,266.30,18858
2026-09-04 09:46:00,266.35,266.35,266.30,266.35,3112
2026-09-04 09:47:00,266.40,266.40,266.35,266.35,8554
2026-09-04 09:48:00,266.30,266.30,266.20,266.25,19087
2026-09-04 09:49:00,266.25,266.35,266.20,266.25,23159
2026-09-04 09:50:00,266.25,266.25,266.20,266.25,4764
2026-09-04 09:51:00,266.25,266.25,266.20,266.25,13565
2026-09-04 09:52:00,266.25,266.45,266.25,266.45,14334
2026-09-04 09:53:00,266.45,266.45,266.40,266.40,1905
2026-09-04 09:54:00,266.45,266.45,266.40,266.45,4848
2026-09-04 09:55:00,266.45,266.55,266.40,266.40,17415
2026-09-04 09:56:00,266.45,266.45,266.30,266.30,14210
2026-09-04 09:57:00,266.35,266.35,266.30,266.35,3836
2026-09-04 09:58:00,266.35,266.35,266.30,266.30,3980
2026-09-04 09:59:00,266.35,266.50,266.35,266.45,22095
2026-09-04 10:00:00,266.45,266.50,266.45,266.45,6518
2026-09-04 10:01:00,266.45,266.60,266.45,266.55,10913
2026-09-04 10:02:00,266.55,266.55,266.50,266.55,5808
2026-09-04 10:03:00,266.55,266.60,266.50,266.55,8593
2026-09-04 10:04:00,266.55,266.60,266.55,266.60,7986
2026-09-04 10:05:00,266.60,266.60,266.35,266.35,15904
2026-09-04 10:06:00,266.40,266.40,266.25,266.30,7935
2026-09-04 10:07:00,266.25,266.30,266.20,266.20,12655
2026-09-04 10:08:00,266.30,266.40,266.25,266.40,18504
2026-09-04 10:09:00,266.40,266.50,266.40,266.45,10998
2026-09-04 10:10:00,266.55,266.55,266.25,266.40,10958
2026-09-04 10:11:00,266.40,266.45,266.30,266.45,4455
2026-09-04 10:12:00,266.45,266.85,266.35,266.85,28711
2026-09-04 10:13:00,266.90,267.25,266.80,266.90,28861
2026-09-04 10:14:00,266.90,266.95,266.85,266.85,16013
2026-09-04 10:15:00,266.90,266.90,266.70,266.70,22073
2026-09-04 10:16:00,266.75,266.75,266.65,266.70,5319
2026-09-04 10:17:00,266.70,266.70,266.55,266.60,25548
2026-09-04 10:18:00,266.60,266.70,266.55,266.70,8869
2026-09-04 10:19:00,266.70,266.75,266.65,266.70,4851
2026-09-04 10:20:00,266.75,266.75,266.65,266.70,3354
2026-09-04 10:21:00,266.70,266.70,266.60,266.65,5353
2026-09-04 10:22:00,266.65,266.65,266.60,266.65,2768
2026-09-04 10:23:00,266.60,266.90,266.60,266.80,14580
2026-09-04 10:24:00,266.90,266.90,266.80,266.85,2610
2026-09-04 10:25:00,266.85,266.85,266.80,266.85,4053
2026-09-04 10:26:00,266.85,266.85,266.75,266.75,8123
2026-09-04 10:27:00,266.80,266.80,266.75,266.80,6625
2026-09-04 10:28:00,266.85,266.85,266.80,266.85,5732
2026-09-04 10:29:00,266.85,266.85,266.65,266.65,9825
2026-09-04 10:30:00,266.70,266.70,266.65,266.70,3765
2026-09-04 10:31:00,266.70,266.70,266.65,266.70,2778
2026-09-04 10:32:00,266.70,266.70,266.65,266.70,6144
2026-09-04 10:33:00,266.60,266.70,266.60,266.65,2431
2026-09-04 10:34:00,266.70,266.70,266.15,266.15,41853
2026-09-04 10:35:00,266.15,266.15,266.05,266.05,33995
2026-09-04 10:36:00,266.05,266.05,266.00,266.05,12480
2026-09-04 10:37:00,266.05,266.40,266.00,266.25,37436
2026-09-04 10:38:00,266.40,266.40,266.25,266.30,19994
2026-09-04 10:39:00,266.30,266.40,266.15,266.30,6407
2026-09-04 10:40:00,266.30,266.40,266.20,266.25,15293
2026-09-04 10:41:00,266.30,266.30,266.05,266.05,12997
2026-09-04 10:42:00,266.10,266.30,266.05,266.25,29831
2026-09-04 10:43:00,266.25,266.30,266.20,266.20,6887
2026-09-04 10:44:00,266.20,266.30,266.10,266.20,12829
2026-09-04 10:45:00,266.20,266.20,266.15,266.20,2242
2026-09-04 10:46:00,266.20,266.20,265.90,266.05,78337
2026-09-04 10:47:00,266.10,266.15,266.05,266.10,8138
2026-09-04 10:48:00,266.15,266.20,266.10,266.20,4906
2026-09-04 10:49:00,266.25,266.35,266.10,266.15,32505
2026-09-04 10:50:00,266.20,266.35,266.00,266.25,58704
2026-09-04 10:51:00,266.15,266.45,265.95,266.00,106760
2026-09-04 10:52:00,266.00,266.50,265.95,266.30,33950
2026-09-04 10:53:00,266.35,266.40,266.30,266.40,2077
2026-09-04 10:54:00,266.35,266.40,266.30,266.40,3586
2026-09-04 10:55:00,266.40,266.75,266.30,266.45,156232
2026-09-04 10:56:00,266.50,266.95,266.40,266.55,146037
2026-09-04 10:57:00,266.55,266.55,266.40,266.45,6937
2026-09-04 10:58:00,266.50,266.50,266.40,266.40,5149
2026-09-04 10:59:00,266.50,266.95,266.40,266.80,85620
2026-09-04 11:00:00,266.80,267.05,266.75,266.85,70454
2026-09-04 11:01:00,266.85,267.05,266.80,266.80,23177
2026-09-04 11:02:00,266.80,266.90,266.50,266.50,17433
2026-09-04 11:03:00,266.65,266.65,266.60,266.65,10342
2026-09-04 11:04:00,266.65,266.70,266.55,266.55,20113
2026-09-04 11:05:00,266.55,266.55,266.40,266.40,9731
2026-09-04 11:06:00,266.45,266.50,266.40,266.45,11569
2026-09-04 11:07:00,266.50,266.50,266.35,266.35,9684
2026-09-04 11:08:00,266.40,266.40,266.35,266.35,11113
2026-09-04 11:09:00,266.40,266.40,266.10,266.30,37364
2026-09-04 11:10:00,266.35,266.40,266.30,266.35,8738
2026-09-04 11:11:00,266.35,266.35,266.30,266.35,4650
2026-09-04 11:12:00,266.35,266.80,266.30,266.80,27442
2026-09-04 11:13:00,266.80,266.80,266.65,266.70,4990
2026-09-04 11:14:00,266.70,266.70,266.50,266.55,2565
2026-09-04 11:15:00,266.55,266.65,266.50,266.65,7795
2026-09-04 11:16:00,266.65,267.05,266.60,266.85,63808
2026-09-04 11:17:00,266.95,267.05,266.80,267.05,20570
2026-09-04 11:18:00,267.05,267.05,266.80,266.90,10847
2026-09-04 11:19:00,267.00,267.00,266.85,267.00,4149
2026-09-04 11:20:00,267.00,267.10,267.00,267.10,6305
2026-09-04 11:21:00,267.10,267.10,266.70,267.00,41116
2026-09-04 11:22:00,267.00,267.10,266.90,267.10,3198
2026-09-04 11:23:00,267.10,267.10,267.00,267.05,2764
2026-09-04 11:24:00,267.10,267.10,266.95,267.05,6647
2026-09-04 11:25:00,267.05,267.05,266.90,267.05,3950
2026-09-04 11:26:00,267.05,267.05,267.00,267.05,1615
2026-09-04 11:27:00,267.00,267.05,266.95,267.00,5988
2026-09-04 11:28:00,267.00,267.10,266.95,267.05,15411
2026-09-04 11:29:00,267.05,267.10,266.95,267.05,17486
2026-09-04 11:30:00,267.05,267.05,266.80,267.05,9553
2026-09-04 11:31:00,267.05,267.05,266.90,267.05,3576
2026-09-04 11:32:00,267.05,267.05,266.95,267.05,2142
2026-09-04 11:33:00,266.95,267.05,266.80,266.95,11099
2026-09-04 11:34:00,266.95,267.00,266.90,267.00,7734
2026-09-04 11:35:00,267.00,267.00,266.90,267.00,3417
2026-09-04 11:36:00,267.00,267.00,266.95,267.00,4393
2026-09-04 11:37:00,267.00,267.00,266.95,267.00,5063
2026-09-04 11:38:00,267.00,267.10,266.95,267.10,17980
2026-09-04 11:39:00,267.10,267.10,267.00,267.10,5218
2026-09-04 11:40:00,267.05,267.05,267.00,267.05,6044
2026-09-04 11:41:00,267.05,267.05,267.00,267.00,3226
2026-09-04 11:42:00,267.00,267.05,266.95,267.05,6017
2026-09-04 11:43:00,267.05,267.05,266.90,267.00,13335
2026-09-04 11:44:00,267.00,267.10,266.90,267.00,64302
2026-09-04 11:45:00,267.00,267.00,266.90,266.90,5923
2026-09-04 11:46:00,266.90,266.90,266.85,266.90,7482
2026-09-04 11:47:00,266.90,267.10,266.90,267.05,52088
2026-09-04 11:48:00,267.05,267.05,266.90,267.05,10086
2026-09-04 11:49:00,267.00,267.00,266.95,267.00,4290
2026-09-04 11:50:00,267.00,267.00,266.80,266.80,15818
2026-09-04 11:51:00,266.75,266.85,266.35,266.35,109116
2026-09-04 11:52:00,266.40,266.45,266.20,266.35,47558
2026-09-04 11:53:00,266.30,266.35,265.75,265.85,34137
2026-09-04 11:54:00,265.85,265.85,265.80,265.85,10987
2026-09-04 11:55:00,265.85,265.85,265.50,265.60,17708
2026-09-04 11:56:00,265.50,266.20,265.50,266.15,129025
2026-09-04 11:57:00,266.15,266.15,266.00,266.15,7221
2026-09-04 11:58:00,266.15,266.15,266.00,266.15,9034
2026-09-04 11:59:00,266.15,266.15,265.90,265.90,101047
2026-09-04 12:00:00,265.95,265.95,265.70,265.75,18837
2026-09-04 12:01:00,265.75,266.10,265.60,266.00,39012
2026-09-04 12:02:00,266.10,266.15,266.00,266.10,6669
2026-09-04 12:03:00,266.10,266.15,265.75,265.75,121257
2026-09-04 12:04:00,265.90,265.90,265.75,265.80,17748
2026-09-04 12:05:00,265.80,265.85,265.75,265.85,11295
2026-09-04 12:06:00,265.80,265.85,265.75,265.80,4833
2026-09-04 12:07:00,265.80,265.85,265.70,265.70,9089
2026-09-04 12:08:00,265.75,265.80,265.70,265.80,5791
2026-09-04 12:09:00,265.80,265.80,265.65,265.70,7311
2026-09-04 12:10:00,265.70,265.70,265.60,265.60,6174
2026-09-04 12:11:00,265.60,265.65,265.50,265.50,12552
2026-09-04 12:12:00,265.60,265.60,265.50,265.60,8637
2026-09-04 12:13:00,265.50,265.60,265.50,265.55,7610
2026-09-04 12:14:00,265.55,265.55,265.40,265.50,7046
2026-09-04 12:15:00,265.50,265.55,265.35,265.50,13278
2026-09-04 12:16:00,265.50,265.55,265.40,265.55,16828
2026-09-04 12:17:00,265.50,265.60,265.40,265.50,6236
2026-09-04 12:18:00,265.55,265.60,265.45,265.60,8513
2026-09-04 12:19:00,265.60,265.60,265.45,265.45,9174
2026-09-04 12:20:00,265.55,265.60,265.40,265.50,8450
2026-09-04 12:21:00,265.45,265.45,265.30,265.45,17900
2026-09-04 12:22:00,265.50,265.50,265.30,265.40,5085
2026-09-04 12:23:00,265.45,265.45,265.30,265.40,7293
2026-09-04 12:24:00,265.40,265.40,265.30,265.35,6760
2026-09-04 12:25:00,265.35,265.35,265.25,265.30,9342
2026-09-04 12:26:00,265.25,265.30,265.25,265.30,9186
2026-09-04 12:27:00,265.30,265.30,265.20,265.25,9391
2026-09-04 12:28:00,265.25,265.30,265.20,265.20,13695
2026-09-04 12:29:00,265.25,265.30,265.20,265.25,7848
2026-09-04 12:30:00,265.30,265.30,265.25,265.30,7165
2026-09-04 12:31:00,265.30,265.30,265.25,265.25,5106
2026-09-04 12:32:00,265.30,265.35,265.25,265.30,9073
2026-09-04 12:33:00,265.35,265.35,265.30,265.35,6543
2026-09-04 12:34:00,265.35,265.35,265.25,265.35,14038
2026-09-04 12:35:00,265.35,265.40,265.25,265.35,13022
2026-09-04 12:36:00,265.40,265.40,265.25,265.30,7319
2026-09-04 12:37:00,265.40,265.40,265.30,265.35,5103
2026-09-04 12:38:00,265.35,265.35,265.30,265.35,5810
2026-09-04 12:39:00,265.35,265.35,265.30,265.35,10162
2026-09-04 12:40:00,265.35,265.35,265.30,265.35,8622
2026-09-04 12:41:00,265.35,265.35,265.25,265.30,7217
2026-09-04 12:42:00,265.30,265.30,265.25,265.30,7349
2026-09-04 12:43:00,265.30,265.30,265.25,265.30,4870
2026-09-04 12:44:00,265.30,265.35,265.25,265.35,8691
2026-09-04 12:45:00,265.35,265.35,265.25,265.30,7581
2026-09-04 12:46:00,265.30,265.30,265.15,265.20,40091
2026-09-04 12:47:00,265.20,265.20,265.15,265.20,10307
2026-09-04 12:48:00,265.20,265.20,265.15,265.20,6075
2026-09-04 12:49:00,265.20,265.20,265.15,265.20,7930
2026-09-04 12:50:00,265.20,265.20,265.15,265.20,9073
2026-09-04 12:51:00,265.20,265.20,265.10,265.10,8627
2026-09-04 12:52:00,265.15,265.15,265.05,265.15,11260
2026-09-04 12:53:00,265.20,266.00,265.15,265.95,454897
2026-09-04 12:54:00,265.95,265.95,265.45,265.50,26678
2026-09-04 12:55:00,265.50,265.55,265.30,265.40,11659
2026-09-04 12:56:00,265.45,265.50,265.35,265.45,9614
2026-09-04 12:57:00,265.45,265.45,265.30,265.30,4803
2026-09-04 12:58:00,265.25,265.40,265.20,265.40,10713
2026-09-04 12:59:00,265.40,265.50,265.30,265.50,8772
2026-09-04 13:00:00,265.50,265.55,265.35,265.55,5947
2026-09-04 13:01:00,265.55,265.60,265.40,265.40,5298
2026-09-04 13:02:00,265.55,265.55,265.40,265.50,5112
2026-09-04 13:03:00,265.55,265.55,265.40,265.40,5202
2026-09-04 13:04:00,265.50,265.50,265.35,265.45,5203
2026-09-04 13:05:00,265.40,265.50,265.35,265.35,5465
2026-09-04 13:06:00,265.45,265.50,265.30,265.40,10537
2026-09-04 13:07:00,265.40,265.50,265.35,265.40,4020
2026-09-04 13:08:00,265.40,265.50,265.35,265.35,6657
2026-09-04 13:09:00,265.45,265.50,265.35,265.50,9385
2026-09-04 13:10:00,265.50,265.65,265.45,265.60,6067
2026-09-04 13:11:00,265.65,265.65,265.50,265.55,15142
2026-09-04 13:12:00,265.60,265.65,265.60,265.65,10902
2026-09-04 13:13:00,265.65,265.65,265.55,265.65,10107
2026-09-04 13:14:00,265.65,265.75,265.60,265.65,51386
2026-09-04 13:15:00,265.65,265.75,265.60,265.70,8912
2026-09-04 13:16:00,265.75,265.75,265.65,265.75,9102
2026-09-04 13:17:00,265.75,265.80,265.65,265.80,8555
2026-09-04 13:18:00,265.80,265.80,265.70,265.80,5188
2026-09-04 13:19:00,265.75,265.80,265.65,265.70,9168
2026-09-04 13:20:00,265.70,265.75,265.60,265.70,7398
2026-09-04 13:21:00,265.60,265.70,265.60,265.65,5680
2026-09-04 13:22:00,265.65,265.70,265.55,265.60,7228
2026-09-04 13:23:00,265.70,265.70,265.55,265.70,7626
2026-09-04 13:24:00,265.70,265.75,265.55,265.75,11481
2026-09-04 13:25:00,265.75,265.75,265.60,265.75,8673
2026-09-04 13:26:00,265.75,265.75,265.60,265.60,7180
2026-09-04 13:27:00,265.70,265.70,265.55,265.70,5266
2026-09-04 13:28:00,265.55,265.70,265.55,265.70,5927
2026-09-04 13:29:00,265.70,265.75,265.60,265.75,11415
2026-09-04 13:30:00,265.75,265.75,265.60,265.60,8072
2026-09-04 13:31:00,265.75,265.75,265.60,265.65,5631
2026-09-04 13:32:00,265.65,265.65,265.55,265.65,6362
2026-09-04 13:33:00,265.65,265.65,265.55,265.65,9134
2026-09-04 13:34:00,265.65,265.70,265.55,265.55,5486
2026-09-04 13:35:00,265.65,265.65,265.55,265.65,10508
2026-09-04 13:36:00,265.65,265.70,265.50,265.70,10604
2026-09-04 13:37:00,265.65,265.70,265.55,265.70,7108
2026-09-04 13:38:00,265.65,265.70,265.50,265.65,20092
2026-09-04 13:39:00,265.65,265.65,265.50,265.60,5734
2026-09-04 13:40:00,265.55,265.65,265.55,265.65,6902
2026-09-04 13:41:00,265.65,265.70,265.60,265.70,9366
2026-09-04 13:42:00,265.70,265.70,265.50,265.60,5807
2026-09-04 13:43:00,265.60,265.65,265.50,265.65,8204
2026-09-04 13:44:00,265.65,265.65,265.50,265.60,8459
2026-09-04 13:45:00,265.55,265.65,265.50,265.60,6702
2026-09-04 13:46:00,265.60,265.65,265.50,265.60,6717
2026-09-04 13:47:00,265.60,265.60,265.50,265.60,8505
2026-09-04 13:48:00,265.60,265.65,265.55,265.65,9047
2026-09-04 13:49:00,265.55,265.65,265.50,265.55,4776
2026-09-04 13:50:00,265.55,265.55,265.35,265.50,65189
2026-09-04 13:51:00,265.50,265.50,265.30,265.40,7152
2026-09-04 13:52:00,265.40,265.60,265.30,265.60,25641
2026-09-04 13:53:00,265.55,265.60,265.45,265.60,5040
2026-09-04 13:54:00,265.55,265.55,265.40,265.40,5381
2026-09-04 13:55:00,265.50,265.50,265.35,265.40,5329
2026-09-04 13:56:00,265.40,265.50,265.35,265.50,8312
2026-09-04 13:57:00,265.50,265.50,265.35,265.50,5306
2026-09-04 13:58:00,265.50,265.50,265.40,265.50,5529
2026-09-04 13:59:00,265.50,265.50,265.35,265.50,6410
2026-09-04 14:00:00,265.45,265.45,265.35,265.40,9464
2026-09-04 14:01:00,265.45,265.45,265.35,265.40,5487
2026-09-04 14:02:00,265.40,265.45,265.35,265.45,7814
2026-09-04 14:03:00,265.45,265.45,265.35,265.40,2230
2026-09-04 14:04:00,265.35,265.45,265.35,265.35,12061
2026-09-04 14:05:00,265.45,265.45,265.30,265.40,5925
2026-09-04 14:06:00,265.40,266.10,265.35,266.10,237947
2026-09-04 14:07:00,265.95,266.20,265.90,265.95,126193
2026-09-04 14:08:00,266.00,266.00,265.90,266.00,3737
2026-09-04 14:09:00,265.95,265.95,265.80,265.85,2720
2026-09-04 14:10:00,265.85,265.95,265.75,265.80,20334
2026-09-04 14:11:00,265.95,265.95,265.80,265.85,5647
2026-09-04 14:12:00,265.85,265.90,265.75,265.75,2450
2026-09-04 14:13:00,265.80,265.80,265.70,265.70,13716
2026-09-04 14:14:00,265.75,265.75,265.65,265.70,5171
2026-09-04 14:15:00,265.75,265.75,265.65,265.65,7162
2026-09-04 14:16:00,265.70,265.70,265.60,265.60,8758
2026-09-04 14:17:00,265.70,265.75,265.65,265.65,6577
2026-09-04 14:18:00,265.70,265.80,265.70,265.80,10302
2026-09-04 14:19:00,265.80,265.90,265.75,265.75,6197
2026-09-04 14:20:00,265.85,265.85,265.75,265.75,2114
2026-09-04 14:21:00,265.75,265.80,265.75,265.75,5009
2026-09-04 14:22:00,265.80,265.80,265.75,265.80,1663
2026-09-04 14:23:00,265.80,265.80,265.75,265.80,3145
2026-09-04 14:24:00,265.80,265.80,265.70,265.80,15920
2026-09-04 14:25:00,265.85,265.90,265.80,265.85,6449
2026-09-04 14:26:00,265.90,265.95,265.85,265.85,3644
2026-09-04 14:27:00,265.90,265.90,265.80,265.85,12447
2026-09-04 14:28:00,265.85,265.85,265.80,265.80,11877
2026-09-04 14:29:00,265.85,265.85,265.75,265.75,12368
2026-09-04 14:30:00,265.80,265.80,265.75,265.80,13711
2026-09-04 14:31:00,265.75,265.85,265.75,265.80,9243
2026-09-04 14:32:00,265.80,265.90,265.75,265.80,8377
2026-09-04 14:33:00,265.85,265.85,265.75,265.80,2159
2026-09-04 14:34:00,265.80,265.80,265.75,265.75,4219
2026-09-04 14:35:00,265.80,265.85,265.75,265.80,6609
2026-09-04 14:36:00,265.80,265.85,265.75,265.80,2120
2026-09-04 14:37:00,265.75,265.80,265.65,265.65,8189
2026-09-04 14:38:00,265.70,265.70,265.60,265.60,4947
2026-09-04 14:39:00,265.70,265.70,265.50,265.50,6046
2026-09-04 14:40:00,265.60,265.60,265.50,265.50,22308
2026-09-04 14:41:00,265.60,265.65,265.50,265.50,15287
2026-09-04 14:42:00,265.55,265.55,265.50,265.50,3029
2026-09-04 14:43:00,265.55,265.60,265.45,265.50,19440
2026-09-04 14:44:00,265.50,265.60,265.45,265.45,14078
2026-09-04 14:45:00,265.50,265.55,265.40,265.50,15731
2026-09-04 14:46:00,265.55,265.55,265.45,265.50,11505
2026-09-04 14:47:00,265.45,265.60,265.45,265.55,17129
2026-09-04 14:48:00,265.55,265.60,265.50,265.60,7164
2026-09-04 14:49:00,265.60,265.60,265.50,265.55,4428
2026-09-04 14:50:00,265.60,265.60,265.50,265.55,7014
2026-09-04 14:51:00,265.55,266.30,265.50,266.20,305138
2026-09-04 14:52:00,266.35,266.35,265.95,266.10,193874
2026-09-04 14:53:00,266.05,266.10,265.90,266.00,28183
2026-09-04 14:54:00,266.00,266.00,265.90,265.95,8225
2026-09-04 14:55:00,265.95,266.00,265.85,265.95,23637
2026-09-04 14:56:00,266.00,266.00,265.90,265.95,13593
2026-09-04 14:57:00,265.95,265.95,265.90,265.95,7779
2026-09-04 14:58:00,265.90,266.05,265.90,266.00,24322
2026-09-04 14:59:00,266.00,266.00,265.95,265.95,7448
2026-09-04 15:00:00,266.00,266.05,265.95,266.05,32136
2026-09-04 15:01:00,266.00,266.45,266.00,266.40,125059
2026-09-04 15:02:00,266.40,266.60,266.40,266.50,69067
2026-09-04 15:03:00,266.45,266.50,266.30,266.30,46085
2026-09-04 15:04:00,266.30,266.40,266.25,266.25,40681
2026-09-04 15:05:00,266.30,266.30,266.15,266.15,60369
2026-09-04 15:06:00,266.15,266.20,266.15,266.20,26565
2026-09-04 15:07:00,266.20,266.20,266.15,266.20,45639
2026-09-04 15:08:00,266.25,266.30,266.20,266.25,43422
2026-09-04 15:09:00,266.25,266.25,266.20,266.25,47402
2026-09-04 15:10:00,266.25,266.25,266.20,266.25,93311
2026-09-04 15:11:00,266.30,266.30,266.20,266.20,125332
2026-09-04 15:12:00,266.25,266.25,266.10,266.10,72372
2026-09-04 15:13:00,266.10,266.10,265.80,265.85,93939
2026-09-04 15:14:00,265.95,266.40,265.95,266.25,57739
2026-09-04 15:15:00,265.60,265.60,265.60,265.60,615
2026-09-04 15:16:00,265.60,265.60,265.60,265.60,0
2026-09-04 15:17:00,265.60,265.60,265.60,265.60,0
2026-09-04 15:18:00,265.60,265.60,265.60,265.60,0
2026-09-04 15:19:00,265.60,265.60,265.60,265.60,0
2026-09-04 15:20:00,265.60,265.60,265.60,265.60,0
2026-09-04 15:21:00,265.60,265.60,265.60,265.60,0
2026-09-04 15:22:00,265.60,265.60,265.60,265.60,0
2026-09-04 15:23:00,265.60,265.60,265.60,265.60,0
2026-09-04 15:24:00,265.60,265.60,265.60,265.60,0
2026-09-04 15:25:00,265.60,265.60,265.60,265.60,0
2026-09-04 15:26:00,265.60,265.60,265.60,265.60,0
2026-09-04 15:27:00,265.60,265.60,265.60,265.60,0
2026-09-04 15:28:00,265.60,266.00,265.60,266.00,311995
2026-09-04 15:29:00,266.00,266.00,266.00,266.00,0
2026-09-07 09:10:00,266.00,266.00,266.00,266.00,23271
2026-09-07 09:11:00,266.00,266.00,266.00,266.00,0
2026-09-07 09:12:00,266.00,266.00,266.00,266.00,0
2026-09-07 09:13:00,266.00,266.00,266.00,266.00,0
2026-09-07 09:14:00,266.00,266.00,266.00,266.00,0
2026-09-07 09:15:00,266.00,266.45,265.25,265.25,41499
2026-09-07 09:16:00,265.20,265.20,264.65,264.95,64123
2026-09-07 09:17:00,265.00,265.10,264.70,264.85,34348
2026-09-07 09:18:00,264.75,264.85,264.50,264.60,27358
2026-09-07 09:19:00,264.30,264.90,264.25,264.85,42501
2026-09-07 09:20:00,264.80,264.95,264.80,264.80,12237
2026-09-07 09:21:00,264.55,264.75,264.55,264.65,7364
2026-09-07 09:22:00,264.70,264.75,264.60,264.70,11360
2026-09-07 09:23:00,264.70,264.90,264.70,264.80,10985
2026-09-07 09:24:00,264.80,264.80,264.65,264.70,4836
2026-09-07 09:25:00,264.70,264.70,264.60,264.65,3821
2026-09-07 09:26:00,264.65,264.90,264.60,264.85,9714
2026-09-07 09:27:00,264.90,265.00,264.85,264.95,8424
2026-09-07 09:28:00,264.85,265.05,264.85,265.05,3443
2026-09-07 09:29:00,264.95,265.15,264.90,264.95,9062
2026-09-07 09:30:00,264.85,265.00,264.85,265.00,7264
2026-09-07 09:31:00,264.95,265.60,264.95,265.30,25308
2026-09-07 09:32:00,265.30,265.30,265.20,265.30,1681
2026-09-07 09:33:00,265.20,265.30,265.20,265.25,3785
2026-09-07 09:34:00,265.30,265.45,265.30,265.40,7701
2026-09-07 09:35:00,265.45,265.55,265.40,265.55,4239
2026-09-07 09:36:00,265.55,265.60,265.55,265.60,3602
2026-09-07 09:37:00,265.60,265.60,265.35,265.35,4922
2026-09-07 09:38:00,265.70,265.85,265.70,265.80,33686
2026-09-07 09:39:00,265.80,265.80,265.50,265.60,3114
2026-09-07 09:40:00,265.55,265.80,265.55,265.75,5328
2026-09-07 09:41:00,265.70,266.15,265.70,266.05,21856
2026-09-07 09:42:00,266.10,266.15,266.00,266.15,8414
2026-09-07 09:43:00,266.15,266.25,266.10,266.20,12713
2026-09-07 09:44:00,266.10,266.20,266.10,266.10,8941
2026-09-07 09:45:00,266.10,266.20,266.10,266.20,3058
2026-09-07 09:46:00,266.15,266.25,266.10,266.20,6529
2026-09-07 09:47:00,266.15,266.25,266.15,266.15,4716
2026-09-07 09:48:00,266.20,266.30,266.15,266.20,11344
2026-09-07 09:49:00,266.20,266.25,266.15,266.15,7082
2026-09-07 09:50:00,266.15,266.25,266.10,266.10,3873
2026-09-07 09:51:00,266.10,266.15,266.05,266.15,4669
2026-09-07 09:52:00,266.05,266.15,266.05,266.10,6099
2026-09-07 09:53:00,266.05,266.10,266.05,266.10,6287
2026-09-07 09:54:00,266.05,266.10,265.85,265.95,9042
2026-09-07 09:55:00,265.85,265.95,265.85,265.85,4453
2026-09-07 09:56:00,265.95,266.15,265.85,266.10,33093
2026-09-07 09:57:00,266.10,266.20,266.10,266.15,3029
2026-09-07 09:58:00,266.20,266.20,266.15,266.15,2644
2026-09-07 09:59:00,266.10,266.30,266.05,266.30,5183
2026-09-07 10:00:00,266.25,266.30,266.05,266.05,7284
2026-09-07 10:01:00,266.05,266.15,266.00,266.00,3691
2026-09-07 10:02:00,266.10,266.10,266.00,266.05,2626
2026-09-07 10:03:00,266.05,266.10,266.00,266.10,2643
2026-09-07 10:04:00,266.05,266.10,266.00,266.00,2731
2026-09-07 10:05:00,266.05,266.05,265.80,265.85,30896
2026-09-07 10:06:00,265.85,265.90,265.70,265.85,13286
2026-09-07 10:07:00,265.90,265.90,265.80,265.90,2536
2026-09-07 10:08:00,265.90,265.90,265.60,265.65,29576
2026-09-07 10:09:00,265.60,265.65,265.60,265.60,3077
2026-09-07 10:10:00,265.60,265.65,265.50,265.55,5921
2026-09-07 10:11:00,265.50,265.55,265.50,265.55,1982
2026-09-07 10:12:00,265.50,265.55,265.40,265.55,2538
2026-09-07 10:13:00,265.45,265.55,265.45,265.50,2378
2026-09-07 10:14:00,265.50,265.50,265.35,265.50,5962
2026-09-07 10:15:00,265.35,265.50,265.35,265.40,2323
2026-09-07 10:16:00,265.40,265.40,265.25,265.35,3891
2026-09-07 10:17:00,265.35,265.45,265.35,265.45,3843
2026-09-07 10:18:00,265.45,265.60,265.35,265.60,4984
2026-09-07 10:19:00,265.60,265.60,265.50,265.50,1898
2026-09-07 10:20:00,265.45,266.75,265.40,266.60,266869
2026-09-07 10:21:00,266.60,266.70,266.60,266.70,2510
2026-09-07 10:22:00,266.60,267.90,266.60,267.35,114818
2026-09-07 10:23:00,267.25,267.45,267.20,267.25,18701
2026-09-07 10:24:00,267.45,267.55,267.20,267.30,6185
2026-09-07 10:25:00,267.30,268.20,267.25,268.05,64892
2026-09-07 10:26:00,268.05,268.15,268.00,268.10,13622
2026-09-07 10:27:00,268.00,268.30,268.00,268.00,20422
2026-09-07 10:28:00,268.15,268.30,268.05,268.20,10386
2026-09-07 10:29:00,268.15,268.25,268.10,268.10,5930
2026-09-07 10:30:00,268.25,268.25,268.10,268.20,7514
2026-09-07 10:31:00,268.20,268.25,268.05,268.25,33753
2026-09-07 10:32:00,268.20,268.20,268.05,268.05,2518
2026-09-07 10:33:00,268.05,268.10,267.95,268.00,11235
2026-09-07 10:34:00,268.00,268.00,267.90,267.95,4677
2026-09-07 10:35:00,267.85,267.95,267.70,267.75,5056
2026-09-07 10:36:00,267.75,267.75,267.70,267.70,2770
2026-09-07 10:37:00,267.70,268.00,267.70,267.95,19310
2026-09-07 10:38:00,268.00,268.20,268.00,268.05,11193
2026-09-07 10:39:00,268.05,268.05,268.00,268.05,6992
2026-09-07 10:40:00,268.05,268.30,268.05,268.30,27753
2026-09-07 10:41:00,268.30,268.40,268.15,268.25,32450
2026-09-07 10:42:00,268.30,268.40,268.20,268.30,11030
2026-09-07 10:43:00,268.30,268.30,268.20,268.30,7698
2026-09-07 10:44:00,268.30,268.30,268.15,268.25,4972
2026-09-07 10:45:00,268.20,268.25,268.15,268.15,2831
2026-09-07 10:46:00,268.20,268.20,267.90,268.10,9635
2026-09-07 10:47:00,268.10,268.10,267.90,268.05,18995
2026-09-07 10:48:00,268.10,268.10,267.90,268.05,9206
2026-09-07 10:49:00,268.00,268.05,267.90,267.90,11237
2026-09-07 10:50:00,267.85,267.95,267.80,267.90,21058
2026-09-07 10:51:00,267.90,268.00,267.90,267.95,10741
2026-09-07 10:52:00,267.95,268.05,267.90,268.00,14822
2026-09-07 10:53:00,268.05,268.05,267.90,267.90,6094
2026-09-07 10:54:00,268.00,268.00,267.90,267.90,11923
2026-09-07 10:55:00,268.00,268.00,267.90,267.95,5420
2026-09-07 10:56:00,267.95,267.95,267.75,267.85,23913
2026-09-07 10:57:00,267.90,268.00,267.85,268.00,38748
2026-09-07 10:58:00,268.00,268.05,267.85,268.05,13034
2026-09-07 10:59:00,268.05,268.10,267.95,268.10,8768
2026-09-07 11:00:00,268.10,268.15,268.00,268.15,8119
2026-09-07 11:01:00,268.10,268.60,268.10,268.60,70511
2026-09-07 11:02:00,268.60,268.60,268.40,268.55,8236
2026-09-07 11:03:00,268.45,268.55,268.40,268.50,5267
2026-09-07 11:04:00,268.50,268.80,268.40,268.75,40119
2026-09-07 11:05:00,268.80,268.80,268.50,268.70,23520
2026-09-07 11:06:00,268.60,268.70,268.50,268.50,6050
2026-09-07 11:07:00,268.55,268.55,268.30,268.35,7959
2026-09-07 11:08:00,268.30,268.45,268.20,268.30,6697
2026-09-07 11:09:00,268.30,268.30,268.05,268.15,14518
2026-09-07 11:10:00,268.15,268.20,268.05,268.10,8568
2026-09-07 11:11:00,268.05,268.35,268.00,268.20,29815
2026-09-07 11:12:00,268.20,268.20,268.05,268.20,14695
2026-09-07 11:13:00,268.20,268.20,268.05,268.10,5827
2026-09-07 11:14:00,268.15,268.30,268.15,268.30,7731
2026-09-07 11:15:00,268.25,268.35,268.10,268.15,3408
2026-09-07 11:16:00,268.10,268.15,268.05,268.10,6882
2026-09-07 11:17:00,268.10,268.30,268.05,268.30,15799
2026-09-07 11:18:00,268.25,268.35,268.15,268.25,7671
2026-09-07 11:19:00,268.20,268.20,268.05,268.15,3844
2026-09-07 11:20:00,268.15,268.25,268.15,268.25,4314
2026-09-07 11:21:00,268.20,268.25,268.20,268.20,3407
2026-09-07 11:22:00,268.25,268.25,268.20,268.25,2839
2026-09-07 11:23:00,268.25,268.25,268.20,268.25,6660
2026-09-07 11:24:00,268.25,268.25,268.10,268.15,6837
2026-09-07 11:25:00,268.15,268.15,268.05,268.05,2477
2026-09-07 11:26:00,268.10,268.10,267.95,267.95,4347
2026-09-07 11:27:00,268.00,268.00,267.85,267.95,11195
2026-09-07 11:28:00,267.90,267.95,267.85,267.95,6241
2026-09-07 11:29:00,267.95,267.95,267.90,267.95,5628
2026-09-07 11:30:00,267.90,267.95,267.75,267.90,10145
2026-09-07 11:31:00,267.85,267.85,267.70,267.80,6460
2026-09-07 11:32:00,267.80,267.80,267.70,267.80,4763
2026-09-07 11:33:00,267.80,267.90,267.80,267.85,2856
2026-09-07 11:34:00,267.85,267.85,267.80,267.85,5194
2026-09-07 11:35:00,267.80,267.85,267.80,267.80,3053
2026-09-07 11:36:00,267.65,267.80,267.60,267.75,43346
2026-09-07 11:37:00,267.70,268.05,267.65,268.05,24416
2026-09-07 11:38:00,268.05,268.15,268.05,268.15,8411
2026-09-07 11:39:00,268.15,268.15,268.05,268.15,3265
2026-09-07 11:40:00,268.15,268.20,268.10,268.15,3290
2026-09-07 11:41:00,268.15,268.15,268.05,268.15,3187
2026-09-07 11:42:00,268.15,268.15,268.05,268.10,4112
2026-09-07 11:43:00,268.10,268.10,268.05,268.10,1999
2026-09-07 11:44:00,268.05,268.10,268.00,268.05,9109
2026-09-07 11:45:00,268.00,268.05,268.00,268.05,2819
2026-09-07 11:46:00,268.05,268.05,268.00,268.05,3467
2026-09-07 11:47:00,268.05,268.05,268.00,268.05,7517
2026-09-07 11:48:00,268.00,268.05,267.85,267.90,10079
2026-09-07 11:49:00,267.90,268.05,267.85,268.05,24170
2026-09-07 11:50:00,268.05,268.15,268.05,268.15,12161
2026-09-07 11:51:00,268.05,268.25,268.05,268.20,3730
2026-09-07 11:52:00,268.20,268.20,268.05,268.05,4820
2026-09-07 11:53:00,268.00,268.05,268.00,268.05,3514
2026-09-07 11:54:00,268.05,268.05,267.85,267.90,22310
2026-09-07 11:55:00,267.85,268.00,267.85,267.95,34728
2026-09-07 11:56:00,267.90,267.90,267.85,267.90,2957
2026-09-07 11:57:00,267.85,267.90,267.80,267.85,2211
2026-09-07 11:58:00,267.85,267.85,267.80,267.85,3240
2026-09-07 11:59:00,267.85,267.85,267.60,267.65,11691
2026-09-07 12:00:00,267.65,267.65,267.45,267.50,9363
2026-09-07 12:01:00,267.45,267.50,267.40,267.50,15600
2026-09-07 12:02:00,267.40,267.50,267.35,267.40,6553
2026-09-07 12:03:00,267.40,267.50,267.35,267.50,5803
2026-09-07 12:04:00,267.50,267.50,267.40,267.50,2100
2026-09-07 12:05:00,267.50,267.50,267.35,267.40,9641
2026-09-07 12:06:00,267.40,267.50,267.40,267.50,5517
2026-09-07 12:07:00,267.45,267.60,267.45,267.60,7732
2026-09-07 12:08:00,267.50,267.70,267.50,267.70,7029
2026-09-07 12:09:00,267.70,267.70,267.50,267.65,2806
2026-09-07 12:10:00,267.65,267.65,267.35,267.40,7432
2026-09-07 12:11:00,267.40,267.40,267.30,267.40,4977
2026-09-07 12:12:00,267.40,267.60,267.35,267.60,8685
2026-09-07 12:13:00,267.50,267.50,267.40,267.45,3006
2026-09-07 12:14:00,267.45,267.45,267.40,267.45,3513
2026-09-07 12:15:00,267.40,267.45,267.40,267.40,3429
2026-09-07 12:16:00,267.45,267.45,267.35,267.45,4230
2026-09-07 12:17:00,267.40,267.45,267.40,267.40,4079
2026-09-07 12:18:00,267.35,267.45,267.35,267.45,6969
2026-09-07 12:19:00,267.45,267.45,267.35,267.40,3042
2026-09-07 12:20:00,267.35,267.40,267.25,267.35,3684
2026-09-07 12:21:00,267.30,267.80,267.30,267.75,14213
2026-09-07 12:22:00,267.75,267.80,267.65,267.75,4971
2026-09-07 12:23:00,267.75,267.75,267.65,267.70,1970
2026-09-07 12:24:00,267.70,267.80,267.60,267.65,18542
2026-09-07 12:25:00,267.80,267.85,267.65,267.65,20834
2026-09-07 12:26:00,267.65,267.70,267.55,267.65,3584
2026-09-07 12:27:00,267.60,267.60,267.55,267.60,2420
2026-09-07 12:28:00,267.55,267.60,267.50,267.60,3076
2026-09-07 12:29:00,267.45,267.55,267.45,267.50,5635
2026-09-07 12:30:00,267.45,267.85,267.40,267.70,142651
2026-09-07 12:31:00,267.70,267.85,267.50,267.85,142594
2026-09-07 12:32:00,267.70,268.05,267.60,267.60,198022
2026-09-07 12:33:00,267.60,268.15,267.60,268.05,36735
2026-09-07 12:34:00,268.00,268.10,268.00,268.05,302289
2026-09-07 12:35:00,268.00,268.10,268.00,268.05,27612
2026-09-07 12:36:00,268.05,268.05,268.00,268.05,4693
2026-09-07 12:37:00,268.00,268.05,268.00,268.00,9200
2026-09-07 12:38:00,268.00,268.10,268.00,268.00,171727
2026-09-07 12:39:00,268.00,268.05,267.95,268.05,119853
2026-09-07 12:40:00,268.00,268.05,268.00,268.05,23011
2026-09-07 12:41:00,268.05,268.05,268.00,268.05,39853
2026-09-07 12:42:00,268.00,268.05,268.00,268.05,10035
2026-09-07 12:43:00,268.00,268.05,268.00,268.00,5480
2026-09-07 12:44:00,268.05,268.05,268.00,268.05,29725
2026-09-07 12:45:00,268.00,268.05,268.00,268.05,16260
2026-09-07 12:46:00,268.00,268.05,268.00,268.05,14576
2026-09-07 12:47:00,268.00,268.05,267.60,267.70,103782
2026-09-07 12:48:00,267.55,267.65,267.45,267.50,13034
2026-09-07 12:49:00,267.50,267.65,267.45,267.45,13596
2026-09-07 12:50:00,267.45,267.55,267.45,267.50,4256
2026-09-07 12:51:00,267.45,267.60,267.45,267.50,6305
2026-09-07 12:52:00,267.50,267.60,267.50,267.55,4590
2026-09-07 12:53:00,267.60,267.60,267.50,267.50,3181
2026-09-07 12:54:00,267.50,267.55,267.45,267.55,3222
2026-09-07 12:55:00,267.45,267.50,267.20,267.20,9863
2026-09-07 12:56:00,267.30,267.40,267.20,267.20,6286
2026-09-07 12:57:00,267.25,267.35,267.20,267.35,4497
2026-09-07 12:58:00,267.35,267.35,267.25,267.25,1118
2026-09-07 12:59:00,267.35,267.35,267.25,267.35,6544
2026-09-07 13:00:00,267.25,267.35,267.25,267.30,3511
2026-09-07 13:01:00,267.30,267.35,267.15,267.35,9880
2026-09-07 13:02:00,267.35,267.35,267.25,267.30,3254
2026-09-07 13:03:00,267.25,267.30,267.25,267.30,3264
2026-09-07 13:04:00,267.30,267.35,267.25,267.35,4843
2026-09-07 13:05:00,267.35,268.05,267.30,268.05,240514
2026-09-07 13:06:00,268.05,268.15,267.90,267.95,25851
2026-09-07 13:07:00,267.95,267.95,267.85,267.85,3289
2026-09-07 13:08:00,267.90,267.90,267.80,267.80,1775
2026-09-07 13:09:00,267.90,267.90,267.70,267.70,3494
2026-09-07 13:10:00,267.75,267.75,267.70,267.70,1741
2026-09-07 13:11:00,267.70,267.75,267.60,267.70,3776
2026-09-07 13:12:00,267.70,267.95,267.65,267.85,10356
2026-09-07 13:13:00,267.90,267.90,267.75,267.80,2418
2026-09-07 13:14:00,268.10,268.20,268.00,268.10,44184
2026-09-07 13:15:00,268.10,268.10,268.00,268.00,2681
2026-09-07 13:16:00,268.05,268.05,268.00,268.00,3005
2026-09-07 13:17:00,268.05,268.05,267.80,267.95,110160
2026-09-07 13:18:00,267.80,267.90,267.80,267.80,1314
2026-09-07 13:19:00,267.90,267.90,267.65,267.65,5797
2026-09-07 13:20:00,267.70,267.70,267.65,267.65,3709
2026-09-07 13:21:00,267.60,267.65,267.60,267.60,2620
2026-09-07 13:22:00,267.65,267.65,267.60,267.65,4596
2026-09-07 13:23:00,267.65,267.65,267.55,267.55,3438
2026-09-07 13:24:00,267.55,267.55,267.45,267.45,6919
2026-09-07 13:25:00,267.50,267.50,267.40,267.40,6647
2026-09-07 13:26:00,267.40,267.45,267.35,267.35,4129
2026-09-07 13:27:00,267.35,267.80,267.35,267.70,15761
2026-09-07 13:28:00,267.80,267.80,267.70,267.80,2900
2026-09-07 13:29:00,267.80,267.80,267.70,267.75,2331
2026-09-07 13:30:00,267.75,267.75,267.65,267.65,1041
2026-09-07 13:31:00,267.70,267.70,267.65,267.70,1462
2026-09-07 13:32:00,267.70,267.70,267.60,267.70,3210
2026-09-07 13:33:00,267.70,267.70,267.60,267.60,3402
2026-09-07 13:34:00,267.70,267.70,267.50,267.50,4178
2026-09-07 13:35:00,267.65,267.65,267.50,267.60,1807
2026-09-07 13:36:00,267.60,267.90,267.55,267.85,26156
2026-09-07 13:37:00,267.85,267.85,267.75,267.80,3493
2026-09-07 13:38:00,267.75,268.20,267.75,268.05,42063
2026-09-07 13:39:00,268.10,268.15,268.10,268.10,2419
2026-09-07 13:40:00,268.15,268.15,268.05,268.05,3746
2026-09-07 13:41:00,268.10,268.10,268.05,268.05,2970
2026-09-07 13:42:00,268.10,268.10,268.00,268.00,10878
2026-09-07 13:43:00,268.00,268.05,267.70,267.80,125908
2026-09-07 13:44:00,267.75,267.75,267.65,267.65,15286
2026-09-07 13:45:00,267.70,267.90,267.65,267.90,5632
2026-09-07 13:46:00,267.90,268.00,267.90,267.95,2681
2026-09-07 13:47:00,268.00,268.00,267.80,267.85,5468
2026-09-07 13:48:00,267.90,267.90,267.80,267.85,7574
2026-09-07 13:49:00,267.85,267.90,267.80,267.90,3765
2026-09-07 13:50:00,267.90,268.00,267.85,268.00,11502
2026-09-07 13:51:00,267.95,268.05,267.95,268.00,11048
2026-09-07 13:52:00,268.05,268.05,268.00,268.05,4339
2026-09-07 13:53:00,268.05,268.20,268.00,268.20,11232
2026-09-07 13:54:00,268.20,268.20,268.15,268.20,3069
2026-09-07 13:55:00,268.20,268.20,268.10,268.10,8222
2026-09-07 13:56:00,268.15,268.15,268.00,268.00,3653
2026-09-07 13:57:00,268.05,268.05,268.00,268.00,3438
2026-09-07 13:58:00,268.05,268.05,267.95,268.00,10210
2026-09-07 13:59:00,268.05,268.05,268.00,268.00,2559
2026-09-07 14:00:00,268.00,268.05,268.00,268.00,2540
2026-09-07 14:01:00,268.05,268.05,268.00,268.00,3479
2026-09-07 14:02:00,268.00,268.05,268.00,268.00,5415
2026-09-07 14:03:00,268.05,268.10,268.00,268.10,6088
2026-09-07 14:04:00,268.10,268.10,268.00,268.00,5331
2026-09-07 14:05:00,268.10,268.10,268.00,268.05,3053
2026-09-07 14:06:00,268.05,268.10,268.00,268.05,2467
2026-09-07 14:07:00,268.00,268.05,268.00,268.00,4663
2026-09-07 14:08:00,268.05,268.05,268.00,268.00,8715
2026-09-07 14:09:00,268.05,268.05,267.95,268.00,15356
2026-09-07 14:10:00,268.05,268.05,268.00,268.05,5341
2026-09-07 14:11:00,268.05,268.05,268.00,268.00,5729
2026-09-07 14:12:00,268.05,268.05,268.00,268.00,4728
2026-09-07 14:13:00,268.05,268.05,268.00,268.00,3566
2026-09-07 14:14:00,268.05,268.05,268.00,268.05,5768
2026-09-07 14:15:00,268.05,268.05,268.00,268.00,4316
2026-09-07 14:16:00,268.05,268.05,268.00,268.00,2700
2026-09-07 14:17:00,268.05,268.05,268.00,268.00,3917
2026-09-07 14:18:00,268.05,268.05,268.00,268.00,2890
2026-09-07 14:19:00,268.05,268.05,268.00,268.00,5713
2026-09-07 14:20:00,268.05,268.05,268.00,268.00,8300
2026-09-07 14:21:00,268.05,268.05,268.00,268.00,3386
2026-09-07 14:22:00,268.05,268.05,268.00,268.00,2250
2026-09-07 14:23:00,268.05,268.05,267.95,268.00,14241
2026-09-07 14:24:00,268.05,268.05,268.00,268.00,4742
2026-09-07 14:25:00,268.05,268.05,268.00,268.00,5997
2026-09-07 14:26:00,268.05,268.05,268.00,268.00,5237
2026-09-07 14:27:00,268.00,268.10,268.00,268.00,7455
2026-09-07 14:28:00,268.05,268.05,268.00,268.00,7217
2026-09-07 14:29:00,268.05,268.05,267.90,268.05,25033
2026-09-07 14:30:00,268.05,268.10,268.00,268.00,18492
2026-09-07 14:31:00,268.05,268.10,268.00,268.00,1438
2026-09-07 14:32:00,268.10,268.10,268.00,268.00,5357
2026-09-07 14:33:00,268.05,268.20,268.00,268.00,14616
2026-09-07 14:34:00,268.15,268.15,268.00,268.00,6003
2026-09-07 14:35:00,268.05,268.15,268.00,268.05,4875
2026-09-07 14:36:00,268.00,268.05,267.90,267.95,18290
2026-09-07 14:37:00,268.00,268.05,267.95,268.05,12904
2026-09-07 14:38:00,268.00,268.05,267.80,267.80,20514
2026-09-07 14:39:00,267.80,268.00,267.70,267.70,21818
2026-09-07 14:40:00,267.75,267.75,267.55,267.60,17175
2026-09-07 14:41:00,267.65,267.65,267.50,267.50,4147
2026-09-07 14:42:00,267.50,267.55,267.45,267.50,8329
2026-09-07 14:43:00,267.55,267.60,267.45,267.50,7169
2026-09-07 14:44:00,267.50,267.55,267.45,267.50,9503
2026-09-07 14:45:00,267.55,267.55,267.40,267.45,14996
2026-09-07 14:46:00,267.50,267.50,267.35,267.45,5656
2026-09-07 14:47:00,267.45,267.55,267.40,267.45,13768
2026-09-07 14:48:00,267.55,267.65,267.45,267.60,19672
2026-09-07 14:49:00,267.65,267.65,267.50,267.55,9263
2026-09-07 14:50:00,267.50,267.65,267.45,267.55,12932
2026-09-07 14:51:00,267.60,268.00,267.55,268.00,370711
2026-09-07 14:52:00,268.00,268.00,267.75,267.75,94053
2026-09-07 14:53:00,267.80,267.90,267.70,267.80,25182
2026-09-07 14:54:00,267.80,267.80,267.70,267.70,24968
2026-09-07 14:55:00,267.75,267.80,267.60,267.70,38109
2026-09-07 14:56:00,267.70,267.75,267.65,267.65,12291
2026-09-07 14:57:00,267.65,267.75,267.65,267.70,14542
2026-09-07 14:58:00,267.70,267.75,267.65,267.65,18543
2026-09-07 14:59:00,267.70,267.70,267.55,267.55,47574
2026-09-07 15:00:00,267.70,267.75,267.65,267.65,48386
2026-09-07 15:01:00,267.70,267.70,267.60,267.60,38913
2026-09-07 15:02:00,267.60,267.70,267.60,267.70,34525
2026-09-07 15:03:00,267.70,267.75,267.70,267.70,25568
2026-09-07 15:04:00,267.70,267.75,267.45,267.60,72142
2026-09-07 15:05:00,267.55,267.60,267.50,267.60,43944
2026-09-07 15:06:00,267.55,267.60,267.55,267.55,49197
2026-09-07 15:07:00,267.60,267.60,267.45,267.50,68888
2026-09-07 15:08:00,267.50,267.50,267.45,267.45,36045
2026-09-07 15:09:00,267.50,267.55,267.45,267.55,46845
2026-09-07 15:10:00,267.40,267.55,267.35,267.40,117220
2026-09-07 15:11:00,267.40,267.50,267.30,267.50,49324
2026-09-07 15:12:00,267.50,267.55,267.05,267.10,153567
2026-09-07 15:13:00,267.10,267.15,266.90,266.90,36361
2026-09-07 15:14:00,267.35,267.35,266.85,267.00,36771
2026-09-07 15:15:00,267.00,267.00,267.00,267.00,0
2026-09-07 15:16:00,267.00,267.00,267.00,267.00,0
2026-09-07 15:17:00,267.00,267.00,267.00,267.00,0
2026-09-07 15:18:00,267.00,267.00,267.00,267.00,0
2026-09-07 15:19:00,267.00,267.00,267.00,267.00,0
2026-09-07 15:20:00,267.00,267.00,267.00,267.00,0
2026-09-07 15:21:00,267.00,267.00,267.00,267.00,0
2026-09-07 15:22:00,267.00,267.00,267.00,267.00,0
2026-09-07 15:23:00,267.00,267.00,267.00,267.00,0
2026-09-07 15:24:00,267.00,267.00,267.00,267.00,0
2026-09-07 15:25:00,267.00,267.00,267.00,267.00,0
2026-09-07 15:26:00,267.00,267.00,267.00,267.00,0
2026-09-07 15:27:00,267.00,267.00,267.00,267.00,0
2026-09-07 15:28:00,267.00,267.00,267.00,267.00,0
2026-09-07 15:29:00,267.00,267.00,267.00,267.00,0
2026-09-08 09:15:00,265.65,266.35,265.30,265.40,67874
2026-09-08 09:16:00,265.35,266.00,265.35,265.90,19788
2026-09-08 09:17:00,265.90,265.95,265.65,265.80,19398
2026-09-08 09:18:00,265.90,265.90,265.65,265.85,14733
2026-09-08 09:19:00,265.85,265.90,265.80,265.90,8393
2026-09-08 09:20:00,265.80,265.80,265.50,265.50,18812
2026-09-08 09:21:00,265.50,265.50,265.30,265.35,8376
2026-09-08 09:22:00,265.35,265.35,265.25,265.25,14126
2026-09-08 09:23:00,265.30,265.40,265.15,265.15,7505
2026-09-08 09:24:00,265.25,265.40,265.25,265.35,12754
2026-09-08 09:25:00,265.35,265.50,265.35,265.50,6546
2026-09-08 09:26:00,265.50,265.60,265.30,265.30,16476
2026-09-08 09:27:00,265.25,265.45,265.20,265.20,10198
2026-09-08 09:28:00,265.25,265.40,265.20,265.35,9372
2026-09-08 09:29:00,265.35,265.45,265.25,265.30,9260
2026-09-08 09:30:00,265.30,265.50,265.30,265.50,4806
2026-09-08 09:31:00,265.50,265.85,265.30,265.80,10914
2026-09-08 09:32:00,265.80,266.00,265.55,265.55,7786
2026-09-08 09:33:00,265.65,265.65,265.50,265.60,9641
2026-09-08 09:34:00,265.60,265.70,265.60,265.70,3455
2026-09-08 09:35:00,265.65,265.65,265.45,265.45,8694
2026-09-08 09:36:00,265.45,265.60,265.45,265.50,9877
2026-09-08 09:37:00,265.45,265.55,265.30,265.35,20490
2026-09-08 09:38:00,265.45,265.50,265.30,265.50,11079
2026-09-08 09:39:00,265.45,265.50,265.35,265.45,3159
2026-09-08 09:40:00,265.50,265.50,265.35,265.40,3680
2026-09-08 09:41:00,265.45,265.55,265.35,265.55,20062
2026-09-08 09:42:00,265.50,265.55,265.30,265.35,7895
2026-09-08 09:43:00,265.30,265.30,265.15,265.20,26957
2026-09-08 09:44:00,265.20,265.25,265.20,265.20,6112
2026-09-08 09:45:00,265.25,265.45,265.20,265.45,14804
2026-09-08 09:46:00,265.30,265.55,265.30,265.50,26566
2026-09-08 09:47:00,265.50,265.70,265.50,265.65,11939
2026-09-08 09:48:00,265.75,265.80,265.60,265.65,12807
2026-09-08 09:49:00,265.65,265.90,265.65,265.80,14648
2026-09-08 09:50:00,265.75,265.75,265.70,265.70,22589
2026-09-08 09:51:00,265.70,266.05,265.70,265.90,7621
2026-09-08 09:52:00,266.00,266.00,265.90,265.95,3575
2026-09-08 09:53:00,265.90,265.95,265.90,265.90,6981
2026-09-08 09:54:00,265.95,266.00,265.55,265.55,47108
2026-09-08 09:55:00,265.55,265.65,265.55,265.65,6531
2026-09-08 09:56:00,265.65,265.65,265.55,265.55,6131
2026-09-08 09:57:00,265.60,265.60,265.35,265.45,13131
2026-09-08 09:58:00,265.45,265.50,265.35,265.35,5176
2026-09-08 09:59:00,265.40,265.45,265.30,265.30,25837
2026-09-08 10:00:00,265.40,265.40,265.30,265.30,8832
2026-09-08 10:01:00,265.40,265.40,265.30,265.30,20051
2026-09-08 10:02:00,265.40,265.40,265.15,265.20,23179
2026-09-08 10:03:00,265.10,265.20,264.85,264.90,46592
2026-09-08 10:04:00,265.00,265.00,264.85,264.85,5780
2026-09-08 10:05:00,264.90,264.95,264.65,264.70,38078
2026-09-08 10:06:00,264.70,264.80,264.70,264.75,21554
2026-09-08 10:07:00,264.75,264.85,264.65,264.85,20229
2026-09-08 10:08:00,264.75,264.85,264.60,264.60,21166
2026-09-08 10:09:00,264.75,264.80,264.65,264.70,16462
2026-09-08 10:10:00,264.70,264.80,264.55,264.55,10799
2026-09-08 10:11:00,264.65,264.70,264.50,264.55,26662
2026-09-08 10:12:00,264.55,264.65,264.50,264.55,5936
2026-09-08 10:13:00,264.60,264.70,264.50,264.55,22228
2026-09-08 10:14:00,264.55,264.70,264.55,264.60,13305
2026-09-08 10:15:00,264.60,264.75,264.25,264.30,60740
2026-09-08 10:16:00,264.30,264.40,264.20,264.20,19739
2026-09-08 10:17:00,264.20,264.30,264.15,264.15,13925
2026-09-08 10:18:00,264.15,264.25,264.05,264.05,10979
2026-09-08 10:19:00,264.10,264.25,264.05,264.10,40581
2026-09-08 10:20:00,264.20,264.20,264.05,264.05,19852
2026-09-08 10:21:00,264.05,264.25,264.05,264.25,5218
2026-09-08 10:22:00,264.25,264.25,264.10,264.20,10399
2026-09-08 10:23:00,264.25,264.25,264.15,264.15,11478
2026-09-08 10:24:00,264.15,264.25,264.10,264.10,10375
2026-09-08 10:25:00,264.20,264.25,264.05,264.05,4836
2026-09-08 10:26:00,264.15,264.15,264.00,264.00,26562
2026-09-08 10:27:00,264.05,264.10,264.00,264.05,4074
2026-09-08 10:28:00,264.05,264.05,263.75,263.95,54569
2026-09-08 10:29:00,263.80,263.90,263.80,263.85,17416
2026-09-08 10:30:00,263.85,263.90,263.85,263.90,5497
2026-09-08 10:31:00,263.90,263.90,263.80,263.90,18714
2026-09-08 10:32:00,263.85,263.85,263.60,263.60,38915
2026-09-08 10:33:00,263.60,263.75,263.60,263.70,5637
2026-09-08 10:34:00,263.75,263.75,263.70,263.70,8052
2026-09-08 10:35:00,263.70,263.75,263.55,263.55,23576
2026-09-08 10:36:00,263.55,263.65,263.35,263.35,20357
2026-09-08 10:37:00,263.35,263.60,263.35,263.45,30729
2026-09-08 10:38:00,263.45,263.60,263.45,263.50,18866
2026-09-08 10:39:00,263.50,263.60,263.50,263.50,8643
2026-09-08 10:40:00,263.60,263.60,263.50,263.50,7495
2026-09-08 10:41:00,263.50,263.60,263.50,263.55,8492
2026-09-08 10:42:00,263.45,263.55,263.40,263.40,24987
2026-09-08 10:43:00,263.45,263.50,263.45,263.45,2670
2026-09-08 10:44:00,263.50,263.50,263.35,263.45,17494
2026-09-08 10:45:00,263.35,263.45,263.25,263.30,18499
2026-09-08 10:46:00,263.40,263.85,263.30,263.55,212305
2026-09-08 10:47:00,263.70,263.70,263.45,263.65,22823
2026-09-08 10:48:00,263.70,263.75,263.60,263.75,6554
2026-09-08 10:49:00,263.60,263.75,263.60,263.70,16813
2026-09-08 10:50:00,263.70,263.75,263.55,263.70,8126
2026-09-08 10:51:00,263.55,263.70,263.50,263.60,35652
2026-09-08 10:52:00,263.70,263.70,263.45,263.60,15237
2026-09-08 10:53:00,263.55,263.65,263.55,263.55,11184
2026-09-08 10:54:00,263.60,263.60,263.40,263.40,4532
2026-09-08 10:55:00,263.50,263.55,263.30,263.30,34712
2026-09-08 10:56:00,263.35,263.40,263.25,263.25,3850
2026-09-08 10:57:00,263.35,263.35,263.25,263.25,15214
2026-09-08 10:58:00,263.35,263.35,263.25,263.35,14545
2026-09-08 10:59:00,263.35,263.35,263.20,263.20,10784
2026-09-08 11:00:00,263.25,263.25,263.10,263.15,22628
2026-09-08 11:01:00,263.10,263.15,263.05,263.05,25801
2026-09-08 11:02:00,263.05,263.15,263.00,263.05,20894
2026-09-08 11:03:00,263.00,263.10,263.00,263.05,10793
2026-09-08 11:04:00,263.10,263.10,263.00,263.05,6634
2026-09-08 11:05:00,263.05,263.10,263.00,263.05,20216
2026-09-08 11:06:00,263.00,263.05,263.00,263.00,10181
2026-09-08 11:07:00,263.00,263.05,263.00,263.00,8119
2026-09-08 11:08:00,263.05,263.10,263.00,263.05,24684
2026-09-08 11:09:00,263.05,263.20,263.05,263.20,19867
2026-09-08 11:10:00,263.15,263.50,263.15,263.50,14951
2026-09-08 11:11:00,263.35,263.65,263.35,263.50,9728
2026-09-08 11:12:00,263.65,263.75,263.55,263.60,5000
2026-09-08 11:13:00,263.75,263.75,263.60,263.70,962
2026-09-08 11:14:00,263.65,264.15,263.60,264.00,163984
2026-09-08 11:15:00,264.10,264.40,264.00,264.30,22795
2026-09-08 11:16:00,264.35,264.45,264.20,264.30,17307
2026-09-08 11:17:00,264.40,264.45,264.30,264.40,8436
2026-09-08 11:18:00,264.35,264.40,264.35,264.35,2382
2026-09-08 11:19:00,264.35,264.45,264.35,264.35,14142
2026-09-08 11:20:00,264.45,264.75,264.35,264.75,17571
2026-09-08 11:21:00,264.70,264.75,264.60,264.60,9076
2026-09-08 11:22:00,264.70,264.70,264.60,264.60,5549
2026-09-08 11:23:00,264.70,264.70,264.40,264.40,32596
2026-09-08 11:24:00,264.45,264.45,264.30,264.45,1881
2026-09-08 11:25:00,264.35,264.45,264.30,264.30,2370
2026-09-08 11:26:00,264.40,264.55,264.30,264.35,7167
2026-09-08 11:27:00,264.45,264.45,264.35,264.45,2530
2026-09-08 11:28:00,264.45,264.45,264.35,264.45,1078
2026-09-08 11:29:00,264.35,264.70,264.35,264.60,7294
2026-09-08 11:30:00,264.65,264.65,264.35,264.45,15971
2026-09-08 11:31:00,264.50,264.50,264.40,264.45,3585
2026-09-08 11:32:00,264.45,264.50,264.25,264.45,26203
2026-09-08 11:33:00,264.40,264.55,264.30,264.45,10871
2026-09-08 11:34:00,264.55,264.55,264.35,264.50,5271
2026-09-08 11:35:00,264.55,264.60,264.45,264.50,2580
2026-09-08 11:36:00,264.60,264.70,264.50,264.60,27706
2026-09-08 11:37:00,264.60,264.70,264.60,264.60,5734
2026-09-08 11:38:00,264.70,264.70,264.60,264.60,3474
2026-09-08 11:39:00,264.60,264.65,264.60,264.60,3350
2026-09-08 11:40:00,264.65,264.65,264.60,264.65,2473
2026-09-08 11:41:00,264.60,264.65,264.60,264.65,2402
2026-09-08 11:42:00,264.60,264.65,264.60,264.60,2276
2026-09-08 11:43:00,264.60,264.65,264.60,264.60,3916
2026-09-08 11:44:00,264.60,264.70,264.60,264.65,6692
2026-09-08 11:45:00,264.70,265.20,264.65,265.05,139982
2026-09-08 11:46:00,265.10,265.10,265.05,265.05,10150
2026-09-08 11:47:00,265.05,265.10,265.05,265.05,17767
2026-09-08 11:48:00,265.10,265.10,264.75,264.75,113795
2026-09-08 11:49:00,264.85,264.85,264.60,264.75,22547
2026-09-08 11:50:00,264.75,265.10,264.60,264.90,36195
2026-09-08 11:51:00,265.00,265.10,264.95,265.05,1639
2026-09-08 11:52:00,265.00,265.10,265.00,265.05,34392
2026-09-08 11:53:00,265.05,265.10,265.00,265.00,8222
2026-09-08 11:54:00,265.05,265.05,265.00,265.05,6218
2026-09-08 11:55:00,265.00,265.15,265.00,265.05,5927
2026-09-08 11:56:00,265.15,265.15,265.00,265.00,61051
2026-09-08 11:57:00,265.00,265.05,265.00,265.05,20131
2026-09-08 11:58:00,265.00,265.05,265.00,265.00,5318
2026-09-08 11:59:00,265.00,265.05,265.00,265.00,4603
2026-09-08 12:00:00,265.05,265.05,265.00,265.00,1107
2026-09-08 12:01:00,265.05,265.10,265.00,265.05,7228
2026-09-08 12:02:00,265.00,265.10,265.00,265.00,1450
2026-09-08 12:03:00,265.05,265.10,265.00,265.05,1981
2026-09-08 12:04:00,265.05,265.20,265.05,265.05,3386
2026-09-08 12:05:00,265.05,265.10,265.00,265.05,29285
2026-09-08 12:06:00,265.10,265.10,265.00,265.05,1936
2026-09-08 12:07:00,265.00,265.05,265.00,265.00,916
2026-09-08 12:08:00,265.05,265.05,265.00,265.00,5832
2026-09-08 12:09:00,265.05,265.05,264.65,264.70,253989
2026-09-08 12:10:00,264.80,264.85,264.70,264.80,15766
2026-09-08 12:11:00,264.85,264.85,264.75,264.75,2672
2026-09-08 12:12:00,264.80,264.85,264.75,264.80,3555
2026-09-08 12:13:00,264.85,264.90,264.80,264.80,2511
2026-09-08 12:14:00,264.85,264.90,264.80,264.85,2916
2026-09-08 12:15:00,264.80,265.00,264.80,264.95,8509
2026-09-08 12:16:00,264.95,265.00,264.95,265.00,2107
2026-09-08 12:17:00,264.95,265.00,264.95,264.95,4847
2026-09-08 12:18:00,264.95,265.00,264.95,264.95,9142
2026-09-08 12:19:00,265.00,265.00,264.95,265.00,5951
2026-09-08 12:20:00,265.00,265.05,264.95,264.95,6824
2026-09-08 12:21:00,264.95,265.00,264.95,264.95,3167
2026-09-08 12:22:00,264.95,265.05,264.95,264.95,3235
2026-09-08 12:23:00,264.95,265.20,264.95,265.15,10871
2026-09-08 12:24:00,265.20,265.20,265.15,265.15,2862
2026-09-08 12:25:00,265.15,265.20,265.15,265.15,1398
2026-09-08 12:26:00,265.20,265.20,265.15,265.15,4993
2026-09-08 12:27:00,265.15,265.20,265.15,265.15,1428
2026-09-08 12:28:00,265.15,265.25,265.15,265.25,4748
2026-09-08 12:29:00,265.20,265.45,265.20,265.40,8358
2026-09-08 12:30:00,265.40,265.55,265.30,265.40,5923
2026-09-08 12:31:00,265.40,265.55,265.40,265.50,10515
2026-09-08 12:32:00,265.45,265.55,265.40,265.50,15760
2026-09-08 12:33:00,265.55,265.55,265.40,265.45,9349
2026-09-08 12:34:00,265.45,265.55,265.45,265.50,1736
2026-09-08 12:35:00,265.50,265.60,265.50,265.55,6147
2026-09-08 12:36:00,265.55,265.60,265.50,265.50,9153
2026-09-08 12:37:00,265.50,265.55,265.50,265.55,8222
2026-09-08 12:38:00,265.55,265.55,265.50,265.50,6263
2026-09-08 12:39:00,265.55,265.60,265.50,265.60,8161
2026-09-08 12:40:00,265.55,265.70,265.55,265.65,20625
2026-09-08 12:41:00,265.65,265.70,265.65,265.65,5518
2026-09-08 12:42:00,265.65,265.70,265.55,265.65,11646
2026-09-08 12:43:00,265.60,265.65,265.55,265.55,4750
2026-09-08 12:44:00,265.55,265.65,265.55,265.60,1086
2026-09-08 12:45:00,265.60,265.65,265.60,265.60,1388
2026-09-08 12:46:00,265.60,265.65,265.60,265.60,1151
2026-09-08 12:47:00,265.65,265.65,265.45,265.45,24191
2026-09-08 12:48:00,265.45,265.55,265.45,265.45,1796
2026-09-08 12:49:00,265.45,265.55,265.45,265.55,5494
2026-09-08 12:50:00,265.45,266.00,265.45,265.85,74793
2026-09-08 12:51:00,265.85,265.95,265.85,265.95,5453
2026-09-08 12:52:00,265.95,266.00,265.95,266.00,6065
2026-09-08 12:53:00,265.95,266.00,265.95,265.95,10832
2026-09-08 12:54:00,266.00,266.00,265.95,266.00,870
2026-09-08 12:55:00,265.95,266.00,265.95,265.95,8921
2026-09-08 12:56:00,266.00,266.00,265.95,266.00,10287
2026-09-08 12:57:00,265.95,266.00,265.95,265.95,7084
2026-09-08 12:58:00,265.95,266.00,265.95,266.00,4878
2026-09-08 12:59:00,266.00,266.00,265.95,266.00,3842
2026-09-08 13:00:00,265.95,266.00,265.95,265.95,4781
2026-09-08 13:01:00,266.00,266.55,265.70,265.75,84414
2026-09-08 13:02:00,265.80,265.80,265.75,265.75,2865
2026-09-08 13:03:00,265.80,265.80,265.60,265.75,5580
2026-09-08 13:04:00,265.70,265.75,265.60,265.70,995
2026-09-08 13:05:00,265.60,265.90,265.60,265.90,6966
2026-09-08 13:06:00,265.85,266.00,265.85,266.00,1395
2026-09-08 13:07:00,266.00,266.15,265.95,266.05,7265
2026-09-08 13:08:00,266.10,266.20,266.05,266.05,5053
2026-09-08 13:09:00,266.05,266.10,266.05,266.10,11665
2026-09-08 13:10:00,266.05,266.10,266.05,266.05,279
2026-09-08 13:11:00,266.10,266.10,266.05,266.10,1328
2026-09-08 13:12:00,266.05,266.10,265.90,265.90,31606
2026-09-08 13:13:00,266.00,266.00,265.90,265.95,1137
2026-09-08 13:14:00,265.90,266.00,265.90,265.95,4107
2026-09-08 13:15:00,265.95,266.00,265.95,266.00,4675
2026-09-08 13:16:00,265.95,266.00,265.95,266.00,8594
2026-09-08 13:17:00,265.95,266.00,265.90,265.95,3061
2026-09-08 13:18:00,265.95,266.00,265.95,265.95,2135
2026-09-08 13:19:00,265.95,266.00,265.95,265.95,6695
2026-09-08 13:20:00,266.00,266.05,265.95,265.95,4038
2026-09-08 13:21:00,266.00,266.05,265.95,265.95,1366
2026-09-08 13:22:00,266.00,266.00,265.95,265.95,2330
2026-09-08 13:23:00,265.95,266.00,265.95,265.95,3912
2026-09-08 13:24:00,266.00,266.05,265.95,265.95,8364
2026-09-08 13:25:00,266.00,266.10,266.00,266.00,7410
2026-09-08 13:26:00,266.00,266.05,266.00,266.05,7691
2026-09-08 13:27:00,266.00,266.00,265.85,265.85,15846
2026-09-08 13:28:00,265.95,265.95,265.85,265.90,9626
2026-09-08 13:29:00,265.95,266.00,265.90,265.90,5380
2026-09-08 13:30:00,265.95,266.00,265.90,265.90,3397
2026-09-08 13:31:00,266.00,266.00,265.90,266.00,1768
2026-09-08 13:32:00,265.90,266.00,265.85,265.90,2482
2026-09-08 13:33:00,265.85,265.95,265.70,265.75,5030
2026-09-08 13:34:00,265.70,265.75,265.70,265.70,2423
2026-09-08 13:35:00,265.75,265.75,265.70,265.70,1932
2026-09-08 13:36:00,265.75,265.75,265.70,265.75,2894
2026-09-08 13:37:00,265.70,265.80,265.70,265.70,6368
2026-09-08 13:38:00,265.75,265.75,265.60,265.60,17836
2026-09-08 13:39:00,265.65,265.65,265.40,265.45,16602
2026-09-08 13:40:00,265.50,265.50,265.35,265.40,5408
2026-09-08 13:41:00,265.45,265.50,265.40,265.40,3788
2026-09-08 13:42:00,265.40,265.45,265.40,265.40,2147
2026-09-08 13:43:00,265.45,265.45,265.35,265.35,4201
2026-09-08 13:44:00,265.40,265.40,265.10,265.20,4819
2026-09-08 13:45:00,265.15,265.20,265.00,265.00,6505
2026-09-08 13:46:00,265.00,265.10,264.95,264.95,4878
2026-09-08 13:47:00,264.95,265.15,264.90,265.10,12793
2026-09-08 13:48:00,265.20,265.20,265.00,265.15,3674
2026-09-08 13:49:00,265.00,265.15,265.00,265.00,3258
2026-09-08 13:50:00,265.00,265.20,265.00,265.05,2843
2026-09-08 13:51:00,265.05,265.10,265.00,265.05,2240
2026-09-08 13:52:00,265.00,265.05,265.00,265.00,1006
2026-09-08 13:53:00,265.05,265.10,265.00,265.05,3907
2026-09-08 13:54:00,265.05,265.15,265.00,265.10,2431
2026-09-08 13:55:00,265.00,265.15,265.00,265.00,4545
2026-09-08 13:56:00,265.10,265.15,265.00,265.00,2019
2026-09-08 13:57:00,265.00,265.20,265.00,265.15,3004
2026-09-08 13:58:00,265.20,265.25,265.15,265.20,1058
2026-09-08 13:59:00,265.20,265.50,265.20,265.40,8139
2026-09-08 14:00:00,265.45,265.55,265.40,265.55,18400
2026-09-08 14:01:00,265.55,265.85,265.55,265.80,65149
2026-09-08 14:02:00,265.85,265.90,265.70,265.80,18321
2026-09-08 14:03:00,265.85,266.10,265.75,266.05,58326
2026-09-08 14:04:00,266.10,266.15,266.05,266.10,5414
2026-09-08 14:05:00,266.10,266.20,266.10,266.15,6395
2026-09-08 14:06:00,266.15,266.20,266.05,266.10,5187
2026-09-08 14:07:00,266.10,266.15,266.00,266.00,5666
2026-09-08 14:08:00,266.00,266.10,266.00,266.10,11788
2026-09-08 14:09:00,266.00,266.10,266.00,266.00,3360
2026-09-08 14:10:00,266.10,266.10,266.00,266.10,1543
2026-09-08 14:11:00,266.05,266.10,266.00,266.00,9562
2026-09-08 14:12:00,266.00,266.10,266.00,266.00,2894
2026-09-08 14:13:00,266.10,266.10,266.00,266.00,3955
2026-09-08 14:14:00,266.00,266.15,265.90,265.95,147235
2026-09-08 14:15:00,266.05,266.05,265.95,266.00,2336
2026-09-08 14:16:00,266.00,266.05,266.00,266.05,1920
2026-09-08 14:17:00,266.00,266.05,266.00,266.05,27010
2026-09-08 14:18:00,266.00,266.05,266.00,266.00,4511
2026-09-08 14:19:00,266.05,266.05,266.00,266.00,805
2026-09-08 14:20:00,266.05,266.05,266.00,266.00,1057
2026-09-08 14:21:00,266.00,266.05,266.00,266.00,3447
2026-09-08 14:22:00,266.05,266.15,266.00,266.05,18920
2026-09-08 14:23:00,266.10,266.10,266.05,266.05,1266
2026-09-08 14:24:00,266.05,266.15,266.05,266.15,6949
2026-09-08 14:25:00,266.15,266.15,266.00,266.00,7677
2026-09-08 14:26:00,266.00,266.05,266.00,266.00,8036
2026-09-08 14:27:00,266.05,266.05,266.00,266.00,4591
2026-09-08 14:28:00,266.05,266.05,266.00,266.00,5866
2026-09-08 14:29:00,266.00,266.15,266.00,266.00,22314
2026-09-08 14:30:00,266.00,266.20,266.00,266.10,7025
2026-09-08 14:31:00,266.10,266.40,266.10,266.40,48825
2026-09-08 14:32:00,266.35,266.45,266.25,266.35,14052
2026-09-08 14:33:00,266.45,266.90,266.30,266.60,120389
2026-09-08 14:34:00,266.60,266.75,266.60,266.65,22511
2026-09-08 14:35:00,266.70,266.80,266.55,266.65,24347
2026-09-08 14:36:00,266.75,266.80,266.65,266.65,18760
2026-09-08 14:37:00,266.65,266.70,266.45,266.45,9045
2026-09-08 14:38:00,266.55,266.55,266.35,266.35,7010
2026-09-08 14:39:00,266.45,266.70,266.45,266.55,23406
2026-09-08 14:40:00,266.60,266.70,266.45,266.60,82627
2026-09-08 14:41:00,266.70,266.85,266.60,266.80,36372
2026-09-08 14:42:00,266.80,266.85,266.40,266.40,114878
2026-09-08 14:43:00,266.50,266.55,266.20,266.30,6097
2026-09-08 14:44:00,266.20,266.30,266.20,266.20,2659
2026-09-08 14:45:00,266.20,266.55,266.20,266.40,22208
2026-09-08 14:46:00,266.40,266.45,266.40,266.45,2031
2026-09-08 14:47:00,266.45,266.60,266.35,266.50,54276
2026-09-08 14:48:00,266.55,266.80,266.55,266.75,52766
2026-09-08 14:49:00,266.75,266.75,266.50,266.50,7299
2026-09-08 14:50:00,266.60,266.60,266.40,266.45,7680
2026-09-08 14:51:00,266.50,267.25,266.45,266.50,236572
2026-09-08 14:52:00,266.55,266.75,266.35,266.50,207100
2026-09-08 14:53:00,266.40,266.50,266.15,266.20,43668
2026-09-08 14:54:00,266.20,266.20,265.95,266.00,56686
2026-09-08 14:55:00,266.05,266.05,265.90,265.95,36175
2026-09-08 14:56:00,266.00,266.00,265.90,265.95,12919
2026-09-08 14:57:00,265.90,265.90,265.65,265.65,35001
2026-09-08 14:58:00,265.65,265.70,265.60,265.70,33281
2026-09-08 14:59:00,265.70,265.70,265.65,265.70,17050
2026-09-08 15:00:00,265.70,265.80,265.65,265.80,33579
2026-09-08 15:01:00,265.80,265.80,265.70,265.75,29636
2026-09-08 15:02:00,265.70,265.80,265.70,265.70,28974
2026-09-08 15:03:00,265.75,265.75,265.70,265.75,14317
2026-09-08 15:04:00,265.70,265.75,265.65,265.75,17424
2026-09-08 15:05:00,265.75,265.75,265.70,265.70,57772
2026-09-08 15:06:00,265.75,265.75,265.65,265.65,40805
2026-09-08 15:07:00,265.70,265.70,265.65,265.70,27493
2026-09-08 15:08:00,265.65,265.70,265.65,265.70,32614
2026-09-08 15:09:00,265.70,265.70,265.65,265.70,33592
2026-09-08 15:10:00,265.70,265.90,265.70,265.80,161465
2026-09-08 15:11:00,265.85,265.85,265.70,265.75,81717
2026-09-08 15:12:00,265.70,265.90,265.50,265.50,85279
2026-09-08 15:13:00,265.60,265.60,265.20,265.25,69074
2026-09-08 15:14:00,265.20,265.70,265.00,265.05,27845
2026-09-08 15:15:00,265.45,265.45,265.45,265.45,65
2026-09-08 15:16:00,265.45,265.45,265.45,265.45,0
2026-09-08 15:17:00,265.45,265.45,265.45,265.45,0
2026-09-08 15:18:00,265.45,265.45,265.45,265.45,0
2026-09-08 15:19:00,265.45,265.45,265.45,265.45,0
2026-09-08 15:20:00,265.45,265.45,265.45,265.45,0
2026-09-08 15:21:00,265.45,265.45,265.45,265.45,0
2026-09-08 15:22:00,265.45,265.45,265.45,265.45,0
2026-09-08 15:23:00,265.45,265.45,265.45,265.45,0
2026-09-08 15:24:00,265.45,265.45,265.45,265.45,0
2026-09-08 15:25:00,265.45,265.45,265.45,265.45,0
2026-09-08 15:26:00,265.45,265.45,265.45,265.45,0
2026-09-08 15:27:00,265.45,265.45,265.45,265.45,0
2026-09-08 15:28:00,265.45,265.45,265.45,265.45,0
2026-09-08 15:29:00,265.45,265.75,265.45,265.75,634033
2026-09-09 09:08:00,265.00,265.00,265.00,265.00,6990
2026-09-09 09:09:00,265.00,265.00,265.00,265.00,0
2026-09-09 09:10:00,265.00,265.00,265.00,265.00,0
2026-09-09 09:11:00,265.00,265.00,265.00,265.00,0
2026-09-09 09:12:00,265.00,265.00,265.00,265.00,0
2026-09-09 09:13:00,265.00,265.00,265.00,265.00,0
2026-09-09 09:14:00,265.00,265.00,265.00,265.00,0
2026-09-09 09:15:00,265.00,266.35,264.50,265.60,55200
2026-09-09 09:16:00,265.50,265.70,265.40,265.60,10785
2026-09-09 09:17:00,265.70,265.90,265.50,265.65,9046
2026-09-09 09:18:00,265.65,265.85,265.50,265.80,10717
2026-09-09 09:19:00,265.80,266.60,265.80,266.50,22759
2026-09-09 09:20:00,266.45,267.30,266.45,267.00,24714
2026-09-09 09:21:00,267.05,267.15,266.70,266.90,8047
2026-09-09 09:22:00,267.05,267.60,266.85,267.60,27646
2026-09-09 09:23:00,267.60,267.60,267.30,267.45,13356
2026-09-09 09:24:00,267.30,267.30,266.90,267.20,31184
2026-09-09 09:25:00,267.20,267.20,266.85,267.00,12723
2026-09-09 09:26:00,267.05,267.05,266.85,266.90,15639
2026-09-09 09:27:00,266.90,267.00,266.80,267.00,9650
2026-09-09 09:28:00,267.05,267.50,266.90,267.50,64969
2026-09-09 09:29:00,267.55,267.60,267.40,267.50,17121
2026-09-09 09:30:00,267.50,268.20,267.50,267.90,57770
2026-09-09 09:31:00,267.80,268.05,267.80,267.90,22021
2026-09-09 09:32:00,267.95,268.30,267.90,268.30,38690
2026-09-09 09:33:00,268.45,268.85,268.40,268.55,84450
2026-09-09 09:34:00,268.55,268.60,268.25,268.60,48960
2026-09-09 09:35:00,268.55,268.55,268.25,268.30,18836
2026-09-09 09:36:00,268.30,268.40,268.15,268.25,12531
2026-09-09 09:37:00,268.20,268.35,268.15,268.20,12556
2026-09-09 09:38:00,268.15,268.15,267.75,268.00,37847
2026-09-09 09:39:00,268.00,268.05,267.90,267.90,18400
2026-09-09 09:40:00,268.05,268.20,267.90,268.00,9952
2026-09-09 09:41:00,268.00,268.05,267.90,268.00,6969
2026-09-09 09:42:00,268.05,268.05,267.50,267.55,23884
2026-09-09 09:43:00,267.60,267.80,267.45,267.80,30855
2026-09-09 09:44:00,267.90,268.20,267.85,268.20,43930
2026-09-09 09:45:00,268.05,268.40,268.05,268.15,74764
2026-09-09 09:46:00,268.10,269.00,268.10,269.00,55503
2026-09-09 09:47:00,268.90,269.25,268.75,268.90,57425
2026-09-09 09:48:00,268.90,269.00,268.70,268.80,9065
2026-09-09 09:49:00,268.80,269.10,268.65,268.85,34226
2026-09-09 09:50:00,268.90,269.00,268.85,268.95,21191
2026-09-09 09:51:00,268.90,269.05,268.85,268.85,19285
2026-09-09 09:52:00,268.95,268.95,268.80,268.85,12808
2026-09-09 09:53:00,268.90,269.05,268.80,268.90,10607
2026-09-09 09:54:00,268.95,269.00,268.50,268.50,44895
2026-09-09 09:55:00,268.50,268.85,268.50,268.85,68063
2026-09-09 09:56:00,268.90,268.90,268.65,268.70,19772
2026-09-09 09:57:00,268.75,268.75,268.55,268.60,10571
2026-09-09 09:58:00,268.65,268.85,268.60,268.65,27386
2026-09-09 09:59:00,268.60,268.60,268.00,268.10,21688
2026-09-09 10:00:00,268.10,268.10,267.50,267.60,40703
2026-09-09 10:01:00,267.55,267.70,267.50,267.65,16520
2026-09-09 10:02:00,267.65,267.70,267.55,267.60,11686
2026-09-09 10:03:00,267.65,267.65,267.30,267.30,10602
2026-09-09 10:04:00,267.35,267.45,267.35,267.40,7924
2026-09-09 10:05:00,267.40,267.60,267.40,267.45,4694
2026-09-09 10:06:00,267.50,267.55,267.40,267.50,9777
2026-09-09 10:07:00,267.40,267.50,267.10,267.50,41134
2026-09-09 10:08:00,267.40,267.50,267.40,267.50,5964
2026-09-09 10:09:00,267.40,267.60,267.20,267.60,21146
2026-09-09 10:10:00,267.45,267.60,267.45,267.60,6407
2026-09-09 10:11:00,267.60,267.70,267.50,267.65,5501
2026-09-09 10:12:00,267.70,267.70,267.55,267.65,10739
2026-09-09 10:13:00,267.65,267.65,267.55,267.65,10415
2026-09-09 10:14:00,267.50,267.70,267.50,267.65,15852
2026-09-09 10:15:00,267.55,267.65,267.50,267.55,5036
2026-09-09 10:16:00,267.55,267.65,267.50,267.60,2299
2026-09-09 10:17:00,267.60,267.75,267.60,267.70,8699
2026-09-09 10:18:00,267.70,267.70,267.55,267.55,4524
2026-09-09 10:19:00,267.55,267.65,267.55,267.55,4863
2026-09-09 10:20:00,267.55,267.55,267.45,267.55,14444
2026-09-09 10:21:00,267.50,268.00,267.40,267.95,32971
2026-09-09 10:22:00,267.90,268.00,267.50,267.65,18642
2026-09-09 10:23:00,267.65,267.65,267.50,267.60,2382
2026-09-09 10:24:00,267.60,267.65,267.55,267.60,9430
2026-09-09 10:25:00,267.60,267.70,267.50,267.50,18677
2026-09-09 10:26:00,267.55,267.55,267.40,267.45,3109
2026-09-09 10:27:00,267.45,267.50,267.25,267.40,18463
2026-09-09 10:28:00,267.30,267.55,267.30,267.50,7069
2026-09-09 10:29:00,267.55,267.85,267.45,267.65,60133
2026-09-09 10:30:00,267.70,267.70,267.55,267.60,4414
2026-09-09 10:31:00,267.55,267.55,267.30,267.40,5791
2026-09-09 10:32:00,267.40,267.50,267.30,267.45,7564
2026-09-09 10:33:00,267.50,267.50,267.35,267.40,6899
2026-09-09 10:34:00,267.40,267.40,267.20,267.20,6330
2026-09-09 10:35:00,267.30,267.30,267.05,267.15,8710
2026-09-09 10:36:00,267.15,267.15,267.00,267.00,8429
2026-09-09 10:37:00,267.05,267.05,266.75,266.90,12336
2026-09-09 10:38:00,266.90,267.00,266.75,266.95,8161
2026-09-09 10:39:00,266.90,266.95,266.90,266.95,6325
2026-09-09 10:40:00,266.90,267.00,266.90,267.00,50801
2026-09-09 10:41:00,266.95,267.00,266.80,266.80,11024
2026-09-09 10:42:00,266.90,266.90,266.80,266.90,6436
2026-09-09 10:43:00,266.90,266.90,266.75,266.75,11013
2026-09-09 10:44:00,266.85,266.85,266.75,266.80,2686
2026-09-09 10:45:00,266.75,267.00,266.70,266.95,17602
2026-09-09 10:46:00,266.95,266.95,266.90,266.95,6798
2026-09-09 10:47:00,267.00,267.00,266.90,266.95,13046
2026-09-09 10:48:00,266.95,266.95,266.75,266.90,7767
2026-09-09 10:49:00,266.90,266.90,266.75,266.80,6295
2026-09-09 10:50:00,266.90,267.60,266.80,267.55,69310
2026-09-09 10:51:00,267.55,267.60,267.45,267.50,12327
2026-09-09 10:52:00,267.60,267.65,267.15,267.20,23727
2026-09-09 10:53:00,267.20,267.20,267.10,267.20,4919
2026-09-09 10:54:00,267.10,267.35,267.05,267.30,12195
2026-09-09 10:55:00,267.20,267.40,267.20,267.35,6568
2026-09-09 10:56:00,267.35,267.45,267.30,267.45,8568
2026-09-09 10:57:00,267.50,267.55,267.45,267.45,6985
2026-09-09 10:58:00,267.50,267.55,267.30,267.35,10693
2026-09-09 10:59:00,267.35,267.35,267.20,267.25,5349
2026-09-09 11:00:00,267.25,267.25,267.05,267.05,8893
2026-09-09 11:01:00,267.00,267.10,266.95,267.00,6237
2026-09-09 11:02:00,267.00,267.00,266.85,266.90,6660
2026-09-09 11:03:00,266.90,267.00,266.80,267.00,9611
2026-09-09 11:04:00,266.95,267.05,266.90,266.95,5401
2026-09-09 11:05:00,266.95,266.95,266.75,266.85,4892
2026-09-09 11:06:00,266.85,266.95,266.85,266.90,9476
2026-09-09 11:07:00,266.90,266.90,266.60,266.65,24262
2026-09-09 11:08:00,266.70,266.70,266.55,266.60,8068
2026-09-09 11:09:00,266.55,266.60,266.55,266.60,8248
2026-09-09 11:10:00,266.60,266.60,266.40,266.55,18431
2026-09-09 11:11:00,266.50,266.50,266.25,266.30,7093
2026-09-09 11:12:00,266.30,266.45,266.20,266.30,10820
2026-09-09 11:13:00,266.25,266.25,266.15,266.25,5923
2026-09-09 11:14:00,266.20,266.25,265.70,265.70,41017
2026-09-09 11:15:00,265.80,265.85,265.65,265.75,14100
2026-09-09 11:16:00,265.75,265.85,265.65,265.75,20078
2026-09-09 11:17:00,265.85,265.90,265.70,265.85,14419
2026-09-09 11:18:00,265.90,265.90,265.75,265.85,17230
2026-09-09 11:19:00,265.80,265.90,265.75,265.90,16819
2026-09-09 11:20:00,265.95,266.00,265.85,266.00,12564
2026-09-09 11:21:00,266.00,266.00,265.85,266.00,13490
2026-09-09 11:22:00,266.00,266.00,265.85,265.95,19670
2026-09-09 11:23:00,265.85,265.90,265.70,265.90,14397
2026-09-09 11:24:00,265.85,265.90,265.70,265.75,9930
2026-09-09 11:25:00,265.85,265.85,265.75,265.85,9459
2026-09-09 11:26:00,265.85,266.00,265.75,265.95,19103
2026-09-09 11:27:00,265.95,265.95,265.80,265.95,15585
2026-09-09 11:28:00,265.90,266.00,265.85,265.95,13207
2026-09-09 11:29:00,265.95,266.00,265.85,265.95,13391
2026-09-09 11:30:00,265.95,266.00,265.80,266.00,13686
2026-09-09 11:31:00,266.00,266.00,265.80,265.85,8412
2026-09-09 11:32:00,265.90,265.90,265.70,265.80,10990
2026-09-09 11:33:00,265.80,265.80,265.70,265.75,11175
2026-09-09 11:34:00,265.70,265.80,265.60,265.70,12760
2026-09-09 11:35:00,265.70,265.70,265.60,265.70,9799
2026-09-09 11:36:00,265.70,265.85,265.65,265.85,18484
2026-09-09 11:37:00,265.75,265.85,265.65,265.75,15532
2026-09-09 11:38:00,265.80,265.80,265.60,265.75,6459
2026-09-09 11:39:00,265.65,265.75,265.60,265.65,8287
2026-09-09 11:40:00,265.65,265.75,265.65,265.75,12843
2026-09-09 11:41:00,265.60,265.75,265.60,265.65,13123
2026-09-09 11:42:00,265.60,265.75,265.60,265.65,7265
2026-09-09 11:43:00,265.70,265.75,265.60,265.70,12418
2026-09-09 11:44:00,265.70,265.70,265.55,265.65,11046
2026-09-09 11:45:00,265.65,265.70,265.55,265.65,11346
2026-09-09 11:46:00,265.65,265.70,265.55,265.65,8721
2026-09-09 11:47:00,265.60,265.65,265.55,265.60,7551
2026-09-09 11:48:00,265.65,265.65,265.55,265.60,22558
2026-09-09 11:49:00,265.50,265.60,265.10,265.20,38747
2026-09-09 11:50:00,265.15,265.30,265.10,265.30,38985
2026-09-09 11:51:00,265.30,265.30,265.10,265.20,20016
2026-09-09 11:52:00,265.20,265.20,264.85,264.95,49962
2026-09-09 11:53:00,264.95,265.15,264.95,265.10,30957
2026-09-09 11:54:00,265.10,265.10,264.85,264.95,13778
2026-09-09 11:55:00,264.90,265.00,264.80,265.00,28305
2026-09-09 11:56:00,265.00,265.00,264.85,264.95,13526
2026-09-09 11:57:00,264.95,264.95,264.75,264.85,18209
2026-09-09 11:58:00,264.85,264.90,264.80,264.85,29454
2026-09-09 11:59:00,264.70,264.90,264.70,264.80,29857
2026-09-09 12:00:00,264.80,264.85,264.70,264.75,20136
2026-09-09 12:01:00,264.75,264.80,264.60,264.75,20475
2026-09-09 12:02:00,264.75,264.75,264.55,264.55,17716
2026-09-09 12:03:00,264.70,264.75,264.55,264.75,27639
2026-09-09 12:04:00,264.70,264.70,264.50,264.65,26100
2026-09-09 12:05:00,264.60,264.70,264.50,264.65,27087
2026-09-09 12:06:00,264.65,264.70,264.50,264.65,21884
2026-09-09 12:07:00,264.65,264.90,264.55,264.90,23112
2026-09-09 12:08:00,264.80,264.90,264.70,264.85,31339
2026-09-09 12:09:00,264.75,265.15,264.75,265.00,1076020
2026-09-09 12:10:00,265.15,265.15,264.95,265.10,11014
2026-09-09 12:11:00,265.00,265.15,265.00,265.10,22183
2026-09-09 12:12:00,265.15,265.20,265.05,265.20,25299
2026-09-09 12:13:00,265.15,265.40,265.10,265.40,16195
2026-09-09 12:14:00,265.45,265.65,265.45,265.65,21302
2026-09-09 12:15:00,265.50,265.65,265.05,265.05,24988
2026-09-09 12:16:00,265.15,265.25,265.00,265.25,26419
2026-09-09 12:17:00,265.25,265.35,265.15,265.20,25294
2026-09-09 12:18:00,265.20,265.20,265.00,265.15,21947
2026-09-09 12:19:00,265.10,265.15,264.90,264.90,18490
2026-09-09 12:20:00,265.00,265.20,264.90,265.15,21947
2026-09-09 12:21:00,265.10,265.20,265.10,265.15,9668
2026-09-09 12:22:00,265.20,265.20,265.05,265.15,15778
2026-09-09 12:23:00,265.15,265.65,265.05,265.55,43366
2026-09-09 12:24:00,265.65,265.80,265.55,265.80,34803
2026-09-09 12:25:00,265.80,265.85,265.70,265.80,12961
2026-09-09 12:26:00,265.80,266.00,265.70,265.85,27525
2026-09-09 12:27:00,266.00,266.05,265.90,266.05,18333
2026-09-09 12:28:00,266.05,266.40,266.00,266.35,98973
2026-09-09 12:29:00,266.35,266.70,266.20,266.65,104201
2026-09-09 12:30:00,266.75,266.75,266.50,266.50,85095
2026-09-09 12:31:00,266.50,266.65,266.40,266.65,18060
2026-09-09 12:32:00,266.65,266.75,266.60,266.70,55920
2026-09-09 12:33:00,266.70,266.75,266.55,266.75,13141
2026-09-09 12:34:00,266.75,266.85,266.70,266.85,45371
2026-09-09 12:35:00,266.85,267.00,266.80,266.90,36023
2026-09-09 12:36:00,266.90,267.05,266.75,267.00,29643
2026-09-09 12:37:00,267.05,267.10,267.00,267.05,9244
2026-09-09 12:38:00,267.10,267.20,267.05,267.15,12863
2026-09-09 12:39:00,267.15,267.25,267.15,267.20,21427
2026-09-09 12:40:00,267.25,267.55,267.25,267.45,66731
2026-09-09 12:41:00,267.45,267.50,267.40,267.45,35062
2026-09-09 12:42:00,267.45,267.45,267.30,267.40,12740
2026-09-09 12:43:00,267.40,267.40,266.90,267.10,14564
2026-09-09 12:44:00,267.10,267.15,267.00,267.10,8961
2026-09-09 12:45:00,267.00,267.05,266.85,266.95,11145
2026-09-09 12:46:00,266.90,267.00,266.75,266.80,11519
2026-09-09 12:47:00,266.90,266.90,266.75,266.90,11535
2026-09-09 12:48:00,266.85,267.20,266.80,267.05,56589
2026-09-09 12:49:00,267.20,267.40,267.05,267.35,35581
2026-09-09 12:50:00,267.35,267.40,267.10,267.30,9310
2026-09-09 12:51:00,267.25,267.65,267.15,267.40,178009
2026-09-09 12:52:00,267.45,267.45,267.20,267.20,7339
2026-09-09 12:53:00,267.20,267.20,267.05,267.10,9728
2026-09-09 12:54:00,267.15,267.30,266.95,267.10,12544
2026-09-09 12:55:00,267.15,267.20,266.75,267.00,11788
2026-09-09 12:56:00,267.00,267.15,266.90,267.15,11539
2026-09-09 12:57:00,267.10,267.30,266.95,267.10,13292
2026-09-09 12:58:00,267.15,267.30,267.05,267.25,8512
2026-09-09 12:59:00,267.30,267.30,267.00,267.15,7468
2026-09-09 13:00:00,267.15,267.25,267.00,267.20,10706
2026-09-09 13:01:00,267.10,267.10,266.85,266.95,7388
2026-09-09 13:02:00,266.95,267.00,266.80,266.90,5044
2026-09-09 13:03:00,266.90,266.95,266.75,266.95,12078
2026-09-09 13:04:00,266.95,266.95,266.45,266.45,1050391
2026-09-09 13:05:00,266.50,266.70,266.45,266.45,14631
2026-09-09 13:06:00,266.55,266.60,266.40,266.55,8691
2026-09-09 13:07:00,266.50,266.65,266.45,266.60,10030
2026-09-09 13:08:00,266.65,266.65,266.45,266.50,8721
2026-09-09 13:09:00,266.55,266.60,266.45,266.45,12369
2026-09-09 13:10:00,266.40,266.45,266.30,266.45,7804
2026-09-09 13:11:00,266.45,266.50,266.30,266.40,12545
2026-09-09 13:12:00,266.40,266.45,266.25,266.40,6833
2026-09-09 13:13:00,266.40,266.40,266.25,266.25,7501
2026-09-09 13:14:00,266.35,267.00,266.20,267.00,171873
2026-09-09 13:15:00,266.50,266.85,266.50,266.75,134577
2026-09-09 13:16:00,266.75,266.95,266.60,266.80,78163
2026-09-09 13:17:00,266.70,266.90,266.60,266.70,7875
2026-09-09 13:18:00,266.70,266.75,266.55,266.75,7297
2026-09-09 13:19:00,266.80,267.15,266.75,267.00,13253
2026-09-09 13:20:00,267.00,267.10,266.90,267.10,4846
2026-09-09 13:21:00,267.10,267.20,267.05,267.20,11616
2026-09-09 13:22:00,267.20,267.20,267.05,267.10,8710
2026-09-09 13:23:00,267.10,267.10,267.05,267.05,13296
2026-09-09 13:24:00,267.05,267.10,266.90,267.00,25416
2026-09-09 13:25:00,267.00,267.05,266.95,267.05,7061
2026-09-09 13:26:00,267.10,267.10,267.05,267.10,12787
2026-09-09 13:27:00,267.10,267.15,267.05,267.10,6355
2026-09-09 13:28:00,267.05,267.50,267.05,267.50,37060
2026-09-09 13:29:00,267.60,268.20,267.50,268.20,122918
2026-09-09 13:30:00,268.20,268.35,268.00,268.35,48369
2026-09-09 13:31:00,268.35,268.40,268.15,268.25,101285
2026-09-09 13:32:00,268.15,268.35,268.15,268.35,33522
2026-09-09 13:33:00,268.35,268.50,268.25,268.35,37212
2026-09-09 13:34:00,268.35,268.55,268.35,268.35,48354
2026-09-09 13:35:00,268.50,268.50,268.35,268.40,8208
2026-09-09 13:36:00,268.35,268.55,268.35,268.50,25551
2026-09-09 13:37:00,268.50,268.50,268.25,268.30,12030
2026-09-09 13:38:00,268.35,268.45,268.25,268.30,9657
2026-09-09 13:39:00,268.30,268.35,268.20,268.25,8042
2026-09-09 13:40:00,268.25,268.30,268.15,268.20,6674
2026-09-09 13:41:00,268.10,268.20,268.00,268.15,15156
2026-09-09 13:42:00,268.15,268.30,268.05,268.20,12678
2026-09-09 13:43:00,268.25,268.25,267.75,267.80,38668
2026-09-09 13:44:00,267.75,267.85,267.75,267.80,12739
2026-09-09 13:45:00,267.75,267.85,267.75,267.85,7995
2026-09-09 13:46:00,267.80,267.85,267.75,267.80,10312
2026-09-09 13:47:00,267.85,267.90,267.75,267.80,9000
2026-09-09 13:48:00,267.85,267.90,267.70,267.90,9465
2026-09-09 13:49:00,267.90,268.10,267.80,268.05,15535
2026-09-09 13:50:00,268.05,268.05,267.80,267.85,27371
2026-09-09 13:51:00,267.85,268.15,267.75,268.15,14410
2026-09-09 13:52:00,268.05,268.10,268.00,268.05,13257
2026-09-09 13:53:00,268.10,268.10,267.90,267.90,36749
2026-09-09 13:54:00,267.90,267.90,267.75,267.80,10763
2026-09-09 13:55:00,267.80,267.85,267.75,267.80,7289
2026-09-09 13:56:00,267.80,267.80,267.75,267.80,7539
2026-09-09 13:57:00,267.75,267.85,267.75,267.80,11329
2026-09-09 13:58:00,267.80,267.85,267.75,267.80,11070
2026-09-09 13:59:00,267.80,267.85,267.75,267.80,9632
2026-09-09 14:00:00,267.75,267.85,267.75,267.80,8953
2026-09-09 14:01:00,267.80,267.85,267.75,267.85,9076
2026-09-09 14:02:00,267.85,268.00,267.75,267.85,29431
2026-09-09 14:03:00,267.85,267.95,267.75,267.85,7166
2026-09-09 14:04:00,267.80,267.90,267.70,267.75,10076
2026-09-09 14:05:00,267.80,267.80,267.65,267.80,7884
2026-09-09 14:06:00,267.70,267.85,267.60,267.70,8917
2026-09-09 14:07:00,267.75,267.85,267.60,267.65,10568
2026-09-09 14:08:00,267.65,267.85,267.60,267.80,8598
2026-09-09 14:09:00,267.85,267.85,267.65,267.80,8882
2026-09-09 14:10:00,267.75,267.75,267.55,267.60,10544
2026-09-09 14:11:00,267.60,267.70,267.55,267.60,7928
2026-09-09 14:12:00,267.60,267.70,267.55,267.65,11016
2026-09-09 14:13:00,267.65,267.70,267.45,267.50,9523
2026-09-09 14:14:00,267.60,267.70,267.45,267.60,8544
2026-09-09 14:15:00,267.50,267.70,267.50,267.70,11460
2026-09-09 14:16:00,267.70,267.70,267.40,267.55,9455
2026-09-09 14:17:00,267.50,267.65,267.40,267.55,10270
2026-09-09 14:18:00,267.60,267.65,267.40,267.45,8393
2026-09-09 14:19:00,267.40,267.60,267.35,267.50,8898
2026-09-09 14:20:00,267.50,267.50,267.30,267.50,12038
2026-09-09 14:21:00,267.50,267.55,267.35,267.45,8399
2026-09-09 14:22:00,267.45,267.55,267.25,267.35,11481
2026-09-09 14:23:00,267.30,267.35,267.20,267.25,8454
2026-09-09 14:24:00,267.35,267.45,267.25,267.30,9271
2026-09-09 14:25:00,267.30,267.45,267.25,267.35,9458
2026-09-09 14:26:00,267.25,267.45,267.25,267.35,9648
2026-09-09 14:27:00,267.30,267.40,267.20,267.25,10541
2026-09-09 14:28:00,267.20,267.35,267.20,267.30,8785
2026-09-09 14:29:00,267.30,267.35,267.20,267.20,6864
2026-09-09 14:30:00,267.20,267.50,267.15,267.15,1828950
2026-09-09 14:31:00,267.25,267.30,267.10,267.20,11619
2026-09-09 14:32:00,267.15,267.25,267.10,267.20,7558
2026-09-09 14:33:00,267.15,267.15,267.00,267.00,8459
2026-09-09 14:34:00,267.10,267.20,267.00,267.10,9774
2026-09-09 14:35:00,267.10,267.20,266.80,266.90,15843
2026-09-09 14:36:00,266.90,266.90,266.75,266.85,8688
2026-09-09 14:37:00,266.90,266.90,266.70,266.75,8998
2026-09-09 14:38:00,266.75,266.85,266.65,266.65,13927
2026-09-09 14:39:00,266.75,266.75,266.60,266.65,10471
2026-09-09 14:40:00,266.70,266.75,266.60,266.65,10766
2026-09-09 14:41:00,266.65,266.80,266.65,266.65,18438
2026-09-09 14:42:00,266.75,266.80,266.60,266.70,10983
2026-09-09 14:43:00,266.75,266.80,266.60,266.75,12386
2026-09-09 14:44:00,266.70,266.80,266.60,266.70,9373
2026-09-09 14:45:00,266.60,266.80,266.60,266.75,11986
2026-09-09 14:46:00,266.75,267.10,266.65,267.10,41744
2026-09-09 14:47:00,267.10,267.30,267.00,267.25,14297
2026-09-09 14:48:00,267.25,267.30,267.15,267.20,12079
2026-09-09 14:49:00,267.25,267.30,267.15,267.20,13748
2026-09-09 14:50:00,267.30,267.30,267.10,267.25,13102
2026-09-09 14:51:00,267.20,267.25,267.10,267.20,14348
2026-09-09 14:52:00,267.20,267.25,267.10,267.15,11337
2026-09-09 14:53:00,267.10,267.20,267.05,267.15,12232
2026-09-09 14:54:00,267.20,267.20,267.00,267.05,14879
2026-09-09 14:55:00,267.15,267.15,266.95,267.05,14209
2026-09-09 14:56:00,267.05,267.10,267.00,267.05,11682
2026-09-09 14:57:00,267.05,267.05,266.95,267.00,14029
2026-09-09 14:58:00,267.00,267.05,267.00,267.05,19226
2026-09-09 14:59:00,267.05,267.05,267.00,267.05,24313
2026-09-09 15:00:00,267.05,267.05,267.00,267.05,30585
2026-09-09 15:01:00,267.05,267.05,267.00,267.05,69996
2026-09-09 15:02:00,267.00,267.05,267.00,267.00,14258
2026-09-09 15:03:00,267.00,267.05,266.85,267.05,97237
2026-09-09 15:04:00,267.00,267.05,266.60,266.60,71673
2026-09-09 15:05:00,266.60,266.70,266.40,266.55,60376
2026-09-09 15:06:00,266.50,266.55,266.40,266.45,31682
2026-09-09 15:07:00,266.40,266.45,266.25,266.30,21199
2026-09-09 15:08:00,266.30,266.70,266.25,266.70,52186
2026-09-09 15:09:00,266.75,266.75,266.35,266.35,30906
2026-09-09 15:10:00,266.50,266.50,266.40,266.45,70014
2026-09-09 15:11:00,266.45,266.45,266.25,266.25,36380
2026-09-09 15:12:00,266.25,266.35,266.00,266.10,61870
2026-09-09 15:13:00,266.25,266.35,266.05,266.20,29273
2026-09-09 15:14:00,266.15,266.30,265.90,265.90,23738
2026-09-09 15:15:00,265.90,265.90,265.90,265.90,7
2026-09-09 15:16:00,265.90,265.90,265.90,265.90,0
2026-09-09 15:17:00,265.90,265.90,265.90,265.90,0
2026-09-09 15:18:00,265.90,265.90,265.90,265.90,0
2026-09-09 15:19:00,265.90,265.90,265.90,265.90,0
2026-09-09 15:20:00,265.90,265.90,265.90,265.90,0
2026-09-09 15:21:00,265.90,265.90,265.90,265.90,0
2026-09-09 15:22:00,265.90,265.90,265.90,265.90,0
2026-09-09 15:23:00,265.90,265.90,265.90,265.90,0
2026-09-09 15:24:00,265.90,265.90,265.90,265.90,0
2026-09-09 15:25:00,265.90,265.90,265.90,265.90,0
2026-09-09 15:26:00,265.90,265.90,265.90,265.90,0
2026-09-09 15:27:00,265.90,265.90,265.90,265.90,0
2026-09-09 15:28:00,265.90,265.90,265.85,265.85,265646
2026-09-09 15:29:00,265.85,265.85,265.85,265.85,0
2026-09-10 09:15:00,265.85,266.55,265.30,265.80,86537
2026-09-10 09:16:00,266.05,266.85,265.90,266.75,52681
2026-09-10 09:17:00,266.75,267.05,266.50,267.05,19032
2026-09-10 09:18:00,267.00,267.25,267.00,267.00,20735
2026-09-10 09:19:00,267.10,267.10,266.40,266.40,24519
2026-09-10 09:20:00,266.35,266.55,266.35,266.55,10431
2026-09-10 09:21:00,266.55,266.65,266.45,266.60,29875
2026-09-10 09:22:00,266.60,266.95,266.40,266.80,48501
2026-09-10 09:23:00,266.85,266.85,266.20,266.55,15234
2026-09-10 09:24:00,266.55,267.10,266.55,267.00,68741
2026-09-10 09:25:00,267.00,267.20,267.00,267.15,13227
2026-09-10 09:26:00,267.15,267.65,267.15,267.65,15223
2026-09-10 09:27:00,267.60,267.70,267.60,267.60,15222
2026-09-10 09:28:00,267.60,267.70,267.60,267.60,40461
2026-09-10 09:29:00,267.60,268.15,267.60,268.10,78642
2026-09-10 09:30:00,268.10,268.20,267.90,268.00,32941
2026-09-10 09:31:00,268.00,268.15,268.00,268.05,15556
2026-09-10 09:32:00,268.00,268.40,268.00,268.25,33898
2026-09-10 09:33:00,268.25,268.25,267.95,268.05,19202
2026-09-10 09:34:00,268.00,268.00,267.50,267.80,51505
2026-09-10 09:35:00,267.80,267.80,267.60,267.70,8650
2026-09-10 09:36:00,267.70,267.70,267.65,267.65,12374
2026-09-10 09:37:00,267.65,267.65,267.50,267.65,22534
2026-09-10 09:38:00,267.70,267.70,267.50,267.60,39403
2026-09-10 09:39:00,267.60,267.70,267.50,267.65,13641
2026-09-10 09:40:00,267.65,267.70,267.50,267.65,21941
2026-09-10 09:41:00,267.65,267.65,267.50,267.60,11420
2026-09-10 09:42:00,267.65,267.70,267.55,267.60,5912
2026-09-10 09:43:00,267.65,267.75,267.60,267.65,15587
2026-09-10 09:44:00,267.65,267.70,267.55,267.65,50057
2026-09-10 09:45:00,267.60,267.75,267.50,267.65,5114
2026-09-10 09:46:00,267.65,267.65,267.50,267.65,9165
2026-09-10 09:47:00,267.50,267.65,267.50,267.65,15963
2026-09-10 09:48:00,267.65,267.65,267.55,267.65,10048
2026-09-10 09:49:00,267.65,267.65,267.50,267.60,8403
2026-09-10 09:50:00,267.65,267.65,267.50,267.55,5753
2026-09-10 09:51:00,267.65,267.65,267.50,267.65,5814
2026-09-10 09:52:00,267.65,267.65,267.50,267.65,7084
2026-09-10 09:53:00,267.65,268.00,267.55,267.95,92233
2026-09-10 09:54:00,267.95,267.95,267.80,267.90,10704
2026-09-10 09:55:00,267.90,268.00,267.70,267.70,7043
2026-09-10 09:56:00,267.75,267.80,267.70,267.80,2932
2026-09-10 09:57:00,267.80,267.80,267.55,267.55,2824
2026-09-10 09:58:00,267.65,267.65,267.50,267.65,10289
2026-09-10 09:59:00,267.65,267.65,267.50,267.65,6987
2026-09-10 10:00:00,267.60,267.90,267.60,267.85,8164
2026-09-10 10:01:00,267.90,267.95,267.80,267.90,19560
2026-09-10 10:02:00,267.90,267.90,267.75,267.85,9805
2026-09-10 10:03:00,267.85,267.85,267.75,267.80,3026
2026-09-10 10:04:00,267.80,268.20,267.80,268.20,12901
2026-09-10 10:05:00,268.10,268.35,268.05,268.35,83252
2026-09-10 10:06:00,268.30,268.30,268.20,268.30,8406
2026-09-10 10:07:00,268.30,268.30,268.25,268.30,10753
2026-09-10 10:08:00,268.25,268.65,268.25,268.30,55127
2026-09-10 10:09:00,268.25,268.40,268.25,268.40,6331
2026-09-10 10:10:00,268.35,268.40,268.25,268.40,10786
2026-09-10 10:11:00,268.30,268.50,268.30,268.40,20280
2026-09-10 10:12:00,268.45,268.45,268.25,268.25,5259
2026-09-10 10:13:00,268.40,268.40,268.25,268.35,4914
2026-09-10 10:14:00,268.35,268.35,268.25,268.35,3603
2026-09-10 10:15:00,268.25,268.40,268.25,268.35,6886
2026-09-10 10:16:00,268.45,268.80,268.40,268.80,31311
2026-09-10 10:17:00,269.00,269.20,268.75,269.05,75051
2026-09-10 10:18:00,269.15,269.15,268.95,268.95,9158
2026-09-10 10:19:00,269.00,269.00,268.80,268.85,6179
2026-09-10 10:20:00,268.90,268.90,268.70,268.80,8393
2026-09-10 10:21:00,268.80,269.45,268.75,268.85,260205
2026-09-10 10:22:00,268.80,268.90,268.55,268.90,116797
2026-09-10 10:23:00,268.90,269.15,268.80,269.15,12591
2026-09-10 10:24:00,269.15,269.15,268.95,269.05,7560
2026-09-10 10:25:00,269.05,269.10,269.00,269.10,10457
2026-09-10 10:26:00,269.00,269.20,269.00,269.20,19704
2026-09-10 10:27:00,269.20,269.60,269.05,269.35,62247
2026-09-10 10:28:00,269.40,269.45,269.10,269.25,16229
2026-09-10 10:29:00,269.10,269.30,269.10,269.30,5393
2026-09-10 10:30:00,269.25,269.30,269.10,269.25,10855
2026-09-10 10:31:00,269.25,269.25,269.05,269.15,6199
2026-09-10 10:32:00,269.15,269.25,269.05,269.10,12223
2026-09-10 10:33:00,269.20,269.20,269.05,269.10,3223
2026-09-10 10:34:00,269.05,269.10,268.85,268.95,12088
2026-09-10 10:35:00,268.95,269.10,268.90,269.10,9965
2026-09-10 10:36:00,269.00,269.25,269.00,269.25,10349
2026-09-10 10:37:00,269.25,269.25,269.20,269.25,8898
2026-09-10 10:38:00,269.25,269.50,269.20,269.50,20282
2026-09-10 10:39:00,269.50,269.50,269.40,269.45,8670
2026-09-10 10:40:00,269.50,269.50,269.45,269.50,7609
2026-09-10 10:41:00,269.50,269.50,269.30,269.40,11111
2026-09-10 10:42:00,269.45,269.50,269.35,269.50,11230
2026-09-10 10:43:00,269.50,269.50,269.30,269.40,5392
2026-09-10 10:44:00,269.35,269.40,269.30,269.35,4399
2026-09-10 10:45:00,269.35,269.35,269.30,269.35,4292
2026-09-10 10:46:00,269.35,269.35,269.25,269.25,11492
2026-09-10 10:47:00,269.30,269.30,269.20,269.20,11592
2026-09-10 10:48:00,269.15,269.20,269.10,269.15,12660
2026-09-10 10:49:00,269.20,269.20,269.05,269.05,20000
2026-09-10 10:50:00,269.05,269.05,268.90,268.90,16857
2026-09-10 10:51:00,268.90,269.00,268.90,269.00,6516
2026-09-10 10:52:00,269.05,269.05,268.90,269.00,18405
2026-09-10 10:53:00,269.00,269.05,268.90,268.90,8224
2026-09-10 10:54:00,268.90,269.05,268.90,269.05,10552
2026-09-10 10:55:00,269.00,269.05,268.65,268.70,79076
2026-09-10 10:56:00,268.70,268.80,268.60,268.65,11967
2026-09-10 10:57:00,268.70,268.75,268.60,268.70,11388
2026-09-10 10:58:00,268.75,268.90,268.70,268.70,12483
2026-09-10 10:59:00,268.80,268.90,268.80,268.85,2394
2026-09-10 11:00:00,268.90,269.05,268.85,268.95,18107
2026-09-10 11:01:00,269.00,269.05,268.80,268.85,20875
2026-09-10 11:02:00,268.80,268.85,268.65,268.80,8073
2026-09-10 11:03:00,268.80,268.80,268.75,268.75,3319
2026-09-10 11:04:00,268.80,268.90,268.75,268.85,12536
2026-09-10 11:05:00,268.80,268.95,268.65,268.90,15577
2026-09-10 11:06:00,268.95,269.15,268.95,269.15,19404
2026-09-10 11:07:00,269.15,269.55,269.10,269.50,127756
2026-09-10 11:08:00,269.55,269.55,269.50,269.55,8218
2026-09-10 11:09:00,269.50,269.55,269.50,269.55,24150
2026-09-10 11:10:00,269.50,269.55,269.50,269.50,8928
2026-09-10 11:11:00,269.55,269.55,269.50,269.50,6250
2026-09-10 11:12:00,269.55,269.55,269.50,269.50,15178
2026-09-10 11:13:00,269.55,269.55,269.50,269.55,12397
2026-09-10 11:14:00,269.55,269.60,269.50,269.60,26843
2026-09-10 11:15:00,269.60,269.60,269.55,269.60,5418
2026-09-10 11:16:00,269.60,269.60,269.55,269.60,7346
2026-09-10 11:17:00,269.55,269.60,269.55,269.55,3486
2026-09-10 11:18:00,269.60,269.60,269.50,269.55,9392
2026-09-10 11:19:00,269.55,269.55,269.50,269.55,5551
2026-09-10 11:20:00,269.55,269.55,269.05,269.20,196206
2026-09-10 11:21:00,269.10,269.30,269.10,269.20,7462
2026-09-10 11:22:00,269.20,269.25,269.15,269.20,13125
2026-09-10 11:23:00,269.25,269.25,269.20,269.20,10613
2026-09-10 11:24:00,269.25,269.70,269.25,269.60,54349
2026-09-10 11:25:00,269.50,269.65,269.50,269.60,8510
2026-09-10 11:26:00,269.65,269.65,269.55,269.60,5529
2026-09-10 11:27:00,269.65,269.80,269.60,269.80,20636
2026-09-10 11:28:00,269.75,269.90,269.70,269.85,73705
2026-09-10 11:29:00,269.85,269.95,269.75,269.90,33398
2026-09-10 11:30:00,269.85,269.95,269.80,269.85,16055
2026-09-10 11:31:00,269.85,269.95,269.70,269.70,17711
2026-09-10 11:32:00,269.80,269.85,269.70,269.70,40537
2026-09-10 11:33:00,269.85,269.90,269.75,269.75,187699
2026-09-10 11:34:00,269.80,269.80,269.60,269.60,20723
2026-09-10 11:35:00,269.70,269.85,269.55,269.55,25644
2026-09-10 11:36:00,269.60,270.05,269.55,270.05,99556
2026-09-10 11:37:00,270.10,270.10,269.90,270.00,29252
2026-09-10 11:38:00,270.00,270.10,270.00,270.00,35847
2026-09-10 11:39:00,270.05,270.10,269.90,270.00,155497
2026-09-10 11:40:00,270.05,270.05,269.85,269.85,94890
2026-09-10 11:41:00,269.95,269.95,269.75,269.75,6669
2026-09-10 11:42:00,269.85,269.85,269.60,269.80,18046
2026-09-10 11:43:00,269.70,269.80,269.60,269.80,5303
2026-09-10 11:44:00,269.80,269.80,269.70,269.75,9734
2026-09-10 11:45:00,269.75,269.75,269.70,269.70,2174
2026-09-10 11:46:00,269.75,269.75,269.70,269.75,8831
2026-09-10 11:47:00,269.70,269.75,269.65,269.65,10343
2026-09-10 11:48:00,269.65,269.85,269.50,269.80,20603
2026-09-10 11:49:00,269.85,269.90,269.80,269.80,9798
2026-09-10 11:50:00,269.75,270.10,269.65,270.00,65424
2026-09-10 11:51:00,270.00,270.10,269.90,270.10,75598
2026-09-10 11:52:00,270.05,270.10,269.90,269.95,120493
2026-09-10 11:53:00,270.00,270.10,270.00,270.05,48178
2026-09-10 11:54:00,270.05,270.10,270.00,270.05,24041
2026-09-10 11:55:00,270.05,270.05,270.00,270.05,28410
2026-09-10 11:56:00,270.05,270.15,269.70,269.95,65172
2026-09-10 11:57:00,269.95,270.20,269.95,270.15,35108
2026-09-10 11:58:00,270.15,270.20,270.10,270.10,6489
2026-09-10 11:59:00,270.15,270.20,270.10,270.15,6830
2026-09-10 12:00:00,270.20,270.20,270.10,270.15,14503
2026-09-10 12:01:00,270.15,270.20,270.10,270.10,9899
2026-09-10 12:02:00,270.15,270.20,270.10,270.20,11484
2026-09-10 12:03:00,270.20,270.20,270.15,270.15,6377
2026-09-10 12:04:00,270.20,270.20,270.15,270.15,9961
2026-09-10 12:05:00,270.15,270.15,270.10,270.15,5562
2026-09-10 12:06:00,270.15,270.15,270.00,270.00,9355
2026-09-10 12:07:00,270.05,270.05,270.00,270.05,1599
2026-09-10 12:08:00,270.05,270.05,270.00,270.00,12547
2026-09-10 12:09:00,270.00,270.10,270.00,270.10,10102
2026-09-10 12:10:00,270.10,270.10,270.00,270.00,9937
2026-09-10 12:11:00,270.05,270.10,270.00,270.10,8241
2026-09-10 12:12:00,270.05,270.50,270.05,270.45,42821
2026-09-10 12:13:00,270.45,270.45,270.30,270.40,12078
2026-09-10 12:14:00,270.50,270.70,270.50,270.65,69129
2026-09-10 12:15:00,270.60,271.20,270.50,271.00,102027
2026-09-10 12:16:00,271.00,271.30,270.70,270.90,46398
2026-09-10 12:17:00,270.90,270.90,270.70,270.70,32833
2026-09-10 12:18:00,270.80,271.00,270.70,271.00,33115
2026-09-10 12:19:00,270.90,271.40,270.70,270.80,51476
2026-09-10 12:20:00,270.80,270.85,270.70,270.80,11211
2026-09-10 12:21:00,270.80,271.05,270.70,270.80,344192
2026-09-10 12:22:00,270.90,270.90,270.60,270.75,17704
2026-09-10 12:23:00,270.75,270.90,270.65,270.70,13334
2026-09-10 12:24:00,270.70,270.70,270.55,270.70,11260
2026-09-10 12:25:00,270.65,270.70,270.25,270.60,55055
2026-09-10 12:26:00,270.60,270.60,270.30,270.50,10665
2026-09-10 12:27:00,270.45,270.50,270.35,270.50,20852
2026-09-10 12:28:00,270.50,270.60,270.40,270.60,12879
2026-09-10 12:29:00,270.60,270.60,270.45,270.50,10258
2026-09-10 12:30:00,270.45,270.50,270.45,270.50,7314
2026-09-10 12:31:00,270.50,270.80,270.45,270.55,28672
2026-09-10 12:32:00,270.60,270.80,270.50,270.70,21653
2026-09-10 12:33:00,270.70,271.10,270.50,271.05,144781
2026-09-10 12:34:00,271.05,271.15,271.00,271.05,25742
2026-09-10 12:35:00,271.05,271.10,271.00,271.00,22259
2026-09-10 12:36:00,271.05,271.10,271.00,271.10,47250
2026-09-10 12:37:00,271.10,271.10,271.00,271.05,30287
2026-09-10 12:38:00,271.05,271.25,271.00,271.20,49618
2026-09-10 12:39:00,271.25,271.30,271.10,271.30,38529
2026-09-10 12:40:00,271.30,271.60,271.25,271.40,130881
2026-09-10 12:41:00,271.40,271.40,271.00,271.05,323094
2026-09-10 12:42:00,271.00,271.25,271.00,271.20,111699
2026-09-10 12:43:00,271.20,271.20,271.05,271.20,10450
2026-09-10 12:44:00,271.00,271.15,271.00,271.10,10857
2026-09-10 12:45:00,271.10,271.10,271.00,271.10,23392
2026-09-10 12:46:00,271.10,271.10,271.05,271.10,14247
2026-09-10 12:47:00,271.10,271.10,271.00,271.05,3599
2026-09-10 12:48:00,271.05,271.05,270.55,270.85,96504
2026-09-10 12:49:00,270.85,271.05,270.80,271.05,24147
2026-09-10 12:50:00,271.05,271.05,270.85,271.00,12178
2026-09-10 12:51:00,271.00,271.10,270.90,271.05,9262
2026-09-10 12:52:00,271.05,271.10,271.00,271.00,11794
2026-09-10 12:53:00,271.05,271.10,270.90,271.05,108026
2026-09-10 12:54:00,271.05,271.10,271.00,271.05,16548
2026-09-10 12:55:00,271.10,271.10,270.90,270.90,66749
2026-09-10 12:56:00,271.00,271.00,270.70,270.90,233014
2026-09-10 12:57:00,270.90,271.00,270.80,270.95,29574
2026-09-10 12:58:00,270.95,270.95,270.75,270.85,6544
2026-09-10 12:59:00,270.85,270.85,270.65,270.65,10172
2026-09-10 13:00:00,270.75,270.75,270.60,270.70,8255
2026-09-10 13:01:00,270.75,270.75,270.65,270.65,6635
2026-09-10 13:02:00,270.70,270.70,270.60,270.70,6293
2026-09-10 13:03:00,270.70,270.70,270.60,270.70,3950
2026-09-10 13:04:00,270.60,270.80,270.60,270.80,10773
2026-09-10 13:05:00,270.75,270.85,270.75,270.80,6592
2026-09-10 13:06:00,270.85,270.85,270.70,270.80,30300
2026-09-10 13:07:00,270.80,270.80,270.70,270.80,8298
2026-09-10 13:08:00,270.80,270.80,270.70,270.75,5996
2026-09-10 13:09:00,270.75,270.85,270.65,270.65,12741
2026-09-10 13:10:00,270.80,270.80,270.65,270.75,2815
2026-09-10 13:11:00,270.65,270.80,270.65,270.70,57032
2026-09-10 13:12:00,270.70,270.85,270.70,270.80,19015
2026-09-10 13:13:00,270.85,271.00,270.75,270.95,123341
2026-09-10 13:14:00,270.95,270.95,270.75,270.85,45080
2026-09-10 13:15:00,270.85,271.05,270.80,271.05,33061
2026-09-10 13:16:00,271.05,271.10,271.00,271.00,5604
2026-09-10 13:17:00,271.05,271.10,271.00,271.10,11647
2026-09-10 13:18:00,271.10,271.10,271.00,271.00,6764
2026-09-10 13:19:00,271.05,271.05,270.80,270.95,13742
2026-09-10 13:20:00,271.00,271.00,270.85,271.00,4404
2026-09-10 13:21:00,271.00,271.10,270.90,271.00,19277
2026-09-10 13:22:00,271.10,271.10,270.95,271.05,19507
2026-09-10 13:23:00,271.00,271.05,271.00,271.05,6270
2026-09-10 13:24:00,271.05,271.70,271.05,271.40,138077
2026-09-10 13:25:00,271.45,271.70,271.40,271.60,35013
2026-09-10 13:26:00,271.65,271.65,271.30,271.30,43860
2026-09-10 13:27:00,271.40,271.50,271.35,271.40,12111
2026-09-10 13:28:00,271.40,271.45,271.35,271.40,15293
2026-09-10 13:29:00,271.40,271.45,271.35,271.40,8701
2026-09-10 13:30:00,271.40,271.50,271.15,271.15,19764
2026-09-10 13:31:00,271.20,271.35,271.20,271.20,17742
2026-09-10 13:32:00,271.30,271.35,271.20,271.30,8240
2026-09-10 13:33:00,271.20,271.45,271.10,271.10,529981
2026-09-10 13:34:00,271.20,271.20,271.05,271.10,19178
2026-09-10 13:35:00,271.05,271.30,271.05,271.25,8054
2026-09-10 13:36:00,271.25,271.25,271.00,271.10,20224
2026-09-10 13:37:00,271.10,271.10,271.05,271.05,2369
2026-09-10 13:38:00,271.10,271.35,271.05,271.35,66469
2026-09-10 13:39:00,271.35,271.35,271.20,271.35,8853
2026-09-10 13:40:00,271.25,271.35,271.20,271.30,7227
2026-09-10 13:41:00,271.20,271.25,271.15,271.20,16618
2026-09-10 13:42:00,271.15,271.20,271.10,271.15,13999
2026-09-10 13:43:00,271.10,271.15,271.00,271.10,21250
2026-09-10 13:44:00,271.10,271.10,271.00,271.05,12538
2026-09-10 13:45:00,271.05,271.05,271.00,271.05,9304
2026-09-10 13:46:00,271.00,271.10,271.00,271.05,8538
2026-09-10 13:47:00,271.10,271.10,271.05,271.10,3171
2026-09-10 13:48:00,271.10,271.10,270.90,270.95,9732
2026-09-10 13:49:00,271.00,271.00,270.90,271.00,10248
2026-09-10 13:50:00,271.00,271.20,270.95,271.05,26392
2026-09-10 13:51:00,271.10,271.20,271.05,271.15,10611
2026-09-10 13:52:00,271.20,271.20,271.05,271.15,7247
2026-09-10 13:53:00,271.10,271.15,271.00,271.10,11784
2026-09-10 13:54:00,271.10,271.10,271.05,271.05,3224
2026-09-10 13:55:00,271.10,271.10,271.00,271.05,3840
2026-09-10 13:56:00,271.00,271.05,271.00,271.05,12511
2026-09-10 13:57:00,271.05,271.10,271.00,271.05,3668
2026-09-10 13:58:00,271.05,271.15,271.00,271.05,10162
2026-09-10 13:59:00,271.15,271.15,271.05,271.05,1826
2026-09-10 14:00:00,271.10,271.15,271.05,271.10,7079
2026-09-10 14:01:00,271.10,271.15,271.05,271.10,2963
2026-09-10 14:02:00,271.10,271.10,271.05,271.10,2373
2026-09-10 14:03:00,271.10,271.10,271.05,271.05,7586
2026-09-10 14:04:00,271.10,271.10,271.00,271.00,7556
2026-09-10 14:05:00,271.05,271.20,271.00,271.15,21228
2026-09-10 14:06:00,271.15,271.15,271.05,271.10,5313
2026-09-10 14:07:00,271.10,271.10,271.05,271.10,2709
2026-09-10 14:08:00,271.10,271.15,271.05,271.15,4689
2026-09-10 14:09:00,271.05,271.20,271.05,271.15,5273
2026-09-10 14:10:00,271.20,271.20,271.10,271.15,6393
2026-09-10 14:11:00,271.20,271.20,271.05,271.20,4737
2026-09-10 14:12:00,271.10,271.20,271.05,271.15,8703
2026-09-10 14:13:00,271.05,271.15,271.05,271.10,3742
2026-09-10 14:14:00,271.10,271.10,271.00,271.10,4724
2026-09-10 14:15:00,271.00,271.10,271.00,271.00,7039
2026-09-10 14:16:00,271.10,271.10,271.00,271.05,2957
2026-09-10 14:17:00,271.10,271.10,271.05,271.10,3452
2026-09-10 14:18:00,271.10,271.10,271.00,271.00,6512
2026-09-10 14:19:00,271.05,271.35,271.00,271.20,300432
2026-09-10 14:20:00,271.30,271.30,271.20,271.20,5049
2026-09-10 14:21:00,271.25,271.30,271.20,271.20,11245
2026-09-10 14:22:00,271.25,271.25,271.20,271.25,7676
2026-09-10 14:23:00,271.25,271.45,271.20,271.40,22954
2026-09-10 14:24:00,271.35,271.35,271.25,271.35,3516
2026-09-10 14:25:00,271.30,271.60,271.30,271.35,49144
2026-09-10 14:26:00,271.40,271.45,271.25,271.35,10162
2026-09-10 14:27:00,271.25,271.35,271.20,271.25,10169
2026-09-10 14:28:00,271.30,271.30,271.15,271.20,5294
2026-09-10 14:29:00,271.20,271.35,271.15,271.30,7750
2026-09-10 14:30:00,271.35,271.35,271.20,271.20,6748
2026-09-10 14:31:00,271.20,271.30,271.15,271.15,8685
2026-09-10 14:32:00,271.30,271.30,271.15,271.20,21956
2026-09-10 14:33:00,271.25,271.25,271.20,271.25,9305
2026-09-10 14:34:00,271.20,271.25,271.10,271.20,18758
2026-09-10 14:35:00,271.25,271.25,271.05,271.15,17211
2026-09-10 14:36:00,271.10,271.20,271.10,271.20,26907
2026-09-10 14:37:00,271.15,271.25,271.10,271.15,41142
2026-09-10 14:38:00,271.25,271.25,271.15,271.25,13998
2026-09-10 14:39:00,271.20,271.25,271.15,271.25,14510
2026-09-10 14:40:00,271.25,271.25,271.10,271.10,37317
2026-09-10 14:41:00,271.15,271.20,271.10,271.20,30105
2026-09-10 14:42:00,271.15,271.20,271.10,271.20,15814
2026-09-10 14:43:00,271.20,271.20,271.15,271.20,5267
2026-09-10 14:44:00,271.15,271.20,271.10,271.15,37727
2026-09-10 14:45:00,271.15,271.25,271.15,271.15,28795
2026-09-10 14:46:00,271.25,271.25,271.10,271.10,26682
2026-09-10 14:47:00,271.20,271.20,271.10,271.20,11250
2026-09-10 14:48:00,271.15,271.25,271.15,271.25,7625
2026-09-10 14:49:00,271.20,271.30,271.20,271.25,7357
2026-09-10 14:50:00,271.30,271.35,271.25,271.35,10220
2026-09-10 14:51:00,271.35,271.35,271.30,271.35,14109
2026-09-10 14:52:00,271.30,271.35,271.30,271.35,22479
2026-09-10 14:53:00,271.30,271.40,271.20,271.25,42003
2026-09-10 14:54:00,271.25,271.30,271.25,271.25,16616
2026-09-10 14:55:00,271.30,271.30,271.25,271.25,21649
2026-09-10 14:56:00,271.30,271.30,271.25,271.30,24128
2026-09-10 14:57:00,271.30,271.35,271.20,271.30,46429
2026-09-10 14:58:00,271.30,271.40,271.30,271.30,36744
2026-09-10 14:59:00,271.30,271.40,271.30,271.35,37832
2026-09-10 15:00:00,271.35,271.40,271.10,271.10,166628
2026-09-10 15:01:00,271.15,271.20,271.00,271.05,56922
2026-09-10 15:02:00,271.00,271.15,270.80,270.85,149469
2026-09-10 15:03:00,270.85,271.05,270.80,270.80,104850
2026-09-10 15:04:00,270.90,270.90,270.80,270.80,85209
2026-09-10 15:05:00,270.85,270.85,270.80,270.85,99366
2026-09-10 15:06:00,270.85,270.95,270.80,270.90,67226
2026-09-10 15:07:00,270.85,270.90,270.80,270.85,38046
2026-09-10 15:08:00,270.80,270.90,270.80,270.85,49055
2026-09-10 15:09:00,270.85,271.20,270.80,270.85,86815
2026-09-10 15:10:00,270.90,271.05,270.85,270.85,175431
2026-09-10 15:11:00,270.90,270.90,270.80,270.85,108300
2026-09-10 15:12:00,270.80,270.90,270.65,270.85,369082
2026-09-10 15:13:00,270.80,271.05,270.80,270.85,162886
2026-09-10 15:14:00,270.85,271.00,270.85,271.00,19913
2026-09-10 15:15:00,271.00,271.00,271.00,271.00,250
2026-09-10 15:16:00,271.00,271.00,271.00,271.00,0
2026-09-10 15:17:00,271.00,271.00,271.00,271.00,0
2026-09-10 15:18:00,271.00,271.00,271.00,271.00,0
2026-09-10 15:19:00,271.00,271.00,271.00,271.00,0
2026-09-10 15:20:00,271.00,271.00,271.00,271.00,0
2026-09-10 15:21:00,271.00,271.00,271.00,271.00,0
2026-09-10 15:22:00,271.00,271.00,271.00,271.00,0
2026-09-10 15:23:00,271.00,271.00,271.00,271.00,0
2026-09-10 15:24:00,271.00,271.00,271.00,271.00,0
2026-09-10 15:25:00,271.00,271.00,271.00,271.00,0
2026-09-10 15:26:00,271.00,271.00,271.00,271.00,0
2026-09-10 15:27:00,271.00,271.00,271.00,271.00,0
2026-09-10 15:28:00,271.00,271.00,271.00,271.00,0
2026-09-10 15:29:00,271.00,271.75,271.00,271.75,449549
2026-09-11 09:15:00,269.95,271.10,269.55,270.45,138419
2026-09-11 09:16:00,270.40,271.85,270.40,271.85,73048
2026-09-11 09:17:00,271.80,273.20,271.70,272.40,143523
2026-09-11 09:18:00,272.40,272.65,272.15,272.40,65327
2026-09-11 09:19:00,272.25,272.30,272.05,272.20,45842
2026-09-11 09:20:00,272.15,272.45,272.10,272.20,84359
2026-09-11 09:21:00,272.20,272.40,272.20,272.30,45502
2026-09-11 09:22:00,272.25,273.00,272.25,272.85,92516
2026-09-11 09:23:00,272.75,274.05,272.65,273.85,175957
2026-09-11 09:24:00,273.80,273.80,273.10,273.15,88756
2026-09-11 09:25:00,273.15,273.50,273.10,273.45,62690
2026-09-11 09:26:00,273.35,273.45,273.00,273.20,59118
2026-09-11 09:27:00,273.20,273.20,272.15,272.15,56152
2026-09-11 09:28:00,272.25,272.25,271.60,271.60,50455
2026-09-11 09:29:00,271.55,271.55,271.20,271.20,22425
2026-09-11 09:30:00,271.25,271.50,271.20,271.20,21999
2026-09-11 09:31:00,271.30,271.30,271.05,271.10,20696
2026-09-11 09:32:00,271.05,271.15,270.55,270.60,58710
2026-09-11 09:33:00,270.50,271.75,270.50,271.70,122337
2026-09-11 09:34:00,271.55,271.85,271.55,271.55,29081
2026-09-11 09:35:00,271.60,271.70,271.25,271.25,19578
2026-09-11 09:36:00,271.20,271.45,271.10,271.40,15929
2026-09-11 09:37:00,271.40,271.45,271.00,271.00,379103
2026-09-11 09:38:00,271.00,271.30,270.90,271.25,53579
2026-09-11 09:39:00,271.20,271.30,271.05,271.15,5533
2026-09-11 09:40:00,271.20,271.25,271.05,271.05,13912
2026-09-11 09:41:00,271.10,271.10,270.90,270.95,14950
2026-09-11 09:42:00,270.95,271.00,270.85,270.85,44703
2026-09-11 09:43:00,270.80,271.25,270.80,271.20,7535
2026-09-11 09:44:00,271.20,271.20,271.00,271.10,3394
2026-09-11 09:45:00,271.10,271.10,270.90,270.90,9852
2026-09-11 09:46:00,270.90,270.95,270.80,270.85,5158
2026-09-11 09:47:00,270.80,271.05,270.75,270.90,26227
2026-09-11 09:48:00,271.00,271.05,270.90,271.05,3822
2026-09-11 09:49:00,271.05,271.05,270.90,270.95,3291
2026-09-11 09:50:00,270.95,271.10,270.85,271.00,4293
2026-09-11 09:51:00,271.00,271.00,270.85,270.95,2805
2026-09-11 09:52:00,270.95,271.55,270.90,271.50,204335
2026-09-11 09:53:00,271.45,271.60,271.35,271.50,14152
2026-09-11 09:54:00,271.50,271.70,271.30,271.65,18119
2026-09-11 09:55:00,271.55,271.70,271.50,271.60,8193
2026-09-11 09:56:00,271.60,271.70,271.45,271.55,8593
2026-09-11 09:57:00,271.60,271.70,271.50,271.60,7724
2026-09-11 09:58:00,271.70,271.70,271.30,271.30,9181
2026-09-11 09:59:00,271.30,271.35,271.15,271.15,44284
2026-09-11 10:00:00,271.20,271.35,271.15,271.15,6813
2026-09-11 10:01:00,271.25,271.25,271.00,271.00,237832
2026-09-11 10:02:00,271.05,271.05,270.40,270.50,46939
2026-09-11 10:03:00,270.50,270.65,270.45,270.65,5771
2026-09-11 10:04:00,270.55,270.55,270.20,270.20,16740
2026-09-11 10:05:00,270.15,270.60,270.15,270.45,15291
2026-09-11 10:06:00,270.40,270.45,270.30,270.40,6892
2026-09-11 10:07:00,270.45,270.50,270.30,270.40,17576
2026-09-11 10:08:00,270.40,270.55,270.30,270.45,30150
2026-09-11 10:09:00,270.55,270.55,270.40,270.45,20309
2026-09-11 10:10:00,270.50,270.50,270.40,270.45,5385
2026-09-11 10:11:00,270.40,270.40,269.95,269.95,41216
2026-09-11 10:12:00,270.05,270.05,269.95,270.00,9072
2026-09-11 10:13:00,270.05,270.05,269.90,270.00,16364
2026-09-11 10:14:00,269.90,270.20,269.90,270.15,13858
2026-09-11 10:15:00,270.20,270.35,269.95,270.00,10768
2026-09-11 10:16:00,270.00,270.15,270.00,270.00,4517
2026-09-11 10:17:00,270.00,270.15,270.00,270.05,10284
2026-09-11 10:18:00,270.05,270.10,269.75,269.75,15720
2026-09-11 10:19:00,269.80,269.90,269.75,269.80,7908
2026-09-11 10:20:00,269.80,269.95,269.80,269.90,4529
2026-09-11 10:21:00,269.95,269.95,268.85,268.95,397322
2026-09-11 10:22:00,269.00,269.70,268.95,269.00,521400
2026-09-11 10:23:00,269.00,269.00,268.80,269.00,45807
2026-09-11 10:24:00,269.00,269.25,268.95,269.15,110445
2026-09-11 10:25:00,269.20,269.20,269.00,269.10,6661
2026-09-11 10:26:00,269.05,269.25,268.95,269.25,21313
2026-09-11 10:27:00,269.20,269.25,269.15,269.25,3194
2026-09-11 10:28:00,269.15,269.30,269.15,269.25,6534
2026-09-11 10:29:00,269.25,269.35,269.25,269.25,2524
2026-09-11 10:30:00,269.35,269.35,269.10,269.20,18164
2026-09-11 10:31:00,269.20,269.30,269.20,269.20,9300
2026-09-11 10:32:00,269.25,269.30,269.20,269.25,1212
2026-09-11 10:33:00,269.30,269.30,269.20,269.20,2710
2026-09-11 10:34:00,269.30,269.55,269.20,269.50,7044
2026-09-11 10:35:00,269.55,269.70,269.40,269.40,3683
2026-09-11 10:36:00,269.50,269.50,269.20,269.30,12872
2026-09-11 10:37:00,269.30,269.30,269.10,269.15,4482
2026-09-11 10:38:00,269.05,269.15,269.05,269.15,3846
2026-09-11 10:39:00,269.15,269.15,269.05,269.10,4287
2026-09-11 10:40:00,269.15,269.15,269.10,269.15,8175
2026-09-11 10:41:00,269.15,269.15,269.10,269.15,3774
2026-09-11 10:42:00,269.45,269.50,269.40,269.45,12737
2026-09-11 10:43:00,269.45,269.60,269.45,269.50,7268
2026-09-11 10:44:00,269.55,269.55,269.40,269.50,6566
2026-09-11 10:45:00,269.50,269.55,269.40,269.40,4430
2026-09-11 10:46:00,269.50,269.55,269.40,269.40,8064
2026-09-11 10:47:00,269.55,269.55,269.40,269.50,6906
2026-09-11 10:48:00,269.50,269.50,269.40,269.40,4424
2026-09-11 10:49:00,269.45,269.50,269.40,269.45,3851
2026-09-11 10:50:00,269.45,269.45,269.40,269.40,3448
2026-09-11 10:51:00,269.45,269.50,269.40,269.50,6226
2026-09-11 10:52:00,269.50,269.50,269.40,269.40,2787
2026-09-11 10:53:00,269.50,269.50,269.40,269.50,7428
2026-09-11 10:54:00,269.50,269.50,269.40,269.50,19472
2026-09-11 10:55:00,269.50,269.55,269.45,269.50,6441
2026-09-11 10:56:00,269.50,269.50,269.30,269.50,23490
2026-09-11 10:57:00,269.50,269.65,269.50,269.65,5368
2026-09-11 10:58:00,269.65,269.70,269.55,269.60,6311
2026-09-11 10:59:00,269.60,269.60,269.40,269.40,4123
2026-09-11 11:00:00,269.45,269.60,269.40,269.60,4598
2026-09-11 11:01:00,269.60,269.60,269.40,269.40,6867
2026-09-11 11:02:00,269.50,269.55,269.40,269.40,5268
2026-09-11 11:03:00,269.45,269.45,269.40,269.40,4244
2026-09-11 11:04:00,269.45,269.45,269.40,269.40,3445
2026-09-11 11:05:00,269.45,269.60,269.40,269.60,6666
2026-09-11 11:06:00,269.60,269.75,269.45,269.75,15498
2026-09-11 11:07:00,269.70,269.70,269.55,269.55,3703
2026-09-11 11:08:00,269.65,269.65,269.50,269.50,2740
2026-09-11 11:09:00,269.55,269.60,269.50,269.50,6517
2026-09-11 11:10:00,269.60,269.60,269.40,269.55,5053
2026-09-11 11:11:00,269.65,269.65,269.45,269.60,6003
2026-09-11 11:12:00,269.60,269.60,269.45,269.55,5578
2026-09-11 11:13:00,269.55,269.65,269.45,269.50,4602
2026-09-11 11:14:00,269.55,269.70,269.50,269.65,7560
2026-09-11 11:15:00,269.65,269.75,269.65,269.65,7662
2026-09-11 11:16:00,269.65,269.70,269.60,269.60,4333
2026-09-11 11:17:00,269.70,269.75,269.65,269.70,4987
2026-09-11 11:18:00,269.70,269.70,269.65,269.70,4251
2026-09-11 11:19:00,269.65,269.65,269.60,269.60,3579
2026-09-11 11:20:00,269.65,269.75,269.60,269.60,8313
2026-09-11 11:21:00,269.70,269.70,269.60,269.70,4936
2026-09-11 11:22:00,269.70,269.75,269.65,269.75,7537
2026-09-11 11:23:00,269.75,269.75,269.55,269.55,3216
2026-09-11 11:24:00,269.60,269.60,269.50,269.50,4306
2026-09-11 11:25:00,269.60,269.60,269.50,269.60,5491
2026-09-11 11:26:00,269.60,269.60,269.55,269.55,6584
2026-09-11 11:27:00,269.60,269.60,269.55,269.55,3361
2026-09-11 11:28:00,269.60,269.60,269.55,269.60,4780
2026-09-11 11:29:00,269.60,269.60,269.50,269.55,32107
2026-09-11 11:30:00,269.60,269.65,269.55,269.65,6025
2026-09-11 11:31:00,269.65,269.65,269.55,269.65,3280
2026-09-11 11:32:00,269.65,269.65,269.55,269.55,4477
2026-09-11 11:33:00,269.60,269.65,269.55,269.60,6570
2026-09-11 11:34:00,269.65,269.75,269.55,269.55,59670
2026-09-11 11:35:00,269.60,269.70,269.55,269.65,62360
2026-09-11 11:36:00,269.65,269.85,269.65,269.75,70973
2026-09-11 11:37:00,269.75,269.75,269.65,269.65,46941
2026-09-11 11:38:00,269.65,269.70,269.55,269.55,48108
2026-09-11 11:39:00,269.60,269.60,269.55,269.60,3809
2026-09-11 11:40:00,269.60,269.60,269.55,269.55,2895
2026-09-11 11:41:00,269.60,269.60,269.55,269.60,3593
2026-09-11 11:42:00,269.60,269.60,269.55,269.60,3260
2026-09-11 11:43:00,269.60,269.60,269.55,269.60,3606
2026-09-11 11:44:00,269.60,269.70,269.55,269.70,9270
2026-09-11 11:45:00,269.70,269.70,269.50,269.50,38881
2026-09-11 11:46:00,269.60,269.60,269.50,269.50,3328
2026-09-11 11:47:00,269.55,269.55,269.45,269.55,5104
2026-09-11 11:48:00,269.45,269.55,269.40,269.40,6009
2026-09-11 11:49:00,269.45,269.45,269.40,269.45,5042
2026-09-11 11:50:00,269.45,269.55,269.40,269.40,10415
2026-09-11 11:51:00,269.40,269.60,269.40,269.50,7908
2026-09-11 11:52:00,269.60,269.60,269.50,269.50,4178
2026-09-11 11:53:00,269.60,269.60,269.50,269.50,2675
2026-09-11 11:54:00,269.55,269.75,269.50,269.70,18134
2026-09-11 11:55:00,269.70,269.95,269.55,269.95,90887
2026-09-11 11:56:00,269.95,270.00,269.80,269.90,55397
2026-09-11 11:57:00,269.90,270.05,269.70,269.75,81378
2026-09-11 11:58:00,269.85,269.90,269.65,269.70,88944
2026-09-11 11:59:00,269.80,270.00,269.80,269.80,116210
2026-09-11 12:00:00,269.95,269.95,269.70,269.80,6591
2026-09-11 12:01:00,269.80,269.80,269.65,269.65,3748
2026-09-11 12:02:00,269.75,269.75,269.65,269.65,3826
2026-09-11 12:03:00,269.70,269.75,269.65,269.75,6986
2026-09-11 12:04:00,269.80,269.80,269.65,269.80,6980
2026-09-11 12:05:00,269.80,269.80,269.65,269.80,3637
2026-09-11 12:06:00,269.80,269.80,269.70,269.80,3479
2026-09-11 12:07:00,269.80,269.85,269.70,269.70,5967
2026-09-11 12:08:00,269.85,269.85,269.70,269.70,3092
2026-09-11 12:09:00,269.75,269.75,269.60,269.75,4766
2026-09-11 12:10:00,269.75,269.75,269.60,269.60,3372
2026-09-11 12:11:00,269.65,269.70,269.55,269.65,5094
2026-09-11 12:12:00,269.65,269.70,269.55,269.55,5023
2026-09-11 12:13:00,269.70,269.70,269.50,269.50,3685
2026-09-11 12:14:00,269.60,269.65,269.50,269.60,4890
2026-09-11 12:15:00,269.60,269.60,269.30,269.35,7303
2026-09-11 12:16:00,269.40,269.40,269.25,269.30,3990
2026-09-11 12:17:00,269.30,269.35,269.20,269.20,5333
2026-09-11 12:18:00,269.30,269.35,269.20,269.30,4100
2026-09-11 12:19:00,269.30,269.30,269.15,269.30,4504
2026-09-11 12:20:00,269.30,269.30,269.15,269.20,4358
2026-09-11 12:21:00,269.25,269.25,269.10,269.10,7540
2026-09-11 12:22:00,269.20,269.25,269.10,269.15,2692
2026-09-11 12:23:00,269.25,269.65,269.20,269.65,189836
2026-09-11 12:24:00,269.65,269.85,269.50,269.60,271389
2026-09-11 12:25:00,269.70,269.75,269.25,269.30,18114
2026-09-11 12:26:00,269.40,269.60,269.30,269.40,5542
2026-09-11 12:27:00,269.55,269.55,269.40,269.55,1542
2026-09-11 12:28:00,269.55,269.55,269.50,269.50,3533
2026-09-11 12:29:00,269.50,269.55,269.40,269.40,3633
2026-09-11 12:30:00,269.50,269.50,269.35,269.35,4853
2026-09-11 12:31:00,269.40,269.55,269.35,269.55,6202
2026-09-11 12:32:00,269.55,269.60,269.35,269.35,9264
2026-09-11 12:33:00,269.45,269.45,269.30,269.30,1525
2026-09-11 12:34:00,269.40,269.40,269.15,269.20,6915
2026-09-11 12:35:00,269.20,269.20,269.15,269.15,7820
2026-09-11 12:36:00,269.20,269.25,268.80,268.80,67981
2026-09-11 12:37:00,268.90,268.90,268.80,268.80,18794
2026-09-11 12:38:00,268.90,268.90,268.80,268.80,4074
2026-09-11 12:39:00,268.90,268.95,268.80,268.80,5929
2026-09-11 12:40:00,268.95,268.95,268.65,268.80,11846
2026-09-11 12:41:00,268.80,268.80,268.65,268.75,3598
2026-09-11 12:42:00,268.80,268.85,268.75,268.80,4552
2026-09-11 12:43:00,268.85,268.95,268.80,268.90,2929
2026-09-11 12:44:00,268.95,268.95,268.70,268.70,5284
2026-09-11 12:45:00,268.85,269.05,268.70,269.00,120005
2026-09-11 12:46:00,269.05,269.05,268.60,268.60,119325
2026-09-11 12:47:00,268.75,268.95,268.60,268.75,114303
2026-09-11 12:48:00,268.85,268.95,268.85,268.95,5029
2026-09-11 12:49:00,268.95,268.95,268.80,268.80,2919
2026-09-11 12:50:00,268.95,268.95,268.75,268.75,2687
2026-09-11 12:51:00,268.85,268.85,268.65,268.70,1953
2026-09-11 12:52:00,268.75,268.80,268.70,268.75,10247
2026-09-11 12:53:00,268.85,268.90,268.75,268.85,2959
2026-09-11 12:54:00,268.85,268.85,268.70,268.80,2742
2026-09-11 12:55:00,268.70,268.80,268.65,268.70,2449
2026-09-11 12:56:00,268.65,268.85,268.65,268.85,14955
2026-09-11 12:57:00,268.85,268.90,268.70,268.90,2861
2026-09-11 12:58:00,268.90,269.05,268.90,269.05,9025
2026-09-11 12:59:00,269.10,269.10,268.85,268.95,4213
2026-09-11 13:00:00,268.95,268.95,268.85,268.90,1747
2026-09-11 13:01:00,268.90,268.90,268.75,268.80,2517
2026-09-11 13:02:00,268.80,268.80,268.65,268.80,8551
2026-09-11 13:03:00,268.80,268.80,268.65,268.80,3672
2026-09-11 13:04:00,268.65,268.80,268.65,268.75,3129
2026-09-11 13:05:00,268.75,268.75,268.65,268.75,2195
2026-09-11 13:06:00,268.75,268.80,268.65,268.65,4741
2026-09-11 13:07:00,268.80,268.80,268.65,268.80,5170
2026-09-11 13:08:00,268.80,268.80,268.65,268.80,7013
2026-09-11 13:09:00,268.80,268.80,268.70,268.70,2530
2026-09-11 13:10:00,268.70,268.75,268.65,268.70,6004
2026-09-11 13:11:00,268.75,268.75,268.70,268.75,2760
2026-09-11 13:12:00,268.75,268.80,268.70,268.80,3150
2026-09-11 13:13:00,268.80,268.90,268.80,268.90,4351
2026-09-11 13:14:00,268.85,268.95,268.85,268.90,1549
2026-09-11 13:15:00,268.85,268.90,268.70,268.70,3336
2026-09-11 13:16:00,268.80,269.20,268.80,269.15,28868
2026-09-11 13:17:00,269.15,269.20,269.00,269.00,21048
2026-09-11 13:18:00,269.15,269.15,268.90,269.00,6554
2026-09-11 13:19:00,268.95,269.00,268.90,268.95,8016
2026-09-11 13:20:00,268.90,268.95,268.80,268.90,4745
2026-09-11 13:21:00,268.90,269.05,268.80,269.00,9190
2026-09-11 13:22:00,269.00,269.00,268.90,268.95,2668
2026-09-11 13:23:00,269.00,269.10,268.95,269.10,4593
2026-09-11 13:24:00,269.10,269.10,268.95,268.95,5209
2026-09-11 13:25:00,269.10,269.80,268.95,269.35,443038
2026-09-11 13:26:00,269.40,269.55,269.20,269.35,51150
2026-09-11 13:27:00,269.35,269.35,269.10,269.20,2494
2026-09-11 13:28:00,269.20,269.20,269.05,269.15,3391
2026-09-11 13:29:00,269.15,269.25,269.05,269.20,6211
2026-09-11 13:30:00,269.25,269.25,269.20,269.25,1742
2026-09-11 13:31:00,269.25,269.25,269.05,269.15,3312
2026-09-11 13:32:00,269.15,269.30,269.15,269.25,6215
2026-09-11 13:33:00,269.25,269.30,269.10,269.15,5610
2026-09-11 13:34:00,269.10,269.20,269.05,269.15,23965
2026-09-11 13:35:00,269.05,269.15,269.05,269.05,2300
2026-09-11 13:36:00,269.10,269.10,269.05,269.10,1937
2026-09-11 13:37:00,269.10,269.10,269.00,269.00,40260
2026-09-11 13:38:00,269.10,269.10,269.00,269.05,7819
2026-09-11 13:39:00,269.05,269.10,269.00,269.10,17083
2026-09-11 13:40:00,269.10,269.10,269.00,269.05,8716
2026-09-11 13:41:00,269.00,269.05,268.35,268.50,98010
2026-09-11 13:42:00,268.40,268.60,268.35,268.55,14374
2026-09-11 13:43:00,268.60,268.60,268.55,268.60,6650
2026-09-11 13:44:00,268.60,269.05,268.55,268.85,71478
2026-09-11 13:45:00,268.80,269.00,268.50,268.50,75577
2026-09-11 13:46:00,268.55,268.75,268.55,268.75,6343
2026-09-11 13:47:00,268.75,268.80,268.60,268.80,7278
2026-09-11 13:48:00,268.75,268.75,268.55,268.55,4704
2026-09-11 13:49:00,268.70,268.70,268.55,268.70,3947
2026-09-11 13:50:00,268.70,268.70,268.65,268.70,4172
2026-09-11 13:51:00,268.70,268.80,268.65,268.70,4810
2026-09-11 13:52:00,268.65,268.65,268.45,268.55,12456
2026-09-11 13:53:00,268.45,268.55,268.40,268.45,11116
2026-09-11 13:54:00,268.55,268.80,268.35,268.50,19623
2026-09-11 13:55:00,268.50,268.80,268.40,268.65,9212
2026-09-11 13:56:00,268.60,268.75,268.60,268.75,4356
2026-09-11 13:57:00,268.75,268.75,268.60,268.65,8993
2026-09-11 13:58:00,268.75,268.75,268.40,268.45,6171
2026-09-11 13:59:00,268.55,268.60,268.55,268.55,6720
2026-09-11 14:00:00,268.55,268.55,268.40,268.50,5950
2026-09-11 14:01:00,268.50,268.70,268.45,268.60,12965
2026-09-11 14:02:00,268.60,268.90,268.55,268.85,12577
2026-09-11 14:03:00,268.80,268.90,268.70,268.70,8270
2026-09-11 14:04:00,268.85,268.90,268.70,268.90,6049
2026-09-11 14:05:00,268.90,268.90,268.80,268.80,6807
2026-09-11 14:06:00,268.75,269.15,268.65,269.15,18852
2026-09-11 14:07:00,269.15,269.15,268.95,269.00,7671
2026-09-11 14:08:00,269.15,269.15,268.95,269.05,3265
2026-09-11 14:09:00,269.05,269.10,268.95,269.00,8847
2026-09-11 14:10:00,269.05,269.05,268.85,268.85,7920
2026-09-11 14:11:00,268.85,269.00,268.85,268.90,5340
2026-09-11 14:12:00,268.95,268.95,268.75,268.75,7179
2026-09-11 14:13:00,268.85,268.85,268.75,268.80,5886
2026-09-11 14:14:00,268.75,268.80,268.65,268.70,14616
2026-09-11 14:15:00,268.80,268.80,268.75,268.80,15183
2026-09-11 14:16:00,268.80,269.15,268.80,269.05,17211
2026-09-11 14:17:00,269.15,269.25,268.95,269.05,12804
2026-09-11 14:18:00,269.05,269.20,269.00,269.20,9132
2026-09-11 14:19:00,269.20,269.30,269.15,269.20,17046
2026-09-11 14:20:00,269.30,269.35,269.20,269.30,8369
2026-09-11 14:21:00,269.25,269.45,269.25,269.45,20062
2026-09-11 14:22:00,269.45,269.45,269.35,269.35,10646
2026-09-11 14:23:00,269.40,269.45,269.35,269.35,19096
2026-09-11 14:24:00,269.45,269.50,269.40,269.40,11597
2026-09-11 14:25:00,269.45,269.50,269.40,269.45,9222
2026-09-11 14:26:00,269.50,269.50,269.30,269.40,8676
2026-09-11 14:27:00,269.40,269.45,269.35,269.45,7014
2026-09-11 14:28:00,269.50,269.60,269.40,269.45,14795
2026-09-11 14:29:00,269.50,269.55,269.40,269.50,17556
2026-09-11 14:30:00,269.50,269.55,269.35,269.45,15921
2026-09-11 14:31:00,269.50,269.60,269.35,269.55,13996
2026-09-11 14:32:00,269.60,269.85,269.50,269.70,15250
2026-09-11 14:33:00,269.70,269.70,269.50,269.60,6073
2026-09-11 14:34:00,269.50,269.60,269.50,269.60,8614
2026-09-11 14:35:00,269.55,269.55,269.50,269.55,6678
2026-09-11 14:36:00,269.55,269.60,269.50,269.60,16810
2026-09-11 14:37:00,269.60,269.60,269.50,269.60,4096
2026-09-11 14:38:00,269.55,269.55,269.35,269.55,14049
2026-09-11 14:39:00,269.55,269.70,269.45,269.70,40092
2026-09-11 14:40:00,269.80,269.85,269.50,269.55,16565
2026-09-11 14:41:00,269.50,269.65,269.50,269.50,3446
2026-09-11 14:42:00,269.65,269.65,269.50,269.60,3660
2026-09-11 14:43:00,269.70,269.95,269.55,269.90,40544
2026-09-11 14:44:00,269.80,269.90,269.70,269.70,4898
2026-09-11 14:45:00,269.80,269.80,269.55,269.70,9330
2026-09-11 14:46:00,269.70,269.70,269.55,269.70,6748
2026-09-11 14:47:00,269.60,269.75,269.60,269.65,9911
2026-09-11 14:48:00,269.70,269.75,269.60,269.70,15726
2026-09-11 14:49:00,269.70,269.70,269.60,269.70,5911
2026-09-11 14:50:00,269.70,269.70,269.45,269.50,9136
2026-09-11 14:51:00,269.60,269.60,269.45,269.50,11990
2026-09-11 14:52:00,269.50,269.60,269.45,269.45,11463
2026-09-11 14:53:00,269.50,269.55,269.45,269.45,188042
2026-09-11 14:54:00,269.50,269.65,269.45,269.60,456569
2026-09-11 14:55:00,269.60,269.60,269.40,269.50,69277
2026-09-11 14:56:00,269.50,269.50,269.40,269.40,4484
2026-09-11 14:57:00,269.45,269.45,269.30,269.35,13370
2026-09-11 14:58:00,269.35,269.35,269.25,269.35,11664
2026-09-11 14:59:00,269.35,269.35,269.25,269.30,18548
2026-09-11 15:00:00,269.45,269.50,269.40,269.45,956887
2026-09-11 15:01:00,269.45,269.45,268.90,268.90,47226
2026-09-11 15:02:00,268.90,269.15,268.85,269.15,31941
2026-09-11 15:03:00,269.15,269.15,268.85,268.95,20301
2026-09-11 15:04:00,268.95,269.00,268.90,268.95,18467
2026-09-11 15:05:00,268.95,269.05,268.90,269.00,37345
2026-09-11 15:06:00,269.00,269.20,268.95,269.05,64811
2026-09-11 15:07:00,269.05,269.10,268.90,268.95,27954
2026-09-11 15:08:00,268.95,269.00,268.90,268.95,43194
2026-09-11 15:09:00,268.95,269.05,268.85,269.00,72871
2026-09-11 15:10:00,269.05,269.05,269.00,269.00,147705
2026-09-11 15:11:00,269.05,269.20,269.00,269.00,93987
2026-09-11 15:12:00,269.00,269.25,268.95,269.00,104287
2026-09-11 15:13:00,269.05,269.05,268.95,269.00,37037
2026-09-11 15:14:00,268.95,269.05,268.85,269.00,47780
2026-09-11 15:15:00,269.00,269.00,269.00,269.00,0
2026-09-11 15:16:00,269.00,269.00,269.00,269.00,0
2026-09-11 15:17:00,269.00,269.00,269.00,269.00,0
2026-09-11 15:18:00,269.00,269.00,269.00,269.00,0
2026-09-11 15:19:00,269.00,269.00,269.00,269.00,0
2026-09-11 15:20:00,269.00,269.00,269.00,269.00,0
2026-09-11 15:21:00,269.00,269.00,269.00,269.00,0
2026-09-11 15:22:00,269.00,269.00,269.00,269.00,0
2026-09-11 15:23:00,269.00,269.00,269.00,269.00,0
2026-09-11 15:24:00,269.00,269.00,269.00,269.00,0
2026-09-11 15:25:00,269.00,269.00,269.00,269.00,0
2026-09-11 15:26:00,269.00,269.00,269.00,269.00,0
2026-09-11 15:27:00,269.00,269.00,269.00,269.00,0
2026-09-11 15:28:00,269.00,269.00,269.00,269.00,0
2026-09-11 15:29:00,269.00,269.10,269.00,269.10,563723
2026-09-15 09:15:00,267.15,268.50,265.75,265.75,105275
2026-09-15 09:16:00,265.75,266.70,265.75,266.35,68293
2026-09-15 09:17:00,266.25,267.35,266.25,267.25,40163
2026-09-15 09:18:00,267.20,267.20,266.80,266.95,29897
2026-09-15 09:19:00,266.95,266.95,266.45,266.55,23714
2026-09-15 09:20:00,266.55,266.70,266.55,266.65,23049
2026-09-15 09:21:00,266.75,266.75,266.55,266.75,24498
2026-09-15 09:22:00,266.60,266.70,266.50,266.55,28887
2026-09-15 09:23:00,266.55,266.55,266.20,266.20,31785
2026-09-15 09:24:00,266.20,266.50,266.20,266.20,25889
2026-09-15 09:25:00,266.05,266.10,265.85,266.10,36460
2026-09-15 09:26:00,266.10,266.25,266.00,266.00,34436
2026-09-15 09:27:00,266.10,266.15,266.00,266.05,35585
2026-09-15 09:28:00,266.05,266.05,265.80,265.95,20091
2026-09-15 09:29:00,265.80,266.00,265.80,265.95,8800
2026-09-15 09:30:00,265.90,265.95,265.50,265.90,78533
2026-09-15 09:31:00,265.85,265.85,265.65,265.70,22614
2026-09-15 09:32:00,265.70,265.70,265.55,265.55,14633
2026-09-15 09:33:00,265.55,265.70,265.55,265.70,8952
2026-09-15 09:34:00,265.70,265.80,265.70,265.80,20470
2026-09-15 09:35:00,265.80,265.80,265.70,265.75,17807
2026-09-15 09:36:00,265.70,266.25,265.60,266.05,72786
2026-09-15 09:37:00,266.25,266.55,266.25,266.25,94232
2026-09-15 09:38:00,266.30,266.35,266.15,266.30,12974
2026-09-15 09:39:00,266.35,266.90,266.30,266.85,47411
2026-09-15 09:40:00,266.70,266.80,266.60,266.65,10914
2026-09-15 09:41:00,266.60,266.60,266.35,266.35,17364
2026-09-15 09:42:00,266.30,266.35,266.20,266.30,30945
2026-09-15 09:43:00,266.15,266.40,266.15,266.35,41587
2026-09-15 09:44:00,266.30,266.35,266.10,266.25,17215
2026-09-15 09:45:00,266.20,266.20,266.05,266.10,13683
2026-09-15 09:46:00,266.10,266.20,266.05,266.10,9747
2026-09-15 09:47:00,266.10,266.15,265.85,265.85,54027
2026-09-15 09:48:00,265.95,265.95,265.75,265.80,16496
2026-09-15 09:49:00,265.80,265.85,265.55,265.60,66411
2026-09-15 09:50:00,265.60,265.85,265.60,265.70,18310
2026-09-15 09:51:00,265.70,265.80,265.60,265.70,70587
2026-09-15 09:52:00,265.70,265.75,265.30,265.45,73509
2026-09-15 09:53:00,265.45,265.55,265.40,265.45,38191
2026-09-15 09:54:00,265.45,265.45,265.25,265.40,8641
2026-09-15 09:55:00,265.35,265.35,265.10,265.25,11568
2026-09-15 09:56:00,265.25,265.25,265.00,265.00,16910
2026-09-15 09:57:00,265.05,265.05,264.75,264.80,28350
2026-09-15 09:58:00,264.80,264.90,264.75,264.90,11822
2026-09-15 09:59:00,264.90,265.10,264.85,265.10,24328
2026-09-15 10:00:00,265.10,265.10,264.80,264.90,37277
2026-09-15 10:01:00,264.90,264.90,264.80,264.80,15948
2026-09-15 10:02:00,264.80,264.85,264.80,264.85,2157
2026-09-15 10:03:00,264.85,264.95,264.85,264.85,25271
2026-09-15 10:04:00,264.90,265.00,264.85,264.95,17204
2026-09-15 10:05:00,265.00,265.10,264.90,265.05,18184
2026-09-15 10:06:00,265.15,265.15,264.90,265.05,20337
2026-09-15 10:07:00,265.00,265.00,264.85,264.90,11805
2026-09-15 10:08:00,264.90,265.00,264.90,264.90,10386
2026-09-15 10:09:00,265.00,265.00,264.80,264.85,11108
2026-09-15 10:10:00,264.85,264.85,264.75,264.75,3548
2026-09-15 10:11:00,264.75,265.30,264.75,265.30,46587
2026-09-15 10:12:00,265.20,265.35,265.20,265.35,7365
2026-09-15 10:13:00,265.30,265.35,265.25,265.30,1771
2026-09-15 10:14:00,265.30,265.30,265.25,265.25,6148
2026-09-15 10:15:00,265.30,265.30,265.25,265.30,8793
2026-09-15 10:16:00,265.30,265.35,265.25,265.35,5363
2026-09-15 10:17:00,265.20,265.30,265.20,265.20,5537
2026-09-15 10:18:00,265.20,265.30,265.15,265.20,4923
2026-09-15 10:19:00,265.30,265.30,265.15,265.30,2202
2026-09-15 10:20:00,265.30,265.30,265.15,265.20,4253
2026-09-15 10:21:00,265.20,265.20,265.10,265.20,8084
2026-09-15 10:22:00,265.20,265.65,265.20,265.60,40055
2026-09-15 10:23:00,265.55,265.55,265.30,265.45,13592
2026-09-15 10:24:00,265.45,265.45,265.35,265.35,2688
2026-09-15 10:25:00,265.35,265.40,265.10,265.25,15414
2026-09-15 10:26:00,265.30,265.30,265.05,265.05,15598
2026-09-15 10:27:00,265.05,265.40,265.05,265.40,37055
2026-09-15 10:28:00,265.45,265.45,265.25,265.25,12242
2026-09-15 10:29:00,265.30,265.35,265.25,265.30,2275
2026-09-15 10:30:00,265.25,265.30,265.05,265.10,6372
2026-09-15 10:31:00,265.15,265.20,265.10,265.10,9536
2026-09-15 10:32:00,265.20,265.20,265.10,265.10,2592
2026-09-15 10:33:00,265.20,265.20,265.10,265.15,1969
2026-09-15 10:34:00,265.20,265.20,265.10,265.20,2654
2026-09-15 10:35:00,265.10,265.20,265.10,265.10,2275
2026-09-15 10:36:00,265.10,265.20,265.10,265.20,7640
2026-09-15 10:37:00,265.20,265.20,265.10,265.20,3429
2026-09-15 10:38:00,265.20,265.20,265.10,265.10,3901
2026-09-15 10:39:00,265.15,265.20,265.10,265.10,1913
2026-09-15 10:40:00,265.15,265.15,265.00,265.00,14431
2026-09-15 10:41:00,265.05,265.05,265.00,265.00,2648
2026-09-15 10:42:00,265.00,265.05,264.85,264.95,28282
2026-09-15 10:43:00,264.85,264.95,264.75,264.90,49195
2026-09-15 10:44:00,264.80,264.90,264.75,264.80,4758
2026-09-15 10:45:00,264.90,264.90,264.75,264.75,5555
2026-09-15 10:46:00,264.85,264.85,264.75,264.80,3004
2026-09-15 10:47:00,264.80,264.85,264.75,264.80,5465
2026-09-15 10:48:00,264.80,264.80,264.75,264.75,1905
2026-09-15 10:49:00,264.75,264.80,264.75,264.75,4414
2026-09-15 10:50:00,264.75,264.80,264.65,264.70,11055
2026-09-15 10:51:00,264.65,264.75,264.65,264.65,3639
2026-09-15 10:52:00,264.75,264.75,264.60,264.60,14234
2026-09-15 10:53:00,264.55,264.70,264.50,264.60,10142
2026-09-15 10:54:00,264.60,264.60,264.50,264.60,12006
2026-09-15 10:55:00,264.55,264.60,264.50,264.60,17027
2026-09-15 10:56:00,264.55,264.55,264.35,264.35,39974
2026-09-15 10:57:00,264.50,264.50,264.35,264.40,4452
2026-09-15 10:58:00,264.40,264.50,264.35,264.40,5568
2026-09-15 10:59:00,264.40,264.50,264.35,264.45,7506
2026-09-15 11:00:00,264.50,264.50,264.45,264.45,4048
2026-09-15 11:01:00,264.45,264.65,264.45,264.60,70293
2026-09-15 11:02:00,264.55,264.80,264.55,264.75,18644
2026-09-15 11:03:00,264.75,264.80,264.55,264.70,6753
2026-09-15 11:04:00,264.65,265.00,264.55,265.00,24188
2026-09-15 11:05:00,265.05,265.05,264.70,264.85,24053
2026-09-15 11:06:00,264.80,264.85,264.75,264.80,2729
2026-09-15 11:07:00,264.85,264.85,264.60,264.75,18560
2026-09-15 11:08:00,264.65,264.75,264.60,264.75,6096
2026-09-15 11:09:00,264.70,265.25,264.70,265.10,308524
2026-09-15 11:10:00,265.15,265.20,264.85,265.10,18483
2026-09-15 11:11:00,265.15,265.40,265.10,265.25,11213
2026-09-15 11:12:00,265.25,265.35,265.10,265.10,37201
2026-09-15 11:13:00,265.25,265.25,264.95,265.05,7892
2026-09-15 11:14:00,265.05,265.10,265.00,265.10,3162
2026-09-15 11:15:00,265.05,265.15,265.00,265.00,11883
2026-09-15 11:16:00,265.00,265.15,264.70,264.80,9472
2026-09-15 11:17:00,264.75,264.90,264.65,264.80,15936
2026-09-15 11:18:00,264.90,264.90,264.75,264.85,17775
2026-09-15 11:19:00,264.75,264.75,264.70,264.70,5041
2026-09-15 11:20:00,264.70,264.75,264.65,264.65,5305
2026-09-15 11:21:00,264.65,264.75,264.65,264.65,5065
2026-09-15 11:22:00,264.65,264.75,264.65,264.65,11679
2026-09-15 11:23:00,264.75,264.75,264.65,264.70,12297
2026-09-15 11:24:00,264.70,264.75,264.70,264.70,5862
2026-09-15 11:25:00,264.75,264.75,264.65,264.65,7231
2026-09-15 11:26:00,264.65,264.70,264.45,264.45,28947
2026-09-15 11:27:00,264.55,264.60,264.45,264.50,19973
2026-09-15 11:28:00,264.60,264.65,264.45,264.50,5579
2026-09-15 11:29:00,264.50,265.10,264.45,264.90,502490
2026-09-15 11:30:00,265.00,265.10,264.70,264.80,36506
2026-09-15 11:31:00,264.85,264.95,264.80,264.80,9976
2026-09-15 11:32:00,264.90,265.15,264.85,264.85,43307
2026-09-15 11:33:00,265.00,265.00,264.70,264.75,11444
2026-09-15 11:34:00,264.80,265.50,264.70,265.40,538060
2026-09-15 11:35:00,265.50,265.65,265.40,265.50,12914
2026-09-15 11:36:00,265.60,265.60,265.40,265.55,5719
2026-09-15 11:37:00,265.60,265.60,265.55,265.55,3313
2026-09-15 11:38:00,265.60,265.80,265.55,265.80,10207
2026-09-15 11:39:00,265.75,265.85,265.75,265.75,11089
2026-09-15 11:40:00,265.85,265.85,265.55,265.70,77072
2026-09-15 11:41:00,265.70,265.75,265.55,265.55,17266
2026-09-15 11:42:00,265.55,265.70,265.55,265.55,22386
2026-09-15 11:43:00,265.50,265.55,265.50,265.50,15943
2026-09-15 11:44:00,265.50,265.85,265.50,265.80,22087
2026-09-15 11:45:00,265.80,265.85,265.75,265.85,5642
2026-09-15 11:46:00,265.75,266.10,265.75,265.85,57258
2026-09-15 11:47:00,265.85,266.00,265.85,266.00,3616
2026-09-15 11:48:00,265.85,266.00,265.85,266.00,2835
2026-09-15 11:49:00,265.85,266.00,265.75,265.75,4543
2026-09-15 11:50:00,265.75,265.85,265.70,265.75,24038
2026-09-15 11:51:00,265.75,265.90,265.75,265.90,5384
2026-09-15 11:52:00,265.90,265.95,265.80,265.80,19970
2026-09-15 11:53:00,265.80,265.85,265.65,265.65,30551
2026-09-15 11:54:00,265.80,265.80,265.60,265.80,15246
2026-09-15 11:55:00,265.65,265.80,265.60,265.65,7576
2026-09-15 11:56:00,265.65,265.75,265.60,265.75,2784
2026-09-15 11:57:00,265.60,265.75,265.60,265.70,6337
2026-09-15 11:58:00,265.60,265.80,265.60,265.80,7381
2026-09-15 11:59:00,265.75,266.10,265.75,266.05,9437
2026-09-15 12:00:00,266.10,266.20,266.00,266.05,75203
2026-09-15 12:01:00,266.15,266.15,266.05,266.05,4002
2026-09-15 12:02:00,266.05,266.15,266.05,266.15,4165
2026-09-15 12:03:00,266.15,266.15,265.95,265.95,56453
2026-09-15 12:04:00,265.95,266.10,265.90,266.00,4477
2026-09-15 12:05:00,266.05,266.15,266.00,266.05,5314
2026-09-15 12:06:00,266.05,266.05,265.80,265.80,54215
2026-09-15 12:07:00,265.95,265.95,265.70,265.85,12581
2026-09-15 12:08:00,265.70,265.85,265.70,265.85,6346
2026-09-15 12:09:00,265.85,265.85,265.50,265.50,32355
2026-09-15 12:10:00,265.55,265.65,265.50,265.55,9572
2026-09-15 12:11:00,265.55,265.75,265.55,265.75,58728
2026-09-15 12:12:00,265.60,265.80,265.55,265.55,58510
2026-09-15 12:13:00,265.65,265.65,265.50,265.50,3157
2026-09-15 12:14:00,265.50,265.65,265.50,265.50,7721
2026-09-15 12:15:00,265.50,265.65,265.50,265.65,3517
2026-09-15 12:16:00,265.65,265.65,265.55,265.55,4914
2026-09-15 12:17:00,265.65,265.65,265.55,265.60,3090
2026-09-15 12:18:00,265.60,265.65,265.55,265.60,3054
2026-09-15 12:19:00,265.60,265.60,265.10,265.20,67590
2026-09-15 12:20:00,265.15,265.55,265.15,265.50,24903
2026-09-15 12:21:00,265.55,265.60,265.40,265.55,6597
2026-09-15 12:22:00,265.55,265.60,265.50,265.55,13470
2026-09-15 12:23:00,265.55,265.75,265.50,265.70,16364
2026-09-15 12:24:00,265.70,265.90,265.70,265.85,7058
2026-09-15 12:25:00,265.75,265.85,265.70,265.85,7761
2026-09-15 12:26:00,265.70,265.90,265.70,265.90,5867
2026-09-15 12:27:00,265.85,265.90,265.75,265.90,6925
2026-09-15 12:28:00,265.75,265.95,265.75,265.85,5996
2026-09-15 12:29:00,265.85,266.05,265.80,266.00,33047
2026-09-15 12:30:00,266.00,266.05,265.65,265.70,226661
2026-09-15 12:31:00,265.80,265.85,265.55,265.60,127499
2026-09-15 12:32:00,265.60,265.70,265.55,265.55,6149
2026-09-15 12:33:00,265.55,265.65,265.50,265.60,7808
2026-09-15 12:34:00,265.50,265.65,265.45,265.45,12854
2026-09-15 12:35:00,265.45,265.65,265.45,265.60,11035
2026-09-15 12:36:00,265.55,265.65,265.55,265.60,13142
2026-09-15 12:37:00,265.55,265.65,265.50,265.50,5848
2026-09-15 12:38:00,265.50,265.60,265.45,265.45,5759
2026-09-15 12:39:00,265.60,265.60,265.45,265.45,7036
2026-09-15 12:40:00,265.45,265.60,265.45,265.45,14228
2026-09-15 12:41:00,265.45,265.55,265.45,265.50,10266
2026-09-15 12:42:00,265.50,265.55,265.45,265.45,6908
2026-09-15 12:43:00,265.50,265.85,265.45,265.80,36409
2026-09-15 12:44:00,265.80,265.85,265.65,265.70,9542
2026-09-15 12:45:00,265.65,265.80,265.60,265.65,11069
2026-09-15 12:46:00,265.75,265.80,265.60,265.75,6318
2026-09-15 12:47:00,265.60,265.75,265.60,265.65,7229
2026-09-15 12:48:00,265.65,265.75,265.60,265.65,8090
2026-09-15 12:49:00,265.70,265.70,265.60,265.60,5664
2026-09-15 12:50:00,265.65,265.80,265.65,265.80,13821
2026-09-15 12:51:00,265.70,265.80,265.70,265.75,9883
2026-09-15 12:52:00,265.80,265.85,265.65,265.65,7861
2026-09-15 12:53:00,265.70,266.10,265.60,266.05,115581
2026-09-15 12:54:00,266.05,266.15,266.00,266.10,5059
2026-09-15 12:55:00,266.10,266.10,266.00,266.05,13826
2026-09-15 12:56:00,266.00,266.05,266.00,266.00,4288
2026-09-15 12:57:00,266.00,266.05,265.75,265.75,110980
2026-09-15 12:58:00,265.75,265.85,265.55,265.55,10884
2026-09-15 12:59:00,265.65,266.00,265.60,265.70,119691
2026-09-15 13:00:00,265.75,265.85,265.60,265.65,162031
2026-09-15 13:01:00,265.65,265.70,265.50,265.50,9874
2026-09-15 13:02:00,265.50,265.60,265.50,265.50,7246
2026-09-15 13:03:00,265.60,265.60,265.40,265.50,8385
2026-09-15 13:04:00,265.40,265.60,265.40,265.50,10011
2026-09-15 13:05:00,265.50,265.85,265.50,265.85,67803
2026-09-15 13:06:00,265.90,265.95,265.65,265.70,11425
2026-09-15 13:07:00,265.70,265.85,265.65,265.85,8478
2026-09-15 13:08:00,265.70,265.95,265.70,265.75,8765
2026-09-15 13:09:00,265.75,265.90,265.75,265.75,10232
2026-09-15 13:10:00,265.90,265.90,265.75,265.90,6255
2026-09-15 13:11:00,265.80,265.85,265.50,265.50,11676
2026-09-15 13:12:00,265.50,265.65,265.50,265.60,14293
2026-09-15 13:13:00,265.60,265.75,265.60,265.60,12657
2026-09-15 13:14:00,265.75,265.80,265.25,265.30,51484
2026-09-15 13:15:00,265.25,265.40,265.25,265.25,10156
2026-09-15 13:16:00,265.30,265.30,265.10,265.10,12826
2026-09-15 13:17:00,265.10,265.20,265.10,265.10,8127
2026-09-15 13:18:00,265.10,265.20,265.10,265.15,11185
2026-09-15 13:19:00,265.20,265.20,265.10,265.10,10207
2026-09-15 13:20:00,265.15,265.20,265.10,265.10,7125
2026-09-15 13:21:00,265.20,265.55,265.10,265.30,213742
2026-09-15 13:22:00,265.40,265.45,265.25,265.25,5420
2026-09-15 13:23:00,265.35,265.35,265.20,265.25,9864
2026-09-15 13:24:00,265.30,265.30,265.20,265.25,7388
2026-09-15 13:25:00,265.25,265.25,265.10,265.10,7130
2026-09-15 13:26:00,265.20,265.25,265.15,265.15,8357
2026-09-15 13:27:00,265.15,265.45,265.15,265.40,25496
2026-09-15 13:28:00,265.45,265.50,265.25,265.40,9808
2026-09-15 13:29:00,265.40,265.55,265.40,265.45,6495
2026-09-15 13:30:00,265.35,265.45,265.30,265.35,12663
2026-09-15 13:31:00,265.30,265.45,265.15,265.20,7712
2026-09-15 13:32:00,265.25,265.35,265.20,265.20,6918
2026-09-15 13:33:00,265.20,265.35,265.20,265.20,6864
2026-09-15 13:34:00,265.20,265.40,265.20,265.40,9434
2026-09-15 13:35:00,265.25,265.40,265.25,265.30,6170
2026-09-15 13:36:00,265.30,265.35,265.25,265.35,14329
2026-09-15 13:37:00,265.35,265.45,265.25,265.35,10559
2026-09-15 13:38:00,265.35,265.40,265.10,265.10,6060
2026-09-15 13:39:00,265.10,265.20,265.05,265.15,11701
2026-09-15 13:40:00,265.05,265.20,265.05,265.05,8574
2026-09-15 13:41:00,265.05,265.10,265.00,265.05,10027
2026-09-15 13:42:00,265.05,265.05,264.75,264.75,38742
2026-09-15 13:43:00,264.75,264.95,264.75,264.75,17134
2026-09-15 13:44:00,264.85,264.95,264.80,264.85,6132
2026-09-15 13:45:00,264.90,264.95,264.85,264.85,7501
2026-09-15 13:46:00,264.90,264.90,264.80,264.85,6079
2026-09-15 13:47:00,264.85,264.90,264.80,264.80,7938
2026-09-15 13:48:00,264.85,264.85,264.50,264.60,30535
2026-09-15 13:49:00,264.50,264.60,264.50,264.60,11966
2026-09-15 13:50:00,264.60,264.70,264.60,264.60,14769
2026-09-15 13:51:00,264.60,264.70,264.50,264.55,6492
2026-09-15 13:52:00,264.55,264.65,264.55,264.60,11265
2026-09-15 13:53:00,264.60,264.70,264.55,264.55,12595
2026-09-15 13:54:00,264.65,264.70,264.55,264.60,7761
2026-09-15 13:55:00,264.70,264.70,264.55,264.70,12243
2026-09-15 13:56:00,264.65,264.75,264.60,264.70,6622
2026-09-15 13:57:00,264.60,264.75,264.55,264.60,11155
2026-09-15 13:58:00,264.65,264.75,264.60,264.65,7452
2026-09-15 13:59:00,264.70,264.80,264.60,264.80,8862
2026-09-15 14:00:00,264.80,264.80,264.60,264.65,6942
2026-09-15 14:01:00,264.65,264.95,264.65,264.85,86694
2026-09-15 14:02:00,264.90,265.10,264.85,265.00,9639
2026-09-15 14:03:00,265.00,265.15,265.00,265.05,6228
2026-09-15 14:04:00,265.05,265.20,265.05,265.05,5640
2026-09-15 14:05:00,265.05,265.25,265.05,265.10,13180
2026-09-15 14:06:00,265.10,265.30,265.05,265.15,8264
2026-09-15 14:07:00,265.15,265.15,264.90,264.90,9516
2026-09-15 14:08:00,264.95,265.00,264.90,264.95,7445
2026-09-15 14:09:00,264.95,265.00,264.75,264.85,11561
2026-09-15 14:10:00,264.95,264.95,264.70,264.70,6395
2026-09-15 14:11:00,264.70,264.70,264.60,264.65,19537
2026-09-15 14:12:00,264.60,264.65,264.50,264.50,11683
2026-09-15 14:13:00,264.55,264.60,264.45,264.45,12029
2026-09-15 14:14:00,264.50,264.55,264.35,264.35,14787
2026-09-15 14:15:00,264.45,264.45,264.15,264.20,24143
2026-09-15 14:16:00,264.20,264.20,264.05,264.10,19708
2026-09-15 14:17:00,264.00,264.10,264.00,264.10,13106
2026-09-15 14:18:00,264.05,264.10,263.80,263.90,33167
2026-09-15 14:19:00,263.80,263.95,263.80,263.95,16608
2026-09-15 14:20:00,263.85,263.95,263.80,263.80,23503
2026-09-15 14:21:00,263.85,264.15,263.85,264.10,27077
2026-09-15 14:22:00,264.05,264.20,264.00,264.00,9465
2026-09-15 14:23:00,264.00,264.10,263.90,264.05,8420
2026-09-15 14:24:00,264.00,264.05,263.85,264.00,13560
2026-09-15 14:25:00,263.85,264.20,263.85,263.95,23406
2026-09-15 14:26:00,263.95,264.10,263.95,264.00,12280
2026-09-15 14:27:00,264.00,264.05,263.75,263.85,32400
2026-09-15 14:28:00,263.80,263.95,263.75,263.80,17077
2026-09-15 14:29:00,263.85,264.00,263.80,263.95,12914
2026-09-15 14:30:00,263.85,263.95,263.80,263.80,14758
2026-09-15 14:31:00,263.80,263.95,263.75,263.75,20990
2026-09-15 14:32:00,263.80,263.95,263.80,263.95,18957
2026-09-15 14:33:00,263.85,264.00,263.85,263.95,13323
2026-09-15 14:34:00,263.95,264.00,263.80,263.90,12627
2026-09-15 14:35:00,263.80,264.40,263.80,264.30,177920
2026-09-15 14:36:00,264.40,264.65,264.40,264.65,15093
2026-09-15 14:37:00,264.60,264.65,264.35,264.40,109837
2026-09-15 14:38:00,264.50,264.50,264.30,264.40,17539
2026-09-15 14:39:00,264.45,264.55,264.35,264.45,19857
2026-09-15 14:40:00,264.45,264.45,264.30,264.40,20880
2026-09-15 14:41:00,264.35,264.60,264.30,264.60,71881
2026-09-15 14:42:00,264.55,264.70,264.50,264.50,52325
2026-09-15 14:43:00,264.55,264.65,264.50,264.55,23862
2026-09-15 14:44:00,264.50,264.65,264.45,264.45,33777
2026-09-15 14:45:00,264.45,264.55,264.35,264.35,20924
2026-09-15 14:46:00,264.35,264.45,264.25,264.30,14340
2026-09-15 14:47:00,264.35,264.35,264.10,264.25,16313
2026-09-15 14:48:00,264.25,264.25,264.00,264.15,73811
2026-09-15 14:49:00,264.10,264.15,264.05,264.15,63452
2026-09-15 14:50:00,264.15,264.25,264.15,264.20,16751
2026-09-15 14:51:00,264.20,264.40,264.20,264.25,39040
2026-09-15 14:52:00,264.30,264.30,264.15,264.20,21322
2026-09-15 14:53:00,264.20,264.25,264.05,264.15,27914
2026-09-15 14:54:00,264.10,264.25,264.00,264.00,324425
2026-09-15 14:55:00,264.00,264.30,264.00,264.20,18612
2026-09-15 14:56:00,264.15,264.40,264.15,264.25,65305
2026-09-15 14:57:00,264.25,264.40,264.25,264.40,18801
2026-09-15 14:58:00,264.35,264.40,264.35,264.35,21138
2026-09-15 14:59:00,264.45,264.45,264.30,264.30,31679
2026-09-15 15:00:00,264.25,264.25,263.85,263.95,66049
2026-09-15 15:01:00,263.95,264.20,263.90,264.20,38783
2026-09-15 15:02:00,264.20,264.30,264.15,264.20,35694
2026-09-15 15:03:00,264.25,264.30,264.15,264.30,24746
2026-09-15 15:04:00,264.30,264.30,264.20,264.25,25450
2026-09-15 15:05:00,264.35,264.35,264.15,264.20,78174
2026-09-15 15:06:00,264.20,264.30,264.20,264.25,51473
2026-09-15 15:07:00,264.30,264.40,264.25,264.30,64440
2026-09-15 15:08:00,264.30,264.30,264.25,264.30,37262
2026-09-15 15:09:00,264.30,264.45,264.25,264.40,45771
2026-09-15 15:10:00,264.40,264.40,264.15,264.20,201308
2026-09-15 15:11:00,264.20,264.40,264.15,264.40,86223
2026-09-15 15:12:00,264.35,264.40,264.15,264.30,97420
2026-09-15 15:13:00,264.30,264.40,264.15,264.30,39127
2026-09-15 15:14:00,264.25,264.60,264.05,264.60,23328
2026-09-15 15:15:00,264.60,264.60,264.60,264.60,1784
2026-09-15 15:16:00,264.60,264.60,264.60,264.60,0
2026-09-15 15:17:00,264.60,264.60,264.60,264.60,0
2026-09-15 15:18:00,264.60,264.60,264.60,264.60,0
2026-09-15 15:19:00,264.60,264.60,264.60,264.60,0
2026-09-15 15:20:00,264.60,264.60,264.60,264.60,0
2026-09-15 15:21:00,264.60,264.60,264.60,264.60,0
2026-09-15 15:22:00,264.60,264.60,264.60,264.60,0
2026-09-15 15:23:00,264.60,264.60,264.60,264.60,0
2026-09-15 15:24:00,264.60,264.60,264.60,264.60,0
2026-09-15 15:25:00,264.60,264.60,264.60,264.60,0
2026-09-15 15:26:00,264.60,264.60,264.60,264.60,0
2026-09-15 15:27:00,264.60,264.60,264.60,264.60,0
2026-09-15 15:28:00,264.60,264.60,264.60,264.60,0
2026-09-15 15:29:00,262.80,262.80,262.80,262.80,502391
2026-09-16 09:15:00,264.10,265.65,264.10,265.40,42253
2026-09-16 09:16:00,265.50,266.20,265.50,266.20,48927
2026-09-16 09:17:00,266.20,266.35,265.75,265.90,26945
2026-09-16 09:18:00,266.00,266.00,265.65,265.70,16780
2026-09-16 09:19:00,265.70,266.05,265.70,265.95,28807
2026-09-16 09:20:00,265.95,266.00,265.60,265.65,20232
2026-09-16 09:21:00,265.65,265.90,265.55,265.60,40784
2026-09-16 09:22:00,265.60,265.75,265.60,265.70,12600
2026-09-16 09:23:00,265.70,265.70,265.40,265.50,17415
2026-09-16 09:24:00,265.50,265.50,265.35,265.35,9574
2026-09-16 09:25:00,265.45,265.50,265.40,265.45,3714
2026-09-16 09:26:00,265.45,265.45,265.30,265.40,11247
2026-09-16 09:27:00,265.40,265.40,265.15,265.35,8459
2026-09-16 09:28:00,265.25,265.25,265.05,265.15,6029
2026-09-16 09:29:00,265.05,265.15,264.70,264.70,12330
2026-09-16 09:30:00,264.70,264.95,264.50,264.55,18528
2026-09-16 09:31:00,264.55,264.85,264.55,264.70,20139
2026-09-16 09:32:00,264.65,264.75,264.35,264.35,21200
2026-09-16 09:33:00,264.45,264.55,264.35,264.45,17297
2026-09-16 09:34:00,264.45,264.65,264.45,264.65,19316
2026-09-16 09:35:00,264.65,264.70,264.45,264.45,8686
2026-09-16 09:36:00,264.45,264.50,264.25,264.45,15122
2026-09-16 09:37:00,264.40,264.45,264.25,264.35,8485
2026-09-16 09:38:00,264.35,264.35,264.00,264.00,9557
2026-09-16 09:39:00,264.00,264.05,263.85,263.95,7050
2026-09-16 09:40:00,263.95,264.15,263.90,264.05,28284
2026-09-16 09:41:00,264.10,264.15,263.95,264.00,8386
2026-09-16 09:42:00,264.00,264.05,263.80,263.90,6323
2026-09-16 09:43:00,263.95,263.95,263.85,263.85,4123
2026-09-16 09:44:00,263.90,263.90,263.25,263.40,23607
2026-09-16 09:45:00,263.40,263.75,263.30,263.65,12579
2026-09-16 09:46:00,263.70,263.85,263.65,263.80,5910
2026-09-16 09:47:00,263.80,263.85,263.50,263.60,10764
2026-09-16 09:48:00,263.60,263.75,263.55,263.75,6498
2026-09-16 09:49:00,263.70,264.10,263.70,264.05,5165
2026-09-16 09:50:00,264.05,264.30,263.90,263.90,7768
2026-09-16 09:51:00,264.00,264.05,263.85,264.00,7882
2026-09-16 09:52:00,264.00,264.40,264.00,264.25,15054
2026-09-16 09:53:00,264.25,264.40,264.05,264.40,14073
2026-09-16 09:54:00,264.40,264.55,264.30,264.50,14840
2026-09-16 09:55:00,264.90,264.95,264.55,264.65,12895
2026-09-16 09:56:00,264.70,264.75,264.55,264.60,8691
2026-09-16 09:57:00,264.60,264.65,264.35,264.40,8864
2026-09-16 09:58:00,264.40,264.50,264.40,264.50,2094
2026-09-16 09:59:00,264.40,264.60,264.40,264.50,11607
2026-09-16 10:00:00,264.55,264.60,264.20,264.30,79213
2026-09-16 10:01:00,264.20,264.45,263.80,263.95,140615
2026-09-16 10:02:00,263.95,264.00,263.60,263.80,99294
2026-09-16 10:03:00,263.80,264.30,263.80,264.20,23366
2026-09-16 10:04:00,264.20,264.20,263.90,263.90,7938
2026-09-16 10:05:00,263.90,263.90,263.65,263.75,14474
2026-09-16 10:06:00,263.65,263.75,263.65,263.65,6230
2026-09-16 10:07:00,263.60,263.95,263.60,263.80,27453
2026-09-16 10:08:00,263.80,264.00,263.80,263.80,8605
2026-09-16 10:09:00,263.80,263.85,263.70,263.85,9637
2026-09-16 10:10:00,263.75,263.85,263.75,263.85,4218
2026-09-16 10:11:00,263.80,264.00,263.75,263.90,10939
2026-09-16 10:12:00,263.90,264.10,263.80,264.10,10594
2026-09-16 10:13:00,264.00,264.05,263.90,264.05,18748
2026-09-16 10:14:00,264.00,264.05,263.80,263.80,6082
2026-09-16 10:15:00,263.80,264.00,263.80,264.00,7284
2026-09-16 10:16:00,263.95,264.00,263.85,263.95,11318
2026-09-16 10:17:00,263.95,264.15,263.95,264.15,8931
2026-09-16 10:18:00,264.05,264.15,263.90,263.90,5973
2026-09-16 10:19:00,263.90,264.50,263.90,264.10,17743
2026-09-16 10:20:00,264.20,264.25,264.10,264.15,5251
2026-09-16 10:21:00,264.15,264.20,263.90,264.05,12322
2026-09-16 10:22:00,264.10,264.15,264.05,264.10,6144
2026-09-16 10:23:00,264.15,264.20,264.10,264.20,3534
2026-09-16 10:24:00,264.30,264.35,264.15,264.25,11380
2026-09-16 10:25:00,264.25,264.45,264.15,264.45,7970
2026-09-16 10:26:00,264.35,264.50,264.25,264.25,6308
2026-09-16 10:27:00,264.35,264.35,264.25,264.25,4324
2026-09-16 10:28:00,264.30,264.60,264.25,264.55,10780
2026-09-16 10:29:00,264.55,264.65,264.35,264.40,4040
2026-09-16 10:30:00,264.35,264.55,264.35,264.55,3752
2026-09-16 10:31:00,264.50,264.55,264.15,264.15,10816
2026-09-16 10:32:00,264.15,264.25,264.15,264.25,9126
2026-09-16 10:33:00,264.25,264.35,264.25,264.30,2533
2026-09-16 10:34:00,264.25,264.40,264.25,264.40,5430
2026-09-16 10:35:00,264.40,264.40,264.30,264.35,2648
2026-09-16 10:36:00,264.30,264.35,264.20,264.20,11452
2026-09-16 10:37:00,264.15,264.25,264.15,264.15,2081
2026-09-16 10:38:00,264.15,264.20,264.10,264.15,2706
2026-09-16 10:39:00,264.15,264.30,264.15,264.30,8152
2026-09-16 10:40:00,264.20,264.35,264.20,264.25,6807
2026-09-16 10:41:00,264.35,264.35,264.20,264.20,6641
2026-09-16 10:42:00,264.20,264.30,264.20,264.30,2641
2026-09-16 10:43:00,264.20,264.45,264.20,264.40,4629
2026-09-16 10:44:00,264.40,264.40,264.20,264.30,6752
2026-09-16 10:45:00,264.30,264.40,264.30,264.35,3804
2026-09-16 10:46:00,264.40,264.60,264.35,264.60,6575
2026-09-16 10:47:00,264.50,264.60,264.50,264.50,4407
2026-09-16 10:48:00,264.35,264.50,264.35,264.50,1908
2026-09-16 10:49:00,264.50,264.70,264.40,264.70,15884
2026-09-16 10:50:00,264.60,264.70,264.60,264.60,6021
2026-09-16 10:51:00,264.65,264.65,264.60,264.65,2461
2026-09-16 10:52:00,264.60,264.65,264.60,264.60,606
2026-09-16 10:53:00,264.50,264.55,264.45,264.50,4912
2026-09-16 10:54:00,264.45,265.10,264.45,265.10,45474
2026-09-16 10:55:00,265.05,265.25,265.05,265.15,9576
2026-09-16 10:56:00,265.05,265.10,265.05,265.10,4441
2026-09-16 10:57:00,265.05,265.10,265.00,265.00,2675
2026-09-16 10:58:00,265.10,265.35,265.00,265.20,8854
2026-09-16 10:59:00,265.25,265.45,265.25,265.35,2837
2026-09-16 11:00:00,265.45,265.50,265.35,265.35,10207
2026-09-16 11:01:00,265.35,265.50,265.35,265.40,5534
2026-09-16 11:02:00,265.40,265.50,265.30,265.40,11092
2026-09-16 11:03:00,265.30,265.45,265.20,265.20,8694
2026-09-16 11:04:00,265.25,265.35,265.20,265.30,10343
2026-09-16 11:05:00,265.35,265.75,265.35,265.40,144590
2026-09-16 11:06:00,265.40,265.75,265.05,265.05,87183
2026-09-16 11:07:00,265.05,265.20,264.85,264.85,4760
2026-09-16 11:08:00,264.95,264.95,264.85,264.85,4612
2026-09-16 11:09:00,264.85,264.90,264.85,264.85,1230
2026-09-16 11:10:00,264.85,265.00,264.85,264.95,5591
2026-09-16 11:11:00,264.95,265.10,264.95,265.05,4894
2026-09-16 11:12:00,265.05,265.15,265.05,265.05,3003
2026-09-16 11:13:00,265.10,265.10,265.00,265.00,6622
2026-09-16 11:14:00,265.05,265.50,265.00,265.35,136705
2026-09-16 11:15:00,265.40,265.40,265.35,265.40,1235
2026-09-16 11:16:00,265.40,265.45,265.35,265.40,12356
2026-09-16 11:17:00,265.45,265.45,265.40,265.40,2970
2026-09-16 11:18:00,265.40,265.65,265.40,265.65,202621
2026-09-16 11:19:00,265.65,265.65,265.40,265.40,7285
2026-09-16 11:20:00,265.40,265.50,264.95,265.05,20703
2026-09-16 11:21:00,265.05,265.10,264.90,265.00,6872
2026-09-16 11:22:00,264.95,265.10,264.95,265.10,5492
2026-09-16 11:23:00,265.10,265.40,265.05,265.20,78699
2026-09-16 11:24:00,265.15,265.45,265.15,265.25,139851
2026-09-16 11:25:00,265.25,265.50,265.10,265.10,80205
2026-09-16 11:26:00,265.20,265.20,265.10,265.15,1172
2026-09-16 11:27:00,265.10,265.20,265.05,265.05,62915
2026-09-16 11:28:00,265.05,265.10,264.90,264.90,11763
2026-09-16 11:29:00,264.90,265.00,264.80,264.80,9645
2026-09-16 11:30:00,264.80,265.10,264.80,265.00,8132
2026-09-16 11:31:00,265.00,265.15,265.00,265.05,4065
2026-09-16 11:32:00,265.15,265.15,265.05,265.15,1265
2026-09-16 11:33:00,265.05,265.15,265.05,265.05,5139
2026-09-16 11:34:00,265.10,265.10,265.05,265.05,5654
2026-09-16 11:35:00,265.05,265.10,264.55,264.60,20356
2026-09-16 11:36:00,264.60,264.60,264.55,264.60,5202
2026-09-16 11:37:00,264.55,264.90,264.50,264.90,177767
2026-09-16 11:38:00,264.90,265.20,264.90,265.05,7545
2026-09-16 11:39:00,265.05,265.15,265.05,265.05,11755
2026-09-16 11:40:00,265.05,265.15,265.05,265.05,2419
2026-09-16 11:41:00,265.10,265.15,265.00,265.00,4977
2026-09-16 11:42:00,265.00,265.05,264.90,265.00,4034
2026-09-16 11:43:00,265.00,265.05,265.00,265.00,1199
2026-09-16 11:44:00,265.00,265.05,264.90,265.00,3738
2026-09-16 11:45:00,265.00,265.00,264.85,264.85,5723
2026-09-16 11:46:00,264.85,264.95,264.85,264.85,2229
2026-09-16 11:47:00,264.85,264.90,264.85,264.85,2140
2026-09-16 11:48:00,264.85,264.90,264.85,264.85,1469
2026-09-16 11:49:00,264.85,264.90,264.85,264.85,1883
2026-09-16 11:50:00,264.85,265.10,264.85,265.05,65504
2026-09-16 11:51:00,265.05,265.40,265.00,265.00,323618
2026-09-16 11:52:00,265.10,265.20,265.05,265.10,5012
2026-09-16 11:53:00,265.15,265.30,265.10,265.20,3526
2026-09-16 11:54:00,265.20,265.30,265.20,265.25,1731
2026-09-16 11:55:00,265.20,265.25,265.05,265.05,12199
2026-09-16 11:56:00,265.05,265.25,264.80,265.10,60776
2026-09-16 11:57:00,265.15,265.20,265.10,265.15,2699
2026-09-16 11:58:00,265.10,265.15,265.00,265.00,3743
2026-09-16 11:59:00,265.00,265.10,264.90,265.00,2171
2026-09-16 12:00:00,264.90,264.95,264.85,264.85,4630
2026-09-16 12:01:00,264.80,264.85,264.75,264.75,4751
2026-09-16 12:02:00,264.80,264.80,264.70,264.70,9368
2026-09-16 12:03:00,264.75,264.75,264.60,264.65,7678
2026-09-16 12:04:00,264.60,264.70,264.55,264.55,4110
2026-09-16 12:05:00,264.55,264.75,264.55,264.70,8119
2026-09-16 12:06:00,264.75,264.80,264.70,264.75,3514
2026-09-16 12:07:00,264.75,264.80,264.75,264.80,399
2026-09-16 12:08:00,264.80,264.80,264.75,264.75,3653
2026-09-16 12:09:00,264.70,264.75,264.60,264.70,3126
2026-09-16 12:10:00,264.65,264.80,264.65,264.75,7761
2026-09-16 12:11:00,264.75,264.75,264.65,264.65,4371
2026-09-16 12:12:00,264.70,264.70,264.55,264.55,3698
2026-09-16 12:13:00,264.60,264.75,264.55,264.70,10301
2026-09-16 12:14:00,264.70,264.75,264.70,264.70,1377
2026-09-16 12:15:00,264.75,264.75,264.65,264.65,4766
2026-09-16 12:16:00,264.70,264.95,264.65,264.80,22092
2026-09-16 12:17:00,264.80,265.15,264.80,265.00,7361
2026-09-16 12:18:00,265.10,265.10,265.00,265.00,2438
2026-09-16 12:19:00,265.05,265.05,265.00,265.00,3097
2026-09-16 12:20:00,265.00,265.05,265.00,265.00,1405
2026-09-16 12:21:00,265.00,265.20,264.95,265.20,280608
2026-09-16 12:22:00,265.05,265.20,265.05,265.10,4824
2026-09-16 12:23:00,265.20,265.20,265.10,265.10,1348
2026-09-16 12:24:00,265.15,265.15,265.10,265.10,2222
2026-09-16 12:25:00,265.15,265.15,265.10,265.15,530
2026-09-16 12:26:00,265.15,265.15,265.10,265.10,2919
2026-09-16 12:27:00,265.15,265.15,264.90,264.95,19837
2026-09-16 12:28:00,265.00,265.55,264.95,265.35,126395
2026-09-16 12:29:00,265.20,265.50,265.20,265.30,78965
2026-09-16 12:30:00,265.30,265.50,265.25,265.30,44565
2026-09-16 12:31:00,265.30,265.40,265.25,265.35,8504
2026-09-16 12:32:00,265.35,265.35,265.25,265.30,2281
2026-09-16 12:33:00,265.30,265.50,265.30,265.35,14100
2026-09-16 12:34:00,265.35,265.40,265.20,265.25,2863
2026-09-16 12:35:00,265.25,265.30,265.20,265.30,4865
2026-09-16 12:36:00,265.25,265.30,265.10,265.15,3269
2026-09-16 12:37:00,265.15,265.20,265.05,265.10,5600
2026-09-16 12:38:00,265.10,265.20,265.10,265.10,2156
2026-09-16 12:39:00,265.20,265.20,265.10,265.15,1680
2026-09-16 12:40:00,265.15,265.20,265.15,265.20,605
2026-09-16 12:41:00,265.20,265.40,265.15,265.30,51386
2026-09-16 12:42:00,265.20,265.30,265.20,265.25,578
2026-09-16 12:43:00,265.25,265.30,265.20,265.30,2117
2026-09-16 12:44:00,265.25,265.30,265.25,265.25,2111
2026-09-16 12:45:00,265.30,265.30,265.05,265.05,5848
2026-09-16 12:46:00,265.05,265.10,265.05,265.10,1046
2026-09-16 12:47:00,265.05,265.10,265.05,265.10,3656
2026-09-16 12:48:00,265.05,265.10,265.05,265.10,1064
2026-09-16 12:49:00,265.10,265.10,265.05,265.05,2259
2026-09-16 12:50:00,265.05,265.10,265.05,265.05,1804
2026-09-16 12:51:00,265.05,265.10,264.90,264.95,5738
2026-09-16 12:52:00,264.90,264.95,264.75,264.80,7102
2026-09-16 12:53:00,264.75,264.75,264.70,264.70,13890
2026-09-16 12:54:00,264.70,264.75,264.70,264.75,2167
2026-09-16 12:55:00,264.70,264.75,264.70,264.70,1885
2026-09-16 12:56:00,264.70,264.75,264.65,264.70,4600
2026-09-16 12:57:00,264.65,265.00,264.65,265.00,18368
2026-09-16 12:58:00,264.90,265.05,264.80,264.80,30853
2026-09-16 12:59:00,264.75,264.90,264.75,264.90,4765
2026-09-16 13:00:00,264.85,264.95,264.80,264.85,26677
2026-09-16 13:01:00,264.85,264.90,264.80,264.80,3069
2026-09-16 13:02:00,264.85,264.85,264.80,264.85,3629
2026-09-16 13:03:00,264.80,264.85,264.80,264.85,955
2026-09-16 13:04:00,264.85,264.85,264.80,264.80,3072
2026-09-16 13:05:00,264.80,264.85,264.80,264.80,3349
2026-09-16 13:06:00,264.85,264.85,264.80,264.85,1870
2026-09-16 13:07:00,264.85,265.00,264.80,264.95,11490
2026-09-16 13:08:00,265.00,265.05,264.95,265.00,3661
2026-09-16 13:09:00,264.95,265.20,264.95,265.05,13998
2026-09-16 13:10:00,265.10,265.15,265.05,265.10,435
2026-09-16 13:11:00,265.10,265.10,265.05,265.10,2737
2026-09-16 13:12:00,265.05,265.10,265.00,265.05,7265
2026-09-16 13:13:00,265.05,265.10,264.80,264.85,18900
2026-09-16 13:14:00,264.85,264.85,264.65,264.75,8465
2026-09-16 13:15:00,264.70,264.80,264.65,264.65,3163
2026-09-16 13:16:00,264.65,264.75,264.65,264.70,7503
2026-09-16 13:17:00,264.75,264.75,264.65,264.65,1798
2026-09-16 13:18:00,264.65,264.70,264.65,264.65,2882
2026-09-16 13:19:00,264.65,264.70,264.65,264.70,2256
2026-09-16 13:20:00,264.70,264.70,264.65,264.70,3709
2026-09-16 13:21:00,264.70,264.70,264.65,264.70,1999
2026-09-16 13:22:00,264.65,264.70,264.65,264.70,4462
2026-09-16 13:23:00,264.65,264.80,264.60,264.70,7060
2026-09-16 13:24:00,264.70,264.75,264.55,264.55,3759
2026-09-16 13:25:00,264.55,264.60,264.55,264.55,2249
2026-09-16 13:26:00,264.55,264.60,264.55,264.60,491
2026-09-16 13:27:00,264.60,264.60,264.55,264.60,1159
2026-09-16 13:28:00,264.55,264.60,264.25,264.40,10642
2026-09-16 13:29:00,264.35,264.40,264.30,264.35,2319
2026-09-16 13:30:00,264.35,264.35,264.25,264.35,2547
2026-09-16 13:31:00,264.25,264.30,264.25,264.30,1005
2026-09-16 13:32:00,264.25,264.30,264.25,264.30,1608
2026-09-16 13:33:00,264.30,264.30,264.25,264.30,1192
2026-09-16 13:34:00,264.30,264.30,264.25,264.30,957
2026-09-16 13:35:00,264.25,264.30,264.25,264.25,3767
2026-09-16 13:36:00,264.25,264.30,264.25,264.25,3003
2026-09-16 13:37:00,264.25,264.30,264.25,264.25,3336
2026-09-16 13:38:00,264.30,264.30,264.25,264.30,1905
2026-09-16 13:39:00,264.15,264.30,264.15,264.20,16284
2026-09-16 13:40:00,264.20,264.25,264.20,264.20,1743
2026-09-16 13:41:00,264.20,264.25,264.20,264.20,2608
2026-09-16 13:42:00,264.20,264.25,264.20,264.25,3975
2026-09-16 13:43:00,264.20,264.25,264.20,264.25,1221
2026-09-16 13:44:00,264.20,264.25,264.20,264.20,1803
2026-09-16 13:45:00,264.20,264.40,264.20,264.40,16764
2026-09-16 13:46:00,264.40,264.40,264.35,264.35,3114
2026-09-16 13:47:00,264.35,264.40,264.35,264.35,3998
2026-09-16 13:48:00,264.40,264.45,264.35,264.45,4426
2026-09-16 13:49:00,264.40,264.45,264.40,264.40,3182
2026-09-16 13:50:00,264.40,264.45,264.40,264.40,1777
2026-09-16 13:51:00,264.40,264.45,264.35,264.45,2936
2026-09-16 13:52:00,264.40,264.45,264.40,264.45,5145
2026-09-16 13:53:00,264.40,264.45,264.40,264.40,2866
2026-09-16 13:54:00,264.40,264.45,264.40,264.40,666
2026-09-16 13:55:00,264.40,264.45,264.25,264.30,4787
2026-09-16 13:56:00,264.25,264.30,264.25,264.30,752
2026-09-16 13:57:00,264.25,264.30,264.20,264.20,5898
2026-09-16 13:58:00,264.20,264.25,264.20,264.25,1697
2026-09-16 13:59:00,264.20,264.25,264.20,264.25,3744
2026-09-16 14:00:00,264.20,264.35,264.20,264.30,7002
2026-09-16 14:01:00,264.35,264.35,264.30,264.30,1143
2026-09-16 14:02:00,264.30,264.35,264.30,264.30,825
2026-09-16 14:03:00,264.35,264.35,264.30,264.30,2215
2026-09-16 14:04:00,264.30,264.35,264.30,264.30,2835
2026-09-16 14:05:00,264.30,264.35,264.30,264.35,1091
2026-09-16 14:06:00,264.30,264.30,264.20,264.30,11261
2026-09-16 14:07:00,264.25,264.30,264.20,264.20,3130
2026-09-16 14:08:00,264.20,264.25,264.20,264.25,1393
2026-09-16 14:09:00,264.20,264.25,264.20,264.25,1109
2026-09-16 14:10:00,264.20,264.25,264.20,264.25,3764
2026-09-16 14:11:00,264.20,264.25,264.20,264.25,6050
2026-09-16 14:12:00,264.25,264.25,264.20,264.25,1474
2026-09-16 14:13:00,264.20,264.30,264.20,264.25,8646
2026-09-16 14:14:00,264.25,264.40,264.25,264.35,6862
2026-09-16 14:15:00,264.40,264.50,264.35,264.45,3446
2026-09-16 14:16:00,264.45,264.50,264.35,264.40,5089
2026-09-16 14:17:00,264.35,264.40,264.35,264.35,673
2026-09-16 14:18:00,264.40,264.40,264.35,264.40,1287
2026-09-16 14:19:00,264.35,264.50,264.30,264.40,74444
2026-09-16 14:20:00,264.40,264.45,264.35,264.35,4743
2026-09-16 14:21:00,264.35,264.40,264.35,264.35,943
2026-09-16 14:22:00,264.35,264.40,264.35,264.35,3795
2026-09-16 14:23:00,264.40,264.40,264.25,264.30,2223
2026-09-16 14:24:00,264.30,264.30,264.25,264.25,2417
2026-09-16 14:25:00,264.30,264.30,264.25,264.30,1403
2026-09-16 14:26:00,264.25,264.30,264.25,264.25,4475
2026-09-16 14:27:00,264.30,264.35,264.25,264.35,7480
2026-09-16 14:28:00,264.30,264.35,264.05,264.25,26101
2026-09-16 14:29:00,264.15,264.20,264.15,264.20,1281
2026-09-16 14:30:00,264.15,264.20,264.15,264.20,4419
2026-09-16 14:31:00,264.15,264.20,264.10,264.20,13895
2026-09-16 14:32:00,264.10,264.20,264.10,264.20,1482
2026-09-16 14:33:00,264.20,264.30,264.20,264.25,20437
2026-09-16 14:34:00,264.20,264.25,264.15,264.15,19166
2026-09-16 14:35:00,264.15,264.20,264.10,264.10,2940
2026-09-16 14:36:00,264.10,264.15,264.10,264.15,9725
2026-09-16 14:37:00,264.10,264.20,264.05,264.10,16381
2026-09-16 14:38:00,264.05,264.15,264.05,264.15,4498
2026-09-16 14:39:00,264.10,264.15,264.05,264.15,9959
2026-09-16 14:40:00,264.10,264.15,264.05,264.05,3578
2026-09-16 14:41:00,264.05,264.15,264.05,264.10,12286
2026-09-16 14:42:00,264.20,264.20,264.10,264.20,26488
2026-09-16 14:43:00,264.15,264.20,263.95,264.00,7940
2026-09-16 14:44:00,264.05,264.10,264.00,264.10,5298
2026-09-16 14:45:00,264.10,264.10,264.05,264.10,3052
2026-09-16 14:46:00,264.05,264.20,264.05,264.20,20946
2026-09-16 14:47:00,264.15,264.30,264.15,264.25,27966
2026-09-16 14:48:00,264.30,264.30,264.10,264.10,8558
2026-09-16 14:49:00,264.15,264.20,264.10,264.15,10155
2026-09-16 14:50:00,264.15,264.20,264.10,264.15,15300
2026-09-16 14:51:00,264.15,264.25,264.10,264.15,57042
2026-09-16 14:52:00,264.10,264.15,264.10,264.10,5025
2026-09-16 14:53:00,264.10,264.15,264.10,264.15,9147
2026-09-16 14:54:00,264.10,264.10,263.55,263.65,358186
2026-09-16 14:55:00,263.60,263.80,263.60,263.70,39117
2026-09-16 14:56:00,263.70,263.90,263.70,263.90,13372
2026-09-16 14:57:00,263.85,263.95,263.75,263.80,32550
2026-09-16 14:58:00,263.70,263.70,263.65,263.65,11381
2026-09-16 14:59:00,263.65,263.70,263.45,263.45,24163
2026-09-16 15:00:00,263.45,263.50,263.30,263.30,52094
2026-09-16 15:01:00,263.30,263.45,263.30,263.40,19017
2026-09-16 15:02:00,263.45,263.55,263.40,263.50,25714
2026-09-16 15:03:00,263.50,263.60,263.50,263.55,13120
2026-09-16 15:04:00,263.55,263.55,263.50,263.50,14866
2026-09-16 15:05:00,263.50,263.65,263.50,263.60,43643
2026-09-16 15:06:00,263.60,263.65,263.50,263.60,40572
2026-09-16 15:07:00,263.55,263.60,263.50,263.55,33348
2026-09-16 15:08:00,263.65,263.65,263.60,263.65,27909
2026-09-16 15:09:00,263.60,263.80,263.60,263.75,46034
2026-09-16 15:10:00,263.75,264.10,263.75,264.00,223086
2026-09-16 15:11:00,263.95,264.15,263.95,264.00,80680
2026-09-16 15:12:00,264.05,264.05,263.70,263.75,73895
2026-09-16 15:13:00,263.70,264.25,263.70,264.20,49922
2026-09-16 15:14:00,264.10,264.20,263.85,264.10,17183
2026-09-16 15:15:00,264.10,264.10,264.10,264.10,0
2026-09-16 15:16:00,264.10,264.10,264.10,264.10,0
2026-09-16 15:17:00,264.10,264.10,264.10,264.10,0
2026-09-16 15:18:00,264.10,264.10,264.10,264.10,0
2026-09-16 15:19:00,264.10,264.10,264.10,264.10,0
2026-09-16 15:20:00,264.10,264.10,264.10,264.10,0
2026-09-16 15:21:00,264.10,264.10,264.10,264.10,0
2026-09-16 15:22:00,264.10,264.10,264.10,264.10,0
2026-09-16 15:23:00,264.10,264.10,264.10,264.10,0
2026-09-16 15:24:00,264.10,264.10,264.10,264.10,0
2026-09-16 15:25:00,264.10,264.10,264.10,264.10,0
2026-09-16 15:26:00,264.10,264.10,264.10,264.10,0
2026-09-16 15:27:00,264.10,264.10,264.10,264.10,0
2026-09-16 15:28:00,264.10,264.10,264.10,264.10,0
2026-09-16 15:29:00,264.10,264.10,262.80,262.80,893879
2026-09-17 09:15:00,263.50,264.80,263.25,264.80,33360
2026-09-17 09:16:00,264.35,264.70,264.05,264.70,23727
2026-09-17 09:17:00,264.70,265.30,264.60,265.05,31163
2026-09-17 09:18:00,265.05,265.10,264.75,264.75,17810
2026-09-17 09:19:00,264.75,264.95,264.70,264.70,2773
2026-09-17 09:20:00,264.70,264.90,264.60,264.70,11251
2026-09-17 09:21:00,264.70,264.75,264.55,264.55,2518
2026-09-17 09:22:00,264.55,264.65,264.35,264.35,12196
2026-09-17 09:23:00,264.35,264.50,264.35,264.50,4696
2026-09-17 09:24:00,264.45,264.65,264.45,264.50,7024
2026-09-17 09:25:00,264.50,264.55,264.35,264.35,3706
2026-09-17 09:26:00,264.40,264.45,264.30,264.30,4204
2026-09-17 09:27:00,264.30,264.45,264.30,264.35,7270
2026-09-17 09:28:00,264.45,264.60,264.40,264.60,12111
2026-09-17 09:29:00,264.60,264.65,264.40,264.40,8202
2026-09-17 09:30:00,264.60,264.65,264.40,264.65,6756
2026-09-17 09:31:00,264.65,264.70,264.50,264.55,2645
2026-09-17 09:32:00,264.50,265.10,264.50,264.90,12053
2026-09-17 09:33:00,264.90,264.95,264.75,264.75,9888
2026-09-17 09:34:00,264.80,264.90,264.75,264.85,1920
2026-09-17 09:35:00,264.75,264.90,264.75,264.85,3574
2026-09-17 09:36:00,264.90,265.00,264.85,264.85,9592
2026-09-17 09:37:00,264.85,264.95,264.85,264.95,2147
2026-09-17 09:38:00,264.95,264.95,264.65,264.90,11126
2026-09-17 09:39:00,264.75,264.75,264.55,264.55,3147
2026-09-17 09:40:00,264.60,264.60,264.55,264.55,4453
2026-09-17 09:41:00,264.60,264.65,264.30,264.45,11709
2026-09-17 09:42:00,264.35,264.40,264.15,264.15,5374
2026-09-17 09:43:00,264.05,264.30,264.05,264.20,7320
2026-09-17 09:44:00,264.20,264.30,264.20,264.25,3015
2026-09-17 09:45:00,264.35,264.55,264.35,264.45,3948
2026-09-17 09:46:00,264.40,264.45,264.35,264.45,4849
2026-09-17 09:47:00,264.40,264.55,264.40,264.55,9188
2026-09-17 09:48:00,264.55,264.70,264.55,264.65,5057
2026-09-17 09:49:00,264.55,264.80,264.55,264.75,8886
2026-09-17 09:50:00,264.70,264.75,264.65,264.70,2128
2026-09-17 09:51:00,264.70,264.85,264.70,264.80,4857
2026-09-17 09:52:00,264.75,264.85,264.75,264.85,856
2026-09-17 09:53:00,264.80,264.90,264.80,264.80,3461
2026-09-17 09:54:00,264.80,264.95,264.80,264.95,4755
2026-09-17 09:55:00,264.85,264.90,264.85,264.85,1138
2026-09-17 09:56:00,264.85,264.90,264.85,264.85,1888
2026-09-17 09:57:00,264.85,264.90,264.85,264.90,1968
2026-09-17 09:58:00,264.85,265.00,264.85,264.95,10493
2026-09-17 09:59:00,264.95,265.10,264.95,265.10,6659
2026-09-17 10:00:00,265.10,265.10,264.80,264.95,19221
2026-09-17 10:01:00,264.95,265.10,264.95,265.10,2005
2026-09-17 10:02:00,265.05,265.10,265.00,265.05,1915
2026-09-17 10:03:00,265.05,265.25,265.05,265.20,6148
2026-09-17 10:04:00,265.15,265.40,265.10,265.10,5181
2026-09-17 10:05:00,265.10,265.25,265.05,265.10,4626
2026-09-17 10:06:00,265.10,265.40,265.05,265.30,5211
2026-09-17 10:07:00,265.30,265.45,265.15,265.15,18717
2026-09-17 10:08:00,265.15,265.30,265.15,265.15,1143
2026-09-17 10:09:00,265.15,265.30,265.15,265.15,1635
2026-09-17 10:10:00,265.15,265.30,265.15,265.15,1422
2026-09-17 10:11:00,265.30,265.45,265.25,265.45,7012
2026-09-17 10:12:00,265.45,265.50,265.45,265.45,3137
2026-09-17 10:13:00,265.45,265.50,265.45,265.45,1849
2026-09-17 10:14:00,265.45,265.50,265.45,265.50,696
2026-09-17 10:15:00,265.45,265.50,265.35,265.45,3878
2026-09-17 10:16:00,265.45,265.45,265.20,265.25,17732
2026-09-17 10:17:00,265.25,265.45,265.15,265.15,40900
2026-09-17 10:18:00,265.10,265.70,265.00,265.60,122224
2026-09-17 10:19:00,265.45,265.55,265.35,265.55,9756
2026-09-17 10:20:00,265.40,265.50,265.35,265.50,12747
2026-09-17 10:21:00,265.50,265.50,265.40,265.45,5455
2026-09-17 10:22:00,265.30,265.50,265.30,265.45,5692
2026-09-17 10:23:00,265.30,265.45,265.30,265.45,6660
2026-09-17 10:24:00,265.40,265.40,265.25,265.35,3875
2026-09-17 10:25:00,265.30,265.35,265.25,265.30,2425
2026-09-17 10:26:00,265.25,265.45,265.25,265.35,6540
2026-09-17 10:27:00,265.35,265.45,265.35,265.45,5000
2026-09-17 10:28:00,265.40,265.45,265.40,265.40,5334
2026-09-17 10:29:00,265.45,265.45,265.40,265.40,685
2026-09-17 10:30:00,265.40,265.45,265.40,265.45,2055
2026-09-17 10:31:00,265.40,265.40,265.25,265.25,3528
2026-09-17 10:32:00,265.30,265.30,265.15,265.15,5336
2026-09-17 10:33:00,265.10,265.20,265.10,265.20,3485
2026-09-17 10:34:00,265.15,265.20,265.15,265.15,1120
2026-09-17 10:35:00,265.15,265.20,265.00,265.10,4610
2026-09-17 10:36:00,265.10,265.35,265.10,265.25,4450
2026-09-17 10:37:00,265.25,265.35,265.20,265.30,3815
2026-09-17 10:38:00,265.30,265.30,265.25,265.25,588
2026-09-17 10:39:00,265.25,265.30,265.10,265.10,6201
2026-09-17 10:40:00,265.10,265.20,265.10,265.10,952
2026-09-17 10:41:00,265.20,265.20,265.10,265.20,714
2026-09-17 10:42:00,265.10,265.20,265.05,265.05,3239
2026-09-17 10:43:00,265.05,265.20,265.05,265.20,4629
2026-09-17 10:44:00,265.15,265.20,265.10,265.10,1804
2026-09-17 10:45:00,265.10,265.20,265.10,265.20,834
2026-09-17 10:46:00,265.10,265.20,265.10,265.20,1116
2026-09-17 10:47:00,265.10,265.20,265.10,265.10,985
2026-09-17 10:48:00,265.05,265.15,265.05,265.10,587
2026-09-17 10:49:00,265.15,265.15,265.05,265.15,1974
2026-09-17 10:50:00,265.05,265.15,265.05,265.05,1561
2026-09-17 10:51:00,265.05,265.10,265.00,265.00,3523
2026-09-17 10:52:00,265.00,265.10,265.00,265.00,1283
2026-09-17 10:53:00,265.00,265.10,265.00,265.00,2075
2026-09-17 10:54:00,265.00,265.05,264.95,264.95,1506
2026-09-17 10:55:00,264.95,265.05,264.95,265.05,3716
2026-09-17 10:56:00,265.00,265.10,265.00,265.10,4873
2026-09-17 10:57:00,265.05,265.25,265.05,265.20,30891
2026-09-17 10:58:00,265.20,265.25,265.20,265.20,852
2026-09-17 10:59:00,265.20,265.25,265.20,265.20,622
2026-09-17 11:00:00,265.20,265.25,265.15,265.15,4911
2026-09-17 11:01:00,265.15,265.25,265.15,265.20,5003
2026-09-17 11:02:00,265.15,265.20,265.15,265.15,1481
2026-09-17 11:03:00,265.20,265.20,265.05,265.05,15039
2026-09-17 11:04:00,265.05,265.10,264.85,264.85,8809
2026-09-17 11:05:00,264.85,264.90,264.80,264.90,5287
2026-09-17 11:06:00,264.85,264.90,264.60,264.65,16198
2026-09-17 11:07:00,264.75,264.75,264.60,264.65,2834
2026-09-17 11:08:00,264.65,264.65,264.50,264.55,8143
2026-09-17 11:09:00,264.60,264.65,264.50,264.60,1233
2026-09-17 11:10:00,264.50,264.60,264.50,264.60,2691
2026-09-17 11:11:00,264.50,264.60,264.50,264.50,877
2026-09-17 11:12:00,264.50,265.00,264.45,265.00,100357
2026-09-17 11:13:00,265.00,265.20,265.00,265.00,6133
2026-09-17 11:14:00,265.00,265.10,264.70,264.70,18543
2026-09-17 11:15:00,264.65,265.00,264.65,264.65,48816
2026-09-17 11:16:00,264.65,264.80,264.65,264.75,3312
2026-09-17 11:17:00,264.65,264.75,264.60,264.65,3007
2026-09-17 11:18:00,264.80,264.80,264.70,264.70,1896
2026-09-17 11:19:00,264.80,264.80,264.70,264.75,1003
2026-09-17 11:20:00,264.80,264.80,264.75,264.80,913
2026-09-17 11:21:00,264.75,264.80,264.75,264.75,997
2026-09-17 11:22:00,264.75,264.80,264.65,264.75,7832
2026-09-17 11:23:00,264.65,264.75,264.60,264.60,2822
2026-09-17 11:24:00,264.60,264.65,264.50,264.50,6724
2026-09-17 11:25:00,264.50,264.65,264.50,264.50,2057
2026-09-17 11:26:00,264.45,264.45,264.35,264.35,4114
2026-09-17 11:27:00,264.45,264.45,264.30,264.30,1816
2026-09-17 11:28:00,264.30,264.35,264.25,264.25,3744
2026-09-17 11:29:00,264.25,264.35,264.25,264.35,1369
2026-09-17 11:30:00,264.30,265.05,264.30,264.85,464882
2026-09-17 11:31:00,264.85,264.95,264.85,264.95,8005
2026-09-17 11:32:00,264.95,264.95,264.90,264.95,685
2026-09-17 11:33:00,264.90,264.95,264.85,264.90,6141
2026-09-17 11:34:00,264.90,265.00,264.85,264.90,21154
2026-09-17 11:35:00,264.85,264.90,264.80,264.80,4519
2026-09-17 11:36:00,264.80,264.85,264.80,264.80,1569
2026-09-17 11:37:00,264.80,264.85,264.80,264.80,583
2026-09-17 11:38:00,264.80,265.00,264.80,264.90,10687
2026-09-17 11:39:00,264.85,265.00,264.85,264.95,1565
2026-09-17 11:40:00,264.90,265.05,264.90,265.00,1135
2026-09-17 11:41:00,265.05,265.10,265.00,265.00,509
2026-09-17 11:42:00,265.00,265.10,265.00,265.05,1554
2026-09-17 11:43:00,265.05,265.20,265.05,265.15,6582
2026-09-17 11:44:00,265.05,265.15,265.05,265.15,984
2026-09-17 11:45:00,265.05,265.15,265.05,265.05,1503
2026-09-17 11:46:00,265.05,265.15,265.00,265.00,1403
2026-09-17 11:47:00,264.85,265.00,264.85,264.85,14645
2026-09-17 11:48:00,264.85,265.00,264.85,264.90,562
2026-09-17 11:49:00,264.90,265.00,264.90,264.90,1337
2026-09-17 11:50:00,265.00,265.10,264.90,265.10,2984
2026-09-17 11:51:00,265.00,265.10,265.00,265.05,821
2026-09-17 11:52:00,265.05,265.10,265.05,265.10,1062
2026-09-17 11:53:00,265.05,265.10,265.00,265.00,1574
2026-09-17 11:54:00,265.00,265.10,265.00,265.00,993
2026-09-17 11:55:00,265.00,265.10,265.00,265.00,2199
2026-09-17 11:56:00,265.10,265.15,265.00,265.00,749
2026-09-17 11:57:00,265.00,265.20,265.00,265.15,4424
2026-09-17 11:58:00,265.15,265.20,265.10,265.10,4724
2026-09-17 11:59:00,265.10,265.20,265.10,265.10,943
2026-09-17 12:00:00,265.10,265.20,265.10,265.10,2426
2026-09-17 12:01:00,265.10,265.20,265.05,265.05,2432
2026-09-17 12:02:00,265.05,265.20,265.05,265.05,546
2026-09-17 12:03:00,265.10,265.20,265.05,265.05,5126
2026-09-17 12:04:00,265.10,265.15,265.05,265.10,1374
2026-09-17 12:05:00,265.05,265.10,265.05,265.05,2040
2026-09-17 12:06:00,265.10,265.20,265.05,265.20,6403
2026-09-17 12:07:00,265.15,265.40,265.15,265.25,50731
2026-09-17 12:08:00,265.15,265.25,265.10,265.20,3885
2026-09-17 12:09:00,265.10,265.25,265.10,265.10,5579
2026-09-17 12:10:00,265.30,265.30,265.10,265.15,6607
2026-09-17 12:11:00,265.15,265.50,265.15,265.50,42026
2026-09-17 12:12:00,265.35,265.60,265.20,265.30,75945
2026-09-17 12:13:00,265.30,265.50,265.30,265.30,6803
2026-09-17 12:14:00,265.30,265.55,265.30,265.35,25965
2026-09-17 12:15:00,265.35,265.45,265.35,265.40,576
2026-09-17 12:16:00,265.35,265.40,265.30,265.40,8550
2026-09-17 12:17:00,265.30,265.40,265.30,265.40,2296
2026-09-17 12:18:00,265.30,265.45,265.30,265.30,8276
2026-09-17 12:19:00,265.30,265.40,265.25,265.30,2828
2026-09-17 12:20:00,265.25,265.30,265.20,265.20,5273
2026-09-17 12:21:00,265.35,265.50,265.20,265.35,65718
2026-09-17 12:22:00,265.35,265.55,265.35,265.55,26618
2026-09-17 12:23:00,265.50,265.55,265.30,265.40,27979
2026-09-17 12:24:00,265.30,265.40,265.25,265.25,7289
2026-09-17 12:25:00,265.25,265.50,265.25,265.30,46479
2026-09-17 12:26:00,265.30,265.40,265.20,265.20,107211
2026-09-17 12:27:00,265.20,265.25,265.15,265.20,8350
2026-09-17 12:28:00,265.15,265.30,265.15,265.30,2854
2026-09-17 12:29:00,265.15,265.30,265.15,265.20,1459
2026-09-17 12:30:00,265.20,265.30,265.15,265.15,2970
2026-09-17 12:31:00,265.15,265.20,265.10,265.15,2189
2026-09-17 12:32:00,265.10,265.20,265.10,265.20,2369
2026-09-17 12:33:00,265.10,265.20,265.10,265.20,5232
2026-09-17 12:34:00,265.10,265.35,264.90,264.90,191221
2026-09-17 12:35:00,264.90,265.00,264.80,264.90,5529
2026-09-17 12:36:00,264.90,265.00,264.90,264.90,559
2026-09-17 12:37:00,265.00,265.00,264.80,264.80,4940
2026-09-17 12:38:00,264.80,264.90,264.80,264.80,1364
2026-09-17 12:39:00,264.80,264.90,264.75,264.75,3412
2026-09-17 12:40:00,264.75,264.90,264.75,264.85,1204
2026-09-17 12:41:00,264.85,264.90,264.80,264.80,931
2026-09-17 12:42:00,264.80,264.90,264.80,264.80,1337
2026-09-17 12:43:00,264.80,264.90,264.80,264.80,529
2026-09-17 12:44:00,264.80,264.85,264.75,264.85,1873
2026-09-17 12:45:00,264.75,264.90,264.75,264.75,797
2026-09-17 12:46:00,264.75,264.85,264.75,264.75,1084
2026-09-17 12:47:00,264.75,264.80,264.75,264.75,6683
2026-09-17 12:48:00,264.80,264.90,264.75,264.80,380
2026-09-17 12:49:00,264.90,264.90,264.80,264.80,2543
2026-09-17 12:50:00,264.80,264.85,264.70,264.85,900
2026-09-17 12:51:00,264.75,264.85,264.75,264.75,4592
2026-09-17 12:52:00,264.75,264.90,264.75,264.75,2025
2026-09-17 12:53:00,264.85,264.90,264.80,264.80,1483
2026-09-17 12:54:00,264.80,264.90,264.80,264.80,1380
2026-09-17 12:55:00,264.90,264.90,264.80,264.80,982
2026-09-17 12:56:00,264.80,264.85,264.40,264.45,27678
2026-09-17 12:57:00,264.55,264.55,264.45,264.45,6405
2026-09-17 12:58:00,264.45,264.45,264.40,264.45,727
2026-09-17 12:59:00,264.40,264.50,264.40,264.45,683
2026-09-17 13:00:00,264.45,264.50,264.45,264.45,800
2026-09-17 13:01:00,264.45,264.50,264.45,264.45,873
2026-09-17 13:02:00,264.45,264.50,264.45,264.50,1646
2026-09-17 13:03:00,264.45,264.50,264.40,264.50,4121
2026-09-17 13:04:00,264.40,264.50,264.40,264.45,1553
2026-09-17 13:05:00,264.45,264.50,264.40,264.45,2322
2026-09-17 13:06:00,264.40,264.50,264.40,264.40,1132
2026-09-17 13:07:00,264.40,264.50,264.40,264.40,1475
2026-09-17 13:08:00,264.40,265.15,264.40,265.00,220436
2026-09-17 13:09:00,265.05,265.20,265.00,265.05,29667
2026-09-17 13:10:00,265.05,265.15,265.00,265.00,4590
2026-09-17 13:11:00,265.00,265.20,265.00,265.00,4173
2026-09-17 13:12:00,265.00,265.15,265.00,265.00,4094
2026-09-17 13:13:00,265.00,265.10,264.65,264.65,80369
2026-09-17 13:14:00,264.65,264.80,264.65,264.65,346
2026-09-17 13:15:00,264.65,264.80,264.65,264.65,1927
2026-09-17 13:16:00,264.65,265.05,264.65,264.95,99508
2026-09-17 13:17:00,265.05,265.10,264.95,265.00,24327
2026-09-17 13:18:00,265.00,265.10,265.00,265.05,3263
2026-09-17 13:19:00,265.05,265.15,265.05,265.05,953
2026-09-17 13:20:00,265.05,265.05,264.95,264.95,17637
2026-09-17 13:21:00,264.95,264.95,264.65,264.80,181113
2026-09-17 13:22:00,264.80,264.95,264.80,264.80,1400
2026-09-17 13:23:00,264.80,264.90,264.70,264.75,5655
2026-09-17 13:24:00,264.75,264.90,264.70,264.80,18084
2026-09-17 13:25:00,264.75,265.05,264.75,265.00,103147
2026-09-17 13:26:00,264.95,264.95,264.70,264.70,57627
2026-09-17 13:27:00,264.70,264.70,264.45,264.45,7229
2026-09-17 13:28:00,264.45,264.50,264.40,264.40,3360
2026-09-17 13:29:00,264.40,264.40,264.20,264.20,11988
2026-09-17 13:30:00,264.30,264.30,264.00,264.05,38439
2026-09-17 13:31:00,264.00,264.05,263.90,263.90,16919
2026-09-17 13:32:00,263.90,264.15,263.85,264.05,6845
2026-09-17 13:33:00,264.00,264.15,263.95,264.05,3095
2026-09-17 13:34:00,263.95,264.05,263.90,263.90,6666
2026-09-17 13:35:00,263.95,263.95,263.70,263.70,10523
2026-09-17 13:36:00,263.70,263.80,263.60,263.65,11101
2026-09-17 13:37:00,263.65,263.85,263.65,263.75,4236
2026-09-17 13:38:00,263.85,263.90,263.75,263.85,2449
2026-09-17 13:39:00,263.90,263.95,263.85,263.85,4390
2026-09-17 13:40:00,263.85,263.95,263.80,263.80,3308
2026-09-17 13:41:00,263.80,263.95,263.80,263.85,1016
2026-09-17 13:42:00,263.85,263.90,263.75,263.90,4983
2026-09-17 13:43:00,263.90,264.20,263.80,264.10,15964
2026-09-17 13:44:00,264.10,264.25,264.05,264.15,4936
2026-09-17 13:45:00,264.15,264.25,264.10,264.10,11547
2026-09-17 13:46:00,264.10,264.25,264.05,264.10,5680
2026-09-17 13:47:00,264.10,264.20,264.00,264.00,7511
2026-09-17 13:48:00,264.00,264.15,264.00,264.00,6085
2026-09-17 13:49:00,264.00,264.15,264.00,264.00,6021
2026-09-17 13:50:00,264.00,264.10,264.00,264.05,10659
2026-09-17 13:51:00,264.05,264.10,264.00,264.00,2632
2026-09-17 13:52:00,264.00,264.05,263.90,263.90,15542
2026-09-17 13:53:00,263.90,264.05,263.90,264.00,13167
2026-09-17 13:54:00,264.00,264.05,264.00,264.05,15293
2026-09-17 13:55:00,264.00,264.05,264.00,264.00,13864
2026-09-17 13:56:00,264.00,264.10,264.00,264.00,7946
2026-09-17 13:57:00,264.00,264.10,264.00,264.05,15689
2026-09-17 13:58:00,264.00,264.10,264.00,264.00,6245
2026-09-17 13:59:00,264.10,264.10,263.85,263.90,32805
2026-09-17 14:00:00,263.85,263.95,263.75,263.75,10018
2026-09-17 14:01:00,263.85,263.85,263.70,263.75,3328
2026-09-17 14:02:00,263.70,263.75,263.65,263.65,3505
2026-09-17 14:03:00,263.65,263.75,263.65,263.65,2113
2026-09-17 14:04:00,263.65,263.75,263.65,263.70,7922
2026-09-17 14:05:00,263.70,263.75,263.65,263.65,10422
2026-09-17 14:06:00,263.65,263.80,263.60,263.60,7464
2026-09-17 14:07:00,263.60,263.75,263.60,263.70,8782
2026-09-17 14:08:00,263.65,263.75,263.65,263.70,4393
2026-09-17 14:09:00,263.65,263.70,263.65,263.65,4071
2026-09-17 14:10:00,263.70,263.95,263.65,263.90,16407
2026-09-17 14:11:00,263.85,263.90,263.70,263.70,7626
2026-09-17 14:12:00,263.80,263.80,263.70,263.70,5426
2026-09-17 14:13:00,263.70,263.80,263.70,263.70,10038
2026-09-17 14:14:00,263.70,263.75,263.65,263.70,5312
2026-09-17 14:15:00,263.65,263.75,263.60,263.65,5332
2026-09-17 14:16:00,263.75,263.75,263.55,263.55,11230
2026-09-17 14:17:00,263.55,263.70,263.55,263.55,4565
2026-09-17 14:18:00,263.55,263.70,263.55,263.65,4951
2026-09-17 14:19:00,263.65,263.85,263.65,263.70,8447
2026-09-17 14:20:00,263.70,263.80,263.65,263.75,2990
2026-09-17 14:21:00,263.75,263.80,263.65,263.70,8289
2026-09-17 14:22:00,263.70,263.80,263.65,263.70,6785
2026-09-17 14:23:00,263.70,263.80,263.70,263.75,7009
2026-09-17 14:24:00,263.75,263.90,263.75,263.85,7019
2026-09-17 14:25:00,263.85,263.85,263.70,263.70,5319
2026-09-17 14:26:00,263.70,263.70,263.60,263.70,13263
2026-09-17 14:27:00,263.65,263.70,263.55,263.60,5783
2026-09-17 14:28:00,263.55,263.60,263.50,263.50,6609
2026-09-17 14:29:00,263.50,263.65,263.50,263.55,7826
2026-09-17 14:30:00,263.55,263.65,263.55,263.60,9807
2026-09-17 14:31:00,263.60,263.70,263.50,263.55,11378
2026-09-17 14:32:00,263.55,263.55,263.50,263.50,3298
2026-09-17 14:33:00,263.55,263.60,263.50,263.50,13625
2026-09-17 14:34:00,263.50,263.55,263.35,263.35,8311
2026-09-17 14:35:00,263.35,263.50,263.35,263.50,4663
2026-09-17 14:36:00,263.65,263.65,263.55,263.60,13276
2026-09-17 14:37:00,263.55,263.70,263.55,263.65,35431
2026-09-17 14:38:00,263.60,263.65,263.50,263.50,10344
2026-09-17 14:39:00,263.50,263.75,263.50,263.60,12390
2026-09-17 14:40:00,263.60,263.75,263.60,263.70,12328
2026-09-17 14:41:00,263.65,263.90,263.65,263.75,13308
2026-09-17 14:42:00,263.75,263.80,263.65,263.65,21000
2026-09-17 14:43:00,263.70,263.95,263.70,263.95,11996
2026-09-17 14:44:00,263.85,264.10,263.85,264.10,14689
2026-09-17 14:45:00,264.15,264.30,264.15,264.20,17175
2026-09-17 14:46:00,264.20,264.30,264.20,264.30,13080
2026-09-17 14:47:00,264.40,264.55,264.35,264.50,15109
2026-09-17 14:48:00,264.50,264.65,264.45,264.55,11207
2026-09-17 14:49:00,264.55,264.60,264.45,264.50,32360
2026-09-17 14:50:00,264.50,264.65,264.40,264.60,14446
2026-09-17 14:51:00,264.65,264.75,264.55,264.65,158256
2026-09-17 14:52:00,264.75,264.80,264.55,264.55,55836
2026-09-17 14:53:00,264.55,264.60,264.40,264.40,32564
2026-09-17 14:54:00,264.40,264.60,264.35,264.50,353533
2026-09-17 14:55:00,264.50,264.60,264.45,264.45,12676
2026-09-17 14:56:00,264.45,264.55,264.40,264.40,25069
2026-09-17 14:57:00,264.40,264.40,264.35,264.35,22885
2026-09-17 14:58:00,264.35,264.45,264.35,264.45,30113
2026-09-17 14:59:00,264.45,264.45,264.40,264.40,14494
2026-09-17 15:00:00,264.45,264.45,264.30,264.30,53206
2026-09-17 15:01:00,264.30,264.35,264.30,264.30,29078
2026-09-17 15:02:00,264.30,264.35,264.30,264.30,8318
2026-09-17 15:03:00,264.30,264.35,263.75,263.80,189120
2026-09-17 15:04:00,263.80,264.00,263.80,263.95,57285
2026-09-17 15:05:00,264.00,264.15,263.95,264.10,14036
2026-09-17 15:06:00,264.10,264.25,264.10,264.20,49887
2026-09-17 15:07:00,264.25,264.30,264.15,264.25,27354
2026-09-17 15:08:00,264.25,264.30,263.95,263.95,68303
2026-09-17 15:09:00,264.00,264.05,263.95,264.00,27826
2026-09-17 15:10:00,264.05,264.30,264.05,264.15,66482
2026-09-17 15:11:00,264.10,264.20,264.10,264.15,34319
2026-09-17 15:12:00,264.15,264.20,263.95,263.95,87861
2026-09-17 15:13:00,263.95,264.05,263.95,264.00,27091
2026-09-17 15:14:00,264.00,264.95,263.90,264.90,66341
2026-09-17 15:15:00,264.90,264.90,264.90,264.90,1111
2026-09-17 15:16:00,264.90,264.90,264.90,264.90,0
2026-09-17 15:17:00,264.90,264.90,264.90,264.90,0
2026-09-17 15:18:00,264.90,264.90,264.90,264.90,0
2026-09-17 15:19:00,264.90,264.90,264.90,264.90,0
2026-09-17 15:20:00,264.90,264.90,264.90,264.90,0
2026-09-17 15:21:00,264.90,264.90,264.90,264.90,0
2026-09-17 15:22:00,264.90,264.90,264.90,264.90,0
2026-09-17 15:23:00,264.90,264.90,264.90,264.90,0
2026-09-17 15:24:00,264.90,264.90,264.90,264.90,0
2026-09-17 15:25:00,264.90,264.90,264.90,264.90,0
2026-09-17 15:26:00,264.90,264.90,264.90,264.90,0
2026-09-17 15:27:00,264.90,264.90,264.90,264.90,0
2026-09-17 15:28:00,264.90,264.90,263.75,263.75,820303
2026-09-17 15:29:00,263.75,263.75,263.75,263.75,0
2026-09-18 09:15:00,264.60,265.10,264.10,264.60,148892
2026-09-18 09:16:00,264.35,265.00,264.35,264.50,56715
2026-09-18 09:17:00,264.50,264.85,264.50,264.70,56500
2026-09-18 09:18:00,264.65,264.80,264.45,264.50,38972
2026-09-18 09:19:00,264.45,264.85,264.45,264.80,29294
2026-09-18 09:20:00,264.75,264.75,264.45,264.65,32212
2026-09-18 09:21:00,264.60,264.60,264.40,264.40,7405
2026-09-18 09:22:00,264.25,264.40,264.25,264.35,11380
2026-09-18 09:23:00,264.35,264.45,264.30,264.35,12829
2026-09-18 09:24:00,264.35,264.55,264.35,264.55,19810
2026-09-18 09:25:00,264.55,264.60,264.35,264.40,25788
2026-09-18 09:26:00,264.30,264.45,264.30,264.40,16837
2026-09-18 09:27:00,264.35,264.40,264.10,264.25,20897
2026-09-18 09:28:00,264.20,264.25,264.20,264.25,4858
2026-09-18 09:29:00,264.25,264.25,264.15,264.25,22299
2026-09-18 09:30:00,264.25,264.25,264.15,264.15,16447
2026-09-18 09:31:00,264.25,264.25,264.15,264.20,8400
2026-09-18 09:32:00,264.10,264.20,264.05,264.20,11466
2026-09-18 09:33:00,264.15,264.20,264.10,264.15,12095
2026-09-18 09:34:00,264.15,264.15,264.10,264.10,3764
2026-09-18 09:35:00,264.05,264.15,264.05,264.10,5077
2026-09-18 09:36:00,264.25,264.40,264.25,264.30,35964
2026-09-18 09:37:00,264.35,264.35,264.30,264.35,3243
2026-09-18 09:38:00,264.30,264.35,264.30,264.30,3750
2026-09-18 09:39:00,264.30,264.35,264.30,264.35,9134
2026-09-18 09:40:00,264.35,264.35,264.30,264.35,8501
2026-09-18 09:41:00,264.35,264.45,264.35,264.40,20914
2026-09-18 09:42:00,264.35,264.40,264.25,264.25,20078
2026-09-18 09:43:00,264.20,264.25,264.20,264.20,3320
2026-09-18 09:44:00,264.20,264.25,264.15,264.20,7192
2026-09-18 09:45:00,264.20,264.25,264.15,264.15,17205
2026-09-18 09:46:00,264.25,264.25,264.15,264.25,2078
2026-09-18 09:47:00,264.20,264.40,264.20,264.40,32051
2026-09-18 09:48:00,264.35,264.40,264.35,264.40,3208
2026-09-18 09:49:00,264.35,264.40,264.35,264.40,7677
2026-09-18 09:50:00,264.30,264.55,264.30,264.55,11283
2026-09-18 09:51:00,264.45,264.45,264.40,264.40,9429
2026-09-18 09:52:00,264.40,264.45,264.40,264.40,11821
2026-09-18 09:53:00,264.40,264.40,264.35,264.40,9406
2026-09-18 09:54:00,264.35,264.40,264.35,264.35,2333
2026-09-18 09:55:00,264.35,264.45,264.35,264.40,14966
2026-09-18 09:56:00,264.35,264.40,264.30,264.35,2505
2026-09-18 09:57:00,264.30,264.35,263.80,263.85,738331
2026-09-18 09:58:00,263.80,263.85,263.75,263.85,5035
2026-09-18 09:59:00,264.00,264.15,263.90,263.90,39240
2026-09-18 10:00:00,263.95,264.00,263.90,263.90,14088
2026-09-18 10:01:00,263.85,263.90,263.70,263.70,13567
2026-09-18 10:02:00,263.70,263.75,263.45,263.60,50014
2026-09-18 10:03:00,263.55,263.60,263.50,263.55,7910
2026-09-18 10:04:00,263.55,263.55,263.50,263.55,6727
2026-09-18 10:05:00,263.55,263.55,263.40,263.55,12523
2026-09-18 10:06:00,263.55,263.60,263.50,263.60,9961
2026-09-18 10:07:00,263.55,263.70,263.55,263.70,6235
2026-09-18 10:08:00,263.70,263.90,263.70,263.90,6345
2026-09-18 10:09:00,263.90,263.95,263.80,263.95,9443
2026-09-18 10:10:00,263.95,264.00,263.85,263.90,27629
2026-09-18 10:11:00,263.90,263.95,263.85,263.90,10242
2026-09-18 10:12:00,263.90,263.90,263.80,263.90,7986
2026-09-18 10:13:00,263.80,263.95,263.80,263.95,10819
2026-09-18 10:14:00,263.90,264.05,263.90,263.95,11424
2026-09-18 10:15:00,263.95,264.10,263.95,264.00,11830
2026-09-18 10:16:00,264.00,264.15,264.00,264.15,7285
2026-09-18 10:17:00,264.10,264.50,264.00,264.45,147206
2026-09-18 10:18:00,264.40,264.85,264.40,264.80,143647
2026-09-18 10:19:00,264.75,264.80,264.65,264.70,8618
2026-09-18 10:20:00,264.65,264.85,264.65,264.85,8800
2026-09-18 10:21:00,264.75,264.85,264.60,264.85,10965
2026-09-18 10:22:00,264.75,264.85,264.75,264.80,11775
2026-09-18 10:23:00,264.75,264.80,264.75,264.80,8095
2026-09-18 10:24:00,264.75,264.85,264.75,264.75,12674
2026-09-18 10:25:00,264.70,264.75,264.70,264.75,12683
2026-09-18 10:26:00,264.70,264.80,264.70,264.75,9974
2026-09-18 10:27:00,264.65,264.75,264.25,264.30,41605
2026-09-18 10:28:00,264.35,264.40,264.30,264.35,24496
2026-09-18 10:29:00,264.35,264.35,264.30,264.35,12534
2026-09-18 10:30:00,264.35,264.45,264.30,264.45,6256
2026-09-18 10:31:00,264.45,264.45,264.35,264.40,8131
2026-09-18 10:32:00,264.35,264.45,264.30,264.40,36642
2026-09-18 10:33:00,264.35,264.40,264.35,264.40,9455
2026-09-18 10:34:00,264.35,264.50,264.35,264.50,6166
2026-09-18 10:35:00,264.50,264.50,264.45,264.50,7801
2026-09-18 10:36:00,264.35,264.55,264.35,264.50,8052
2026-09-18 10:37:00,264.50,264.50,264.30,264.45,7777
2026-09-18 10:38:00,264.40,264.45,264.35,264.40,8612
2026-09-18 10:39:00,264.40,264.50,264.40,264.50,7474
2026-09-18 10:40:00,264.45,264.50,264.35,264.45,5145
2026-09-18 10:41:00,264.40,264.45,264.30,264.30,8528
2026-09-18 10:42:00,264.45,264.45,264.30,264.40,14224
2026-09-18 10:43:00,264.30,264.40,264.20,264.30,12852
2026-09-18 10:44:00,264.35,264.35,264.20,264.35,7900
2026-09-18 10:45:00,264.25,264.35,264.15,264.25,11459
2026-09-18 10:46:00,264.15,264.25,264.15,264.25,7840
2026-09-18 10:47:00,264.25,264.25,264.05,264.20,10887
2026-09-18 10:48:00,264.10,264.25,264.10,264.15,7922
2026-09-18 10:49:00,264.10,264.15,263.95,263.95,12515
2026-09-18 10:50:00,264.00,264.05,263.95,264.05,12826
2026-09-18 10:51:00,263.95,264.00,263.90,263.95,11276
2026-09-18 10:52:00,263.90,264.30,263.90,264.30,15519
2026-09-18 10:53:00,264.15,264.65,264.15,264.50,94667
2026-09-18 10:54:00,264.55,264.75,264.30,264.50,281662
2026-09-18 10:55:00,264.45,264.55,264.35,264.50,12620
2026-09-18 10:56:00,264.35,264.45,264.15,264.20,11160
2026-09-18 10:57:00,264.15,264.30,264.10,264.25,18433
2026-09-18 10:58:00,264.25,264.25,264.05,264.05,8052
2026-09-18 10:59:00,264.00,264.15,264.00,264.10,10582
2026-09-18 11:00:00,264.00,264.15,263.95,263.95,11786
2026-09-18 11:01:00,263.95,264.20,263.80,264.00,292618
2026-09-18 11:02:00,263.95,263.95,263.90,263.95,8333
2026-09-18 11:03:00,263.85,263.95,263.80,263.80,10315
2026-09-18 11:04:00,263.80,263.85,263.80,263.85,10857
2026-09-18 11:05:00,263.80,263.85,263.70,263.80,7961
2026-09-18 11:06:00,263.70,263.80,263.70,263.75,14214
2026-09-18 11:07:00,263.70,263.75,263.65,263.75,10733
2026-09-18 11:08:00,263.70,263.85,263.70,263.85,8321
2026-09-18 11:09:00,263.85,263.90,263.75,263.85,6532
2026-09-18 11:10:00,263.90,264.60,263.85,264.40,236696
2026-09-18 11:11:00,264.45,264.85,264.30,264.70,198172
2026-09-18 11:12:00,264.65,264.90,263.80,264.20,512647
2026-09-18 11:13:00,264.10,264.20,264.10,264.20,10116
2026-09-18 11:14:00,264.15,264.30,264.15,264.30,497048
2026-09-18 11:15:00,264.20,264.30,264.10,264.15,8487
2026-09-18 11:16:00,264.20,264.20,264.05,264.15,11041
2026-09-18 11:17:00,264.05,264.15,263.95,264.05,9861
2026-09-18 11:18:00,264.05,264.05,263.95,264.05,8041
2026-09-18 11:19:00,263.95,264.10,263.95,264.05,11394
2026-09-18 11:20:00,264.00,264.05,264.00,264.05,4922
2026-09-18 11:21:00,264.00,264.05,264.00,264.05,8001
2026-09-18 11:22:00,264.05,264.05,264.00,264.05,6357
2026-09-18 11:23:00,264.00,264.05,264.00,264.05,6030
2026-09-18 11:24:00,264.10,264.10,264.00,264.10,8021
2026-09-18 11:25:00,264.00,264.15,264.00,264.05,9099
2026-09-18 11:26:00,264.05,264.05,264.00,264.05,4310
2026-09-18 11:27:00,264.05,264.05,263.95,264.00,9818
2026-09-18 11:28:00,263.95,264.00,263.95,264.00,7239
2026-09-18 11:29:00,263.95,264.00,263.95,264.00,6170
2026-09-18 11:30:00,263.95,263.95,263.90,263.95,7725
2026-09-18 11:31:00,263.90,263.95,263.70,263.85,9632
2026-09-18 11:32:00,263.75,264.10,263.75,264.10,34003
2026-09-18 11:33:00,264.05,264.10,264.05,264.10,8469
2026-09-18 11:34:00,264.00,264.30,264.00,264.25,104764
2026-09-18 11:35:00,264.25,264.65,264.25,264.60,216555
2026-09-18 11:36:00,264.50,264.60,264.50,264.60,10119
2026-09-18 11:37:00,264.60,264.60,264.50,264.55,29618
2026-09-18 11:38:00,264.50,264.80,264.50,264.80,59598
2026-09-18 11:39:00,264.85,265.10,264.80,264.90,38587
2026-09-18 11:40:00,264.90,265.00,264.85,264.90,5729
2026-09-18 11:41:00,264.85,264.95,264.85,264.90,9605
2026-09-18 11:42:00,264.80,264.90,264.70,264.80,8379
2026-09-18 11:43:00,264.75,264.80,264.75,264.80,7426
2026-09-18 11:44:00,264.80,264.80,264.75,264.80,6057
2026-09-18 11:45:00,264.75,264.80,264.75,264.80,7813
2026-09-18 11:46:00,264.80,264.80,264.75,264.80,8380
2026-09-18 11:47:00,264.80,264.85,264.75,264.85,14141
2026-09-18 11:48:00,264.80,265.20,264.80,265.05,65421
2026-09-18 11:49:00,264.95,265.15,264.90,265.10,15135
2026-09-18 11:50:00,264.95,265.10,264.95,265.10,33992
2026-09-18 11:51:00,264.95,265.10,264.95,265.10,7936
2026-09-18 11:52:00,264.95,265.90,264.95,265.85,106597
2026-09-18 11:53:00,265.80,266.30,265.75,266.30,234143
2026-09-18 11:54:00,266.25,266.30,266.00,266.00,9306
2026-09-18 11:55:00,266.05,266.10,266.00,266.00,16876
2026-09-18 11:56:00,266.05,266.05,266.00,266.05,99324
2026-09-18 11:57:00,266.05,266.05,265.85,265.85,75025
2026-09-18 11:58:00,265.90,265.95,265.75,265.90,52795
2026-09-18 11:59:00,265.85,265.95,265.75,265.90,16142
2026-09-18 12:00:00,265.80,265.90,265.80,265.80,6774
2026-09-18 12:01:00,265.85,265.85,265.40,265.40,58727
2026-09-18 12:02:00,265.40,265.45,265.35,265.40,10076
2026-09-18 12:03:00,265.35,265.55,265.30,265.30,200568
2026-09-18 12:04:00,265.30,265.30,265.05,265.05,20119
2026-09-18 12:05:00,265.05,265.15,265.05,265.10,10210
2026-09-18 12:06:00,265.05,265.40,265.05,265.40,50751
2026-09-18 12:07:00,265.45,265.50,265.30,265.50,11424
2026-09-18 12:08:00,265.45,265.55,265.40,265.50,5211
2026-09-18 12:09:00,265.55,265.60,265.45,265.45,7112
2026-09-18 12:10:00,265.45,265.55,265.45,265.55,6456
2026-09-18 12:11:00,265.45,265.60,265.45,265.60,10025
2026-09-18 12:12:00,265.45,265.60,265.45,265.50,7020
2026-09-18 12:13:00,265.45,265.60,265.40,265.45,11308
2026-09-18 12:14:00,265.50,265.60,265.40,265.45,10308
2026-09-18 12:15:00,265.40,265.50,265.40,265.50,4744
2026-09-18 12:16:00,265.45,265.70,265.45,265.70,5398
2026-09-18 12:17:00,265.55,265.85,265.45,265.50,461837
2026-09-18 12:18:00,265.45,265.75,265.40,265.55,246711
2026-09-18 12:19:00,265.45,265.80,265.45,265.55,173584
2026-09-18 12:20:00,265.50,265.80,265.50,265.55,182100
2026-09-18 12:21:00,265.55,265.70,265.45,265.55,13078
2026-09-18 12:22:00,265.45,265.55,265.45,265.50,5808
2026-09-18 12:23:00,265.45,265.55,265.45,265.50,4342
2026-09-18 12:24:00,265.50,265.55,265.45,265.45,5340
2026-09-18 12:25:00,265.50,265.55,265.45,265.45,5210
2026-09-18 12:26:00,265.45,265.50,265.45,265.50,5736
2026-09-18 12:27:00,265.45,265.55,265.45,265.55,4185
2026-09-18 12:28:00,265.45,265.60,265.45,265.55,8081
2026-09-18 12:29:00,265.45,265.55,265.45,265.55,3933
2026-09-18 12:30:00,265.55,265.55,265.45,265.50,7913
2026-09-18 12:31:00,265.50,265.55,265.40,265.50,3614
2026-09-18 12:32:00,265.45,265.55,265.45,265.55,4590
2026-09-18 12:33:00,265.45,265.55,265.45,265.50,5287
2026-09-18 12:34:00,265.50,265.55,265.45,265.50,3784
2026-09-18 12:35:00,265.50,265.60,265.45,265.50,8496
2026-09-18 12:36:00,265.55,265.65,265.45,265.60,25479
2026-09-18 12:37:00,265.50,265.65,265.45,265.50,67992
2026-09-18 12:38:00,265.45,265.60,265.45,265.50,6018
2026-09-18 12:39:00,265.45,265.55,265.40,265.45,6790
2026-09-18 12:40:00,265.40,265.50,265.25,265.40,7747
2026-09-18 12:41:00,265.40,265.60,265.40,265.50,9220
2026-09-18 12:42:00,265.45,265.55,265.45,265.50,5391
2026-09-18 12:43:00,265.50,265.55,265.45,265.50,5264
2026-09-18 12:44:00,265.40,265.55,265.40,265.50,3025
2026-09-18 12:45:00,265.50,265.55,265.45,265.50,4670
2026-09-18 12:46:00,265.45,265.55,265.45,265.55,5114
2026-09-18 12:47:00,265.50,265.55,265.45,265.50,5256
2026-09-18 12:48:00,265.45,265.55,265.40,265.50,7951
2026-09-18 12:49:00,265.40,265.50,265.40,265.45,3390
2026-09-18 12:50:00,265.50,265.55,265.45,265.50,5015
2026-09-18 12:51:00,265.50,265.55,265.45,265.50,4078
2026-09-18 12:52:00,265.45,265.55,265.45,265.55,4091
2026-09-18 12:53:00,265.45,265.55,265.45,265.55,5929
2026-09-18 12:54:00,265.45,265.75,265.45,265.75,17605
2026-09-18 12:55:00,265.70,265.90,265.70,265.85,16610
2026-09-18 12:56:00,265.80,265.90,265.80,265.85,5307
2026-09-18 12:57:00,265.80,265.95,265.80,265.90,12605
2026-09-18 12:58:00,265.90,266.00,265.90,266.00,10926
2026-09-18 12:59:00,265.90,266.00,265.90,266.00,7277
2026-09-18 13:00:00,265.95,266.00,265.90,265.95,9951
2026-09-18 13:01:00,265.90,266.20,265.90,266.20,18159
2026-09-18 13:02:00,266.10,266.30,266.10,266.30,17789
2026-09-18 13:03:00,266.20,266.35,266.20,266.30,12988
2026-09-18 13:04:00,266.25,266.75,266.25,266.60,97940
2026-09-18 13:05:00,266.50,266.60,266.35,266.40,25796
2026-09-18 13:06:00,266.35,266.50,266.35,266.50,7700
2026-09-18 13:07:00,266.45,266.60,266.45,266.60,10585
2026-09-18 13:08:00,266.55,266.60,266.40,266.50,10989
2026-09-18 13:09:00,266.50,266.60,266.35,266.35,15790
2026-09-18 13:10:00,266.35,266.40,266.05,266.30,30073
2026-09-18 13:11:00,266.30,266.30,266.00,266.10,27355
2026-09-18 13:12:00,265.95,266.15,265.95,266.00,16859
2026-09-18 13:13:00,266.05,266.10,265.90,265.90,16529
2026-09-18 13:14:00,265.90,266.00,265.80,266.00,18766
2026-09-18 13:15:00,265.85,265.95,265.65,265.65,29947
2026-09-18 13:16:00,265.60,265.80,265.55,265.80,20825
2026-09-18 13:17:00,265.70,265.80,265.55,265.60,17673
2026-09-18 13:18:00,265.55,265.75,265.55,265.60,19229
2026-09-18 13:19:00,265.65,265.75,265.60,265.70,21708
2026-09-18 13:20:00,265.55,265.60,265.50,265.50,16770
2026-09-18 13:21:00,265.55,265.70,265.55,265.60,25236
2026-09-18 13:22:00,265.55,265.90,265.55,265.75,25653
2026-09-18 13:23:00,265.70,265.85,265.60,265.65,20168
2026-09-18 13:24:00,265.60,265.75,265.55,265.60,18771
2026-09-18 13:25:00,265.60,265.80,265.55,265.55,20702
2026-09-18 13:26:00,265.55,265.70,265.55,265.55,18958
2026-09-18 13:27:00,265.50,265.65,265.50,265.60,16787
2026-09-18 13:28:00,265.60,265.65,265.55,265.60,20271
2026-09-18 13:29:00,265.60,265.65,265.55,265.60,18941
2026-09-18 13:30:00,265.60,265.70,265.55,265.60,17406
2026-09-18 13:31:00,265.55,265.65,265.55,265.55,24581
2026-09-18 13:32:00,265.60,265.65,265.50,265.55,21957
2026-09-18 13:33:00,265.50,265.60,265.50,265.55,16749
2026-09-18 13:34:00,265.50,265.60,265.50,265.60,16698
2026-09-18 13:35:00,265.50,265.60,265.50,265.50,15864
2026-09-18 13:36:00,265.50,265.60,265.50,265.50,17514
2026-09-18 13:37:00,265.45,265.60,265.45,265.55,15518
2026-09-18 13:38:00,265.50,265.60,265.50,265.55,20378
2026-09-18 13:39:00,265.50,265.60,265.45,265.45,19739
2026-09-18 13:40:00,265.45,265.50,265.25,265.50,20771
2026-09-18 13:41:00,265.45,265.50,265.35,265.35,20854
2026-09-18 13:42:00,265.35,265.45,265.30,265.35,19684
2026-09-18 13:43:00,265.30,265.45,265.30,265.45,26823
2026-09-18 13:44:00,265.35,265.45,265.30,265.30,17698
2026-09-18 13:45:00,265.25,265.40,265.20,265.30,23200
2026-09-18 13:46:00,265.40,265.40,265.20,265.40,20640
2026-09-18 13:47:00,265.35,265.45,265.20,265.40,18266
2026-09-18 13:48:00,265.25,265.45,265.15,265.25,25201
2026-09-18 13:49:00,265.20,265.30,265.20,265.20,20984
2026-09-18 13:50:00,265.25,265.40,265.15,265.35,26336
2026-09-18 13:51:00,265.30,265.45,265.25,265.35,18199
2026-09-18 13:52:00,265.30,265.55,265.30,265.50,27250
2026-09-18 13:53:00,265.55,265.65,265.45,265.45,19807
2026-09-18 13:54:00,265.50,265.75,265.50,265.65,24695
2026-09-18 13:55:00,265.55,265.70,265.50,265.65,21029
2026-09-18 13:56:00,265.55,265.75,265.55,265.75,24855
2026-09-18 13:57:00,265.65,265.80,265.60,265.70,22690
2026-09-18 13:58:00,265.65,265.80,265.65,265.65,21266
2026-09-18 13:59:00,265.60,265.75,265.55,265.70,21950
2026-09-18 14:00:00,265.60,265.75,265.60,265.65,21150
2026-09-18 14:01:00,265.60,265.85,265.60,265.80,24069
2026-09-18 14:02:00,265.70,265.80,265.65,265.75,20774
2026-09-18 14:03:00,265.70,265.85,265.60,265.75,20988
2026-09-18 14:04:00,265.70,265.85,265.65,265.80,19971
2026-09-18 14:05:00,265.70,265.95,265.70,265.90,26587
2026-09-18 14:06:00,265.80,265.90,265.80,265.85,21582
2026-09-18 14:07:00,265.80,265.85,265.65,265.75,22286
2026-09-18 14:08:00,265.70,265.90,265.65,265.75,24497
2026-09-18 14:09:00,265.70,265.95,265.65,265.95,34882
2026-09-18 14:10:00,265.85,266.00,265.85,265.90,25841
2026-09-18 14:11:00,265.95,266.55,265.85,266.55,136859
2026-09-18 14:12:00,266.50,266.50,266.00,266.20,38919
2026-09-18 14:13:00,266.10,266.20,266.05,266.05,24730
2026-09-18 14:14:00,266.00,266.15,265.95,265.95,20193
2026-09-18 14:15:00,265.90,266.10,265.90,265.95,21649
2026-09-18 14:16:00,265.95,266.00,265.85,265.85,18933
2026-09-18 14:17:00,265.85,266.00,265.80,265.85,21453
2026-09-18 14:18:00,265.85,266.00,265.80,265.90,21643
2026-09-18 14:19:00,265.85,266.00,265.80,265.85,19339
2026-09-18 14:20:00,265.85,266.05,265.80,266.05,21828
2026-09-18 14:21:00,265.95,266.15,265.95,266.10,28233
2026-09-18 14:22:00,266.10,266.20,266.00,266.20,21773
2026-09-18 14:23:00,266.10,266.15,265.85,265.95,24685
2026-09-18 14:24:00,266.05,266.20,266.05,266.10,29098
2026-09-18 14:25:00,266.15,266.30,266.10,266.15,21934
2026-09-18 14:26:00,266.10,266.20,266.00,266.15,23113
2026-09-18 14:27:00,266.05,266.20,266.00,266.20,22047
2026-09-18 14:28:00,266.10,266.20,266.05,266.20,18010
2026-09-18 14:29:00,266.10,266.25,266.10,266.20,24807
2026-09-18 14:30:00,266.15,266.35,266.15,266.35,23485
2026-09-18 14:31:00,266.35,266.45,266.25,266.45,22013
2026-09-18 14:32:00,266.30,266.50,266.30,266.50,26232
2026-09-18 14:33:00,266.50,266.70,266.45,266.65,42791
2026-09-18 14:34:00,266.65,266.70,266.55,266.60,21042
2026-09-18 14:35:00,266.60,266.70,266.60,266.65,23621
2026-09-18 14:36:00,266.60,266.70,266.55,266.70,26038
2026-09-18 14:37:00,266.60,266.75,266.60,266.70,21017
2026-09-18 14:38:00,266.75,266.75,266.65,266.70,23462
2026-09-18 14:39:00,266.70,266.80,266.65,266.80,23699
2026-09-18 14:40:00,266.75,266.80,266.70,266.80,22983
2026-09-18 14:41:00,266.75,266.85,266.75,266.85,24259
2026-09-18 14:42:00,266.70,266.85,266.65,266.80,24003
2026-09-18 14:43:00,266.75,266.85,266.70,266.75,30270
2026-09-18 14:44:00,266.65,266.75,266.40,266.45,33877
2026-09-18 14:45:00,266.45,266.60,266.40,266.55,34209
2026-09-18 14:46:00,266.50,266.60,266.50,266.60,29042
2026-09-18 14:47:00,266.50,266.60,266.50,266.60,24554
2026-09-18 14:48:00,266.50,266.80,266.50,266.80,45369
2026-09-18 14:49:00,266.65,266.80,266.65,266.65,32780
2026-09-18 14:50:00,266.55,266.70,266.55,266.60,29489
2026-09-18 14:51:00,266.65,266.65,266.50,266.55,30191
2026-09-18 14:52:00,266.50,266.65,266.50,266.60,37924
2026-09-18 14:53:00,266.60,266.65,266.55,266.55,21844
2026-09-18 14:54:00,266.55,266.75,266.55,266.70,38704
2026-09-18 14:55:00,266.70,266.85,266.65,266.85,46985
2026-09-18 14:56:00,266.70,266.90,266.70,266.70,39047
2026-09-18 14:57:00,266.65,266.75,266.60,266.65,40691
2026-09-18 14:58:00,266.55,266.70,266.55,266.70,45435
2026-09-18 14:59:00,266.75,266.85,266.70,266.75,48248
2026-09-18 15:00:00,266.75,266.95,266.60,266.85,90665
2026-09-18 15:01:00,266.85,266.95,266.85,266.90,59720
2026-09-18 15:02:00,266.90,266.95,266.85,266.90,51081
2026-09-18 15:03:00,266.95,266.95,266.85,266.95,63096
2026-09-18 15:04:00,266.95,266.95,266.75,266.75,70608
2026-09-18 15:05:00,266.70,266.80,266.70,266.80,64368
2026-09-18 15:06:00,266.65,266.80,266.65,266.80,90500
2026-09-18 15:07:00,266.75,266.80,266.70,266.80,73503
2026-09-18 15:08:00,266.75,266.80,266.65,266.75,75150
2026-09-18 15:09:00,266.75,266.80,266.50,266.55,81152
2026-09-18 15:10:00,266.65,266.65,266.55,266.55,203683
2026-09-18 15:11:00,266.55,266.60,266.50,266.55,125468
2026-09-18 15:12:00,266.55,266.55,266.35,266.40,136740
2026-09-18 15:13:00,266.30,266.35,266.20,266.25,82065
2026-09-18 15:14:00,266.20,267.00,266.20,266.50,112630
2026-09-18 15:15:00,266.50,266.50,266.50,266.50,37
2026-09-18 15:16:00,266.50,266.50,266.50,266.50,0
2026-09-18 15:17:00,266.50,266.50,266.50,266.50,0
2026-09-18 15:18:00,266.50,266.50,266.50,266.50,0
2026-09-18 15:19:00,266.50,266.50,266.50,266.50,0
2026-09-18 15:20:00,266.50,266.50,266.50,266.50,0
2026-09-18 15:21:00,266.50,266.50,266.50,266.50,0
2026-09-18 15:22:00,266.50,266.50,266.50,266.50,0
2026-09-18 15:23:00,266.50,266.50,266.50,266.50,0
2026-09-18 15:24:00,266.50,266.50,266.50,266.50,0
2026-09-18 15:25:00,266.50,266.50,266.50,266.50,0
2026-09-18 15:26:00,266.50,266.50,266.50,266.50,0
2026-09-18 15:27:00,266.50,266.50,266.50,266.50,0
2026-09-18 15:28:00,266.50,270.30,266.50,270.30,5397515
2026-09-18 15:29:00,270.30,270.30,270.30,270.30,0
2026-09-21 09:15:00,267.75,268.50,267.50,268.00,94049
2026-09-21 09:16:00,268.15,268.95,268.10,268.30,71138
2026-09-21 09:17:00,268.30,268.50,268.20,268.30,20458
2026-09-21 09:18:00,268.30,268.30,267.70,267.75,37076
2026-09-21 09:19:00,267.75,267.75,267.10,267.65,93165
2026-09-21 09:20:00,267.65,267.65,267.30,267.40,18653
2026-09-21 09:21:00,267.30,267.40,267.25,267.35,20574
2026-09-21 09:22:00,267.30,267.40,267.20,267.30,16534
2026-09-21 09:23:00,267.25,267.35,267.15,267.15,12506
2026-09-21 09:24:00,267.15,267.25,267.05,267.25,11984
2026-09-21 09:25:00,267.25,267.40,267.25,267.40,10045
2026-09-21 09:26:00,267.45,267.45,267.30,267.30,9749
2026-09-21 09:27:00,267.40,267.60,267.30,267.60,13055
2026-09-21 09:28:00,267.55,267.65,267.55,267.65,9917
2026-09-21 09:29:00,267.60,267.70,267.60,267.70,7713
2026-09-21 09:30:00,267.70,268.00,267.70,268.00,13402
2026-09-21 09:31:00,267.95,268.00,267.85,267.85,11848
2026-09-21 09:32:00,268.00,268.10,268.00,268.10,8274
2026-09-21 09:33:00,268.10,268.10,268.00,268.05,8366
2026-09-21 09:34:00,268.05,268.10,267.80,267.90,13212
2026-09-21 09:35:00,267.95,268.05,267.95,268.00,9529
2026-09-21 09:36:00,267.95,268.00,267.45,267.45,29867
2026-09-21 09:37:00,267.50,267.85,267.50,267.60,12801
2026-09-21 09:38:00,267.70,267.85,267.55,267.85,13416
2026-09-21 09:39:00,267.90,268.00,267.90,268.00,8508
2026-09-21 09:40:00,268.00,268.00,267.85,267.85,1523
2026-09-21 09:41:00,267.95,267.95,267.80,267.95,8999
2026-09-21 09:42:00,267.95,267.95,267.75,267.75,12012
2026-09-21 09:43:00,267.80,267.85,267.70,267.80,2575
2026-09-21 09:44:00,267.80,267.80,267.75,267.80,2639
2026-09-21 09:45:00,267.85,267.85,267.60,267.75,11907
2026-09-21 09:46:00,267.70,267.75,267.60,267.70,8993
2026-09-21 09:47:00,267.65,267.70,267.60,267.65,8821
2026-09-21 09:48:00,267.65,267.65,267.50,267.65,6091
2026-09-21 09:49:00,267.60,267.75,267.60,267.70,5521
2026-09-21 09:50:00,267.70,267.70,267.65,267.70,2357
2026-09-21 09:51:00,267.70,267.75,267.65,267.75,7266
2026-09-21 09:52:00,267.75,267.75,267.70,267.75,1070
2026-09-21 09:53:00,267.75,267.75,267.45,267.60,13743
2026-09-21 09:54:00,267.60,267.60,267.45,267.50,4279
2026-09-21 09:55:00,267.50,267.50,267.45,267.50,863
2026-09-21 09:56:00,267.45,267.50,267.25,267.40,10469
2026-09-21 09:57:00,267.45,267.55,267.45,267.55,12174
2026-09-21 09:58:00,267.50,267.55,267.25,267.55,12332
2026-09-21 09:59:00,267.40,267.55,267.40,267.45,3540
2026-09-21 10:00:00,267.50,267.50,267.40,267.50,5468
2026-09-21 10:01:00,267.50,267.50,267.45,267.50,15250
2026-09-21 10:02:00,267.50,267.50,267.30,267.40,4370
2026-09-21 10:03:00,267.40,267.45,267.40,267.45,4772
2026-09-21 10:04:00,267.45,267.45,267.30,267.30,10655
2026-09-21 10:05:00,267.35,267.45,267.30,267.35,9859
2026-09-21 10:06:00,267.30,267.35,267.25,267.30,5640
2026-09-21 10:07:00,267.30,267.35,267.15,267.20,8072
2026-09-21 10:08:00,267.20,267.25,267.10,267.20,4106
2026-09-21 10:09:00,267.25,267.30,267.25,267.25,1383
2026-09-21 10:10:00,267.30,267.35,267.25,267.35,3116
2026-09-21 10:11:00,267.35,267.50,267.35,267.50,7499
2026-09-21 10:12:00,267.45,267.45,267.40,267.45,4675
2026-09-21 10:13:00,267.45,267.50,267.40,267.50,9462
2026-09-21 10:14:00,267.50,267.50,267.45,267.45,743
2026-09-21 10:15:00,267.50,267.50,267.15,267.25,25508
2026-09-21 10:16:00,267.30,267.30,267.25,267.30,645
2026-09-21 10:17:00,267.30,267.35,267.30,267.35,737
2026-09-21 10:18:00,267.35,267.40,267.30,267.30,4491
2026-09-21 10:19:00,267.40,267.40,267.30,267.35,2544
2026-09-21 10:20:00,267.40,267.40,267.35,267.35,6222
2026-09-21 10:21:00,267.40,267.40,267.35,267.35,675
2026-09-21 10:22:00,267.40,267.40,267.35,267.35,1804
2026-09-21 10:23:00,267.40,267.45,267.35,267.45,10553
2026-09-21 10:24:00,267.45,267.45,267.40,267.45,1310
2026-09-21 10:25:00,267.45,267.45,267.00,267.05,32184
2026-09-21 10:26:00,267.10,267.15,267.10,267.15,4865
2026-09-21 10:27:00,267.10,267.20,267.10,267.15,3889
2026-09-21 10:28:00,267.15,267.15,267.10,267.15,430
2026-09-21 10:29:00,267.15,267.15,267.00,267.00,9855
2026-09-21 10:30:00,267.05,267.05,267.00,267.00,974
2026-09-21 10:31:00,267.05,267.15,267.00,267.15,9144
2026-09-21 10:32:00,267.15,267.15,267.10,267.15,1294
2026-09-21 10:33:00,267.15,267.15,267.00,267.10,11174
2026-09-21 10:34:00,267.10,267.10,266.95,267.00,6985
2026-09-21 10:35:00,267.05,267.15,267.00,267.10,1921
2026-09-21 10:36:00,267.10,267.10,266.80,266.80,10549
2026-09-21 10:37:00,266.80,266.90,266.80,266.85,3087
2026-09-21 10:38:00,266.90,266.90,266.85,266.90,3034
2026-09-21 10:39:00,266.85,266.90,266.85,266.90,754
2026-09-21 10:40:00,266.90,266.95,266.85,266.90,3730
2026-09-21 10:41:00,266.95,267.10,266.90,267.05,6460
2026-09-21 10:42:00,267.10,267.10,266.90,266.95,6466
2026-09-21 10:43:00,267.00,267.10,266.85,266.90,5338
2026-09-21 10:44:00,267.00,267.00,266.85,266.95,3219
2026-09-21 10:45:00,266.90,267.00,266.90,266.95,8944
2026-09-21 10:46:00,267.05,267.05,266.95,267.00,1904
2026-09-21 10:47:00,267.05,267.10,267.00,267.00,5227
2026-09-21 10:48:00,267.05,267.05,266.90,266.90,3007
2026-09-21 10:49:00,266.95,267.00,266.90,266.90,2602
2026-09-21 10:50:00,266.95,267.00,266.85,266.85,6574
2026-09-21 10:51:00,266.95,266.95,266.85,266.90,2865
2026-09-21 10:52:00,266.95,267.00,266.90,266.95,2520
2026-09-21 10:53:00,266.95,267.20,266.95,267.20,13963
2026-09-21 10:54:00,267.20,267.20,266.90,267.10,7379
2026-09-21 10:55:00,267.10,267.10,266.55,266.60,20749
2026-09-21 10:56:00,266.60,266.80,266.60,266.80,6642
2026-09-21 10:57:00,266.80,266.90,266.60,266.85,8653
2026-09-21 10:58:00,266.90,266.90,266.70,266.80,8179
2026-09-21 10:59:00,266.80,266.85,266.80,266.80,794
2026-09-21 11:00:00,266.85,266.95,266.80,266.90,8067
2026-09-21 11:01:00,266.90,266.90,266.80,266.90,2735
2026-09-21 11:02:00,266.90,266.90,266.80,266.85,6200
2026-09-21 11:03:00,266.85,267.00,266.80,266.95,9180
2026-09-21 11:04:00,267.00,267.05,266.90,266.90,7333
2026-09-21 11:05:00,267.00,267.00,266.90,266.90,1937
2026-09-21 11:06:00,266.95,267.05,266.90,267.05,3709
2026-09-21 11:07:00,266.90,267.05,266.90,267.00,609
2026-09-21 11:08:00,267.00,267.05,267.00,267.00,1490
2026-09-21 11:09:00,267.05,267.10,267.00,267.10,4910
2026-09-21 11:10:00,267.10,267.10,267.05,267.10,1171
2026-09-21 11:11:00,267.05,267.10,267.05,267.10,6690
2026-09-21 11:12:00,267.10,267.35,267.05,267.35,10742
2026-09-21 11:13:00,267.40,267.55,267.10,267.15,43214
2026-09-21 11:14:00,267.20,267.35,267.20,267.30,8198
2026-09-21 11:15:00,267.30,267.35,267.20,267.30,2842
2026-09-21 11:16:00,267.30,267.30,267.20,267.25,7151
2026-09-21 11:17:00,267.25,267.25,267.10,267.25,8548
2026-09-21 11:18:00,267.20,267.25,267.05,267.20,15179
2026-09-21 11:19:00,267.15,267.30,267.05,267.25,11538
2026-09-21 11:20:00,267.30,267.40,267.25,267.30,6554
2026-09-21 11:21:00,267.35,267.50,267.35,267.50,7493
2026-09-21 11:22:00,267.45,267.50,267.40,267.40,3992
2026-09-21 11:23:00,267.45,267.45,267.40,267.40,539
2026-09-21 11:24:00,267.45,267.90,267.40,267.65,446750
2026-09-21 11:25:00,267.70,267.70,267.50,267.55,15748
2026-09-21 11:26:00,267.55,267.55,267.45,267.55,5321
2026-09-21 11:27:00,267.55,267.55,267.50,267.55,5051
2026-09-21 11:28:00,267.50,267.55,267.40,267.55,22057
2026-09-21 11:29:00,267.50,267.60,267.40,267.50,7888
2026-09-21 11:30:00,267.55,267.55,267.40,267.55,1209
2026-09-21 11:31:00,267.55,267.60,267.50,267.55,3098
2026-09-21 11:32:00,267.50,267.60,267.50,267.55,475
2026-09-21 11:33:00,267.55,267.55,267.50,267.55,1338
2026-09-21 11:34:00,267.50,267.60,267.50,267.55,4331
2026-09-21 11:35:00,267.55,267.55,267.50,267.55,14844
2026-09-21 11:36:00,267.45,267.55,267.40,267.40,16403
2026-09-21 11:37:00,267.40,267.50,267.40,267.45,7183
2026-09-21 11:38:00,267.45,267.50,267.40,267.50,10447
2026-09-21 11:39:00,267.50,267.50,267.40,267.45,9895
2026-09-21 11:40:00,267.45,267.45,267.35,267.45,3913
2026-09-21 11:41:00,267.45,267.50,267.40,267.45,13696
2026-09-21 11:42:00,267.50,267.80,267.45,267.70,9950
2026-09-21 11:43:00,267.70,267.85,267.50,267.70,20199
2026-09-21 11:44:00,267.70,267.85,267.60,267.80,11035
2026-09-21 11:45:00,267.80,268.00,267.80,267.85,26639
2026-09-21 11:46:00,267.95,267.95,267.75,267.75,13118
2026-09-21 11:47:00,267.85,267.85,267.80,267.85,1183
2026-09-21 11:48:00,267.85,267.85,267.80,267.85,769
2026-09-21 11:49:00,267.80,267.85,267.80,267.85,4063
2026-09-21 11:50:00,267.80,267.85,267.80,267.80,1085
2026-09-21 11:51:00,267.85,267.85,267.80,267.85,1395
2026-09-21 11:52:00,267.85,267.95,267.80,267.80,4470
2026-09-21 11:53:00,267.85,267.85,267.85,267.85,430
2026-09-21 11:54:00,267.85,267.90,267.80,267.90,3091
2026-09-21 11:55:00,267.95,267.95,267.90,267.95,1828
2026-09-21 11:56:00,267.95,267.95,267.90,267.95,2348
2026-09-21 11:57:00,267.95,267.95,267.90,267.90,10361
2026-09-21 11:58:00,267.95,267.95,267.90,267.95,14872
2026-09-21 11:59:00,267.95,267.95,267.65,267.75,11010
2026-09-21 12:00:00,267.75,267.75,267.70,267.70,1491
2026-09-21 12:01:00,267.75,267.75,267.70,267.70,612
2026-09-21 12:02:00,267.70,267.75,267.70,267.70,4357
2026-09-21 12:03:00,267.75,267.75,267.50,267.55,21165
2026-09-21 12:04:00,267.50,267.60,267.50,267.60,12073
2026-09-21 12:05:00,267.60,267.60,267.40,267.40,10458
2026-09-21 12:06:00,267.50,267.55,267.40,267.50,6545
2026-09-21 12:07:00,267.40,267.50,267.40,267.45,11292
2026-09-21 12:08:00,267.50,267.85,267.50,267.85,20274
2026-09-21 12:09:00,267.85,267.85,267.75,267.75,3031
2026-09-21 12:10:00,267.85,267.85,267.75,267.85,2073
2026-09-21 12:11:00,267.85,267.85,267.75,267.85,953
2026-09-21 12:12:00,267.85,267.85,267.70,267.85,18692
2026-09-21 12:13:00,267.75,267.85,267.75,267.80,3528
2026-09-21 12:14:00,267.80,267.80,267.70,267.80,3112
2026-09-21 12:15:00,267.80,267.80,267.70,267.80,2389
2026-09-21 12:16:00,267.70,267.80,267.70,267.80,2636
2026-09-21 12:17:00,267.75,267.85,267.75,267.80,1018
2026-09-21 12:18:00,267.80,267.80,267.75,267.80,4396
2026-09-21 12:19:00,267.80,267.80,267.75,267.80,887
2026-09-21 12:20:00,267.80,267.80,267.75,267.75,567
2026-09-21 12:21:00,267.80,267.95,267.75,267.95,9351
2026-09-21 12:22:00,267.95,268.00,267.90,267.95,6080
2026-09-21 12:23:00,267.90,267.95,267.90,267.95,7191
2026-09-21 12:24:00,267.95,267.95,267.90,267.90,15651
2026-09-21 12:25:00,267.95,267.95,267.90,267.90,8567
2026-09-21 12:26:00,267.95,267.95,267.85,267.90,13383
2026-09-21 12:27:00,267.90,267.90,267.75,267.85,6035
2026-09-21 12:28:00,267.85,267.85,267.75,267.85,2758
2026-09-21 12:29:00,267.75,267.85,267.75,267.80,2681
2026-09-21 12:30:00,267.85,267.95,267.75,267.80,10341
2026-09-21 12:31:00,267.80,267.85,267.70,267.85,3145
2026-09-21 12:32:00,267.80,267.85,267.80,267.85,4204
2026-09-21 12:33:00,267.85,267.85,267.80,267.85,820
2026-09-21 12:34:00,267.85,267.85,267.80,267.85,761
2026-09-21 12:35:00,267.85,267.85,267.80,267.80,8983
2026-09-21 12:36:00,267.80,267.85,267.80,267.85,4055
2026-09-21 12:37:00,267.80,267.95,267.80,267.90,47727
2026-09-21 12:38:00,267.90,268.05,267.80,267.95,73376
2026-09-21 12:39:00,268.00,268.00,267.80,267.90,61030
2026-09-21 12:40:00,267.80,268.05,267.80,268.05,19649
2026-09-21 12:41:00,268.05,268.05,267.90,268.05,47060
2026-09-21 12:42:00,268.00,268.05,267.95,268.00,22673
2026-09-21 12:43:00,268.05,268.05,267.85,267.85,53906
2026-09-21 12:44:00,267.75,267.95,267.75,267.95,27754
2026-09-21 12:45:00,268.00,268.05,267.90,268.05,7767
2026-09-21 12:46:00,268.05,268.10,268.00,268.10,9737
2026-09-21 12:47:00,268.10,268.10,267.85,267.95,27972
2026-09-21 12:48:00,268.00,268.05,267.85,267.90,10102
2026-09-21 12:49:00,268.00,268.00,267.85,268.00,10262
2026-09-21 12:50:00,267.90,268.00,267.85,267.90,6891
2026-09-21 12:51:00,267.90,268.00,267.85,267.85,12789
2026-09-21 12:52:00,267.95,268.00,267.85,267.95,645
2026-09-21 12:53:00,267.95,267.95,267.80,267.80,7751
2026-09-21 12:54:00,267.95,267.95,267.80,267.95,1930
2026-09-21 12:55:00,267.90,267.95,267.80,267.85,568
2026-09-21 12:56:00,268.00,268.00,267.85,267.95,10638
2026-09-21 12:57:00,268.00,268.10,267.85,268.10,24176
2026-09-21 12:58:00,268.10,268.10,267.85,268.05,109109
2026-09-21 12:59:00,268.00,268.25,267.85,268.20,306632
2026-09-21 13:00:00,268.10,268.15,268.00,268.15,10324
2026-09-21 13:01:00,268.20,268.30,268.05,268.20,10333
2026-09-21 13:02:00,268.20,268.25,268.15,268.15,3836
2026-09-21 13:03:00,268.20,268.20,268.00,268.15,11970
2026-09-21 13:04:00,268.15,268.15,268.00,268.10,3841
2026-09-21 13:05:00,268.10,268.10,268.00,268.00,5701
2026-09-21 13:06:00,268.05,268.10,268.00,268.10,5382
2026-09-21 13:07:00,268.05,268.15,268.05,268.10,2980
2026-09-21 13:08:00,268.15,268.15,268.10,268.10,5406
2026-09-21 13:09:00,268.15,268.40,268.10,268.40,42424
2026-09-21 13:10:00,268.45,268.50,268.20,268.25,190884
2026-09-21 13:11:00,268.30,268.45,268.25,268.30,19220
2026-09-21 13:12:00,268.40,268.40,268.25,268.25,3738
2026-09-21 13:13:00,268.30,268.40,268.25,268.35,5368
2026-09-21 13:14:00,268.35,268.40,268.30,268.40,495
2026-09-21 13:15:00,268.35,268.40,268.35,268.40,7250
2026-09-21 13:16:00,268.40,269.05,268.30,268.60,247647
2026-09-21 13:17:00,268.65,268.95,268.55,268.85,181316
2026-09-21 13:18:00,268.85,268.85,268.55,268.70,28113
2026-09-21 13:19:00,268.80,268.95,268.70,268.70,20942
2026-09-21 13:20:00,268.60,268.70,268.60,268.65,3176
2026-09-21 13:21:00,268.60,268.60,268.50,268.60,12321
2026-09-21 13:22:00,268.60,268.60,268.50,268.55,6814
2026-09-21 13:23:00,268.50,268.55,268.45,268.50,16534
2026-09-21 13:24:00,268.55,268.55,268.50,268.50,9418
2026-09-21 13:25:00,268.50,268.90,268.45,268.65,255512
2026-09-21 13:26:00,268.60,268.60,268.30,268.35,18057
2026-09-21 13:27:00,268.45,268.45,268.30,268.40,3846
2026-09-21 13:28:00,268.45,268.45,268.40,268.40,1224
2026-09-21 13:29:00,268.45,268.45,268.30,268.35,15167
2026-09-21 13:30:00,268.40,268.40,268.30,268.30,4539
2026-09-21 13:31:00,268.40,268.45,268.25,268.35,5300
2026-09-21 13:32:00,268.40,268.40,268.30,268.35,7575
2026-09-21 13:33:00,268.40,268.45,268.30,268.35,7923
2026-09-21 13:34:00,268.30,268.55,268.30,268.50,21271
2026-09-21 13:35:00,268.50,268.50,268.25,268.30,9257
2026-09-21 13:36:00,268.40,268.40,268.25,268.30,2803
2026-09-21 13:37:00,268.30,268.40,268.25,268.35,1419
2026-09-21 13:38:00,268.40,268.40,268.30,268.35,4560
2026-09-21 13:39:00,268.35,268.35,268.20,268.25,3976
2026-09-21 13:40:00,268.25,268.25,268.20,268.20,852
2026-09-21 13:41:00,268.20,268.25,268.20,268.20,3051
2026-09-21 13:42:00,268.25,268.25,268.20,268.25,7509
2026-09-21 13:43:00,268.20,268.25,268.20,268.20,575
2026-09-21 13:44:00,268.25,268.25,268.05,268.05,12376
2026-09-21 13:45:00,268.10,268.20,268.05,268.10,3929
2026-09-21 13:46:00,268.15,268.20,268.10,268.20,735
2026-09-21 13:47:00,268.20,268.20,268.15,268.15,1951
2026-09-21 13:48:00,268.20,268.25,268.20,268.25,731
2026-09-21 13:49:00,268.25,268.25,268.20,268.20,860
2026-09-21 13:50:00,268.25,268.25,268.20,268.20,2715
2026-09-21 13:51:00,268.25,268.25,268.20,268.25,2728
2026-09-21 13:52:00,268.25,268.25,268.20,268.25,2342
2026-09-21 13:53:00,268.25,268.25,268.20,268.20,1429
2026-09-21 13:54:00,268.25,268.30,268.20,268.30,592
2026-09-21 13:55:00,268.30,268.30,268.25,268.30,7703
2026-09-21 13:56:00,268.30,268.35,268.25,268.35,3119
2026-09-21 13:57:00,268.35,268.35,268.25,268.25,7755
2026-09-21 13:58:00,268.30,268.35,268.25,268.30,14318
2026-09-21 13:59:00,268.30,268.55,268.25,268.50,30972
2026-09-21 14:00:00,268.50,268.50,268.30,268.45,7281
2026-09-21 14:01:00,268.45,268.45,268.40,268.45,1053
2026-09-21 14:02:00,268.45,268.45,268.25,268.35,5571
2026-09-21 14:03:00,268.25,268.40,268.25,268.40,1863
2026-09-21 14:04:00,268.40,268.40,268.30,268.35,1769
2026-09-21 14:05:00,268.35,268.40,268.25,268.35,7459
2026-09-21 14:06:00,268.35,268.35,268.25,268.35,5623
2026-09-21 14:07:00,268.35,268.35,268.25,268.35,1575
2026-09-21 14:08:00,268.25,268.35,268.20,268.35,6954
2026-09-21 14:09:00,268.35,268.35,268.25,268.35,5416
2026-09-21 14:10:00,268.20,268.35,268.20,268.35,3598
2026-09-21 14:11:00,268.35,268.35,268.30,268.30,5950
2026-09-21 14:12:00,268.30,268.30,268.25,268.30,1908
2026-09-21 14:13:00,268.30,268.30,268.25,268.30,958
2026-09-21 14:14:00,268.30,268.40,268.25,268.40,7971
2026-09-21 14:15:00,268.35,268.35,268.30,268.35,2264
2026-09-21 14:16:00,268.30,268.40,268.30,268.35,3957
2026-09-21 14:17:00,268.35,268.35,268.25,268.35,11120
2026-09-21 14:18:00,268.35,268.35,268.30,268.30,1269
2026-09-21 14:19:00,268.35,268.35,268.25,268.30,397307
2026-09-21 14:20:00,268.45,268.45,268.30,268.45,29991
2026-09-21 14:21:00,268.45,268.45,268.35,268.35,2962
2026-09-21 14:22:00,268.40,268.45,268.30,268.35,5562
2026-09-21 14:23:00,268.35,268.40,268.30,268.40,960
2026-09-21 14:24:00,268.45,268.50,268.30,268.45,9625
2026-09-21 14:25:00,268.45,268.55,268.40,268.40,13008
2026-09-21 14:26:00,268.50,268.50,268.25,268.30,5740
2026-09-21 14:27:00,268.30,268.40,268.25,268.25,3509
2026-09-21 14:28:00,268.30,268.35,268.20,268.20,2957
2026-09-21 14:29:00,268.25,268.25,268.00,268.10,12781
2026-09-21 14:30:00,268.10,268.10,268.00,268.10,642
2026-09-21 14:31:00,268.10,268.15,268.05,268.15,23960
2026-09-21 14:32:00,268.10,268.10,267.90,268.05,10036
2026-09-21 14:33:00,268.00,268.15,268.00,268.15,5516
2026-09-21 14:34:00,268.15,268.15,268.10,268.10,4057
2026-09-21 14:35:00,268.15,268.15,267.95,268.05,36599
2026-09-21 14:36:00,267.95,268.05,267.95,268.00,4747
2026-09-21 14:37:00,268.05,268.05,268.00,268.05,556
2026-09-21 14:38:00,268.05,268.10,268.05,268.10,3845
2026-09-21 14:39:00,268.10,268.15,268.10,268.10,2979
2026-09-21 14:40:00,268.15,268.20,268.15,268.15,5413
2026-09-21 14:41:00,268.15,268.20,268.00,268.10,19953
2026-09-21 14:42:00,268.15,268.15,268.10,268.10,1626
2026-09-21 14:43:00,268.15,268.20,268.10,268.15,717
2026-09-21 14:44:00,268.20,268.20,268.00,268.00,14769
2026-09-21 14:45:00,268.10,268.10,268.00,268.05,1476
2026-09-21 14:46:00,268.05,268.05,268.00,268.00,4793
2026-09-21 14:47:00,268.05,268.05,268.00,268.00,5273
2026-09-21 14:48:00,268.05,268.10,268.00,268.10,2360
2026-09-21 14:49:00,268.05,268.10,268.05,268.05,4332
2026-09-21 14:50:00,268.10,268.15,268.05,268.10,22729
2026-09-21 14:51:00,268.10,268.30,268.00,268.10,38054
2026-09-21 14:52:00,268.15,268.15,268.00,268.05,13130
2026-09-21 14:53:00,268.05,268.05,267.95,268.00,12666
2026-09-21 14:54:00,268.05,268.15,268.00,268.00,272652
2026-09-21 14:55:00,268.05,268.10,267.85,267.95,41459
2026-09-21 14:56:00,268.00,268.05,267.90,268.05,22301
2026-09-21 14:57:00,268.00,268.05,267.95,267.95,36414
2026-09-21 14:58:00,267.95,268.05,267.95,267.95,34250
2026-09-21 14:59:00,268.00,268.10,267.75,267.80,84089
2026-09-21 15:00:00,267.85,267.90,267.80,267.80,23725
2026-09-21 15:01:00,267.80,267.85,267.60,267.65,56591
2026-09-21 15:02:00,267.65,267.70,267.55,267.55,23990
2026-09-21 15:03:00,267.55,267.60,267.45,267.45,45169
2026-09-21 15:04:00,267.45,267.50,267.45,267.45,6681
2026-09-21 15:05:00,267.60,267.60,267.30,267.40,97011
2026-09-21 15:06:00,267.40,267.40,267.25,267.30,40664
2026-09-21 15:07:00,267.30,267.45,267.25,267.45,24645
2026-09-21 15:08:00,267.45,267.45,267.35,267.40,55998
2026-09-21 15:09:00,267.40,267.45,267.35,267.35,42363
2026-09-21 15:10:00,267.45,267.50,267.15,267.30,147713
2026-09-21 15:11:00,267.45,267.55,267.35,267.35,62791
2026-09-21 15:12:00,267.40,267.55,267.15,267.20,120587
2026-09-21 15:13:00,267.20,267.35,267.20,267.30,42616
2026-09-21 15:14:00,267.30,267.30,267.00,267.25,29369
2026-09-21 15:15:00,267.00,267.00,267.00,267.00,194
2026-09-21 15:16:00,267.00,267.00,267.00,267.00,0
2026-09-21 15:17:00,267.00,267.00,267.00,267.00,0
2026-09-21 15:18:00,267.00,267.00,267.00,267.00,0
2026-09-21 15:19:00,267.00,267.00,267.00,267.00,0
2026-09-21 15:20:00,267.00,267.00,267.00,267.00,0
2026-09-21 15:21:00,267.00,267.00,267.00,267.00,0
2026-09-21 15:22:00,267.00,267.00,267.00,267.00,0
2026-09-21 15:23:00,267.00,267.00,267.00,267.00,0
2026-09-21 15:24:00,267.00,267.00,267.00,267.00,0
2026-09-21 15:25:00,267.00,267.00,267.00,267.00,0
2026-09-21 15:26:00,267.00,267.00,267.00,267.00,0
2026-09-21 15:27:00,267.00,267.00,267.00,267.00,0
2026-09-21 15:28:00,267.00,267.00,266.10,266.10,328263
2026-09-21 15:29:00,266.10,266.10,266.10,266.10,0
2026-09-22 09:15:00,267.00,268.30,267.00,267.20,59605
2026-09-22 09:16:00,267.30,267.70,267.30,267.50,31190
2026-09-22 09:17:00,267.45,267.85,267.45,267.85,13348
2026-09-22 09:18:00,267.80,268.00,267.80,267.85,20230
2026-09-22 09:19:00,267.95,267.95,267.50,267.65,21980
2026-09-22 09:20:00,267.65,267.70,267.40,267.40,7667
2026-09-22 09:21:00,267.50,267.70,267.45,267.60,22055
2026-09-22 09:22:00,267.60,267.60,267.25,267.25,17055
2026-09-22 09:23:00,267.25,267.35,267.25,267.35,3673
2026-09-22 09:24:00,267.35,267.40,267.30,267.40,6389
2026-09-22 09:25:00,267.40,267.40,267.35,267.40,3063
2026-09-22 09:26:00,267.45,267.55,267.40,267.55,5986
2026-09-22 09:27:00,267.50,267.55,267.50,267.55,3486
2026-09-22 09:28:00,267.55,267.55,267.50,267.50,2703
2026-09-22 09:29:00,267.55,267.75,267.50,267.75,5875
2026-09-22 09:30:00,267.75,268.05,267.75,267.95,15926
2026-09-22 09:31:00,267.95,267.95,267.85,267.95,12640
2026-09-22 09:32:00,267.90,267.90,267.65,267.70,6611
2026-09-22 09:33:00,267.70,267.70,267.50,267.55,4858
2026-09-22 09:34:00,267.55,267.55,267.40,267.50,7241
2026-09-22 09:35:00,267.50,267.50,267.45,267.50,3949
2026-09-22 09:36:00,267.50,267.50,267.20,267.20,5491
2026-09-22 09:37:00,267.20,267.40,267.20,267.35,6448
2026-09-22 09:38:00,267.40,267.40,267.25,267.30,4686
2026-09-22 09:39:00,267.25,267.30,267.20,267.25,6956
2026-09-22 09:40:00,267.25,267.35,266.75,266.80,40176
2026-09-22 09:41:00,266.75,266.80,266.65,266.70,7921
2026-09-22 09:42:00,266.70,266.75,266.55,266.65,6532
2026-09-22 09:43:00,266.60,266.65,266.45,266.55,7272
2026-09-22 09:44:00,266.55,266.60,266.50,266.60,14615
2026-09-22 09:45:00,266.65,266.70,266.60,266.70,3158
2026-09-22 09:46:00,266.70,266.75,266.65,266.75,2254
2026-09-22 09:47:00,266.75,266.75,266.60,266.65,12860
2026-09-22 09:48:00,266.65,266.65,266.60,266.65,1146
2026-09-22 09:49:00,266.65,266.70,266.60,266.65,6474
2026-09-22 09:50:00,266.65,266.75,266.65,266.75,11621
2026-09-22 09:51:00,266.70,266.70,266.55,266.65,10449
2026-09-22 09:52:00,266.65,266.65,266.50,266.55,7090
2026-09-22 09:53:00,266.50,266.55,266.45,266.50,7593
2026-09-22 09:54:00,266.55,266.55,266.30,266.30,13190
2026-09-22 09:55:00,266.30,266.35,266.15,266.25,8887
2026-09-22 09:56:00,266.20,266.25,266.20,266.25,5680
2026-09-22 09:57:00,266.25,266.25,266.20,266.25,833
2026-09-22 09:58:00,266.20,266.25,266.10,266.20,14037
2026-09-22 09:59:00,266.25,266.30,266.25,266.25,25161
2026-09-22 10:00:00,266.30,266.40,266.25,266.40,8599
2026-09-22 10:01:00,266.35,266.40,266.35,266.35,3037
2026-09-22 10:02:00,266.40,266.40,266.35,266.40,2253
2026-09-22 10:03:00,266.35,266.40,266.35,266.40,1554
2026-09-22 10:04:00,266.35,266.50,266.35,266.50,8471
2026-09-22 10:05:00,266.50,266.50,266.45,266.45,5174
2026-09-22 10:06:00,266.45,266.45,266.35,266.45,5267
2026-09-22 10:07:00,266.35,266.45,266.35,266.45,1272
2026-09-22 10:08:00,266.45,266.50,266.30,266.40,10580
2026-09-22 10:09:00,266.30,266.40,266.30,266.40,3388
2026-09-22 10:10:00,266.30,266.35,266.30,266.30,1881
2026-09-22 10:11:00,266.25,266.30,266.25,266.25,12771
2026-09-22 10:12:00,266.25,266.30,266.20,266.25,13546
2026-09-22 10:13:00,266.25,266.25,266.20,266.25,6888
2026-09-22 10:14:00,266.25,266.25,266.20,266.25,3840
2026-09-22 10:15:00,266.25,266.25,266.10,266.20,6650
2026-09-22 10:16:00,266.15,266.20,266.10,266.10,3554
2026-09-22 10:17:00,266.15,266.15,266.10,266.15,4292
2026-09-22 10:18:00,266.10,266.15,266.10,266.15,5695
2026-09-22 10:19:00,266.15,266.15,266.10,266.10,3228
2026-09-22 10:20:00,266.10,266.25,266.10,266.25,17260
2026-09-22 10:21:00,266.15,266.15,266.05,266.05,14822
2026-09-22 10:22:00,266.05,266.10,266.05,266.10,2638
2026-09-22 10:23:00,266.10,266.25,266.05,266.20,27431
2026-09-22 10:24:00,266.20,266.30,266.20,266.30,11329
2026-09-22 10:25:00,266.30,266.30,266.10,266.10,5277
2026-09-22 10:26:00,266.10,266.20,266.10,266.15,2865
2026-09-22 10:27:00,266.20,266.20,266.15,266.20,1524
2026-09-22 10:28:00,266.15,266.25,266.15,266.20,2892
2026-09-22 10:29:00,266.20,266.30,266.20,266.20,5999
2026-09-22 10:30:00,266.20,266.25,266.10,266.10,7334
2026-09-22 10:31:00,266.15,266.15,266.00,266.05,24887
2026-09-22 10:32:00,266.00,266.10,266.00,266.10,6082
2026-09-22 10:33:00,266.05,266.10,266.05,266.05,8477
2026-09-22 10:34:00,266.00,266.20,266.00,266.15,19905
2026-09-22 10:35:00,266.15,266.20,266.10,266.15,9802
2026-09-22 10:36:00,266.10,266.15,266.10,266.10,1203
2026-09-22 10:37:00,266.10,266.65,266.10,266.50,176308
2026-09-22 10:38:00,266.50,266.60,266.40,266.40,3131
2026-09-22 10:39:00,266.40,266.50,266.40,266.40,1776
2026-09-22 10:40:00,266.40,266.45,266.35,266.35,1632
2026-09-22 10:41:00,266.35,267.00,266.35,266.85,126037
2026-09-22 10:42:00,266.80,266.90,266.60,266.85,15922
2026-09-22 10:43:00,266.85,266.90,266.75,266.80,13670
2026-09-22 10:44:00,266.80,266.80,266.65,266.65,4566
2026-09-22 10:45:00,266.65,266.70,266.50,266.50,6963
2026-09-22 10:46:00,266.55,266.55,266.50,266.55,3632
2026-09-22 10:47:00,266.50,266.55,266.30,266.50,13939
2026-09-22 10:48:00,266.50,266.50,266.40,266.45,4510
2026-09-22 10:49:00,266.45,266.50,266.45,266.45,17175
2026-09-22 10:50:00,266.50,266.55,266.40,266.45,4768
2026-09-22 10:51:00,266.40,266.45,266.35,266.45,2718
2026-09-22 10:52:00,266.40,266.50,266.40,266.45,1463
2026-09-22 10:53:00,266.45,266.50,266.45,266.45,2334
2026-09-22 10:54:00,266.45,266.55,266.35,266.50,15153
2026-09-22 10:55:00,266.55,266.60,266.55,266.60,5363
2026-09-22 10:56:00,266.60,266.65,266.50,266.55,3770
2026-09-22 10:57:00,266.50,266.60,266.50,266.50,1945
2026-09-22 10:58:00,266.50,266.55,266.45,266.45,7118
2026-09-22 10:59:00,266.45,266.50,266.45,266.50,1930
2026-09-22 11:00:00,266.45,266.50,266.35,266.40,7799
2026-09-22 11:01:00,266.35,266.40,266.10,266.30,21852
2026-09-22 11:02:00,266.30,266.40,266.20,266.20,3241
2026-09-22 11:03:00,266.20,266.35,266.20,266.30,1955
2026-09-22 11:04:00,266.25,266.35,266.25,266.30,2230
2026-09-22 11:05:00,266.20,266.30,266.15,266.20,4034
2026-09-22 11:06:00,266.20,266.25,266.10,266.15,6191
2026-09-22 11:07:00,266.15,266.25,266.15,266.20,8461
2026-09-22 11:08:00,266.25,266.30,266.20,266.30,6460
2026-09-22 11:09:00,266.25,266.30,266.10,266.10,7331
2026-09-22 11:10:00,266.15,266.20,266.10,266.10,7737
2026-09-22 11:11:00,266.10,266.20,266.10,266.15,1362
2026-09-22 11:12:00,266.15,266.20,266.15,266.20,1570
2026-09-22 11:13:00,266.15,266.35,266.15,266.35,21469
2026-09-22 11:14:00,266.40,266.45,266.30,266.40,9499
2026-09-22 11:15:00,266.40,266.45,266.40,266.45,2241
2026-09-22 11:16:00,266.45,266.85,266.40,266.75,245455
2026-09-22 11:17:00,266.75,266.80,266.70,266.75,1517
2026-09-22 11:18:00,266.70,266.80,266.70,266.70,3505
2026-09-22 11:19:00,266.75,266.75,266.65,266.65,1833
2026-09-22 11:20:00,266.90,267.00,266.75,267.00,48167
2026-09-22 11:21:00,266.90,267.00,266.90,267.00,4091
2026-09-22 11:22:00,267.00,267.05,266.95,267.00,6745
2026-09-22 11:23:00,267.00,267.10,266.95,267.05,9765
2026-09-22 11:24:00,267.05,267.10,267.00,267.05,3629
2026-09-22 11:25:00,267.00,267.05,267.00,267.00,2352
2026-09-22 11:26:00,267.00,267.00,266.85,266.85,7224
2026-09-22 11:27:00,266.85,267.10,266.75,267.10,38030
2026-09-22 11:28:00,267.05,267.10,267.00,267.05,5725
2026-09-22 11:29:00,267.00,267.10,267.00,267.10,4164
2026-09-22 11:30:00,267.05,267.10,266.80,267.00,9354
2026-09-22 11:31:00,266.90,266.95,266.90,266.90,4558
2026-09-22 11:32:00,266.90,266.95,266.90,266.95,3662
2026-09-22 11:33:00,266.90,266.95,266.85,266.90,10217
2026-09-22 11:34:00,266.85,266.95,266.85,266.95,6580
2026-09-22 11:35:00,266.85,267.10,266.75,266.90,77248
2026-09-22 11:36:00,266.85,266.95,266.85,266.95,8729
2026-09-22 11:37:00,266.90,266.95,266.85,266.95,4952
2026-09-22 11:38:00,266.90,267.00,266.85,267.00,7012
2026-09-22 11:39:00,266.90,267.05,266.90,266.95,11923
2026-09-22 11:40:00,266.95,267.05,266.90,266.90,9660
2026-09-22 11:41:00,266.90,267.00,266.90,267.00,4673
2026-09-22 11:42:00,266.95,267.00,266.85,266.95,36732
2026-09-22 11:43:00,266.85,266.95,266.85,266.95,935
2026-09-22 11:44:00,266.90,266.95,266.90,266.95,1675
2026-09-22 11:45:00,266.90,266.95,266.90,266.90,2458
2026-09-22 11:46:00,266.90,267.25,266.90,267.20,34124
2026-09-22 11:47:00,267.15,267.25,267.15,267.20,1510
2026-09-22 11:48:00,267.15,267.25,267.15,267.25,4257
2026-09-22 11:49:00,267.20,267.25,267.15,267.25,6502
2026-09-22 11:50:00,267.20,267.25,267.10,267.15,1673
2026-09-22 11:51:00,267.10,267.15,267.05,267.10,3403
2026-09-22 11:52:00,267.05,267.15,267.05,267.10,6523
2026-09-22 11:53:00,267.05,267.10,267.00,267.00,4500
2026-09-22 11:54:00,267.10,267.10,267.00,267.10,5170
2026-09-22 11:55:00,267.10,267.10,267.00,267.05,8103
2026-09-22 11:56:00,267.05,267.10,266.85,267.00,46537
2026-09-22 11:57:00,267.00,267.10,267.00,267.05,61377
2026-09-22 11:58:00,267.00,267.10,267.00,267.10,3878
2026-09-22 11:59:00,267.00,267.15,267.00,267.15,10294
2026-09-22 12:00:00,267.10,267.15,267.10,267.15,3570
2026-09-22 12:01:00,267.10,267.15,267.10,267.15,4194
2026-09-22 12:02:00,267.10,267.15,267.05,267.15,5390
2026-09-22 12:03:00,267.10,267.15,267.10,267.10,2272
2026-09-22 12:04:00,267.10,267.15,267.10,267.15,2925
2026-09-22 12:05:00,267.10,267.15,267.10,267.15,3528
2026-09-22 12:06:00,267.10,267.15,267.00,267.15,24784
2026-09-22 12:07:00,267.10,267.20,267.10,267.20,1682
2026-09-22 12:08:00,267.20,267.25,267.15,267.25,8668
2026-09-22 12:09:00,267.20,267.40,267.20,267.40,19909
2026-09-22 12:10:00,267.40,267.45,267.40,267.45,8096
2026-09-22 12:11:00,267.40,267.45,267.40,267.45,1877
2026-09-22 12:12:00,267.40,267.50,267.40,267.50,4234
2026-09-22 12:13:00,267.45,267.50,267.40,267.40,5868
2026-09-22 12:14:00,267.25,267.45,267.25,267.40,4621
2026-09-22 12:15:00,267.40,267.45,267.20,267.30,11632
2026-09-22 12:16:00,267.25,267.45,267.20,267.25,126585
2026-09-22 12:17:00,267.25,267.30,267.25,267.30,1437
2026-09-22 12:18:00,267.25,267.30,267.10,267.20,3009
2026-09-22 12:19:00,267.15,267.30,267.15,267.30,5114
2026-09-22 12:20:00,267.25,267.35,267.25,267.25,8905
2026-09-22 12:21:00,267.25,267.30,267.25,267.30,2860
2026-09-22 12:22:00,267.25,267.35,267.25,267.30,1413
2026-09-22 12:23:00,267.25,267.30,267.20,267.30,2554
2026-09-22 12:24:00,267.20,267.60,267.20,267.35,141098
2026-09-22 12:25:00,267.50,267.60,267.50,267.60,35776
2026-09-22 12:26:00,267.55,267.70,267.55,267.60,4446
2026-09-22 12:27:00,267.60,267.80,267.50,267.60,241963
2026-09-22 12:28:00,267.70,267.85,267.50,267.70,200046
2026-09-22 12:29:00,267.70,267.75,267.70,267.75,7796
2026-09-22 12:30:00,267.70,267.75,267.60,267.70,9282
2026-09-22 12:31:00,267.70,267.70,267.60,267.65,8665
2026-09-22 12:32:00,267.60,267.65,267.60,267.60,2889
2026-09-22 12:33:00,267.65,268.00,267.55,268.00,55960
2026-09-22 12:34:00,267.85,268.10,267.80,268.10,103574
2026-09-22 12:35:00,268.10,268.10,268.00,268.10,109684
2026-09-22 12:36:00,268.00,268.10,268.00,268.05,80783
2026-09-22 12:37:00,268.00,268.05,268.00,268.05,96739
2026-09-22 12:38:00,268.00,268.00,267.80,267.90,106398
2026-09-22 12:39:00,267.80,268.00,267.80,267.95,13940
2026-09-22 12:40:00,267.95,268.05,267.95,268.00,5919
2026-09-22 12:41:00,268.00,268.05,268.00,268.05,12549
2026-09-22 12:42:00,268.05,268.05,268.00,268.05,19860
2026-09-22 12:43:00,268.05,268.05,268.00,268.05,2935
2026-09-22 12:44:00,268.00,268.05,268.00,268.00,37410
2026-09-22 12:45:00,268.05,268.05,268.00,268.05,21405
2026-09-22 12:46:00,268.00,268.05,268.00,268.00,2957
2026-09-22 12:47:00,268.00,268.05,268.00,268.00,8554
2026-09-22 12:48:00,268.00,268.05,268.00,268.05,12273
2026-09-22 12:49:00,268.00,268.05,267.85,268.00,140146
2026-09-22 12:50:00,267.90,268.05,267.80,268.00,54484
2026-09-22 12:51:00,268.00,268.05,267.90,268.05,20594
2026-09-22 12:52:00,268.00,268.05,268.00,268.05,24549
2026-09-22 12:53:00,268.00,268.05,267.95,267.95,7270
2026-09-22 12:54:00,267.95,268.05,267.75,267.80,61202
2026-09-22 12:55:00,267.75,267.75,267.50,267.60,14031
2026-09-22 12:56:00,267.55,267.65,267.50,267.60,5607
2026-09-22 12:57:00,267.60,267.65,267.55,267.65,4012
2026-09-22 12:58:00,267.60,267.65,267.60,267.60,1929
2026-09-22 12:59:00,267.60,267.65,267.60,267.65,4267
2026-09-22 13:00:00,267.60,267.65,267.40,267.45,5697
2026-09-22 13:01:00,267.40,267.65,267.35,267.55,23853
2026-09-22 13:02:00,267.60,267.65,267.50,267.65,4940
2026-09-22 13:03:00,267.55,267.65,267.50,267.60,3853
2026-09-22 13:04:00,267.55,267.60,267.50,267.60,2079
2026-09-22 13:05:00,267.50,267.65,267.50,267.65,3012
2026-09-22 13:06:00,267.65,267.65,267.55,267.65,2396
2026-09-22 13:07:00,267.60,267.65,267.60,267.60,1509
2026-09-22 13:08:00,267.60,267.65,267.60,267.65,2096
2026-09-22 13:09:00,267.60,267.65,267.60,267.65,2581
2026-09-22 13:10:00,267.65,267.65,267.60,267.60,3969
2026-09-22 13:11:00,267.60,267.65,267.60,267.65,1926
2026-09-22 13:12:00,267.60,267.65,267.50,267.60,5297
2026-09-22 13:13:00,267.55,267.60,267.25,267.40,12626
2026-09-22 13:14:00,267.30,267.40,267.05,267.25,20348
2026-09-22 13:15:00,267.15,267.25,267.05,267.15,10234
2026-09-22 13:16:00,267.05,267.25,267.00,267.20,32300
2026-09-22 13:17:00,267.10,267.25,267.10,267.20,2730
2026-09-22 13:18:00,267.15,267.20,267.00,267.05,9262
2026-09-22 13:19:00,267.00,267.05,266.90,267.00,8469
2026-09-22 13:20:00,266.90,267.00,266.75,266.85,9064
2026-09-22 13:21:00,266.75,267.00,266.75,267.00,40089
2026-09-22 13:22:00,266.95,267.00,266.90,266.95,5644
2026-09-22 13:23:00,266.85,266.95,266.85,266.90,7109
2026-09-22 13:24:00,266.85,266.90,266.80,266.90,9140
2026-09-22 13:25:00,266.80,266.90,266.75,266.80,9043
2026-09-22 13:26:00,266.80,266.80,266.70,266.80,6176
2026-09-22 13:27:00,266.70,266.80,266.65,266.75,14490
2026-09-22 13:28:00,266.65,266.80,266.65,266.80,19372
2026-09-22 13:29:00,266.80,266.80,266.70,266.80,5623
2026-09-22 13:30:00,266.70,266.80,266.65,266.75,9144
2026-09-22 13:31:00,266.65,266.75,266.65,266.65,9278
2026-09-22 13:32:00,266.75,266.75,266.55,266.75,17520
2026-09-22 13:33:00,266.65,266.75,266.60,266.75,3660
2026-09-22 13:34:00,266.75,266.75,266.65,266.75,6755
2026-09-22 13:35:00,266.75,266.75,266.60,266.75,4732
2026-09-22 13:36:00,266.65,267.20,266.60,267.20,53475
2026-09-22 13:37:00,267.20,267.20,267.05,267.20,8572
2026-09-22 13:38:00,267.05,267.30,267.05,267.15,13474
2026-09-22 13:39:00,267.05,267.15,267.05,267.10,2021
2026-09-22 13:40:00,267.10,267.10,266.95,267.10,5452
2026-09-22 13:41:00,267.00,267.10,266.95,267.05,7107
2026-09-22 13:42:00,266.95,267.35,266.95,267.30,24229
2026-09-22 13:43:00,267.25,267.30,267.25,267.30,4598
2026-09-22 13:44:00,267.30,267.30,267.25,267.30,2052
2026-09-22 13:45:00,267.30,267.30,267.00,267.10,9968
2026-09-22 13:46:00,267.00,267.15,267.00,267.15,5087
2026-09-22 13:47:00,267.05,267.20,267.05,267.20,9515
2026-09-22 13:48:00,267.15,267.20,267.15,267.20,4147
2026-09-22 13:49:00,267.10,267.10,267.00,267.05,3213
2026-09-22 13:50:00,267.00,267.05,266.95,267.05,4424
2026-09-22 13:51:00,267.00,267.05,266.80,266.90,8755
2026-09-22 13:52:00,266.90,266.90,266.80,266.80,2518
2026-09-22 13:53:00,266.90,266.95,266.85,266.85,7330
2026-09-22 13:54:00,266.80,267.00,266.80,267.00,17266
2026-09-22 13:55:00,266.95,267.15,266.95,267.10,12052
2026-09-22 13:56:00,267.05,267.20,267.05,267.20,5069
2026-09-22 13:57:00,267.20,267.20,267.10,267.15,2607
2026-09-22 13:58:00,267.15,267.15,267.10,267.10,3607
2026-09-22 13:59:00,267.20,267.20,267.10,267.10,7588
2026-09-22 14:00:00,267.05,267.15,266.75,266.85,15053
2026-09-22 14:01:00,266.75,266.95,266.75,266.80,10808
2026-09-22 14:02:00,266.85,267.05,266.85,267.05,20829
2026-09-22 14:03:00,266.95,267.05,266.80,266.85,16977
2026-09-22 14:04:00,266.80,266.95,266.75,266.95,7310
2026-09-22 14:05:00,266.95,267.00,266.75,266.75,7897
2026-09-22 14:06:00,266.75,266.80,266.65,266.80,16032
2026-09-22 14:07:00,266.75,266.80,266.75,266.80,2565
2026-09-22 14:08:00,266.70,266.80,266.70,266.80,2339
2026-09-22 14:09:00,266.80,266.90,266.70,266.85,13404
2026-09-22 14:10:00,266.85,266.85,266.65,266.75,8195
2026-09-22 14:11:00,266.70,266.80,266.60,266.80,14301
2026-09-22 14:12:00,266.80,266.90,266.65,266.90,12616
2026-09-22 14:13:00,266.85,266.90,266.80,266.90,1967
2026-09-22 14:14:00,266.90,267.20,266.75,267.20,17450
2026-09-22 14:15:00,267.25,267.45,267.15,267.15,12819
2026-09-22 14:16:00,267.10,267.15,266.95,267.05,5634
2026-09-22 14:17:00,267.05,267.20,266.95,267.05,9997
2026-09-22 14:18:00,267.05,267.20,267.00,267.10,1820
2026-09-22 14:19:00,267.00,267.20,267.00,267.20,4013
2026-09-22 14:20:00,267.10,267.20,267.10,267.20,1139
2026-09-22 14:21:00,267.15,267.35,267.15,267.35,13875
2026-09-22 14:22:00,267.25,267.35,267.25,267.35,3942
2026-09-22 14:23:00,267.30,267.35,267.25,267.30,1999
2026-09-22 14:24:00,267.15,267.25,266.90,267.05,7635
2026-09-22 14:25:00,267.05,267.15,267.00,267.15,19588
2026-09-22 14:26:00,267.15,267.15,267.10,267.15,3056
2026-09-22 14:27:00,267.10,267.15,266.95,267.05,3883
2026-09-22 14:28:00,267.00,267.05,266.80,266.90,3737
2026-09-22 14:29:00,266.85,266.95,266.85,266.95,8799
2026-09-22 14:30:00,266.85,266.95,266.85,266.95,3067
2026-09-22 14:31:00,266.85,267.00,266.80,266.90,14115
2026-09-22 14:32:00,266.90,267.05,266.90,267.05,12466
2026-09-22 14:33:00,267.05,267.05,266.80,267.00,17801
2026-09-22 14:34:00,266.90,267.15,266.90,267.15,69758
2026-09-22 14:35:00,267.15,267.20,267.10,267.20,8471
2026-09-22 14:36:00,267.15,267.20,267.15,267.20,12479
2026-09-22 14:37:00,267.10,267.20,267.05,267.15,8858
2026-09-22 14:38:00,267.15,267.15,266.85,267.00,23522
2026-09-22 14:39:00,266.90,267.00,266.75,266.95,21112
2026-09-22 14:40:00,266.85,267.10,266.80,267.10,31527
2026-09-22 14:41:00,267.05,267.05,266.75,266.90,20792
2026-09-22 14:42:00,266.90,266.90,266.70,266.80,3269
2026-09-22 14:43:00,266.80,266.80,266.65,266.75,8321
2026-09-22 14:44:00,266.75,266.75,266.65,266.70,10690
2026-09-22 14:45:00,266.65,266.75,266.65,266.70,21786
2026-09-22 14:46:00,266.75,266.85,266.70,266.85,18240
2026-09-22 14:47:00,266.85,266.85,266.75,266.85,2387
2026-09-22 14:48:00,266.85,266.85,266.75,266.80,3517
2026-09-22 14:49:00,266.85,266.85,266.75,266.80,11698
2026-09-22 14:50:00,266.75,266.85,266.70,266.80,13142
2026-09-22 14:51:00,266.85,266.85,266.70,266.80,13851
2026-09-22 14:52:00,266.80,267.50,266.75,267.45,319202
2026-09-22 14:53:00,267.45,267.75,267.40,267.50,211605
2026-09-22 14:54:00,267.60,267.65,267.50,267.55,21624
2026-09-22 14:55:00,267.50,267.55,267.25,267.25,35593
2026-09-22 14:56:00,267.30,267.30,267.10,267.25,44157
2026-09-22 14:57:00,267.20,267.30,267.15,267.25,18960
2026-09-22 14:58:00,267.20,267.25,267.05,267.25,32734
2026-09-22 14:59:00,267.25,267.25,267.05,267.05,25397
2026-09-22 15:00:00,267.15,267.15,266.80,266.80,41411
2026-09-22 15:01:00,266.80,266.80,266.70,266.70,42204
2026-09-22 15:02:00,266.75,266.75,266.70,266.70,8013
2026-09-22 15:03:00,266.75,266.75,266.70,266.70,41759
2026-09-22 15:04:00,266.70,266.85,266.70,266.80,39919
2026-09-22 15:05:00,266.80,266.90,266.80,266.85,27724
2026-09-22 15:06:00,266.55,266.60,266.50,266.60,53994
2026-09-22 15:07:00,266.55,266.60,266.50,266.55,20871
2026-09-22 15:08:00,266.60,266.60,266.50,266.55,47748
2026-09-22 15:09:00,266.50,266.90,266.45,266.70,79425
2026-09-22 15:10:00,266.75,266.80,266.55,266.70,73855
2026-09-22 15:11:00,266.65,266.70,266.65,266.65,25008
2026-09-22 15:12:00,266.65,266.65,266.50,266.60,87417
2026-09-22 15:13:00,266.65,266.80,266.65,266.70,42031
2026-09-22 15:14:00,266.65,266.80,266.40,266.40,34252
2026-09-22 15:15:00,266.40,266.40,266.40,266.40,0
2026-09-22 15:16:00,266.40,266.40,266.40,266.40,0
2026-09-22 15:17:00,266.40,266.40,266.40,266.40,0
2026-09-22 15:18:00,266.40,266.40,266.40,266.40,0
2026-09-22 15:19:00,266.40,266.40,266.40,266.40,0
2026-09-22 15:20:00,266.40,266.40,266.40,266.40,0
2026-09-22 15:21:00,266.40,266.40,266.40,266.40,0
2026-09-22 15:22:00,266.40,266.40,266.40,266.40,0
2026-09-22 15:23:00,266.40,266.40,266.40,266.40,0
2026-09-22 15:24:00,266.40,266.40,266.40,266.40,0
2026-09-22 15:25:00,266.40,266.40,266.40,266.40,0
2026-09-22 15:26:00,266.40,266.40,266.40,266.40,0
2026-09-22 15:27:00,266.40,266.40,266.40,266.40,0
2026-09-22 15:28:00,266.40,266.40,265.95,265.95,658015
2026-09-22 15:29:00,265.95,265.95,265.95,265.95,0
2026-09-23 09:15:00,265.95,266.90,265.95,266.80,54277
2026-09-23 09:16:00,266.65,267.10,266.65,267.05,37076
2026-09-23 09:17:00,267.05,267.10,266.95,267.00,10479
2026-09-23 09:18:00,267.05,267.15,266.45,266.45,51608
2026-09-23 09:19:00,266.45,266.60,266.35,266.55,35978
2026-09-23 09:20:00,266.55,266.90,266.55,266.80,12385
2026-09-23 09:21:00,266.85,266.85,266.75,266.75,8754
2026-09-23 09:22:00,266.80,266.80,266.60,266.60,7352
2026-09-23 09:23:00,266.65,266.65,266.60,266.60,2645
2026-09-23 09:24:00,266.60,266.60,266.55,266.55,6240
2026-09-23 09:25:00,266.55,266.60,266.40,266.40,37763
2026-09-23 09:26:00,266.50,266.65,266.45,266.65,14161
2026-09-23 09:27:00,266.70,266.70,266.65,266.70,1176
2026-09-23 09:28:00,266.70,266.85,266.70,266.80,10781
2026-09-23 09:29:00,266.80,266.85,266.80,266.85,2924
2026-09-23 09:30:00,266.85,267.10,266.80,267.10,58253
2026-09-23 09:31:00,267.15,267.25,267.10,267.25,20655
2026-09-23 09:32:00,267.20,267.30,267.05,267.25,10157
2026-09-23 09:33:00,267.25,267.30,267.25,267.25,3823
2026-09-23 09:34:00,267.25,267.30,267.15,267.15,4148
2026-09-23 09:35:00,267.15,267.15,267.05,267.10,12245
2026-09-23 09:36:00,267.15,267.15,267.00,267.10,2983
2026-09-23 09:37:00,267.05,267.15,267.05,267.10,5050
2026-09-23 09:38:00,267.15,267.15,267.10,267.10,7380
2026-09-23 09:39:00,267.15,267.20,267.10,267.20,4786
2026-09-23 09:40:00,267.20,267.20,267.10,267.10,3390
2026-09-23 09:41:00,267.10,267.15,267.05,267.10,5018
2026-09-23 09:42:00,267.05,267.10,267.05,267.05,1104
2026-09-23 09:43:00,267.05,267.10,267.05,267.05,2524
2026-09-23 09:44:00,267.05,267.10,267.00,267.10,2295
2026-09-23 09:45:00,267.10,267.15,267.10,267.15,10594
2026-09-23 09:46:00,267.15,267.35,267.15,267.30,14827
2026-09-23 09:47:00,267.30,267.35,267.25,267.30,4201
2026-09-23 09:48:00,267.30,267.30,267.25,267.30,2773
2026-09-23 09:49:00,267.30,267.35,267.20,267.20,8869
2026-09-23 09:50:00,267.30,267.30,267.20,267.30,4773
2026-09-23 09:51:00,267.30,267.30,267.15,267.30,7815
2026-09-23 09:52:00,267.15,267.40,267.15,267.35,24918
2026-09-23 09:53:00,267.35,267.50,267.35,267.45,9053
2026-09-23 09:54:00,267.50,267.50,267.35,267.35,4162
2026-09-23 09:55:00,267.35,267.40,267.30,267.35,2009
2026-09-23 09:56:00,267.35,267.40,267.30,267.35,2004
2026-09-23 09:57:00,267.40,267.45,267.40,267.45,10410
2026-09-23 09:58:00,267.40,267.50,267.40,267.50,1756
2026-09-23 09:59:00,267.50,267.65,267.45,267.65,17363
2026-09-23 10:00:00,267.65,267.70,267.50,267.50,5218
2026-09-23 10:01:00,267.60,267.60,267.50,267.50,1805
2026-09-23 10:02:00,267.55,267.55,267.40,267.50,10316
2026-09-23 10:03:00,267.50,267.50,267.45,267.45,1694
2026-09-23 10:04:00,267.45,267.50,267.45,267.45,2578
2026-09-23 10:05:00,267.45,267.50,267.15,267.15,9512
2026-09-23 10:06:00,267.15,267.25,267.10,267.15,7967
2026-09-23 10:07:00,267.10,267.15,267.05,267.10,2960
2026-09-23 10:08:00,267.05,267.10,267.05,267.05,3371
2026-09-23 10:09:00,267.10,267.10,266.85,266.85,8032
2026-09-23 10:10:00,266.85,267.00,266.85,266.85,5517
2026-09-23 10:11:00,266.95,266.95,266.55,266.55,10277
2026-09-23 10:12:00,266.50,266.65,266.50,266.60,17620
2026-09-23 10:13:00,266.70,266.70,266.55,266.55,12079
2026-09-23 10:14:00,266.55,266.65,266.55,266.60,1934
2026-09-23 10:15:00,266.65,266.95,266.60,266.95,23922
2026-09-23 10:16:00,267.05,267.10,267.05,267.10,4726
2026-09-23 10:17:00,267.05,267.15,267.05,267.05,1263
2026-09-23 10:18:00,267.10,267.15,267.05,267.05,1144
2026-09-23 10:19:00,267.10,267.15,267.05,267.05,1619
2026-09-23 10:20:00,267.10,267.15,267.10,267.15,3353
2026-09-23 10:21:00,267.10,267.15,267.10,267.15,1897
2026-09-23 10:22:00,267.10,267.10,266.50,266.50,26956
2026-09-23 10:23:00,266.55,266.60,266.50,266.50,8692
2026-09-23 10:24:00,266.55,266.60,266.50,266.55,7484
2026-09-23 10:25:00,266.55,267.00,266.50,267.00,21302
2026-09-23 10:26:00,266.90,267.00,266.90,266.90,1543
2026-09-23 10:27:00,266.95,266.95,266.80,266.95,3046
2026-09-23 10:28:00,266.80,266.95,266.80,266.85,1701
2026-09-23 10:29:00,266.80,266.95,266.80,266.90,3298
2026-09-23 10:30:00,266.90,266.95,266.75,266.75,5201
2026-09-23 10:31:00,266.90,267.05,266.80,266.95,8894
2026-09-23 10:32:00,266.90,267.00,266.90,266.90,2250
2026-09-23 10:33:00,267.00,267.00,266.85,266.85,2540
2026-09-23 10:34:00,266.95,266.95,266.85,266.85,3933
2026-09-23 10:35:00,266.90,266.90,266.70,266.75,4742
2026-09-23 10:36:00,266.85,266.85,266.70,266.75,3939
2026-09-23 10:37:00,266.75,266.80,266.70,266.80,3097
2026-09-23 10:38:00,266.85,266.95,266.80,266.85,10054
2026-09-23 10:39:00,266.90,266.95,266.85,266.90,367
2026-09-23 10:40:00,266.90,266.95,266.85,266.90,1519
2026-09-23 10:41:00,266.90,266.95,266.85,266.95,3712
2026-09-23 10:42:00,266.95,267.00,266.90,266.90,5126
2026-09-23 10:43:00,266.95,267.00,266.90,267.00,3651
2026-09-23 10:44:00,266.95,267.00,266.90,267.00,4823
2026-09-23 10:45:00,266.95,267.00,266.90,266.95,4471
2026-09-23 10:46:00,267.00,267.20,266.95,267.20,10967
2026-09-23 10:47:00,267.20,267.25,267.20,267.25,4648
2026-09-23 10:48:00,267.20,267.25,267.15,267.20,3415
2026-09-23 10:49:00,267.20,267.20,266.80,266.80,27750
2026-09-23 10:50:00,266.85,266.95,266.85,266.95,975
2026-09-23 10:51:00,266.95,266.95,266.85,266.95,1378
2026-09-23 10:52:00,266.90,266.95,266.85,266.90,3934
2026-09-23 10:53:00,266.90,268.05,266.85,267.75,427753
2026-09-23 10:54:00,267.70,268.40,267.65,268.25,91896
2026-09-23 10:55:00,268.30,268.60,268.15,268.30,48157
2026-09-23 10:56:00,268.50,268.50,268.30,268.30,5445
2026-09-23 10:57:00,268.35,268.35,268.25,268.25,3799
2026-09-23 10:58:00,268.30,268.30,268.00,268.05,11970
2026-09-23 10:59:00,268.05,268.10,268.05,268.05,2251
2026-09-23 11:00:00,268.05,268.30,268.05,268.10,16024
2026-09-23 11:01:00,268.20,268.20,268.10,268.15,2513
2026-09-23 11:02:00,268.20,268.20,268.15,268.15,2437
2026-09-23 11:03:00,268.20,268.20,268.10,268.15,18408
2026-09-23 11:04:00,268.10,268.30,268.10,268.20,10378
2026-09-23 11:05:00,268.30,268.30,268.20,268.25,1552
2026-09-23 11:06:00,268.20,268.30,268.20,268.25,7609
2026-09-23 11:07:00,268.25,268.25,268.20,268.20,2100
2026-09-23 11:08:00,268.25,268.30,268.15,268.15,4623
2026-09-23 11:09:00,268.15,268.25,268.05,268.05,9629
2026-09-23 11:10:00,268.10,268.10,268.05,268.05,4375
2026-09-23 11:11:00,268.05,268.10,268.05,268.05,2346
2026-09-23 11:12:00,268.05,268.10,268.00,268.05,6403
2026-09-23 11:13:00,268.10,268.10,268.05,268.05,4069
2026-09-23 11:14:00,268.10,268.10,268.05,268.05,2231
2026-09-23 11:15:00,268.10,268.10,267.90,267.95,19170
2026-09-23 11:16:00,268.00,268.25,267.95,268.10,29747
2026-09-23 11:17:00,268.20,268.20,268.00,268.00,4423
2026-09-23 11:18:00,268.10,268.10,267.95,267.95,4929
2026-09-23 11:19:00,268.00,268.00,267.90,267.90,1605
2026-09-23 11:20:00,267.95,268.00,267.90,267.90,1256
2026-09-23 11:21:00,267.95,268.05,267.90,268.00,15644
2026-09-23 11:22:00,268.10,268.10,268.00,268.05,731
2026-09-23 11:23:00,268.10,268.10,268.05,268.05,1116
2026-09-23 11:24:00,268.05,268.10,268.00,268.05,6214
2026-09-23 11:25:00,268.05,268.05,268.00,268.00,2718
2026-09-23 11:26:00,268.05,268.05,268.00,268.00,1996
2026-09-23 11:27:00,268.05,268.05,267.85,267.90,21612
2026-09-23 11:28:00,268.00,268.20,268.00,268.10,16529
2026-09-23 11:29:00,268.15,268.25,268.15,268.15,8920
2026-09-23 11:30:00,268.15,268.70,268.15,268.70,44114
2026-09-23 11:31:00,268.55,269.00,268.45,268.75,207071
2026-09-23 11:32:00,268.75,269.20,268.70,269.05,52031
2026-09-23 11:33:00,269.05,269.10,268.95,269.05,7286
2026-09-23 11:34:00,269.05,269.05,268.85,268.90,5064
2026-09-23 11:35:00,268.85,268.90,268.75,268.80,7278
2026-09-23 11:36:00,268.80,268.80,268.75,268.75,2672
2026-09-23 11:37:00,268.80,268.80,268.65,268.70,7690
2026-09-23 11:38:00,268.70,268.75,268.65,268.70,7103
2026-09-23 11:39:00,268.70,268.70,268.65,268.65,3396
2026-09-23 11:40:00,268.65,268.70,268.60,268.70,8687
2026-09-23 11:41:00,268.70,268.75,268.65,268.70,14427
2026-09-23 11:42:00,268.75,268.80,268.75,268.75,1857
2026-09-23 11:43:00,268.80,268.80,268.70,268.75,3219
2026-09-23 11:44:00,268.80,268.85,268.70,268.85,7735
2026-09-23 11:45:00,268.85,269.30,268.85,269.20,42974
2026-09-23 11:46:00,269.25,269.25,269.00,269.10,9958
2026-09-23 11:47:00,269.10,269.10,268.95,269.00,5967
2026-09-23 11:48:00,268.95,269.00,268.80,268.80,8354
2026-09-23 11:49:00,268.85,268.90,268.80,268.90,3352
2026-09-23 11:50:00,268.90,268.90,268.75,268.85,3050
2026-09-23 11:51:00,268.85,268.85,268.75,268.80,3087
2026-09-23 11:52:00,268.75,268.85,268.70,268.80,19498
2026-09-23 11:53:00,268.80,268.85,268.75,268.80,11525
2026-09-23 11:54:00,268.85,269.60,268.80,269.50,141948
2026-09-23 11:55:00,269.60,269.85,269.45,269.55,114881
2026-09-23 11:56:00,269.55,269.55,269.45,269.50,7871
2026-09-23 11:57:00,269.50,269.50,269.40,269.50,12523
2026-09-23 11:58:00,269.45,269.55,269.45,269.50,7872
2026-09-23 11:59:00,269.55,269.55,269.45,269.50,5407
2026-09-23 12:00:00,269.50,270.05,269.45,269.70,255063
2026-09-23 12:01:00,269.85,270.05,269.75,270.05,81100
2026-09-23 12:02:00,270.05,270.10,270.00,270.05,8767
2026-09-23 12:03:00,270.05,270.10,270.00,270.10,14301
2026-09-23 12:04:00,270.10,270.10,270.00,270.00,17436
2026-09-23 12:05:00,270.05,270.10,270.00,270.05,17926
2026-09-23 12:06:00,270.10,270.10,270.00,270.05,8831
2026-09-23 12:07:00,270.00,270.10,270.00,270.05,10747
2026-09-23 12:08:00,270.10,270.10,270.00,270.00,7224
2026-09-23 12:09:00,270.05,270.05,270.00,270.05,24863
2026-09-23 12:10:00,270.00,270.10,270.00,270.10,21659
2026-09-23 12:11:00,270.05,270.40,270.05,270.35,31688
2026-09-23 12:12:00,270.40,270.50,270.35,270.40,18161
2026-09-23 12:13:00,270.45,270.45,270.30,270.35,8091
2026-09-23 12:14:00,270.40,270.40,270.30,270.30,1802
2026-09-23 12:15:00,270.40,270.40,270.25,270.30,3075
2026-09-23 12:16:00,270.30,270.35,270.20,270.30,19956
2026-09-23 12:17:00,270.35,270.40,270.20,270.20,6730
2026-09-23 12:18:00,270.35,270.35,270.30,270.35,3081
2026-09-23 12:19:00,270.35,270.35,270.20,270.20,6076
2026-09-23 12:20:00,270.25,270.25,270.20,270.25,7279
2026-09-23 12:21:00,270.20,270.35,270.20,270.30,10052
2026-09-23 12:22:00,270.35,270.35,270.25,270.30,10254
2026-09-23 12:23:00,270.30,270.30,270.20,270.20,6910
2026-09-23 12:24:00,270.25,270.25,270.20,270.20,11369
2026-09-23 12:25:00,270.25,270.30,270.20,270.25,13858
2026-09-23 12:26:00,270.30,270.30,270.25,270.30,5918
2026-09-23 12:27:00,270.30,270.35,270.25,270.25,10455
2026-09-23 12:28:00,270.30,270.30,270.25,270.25,3530
2026-09-23 12:29:00,270.20,270.30,270.20,270.25,53429
2026-09-23 12:30:00,270.20,270.30,270.20,270.25,9809
2026-09-23 12:31:00,270.30,270.30,270.20,270.25,8971
2026-09-23 12:32:00,270.30,270.30,270.20,270.25,8251
2026-09-23 12:33:00,270.25,270.25,270.20,270.20,2366
2026-09-23 12:34:00,270.25,270.25,270.20,270.20,1325
2026-09-23 12:35:00,270.25,270.35,270.20,270.35,19227
2026-09-23 12:36:00,270.30,270.50,270.30,270.45,19462
2026-09-23 12:37:00,270.50,270.50,270.40,270.40,2831
2026-09-23 12:38:00,270.45,270.45,270.40,270.45,7090
2026-09-23 12:39:00,270.40,270.55,270.40,270.55,19971
2026-09-23 12:40:00,270.55,270.60,270.50,270.55,6096
2026-09-23 12:41:00,270.60,270.60,270.50,270.60,5432
2026-09-23 12:42:00,270.60,270.60,270.50,270.60,9120
2026-09-23 12:43:00,270.60,270.60,270.55,270.60,5079
2026-09-23 12:44:00,270.60,270.60,270.50,270.60,13838
2026-09-23 12:45:00,270.55,270.60,270.50,270.60,4902
2026-09-23 12:46:00,270.60,270.60,270.50,270.60,4452
2026-09-23 12:47:00,270.60,270.60,270.50,270.60,6558
2026-09-23 12:48:00,270.50,270.60,270.40,270.45,11902
2026-09-23 12:49:00,270.50,270.85,270.45,270.55,60054
2026-09-23 12:50:00,270.55,270.60,270.45,270.55,10433
2026-09-23 12:51:00,270.45,270.55,270.45,270.55,5182
2026-09-23 12:52:00,270.50,270.55,270.45,270.50,7940
2026-09-23 12:53:00,270.50,270.65,270.45,270.65,10981
2026-09-23 12:54:00,270.65,270.65,270.55,270.55,4526
2026-09-23 12:55:00,270.65,270.65,270.55,270.65,2326
2026-09-23 12:56:00,270.65,270.65,270.40,270.40,18904
2026-09-23 12:57:00,270.30,270.50,270.30,270.50,33865
2026-09-23 12:58:00,270.50,270.55,270.40,270.50,14470
2026-09-23 12:59:00,270.50,270.55,270.45,270.55,933
2026-09-23 13:00:00,270.55,270.55,270.45,270.50,6279
2026-09-23 13:01:00,270.50,270.50,270.45,270.50,2424
2026-09-23 13:02:00,270.45,270.50,270.45,270.50,3608
2026-09-23 13:03:00,270.45,270.55,270.45,270.55,7575
2026-09-23 13:04:00,270.55,270.55,270.45,270.55,6189
2026-09-23 13:05:00,270.55,270.55,270.45,270.55,3208
2026-09-23 13:06:00,270.55,270.55,270.45,270.50,7276
2026-09-23 13:07:00,270.50,270.50,270.45,270.50,7073
2026-09-23 13:08:00,270.50,270.50,270.35,270.45,7652
2026-09-23 13:09:00,270.40,270.45,270.35,270.35,10192
2026-09-23 13:10:00,270.40,270.40,270.35,270.40,15009
2026-09-23 13:11:00,270.30,270.40,270.30,270.40,2509
2026-09-23 13:12:00,270.40,270.40,270.30,270.30,20326
2026-09-23 13:13:00,270.30,270.30,270.05,270.15,21118
2026-09-23 13:14:00,270.10,270.15,270.10,270.15,3937
2026-09-23 13:15:00,270.15,270.15,270.10,270.15,8982
2026-09-23 13:16:00,270.10,270.20,270.10,270.20,5296
2026-09-23 13:17:00,270.15,270.20,270.15,270.20,7877
2026-09-23 13:18:00,270.20,270.25,270.15,270.25,4338
2026-09-23 13:19:00,270.25,270.25,270.15,270.25,2774
2026-09-23 13:20:00,270.25,270.25,270.20,270.25,5566
2026-09-23 13:21:00,270.20,270.25,270.15,270.25,9087
2026-09-23 13:22:00,270.25,270.25,270.15,270.25,5531
2026-09-23 13:23:00,270.25,270.25,270.20,270.25,1187
2026-09-23 13:24:00,270.20,270.25,270.20,270.25,4045
2026-09-23 13:25:00,270.20,270.25,270.20,270.25,6806
2026-09-23 13:26:00,270.20,270.25,270.20,270.25,2158
2026-09-23 13:27:00,270.25,270.25,270.20,270.25,8476
2026-09-23 13:28:00,270.25,270.30,270.20,270.25,11798
2026-09-23 13:29:00,270.25,270.25,270.15,270.20,10998
2026-09-23 13:30:00,270.15,270.25,270.15,270.20,8762
2026-09-23 13:31:00,270.20,270.25,270.15,270.25,3193
2026-09-23 13:32:00,270.20,270.25,270.20,270.20,2067
2026-09-23 13:33:00,270.25,270.25,270.05,270.05,26293
2026-09-23 13:34:00,270.05,270.10,270.00,270.05,30062
2026-09-23 13:35:00,270.05,270.10,270.00,270.10,14874
2026-09-23 13:36:00,270.05,270.10,270.05,270.10,3686
2026-09-23 13:37:00,270.05,270.10,270.00,270.10,7756
2026-09-23 13:38:00,270.10,270.15,270.05,270.05,2001
2026-09-23 13:39:00,270.15,270.15,270.05,270.10,1073
2026-09-23 13:40:00,270.10,270.10,270.00,270.10,7838
2026-09-23 13:41:00,270.10,270.10,270.05,270.10,1507
2026-09-23 13:42:00,270.10,270.10,270.05,270.10,10738
2026-09-23 13:43:00,270.05,270.10,270.05,270.10,10700
2026-09-23 13:44:00,270.10,270.10,270.05,270.05,2884
2026-09-23 13:45:00,270.10,270.20,270.05,270.20,10725
2026-09-23 13:46:00,270.20,270.20,270.15,270.20,4289
2026-09-23 13:47:00,270.20,270.20,270.10,270.20,5664
2026-09-23 13:48:00,270.15,270.20,270.15,270.20,4566
2026-09-23 13:49:00,270.20,270.20,270.10,270.15,6100
2026-09-23 13:50:00,270.20,270.20,270.15,270.20,5463
2026-09-23 13:51:00,270.20,270.20,270.15,270.20,2200
2026-09-23 13:52:00,270.15,270.20,270.10,270.15,12003
2026-09-23 13:53:00,270.10,270.15,270.05,270.10,4752
2026-09-23 13:54:00,270.10,270.10,270.05,270.10,3338
2026-09-23 13:55:00,270.05,270.10,270.05,270.10,1867
2026-09-23 13:56:00,270.05,270.10,270.05,270.10,5726
2026-09-23 13:57:00,270.10,270.10,270.05,270.10,3282
2026-09-23 13:58:00,270.05,270.10,270.05,270.10,1447
2026-09-23 13:59:00,270.10,270.10,270.00,270.05,10118
2026-09-23 14:00:00,270.05,270.05,270.00,270.05,4655
2026-09-23 14:01:00,270.05,270.05,270.00,270.05,7695
2026-09-23 14:02:00,270.05,270.05,270.00,270.05,5995
2026-09-23 14:03:00,270.05,270.05,270.00,270.05,6014
2026-09-23 14:04:00,270.05,270.05,270.00,270.05,5236
2026-09-23 14:05:00,270.05,270.10,270.00,270.10,7075
2026-09-23 14:06:00,270.10,270.10,270.00,270.10,5497
2026-09-23 14:07:00,270.10,270.15,270.05,270.05,7518
2026-09-23 14:08:00,270.10,270.15,270.05,270.10,2414
2026-09-23 14:09:00,270.05,270.10,270.05,270.05,7079
2026-09-23 14:10:00,270.05,270.05,270.00,270.05,8921
2026-09-23 14:11:00,270.05,270.05,270.00,270.05,5394
2026-09-23 14:12:00,270.00,270.10,270.00,270.10,8006
2026-09-23 14:13:00,270.10,270.10,270.05,270.10,1049
2026-09-23 14:14:00,270.10,270.15,270.05,270.10,7319
2026-09-23 14:15:00,270.10,270.15,270.10,270.15,3127
2026-09-23 14:16:00,270.10,270.15,270.10,270.15,1104
2026-09-23 14:17:00,270.15,270.15,270.05,270.10,16879
2026-09-23 14:18:00,270.10,270.10,270.05,270.05,20908
2026-09-23 14:19:00,270.10,270.10,270.05,270.05,21255
2026-09-23 14:20:00,270.05,270.10,270.05,270.10,5420
2026-09-23 14:21:00,270.10,270.10,270.00,270.05,6712
2026-09-23 14:22:00,270.10,270.10,270.05,270.10,2581
2026-09-23 14:23:00,270.10,270.10,270.05,270.05,3454
2026-09-23 14:24:00,270.10,270.10,270.05,270.05,6500
2026-09-23 14:25:00,270.10,270.10,270.05,270.10,7845
2026-09-23 14:26:00,270.10,270.10,270.05,270.10,15463
2026-09-23 14:27:00,270.10,270.10,270.05,270.10,3842
2026-09-23 14:28:00,270.05,270.25,270.05,270.25,30874
2026-09-23 14:29:00,270.20,270.30,270.20,270.30,10062
2026-09-23 14:30:00,270.30,270.30,270.20,270.30,7979
2026-09-23 14:31:00,270.25,270.45,270.25,270.45,23305
2026-09-23 14:32:00,270.35,270.50,270.35,270.50,12485
2026-09-23 14:33:00,270.50,270.50,270.40,270.45,15817
2026-09-23 14:34:00,270.40,270.45,270.35,270.35,17518
2026-09-23 14:35:00,270.40,270.45,270.30,270.35,14143
2026-09-23 14:36:00,270.40,270.45,270.35,270.45,8818
2026-09-23 14:37:00,270.45,270.50,270.40,270.45,18715
2026-09-23 14:38:00,270.40,270.50,270.40,270.45,26710
2026-09-23 14:39:00,270.40,270.50,270.35,270.45,24639
2026-09-23 14:40:00,270.50,270.50,270.40,270.45,15371
2026-09-23 14:41:00,270.45,270.45,270.35,270.45,22626
2026-09-23 14:42:00,270.45,270.45,270.35,270.40,22152
2026-09-23 14:43:00,270.35,270.40,270.20,270.30,45004
2026-09-23 14:44:00,270.35,270.35,270.20,270.30,13054
2026-09-23 14:45:00,270.35,270.40,270.25,270.30,23706
2026-09-23 14:46:00,270.40,270.40,270.30,270.35,11537
2026-09-23 14:47:00,270.40,270.40,270.30,270.40,17340
2026-09-23 14:48:00,270.40,270.40,270.30,270.35,10118
2026-09-23 14:49:00,270.40,270.40,270.30,270.40,18458
2026-09-23 14:50:00,270.35,270.40,270.25,270.35,21807
2026-09-23 14:51:00,270.30,270.40,270.30,270.35,11364
2026-09-23 14:52:00,270.40,270.40,270.25,270.30,23189
2026-09-23 14:53:00,270.30,270.35,270.25,270.35,24750
2026-09-23 14:54:00,270.30,270.40,270.30,270.30,37262
2026-09-23 14:55:00,270.35,270.40,270.30,270.40,13770
2026-09-23 14:56:00,270.35,270.40,270.30,270.35,15611
2026-09-23 14:57:00,270.35,270.35,270.25,270.25,30686
2026-09-23 14:58:00,270.30,270.30,270.20,270.25,23559
2026-09-23 14:59:00,270.25,270.25,270.15,270.25,74055
2026-09-23 15:00:00,270.25,270.25,270.00,270.00,85974
2026-09-23 15:01:00,270.00,270.10,270.00,270.10,37803
2026-09-23 15:02:00,270.05,270.15,270.05,270.15,23727
2026-09-23 15:03:00,270.15,270.15,270.00,270.10,46486
2026-09-23 15:04:00,270.05,270.10,270.00,270.10,40351
2026-09-23 15:05:00,270.10,270.15,270.05,270.15,21419
2026-09-23 15:06:00,270.15,270.20,270.05,270.10,70718
2026-09-23 15:07:00,270.10,270.15,270.00,270.00,30542
2026-09-23 15:08:00,270.05,270.05,270.00,270.00,33307
2026-09-23 15:09:00,270.05,270.05,270.00,270.05,184928
2026-09-23 15:10:00,270.15,270.20,270.00,270.15,174513
2026-09-23 15:11:00,270.05,270.20,270.00,270.15,40905
2026-09-23 15:12:00,270.15,270.25,270.05,270.10,80045
2026-09-23 15:13:00,270.10,270.25,270.10,270.20,50704
2026-09-23 15:14:00,270.10,270.40,270.00,270.40,26869
2026-09-23 15:15:00,270.40,270.40,270.40,270.40,0
2026-09-23 15:16:00,270.40,270.40,270.40,270.40,0
2026-09-23 15:17:00,270.40,270.40,270.40,270.40,0
2026-09-23 15:18:00,270.40,270.40,270.40,270.40,0
2026-09-23 15:19:00,270.40,270.40,270.40,270.40,0
2026-09-23 15:20:00,270.40,270.40,270.40,270.40,0
2026-09-23 15:21:00,270.40,270.40,270.40,270.40,0
2026-09-23 15:22:00,270.40,270.40,270.40,270.40,0
2026-09-23 15:23:00,270.40,270.40,270.40,270.40,0
2026-09-23 15:24:00,270.40,270.40,270.40,270.40,0
2026-09-23 15:25:00,270.40,270.40,270.40,270.40,0
2026-09-23 15:26:00,270.40,270.40,270.40,270.40,0
2026-09-23 15:27:00,270.40,270.40,270.40,270.40,0
2026-09-23 15:28:00,270.40,270.40,270.40,270.40,0
2026-09-23 15:29:00,270.40,270.40,270.20,270.20,289867
2026-09-24 09:15:00,270.40,270.90,268.95,269.40,273859
2026-09-24 09:16:00,269.40,269.70,269.15,269.25,37574
2026-09-24 09:17:00,269.15,269.35,268.95,269.25,30438
2026-09-24 09:18:00,269.25,269.35,269.00,269.05,44698
2026-09-24 09:19:00,269.05,269.15,268.65,268.70,20334
2026-09-24 09:20:00,268.70,268.75,268.30,268.45,48077
2026-09-24 09:21:00,268.40,268.60,268.40,268.50,8522
2026-09-24 09:22:00,268.50,268.85,268.45,268.70,32824
2026-09-24 09:23:00,268.70,268.75,268.50,268.65,24489
2026-09-24 09:24:00,268.70,268.85,268.65,268.80,10275
2026-09-24 09:25:00,268.90,269.00,268.90,268.95,7289
2026-09-24 09:26:00,268.90,268.95,268.85,268.90,3422
2026-09-24 09:27:00,268.90,268.90,268.75,268.90,7276
2026-09-24 09:28:00,268.90,268.90,268.70,268.70,4863
2026-09-24 09:29:00,268.75,268.75,268.55,268.65,6199
2026-09-24 09:30:00,268.65,268.75,268.65,268.70,7856
2026-09-24 09:31:00,268.65,268.70,268.65,268.70,1232
2026-09-24 09:32:00,268.70,268.80,268.65,268.65,7515
2026-09-24 09:33:00,268.65,268.65,268.25,268.25,6607
2026-09-24 09:34:00,268.25,268.30,268.20,268.30,3487
2026-09-24 09:35:00,268.30,268.35,268.25,268.35,3767
2026-09-24 09:36:00,268.35,268.55,268.05,268.25,69372
2026-09-24 09:37:00,268.25,268.60,268.15,268.50,19716
2026-09-24 09:38:00,268.50,268.50,268.30,268.45,4011
2026-09-24 09:39:00,268.45,268.45,268.00,268.10,7489
2026-09-24 09:40:00,268.00,268.20,267.85,268.00,13557
2026-09-24 09:41:00,267.85,268.10,267.85,268.10,5595
2026-09-24 09:42:00,268.10,268.25,268.00,268.00,8297
2026-09-24 09:43:00,268.00,268.10,267.90,268.00,5012
2026-09-24 09:44:00,268.00,268.00,267.80,267.95,8113
2026-09-24 09:45:00,267.95,267.95,267.80,267.90,7907
2026-09-24 09:46:00,267.80,267.85,267.80,267.85,6052
2026-09-24 09:47:00,267.80,267.85,267.55,267.55,14196
2026-09-24 09:48:00,267.50,267.70,267.40,267.65,17022
2026-09-24 09:49:00,267.50,267.75,267.50,267.75,6484
2026-09-24 09:50:00,267.65,267.80,267.60,267.65,7145
2026-09-24 09:51:00,267.65,267.70,267.55,267.60,6176
2026-09-24 09:52:00,267.60,267.85,267.60,267.80,14282
2026-09-24 09:53:00,267.75,267.80,267.70,267.80,3102
2026-09-24 09:54:00,267.80,267.90,267.75,267.90,5226
2026-09-24 09:55:00,267.85,267.90,267.70,267.75,12289
2026-09-24 09:56:00,267.70,268.00,267.70,268.00,6593
2026-09-24 09:57:00,267.95,268.00,267.85,267.95,8074
2026-09-24 09:58:00,267.90,268.10,267.90,268.10,9189
2026-09-24 09:59:00,267.95,267.95,267.75,267.80,9360
2026-09-24 10:00:00,267.80,267.80,267.65,267.65,3127
2026-09-24 10:01:00,267.65,267.70,267.60,267.65,5688
2026-09-24 10:02:00,267.60,267.75,267.50,267.75,13289
2026-09-24 10:03:00,267.75,267.80,267.70,267.75,3146
2026-09-24 10:04:00,267.75,267.75,267.65,267.75,3324
2026-09-24 10:05:00,267.70,267.75,267.60,267.65,4135
2026-09-24 10:06:00,267.60,267.80,267.60,267.80,10296
2026-09-24 10:07:00,267.75,268.15,267.75,268.15,11881
2026-09-24 10:08:00,268.05,268.15,267.95,268.00,11375
2026-09-24 10:09:00,267.95,268.10,267.80,267.95,22561
2026-09-24 10:10:00,267.90,267.95,267.70,267.80,6454
2026-09-24 10:11:00,267.80,267.80,267.70,267.70,3379
2026-09-24 10:12:00,267.65,267.80,267.60,267.65,1438
2026-09-24 10:13:00,267.65,267.75,267.60,267.75,4291
2026-09-24 10:14:00,267.65,267.75,267.60,267.65,1898
2026-09-24 10:15:00,267.60,267.65,267.50,267.55,2181
2026-09-24 10:16:00,267.55,267.65,267.50,267.55,3344
2026-09-24 10:17:00,267.50,267.55,267.45,267.55,9608
2026-09-24 10:18:00,267.45,267.70,267.45,267.70,6882
2026-09-24 10:19:00,267.65,267.65,267.60,267.65,3674
2026-09-24 10:20:00,267.65,267.70,267.60,267.70,4015
2026-09-24 10:21:00,267.60,267.70,267.40,267.60,8228
2026-09-24 10:22:00,267.55,267.60,267.40,267.40,5575
2026-09-24 10:23:00,267.40,267.50,267.40,267.50,2677
2026-09-24 10:24:00,267.50,267.90,267.45,267.75,42066
2026-09-24 10:25:00,267.75,268.25,267.75,268.10,13238
2026-09-24 10:26:00,268.00,268.10,268.00,268.05,3641
2026-09-24 10:27:00,268.00,268.20,268.00,268.15,5301
2026-09-24 10:28:00,268.10,268.15,268.05,268.15,1918
2026-09-24 10:29:00,268.10,268.15,268.10,268.15,1137
2026-09-24 10:30:00,268.10,268.25,268.10,268.25,4141
2026-09-24 10:31:00,268.20,268.40,268.20,268.30,14157
2026-09-24 10:32:00,268.25,268.40,268.25,268.35,1970
2026-09-24 10:33:00,268.30,268.40,268.25,268.35,3468
2026-09-24 10:34:00,268.30,268.35,268.25,268.35,2328
2026-09-24 10:35:00,268.35,268.35,268.25,268.25,3088
2026-09-24 10:36:00,268.20,268.30,268.15,268.25,7757
2026-09-24 10:37:00,268.20,268.25,268.20,268.25,4049
2026-09-24 10:38:00,268.20,268.25,268.15,268.25,4382
2026-09-24 10:39:00,268.15,268.25,268.15,268.20,2540
2026-09-24 10:40:00,268.15,269.15,268.15,269.05,140321
2026-09-24 10:41:00,269.00,269.05,268.90,269.00,38416
2026-09-24 10:42:00,268.95,269.00,268.70,268.80,5450
2026-09-24 10:43:00,268.80,268.80,268.55,268.70,3374
2026-09-24 10:44:00,268.70,268.95,268.55,268.95,9874
2026-09-24 10:45:00,268.90,268.95,268.50,268.65,71485
2026-09-24 10:46:00,268.55,268.65,268.35,268.40,4120
2026-09-24 10:47:00,268.40,268.45,268.30,268.45,7164
2026-09-24 10:48:00,268.45,268.45,268.30,268.30,5379
2026-09-24 10:49:00,268.25,268.30,268.20,268.30,3135
2026-09-24 10:50:00,268.20,268.30,268.10,268.10,8520
2026-09-24 10:51:00,268.15,268.25,268.05,268.15,2729
2026-09-24 10:52:00,268.10,268.25,268.10,268.25,8542
2026-09-24 10:53:00,268.15,269.00,268.15,268.95,137924
2026-09-24 10:54:00,268.80,268.95,268.80,268.85,15389
2026-09-24 10:55:00,268.75,268.95,268.75,268.85,6513
2026-09-24 10:56:00,268.85,268.85,268.65,268.85,7379
2026-09-24 10:57:00,268.85,268.85,268.65,268.75,4006
2026-09-24 10:58:00,268.65,268.70,268.55,268.55,5303
2026-09-24 10:59:00,268.55,268.65,268.55,268.65,8767
2026-09-24 11:00:00,268.55,268.65,268.50,268.55,3611
2026-09-24 11:01:00,268.50,268.65,268.50,268.55,5397
2026-09-24 11:02:00,268.55,269.15,268.40,269.00,90010
2026-09-24 11:03:00,269.00,269.10,269.00,269.05,111867
2026-09-24 11:04:00,269.00,269.05,269.00,269.00,5967
2026-09-24 11:05:00,269.00,269.10,268.65,268.75,256849
2026-09-24 11:06:00,268.65,268.70,268.40,268.45,14738
2026-09-24 11:07:00,268.45,268.50,268.40,268.45,4005
2026-09-24 11:08:00,268.45,268.45,268.20,268.30,7221
2026-09-24 11:09:00,268.20,268.40,268.15,268.15,8680
2026-09-24 11:10:00,268.20,268.25,268.10,268.20,6379
2026-09-24 11:11:00,268.20,268.25,268.15,268.20,3589
2026-09-24 11:12:00,268.15,268.25,268.10,268.20,8096
2026-09-24 11:13:00,268.10,268.20,268.10,268.15,7615
2026-09-24 11:14:00,268.15,268.15,268.00,268.05,4637
2026-09-24 11:15:00,268.00,268.25,268.00,268.25,12254
2026-09-24 11:16:00,268.25,268.25,268.05,268.10,4061
2026-09-24 11:17:00,268.05,268.15,268.05,268.15,4312
2026-09-24 11:18:00,268.05,268.15,268.05,268.10,3075
2026-09-24 11:19:00,268.05,268.10,268.00,268.05,2966
2026-09-24 11:20:00,268.00,268.10,268.00,268.05,4929
2026-09-24 11:21:00,268.00,268.05,268.00,268.05,4974
2026-09-24 11:22:00,268.00,268.05,268.00,268.05,5232
2026-09-24 11:23:00,268.00,268.05,267.90,268.00,7358
2026-09-24 11:24:00,267.90,267.95,267.85,267.95,11361
2026-09-24 11:25:00,267.90,267.95,267.80,267.85,4649
2026-09-24 11:26:00,267.80,267.90,267.80,267.90,8464
2026-09-24 11:27:00,267.90,267.90,267.85,267.90,5084
2026-09-24 11:28:00,267.85,267.90,267.80,267.80,6333
2026-09-24 11:29:00,267.80,267.85,267.50,267.55,30350
2026-09-24 11:30:00,267.55,267.60,267.50,267.50,7345
2026-09-24 11:31:00,267.50,267.55,267.45,267.50,6036
2026-09-24 11:32:00,267.45,267.50,267.40,267.45,8457
2026-09-24 11:33:00,267.45,267.55,267.40,267.55,15676
2026-09-24 11:34:00,267.50,267.80,267.45,267.55,31372
2026-09-24 11:35:00,267.45,267.55,267.45,267.55,3429
2026-09-24 11:36:00,267.45,267.55,267.45,267.50,4194
2026-09-24 11:37:00,267.45,267.50,267.45,267.50,3149
2026-09-24 11:38:00,267.50,267.50,267.45,267.50,2791
2026-09-24 11:39:00,267.45,267.50,267.45,267.50,2732
2026-09-24 11:40:00,267.45,267.60,267.40,267.50,10251
2026-09-24 11:41:00,267.50,267.55,267.35,267.50,44703
2026-09-24 11:42:00,267.50,267.55,267.10,267.50,126384
2026-09-24 11:43:00,267.35,267.55,267.35,267.45,5642
2026-09-24 11:44:00,267.35,267.45,267.30,267.35,4582
2026-09-24 11:45:00,267.35,267.35,267.25,267.30,10323
2026-09-24 11:46:00,267.25,267.35,267.25,267.35,8466
2026-09-24 11:47:00,267.30,267.30,267.20,267.30,3529
2026-09-24 11:48:00,267.20,267.30,267.15,267.20,4656
2026-09-24 11:49:00,267.15,267.30,267.15,267.20,9813
2026-09-24 11:50:00,267.15,267.20,267.10,267.15,2453
2026-09-24 11:51:00,267.10,267.20,267.10,267.20,6030
2026-09-24 11:52:00,267.15,267.35,267.15,267.35,4815
2026-09-24 11:53:00,267.25,267.35,267.25,267.30,2055
2026-09-24 11:54:00,267.25,267.65,267.20,267.65,19257
2026-09-24 11:55:00,267.50,267.85,267.50,267.75,15522
2026-09-24 11:56:00,267.75,267.95,267.60,267.90,56760
2026-09-24 11:57:00,267.95,267.95,267.45,267.85,304642
2026-09-24 11:58:00,267.90,268.00,267.50,267.60,101366
2026-09-24 11:59:00,267.55,267.60,267.50,267.55,10341
2026-09-24 12:00:00,267.50,267.70,267.45,267.65,49149
2026-09-24 12:01:00,267.60,267.65,267.55,267.65,7251
2026-09-24 12:02:00,267.65,267.65,267.50,267.60,6323
2026-09-24 12:03:00,267.60,267.70,267.60,267.65,1536
2026-09-24 12:04:00,267.60,267.65,267.55,267.65,6851
2026-09-24 12:05:00,267.60,267.90,267.60,267.80,18201
2026-09-24 12:06:00,267.80,267.80,267.75,267.80,1900
2026-09-24 12:07:00,267.75,267.80,267.65,267.70,27459
2026-09-24 12:08:00,267.60,267.70,267.55,267.70,16632
2026-09-24 12:09:00,267.60,267.80,267.60,267.75,2936
2026-09-24 12:10:00,267.65,267.75,267.60,267.65,3400
2026-09-24 12:11:00,267.60,267.65,267.55,267.60,2377
2026-09-24 12:12:00,267.55,267.60,267.55,267.60,2503
2026-09-24 12:13:00,267.60,267.60,267.50,267.55,2805
2026-09-24 12:14:00,267.55,267.55,267.40,267.45,9782
2026-09-24 12:15:00,267.40,267.45,267.35,267.40,2854
2026-09-24 12:16:00,267.35,267.45,267.35,267.40,1046
2026-09-24 12:17:00,267.40,267.90,267.35,267.90,125916
2026-09-24 12:18:00,267.90,267.90,267.80,267.85,5487
2026-09-24 12:19:00,267.80,267.85,267.55,267.60,12596
2026-09-24 12:20:00,267.55,267.65,267.55,267.65,9871
2026-09-24 12:21:00,267.60,267.65,267.60,267.65,1402
2026-09-24 12:22:00,267.60,267.65,267.60,267.65,2224
2026-09-24 12:23:00,267.60,267.65,267.55,267.55,3446
2026-09-24 12:24:00,267.55,267.60,267.50,267.60,28302
2026-09-24 12:25:00,267.55,268.05,267.55,267.60,176964
2026-09-24 12:26:00,267.55,267.65,267.40,267.65,27786
2026-09-24 12:27:00,267.50,267.65,267.30,267.35,14399
2026-09-24 12:28:00,267.35,267.50,267.05,267.35,47046
2026-09-24 12:29:00,267.35,267.50,267.35,267.50,2344
2026-09-24 12:30:00,267.45,267.50,267.45,267.50,1486
2026-09-24 12:31:00,267.45,267.50,267.45,267.50,1630
2026-09-24 12:32:00,267.45,267.60,267.40,267.60,26610
2026-09-24 12:33:00,267.50,267.60,267.25,267.25,11988
2026-09-24 12:34:00,267.25,267.25,267.10,267.15,7084
2026-09-24 12:35:00,267.10,267.15,267.10,267.15,4116
2026-09-24 12:36:00,267.15,267.15,267.05,267.10,4239
2026-09-24 12:37:00,267.05,267.10,266.85,266.85,17398
2026-09-24 12:38:00,266.90,266.90,266.85,266.90,5809
2026-09-24 12:39:00,266.85,266.90,266.80,266.90,3021
2026-09-24 12:40:00,266.85,266.90,266.80,266.85,4424
2026-09-24 12:41:00,266.80,266.85,266.70,266.75,2483
2026-09-24 12:42:00,266.75,266.75,266.65,266.70,2663
2026-09-24 12:43:00,266.65,266.70,266.65,266.70,2961
2026-09-24 12:44:00,266.65,266.65,266.60,266.65,4491
2026-09-24 12:45:00,266.60,266.65,266.55,266.60,7638
2026-09-24 12:46:00,266.55,266.60,266.50,266.50,7339
2026-09-24 12:47:00,266.50,266.55,266.35,266.55,61108
2026-09-24 12:48:00,266.55,266.55,266.45,266.55,4671
2026-09-24 12:49:00,266.55,266.60,266.50,266.60,9649
2026-09-24 12:50:00,266.55,266.80,266.55,266.75,19873
2026-09-24 12:51:00,266.70,266.75,266.65,266.70,2193
2026-09-24 12:52:00,266.65,266.70,266.65,266.70,2478
2026-09-24 12:53:00,266.65,266.80,266.65,266.75,9512
2026-09-24 12:54:00,266.70,266.75,266.70,266.75,2041
2026-09-24 12:55:00,266.70,266.75,266.70,266.75,2794
2026-09-24 12:56:00,266.70,266.75,266.70,266.75,2197
2026-09-24 12:57:00,266.70,266.75,266.70,266.70,9681
2026-09-24 12:58:00,266.65,266.70,266.65,266.70,2555
2026-09-24 12:59:00,266.65,266.70,266.65,266.70,3159
2026-09-24 13:00:00,266.65,266.70,266.55,266.60,9106
2026-09-24 13:01:00,266.55,266.60,266.50,266.55,6459
2026-09-24 13:02:00,266.50,266.65,266.50,266.65,18852
2026-09-24 13:03:00,266.60,266.65,266.60,266.65,4568
2026-09-24 13:04:00,266.60,266.65,266.60,266.65,2713
2026-09-24 13:05:00,266.60,266.65,266.60,266.60,2087
2026-09-24 13:06:00,266.65,266.65,266.60,266.65,1949
2026-09-24 13:07:00,266.60,266.80,266.60,266.80,9466
2026-09-24 13:08:00,266.75,266.80,266.75,266.80,5811
2026-09-24 13:09:00,266.75,266.80,266.50,266.70,25511
2026-09-24 13:10:00,266.55,266.75,266.55,266.75,6367
2026-09-24 13:11:00,266.90,267.05,266.90,267.05,9043
2026-09-24 13:12:00,267.00,267.05,267.00,267.00,3136
2026-09-24 13:13:00,267.05,267.05,267.00,267.05,2760
2026-09-24 13:14:00,267.00,267.10,267.00,267.05,2994
2026-09-24 13:15:00,267.05,267.05,267.00,267.05,3407
2026-09-24 13:16:00,267.00,267.05,267.00,267.05,2154
2026-09-24 13:17:00,267.00,267.05,266.85,266.95,34986
2026-09-24 13:18:00,266.90,266.95,266.65,266.80,23855
2026-09-24 13:19:00,266.80,266.85,266.75,266.85,5037
2026-09-24 13:20:00,266.75,267.05,266.75,267.05,72989
2026-09-24 13:21:00,267.00,267.05,266.75,266.80,39246
2026-09-24 13:22:00,266.75,266.80,266.70,266.75,2454
2026-09-24 13:23:00,266.70,266.75,266.70,266.75,2489
2026-09-24 13:24:00,266.70,266.75,266.70,266.75,5781
2026-09-24 13:25:00,266.70,266.75,266.70,266.75,11687
2026-09-24 13:26:00,266.70,266.75,266.35,266.45,40913
2026-09-24 13:27:00,266.45,266.70,266.20,266.50,97093
2026-09-24 13:28:00,266.45,266.55,266.45,266.50,4712
2026-09-24 13:29:00,266.45,266.60,266.45,266.60,4939
2026-09-24 13:30:00,266.55,266.70,266.55,266.70,10140
2026-09-24 13:31:00,266.65,266.80,266.65,266.80,9123
2026-09-24 13:32:00,266.75,266.90,266.75,266.85,11237
2026-09-24 13:33:00,266.80,266.95,266.80,266.90,14883
2026-09-24 13:34:00,266.90,266.95,266.85,266.90,11714
2026-09-24 13:35:00,266.85,266.90,266.85,266.90,8040
2026-09-24 13:36:00,266.85,266.95,266.85,266.95,9040
2026-09-24 13:37:00,266.90,266.95,266.85,266.95,9060
2026-09-24 13:38:00,266.85,266.95,266.75,266.80,21029
2026-09-24 13:39:00,266.75,266.80,266.65,266.70,10789
2026-09-24 13:40:00,266.70,266.70,266.60,266.70,6853
2026-09-24 13:41:00,266.60,266.70,266.60,266.65,5011
2026-09-24 13:42:00,266.65,266.80,266.65,266.80,25234
2026-09-24 13:43:00,266.80,266.85,266.75,266.80,12839
2026-09-24 13:44:00,266.80,266.80,266.70,266.75,16429
2026-09-24 13:45:00,266.70,266.75,266.55,266.55,20315
2026-09-24 13:46:00,266.45,266.45,266.30,266.40,37065
2026-09-24 13:47:00,266.40,266.40,266.30,266.30,13830
2026-09-24 13:48:00,266.35,266.45,266.30,266.45,7241
2026-09-24 13:49:00,266.40,266.55,266.40,266.55,13585
2026-09-24 13:50:00,266.55,266.55,266.50,266.55,12582
2026-09-24 13:51:00,266.50,266.50,266.20,266.25,33712
2026-09-24 13:52:00,266.20,266.30,266.20,266.30,10328
2026-09-24 13:53:00,266.25,266.30,266.25,266.30,5198
2026-09-24 13:54:00,266.25,266.30,266.10,266.15,29558
2026-09-24 13:55:00,266.10,266.15,266.05,266.15,26222
2026-09-24 13:56:00,266.15,266.15,266.05,266.10,12242
2026-09-24 13:57:00,266.10,266.10,265.75,265.90,47031
2026-09-24 13:58:00,265.75,265.85,265.75,265.80,20968
2026-09-24 13:59:00,265.75,265.90,265.75,265.85,21798
2026-09-24 14:00:00,265.85,265.95,265.80,265.95,10835
2026-09-24 14:01:00,265.90,266.00,265.90,265.95,19925
2026-09-24 14:02:00,266.00,266.25,265.95,266.20,14887
2026-09-24 14:03:00,266.20,266.20,266.05,266.15,24635
2026-09-24 14:04:00,266.15,266.15,265.75,265.80,34031
2026-09-24 14:05:00,265.80,266.00,265.80,266.00,17096
2026-09-24 14:06:00,265.95,265.95,265.85,265.90,18183
2026-09-24 14:07:00,265.90,266.05,265.85,266.05,16240
2026-09-24 14:08:00,266.05,266.15,266.00,266.05,15124
2026-09-24 14:09:00,266.10,266.10,266.05,266.10,12241
2026-09-24 14:10:00,266.05,266.15,266.05,266.15,17412
2026-09-24 14:11:00,266.15,266.15,266.00,266.05,33471
2026-09-24 14:12:00,266.05,266.05,265.90,266.00,8474
2026-09-24 14:13:00,266.00,266.15,265.95,266.15,18872
2026-09-24 14:14:00,266.15,266.20,266.10,266.15,18992
2026-09-24 14:15:00,266.10,266.15,266.10,266.15,9006
2026-09-24 14:16:00,266.10,266.20,266.10,266.20,24387
2026-09-24 14:17:00,266.20,266.20,266.15,266.20,7384
2026-09-24 14:18:00,266.15,266.25,266.15,266.25,14633
2026-09-24 14:19:00,266.20,266.25,266.00,266.10,35778
2026-09-24 14:20:00,266.05,266.10,266.05,266.10,8365
2026-09-24 14:21:00,266.05,266.10,266.00,266.05,11181
2026-09-24 14:22:00,266.00,266.15,266.00,266.10,15891
2026-09-24 14:23:00,266.05,266.15,266.05,266.10,21965
2026-09-24 14:24:00,266.05,266.10,266.00,266.10,16049
2026-09-24 14:25:00,266.05,266.35,266.05,266.30,58648
2026-09-24 14:26:00,266.35,266.40,266.20,266.20,38118
2026-09-24 14:27:00,266.30,266.35,266.25,266.35,15705
2026-09-24 14:28:00,266.35,266.45,266.30,266.40,12935
2026-09-24 14:29:00,266.35,266.40,266.25,266.35,19388
2026-09-24 14:30:00,266.35,266.45,266.30,266.45,22322
2026-09-24 14:31:00,266.45,266.45,266.25,266.45,40790
2026-09-24 14:32:00,266.45,266.60,266.45,266.55,34847
2026-09-24 14:33:00,266.55,266.55,266.50,266.55,9875
2026-09-24 14:34:00,266.55,266.60,266.55,266.60,14539
2026-09-24 14:35:00,266.70,266.80,266.60,266.65,46099
2026-09-24 14:36:00,266.65,266.75,266.55,266.75,20007
2026-09-24 14:37:00,266.70,266.75,266.70,266.75,9888
2026-09-24 14:38:00,266.70,266.90,266.70,266.90,30182
2026-09-24 14:39:00,266.90,267.15,266.85,267.15,43078
2026-09-24 14:40:00,267.05,267.25,267.05,267.25,32206
2026-09-24 14:41:00,267.20,267.25,267.00,267.25,42504
2026-09-24 14:42:00,267.15,267.20,267.00,267.05,11337
2026-09-24 14:43:00,267.10,267.10,267.00,267.10,27914
2026-09-24 14:44:00,267.10,267.10,267.00,267.10,22916
2026-09-24 14:45:00,267.05,267.35,267.00,267.35,69478
2026-09-24 14:46:00,267.35,267.35,267.20,267.25,9064
2026-09-24 14:47:00,267.25,267.35,267.25,267.30,35674
2026-09-24 14:48:00,267.30,267.30,267.25,267.30,6035
2026-09-24 14:49:00,267.20,267.30,267.20,267.30,24102
2026-09-24 14:50:00,267.25,267.30,267.25,267.30,18406
2026-09-24 14:51:00,267.25,267.30,267.10,267.10,28725
2026-09-24 14:52:00,267.10,267.20,267.05,267.05,18538
2026-09-24 14:53:00,267.15,267.15,267.00,267.05,24113
2026-09-24 14:54:00,267.05,267.65,267.00,267.50,779369
2026-09-24 14:55:00,267.45,267.55,267.45,267.50,21989
2026-09-24 14:56:00,267.50,267.55,267.45,267.55,42313
2026-09-24 14:57:00,267.55,267.60,267.45,267.55,36542
2026-09-24 14:58:00,267.50,267.60,267.50,267.60,30117
2026-09-24 14:59:00,267.60,267.65,267.50,267.50,79126
2026-09-24 15:00:00,267.55,267.75,267.50,267.75,57461
2026-09-24 15:01:00,267.70,267.75,267.70,267.75,37218
2026-09-24 15:02:00,267.70,267.80,267.70,267.80,103521
2026-09-24 15:03:00,267.75,267.80,267.70,267.75,95383
2026-09-24 15:04:00,267.70,267.75,267.65,267.70,25325
2026-09-24 15:05:00,267.70,267.70,267.65,267.70,40460
2026-09-24 15:06:00,267.65,267.75,267.65,267.70,191447
2026-09-24 15:07:00,267.70,267.85,267.70,267.75,108474
2026-09-24 15:08:00,267.75,267.80,267.70,267.80,63584
2026-09-24 15:09:00,267.80,267.80,267.75,267.75,93206
2026-09-24 15:10:00,267.80,267.85,267.75,267.85,127626
2026-09-24 15:11:00,267.85,267.85,267.80,267.85,80044
2026-09-24 15:12:00,267.80,267.80,267.65,267.70,128021
2026-09-24 15:13:00,267.70,267.75,267.60,267.60,123714
2026-09-24 15:14:00,267.60,268.10,267.55,268.00,50840
2026-09-24 15:15:00,268.00,268.00,268.00,268.00,0
2026-09-24 15:16:00,268.00,268.00,268.00,268.00,0
2026-09-24 15:17:00,268.00,268.00,268.00,268.00,0
2026-09-24 15:18:00,268.00,268.00,268.00,268.00,0
2026-09-24 15:19:00,268.00,268.00,268.00,268.00,0
2026-09-24 15:20:00,268.00,268.00,268.00,268.00,0
2026-09-24 15:21:00,268.00,268.00,268.00,268.00,0
2026-09-24 15:22:00,268.00,268.00,268.00,268.00,0
2026-09-24 15:23:00,268.00,268.00,268.00,268.00,0
2026-09-24 15:24:00,268.00,268.00,268.00,268.00,0
2026-09-24 15:25:00,268.00,268.00,268.00,268.00,0
2026-09-24 15:26:00,268.00,268.00,268.00,268.00,0
2026-09-24 15:27:00,268.00,268.00,268.00,268.00,0
2026-09-24 15:28:00,268.00,268.00,266.40,266.40,425306
2026-09-24 15:29:00,266.40,266.40,266.40,266.40,0
2026-09-25 09:15:00,268.70,268.80,266.90,268.80,189617
2026-09-25 09:16:00,268.75,269.30,268.60,268.60,93228
2026-09-25 09:17:00,268.60,269.10,268.55,269.00,54169
2026-09-25 09:18:00,268.90,268.90,268.55,268.85,32381
2026-09-25 09:19:00,268.55,268.55,268.15,268.20,25421
2026-09-25 09:20:00,268.15,268.30,267.90,268.20,29770
2026-09-25 09:21:00,268.50,268.50,268.10,268.10,23337
2026-09-25 09:22:00,268.15,268.40,268.10,268.35,16552
2026-09-25 09:23:00,268.35,268.35,268.15,268.15,14933
2026-09-25 09:24:00,268.30,269.00,268.30,268.90,33045
2026-09-25 09:25:00,268.80,268.90,268.70,268.70,15171
2026-09-25 09:26:00,268.70,268.70,268.55,268.65,6730
2026-09-25 09:27:00,268.70,269.05,268.60,269.05,42744
2026-09-25 09:28:00,269.05,269.15,268.90,269.05,13289
2026-09-25 09:29:00,269.05,269.20,268.90,269.20,18310
2026-09-25 09:30:00,269.20,269.25,269.05,269.25,16271
2026-09-25 09:31:00,269.25,269.75,269.25,269.50,35477
2026-09-25 09:32:00,269.50,269.55,269.40,269.55,12298
2026-09-25 09:33:00,269.55,269.55,268.95,269.20,22815
2026-09-25 09:34:00,269.20,269.40,269.20,269.25,13062
2026-09-25 09:35:00,269.20,269.20,269.10,269.20,13228
2026-09-25 09:36:00,269.10,269.20,269.00,269.00,6047
2026-09-25 09:37:00,269.00,269.00,268.30,268.45,25131
2026-09-25 09:38:00,268.50,268.65,268.40,268.65,9256
2026-09-25 09:39:00,268.65,268.70,268.60,268.70,3564
2026-09-25 09:40:00,268.65,268.70,268.60,268.60,7664
2026-09-25 09:41:00,268.65,268.65,268.25,268.50,18623
2026-09-25 09:42:00,268.50,268.50,268.35,268.40,2071
2026-09-25 09:43:00,268.35,268.45,268.25,268.40,11424
2026-09-25 09:44:00,268.40,268.45,268.30,268.30,14379
2026-09-25 09:45:00,268.30,268.55,268.30,268.50,8707
2026-09-25 09:46:00,268.55,268.60,268.50,268.60,4701
2026-09-25 09:47:00,268.60,268.60,268.55,268.60,8034
2026-09-25 09:48:00,268.60,268.65,268.55,268.60,4189
2026-09-25 09:49:00,268.65,268.70,268.50,268.50,15457
2026-09-25 09:50:00,268.45,268.50,268.15,268.25,9609
2026-09-25 09:51:00,268.15,268.25,268.15,268.20,9324
2026-09-25 09:52:00,268.20,268.20,267.90,268.10,34841
2026-09-25 09:53:00,268.10,268.15,268.10,268.15,6536
2026-09-25 09:54:00,268.15,268.15,268.10,268.10,8882
2026-09-25 09:55:00,268.10,268.20,268.05,268.20,7080
2026-09-25 09:56:00,268.20,268.45,268.15,268.45,2601
2026-09-25 09:57:00,268.45,268.45,268.20,268.20,11019
2026-09-25 09:58:00,268.20,268.30,268.15,268.30,1993
2026-09-25 09:59:00,268.30,268.35,268.30,268.30,2317
2026-09-25 10:00:00,268.30,268.35,268.30,268.30,2984
2026-09-25 10:01:00,268.40,268.45,268.30,268.45,5565
2026-09-25 10:02:00,268.45,268.70,268.40,268.70,7376
2026-09-25 10:03:00,268.70,268.75,268.55,268.55,9650
2026-09-25 10:04:00,268.50,268.55,268.50,268.50,2190
2026-09-25 10:05:00,268.55,268.60,268.50,268.55,2682
2026-09-25 10:06:00,268.55,268.60,268.50,268.60,2794
2026-09-25 10:07:00,268.60,268.60,268.50,268.60,2659
2026-09-25 10:08:00,268.50,268.70,268.50,268.70,10278
2026-09-25 10:09:00,268.70,268.70,268.65,268.70,3236
2026-09-25 10:10:00,268.65,268.70,268.65,268.70,4319
2026-09-25 10:11:00,268.70,268.75,268.65,268.75,4008
2026-09-25 10:12:00,268.75,268.95,268.75,268.95,6792
2026-09-25 10:13:00,268.95,268.95,268.70,268.75,36242
2026-09-25 10:14:00,268.75,268.75,268.65,268.70,5548
2026-09-25 10:15:00,268.70,268.85,268.70,268.85,8958
2026-09-25 10:16:00,268.85,268.85,268.80,268.85,2205
2026-09-25 10:17:00,268.85,268.95,268.75,268.80,6730
2026-09-25 10:18:00,268.75,268.80,268.75,268.80,5342
2026-09-25 10:19:00,268.75,268.80,268.60,268.60,5315
2026-09-25 10:20:00,268.75,268.75,268.55,268.75,36853
2026-09-25 10:21:00,268.75,268.95,268.60,268.95,8003
2026-09-25 10:22:00,268.95,269.10,268.90,269.05,7390
2026-09-25 10:23:00,269.05,269.10,268.70,268.85,26554
2026-09-25 10:24:00,268.85,268.85,268.70,268.75,854
2026-09-25 10:25:00,268.70,269.05,268.70,269.00,35763
2026-09-25 10:26:00,269.00,269.00,268.95,269.00,1241
2026-09-25 10:27:00,268.95,269.00,268.80,268.90,3209
2026-09-25 10:28:00,268.90,268.90,268.70,268.85,6508
2026-09-25 10:29:00,268.85,268.90,268.75,268.90,1839
2026-09-25 10:30:00,268.90,268.90,268.75,268.85,2971
2026-09-25 10:31:00,268.85,268.90,268.85,268.90,1761
2026-09-25 10:32:00,268.80,268.90,268.65,268.75,7021
2026-09-25 10:33:00,268.70,268.75,268.55,268.55,3711
2026-09-25 10:34:00,268.70,268.70,268.55,268.65,5312
2026-09-25 10:35:00,268.65,268.65,268.45,268.55,2621
2026-09-25 10:36:00,268.55,268.55,268.45,268.50,4501
2026-09-25 10:37:00,268.45,268.60,268.45,268.60,9973
2026-09-25 10:38:00,268.50,268.60,268.50,268.60,1312
2026-09-25 10:39:00,268.60,268.65,268.50,268.60,1980
2026-09-25 10:40:00,268.60,268.60,268.50,268.50,1423
2026-09-25 10:41:00,268.60,268.60,268.50,268.55,1370
2026-09-25 10:42:00,268.55,268.55,268.50,268.50,708
2026-09-25 10:43:00,268.55,268.55,268.50,268.55,1388
2026-09-25 10:44:00,268.50,268.55,268.45,268.55,2412
2026-09-25 10:45:00,268.55,268.55,268.45,268.45,2806
2026-09-25 10:46:00,268.40,268.45,268.30,268.35,3428
2026-09-25 10:47:00,268.30,268.35,268.15,268.30,2655
2026-09-25 10:48:00,268.20,268.40,268.20,268.40,4568
2026-09-25 10:49:00,268.40,268.40,268.30,268.40,2276
2026-09-25 10:50:00,268.35,268.50,268.35,268.45,7601
2026-09-25 10:51:00,268.45,268.50,268.40,268.45,1329
2026-09-25 10:52:00,268.50,268.50,268.35,268.45,1971
2026-09-25 10:53:00,268.45,268.45,268.30,268.30,7831
2026-09-25 10:54:00,268.45,268.50,268.30,268.45,4551
2026-09-25 10:55:00,268.50,268.50,268.40,268.50,1709
2026-09-25 10:56:00,268.45,268.60,268.45,268.50,6234
2026-09-25 10:57:00,268.55,268.55,268.25,268.25,6681
2026-09-25 10:58:00,268.30,268.30,268.05,268.20,5419
2026-09-25 10:59:00,268.10,268.25,268.10,268.20,2833
2026-09-25 11:00:00,268.25,268.30,268.20,268.30,3498
2026-09-25 11:01:00,268.20,268.30,268.20,268.20,1036
2026-09-25 11:02:00,268.30,268.30,268.20,268.25,4768
2026-09-25 11:03:00,268.30,268.35,268.25,268.30,5377
2026-09-25 11:04:00,268.35,268.35,268.30,268.30,1863
2026-09-25 11:05:00,268.35,268.35,268.30,268.35,1377
2026-09-25 11:06:00,268.35,268.50,268.35,268.40,8020
2026-09-25 11:07:00,268.45,268.50,268.40,268.40,2412
2026-09-25 11:08:00,268.30,268.40,268.25,268.30,6161
2026-09-25 11:09:00,268.35,268.35,268.20,268.20,3743
2026-09-25 11:10:00,268.30,268.30,268.15,268.15,3546
2026-09-25 11:11:00,268.25,268.25,268.05,268.10,3742
2026-09-25 11:12:00,268.15,268.20,268.10,268.15,4644
2026-09-25 11:13:00,268.20,268.20,268.05,268.10,6514
2026-09-25 11:14:00,268.10,268.10,268.00,268.10,7491
2026-09-25 11:15:00,268.05,268.25,267.95,268.25,11247
2026-09-25 11:16:00,268.25,268.40,268.05,268.20,10673
2026-09-25 11:17:00,268.25,268.40,268.20,268.40,6257
2026-09-25 11:18:00,268.35,268.45,268.25,268.25,6108
2026-09-25 11:19:00,268.20,268.25,268.00,268.10,6362
2026-09-25 11:20:00,268.10,268.10,267.75,267.85,13861
2026-09-25 11:21:00,267.85,267.85,267.45,267.45,9603
2026-09-25 11:22:00,267.60,267.60,267.45,267.50,4969
2026-09-25 11:23:00,267.50,267.50,267.45,267.50,3607
2026-09-25 11:24:00,267.45,267.50,267.30,267.30,7335
2026-09-25 11:25:00,267.30,267.35,267.20,267.20,11389
2026-09-25 11:26:00,267.25,267.30,267.15,267.30,7042
2026-09-25 11:27:00,267.25,267.30,267.20,267.20,5061
2026-09-25 11:28:00,267.30,267.30,267.20,267.20,2640
2026-09-25 11:29:00,267.30,267.30,267.20,267.30,3003
2026-09-25 11:30:00,267.25,267.30,267.25,267.30,2145
2026-09-25 11:31:00,267.30,267.30,267.25,267.30,1572
2026-09-25 11:32:00,267.30,267.80,267.20,267.75,29777
2026-09-25 11:33:00,267.85,267.85,267.55,267.55,4858
2026-09-25 11:34:00,267.60,267.60,267.55,267.55,3328
2026-09-25 11:35:00,267.70,267.75,267.55,267.70,5550
2026-09-25 11:36:00,267.70,267.70,267.50,267.65,3361
2026-09-25 11:37:00,267.65,267.70,267.55,267.70,2752
2026-09-25 11:38:00,267.70,268.15,267.55,268.00,33925
2026-09-25 11:39:00,267.90,268.15,267.90,268.00,16153
2026-09-25 11:40:00,268.00,268.00,267.75,267.85,1778
2026-09-25 11:41:00,267.85,267.95,267.75,267.95,7784
2026-09-25 11:42:00,267.95,268.45,267.85,268.40,21770
2026-09-25 11:43:00,268.40,268.40,268.10,268.30,3845
2026-09-25 11:44:00,268.30,268.30,268.10,268.15,1821
2026-09-25 11:45:00,268.15,268.35,268.10,268.35,8776
2026-09-25 11:46:00,268.35,268.35,268.05,268.10,5848
2026-09-25 11:47:00,268.05,268.30,268.05,268.30,12887
2026-09-25 11:48:00,268.30,268.35,268.25,268.25,4745
2026-09-25 11:49:00,268.30,268.35,268.15,268.20,5158
2026-09-25 11:50:00,268.20,268.20,268.15,268.20,1341
2026-09-25 11:51:00,268.20,268.20,268.10,268.20,2552
2026-09-25 11:52:00,268.20,268.20,268.10,268.10,2010
2026-09-25 11:53:00,268.15,268.15,268.10,268.15,1510
2026-09-25 11:54:00,268.10,268.15,268.05,268.05,2254
2026-09-25 11:55:00,268.15,268.15,268.00,268.10,4883
2026-09-25 11:56:00,268.25,268.40,268.25,268.30,22531
2026-09-25 11:57:00,268.30,268.40,268.25,268.35,7958
2026-09-25 11:58:00,268.25,268.40,268.25,268.25,4583
2026-09-25 11:59:00,268.30,268.30,268.15,268.25,3452
2026-09-25 12:00:00,268.25,268.25,268.10,268.15,4408
2026-09-25 12:01:00,268.20,268.25,268.00,268.20,18828
2026-09-25 12:02:00,268.10,268.20,268.10,268.15,4084
2026-09-25 12:03:00,268.10,268.25,268.00,268.25,18880
2026-09-25 12:04:00,268.20,268.25,268.10,268.25,5710
2026-09-25 12:05:00,268.30,268.30,268.10,268.30,11874
2026-09-25 12:06:00,268.20,268.30,268.15,268.15,6902
2026-09-25 12:07:00,268.25,268.30,268.15,268.30,7350
2026-09-25 12:08:00,268.30,268.30,268.25,268.30,4953
2026-09-25 12:09:00,268.30,268.30,268.25,268.25,1705
2026-09-25 12:10:00,268.30,268.30,268.20,268.25,3937
2026-09-25 12:11:00,268.20,268.30,268.20,268.30,8013
2026-09-25 12:12:00,268.30,268.40,268.25,268.40,2362
2026-09-25 12:13:00,268.40,268.60,268.35,268.40,14502
2026-09-25 12:14:00,268.45,268.50,268.35,268.50,6934
2026-09-25 12:15:00,268.45,268.45,268.25,268.35,5562
2026-09-25 12:16:00,268.35,268.35,268.15,268.30,5819
2026-09-25 12:17:00,268.30,268.30,268.15,268.15,3856
2026-09-25 12:18:00,268.25,268.25,268.10,268.10,13986
2026-09-25 12:19:00,268.20,268.20,268.10,268.15,16060
2026-09-25 12:20:00,268.15,268.15,268.10,268.10,2840
2026-09-25 12:21:00,268.15,268.15,268.10,268.15,1380
2026-09-25 12:22:00,268.15,268.15,268.05,268.15,2007
2026-09-25 12:23:00,268.10,268.10,267.50,267.50,37361
2026-09-25 12:24:00,267.55,267.55,267.45,267.50,13245
2026-09-25 12:25:00,267.55,267.60,267.50,267.60,10318
2026-09-25 12:26:00,267.60,267.85,267.55,267.85,15880
2026-09-25 12:27:00,267.80,267.95,267.75,267.75,8582
2026-09-25 12:28:00,267.85,267.85,267.75,267.80,2494
2026-09-25 12:29:00,267.80,267.80,267.75,267.80,2243
2026-09-25 12:30:00,267.75,267.80,267.75,267.80,1448
2026-09-25 12:31:00,267.80,267.85,267.75,267.85,1287
2026-09-25 12:32:00,267.80,267.85,267.80,267.85,2239
2026-09-25 12:33:00,267.80,268.20,267.80,267.85,83105
2026-09-25 12:34:00,268.00,268.00,267.85,267.95,1870
2026-09-25 12:35:00,267.90,267.95,267.65,267.65,5009
2026-09-25 12:36:00,267.70,267.70,267.50,267.55,17594
2026-09-25 12:37:00,267.60,267.65,267.55,267.60,7135
2026-09-25 12:38:00,267.65,267.65,267.60,267.65,2610
2026-09-25 12:39:00,267.65,267.65,267.60,267.60,3805
2026-09-25 12:40:00,267.65,267.65,267.50,267.65,3917
2026-09-25 12:41:00,267.65,267.65,267.50,267.65,6128
2026-09-25 12:42:00,267.65,267.65,267.55,267.55,2426
2026-09-25 12:43:00,267.60,267.60,267.45,267.50,4484
2026-09-25 12:44:00,267.50,267.60,267.45,267.60,3698
2026-09-25 12:45:00,267.55,267.60,267.50,267.55,2010
2026-09-25 12:46:00,267.50,267.55,267.45,267.55,1990
2026-09-25 12:47:00,267.55,267.55,267.35,267.35,6062
2026-09-25 12:48:00,267.40,267.45,267.40,267.40,2778
2026-09-25 12:49:00,267.45,267.50,267.40,267.50,1441
2026-09-25 12:50:00,267.50,267.55,267.45,267.50,5846
2026-09-25 12:51:00,267.55,267.60,267.50,267.60,5387
2026-09-25 12:52:00,267.65,267.80,267.60,267.75,4222
2026-09-25 12:53:00,267.65,267.80,267.65,267.80,2089
2026-09-25 12:54:00,267.80,267.80,267.55,267.55,4086
2026-09-25 12:55:00,267.65,267.65,267.55,267.60,1349
2026-09-25 12:56:00,267.60,267.60,267.30,267.30,8656
2026-09-25 12:57:00,267.15,267.25,267.15,267.25,10430
2026-09-25 12:58:00,267.25,267.30,267.20,267.30,3514
2026-09-25 12:59:00,267.30,267.55,267.25,267.35,36294
2026-09-25 13:00:00,267.50,267.50,267.35,267.45,4988
2026-09-25 13:01:00,267.40,267.45,267.40,267.45,936
2026-09-25 13:02:00,267.40,267.45,267.30,267.35,4543
2026-09-25 13:03:00,267.25,267.35,267.25,267.25,1714
2026-09-25 13:04:00,267.30,267.30,267.20,267.25,3164
2026-09-25 13:05:00,267.20,267.20,267.10,267.15,5775
2026-09-25 13:06:00,267.10,267.15,267.05,267.05,3121
2026-09-25 13:07:00,267.10,267.25,267.05,267.20,21714
2026-09-25 13:08:00,267.20,267.20,267.15,267.20,3188
2026-09-25 13:09:00,267.20,267.25,267.10,267.25,1608
2026-09-25 13:10:00,267.25,267.25,267.15,267.25,764
2026-09-25 13:11:00,267.25,267.25,267.15,267.25,2548
2026-09-25 13:12:00,267.20,267.30,267.20,267.25,6122
2026-09-25 13:13:00,267.30,267.30,267.20,267.30,3462
2026-09-25 13:14:00,267.30,267.30,267.15,267.25,1236
2026-09-25 13:15:00,267.20,267.20,267.15,267.20,1651
2026-09-25 13:16:00,267.20,267.20,267.10,267.15,1626
2026-09-25 13:17:00,267.15,267.15,267.05,267.05,4338
2026-09-25 13:18:00,267.05,267.10,267.00,267.05,3892
2026-09-25 13:19:00,267.05,267.15,267.00,267.15,5439
2026-09-25 13:20:00,267.10,267.20,267.10,267.20,1206
2026-09-25 13:21:00,267.15,267.20,267.15,267.15,2043
2026-09-25 13:22:00,267.20,267.40,267.15,267.40,22799
2026-09-25 13:23:00,267.35,267.45,267.05,267.20,12282
2026-09-25 13:24:00,267.05,267.25,267.05,267.25,2164
2026-09-25 13:25:00,267.20,267.30,267.20,267.30,10243
2026-09-25 13:26:00,267.20,267.30,267.15,267.25,3687
2026-09-25 13:27:00,267.25,267.25,267.20,267.20,1828
2026-09-25 13:28:00,267.25,267.25,267.20,267.25,2181
2026-09-25 13:29:00,267.25,267.65,267.20,267.65,31830
2026-09-25 13:30:00,267.55,267.65,267.55,267.65,8485
2026-09-25 13:31:00,267.60,267.80,267.50,267.70,25277
2026-09-25 13:32:00,267.70,267.70,267.55,267.60,5467
2026-09-25 13:33:00,267.60,267.60,267.50,267.55,6272
2026-09-25 13:34:00,267.50,267.60,267.50,267.60,11359
2026-09-25 13:35:00,267.60,267.65,267.55,267.65,10914
2026-09-25 13:36:00,267.65,267.65,267.55,267.65,7665
2026-09-25 13:37:00,267.65,267.65,267.50,267.65,12364
2026-09-25 13:38:00,267.65,267.70,267.55,267.70,26454
2026-09-25 13:39:00,267.70,267.80,267.65,267.70,6151
2026-09-25 13:40:00,267.70,268.20,267.65,268.05,383849
2026-09-25 13:41:00,268.05,268.05,268.00,268.05,40906
2026-09-25 13:42:00,268.05,268.05,267.85,267.90,81883
2026-09-25 13:43:00,267.90,267.90,267.75,267.80,1499
2026-09-25 13:44:00,267.80,267.80,267.75,267.75,4835
2026-09-25 13:45:00,267.80,267.80,267.70,267.75,3595
2026-09-25 13:46:00,267.80,267.80,267.70,267.75,1368
2026-09-25 13:47:00,267.80,267.80,267.75,267.80,7234
2026-09-25 13:48:00,267.75,267.80,267.75,267.75,1252
2026-09-25 13:49:00,267.80,267.80,267.70,267.75,2557
2026-09-25 13:50:00,267.75,267.75,267.70,267.75,989
2026-09-25 13:51:00,267.70,267.80,267.70,267.75,2206
2026-09-25 13:52:00,267.70,267.80,267.70,267.80,3072
2026-09-25 13:53:00,267.70,267.80,267.60,267.60,6756
2026-09-25 13:54:00,267.60,267.70,267.60,267.65,2881
2026-09-25 13:55:00,267.60,267.65,267.60,267.65,1364
2026-09-25 13:56:00,267.65,267.70,267.60,267.65,4646
2026-09-25 13:57:00,267.70,267.70,267.60,267.70,2646
2026-09-25 13:58:00,267.65,267.80,267.60,267.75,7371
2026-09-25 13:59:00,267.80,267.90,267.75,267.85,7001
2026-09-25 14:00:00,267.90,268.15,267.90,268.10,5253
2026-09-25 14:01:00,268.10,268.30,268.10,268.25,12818
2026-09-25 14:02:00,268.25,268.40,268.20,268.25,9223
2026-09-25 14:03:00,268.20,268.85,268.20,268.85,24034
2026-09-25 14:04:00,268.90,268.90,268.70,268.80,13015
2026-09-25 14:05:00,268.80,268.85,268.60,268.60,14549
2026-09-25 14:06:00,268.65,269.05,268.65,269.05,58673
2026-09-25 14:07:00,269.00,269.05,268.85,268.95,151055
2026-09-25 14:08:00,269.00,269.00,268.80,268.80,7035
2026-09-25 14:09:00,268.85,268.85,268.50,268.55,16756
2026-09-25 14:10:00,268.60,268.60,268.55,268.60,3891
2026-09-25 14:11:00,268.60,268.80,268.55,268.80,112360
2026-09-25 14:12:00,268.80,268.80,268.60,268.60,79802
2026-09-25 14:13:00,268.65,268.85,268.60,268.75,34560
2026-09-25 14:14:00,268.80,268.80,268.75,268.80,1863
2026-09-25 14:15:00,268.75,269.10,268.75,269.00,128636
2026-09-25 14:16:00,269.05,269.05,268.60,268.70,74572
2026-09-25 14:17:00,268.70,268.70,268.40,268.40,47012
2026-09-25 14:18:00,268.45,268.65,268.35,268.65,24450
2026-09-25 14:19:00,268.65,268.75,268.35,268.65,32070
2026-09-25 14:20:00,268.60,268.60,268.40,268.50,1999
2026-09-25 14:21:00,268.45,268.60,268.45,268.50,3661
2026-09-25 14:22:00,268.60,268.60,268.45,268.55,2102
2026-09-25 14:23:00,268.55,268.55,268.45,268.55,1286
2026-09-25 14:24:00,268.55,268.55,268.45,268.50,1563
2026-09-25 14:25:00,268.50,268.60,268.45,268.60,13924
2026-09-25 14:26:00,268.60,268.65,268.50,268.65,12118
2026-09-25 14:27:00,268.65,268.70,268.60,268.70,1740
2026-09-25 14:28:00,268.60,268.70,268.60,268.70,6955
2026-09-25 14:29:00,268.70,269.05,268.65,269.00,136014
2026-09-25 14:30:00,269.00,269.05,269.00,269.05,58400
2026-09-25 14:31:00,269.05,269.05,268.90,269.00,31088
2026-09-25 14:32:00,269.00,269.15,268.95,269.10,18976
2026-09-25 14:33:00,269.15,269.15,269.05,269.10,6397
2026-09-25 14:34:00,269.10,269.20,269.10,269.15,9168
2026-09-25 14:35:00,269.20,269.25,269.10,269.20,9415
2026-09-25 14:36:00,269.20,269.25,269.15,269.20,10796
2026-09-25 14:37:00,269.15,269.25,269.15,269.20,4303
2026-09-25 14:38:00,269.20,269.20,269.15,269.15,3052
2026-09-25 14:39:00,269.15,269.30,269.15,269.30,14817
2026-09-25 14:40:00,269.25,269.30,269.10,269.10,19453
2026-09-25 14:41:00,269.10,269.10,269.00,269.00,20914
2026-09-25 14:42:00,269.05,269.10,269.00,269.00,19872
2026-09-25 14:43:00,269.00,269.05,269.00,269.05,19160
2026-09-25 14:44:00,269.00,269.05,269.00,269.05,16165
2026-09-25 14:45:00,269.05,269.05,268.95,269.00,137758
2026-09-25 14:46:00,269.00,269.05,268.95,268.95,30694
2026-09-25 14:47:00,268.95,268.95,268.80,268.80,8976
2026-09-25 14:48:00,268.85,268.85,268.75,268.80,8040
2026-09-25 14:49:00,268.80,268.80,268.70,268.75,7704
2026-09-25 14:50:00,268.75,268.80,268.65,268.75,13037
2026-09-25 14:51:00,268.75,269.10,268.60,269.10,161373
2026-09-25 14:52:00,269.00,269.10,269.00,269.00,30039
2026-09-25 14:53:00,269.05,269.10,269.00,269.00,71412
2026-09-25 14:54:00,269.00,269.10,269.00,269.05,69585
2026-09-25 14:55:00,269.00,269.05,269.00,269.05,32644
2026-09-25 14:56:00,269.05,269.10,269.00,269.10,30349
2026-09-25 14:57:00,269.05,269.15,269.00,269.10,30729
2026-09-25 14:58:00,269.05,269.15,269.05,269.10,35188
2026-09-25 14:59:00,269.05,269.15,269.05,269.15,35330
2026-09-25 15:00:00,269.10,269.15,269.00,269.10,34227
2026-09-25 15:01:00,269.00,269.05,269.00,269.05,14619
2026-09-25 15:02:00,269.05,269.05,269.00,269.05,31313
2026-09-25 15:03:00,269.00,269.05,269.00,269.05,16980
2026-09-25 15:04:00,269.05,269.05,269.00,269.05,36257
2026-09-25 15:05:00,269.05,269.10,269.05,269.10,43964
2026-09-25 15:06:00,269.05,269.10,269.05,269.10,21481
2026-09-25 15:07:00,269.10,269.10,269.05,269.05,38085
2026-09-25 15:08:00,269.10,269.10,268.90,268.95,218237
2026-09-25 15:09:00,268.95,268.95,268.85,268.90,60143
2026-09-25 15:10:00,268.90,269.00,268.90,269.00,163515
2026-09-25 15:11:00,268.95,269.00,268.90,268.95,27627
2026-09-25 15:12:00,268.95,269.25,268.90,269.10,75061
2026-09-25 15:13:00,269.10,269.10,268.95,269.00,43653
2026-09-25 15:14:00,268.95,269.35,268.95,269.05,16893
2026-09-25 15:15:00,269.35,269.35,269.35,269.35,409
2026-09-25 15:16:00,269.35,269.35,269.35,269.35,0
2026-09-25 15:17:00,269.35,269.35,269.35,269.35,0
2026-09-25 15:18:00,269.35,269.35,269.35,269.35,0
2026-09-25 15:19:00,269.35,269.35,269.35,269.35,0
2026-09-25 15:20:00,269.35,269.35,269.35,269.35,0
2026-09-25 15:21:00,269.35,269.35,269.35,269.35,0
2026-09-25 15:22:00,269.35,269.35,269.35,269.35,0
2026-09-25 15:23:00,269.35,269.35,269.35,269.35,0
2026-09-25 15:24:00,269.35,269.35,269.35,269.35,0
2026-09-25 15:25:00,269.35,269.35,269.35,269.35,0
2026-09-25 15:26:00,269.35,269.35,269.35,269.35,0
2026-09-25 15:27:00,269.35,269.35,269.35,269.35,0
2026-09-25 15:28:00,269.35,269.35,269.35,269.35,0
2026-09-25 15:29:00,269.50,269.50,269.50,269.50,231605
2026-09-28 09:15:00,269.90,269.90,267.40,267.50,168651
2026-09-28 09:16:00,267.45,267.60,267.15,267.25,66834
2026-09-28 09:17:00,267.25,267.35,267.15,267.15,25243
2026-09-28 09:18:00,267.10,267.25,267.10,267.20,33984
2026-09-28 09:19:00,267.20,267.35,267.20,267.20,25858
2026-09-28 09:20:00,267.20,267.30,267.00,267.15,61459
2026-09-28 09:21:00,267.05,267.05,266.70,266.80,24379
2026-09-28 09:22:00,266.80,266.80,266.55,266.70,14933
2026-09-28 09:23:00,266.50,266.70,266.35,266.55,56699
2026-09-28 09:24:00,266.65,266.70,266.55,266.55,10486
2026-09-28 09:25:00,266.60,266.60,266.40,266.45,16690
2026-09-28 09:26:00,266.45,266.50,266.35,266.45,11261
2026-09-28 09:27:00,266.40,266.65,266.40,266.65,6129
2026-09-28 09:28:00,266.65,266.65,266.50,266.55,4253
2026-09-28 09:29:00,266.70,266.80,266.65,266.80,8480
2026-09-28 09:30:00,266.70,266.85,266.70,266.70,6139
2026-09-28 09:31:00,266.70,266.70,266.55,266.60,4198
2026-09-28 09:32:00,266.65,266.65,266.50,266.50,7354
2026-09-28 09:33:00,266.50,266.55,266.35,266.55,11494
2026-09-28 09:34:00,266.55,266.60,266.40,266.60,4443
2026-09-28 09:35:00,266.55,266.60,266.20,266.45,20038
2026-09-28 09:36:00,266.45,266.45,266.35,266.35,4684
2026-09-28 09:37:00,266.40,266.40,266.15,266.20,7561
2026-09-28 09:38:00,266.20,266.25,266.10,266.25,14330
2026-09-28 09:39:00,266.40,266.45,266.30,266.40,10001
2026-09-28 09:40:00,266.40,266.40,266.10,266.20,11626
2026-09-28 09:41:00,266.30,266.35,266.20,266.30,14773
2026-09-28 09:42:00,266.30,266.35,266.25,266.35,4905
2026-09-28 09:43:00,266.10,266.35,266.10,266.30,11400
2026-09-28 09:44:00,266.30,266.35,265.85,265.95,19844
2026-09-28 09:45:00,265.95,266.00,265.70,265.70,16093
2026-09-28 09:46:00,265.80,265.90,265.75,265.85,8836
2026-09-28 09:47:00,265.85,265.90,265.75,265.90,6223
2026-09-28 09:48:00,265.90,265.90,265.70,265.85,4076
2026-09-28 09:49:00,265.85,265.90,265.75,265.90,11131
2026-09-28 09:50:00,265.90,266.00,265.85,266.00,5648
2026-09-28 09:51:00,266.00,266.00,265.95,266.00,7398
2026-09-28 09:52:00,266.00,266.00,265.90,266.00,8664
2026-09-28 09:53:00,266.00,266.15,266.00,266.15,162998
2026-09-28 09:54:00,266.10,266.15,265.90,266.00,39313
2026-09-28 09:55:00,266.00,266.00,265.95,266.00,2421
2026-09-28 09:56:00,266.00,266.00,265.95,266.00,33181
2026-09-28 09:57:00,266.00,266.00,265.95,265.95,6392
2026-09-28 09:58:00,265.95,266.00,265.95,266.00,1917
2026-09-28 09:59:00,266.00,266.00,265.85,265.95,8519
2026-09-28 10:00:00,265.95,266.00,265.85,265.85,8884
2026-09-28 10:01:00,265.95,265.95,265.80,265.90,4477
2026-09-28 10:02:00,265.85,265.90,265.70,265.85,7220
2026-09-28 10:03:00,265.80,265.80,265.65,265.75,5392
2026-09-28 10:04:00,265.75,265.75,265.55,265.70,4940
2026-09-28 10:05:00,265.70,265.70,265.65,265.70,4986
2026-09-28 10:06:00,265.70,265.70,265.65,265.70,11610
2026-09-28 10:07:00,265.70,265.70,265.65,265.70,5302
2026-09-28 10:08:00,265.65,265.70,265.65,265.65,2493
2026-09-28 10:09:00,265.70,265.70,265.55,265.70,8270
2026-09-28 10:10:00,265.60,265.75,265.60,265.75,16004
2026-09-28 10:11:00,265.75,265.75,265.70,265.75,2343
2026-09-28 10:12:00,265.75,265.75,265.65,265.70,2978
2026-09-28 10:13:00,265.70,265.70,265.65,265.70,1600
2026-09-28 10:14:00,265.70,265.70,265.65,265.70,1724
2026-09-28 10:15:00,265.70,265.70,265.50,265.55,12074
2026-09-28 10:16:00,265.50,265.55,265.35,265.45,6416
2026-09-28 10:17:00,265.45,265.45,265.30,265.40,6133
2026-09-28 10:18:00,265.40,265.40,265.20,265.20,6065
2026-09-28 10:19:00,265.30,265.30,265.10,265.15,7926
2026-09-28 10:20:00,265.15,265.15,265.10,265.15,13613
2026-09-28 10:21:00,265.15,265.15,265.10,265.15,26305
2026-09-28 10:22:00,265.15,265.25,265.15,265.15,100990
2026-09-28 10:23:00,265.20,265.20,265.15,265.20,2404
2026-09-28 10:24:00,265.20,265.20,265.10,265.15,5886
2026-09-28 10:25:00,265.15,265.15,265.05,265.10,8492
2026-09-28 10:26:00,265.05,265.10,265.05,265.10,7535
2026-09-28 10:27:00,265.05,265.10,265.05,265.10,4714
2026-09-28 10:28:00,265.10,265.10,265.05,265.10,13226
2026-09-28 10:29:00,265.10,265.10,265.05,265.05,11905
2026-09-28 10:30:00,265.10,265.10,265.05,265.05,9635
2026-09-28 10:31:00,265.00,265.10,264.90,265.00,25294
2026-09-28 10:32:00,265.00,265.00,264.90,265.00,4536
2026-09-28 10:33:00,265.00,265.00,264.80,264.90,7523
2026-09-28 10:34:00,264.90,264.90,264.70,264.80,18215
2026-09-28 10:35:00,264.80,264.90,264.80,264.85,7089
2026-09-28 10:36:00,264.90,264.90,264.80,264.85,1982
2026-09-28 10:37:00,264.85,264.90,264.80,264.85,2996
2026-09-28 10:38:00,264.85,265.00,264.75,265.00,6646
2026-09-28 10:39:00,265.00,265.10,264.95,265.10,7257
2026-09-28 10:40:00,265.10,265.35,265.10,265.30,11327
2026-09-28 10:41:00,265.30,265.45,265.30,265.30,13379
2026-09-28 10:42:00,265.30,265.45,265.20,265.30,16272
2026-09-28 10:43:00,265.45,265.50,265.35,265.40,7961
2026-09-28 10:44:00,265.35,265.40,265.15,265.30,1924
2026-09-28 10:45:00,265.30,265.30,265.05,265.20,7728
2026-09-28 10:46:00,265.25,265.35,265.20,265.30,11370
2026-09-28 10:47:00,265.30,265.30,265.20,265.30,3225
2026-09-28 10:48:00,265.30,265.30,265.10,265.30,3710
2026-09-28 10:49:00,265.30,265.30,265.15,265.15,11208
2026-09-28 10:50:00,265.25,265.90,265.15,265.70,240146
2026-09-28 10:51:00,265.70,265.85,265.50,265.60,83884
2026-09-28 10:52:00,265.60,265.65,265.50,265.50,9003
2026-09-28 10:53:00,265.60,265.60,265.20,265.30,19421
2026-09-28 10:54:00,265.35,265.35,265.15,265.30,16086
2026-09-28 10:55:00,265.30,265.30,265.15,265.20,6762
2026-09-28 10:56:00,265.20,265.25,265.15,265.20,9422
2026-09-28 10:57:00,265.25,265.65,265.20,265.65,45965
2026-09-28 10:58:00,265.60,265.65,265.50,265.65,19964
2026-09-28 10:59:00,265.60,265.80,265.55,265.70,40521
2026-09-28 11:00:00,265.70,265.75,265.55,265.75,77010
2026-09-28 11:01:00,265.70,265.90,265.65,265.85,108053
2026-09-28 11:02:00,265.85,265.85,265.60,265.65,4824
2026-09-28 11:03:00,265.65,265.65,265.40,265.50,8351
2026-09-28 11:04:00,265.50,265.50,265.40,265.45,2272
2026-09-28 11:05:00,265.45,265.45,265.25,265.35,7310
2026-09-28 11:06:00,265.25,265.75,265.25,265.75,16885
2026-09-28 11:07:00,265.75,265.85,265.60,265.70,11275
2026-09-28 11:08:00,265.70,265.80,265.65,265.75,6093
2026-09-28 11:09:00,265.70,265.75,265.60,265.75,8330
2026-09-28 11:10:00,265.60,265.75,265.60,265.75,22335
2026-09-28 11:11:00,265.70,265.75,265.55,265.70,8316
2026-09-28 11:12:00,265.65,265.65,265.50,265.60,16856
2026-09-28 11:13:00,265.60,265.60,265.40,265.55,7940
2026-09-28 11:14:00,265.55,265.60,265.40,265.45,6811
2026-09-28 11:15:00,265.45,265.50,265.30,265.45,8913
2026-09-28 11:16:00,265.45,265.65,265.35,265.60,16460
2026-09-28 11:17:00,265.60,265.65,265.45,265.45,7783
2026-09-28 11:18:00,265.65,265.70,265.60,265.70,4803
2026-09-28 11:19:00,265.70,265.80,265.55,265.80,12362
2026-09-28 11:20:00,265.80,265.80,265.70,265.75,3970
2026-09-28 11:21:00,265.70,265.80,265.70,265.75,6846
2026-09-28 11:22:00,265.75,265.80,265.55,265.65,10794
2026-09-28 11:23:00,265.65,265.65,265.45,265.60,18509
2026-09-28 11:24:00,265.65,265.65,265.30,265.40,24466
2026-09-28 11:25:00,265.40,265.45,265.30,265.45,8205
2026-09-28 11:26:00,265.45,265.50,265.45,265.50,4083
2026-09-28 11:27:00,265.55,265.60,265.30,265.55,73618
2026-09-28 11:28:00,265.55,266.00,265.55,265.90,31945
2026-09-28 11:29:00,265.90,266.00,265.85,265.95,6882
2026-09-28 11:30:00,265.95,266.05,265.90,266.05,10409
2026-09-28 11:31:00,266.10,266.15,266.00,266.10,6262
2026-09-28 11:32:00,266.10,266.10,266.00,266.10,1264
2026-09-28 11:33:00,266.10,266.10,265.85,266.00,8754
2026-09-28 11:34:00,266.00,266.00,265.90,266.00,9819
2026-09-28 11:35:00,266.00,266.05,266.00,266.05,2368
2026-09-28 11:36:00,266.05,266.05,265.75,265.90,15708
2026-09-28 11:37:00,265.90,266.00,265.75,265.90,10218
2026-09-28 11:38:00,265.95,266.00,265.95,266.00,5329
2026-09-28 11:39:00,266.00,266.05,265.85,266.05,6664
2026-09-28 11:40:00,266.00,266.05,265.85,266.05,6830
2026-09-28 11:41:00,266.00,266.10,265.90,266.05,9317
2026-09-28 11:42:00,266.05,266.10,266.00,266.10,5506
2026-09-28 11:43:00,266.10,266.10,266.00,266.10,3699
2026-09-28 11:44:00,266.00,266.10,266.00,266.00,9078
2026-09-28 11:45:00,266.05,266.05,265.90,266.05,59590
2026-09-28 11:46:00,266.00,266.05,265.90,266.05,41543
2026-09-28 11:47:00,266.00,266.05,265.90,266.05,101845
2026-09-28 11:48:00,266.05,266.20,266.00,266.20,34106
2026-09-28 11:49:00,266.20,266.30,266.10,266.25,5825
2026-09-28 11:50:00,266.25,266.30,266.20,266.25,6219
2026-09-28 11:51:00,266.20,266.25,266.15,266.20,1304
2026-09-28 11:52:00,266.20,266.25,266.15,266.20,1612
2026-09-28 11:53:00,266.20,266.25,266.15,266.20,1086
2026-09-28 11:54:00,266.20,266.20,266.10,266.20,4585
2026-09-28 11:55:00,266.15,266.15,266.00,266.10,2013
2026-09-28 11:56:00,266.10,266.10,265.75,265.75,43752
2026-09-28 11:57:00,265.75,265.80,265.60,265.65,9333
2026-09-28 11:58:00,265.65,265.70,265.55,265.60,8964
2026-09-28 11:59:00,265.60,265.60,265.50,265.55,6823
2026-09-28 12:00:00,265.60,265.65,265.50,265.60,5384
2026-09-28 12:01:00,265.50,266.00,265.50,265.75,138732
2026-09-28 12:02:00,265.75,265.75,265.60,265.70,14198
2026-09-28 12:03:00,265.70,265.70,265.55,265.65,7038
2026-09-28 12:04:00,265.65,265.65,265.40,265.40,10983
2026-09-28 12:05:00,265.50,265.50,265.35,265.50,5762
2026-09-28 12:06:00,265.50,265.90,265.45,265.80,130606
2026-09-28 12:07:00,265.90,266.00,265.80,265.80,26184
2026-09-28 12:08:00,265.85,265.90,265.65,265.70,11372
2026-09-28 12:09:00,265.75,265.80,265.60,265.60,7977
2026-09-28 12:10:00,265.65,265.65,265.45,265.50,19020
2026-09-28 12:11:00,265.55,265.70,265.50,265.70,14589
2026-09-28 12:12:00,265.70,265.70,265.55,265.70,10973
2026-09-28 12:13:00,265.70,265.75,265.60,265.70,10811
2026-09-28 12:14:00,265.75,265.75,265.60,265.70,7353
2026-09-28 12:15:00,265.70,265.75,265.55,265.65,9841
2026-09-28 12:16:00,265.70,265.75,265.60,265.60,12088
2026-09-28 12:17:00,265.70,265.70,265.55,265.60,18938
2026-09-28 12:18:00,265.65,265.90,265.60,265.85,169998
2026-09-28 12:19:00,265.85,265.90,265.75,265.85,13746
2026-09-28 12:20:00,265.90,265.90,265.70,265.75,6603
2026-09-28 12:21:00,265.75,265.80,265.70,265.75,13031
2026-09-28 12:22:00,265.75,265.75,265.65,265.65,7436
2026-09-28 12:23:00,265.75,265.75,265.65,265.75,9014
2026-09-28 12:24:00,265.75,266.10,265.70,266.05,34027
2026-09-28 12:25:00,266.00,266.05,265.70,266.00,71015
2026-09-28 12:26:00,266.05,266.05,266.00,266.05,47500
2026-09-28 12:27:00,266.00,266.00,265.85,265.85,21220
2026-09-28 12:28:00,265.90,265.90,265.85,265.85,6518
2026-09-28 12:29:00,265.90,265.90,265.80,265.85,10327
2026-09-28 12:30:00,265.80,265.80,265.70,265.70,8974
2026-09-28 12:31:00,265.75,265.80,265.65,265.80,6780
2026-09-28 12:32:00,265.70,265.75,265.60,265.65,16157
2026-09-28 12:33:00,265.65,265.65,265.55,265.55,5126
2026-09-28 12:34:00,265.60,265.60,265.45,265.55,6142
2026-09-28 12:35:00,265.55,265.60,265.50,265.60,14635
2026-09-28 12:36:00,265.60,265.60,265.45,265.50,6889
2026-09-28 12:37:00,265.50,265.60,265.45,265.60,6494
2026-09-28 12:38:00,265.60,265.60,265.45,265.55,6197
2026-09-28 12:39:00,265.60,265.90,265.60,265.85,175618
2026-09-28 12:40:00,265.80,265.90,265.65,265.70,28986
2026-09-28 12:41:00,265.70,265.70,265.45,265.45,26056
2026-09-28 12:42:00,265.55,265.60,265.45,265.50,3663
2026-09-28 12:43:00,265.50,265.50,265.45,265.45,5338
2026-09-28 12:44:00,265.50,265.50,265.30,265.40,6804
2026-09-28 12:45:00,265.40,265.75,265.25,265.60,332251
2026-09-28 12:46:00,265.70,265.80,265.60,265.80,51373
2026-09-28 12:47:00,265.80,266.00,265.70,266.00,80401
2026-09-28 12:48:00,266.00,266.00,265.45,265.55,30993
2026-09-28 12:49:00,265.60,265.85,265.55,265.70,21806
2026-09-28 12:50:00,265.70,265.75,265.55,265.75,11501
2026-09-28 12:51:00,265.75,265.75,265.60,265.65,8066
2026-09-28 12:52:00,265.65,265.65,265.55,265.60,11662
2026-09-28 12:53:00,265.60,265.60,265.40,265.50,7598
2026-09-28 12:54:00,265.50,265.60,265.35,265.50,10272
2026-09-28 12:55:00,265.50,265.60,265.40,265.55,6662
2026-09-28 12:56:00,265.45,265.55,265.35,265.35,12591
2026-09-28 12:57:00,265.40,265.75,265.25,265.65,221426
2026-09-28 12:58:00,265.70,265.85,265.60,265.85,72997
2026-09-28 12:59:00,265.85,265.95,265.75,265.95,15679
2026-09-28 13:00:00,265.95,265.95,265.70,265.80,24011
2026-09-28 13:01:00,265.90,265.95,265.60,265.60,19231
2026-09-28 13:02:00,265.65,266.00,265.55,266.00,142272
2026-09-28 13:03:00,266.00,266.30,265.90,266.30,38447
2026-09-28 13:04:00,266.15,266.25,266.05,266.10,6184
2026-09-28 13:05:00,266.10,266.10,265.75,265.80,29566
2026-09-28 13:06:00,265.80,265.80,265.70,265.70,21514
2026-09-28 13:07:00,265.75,265.85,265.70,265.80,8194
2026-09-28 13:08:00,265.80,265.80,265.55,265.55,11714
2026-09-28 13:09:00,265.60,265.60,265.55,265.60,7520
2026-09-28 13:10:00,265.60,265.75,265.55,265.65,26024
2026-09-28 13:11:00,265.75,265.80,265.60,265.60,16000
2026-09-28 13:12:00,265.55,265.75,265.50,265.60,56872
2026-09-28 13:13:00,265.60,265.90,265.45,265.65,142678
2026-09-28 13:14:00,265.65,265.75,265.50,265.65,59267
2026-09-28 13:15:00,265.50,265.65,265.45,265.60,12803
2026-09-28 13:16:00,265.60,265.65,265.40,265.55,6743
2026-09-28 13:17:00,265.60,265.60,265.20,265.35,35546
2026-09-28 13:18:00,265.35,265.35,264.95,265.20,133080
2026-09-28 13:19:00,265.15,265.25,264.80,264.80,46683
2026-09-28 13:20:00,264.80,264.80,264.65,264.65,17621
2026-09-28 13:21:00,264.70,264.70,264.55,264.55,6735
2026-09-28 13:22:00,264.60,265.00,264.60,264.85,75673
2026-09-28 13:23:00,264.90,264.90,264.65,264.75,152321
2026-09-28 13:24:00,264.80,265.00,264.75,264.85,117338
2026-09-28 13:25:00,264.85,264.90,264.60,264.85,25212
2026-09-28 13:26:00,264.85,264.95,264.80,264.95,5087
2026-09-28 13:27:00,264.95,265.00,264.80,265.00,6947
2026-09-28 13:28:00,265.00,265.00,264.80,264.85,7651
2026-09-28 13:29:00,264.85,264.90,264.80,264.80,5217
2026-09-28 13:30:00,264.80,264.90,264.75,264.75,14350
2026-09-28 13:31:00,264.80,264.85,264.70,264.75,13127
2026-09-28 13:32:00,264.80,265.00,264.70,265.00,115376
2026-09-28 13:33:00,265.00,265.00,264.55,264.55,182223
2026-09-28 13:34:00,264.70,264.70,264.50,264.50,22486
2026-09-28 13:35:00,264.55,264.65,264.50,264.65,4444
2026-09-28 13:36:00,264.65,264.65,264.55,264.65,25965
2026-09-28 13:37:00,264.65,264.65,264.55,264.65,14665
2026-09-28 13:38:00,264.65,264.65,264.60,264.65,10683
2026-09-28 13:39:00,264.65,264.70,264.55,264.65,15771
2026-09-28 13:40:00,264.65,264.70,264.60,264.70,11822
2026-09-28 13:41:00,264.70,264.70,264.55,264.60,11218
2026-09-28 13:42:00,264.50,264.60,264.50,264.55,3835
2026-09-28 13:43:00,264.55,264.55,264.40,264.40,9156
2026-09-28 13:44:00,264.50,264.50,264.40,264.45,6806
2026-09-28 13:45:00,264.45,264.50,264.40,264.45,4125
2026-09-28 13:46:00,264.45,264.45,264.40,264.45,3599
2026-09-28 13:47:00,264.45,264.45,264.20,264.35,60639
2026-09-28 13:48:00,264.45,264.45,264.35,264.45,17423
2026-09-28 13:49:00,264.45,264.55,264.40,264.55,22256
2026-09-28 13:50:00,264.55,264.70,264.20,264.20,205180
2026-09-28 13:51:00,264.30,264.35,263.80,263.90,86479
2026-09-28 13:52:00,263.95,264.00,263.90,264.00,17592
2026-09-28 13:53:00,264.10,264.30,263.90,263.90,31820
2026-09-28 13:54:00,264.00,264.00,263.85,263.90,15691
2026-09-28 13:55:00,263.90,264.00,263.80,263.90,10929
2026-09-28 13:56:00,263.90,263.90,263.80,263.90,8580
2026-09-28 13:57:00,263.90,263.90,263.80,263.80,6817
2026-09-28 13:58:00,263.80,263.90,263.75,263.80,10156
2026-09-28 13:59:00,263.80,263.95,263.75,263.80,6911
2026-09-28 14:00:00,263.90,263.95,263.80,263.90,7791
2026-09-28 14:01:00,263.90,263.90,263.80,263.85,4553
2026-09-28 14:02:00,263.85,263.85,263.75,263.85,6414
2026-09-28 14:03:00,263.75,263.80,263.65,263.75,14470
2026-09-28 14:04:00,263.80,263.85,263.75,263.85,12633
2026-09-28 14:05:00,263.85,263.95,263.75,263.80,5528
2026-09-28 14:06:00,263.85,263.95,263.70,263.75,21593
2026-09-28 14:07:00,263.80,263.80,263.70,263.75,19264
2026-09-28 14:08:00,263.80,263.85,263.70,263.75,20839
2026-09-28 14:09:00,263.80,263.80,263.60,263.80,34060
2026-09-28 14:10:00,263.80,263.85,263.75,263.75,16207
2026-09-28 14:11:00,263.80,263.85,263.75,263.75,7719
2026-09-28 14:12:00,263.80,263.80,263.70,263.75,10693
2026-09-28 14:13:00,263.80,263.80,263.65,263.65,5920
2026-09-28 14:14:00,263.70,263.70,263.50,263.55,19359
2026-09-28 14:15:00,263.60,263.60,263.50,263.55,21249
2026-09-28 14:16:00,263.60,263.65,263.55,263.60,12935
2026-09-28 14:17:00,263.65,263.65,263.60,263.65,6271
2026-09-28 14:18:00,263.60,263.70,263.55,263.60,25519
2026-09-28 14:19:00,263.60,263.60,263.50,263.55,14937
2026-09-28 14:20:00,263.60,263.60,263.55,263.60,9926
2026-09-28 14:21:00,263.60,263.60,263.45,263.55,7682
2026-09-28 14:22:00,263.60,263.60,263.40,263.55,24114
2026-09-28 14:23:00,263.60,263.60,263.50,263.60,16820
2026-09-28 14:24:00,263.55,263.65,263.50,263.60,30902
2026-09-28 14:25:00,263.50,263.60,263.35,263.45,75856
2026-09-28 14:26:00,263.50,263.60,263.35,263.45,48862
2026-09-28 14:27:00,263.45,263.50,263.30,263.45,25405
2026-09-28 14:28:00,263.35,263.60,263.35,263.50,39892
2026-09-28 14:29:00,263.50,263.60,263.45,263.50,11197
2026-09-28 14:30:00,263.60,263.75,263.45,263.70,24943
2026-09-28 14:31:00,263.65,263.70,263.50,263.50,17483
2026-09-28 14:32:00,263.60,263.60,263.35,263.40,21171
2026-09-28 14:33:00,263.30,263.30,263.15,263.20,16249
2026-09-28 14:34:00,263.25,263.25,262.90,262.95,27477
2026-09-28 14:35:00,262.90,263.30,262.85,263.25,67901
2026-09-28 14:36:00,263.25,263.35,263.15,263.25,16244
2026-09-28 14:37:00,263.35,263.40,263.10,263.10,24414
2026-09-28 14:38:00,263.20,263.20,263.00,263.00,13142
2026-09-28 14:39:00,262.95,263.10,262.90,263.05,17900
2026-09-28 14:40:00,263.00,263.20,262.95,263.05,24523
2026-09-28 14:41:00,263.10,263.15,263.05,263.10,12476
2026-09-28 14:42:00,263.15,263.30,263.05,263.25,55310
2026-09-28 14:43:00,263.15,263.25,263.10,263.25,24262
2026-09-28 14:44:00,263.25,263.35,263.20,263.25,45465
2026-09-28 14:45:00,263.25,263.30,263.15,263.20,18090
2026-09-28 14:46:00,263.25,263.35,263.15,263.20,16314
2026-09-28 14:47:00,263.20,263.20,263.05,263.05,17248
2026-09-28 14:48:00,263.10,263.20,263.00,263.15,24976
2026-09-28 14:49:00,263.15,263.20,262.95,262.95,36402
2026-09-28 14:50:00,263.10,263.10,263.00,263.05,18490
2026-09-28 14:51:00,263.00,263.10,263.00,263.10,17535
2026-09-28 14:52:00,263.10,263.20,262.90,263.05,261025
2026-09-28 14:53:00,263.10,263.25,263.05,263.10,64097
2026-09-28 14:54:00,263.25,263.25,263.10,263.10,15882
2026-09-28 14:55:00,263.20,263.20,263.05,263.20,19430
2026-09-28 14:56:00,263.10,263.30,263.10,263.25,19953
2026-09-28 14:57:00,263.25,263.30,263.05,263.15,21324
2026-09-28 14:58:00,263.20,263.35,263.15,263.35,42846
2026-09-28 14:59:00,263.35,263.35,263.20,263.35,30052
2026-09-28 15:00:00,263.30,263.40,263.25,263.40,67037
2026-09-28 15:01:00,263.35,263.35,263.30,263.30,23198
2026-09-28 15:02:00,263.30,263.35,263.30,263.35,44082
2026-09-28 15:03:00,263.25,263.40,263.20,263.30,188679
2026-09-28 15:04:00,263.30,263.35,263.05,263.05,23131
2026-09-28 15:05:00,263.05,263.10,263.00,263.00,32636
2026-09-28 15:06:00,263.00,263.05,262.80,262.90,61129
2026-09-28 15:07:00,262.85,263.10,262.85,263.10,54417
2026-09-28 15:08:00,263.10,263.10,262.95,263.00,40091
2026-09-28 15:09:00,263.00,263.00,262.80,262.95,32317
2026-09-28 15:10:00,263.00,263.35,263.00,263.20,112725
2026-09-28 15:11:00,263.25,263.40,263.25,263.40,64086
2026-09-28 15:12:00,263.40,263.50,263.20,263.45,157229
2026-09-28 15:13:00,263.40,263.50,262.70,262.75,69067
2026-09-28 15:14:00,262.65,262.80,262.00,262.30,53778
2026-09-28 15:15:00,262.10,262.10,262.10,262.10,9
2026-09-28 15:16:00,262.10,262.10,262.10,262.10,0
2026-09-28 15:17:00,262.10,262.10,262.10,262.10,0
2026-09-28 15:18:00,262.10,262.10,262.10,262.10,0
2026-09-28 15:19:00,262.10,262.10,262.10,262.10,0
2026-09-28 15:20:00,262.10,262.10,262.10,262.10,0
2026-09-28 15:21:00,262.10,262.10,262.10,262.10,0
2026-09-28 15:22:00,262.10,262.10,262.10,262.10,0
2026-09-28 15:23:00,262.10,262.10,262.10,262.10,0
2026-09-28 15:24:00,262.10,262.10,262.10,262.10,0
2026-09-28 15:25:00,262.10,262.10,262.10,262.10,0
2026-09-28 15:26:00,262.10,262.10,262.10,262.10,0
2026-09-28 15:27:00,262.10,262.10,262.10,262.10,0
2026-09-28 15:28:00,262.10,262.10,262.10,262.10,0
2026-09-28 15:29:00,262.10,262.10,261.85,261.85,261916
2026-09-29 09:15:00,262.30,262.75,260.65,261.15,356983
2026-09-29 09:16:00,261.25,261.25,260.60,260.95,128048
2026-09-29 09:17:00,260.90,261.05,260.75,260.90,96415
2026-09-29 09:18:00,261.00,261.20,260.85,260.90,47713
2026-09-29 09:19:00,260.95,261.25,260.85,261.05,48700
2026-09-29 09:20:00,261.15,261.15,260.95,261.10,107417
2026-09-29 09:21:00,260.90,261.05,260.85,260.85,55314
2026-09-29 09:22:00,260.90,261.30,260.90,261.30,93934
2026-09-29 09:23:00,261.15,261.25,260.95,261.20,46320
2026-09-29 09:24:00,261.10,261.30,261.00,261.30,66176
2026-09-29 09:25:00,261.30,261.35,261.05,261.15,13720
2026-09-29 09:26:00,261.15,261.30,261.10,261.15,26023
2026-09-29 09:27:00,261.15,261.15,260.95,260.95,17781
2026-09-29 09:28:00,260.90,260.90,260.65,260.70,135432
2026-09-29 09:29:00,260.60,260.75,260.50,260.65,42164
2026-09-29 09:30:00,260.75,260.90,260.75,260.90,27666
2026-09-29 09:31:00,260.90,260.90,260.60,260.70,14682
2026-09-29 09:32:00,260.65,260.70,260.55,260.60,24715
2026-09-29 09:33:00,260.50,260.60,260.50,260.60,43935
2026-09-29 09:34:00,260.60,260.65,260.55,260.65,16742
2026-09-29 09:35:00,260.65,260.65,260.40,260.50,64899
2026-09-29 09:36:00,260.45,260.45,260.25,260.35,38076
2026-09-29 09:37:00,260.35,260.40,260.00,260.15,71579
2026-09-29 09:38:00,260.10,260.30,260.10,260.30,26753
2026-09-29 09:39:00,260.30,260.30,260.15,260.20,21351
2026-09-29 09:40:00,260.20,260.40,260.15,260.35,32030
2026-09-29 09:41:00,260.35,260.55,260.35,260.50,25713
2026-09-29 09:42:00,260.50,260.60,260.50,260.60,14728
2026-09-29 09:43:00,260.60,260.65,260.55,260.60,14504
2026-09-29 09:44:00,260.60,260.60,260.50,260.50,12162
2026-09-29 09:45:00,260.50,260.50,260.35,260.40,8216
2026-09-29 09:46:00,260.35,260.45,260.35,260.40,15895
2026-09-29 09:47:00,260.40,260.45,260.40,260.45,6494
2026-09-29 09:48:00,260.45,260.45,260.30,260.40,10150
2026-09-29 09:49:00,260.30,260.40,260.30,260.40,4585
2026-09-29 09:50:00,260.35,260.40,260.15,260.35,15992
2026-09-29 09:51:00,260.35,260.35,260.20,260.25,35456
2026-09-29 09:52:00,260.35,260.35,260.25,260.35,11532
2026-09-29 09:53:00,260.35,260.35,260.30,260.30,14336
2026-09-29 09:54:00,260.35,260.35,260.25,260.35,13676
2026-09-29 09:55:00,260.35,260.40,260.30,260.40,8030
2026-09-29 09:56:00,260.40,260.40,260.15,260.20,38192
2026-09-29 09:57:00,260.20,260.20,259.85,260.00,53528
2026-09-29 09:58:00,259.95,260.15,259.90,260.10,44602
2026-09-29 09:59:00,260.00,260.10,259.95,260.00,11051
2026-09-29 10:00:00,260.15,260.15,260.00,260.05,14563
2026-09-29 10:01:00,260.05,260.05,259.90,260.00,17834
2026-09-29 10:02:00,260.00,260.00,259.90,259.95,9070
2026-09-29 10:03:00,259.90,259.95,259.85,259.90,45829
2026-09-29 10:04:00,259.95,260.00,259.90,260.00,65583
2026-09-29 10:05:00,260.00,260.00,259.95,260.00,6802
2026-09-29 10:06:00,260.00,260.05,260.00,260.05,33729
2026-09-29 10:07:00,260.00,260.05,260.00,260.05,9909
2026-09-29 10:08:00,260.05,260.05,260.00,260.05,12878
2026-09-29 10:09:00,260.05,260.05,259.80,259.80,12507
2026-09-29 10:10:00,259.60,259.80,259.55,259.75,67089
2026-09-29 10:11:00,259.65,259.75,259.65,259.75,12099
2026-09-29 10:12:00,259.65,259.80,259.65,259.80,24879
2026-09-29 10:13:00,259.85,259.95,259.80,259.95,24115
2026-09-29 10:14:00,260.05,260.25,259.95,260.20,35781
2026-09-29 10:15:00,260.20,260.25,260.15,260.25,17112
2026-09-29 10:16:00,260.15,260.25,260.15,260.25,7273
2026-09-29 10:17:00,260.20,260.65,260.20,260.55,47763
2026-09-29 10:18:00,260.45,260.55,260.35,260.45,16786
2026-09-29 10:19:00,260.45,260.45,260.15,260.25,23818
2026-09-29 10:20:00,260.20,260.25,260.15,260.20,23072
2026-09-29 10:21:00,260.15,260.45,260.10,260.45,34961
2026-09-29 10:22:00,260.45,260.45,260.40,260.45,12385
2026-09-29 10:23:00,260.45,260.65,260.40,260.40,87287
2026-09-29 10:24:00,260.40,260.50,260.25,260.50,61043
2026-09-29 10:25:00,260.45,260.50,260.45,260.50,9845
2026-09-29 10:26:00,260.45,260.50,260.45,260.50,11259
2026-09-29 10:27:00,260.45,260.50,260.45,260.45,23901
2026-09-29 10:28:00,260.40,260.45,260.40,260.45,16181
2026-09-29 10:29:00,260.40,260.45,260.40,260.45,26263
2026-09-29 10:30:00,260.40,260.45,260.15,260.15,46487
2026-09-29 10:31:00,260.25,260.25,260.05,260.15,9771
2026-09-29 10:32:00,260.05,260.10,260.00,260.10,21491
2026-09-29 10:33:00,260.05,260.05,259.80,259.80,78122
2026-09-29 10:34:00,259.75,259.90,259.75,259.85,24135
2026-09-29 10:35:00,259.85,259.85,259.75,259.80,15423
2026-09-29 10:36:00,259.75,260.10,259.75,259.90,38019
2026-09-29 10:37:00,259.90,259.95,259.85,259.90,19068
2026-09-29 10:38:00,259.90,259.90,259.85,259.90,8894
2026-09-29 10:39:00,259.90,259.95,259.85,259.90,11309
2026-09-29 10:40:00,259.85,259.95,259.65,259.75,73723
2026-09-29 10:41:00,259.70,259.90,259.70,259.90,13727
2026-09-29 10:42:00,259.90,259.90,259.75,259.85,13789
2026-09-29 10:43:00,259.85,259.90,259.80,259.90,9306
2026-09-29 10:44:00,259.80,259.90,259.80,259.90,6325
2026-09-29 10:45:00,259.85,259.90,259.75,259.80,6099
2026-09-29 10:46:00,259.75,259.80,259.75,259.75,21826
2026-09-29 10:47:00,259.80,259.85,259.75,259.75,13471
2026-09-29 10:48:00,259.80,259.80,259.60,259.65,77634
2026-09-29 10:49:00,259.60,259.65,259.60,259.65,16184
2026-09-29 10:50:00,259.65,259.85,259.60,259.70,260592
2026-09-29 10:51:00,259.60,259.70,259.60,259.60,25612
2026-09-29 10:52:00,259.60,259.75,259.60,259.75,18974
2026-09-29 10:53:00,259.75,260.00,259.70,260.00,14409
2026-09-29 10:54:00,260.05,260.15,260.00,260.05,100346
2026-09-29 10:55:00,260.00,260.05,260.00,260.00,18844
2026-09-29 10:56:00,260.05,260.10,260.00,260.05,33517
2026-09-29 10:57:00,260.05,260.05,260.00,260.00,55991
2026-09-29 10:58:00,260.05,260.05,260.00,260.05,14289
2026-09-29 10:59:00,260.05,260.10,260.00,260.10,22056
2026-09-29 11:00:00,260.10,260.10,260.05,260.05,7390
2026-09-29 11:01:00,260.10,260.10,259.80,260.00,112212
2026-09-29 11:02:00,260.00,260.05,260.00,260.05,247226
2026-09-29 11:03:00,260.00,260.05,260.00,260.00,11879
2026-09-29 11:04:00,260.05,260.05,260.00,260.05,15429
2026-09-29 11:05:00,260.00,260.05,260.00,260.05,20298
2026-09-29 11:06:00,260.00,260.50,260.00,260.45,256274
2026-09-29 11:07:00,260.45,260.60,260.40,260.55,27330
2026-09-29 11:08:00,260.50,260.55,260.50,260.50,17839
2026-09-29 11:09:00,260.55,260.75,260.50,260.70,37835
2026-09-29 11:10:00,260.65,261.25,260.65,260.90,171095
2026-09-29 11:11:00,261.05,261.30,261.05,261.15,19139
2026-09-29 11:12:00,261.05,261.55,261.05,261.55,46666
2026-09-29 11:13:00,261.50,262.20,261.45,262.15,146765
2026-09-29 11:14:00,262.15,262.30,262.00,262.05,24010
2026-09-29 11:15:00,262.05,262.15,262.00,262.00,19615
2026-09-29 11:16:00,262.00,262.05,261.75,261.75,163935
2026-09-29 11:17:00,261.75,262.00,261.75,261.90,35340
2026-09-29 11:18:00,261.85,261.85,261.55,261.60,21426
2026-09-29 11:19:00,261.60,261.70,261.55,261.60,18278
2026-09-29 11:20:00,261.70,261.85,261.60,261.85,20874
2026-09-29 11:21:00,261.80,262.15,261.80,262.10,68017
2026-09-29 11:22:00,262.15,262.15,262.00,262.00,123524
2026-09-29 11:23:00,262.00,262.05,261.85,261.90,58616
2026-09-29 11:24:00,261.85,261.90,261.65,261.65,38666
2026-09-29 11:25:00,261.70,261.80,261.60,261.80,143959
2026-09-29 11:26:00,261.75,261.85,261.75,261.80,18330
2026-09-29 11:27:00,261.75,261.90,261.75,261.90,27763
2026-09-29 11:28:00,261.85,261.85,261.65,261.80,38712
2026-09-29 11:29:00,261.80,261.80,261.75,261.80,13065
2026-09-29 11:30:00,261.75,262.15,261.75,262.15,42475
2026-09-29 11:31:00,262.10,262.50,262.10,262.50,98703
2026-09-29 11:32:00,262.55,262.85,262.50,262.50,173138
2026-09-29 11:33:00,262.50,262.50,262.45,262.45,15104
2026-09-29 11:34:00,262.50,262.60,262.30,262.60,36690
2026-09-29 11:35:00,262.40,263.00,262.40,262.65,266659
2026-09-29 11:36:00,262.60,262.60,262.20,262.20,30896
2026-09-29 11:37:00,262.20,262.25,262.05,262.15,19117
2026-09-29 11:38:00,262.15,262.15,261.85,261.90,12409
2026-09-29 11:39:00,261.90,262.10,261.90,262.10,21328
2026-09-29 11:40:00,262.05,262.15,262.00,262.15,19642
2026-09-29 11:41:00,262.05,262.15,262.00,262.10,12142
2026-09-29 11:42:00,262.05,262.15,262.05,262.10,12783
2026-09-29 11:43:00,262.05,262.15,261.80,261.85,13778
2026-09-29 11:44:00,261.85,262.00,261.85,261.90,25982
2026-09-29 11:45:00,261.90,261.95,261.80,261.80,9575
2026-09-29 11:46:00,261.85,261.90,261.80,261.80,12537
2026-09-29 11:47:00,261.70,261.75,261.50,261.75,67214
2026-09-29 11:48:00,261.70,261.85,261.65,261.80,23759
2026-09-29 11:49:00,261.70,261.80,261.70,261.70,12653
2026-09-29 11:50:00,261.70,261.75,261.55,261.70,21877
2026-09-29 11:51:00,261.65,261.70,261.60,261.65,7780
2026-09-29 11:52:00,261.60,261.75,261.60,261.75,22224
2026-09-29 11:53:00,261.75,261.75,261.70,261.75,15858
2026-09-29 11:54:00,261.70,261.75,261.70,261.75,7911
2026-09-29 11:55:00,261.70,261.75,261.60,261.75,22472
2026-09-29 11:56:00,261.75,261.75,261.65,261.70,13691
2026-09-29 11:57:00,261.65,261.75,261.65,261.75,12444
2026-09-29 11:58:00,261.75,261.75,261.70,261.70,7222
2026-09-29 11:59:00,261.70,261.70,261.55,261.60,13587
2026-09-29 12:00:00,261.55,261.65,261.45,261.65,26356
2026-09-29 12:01:00,261.60,261.80,261.60,261.65,17730
2026-09-29 12:02:00,261.65,261.70,261.55,261.65,28906
2026-09-29 12:03:00,261.55,261.70,261.55,261.60,8479
2026-09-29 12:04:00,261.60,261.85,261.55,261.85,54616
2026-09-29 12:05:00,261.85,262.00,261.80,261.90,118230
2026-09-29 12:06:00,261.85,261.90,261.55,261.70,42858
2026-09-29 12:07:00,261.70,261.80,261.60,261.80,20148
2026-09-29 12:08:00,261.75,261.80,261.55,261.70,27023
2026-09-29 12:09:00,261.70,261.70,261.55,261.65,11821
2026-09-29 12:10:00,261.65,261.65,261.55,261.60,25957
2026-09-29 12:11:00,261.50,261.70,261.50,261.70,20362
2026-09-29 12:12:00,261.70,261.70,261.65,261.70,11325
2026-09-29 12:13:00,261.70,261.70,261.55,261.55,13441
2026-09-29 12:14:00,261.55,261.65,261.40,261.55,24023
2026-09-29 12:15:00,261.50,261.55,261.35,261.45,31039
2026-09-29 12:16:00,261.40,261.50,261.40,261.50,9938
2026-09-29 12:17:00,261.45,261.50,261.35,261.40,30416
2026-09-29 12:18:00,261.35,261.40,261.25,261.30,17339
2026-09-29 12:19:00,261.30,261.35,261.25,261.30,21859
2026-09-29 12:20:00,261.35,261.35,261.20,261.25,16188
2026-09-29 12:21:00,261.25,261.25,261.15,261.20,10188
2026-09-29 12:22:00,261.20,261.50,261.15,261.35,48625
2026-09-29 12:23:00,261.35,261.35,261.30,261.30,8007
2026-09-29 12:24:00,261.25,261.25,261.00,261.10,16876
2026-09-29 12:25:00,261.10,261.15,261.05,261.10,21851
2026-09-29 12:26:00,261.05,261.10,261.00,261.05,11499
2026-09-29 12:27:00,261.05,261.10,260.90,260.90,21095
2026-09-29 12:28:00,260.90,261.00,260.90,261.00,22274
2026-09-29 12:29:00,260.95,261.05,260.85,260.85,13625
2026-09-29 12:30:00,260.90,260.90,260.60,260.65,28871
2026-09-29 12:31:00,260.70,260.70,260.50,260.60,20450
2026-09-29 12:32:00,260.60,260.65,260.45,260.45,32320
2026-09-29 12:33:00,260.40,260.60,260.40,260.50,39814
2026-09-29 12:34:00,260.55,260.70,260.55,260.65,18439
2026-09-29 12:35:00,260.65,260.70,260.65,260.65,21556
2026-09-29 12:36:00,260.70,260.80,260.65,260.80,19273
2026-09-29 12:37:00,260.80,260.85,260.75,260.85,16268
2026-09-29 12:38:00,260.85,260.85,260.70,260.80,26970
2026-09-29 12:39:00,260.80,260.80,260.75,260.80,21588
2026-09-29 12:40:00,260.80,260.95,260.75,260.95,16997
2026-09-29 12:41:00,260.95,261.10,260.90,261.10,25011
2026-09-29 12:42:00,261.10,261.10,260.95,261.00,25153
2026-09-29 12:43:00,260.95,261.00,260.95,261.00,11449
2026-09-29 12:44:00,261.00,261.00,260.80,260.85,15017
2026-09-29 12:45:00,260.90,260.90,260.80,260.90,14012
2026-09-29 12:46:00,260.90,260.90,260.75,260.80,18338
2026-09-29 12:47:00,260.80,260.80,260.75,260.80,28405
2026-09-29 12:48:00,260.80,260.95,260.75,260.95,24416
2026-09-29 12:49:00,260.95,261.00,260.85,260.95,18142
2026-09-29 12:50:00,260.95,260.95,260.90,260.90,6278
2026-09-29 12:51:00,260.95,260.95,260.80,260.85,10464
2026-09-29 12:52:00,260.80,260.90,260.75,260.90,16904
2026-09-29 12:53:00,260.85,260.90,260.80,260.85,12181
2026-09-29 12:54:00,260.85,260.90,260.80,260.80,11158
2026-09-29 12:55:00,260.85,260.95,260.75,260.95,24505
2026-09-29 12:56:00,260.95,260.95,260.85,260.95,15409
2026-09-29 12:57:00,260.95,261.05,260.90,261.00,24577
2026-09-29 12:58:00,260.95,261.00,260.85,260.95,18815
2026-09-29 12:59:00,260.95,260.95,260.80,260.85,13064
2026-09-29 13:00:00,260.90,261.00,260.90,260.95,23352
2026-09-29 13:01:00,260.90,260.95,260.60,260.80,24491
2026-09-29 13:02:00,260.80,260.80,260.75,260.80,6255
2026-09-29 13:03:00,260.80,260.80,260.75,260.80,9161
2026-09-29 13:04:00,260.80,260.80,260.65,260.80,20211
2026-09-29 13:05:00,260.80,260.80,260.75,260.75,5975
2026-09-29 13:06:00,260.80,260.80,260.75,260.80,9962
2026-09-29 13:07:00,260.75,260.90,260.75,260.90,20993
2026-09-29 13:08:00,260.85,260.95,260.80,260.85,8289
2026-09-29 13:09:00,260.85,261.05,260.85,261.05,19236
2026-09-29 13:10:00,261.00,261.00,260.85,260.85,18145
2026-09-29 13:11:00,260.95,261.00,260.90,260.90,11415
2026-09-29 13:12:00,260.95,260.95,260.80,260.90,11078
2026-09-29 13:13:00,260.85,260.90,260.85,260.90,23274
2026-09-29 13:14:00,260.85,260.90,260.85,260.85,6223
2026-09-29 13:15:00,260.90,260.90,260.75,260.75,15497
2026-09-29 13:16:00,260.70,260.90,260.70,260.90,31614
2026-09-29 13:17:00,260.90,260.90,260.85,260.90,7854
2026-09-29 13:18:00,260.90,260.95,260.90,260.90,27400
2026-09-29 13:19:00,260.90,260.90,260.65,260.75,14493
2026-09-29 13:20:00,260.75,261.05,260.75,261.00,82495
2026-09-29 13:21:00,260.95,261.00,260.95,260.95,83601
2026-09-29 13:22:00,261.00,261.00,260.95,261.00,10882
2026-09-29 13:23:00,260.95,261.00,260.80,260.80,19968
2026-09-29 13:24:00,260.90,260.95,260.75,260.95,33363
2026-09-29 13:25:00,260.90,260.95,260.90,260.95,5398
2026-09-29 13:26:00,260.95,260.95,260.65,260.70,10458
2026-09-29 13:27:00,260.65,261.00,260.55,260.85,125185
2026-09-29 13:28:00,261.00,261.05,260.75,260.85,116721
2026-09-29 13:29:00,260.90,261.15,260.90,261.15,36831
2026-09-29 13:30:00,261.15,261.15,260.75,260.90,117160
2026-09-29 13:31:00,260.90,261.10,260.85,261.10,20439
2026-09-29 13:32:00,261.10,261.55,261.10,261.15,124915
2026-09-29 13:33:00,261.20,261.20,261.10,261.15,3390
2026-09-29 13:34:00,261.10,261.15,261.00,261.00,10457
2026-09-29 13:35:00,261.05,261.05,261.00,261.05,6297
2026-09-29 13:36:00,261.05,261.05,261.00,261.00,10447
2026-09-29 13:37:00,261.05,261.05,260.70,260.70,35922
2026-09-29 13:38:00,260.75,260.80,260.60,260.75,17666
2026-09-29 13:39:00,260.75,260.80,260.70,260.80,8650
2026-09-29 13:40:00,260.80,260.80,260.75,260.80,8354
2026-09-29 13:41:00,260.80,260.90,260.70,260.90,17690
2026-09-29 13:42:00,260.90,260.90,260.80,260.85,11904
2026-09-29 13:43:00,260.85,260.95,260.80,260.95,15356
2026-09-29 13:44:00,260.90,260.95,260.90,260.95,7725
2026-09-29 13:45:00,260.95,261.15,260.90,261.10,18232
2026-09-29 13:46:00,261.15,261.25,261.10,261.15,15210
2026-09-29 13:47:00,261.15,261.20,261.10,261.20,9871
2026-09-29 13:48:00,261.15,261.30,261.15,261.30,10789
2026-09-29 13:49:00,261.30,261.30,261.25,261.25,8586
2026-09-29 13:50:00,261.30,261.30,261.20,261.20,10908
2026-09-29 13:51:00,261.15,261.40,261.15,261.30,8862
2026-09-29 13:52:00,261.40,261.40,261.35,261.35,15797
2026-09-29 13:53:00,261.40,261.40,261.20,261.30,10906
2026-09-29 13:54:00,261.25,261.25,261.10,261.15,6483
2026-09-29 13:55:00,261.05,261.15,261.05,261.10,9520
2026-09-29 13:56:00,261.10,261.15,261.05,261.15,17137
2026-09-29 13:57:00,261.25,261.25,261.20,261.25,15332
2026-09-29 13:58:00,261.25,261.25,261.15,261.15,8177
2026-09-29 13:59:00,261.20,261.20,261.05,261.10,8433
2026-09-29 14:00:00,261.10,261.10,261.05,261.05,13100
2026-09-29 14:01:00,261.00,261.05,260.95,261.00,15470
2026-09-29 14:02:00,261.05,261.05,260.90,261.00,9463
2026-09-29 14:03:00,260.95,260.95,260.85,260.90,18807
2026-09-29 14:04:00,260.90,260.90,260.85,260.90,11809
2026-09-29 14:05:00,260.85,261.10,260.80,261.05,16857
2026-09-29 14:06:00,261.10,261.10,261.05,261.10,8059
2026-09-29 14:07:00,261.05,261.10,260.85,260.90,14814
2026-09-29 14:08:00,260.90,260.90,260.85,260.90,6993
2026-09-29 14:09:00,260.90,261.25,260.85,261.15,28788
2026-09-29 14:10:00,261.15,261.25,261.05,261.05,10450
2026-09-29 14:11:00,261.10,261.25,261.05,261.20,15855
2026-09-29 14:12:00,261.20,261.20,261.05,261.15,10218
2026-09-29 14:13:00,261.05,261.15,261.05,261.10,14775
2026-09-29 14:14:00,261.10,261.20,261.10,261.20,15870
2026-09-29 14:15:00,261.05,261.10,260.95,261.05,31463
2026-09-29 14:16:00,261.05,261.10,261.05,261.10,12398
2026-09-29 14:17:00,261.10,261.30,261.10,261.30,23443
2026-09-29 14:18:00,261.30,261.40,261.30,261.40,9346
2026-09-29 14:19:00,261.40,261.40,261.35,261.35,16969
2026-09-29 14:20:00,261.35,261.40,261.35,261.40,7692
2026-09-29 14:21:00,261.40,261.40,261.35,261.35,8725
2026-09-29 14:22:00,261.35,261.45,261.35,261.40,9201
2026-09-29 14:23:00,261.35,261.40,261.35,261.40,17209
2026-09-29 14:24:00,261.35,261.40,261.25,261.30,19050
2026-09-29 14:25:00,261.25,261.35,261.20,261.35,18166
2026-09-29 14:26:00,261.35,261.35,261.25,261.25,7159
2026-09-29 14:27:00,261.30,261.30,261.20,261.20,11720
2026-09-29 14:28:00,261.25,261.25,261.10,261.20,13601
2026-09-29 14:29:00,261.15,261.30,261.15,261.30,15730
2026-09-29 14:30:00,261.25,261.50,261.25,261.50,35265
2026-09-29 14:31:00,261.55,261.75,261.50,261.75,11705
2026-09-29 14:32:00,261.70,261.75,261.70,261.70,6973
2026-09-29 14:33:00,261.75,261.75,261.45,261.50,30888
2026-09-29 14:34:00,261.50,261.65,261.50,261.60,22019
2026-09-29 14:35:00,261.65,261.65,261.60,261.60,5658
2026-09-29 14:36:00,261.65,261.65,261.50,261.50,13413
2026-09-29 14:37:00,261.55,261.60,261.55,261.55,15071
2026-09-29 14:38:00,261.55,261.60,261.50,261.50,21303
2026-09-29 14:39:00,261.55,261.55,261.40,261.50,13580
2026-09-29 14:40:00,261.50,261.55,261.40,261.45,11179
2026-09-29 14:41:00,261.45,261.65,261.45,261.65,33662
2026-09-29 14:42:00,261.60,261.65,261.30,261.45,37800
2026-09-29 14:43:00,261.45,261.70,261.40,261.65,27813
2026-09-29 14:44:00,261.65,261.70,261.60,261.60,16473
2026-09-29 14:45:00,261.60,261.65,261.50,261.50,34788
2026-09-29 14:46:00,261.45,261.45,261.30,261.35,9618
2026-09-29 14:47:00,261.30,261.50,261.30,261.45,29207
2026-09-29 14:48:00,261.50,261.50,261.45,261.50,18026
2026-09-29 14:49:00,261.50,261.50,261.40,261.45,17178
2026-09-29 14:50:00,261.50,261.65,261.40,261.55,40940
2026-09-29 14:51:00,261.60,261.60,261.50,261.55,35231
2026-09-29 14:52:00,261.60,262.00,261.55,262.00,387157
2026-09-29 14:53:00,262.05,262.30,262.00,262.25,122390
2026-09-29 14:54:00,262.25,262.30,262.25,262.25,36139
2026-09-29 14:55:00,262.25,262.25,262.05,262.10,49370
2026-09-29 14:56:00,262.10,262.10,262.00,262.00,23695
2026-09-29 14:57:00,262.05,262.10,261.95,261.95,34811
2026-09-29 14:58:00,262.00,262.00,261.90,261.95,30994
2026-09-29 14:59:00,262.00,262.00,261.60,261.65,36685
2026-09-29 15:00:00,261.65,263.60,261.65,263.55,607266
2026-09-29 15:01:00,263.60,263.65,262.80,263.40,492496
2026-09-29 15:02:00,263.35,263.35,262.75,263.15,475426
2026-09-29 15:03:00,263.05,263.70,262.75,263.45,478863
2026-09-29 15:04:00,263.45,264.00,263.30,263.80,483355
2026-09-29 15:05:00,263.75,264.50,263.65,264.45,556128
2026-09-29 15:06:00,264.30,267.50,264.30,267.35,612119
2026-09-29 15:07:00,267.35,269.20,267.35,267.95,665996
2026-09-29 15:08:00,267.95,268.25,265.15,265.70,693293
2026-09-29 15:09:00,265.65,265.65,264.65,264.85,518708
2026-09-29 15:10:00,264.90,265.80,264.85,265.15,725221
2026-09-29 15:11:00,265.10,265.10,263.35,264.20,640121
2026-09-29 15:12:00,264.30,264.65,263.80,264.45,513741
2026-09-29 15:13:00,264.50,264.60,263.25,263.50,532520
2026-09-29 15:14:00,263.35,263.50,263.05,263.10,82021
2026-09-29 15:15:00,263.10,263.10,263.10,263.10,0
2026-09-29 15:16:00,263.10,263.10,263.10,263.10,0
2026-09-29 15:17:00,263.10,263.10,263.10,263.10,0
2026-09-29 15:18:00,263.10,263.10,263.10,263.10,0
2026-09-29 15:19:00,263.10,263.10,263.10,263.10,0
2026-09-29 15:20:00,263.10,263.10,263.10,263.10,0
2026-09-29 15:21:00,263.10,263.10,263.10,263.10,0
2026-09-29 15:22:00,263.10,263.10,263.10,263.10,0
2026-09-29 15:23:00,263.10,263.10,263.10,263.10,0
2026-09-29 15:24:00,263.10,263.10,263.10,263.10,0
2026-09-29 15:25:00,263.10,263.10,263.10,263.10,0
2026-09-29 15:26:00,263.10,263.10,263.10,263.10,0
2026-09-29 15:27:00,263.10,263.10,263.10,263.10,0
2026-09-29 15:28:00,263.10,263.10,263.10,263.10,0
2026-09-29 15:29:00,263.10,263.10,261.50,261.50,5651712
2026-09-30 09:15:00,261.50,262.00,260.60,261.00,195669
2026-09-30 09:16:00,261.05,261.75,261.05,261.15,102243
2026-09-30 09:17:00,261.25,261.30,260.80,261.00,57836
2026-09-30 09:18:00,261.00,261.15,260.90,260.90,65218
2026-09-30 09:19:00,260.85,261.00,260.85,261.00,28170
2026-09-30 09:20:00,261.00,261.00,260.75,260.95,32895
2026-09-30 09:21:00,261.00,261.05,260.90,261.05,20519
2026-09-30 09:22:00,260.95,261.15,260.80,260.90,73888
2026-09-30 09:23:00,260.90,261.10,260.90,261.10,28339
2026-09-30 09:24:00,261.10,261.25,261.00,261.10,35205
2026-09-30 09:25:00,261.00,261.00,260.75,260.75,56512
2026-09-30 09:26:00,260.55,260.75,260.50,260.60,23668
2026-09-30 09:27:00,260.60,260.70,260.45,260.70,32779
2026-09-30 09:28:00,260.70,260.80,260.65,260.80,10728
2026-09-30 09:29:00,260.80,260.80,260.70,260.75,9916
2026-09-30 09:30:00,260.75,260.75,260.25,260.30,16250
2026-09-30 09:31:00,260.30,260.40,260.10,260.40,21435
2026-09-30 09:32:00,260.40,260.75,260.35,260.75,10510
2026-09-30 09:33:00,260.75,260.80,260.60,260.80,5447
2026-09-30 09:34:00,260.80,260.95,260.75,260.90,6303
2026-09-30 09:35:00,260.95,261.15,260.90,261.15,40005
2026-09-30 09:36:00,261.10,261.15,261.00,261.00,16035
2026-09-30 09:37:00,261.00,261.10,260.95,261.05,21138
2026-09-30 09:38:00,261.00,261.05,261.00,261.00,14599
2026-09-30 09:39:00,261.00,261.05,261.00,261.05,5865
2026-09-30 09:40:00,261.05,261.05,260.85,260.90,4399
2026-09-30 09:41:00,260.85,260.90,260.75,260.75,6682
2026-09-30 09:42:00,260.70,260.75,260.70,260.75,14242
2026-09-30 09:43:00,260.70,260.75,260.70,260.75,4759
2026-09-30 09:44:00,260.70,261.00,260.70,261.00,43718
2026-09-30 09:45:00,260.95,261.00,260.90,261.00,6159
2026-09-30 09:46:00,261.00,261.05,260.95,261.00,6823
2026-09-30 09:47:00,261.00,261.00,260.90,260.90,7381
2026-09-30 09:48:00,260.80,260.85,260.70,260.80,15490
2026-09-30 09:49:00,260.80,260.80,260.80,260.80,6613
2026-09-30 09:50:00,260.80,260.80,260.35,260.35,13275
2026-09-30 09:51:00,260.35,260.50,260.20,260.45,21417
2026-09-30 09:52:00,260.45,260.45,260.40,260.40,18137
2026-09-30 09:53:00,260.40,260.40,260.35,260.40,10141
2026-09-30 09:54:00,260.40,260.40,260.35,260.40,5967
2026-09-30 09:55:00,260.40,260.50,260.30,260.40,11828
2026-09-30 09:56:00,260.40,260.40,260.30,260.35,17956
2026-09-30 09:57:00,260.30,260.35,260.30,260.35,18408
2026-09-30 09:58:00,260.30,260.40,260.30,260.40,5700
2026-09-30 09:59:00,260.35,260.45,260.35,260.40,18820
2026-09-30 10:00:00,260.40,260.40,260.30,260.35,8658
2026-09-30 10:01:00,260.35,260.35,260.30,260.35,5347
2026-09-30 10:02:00,260.35,260.35,260.25,260.30,15484
2026-09-30 10:03:00,260.30,260.35,260.20,260.35,21564
2026-09-30 10:04:00,260.35,260.35,260.30,260.35,7863
2026-09-30 10:05:00,260.35,260.35,260.30,260.35,9366
2026-09-30 10:06:00,260.35,260.35,260.20,260.20,9492
2026-09-30 10:07:00,260.20,260.20,260.15,260.20,5333
2026-09-30 10:08:00,260.15,260.35,260.05,260.25,49119
2026-09-30 10:09:00,260.35,260.35,260.25,260.30,7661
2026-09-30 10:10:00,260.30,260.30,260.25,260.25,10585
2026-09-30 10:11:00,260.25,260.85,260.25,260.80,295778
2026-09-30 10:12:00,260.75,260.80,260.55,260.65,15768
2026-09-30 10:13:00,260.60,260.65,260.55,260.65,15662
2026-09-30 10:14:00,260.60,260.65,260.60,260.65,8223
2026-09-30 10:15:00,260.60,260.65,260.60,260.65,6491
2026-09-30 10:16:00,260.65,261.00,260.65,261.00,23098
2026-09-30 10:17:00,261.00,261.00,260.95,261.00,12709
2026-09-30 10:18:00,261.00,261.00,260.95,261.00,4431
2026-09-30 10:19:00,261.00,261.00,260.65,260.75,27260
2026-09-30 10:20:00,260.70,260.95,260.70,260.90,44133
2026-09-30 10:21:00,260.90,261.30,260.90,261.15,93415
2026-09-30 10:22:00,261.10,261.20,261.05,261.15,27409
2026-09-30 10:23:00,261.10,261.20,261.00,261.20,38767
2026-09-30 10:24:00,261.15,261.35,261.15,261.25,48862
2026-09-30 10:25:00,261.25,261.25,261.20,261.25,21340
2026-09-30 10:26:00,261.20,261.30,261.05,261.30,41720
2026-09-30 10:27:00,261.40,261.60,261.40,261.55,62692
2026-09-30 10:28:00,261.50,261.50,261.40,261.50,28151
2026-09-30 10:29:00,261.45,261.70,261.40,261.50,71179
2026-09-30 10:30:00,261.40,261.55,261.35,261.50,55276
2026-09-30 10:31:00,261.35,261.50,261.35,261.45,19644
2026-09-30 10:32:00,261.30,261.35,261.30,261.35,17376
2026-09-30 10:33:00,261.35,261.60,261.35,261.50,39785
2026-09-30 10:34:00,261.30,261.50,261.30,261.45,40507
2026-09-30 10:35:00,261.20,261.20,260.70,260.70,34571
2026-09-30 10:36:00,260.70,260.70,260.60,260.70,17390
2026-09-30 10:37:00,260.70,260.70,260.40,260.55,13787
2026-09-30 10:38:00,260.50,260.55,260.40,260.50,22779
2026-09-30 10:39:00,260.40,260.60,260.40,260.60,12126
2026-09-30 10:40:00,260.50,260.60,260.50,260.60,2486
2026-09-30 10:41:00,260.60,260.60,260.40,260.45,8149
2026-09-30 10:42:00,260.45,260.70,260.45,260.65,22936
2026-09-30 10:43:00,260.70,260.80,260.65,260.65,9030
2026-09-30 10:44:00,260.60,260.60,260.50,260.50,7591
2026-09-30 10:45:00,260.50,260.70,260.45,260.70,19139
2026-09-30 10:46:00,260.70,260.70,260.65,260.70,6050
2026-09-30 10:47:00,260.70,260.70,260.65,260.70,4507
2026-09-30 10:48:00,260.70,260.70,260.65,260.70,11017
2026-09-30 10:49:00,260.70,260.75,260.65,260.75,9188
2026-09-30 10:50:00,260.70,260.95,260.70,260.85,6549
2026-09-30 10:51:00,260.80,260.85,260.80,260.85,9622
2026-09-30 10:52:00,260.85,260.85,260.80,260.85,3757
2026-09-30 10:53:00,260.80,260.90,260.80,260.85,9435
2026-09-30 10:54:00,260.80,260.85,260.80,260.85,4284
2026-09-30 10:55:00,260.85,260.85,260.60,260.65,16536
2026-09-30 10:56:00,260.60,260.70,260.60,260.70,13181
2026-09-30 10:57:00,260.65,260.70,260.55,260.60,49878
2026-09-30 10:58:00,260.60,260.65,260.55,260.65,7788
2026-09-30 10:59:00,260.70,260.70,260.55,260.55,23368
2026-09-30 11:00:00,260.60,260.60,260.55,260.60,8613
2026-09-30 11:01:00,260.60,260.60,260.55,260.60,8208
2026-09-30 11:02:00,260.60,260.65,260.60,260.65,9588
2026-09-30 11:03:00,260.65,260.65,260.60,260.65,3268
2026-09-30 11:04:00,260.65,260.65,260.60,260.65,5899
2026-09-30 11:05:00,260.65,260.65,260.55,260.55,9491
2026-09-30 11:06:00,260.60,260.95,260.55,260.90,115031
2026-09-30 11:07:00,260.90,260.90,260.75,260.75,17914
2026-09-30 11:08:00,260.75,260.75,260.65,260.70,5381
2026-09-30 11:09:00,260.65,260.70,260.50,260.55,9522
2026-09-30 11:10:00,260.55,260.65,260.55,260.65,9158
2026-09-30 11:11:00,260.65,260.65,260.55,260.55,6317
2026-09-30 11:12:00,260.55,260.55,260.50,260.55,6219
2026-09-30 11:13:00,260.55,260.55,260.25,260.40,12731
2026-09-30 11:14:00,260.30,260.40,260.25,260.25,13580
2026-09-30 11:15:00,260.50,260.50,260.15,260.35,94454
2026-09-30 11:16:00,260.35,260.35,260.30,260.30,5323
2026-09-30 11:17:00,260.25,260.25,260.15,260.20,16829
2026-09-30 11:18:00,260.15,260.30,260.15,260.30,5184
2026-09-30 11:19:00,260.30,260.30,260.20,260.25,11137
2026-09-30 11:20:00,260.20,260.40,260.20,260.30,7921
2026-09-30 11:21:00,260.25,260.30,260.25,260.25,4906
2026-09-30 11:22:00,260.25,260.25,260.25,260.25,3077
2026-09-30 11:23:00,260.25,260.75,260.20,260.60,53908
2026-09-30 11:24:00,260.65,261.05,260.65,260.90,256957
2026-09-30 11:25:00,261.00,261.05,261.00,261.00,71129
2026-09-30 11:26:00,261.05,261.05,260.90,260.90,35892
2026-09-30 11:27:00,260.95,260.95,260.90,260.95,5651
2026-09-30 11:28:00,260.90,260.95,260.85,260.90,11063
2026-09-30 11:29:00,260.90,260.90,260.75,260.80,5246
2026-09-30 11:30:00,260.70,260.80,260.65,260.75,6793
2026-09-30 11:31:00,260.75,260.75,260.65,260.70,8066
2026-09-30 11:32:00,260.70,260.70,260.55,260.60,7343
2026-09-30 11:33:00,260.60,260.60,260.40,260.55,30884
2026-09-30 11:34:00,260.55,260.55,260.50,260.55,2318
2026-09-30 11:35:00,260.55,260.55,260.50,260.55,1218
2026-09-30 11:36:00,260.50,260.50,260.40,260.45,7370
2026-09-30 11:37:00,260.40,260.55,260.40,260.50,15626
2026-09-30 11:38:00,260.60,260.65,260.50,260.65,19510
2026-09-30 11:39:00,260.60,260.90,260.60,260.90,263223
2026-09-30 11:40:00,260.85,260.90,260.80,260.85,5680
2026-09-30 11:41:00,260.80,260.85,260.60,260.60,5691
2026-09-30 11:42:00,260.60,260.70,260.55,260.60,7426
2026-09-30 11:43:00,260.60,260.60,260.40,260.45,6113
2026-09-30 11:44:00,260.40,260.45,260.40,260.40,5804
2026-09-30 11:45:00,260.40,260.45,260.40,260.45,3937
2026-09-30 11:46:00,260.40,260.45,260.40,260.40,2935
2026-09-30 11:47:00,260.45,260.65,260.40,260.60,21030
2026-09-30 11:48:00,260.60,260.65,260.60,260.60,3488
2026-09-30 11:49:00,260.60,260.70,260.60,260.70,11040
2026-09-30 11:50:00,260.65,260.70,260.65,260.65,4900
2026-09-30 11:51:00,260.80,261.10,260.60,261.00,216338
2026-09-30 11:52:00,260.95,261.05,260.90,261.00,13242
2026-09-30 11:53:00,261.05,261.05,261.00,261.00,2944
2026-09-30 11:54:00,261.05,261.05,260.85,260.90,6736
2026-09-30 11:55:00,260.85,260.90,260.75,260.85,11787
2026-09-30 11:56:00,260.80,260.90,260.80,260.90,8861
2026-09-30 11:57:00,260.85,260.90,260.85,260.85,5304
2026-09-30 11:58:00,260.85,260.90,260.85,260.85,5157
2026-09-30 11:59:00,260.90,261.15,260.90,261.15,23611
2026-09-30 12:00:00,261.10,261.15,261.10,261.15,2146
2026-09-30 12:01:00,261.10,261.15,260.90,260.90,14403
2026-09-30 12:02:00,260.90,261.00,260.85,261.00,16876
2026-09-30 12:03:00,261.00,261.00,260.95,261.00,1580
2026-09-30 12:04:00,260.95,261.00,260.90,260.95,2957
2026-09-30 12:05:00,260.90,260.95,260.75,260.75,7007
2026-09-30 12:06:00,260.85,260.85,260.65,260.80,24582
2026-09-30 12:07:00,260.80,260.80,260.75,260.80,4950
2026-09-30 12:08:00,260.75,260.95,260.75,260.90,14121
2026-09-30 12:09:00,260.85,260.90,260.85,260.85,3509
2026-09-30 12:10:00,260.90,261.00,260.90,261.00,14876
2026-09-30 12:11:00,260.95,261.00,260.80,260.80,4031
2026-09-30 12:12:00,260.80,261.00,260.80,261.00,7391
2026-09-30 12:13:00,261.00,261.05,260.95,261.05,13321
2026-09-30 12:14:00,261.00,261.05,261.00,261.00,8784
2026-09-30 12:15:00,261.00,261.00,260.85,260.90,7235
2026-09-30 12:16:00,260.90,261.00,260.80,261.00,25701
2026-09-30 12:17:00,261.00,261.00,260.95,260.95,3623
2026-09-30 12:18:00,261.00,261.10,260.95,261.05,17087
2026-09-30 12:19:00,261.00,261.05,261.00,261.05,4649
2026-09-30 12:20:00,261.00,261.05,261.00,261.05,1837
2026-09-30 12:21:00,261.00,261.15,261.00,261.15,18419
2026-09-30 12:22:00,261.15,261.25,261.15,261.25,12745
2026-09-30 12:23:00,261.20,261.35,261.20,261.35,8198
2026-09-30 12:24:00,261.35,261.40,261.30,261.35,6747
2026-09-30 12:25:00,261.30,261.40,261.25,261.40,20141
2026-09-30 12:26:00,261.35,261.55,261.35,261.55,38980
2026-09-30 12:27:00,261.55,261.55,261.35,261.40,8358
2026-09-30 12:28:00,261.40,261.40,261.30,261.35,7831
2026-09-30 12:29:00,261.35,261.35,261.25,261.35,20722
2026-09-30 12:30:00,261.35,261.35,261.30,261.35,3560
2026-09-30 12:31:00,261.35,261.35,261.30,261.35,3060
2026-09-30 12:32:00,261.35,261.35,261.30,261.35,21532
2026-09-30 12:33:00,261.35,261.40,261.35,261.40,13954
2026-09-30 12:34:00,261.40,261.40,261.35,261.40,6132
2026-09-30 12:35:00,261.40,261.50,261.40,261.45,17154
2026-09-30 12:36:00,261.50,261.50,261.45,261.50,6045
2026-09-30 12:37:00,261.45,261.50,261.45,261.50,5776
2026-09-30 12:38:00,261.45,261.50,261.45,261.50,9519
2026-09-30 12:39:00,261.50,261.50,261.30,261.30,9440
2026-09-30 12:40:00,261.35,261.35,261.25,261.30,22525
2026-09-30 12:41:00,261.30,261.30,261.25,261.30,5511
2026-09-30 12:42:00,261.30,261.30,261.20,261.25,6165
2026-09-30 12:43:00,261.25,261.25,261.10,261.15,6925
2026-09-30 12:44:00,261.10,261.30,261.10,261.30,15470
2026-09-30 12:45:00,261.30,261.40,261.25,261.35,14558
2026-09-30 12:46:00,261.30,261.35,261.30,261.30,4155
2026-09-30 12:47:00,261.35,261.45,261.30,261.45,23649
2026-09-30 12:48:00,261.45,261.45,261.40,261.45,2993
2026-09-30 12:49:00,261.45,261.45,261.25,261.30,8544
2026-09-30 12:50:00,261.30,261.40,261.15,261.30,22698
2026-09-30 12:51:00,261.35,261.35,261.30,261.35,3284
2026-09-30 12:52:00,261.35,261.40,261.30,261.40,16777
2026-09-30 12:53:00,261.40,261.40,261.35,261.40,2906
2026-09-30 12:54:00,261.40,261.40,261.35,261.40,4569
2026-09-30 12:55:00,261.40,261.60,261.35,261.55,27893
2026-09-30 12:56:00,261.55,261.70,261.50,261.65,33801
2026-09-30 12:57:00,261.70,261.80,261.60,261.65,22208
2026-09-30 12:58:00,261.65,261.65,261.50,261.50,4073
2026-09-30 12:59:00,261.50,261.60,261.35,261.45,8380
2026-09-30 13:00:00,261.45,261.45,261.35,261.40,5957
2026-09-30 13:01:00,261.40,261.65,261.35,261.65,24781
2026-09-30 13:02:00,261.60,261.60,261.55,261.55,3309
2026-09-30 13:03:00,261.55,261.55,261.50,261.55,2326
2026-09-30 13:04:00,261.55,261.55,261.35,261.40,7433
2026-09-30 13:05:00,261.40,261.40,261.15,261.15,32847
2026-09-30 13:06:00,261.40,261.45,261.15,261.15,219126
2026-09-30 13:07:00,261.10,261.10,261.05,261.10,5282
2026-09-30 13:08:00,261.10,261.10,261.05,261.10,5264
2026-09-30 13:09:00,261.10,261.10,261.05,261.10,4971
2026-09-30 13:10:00,261.05,261.30,261.00,261.20,44196
2026-09-30 13:11:00,261.20,261.20,261.00,261.10,8404
2026-09-30 13:12:00,261.10,261.10,261.00,261.10,4176
2026-09-30 13:13:00,261.00,261.15,261.00,261.10,23714
2026-09-30 13:14:00,261.15,261.15,261.10,261.15,3080
2026-09-30 13:15:00,261.10,261.15,260.85,260.90,8943
2026-09-30 13:16:00,260.85,260.95,260.85,260.95,20739
2026-09-30 13:17:00,260.95,260.95,260.85,260.90,7796
2026-09-30 13:18:00,260.90,260.90,260.80,260.80,10211
2026-09-30 13:19:00,260.80,260.90,260.80,260.85,23659
2026-09-30 13:20:00,260.80,260.85,260.75,260.80,13463
2026-09-30 13:21:00,260.80,260.80,260.75,260.80,8914
2026-09-30 13:22:00,260.80,260.80,260.70,260.75,20873
2026-09-30 13:23:00,260.75,260.75,260.60,260.70,8888
2026-09-30 13:24:00,260.60,260.70,260.60,260.60,20052
2026-09-30 13:25:00,260.60,260.75,260.60,260.75,23344
2026-09-30 13:26:00,260.75,260.75,260.55,260.65,19273
2026-09-30 13:27:00,260.65,260.65,260.55,260.65,11680
2026-09-30 13:28:00,260.65,260.65,260.45,260.50,10290
2026-09-30 13:29:00,260.50,260.50,260.35,260.40,32874
2026-09-30 13:30:00,260.35,260.40,260.30,260.40,19039
2026-09-30 13:31:00,260.40,260.60,260.35,260.40,25502
2026-09-30 13:32:00,260.50,260.50,260.35,260.40,9249
2026-09-30 13:33:00,260.40,260.40,260.35,260.40,11179
2026-09-30 13:34:00,260.40,260.40,260.30,260.40,17043
2026-09-30 13:35:00,260.35,260.50,260.35,260.45,10103
2026-09-30 13:36:00,260.40,260.40,260.30,260.35,11262
2026-09-30 13:37:00,260.35,260.35,260.30,260.35,34087
2026-09-30 13:38:00,260.35,260.35,260.20,260.30,28704
2026-09-30 13:39:00,260.30,260.35,260.25,260.30,12057
2026-09-30 13:40:00,260.25,260.25,260.20,260.25,12982
2026-09-30 13:41:00,260.25,260.25,260.20,260.25,4699
2026-09-30 13:42:00,260.25,260.25,260.10,260.15,39671
2026-09-30 13:43:00,260.10,260.15,259.75,259.90,87683
2026-09-30 13:44:00,259.85,259.95,259.70,259.90,31718
2026-09-30 13:45:00,259.85,260.00,259.80,259.90,20902
2026-09-30 13:46:00,259.85,259.85,259.70,259.80,9610
2026-09-30 13:47:00,259.70,259.85,259.70,259.75,17700
2026-09-30 13:48:00,259.70,259.75,259.60,259.75,7789
2026-09-30 13:49:00,259.70,259.75,259.60,259.60,9994
2026-09-30 13:50:00,259.60,259.70,259.60,259.70,12453
2026-09-30 13:51:00,259.70,259.75,259.65,259.65,9800
2026-09-30 13:52:00,259.75,259.75,259.55,259.65,17512
2026-09-30 13:53:00,259.60,259.65,259.60,259.60,13729
2026-09-30 13:54:00,259.65,259.70,259.50,259.70,11217
2026-09-30 13:55:00,259.70,259.90,259.60,259.85,25585
2026-09-30 13:56:00,259.85,260.05,259.80,260.05,15712
2026-09-30 13:57:00,260.05,260.05,259.95,260.00,11404
2026-09-30 13:58:00,260.00,260.10,259.90,260.05,19342
2026-09-30 13:59:00,260.00,260.00,259.95,259.95,6801
2026-09-30 14:00:00,259.95,259.95,259.80,259.85,8580
2026-09-30 14:01:00,259.80,259.80,259.65,259.75,19310
2026-09-30 14:02:00,259.75,259.75,259.70,259.75,8096
2026-09-30 14:03:00,259.75,259.75,259.60,259.65,7490
2026-09-30 14:04:00,259.65,259.70,259.65,259.70,16534
2026-09-30 14:05:00,259.65,259.85,259.60,259.80,38477
2026-09-30 14:06:00,259.80,259.85,259.75,259.80,9199
2026-09-30 14:07:00,259.75,259.80,259.70,259.70,10818
2026-09-30 14:08:00,259.70,259.70,259.60,259.65,7852
2026-09-30 14:09:00,259.65,259.65,259.60,259.65,8245
2026-09-30 14:10:00,259.60,259.70,259.60,259.65,8115
2026-09-30 14:11:00,259.65,259.70,259.60,259.65,8388
2026-09-30 14:12:00,259.70,259.70,259.65,259.65,8431
2026-09-30 14:13:00,259.65,259.65,259.55,259.60,8195
2026-09-30 14:14:00,259.60,259.70,259.50,259.60,18124
2026-09-30 14:15:00,259.65,259.70,259.55,259.70,6833
2026-09-30 14:16:00,259.65,259.65,259.60,259.65,7333
2026-09-30 14:17:00,259.60,259.70,259.60,259.70,5700
2026-09-30 14:18:00,259.70,259.80,259.65,259.80,12615
2026-09-30 14:19:00,259.95,259.95,259.80,259.85,23712
2026-09-30 14:20:00,259.85,259.95,259.85,259.95,18501
2026-09-30 14:21:00,259.95,259.95,259.70,259.75,8467
2026-09-30 14:22:00,259.75,259.80,259.60,259.70,13532
2026-09-30 14:23:00,259.75,259.75,259.50,259.55,13674
2026-09-30 14:24:00,259.50,259.50,259.25,259.40,20610
2026-09-30 14:25:00,259.35,259.40,259.25,259.30,20487
2026-09-30 14:26:00,259.30,259.30,259.10,259.20,25046
2026-09-30 14:27:00,259.15,259.20,259.10,259.20,14907
2026-09-30 14:28:00,259.15,259.20,259.10,259.10,16329
2026-09-30 14:29:00,259.10,259.15,259.10,259.15,15192
2026-09-30 14:30:00,259.10,259.15,258.90,258.95,59679
2026-09-30 14:31:00,258.95,259.15,258.95,259.15,23642
2026-09-30 14:32:00,259.15,259.15,258.80,258.80,16376
2026-09-30 14:33:00,258.90,258.90,258.70,258.80,14309
2026-09-30 14:34:00,258.85,258.85,258.80,258.85,15993
2026-09-30 14:35:00,258.90,258.90,258.85,258.90,13055
2026-09-30 14:36:00,258.90,258.95,258.75,258.85,18405
2026-09-30 14:37:00,258.85,258.85,258.60,258.70,15056
2026-09-30 14:38:00,258.70,258.75,258.60,258.65,19035
2026-09-30 14:39:00,258.65,258.65,258.50,258.65,13495
2026-09-30 14:40:00,258.65,258.65,258.55,258.65,9225
2026-09-30 14:41:00,258.65,258.70,258.55,258.55,12705
2026-09-30 14:42:00,258.60,258.60,258.35,258.40,21149
2026-09-30 14:43:00,258.40,258.55,258.30,258.50,13403
2026-09-30 14:44:00,258.35,258.60,258.35,258.60,18279
2026-09-30 14:45:00,258.60,258.85,258.50,258.80,23678
2026-09-30 14:46:00,258.75,258.85,258.55,258.80,98324
2026-09-30 14:47:00,258.80,258.90,258.75,258.90,19840
2026-09-30 14:48:00,258.90,259.15,258.90,259.15,33274
2026-09-30 14:49:00,259.15,259.45,259.15,259.45,38892
2026-09-30 14:50:00,259.45,259.55,259.30,259.30,73106
2026-09-30 14:51:00,259.30,259.40,259.30,259.40,21185
2026-09-30 14:52:00,259.40,259.45,259.25,259.35,91877
2026-09-30 14:53:00,259.35,259.45,259.25,259.25,31952
2026-09-30 14:54:00,259.20,259.25,259.15,259.20,42349
2026-09-30 14:55:00,259.15,259.25,259.10,259.25,28061
2026-09-30 14:56:00,259.25,259.30,259.20,259.25,42051
2026-09-30 14:57:00,259.20,259.25,259.10,259.10,33985
2026-09-30 14:58:00,259.10,259.30,259.00,259.30,28224
2026-09-30 14:59:00,259.30,259.30,259.10,259.10,43827
2026-09-30 15:00:00,259.10,259.40,259.05,259.35,40474
2026-09-30 15:01:00,259.35,259.75,259.30,259.55,57711
2026-09-30 15:02:00,259.60,259.75,259.55,259.60,59055
2026-09-30 15:03:00,259.60,259.60,259.40,259.40,49010
2026-09-30 15:04:00,259.40,259.60,259.40,259.45,40249
2026-09-30 15:05:00,259.45,259.45,259.40,259.45,30707
2026-09-30 15:06:00,259.45,259.45,259.15,259.20,62841
2026-09-30 15:07:00,259.20,259.20,259.15,259.20,36462
2026-09-30 15:08:00,259.20,259.25,259.10,259.15,98466
2026-09-30 15:09:00,259.15,259.15,259.10,259.15,23490
2026-09-30 15:10:00,259.10,259.20,259.05,259.20,60195
2026-09-30 15:11:00,259.15,259.20,259.15,259.20,72190
2026-09-30 15:12:00,259.20,259.20,259.10,259.15,92357
2026-09-30 15:13:00,259.15,259.15,259.00,259.05,94103
2026-09-30 15:14:00,259.00,259.10,258.10,258.70,111462
2026-09-30 15:15:00,259.45,259.45,259.45,259.45,2596
2026-09-30 15:16:00,259.45,259.45,259.45,259.45,0
2026-09-30 15:17:00,259.45,259.45,259.45,259.45,0
2026-09-30 15:18:00,259.45,259.45,259.45,259.45,0
2026-09-30 15:19:00,259.45,259.45,259.45,259.45,0
2026-09-30 15:20:00,259.45,259.45,259.45,259.45,0
2026-09-30 15:21:00,259.45,259.45,259.45,259.45,0
2026-09-30 15:22:00,259.45,259.45,259.45,259.45,0
2026-09-30 15:23:00,259.45,259.45,259.45,259.45,0
2026-09-30 15:24:00,259.45,259.45,259.45,259.45,0
2026-09-30 15:25:00,259.45,259.45,259.45,259.45,0
2026-09-30 15:26:00,259.45,259.45,259.45,259.45,0
2026-09-30 15:27:00,259.45,259.45,259.45,259.45,0
2026-09-30 15:28:00,259.45,260.50,259.45,260.50,1218875
2026-09-30 15:29:00,260.50,260.50,260.50,260.50,0
2026-10-01 09:15:00,258.20,259.00,257.45,257.50,172373
2026-10-01 09:16:00,257.50,257.80,257.35,257.75,116467
2026-10-01 09:17:00,257.50,257.50,256.70,257.15,114912
2026-10-01 09:18:00,257.15,257.55,257.15,257.55,78196
2026-10-01 09:19:00,257.55,257.65,257.40,257.40,50965
2026-10-01 09:20:00,257.60,258.10,257.55,257.80,106984
2026-10-01 09:21:00,257.70,258.15,257.70,257.95,58660
2026-10-01 09:22:00,257.75,257.85,257.65,257.65,29301
2026-10-01 09:23:00,257.65,257.70,257.55,257.60,9973
2026-10-01 09:24:00,257.65,257.65,257.45,257.60,22836
2026-10-01 09:25:00,257.55,257.65,257.45,257.45,34666
2026-10-01 09:26:00,257.40,257.60,257.40,257.40,35108
2026-10-01 09:27:00,257.40,257.60,257.35,257.60,51632
2026-10-01 09:28:00,257.60,257.75,257.55,257.70,33755
2026-10-01 09:29:00,257.60,257.75,257.60,257.70,36252
2026-10-01 09:30:00,257.70,257.90,257.60,257.90,28429
2026-10-01 09:31:00,257.90,258.05,257.80,257.80,31516
2026-10-01 09:32:00,257.75,257.85,257.70,257.85,22057
2026-10-01 09:33:00,257.85,257.90,257.70,257.85,20164
2026-10-01 09:34:00,257.75,257.75,257.40,257.45,33568
2026-10-01 09:35:00,257.55,257.75,257.50,257.75,36371
2026-10-01 09:36:00,257.75,257.75,257.70,257.70,14288
2026-10-01 09:37:00,257.85,257.85,257.70,257.80,21997
2026-10-01 09:38:00,257.65,257.80,257.65,257.65,8839
2026-10-01 09:39:00,257.65,257.85,257.65,257.80,28823
2026-10-01 09:40:00,257.75,257.80,257.75,257.80,12917
2026-10-01 09:41:00,257.80,257.80,257.55,257.75,14205
2026-10-01 09:42:00,257.70,257.90,257.70,257.85,11618
2026-10-01 09:43:00,257.85,257.85,257.75,257.75,10882
2026-10-01 09:44:00,257.75,257.75,257.70,257.70,17149
2026-10-01 09:45:00,257.65,257.65,257.55,257.60,9711
2026-10-01 09:46:00,257.75,257.75,257.65,257.70,15113
2026-10-01 09:47:00,257.65,258.00,257.65,257.90,31750
2026-10-01 09:48:00,257.90,257.90,257.75,257.80,20495
2026-10-01 09:49:00,257.80,257.80,257.75,257.80,12990
2026-10-01 09:50:00,257.90,257.95,257.80,257.85,17915
2026-10-01 09:51:00,257.85,257.85,257.80,257.80,13258
2026-10-01 09:52:00,257.85,257.85,257.75,257.80,2587
2026-10-01 09:53:00,257.85,257.85,257.60,257.65,40668
2026-10-01 09:54:00,257.65,257.65,257.55,257.65,8639
2026-10-01 09:55:00,257.55,257.65,257.30,257.45,24178
2026-10-01 09:56:00,257.45,257.45,257.35,257.45,15522
2026-10-01 09:57:00,257.45,257.65,257.40,257.60,14697
2026-10-01 09:58:00,257.60,257.60,257.30,257.45,12535
2026-10-01 09:59:00,257.45,257.80,257.45,257.70,48064
2026-10-01 10:00:00,257.70,257.70,257.60,257.65,15059
2026-10-01 10:01:00,257.65,257.65,257.60,257.65,10082
2026-10-01 10:02:00,257.60,257.70,257.60,257.65,13696
2026-10-01 10:03:00,257.60,257.70,257.60,257.70,15203
2026-10-01 10:04:00,257.70,257.75,257.60,257.70,28293
2026-10-01 10:05:00,257.70,257.70,257.65,257.70,12906
2026-10-01 10:06:00,257.70,257.70,257.65,257.70,8518
2026-10-01 10:07:00,257.70,257.75,257.60,257.70,17908
2026-10-01 10:08:00,257.60,257.70,257.30,257.30,22543
2026-10-01 10:09:00,257.30,257.40,257.15,257.20,23783
2026-10-01 10:10:00,257.20,257.20,257.15,257.20,6715
2026-10-01 10:11:00,257.15,257.25,257.10,257.20,13681
2026-10-01 10:12:00,257.15,257.20,257.10,257.15,10178
2026-10-01 10:13:00,257.15,257.15,257.05,257.10,17963
2026-10-01 10:14:00,257.10,257.30,257.05,257.30,97281
2026-10-01 10:15:00,257.30,257.30,257.20,257.25,6972
2026-10-01 10:16:00,257.25,257.25,257.15,257.25,9538
2026-10-01 10:17:00,257.25,257.25,257.15,257.20,7355
2026-10-01 10:18:00,257.25,257.25,257.15,257.20,18726
2026-10-01 10:19:00,257.20,257.20,257.05,257.15,11681
2026-10-01 10:20:00,257.15,257.15,257.00,257.05,21252
2026-10-01 10:21:00,257.05,257.05,256.80,256.85,27978
2026-10-01 10:22:00,256.80,256.90,256.80,256.85,25646
2026-10-01 10:23:00,256.90,257.00,256.75,256.95,23735
2026-10-01 10:24:00,256.90,257.00,256.85,256.95,23409
2026-10-01 10:25:00,256.90,256.95,256.85,256.95,11437
2026-10-01 10:26:00,256.95,256.95,256.80,256.85,4786
2026-10-01 10:27:00,256.80,256.85,256.65,256.70,12555
2026-10-01 10:28:00,256.70,256.75,256.50,256.65,20293
2026-10-01 10:29:00,256.65,256.70,256.50,256.70,48820
2026-10-01 10:30:00,256.65,256.90,256.65,256.90,25710
2026-10-01 10:31:00,256.80,257.10,256.80,257.05,24150
2026-10-01 10:32:00,257.05,257.15,257.00,257.10,26480
2026-10-01 10:33:00,257.10,257.40,257.10,257.30,50456
2026-10-01 10:34:00,257.25,257.30,257.15,257.15,25547
2026-10-01 10:35:00,257.15,257.15,257.05,257.15,11562
2026-10-01 10:36:00,257.15,257.30,257.05,257.20,28957
2026-10-01 10:37:00,257.25,257.25,257.15,257.20,9129
2026-10-01 10:38:00,257.15,257.20,257.15,257.20,11287
2026-10-01 10:39:00,257.10,257.20,257.10,257.15,16425
2026-10-01 10:40:00,257.15,257.15,257.00,257.15,12467
2026-10-01 10:41:00,257.15,257.15,257.00,257.05,7948
2026-10-01 10:42:00,257.05,257.05,256.95,257.05,9057
2026-10-01 10:43:00,257.05,257.05,256.95,257.05,27220
2026-10-01 10:44:00,257.05,257.05,256.85,256.95,6458
2026-10-01 10:45:00,256.95,256.95,256.85,256.90,9499
2026-10-01 10:46:00,256.90,256.90,256.85,256.90,14670
2026-10-01 10:47:00,256.90,256.90,256.75,256.80,12034
2026-10-01 10:48:00,256.80,256.90,256.80,256.90,13334
2026-10-01 10:49:00,256.90,256.90,256.55,256.80,43271
2026-10-01 10:50:00,256.80,256.80,256.70,256.80,18824
2026-10-01 10:51:00,256.80,257.00,256.80,257.00,34548
2026-10-01 10:52:00,257.00,257.05,256.95,257.00,16649
2026-10-01 10:53:00,256.95,257.00,256.80,256.90,26098
2026-10-01 10:54:00,256.85,256.85,256.75,256.80,15898
2026-10-01 10:55:00,256.80,256.95,256.75,256.90,19049
2026-10-01 10:56:00,256.90,256.95,256.90,256.90,6124
2026-10-01 10:57:00,256.85,256.90,256.85,256.90,11732
2026-10-01 10:58:00,256.90,256.90,256.85,256.90,7224
2026-10-01 10:59:00,256.85,256.95,256.85,256.95,16575
2026-10-01 11:00:00,256.95,256.95,256.70,256.80,14647
2026-10-01 11:01:00,256.70,256.80,256.60,256.65,16094
2026-10-01 11:02:00,256.65,256.65,256.55,256.60,8994
2026-10-01 11:03:00,256.60,256.60,256.50,256.60,9593
2026-10-01 11:04:00,256.55,256.60,256.45,256.55,25047
2026-10-01 11:05:00,256.55,256.60,256.45,256.60,18754
2026-10-01 11:06:00,256.60,256.70,256.60,256.70,12407
2026-10-01 11:07:00,256.65,256.65,256.45,256.50,17151
2026-10-01 11:08:00,256.50,256.55,256.40,256.55,13375
2026-10-01 11:09:00,256.55,257.00,256.50,256.90,49773
2026-10-01 11:10:00,256.90,256.90,256.75,256.90,9673
2026-10-01 11:11:00,256.80,256.95,256.80,256.90,12497
2026-10-01 11:12:00,256.90,256.90,256.80,256.90,8118
2026-10-01 11:13:00,256.90,256.90,256.80,256.90,5875
2026-10-01 11:14:00,256.85,256.95,256.80,256.90,8589
2026-10-01 11:15:00,256.90,256.90,256.80,256.90,11691
2026-10-01 11:16:00,256.80,256.90,256.60,256.75,13201
2026-10-01 11:17:00,256.75,256.75,256.55,256.65,22108
2026-10-01 11:18:00,256.55,256.65,256.55,256.60,9378
2026-10-01 11:19:00,256.60,256.60,256.30,256.45,16116
2026-10-01 11:20:00,256.45,256.50,256.30,256.40,9918
2026-10-01 11:21:00,256.40,256.40,256.20,256.35,36161
2026-10-01 11:22:00,256.35,256.35,256.15,256.30,8923
2026-10-01 11:23:00,256.30,256.30,255.60,255.80,80569
2026-10-01 11:24:00,255.80,255.80,255.60,255.70,23072
2026-10-01 11:25:00,255.70,256.10,255.50,255.95,37314
2026-10-01 11:26:00,255.85,255.95,255.80,255.90,12815
2026-10-01 11:27:00,255.90,256.00,255.80,255.85,19909
2026-10-01 11:28:00,255.80,255.95,255.80,255.95,12041
2026-10-01 11:29:00,255.95,256.00,255.85,256.00,13717
2026-10-01 11:30:00,256.00,256.00,255.90,256.00,6937
2026-10-01 11:31:00,256.00,256.00,255.85,255.90,23013
2026-10-01 11:32:00,255.90,255.95,255.80,255.85,18516
2026-10-01 11:33:00,255.85,255.85,255.75,255.85,14021
2026-10-01 11:34:00,255.85,255.85,255.65,255.80,24411
2026-10-01 11:35:00,255.80,255.85,255.75,255.85,16363
2026-10-01 11:36:00,255.85,256.05,255.75,255.95,53370
2026-10-01 11:37:00,255.85,255.95,255.75,255.80,19093
2026-10-01 11:38:00,255.75,255.80,255.75,255.80,10607
2026-10-01 11:39:00,255.75,255.80,255.70,255.80,6297
2026-10-01 11:40:00,255.70,255.80,255.70,255.75,13804
2026-10-01 11:41:00,255.70,255.75,255.65,255.75,6910
2026-10-01 11:42:00,255.75,256.15,255.70,255.75,54165
2026-10-01 11:43:00,255.75,255.85,255.65,255.85,10137
2026-10-01 11:44:00,255.80,255.85,255.80,255.85,11330
2026-10-01 11:45:00,255.80,255.85,255.75,255.85,9577
2026-10-01 11:46:00,255.75,255.85,255.75,255.80,9220
2026-10-01 11:47:00,255.80,255.90,255.65,255.90,37687
2026-10-01 11:48:00,255.90,255.90,255.60,255.70,24314
2026-10-01 11:49:00,255.70,255.70,255.45,255.60,26608
2026-10-01 11:50:00,255.60,255.60,255.40,255.45,10996
2026-10-01 11:51:00,255.40,255.45,255.40,255.45,8164
2026-10-01 11:52:00,255.40,255.85,255.30,255.75,177043
2026-10-01 11:53:00,255.75,255.75,255.50,255.55,20745
2026-10-01 11:54:00,255.50,255.60,255.45,255.50,7733
2026-10-01 11:55:00,255.55,256.00,255.55,255.85,431706
2026-10-01 11:56:00,255.85,255.85,255.65,255.75,18478
2026-10-01 11:57:00,255.65,255.80,255.60,255.65,18348
2026-10-01 11:58:00,255.60,255.70,255.55,255.65,14027
2026-10-01 11:59:00,255.60,255.70,255.60,255.70,11698
2026-10-01 12:00:00,255.70,255.80,255.60,255.80,11291
2026-10-01 12:01:00,255.70,255.75,255.65,255.70,8937
2026-10-01 12:02:00,255.65,255.75,255.65,255.70,17821
2026-10-01 12:03:00,255.60,255.70,255.50,255.65,13211
2026-10-01 12:04:00,255.65,255.80,255.50,255.75,21781
2026-10-01 12:05:00,255.75,256.05,255.60,255.85,149200
2026-10-01 12:06:00,255.80,255.95,255.65,255.90,120116
2026-10-01 12:07:00,255.90,256.05,255.80,255.85,199075
2026-10-01 12:08:00,255.80,255.85,255.70,255.75,21382
2026-10-01 12:09:00,255.75,255.75,255.50,255.60,5969
2026-10-01 12:10:00,255.50,255.60,255.25,255.35,23235
2026-10-01 12:11:00,255.35,255.35,255.15,255.30,21893
2026-10-01 12:12:00,255.30,255.45,255.20,255.45,19778
2026-10-01 12:13:00,255.35,255.50,255.35,255.40,14817
2026-10-01 12:14:00,255.35,255.40,255.30,255.40,5219
2026-10-01 12:15:00,255.40,255.40,255.25,255.35,6655
2026-10-01 12:16:00,255.30,255.65,255.30,255.45,28035
2026-10-01 12:17:00,255.40,255.50,255.30,255.35,18023
2026-10-01 12:18:00,255.30,255.35,255.20,255.30,6769
2026-10-01 12:19:00,255.30,255.30,255.20,255.30,14306
2026-10-01 12:20:00,255.20,255.25,255.15,255.25,28275
2026-10-01 12:21:00,255.25,255.25,255.10,255.20,26591
2026-10-01 12:22:00,255.10,255.20,255.00,255.10,33195
2026-10-01 12:23:00,255.10,255.10,254.70,254.90,68532
2026-10-01 12:24:00,254.90,254.90,254.80,254.85,14175
2026-10-01 12:25:00,254.80,254.85,254.75,254.80,8256
2026-10-01 12:26:00,254.75,254.80,254.70,254.75,16377
2026-10-01 12:27:00,254.80,255.00,254.75,254.85,34633
2026-10-01 12:28:00,254.85,255.00,254.75,254.85,22359
2026-10-01 12:29:00,254.85,254.95,254.75,254.95,23261
2026-10-01 12:30:00,254.95,254.95,254.90,254.95,8585
2026-10-01 12:31:00,254.95,254.95,254.85,254.90,10609
2026-10-01 12:32:00,254.85,255.05,254.85,255.00,23846
2026-10-01 12:33:00,254.90,255.10,254.90,255.10,13942
2026-10-01 12:34:00,255.10,255.30,255.05,255.30,29424
2026-10-01 12:35:00,255.20,255.35,255.15,255.30,33057
2026-10-01 12:36:00,255.30,255.30,255.20,255.30,7460
2026-10-01 12:37:00,255.30,255.35,255.20,255.35,17745
2026-10-01 12:38:00,255.30,255.35,255.30,255.35,9249
2026-10-01 12:39:00,255.30,255.55,255.20,255.50,58301
2026-10-01 12:40:00,255.50,255.50,255.40,255.50,4499
2026-10-01 12:41:00,255.50,255.65,255.45,255.60,21421
2026-10-01 12:42:00,255.55,255.55,255.50,255.55,12723
2026-10-01 12:43:00,255.55,255.55,255.40,255.40,13100
2026-10-01 12:44:00,255.40,255.45,255.30,255.30,11673
2026-10-01 12:45:00,255.30,255.30,255.10,255.20,9252
2026-10-01 12:46:00,255.10,255.20,254.90,255.00,15575
2026-10-01 12:47:00,255.00,255.50,255.00,255.35,247727
2026-10-01 12:48:00,255.25,255.35,255.20,255.30,10372
2026-10-01 12:49:00,255.15,255.30,255.00,255.10,17149
2026-10-01 12:50:00,255.10,255.15,255.00,255.00,9204
2026-10-01 12:51:00,255.00,255.00,254.95,254.95,9170
2026-10-01 12:52:00,254.95,255.00,254.85,254.95,6983
2026-10-01 12:53:00,254.95,254.95,254.80,254.90,5294
2026-10-01 12:54:00,254.90,254.90,254.50,254.60,14749
2026-10-01 12:55:00,254.60,254.60,254.35,254.45,9326
2026-10-01 12:56:00,254.45,254.45,254.20,254.30,12863
2026-10-01 12:57:00,254.30,254.45,254.20,254.40,14556
2026-10-01 12:58:00,254.40,254.45,254.10,254.30,22265
2026-10-01 12:59:00,254.35,254.60,254.35,254.45,21981
2026-10-01 13:00:00,254.55,254.65,254.45,254.50,22206
2026-10-01 13:01:00,254.50,254.50,254.45,254.50,10554
2026-10-01 13:02:00,254.65,254.90,254.65,254.90,21168
2026-10-01 13:03:00,254.90,254.90,254.70,254.90,19370
2026-10-01 13:04:00,254.90,255.35,254.90,255.25,122173
2026-10-01 13:05:00,255.25,255.25,255.10,255.20,7714
2026-10-01 13:06:00,255.20,255.35,255.10,255.25,15972
2026-10-01 13:07:00,255.20,255.25,255.05,255.20,17788
2026-10-01 13:08:00,255.20,255.45,255.20,255.45,18499
2026-10-01 13:09:00,255.40,255.40,255.25,255.35,12349
2026-10-01 13:10:00,255.35,255.35,255.25,255.30,15053
2026-10-01 13:11:00,255.30,255.30,255.20,255.30,10945
2026-10-01 13:12:00,255.30,255.30,255.10,255.20,10093
2026-10-01 13:13:00,255.20,255.25,255.05,255.20,7920
2026-10-01 13:14:00,255.20,255.25,255.15,255.20,20005
2026-10-01 13:15:00,255.20,255.20,255.00,255.05,8507
2026-10-01 13:16:00,255.10,255.10,254.85,254.95,12825
2026-10-01 13:17:00,254.95,254.95,254.65,254.65,12699
2026-10-01 13:18:00,254.60,254.65,254.55,254.55,10260
2026-10-01 13:19:00,254.65,254.65,254.45,254.55,11872
2026-10-01 13:20:00,254.50,254.60,254.40,254.50,9888
2026-10-01 13:21:00,254.50,254.55,254.40,254.45,11119
2026-10-01 13:22:00,254.45,254.50,254.10,254.25,40175
2026-10-01 13:23:00,254.20,254.25,254.05,254.20,14831
2026-10-01 13:24:00,254.10,254.20,254.05,254.15,10038
2026-10-01 13:25:00,254.15,254.40,254.05,254.15,38418
2026-10-01 13:26:00,254.10,254.40,254.10,254.40,19020
2026-10-01 13:27:00,254.30,254.30,254.10,254.20,15162
2026-10-01 13:28:00,254.20,254.30,254.15,254.20,30505
2026-10-01 13:29:00,254.15,254.20,254.10,254.15,12877
2026-10-01 13:30:00,254.15,254.40,254.00,254.40,22891
2026-10-01 13:31:00,254.35,254.50,254.25,254.25,63378
2026-10-01 13:32:00,254.25,254.25,254.05,254.15,7617
2026-10-01 13:33:00,254.15,254.35,254.05,254.25,24338
2026-10-01 13:34:00,254.30,254.30,254.15,254.25,13784
2026-10-01 13:35:00,254.25,254.25,254.20,254.20,10986
2026-10-01 13:36:00,254.25,254.25,254.00,254.10,6443
2026-10-01 13:37:00,254.10,254.10,254.05,254.10,7878
2026-10-01 13:38:00,254.10,254.10,253.65,253.85,44398
2026-10-01 13:39:00,253.75,253.85,253.70,253.80,7724
2026-10-01 13:40:00,253.70,253.80,253.65,253.70,12609
2026-10-01 13:41:00,253.75,253.75,253.50,253.50,24280
2026-10-01 13:42:00,253.60,253.60,253.25,253.35,11551
2026-10-01 13:43:00,253.35,253.35,253.10,253.20,12610
2026-10-01 13:44:00,253.20,253.30,253.20,253.25,12565
2026-10-01 13:45:00,253.25,253.40,253.25,253.40,11662
2026-10-01 13:46:00,253.40,253.45,253.35,253.35,14054
2026-10-01 13:47:00,253.35,253.35,253.25,253.25,6318
2026-10-01 13:48:00,253.20,253.30,253.15,253.30,9550
2026-10-01 13:49:00,253.20,253.30,253.00,253.15,41747
2026-10-01 13:50:00,253.30,253.30,253.15,253.15,43372
2026-10-01 13:51:00,253.20,253.30,253.10,253.15,15786
2026-10-01 13:52:00,253.00,253.25,253.00,253.15,8540
2026-10-01 13:53:00,253.15,253.40,253.15,253.35,18300
2026-10-01 13:54:00,253.35,253.35,253.20,253.30,13698
2026-10-01 13:55:00,253.20,253.30,253.20,253.30,8035
2026-10-01 13:56:00,253.30,253.30,253.20,253.20,9978
2026-10-01 13:57:00,253.20,253.25,253.10,253.15,16620
2026-10-01 13:58:00,253.10,253.20,253.00,253.05,15976
2026-10-01 13:59:00,253.05,253.10,253.00,253.05,16094
2026-10-01 14:00:00,253.05,253.10,252.80,252.95,24060
2026-10-01 14:01:00,252.95,252.95,252.85,252.90,6583
2026-10-01 14:02:00,252.85,252.85,252.65,252.75,20745
2026-10-01 14:03:00,252.75,252.75,252.55,252.65,13533
2026-10-01 14:04:00,252.65,252.70,252.40,252.50,18001
2026-10-01 14:05:00,252.50,252.65,252.35,252.60,31351
2026-10-01 14:06:00,252.75,253.05,252.70,253.00,201221
2026-10-01 14:07:00,253.00,253.10,252.85,253.00,26632
2026-10-01 14:08:00,253.00,253.05,253.00,253.05,10389
2026-10-01 14:09:00,253.00,253.10,253.00,253.05,18409
2026-10-01 14:10:00,253.05,253.05,252.95,252.95,16206
2026-10-01 14:11:00,253.00,253.00,252.90,252.95,11717
2026-10-01 14:12:00,252.95,253.05,252.90,252.95,13315
2026-10-01 14:13:00,252.95,253.05,252.90,253.00,13664
2026-10-01 14:14:00,252.90,253.20,252.90,253.20,26956
2026-10-01 14:15:00,253.20,253.20,252.75,252.80,24670
2026-10-01 14:16:00,252.80,252.80,252.70,252.80,5768
2026-10-01 14:17:00,252.80,252.80,252.70,252.80,5311
2026-10-01 14:18:00,252.70,252.95,252.70,252.90,17034
2026-10-01 14:19:00,252.90,252.95,252.80,252.85,4747
2026-10-01 14:20:00,252.85,253.00,252.85,252.90,10209
2026-10-01 14:21:00,252.90,252.90,252.80,252.85,5117
2026-10-01 14:22:00,252.85,252.90,252.80,252.85,16703
2026-10-01 14:23:00,252.75,252.85,252.75,252.85,9796
2026-10-01 14:24:00,252.85,252.85,252.55,252.55,17790
2026-10-01 14:25:00,252.55,252.85,252.50,252.75,24883
2026-10-01 14:26:00,252.75,253.10,252.70,253.05,25435
2026-10-01 14:27:00,253.05,253.10,252.95,253.05,21970
2026-10-01 14:28:00,253.00,253.05,252.85,253.00,31250
2026-10-01 14:29:00,252.95,253.15,252.85,253.15,34434
2026-10-01 14:30:00,253.15,253.15,252.85,253.00,98118
2026-10-01 14:31:00,253.05,253.45,253.00,253.45,42458
2026-10-01 14:32:00,253.40,253.40,253.25,253.35,17402
2026-10-01 14:33:00,253.30,253.60,253.10,253.60,43874
2026-10-01 14:34:00,253.55,253.55,253.45,253.50,25407
2026-10-01 14:35:00,253.50,253.50,253.40,253.45,22935
2026-10-01 14:36:00,253.40,253.55,253.35,253.55,30479
2026-10-01 14:37:00,253.55,253.55,253.45,253.50,8719
2026-10-01 14:38:00,253.50,253.50,253.30,253.30,26163
2026-10-01 14:39:00,253.30,253.45,253.25,253.40,25735
2026-10-01 14:40:00,253.35,253.80,253.35,253.70,28573
2026-10-01 14:41:00,253.70,253.80,253.65,253.70,11942
2026-10-01 14:42:00,253.70,253.70,253.50,253.60,26023
2026-10-01 14:43:00,253.60,253.65,253.60,253.65,10253
2026-10-01 14:44:00,253.65,253.65,253.60,253.60,5950
2026-10-01 14:45:00,253.60,253.80,253.60,253.80,36985
2026-10-01 14:46:00,253.75,253.80,253.65,253.70,13143
2026-10-01 14:47:00,253.65,253.80,253.55,253.75,26743
2026-10-01 14:48:00,253.80,253.80,253.60,253.60,16356
2026-10-01 14:49:00,253.60,254.00,253.60,253.95,206408
2026-10-01 14:50:00,254.00,254.35,254.00,254.35,50801
2026-10-01 14:51:00,254.30,254.50,254.10,254.45,49047
2026-10-01 14:52:00,254.40,254.45,254.35,254.40,13072
2026-10-01 14:53:00,254.40,254.50,254.35,254.50,41573
2026-10-01 14:54:00,254.50,254.55,254.40,254.45,29994
2026-10-01 14:55:00,254.40,254.55,254.40,254.55,30170
2026-10-01 14:56:00,254.55,254.60,254.50,254.55,41367
2026-10-01 14:57:00,254.50,254.55,254.50,254.55,32326
2026-10-01 14:58:00,254.55,254.55,254.45,254.45,138971
2026-10-01 14:59:00,254.40,254.50,254.30,254.40,60335
2026-10-01 15:00:00,254.35,254.35,254.10,254.15,76565
2026-10-01 15:01:00,254.35,254.40,254.20,254.20,69375
2026-10-01 15:02:00,254.20,254.25,253.95,253.95,61977
2026-10-01 15:03:00,253.90,254.05,253.85,253.90,65908
2026-10-01 15:04:00,253.90,254.00,253.85,253.90,39984
2026-10-01 15:05:00,253.90,254.30,253.90,254.10,61886
2026-10-01 15:06:00,254.30,254.30,254.20,254.25,32393
2026-10-01 15:07:00,254.30,254.30,254.10,254.20,43927
2026-10-01 15:08:00,254.20,254.20,254.10,254.15,31740
2026-10-01 15:09:00,254.10,254.20,254.10,254.20,42904
2026-10-01 15:10:00,254.15,254.40,254.15,254.35,91421
2026-10-01 15:11:00,254.35,254.45,254.35,254.45,56837
2026-10-01 15:12:00,254.45,254.55,254.30,254.55,100183
2026-10-01 15:13:00,254.50,255.10,254.30,254.80,180722
2026-10-01 15:14:00,254.60,255.20,254.50,255.00,84274
2026-10-01 15:15:00,255.00,255.00,255.00,255.00,0
2026-10-01 15:16:00,255.00,255.00,255.00,255.00,0
2026-10-01 15:17:00,255.00,255.00,255.00,255.00,0
2026-10-01 15:18:00,255.00,255.00,255.00,255.00,0
2026-10-01 15:19:00,255.00,255.00,255.00,255.00,0
2026-10-01 15:20:00,255.00,255.00,255.00,255.00,0
2026-10-01 15:21:00,255.00,255.00,255.00,255.00,0
2026-10-01 15:22:00,255.00,255.00,255.00,255.00,0
2026-10-01 15:23:00,255.00,255.00,255.00,255.00,0
2026-10-01 15:24:00,255.00,255.00,255.00,255.00,0
2026-10-01 15:25:00,255.00,255.00,255.00,255.00,0
2026-10-01 15:26:00,255.00,255.00,255.00,255.00,0
2026-10-01 15:27:00,255.00,255.00,255.00,255.00,0
2026-10-01 15:28:00,255.00,255.00,255.00,255.00,0
2026-10-01 15:29:00,255.00,255.00,254.55,254.55,686492
2026-10-05 10:04:00,258.4,258.4,258.1,258.2,1277086
2026-10-05 10:05:00,258.2,258.2,258,258.05,1281739
2026-10-05 10:06:00,258.1,258.35,258.1,258.35,1290398
2026-10-05 10:07:00,258.45,258.5,258.45,258.5,1300968
2026-10-05 10:08:00,258.5,258.5,258.4,258.5,1306610
2026-10-05 10:09:00,258.4,258.5,258.4,258.45,1309910
2026-10-05 10:10:00,258.45,258.45,258.35,258.35,1315719
2026-10-05 10:11:00,258.35,258.6,258.3,258.5,1335848
2026-10-05 10:12:00,258.5,258.5,258.45,258.5,1337663
2026-10-05 10:14:00,258.5,258.55,258.4,258.5,1346850
2026-10-05 10:15:00,258.55,258.55,258.4,258.55,1352345
2026-10-05 10:16:00,258.5,258.5,258.3,258.35,1358477
2026-10-05 10:17:00,258.35,258.45,258.3,258.4,1368762
2026-10-05 10:18:00,258.45,258.6,258.25,258.35,1381809
2026-10-05 10:19:00,258.35,258.35,258.2,258.3,1383069
2026-10-05 10:20:00,258.3,258.4,258.25,258.25,1384686
2026-10-05 10:21:00,258.25,258.3,258.2,258.25,1387511
2026-10-05 10:22:00,258.25,258.25,258.15,258.15,1389996
2026-10-05 10:23:00,258.2,258.4,258.1,258.25,1395621
2026-10-05 10:24:00,258.35,258.35,258.05,258.05,1400816
2026-10-05 10:25:00,258,258.05,257.8,257.8,1405773
2026-10-05 10:26:00,257.55,257.55,257.5,257.55,1413224
2026-10-05 10:27:00,257.55,257.55,257.1,257.15,1425560
2026-10-05 10:28:00,257.15,257.5,257.15,257.3,1505685
2026-10-05 10:29:00,257.3,257.3,257.2,257.2,1508407
2026-10-05 10:30:00,257.2,257.2,257.05,257.2,1511555
2026-10-05 10:31:00,257.2,257.35,257.1,257.3,1531830
2026-10-05 10:32:00,257.3,257.3,257.15,257.15,1544904
2026-10-05 10:33:00,257.15,257.15,257.05,257.05,1545945
2026-10-05 10:34:00,257.05,257.15,257.05,257.15,1547367
2026-10-05 10:38:00,256.85,256.85,256.6,256.8,1595098
2026-10-05 10:39:00,256.8,256.8,256.55,256.6,1600065
2026-10-05 10:40:00,256.6,256.7,256.45,256.7,1607296
2026-10-05 10:41:00,256.7,256.7,256.6,256.65,1610723
2026-10-05 10:42:00,256.65,257.05,256.65,256.85,1632061
2026-10-05 10:43:00,256.85,256.95,256.8,256.8,1635111
2026-10-05 10:44:00,256.8,256.95,256.8,256.9,1639767
2026-10-05 10:45:00,256.9,256.9,256.75,256.8,1640766
2026-10-05 10:46:00,256.8,256.8,256.75,256.8,1642978
2026-10-05 10:47:00,256.8,256.8,256.4,256.4,1665890
2026-10-05 10:48:00,256.4,256.45,256.3,256.4,1673612
2026-10-05 10:49:00,256.4,256.4,256.25,256.3,1677296
2026-10-05 10:50:00,256.3,256.45,256.2,256.45,1705619
2026-10-05 10:51:00,256.45,256.7,256.45,256.65,1736053
2026-10-05 10:52:00,256.65,257,256.4,256.95,1772023
2026-10-05 10:53:00,256.95,257,256.85,257,1794269
2026-10-05 10:58:00,257.15,257.15,257.15,257.15,1914354
2026-10-05 10:59:00,257.15,257.55,257,257.5,2144071
2026-10-05 11:00:00,257.35,258,257.35,257.9,2325550
2026-10-05 11:01:00,258,258.15,257.9,258.15,2347108
2026-10-05 11:02:00,258.15,258.2,258.05,258.05,2352490
2026-10-05 11:06:00,258.2,258.2,257.8,257.9,2426961
2026-10-05 11:07:00,257.9,257.9,257.7,257.75,2437285
2026-10-05 11:08:00,257.8,257.8,257.65,257.75,2449452
2026-10-05 11:09:00,257.75,257.75,257.55,257.65,2470436
2026-10-05 11:10:00,257.65,257.65,257.55,257.65,2491553
2026-10-05 11:11:00,257.65,257.65,257.5,257.55,2500518
2026-10-05 11:12:00,257.55,257.55,257.5,257.55,2518385
2026-10-05 11:13:00,257.55,257.55,257.3,257.5,2532738
2026-10-05 11:14:00,257.5,257.5,257.25,257.5,2586804
2026-10-05 11:15:00,257.5,257.5,257.35,257.5,2598318
2026-10-05 11:16:00,257.5,257.5,257.35,257.4,2604362
2026-10-05 11:17:00,257.4,257.45,257.3,257.45,2618908
2026-10-05 11:18:00,257.45,257.6,257.35,257.6,2638422
2026-10-05 11:19:00,257.6,257.6,257.45,257.45,2650271
2026-10-05 11:20:00,257.45,257.45,257.3,257.3,2655535
2026-10-05 11:21:00,257.3,257.35,257.2,257.25,2662362
2026-10-05 11:22:00,257.25,257.25,256.85,256.9,2697451
2026-10-05 11:23:00,256.9,256.9,256.55,256.75,2725439
2026-10-05 11:24:00,256.75,256.8,256.65,256.8,2735531
2026-10-05 11:25:00,256.8,257.2,256.7,257.15,2758182
2026-10-05 11:40:00,256.55,256.55,256.5,256.5,2864316
2026-10-05 11:41:00,256.55,256.6,256.5,256.5,2877864
2026-10-05 11:42:00,256.55,256.6,256.45,256.5,2887095
2026-10-05 11:43:00,256.5,256.5,256.4,256.45,2893619
2026-10-05 11:44:00,256.45,256.5,256.4,256.4,2898473
2026-10-05 11:45:00,256.35,256.45,256.3,256.4,2903624
2026-10-05 11:46:00,256.4,256.45,256.35,256.45,2908783
2026-10-05 11:47:00,256.45,256.45,256.35,256.45,2917069
2026-10-05 11:48:00,256.45,256.45,256.35,256.4,2920207
2026-10-05 11:49:00,256.35,256.4,256.35,256.4,2922456
2026-10-05 11:50:00,256.4,256.4,256.2,256.25,2938269
2026-10-05 11:51:00,256.35,256.35,256.2,256.25,2942922
2026-10-05 11:52:00,256.2,256.8,256.2,256.75,3126767
2026-10-05 11:53:00,256.8,256.8,256.55,256.55,3359892
2026-10-05 11:54:00,256.5,256.65,256.5,256.6,3379948
2026-10-05 12:07:00,255.85,255.85,255.8,255.85,3534640
2026-10-05 12:08:00,255.85,255.85,255.55,255.65,3542761
2026-10-05 12:09:00,255.65,255.9,255.65,255.9,3551896
2026-10-05 12:10:00,255.9,255.9,255.75,255.9,3556121
2026-10-05 12:11:00,255.9,255.95,255.85,255.95,3561740
2026-10-05 12:12:00,255.95,256,255.85,255.85,3564228
2026-10-05 12:13:00,255.85,255.9,255.8,255.8,3569615
2026-10-05 12:14:00,255.8,255.8,255.75,255.8,3571817
2026-10-05 12:15:00,255.8,255.9,255.75,255.9,3576065
2026-10-05 12:16:00,255.9,255.9,255.8,255.8,3576968
2026-10-05 12:20:00,256,256,255.9,256,3591267
2026-10-05 12:21:00,256,256.3,255.9,256.3,3653525
2026-10-05 12:22:00,256.3,256.65,256.3,256.6,3771612
2026-10-05 12:23:00,256.6,256.6,256.55,256.6,3775594
2026-10-05 12:24:00,256.6,256.6,256.55,256.55,3776124
2026-10-05 12:29:00,256.7,256.8,256.65,256.8,3856804
2026-10-05 12:30:00,256.8,256.8,256.65,256.7,3858991
2026-10-05 12:31:00,256.75,256.75,256.6,256.6,3860668
2026-10-05 12:39:00,256.45,256.45,256.35,256.4,3897743
2026-10-05 12:40:00,256.4,256.45,256.35,256.35,3905878
2026-10-05 12:41:00,256.35,256.45,256.35,256.4,3909780
2026-10-05 12:42:00,256.4,256.45,256.35,256.4,3911851
2026-10-05 12:43:00,256.4,256.45,256.35,256.45,3914583
2026-10-05 12:44:00,256.45,256.45,256.35,256.4,3919838
2026-10-05 12:45:00,256.4,256.6,256.4,256.5,3930593
2026-10-05 12:46:00,256.5,256.7,256.5,256.7,3943856
2026-10-05 12:47:00,256.7,256.8,256.65,256.75,3951037
2026-10-05 12:48:00,256.75,256.9,256.7,256.9,3955088
2026-10-05 12:49:00,256.9,256.95,256.8,256.8,3959987
2026-10-05 12:50:00,256.85,256.9,256.7,256.85,3964132
2026-10-05 12:51:00,256.85,256.85,256.75,256.8,3965973
2026-10-05 12:59:00,256.45,256.5,256.45,256.5,4023997
2026-10-05 13:00:00,256.5,256.5,256.4,256.45,4029193
2026-10-05 13:01:00,256.45,256.55,256.45,256.55,4035567
2026-10-05 13:12:00,256.95,256.95,256.65,256.75,4132983
2026-10-05 13:13:00,256.75,256.75,256.7,256.75,4137273
2026-10-05 13:14:00,256.75,256.75,256.65,256.7,4149413
2026-10-05 13:15:00,256.75,256.75,256.65,256.65,4195698
2026-10-05 13:16:00,256.7,256.7,256.5,256.55,4199634
2026-10-05 13:17:00,256.55,256.6,256.5,256.5,4215327
2026-10-05 13:18:00,256.5,256.7,256.5,256.7,4244284
2026-10-05 13:19:00,256.7,256.7,256.65,256.7,4248632
2026-10-05 13:20:00,256.65,256.7,256.65,256.7,4251987
2026-10-05 13:22:00,256.65,256.75,256.65,256.65,4261181
2026-10-05 13:23:00,256.65,256.75,256.6,256.7,4267689
2026-10-05 13:24:00,256.7,256.7,256.6,256.65,4279847
2026-10-05 13:25:00,256.65,256.65,256.5,256.55,4289502
2026-10-05 13:26:00,256.55,256.55,256.35,256.4,4299745
2026-10-05 13:27:00,256.45,256.45,256.4,256.45,4302179
2026-10-05 13:28:00,256.45,256.45,256.35,256.4,4306683
2026-10-05 13:29:00,256.4,256.45,256.3,256.3,4309514
2026-10-05 13:30:00,256.4,256.55,256.4,256.55,4330928
2026-10-05 13:31:00,256.55,256.55,256.5,256.55,4335415
2026-10-05 13:47:00,258.3,258.4,258.2,258.4,4671339
2026-10-05 13:48:00,258.4,258.45,258.35,258.4,4680073
2026-10-05 13:49:00,258.45,258.45,258.25,258.4,4695711
2026-10-05 13:50:00,258.4,258.5,258.35,258.5,4704352
2026-10-05 13:51:00,258.5,258.5,258.4,258.5,4711231
2026-10-05 15:13:00,256.65,256.65,256.5,256.65,6998558
2026-10-05 15:14:00,256.65,256.9,256.45,256.6,7046794
2026-10-05 15:15:00,256.6,256.65,256.6,256.65,7048319
2026-10-05 15:16:00,256.65,256.65,256.65,256.65,7048319
2026-10-05 15:17:00,256.65,256.65,256.65,256.65,7048319
2026-10-05 15:18:00,256.65,256.65,256.65,256.65,7048319
2026-10-05 15:19:00,256.65,256.65,256.65,256.65,7048319
2026-10-05 15:20:00,256.65,256.65,256.65,256.65,7048319
2026-10-05 15:27:00,256.65,256.65,256.65,256.65,7048319
2026-10-05 15:28:00,256.65,256.65,256.65,256.65,7048319
2026-10-05 15:29:00,256.65,256.65,256.65,256.65,7048319
2026-10-05 15:31:00,257,257,257,257,7325614
2026-10-05 15:32:00,257,257,257,257,7325614
2026-10-05 15:33:00,257,257,257,257,7325614
2026-10-05 15:34:00,257,257,257,257,7325614
2026-10-05 15:36:00,257,257,257,257,7325614
2026-10-05 15:37:00,257,257,257,257,7325614
2026-10-05 15:38:00,257,257,257,257,7325614
2026-10-05 15:39:00,257,257,257,257,7325614
2026-10-05 15:40:00,257,257,257,257,7325614
2026-10-05 15:41:00,257,257,257,257,7325614
2026-10-05 15:42:00,257,257,257,257,7325614
2026-10-05 15:43:00,257,257,257,257,7325614
2026-10-05 15:48:00,257,257,257,257,7325614
2026-10-05 15:49:00,257,257,257,257,7325614
2026-10-05 15:50:00,257,257,257,257,7326036
2026-10-05 15:51:00,257,257,257,257,7326036
2026-10-05 15:52:00,257,257,257,257,7326036
2026-10-05 15:53:00,257,257,257,257,7327636
2026-10-05 15:54:00,257,257,257,257,7327636
2026-10-05 15:55:00,257,257,257,257,7327936
2026-10-05 15:56:00,257,257,257,257,7327966
2026-10-05 15:57:00,257,257,257,257,7327971
2026-10-05 15:58:00,257,257,257,257,7327971
2026-10-05 15:59:00,257,257,257,257,7327971
2026-10-05 16:00:00,257,257,257,257,7327971
2026-10-05 16:01:00,257,257,257,257,7327971
2026-10-05 16:02:00,257,257,257,257,7327971
2026-10-05 16:03:00,257,257,257,257,7327971
2026-10-05 16:04:00,257,257,257,257,7327971
2026-10-05 16:05:00,257,257,257,257,7327971
2026-10-05 16:06:00,257,257,257,257,7327971
2026-10-05 16:07:00,257,257,257,257,7327971
2026-10-05 16:08:00,257,257,257,257,7327971
2026-10-05 16:09:00,257,257,257,257,7327971
2026-10-05 16:10:00,257,257,257,257,7327971
2026-10-05 16:11:00,257,257,257,257,7327971
2026-10-05 16:12:00,257,257,257,257,7327971
2026-10-05 16:13:00,257,257,257,257,7327971
2026-10-05 16:14:00,257,257,257,257,7327971
2026-10-05 16:15:00,257,257,257,257,7327971
2026-10-05 16:16:00,257,257,257,257,7327971
2026-10-05 16:17:00,257,257,257,257,7327971
2026-10-05 16:18:00,257,257,257,257,7327971
2026-10-05 16:19:00,257,257,257,257,7327971
2026-10-05 16:35:00,257,257,257,257,7327971
2026-10-05 16:36:00,257,257,257,257,7327971
2026-10-05 16:37:00,257,257,257,257,7327971
2026-10-05 16:38:00,257,257,257,257,7327971
2026-10-05 16:39:00,257,257,257,257,7327971
2026-10-05 16:40:00,257,257,257,257,7327971
2026-10-05 16:41:00,257,257,257,257,7327971
2026-10-05 16:42:00,257,257,257,257,7327971
2026-10-05 16:43:00,257,257,257,257,7327971
2026-10-05 16:44:00,257,257,257,257,7327971
2026-10-05 16:45:00,257,257,257,257,7327971
2026-10-05 16:46:00,257,257,257,257,7327971
2026-10-05 16:47:00,257,257,257,257,7327971
2026-10-05 16:48:00,257,257,257,257,7327971
2026-10-05 16:49:00,257,257,257,257,7327971
2026-10-05 16:50:00,257,257,257,257,7327971
2026-10-05 16:51:00,257,257,257,257,7327971
2026-10-05 16:52:00,257,257,257,257,7327971
2026-10-05 17:19:00,257,257,257,257,7327971
2026-10-05 17:20:00,257,257,257,257,7327971
2026-10-05 17:21:00,257,257,257,257,7327971
2026-10-05 17:22:00,257,257,257,257,7327971
2026-10-05 17:23:00,257,257,257,257,7327971
2026-10-05 17:24:00,257,257,257,257,7327971
2026-10-05 17:25:00,257,257,257,257,7327971
2026-10-05 17:26:00,257,257,257,257,7327971
2026-10-05 17:27:00,257,257,257,257,7327971
2026-10-05 17:28:00,257,257,257,257,7327971
2026-10-05 17:29:00,257,257,257,257,7327971
2026-10-05 17:30:00,257,257,257,257,7327971
2026-10-05 17:31:00,257,257,257,257,7327971
2026-10-05 17:32:00,257,257,257,257,7327971
2026-10-05 17:33:00,257,257,257,257,7327971
2026-10-05 17:48:00,257,257,257,257,7327971
2026-10-05 17:49:00,257,257,257,257,7327971
2026-10-05 17:50:00,257,257,257,257,7327971
2026-10-05 17:51:00,257,257,257,257,7327971
2026-10-05 17:52:00,257,257,257,257,7327971
2026-10-06 09:05:00,257,257,257,257,6
2026-10-06 09:06:00,257,257,257,257,29
2026-10-06 09:07:00,257,257,257,257,33
2026-10-06 09:08:00,257,257,257,257,13268
2026-10-06 09:09:00,257,257,257,257,13268
2026-10-06 09:10:00,257,257,257,257,13268
2026-10-06 09:11:00,257,257,257,257,13268
2026-10-06 09:12:00,257,257,257,257,13268
2026-10-06 09:13:00,257,257,257,257,13268
2026-10-06 09:14:00,257,257,256.9,256.9,13268
2026-10-06 09:15:00,256.85,257.15,256.1,256.4,53892
2026-10-06 09:16:00,256.7,256.85,256.65,256.65,67042
2026-10-06 09:17:00,256.65,256.95,256.65,256.95,77183
2026-10-06 09:18:00,256.95,257.2,256.9,257.2,86795
2026-10-06 09:19:00,257.2,257.2,257.05,257.05,89672
2026-10-06 09:21:00,257.05,257.05,257.05,257.05,135552
2026-10-06 09:22:00,257.05,257.4,256.95,257.3,154499
2026-10-06 09:23:00,257.3,257.4,257.15,257.15,168113
2026-10-06 09:24:00,257.05,257.05,257.05,257.05,169287
2026-10-06 09:29:00,256.9,256.95,256.9,256.95,200115
2026-10-06 09:30:00,256.95,257.05,256.85,256.85,220751
2026-10-06 09:31:00,256.85,257,256.85,256.9,226093
2026-10-06 09:32:00,257,257,257,257,235766
2026-10-06 09:55:00,257.55,257.6,257.5,257.5,637726
2026-10-06 09:56:00,257.5,257.9,257.5,257.85,673003
2026-10-06 09:57:00,257.85,257.9,257.75,257.85,680883
2026-10-06 09:58:00,257.9,257.9,257.75,257.85,689040
2026-10-06 09:59:00,257.8,257.9,257.75,257.85,717442
2026-10-06 10:00:00,257.85,257.85,257.75,257.8,726450
2026-10-06 10:01:00,257.8,257.85,257.6,257.7,739202
2026-10-06 10:02:00,257.65,257.7,257.6,257.7,744224
2026-10-06 10:03:00,257.7,257.7,257.55,257.65,752113
2026-10-06 10:04:00,257.65,257.65,257.55,257.65,754068
2026-10-06 10:05:00,257.65,257.65,257.45,257.45,761481
2026-10-06 10:06:00,257.45,257.45,257.3,257.45,772348
2026-10-06 10:07:00,257.45,257.45,257.1,257.1,798139
2026-10-06 10:08:00,257.1,257.35,257.1,257.2,814408
2026-10-06 10:09:00,257.3,257.3,257.05,257.2,837923
2026-10-06 10:10:00,257.2,257.35,257.05,257.35,847534
2026-10-06 10:11:00,257.35,257.4,257.25,257.4,851621
2026-10-06 10:17:00,257.95,258,257.9,257.95,938814
2026-10-06 10:18:00,257.95,257.95,257.85,257.9,940559
2026-10-06 10:19:00,257.9,257.9,257.9,257.9,940752
2026-10-06 10:25:00,257.6,257.6,257.55,257.6,971596
2026-10-06 10:26:00,257.6,257.7,257.55,257.55,973902
2026-10-06 10:27:00,257.55,257.65,257.55,257.6,976290
2026-10-06 10:28:00,257.55,257.6,257.55,257.55,977136
2026-10-06 10:29:00,257.55,257.6,257.5,257.6,979154
2026-10-06 10:30:00,257.6,257.6,256.9,256.95,996244
2026-10-06 10:31:00,256.9,257.1,256.9,257.05,1003200
2026-10-06 10:32:00,257,257.05,256.85,256.95,1020442
2026-10-06 10:33:00,256.95,257.15,256.95,257.15,1028241
2026-10-06 10:34:00,257,257.2,257,257.05,1039064
2026-10-06 10:35:00,257.05,257.1,256.95,257,1043036
2026-10-06 10:36:00,257,257.15,257,257.1,1048700
2026-10-06 10:37:00,257.1,257.3,257.1,257.25,1052927
2026-10-06 10:38:00,257.25,257.3,257.15,257.15,1056353
2026-10-06 10:39:00,257.2,257.2,257.1,257.2,1057499
2026-10-06 10:40:00,257.2,257.2,257,257.1,1064411
2026-10-06 10:41:00,257.1,257.1,257,257.05,1067576
2026-10-06 10:42:00,257.05,257.1,256.95,257.05,1073673
2026-10-06 10:43:00,257.1,257.2,257.05,257.05,1079902
2026-10-06 10:44:00,257.1,257.15,257,257.05,1090960
2026-10-06 10:45:00,257.15,257.15,257,257.05,1097624
2026-10-06 10:46:00,257.15,257.2,257.05,257.2,1104112
2026-10-06 10:47:00,257.2,257.2,256.9,257.1,1120412
2026-10-06 10:48:00,257.1,257.1,257,257.05,1125720
2026-10-06 10:49:00,257.05,257.1,256.9,257,1138348
2026-10-06 10:50:00,257,257.1,256.9,257.1,1144587
2026-10-06 10:51:00,257.1,257.1,256.85,257,1160780
2026-10-06 10:52:00,257.05,257.65,256.9,257.65,1274650
2026-10-06 10:53:00,257.65,257.7,257.5,257.5,1279496
2026-10-06 10:54:00,257.55,257.55,257.1,257.2,1290224
2026-10-06 10:55:00,257.2,257.2,256.95,257.05,1297715
2026-10-06 10:56:00,257.05,257.05,256.9,256.95,1300859
2026-10-06 10:57:00,256.95,257.15,256.9,257,1312312
2026-10-06 10:58:00,257,257.2,257,257,1322824
2026-10-06 10:59:00,257,257.05,256.95,257.05,1333210
2026-10-06 11:00:00,257.05,257.1,256.95,256.95,1339680
2026-10-06 11:01:00,256.95,257.1,256.95,257,1346822
2026-10-06 11:02:00,257.05,257.05,257,257.05,1347907
2026-10-06 11:03:00,257.05,257.4,257,257.4,1449623
2026-10-06 11:04:00,257.4,257.5,257.35,257.4,1457566
2026-10-06 11:05:00,257.45,257.55,257.4,257.55,1462862
2026-10-06 11:06:00,257.55,257.85,257.4,257.65,1510580
2026-10-06 11:07:00,257.65,257.75,257.5,257.6,1542706
2026-10-06 11:08:00,257.6,258.05,257.6,257.85,1723113
2026-10-06 11:09:00,257.95,257.95,257.8,257.95,1731080
2026-10-06 11:10:00,257.95,258.1,257.95,258,1754057
2026-10-06 11:11:00,258,258,257.7,257.8,1757531
2026-10-06 11:12:00,257.8,257.8,257.6,257.7,1770015
2026-10-06 11:13:00,257.7,257.7,257.55,257.65,1776958
2026-10-06 11:14:00,257.65,257.65,257.5,257.5,1780615
2026-10-06 11:15:00,257.5,257.5,257.35,257.45,1794685
2026-10-06 11:16:00,257.45,257.45,257.2,257.3,1801062
2026-10-06 11:17:00,257.3,257.4,257.3,257.4,1807682
2026-10-06 11:18:00,257.4,257.7,257.3,257.7,1815313
2026-10-06 11:19:00,257.7,257.85,257.7,257.75,1834976
2026-10-06 11:20:00,257.75,257.75,257.35,257.5,1840732
2026-10-06 11:21:00,257.45,257.8,257.35,257.7,1952390
2026-10-06 11:22:00,257.75,257.75,257.5,257.55,1964382
2026-10-06 11:23:00,257.6,257.7,257.55,257.65,1968514
2026-10-06 11:24:00,257.65,257.65,257.5,257.6,1982155
2026-10-06 11:25:00,257.6,257.6,257.5,257.55,1987577
2026-10-06 11:26:00,257.6,257.6,257.5,257.5,1989817
2026-10-06 11:27:00,257.6,257.7,257.55,257.7,1996093
2026-10-06 11:28:00,257.7,257.75,257.6,257.65,1999395
2026-10-06 11:29:00,257.6,257.6,257.55,257.55,2007470
2026-10-06 11:30:00,257.55,257.9,257.45,257.85,2061591
2026-10-06 11:31:00,257.9,258,257.85,257.85,2119220
2026-10-06 11:32:00,257.8,257.8,257.65,257.75,2122422
2026-10-06 11:33:00,257.75,257.85,257.65,257.8,2220033
2026-10-06 11:34:00,257.7,258.1,257.7,258,2389892
2026-10-06 11:35:00,257.9,258.05,257.85,257.95,2396501
2026-10-06 11:36:00,257.9,257.9,257.8,257.9,2404674
2026-10-06 11:37:00,257.9,257.9,257.75,257.75,2406580
2026-10-06 11:38:00,257.8,257.8,257.7,257.75,2424378
2026-10-06 11:39:00,257.8,257.8,257.7,257.75,2429526
2026-10-06 11:40:00,257.8,257.8,257.6,257.7,2442532
2026-10-06 11:41:00,257.7,257.7,257.65,257.7,2445968
2026-10-06 11:42:00,257.7,257.7,257.6,257.7,2449249
2026-10-06 11:43:00,257.7,257.7,257.65,257.65,2451053
2026-10-06 11:44:00,257.7,258,257.65,258,2482565
2026-10-06 11:45:00,258,258.2,258,258,2523501
2026-10-06 11:46:00,258,258.1,258,258.05,2542937
2026-10-06 11:47:00,258.05,258.1,258,258,2612462
2026-10-06 11:48:00,258,258,257.85,257.95,2622948
2026-10-06 11:49:00,257.95,258.2,257.85,258.05,2666625
2026-10-06 11:50:00,258.05,258.1,258,258.1,2673578
2026-10-06 11:51:00,258,258.05,257.9,258,2687594
2026-10-06 11:52:00,258,258,257.9,257.9,2690749
2026-10-06 11:53:00,257.9,257.9,257.7,257.75,2696219
2026-10-06 11:54:00,257.75,257.75,257.6,257.7,2703584
2026-10-06 11:55:00,257.7,257.7,257.5,257.6,2714498
2026-10-06 11:56:00,257.6,257.6,257.5,257.55,2723637
2026-10-06 11:58:00,257.45,257.45,257.4,257.45,2736954
2026-10-06 11:59:00,257.4,257.45,257.35,257.45,2740754
2026-10-06 12:00:00,257.45,257.45,257.2,257.2,2747669
2026-10-06 12:01:00,257.35,257.35,257.2,257.3,2752343
2026-10-06 12:02:00,257.4,257.4,257.3,257.4,2765528
2026-10-06 12:03:00,257.4,257.4,257.35,257.4,2770448
2026-10-06 12:04:00,257.4,257.4,257.35,257.4,2773759
2026-10-06 12:05:00,257.4,257.4,257.35,257.4,2777185
2026-10-06 12:06:00,257.4,257.4,257.25,257.3,2786953
2026-10-06 12:07:00,257.3,257.3,257.2,257.25,2792211
2026-10-06 12:08:00,257.25,257.4,257.25,257.4,2804935
2026-10-06 12:09:00,257.4,257.4,257.25,257.35,2806478
2026-10-06 12:10:00,257.35,257.35,257.25,257.3,2807598
2026-10-06 12:11:00,257.3,257.3,257.2,257.3,2811235
2026-10-06 12:12:00,257.3,257.35,257.25,257.25,2812864
2026-10-06 12:13:00,257.25,257.3,257.25,257.25,2816334
2026-10-06 12:14:00,257.25,257.3,257.2,257.3,2819928
2026-10-06 12:15:00,257.3,257.3,257,257,2841501
2026-10-06 12:16:00,257.1,257.15,257.05,257.1,2845208
2026-10-06 12:17:00,257.1,257.1,256.95,257.05,2858109
2026-10-06 12:18:00,257,257.05,256.9,256.9,2865589
2026-10-06 12:19:00,256.9,257.1,256.9,257.05,2867862
2026-10-06 12:20:00,257.05,257.05,256.95,257.05,2870830
2026-10-06 12:21:00,257.05,257.05,256.95,257.05,2875664
2026-10-06 12:22:00,257.05,257.05,257,257,2876417
2026-10-06 12:23:00,257,257.05,256.9,256.9,2881258
2026-10-06 12:24:00,256.9,257.05,256.85,257,2891253
2026-10-06 12:25:00,257,257.05,256.9,256.9,2895086
2026-10-06 12:26:00,256.9,257,256.85,256.95,2900424
2026-10-06 12:27:00,256.95,257.55,256.95,257.45,2931472
2026-10-06 12:28:00,257.3,257.5,257.3,257.5,2961514
2026-10-06 12:29:00,257.35,257.35,257.35,257.35,3082345
2026-10-06 12:30:00,257.35,257.4,257.25,257.4,3094607
2026-10-06 12:31:00,257.4,257.6,257.4,257.55,3100924
2026-10-06 12:32:00,257.55,257.55,257.5,257.55,3103577
2026-10-06 12:34:00,257.45,257.45,257.3,257.4,3114870
2026-10-06 12:35:00,257.4,257.4,257.35,257.4,3115647
