Timestamp,Open,High,Low,Close,Volume
2026-09-01 09:15:00,1630.00,1634.10,1616.30,1616.70,14349
2026-09-01 09:16:00,1615.80,1621.30,1615.80,1617.30,5207
2026-09-01 09:17:00,1617.30,1622.00,1617.30,1622.00,4912
2026-09-01 09:18:00,1619.80,1621.70,1618.60,1619.20,3237
2026-09-01 09:19:00,1618.10,1618.10,1613.70,1615.80,7102
2026-09-01 09:20:00,1616.90,1620.80,1616.60,1620.20,2944
2026-09-01 09:21:00,1620.80,1626.90,1620.80,1626.90,4461
2026-09-01 09:22:00,1627.60,1628.00,1626.40,1627.70,4864
2026-09-01 09:23:00,1627.70,1628.20,1625.50,1625.50,4638
2026-09-01 09:24:00,1626.40,1630.00,1626.40,1630.00,8452
2026-09-01 09:25:00,1630.00,1635.20,1630.00,1631.60,7696
2026-09-01 09:26:00,1632.00,1634.10,1632.00,1633.80,3380
2026-09-01 09:27:00,1633.90,1634.50,1631.70,1633.20,5041
2026-09-01 09:28:00,1633.20,1633.60,1632.10,1633.00,2989
2026-09-01 09:29:00,1633.60,1636.20,1633.60,1635.90,4714
2026-09-01 09:30:00,1635.90,1638.60,1635.90,1637.20,6809
2026-09-01 09:31:00,1637.90,1638.60,1637.40,1638.20,3569
2026-09-01 09:32:00,1638.10,1641.30,1638.10,1639.90,7407
2026-09-01 09:33:00,1639.40,1641.80,1639.30,1640.00,6714
2026-09-01 09:34:00,1639.40,1639.50,1635.50,1635.50,9301
2026-09-01 09:35:00,1635.80,1636.80,1634.70,1634.70,7013
2026-09-01 09:36:00,1635.30,1636.00,1634.80,1634.80,3623
2026-09-01 09:37:00,1635.00,1635.30,1633.70,1634.00,5473
2026-09-01 09:38:00,1633.60,1634.00,1633.00,1634.00,2053
2026-09-01 09:39:00,1634.00,1634.00,1632.50,1632.90,2076
2026-09-01 09:40:00,1632.90,1633.90,1632.30,1633.50,1948
2026-09-01 09:41:00,1633.00,1633.00,1631.80,1632.50,2253
2026-09-01 09:42:00,1632.50,1633.40,1631.20,1632.60,2262
2026-09-01 09:43:00,1632.90,1633.20,1628.80,1628.80,4629
2026-09-01 09:44:00,1629.00,1629.20,1627.80,1628.80,5599
2026-09-01 09:45:00,1629.40,1629.50,1627.80,1627.90,2411
2026-09-01 09:46:00,1628.00,1628.40,1627.60,1628.00,4499
2026-09-01 09:47:00,1628.00,1628.90,1626.70,1628.20,5807
2026-09-01 09:48:00,1628.10,1629.00,1628.10,1628.50,2435
2026-09-01 09:49:00,1629.00,1629.60,1628.50,1628.60,3664
2026-09-01 09:50:00,1628.60,1628.90,1628.00,1628.50,1727
2026-09-01 09:51:00,1628.90,1629.40,1628.20,1629.40,1779
2026-09-01 09:52:00,1629.40,1629.90,1628.90,1629.20,2192
2026-09-01 09:53:00,1629.20,1629.20,1628.00,1628.40,1869
2026-09-01 09:54:00,1628.60,1628.60,1627.80,1628.00,2704
2026-09-01 09:55:00,1628.00,1628.00,1626.80,1627.20,1762
2026-09-01 09:56:00,1627.20,1627.80,1626.60,1626.60,1593
2026-09-01 09:57:00,1626.60,1627.30,1625.90,1626.10,3166
2026-09-01 09:58:00,1626.10,1626.80,1626.00,1626.80,2074
2026-09-01 09:59:00,1626.10,1626.10,1624.80,1625.40,3185
2026-09-01 10:00:00,1625.00,1625.80,1624.70,1625.10,1971
2026-09-01 10:01:00,1625.30,1625.60,1624.00,1624.00,5162
2026-09-01 10:02:00,1624.10,1624.10,1623.50,1623.70,2080
2026-09-01 10:03:00,1623.70,1624.50,1623.30,1624.00,2544
2026-09-01 10:04:00,1624.00,1624.80,1623.50,1624.00,1412
2026-09-01 10:05:00,1624.00,1624.00,1623.50,1623.70,1716
2026-09-01 10:06:00,1623.90,1624.00,1623.20,1623.20,3195
2026-09-01 10:07:00,1623.70,1623.70,1622.00,1622.00,3847
2026-09-01 10:08:00,1622.50,1623.40,1622.00,1622.40,2229
2026-09-01 10:09:00,1623.30,1627.10,1623.30,1625.80,13281
2026-09-01 10:10:00,1626.20,1629.00,1626.20,1629.00,7526
2026-09-01 10:11:00,1629.00,1629.70,1627.80,1629.00,6818
2026-09-01 10:12:00,1629.50,1631.20,1629.50,1630.50,6978
2026-09-01 10:13:00,1630.80,1631.10,1629.10,1629.10,7266
2026-09-01 10:14:00,1629.50,1631.60,1629.50,1630.50,2627
2026-09-01 10:15:00,1630.50,1631.70,1629.90,1631.10,2399
2026-09-01 10:16:00,1630.70,1632.50,1630.60,1632.20,1942
2026-09-01 10:17:00,1632.20,1633.20,1632.20,1633.20,3263
2026-09-01 10:18:00,1633.10,1633.50,1632.70,1633.10,2459
2026-09-01 10:19:00,1633.00,1633.00,1630.30,1630.70,6246
2026-09-01 10:20:00,1630.30,1630.80,1629.60,1629.80,2759
2026-09-01 10:21:00,1630.00,1630.80,1629.30,1630.30,1809
2026-09-01 10:22:00,1630.20,1630.30,1629.70,1630.30,1569
2026-09-01 10:23:00,1630.50,1631.20,1630.10,1630.70,1579
2026-09-01 10:24:00,1631.20,1631.30,1630.00,1630.70,1688
2026-09-01 10:25:00,1631.20,1631.20,1630.50,1630.50,1272
2026-09-01 10:26:00,1630.10,1631.00,1630.10,1631.00,1420
2026-09-01 10:27:00,1630.50,1631.60,1630.30,1631.60,1347
2026-09-01 10:28:00,1631.60,1633.30,1631.60,1632.20,3010
2026-09-01 10:29:00,1632.20,1632.20,1629.70,1629.70,4497
2026-09-01 10:30:00,1629.50,1630.60,1629.50,1630.60,2039
2026-09-01 10:31:00,1630.00,1631.00,1630.00,1630.40,1380
2026-09-01 10:32:00,1630.40,1631.70,1630.40,1631.70,1529
2026-09-01 10:33:00,1631.50,1632.00,1631.10,1631.30,1109
2026-09-01 10:34:00,1631.40,1633.20,1631.20,1631.70,2769
2026-09-01 10:35:00,1631.90,1631.90,1629.40,1629.80,4815
2026-09-01 10:36:00,1630.50,1631.00,1630.10,1630.90,2197
2026-09-01 10:37:00,1630.80,1631.00,1630.10,1630.50,3789
2026-09-01 10:38:00,1630.60,1630.60,1630.00,1630.00,2137
2026-09-01 10:39:00,1629.70,1630.00,1629.60,1629.70,1726
2026-09-01 10:40:00,1629.50,1629.80,1629.30,1629.40,1392
2026-09-01 10:41:00,1628.10,1632.00,1628.10,1631.50,3461
2026-09-01 10:42:00,1632.00,1633.50,1631.90,1632.90,1913
2026-09-01 10:43:00,1633.00,1634.00,1632.50,1633.10,3815
2026-09-01 10:44:00,1633.90,1634.00,1633.10,1633.70,1333
2026-09-01 10:45:00,1634.10,1635.00,1634.10,1634.60,2528
2026-09-01 10:46:00,1634.30,1634.30,1631.90,1631.90,2948
2026-09-01 10:47:00,1632.00,1632.00,1631.10,1631.10,1732
2026-09-01 10:48:00,1631.60,1633.40,1631.60,1633.40,1298
2026-09-01 10:49:00,1633.20,1633.20,1632.30,1632.90,1764
2026-09-01 10:50:00,1632.90,1634.00,1632.70,1634.00,2018
2026-09-01 10:51:00,1634.00,1635.00,1633.50,1634.70,2374
2026-09-01 10:52:00,1634.70,1634.90,1633.60,1633.60,2075
2026-09-01 10:53:00,1632.60,1633.50,1632.60,1633.40,1720
2026-09-01 10:54:00,1633.30,1633.90,1632.70,1633.50,1404
2026-09-01 10:55:00,1634.00,1636.50,1631.80,1636.50,9211
2026-09-01 10:56:00,1636.40,1637.30,1635.30,1636.00,4025
2026-09-01 10:57:00,1636.00,1636.10,1635.20,1635.90,1758
2026-09-01 10:58:00,1636.10,1636.10,1635.30,1635.30,1159
2026-09-01 10:59:00,1635.10,1635.90,1634.90,1635.60,2204
2026-09-01 11:00:00,1635.70,1637.00,1635.50,1636.20,3693
2026-09-01 11:01:00,1636.20,1636.40,1634.70,1635.80,1499
2026-09-01 11:02:00,1635.50,1636.50,1635.50,1636.50,2102
2026-09-01 11:03:00,1636.00,1636.50,1634.90,1635.00,2501
2026-09-01 11:04:00,1635.20,1635.70,1634.70,1635.00,1742
2026-09-01 11:05:00,1634.90,1636.50,1634.70,1636.50,4921
2026-09-01 11:06:00,1636.50,1636.50,1635.90,1636.00,2590
2026-09-01 11:07:00,1634.80,1635.40,1634.40,1634.80,3635
2026-09-01 11:08:00,1634.80,1636.50,1634.60,1636.40,1465
2026-09-01 11:09:00,1636.40,1637.00,1636.40,1637.00,1777
2026-09-01 11:10:00,1637.00,1637.20,1636.90,1637.10,1140
2026-09-01 11:11:00,1637.10,1637.50,1636.50,1636.50,2840
2026-09-01 11:12:00,1637.10,1637.10,1634.60,1635.00,5271
2026-09-01 11:13:00,1635.50,1635.50,1634.00,1634.10,7638
2026-09-01 11:14:00,1634.10,1635.00,1633.30,1634.70,2978
2026-09-01 11:15:00,1634.60,1634.80,1634.00,1634.00,1680
2026-09-01 11:16:00,1634.00,1634.00,1632.80,1632.80,1947
2026-09-01 11:17:00,1633.30,1633.30,1632.90,1633.00,1662
2026-09-01 11:18:00,1633.00,1634.50,1632.90,1634.30,2138
2026-09-01 11:19:00,1634.40,1636.90,1632.10,1632.70,43172
2026-09-01 11:20:00,1632.20,1633.00,1631.60,1633.00,3007
2026-09-01 11:21:00,1633.00,1633.30,1632.70,1632.70,1686
2026-09-01 11:22:00,1633.20,1633.20,1632.70,1632.70,1491
2026-09-01 11:23:00,1633.20,1633.80,1632.80,1633.80,1820
2026-09-01 11:24:00,1633.80,1633.90,1632.50,1632.70,2336
2026-09-01 11:25:00,1632.70,1633.00,1632.50,1632.50,1540
2026-09-01 11:26:00,1633.00,1633.00,1630.50,1630.50,3284
2026-09-01 11:27:00,1630.70,1630.90,1629.60,1629.60,2455
2026-09-01 11:28:00,1630.00,1631.90,1629.60,1631.90,5189
2026-09-01 11:29:00,1631.90,1632.00,1631.70,1632.00,1188
2026-09-01 11:30:00,1632.00,1632.20,1631.50,1632.00,2263
2026-09-01 11:31:00,1632.00,1632.00,1630.70,1631.00,2856
2026-09-01 11:32:00,1630.90,1631.30,1630.80,1631.00,1296
2026-09-01 11:33:00,1631.00,1632.80,1631.00,1631.90,2276
2026-09-01 11:34:00,1632.00,1632.00,1631.00,1631.60,2747
2026-09-01 11:35:00,1631.60,1632.50,1631.60,1632.50,1542
2026-09-01 11:36:00,1632.50,1632.90,1631.90,1632.10,1290
2026-09-01 11:37:00,1632.30,1632.50,1631.80,1632.30,1110
2026-09-01 11:38:00,1632.30,1633.00,1632.30,1633.00,2322
2026-09-01 11:39:00,1633.00,1633.40,1631.20,1631.60,20866
2026-09-01 11:40:00,1631.30,1632.00,1630.00,1632.00,12691
2026-09-01 11:41:00,1632.00,1633.70,1632.00,1633.50,2637
2026-09-01 11:42:00,1633.50,1633.70,1631.80,1631.80,18133
2026-09-01 11:43:00,1631.50,1631.50,1630.10,1631.00,20143
2026-09-01 11:44:00,1630.60,1631.90,1629.80,1631.60,36411
2026-09-01 11:45:00,1631.60,1634.00,1631.60,1634.00,4968
2026-09-01 11:46:00,1634.80,1636.00,1634.40,1636.00,5784
2026-09-01 11:47:00,1636.00,1637.90,1635.50,1637.00,9166
2026-09-01 11:48:00,1636.90,1637.00,1636.20,1637.00,4462
2026-09-01 11:49:00,1637.00,1637.80,1636.60,1637.10,3642
2026-09-01 11:50:00,1637.50,1638.50,1636.60,1638.50,7129
2026-09-01 11:51:00,1638.50,1639.80,1638.20,1639.10,14922
2026-09-01 11:52:00,1639.10,1639.60,1635.70,1635.70,14865
2026-09-01 11:53:00,1636.00,1638.00,1636.00,1637.60,22550
2026-09-01 11:54:00,1637.90,1639.00,1637.50,1638.40,31886
2026-09-01 11:55:00,1638.90,1641.90,1638.60,1641.20,23860
2026-09-01 11:56:00,1641.50,1641.70,1639.90,1641.30,6153
2026-09-01 11:57:00,1641.70,1644.00,1640.30,1643.60,23147
2026-09-01 11:58:00,1643.50,1643.50,1641.30,1641.30,10108
2026-09-01 11:59:00,1641.30,1643.60,1640.20,1643.60,18127
2026-09-01 12:00:00,1643.60,1646.90,1643.50,1645.30,25380
2026-09-01 12:01:00,1646.00,1647.80,1645.30,1647.00,12464
2026-09-01 12:02:00,1646.70,1649.00,1645.90,1647.50,15954
2026-09-01 12:03:00,1647.40,1648.00,1647.10,1647.20,3176
2026-09-01 12:04:00,1647.40,1647.40,1645.00,1645.90,8454
2026-09-01 12:05:00,1646.10,1646.50,1645.70,1646.00,4041
2026-09-01 12:06:00,1646.40,1648.00,1645.80,1647.50,7268
2026-09-01 12:07:00,1647.40,1647.50,1644.60,1646.40,56625
2026-09-01 12:08:00,1646.70,1647.00,1646.10,1646.10,5391
2026-09-01 12:09:00,1646.40,1646.70,1645.70,1645.70,4465
2026-09-01 12:10:00,1645.20,1645.20,1643.90,1643.90,9350
2026-09-01 12:11:00,1645.00,1647.00,1645.00,1645.00,37868
2026-09-01 12:12:00,1645.00,1645.60,1644.70,1645.00,6075
2026-09-01 12:13:00,1645.50,1645.50,1644.90,1644.90,1828
2026-09-01 12:14:00,1645.10,1645.10,1644.60,1645.00,3315
2026-09-01 12:15:00,1645.00,1646.40,1644.80,1645.00,20108
2026-09-01 12:16:00,1645.30,1645.30,1644.60,1644.60,3417
2026-09-01 12:17:00,1645.00,1645.00,1644.60,1645.00,2536
2026-09-01 12:18:00,1645.00,1645.00,1643.80,1644.30,3627
2026-09-01 12:19:00,1644.30,1644.30,1643.80,1644.00,3455
2026-09-01 12:20:00,1644.00,1644.00,1642.00,1642.40,7505
2026-09-01 12:21:00,1642.40,1642.40,1640.10,1640.80,4752
2026-09-01 12:22:00,1640.90,1644.00,1640.90,1643.40,3259
2026-09-01 12:23:00,1643.70,1644.10,1643.10,1643.50,1960
2026-09-01 12:24:00,1643.90,1643.90,1642.20,1642.20,7506
2026-09-01 12:25:00,1642.30,1644.00,1642.20,1643.10,2566
2026-09-01 12:26:00,1642.70,1642.70,1642.00,1642.50,2176
2026-09-01 12:27:00,1642.80,1643.10,1642.40,1643.00,1408
2026-09-01 12:28:00,1643.20,1645.40,1643.20,1645.10,3127
2026-09-01 12:29:00,1645.40,1646.30,1644.20,1644.50,14432
2026-09-01 12:30:00,1644.60,1645.00,1644.00,1644.50,5508
2026-09-01 12:31:00,1644.50,1644.50,1643.00,1643.00,6255
2026-09-01 12:32:00,1643.30,1643.70,1642.30,1642.30,4004
2026-09-01 12:33:00,1642.40,1643.20,1641.50,1642.50,2390
2026-09-01 12:34:00,1643.20,1643.90,1642.60,1643.50,1975
2026-09-01 12:35:00,1643.50,1644.00,1642.90,1643.20,3098
2026-09-01 12:36:00,1643.40,1643.90,1642.90,1642.90,2086
2026-09-01 12:37:00,1643.50,1644.00,1642.50,1642.70,6839
2026-09-01 12:38:00,1643.10,1643.70,1642.50,1643.40,2179
2026-09-01 12:39:00,1643.10,1643.40,1642.50,1642.60,1876
2026-09-01 12:40:00,1642.60,1643.20,1642.50,1642.50,1976
2026-09-01 12:41:00,1642.50,1642.90,1642.20,1642.60,1343
2026-09-01 12:42:00,1642.60,1642.80,1642.10,1642.20,1605
2026-09-01 12:43:00,1642.10,1642.80,1642.10,1642.10,1784
2026-09-01 12:44:00,1642.20,1642.90,1642.00,1642.70,1981
2026-09-01 12:45:00,1642.70,1643.00,1642.20,1642.40,3421
2026-09-01 12:46:00,1642.80,1643.70,1642.50,1643.40,3487
2026-09-01 12:47:00,1643.80,1643.80,1642.90,1643.00,1360
2026-09-01 12:48:00,1643.00,1643.40,1642.50,1642.60,1789
2026-09-01 12:49:00,1643.00,1643.20,1642.50,1642.60,3816
2026-09-01 12:50:00,1642.90,1643.10,1642.50,1643.00,1583
2026-09-01 12:51:00,1643.00,1643.30,1642.30,1642.50,2379
2026-09-01 12:52:00,1642.40,1643.60,1642.40,1643.10,1530
2026-09-01 12:53:00,1643.60,1643.60,1642.60,1642.80,1836
2026-09-01 12:54:00,1643.30,1643.30,1641.90,1641.90,4299
2026-09-01 12:55:00,1642.00,1642.70,1641.90,1642.00,1719
2026-09-01 12:56:00,1641.90,1642.50,1641.70,1642.40,1849
2026-09-01 12:57:00,1641.70,1643.00,1641.50,1642.30,3716
2026-09-01 12:58:00,1642.90,1643.00,1641.90,1642.20,1510
2026-09-01 12:59:00,1642.40,1643.20,1642.40,1642.40,1909
2026-09-01 13:00:00,1642.90,1643.00,1642.30,1642.30,1822
2026-09-01 13:01:00,1642.80,1642.90,1640.40,1640.60,8210
2026-09-01 13:02:00,1640.80,1641.00,1640.40,1640.60,3564
2026-09-01 13:03:00,1640.50,1641.00,1640.40,1640.40,3666
2026-09-01 13:04:00,1640.80,1641.30,1640.30,1640.90,3644
2026-09-01 13:05:00,1641.20,1641.20,1639.50,1639.60,12813
2026-09-01 13:06:00,1640.00,1640.40,1639.50,1640.00,22252
2026-09-01 13:07:00,1639.70,1640.00,1639.10,1639.50,4085
2026-09-01 13:08:00,1640.00,1640.00,1639.50,1639.50,1528
2026-09-01 13:09:00,1639.90,1640.00,1639.30,1639.50,2038
2026-09-01 13:10:00,1640.00,1641.40,1639.50,1640.80,37046
2026-09-01 13:11:00,1640.80,1641.70,1639.90,1641.00,11882
2026-09-01 13:12:00,1641.00,1641.40,1640.50,1641.40,4657
2026-09-01 13:13:00,1641.50,1641.50,1640.50,1640.50,1856
2026-09-01 13:14:00,1640.90,1642.00,1640.10,1642.00,5657
2026-09-01 13:15:00,1642.00,1642.00,1641.50,1641.90,2342
2026-09-01 13:16:00,1641.90,1641.90,1640.00,1640.70,11761
2026-09-01 13:17:00,1640.50,1641.80,1640.00,1641.20,10312
2026-09-01 13:18:00,1641.20,1643.10,1641.10,1642.50,18615
2026-09-01 13:19:00,1642.70,1643.20,1640.50,1640.70,14783
2026-09-01 13:20:00,1640.70,1642.10,1640.00,1641.80,10976
2026-09-01 13:21:00,1642.00,1643.80,1642.00,1643.10,2758
2026-09-01 13:22:00,1643.10,1643.60,1641.80,1641.80,5801
2026-09-01 13:23:00,1642.20,1642.60,1641.60,1642.00,2093
2026-09-01 13:24:00,1642.30,1643.20,1641.20,1641.90,57323
2026-09-01 13:25:00,1642.30,1642.50,1641.60,1641.60,3200
2026-09-01 13:26:00,1641.60,1642.20,1641.30,1641.80,2167
2026-09-01 13:27:00,1641.30,1642.50,1641.30,1642.10,2537
2026-09-01 13:28:00,1642.20,1642.90,1641.30,1641.30,7217
2026-09-01 13:29:00,1641.40,1642.70,1641.40,1642.40,3161
2026-09-01 13:30:00,1642.90,1643.10,1642.20,1642.50,2850
2026-09-01 13:31:00,1642.90,1644.80,1642.90,1644.30,1873
2026-09-01 13:32:00,1644.30,1644.80,1644.30,1644.40,1548
2026-09-01 13:33:00,1644.80,1645.80,1644.80,1645.00,3345
2026-09-01 13:34:00,1645.50,1645.70,1644.90,1645.10,3450
2026-09-01 13:35:00,1645.20,1645.70,1644.40,1644.80,2782
2026-09-01 13:36:00,1644.80,1645.00,1642.30,1642.30,11130
2026-09-01 13:37:00,1642.30,1643.20,1642.10,1643.00,26971
2026-09-01 13:38:00,1643.20,1644.40,1642.80,1643.20,16882
2026-09-01 13:39:00,1643.20,1643.30,1642.70,1642.70,2612
2026-09-01 13:40:00,1643.00,1643.00,1641.90,1641.90,2912
2026-09-01 13:41:00,1641.90,1642.00,1640.40,1640.50,6404
2026-09-01 13:42:00,1640.90,1641.00,1640.50,1640.60,3588
2026-09-01 13:43:00,1641.00,1641.40,1640.60,1641.40,1810
2026-09-01 13:44:00,1641.90,1642.00,1641.40,1642.00,2459
2026-09-01 13:45:00,1641.90,1642.00,1641.40,1642.00,2601
2026-09-01 13:46:00,1641.80,1642.00,1640.90,1641.00,8553
2026-09-01 13:47:00,1641.60,1642.00,1639.70,1640.90,33069
2026-09-01 13:48:00,1640.90,1642.30,1640.90,1641.80,4021
2026-09-01 13:49:00,1642.00,1642.00,1641.30,1641.80,4040
2026-09-01 13:50:00,1642.00,1643.50,1639.90,1639.90,16836
2026-09-01 13:51:00,1640.00,1640.60,1638.10,1638.50,9086
2026-09-01 13:52:00,1638.60,1639.00,1638.00,1638.00,3411
2026-09-01 13:53:00,1638.50,1638.80,1638.00,1638.00,2721
2026-09-01 13:54:00,1638.30,1638.60,1637.60,1637.90,2948
2026-09-01 13:55:00,1637.10,1638.00,1636.90,1637.60,7501
2026-09-01 13:56:00,1637.00,1638.50,1637.00,1638.50,11452
2026-09-01 13:57:00,1638.40,1638.80,1638.10,1638.80,9664
2026-09-01 13:58:00,1638.80,1639.00,1638.80,1638.90,2770
2026-09-01 13:59:00,1638.90,1638.90,1637.70,1637.70,4840
2026-09-01 14:00:00,1638.00,1638.00,1637.20,1637.20,2235
2026-09-01 14:01:00,1637.60,1637.70,1636.90,1636.90,2357
2026-09-01 14:02:00,1636.90,1637.60,1635.10,1635.10,6045
2026-09-01 14:03:00,1635.40,1636.10,1635.00,1635.70,3064
2026-09-01 14:04:00,1635.70,1636.00,1635.10,1635.30,2431
2026-09-01 14:05:00,1635.70,1635.70,1635.00,1635.00,8052
2026-09-01 14:06:00,1635.00,1635.10,1634.90,1635.00,9026
2026-09-01 14:07:00,1635.00,1636.00,1635.00,1635.90,6973
2026-09-01 14:08:00,1635.90,1635.90,1635.00,1635.40,3183
2026-09-01 14:09:00,1635.70,1635.70,1634.50,1634.50,3792
2026-09-01 14:10:00,1634.50,1635.00,1634.50,1634.60,2642
2026-09-01 14:11:00,1634.60,1636.00,1634.60,1635.60,4970
2026-09-01 14:12:00,1635.50,1635.50,1634.30,1634.40,4081
2026-09-01 14:13:00,1633.90,1634.70,1633.90,1634.20,1511
2026-09-01 14:14:00,1634.20,1634.90,1634.20,1634.60,2068
2026-09-01 14:15:00,1634.90,1635.00,1634.00,1634.90,3432
2026-09-01 14:16:00,1634.80,1635.00,1634.60,1634.60,1621
2026-09-01 14:17:00,1634.90,1635.00,1634.60,1635.00,3222
2026-09-01 14:18:00,1635.00,1635.00,1634.80,1634.90,3305
2026-09-01 14:19:00,1635.00,1635.50,1634.80,1635.30,21168
2026-09-01 14:20:00,1635.50,1637.00,1635.30,1635.90,4748
2026-09-01 14:21:00,1636.00,1636.00,1634.80,1634.80,4378
2026-09-01 14:22:00,1635.00,1635.00,1634.10,1634.60,2645
2026-09-01 14:23:00,1634.70,1634.70,1633.80,1634.10,3709
2026-09-01 14:24:00,1633.90,1634.10,1633.60,1633.70,3375
2026-09-01 14:25:00,1634.00,1634.00,1633.40,1633.60,1898
2026-09-01 14:26:00,1633.80,1634.10,1633.60,1633.90,1137
2026-09-01 14:27:00,1633.90,1634.00,1633.00,1633.00,3768
2026-09-01 14:28:00,1633.20,1633.60,1633.00,1633.50,1452
2026-09-01 14:29:00,1633.60,1636.30,1633.60,1635.90,6966
2026-09-01 14:30:00,1636.00,1636.10,1634.50,1635.20,1689
2026-09-01 14:31:00,1635.20,1636.00,1634.70,1635.60,3866
2026-09-01 14:32:00,1636.00,1636.00,1635.20,1635.70,10114
2026-09-01 14:33:00,1635.30,1635.70,1633.40,1633.90,9183
2026-09-01 14:34:00,1634.10,1634.90,1634.00,1634.30,3971
2026-09-01 14:35:00,1634.00,1634.40,1633.40,1633.40,5026
2026-09-01 14:36:00,1633.60,1634.20,1633.40,1634.00,1683
2026-09-01 14:37:00,1633.50,1633.90,1632.70,1632.70,7282
2026-09-01 14:38:00,1633.20,1633.40,1632.50,1633.20,3701
2026-09-01 14:39:00,1632.60,1633.30,1632.30,1632.40,3350
2026-09-01 14:40:00,1632.70,1632.80,1631.90,1632.40,3601
2026-09-01 14:41:00,1631.90,1632.40,1631.90,1632.40,1109
2026-09-01 14:42:00,1632.40,1632.70,1631.10,1631.10,7794
2026-09-01 14:43:00,1631.00,1631.10,1630.50,1630.70,4432
2026-09-01 14:44:00,1630.10,1630.70,1630.00,1630.00,6041
2026-09-01 14:45:00,1630.30,1630.70,1629.80,1630.50,15109
2026-09-01 14:46:00,1630.50,1631.50,1630.10,1631.40,2633
2026-09-01 14:47:00,1631.50,1631.50,1629.30,1629.90,17343
2026-09-01 14:48:00,1630.00,1632.10,1629.40,1631.20,13885
2026-09-01 14:49:00,1631.00,1631.90,1631.00,1631.40,9433
2026-09-01 14:50:00,1631.50,1632.70,1631.30,1632.20,6451
2026-09-01 14:51:00,1632.80,1633.00,1631.70,1633.00,4824
2026-09-01 14:52:00,1631.80,1632.50,1631.10,1632.20,5649
2026-09-01 14:53:00,1632.20,1632.90,1631.70,1632.70,5167
2026-09-01 14:54:00,1632.70,1633.00,1632.30,1633.00,5286
2026-09-01 14:55:00,1633.00,1633.60,1632.50,1633.40,5472
2026-09-01 14:56:00,1633.40,1633.40,1632.70,1633.20,5518
2026-09-01 14:57:00,1633.20,1633.60,1632.40,1633.10,5693
2026-09-01 14:58:00,1632.90,1633.90,1632.60,1633.00,7014
2026-09-01 14:59:00,1633.40,1634.40,1632.60,1634.00,9232
2026-09-01 15:00:00,1634.10,1634.10,1632.70,1633.20,11526
2026-09-01 15:01:00,1633.10,1633.30,1632.50,1632.80,6882
2026-09-01 15:02:00,1632.60,1633.30,1631.40,1631.40,10051
2026-09-01 15:03:00,1631.40,1632.00,1631.00,1631.40,7145
2026-09-01 15:04:00,1630.90,1632.40,1630.90,1632.40,6775
2026-09-01 15:05:00,1632.30,1634.30,1631.80,1633.80,17508
2026-09-01 15:06:00,1633.20,1635.00,1633.20,1634.40,14146
2026-09-01 15:07:00,1634.70,1634.70,1633.20,1634.40,14237
2026-09-01 15:08:00,1634.60,1634.60,1633.30,1633.40,9748
2026-09-01 15:09:00,1633.40,1634.40,1633.30,1634.00,16309
2026-09-01 15:10:00,1633.90,1636.50,1633.40,1636.40,16055
2026-09-01 15:11:00,1636.00,1636.60,1635.60,1636.40,6197
2026-09-01 15:12:00,1636.40,1637.50,1635.80,1637.30,23110
2026-09-01 15:13:00,1636.70,1638.60,1636.50,1637.70,16667
2026-09-01 15:14:00,1635.60,1638.60,1635.60,1635.80,12374
2026-09-01 15:15:00,1635.80,1635.80,1635.80,1635.80,0
2026-09-01 15:16:00,1635.80,1635.80,1635.80,1635.80,0
2026-09-01 15:17:00,1635.80,1635.80,1635.80,1635.80,0
2026-09-01 15:18:00,1635.80,1635.80,1635.80,1635.80,0
2026-09-01 15:19:00,1635.80,1635.80,1635.80,1635.80,0
2026-09-01 15:20:00,1635.80,1635.80,1635.80,1635.80,0
2026-09-01 15:21:00,1635.80,1635.80,1635.80,1635.80,0
2026-09-01 15:22:00,1635.80,1635.80,1635.80,1635.80,0
2026-09-01 15:23:00,1635.80,1635.80,1635.80,1635.80,0
2026-09-01 15:24:00,1635.80,1635.80,1635.80,1635.80,0
2026-09-01 15:25:00,1635.80,1635.80,1635.80,1635.80,0
2026-09-01 15:26:00,1635.80,1635.80,1635.80,1635.80,0
2026-09-01 15:27:00,1635.80,1635.80,1635.80,1635.80,0
2026-09-01 15:28:00,1635.80,1635.80,1635.80,1635.80,0
2026-09-01 15:29:00,1635.80,1638.00,1635.80,1638.00,217340
2026-09-02 09:15:00,1630.00,1637.20,1625.00,1629.90,31673
2026-09-02 09:16:00,1629.50,1629.50,1621.30,1622.60,15202
2026-09-02 09:17:00,1621.50,1624.40,1619.70,1621.40,18458
2026-09-02 09:18:00,1621.40,1621.40,1615.70,1616.90,11461
2026-09-02 09:19:00,1617.20,1617.50,1611.30,1611.60,8479
2026-09-02 09:20:00,1611.40,1614.40,1608.60,1613.60,20681
2026-09-02 09:21:00,1613.70,1614.90,1610.70,1611.10,5135
2026-09-02 09:22:00,1611.20,1614.40,1610.40,1613.80,5070
2026-09-02 09:23:00,1614.60,1614.60,1610.80,1611.70,9556
2026-09-02 09:24:00,1611.90,1612.20,1608.60,1610.20,4520
2026-09-02 09:25:00,1610.10,1610.40,1605.00,1605.00,8508
2026-09-02 09:26:00,1605.00,1607.90,1604.50,1606.10,4385
2026-09-02 09:27:00,1608.00,1610.40,1607.10,1608.80,15339
2026-09-02 09:28:00,1609.10,1609.80,1607.10,1609.40,2090
2026-09-02 09:29:00,1610.00,1614.90,1609.80,1613.70,7487
2026-09-02 09:30:00,1614.50,1617.90,1613.10,1617.30,6548
2026-09-02 09:31:00,1617.60,1619.80,1616.20,1617.80,3324
2026-09-02 09:32:00,1617.00,1618.90,1616.40,1617.70,3955
2026-09-02 09:33:00,1616.90,1618.60,1615.40,1618.10,1922
2026-09-02 09:34:00,1618.00,1621.40,1616.90,1621.00,5757
2026-09-02 09:35:00,1621.30,1621.50,1617.20,1618.70,1795
2026-09-02 09:36:00,1618.80,1619.90,1618.10,1619.10,1353
2026-09-02 09:37:00,1619.30,1621.80,1619.30,1619.80,1821
2026-09-02 09:38:00,1619.80,1621.60,1618.30,1619.00,1324
2026-09-02 09:39:00,1618.90,1619.80,1617.10,1617.60,2317
2026-09-02 09:40:00,1617.00,1619.30,1617.00,1619.10,1285
2026-09-02 09:41:00,1619.20,1621.20,1614.40,1617.00,86614
2026-09-02 09:42:00,1616.90,1616.90,1614.40,1616.60,2541
2026-09-02 09:43:00,1616.80,1618.40,1616.10,1618.20,1292
2026-09-02 09:44:00,1618.00,1618.00,1616.50,1617.80,1889
2026-09-02 09:45:00,1617.80,1619.70,1616.50,1619.70,1970
2026-09-02 09:46:00,1619.70,1619.70,1618.00,1618.00,1298
2026-09-02 09:47:00,1618.20,1618.20,1612.00,1612.70,4824
2026-09-02 09:48:00,1612.90,1613.00,1612.00,1612.90,3365
2026-09-02 09:49:00,1612.70,1616.00,1612.50,1615.20,4361
2026-09-02 09:50:00,1615.20,1615.20,1612.00,1612.80,7670
2026-09-02 09:51:00,1612.80,1612.80,1611.70,1612.40,1150
2026-09-02 09:52:00,1612.60,1613.80,1612.50,1613.40,1116
2026-09-02 09:53:00,1613.70,1614.70,1613.60,1614.40,1026
2026-09-02 09:54:00,1614.40,1614.90,1613.60,1614.00,592
2026-09-02 09:55:00,1614.60,1615.60,1614.10,1615.60,1356
2026-09-02 09:56:00,1615.20,1615.70,1613.60,1614.90,3529
2026-09-02 09:57:00,1614.60,1614.90,1613.60,1614.10,728
2026-09-02 09:58:00,1613.90,1615.70,1613.70,1615.70,915
2026-09-02 09:59:00,1616.10,1618.90,1616.10,1618.10,1791
2026-09-02 10:00:00,1618.10,1624.40,1618.00,1622.60,19282
2026-09-02 10:01:00,1623.20,1623.50,1620.70,1621.00,4639
2026-09-02 10:02:00,1621.00,1621.80,1618.80,1618.80,449
2026-09-02 10:03:00,1619.00,1624.10,1619.00,1621.90,6987
2026-09-02 10:04:00,1621.00,1621.00,1619.10,1619.60,1338
2026-09-02 10:05:00,1619.40,1619.80,1617.70,1617.70,3481
2026-09-02 10:06:00,1618.00,1618.70,1617.60,1617.60,667
2026-09-02 10:07:00,1617.70,1618.00,1617.20,1617.70,615
2026-09-02 10:08:00,1617.70,1617.70,1615.10,1615.10,2015
2026-09-02 10:09:00,1615.10,1616.20,1615.00,1616.10,1144
2026-09-02 10:10:00,1615.80,1616.80,1615.50,1616.00,499
2026-09-02 10:11:00,1616.80,1618.10,1615.40,1616.00,3161
2026-09-02 10:12:00,1616.00,1617.60,1615.70,1617.40,1138
2026-09-02 10:13:00,1617.40,1618.80,1616.50,1618.80,1549
2026-09-02 10:14:00,1618.80,1618.80,1617.70,1618.40,322
2026-09-02 10:15:00,1618.40,1620.20,1618.00,1619.60,1287
2026-09-02 10:16:00,1619.70,1620.00,1618.40,1619.40,791
2026-09-02 10:17:00,1619.10,1619.20,1617.50,1617.60,500
2026-09-02 10:18:00,1617.70,1618.40,1615.50,1616.50,2678
2026-09-02 10:19:00,1616.70,1617.30,1616.10,1617.00,435
2026-09-02 10:20:00,1617.00,1617.40,1616.40,1617.40,829
2026-09-02 10:21:00,1617.30,1618.30,1616.80,1617.70,508
2026-09-02 10:22:00,1617.70,1618.00,1616.40,1616.40,1620
2026-09-02 10:23:00,1616.70,1617.60,1616.20,1617.60,1020
2026-09-02 10:24:00,1617.80,1618.60,1617.40,1618.10,805
2026-09-02 10:25:00,1617.90,1618.80,1617.90,1618.10,989
2026-09-02 10:26:00,1618.00,1618.50,1617.30,1617.50,1505
2026-09-02 10:27:00,1617.50,1618.00,1616.00,1616.00,1071
2026-09-02 10:28:00,1616.50,1617.10,1616.00,1616.60,510
2026-09-02 10:29:00,1616.60,1616.60,1615.90,1616.10,873
2026-09-02 10:30:00,1616.20,1616.60,1615.70,1615.70,852
2026-09-02 10:31:00,1615.80,1616.30,1615.00,1615.00,1312
2026-09-02 10:32:00,1615.00,1615.50,1614.00,1615.50,2358
2026-09-02 10:33:00,1615.50,1615.80,1614.90,1614.90,674
2026-09-02 10:34:00,1614.90,1614.90,1614.00,1614.30,408
2026-09-02 10:35:00,1614.10,1614.30,1612.70,1613.00,2022
2026-09-02 10:36:00,1613.10,1613.30,1612.20,1612.20,676
2026-09-02 10:37:00,1612.20,1612.60,1611.20,1612.00,1150
2026-09-02 10:38:00,1611.40,1612.00,1611.20,1611.80,1046
2026-09-02 10:39:00,1611.60,1612.00,1611.40,1612.00,516
2026-09-02 10:40:00,1611.40,1612.20,1611.40,1611.90,839
2026-09-02 10:41:00,1611.70,1611.70,1609.50,1609.70,4782
2026-09-02 10:42:00,1610.10,1610.60,1609.70,1609.70,1369
2026-09-02 10:43:00,1610.40,1610.40,1609.60,1609.70,1528
2026-09-02 10:44:00,1610.20,1610.40,1609.10,1609.80,1015
2026-09-02 10:45:00,1610.00,1611.30,1610.00,1610.40,1414
2026-09-02 10:46:00,1610.40,1611.80,1610.40,1611.80,1089
2026-09-02 10:47:00,1611.80,1612.10,1611.30,1611.40,1678
2026-09-02 10:48:00,1611.30,1612.50,1611.30,1611.50,952
2026-09-02 10:49:00,1611.50,1612.10,1611.40,1611.50,645
2026-09-02 10:50:00,1611.40,1612.30,1611.00,1612.00,1500
2026-09-02 10:51:00,1612.20,1613.50,1612.20,1613.00,2087
2026-09-02 10:52:00,1613.00,1613.50,1611.40,1612.20,748
2026-09-02 10:53:00,1612.30,1613.50,1612.20,1612.80,927
2026-09-02 10:54:00,1612.80,1614.80,1612.80,1614.00,754
2026-09-02 10:55:00,1614.30,1615.70,1614.10,1615.10,1137
2026-09-02 10:56:00,1615.80,1616.30,1615.60,1616.20,613
2026-09-02 10:57:00,1616.30,1617.00,1615.70,1616.50,690
2026-09-02 10:58:00,1616.20,1616.50,1615.20,1615.60,480
2026-09-02 10:59:00,1615.60,1615.80,1615.10,1615.80,961
2026-09-02 11:00:00,1615.20,1615.80,1615.20,1615.20,411
2026-09-02 11:01:00,1615.30,1615.40,1614.10,1614.60,1472
2026-09-02 11:02:00,1614.60,1614.80,1614.00,1614.70,516
2026-09-02 11:03:00,1614.70,1614.90,1613.70,1613.70,646
2026-09-02 11:04:00,1614.10,1614.30,1613.70,1614.20,541
2026-09-02 11:05:00,1613.70,1614.30,1612.90,1613.80,696
2026-09-02 11:06:00,1613.80,1613.80,1612.90,1612.90,488
2026-09-02 11:07:00,1613.60,1613.70,1612.50,1613.10,476
2026-09-02 11:08:00,1612.80,1613.10,1612.70,1612.70,439
2026-09-02 11:09:00,1612.70,1613.00,1611.10,1611.10,1567
2026-09-02 11:10:00,1611.50,1613.70,1611.50,1613.70,1521
2026-09-02 11:11:00,1613.70,1614.00,1613.50,1613.80,728
2026-09-02 11:12:00,1613.90,1614.00,1613.60,1613.70,448
2026-09-02 11:13:00,1613.70,1614.20,1613.30,1614.10,980
2026-09-02 11:14:00,1614.10,1615.00,1614.00,1614.70,993
2026-09-02 11:15:00,1614.70,1615.00,1613.60,1613.80,558
2026-09-02 11:16:00,1614.40,1614.60,1613.70,1613.90,693
2026-09-02 11:17:00,1614.20,1614.40,1613.60,1614.20,401
2026-09-02 11:18:00,1614.20,1614.90,1614.00,1614.60,627
2026-09-02 11:19:00,1614.60,1615.10,1614.20,1615.00,896
2026-09-02 11:20:00,1615.10,1616.00,1615.00,1615.60,1873
2026-09-02 11:21:00,1615.70,1616.40,1615.70,1615.80,1092
2026-09-02 11:22:00,1615.80,1616.30,1615.10,1616.10,469
2026-09-02 11:23:00,1615.80,1616.30,1615.80,1616.30,489
2026-09-02 11:24:00,1616.30,1616.30,1615.90,1616.20,469
2026-09-02 11:25:00,1616.20,1616.70,1616.20,1616.60,474
2026-09-02 11:26:00,1616.70,1618.10,1616.00,1616.00,11877
2026-09-02 11:27:00,1616.10,1618.00,1615.90,1616.80,5590
2026-09-02 11:28:00,1616.80,1618.90,1616.70,1618.60,12066
2026-09-02 11:29:00,1618.60,1618.60,1617.00,1618.50,653
2026-09-02 11:30:00,1618.40,1618.40,1617.40,1618.20,1001
2026-09-02 11:31:00,1618.30,1618.50,1618.00,1618.40,667
2026-09-02 11:32:00,1619.00,1619.90,1617.50,1618.30,7232
2026-09-02 11:33:00,1618.30,1618.70,1617.40,1617.40,2242
2026-09-02 11:34:00,1617.40,1618.50,1616.30,1618.50,3332
2026-09-02 11:35:00,1618.30,1618.90,1617.90,1618.70,818
2026-09-02 11:36:00,1618.70,1619.90,1618.50,1619.40,1993
2026-09-02 11:37:00,1619.40,1619.80,1618.60,1619.50,869
2026-09-02 11:38:00,1619.40,1619.80,1619.10,1619.80,958
2026-09-02 11:39:00,1619.80,1621.90,1618.60,1621.70,3623
2026-09-02 11:40:00,1621.70,1622.50,1620.50,1620.70,1469
2026-09-02 11:41:00,1621.40,1621.50,1620.80,1621.20,820
2026-09-02 11:42:00,1620.80,1620.90,1620.00,1620.00,743
2026-09-02 11:43:00,1620.00,1620.80,1620.00,1620.10,526
2026-09-02 11:44:00,1620.10,1620.80,1620.00,1620.00,717
2026-09-02 11:45:00,1620.20,1620.60,1620.20,1620.30,435
2026-09-02 11:46:00,1620.50,1620.70,1620.00,1620.60,871
2026-09-02 11:47:00,1620.50,1620.70,1620.10,1620.10,965
2026-09-02 11:48:00,1620.40,1621.20,1620.10,1620.80,1496
2026-09-02 11:49:00,1620.80,1620.80,1615.40,1618.00,67995
2026-09-02 11:50:00,1618.00,1618.70,1617.20,1617.70,2040
2026-09-02 11:51:00,1617.70,1618.50,1617.00,1618.50,1171
2026-09-02 11:52:00,1618.10,1618.90,1617.90,1618.70,821
2026-09-02 11:53:00,1618.60,1618.90,1612.60,1614.40,67494
2026-09-02 11:54:00,1614.00,1615.80,1614.00,1615.10,2376
2026-09-02 11:55:00,1615.60,1615.70,1613.20,1613.20,29683
2026-09-02 11:56:00,1613.20,1614.20,1611.50,1612.90,46694
2026-09-02 11:57:00,1612.70,1612.90,1610.90,1611.80,10055
2026-09-02 11:58:00,1611.90,1612.00,1610.10,1610.90,34056
2026-09-02 11:59:00,1611.00,1611.90,1610.30,1611.70,23741
2026-09-02 12:00:00,1611.90,1615.70,1611.50,1615.40,16188
2026-09-02 12:01:00,1615.40,1615.70,1614.50,1615.20,1124
2026-09-02 12:02:00,1615.20,1616.00,1615.10,1615.10,1864
2026-09-02 12:03:00,1615.60,1615.80,1614.20,1615.00,1080
2026-09-02 12:04:00,1615.00,1615.00,1613.30,1613.50,2810
2026-09-02 12:05:00,1614.10,1614.30,1613.00,1614.00,29445
2026-09-02 12:06:00,1613.90,1616.60,1613.80,1615.50,25638
2026-09-02 12:07:00,1615.80,1616.60,1614.00,1616.30,7815
2026-09-02 12:08:00,1616.40,1616.40,1614.40,1615.50,2562
2026-09-02 12:09:00,1615.50,1616.60,1614.00,1615.90,24316
2026-09-02 12:10:00,1615.50,1616.60,1615.00,1615.80,13928
2026-09-02 12:11:00,1616.20,1618.40,1615.90,1616.00,29124
2026-09-02 12:12:00,1616.10,1617.80,1616.10,1617.10,5047
2026-09-02 12:13:00,1617.00,1617.40,1615.50,1615.50,901
2026-09-02 12:14:00,1615.50,1616.50,1615.50,1616.50,996
2026-09-02 12:15:00,1616.40,1616.50,1615.70,1615.70,1067
2026-09-02 12:16:00,1616.10,1616.40,1615.70,1616.30,943
2026-09-02 12:17:00,1616.40,1616.50,1616.20,1616.40,1066
2026-09-02 12:18:00,1616.40,1618.70,1616.40,1618.40,6098
2026-09-02 12:19:00,1618.50,1618.50,1616.60,1617.30,4509
2026-09-02 12:20:00,1617.30,1617.50,1616.20,1616.80,1078
2026-09-02 12:21:00,1616.50,1617.60,1616.40,1617.50,1069
2026-09-02 12:22:00,1617.50,1618.00,1617.50,1617.90,822
2026-09-02 12:23:00,1617.80,1618.40,1617.40,1618.40,825
2026-09-02 12:24:00,1618.40,1618.40,1617.70,1618.40,798
2026-09-02 12:25:00,1618.30,1619.90,1618.30,1619.60,1811
2026-09-02 12:26:00,1619.50,1619.50,1618.60,1619.20,1027
2026-09-02 12:27:00,1619.20,1620.00,1619.20,1619.60,1055
2026-09-02 12:28:00,1619.60,1619.90,1619.00,1619.60,970
2026-09-02 12:29:00,1619.40,1619.80,1619.00,1619.80,1055
2026-09-02 12:30:00,1619.70,1621.90,1619.50,1621.40,6573
2026-09-02 12:31:00,1621.40,1621.40,1620.50,1621.40,1356
2026-09-02 12:32:00,1621.50,1621.50,1621.10,1621.10,1215
2026-09-02 12:33:00,1621.10,1621.30,1620.50,1620.80,1689
2026-09-02 12:34:00,1620.50,1620.90,1619.60,1620.00,1400
2026-09-02 12:35:00,1620.40,1621.30,1619.80,1620.20,3822
2026-09-02 12:36:00,1620.00,1621.30,1619.40,1621.20,4510
2026-09-02 12:37:00,1621.10,1621.20,1617.20,1617.40,10543
2026-09-02 12:38:00,1617.30,1617.30,1615.90,1616.90,1741
2026-09-02 12:39:00,1616.90,1617.10,1616.10,1616.30,1123
2026-09-02 12:40:00,1616.70,1616.80,1615.70,1616.80,1036
2026-09-02 12:41:00,1616.30,1616.80,1615.70,1616.50,1054
2026-09-02 12:42:00,1615.80,1616.80,1615.80,1616.80,1591
2026-09-02 12:43:00,1616.90,1617.00,1615.90,1617.00,1387
2026-09-02 12:44:00,1616.80,1616.80,1615.10,1615.10,2099
2026-09-02 12:45:00,1615.90,1616.40,1615.30,1616.40,1318
2026-09-02 12:46:00,1616.40,1616.80,1615.80,1616.80,1884
2026-09-02 12:47:00,1616.80,1616.80,1615.50,1615.90,1883
2026-09-02 12:48:00,1615.90,1616.30,1615.30,1616.00,447
2026-09-02 12:49:00,1616.00,1616.90,1616.00,1616.40,2159
2026-09-02 12:50:00,1616.40,1617.20,1616.30,1617.10,1323
2026-09-02 12:51:00,1616.80,1617.60,1616.80,1617.40,694
2026-09-02 12:52:00,1617.20,1617.90,1616.90,1617.90,1817
2026-09-02 12:53:00,1617.90,1618.40,1617.10,1618.30,1088
2026-09-02 12:54:00,1618.40,1618.50,1617.00,1617.60,2361
2026-09-02 12:55:00,1617.20,1618.20,1617.20,1618.20,1481
2026-09-02 12:56:00,1618.20,1618.50,1617.60,1618.10,1482
2026-09-02 12:57:00,1618.10,1618.40,1617.50,1617.90,1800
2026-09-02 12:58:00,1618.10,1618.70,1617.60,1618.20,2598
2026-09-02 12:59:00,1618.30,1618.70,1617.40,1618.70,2260
2026-09-02 13:00:00,1618.70,1618.70,1618.00,1618.70,1399
2026-09-02 13:01:00,1618.70,1618.70,1617.20,1618.30,1770
2026-09-02 13:02:00,1618.30,1618.40,1617.50,1617.80,685
2026-09-02 13:03:00,1617.80,1618.70,1617.80,1618.70,1345
2026-09-02 13:04:00,1618.60,1618.90,1617.90,1618.40,1522
2026-09-02 13:05:00,1618.40,1619.00,1618.10,1619.00,1449
2026-09-02 13:06:00,1619.00,1619.60,1618.40,1619.00,3640
2026-09-02 13:07:00,1619.00,1619.60,1618.90,1618.90,2058
2026-09-02 13:08:00,1618.90,1619.40,1618.40,1619.30,813
2026-09-02 13:09:00,1619.10,1619.90,1618.60,1619.50,2154
2026-09-02 13:10:00,1619.50,1620.00,1619.50,1619.90,1412
2026-09-02 13:11:00,1619.90,1619.90,1619.20,1619.30,1740
2026-09-02 13:12:00,1619.80,1619.90,1619.00,1619.80,621
2026-09-02 13:13:00,1619.80,1619.80,1619.00,1619.70,1115
2026-09-02 13:14:00,1619.70,1619.80,1618.90,1619.30,1404
2026-09-02 13:15:00,1619.20,1619.50,1618.60,1619.00,1840
2026-09-02 13:16:00,1619.10,1619.30,1617.20,1619.30,1106
2026-09-02 13:17:00,1619.30,1619.70,1618.70,1619.60,1567
2026-09-02 13:18:00,1619.40,1619.50,1618.80,1619.50,520
2026-09-02 13:19:00,1619.50,1619.70,1618.20,1619.00,1881
2026-09-02 13:20:00,1619.00,1619.60,1618.60,1619.20,1854
2026-09-02 13:21:00,1619.40,1620.30,1619.30,1620.30,1467
2026-09-02 13:22:00,1620.20,1620.30,1620.00,1620.10,1388
2026-09-02 13:23:00,1620.20,1620.20,1619.80,1620.00,986
2026-09-02 13:24:00,1619.90,1620.50,1619.80,1620.50,2313
2026-09-02 13:25:00,1620.50,1620.80,1620.20,1620.50,1000
2026-09-02 13:26:00,1620.50,1620.50,1620.00,1620.00,866
2026-09-02 13:27:00,1620.40,1620.80,1620.00,1620.60,914
2026-09-02 13:28:00,1620.60,1620.60,1620.00,1620.30,529
2026-09-02 13:29:00,1620.30,1620.50,1620.00,1620.50,640
2026-09-02 13:30:00,1620.60,1620.60,1619.90,1619.90,1339
2026-09-02 13:31:00,1620.20,1620.20,1617.70,1617.80,6054
2026-09-02 13:32:00,1618.00,1618.00,1617.70,1617.90,1840
2026-09-02 13:33:00,1618.00,1618.00,1617.90,1618.00,2652
2026-09-02 13:34:00,1618.00,1618.00,1617.90,1618.00,2070
2026-09-02 13:35:00,1618.00,1619.30,1617.90,1618.80,6083
2026-09-02 13:36:00,1618.80,1619.50,1618.50,1619.30,949
2026-09-02 13:37:00,1619.50,1619.50,1618.50,1619.10,561
2026-09-02 13:38:00,1619.20,1619.50,1618.40,1619.10,680
2026-09-02 13:39:00,1619.30,1619.40,1618.50,1618.90,448
2026-09-02 13:40:00,1618.80,1619.10,1616.30,1616.90,1014
2026-09-02 13:41:00,1616.90,1617.30,1616.10,1616.80,904
2026-09-02 13:42:00,1616.70,1617.10,1616.20,1617.00,591
2026-09-02 13:43:00,1616.80,1617.40,1616.50,1617.20,568
2026-09-02 13:44:00,1616.30,1617.10,1616.30,1616.30,687
2026-09-02 13:45:00,1616.80,1616.80,1615.90,1616.50,1157
2026-09-02 13:46:00,1616.50,1616.80,1615.90,1616.60,986
2026-09-02 13:47:00,1616.60,1616.90,1616.60,1616.80,895
2026-09-02 13:48:00,1616.80,1616.90,1616.00,1616.70,782
2026-09-02 13:49:00,1616.60,1616.60,1615.40,1616.00,1020
2026-09-02 13:50:00,1616.60,1616.60,1615.30,1615.60,1170
2026-09-02 13:51:00,1615.60,1616.00,1615.00,1615.10,615
2026-09-02 13:52:00,1615.60,1615.80,1615.10,1615.80,513
2026-09-02 13:53:00,1615.80,1616.20,1615.50,1616.00,734
2026-09-02 13:54:00,1616.10,1616.20,1615.90,1616.20,838
2026-09-02 13:55:00,1616.20,1616.50,1616.00,1616.40,744
2026-09-02 13:56:00,1616.40,1616.90,1616.40,1616.90,560
2026-09-02 13:57:00,1616.90,1617.00,1616.70,1617.00,655
2026-09-02 13:58:00,1616.90,1617.30,1616.60,1617.30,784
2026-09-02 13:59:00,1617.20,1617.40,1617.10,1617.40,486
2026-09-02 14:00:00,1617.30,1617.60,1617.20,1617.30,534
2026-09-02 14:01:00,1617.30,1617.50,1617.30,1617.40,744
2026-09-02 14:02:00,1617.30,1617.40,1616.50,1617.40,1785
2026-09-02 14:03:00,1617.40,1617.50,1616.60,1617.30,890
2026-09-02 14:04:00,1617.40,1617.50,1616.50,1616.70,704
2026-09-02 14:05:00,1617.40,1617.50,1616.60,1617.20,602
2026-09-02 14:06:00,1617.20,1617.30,1616.50,1617.30,615
2026-09-02 14:07:00,1617.30,1617.40,1617.20,1617.30,557
2026-09-02 14:08:00,1617.30,1617.60,1617.10,1617.60,480
2026-09-02 14:09:00,1617.60,1617.60,1617.50,1617.60,556
2026-09-02 14:10:00,1617.50,1617.70,1617.50,1617.60,478
2026-09-02 14:11:00,1618.00,1618.20,1617.40,1617.50,3437
2026-09-02 14:12:00,1617.50,1617.90,1617.40,1617.90,533
2026-09-02 14:13:00,1617.90,1617.90,1617.20,1617.50,1181
2026-09-02 14:14:00,1617.40,1617.50,1617.00,1617.40,628
2026-09-02 14:15:00,1617.20,1617.40,1616.90,1617.30,1433
2026-09-02 14:16:00,1616.90,1617.30,1616.90,1617.00,849
2026-09-02 14:17:00,1617.00,1617.00,1615.90,1616.40,1859
2026-09-02 14:18:00,1616.50,1616.60,1616.00,1616.60,659
2026-09-02 14:19:00,1616.60,1616.60,1615.90,1616.60,1210
2026-09-02 14:20:00,1616.60,1616.60,1616.50,1616.60,526
2026-09-02 14:21:00,1616.60,1616.80,1616.50,1616.80,684
2026-09-02 14:22:00,1616.80,1616.80,1616.30,1616.60,584
2026-09-02 14:23:00,1616.30,1616.40,1615.70,1616.20,770
2026-09-02 14:24:00,1616.00,1616.20,1615.40,1616.00,2098
2026-09-02 14:25:00,1615.90,1616.00,1615.40,1615.90,673
2026-09-02 14:26:00,1615.90,1615.90,1615.20,1615.90,790
2026-09-02 14:27:00,1615.90,1616.90,1615.90,1616.80,2844
2026-09-02 14:28:00,1616.80,1616.90,1616.30,1616.90,603
2026-09-02 14:29:00,1616.90,1617.80,1616.90,1617.80,1184
2026-09-02 14:30:00,1617.80,1619.50,1617.30,1618.70,5002
2026-09-02 14:31:00,1618.70,1619.50,1618.40,1619.30,3274
2026-09-02 14:32:00,1619.30,1619.80,1618.90,1619.80,1822
2026-09-02 14:33:00,1619.70,1619.90,1619.30,1619.80,1584
2026-09-02 14:34:00,1619.90,1620.00,1619.00,1619.70,3798
2026-09-02 14:35:00,1619.70,1620.30,1619.50,1620.30,1568
2026-09-02 14:36:00,1620.40,1620.70,1620.00,1620.30,801
2026-09-02 14:37:00,1620.10,1620.50,1619.20,1620.20,2838
2026-09-02 14:38:00,1620.20,1620.20,1619.70,1620.20,1818
2026-09-02 14:39:00,1620.20,1620.30,1619.80,1619.80,610
2026-09-02 14:40:00,1619.80,1620.20,1619.40,1620.00,3161
2026-09-02 14:41:00,1619.60,1620.10,1619.30,1619.50,3011
2026-09-02 14:42:00,1620.10,1620.30,1619.40,1620.20,2269
2026-09-02 14:43:00,1620.00,1620.40,1619.80,1619.80,1378
2026-09-02 14:44:00,1619.70,1620.30,1618.60,1620.00,8531
2026-09-02 14:45:00,1620.00,1620.10,1619.00,1620.10,7341
2026-09-02 14:46:00,1620.00,1620.10,1619.50,1620.10,2851
2026-09-02 14:47:00,1620.10,1620.40,1620.00,1620.20,3796
2026-09-02 14:48:00,1620.40,1620.40,1620.00,1620.20,1268
2026-09-02 14:49:00,1620.20,1620.20,1619.80,1620.20,1197
2026-09-02 14:50:00,1620.10,1620.30,1619.60,1620.00,2896
2026-09-02 14:51:00,1620.10,1620.20,1619.50,1620.10,2915
2026-09-02 14:52:00,1620.00,1620.10,1619.20,1620.00,7957
2026-09-02 14:53:00,1619.50,1620.10,1619.20,1620.00,15226
2026-09-02 14:54:00,1619.80,1620.40,1619.60,1620.20,1867
2026-09-02 14:55:00,1620.40,1620.40,1619.60,1620.10,1949
2026-09-02 14:56:00,1620.10,1620.10,1620.00,1620.10,1808
2026-09-02 14:57:00,1620.00,1620.30,1619.60,1620.30,3723
2026-09-02 14:58:00,1620.10,1620.40,1620.10,1620.40,4105
2026-09-02 14:59:00,1620.70,1620.70,1620.50,1620.70,1672
2026-09-02 15:00:00,1620.70,1620.70,1618.60,1618.60,20493
2026-09-02 15:01:00,1619.10,1620.10,1616.60,1617.80,53136
2026-09-02 15:02:00,1617.20,1617.60,1615.50,1616.10,8968
2026-09-02 15:03:00,1615.80,1616.50,1615.80,1616.40,3750
2026-09-02 15:04:00,1616.00,1616.50,1615.70,1616.10,2642
2026-09-02 15:05:00,1614.60,1615.70,1613.90,1615.40,14622
2026-09-02 15:06:00,1615.40,1616.00,1615.00,1615.40,4782
2026-09-02 15:07:00,1615.40,1615.40,1613.90,1613.90,4227
2026-09-02 15:08:00,1614.00,1614.00,1613.70,1613.80,4341
2026-09-02 15:09:00,1613.80,1615.10,1613.70,1615.10,5970
2026-09-02 15:10:00,1615.80,1616.10,1615.60,1615.60,12651
2026-09-02 15:11:00,1615.60,1616.60,1615.50,1615.80,9283
2026-09-02 15:12:00,1616.60,1616.60,1615.60,1616.40,17442
2026-09-02 15:13:00,1616.40,1617.70,1615.80,1617.70,7557
2026-09-02 15:14:00,1615.70,1619.00,1611.10,1612.00,17285
2026-09-02 15:15:00,1612.00,1612.00,1612.00,1612.00,0
2026-09-02 15:16:00,1612.00,1612.00,1612.00,1612.00,0
2026-09-02 15:17:00,1612.00,1612.00,1612.00,1612.00,0
2026-09-02 15:18:00,1612.00,1612.00,1612.00,1612.00,0
2026-09-02 15:19:00,1612.00,1612.00,1612.00,1612.00,0
2026-09-02 15:20:00,1612.00,1612.00,1612.00,1612.00,0
2026-09-02 15:21:00,1612.00,1612.00,1612.00,1612.00,0
2026-09-02 15:22:00,1612.00,1612.00,1612.00,1612.00,0
2026-09-02 15:23:00,1612.00,1612.00,1612.00,1612.00,0
2026-09-02 15:24:00,1612.00,1612.00,1612.00,1612.00,0
2026-09-02 15:25:00,1612.00,1612.00,1612.00,1612.00,0
2026-09-02 15:26:00,1612.00,1612.00,1612.00,1612.00,0
2026-09-02 15:27:00,1612.00,1612.00,1612.00,1612.00,0
2026-09-02 15:28:00,1612.00,1612.00,1612.00,1612.00,0
2026-09-02 15:29:00,1612.00,1623.00,1612.00,1623.00,54579
2026-09-03 09:15:00,1623.00,1625.60,1606.00,1606.90,31931
2026-09-03 09:16:00,1608.10,1608.60,1605.00,1605.70,4021
2026-09-03 09:17:00,1605.20,1608.00,1603.70,1607.30,7719
2026-09-03 09:18:00,1608.00,1610.00,1607.80,1607.80,2160
2026-09-03 09:19:00,1607.80,1607.80,1603.30,1603.30,11803
2026-09-03 09:20:00,1603.70,1606.50,1603.00,1605.90,2926
2026-09-03 09:21:00,1607.00,1608.10,1605.90,1608.10,1679
2026-09-03 09:22:00,1608.50,1609.80,1607.80,1608.50,2298
2026-09-03 09:23:00,1608.50,1608.50,1601.50,1601.50,9641
2026-09-03 09:24:00,1601.70,1602.70,1596.00,1598.10,12275
2026-09-03 09:25:00,1597.80,1597.90,1593.80,1595.60,10606
2026-09-03 09:26:00,1595.70,1595.70,1592.70,1593.20,5249
2026-09-03 09:27:00,1593.70,1594.50,1592.30,1593.00,4310
2026-09-03 09:28:00,1593.10,1595.00,1592.00,1594.80,5784
2026-09-03 09:29:00,1594.80,1597.00,1594.30,1597.00,1512
2026-09-03 09:30:00,1597.00,1598.50,1596.60,1598.50,3378
2026-09-03 09:31:00,1598.90,1600.90,1598.50,1599.00,3208
2026-09-03 09:32:00,1599.00,1599.90,1598.60,1599.70,1953
2026-09-03 09:33:00,1600.70,1600.70,1599.10,1599.40,1789
2026-09-03 09:34:00,1599.40,1599.70,1597.60,1597.60,1507
2026-09-03 09:35:00,1598.00,1599.00,1597.60,1599.00,1328
2026-09-03 09:36:00,1599.20,1599.20,1597.60,1598.00,1853
2026-09-03 09:37:00,1597.90,1600.50,1597.70,1600.50,3811
2026-09-03 09:38:00,1600.50,1600.50,1598.40,1598.50,2514
2026-09-03 09:39:00,1598.60,1599.60,1598.60,1599.20,2476
2026-09-03 09:40:00,1599.90,1601.10,1599.90,1601.10,2015
2026-09-03 09:41:00,1601.10,1602.00,1599.90,1599.90,4962
2026-09-03 09:42:00,1599.40,1600.40,1599.30,1599.30,2574
2026-09-03 09:43:00,1599.00,1600.90,1599.00,1600.60,1391
2026-09-03 09:44:00,1601.60,1601.60,1599.30,1600.30,3195
2026-09-03 09:45:00,1600.00,1600.30,1599.40,1599.90,636
2026-09-03 09:46:00,1599.50,1601.00,1599.50,1600.90,1535
2026-09-03 09:47:00,1600.90,1603.50,1600.90,1602.40,7035
2026-09-03 09:48:00,1602.40,1602.40,1600.60,1600.60,3842
2026-09-03 09:49:00,1600.80,1602.90,1600.10,1602.60,1517
2026-09-03 09:50:00,1602.80,1602.80,1601.40,1602.70,1478
2026-09-03 09:51:00,1602.20,1602.80,1601.00,1601.00,1116
2026-09-03 09:52:00,1601.00,1601.40,1600.50,1600.50,420
2026-09-03 09:53:00,1601.20,1604.80,1601.20,1604.60,4545
2026-09-03 09:54:00,1604.60,1604.70,1602.90,1603.40,2059
2026-09-03 09:55:00,1603.40,1603.90,1602.80,1603.70,916
2026-09-03 09:56:00,1604.00,1604.40,1603.50,1603.80,992
2026-09-03 09:57:00,1603.80,1605.50,1603.30,1605.50,5501
2026-09-03 09:58:00,1605.50,1605.90,1604.20,1605.00,4647
2026-09-03 09:59:00,1605.00,1605.90,1605.00,1605.60,660
2026-09-03 10:00:00,1605.50,1605.70,1602.20,1603.80,3349
2026-09-03 10:01:00,1603.80,1603.80,1602.70,1603.50,1044
2026-09-03 10:02:00,1603.50,1604.10,1603.10,1604.10,984
2026-09-03 10:03:00,1604.10,1604.30,1603.20,1603.20,891
2026-09-03 10:04:00,1603.80,1603.80,1601.20,1601.80,2087
2026-09-03 10:05:00,1601.80,1603.00,1601.70,1602.80,1000
2026-09-03 10:06:00,1602.80,1603.10,1600.20,1600.20,1294
2026-09-03 10:07:00,1601.00,1602.00,1599.50,1601.60,3055
2026-09-03 10:08:00,1601.20,1601.60,1601.20,1601.60,684
2026-09-03 10:09:00,1601.60,1602.90,1601.60,1602.90,1377
2026-09-03 10:10:00,1602.90,1603.20,1602.50,1603.20,1022
2026-09-03 10:11:00,1603.20,1604.80,1603.20,1604.10,2011
2026-09-03 10:12:00,1604.10,1604.80,1603.50,1603.60,935
2026-09-03 10:13:00,1603.30,1603.60,1602.40,1603.20,1797
2026-09-03 10:14:00,1603.00,1603.80,1603.00,1603.80,404
2026-09-03 10:15:00,1603.80,1604.10,1603.00,1603.80,1605
2026-09-03 10:16:00,1603.80,1604.40,1603.70,1604.10,837
2026-09-03 10:17:00,1604.10,1604.70,1603.70,1604.20,1011
2026-09-03 10:18:00,1604.50,1605.40,1604.20,1605.00,1017
2026-09-03 10:19:00,1605.50,1605.50,1604.80,1605.00,733
2026-09-03 10:20:00,1604.90,1605.00,1604.40,1605.00,825
2026-09-03 10:21:00,1605.20,1605.20,1604.10,1604.90,646
2026-09-03 10:22:00,1604.90,1604.90,1604.00,1604.50,603
2026-09-03 10:23:00,1604.50,1604.60,1603.40,1603.40,1236
2026-09-03 10:24:00,1603.40,1603.60,1603.00,1603.60,507
2026-09-03 10:25:00,1603.40,1603.60,1603.10,1603.50,386
2026-09-03 10:26:00,1604.00,1604.50,1603.50,1603.50,522
2026-09-03 10:27:00,1604.00,1604.60,1603.70,1604.40,480
2026-09-03 10:28:00,1605.00,1605.40,1604.80,1605.40,597
2026-09-03 10:29:00,1605.40,1605.40,1604.60,1605.20,425
2026-09-03 10:30:00,1605.20,1606.70,1605.20,1606.40,2292
2026-09-03 10:31:00,1606.00,1607.00,1605.90,1607.00,655
2026-09-03 10:32:00,1607.00,1607.50,1606.50,1607.20,1240
2026-09-03 10:33:00,1607.20,1608.40,1606.50,1608.40,4364
2026-09-03 10:34:00,1609.00,1609.20,1607.70,1607.70,2282
2026-09-03 10:35:00,1607.60,1607.60,1607.10,1607.60,1317
2026-09-03 10:36:00,1607.60,1608.30,1607.20,1607.90,342
2026-09-03 10:37:00,1607.90,1607.90,1606.50,1607.00,1123
2026-09-03 10:38:00,1606.80,1608.50,1606.80,1608.40,1482
2026-09-03 10:39:00,1608.40,1609.00,1608.10,1608.80,1694
2026-09-03 10:40:00,1608.80,1609.10,1607.60,1607.90,1746
2026-09-03 10:41:00,1608.30,1608.70,1607.90,1608.30,469
2026-09-03 10:42:00,1608.30,1609.00,1608.00,1608.00,853
2026-09-03 10:43:00,1608.40,1608.40,1606.80,1607.20,883
2026-09-03 10:44:00,1607.20,1608.00,1606.70,1607.90,466
2026-09-03 10:45:00,1608.00,1608.00,1604.00,1604.90,12051
2026-09-03 10:46:00,1604.90,1604.90,1604.20,1604.20,442
2026-09-03 10:47:00,1604.20,1604.90,1604.10,1604.20,2689
2026-09-03 10:48:00,1604.80,1604.90,1604.10,1604.20,941
2026-09-03 10:49:00,1604.40,1604.40,1600.90,1601.70,5646
2026-09-03 10:50:00,1601.60,1602.70,1601.60,1602.70,1839
2026-09-03 10:51:00,1602.60,1602.60,1601.00,1601.60,2635
2026-09-03 10:52:00,1601.60,1601.90,1599.70,1600.20,4929
2026-09-03 10:53:00,1600.20,1600.50,1599.60,1600.50,1302
2026-09-03 10:54:00,1600.50,1600.70,1600.10,1600.70,1052
2026-09-03 10:55:00,1600.70,1600.70,1597.40,1599.00,6028
2026-09-03 10:56:00,1599.00,1600.30,1598.70,1600.00,903
2026-09-03 10:57:00,1600.00,1600.00,1599.50,1599.90,771
2026-09-03 10:58:00,1599.90,1600.40,1599.50,1599.70,1427
2026-09-03 10:59:00,1599.30,1599.90,1599.00,1599.40,558
2026-09-03 11:00:00,1599.40,1600.00,1599.10,1599.90,1225
2026-09-03 11:01:00,1599.90,1600.70,1599.20,1600.30,2223
2026-09-03 11:02:00,1600.70,1601.70,1600.30,1601.10,953
2026-09-03 11:03:00,1601.50,1602.20,1600.00,1601.20,9932
2026-09-03 11:04:00,1601.20,1601.20,1599.60,1600.30,1859
2026-09-03 11:05:00,1600.30,1600.30,1599.10,1599.80,1469
2026-09-03 11:06:00,1599.80,1599.90,1599.00,1599.30,3678
2026-09-03 11:07:00,1599.90,1600.70,1599.20,1599.40,903
2026-09-03 11:08:00,1600.00,1600.40,1599.40,1600.40,1576
2026-09-03 11:09:00,1600.00,1601.30,1599.50,1600.40,2573
2026-09-03 11:10:00,1599.90,1600.70,1599.90,1600.20,1426
2026-09-03 11:11:00,1600.20,1600.90,1599.90,1600.50,2113
2026-09-03 11:12:00,1600.00,1600.50,1599.40,1600.00,588
2026-09-03 11:13:00,1599.80,1600.70,1599.80,1600.60,668
2026-09-03 11:14:00,1600.10,1600.40,1599.00,1599.50,921
2026-09-03 11:15:00,1599.50,1599.80,1598.30,1598.90,1416
2026-09-03 11:16:00,1599.00,1600.10,1598.80,1599.80,1085
2026-09-03 11:17:00,1599.80,1600.60,1599.10,1600.40,683
2026-09-03 11:18:00,1600.40,1600.40,1599.50,1599.60,1419
2026-09-03 11:19:00,1599.70,1600.70,1599.70,1600.70,1137
2026-09-03 11:20:00,1600.50,1600.70,1599.60,1599.60,595
2026-09-03 11:21:00,1600.00,1600.70,1599.60,1600.50,762
2026-09-03 11:22:00,1600.50,1600.80,1600.10,1600.50,747
2026-09-03 11:23:00,1600.30,1600.60,1599.90,1600.10,1326
2026-09-03 11:24:00,1600.00,1600.70,1600.00,1600.20,440
2026-09-03 11:25:00,1600.70,1600.70,1600.10,1600.60,6644
2026-09-03 11:26:00,1600.30,1600.70,1600.10,1600.60,884
2026-09-03 11:27:00,1600.70,1600.70,1600.10,1600.10,1314
2026-09-03 11:28:00,1600.40,1600.70,1599.20,1600.00,4197
2026-09-03 11:29:00,1600.50,1600.70,1600.00,1600.00,1411
2026-09-03 11:30:00,1600.60,1600.60,1600.00,1600.00,868
2026-09-03 11:31:00,1600.00,1600.50,1599.90,1600.00,4679
2026-09-03 11:32:00,1600.60,1600.60,1600.00,1600.10,494
2026-09-03 11:33:00,1600.50,1600.60,1600.00,1600.00,565
2026-09-03 11:34:00,1600.50,1600.50,1600.00,1600.00,479
2026-09-03 11:35:00,1600.50,1600.50,1599.20,1600.00,2923
2026-09-03 11:36:00,1600.40,1600.40,1600.00,1600.40,644
2026-09-03 11:37:00,1600.10,1600.40,1599.40,1599.90,2735
2026-09-03 11:38:00,1599.40,1600.00,1599.00,1599.00,3886
2026-09-03 11:39:00,1599.10,1599.20,1597.60,1597.60,3195
2026-09-03 11:40:00,1597.60,1598.30,1597.10,1598.20,2063
2026-09-03 11:41:00,1598.20,1598.60,1598.20,1598.30,1233
2026-09-03 11:42:00,1598.60,1598.70,1598.20,1598.70,474
2026-09-03 11:43:00,1598.30,1598.70,1597.60,1598.30,2293
2026-09-03 11:44:00,1598.10,1599.40,1598.10,1598.80,10383
2026-09-03 11:45:00,1599.10,1601.80,1598.70,1599.70,17354
2026-09-03 11:46:00,1600.00,1600.10,1599.10,1599.60,603
2026-09-03 11:47:00,1599.60,1599.60,1598.90,1598.90,647
2026-09-03 11:48:00,1598.90,1598.90,1598.30,1598.90,1427
2026-09-03 11:49:00,1598.90,1599.10,1596.60,1597.60,45650
2026-09-03 11:50:00,1597.80,1597.80,1597.10,1597.20,936
2026-09-03 11:51:00,1597.70,1597.70,1595.40,1595.80,8365
2026-09-03 11:52:00,1596.00,1596.70,1595.30,1596.00,4024
2026-09-03 11:53:00,1596.30,1596.90,1595.60,1596.40,13076
2026-09-03 11:54:00,1596.10,1596.10,1595.50,1595.50,4192
2026-09-03 11:55:00,1596.00,1596.40,1595.10,1595.80,8148
2026-09-03 11:56:00,1595.80,1597.30,1595.70,1596.70,2775
2026-09-03 11:57:00,1597.20,1597.30,1596.70,1597.00,576
2026-09-03 11:58:00,1597.20,1597.70,1596.80,1597.20,639
2026-09-03 11:59:00,1597.70,1597.90,1597.20,1597.30,1434
2026-09-03 12:00:00,1597.60,1597.60,1593.80,1594.50,8785
2026-09-03 12:01:00,1595.00,1595.00,1592.70,1593.00,25383
2026-09-03 12:02:00,1592.60,1594.00,1592.60,1593.70,13945
2026-09-03 12:03:00,1593.70,1595.30,1592.30,1594.90,15318
2026-09-03 12:04:00,1594.90,1594.90,1592.90,1593.80,3480
2026-09-03 12:05:00,1593.90,1595.00,1593.20,1594.00,8112
2026-09-03 12:06:00,1593.60,1594.00,1592.50,1592.90,6718
2026-09-03 12:07:00,1593.00,1593.50,1592.60,1593.30,6790
2026-09-03 12:08:00,1593.50,1597.30,1593.30,1597.00,39185
2026-09-03 12:09:00,1597.00,1597.10,1595.70,1596.30,2995
2026-09-03 12:10:00,1596.70,1596.90,1595.70,1596.90,1129
2026-09-03 12:11:00,1596.70,1596.70,1595.10,1595.30,2588
2026-09-03 12:12:00,1595.60,1597.40,1595.20,1597.10,3856
2026-09-03 12:13:00,1597.50,1597.80,1597.00,1597.20,6594
2026-09-03 12:14:00,1597.50,1598.20,1597.20,1598.20,5667
2026-09-03 12:15:00,1598.20,1598.80,1598.10,1598.50,6648
2026-09-03 12:16:00,1598.40,1598.50,1598.00,1598.30,1449
2026-09-03 12:17:00,1598.30,1598.70,1597.10,1597.10,3706
2026-09-03 12:18:00,1597.10,1597.50,1596.10,1596.10,885
2026-09-03 12:19:00,1596.10,1596.80,1596.00,1596.70,1117
2026-09-03 12:20:00,1596.20,1599.30,1596.20,1599.20,2202
2026-09-03 12:21:00,1599.30,1599.30,1598.30,1598.40,1468
2026-09-03 12:22:00,1598.70,1599.00,1598.30,1598.70,1102
2026-09-03 12:23:00,1598.90,1599.00,1598.50,1598.80,2442
2026-09-03 12:24:00,1599.00,1599.00,1598.00,1598.10,1618
2026-09-03 12:25:00,1598.00,1598.90,1598.00,1598.30,1101
2026-09-03 12:26:00,1598.30,1600.00,1598.30,1599.80,5554
2026-09-03 12:27:00,1599.70,1599.90,1599.00,1599.70,2187
2026-09-03 12:28:00,1599.70,1600.00,1599.40,1599.80,8452
2026-09-03 12:29:00,1599.60,1600.00,1599.20,1600.00,2405
2026-09-03 12:30:00,1600.00,1600.00,1599.50,1600.00,4308
2026-09-03 12:31:00,1600.00,1600.50,1598.60,1598.70,61303
2026-09-03 12:32:00,1599.20,1600.00,1598.70,1599.70,11374
2026-09-03 12:33:00,1600.00,1600.00,1599.10,1599.60,641
2026-09-03 12:34:00,1599.70,1599.80,1599.10,1599.40,906
2026-09-03 12:35:00,1599.80,1599.80,1599.30,1599.50,797
2026-09-03 12:36:00,1599.50,1600.00,1599.50,1599.90,1090
2026-09-03 12:37:00,1599.50,1599.90,1599.50,1599.70,824
2026-09-03 12:38:00,1599.90,1601.30,1599.60,1600.00,54178
2026-09-03 12:39:00,1600.00,1600.10,1599.70,1599.70,8739
2026-09-03 12:40:00,1600.00,1603.30,1600.00,1602.80,7084
2026-09-03 12:41:00,1602.80,1602.90,1602.30,1602.50,5152
2026-09-03 12:42:00,1602.80,1602.80,1601.30,1601.70,1382
2026-09-03 12:43:00,1601.70,1603.20,1601.70,1602.90,1498
2026-09-03 12:44:00,1602.90,1604.00,1601.80,1603.90,44869
2026-09-03 12:45:00,1603.90,1604.60,1603.80,1603.80,1310
2026-09-03 12:46:00,1604.00,1604.70,1603.80,1604.50,917
2026-09-03 12:47:00,1604.70,1604.90,1604.40,1604.90,1553
2026-09-03 12:48:00,1604.80,1605.00,1602.00,1602.60,8787
2026-09-03 12:49:00,1602.20,1603.50,1600.20,1603.00,42572
2026-09-03 12:50:00,1603.00,1603.30,1602.60,1602.70,507
2026-09-03 12:51:00,1603.10,1604.80,1602.70,1604.10,13101
2026-09-03 12:52:00,1603.80,1605.90,1603.00,1605.90,49926
2026-09-03 12:53:00,1605.60,1605.90,1604.80,1604.80,5068
2026-09-03 12:54:00,1605.20,1605.70,1604.90,1605.00,2741
2026-09-03 12:55:00,1605.40,1605.40,1604.30,1604.80,3198
2026-09-03 12:56:00,1604.80,1604.90,1603.30,1604.00,1829
2026-09-03 12:57:00,1604.00,1605.00,1603.70,1604.30,2965
2026-09-03 12:58:00,1604.70,1604.70,1603.00,1604.00,3773
2026-09-03 12:59:00,1603.60,1604.30,1603.60,1604.30,560
2026-09-03 13:00:00,1604.30,1605.10,1604.00,1605.10,3600
2026-09-03 13:01:00,1605.10,1605.50,1603.50,1603.50,2791
2026-09-03 13:02:00,1604.00,1604.00,1601.00,1602.00,13198
2026-09-03 13:03:00,1602.20,1603.00,1601.70,1602.60,18997
2026-09-03 13:04:00,1603.00,1603.10,1602.20,1603.10,617
2026-09-03 13:05:00,1603.00,1603.80,1602.20,1603.70,809
2026-09-03 13:06:00,1603.70,1603.80,1603.40,1603.80,730
2026-09-03 13:07:00,1603.80,1604.20,1603.20,1603.60,2004
2026-09-03 13:08:00,1603.60,1603.70,1603.30,1603.40,1161
2026-09-03 13:09:00,1603.70,1604.40,1603.40,1604.10,1493
2026-09-03 13:10:00,1603.60,1604.20,1603.30,1604.20,1126
2026-09-03 13:11:00,1604.20,1604.50,1603.90,1604.50,590
2026-09-03 13:12:00,1604.50,1605.70,1604.20,1605.30,3216
2026-09-03 13:13:00,1605.70,1605.70,1604.80,1605.30,3713
2026-09-03 13:14:00,1605.30,1605.30,1604.80,1604.80,534
2026-09-03 13:15:00,1605.30,1605.30,1603.80,1603.90,2079
2026-09-03 13:16:00,1603.90,1604.30,1603.80,1604.20,561
2026-09-03 13:17:00,1604.20,1605.50,1604.20,1604.80,1554
2026-09-03 13:18:00,1605.00,1606.10,1604.90,1605.10,4022
2026-09-03 13:19:00,1605.40,1605.40,1604.90,1604.90,2041
2026-09-03 13:20:00,1605.10,1605.30,1604.50,1604.50,2252
2026-09-03 13:21:00,1604.80,1605.00,1604.50,1604.70,593
2026-09-03 13:22:00,1605.00,1605.00,1604.50,1604.80,726
2026-09-03 13:23:00,1604.90,1605.10,1603.80,1603.80,4997
2026-09-03 13:24:00,1604.00,1604.50,1604.00,1604.10,862
2026-09-03 13:25:00,1604.10,1604.70,1603.50,1604.00,772
2026-09-03 13:26:00,1604.00,1604.10,1603.60,1604.10,773
2026-09-03 13:27:00,1604.00,1604.80,1603.60,1604.80,491
2026-09-03 13:28:00,1604.20,1604.90,1604.20,1604.40,572
2026-09-03 13:29:00,1604.90,1605.00,1604.50,1604.80,645
2026-09-03 13:30:00,1604.80,1605.60,1604.70,1605.50,807
2026-09-03 13:31:00,1605.60,1605.90,1605.00,1605.60,766
2026-09-03 13:32:00,1605.70,1605.80,1605.00,1605.60,1375
2026-09-03 13:33:00,1605.70,1606.00,1605.10,1605.40,2412
2026-09-03 13:34:00,1606.00,1606.00,1605.40,1605.50,1311
2026-09-03 13:35:00,1605.50,1605.60,1605.10,1605.30,2256
2026-09-03 13:36:00,1605.30,1605.70,1605.10,1605.10,1103
2026-09-03 13:37:00,1605.60,1605.60,1604.90,1604.90,2959
2026-09-03 13:38:00,1604.40,1605.00,1604.40,1605.00,620
2026-09-03 13:39:00,1604.50,1605.00,1603.20,1604.00,5289
2026-09-03 13:40:00,1604.00,1604.80,1603.70,1604.60,1882
2026-09-03 13:41:00,1604.10,1605.50,1604.10,1605.10,4692
2026-09-03 13:42:00,1605.10,1605.50,1604.00,1604.20,2686
2026-09-03 13:43:00,1605.00,1605.00,1603.50,1603.50,812
2026-09-03 13:44:00,1604.10,1604.10,1602.40,1603.30,2256
2026-09-03 13:45:00,1603.10,1603.50,1602.00,1602.00,682
2026-09-03 13:46:00,1602.50,1602.60,1602.00,1602.00,806
2026-09-03 13:47:00,1602.00,1602.50,1600.40,1600.50,51797
2026-09-03 13:48:00,1601.00,1601.30,1600.40,1601.00,2660
2026-09-03 13:49:00,1601.30,1601.50,1600.60,1601.40,1982
2026-09-03 13:50:00,1602.60,1603.10,1601.90,1603.00,5860
2026-09-03 13:51:00,1603.10,1603.50,1603.00,1603.10,1326
2026-09-03 13:52:00,1603.40,1603.40,1602.60,1602.80,1739
2026-09-03 13:53:00,1603.10,1603.90,1602.80,1603.60,1455
2026-09-03 13:54:00,1603.90,1604.00,1603.20,1603.30,570
2026-09-03 13:55:00,1603.80,1604.50,1603.20,1604.30,1281
2026-09-03 13:56:00,1604.50,1605.50,1604.50,1605.30,1179
2026-09-03 13:57:00,1605.30,1605.90,1604.50,1604.50,4538
2026-09-03 13:58:00,1605.00,1605.00,1603.10,1603.10,3436
2026-09-03 13:59:00,1603.60,1603.80,1603.00,1603.50,1671
2026-09-03 14:00:00,1603.60,1604.80,1603.60,1604.20,537
2026-09-03 14:01:00,1604.50,1604.50,1603.20,1603.20,1182
2026-09-03 14:02:00,1603.80,1603.80,1602.30,1603.20,4617
2026-09-03 14:03:00,1603.20,1603.60,1602.20,1603.20,3412
2026-09-03 14:04:00,1603.50,1603.60,1603.00,1603.10,559
2026-09-03 14:05:00,1603.60,1604.40,1603.10,1603.10,694
2026-09-03 14:06:00,1603.10,1603.70,1603.10,1603.40,740
2026-09-03 14:07:00,1603.40,1603.70,1603.00,1603.30,2439
2026-09-03 14:08:00,1603.30,1603.90,1603.30,1603.40,1916
2026-09-03 14:09:00,1603.80,1604.80,1603.50,1604.80,1020
2026-09-03 14:10:00,1604.80,1605.20,1604.30,1604.90,1043
2026-09-03 14:11:00,1605.00,1605.10,1604.40,1604.40,573
2026-09-03 14:12:00,1604.90,1605.40,1604.40,1604.80,1172
2026-09-03 14:13:00,1605.20,1605.90,1604.80,1605.50,2218
2026-09-03 14:14:00,1605.80,1606.10,1604.80,1604.80,3539
2026-09-03 14:15:00,1605.30,1605.30,1604.70,1605.20,2436
2026-09-03 14:16:00,1604.90,1605.70,1604.90,1605.20,1434
2026-09-03 14:17:00,1605.50,1605.50,1604.40,1604.50,560
2026-09-03 14:18:00,1605.10,1605.10,1604.50,1604.80,920
2026-09-03 14:19:00,1604.80,1605.30,1602.00,1602.30,7576
2026-09-03 14:20:00,1602.00,1602.40,1601.50,1602.00,3950
2026-09-03 14:21:00,1602.00,1602.30,1601.50,1601.80,3324
2026-09-03 14:22:00,1601.80,1602.20,1601.60,1601.70,3359
2026-09-03 14:23:00,1601.80,1602.30,1601.60,1602.30,1243
2026-09-03 14:24:00,1602.30,1602.30,1601.30,1601.30,2403
2026-09-03 14:25:00,1601.60,1603.10,1601.60,1602.60,2277
2026-09-03 14:26:00,1602.60,1602.60,1601.90,1602.60,766
2026-09-03 14:27:00,1602.60,1602.60,1601.90,1602.50,808
2026-09-03 14:28:00,1602.50,1602.70,1601.80,1602.30,2537
2026-09-03 14:29:00,1601.80,1602.40,1601.80,1602.10,2205
2026-09-03 14:30:00,1601.90,1602.40,1600.50,1600.50,10871
2026-09-03 14:31:00,1600.50,1600.50,1600.30,1600.50,2566
2026-09-03 14:32:00,1600.70,1601.50,1600.30,1601.00,3068
2026-09-03 14:33:00,1601.50,1602.00,1601.00,1602.00,1360
2026-09-03 14:34:00,1601.80,1602.00,1601.30,1601.30,1662
2026-09-03 14:35:00,1601.30,1601.60,1601.20,1601.30,2317
2026-09-03 14:36:00,1601.30,1601.60,1600.90,1601.00,1881
2026-09-03 14:37:00,1600.90,1601.40,1600.80,1600.80,739
2026-09-03 14:38:00,1601.50,1601.50,1600.60,1600.60,940
2026-09-03 14:39:00,1601.30,1601.30,1600.50,1601.10,636
2026-09-03 14:40:00,1601.10,1601.10,1600.50,1601.00,1427
2026-09-03 14:41:00,1601.00,1601.60,1600.90,1601.40,2790
2026-09-03 14:42:00,1601.40,1601.40,1598.90,1599.00,9308
2026-09-03 14:43:00,1598.90,1599.40,1598.80,1598.80,3307
2026-09-03 14:44:00,1599.00,1599.20,1597.20,1597.50,6520
2026-09-03 14:45:00,1597.20,1597.70,1597.20,1597.30,2835
2026-09-03 14:46:00,1597.30,1597.90,1597.30,1597.80,2715
2026-09-03 14:47:00,1597.60,1598.20,1597.60,1598.20,3543
2026-09-03 14:48:00,1598.30,1598.50,1597.30,1597.30,4746
2026-09-03 14:49:00,1597.70,1598.30,1597.20,1597.70,1259
2026-09-03 14:50:00,1598.10,1598.20,1596.60,1597.70,16688
2026-09-03 14:51:00,1598.00,1598.30,1597.30,1597.30,4942
2026-09-03 14:52:00,1597.60,1597.90,1597.00,1597.00,4608
2026-09-03 14:53:00,1597.00,1598.80,1596.80,1598.00,8568
2026-09-03 14:54:00,1598.00,1598.00,1597.00,1597.00,6098
2026-09-03 14:55:00,1597.00,1597.10,1596.60,1596.70,2813
2026-09-03 14:56:00,1596.70,1596.80,1595.60,1595.60,5974
2026-09-03 14:57:00,1595.60,1597.10,1595.60,1596.40,9207
2026-09-03 14:58:00,1596.40,1597.30,1595.00,1597.00,21788
2026-09-03 14:59:00,1596.50,1597.20,1596.50,1596.80,3244
2026-09-03 15:00:00,1596.80,1596.80,1595.20,1595.80,4714
2026-09-03 15:01:00,1595.70,1598.00,1595.70,1597.30,7448
2026-09-03 15:02:00,1597.30,1597.50,1596.30,1597.20,9010
2026-09-03 15:03:00,1597.60,1597.70,1596.40,1596.40,4240
2026-09-03 15:04:00,1596.40,1596.90,1596.10,1596.30,7218
2026-09-03 15:05:00,1596.40,1598.50,1596.00,1598.50,14077
2026-09-03 15:06:00,1598.50,1599.10,1597.80,1597.80,5980
2026-09-03 15:07:00,1597.60,1597.90,1597.50,1597.80,7904
2026-09-03 15:08:00,1597.90,1597.90,1597.60,1597.60,4794
2026-09-03 15:09:00,1597.70,1598.20,1597.60,1598.20,6836
2026-09-03 15:10:00,1598.40,1599.80,1597.80,1597.80,14911
2026-09-03 15:11:00,1597.80,1597.90,1595.80,1596.60,39553
2026-09-03 15:12:00,1596.60,1602.50,1595.90,1601.50,41545
2026-09-03 15:13:00,1601.40,1602.20,1600.30,1601.30,6620
2026-09-03 15:14:00,1601.30,1602.00,1596.20,1596.20,6334
2026-09-03 15:15:00,1596.20,1596.20,1596.20,1596.20,0
2026-09-03 15:16:00,1596.20,1596.20,1596.20,1596.20,0
2026-09-03 15:17:00,1596.20,1596.20,1596.20,1596.20,0
2026-09-03 15:18:00,1596.20,1596.20,1596.20,1596.20,0
2026-09-03 15:19:00,1596.20,1596.20,1596.20,1596.20,0
2026-09-03 15:20:00,1596.20,1596.20,1596.20,1596.20,0
2026-09-03 15:21:00,1596.20,1596.20,1596.20,1596.20,0
2026-09-03 15:22:00,1596.20,1596.20,1596.20,1596.20,0
2026-09-03 15:23:00,1596.20,1596.20,1596.20,1596.20,0
2026-09-03 15:24:00,1596.20,1596.20,1596.20,1596.20,0
2026-09-03 15:25:00,1596.20,1596.20,1596.20,1596.20,0
2026-09-03 15:26:00,1596.20,1596.20,1596.20,1596.20,0
2026-09-03 15:27:00,1596.20,1596.20,1596.20,1596.20,0
2026-09-03 15:28:00,1596.20,1596.20,1596.20,1596.20,0
2026-09-03 15:29:00,1598.00,1598.00,1598.00,1598.00,38906
2026-09-04 09:15:00,1605.10,1619.40,1605.10,1611.80,22751
2026-09-04 09:16:00,1612.70,1618.70,1612.10,1617.90,6604
2026-09-04 09:17:00,1617.90,1621.00,1617.90,1620.40,20010
2026-09-04 09:18:00,1621.00,1623.40,1618.10,1620.30,12406
2026-09-04 09:19:00,1620.50,1622.50,1619.60,1620.00,7046
2026-09-04 09:20:00,1620.70,1621.70,1620.00,1621.00,5493
2026-09-04 09:21:00,1621.00,1621.00,1612.10,1612.10,13245
2026-09-04 09:22:00,1612.00,1612.00,1606.90,1607.00,18592
2026-09-04 09:23:00,1607.10,1608.70,1606.60,1608.70,3449
2026-09-04 09:24:00,1608.70,1609.00,1607.90,1608.30,5163
2026-09-04 09:25:00,1608.20,1608.60,1606.00,1606.00,3507
2026-09-04 09:26:00,1606.00,1606.60,1605.00,1606.60,2318
2026-09-04 09:27:00,1606.70,1610.80,1606.70,1610.80,3494
2026-09-04 09:28:00,1610.80,1614.40,1610.80,1614.40,4952
2026-09-04 09:29:00,1614.20,1615.00,1611.80,1612.00,5324
2026-09-04 09:30:00,1611.40,1612.60,1609.10,1610.00,5278
2026-09-04 09:31:00,1609.80,1609.80,1607.50,1607.60,1878
2026-09-04 09:32:00,1607.60,1611.40,1607.60,1610.20,3299
2026-09-04 09:33:00,1610.50,1610.70,1608.50,1608.50,3115
2026-09-04 09:34:00,1609.30,1609.40,1607.00,1607.00,1731
2026-09-04 09:35:00,1607.00,1607.10,1606.00,1606.50,3410
2026-09-04 09:36:00,1605.90,1606.10,1604.10,1605.50,6833
2026-09-04 09:37:00,1605.20,1605.80,1604.50,1605.80,1543
2026-09-04 09:38:00,1605.10,1605.80,1603.70,1603.70,3196
2026-09-04 09:39:00,1603.90,1604.40,1603.10,1603.90,2169
2026-09-04 09:40:00,1604.00,1605.40,1603.70,1604.70,1708
2026-09-04 09:41:00,1604.70,1606.90,1604.70,1606.50,2119
2026-09-04 09:42:00,1606.50,1608.00,1606.50,1608.00,1096
2026-09-04 09:43:00,1608.30,1608.50,1607.10,1608.00,2918
2026-09-04 09:44:00,1608.30,1608.50,1607.00,1607.20,631
2026-09-04 09:45:00,1607.20,1607.40,1606.80,1606.80,366
2026-09-04 09:46:00,1606.80,1606.80,1606.30,1606.50,1246
2026-09-04 09:47:00,1607.00,1607.00,1606.20,1606.50,455
2026-09-04 09:48:00,1606.50,1606.50,1605.00,1605.60,476
2026-09-04 09:49:00,1605.40,1605.60,1604.30,1604.30,1394
2026-09-04 09:50:00,1604.30,1604.90,1604.30,1604.90,867
2026-09-04 09:51:00,1604.90,1605.30,1604.20,1604.70,1130
2026-09-04 09:52:00,1604.20,1604.20,1601.80,1602.10,5497
2026-09-04 09:53:00,1601.80,1602.70,1601.10,1602.70,2038
2026-09-04 09:54:00,1603.10,1604.80,1603.10,1604.80,989
2026-09-04 09:55:00,1604.80,1605.20,1604.80,1605.20,601
2026-09-04 09:56:00,1605.40,1606.90,1605.20,1606.70,1474
2026-09-04 09:57:00,1606.60,1606.60,1605.60,1605.60,1336
2026-09-04 09:58:00,1605.60,1606.00,1605.10,1606.00,276
2026-09-04 09:59:00,1606.00,1606.00,1604.00,1605.10,5842
2026-09-04 10:00:00,1604.90,1605.50,1604.80,1604.80,775
2026-09-04 10:01:00,1605.50,1606.60,1605.00,1605.80,1014
2026-09-04 10:02:00,1605.80,1606.50,1605.80,1606.10,611
2026-09-04 10:03:00,1606.10,1606.10,1605.80,1605.80,751
2026-09-04 10:04:00,1605.70,1606.00,1605.00,1605.80,1012
2026-09-04 10:05:00,1606.40,1606.50,1604.80,1605.40,540
2026-09-04 10:06:00,1605.20,1605.40,1601.20,1602.90,8656
2026-09-04 10:07:00,1602.90,1603.20,1602.20,1603.00,447
2026-09-04 10:08:00,1603.00,1603.80,1603.00,1603.80,1435
2026-09-04 10:09:00,1603.40,1603.40,1602.50,1603.20,1048
2026-09-04 10:10:00,1603.20,1603.60,1601.00,1601.00,1936
2026-09-04 10:11:00,1601.30,1602.20,1600.20,1602.20,4204
2026-09-04 10:12:00,1602.20,1602.90,1601.30,1601.30,687
2026-09-04 10:13:00,1601.60,1602.30,1601.00,1601.40,1475
2026-09-04 10:14:00,1601.70,1601.70,1600.50,1601.10,1212
2026-09-04 10:15:00,1601.40,1601.50,1600.10,1600.20,1971
2026-09-04 10:16:00,1601.10,1601.30,1600.00,1600.50,2522
2026-09-04 10:17:00,1600.80,1600.90,1600.20,1600.60,882
2026-09-04 10:18:00,1600.90,1602.20,1600.60,1602.00,1280
2026-09-04 10:19:00,1602.00,1602.00,1601.10,1601.10,3909
2026-09-04 10:20:00,1601.10,1601.90,1601.10,1601.50,819
2026-09-04 10:21:00,1601.90,1602.50,1601.50,1602.50,235
2026-09-04 10:22:00,1602.60,1603.50,1602.20,1602.50,1502
2026-09-04 10:23:00,1602.60,1602.70,1601.90,1601.90,1914
2026-09-04 10:24:00,1601.80,1601.90,1601.50,1601.50,306
2026-09-04 10:25:00,1601.80,1601.90,1601.50,1601.50,192
2026-09-04 10:26:00,1601.80,1601.80,1601.40,1601.40,621
2026-09-04 10:27:00,1601.40,1601.70,1601.10,1601.70,1275
2026-09-04 10:28:00,1602.60,1603.50,1602.60,1603.40,1897
2026-09-04 10:29:00,1603.40,1603.50,1603.00,1603.00,425
2026-09-04 10:30:00,1603.00,1603.00,1602.10,1602.30,1252
2026-09-04 10:31:00,1602.10,1602.10,1601.30,1602.10,1009
2026-09-04 10:32:00,1602.20,1602.20,1600.90,1601.00,2526
2026-09-04 10:33:00,1601.30,1601.40,1601.00,1601.00,1096
2026-09-04 10:34:00,1601.10,1602.50,1600.50,1602.50,1734
2026-09-04 10:35:00,1603.00,1603.60,1601.10,1601.10,3364
2026-09-04 10:36:00,1600.80,1600.80,1598.70,1600.00,3373
2026-09-04 10:37:00,1600.70,1601.10,1600.30,1600.40,1610
2026-09-04 10:38:00,1600.40,1601.00,1600.30,1600.30,956
2026-09-04 10:39:00,1600.70,1600.90,1599.00,1599.00,596
2026-09-04 10:40:00,1599.70,1600.00,1598.90,1599.80,1124
2026-09-04 10:41:00,1599.20,1599.20,1598.50,1598.50,1454
2026-09-04 10:42:00,1599.20,1599.50,1598.80,1599.10,624
2026-09-04 10:43:00,1599.10,1599.40,1597.30,1599.40,2647
2026-09-04 10:44:00,1599.40,1600.00,1598.70,1599.50,722
2026-09-04 10:45:00,1600.00,1600.90,1599.60,1600.00,1157
2026-09-04 10:46:00,1600.00,1600.30,1600.00,1600.10,168
2026-09-04 10:47:00,1600.10,1600.50,1600.00,1600.20,445
2026-09-04 10:48:00,1600.20,1600.50,1600.00,1600.00,932
2026-09-04 10:49:00,1600.00,1600.00,1599.00,1599.10,417
2026-09-04 10:50:00,1599.60,1599.60,1599.10,1599.40,973
2026-09-04 10:51:00,1599.50,1599.60,1599.30,1599.30,317
2026-09-04 10:52:00,1599.30,1599.30,1599.20,1599.30,217
2026-09-04 10:53:00,1599.30,1599.60,1599.20,1599.60,503
2026-09-04 10:54:00,1599.60,1599.60,1599.50,1599.60,296
2026-09-04 10:55:00,1599.60,1599.60,1599.00,1599.20,4204
2026-09-04 10:56:00,1599.20,1600.90,1599.10,1600.30,2627
2026-09-04 10:57:00,1600.70,1601.00,1600.20,1600.50,959
2026-09-04 10:58:00,1600.60,1601.00,1600.60,1601.00,352
2026-09-04 10:59:00,1601.00,1601.50,1601.00,1601.50,1149
2026-09-04 11:00:00,1601.50,1601.90,1601.10,1601.10,1693
2026-09-04 11:01:00,1601.20,1601.50,1601.00,1601.50,793
2026-09-04 11:02:00,1601.50,1601.50,1599.80,1599.80,4420
2026-09-04 11:03:00,1599.90,1600.90,1599.90,1600.70,388
2026-09-04 11:04:00,1600.10,1601.10,1600.10,1600.90,293
2026-09-04 11:05:00,1601.20,1601.90,1601.10,1601.90,1360
2026-09-04 11:06:00,1601.80,1602.50,1601.80,1602.50,1007
2026-09-04 11:07:00,1602.50,1602.50,1601.90,1601.90,1479
2026-09-04 11:08:00,1601.20,1601.70,1600.60,1601.70,1532
2026-09-04 11:09:00,1601.70,1602.20,1601.00,1601.00,945
2026-09-04 11:10:00,1601.40,1601.60,1601.40,1601.40,473
2026-09-04 11:11:00,1601.30,1601.30,1600.90,1601.00,314
2026-09-04 11:12:00,1601.00,1601.00,1600.40,1600.90,273
2026-09-04 11:13:00,1600.90,1601.20,1600.90,1601.10,105
2026-09-04 11:14:00,1601.20,1601.90,1601.20,1601.90,289
2026-09-04 11:15:00,1601.90,1601.90,1601.10,1601.10,604
2026-09-04 11:16:00,1601.60,1601.90,1601.30,1601.90,346
2026-09-04 11:17:00,1601.70,1601.90,1601.30,1601.90,337
2026-09-04 11:18:00,1601.90,1602.00,1601.80,1601.80,577
2026-09-04 11:19:00,1602.00,1603.20,1601.50,1603.20,3661
2026-09-04 11:20:00,1602.30,1602.40,1601.90,1602.20,274
2026-09-04 11:21:00,1602.20,1602.80,1602.20,1602.20,240
2026-09-04 11:22:00,1602.60,1602.80,1600.70,1600.90,608
2026-09-04 11:23:00,1601.60,1601.60,1601.50,1601.50,142
2026-09-04 11:24:00,1601.00,1601.70,1600.80,1600.80,156
2026-09-04 11:25:00,1601.10,1601.10,1600.30,1600.80,133
2026-09-04 11:26:00,1600.90,1601.50,1600.70,1601.00,185
2026-09-04 11:27:00,1601.50,1601.60,1601.50,1601.60,231
2026-09-04 11:28:00,1601.60,1601.60,1601.00,1601.40,257
2026-09-04 11:29:00,1601.40,1601.60,1601.00,1601.60,227
2026-09-04 11:30:00,1601.60,1601.60,1600.70,1601.20,284
2026-09-04 11:31:00,1601.20,1603.60,1601.20,1603.60,3446
2026-09-04 11:32:00,1602.80,1603.00,1602.10,1602.10,1134
2026-09-04 11:33:00,1602.80,1602.90,1601.40,1602.00,332
2026-09-04 11:34:00,1602.00,1602.00,1601.50,1601.90,118
2026-09-04 11:35:00,1601.60,1603.30,1601.60,1602.30,2702
2026-09-04 11:36:00,1602.80,1602.80,1602.00,1602.40,366
2026-09-04 11:37:00,1602.50,1603.10,1602.30,1602.60,1008
2026-09-04 11:38:00,1602.60,1602.60,1601.20,1601.60,333
2026-09-04 11:39:00,1602.00,1602.30,1601.00,1601.00,777
2026-09-04 11:40:00,1601.50,1601.60,1600.60,1600.80,436
2026-09-04 11:41:00,1599.20,1600.00,1599.00,1599.60,7333
2026-09-04 11:42:00,1600.20,1600.60,1600.00,1600.60,1937
2026-09-04 11:43:00,1600.60,1600.80,1600.50,1600.80,751
2026-09-04 11:44:00,1601.00,1601.20,1600.50,1601.00,13381
2026-09-04 11:45:00,1601.40,1602.20,1600.90,1602.00,14255
2026-09-04 11:46:00,1602.00,1602.00,1601.70,1601.80,591
2026-09-04 11:47:00,1601.80,1602.00,1601.70,1601.70,1964
2026-09-04 11:48:00,1601.80,1601.80,1601.70,1601.80,592
2026-09-04 11:49:00,1601.80,1602.30,1601.70,1601.80,714
2026-09-04 11:50:00,1602.30,1602.50,1602.10,1602.10,194
2026-09-04 11:51:00,1602.60,1602.70,1602.10,1602.10,981
2026-09-04 11:52:00,1602.60,1602.80,1602.20,1602.20,328
2026-09-04 11:53:00,1602.60,1603.90,1602.30,1603.20,2529
2026-09-04 11:54:00,1603.20,1603.20,1602.20,1602.20,980
2026-09-04 11:55:00,1602.60,1603.40,1602.30,1602.70,751
2026-09-04 11:56:00,1603.30,1603.30,1602.80,1603.30,51
2026-09-04 11:57:00,1603.30,1603.30,1602.00,1602.40,2421
2026-09-04 11:58:00,1602.60,1603.80,1602.60,1603.20,1565
2026-09-04 11:59:00,1603.60,1603.80,1603.00,1603.00,100
2026-09-04 12:00:00,1603.60,1603.60,1602.30,1603.30,1978
2026-09-04 12:01:00,1603.50,1603.50,1603.40,1603.50,208
2026-09-04 12:02:00,1603.50,1603.50,1602.90,1603.20,725
2026-09-04 12:03:00,1603.40,1604.30,1603.00,1603.00,2652
2026-09-04 12:04:00,1602.60,1602.90,1602.30,1602.30,680
2026-09-04 12:05:00,1602.60,1602.60,1602.00,1602.00,719
2026-09-04 12:06:00,1602.60,1603.10,1602.00,1602.60,1047
2026-09-04 12:07:00,1602.60,1602.90,1602.50,1602.50,65
2026-09-04 12:08:00,1603.00,1603.00,1602.40,1602.70,310
2026-09-04 12:09:00,1602.90,1603.20,1602.70,1602.70,676
2026-09-04 12:10:00,1602.70,1602.70,1599.80,1600.70,27931
2026-09-04 12:11:00,1600.70,1602.70,1600.50,1602.40,37931
2026-09-04 12:12:00,1602.70,1603.00,1602.50,1603.00,842
2026-09-04 12:13:00,1602.80,1603.00,1602.80,1602.80,478
2026-09-04 12:14:00,1603.00,1603.00,1601.90,1602.80,2208
2026-09-04 12:15:00,1602.80,1602.80,1602.20,1602.20,70
2026-09-04 12:16:00,1602.50,1602.70,1601.90,1602.70,782
2026-09-04 12:17:00,1602.70,1603.00,1602.40,1602.70,644
2026-09-04 12:18:00,1603.00,1603.00,1602.70,1602.70,60
2026-09-04 12:19:00,1602.70,1602.80,1602.30,1602.30,1168
2026-09-04 12:20:00,1602.70,1602.70,1602.30,1602.70,793
2026-09-04 12:21:00,1602.20,1603.10,1602.20,1603.10,1503
2026-09-04 12:22:00,1603.50,1603.60,1602.50,1602.50,669
2026-09-04 12:23:00,1602.90,1602.90,1600.90,1600.90,1264
2026-09-04 12:24:00,1601.80,1603.00,1601.40,1601.90,3614
2026-09-04 12:25:00,1602.00,1602.00,1601.00,1602.00,288
2026-09-04 12:26:00,1602.00,1602.70,1602.00,1602.00,620
2026-09-04 12:27:00,1602.70,1603.00,1602.10,1602.30,846
2026-09-04 12:28:00,1602.90,1603.00,1602.40,1602.50,359
2026-09-04 12:29:00,1602.50,1602.70,1600.70,1600.70,926
2026-09-04 12:30:00,1601.20,1601.30,1600.60,1600.90,637
2026-09-04 12:31:00,1600.90,1601.80,1600.90,1601.20,117
2026-09-04 12:32:00,1601.80,1602.20,1601.10,1602.20,2809
2026-09-04 12:33:00,1602.30,1602.30,1600.50,1600.50,1164
2026-09-04 12:34:00,1601.00,1601.90,1601.00,1601.10,1340
2026-09-04 12:35:00,1602.00,1602.10,1601.40,1601.50,73
2026-09-04 12:36:00,1601.90,1602.00,1601.10,1601.60,134
2026-09-04 12:37:00,1601.80,1602.30,1601.70,1602.00,661
2026-09-04 12:38:00,1602.30,1602.30,1602.00,1602.10,364
2026-09-04 12:39:00,1602.60,1602.60,1602.20,1602.20,83
2026-09-04 12:40:00,1602.50,1603.70,1602.50,1603.70,1251
2026-09-04 12:41:00,1603.70,1604.00,1603.10,1604.00,1577
2026-09-04 12:42:00,1604.00,1604.10,1603.10,1604.00,483
2026-09-04 12:43:00,1603.50,1603.50,1602.30,1602.30,186
2026-09-04 12:44:00,1602.20,1602.70,1602.00,1602.20,761
2026-09-04 12:45:00,1602.70,1602.70,1601.60,1601.60,281
2026-09-04 12:46:00,1602.30,1603.10,1602.20,1602.40,641
2026-09-04 12:47:00,1602.90,1602.90,1602.10,1602.10,328
2026-09-04 12:48:00,1602.70,1602.70,1601.00,1601.00,1568
2026-09-04 12:49:00,1601.80,1602.20,1600.20,1600.20,5462
2026-09-04 12:50:00,1600.90,1600.90,1600.10,1600.80,915
2026-09-04 12:51:00,1600.20,1600.90,1600.20,1600.30,58
2026-09-04 12:52:00,1600.90,1600.90,1600.10,1600.10,453
2026-09-04 12:53:00,1600.70,1600.70,1599.80,1599.80,815
2026-09-04 12:54:00,1599.40,1600.20,1599.40,1600.00,1006
2026-09-04 12:55:00,1600.20,1600.20,1599.10,1599.90,1378
2026-09-04 12:56:00,1600.00,1600.70,1600.00,1600.00,418
2026-09-04 12:57:00,1600.50,1600.50,1599.50,1600.00,737
2026-09-04 12:58:00,1600.50,1600.50,1599.60,1600.00,323
2026-09-04 12:59:00,1600.10,1600.80,1600.10,1600.40,494
2026-09-04 13:00:00,1600.90,1601.00,1600.40,1600.40,129
2026-09-04 13:01:00,1600.90,1600.90,1599.80,1599.90,298
2026-09-04 13:02:00,1600.50,1600.60,1599.60,1599.70,784
2026-09-04 13:03:00,1600.50,1600.50,1599.20,1599.60,2912
2026-09-04 13:04:00,1600.20,1600.50,1599.50,1600.30,883
2026-09-04 13:05:00,1600.40,1600.70,1599.90,1600.00,122
2026-09-04 13:06:00,1600.60,1600.80,1600.10,1600.10,100
2026-09-04 13:07:00,1600.40,1600.50,1599.50,1599.50,246
2026-09-04 13:08:00,1600.20,1600.20,1599.00,1599.70,357
2026-09-04 13:09:00,1599.70,1599.80,1599.00,1599.80,735
2026-09-04 13:10:00,1599.30,1600.70,1599.30,1599.70,1661
2026-09-04 13:11:00,1600.40,1600.40,1599.10,1599.10,262
2026-09-04 13:12:00,1599.80,1599.90,1599.00,1599.40,1297
2026-09-04 13:13:00,1599.30,1599.30,1596.40,1597.30,4021
2026-09-04 13:14:00,1597.40,1600.00,1596.90,1600.00,2728
2026-09-04 13:15:00,1599.70,1599.70,1599.30,1599.30,33
2026-09-04 13:16:00,1599.90,1600.20,1599.20,1599.80,749
2026-09-04 13:17:00,1599.80,1599.90,1599.10,1599.10,709
2026-09-04 13:18:00,1599.70,1599.70,1598.50,1599.20,997
2026-09-04 13:19:00,1598.60,1599.30,1598.60,1598.60,59
2026-09-04 13:20:00,1598.60,1599.00,1598.10,1598.30,1050
2026-09-04 13:21:00,1599.00,1599.00,1597.60,1597.60,1775
2026-09-04 13:22:00,1598.30,1598.60,1597.70,1598.00,377
2026-09-04 13:23:00,1598.50,1598.70,1597.00,1597.10,2078
2026-09-04 13:24:00,1597.10,1598.20,1596.60,1597.60,3468
2026-09-04 13:25:00,1598.00,1598.20,1597.00,1597.00,329
2026-09-04 13:26:00,1597.50,1598.10,1597.00,1597.80,659
2026-09-04 13:27:00,1598.20,1598.20,1596.70,1597.40,946
2026-09-04 13:28:00,1597.30,1597.30,1596.60,1596.60,807
2026-09-04 13:29:00,1596.90,1597.00,1595.90,1596.00,1493
2026-09-04 13:30:00,1596.60,1596.60,1595.80,1596.40,585
2026-09-04 13:31:00,1596.30,1597.00,1595.90,1596.00,750
2026-09-04 13:32:00,1594.40,1595.50,1594.00,1594.00,3495
2026-09-04 13:33:00,1594.90,1595.50,1594.30,1595.50,9516
2026-09-04 13:34:00,1595.30,1595.30,1593.80,1594.00,3571
2026-09-04 13:35:00,1593.90,1594.00,1593.80,1593.90,912
2026-09-04 13:36:00,1594.00,1594.30,1593.90,1593.90,890
2026-09-04 13:37:00,1594.00,1594.00,1592.70,1594.00,2635
2026-09-04 13:38:00,1594.00,1594.60,1593.00,1594.00,8046
2026-09-04 13:39:00,1593.70,1595.20,1593.50,1594.60,6682
2026-09-04 13:40:00,1594.80,1594.80,1593.80,1594.00,3300
2026-09-04 13:41:00,1594.00,1594.00,1593.90,1593.90,255
2026-09-04 13:42:00,1594.00,1594.00,1593.90,1593.90,704
2026-09-04 13:43:00,1594.00,1594.90,1593.60,1594.90,5308
2026-09-04 13:44:00,1594.80,1595.40,1593.90,1594.30,7269
2026-09-04 13:45:00,1594.30,1594.90,1593.70,1593.70,10814
2026-09-04 13:46:00,1594.00,1594.00,1593.80,1594.00,955
2026-09-04 13:47:00,1594.40,1595.20,1594.30,1595.20,12973
2026-09-04 13:48:00,1595.10,1595.20,1594.30,1594.70,804
2026-09-04 13:49:00,1594.70,1594.90,1594.60,1594.80,748
2026-09-04 13:50:00,1595.10,1595.10,1594.20,1594.20,3604
2026-09-04 13:51:00,1594.50,1594.50,1594.00,1594.00,980
2026-09-04 13:52:00,1594.20,1594.30,1594.00,1594.00,197
2026-09-04 13:53:00,1594.40,1594.60,1594.00,1594.50,861
2026-09-04 13:54:00,1594.10,1594.70,1594.00,1594.20,1524
2026-09-04 13:55:00,1594.60,1594.80,1591.70,1592.80,13149
2026-09-04 13:56:00,1593.40,1593.40,1591.20,1592.00,12151
2026-09-04 13:57:00,1592.00,1592.00,1591.70,1592.00,5402
2026-09-04 13:58:00,1592.00,1593.60,1591.00,1591.00,39394
2026-09-04 13:59:00,1591.30,1592.00,1591.00,1592.00,350
2026-09-04 14:00:00,1591.90,1592.00,1591.00,1591.70,631
2026-09-04 14:01:00,1591.70,1592.00,1591.10,1591.30,428
2026-09-04 14:02:00,1591.90,1591.90,1591.30,1591.90,345
2026-09-04 14:03:00,1591.40,1591.90,1591.40,1591.40,135
2026-09-04 14:04:00,1591.80,1591.80,1591.30,1591.60,2045
2026-09-04 14:05:00,1591.50,1591.60,1589.80,1590.00,7758
2026-09-04 14:06:00,1589.80,1590.00,1589.80,1589.80,1726
2026-09-04 14:07:00,1590.00,1590.00,1589.20,1589.30,2520
2026-09-04 14:08:00,1590.00,1590.50,1589.20,1590.50,7792
2026-09-04 14:09:00,1590.50,1591.90,1590.50,1590.70,12688
2026-09-04 14:10:00,1590.70,1591.80,1590.70,1590.90,11745
2026-09-04 14:11:00,1590.90,1590.90,1589.80,1590.00,5751
2026-09-04 14:12:00,1589.80,1590.00,1589.40,1590.00,853
2026-09-04 14:13:00,1590.00,1590.00,1589.10,1589.10,5052
2026-09-04 14:14:00,1589.60,1589.60,1588.40,1588.90,1555
2026-09-04 14:15:00,1588.90,1588.90,1587.60,1587.80,7628
2026-09-04 14:16:00,1588.00,1589.90,1587.60,1588.00,27105
2026-09-04 14:17:00,1588.00,1588.00,1587.30,1587.90,747
2026-09-04 14:18:00,1588.00,1588.00,1587.90,1588.00,10999
2026-09-04 14:19:00,1587.90,1588.00,1587.90,1588.00,506
2026-09-04 14:20:00,1588.00,1589.00,1587.90,1588.30,11757
2026-09-04 14:21:00,1588.30,1589.30,1588.20,1588.50,10874
2026-09-04 14:22:00,1589.10,1589.30,1588.60,1588.60,4629
2026-09-04 14:23:00,1589.00,1589.00,1588.60,1589.00,1351
2026-09-04 14:24:00,1589.00,1589.00,1587.60,1587.80,6912
2026-09-04 14:25:00,1588.00,1588.00,1587.60,1587.70,897
2026-09-04 14:26:00,1588.00,1588.00,1587.30,1587.70,3966
2026-09-04 14:27:00,1588.00,1588.00,1587.70,1588.00,409
2026-09-04 14:28:00,1588.00,1588.30,1587.80,1588.30,6631
2026-09-04 14:29:00,1588.00,1588.00,1587.30,1587.30,6275
2026-09-04 14:30:00,1587.60,1588.00,1587.60,1588.00,5634
2026-09-04 14:31:00,1588.00,1588.00,1588.00,1588.00,1997
2026-09-04 14:32:00,1588.00,1588.50,1588.00,1588.50,20533
2026-09-04 14:33:00,1588.50,1588.50,1588.40,1588.50,1999
2026-09-04 14:34:00,1588.60,1588.70,1588.20,1588.20,9984
2026-09-04 14:35:00,1587.80,1588.00,1587.30,1588.00,3794
2026-09-04 14:36:00,1588.00,1589.00,1587.40,1588.60,14000
2026-09-04 14:37:00,1588.50,1588.90,1587.90,1588.70,2316
2026-09-04 14:38:00,1588.70,1589.30,1588.70,1589.20,2068
2026-09-04 14:39:00,1589.20,1590.00,1589.10,1589.80,4922
2026-09-04 14:40:00,1590.00,1590.00,1589.00,1589.30,2653
2026-09-04 14:41:00,1589.80,1589.90,1589.30,1589.90,660
2026-09-04 14:42:00,1589.90,1589.90,1589.70,1589.80,1561
2026-09-04 14:43:00,1589.80,1589.80,1589.50,1589.50,2830
2026-09-04 14:44:00,1589.60,1589.60,1589.00,1589.30,2675
2026-09-04 14:45:00,1589.30,1589.30,1588.10,1588.10,1365
2026-09-04 14:46:00,1587.70,1588.60,1587.30,1588.60,3321
2026-09-04 14:47:00,1588.50,1588.90,1588.20,1588.20,2673
2026-09-04 14:48:00,1588.20,1588.90,1588.20,1588.50,409
2026-09-04 14:49:00,1588.50,1588.60,1587.80,1588.20,8881
2026-09-04 14:50:00,1588.20,1588.80,1588.10,1588.80,5926
2026-09-04 14:51:00,1588.40,1588.90,1588.30,1588.90,3610
2026-09-04 14:52:00,1588.60,1589.40,1588.60,1588.70,3303
2026-09-04 14:53:00,1588.70,1589.40,1588.70,1589.00,2504
2026-09-04 14:54:00,1589.00,1589.90,1589.00,1589.90,2880
2026-09-04 14:55:00,1590.00,1590.00,1589.20,1589.50,2771
2026-09-04 14:56:00,1589.30,1590.00,1588.90,1589.70,3118
2026-09-04 14:57:00,1589.40,1589.70,1588.80,1588.80,2348
2026-09-04 14:58:00,1588.80,1589.80,1588.80,1589.60,6197
2026-09-04 14:59:00,1589.60,1589.90,1588.60,1589.00,2783
2026-09-04 15:00:00,1589.00,1589.00,1588.20,1588.30,5833
2026-09-04 15:01:00,1588.20,1588.30,1587.60,1587.90,8694
2026-09-04 15:02:00,1587.90,1588.00,1587.90,1588.00,2476
2026-09-04 15:03:00,1587.90,1588.30,1587.90,1588.10,3954
2026-09-04 15:04:00,1588.30,1588.60,1587.80,1588.00,6540
2026-09-04 15:05:00,1588.00,1588.30,1587.40,1587.40,6997
2026-09-04 15:06:00,1587.50,1587.50,1587.30,1587.40,2959
2026-09-04 15:07:00,1587.40,1587.40,1586.90,1587.40,8993
2026-09-04 15:08:00,1587.30,1590.00,1587.30,1589.80,10105
2026-09-04 15:09:00,1589.90,1590.00,1589.80,1589.90,11708
2026-09-04 15:10:00,1589.90,1589.90,1589.60,1589.90,10402
2026-09-04 15:11:00,1589.80,1589.90,1589.80,1589.80,7129
2026-09-04 15:12:00,1589.90,1589.90,1588.90,1589.50,15264
2026-09-04 15:13:00,1589.60,1590.00,1589.60,1590.00,6638
2026-09-04 15:14:00,1590.00,1590.00,1587.20,1587.70,9998
2026-09-04 15:15:00,1588.00,1588.00,1588.00,1588.00,147
2026-09-04 15:16:00,1588.00,1588.00,1588.00,1588.00,0
2026-09-04 15:17:00,1588.00,1588.00,1588.00,1588.00,0
2026-09-04 15:18:00,1588.00,1588.00,1588.00,1588.00,0
2026-09-04 15:19:00,1588.00,1588.00,1588.00,1588.00,0
2026-09-04 15:20:00,1588.00,1588.00,1588.00,1588.00,0
2026-09-04 15:21:00,1588.00,1588.00,1588.00,1588.00,0
2026-09-04 15:22:00,1588.00,1588.00,1588.00,1588.00,0
2026-09-04 15:23:00,1588.00,1588.00,1588.00,1588.00,0
2026-09-04 15:24:00,1588.00,1588.00,1588.00,1588.00,0
2026-09-04 15:25:00,1588.00,1588.00,1588.00,1588.00,0
2026-09-04 15:26:00,1588.00,1588.00,1588.00,1588.00,0
2026-09-04 15:27:00,1588.00,1588.00,1588.00,1588.00,0
2026-09-04 15:28:00,1588.00,1596.90,1588.00,1596.90,83836
2026-09-04 15:29:00,1596.90,1596.90,1596.90,1596.90,0
2026-09-07 09:15:00,1575.10,1593.60,1570.10,1572.50,31158
2026-09-07 09:16:00,1573.00,1574.40,1566.20,1570.30,14042
2026-09-07 09:17:00,1569.80,1572.00,1568.50,1571.50,6450
2026-09-07 09:18:00,1571.50,1573.80,1570.20,1571.60,7038
2026-09-07 09:19:00,1572.20,1575.10,1571.90,1575.00,5993
2026-09-07 09:20:00,1576.50,1576.50,1572.20,1574.00,7461
2026-09-07 09:21:00,1574.60,1576.50,1572.20,1574.10,8242
2026-09-07 09:22:00,1574.10,1575.50,1572.50,1575.00,5659
2026-09-07 09:23:00,1575.00,1575.00,1572.90,1573.10,1677
2026-09-07 09:24:00,1573.10,1573.10,1568.60,1570.00,17185
2026-09-07 09:25:00,1569.00,1569.00,1566.70,1567.10,4826
2026-09-07 09:26:00,1567.90,1567.90,1566.70,1567.30,2743
2026-09-07 09:27:00,1567.90,1568.40,1567.00,1567.70,3032
2026-09-07 09:28:00,1567.60,1568.00,1566.90,1567.10,2064
2026-09-07 09:29:00,1567.40,1568.40,1567.10,1567.50,1682
2026-09-07 09:30:00,1568.00,1568.00,1567.20,1567.30,2990
2026-09-07 09:31:00,1567.30,1568.60,1567.00,1568.10,4515
2026-09-07 09:32:00,1568.30,1568.90,1567.50,1568.20,3154
2026-09-07 09:33:00,1567.60,1568.80,1567.10,1567.30,2111
2026-09-07 09:34:00,1567.50,1567.50,1566.30,1567.20,1224
2026-09-07 09:35:00,1567.50,1568.60,1566.60,1568.40,2013
2026-09-07 09:36:00,1568.40,1569.10,1567.40,1568.20,1074
2026-09-07 09:37:00,1568.20,1568.20,1563.20,1563.70,12271
2026-09-07 09:38:00,1563.70,1564.30,1562.60,1563.00,4964
2026-09-07 09:39:00,1563.00,1563.60,1562.00,1563.50,5882
2026-09-07 09:40:00,1563.10,1564.30,1563.00,1564.30,3320
2026-09-07 09:41:00,1564.60,1564.80,1564.00,1564.50,2884
2026-09-07 09:42:00,1564.50,1565.10,1564.20,1564.90,2345
2026-09-07 09:43:00,1563.10,1564.00,1563.00,1563.50,2263
2026-09-07 09:44:00,1562.70,1563.10,1558.70,1559.80,9571
2026-09-07 09:45:00,1559.90,1561.50,1559.10,1560.00,4548
2026-09-07 09:46:00,1558.90,1559.90,1557.40,1559.00,4786
2026-09-07 09:47:00,1559.50,1563.90,1558.10,1563.00,16243
2026-09-07 09:48:00,1563.20,1563.20,1560.10,1560.80,3335
2026-09-07 09:49:00,1560.80,1561.60,1560.00,1561.50,2622
2026-09-07 09:50:00,1561.70,1563.10,1561.70,1563.10,1809
2026-09-07 09:51:00,1563.80,1566.70,1563.30,1566.50,3858
2026-09-07 09:52:00,1566.30,1566.90,1565.50,1566.10,4337
2026-09-07 09:53:00,1566.60,1566.90,1565.60,1566.00,2379
2026-09-07 09:54:00,1566.00,1566.00,1565.20,1565.40,2277
2026-09-07 09:55:00,1565.40,1567.10,1565.40,1567.10,4958
2026-09-07 09:56:00,1567.10,1567.10,1565.90,1565.90,989
2026-09-07 09:57:00,1566.90,1568.60,1566.50,1567.50,4998
2026-09-07 09:58:00,1567.70,1568.00,1567.50,1567.70,3134
2026-09-07 09:59:00,1567.80,1568.90,1567.60,1568.90,893
2026-09-07 10:00:00,1568.90,1568.90,1567.70,1568.30,1509
2026-09-07 10:01:00,1568.30,1568.50,1566.00,1567.00,3064
2026-09-07 10:02:00,1567.00,1568.00,1566.90,1567.90,1878
2026-09-07 10:03:00,1567.30,1567.50,1566.80,1567.30,718
2026-09-07 10:04:00,1567.50,1568.80,1567.50,1568.70,1190
2026-09-07 10:05:00,1568.80,1568.80,1566.50,1567.30,1714
2026-09-07 10:06:00,1567.30,1568.40,1567.20,1567.60,1095
2026-09-07 10:07:00,1567.60,1569.80,1567.60,1569.70,2854
2026-09-07 10:08:00,1569.70,1569.80,1568.70,1569.30,1823
2026-09-07 10:09:00,1569.30,1569.50,1568.30,1568.80,638
2026-09-07 10:10:00,1568.80,1569.10,1568.10,1568.80,1373
2026-09-07 10:11:00,1568.80,1569.50,1568.60,1568.90,1026
2026-09-07 10:12:00,1568.90,1568.90,1567.40,1568.20,813
2026-09-07 10:13:00,1568.20,1568.70,1567.60,1567.60,523
2026-09-07 10:14:00,1568.20,1568.20,1565.30,1565.60,10135
2026-09-07 10:15:00,1566.20,1567.00,1565.90,1565.90,1144
2026-09-07 10:16:00,1566.00,1566.50,1565.30,1565.30,2777
2026-09-07 10:17:00,1565.20,1566.20,1564.80,1564.90,5310
2026-09-07 10:18:00,1565.20,1565.20,1563.50,1564.00,1330
2026-09-07 10:19:00,1564.40,1564.40,1563.40,1563.40,1568
2026-09-07 10:20:00,1563.80,1565.60,1563.80,1565.40,1898
2026-09-07 10:21:00,1565.00,1566.30,1565.00,1566.20,1570
2026-09-07 10:22:00,1566.20,1567.60,1565.70,1567.30,3656
2026-09-07 10:23:00,1566.80,1567.70,1565.40,1566.30,1651
2026-09-07 10:24:00,1566.20,1566.90,1565.70,1565.90,1054
2026-09-07 10:25:00,1565.90,1566.50,1565.10,1566.10,1354
2026-09-07 10:26:00,1566.10,1567.00,1565.70,1565.90,1211
2026-09-07 10:27:00,1566.60,1566.70,1565.70,1565.70,457
2026-09-07 10:28:00,1566.60,1566.60,1565.20,1565.60,2802
2026-09-07 10:29:00,1565.60,1565.90,1565.20,1565.80,331
2026-09-07 10:30:00,1565.50,1565.50,1564.30,1564.90,1758
2026-09-07 10:31:00,1564.90,1565.00,1564.00,1564.60,595
2026-09-07 10:32:00,1564.90,1565.00,1564.50,1565.00,789
2026-09-07 10:33:00,1565.00,1565.90,1564.60,1565.90,765
2026-09-07 10:34:00,1565.90,1566.00,1564.60,1565.30,923
2026-09-07 10:35:00,1565.40,1565.70,1564.70,1565.40,799
2026-09-07 10:36:00,1565.40,1565.70,1564.70,1565.40,386
2026-09-07 10:37:00,1565.40,1565.80,1564.30,1565.80,2730
2026-09-07 10:38:00,1565.80,1565.80,1565.00,1565.50,132
2026-09-07 10:39:00,1565.20,1565.40,1564.60,1565.40,328
2026-09-07 10:40:00,1565.40,1565.40,1563.50,1563.90,2181
2026-09-07 10:41:00,1563.90,1564.20,1563.50,1563.60,364
2026-09-07 10:42:00,1564.00,1564.60,1563.70,1564.60,544
2026-09-07 10:43:00,1564.60,1564.60,1563.80,1563.90,135
2026-09-07 10:44:00,1564.00,1564.40,1563.30,1564.10,2400
2026-09-07 10:45:00,1563.90,1564.20,1563.40,1564.00,674
2026-09-07 10:46:00,1564.00,1564.00,1563.30,1564.00,284
2026-09-07 10:47:00,1564.00,1564.30,1563.40,1563.60,349
2026-09-07 10:48:00,1564.10,1564.10,1563.40,1563.50,419
2026-09-07 10:49:00,1563.90,1563.90,1562.50,1563.40,2289
2026-09-07 10:50:00,1562.90,1563.90,1562.90,1563.90,361
2026-09-07 10:51:00,1563.90,1564.30,1563.60,1564.20,1408
2026-09-07 10:52:00,1564.20,1564.30,1563.60,1564.00,151
2026-09-07 10:53:00,1564.30,1564.90,1563.60,1563.60,1599
2026-09-07 10:54:00,1563.80,1564.00,1562.30,1562.50,2183
2026-09-07 10:55:00,1563.00,1564.50,1562.50,1562.80,1284
2026-09-07 10:56:00,1563.00,1563.60,1562.80,1563.10,359
2026-09-07 10:57:00,1563.50,1564.00,1563.00,1563.70,671
2026-09-07 10:58:00,1563.70,1563.90,1563.20,1563.20,868
2026-09-07 10:59:00,1563.90,1564.10,1563.20,1564.10,950
2026-09-07 11:00:00,1564.00,1564.10,1560.40,1561.00,14717
2026-09-07 11:01:00,1561.40,1562.00,1560.20,1561.00,1833
2026-09-07 11:02:00,1560.80,1561.00,1559.00,1559.90,4822
2026-09-07 11:03:00,1559.90,1560.20,1559.00,1559.00,4032
2026-09-07 11:04:00,1559.20,1559.50,1558.60,1558.60,1554
2026-09-07 11:05:00,1558.90,1559.40,1557.00,1557.30,5502
2026-09-07 11:06:00,1557.20,1558.10,1555.10,1555.40,11874
2026-09-07 11:07:00,1556.00,1556.70,1555.20,1555.50,1969
2026-09-07 11:08:00,1555.60,1556.00,1555.50,1556.00,2525
2026-09-07 11:09:00,1555.60,1556.20,1555.50,1555.90,6321
2026-09-07 11:10:00,1555.90,1556.00,1555.60,1556.00,1756
2026-09-07 11:11:00,1555.90,1556.90,1555.90,1556.00,43914
2026-09-07 11:12:00,1556.00,1556.00,1555.30,1555.70,3934
2026-09-07 11:13:00,1555.70,1556.00,1555.50,1555.80,2308
2026-09-07 11:14:00,1556.00,1556.90,1555.80,1556.70,4727
2026-09-07 11:15:00,1556.90,1558.30,1556.60,1558.00,4510
2026-09-07 11:16:00,1558.30,1559.00,1558.00,1558.00,3735
2026-09-07 11:17:00,1558.50,1558.60,1556.50,1557.00,5374
2026-09-07 11:18:00,1557.10,1557.90,1556.50,1557.60,5565
2026-09-07 11:19:00,1557.20,1558.60,1557.20,1558.00,2502
2026-09-07 11:20:00,1557.80,1557.80,1557.40,1557.50,285
2026-09-07 11:21:00,1557.60,1558.90,1557.50,1558.80,6130
2026-09-07 11:22:00,1558.50,1558.90,1557.40,1557.70,3765
2026-09-07 11:23:00,1557.70,1558.20,1557.50,1557.60,3795
2026-09-07 11:24:00,1558.00,1558.20,1557.00,1557.20,3094
2026-09-07 11:25:00,1557.40,1557.40,1556.10,1557.00,3127
2026-09-07 11:26:00,1557.40,1557.80,1557.00,1557.70,777
2026-09-07 11:27:00,1557.70,1558.00,1557.10,1557.60,584
2026-09-07 11:28:00,1557.20,1558.00,1557.00,1557.30,1956
2026-09-07 11:29:00,1557.30,1557.60,1557.00,1557.00,1747
2026-09-07 11:30:00,1557.00,1557.10,1556.70,1556.80,1246
2026-09-07 11:31:00,1557.00,1557.70,1557.00,1557.50,2122
2026-09-07 11:32:00,1557.40,1557.60,1557.00,1557.40,418
2026-09-07 11:33:00,1557.40,1557.90,1557.00,1557.70,1645
2026-09-07 11:34:00,1557.70,1557.70,1557.00,1557.20,371
2026-09-07 11:35:00,1557.00,1559.30,1557.00,1558.80,13966
2026-09-07 11:36:00,1559.20,1560.40,1557.90,1557.90,18736
2026-09-07 11:37:00,1558.70,1559.20,1557.80,1559.10,2294
2026-09-07 11:38:00,1558.60,1560.00,1558.60,1559.60,1256
2026-09-07 11:39:00,1559.90,1560.10,1557.00,1557.60,32523
2026-09-07 11:40:00,1557.60,1558.40,1556.80,1557.30,3490
2026-09-07 11:41:00,1557.50,1558.00,1557.30,1557.40,1562
2026-09-07 11:42:00,1557.80,1557.90,1557.40,1557.80,1004
2026-09-07 11:43:00,1557.40,1558.00,1557.40,1558.00,2897
2026-09-07 11:44:00,1558.00,1558.90,1557.80,1558.80,17026
2026-09-07 11:45:00,1558.90,1558.90,1558.10,1558.90,10552
2026-09-07 11:46:00,1558.70,1558.90,1558.00,1558.10,2061
2026-09-07 11:47:00,1558.60,1558.60,1557.60,1557.60,461
2026-09-07 11:48:00,1557.80,1557.90,1557.20,1557.90,1819
2026-09-07 11:49:00,1558.20,1558.80,1557.70,1557.70,1527
2026-09-07 11:50:00,1558.20,1558.40,1557.60,1557.60,360
2026-09-07 11:51:00,1557.70,1557.70,1557.40,1557.40,3947
2026-09-07 11:52:00,1557.40,1557.70,1556.40,1556.40,3294
2026-09-07 11:53:00,1556.70,1556.70,1555.70,1555.70,5833
2026-09-07 11:54:00,1556.00,1556.00,1553.20,1554.60,12312
2026-09-07 11:55:00,1555.00,1555.00,1554.10,1554.10,3196
2026-09-07 11:56:00,1554.50,1554.50,1553.50,1553.80,2637
2026-09-07 11:57:00,1554.00,1555.00,1553.00,1554.70,9588
2026-09-07 11:58:00,1554.50,1554.80,1553.70,1553.70,4348
2026-09-07 11:59:00,1553.80,1554.00,1553.60,1553.60,729
2026-09-07 12:00:00,1553.70,1553.70,1552.10,1553.00,5230
2026-09-07 12:01:00,1553.20,1553.60,1552.90,1553.30,22783
2026-09-07 12:02:00,1553.60,1554.60,1553.00,1553.40,3169
2026-09-07 12:03:00,1553.40,1555.00,1553.00,1554.30,4120
2026-09-07 12:04:00,1554.60,1554.60,1553.60,1553.60,3159
2026-09-07 12:05:00,1553.90,1554.20,1553.60,1554.00,961
2026-09-07 12:06:00,1554.30,1554.80,1554.10,1554.10,1950
2026-09-07 12:07:00,1554.50,1554.50,1554.00,1554.10,1081
2026-09-07 12:08:00,1554.10,1554.20,1553.40,1553.40,2145
2026-09-07 12:09:00,1553.70,1554.50,1553.30,1554.50,813
2026-09-07 12:10:00,1554.30,1554.90,1554.10,1554.20,3547
2026-09-07 12:11:00,1554.50,1554.50,1554.10,1554.30,228
2026-09-07 12:12:00,1554.10,1554.50,1553.40,1554.00,2029
2026-09-07 12:13:00,1554.10,1554.90,1554.00,1554.40,2263
2026-09-07 12:14:00,1554.60,1554.70,1554.40,1554.50,815
2026-09-07 12:15:00,1554.70,1555.00,1554.40,1554.90,42728
2026-09-07 12:16:00,1555.00,1555.00,1553.60,1553.60,2608
2026-09-07 12:17:00,1554.00,1554.30,1553.60,1553.90,230
2026-09-07 12:18:00,1554.10,1554.40,1553.90,1554.10,262
2026-09-07 12:19:00,1554.10,1554.90,1554.00,1554.50,688
2026-09-07 12:20:00,1554.70,1554.90,1554.00,1554.70,1793
2026-09-07 12:21:00,1554.40,1554.90,1554.20,1554.20,384
2026-09-07 12:22:00,1554.40,1554.70,1554.00,1554.00,1358
2026-09-07 12:23:00,1553.90,1554.10,1553.70,1554.10,477
2026-09-07 12:24:00,1554.20,1554.50,1553.70,1554.00,383
2026-09-07 12:25:00,1554.00,1554.00,1553.70,1553.80,134
2026-09-07 12:26:00,1553.90,1554.50,1553.80,1554.40,2866
2026-09-07 12:27:00,1554.50,1554.70,1554.40,1554.70,645
2026-09-07 12:28:00,1554.40,1554.60,1553.70,1553.90,3101
2026-09-07 12:29:00,1554.00,1554.60,1553.70,1554.30,755
2026-09-07 12:30:00,1554.30,1554.60,1553.70,1553.90,563
2026-09-07 12:31:00,1554.50,1554.50,1553.70,1553.70,435
2026-09-07 12:32:00,1554.40,1554.50,1553.60,1554.10,522
2026-09-07 12:33:00,1554.40,1554.90,1553.70,1554.90,657
2026-09-07 12:34:00,1555.00,1555.00,1554.60,1555.00,6493
2026-09-07 12:35:00,1555.00,1556.70,1554.70,1555.80,45092
2026-09-07 12:36:00,1555.80,1556.00,1554.80,1555.80,1946
2026-09-07 12:37:00,1555.80,1556.00,1554.50,1554.50,6977
2026-09-07 12:38:00,1554.70,1554.90,1553.90,1554.50,3751
2026-09-07 12:39:00,1554.80,1554.80,1554.00,1554.10,1533
2026-09-07 12:40:00,1554.40,1555.00,1554.00,1555.00,629
2026-09-07 12:41:00,1554.90,1555.00,1554.30,1554.30,2170
2026-09-07 12:42:00,1555.00,1555.00,1554.10,1554.10,860
2026-09-07 12:43:00,1554.50,1554.50,1554.10,1554.10,315
2026-09-07 12:44:00,1554.10,1554.70,1554.10,1554.30,831
2026-09-07 12:45:00,1554.40,1554.60,1554.30,1554.40,288
2026-09-07 12:46:00,1554.30,1554.50,1553.60,1553.60,3841
2026-09-07 12:47:00,1553.60,1554.00,1553.60,1553.90,1271
2026-09-07 12:48:00,1553.90,1554.30,1553.60,1553.70,396
2026-09-07 12:49:00,1554.30,1554.60,1553.70,1554.00,893
2026-09-07 12:50:00,1554.00,1554.10,1553.00,1553.10,1993
2026-09-07 12:51:00,1553.40,1553.70,1552.30,1552.90,1122
2026-09-07 12:52:00,1553.20,1553.20,1552.60,1552.70,266
2026-09-07 12:53:00,1552.70,1553.10,1551.50,1551.60,7198
2026-09-07 12:54:00,1552.00,1552.00,1551.20,1551.70,3324
2026-09-07 12:55:00,1551.10,1551.80,1550.30,1550.50,4971
2026-09-07 12:56:00,1550.80,1552.30,1550.00,1551.40,27136
2026-09-07 12:57:00,1551.60,1551.80,1550.50,1551.00,3217
2026-09-07 12:58:00,1551.40,1551.60,1550.90,1550.90,2503
2026-09-07 12:59:00,1551.00,1551.00,1550.90,1550.90,11403
2026-09-07 13:00:00,1550.90,1551.00,1550.90,1550.90,1780
2026-09-07 13:01:00,1551.00,1551.50,1550.90,1551.50,1610
2026-09-07 13:02:00,1551.60,1551.60,1550.60,1551.30,4396
2026-09-07 13:03:00,1551.00,1551.40,1550.90,1551.00,1502
2026-09-07 13:04:00,1551.00,1551.10,1550.90,1550.90,1122
2026-09-07 13:05:00,1551.00,1551.00,1549.60,1550.50,3740
2026-09-07 13:06:00,1550.40,1550.60,1550.40,1550.60,848
2026-09-07 13:07:00,1550.60,1550.60,1550.50,1550.60,278
2026-09-07 13:08:00,1550.60,1550.80,1550.40,1550.40,439
2026-09-07 13:09:00,1550.80,1550.90,1550.40,1550.40,2274
2026-09-07 13:10:00,1550.70,1550.70,1550.10,1550.20,1562
2026-09-07 13:11:00,1550.20,1550.30,1549.90,1549.90,469
2026-09-07 13:12:00,1550.10,1550.10,1549.90,1549.90,169
2026-09-07 13:13:00,1549.90,1549.90,1549.40,1549.90,1326
2026-09-07 13:14:00,1549.70,1549.80,1549.20,1549.60,568
2026-09-07 13:15:00,1549.60,1549.60,1549.00,1549.40,628
2026-09-07 13:16:00,1549.40,1549.40,1549.00,1549.20,583
2026-09-07 13:17:00,1549.20,1549.40,1549.20,1549.40,496
2026-09-07 13:18:00,1549.20,1549.40,1549.20,1549.20,104
2026-09-07 13:19:00,1549.30,1549.80,1547.70,1548.00,5432
2026-09-07 13:20:00,1548.00,1548.40,1547.70,1548.10,559
2026-09-07 13:21:00,1548.10,1548.20,1548.00,1548.20,602
2026-09-07 13:22:00,1548.00,1548.60,1547.60,1548.20,917
2026-09-07 13:23:00,1547.90,1548.10,1547.10,1547.60,2499
2026-09-07 13:24:00,1547.60,1548.40,1547.20,1547.80,3158
2026-09-07 13:25:00,1547.80,1548.60,1547.60,1548.00,2014
2026-09-07 13:26:00,1548.40,1548.40,1547.80,1547.90,1254
2026-09-07 13:27:00,1548.00,1548.20,1547.90,1548.00,1084
2026-09-07 13:28:00,1548.10,1548.10,1547.50,1547.80,1253
2026-09-07 13:29:00,1547.50,1547.80,1547.20,1547.20,528
2026-09-07 13:30:00,1547.50,1547.50,1546.70,1547.10,1518
2026-09-07 13:31:00,1547.30,1547.50,1547.10,1547.20,691
2026-09-07 13:32:00,1547.50,1547.70,1547.10,1547.70,562
2026-09-07 13:33:00,1547.70,1548.10,1547.30,1547.80,694
2026-09-07 13:34:00,1547.30,1547.40,1545.40,1546.20,5448
2026-09-07 13:35:00,1546.10,1546.20,1545.30,1545.80,536
2026-09-07 13:36:00,1545.80,1546.40,1545.40,1546.20,827
2026-09-07 13:37:00,1545.70,1547.40,1545.60,1547.40,2078
2026-09-07 13:38:00,1547.40,1548.00,1546.90,1548.00,1674
2026-09-07 13:39:00,1548.10,1548.10,1546.80,1547.30,1577
2026-09-07 13:40:00,1547.30,1547.30,1546.80,1546.80,431
2026-09-07 13:41:00,1547.00,1547.20,1546.80,1546.80,526
2026-09-07 13:42:00,1547.20,1547.60,1546.90,1547.20,223
2026-09-07 13:43:00,1547.00,1547.20,1547.00,1547.10,940
2026-09-07 13:44:00,1547.00,1547.90,1547.00,1547.00,743
2026-09-07 13:45:00,1547.40,1548.00,1547.10,1547.30,696
2026-09-07 13:46:00,1547.80,1548.30,1547.30,1548.00,3319
2026-09-07 13:47:00,1547.90,1548.10,1547.60,1548.00,515
2026-09-07 13:48:00,1548.00,1548.60,1548.00,1548.50,679
2026-09-07 13:49:00,1548.00,1548.50,1547.90,1548.20,871
2026-09-07 13:50:00,1548.00,1548.20,1547.60,1547.60,457
2026-09-07 13:51:00,1548.20,1548.80,1548.00,1548.20,1109
2026-09-07 13:52:00,1548.80,1549.00,1548.20,1549.00,2005
2026-09-07 13:53:00,1549.00,1551.80,1548.60,1551.10,15257
2026-09-07 13:54:00,1551.10,1551.40,1550.10,1551.00,1522
2026-09-07 13:55:00,1551.00,1551.20,1550.50,1550.80,700
2026-09-07 13:56:00,1550.90,1551.40,1550.80,1550.90,580
2026-09-07 13:57:00,1551.30,1552.00,1549.00,1552.00,10640
2026-09-07 13:58:00,1552.40,1552.40,1551.00,1551.70,5608
2026-09-07 13:59:00,1551.60,1552.00,1551.00,1551.40,733
2026-09-07 14:00:00,1552.00,1552.20,1551.40,1552.00,1569
2026-09-07 14:01:00,1552.20,1553.00,1552.00,1553.00,1351
2026-09-07 14:02:00,1552.60,1552.70,1551.50,1551.70,1001
2026-09-07 14:03:00,1552.40,1552.50,1551.80,1552.40,396
2026-09-07 14:04:00,1552.10,1552.90,1548.80,1549.30,17535
2026-09-07 14:05:00,1549.60,1551.00,1549.00,1550.30,1458
2026-09-07 14:06:00,1550.50,1552.40,1549.80,1551.00,5026
2026-09-07 14:07:00,1551.40,1551.50,1550.00,1550.70,1137
2026-09-07 14:08:00,1550.70,1551.80,1550.00,1550.80,1090
2026-09-07 14:09:00,1551.00,1551.90,1550.60,1551.20,1516
2026-09-07 14:10:00,1551.20,1551.50,1551.00,1551.30,1023
2026-09-07 14:11:00,1551.00,1551.80,1551.00,1551.40,287
2026-09-07 14:12:00,1551.70,1552.50,1551.20,1551.30,3314
2026-09-07 14:13:00,1551.30,1552.00,1551.00,1551.60,10859
2026-09-07 14:14:00,1551.40,1552.40,1551.40,1552.00,1157
2026-09-07 14:15:00,1552.70,1552.70,1552.10,1552.30,1105
2026-09-07 14:16:00,1552.20,1553.00,1552.20,1552.70,2649
2026-09-07 14:17:00,1552.70,1553.00,1551.90,1552.30,5166
2026-09-07 14:18:00,1552.30,1552.30,1551.50,1552.10,1312
2026-09-07 14:19:00,1552.10,1553.00,1552.00,1552.80,4415
2026-09-07 14:20:00,1552.80,1553.00,1552.50,1552.80,1855
2026-09-07 14:21:00,1553.00,1553.70,1552.80,1552.90,1345
2026-09-07 14:22:00,1553.30,1554.90,1552.90,1554.10,11695
2026-09-07 14:23:00,1554.60,1555.00,1554.00,1554.90,13699
2026-09-07 14:24:00,1554.90,1555.20,1552.10,1552.60,77661
2026-09-07 14:25:00,1553.20,1554.70,1551.40,1553.50,8027
2026-09-07 14:26:00,1553.50,1554.00,1553.20,1553.70,920
2026-09-07 14:27:00,1553.70,1554.90,1553.30,1554.70,7130
2026-09-07 14:28:00,1554.50,1554.90,1554.10,1554.40,4326
2026-09-07 14:29:00,1554.60,1555.00,1554.50,1555.00,749
2026-09-07 14:30:00,1554.60,1555.00,1554.60,1555.00,2874
2026-09-07 14:31:00,1554.90,1555.70,1554.70,1555.70,23510
2026-09-07 14:32:00,1555.30,1555.70,1555.00,1555.60,5198
2026-09-07 14:33:00,1555.40,1557.30,1555.20,1556.60,18892
2026-09-07 14:34:00,1556.60,1557.60,1556.10,1557.20,23121
2026-09-07 14:35:00,1557.20,1559.10,1557.00,1558.10,5977
2026-09-07 14:36:00,1558.10,1560.30,1558.10,1559.60,3713
2026-09-07 14:37:00,1559.90,1560.10,1559.20,1559.90,2623
2026-09-07 14:38:00,1559.90,1561.50,1559.90,1561.00,4915
2026-09-07 14:39:00,1561.00,1563.00,1560.80,1562.00,12801
2026-09-07 14:40:00,1562.10,1562.10,1560.00,1560.00,4931
2026-09-07 14:41:00,1560.60,1560.80,1558.00,1558.30,29763
2026-09-07 14:42:00,1558.30,1560.80,1558.30,1560.60,5702
2026-09-07 14:43:00,1560.40,1561.00,1560.00,1560.20,51110
2026-09-07 14:44:00,1560.20,1560.80,1560.00,1560.10,9814
2026-09-07 14:45:00,1560.40,1560.80,1555.90,1555.90,13731
2026-09-07 14:46:00,1555.60,1559.30,1555.40,1558.10,6389
2026-09-07 14:47:00,1557.90,1558.30,1557.50,1558.00,3103
2026-09-07 14:48:00,1557.90,1559.60,1557.50,1558.60,2534
2026-09-07 14:49:00,1558.70,1559.30,1557.40,1558.30,44688
2026-09-07 14:50:00,1558.50,1559.20,1557.90,1559.00,3065
2026-09-07 14:51:00,1558.60,1559.30,1557.80,1558.30,10335
2026-09-07 14:52:00,1557.80,1559.20,1557.50,1558.00,50551
2026-09-07 14:53:00,1558.60,1559.10,1558.00,1558.80,17773
2026-09-07 14:54:00,1558.80,1559.10,1557.90,1558.70,762
2026-09-07 14:55:00,1558.70,1559.30,1558.00,1558.90,3919
2026-09-07 14:56:00,1558.80,1559.00,1558.50,1558.90,1535
2026-09-07 14:57:00,1558.80,1559.20,1558.60,1559.10,1975
2026-09-07 14:58:00,1559.10,1559.10,1558.80,1558.90,4261
2026-09-07 14:59:00,1558.70,1559.30,1558.70,1559.30,42218
2026-09-07 15:00:00,1558.90,1560.00,1558.50,1559.80,9212
2026-09-07 15:01:00,1559.50,1560.50,1559.30,1559.70,7867
2026-09-07 15:02:00,1559.70,1560.80,1559.00,1560.30,28683
2026-09-07 15:03:00,1560.30,1560.80,1559.90,1560.40,3114
2026-09-07 15:04:00,1560.30,1560.80,1558.90,1560.40,30994
2026-09-07 15:05:00,1560.40,1560.40,1555.10,1556.10,47576
2026-09-07 15:06:00,1556.30,1557.00,1555.80,1556.70,6143
2026-09-07 15:07:00,1555.90,1556.90,1555.50,1556.90,5382
2026-09-07 15:08:00,1556.30,1557.00,1556.10,1556.80,7244
2026-09-07 15:09:00,1556.70,1557.10,1555.70,1556.70,29273
2026-09-07 15:10:00,1556.00,1556.90,1555.70,1556.60,17333
2026-09-07 15:11:00,1556.20,1558.00,1556.20,1557.40,9069
2026-09-07 15:12:00,1557.40,1560.30,1555.90,1560.30,25472
2026-09-07 15:13:00,1558.90,1560.00,1558.60,1558.70,2993
2026-09-07 15:14:00,1558.60,1559.60,1557.00,1557.00,6033
2026-09-07 15:15:00,1557.00,1558.60,1557.00,1558.60,30
2026-09-07 15:16:00,1558.60,1558.60,1558.60,1558.60,0
2026-09-07 15:17:00,1558.60,1558.60,1558.60,1558.60,0
2026-09-07 15:18:00,1558.60,1558.60,1558.60,1558.60,0
2026-09-07 15:19:00,1558.60,1558.60,1558.60,1558.60,0
2026-09-07 15:20:00,1558.60,1558.60,1558.60,1558.60,0
2026-09-07 15:21:00,1558.60,1558.60,1558.60,1558.60,0
2026-09-07 15:22:00,1558.60,1558.60,1558.60,1558.60,0
2026-09-07 15:23:00,1558.60,1558.60,1558.60,1558.60,0
2026-09-07 15:24:00,1558.60,1558.60,1558.60,1558.60,0
2026-09-07 15:25:00,1558.60,1558.60,1558.60,1558.60,0
2026-09-07 15:26:00,1558.60,1558.60,1558.60,1558.60,0
2026-09-07 15:27:00,1558.60,1558.60,1558.60,1558.60,0
2026-09-07 15:28:00,1558.60,1558.60,1558.60,1558.60,0
2026-09-07 15:29:00,1558.60,1558.60,1558.60,1558.60,0
2026-09-08 09:15:00,1556.10,1558.60,1548.20,1549.50,12968
2026-09-08 09:16:00,1549.60,1549.60,1544.40,1545.50,11372
2026-09-08 09:17:00,1544.50,1544.70,1541.40,1541.50,11020
2026-09-08 09:18:00,1541.50,1546.40,1541.50,1544.60,6437
2026-09-08 09:19:00,1545.50,1546.00,1545.50,1545.50,2931
2026-09-08 09:20:00,1545.50,1547.80,1544.90,1547.10,13301
2026-09-08 09:21:00,1547.10,1548.50,1546.50,1547.70,4605
2026-09-08 09:22:00,1547.50,1551.80,1547.50,1551.40,8668
2026-09-08 09:23:00,1551.80,1551.80,1548.60,1548.70,4020
2026-09-08 09:24:00,1549.00,1549.20,1547.50,1547.50,7144
2026-09-08 09:25:00,1547.50,1549.00,1547.50,1549.00,2809
2026-09-08 09:26:00,1548.70,1549.00,1547.60,1547.90,1929
2026-09-08 09:27:00,1548.60,1549.70,1548.10,1548.20,5515
2026-09-08 09:28:00,1548.20,1548.70,1547.60,1547.70,8508
2026-09-08 09:29:00,1548.20,1549.90,1548.00,1548.50,3896
2026-09-08 09:30:00,1548.10,1548.70,1547.90,1547.90,1342
2026-09-08 09:31:00,1547.70,1549.00,1547.70,1548.90,2608
2026-09-08 09:32:00,1548.90,1549.00,1548.00,1548.80,1214
2026-09-08 09:33:00,1548.80,1549.90,1548.80,1549.70,2234
2026-09-08 09:34:00,1549.70,1552.80,1548.80,1552.00,5592
2026-09-08 09:35:00,1552.90,1556.00,1552.40,1555.50,4590
2026-09-08 09:36:00,1555.60,1558.60,1555.50,1556.10,8772
2026-09-08 09:37:00,1556.10,1558.90,1555.50,1558.20,4943
2026-09-08 09:38:00,1557.60,1558.60,1557.00,1557.60,2496
2026-09-08 09:39:00,1557.90,1559.30,1557.90,1559.00,3618
2026-09-08 09:40:00,1558.40,1560.00,1558.30,1559.40,1588
2026-09-08 09:41:00,1560.20,1562.70,1559.50,1562.00,8420
2026-09-08 09:42:00,1562.00,1564.00,1559.20,1560.20,4098
2026-09-08 09:43:00,1560.60,1560.60,1559.80,1560.00,2443
2026-09-08 09:44:00,1560.10,1561.20,1559.20,1560.00,1490
2026-09-08 09:45:00,1560.60,1560.60,1559.10,1559.20,1424
2026-09-08 09:46:00,1559.20,1560.30,1559.20,1559.80,3359
2026-09-08 09:47:00,1559.80,1561.20,1559.80,1560.90,2552
2026-09-08 09:48:00,1561.00,1561.80,1560.70,1560.70,1596
2026-09-08 09:49:00,1560.70,1563.90,1560.70,1562.50,3128
2026-09-08 09:50:00,1562.50,1563.60,1562.40,1562.40,3633
2026-09-08 09:51:00,1562.40,1562.40,1560.70,1561.70,1621
2026-09-08 09:52:00,1562.40,1562.40,1560.50,1560.80,1267
2026-09-08 09:53:00,1560.80,1563.00,1560.00,1562.20,2662
2026-09-08 09:54:00,1562.20,1564.00,1562.20,1562.40,3821
2026-09-08 09:55:00,1562.40,1562.70,1558.60,1560.40,3108
2026-09-08 09:56:00,1560.40,1561.30,1560.40,1560.70,980
2026-09-08 09:57:00,1560.90,1561.00,1559.50,1559.80,1688
2026-09-08 09:58:00,1559.90,1559.90,1558.00,1558.00,1587
2026-09-08 09:59:00,1558.00,1558.70,1557.40,1558.00,1799
2026-09-08 10:00:00,1558.30,1558.70,1557.20,1558.10,2132
2026-09-08 10:01:00,1558.90,1558.90,1557.20,1558.50,2900
2026-09-08 10:02:00,1558.70,1559.70,1558.70,1559.00,1771
2026-09-08 10:03:00,1558.70,1559.70,1558.20,1558.60,1602
2026-09-08 10:04:00,1558.60,1559.70,1558.60,1559.30,501
2026-09-08 10:05:00,1559.60,1564.30,1559.50,1564.00,5077
2026-09-08 10:06:00,1564.00,1566.80,1564.00,1564.20,7938
2026-09-08 10:07:00,1564.50,1568.80,1564.10,1568.70,4669
2026-09-08 10:08:00,1568.70,1569.90,1567.50,1569.70,5018
2026-09-08 10:09:00,1569.60,1569.60,1568.60,1568.80,2019
2026-09-08 10:10:00,1568.80,1569.10,1567.40,1568.30,2121
2026-09-08 10:11:00,1568.30,1568.80,1566.00,1566.00,1989
2026-09-08 10:12:00,1566.40,1567.30,1566.40,1567.30,659
2026-09-08 10:13:00,1567.00,1568.70,1567.00,1567.00,2627
2026-09-08 10:14:00,1567.00,1568.10,1565.20,1565.30,1739
2026-09-08 10:15:00,1565.80,1566.60,1565.40,1566.50,898
2026-09-08 10:16:00,1566.60,1566.60,1566.30,1566.30,2214
2026-09-08 10:17:00,1565.60,1567.10,1565.60,1566.40,2355
2026-09-08 10:18:00,1566.30,1566.40,1565.00,1565.70,948
2026-09-08 10:19:00,1565.80,1565.90,1565.80,1565.90,136
2026-09-08 10:20:00,1565.90,1565.90,1565.80,1565.90,349
2026-09-08 10:21:00,1565.80,1565.90,1565.80,1565.80,173
2026-09-08 10:22:00,1565.90,1565.90,1564.90,1564.90,3825
2026-09-08 10:23:00,1564.40,1564.80,1563.30,1564.40,2402
2026-09-08 10:24:00,1564.30,1564.80,1564.00,1564.20,2815
2026-09-08 10:25:00,1564.20,1564.30,1562.90,1563.30,1165
2026-09-08 10:26:00,1563.50,1564.60,1563.50,1563.90,1563
2026-09-08 10:27:00,1564.00,1565.10,1563.20,1564.50,909
2026-09-08 10:28:00,1564.60,1564.70,1563.80,1564.20,1137
2026-09-08 10:29:00,1564.20,1564.70,1564.20,1564.70,1291
2026-09-08 10:30:00,1564.60,1564.60,1562.10,1563.00,1978
2026-09-08 10:31:00,1562.60,1563.00,1562.20,1562.40,508
2026-09-08 10:32:00,1562.40,1562.40,1561.30,1561.30,1519
2026-09-08 10:33:00,1561.60,1561.60,1561.10,1561.40,628
2026-09-08 10:34:00,1561.40,1561.50,1560.30,1560.60,1436
2026-09-08 10:35:00,1560.80,1560.80,1560.00,1560.80,1227
2026-09-08 10:36:00,1560.80,1561.00,1560.40,1560.40,1881
2026-09-08 10:37:00,1559.90,1559.90,1559.30,1559.80,2501
2026-09-08 10:38:00,1559.80,1559.80,1558.60,1559.00,1523
2026-09-08 10:39:00,1559.00,1559.80,1559.00,1559.60,899
2026-09-08 10:40:00,1559.40,1559.40,1559.20,1559.20,464
2026-09-08 10:41:00,1559.30,1559.40,1559.20,1559.40,380
2026-09-08 10:42:00,1559.40,1559.70,1559.40,1559.70,363
2026-09-08 10:43:00,1559.70,1560.70,1559.70,1560.00,2241
2026-09-08 10:44:00,1560.10,1560.30,1558.10,1558.80,4646
2026-09-08 10:45:00,1559.50,1560.80,1559.50,1559.90,1217
2026-09-08 10:46:00,1560.60,1560.80,1559.00,1559.90,831
2026-09-08 10:47:00,1559.90,1559.90,1558.70,1558.70,2348
2026-09-08 10:48:00,1558.70,1560.70,1558.70,1560.70,1161
2026-09-08 10:49:00,1560.20,1560.40,1559.50,1560.20,1657
2026-09-08 10:50:00,1560.20,1560.20,1559.80,1560.20,314
2026-09-08 10:51:00,1560.20,1561.60,1560.20,1560.90,1476
2026-09-08 10:52:00,1561.00,1561.00,1559.60,1560.10,1213
2026-09-08 10:53:00,1560.10,1560.10,1560.00,1560.00,210
2026-09-08 10:54:00,1560.10,1560.10,1559.90,1559.90,1857
2026-09-08 10:55:00,1559.90,1561.70,1559.60,1561.60,2272
2026-09-08 10:56:00,1561.60,1561.80,1561.10,1561.50,719
2026-09-08 10:57:00,1561.50,1561.50,1561.10,1561.20,634
2026-09-08 10:58:00,1561.40,1561.60,1559.30,1559.40,2701
2026-09-08 10:59:00,1559.40,1559.40,1559.00,1559.30,287
2026-09-08 11:00:00,1559.30,1559.30,1559.00,1559.30,315
2026-09-08 11:01:00,1559.30,1559.30,1558.70,1558.70,922
2026-09-08 11:02:00,1558.70,1558.90,1558.50,1558.50,1221
2026-09-08 11:03:00,1558.60,1560.00,1558.50,1560.00,2406
2026-09-08 11:04:00,1560.00,1560.50,1559.80,1560.00,1997
2026-09-08 11:05:00,1560.20,1560.60,1560.00,1560.60,688
2026-09-08 11:06:00,1560.40,1562.20,1560.30,1562.20,1340
2026-09-08 11:07:00,1561.80,1562.40,1561.10,1562.40,2290
2026-09-08 11:08:00,1562.20,1562.70,1562.20,1562.70,601
2026-09-08 11:09:00,1562.70,1563.00,1562.40,1562.70,1067
2026-09-08 11:10:00,1562.70,1562.70,1562.60,1562.60,202
2026-09-08 11:11:00,1562.70,1562.70,1561.20,1561.50,1439
2026-09-08 11:12:00,1561.50,1561.50,1560.00,1560.00,524
2026-09-08 11:13:00,1560.00,1560.00,1559.30,1559.40,493
2026-09-08 11:14:00,1559.50,1560.00,1559.00,1559.00,3655
2026-09-08 11:15:00,1559.30,1559.30,1556.10,1556.20,5588
2026-09-08 11:16:00,1556.30,1556.80,1556.30,1556.30,799
2026-09-08 11:17:00,1556.40,1557.80,1556.30,1557.70,1369
2026-09-08 11:18:00,1557.50,1557.70,1556.10,1556.10,6241
2026-09-08 11:19:00,1556.80,1557.10,1556.30,1557.00,439
2026-09-08 11:20:00,1556.90,1557.00,1555.50,1555.80,1572
2026-09-08 11:21:00,1556.00,1557.00,1556.00,1556.50,795
2026-09-08 11:22:00,1556.70,1556.70,1556.00,1556.00,704
2026-09-08 11:23:00,1556.50,1557.60,1556.10,1557.10,1514
2026-09-08 11:24:00,1557.90,1557.90,1554.00,1554.20,12479
2026-09-08 11:25:00,1554.30,1557.00,1554.20,1556.20,7345
2026-09-08 11:26:00,1556.40,1556.60,1556.00,1556.00,539
2026-09-08 11:27:00,1556.20,1556.30,1555.70,1556.00,645
2026-09-08 11:28:00,1556.00,1557.80,1555.70,1557.80,1970
2026-09-08 11:29:00,1557.60,1559.00,1557.60,1558.40,1494
2026-09-08 11:30:00,1558.60,1559.20,1557.60,1558.30,1519
2026-09-08 11:31:00,1558.10,1558.10,1556.70,1557.30,307
2026-09-08 11:32:00,1557.40,1557.40,1557.30,1557.30,117
2026-09-08 11:33:00,1557.40,1557.40,1557.20,1557.40,1156
2026-09-08 11:34:00,1557.40,1558.90,1557.30,1558.90,951
2026-09-08 11:35:00,1558.90,1559.50,1558.00,1558.00,4548
2026-09-08 11:36:00,1558.10,1559.10,1558.10,1558.60,794
2026-09-08 11:37:00,1558.60,1560.70,1558.40,1559.60,1737
2026-09-08 11:38:00,1559.60,1560.80,1559.60,1560.10,760
2026-09-08 11:39:00,1560.50,1560.80,1558.80,1559.50,813
2026-09-08 11:40:00,1559.50,1560.50,1559.30,1560.40,589
2026-09-08 11:41:00,1560.50,1560.60,1560.40,1560.60,534
2026-09-08 11:42:00,1560.70,1560.70,1560.60,1560.60,142
2026-09-08 11:43:00,1560.60,1560.70,1559.10,1559.50,2916
2026-09-08 11:44:00,1559.30,1559.80,1559.30,1559.60,922
2026-09-08 11:45:00,1559.60,1559.60,1559.50,1559.50,538
2026-09-08 11:46:00,1559.60,1560.30,1558.90,1560.20,1360
2026-09-08 11:47:00,1559.70,1559.70,1558.70,1558.70,2356
2026-09-08 11:48:00,1558.80,1559.30,1558.70,1558.70,421
2026-09-08 11:49:00,1558.80,1558.80,1558.10,1558.80,1602
2026-09-08 11:50:00,1558.90,1559.20,1557.40,1557.40,1107
2026-09-08 11:51:00,1557.80,1558.20,1557.80,1558.20,371
2026-09-08 11:52:00,1558.30,1559.30,1558.20,1558.90,456
2026-09-08 11:53:00,1559.00,1559.00,1558.40,1558.70,1864
2026-09-08 11:54:00,1558.80,1558.80,1558.00,1558.00,5198
2026-09-08 11:55:00,1557.80,1558.00,1557.40,1557.90,763
2026-09-08 11:56:00,1558.00,1558.00,1557.40,1557.40,1696
2026-09-08 11:57:00,1557.90,1559.30,1557.90,1558.60,4180
2026-09-08 11:58:00,1557.90,1560.00,1557.80,1559.50,2517
2026-09-08 11:59:00,1559.50,1559.50,1556.40,1556.90,13034
2026-09-08 12:00:00,1556.70,1556.70,1554.80,1555.20,2506
2026-09-08 12:01:00,1555.70,1555.90,1554.30,1555.00,33852
2026-09-08 12:02:00,1554.70,1556.00,1554.30,1554.40,5208
2026-09-08 12:03:00,1554.40,1555.50,1554.40,1554.60,3384
2026-09-08 12:04:00,1554.30,1554.70,1553.90,1553.90,623
2026-09-08 12:05:00,1553.80,1554.60,1552.70,1554.60,4225
2026-09-08 12:06:00,1554.00,1554.50,1553.50,1554.10,963
2026-09-08 12:07:00,1554.10,1554.90,1554.00,1554.70,503
2026-09-08 12:08:00,1554.10,1554.20,1553.80,1554.20,1422
2026-09-08 12:09:00,1554.20,1555.20,1554.20,1555.00,1764
2026-09-08 12:10:00,1554.90,1555.00,1554.60,1555.00,1478
2026-09-08 12:11:00,1555.00,1555.00,1554.60,1555.00,670
2026-09-08 12:12:00,1555.00,1555.00,1554.90,1555.00,973
2026-09-08 12:13:00,1555.00,1555.00,1553.50,1553.50,1988
2026-09-08 12:14:00,1554.00,1554.50,1553.10,1554.50,2086
2026-09-08 12:15:00,1554.50,1554.70,1553.50,1553.50,1389
2026-09-08 12:16:00,1554.00,1554.10,1553.50,1554.10,1219
2026-09-08 12:17:00,1554.40,1555.00,1554.40,1554.90,1753
2026-09-08 12:18:00,1555.00,1555.70,1554.90,1555.70,10582
2026-09-08 12:19:00,1555.70,1556.60,1555.60,1556.60,2876
2026-09-08 12:20:00,1556.20,1556.40,1555.10,1555.60,1300
2026-09-08 12:21:00,1555.70,1555.70,1555.40,1555.70,194
2026-09-08 12:22:00,1555.60,1556.50,1555.60,1555.90,3110
2026-09-08 12:23:00,1555.80,1557.70,1555.60,1557.70,1519
2026-09-08 12:24:00,1557.60,1558.00,1557.40,1557.80,371
2026-09-08 12:25:00,1558.00,1558.00,1557.00,1557.70,7041
2026-09-08 12:26:00,1557.70,1557.70,1556.40,1556.90,1389
2026-09-08 12:27:00,1557.00,1557.00,1556.90,1557.00,156
2026-09-08 12:28:00,1557.00,1558.80,1556.90,1557.60,4382
2026-09-08 12:29:00,1557.90,1558.40,1557.60,1558.40,706
2026-09-08 12:30:00,1558.30,1558.50,1558.10,1558.30,926
2026-09-08 12:31:00,1558.30,1558.40,1558.10,1558.10,1702
2026-09-08 12:32:00,1557.90,1558.20,1557.60,1557.60,957
2026-09-08 12:33:00,1558.00,1558.20,1557.40,1558.20,1924
2026-09-08 12:34:00,1557.80,1557.80,1556.50,1557.10,9803
2026-09-08 12:35:00,1557.00,1558.50,1557.00,1558.00,3056
2026-09-08 12:36:00,1558.00,1558.10,1557.20,1558.00,552
2026-09-08 12:37:00,1558.00,1559.50,1555.20,1556.80,2561
2026-09-08 12:38:00,1556.90,1557.70,1556.50,1557.70,683
2026-09-08 12:39:00,1557.60,1558.00,1556.90,1556.90,1834
2026-09-08 12:40:00,1556.90,1558.20,1556.20,1556.80,897
2026-09-08 12:41:00,1556.70,1556.70,1556.30,1556.30,1274
2026-09-08 12:42:00,1556.30,1557.70,1556.30,1557.40,1459
2026-09-08 12:43:00,1557.20,1557.20,1556.60,1556.70,137
2026-09-08 12:44:00,1556.90,1556.90,1556.10,1556.50,841
2026-09-08 12:45:00,1556.50,1557.20,1556.30,1557.20,1235
2026-09-08 12:46:00,1557.20,1557.80,1556.20,1556.20,2223
2026-09-08 12:47:00,1556.20,1556.40,1554.50,1554.90,1453
2026-09-08 12:48:00,1554.90,1554.90,1554.80,1554.80,87
2026-09-08 12:49:00,1554.90,1555.00,1554.40,1554.90,3084
2026-09-08 12:50:00,1555.00,1555.00,1554.90,1555.00,322
2026-09-08 12:51:00,1555.00,1555.00,1554.90,1554.90,149
2026-09-08 12:52:00,1555.00,1555.00,1554.40,1554.40,1994
2026-09-08 12:53:00,1554.70,1555.20,1554.70,1555.00,1571
2026-09-08 12:54:00,1555.20,1555.40,1554.90,1554.90,1829
2026-09-08 12:55:00,1555.50,1556.80,1555.00,1555.80,28285
2026-09-08 12:56:00,1555.90,1556.30,1555.30,1556.00,789
2026-09-08 12:57:00,1556.10,1556.60,1555.90,1555.90,1936
2026-09-08 12:58:00,1555.90,1555.90,1555.30,1555.90,496
2026-09-08 12:59:00,1556.40,1557.00,1555.90,1557.00,1349
2026-09-08 13:00:00,1557.00,1557.50,1557.00,1557.40,848
2026-09-08 13:01:00,1557.30,1557.40,1557.30,1557.30,123
2026-09-08 13:02:00,1557.40,1557.70,1557.20,1557.60,1323
2026-09-08 13:03:00,1557.70,1557.70,1557.60,1557.60,65
2026-09-08 13:04:00,1557.70,1557.70,1557.60,1557.70,79
2026-09-08 13:05:00,1557.70,1559.10,1557.70,1558.10,4665
2026-09-08 13:06:00,1558.30,1558.60,1558.30,1558.30,937
2026-09-08 13:07:00,1558.50,1558.80,1558.20,1558.60,202
2026-09-08 13:08:00,1558.80,1559.50,1557.20,1557.20,1515
2026-09-08 13:09:00,1557.40,1557.40,1555.70,1555.80,15367
2026-09-08 13:10:00,1556.00,1556.40,1555.00,1556.40,25294
2026-09-08 13:11:00,1556.40,1556.80,1556.30,1556.80,848
2026-09-08 13:12:00,1557.10,1558.10,1556.40,1558.10,4057
2026-09-08 13:13:00,1558.10,1559.10,1557.90,1558.60,1195
2026-09-08 13:14:00,1558.40,1559.50,1557.90,1559.50,1434
2026-09-08 13:15:00,1559.40,1559.90,1559.10,1559.20,3007
2026-09-08 13:16:00,1558.60,1559.60,1556.10,1556.30,5348
2026-09-08 13:17:00,1556.40,1558.30,1556.40,1556.80,2610
2026-09-08 13:18:00,1557.10,1558.50,1556.40,1557.70,1772
2026-09-08 13:19:00,1557.70,1559.60,1557.70,1559.10,2442
2026-09-08 13:20:00,1559.40,1559.40,1557.40,1557.80,1873
2026-09-08 13:21:00,1558.00,1558.00,1557.40,1557.60,788
2026-09-08 13:22:00,1557.40,1558.70,1557.40,1558.60,591
2026-09-08 13:23:00,1558.70,1561.10,1558.60,1560.40,8682
2026-09-08 13:24:00,1560.90,1560.90,1560.40,1560.60,357
2026-09-08 13:25:00,1560.60,1561.40,1558.40,1559.60,11519
2026-09-08 13:26:00,1559.70,1559.70,1554.90,1555.40,29712
2026-09-08 13:27:00,1555.40,1556.00,1554.20,1554.60,13312
2026-09-08 13:28:00,1554.80,1556.00,1554.80,1554.90,29957
2026-09-08 13:29:00,1555.30,1556.30,1555.00,1555.00,2763
2026-09-08 13:30:00,1555.00,1556.30,1555.00,1555.80,2271
2026-09-08 13:31:00,1555.80,1557.30,1555.80,1556.10,1844
2026-09-08 13:32:00,1556.20,1556.20,1554.30,1554.30,4995
2026-09-08 13:33:00,1554.70,1554.70,1553.50,1554.60,3516
2026-09-08 13:34:00,1554.80,1555.00,1554.80,1554.90,1702
2026-09-08 13:35:00,1555.00,1555.00,1554.60,1554.80,6648
2026-09-08 13:36:00,1555.00,1555.20,1554.60,1555.00,12254
2026-09-08 13:37:00,1555.00,1555.40,1553.70,1553.70,10091
2026-09-08 13:38:00,1553.90,1554.70,1553.60,1554.70,2012
2026-09-08 13:39:00,1554.50,1555.00,1553.10,1554.60,2386
2026-09-08 13:40:00,1554.60,1555.00,1554.60,1554.90,1137
2026-09-08 13:41:00,1554.90,1555.00,1554.90,1554.90,2571
2026-09-08 13:42:00,1555.00,1556.20,1554.90,1556.20,13233
2026-09-08 13:43:00,1556.60,1556.80,1554.30,1554.30,10502
2026-09-08 13:44:00,1554.30,1555.90,1554.30,1554.70,6383
2026-09-08 13:45:00,1554.90,1555.10,1553.80,1554.10,4773
2026-09-08 13:46:00,1554.10,1555.40,1554.10,1554.20,4447
2026-09-08 13:47:00,1554.50,1554.50,1553.50,1554.10,8214
2026-09-08 13:48:00,1554.10,1554.60,1553.60,1554.00,4617
2026-09-08 13:49:00,1554.00,1554.70,1553.10,1553.30,3794
2026-09-08 13:50:00,1553.50,1554.10,1552.60,1553.30,9037
2026-09-08 13:51:00,1553.10,1553.20,1552.00,1552.40,5799
2026-09-08 13:52:00,1552.40,1553.90,1552.40,1553.10,7419
2026-09-08 13:53:00,1553.10,1553.70,1552.20,1552.30,3213
2026-09-08 13:54:00,1552.60,1553.20,1552.10,1552.60,6343
2026-09-08 13:55:00,1552.80,1553.90,1552.50,1552.70,4561
2026-09-08 13:56:00,1552.80,1553.50,1552.70,1552.70,3150
2026-09-08 13:57:00,1552.70,1553.00,1552.50,1552.70,3557
2026-09-08 13:58:00,1552.90,1553.20,1552.60,1552.60,4044
2026-09-08 13:59:00,1552.60,1553.80,1552.20,1552.60,6507
2026-09-08 14:00:00,1552.30,1552.90,1551.40,1551.50,3640
2026-09-08 14:01:00,1551.50,1552.20,1551.20,1551.40,3885
2026-09-08 14:02:00,1552.70,1552.70,1551.00,1551.40,18500
2026-09-08 14:03:00,1551.50,1551.70,1550.80,1551.40,3833
2026-09-08 14:04:00,1551.10,1551.30,1551.00,1551.10,3621
2026-09-08 14:05:00,1551.10,1551.50,1551.00,1551.30,5178
2026-09-08 14:06:00,1551.50,1552.40,1551.30,1551.40,3750
2026-09-08 14:07:00,1551.40,1552.30,1551.40,1551.50,5061
2026-09-08 14:08:00,1551.60,1551.60,1550.20,1550.30,3942
2026-09-08 14:09:00,1550.40,1550.70,1550.30,1550.50,3179
2026-09-08 14:10:00,1550.50,1551.70,1550.30,1550.90,7248
2026-09-08 14:11:00,1551.00,1551.60,1551.00,1551.30,3756
2026-09-08 14:12:00,1551.30,1552.70,1551.30,1552.60,3975
2026-09-08 14:13:00,1552.90,1552.90,1551.50,1551.60,3415
2026-09-08 14:14:00,1551.50,1551.60,1550.40,1550.90,4242
2026-09-08 14:15:00,1551.00,1551.50,1550.80,1550.90,4383
2026-09-08 14:16:00,1550.90,1551.60,1550.70,1550.80,4111
2026-09-08 14:17:00,1550.80,1551.50,1550.60,1551.30,3685
2026-09-08 14:18:00,1551.40,1551.40,1550.20,1550.30,4341
2026-09-08 14:19:00,1550.30,1550.80,1550.10,1550.70,5922
2026-09-08 14:20:00,1550.80,1550.80,1550.10,1550.20,3796
2026-09-08 14:21:00,1550.20,1551.30,1550.10,1550.20,6062
2026-09-08 14:22:00,1550.20,1551.10,1550.00,1551.00,4462
2026-09-08 14:23:00,1551.10,1552.20,1550.10,1550.10,7151
2026-09-08 14:24:00,1550.10,1550.50,1549.50,1549.60,3485
2026-09-08 14:25:00,1549.80,1550.00,1549.60,1549.60,927
2026-09-08 14:26:00,1549.60,1549.60,1549.30,1549.50,603
2026-09-08 14:27:00,1549.60,1550.00,1549.00,1549.90,4648
2026-09-08 14:28:00,1549.60,1550.80,1549.60,1550.00,7968
2026-09-08 14:29:00,1550.00,1550.00,1549.90,1549.90,358
2026-09-08 14:30:00,1550.00,1550.00,1549.90,1550.00,1202
2026-09-08 14:31:00,1549.90,1550.30,1549.90,1550.00,11805
2026-09-08 14:32:00,1549.90,1550.00,1549.80,1549.80,1332
2026-09-08 14:33:00,1549.90,1550.00,1549.80,1549.90,4150
2026-09-08 14:34:00,1549.90,1550.00,1549.90,1549.90,2690
2026-09-08 14:35:00,1549.90,1550.00,1549.30,1549.30,4062
2026-09-08 14:36:00,1549.30,1549.90,1549.10,1549.60,1701
2026-09-08 14:37:00,1549.50,1549.80,1549.10,1549.60,2634
2026-09-08 14:38:00,1549.40,1549.60,1548.30,1548.40,1987
2026-09-08 14:39:00,1548.40,1548.50,1548.30,1548.50,597
2026-09-08 14:40:00,1548.50,1548.50,1548.40,1548.40,228
2026-09-08 14:41:00,1548.40,1548.40,1547.30,1547.90,5490
2026-09-08 14:42:00,1547.70,1548.30,1547.50,1548.00,2379
2026-09-08 14:43:00,1548.10,1548.80,1548.10,1548.80,998
2026-09-08 14:44:00,1548.80,1548.80,1547.90,1548.00,3176
2026-09-08 14:45:00,1548.00,1548.00,1547.20,1547.30,2098
2026-09-08 14:46:00,1547.40,1547.40,1546.90,1547.00,1872
2026-09-08 14:47:00,1547.00,1547.10,1546.70,1546.70,1428
2026-09-08 14:48:00,1546.80,1547.30,1546.80,1547.00,1896
2026-09-08 14:49:00,1547.10,1547.10,1547.00,1547.00,485
2026-09-08 14:50:00,1547.00,1547.10,1546.20,1546.20,3264
2026-09-08 14:51:00,1546.30,1546.30,1544.60,1544.60,15820
2026-09-08 14:52:00,1544.60,1545.00,1544.10,1544.30,4815
2026-09-08 14:53:00,1544.30,1544.90,1544.30,1544.90,6344
2026-09-08 14:54:00,1544.80,1545.60,1544.30,1544.90,31124
2026-09-08 14:55:00,1544.90,1546.20,1544.90,1545.10,10556
2026-09-08 14:56:00,1545.10,1545.80,1544.50,1545.00,16829
2026-09-08 14:57:00,1545.00,1545.70,1544.20,1545.60,17256
2026-09-08 14:58:00,1545.40,1546.50,1544.90,1545.10,27472
2026-09-08 14:59:00,1545.10,1546.80,1545.00,1546.40,6749
2026-09-08 15:00:00,1546.30,1546.50,1545.70,1546.30,3416
2026-09-08 15:01:00,1546.20,1546.80,1546.00,1546.80,3654
2026-09-08 15:02:00,1546.50,1547.20,1546.00,1546.30,5161
2026-09-08 15:03:00,1546.30,1546.90,1545.80,1545.80,2386
2026-09-08 15:04:00,1545.80,1546.30,1545.80,1546.10,3459
2026-09-08 15:05:00,1545.80,1547.10,1545.80,1546.30,22979
2026-09-08 15:06:00,1546.30,1546.90,1545.50,1545.60,12825
2026-09-08 15:07:00,1545.80,1545.80,1544.90,1544.90,9177
2026-09-08 15:08:00,1545.00,1545.30,1544.90,1544.90,13619
2026-09-08 15:09:00,1545.00,1545.90,1544.50,1545.50,32904
2026-09-08 15:10:00,1546.10,1547.40,1545.80,1547.40,28924
2026-09-08 15:11:00,1547.40,1549.40,1546.90,1548.70,15243
2026-09-08 15:12:00,1548.70,1550.80,1547.60,1550.20,17922
2026-09-08 15:13:00,1550.10,1550.90,1548.40,1550.10,17325
2026-09-08 15:14:00,1550.10,1551.40,1548.30,1548.30,6046
2026-09-08 15:15:00,1551.30,1551.30,1551.30,1551.30,1
2026-09-08 15:16:00,1551.30,1551.30,1551.30,1551.30,0
2026-09-08 15:17:00,1551.30,1551.30,1551.30,1551.30,0
2026-09-08 15:18:00,1551.30,1551.30,1551.30,1551.30,0
2026-09-08 15:19:00,1551.30,1551.30,1551.30,1551.30,0
2026-09-08 15:20:00,1551.30,1551.30,1551.30,1551.30,0
2026-09-08 15:21:00,1551.30,1551.30,1551.30,1551.30,0
2026-09-08 15:22:00,1551.30,1551.30,1551.30,1551.30,0
2026-09-08 15:23:00,1551.30,1551.30,1551.30,1551.30,0
2026-09-08 15:24:00,1551.30,1551.30,1551.30,1551.30,0
2026-09-08 15:25:00,1551.30,1551.30,1551.30,1551.30,0
2026-09-08 15:26:00,1551.30,1551.30,1551.30,1551.30,0
2026-09-08 15:27:00,1551.30,1551.30,1551.30,1551.30,0
2026-09-08 15:28:00,1551.30,1551.30,1551.30,1551.30,0
2026-09-08 15:29:00,1551.30,1559.00,1551.30,1559.00,120239
2026-09-09 09:08:00,1531.00,1531.00,1531.00,1531.00,5180
2026-09-09 09:09:00,1531.00,1531.00,1531.00,1531.00,0
2026-09-09 09:10:00,1531.00,1531.00,1531.00,1531.00,0
2026-09-09 09:11:00,1531.00,1531.00,1531.00,1531.00,0
2026-09-09 09:12:00,1531.00,1531.00,1531.00,1531.00,0
2026-09-09 09:13:00,1531.00,1531.00,1531.00,1531.00,0
2026-09-09 09:14:00,1531.00,1531.00,1531.00,1531.00,0
2026-09-09 09:15:00,1531.00,1531.00,1505.80,1510.70,63486
2026-09-09 09:16:00,1510.20,1513.50,1504.00,1509.90,21442
2026-09-09 09:17:00,1509.50,1519.10,1509.50,1516.50,8847
2026-09-09 09:18:00,1516.90,1519.70,1515.80,1516.00,11481
2026-09-09 09:19:00,1517.00,1517.00,1509.00,1509.90,11339
2026-09-09 09:20:00,1509.90,1510.80,1506.70,1509.00,7943
2026-09-09 09:21:00,1509.30,1514.00,1508.60,1511.60,4421
2026-09-09 09:22:00,1512.20,1514.50,1510.50,1513.10,7315
2026-09-09 09:23:00,1513.00,1514.50,1511.60,1513.80,3851
2026-09-09 09:24:00,1513.90,1514.50,1510.30,1513.20,5503
2026-09-09 09:25:00,1513.20,1513.20,1509.50,1509.60,6448
2026-09-09 09:26:00,1509.70,1512.60,1509.70,1511.20,5542
2026-09-09 09:27:00,1511.20,1511.70,1510.00,1510.00,2823
2026-09-09 09:28:00,1510.00,1512.70,1509.40,1510.80,3188
2026-09-09 09:29:00,1510.80,1510.80,1508.50,1509.50,9309
2026-09-09 09:30:00,1509.50,1513.80,1509.30,1511.60,10811
2026-09-09 09:31:00,1511.70,1513.50,1510.30,1511.00,2183
2026-09-09 09:32:00,1511.00,1511.70,1510.20,1510.50,2488
2026-09-09 09:33:00,1510.50,1510.50,1508.20,1508.80,2874
2026-09-09 09:34:00,1508.80,1509.90,1508.80,1509.70,1511
2026-09-09 09:35:00,1509.60,1510.60,1509.10,1510.30,1680
2026-09-09 09:36:00,1510.60,1512.00,1510.00,1512.00,1513
2026-09-09 09:37:00,1512.00,1517.40,1512.00,1516.40,7373
2026-09-09 09:38:00,1516.30,1517.50,1514.60,1517.00,2398
2026-09-09 09:39:00,1517.00,1518.00,1516.00,1517.40,4248
2026-09-09 09:40:00,1517.00,1517.80,1515.00,1517.30,1948
2026-09-09 09:41:00,1517.30,1517.50,1515.30,1515.90,2134
2026-09-09 09:42:00,1515.90,1516.90,1515.00,1516.40,1433
2026-09-09 09:43:00,1517.00,1518.30,1516.60,1516.60,5941
2026-09-09 09:44:00,1516.60,1516.60,1514.60,1515.20,2113
2026-09-09 09:45:00,1515.20,1515.20,1513.20,1513.20,3356
2026-09-09 09:46:00,1514.10,1514.10,1509.60,1510.40,8077
2026-09-09 09:47:00,1510.40,1510.70,1506.60,1507.90,7269
2026-09-09 09:48:00,1507.90,1508.50,1507.00,1508.10,1912
2026-09-09 09:49:00,1508.00,1508.40,1506.10,1507.40,3451
2026-09-09 09:50:00,1507.30,1508.50,1507.00,1507.40,2449
2026-09-09 09:51:00,1507.60,1507.60,1506.50,1507.30,2536
2026-09-09 09:52:00,1507.30,1509.90,1506.50,1509.80,2754
2026-09-09 09:53:00,1509.80,1509.90,1509.20,1509.20,932
2026-09-09 09:54:00,1509.60,1509.60,1507.70,1508.10,1093
2026-09-09 09:55:00,1507.70,1507.70,1505.80,1506.10,6955
2026-09-09 09:56:00,1505.80,1506.40,1505.50,1506.10,1650
2026-09-09 09:57:00,1506.10,1507.00,1506.00,1507.00,3249
2026-09-09 09:58:00,1506.50,1508.00,1506.50,1507.70,1165
2026-09-09 09:59:00,1507.20,1508.10,1506.10,1508.10,1544
2026-09-09 10:00:00,1508.50,1508.50,1507.40,1508.20,1329
2026-09-09 10:01:00,1507.60,1509.70,1507.60,1508.30,5118
2026-09-09 10:02:00,1508.90,1510.30,1508.60,1509.30,1678
2026-09-09 10:03:00,1509.80,1509.80,1508.80,1508.80,783
2026-09-09 10:04:00,1509.40,1510.40,1509.30,1509.70,3500
2026-09-09 10:05:00,1509.70,1510.30,1509.50,1510.20,310
2026-09-09 10:06:00,1509.90,1511.70,1509.20,1510.20,3556
2026-09-09 10:07:00,1510.50,1510.50,1509.20,1509.60,897
2026-09-09 10:08:00,1510.10,1510.10,1509.10,1509.60,714
2026-09-09 10:09:00,1510.10,1512.40,1510.10,1511.00,1858
2026-09-09 10:10:00,1511.00,1511.70,1510.00,1511.20,889
2026-09-09 10:11:00,1511.10,1512.00,1510.70,1511.40,1020
2026-09-09 10:12:00,1511.00,1513.50,1510.80,1512.90,3902
2026-09-09 10:13:00,1512.80,1514.00,1512.40,1513.60,1084
2026-09-09 10:14:00,1513.60,1513.70,1512.60,1512.60,403
2026-09-09 10:15:00,1512.70,1514.00,1512.70,1513.30,1889
2026-09-09 10:16:00,1513.70,1515.30,1512.20,1514.20,10826
2026-09-09 10:17:00,1515.10,1515.10,1514.10,1514.50,357
2026-09-09 10:18:00,1514.50,1515.10,1513.10,1513.60,608
2026-09-09 10:19:00,1513.60,1514.10,1512.70,1514.10,1126
2026-09-09 10:20:00,1514.10,1515.10,1513.40,1513.60,1546
2026-09-09 10:21:00,1514.00,1514.10,1513.40,1513.70,513
2026-09-09 10:22:00,1513.40,1513.70,1508.10,1508.70,7742
2026-09-09 10:23:00,1508.70,1511.20,1508.10,1510.50,2320
2026-09-09 10:24:00,1511.00,1511.90,1509.40,1511.60,2557
2026-09-09 10:25:00,1511.60,1512.00,1510.60,1511.20,944
2026-09-09 10:26:00,1510.90,1512.50,1510.90,1512.40,696
2026-09-09 10:27:00,1512.00,1512.50,1510.70,1511.50,2558
2026-09-09 10:28:00,1512.20,1512.20,1510.40,1510.70,1892
2026-09-09 10:29:00,1511.40,1511.40,1510.70,1511.30,603
2026-09-09 10:30:00,1511.30,1511.40,1510.50,1511.20,2612
2026-09-09 10:31:00,1511.20,1511.20,1508.50,1508.50,1948
2026-09-09 10:32:00,1508.40,1511.00,1508.00,1510.60,1093
2026-09-09 10:33:00,1510.90,1511.20,1510.00,1510.00,1347
2026-09-09 10:34:00,1510.10,1510.90,1509.10,1509.90,1174
2026-09-09 10:35:00,1509.90,1510.50,1509.10,1510.00,2874
2026-09-09 10:36:00,1509.90,1509.90,1509.10,1509.80,546
2026-09-09 10:37:00,1509.30,1509.80,1509.10,1509.20,854
2026-09-09 10:38:00,1509.20,1510.60,1509.00,1510.10,1092
2026-09-09 10:39:00,1510.10,1510.70,1509.20,1509.20,5049
2026-09-09 10:40:00,1509.80,1509.80,1508.30,1509.00,1281
2026-09-09 10:41:00,1509.00,1510.20,1508.30,1509.80,1963
2026-09-09 10:42:00,1509.80,1510.00,1509.10,1510.00,2988
2026-09-09 10:43:00,1510.00,1514.00,1510.00,1513.00,10585
2026-09-09 10:44:00,1513.00,1514.00,1512.70,1514.00,1534
2026-09-09 10:45:00,1513.60,1514.00,1510.80,1512.60,1387
2026-09-09 10:46:00,1512.60,1512.70,1511.40,1512.00,1443
2026-09-09 10:47:00,1512.20,1513.10,1511.80,1512.30,1362
2026-09-09 10:48:00,1512.70,1514.00,1512.00,1512.70,1420
2026-09-09 10:49:00,1513.00,1513.30,1512.40,1513.30,561
2026-09-09 10:50:00,1513.30,1513.30,1511.50,1511.60,2909
2026-09-09 10:51:00,1511.90,1511.90,1511.00,1511.50,678
2026-09-09 10:52:00,1511.50,1514.00,1510.90,1514.00,2742
2026-09-09 10:53:00,1514.00,1514.90,1512.70,1513.40,3661
2026-09-09 10:54:00,1513.40,1513.40,1512.30,1513.00,438
2026-09-09 10:55:00,1512.70,1513.00,1511.30,1511.90,585
2026-09-09 10:56:00,1512.50,1512.80,1511.40,1512.10,743
2026-09-09 10:57:00,1511.90,1512.90,1511.40,1512.60,723
2026-09-09 10:58:00,1512.60,1513.00,1512.00,1513.00,960
2026-09-09 10:59:00,1513.00,1513.50,1512.60,1513.10,757
2026-09-09 11:00:00,1512.30,1513.10,1511.70,1512.50,683
2026-09-09 11:01:00,1512.50,1513.20,1512.00,1512.30,878
2026-09-09 11:02:00,1512.50,1512.80,1511.90,1512.40,430
2026-09-09 11:03:00,1512.90,1512.90,1512.00,1512.40,573
2026-09-09 11:04:00,1512.00,1514.40,1510.80,1513.00,3993
2026-09-09 11:05:00,1513.40,1513.90,1513.00,1513.00,902
2026-09-09 11:06:00,1513.50,1513.50,1512.40,1513.40,1642
2026-09-09 11:07:00,1513.40,1513.40,1512.30,1512.60,610
2026-09-09 11:08:00,1512.60,1513.00,1512.00,1512.50,1120
2026-09-09 11:09:00,1512.00,1513.00,1511.50,1513.00,1136
2026-09-09 11:10:00,1513.00,1513.00,1512.00,1512.00,931
2026-09-09 11:11:00,1512.60,1512.80,1511.50,1512.40,4519
2026-09-09 11:12:00,1512.40,1516.00,1511.80,1515.80,5166
2026-09-09 11:13:00,1515.90,1516.10,1512.80,1515.20,12619
2026-09-09 11:14:00,1515.50,1515.50,1513.20,1513.90,21669
2026-09-09 11:15:00,1513.90,1516.80,1513.80,1516.30,3144
2026-09-09 11:16:00,1516.30,1516.40,1515.20,1515.80,1198
2026-09-09 11:17:00,1515.80,1515.90,1514.80,1515.80,1916
2026-09-09 11:18:00,1515.80,1516.00,1515.10,1515.10,813
2026-09-09 11:19:00,1515.30,1516.90,1514.50,1516.90,1941
2026-09-09 11:20:00,1516.90,1516.90,1515.50,1515.80,779
2026-09-09 11:21:00,1515.80,1516.10,1514.60,1515.20,1701
2026-09-09 11:22:00,1514.30,1514.60,1514.00,1514.00,1419
2026-09-09 11:23:00,1514.50,1514.80,1514.00,1514.80,3230
2026-09-09 11:24:00,1514.70,1514.70,1513.90,1514.40,666
2026-09-09 11:25:00,1514.40,1514.40,1513.50,1513.50,771
2026-09-09 11:26:00,1513.50,1514.40,1512.80,1513.30,1264
2026-09-09 11:27:00,1513.40,1513.90,1512.90,1513.40,574
2026-09-09 11:28:00,1513.40,1514.00,1513.00,1513.60,1511
2026-09-09 11:29:00,1513.60,1514.00,1513.10,1513.70,995
2026-09-09 11:30:00,1513.70,1513.70,1512.70,1513.50,923
2026-09-09 11:31:00,1513.50,1514.10,1512.70,1513.80,2494
2026-09-09 11:32:00,1513.80,1514.00,1512.80,1513.30,805
2026-09-09 11:33:00,1513.50,1514.00,1513.00,1513.60,1238
2026-09-09 11:34:00,1513.70,1513.90,1512.80,1513.40,708
2026-09-09 11:35:00,1513.40,1513.80,1513.00,1513.50,587
2026-09-09 11:36:00,1513.50,1513.50,1511.00,1511.00,4066
2026-09-09 11:37:00,1511.50,1511.60,1510.80,1511.30,1295
2026-09-09 11:38:00,1511.50,1511.60,1511.00,1511.50,1424
2026-09-09 11:39:00,1511.50,1512.80,1511.00,1512.80,1427
2026-09-09 11:40:00,1512.50,1513.70,1512.00,1512.90,919
2026-09-09 11:41:00,1513.30,1513.80,1512.70,1513.80,746
2026-09-09 11:42:00,1513.20,1513.80,1512.80,1513.10,498
2026-09-09 11:43:00,1513.10,1513.90,1513.00,1513.70,699
2026-09-09 11:44:00,1514.00,1514.60,1513.70,1514.20,1293
2026-09-09 11:45:00,1514.20,1514.20,1512.50,1513.00,1154
2026-09-09 11:46:00,1513.00,1514.20,1512.50,1513.60,981
2026-09-09 11:47:00,1514.20,1515.50,1514.00,1514.90,1029
2026-09-09 11:48:00,1514.90,1514.90,1513.50,1514.00,857
2026-09-09 11:49:00,1513.50,1514.00,1513.10,1513.70,685
2026-09-09 11:50:00,1513.20,1513.50,1512.20,1513.10,1615
2026-09-09 11:51:00,1513.10,1513.90,1512.10,1513.70,1196
2026-09-09 11:52:00,1513.70,1513.70,1512.10,1512.10,886
2026-09-09 11:53:00,1512.60,1513.60,1511.40,1513.50,1108
2026-09-09 11:54:00,1513.30,1513.30,1511.80,1512.40,1362
2026-09-09 11:55:00,1512.40,1513.00,1511.60,1512.10,912
2026-09-09 11:56:00,1512.10,1512.70,1511.60,1511.90,1285
2026-09-09 11:57:00,1511.90,1512.90,1511.60,1512.50,1057
2026-09-09 11:58:00,1513.10,1513.30,1511.80,1512.50,674
2026-09-09 11:59:00,1512.50,1512.50,1511.50,1512.00,1050
2026-09-09 12:00:00,1512.00,1512.00,1511.50,1511.90,720
2026-09-09 12:01:00,1511.90,1513.00,1511.50,1513.00,1453
2026-09-09 12:02:00,1513.00,1513.50,1512.20,1513.50,1219
2026-09-09 12:03:00,1514.00,1514.00,1513.00,1513.40,1145
2026-09-09 12:04:00,1513.50,1513.60,1513.00,1513.60,552
2026-09-09 12:05:00,1513.60,1513.80,1512.40,1512.70,1409
2026-09-09 12:06:00,1512.70,1513.30,1512.50,1513.30,1023
2026-09-09 12:07:00,1513.30,1513.30,1512.40,1513.10,463
2026-09-09 12:08:00,1513.10,1513.10,1512.70,1513.10,538
2026-09-09 12:09:00,1513.10,1513.10,1512.10,1512.20,1376
2026-09-09 12:10:00,1512.80,1513.10,1512.30,1513.10,1084
2026-09-09 12:11:00,1513.10,1513.10,1512.30,1512.70,784
2026-09-09 12:12:00,1512.70,1513.50,1512.40,1513.30,1576
2026-09-09 12:13:00,1513.30,1513.30,1512.70,1513.30,597
2026-09-09 12:14:00,1512.90,1513.30,1511.70,1511.90,2118
2026-09-09 12:15:00,1512.30,1512.30,1510.10,1510.50,6460
2026-09-09 12:16:00,1510.50,1512.40,1510.20,1510.70,4349
2026-09-09 12:17:00,1510.80,1510.80,1510.00,1510.50,2181
2026-09-09 12:18:00,1510.50,1511.60,1510.10,1511.60,868
2026-09-09 12:19:00,1511.50,1511.50,1510.00,1510.90,1270
2026-09-09 12:20:00,1511.00,1511.10,1510.00,1510.50,1369
2026-09-09 12:21:00,1510.50,1510.60,1509.60,1510.00,2341
2026-09-09 12:22:00,1510.00,1511.00,1509.60,1510.70,1382
2026-09-09 12:23:00,1510.70,1510.70,1510.00,1510.60,675
2026-09-09 12:24:00,1510.60,1511.40,1510.10,1511.00,2114
2026-09-09 12:25:00,1511.00,1511.20,1510.10,1510.70,564
2026-09-09 12:26:00,1510.80,1510.80,1510.20,1510.80,566
2026-09-09 12:27:00,1510.80,1510.80,1510.00,1510.30,594
2026-09-09 12:28:00,1510.30,1511.20,1510.20,1510.80,3558
2026-09-09 12:29:00,1510.80,1510.80,1509.70,1510.00,2983
2026-09-09 12:30:00,1510.00,1510.00,1509.60,1510.00,1413
2026-09-09 12:31:00,1510.00,1511.10,1509.80,1510.60,3988
2026-09-09 12:32:00,1511.10,1511.50,1510.90,1511.10,1053
2026-09-09 12:33:00,1511.10,1511.80,1510.60,1511.80,2350
2026-09-09 12:34:00,1511.80,1511.80,1511.00,1511.50,849
2026-09-09 12:35:00,1511.50,1512.60,1511.40,1512.00,4170
2026-09-09 12:36:00,1512.00,1513.00,1511.90,1513.00,976
2026-09-09 12:37:00,1513.00,1513.00,1512.00,1512.40,1353
2026-09-09 12:38:00,1512.40,1513.30,1512.00,1513.00,5460
2026-09-09 12:39:00,1513.10,1513.80,1512.30,1513.30,2529
2026-09-09 12:40:00,1513.30,1513.50,1512.10,1512.60,1476
2026-09-09 12:41:00,1512.70,1513.00,1511.70,1512.70,1098
2026-09-09 12:42:00,1512.70,1513.40,1512.40,1513.20,1074
2026-09-09 12:43:00,1513.20,1513.20,1512.40,1513.00,944
2026-09-09 12:44:00,1513.00,1513.00,1512.50,1513.00,1660
2026-09-09 12:45:00,1512.90,1513.00,1512.20,1512.50,3640
2026-09-09 12:46:00,1512.60,1512.60,1511.60,1512.30,2073
2026-09-09 12:47:00,1512.20,1512.20,1511.40,1511.50,1394
2026-09-09 12:48:00,1511.60,1513.20,1511.50,1513.00,5076
2026-09-09 12:49:00,1513.30,1514.40,1512.70,1513.40,3375
2026-09-09 12:50:00,1513.60,1514.00,1513.30,1514.00,690
2026-09-09 12:51:00,1514.00,1514.00,1513.20,1513.40,1614
2026-09-09 12:52:00,1513.30,1514.10,1513.00,1514.00,2103
2026-09-09 12:53:00,1514.00,1514.00,1513.10,1513.80,2280
2026-09-09 12:54:00,1513.80,1513.80,1513.00,1513.20,1321
2026-09-09 12:55:00,1513.20,1513.20,1512.40,1513.00,979
2026-09-09 12:56:00,1513.00,1513.00,1512.50,1512.90,1217
2026-09-09 12:57:00,1512.80,1513.90,1512.70,1513.80,3807
2026-09-09 12:58:00,1513.70,1513.80,1513.10,1513.60,747
2026-09-09 12:59:00,1513.60,1513.60,1513.10,1513.50,1261
2026-09-09 13:00:00,1513.30,1514.00,1513.10,1513.60,2313
2026-09-09 13:01:00,1513.60,1513.60,1512.50,1513.10,901
2026-09-09 13:02:00,1513.10,1513.10,1511.90,1512.20,833
2026-09-09 13:03:00,1512.20,1512.90,1511.80,1512.40,2114
2026-09-09 13:04:00,1512.50,1512.50,1511.80,1512.30,777
2026-09-09 13:05:00,1512.30,1512.30,1511.80,1512.30,614
2026-09-09 13:06:00,1512.30,1513.40,1512.20,1513.30,2816
2026-09-09 13:07:00,1513.40,1513.80,1513.30,1513.80,2069
2026-09-09 13:08:00,1513.80,1514.20,1510.90,1512.00,10561
2026-09-09 13:09:00,1512.00,1512.90,1508.10,1508.70,22780
2026-09-09 13:10:00,1508.70,1509.10,1507.00,1507.50,7334
2026-09-09 13:11:00,1507.30,1507.50,1504.20,1504.60,13744
2026-09-09 13:12:00,1504.60,1505.30,1503.40,1505.30,5040
2026-09-09 13:13:00,1505.30,1505.30,1504.00,1504.20,1677
2026-09-09 13:14:00,1504.20,1504.40,1503.30,1503.30,3414
2026-09-09 13:15:00,1503.50,1503.50,1502.00,1502.30,6664
2026-09-09 13:16:00,1502.30,1503.20,1502.00,1502.20,5832
2026-09-09 13:17:00,1502.20,1503.00,1501.80,1503.00,7473
2026-09-09 13:18:00,1503.00,1503.00,1502.50,1502.50,1088
2026-09-09 13:19:00,1502.90,1504.00,1501.70,1503.90,3485
2026-09-09 13:20:00,1503.90,1503.90,1503.20,1503.40,1471
2026-09-09 13:21:00,1503.40,1504.70,1503.20,1504.60,5656
2026-09-09 13:22:00,1504.60,1505.00,1504.00,1504.40,3025
2026-09-09 13:23:00,1504.40,1504.50,1504.00,1504.10,1248
2026-09-09 13:24:00,1504.20,1504.60,1504.00,1504.10,3271
2026-09-09 13:25:00,1504.60,1505.70,1504.50,1505.40,1283
2026-09-09 13:26:00,1505.40,1505.40,1504.40,1504.80,941
2026-09-09 13:27:00,1504.80,1504.80,1504.00,1504.50,1072
2026-09-09 13:28:00,1504.50,1504.70,1504.10,1504.70,4004
2026-09-09 13:29:00,1504.90,1506.00,1504.70,1505.70,1401
2026-09-09 13:30:00,1505.60,1505.60,1504.40,1504.70,2193
2026-09-09 13:31:00,1504.70,1505.70,1504.60,1505.50,2610
2026-09-09 13:32:00,1505.50,1505.50,1504.40,1504.40,1415
2026-09-09 13:33:00,1504.40,1504.40,1504.20,1504.30,921
2026-09-09 13:34:00,1504.30,1506.00,1504.20,1505.00,3984
2026-09-09 13:35:00,1505.40,1506.40,1505.10,1505.70,2271
2026-09-09 13:36:00,1505.90,1505.90,1504.40,1504.80,1076
2026-09-09 13:37:00,1504.80,1505.00,1504.20,1504.70,2562
2026-09-09 13:38:00,1504.70,1505.40,1504.50,1504.50,2807
2026-09-09 13:39:00,1504.50,1505.20,1504.10,1505.00,1315
2026-09-09 13:40:00,1505.20,1505.20,1504.10,1504.50,745
2026-09-09 13:41:00,1504.50,1504.90,1504.20,1504.40,1336
2026-09-09 13:42:00,1504.40,1504.40,1503.00,1504.20,8051
2026-09-09 13:43:00,1504.00,1504.00,1503.00,1503.30,1139
2026-09-09 13:44:00,1503.40,1503.40,1502.30,1502.80,1317
2026-09-09 13:45:00,1502.80,1502.80,1502.30,1502.80,1928
2026-09-09 13:46:00,1502.70,1502.80,1502.30,1502.60,1086
2026-09-09 13:47:00,1502.50,1502.60,1502.30,1502.60,1550
2026-09-09 13:48:00,1502.60,1502.60,1502.00,1502.30,2337
2026-09-09 13:49:00,1502.20,1502.30,1502.00,1502.30,1932
2026-09-09 13:50:00,1502.30,1503.00,1502.00,1502.60,6050
2026-09-09 13:51:00,1502.70,1502.80,1502.30,1502.40,1011
2026-09-09 13:52:00,1502.40,1503.30,1502.30,1503.30,3131
2026-09-09 13:53:00,1503.30,1503.40,1502.50,1502.90,1054
2026-09-09 13:54:00,1502.90,1502.90,1502.00,1502.40,1435
2026-09-09 13:55:00,1502.40,1502.40,1502.00,1502.30,541
2026-09-09 13:56:00,1502.30,1502.60,1502.00,1502.30,2591
2026-09-09 13:57:00,1502.60,1502.60,1502.10,1502.50,891
2026-09-09 13:58:00,1502.10,1502.50,1502.00,1502.50,2840
2026-09-09 13:59:00,1502.50,1503.10,1502.40,1503.10,3577
2026-09-09 14:00:00,1503.10,1503.10,1502.50,1503.10,1701
2026-09-09 14:01:00,1502.80,1503.10,1502.30,1502.90,1733
2026-09-09 14:02:00,1502.90,1503.70,1502.60,1503.60,3543
2026-09-09 14:03:00,1503.60,1504.40,1503.00,1503.70,3017
2026-09-09 14:04:00,1503.80,1503.80,1502.70,1503.00,1911
2026-09-09 14:05:00,1503.00,1503.00,1502.50,1502.80,952
2026-09-09 14:06:00,1503.00,1504.00,1503.00,1503.60,1975
2026-09-09 14:07:00,1503.60,1503.60,1502.50,1502.90,2682
2026-09-09 14:08:00,1503.00,1503.60,1502.30,1503.50,1332
2026-09-09 14:09:00,1503.50,1503.60,1502.60,1503.20,1112
2026-09-09 14:10:00,1503.30,1503.30,1502.20,1502.50,1783
2026-09-09 14:11:00,1502.50,1503.30,1502.40,1503.20,1816
2026-09-09 14:12:00,1503.20,1504.60,1503.00,1503.50,3048
2026-09-09 14:13:00,1503.50,1503.50,1502.70,1502.90,1106
2026-09-09 14:14:00,1502.90,1502.90,1502.30,1502.70,1888
2026-09-09 14:15:00,1502.90,1503.00,1502.30,1503.00,6040
2026-09-09 14:16:00,1503.00,1504.60,1502.90,1504.00,2527
2026-09-09 14:17:00,1504.00,1505.20,1503.90,1504.40,2688
2026-09-09 14:18:00,1504.40,1504.80,1504.00,1504.70,2535
2026-09-09 14:19:00,1504.70,1504.70,1503.80,1504.10,1102
2026-09-09 14:20:00,1504.30,1504.70,1504.10,1504.70,1614
2026-09-09 14:21:00,1504.60,1505.50,1504.50,1505.50,9263
2026-09-09 14:22:00,1505.60,1507.10,1505.50,1506.90,15149
2026-09-09 14:23:00,1507.10,1507.40,1506.00,1507.10,3577
2026-09-09 14:24:00,1507.00,1507.10,1506.10,1506.60,3667
2026-09-09 14:25:00,1506.60,1506.60,1505.90,1506.60,4824
2026-09-09 14:26:00,1506.50,1506.60,1506.50,1506.60,4117
2026-09-09 14:27:00,1506.60,1507.80,1506.50,1507.50,10990
2026-09-09 14:28:00,1507.50,1507.50,1506.80,1507.30,2007
2026-09-09 14:29:00,1507.30,1507.30,1506.90,1507.00,736
2026-09-09 14:30:00,1507.00,1507.00,1506.50,1506.60,3933
2026-09-09 14:31:00,1506.60,1507.00,1506.60,1507.00,4386
2026-09-09 14:32:00,1507.00,1507.00,1506.60,1506.90,2024
2026-09-09 14:33:00,1506.50,1506.90,1506.50,1506.70,3511
2026-09-09 14:34:00,1506.70,1506.70,1506.50,1506.60,6709
2026-09-09 14:35:00,1506.60,1506.60,1506.50,1506.60,12953
2026-09-09 14:36:00,1506.60,1506.60,1504.60,1504.60,21871
2026-09-09 14:37:00,1504.60,1505.30,1503.90,1504.50,1987
2026-09-09 14:38:00,1504.30,1504.60,1503.60,1503.60,2915
2026-09-09 14:39:00,1504.00,1504.00,1502.90,1503.90,34796
2026-09-09 14:40:00,1504.10,1504.10,1502.10,1502.50,13514
2026-09-09 14:41:00,1502.50,1503.40,1502.40,1502.80,11085
2026-09-09 14:42:00,1502.90,1503.00,1502.50,1502.80,1767
2026-09-09 14:43:00,1502.90,1502.90,1502.70,1502.70,1383
2026-09-09 14:44:00,1502.80,1502.80,1502.50,1502.80,955
2026-09-09 14:45:00,1502.80,1502.80,1502.50,1502.80,1690
2026-09-09 14:46:00,1502.80,1502.80,1502.30,1502.60,788
2026-09-09 14:47:00,1502.50,1502.80,1501.30,1502.40,7809
2026-09-09 14:48:00,1502.40,1503.30,1501.20,1503.30,4738
2026-09-09 14:49:00,1503.20,1503.20,1502.60,1503.00,1821
2026-09-09 14:50:00,1502.90,1503.40,1502.30,1503.10,3599
2026-09-09 14:51:00,1503.30,1503.50,1502.70,1502.80,1790
2026-09-09 14:52:00,1503.00,1503.60,1503.00,1503.30,3965
2026-09-09 14:53:00,1503.20,1504.00,1503.20,1503.70,5799
2026-09-09 14:54:00,1503.80,1504.20,1503.30,1503.30,3576
2026-09-09 14:55:00,1503.20,1503.30,1503.20,1503.20,3893
2026-09-09 14:56:00,1503.20,1503.20,1503.10,1503.20,1963
2026-09-09 14:57:00,1503.10,1504.70,1503.10,1504.40,8687
2026-09-09 14:58:00,1504.40,1504.40,1503.60,1503.90,4971
2026-09-09 14:59:00,1503.60,1503.90,1503.10,1503.10,5871
2026-09-09 15:00:00,1503.00,1503.00,1502.10,1502.10,5662
2026-09-09 15:01:00,1502.10,1502.20,1501.00,1501.40,6325
2026-09-09 15:02:00,1501.20,1501.40,1500.90,1500.90,7798
2026-09-09 15:03:00,1501.00,1501.00,1500.00,1500.00,5939
2026-09-09 15:04:00,1499.90,1499.90,1498.50,1499.10,15612
2026-09-09 15:05:00,1499.00,1499.90,1498.00,1499.80,16178
2026-09-09 15:06:00,1499.90,1500.40,1499.60,1500.00,9459
2026-09-09 15:07:00,1500.10,1501.70,1499.40,1501.10,20023
2026-09-09 15:08:00,1501.10,1502.20,1501.00,1501.90,7225
2026-09-09 15:09:00,1501.90,1502.00,1501.80,1501.90,4344
2026-09-09 15:10:00,1501.80,1501.80,1500.50,1500.50,10159
2026-09-09 15:11:00,1500.50,1502.00,1500.50,1501.30,14311
2026-09-09 15:12:00,1501.30,1502.60,1500.50,1501.80,18474
2026-09-09 15:13:00,1501.80,1502.80,1501.10,1502.30,13263
2026-09-09 15:14:00,1501.30,1503.00,1501.30,1503.00,6595
2026-09-09 15:15:00,1503.00,1503.00,1503.00,1503.00,0
2026-09-09 15:16:00,1503.00,1503.00,1503.00,1503.00,0
2026-09-09 15:17:00,1503.00,1503.00,1503.00,1503.00,0
2026-09-09 15:18:00,1503.00,1503.00,1503.00,1503.00,0
2026-09-09 15:19:00,1503.00,1503.00,1503.00,1503.00,0
2026-09-09 15:20:00,1503.00,1503.00,1503.00,1503.00,0
2026-09-09 15:21:00,1503.00,1503.00,1503.00,1503.00,0
2026-09-09 15:22:00,1503.00,1503.00,1503.00,1503.00,0
2026-09-09 15:23:00,1503.00,1503.00,1503.00,1503.00,0
2026-09-09 15:24:00,1503.00,1503.00,1503.00,1503.00,0
2026-09-09 15:25:00,1503.00,1503.00,1503.00,1503.00,0
2026-09-09 15:26:00,1503.00,1503.00,1503.00,1503.00,0
2026-09-09 15:27:00,1503.00,1503.00,1503.00,1503.00,0
2026-09-09 15:28:00,1503.00,1508.00,1503.00,1508.00,70766
2026-09-09 15:29:00,1508.00,1508.00,1508.00,1508.00,0
2026-09-10 09:15:00,1511.90,1511.90,1502.60,1503.70,21294
2026-09-10 09:16:00,1503.10,1503.10,1498.10,1499.30,8150
2026-09-10 09:17:00,1498.90,1507.00,1498.90,1506.20,4795
2026-09-10 09:18:00,1506.40,1509.00,1503.00,1507.20,9916
2026-09-10 09:19:00,1507.90,1509.70,1507.70,1509.50,3303
2026-09-10 09:20:00,1509.40,1509.40,1503.30,1504.70,4846
2026-09-10 09:21:00,1504.40,1509.40,1504.30,1508.20,5113
2026-09-10 09:22:00,1508.20,1508.40,1505.60,1507.50,1673
2026-09-10 09:23:00,1507.00,1513.90,1507.00,1512.40,7100
2026-09-10 09:24:00,1512.80,1515.40,1512.00,1514.50,7312
2026-09-10 09:25:00,1514.50,1514.50,1512.30,1514.50,3024
2026-09-10 09:26:00,1514.50,1516.90,1513.60,1516.80,5564
2026-09-10 09:27:00,1516.40,1518.80,1515.80,1518.20,5169
2026-09-10 09:28:00,1518.40,1519.90,1517.50,1519.90,9194
2026-09-10 09:29:00,1520.60,1523.00,1519.60,1523.00,8606
2026-09-10 09:30:00,1524.40,1529.10,1524.30,1528.60,15346
2026-09-10 09:31:00,1528.20,1529.30,1525.40,1528.10,9456
2026-09-10 09:32:00,1528.60,1532.80,1527.90,1532.80,12601
2026-09-10 09:33:00,1532.60,1538.40,1531.80,1537.40,16329
2026-09-10 09:34:00,1538.00,1541.90,1537.40,1541.20,15120
2026-09-10 09:35:00,1540.20,1543.40,1540.20,1542.00,16032
2026-09-10 09:36:00,1542.40,1544.60,1540.60,1543.00,14394
2026-09-10 09:37:00,1543.50,1544.50,1541.20,1543.90,12820
2026-09-10 09:38:00,1543.30,1544.70,1536.00,1539.00,111411
2026-09-10 09:39:00,1539.00,1540.00,1537.50,1537.90,23473
2026-09-10 09:40:00,1537.90,1540.00,1537.20,1539.90,19996
2026-09-10 09:41:00,1540.00,1542.00,1539.50,1539.50,12389
2026-09-10 09:42:00,1540.40,1542.00,1538.50,1539.70,8714
2026-09-10 09:43:00,1539.00,1539.20,1536.30,1537.00,12768
2026-09-10 09:44:00,1537.00,1539.00,1535.60,1536.00,15690
2026-09-10 09:45:00,1536.00,1536.90,1534.80,1535.00,19708
2026-09-10 09:46:00,1535.10,1535.40,1531.20,1532.00,26610
2026-09-10 09:47:00,1531.70,1533.20,1530.10,1532.30,17410
2026-09-10 09:48:00,1532.40,1533.00,1530.80,1531.00,7815
2026-09-10 09:49:00,1531.30,1531.30,1529.20,1530.20,14198
2026-09-10 09:50:00,1530.20,1533.80,1529.70,1533.70,10387
2026-09-10 09:51:00,1533.10,1533.70,1530.80,1532.40,6481
2026-09-10 09:52:00,1532.70,1532.70,1531.30,1532.60,6643
2026-09-10 09:53:00,1532.60,1533.50,1531.90,1532.00,4705
2026-09-10 09:54:00,1532.60,1533.40,1532.40,1532.70,3911
2026-09-10 09:55:00,1533.20,1534.70,1532.10,1533.70,15158
2026-09-10 09:56:00,1533.70,1533.90,1532.40,1532.90,3754
2026-09-10 09:57:00,1533.50,1533.50,1530.10,1531.30,12210
2026-09-10 09:58:00,1531.40,1531.40,1530.00,1530.00,5959
2026-09-10 09:59:00,1530.60,1530.80,1530.00,1530.00,5461
2026-09-10 10:00:00,1530.30,1530.30,1527.90,1527.90,12024
2026-09-10 10:01:00,1528.50,1528.80,1526.00,1526.40,8625
2026-09-10 10:02:00,1526.90,1527.00,1525.00,1526.00,4931
2026-09-10 10:03:00,1526.00,1526.90,1525.40,1526.70,2428
2026-09-10 10:04:00,1526.90,1527.90,1526.20,1527.30,3295
2026-09-10 10:05:00,1527.60,1528.00,1526.20,1526.50,10388
2026-09-10 10:06:00,1526.80,1527.20,1526.20,1526.30,3423
2026-09-10 10:07:00,1526.30,1527.90,1526.20,1527.10,2792
2026-09-10 10:08:00,1527.10,1527.80,1526.80,1527.50,2023
2026-09-10 10:09:00,1527.50,1527.80,1525.50,1526.00,6641
2026-09-10 10:10:00,1526.30,1526.40,1525.30,1526.00,2844
2026-09-10 10:11:00,1525.90,1526.00,1524.30,1525.30,7171
2026-09-10 10:12:00,1525.50,1526.40,1524.50,1525.80,4064
2026-09-10 10:13:00,1525.30,1526.10,1524.70,1525.90,2782
2026-09-10 10:14:00,1526.00,1526.00,1525.00,1525.00,2274
2026-09-10 10:15:00,1525.30,1525.30,1521.50,1522.40,11186
2026-09-10 10:16:00,1522.20,1522.90,1521.40,1522.00,2597
2026-09-10 10:17:00,1522.30,1522.30,1520.50,1521.10,2697
2026-09-10 10:18:00,1521.00,1522.00,1519.40,1521.50,10902
2026-09-10 10:19:00,1522.00,1522.20,1520.40,1520.80,1156
2026-09-10 10:20:00,1520.90,1521.00,1517.50,1517.50,3470
2026-09-10 10:21:00,1518.50,1519.90,1517.50,1519.90,877
2026-09-10 10:22:00,1519.10,1519.40,1518.30,1518.70,1064
2026-09-10 10:23:00,1519.00,1520.20,1518.70,1520.20,1454
2026-09-10 10:24:00,1520.50,1520.50,1518.10,1518.10,3815
2026-09-10 10:25:00,1518.50,1519.00,1518.20,1519.00,841
2026-09-10 10:26:00,1519.00,1519.60,1518.60,1519.20,548
2026-09-10 10:27:00,1519.60,1519.60,1517.30,1517.30,3468
2026-09-10 10:28:00,1517.90,1518.10,1516.00,1517.00,5942
2026-09-10 10:29:00,1517.00,1517.40,1515.00,1515.00,3914
2026-09-10 10:30:00,1515.50,1515.50,1513.20,1515.00,4305
2026-09-10 10:31:00,1515.00,1516.60,1514.20,1516.00,1480
2026-09-10 10:32:00,1516.00,1516.20,1515.50,1515.50,1314
2026-09-10 10:33:00,1516.00,1516.90,1515.50,1516.90,1130
2026-09-10 10:34:00,1516.80,1516.90,1515.80,1516.00,1553
2026-09-10 10:35:00,1516.30,1517.00,1515.00,1515.80,1721
2026-09-10 10:36:00,1515.80,1516.10,1515.00,1515.50,559
2026-09-10 10:37:00,1515.60,1517.10,1515.00,1517.10,3826
2026-09-10 10:38:00,1517.20,1519.90,1516.60,1518.90,5007
2026-09-10 10:39:00,1518.90,1521.40,1518.30,1520.70,8326
2026-09-10 10:40:00,1520.60,1521.30,1520.00,1520.20,1737
2026-09-10 10:41:00,1520.50,1521.00,1519.30,1520.80,6293
2026-09-10 10:42:00,1520.80,1520.80,1520.00,1520.50,863
2026-09-10 10:43:00,1520.20,1522.00,1520.00,1521.70,1854
2026-09-10 10:44:00,1521.70,1522.70,1520.70,1522.70,2747
2026-09-10 10:45:00,1522.70,1523.20,1520.00,1521.30,6967
2026-09-10 10:46:00,1521.50,1522.10,1521.20,1521.20,591
2026-09-10 10:47:00,1521.70,1522.60,1521.20,1521.80,1381
2026-09-10 10:48:00,1522.70,1522.90,1521.80,1522.50,2416
2026-09-10 10:49:00,1522.50,1522.90,1521.50,1521.50,1422
2026-09-10 10:50:00,1522.00,1522.50,1522.00,1522.10,755
2026-09-10 10:51:00,1522.40,1522.40,1519.30,1520.00,2811
2026-09-10 10:52:00,1520.00,1522.80,1520.00,1521.70,2461
2026-09-10 10:53:00,1521.80,1522.80,1520.70,1522.50,495
2026-09-10 10:54:00,1524.90,1525.00,1524.00,1524.80,4706
2026-09-10 10:55:00,1524.80,1526.30,1524.00,1524.10,4493
2026-09-10 10:56:00,1524.20,1524.30,1523.40,1523.70,555
2026-09-10 10:57:00,1524.30,1525.90,1523.70,1524.30,3419
2026-09-10 10:58:00,1524.80,1525.30,1524.20,1525.00,1880
2026-09-10 10:59:00,1525.10,1525.80,1525.10,1525.70,969
2026-09-10 11:00:00,1526.00,1526.30,1524.10,1524.10,2387
2026-09-10 11:01:00,1525.10,1525.10,1524.10,1524.70,464
2026-09-10 11:02:00,1524.70,1524.70,1522.80,1522.80,1662
2026-09-10 11:03:00,1523.00,1523.00,1522.10,1522.80,1132
2026-09-10 11:04:00,1522.80,1522.90,1521.50,1521.50,1127
2026-09-10 11:05:00,1521.70,1522.00,1520.20,1520.50,1944
2026-09-10 11:06:00,1520.90,1521.00,1518.30,1518.30,1663
2026-09-10 11:07:00,1518.40,1519.50,1518.00,1519.40,3922
2026-09-10 11:08:00,1519.50,1519.50,1518.80,1519.10,853
2026-09-10 11:09:00,1519.50,1519.50,1519.10,1519.20,189
2026-09-10 11:10:00,1519.40,1519.50,1519.10,1519.20,1263
2026-09-10 11:11:00,1519.40,1519.40,1518.70,1518.70,1347
2026-09-10 11:12:00,1519.00,1519.00,1518.20,1518.70,312
2026-09-10 11:13:00,1518.90,1522.10,1518.90,1519.90,9126
2026-09-10 11:14:00,1520.60,1521.90,1519.00,1521.90,2216
2026-09-10 11:15:00,1521.90,1523.40,1521.40,1522.50,1805
2026-09-10 11:16:00,1522.90,1522.90,1522.10,1522.10,1069
2026-09-10 11:17:00,1522.50,1524.70,1522.00,1522.40,3749
2026-09-10 11:18:00,1522.40,1524.00,1521.60,1524.00,3721
2026-09-10 11:19:00,1524.70,1524.70,1524.10,1524.60,1043
2026-09-10 11:20:00,1524.60,1524.60,1523.00,1524.00,481
2026-09-10 11:21:00,1523.90,1524.50,1522.20,1522.20,1814
2026-09-10 11:22:00,1523.00,1523.00,1522.30,1523.00,694
2026-09-10 11:23:00,1523.20,1524.30,1522.70,1524.30,825
2026-09-10 11:24:00,1523.80,1524.30,1523.10,1523.10,615
2026-09-10 11:25:00,1523.80,1523.90,1523.20,1523.40,234
2026-09-10 11:26:00,1523.40,1523.80,1523.30,1523.50,183
2026-09-10 11:27:00,1523.50,1523.60,1522.50,1522.90,1222
2026-09-10 11:28:00,1523.00,1524.20,1522.90,1524.20,578
2026-09-10 11:29:00,1524.20,1524.30,1523.30,1524.00,1429
2026-09-10 11:30:00,1523.80,1524.30,1523.70,1524.30,977
2026-09-10 11:31:00,1524.30,1526.40,1524.30,1524.40,10291
2026-09-10 11:32:00,1524.80,1524.80,1523.10,1523.20,2972
2026-09-10 11:33:00,1523.60,1523.60,1523.10,1523.60,4442
2026-09-10 11:34:00,1523.80,1524.90,1523.60,1524.10,546
2026-09-10 11:35:00,1524.40,1524.90,1524.20,1524.20,589
2026-09-10 11:36:00,1524.50,1524.80,1524.30,1524.40,1105
2026-09-10 11:37:00,1524.40,1524.40,1523.60,1523.70,1127
2026-09-10 11:38:00,1524.40,1524.40,1523.70,1523.70,588
2026-09-10 11:39:00,1523.30,1523.60,1519.20,1519.60,5831
2026-09-10 11:40:00,1519.60,1523.80,1519.20,1522.90,10097
2026-09-10 11:41:00,1523.30,1524.50,1522.90,1523.90,3319
2026-09-10 11:42:00,1524.50,1525.00,1523.80,1524.00,1907
2026-09-10 11:43:00,1524.50,1525.00,1524.20,1524.40,1544
2026-09-10 11:44:00,1524.80,1525.60,1524.60,1525.10,2587
2026-09-10 11:45:00,1525.20,1528.10,1525.20,1527.00,9403
2026-09-10 11:46:00,1527.00,1527.20,1525.60,1525.60,1631
2026-09-10 11:47:00,1525.60,1526.40,1525.60,1526.40,1748
2026-09-10 11:48:00,1526.90,1526.90,1526.30,1526.50,594
2026-09-10 11:49:00,1526.80,1527.00,1526.10,1526.50,828
2026-09-10 11:50:00,1527.10,1527.10,1526.00,1526.10,624
2026-09-10 11:51:00,1526.40,1526.40,1525.60,1526.20,444
2026-09-10 11:52:00,1525.70,1527.20,1525.70,1527.20,433
2026-09-10 11:53:00,1527.10,1527.10,1526.50,1526.60,1097
2026-09-10 11:54:00,1526.70,1527.20,1526.40,1526.60,1308
2026-09-10 11:55:00,1526.70,1526.90,1526.40,1526.70,2192
2026-09-10 11:56:00,1526.80,1527.10,1525.60,1526.00,4126
2026-09-10 11:57:00,1526.00,1526.40,1525.70,1526.10,547
2026-09-10 11:58:00,1526.20,1526.20,1525.50,1525.50,714
2026-09-10 11:59:00,1525.70,1526.00,1524.90,1524.90,694
2026-09-10 12:00:00,1525.00,1526.00,1525.00,1525.90,293
2026-09-10 12:01:00,1525.90,1525.90,1525.00,1525.50,995
2026-09-10 12:02:00,1525.50,1525.70,1525.10,1525.60,1284
2026-09-10 12:03:00,1525.60,1525.60,1524.70,1525.40,780
2026-09-10 12:04:00,1525.50,1525.60,1523.40,1523.40,1399
2026-09-10 12:05:00,1524.00,1524.10,1523.50,1524.00,1935
2026-09-10 12:06:00,1524.00,1524.20,1523.50,1523.50,816
2026-09-10 12:07:00,1523.90,1524.90,1523.40,1524.90,693
2026-09-10 12:08:00,1525.00,1525.00,1524.60,1524.90,653
2026-09-10 12:09:00,1525.00,1525.00,1524.70,1524.90,665
2026-09-10 12:10:00,1524.90,1524.90,1524.50,1524.90,652
2026-09-10 12:11:00,1524.90,1524.90,1524.50,1524.70,517
2026-09-10 12:12:00,1524.70,1525.30,1523.70,1524.00,8142
2026-09-10 12:13:00,1524.50,1524.90,1523.20,1524.20,2973
2026-09-10 12:14:00,1524.90,1524.90,1524.30,1524.30,455
2026-09-10 12:15:00,1524.90,1524.90,1524.10,1524.50,2263
2026-09-10 12:16:00,1524.10,1524.60,1524.10,1524.30,344
2026-09-10 12:17:00,1524.50,1525.20,1524.40,1524.70,2203
2026-09-10 12:18:00,1525.00,1525.00,1524.10,1524.10,927
2026-09-10 12:19:00,1524.60,1524.70,1523.40,1524.20,804
2026-09-10 12:20:00,1524.70,1524.70,1524.30,1524.30,259
2026-09-10 12:21:00,1524.70,1524.70,1524.20,1524.20,1142
2026-09-10 12:22:00,1524.30,1524.30,1523.60,1524.30,363
2026-09-10 12:23:00,1524.20,1524.30,1523.20,1523.20,1885
2026-09-10 12:24:00,1523.60,1523.80,1519.60,1520.80,4717
2026-09-10 12:25:00,1520.20,1521.00,1520.00,1520.40,1685
2026-09-10 12:26:00,1521.00,1521.30,1520.10,1521.00,992
2026-09-10 12:27:00,1521.30,1521.50,1520.40,1521.00,1659
2026-09-10 12:28:00,1521.00,1523.10,1521.00,1522.00,1662
2026-09-10 12:29:00,1522.40,1522.60,1521.30,1522.40,1991
2026-09-10 12:30:00,1522.80,1522.80,1521.50,1521.80,434
2026-09-10 12:31:00,1522.40,1523.50,1521.80,1522.10,3786
2026-09-10 12:32:00,1522.70,1522.90,1522.20,1522.50,636
2026-09-10 12:33:00,1522.80,1523.80,1522.80,1523.00,1494
2026-09-10 12:34:00,1523.60,1523.60,1521.30,1521.70,496
2026-09-10 12:35:00,1521.90,1522.10,1521.00,1521.40,490
2026-09-10 12:36:00,1521.90,1522.00,1520.40,1520.80,1526
2026-09-10 12:37:00,1520.80,1521.10,1520.00,1520.30,1290
2026-09-10 12:38:00,1520.30,1520.30,1519.00,1519.60,3642
2026-09-10 12:39:00,1520.10,1520.10,1519.20,1519.20,676
2026-09-10 12:40:00,1519.20,1520.00,1519.20,1519.70,398
2026-09-10 12:41:00,1520.00,1520.10,1519.60,1519.60,424
2026-09-10 12:42:00,1520.00,1520.30,1518.60,1518.70,2386
2026-09-10 12:43:00,1518.70,1519.50,1518.70,1518.80,1139
2026-09-10 12:44:00,1519.00,1519.80,1519.00,1519.20,303
2026-09-10 12:45:00,1519.80,1520.80,1519.10,1520.60,907
2026-09-10 12:46:00,1520.70,1521.20,1520.20,1520.60,1361
2026-09-10 12:47:00,1520.50,1520.60,1519.30,1519.50,1392
2026-09-10 12:48:00,1519.70,1520.30,1519.70,1520.30,476
2026-09-10 12:49:00,1520.30,1520.50,1520.00,1520.50,265
2026-09-10 12:50:00,1520.60,1520.60,1520.00,1520.50,447
2026-09-10 12:51:00,1520.50,1521.00,1520.30,1521.00,1729
2026-09-10 12:52:00,1521.00,1521.00,1520.50,1520.70,477
2026-09-10 12:53:00,1520.50,1520.80,1519.50,1519.60,665
2026-09-10 12:54:00,1520.30,1520.40,1519.60,1519.80,215
2026-09-10 12:55:00,1519.80,1519.80,1518.00,1518.00,3093
2026-09-10 12:56:00,1519.00,1519.50,1518.50,1518.70,463
2026-09-10 12:57:00,1519.30,1519.30,1518.10,1519.30,435
2026-09-10 12:58:00,1519.30,1519.30,1518.20,1518.50,554
2026-09-10 12:59:00,1518.70,1520.00,1517.10,1519.20,7795
2026-09-10 13:00:00,1519.20,1519.30,1518.70,1519.30,377
2026-09-10 13:01:00,1519.70,1519.70,1518.70,1518.90,1768
2026-09-10 13:02:00,1519.30,1519.60,1518.90,1519.20,204
2026-09-10 13:03:00,1519.70,1519.70,1519.10,1519.10,484
2026-09-10 13:04:00,1519.50,1519.60,1517.40,1517.40,842
2026-09-10 13:05:00,1518.10,1519.00,1517.40,1517.90,543
2026-09-10 13:06:00,1518.20,1518.20,1516.40,1516.50,936
2026-09-10 13:07:00,1516.90,1517.10,1516.60,1516.80,343
2026-09-10 13:08:00,1517.10,1517.50,1517.00,1517.50,336
2026-09-10 13:09:00,1517.40,1517.50,1516.70,1516.70,2546
2026-09-10 13:10:00,1516.80,1517.00,1516.60,1517.00,1016
2026-09-10 13:11:00,1517.00,1517.70,1516.80,1517.60,666
2026-09-10 13:12:00,1517.50,1518.50,1517.10,1518.20,724
2026-09-10 13:13:00,1518.20,1518.20,1517.40,1517.70,621
2026-09-10 13:14:00,1517.50,1518.30,1517.40,1517.80,487
2026-09-10 13:15:00,1518.30,1518.70,1517.80,1517.80,586
2026-09-10 13:16:00,1518.40,1518.50,1517.30,1518.30,282
2026-09-10 13:17:00,1518.30,1518.50,1517.60,1517.60,523
2026-09-10 13:18:00,1518.00,1518.30,1517.70,1518.30,622
2026-09-10 13:19:00,1518.20,1518.40,1517.80,1517.80,233
2026-09-10 13:20:00,1517.80,1517.80,1516.50,1516.70,1427
2026-09-10 13:21:00,1517.00,1517.90,1516.70,1517.90,2049
2026-09-10 13:22:00,1517.50,1518.10,1516.60,1516.70,703
2026-09-10 13:23:00,1517.40,1517.80,1517.00,1517.70,402
2026-09-10 13:24:00,1517.80,1517.80,1517.20,1517.70,380
2026-09-10 13:25:00,1517.80,1517.90,1517.20,1517.30,729
2026-09-10 13:26:00,1517.70,1517.70,1517.20,1517.20,766
2026-09-10 13:27:00,1517.30,1517.30,1515.90,1516.20,1122
2026-09-10 13:28:00,1516.20,1516.20,1515.50,1516.00,415
2026-09-10 13:29:00,1516.20,1516.40,1515.50,1515.80,703
2026-09-10 13:30:00,1515.80,1515.90,1514.50,1514.90,2894
2026-09-10 13:31:00,1515.30,1516.50,1515.10,1516.20,1205
2026-09-10 13:32:00,1516.30,1516.70,1515.60,1515.80,1159
2026-09-10 13:33:00,1516.20,1516.30,1515.30,1516.20,813
2026-09-10 13:34:00,1516.30,1516.70,1515.50,1516.20,626
2026-09-10 13:35:00,1516.20,1517.10,1515.90,1517.00,792
2026-09-10 13:36:00,1517.10,1517.10,1513.90,1514.50,4508
2026-09-10 13:37:00,1515.30,1515.30,1513.40,1515.20,2286
2026-09-10 13:38:00,1515.30,1516.90,1515.30,1516.30,1026
2026-09-10 13:39:00,1516.30,1517.30,1516.30,1517.30,1412
2026-09-10 13:40:00,1517.30,1517.50,1516.70,1517.40,795
2026-09-10 13:41:00,1517.50,1517.80,1516.80,1517.40,1389
2026-09-10 13:42:00,1517.40,1517.60,1516.80,1516.80,1189
2026-09-10 13:43:00,1516.90,1517.30,1516.20,1516.20,857
2026-09-10 13:44:00,1516.40,1517.30,1516.20,1516.40,778
2026-09-10 13:45:00,1516.40,1516.90,1516.20,1516.90,618
2026-09-10 13:46:00,1516.80,1517.40,1516.50,1517.20,751
2026-09-10 13:47:00,1517.40,1517.40,1516.50,1516.60,600
2026-09-10 13:48:00,1517.10,1517.10,1516.40,1516.70,593
2026-09-10 13:49:00,1516.80,1517.00,1516.40,1516.80,524
2026-09-10 13:50:00,1517.00,1517.50,1516.80,1517.00,1319
2026-09-10 13:51:00,1517.50,1517.50,1516.60,1517.50,896
2026-09-10 13:52:00,1517.70,1517.80,1517.10,1517.40,176
2026-09-10 13:53:00,1517.90,1517.90,1516.40,1516.50,994
2026-09-10 13:54:00,1516.80,1517.00,1516.20,1517.00,200
2026-09-10 13:55:00,1517.00,1517.30,1516.60,1517.10,205
2026-09-10 13:56:00,1517.10,1517.20,1516.40,1516.40,562
2026-09-10 13:57:00,1516.60,1517.00,1516.50,1517.00,345
2026-09-10 13:58:00,1517.00,1517.00,1516.10,1516.30,911
2026-09-10 13:59:00,1516.80,1517.00,1516.30,1516.30,569
2026-09-10 14:00:00,1516.40,1516.90,1516.30,1516.90,278
2026-09-10 14:01:00,1516.90,1517.00,1516.40,1517.00,681
2026-09-10 14:02:00,1517.00,1517.00,1516.60,1516.70,580
2026-09-10 14:03:00,1516.70,1517.00,1516.10,1516.10,627
2026-09-10 14:04:00,1516.30,1516.90,1516.10,1516.80,165
2026-09-10 14:05:00,1516.10,1517.60,1516.10,1517.10,945
2026-09-10 14:06:00,1517.60,1517.80,1517.20,1517.60,750
2026-09-10 14:07:00,1517.70,1517.90,1517.30,1517.90,1810
2026-09-10 14:08:00,1517.90,1518.00,1517.50,1518.00,453
2026-09-10 14:09:00,1518.00,1518.50,1517.30,1517.80,626
2026-09-10 14:10:00,1518.30,1518.40,1517.00,1517.30,766
2026-09-10 14:11:00,1517.40,1517.40,1516.30,1516.90,1045
2026-09-10 14:12:00,1516.90,1517.20,1515.70,1517.00,1966
2026-09-10 14:13:00,1517.20,1517.20,1516.00,1516.90,354
2026-09-10 14:14:00,1516.90,1516.90,1516.90,1516.90,107
2026-09-10 14:15:00,1516.90,1516.90,1516.70,1516.70,334
2026-09-10 14:16:00,1516.80,1516.90,1516.70,1516.80,751
2026-09-10 14:17:00,1516.80,1516.90,1516.20,1516.90,397
2026-09-10 14:18:00,1516.90,1518.00,1516.90,1517.90,2112
2026-09-10 14:19:00,1517.90,1517.90,1516.50,1517.20,1064
2026-09-10 14:20:00,1517.20,1517.60,1516.80,1517.50,550
2026-09-10 14:21:00,1518.00,1518.00,1517.00,1517.60,771
2026-09-10 14:22:00,1517.00,1517.50,1516.30,1517.20,604
2026-09-10 14:23:00,1517.70,1517.70,1516.50,1516.50,655
2026-09-10 14:24:00,1517.30,1517.60,1516.50,1517.60,632
2026-09-10 14:25:00,1517.60,1517.60,1517.30,1517.60,409
2026-09-10 14:26:00,1517.40,1517.40,1516.50,1516.60,991
2026-09-10 14:27:00,1517.20,1517.50,1516.60,1516.90,323
2026-09-10 14:28:00,1517.70,1517.70,1516.20,1516.80,586
2026-09-10 14:29:00,1516.40,1517.80,1516.40,1517.80,634
2026-09-10 14:30:00,1517.90,1517.90,1517.00,1517.50,1530
2026-09-10 14:31:00,1517.50,1517.50,1516.40,1517.10,351
2026-09-10 14:32:00,1517.10,1517.40,1516.50,1517.10,640
2026-09-10 14:33:00,1517.10,1517.30,1516.60,1517.30,434
2026-09-10 14:34:00,1517.10,1517.50,1517.10,1517.50,286
2026-09-10 14:35:00,1517.50,1517.50,1516.60,1516.70,2228
2026-09-10 14:36:00,1517.30,1517.50,1516.70,1517.50,536
2026-09-10 14:37:00,1517.50,1517.50,1516.90,1516.90,2650
2026-09-10 14:38:00,1517.20,1517.50,1516.90,1517.50,779
2026-09-10 14:39:00,1517.40,1517.50,1516.90,1516.90,759
2026-09-10 14:40:00,1516.90,1517.20,1515.70,1515.90,1403
2026-09-10 14:41:00,1516.80,1516.80,1516.10,1516.40,450
2026-09-10 14:42:00,1516.80,1517.60,1516.80,1517.50,991
2026-09-10 14:43:00,1517.60,1520.10,1517.00,1520.10,5930
2026-09-10 14:44:00,1519.90,1521.00,1519.20,1519.60,3609
2026-09-10 14:45:00,1520.00,1520.00,1518.50,1519.10,2515
2026-09-10 14:46:00,1519.10,1519.10,1518.20,1518.40,700
2026-09-10 14:47:00,1518.80,1519.10,1518.50,1518.90,1190
2026-09-10 14:48:00,1518.60,1519.40,1518.10,1519.10,2791
2026-09-10 14:49:00,1519.10,1519.50,1519.10,1519.30,897
2026-09-10 14:50:00,1519.30,1520.40,1519.20,1520.30,5032
2026-09-10 14:51:00,1520.30,1521.50,1520.30,1521.50,2722
2026-09-10 14:52:00,1521.10,1522.00,1521.10,1521.70,1945
2026-09-10 14:53:00,1521.50,1523.20,1521.50,1522.00,7525
2026-09-10 14:54:00,1522.40,1522.90,1522.00,1522.90,548
2026-09-10 14:55:00,1522.90,1523.20,1521.20,1522.60,4735
2026-09-10 14:56:00,1522.30,1522.30,1521.20,1521.20,4197
2026-09-10 14:57:00,1521.80,1522.20,1521.20,1521.30,3185
2026-09-10 14:58:00,1521.30,1522.10,1521.20,1522.10,3854
2026-09-10 14:59:00,1523.20,1523.60,1518.10,1518.40,8817
2026-09-10 15:00:00,1519.10,1520.10,1516.90,1516.90,5801
2026-09-10 15:01:00,1516.90,1518.80,1516.70,1518.30,8068
2026-09-10 15:02:00,1518.80,1519.50,1518.10,1518.10,6992
2026-09-10 15:03:00,1518.20,1521.60,1518.00,1521.40,18701
2026-09-10 15:04:00,1521.60,1522.70,1520.60,1521.30,19193
2026-09-10 15:05:00,1521.50,1521.50,1518.80,1520.40,15228
2026-09-10 15:06:00,1520.00,1521.70,1519.70,1520.80,13982
2026-09-10 15:07:00,1521.00,1521.00,1520.60,1520.60,4109
2026-09-10 15:08:00,1520.70,1521.00,1520.20,1520.60,5338
2026-09-10 15:09:00,1520.90,1522.60,1520.90,1521.40,13991
2026-09-10 15:10:00,1520.70,1521.90,1520.20,1521.70,6380
2026-09-10 15:11:00,1521.00,1522.00,1520.70,1521.40,9557
2026-09-10 15:12:00,1521.00,1521.90,1520.10,1521.00,22724
2026-09-10 15:13:00,1521.10,1522.20,1520.30,1521.10,17474
2026-09-10 15:14:00,1521.10,1522.00,1520.50,1521.20,7468
2026-09-10 15:15:00,1521.20,1521.20,1521.20,1521.20,0
2026-09-10 15:16:00,1521.20,1521.20,1521.20,1521.20,0
2026-09-10 15:17:00,1521.20,1521.20,1521.20,1521.20,0
2026-09-10 15:18:00,1521.20,1521.20,1521.20,1521.20,0
2026-09-10 15:19:00,1521.20,1521.20,1521.20,1521.20,0
2026-09-10 15:20:00,1521.20,1521.20,1521.20,1521.20,0
2026-09-10 15:21:00,1521.20,1521.20,1521.20,1521.20,0
2026-09-10 15:22:00,1521.20,1521.20,1521.20,1521.20,0
2026-09-10 15:23:00,1521.20,1521.20,1521.20,1521.20,0
2026-09-10 15:24:00,1521.20,1521.20,1521.20,1521.20,0
2026-09-10 15:25:00,1521.20,1521.20,1521.20,1521.20,0
2026-09-10 15:26:00,1521.20,1521.20,1521.20,1521.20,0
2026-09-10 15:27:00,1521.20,1521.20,1521.20,1521.20,0
2026-09-10 15:28:00,1521.20,1521.20,1521.20,1521.20,0
2026-09-10 15:29:00,1521.20,1525.80,1521.20,1525.80,81431
2026-09-11 09:15:00,1519.30,1536.40,1518.60,1536.40,40963
2026-09-11 09:16:00,1536.40,1539.00,1533.00,1534.70,20934
2026-09-11 09:17:00,1533.80,1541.50,1533.00,1539.90,21612
2026-09-11 09:18:00,1539.90,1542.00,1537.90,1539.50,19758
2026-09-11 09:19:00,1538.60,1542.00,1538.30,1541.50,12664
2026-09-11 09:20:00,1542.00,1543.00,1540.50,1541.00,17184
2026-09-11 09:21:00,1541.00,1541.90,1539.00,1539.90,14168
2026-09-11 09:22:00,1539.90,1547.90,1539.10,1544.80,29199
2026-09-11 09:23:00,1545.00,1545.20,1539.90,1540.70,14551
2026-09-11 09:24:00,1540.70,1543.20,1539.60,1541.40,11270
2026-09-11 09:25:00,1541.40,1541.60,1535.40,1535.80,11925
2026-09-11 09:26:00,1536.50,1536.50,1533.00,1533.60,12968
2026-09-11 09:27:00,1533.70,1537.40,1533.00,1537.40,11915
2026-09-11 09:28:00,1537.50,1537.60,1536.00,1537.40,12600
2026-09-11 09:29:00,1537.50,1541.30,1536.30,1540.60,11038
2026-09-11 09:30:00,1541.70,1541.70,1538.40,1541.40,7300
2026-09-11 09:31:00,1541.50,1543.20,1539.10,1539.10,11725
2026-09-11 09:32:00,1539.50,1548.00,1537.80,1541.40,34268
2026-09-11 09:33:00,1541.60,1544.00,1540.10,1544.00,5900
2026-09-11 09:34:00,1543.70,1543.90,1541.90,1542.40,5228
2026-09-11 09:35:00,1541.80,1545.00,1541.80,1544.20,6738
2026-09-11 09:36:00,1544.80,1544.80,1543.40,1544.00,11172
2026-09-11 09:37:00,1544.70,1546.70,1544.20,1544.90,8539
2026-09-11 09:38:00,1544.80,1547.30,1544.80,1547.30,7522
2026-09-11 09:39:00,1545.60,1546.90,1544.00,1544.80,12526
2026-09-11 09:40:00,1545.30,1545.50,1544.70,1544.70,3566
2026-09-11 09:41:00,1544.70,1544.80,1543.40,1544.80,5690
2026-09-11 09:42:00,1544.30,1545.20,1543.80,1545.20,6863
2026-09-11 09:43:00,1544.80,1544.80,1543.20,1544.40,4340
2026-09-11 09:44:00,1544.60,1545.00,1543.20,1544.50,8642
2026-09-11 09:45:00,1544.50,1546.00,1543.50,1545.00,7162
2026-09-11 09:46:00,1545.00,1545.60,1544.30,1545.00,4026
2026-09-11 09:47:00,1544.50,1545.00,1541.90,1542.60,5284
2026-09-11 09:48:00,1541.90,1542.50,1541.90,1542.10,3435
2026-09-11 09:49:00,1542.40,1545.00,1542.10,1545.00,5478
2026-09-11 09:50:00,1545.00,1545.50,1544.30,1544.30,5717
2026-09-11 09:51:00,1544.30,1544.50,1542.70,1543.60,5083
2026-09-11 09:52:00,1543.40,1544.00,1543.00,1543.80,3297
2026-09-11 09:53:00,1544.00,1544.00,1542.70,1543.10,3704
2026-09-11 09:54:00,1543.00,1543.60,1542.70,1543.20,2996
2026-09-11 09:55:00,1543.20,1543.30,1542.20,1542.90,2280
2026-09-11 09:56:00,1542.70,1542.90,1541.10,1541.40,5718
2026-09-11 09:57:00,1541.40,1541.90,1540.90,1541.90,3646
2026-09-11 09:58:00,1541.70,1544.80,1541.70,1544.50,6690
2026-09-11 09:59:00,1544.50,1544.80,1543.50,1543.80,3078
2026-09-11 10:00:00,1543.40,1544.20,1542.20,1544.20,2227
2026-09-11 10:01:00,1544.00,1544.70,1543.40,1544.10,3627
2026-09-11 10:02:00,1544.10,1544.90,1544.10,1544.50,3148
2026-09-11 10:03:00,1544.10,1544.90,1544.10,1544.50,1867
2026-09-11 10:04:00,1544.40,1544.40,1543.50,1543.50,2757
2026-09-11 10:05:00,1543.50,1544.20,1543.30,1543.90,10673
2026-09-11 10:06:00,1543.50,1544.00,1542.40,1542.90,4337
2026-09-11 10:07:00,1544.10,1544.20,1542.60,1542.80,4166
2026-09-11 10:08:00,1543.20,1543.50,1542.50,1542.90,2699
2026-09-11 10:09:00,1542.90,1543.40,1542.90,1543.00,1945
2026-09-11 10:10:00,1543.40,1543.40,1542.00,1542.30,5301
2026-09-11 10:11:00,1542.00,1543.90,1542.00,1543.30,5088
2026-09-11 10:12:00,1543.90,1544.50,1543.30,1543.60,3341
2026-09-11 10:13:00,1543.60,1544.20,1543.00,1543.70,2030
2026-09-11 10:14:00,1543.70,1545.00,1543.70,1545.00,2765
2026-09-11 10:15:00,1545.00,1545.00,1542.80,1542.80,3608
2026-09-11 10:16:00,1543.50,1543.50,1542.60,1543.00,1712
2026-09-11 10:17:00,1543.10,1543.10,1541.60,1542.40,7385
2026-09-11 10:18:00,1542.40,1543.10,1542.40,1542.90,1843
2026-09-11 10:19:00,1542.40,1543.90,1541.30,1543.80,4769
2026-09-11 10:20:00,1543.30,1544.70,1543.30,1544.10,2161
2026-09-11 10:21:00,1544.00,1544.40,1543.30,1544.00,3446
2026-09-11 10:22:00,1544.00,1544.70,1543.20,1544.20,1360
2026-09-11 10:23:00,1544.70,1544.70,1543.10,1543.10,2656
2026-09-11 10:24:00,1543.80,1543.80,1542.20,1543.60,2422
2026-09-11 10:25:00,1543.60,1543.60,1542.50,1542.50,1132
2026-09-11 10:26:00,1542.50,1543.50,1542.50,1543.00,1487
2026-09-11 10:27:00,1543.40,1543.40,1542.70,1542.70,1691
2026-09-11 10:28:00,1542.70,1542.70,1541.20,1542.00,1994
2026-09-11 10:29:00,1541.50,1542.10,1541.50,1541.90,1404
2026-09-11 10:30:00,1542.00,1549.00,1541.50,1547.90,20046
2026-09-11 10:31:00,1547.90,1548.80,1547.00,1547.70,8989
2026-09-11 10:32:00,1547.20,1549.40,1546.60,1548.80,8336
2026-09-11 10:33:00,1548.80,1549.90,1548.20,1549.50,13674
2026-09-11 10:34:00,1549.50,1549.70,1547.60,1549.00,10025
2026-09-11 10:35:00,1549.00,1549.00,1547.70,1547.90,5244
2026-09-11 10:36:00,1547.80,1547.80,1546.00,1546.50,6746
2026-09-11 10:37:00,1547.20,1547.50,1546.70,1547.00,1946
2026-09-11 10:38:00,1547.40,1547.50,1546.80,1547.40,1856
2026-09-11 10:39:00,1547.00,1547.50,1545.80,1546.90,7223
2026-09-11 10:40:00,1547.00,1547.00,1546.20,1546.90,1631
2026-09-11 10:41:00,1546.60,1547.00,1546.40,1546.70,3230
2026-09-11 10:42:00,1546.80,1546.90,1545.70,1546.90,9034
2026-09-11 10:43:00,1546.90,1549.00,1546.90,1549.00,4576
2026-09-11 10:44:00,1549.00,1552.70,1549.00,1552.30,30466
2026-09-11 10:45:00,1552.40,1553.30,1550.10,1550.50,11300
2026-09-11 10:46:00,1551.20,1551.20,1550.50,1550.70,9288
2026-09-11 10:47:00,1550.90,1550.90,1548.30,1548.30,3790
2026-09-11 10:48:00,1548.30,1548.30,1546.80,1547.10,6581
2026-09-11 10:49:00,1546.90,1546.90,1546.20,1546.80,3077
2026-09-11 10:50:00,1546.80,1546.80,1545.10,1545.10,6937
2026-09-11 10:51:00,1545.60,1546.40,1545.10,1545.90,4444
2026-09-11 10:52:00,1545.80,1546.00,1545.20,1545.60,3497
2026-09-11 10:53:00,1545.50,1545.90,1545.40,1545.90,3094
2026-09-11 10:54:00,1545.90,1546.50,1545.40,1546.00,2779
2026-09-11 10:55:00,1546.00,1546.70,1545.60,1546.50,2211
2026-09-11 10:56:00,1546.10,1546.60,1545.50,1546.60,2961
2026-09-11 10:57:00,1546.70,1547.30,1546.50,1547.30,2152
2026-09-11 10:58:00,1546.00,1546.90,1545.30,1546.10,3636
2026-09-11 10:59:00,1546.20,1547.50,1546.00,1546.60,4678
2026-09-11 11:00:00,1546.50,1546.70,1546.00,1546.30,2089
2026-09-11 11:01:00,1546.30,1547.40,1546.20,1547.00,2522
2026-09-11 11:02:00,1547.00,1547.00,1546.50,1546.50,1305
2026-09-11 11:03:00,1547.00,1547.30,1546.60,1546.60,2248
2026-09-11 11:04:00,1546.90,1547.00,1546.50,1547.00,1922
2026-09-11 11:05:00,1547.00,1549.00,1547.00,1548.70,4010
2026-09-11 11:06:00,1548.70,1549.00,1547.30,1547.70,3344
2026-09-11 11:07:00,1547.60,1547.60,1546.30,1546.40,2629
2026-09-11 11:08:00,1547.00,1547.70,1546.20,1546.40,2297
2026-09-11 11:09:00,1546.90,1547.00,1546.00,1546.90,2106
2026-09-11 11:10:00,1546.80,1547.60,1546.50,1546.50,2900
2026-09-11 11:11:00,1546.50,1547.00,1546.20,1547.00,767
2026-09-11 11:12:00,1546.70,1547.60,1546.70,1547.10,1187
2026-09-11 11:13:00,1547.60,1548.50,1547.10,1547.90,1089
2026-09-11 11:14:00,1547.80,1548.80,1547.80,1548.60,1454
2026-09-11 11:15:00,1548.20,1548.80,1548.00,1548.10,4374
2026-09-11 11:16:00,1548.10,1548.60,1548.00,1548.30,1742
2026-09-11 11:17:00,1548.50,1549.90,1548.50,1549.90,2756
2026-09-11 11:18:00,1549.80,1549.80,1548.40,1548.80,2076
2026-09-11 11:19:00,1548.90,1549.80,1548.50,1549.80,1517
2026-09-11 11:20:00,1549.80,1550.50,1549.50,1549.90,7407
2026-09-11 11:21:00,1549.90,1550.50,1548.00,1548.00,7542
2026-09-11 11:22:00,1548.30,1548.70,1547.20,1547.40,2096
2026-09-11 11:23:00,1547.40,1547.80,1546.90,1547.80,2877
2026-09-11 11:24:00,1548.10,1548.90,1548.10,1548.40,2545
2026-09-11 11:25:00,1548.70,1549.00,1548.10,1548.40,1970
2026-09-11 11:26:00,1548.40,1548.40,1547.90,1548.00,2606
2026-09-11 11:27:00,1548.00,1548.50,1547.90,1548.50,2351
2026-09-11 11:28:00,1548.50,1548.60,1548.20,1548.20,1790
2026-09-11 11:29:00,1548.30,1555.80,1547.90,1555.20,71489
2026-09-11 11:30:00,1555.80,1556.30,1553.90,1555.70,10049
2026-09-11 11:31:00,1555.70,1555.70,1554.70,1554.90,4378
2026-09-11 11:32:00,1554.90,1556.90,1554.10,1556.00,10962
2026-09-11 11:33:00,1555.60,1557.30,1555.30,1555.80,6299
2026-09-11 11:34:00,1555.80,1556.40,1553.80,1554.80,6038
2026-09-11 11:35:00,1555.60,1555.70,1550.00,1551.80,35465
2026-09-11 11:36:00,1551.90,1554.00,1551.40,1553.50,10255
2026-09-11 11:37:00,1554.00,1554.90,1553.50,1554.40,1859
2026-09-11 11:38:00,1554.90,1555.00,1554.00,1554.10,3386
2026-09-11 11:39:00,1554.40,1555.00,1554.10,1555.00,3601
2026-09-11 11:40:00,1555.00,1557.00,1554.60,1557.00,4529
2026-09-11 11:41:00,1557.00,1557.30,1554.70,1555.40,6951
2026-09-11 11:42:00,1555.80,1556.50,1553.00,1553.10,6052
2026-09-11 11:43:00,1553.10,1553.10,1551.00,1551.30,8490
2026-09-11 11:44:00,1551.40,1551.60,1551.00,1551.20,4795
2026-09-11 11:45:00,1551.50,1551.90,1550.00,1551.20,6956
2026-09-11 11:46:00,1551.80,1551.90,1550.80,1551.70,3751
2026-09-11 11:47:00,1551.70,1551.80,1551.20,1551.40,2063
2026-09-11 11:48:00,1551.80,1552.60,1551.40,1552.60,2082
2026-09-11 11:49:00,1552.60,1552.60,1551.50,1552.00,4115
2026-09-11 11:50:00,1551.70,1553.00,1551.70,1552.00,4203
2026-09-11 11:51:00,1552.10,1553.30,1551.90,1551.90,3205
2026-09-11 11:52:00,1551.90,1552.60,1551.70,1551.70,1849
2026-09-11 11:53:00,1551.70,1552.50,1551.70,1552.20,1803
2026-09-11 11:54:00,1552.50,1552.50,1551.50,1551.90,3299
2026-09-11 11:55:00,1552.40,1552.80,1551.90,1552.60,2393
2026-09-11 11:56:00,1552.90,1553.00,1552.00,1552.60,2954
2026-09-11 11:57:00,1552.00,1553.70,1552.00,1552.10,3414
2026-09-11 11:58:00,1552.30,1552.70,1551.40,1551.40,3109
2026-09-11 11:59:00,1551.60,1551.90,1550.60,1550.60,3600
2026-09-11 12:00:00,1550.50,1550.80,1546.50,1547.70,39554
2026-09-11 12:01:00,1548.00,1548.00,1545.30,1545.50,10750
2026-09-11 12:02:00,1545.50,1546.50,1545.30,1545.40,3583
2026-09-11 12:03:00,1546.00,1546.00,1545.40,1545.80,2413
2026-09-11 12:04:00,1546.00,1546.70,1545.90,1546.30,4861
2026-09-11 12:05:00,1546.30,1546.50,1546.20,1546.30,2191
2026-09-11 12:06:00,1546.50,1546.50,1546.20,1546.20,6020
2026-09-11 12:07:00,1546.40,1547.40,1545.60,1546.90,3871
2026-09-11 12:08:00,1546.90,1547.30,1546.00,1546.60,3585
2026-09-11 12:09:00,1546.60,1547.00,1544.50,1544.80,8963
2026-09-11 12:10:00,1545.10,1545.40,1544.00,1545.00,4193
2026-09-11 12:11:00,1545.10,1546.60,1545.00,1545.80,3665
2026-09-11 12:12:00,1545.90,1546.30,1545.20,1545.90,2324
2026-09-11 12:13:00,1546.10,1546.10,1545.10,1545.70,1695
2026-09-11 12:14:00,1545.70,1546.30,1545.10,1545.30,2595
2026-09-11 12:15:00,1545.80,1546.80,1545.00,1545.40,2835
2026-09-11 12:16:00,1545.90,1546.30,1545.00,1545.70,2105
2026-09-11 12:17:00,1545.90,1546.00,1544.60,1545.20,2712
2026-09-11 12:18:00,1545.50,1546.10,1544.80,1545.00,6098
2026-09-11 12:19:00,1545.80,1545.90,1544.20,1544.80,3721
2026-09-11 12:20:00,1544.80,1544.90,1542.90,1544.20,9142
2026-09-11 12:21:00,1544.20,1544.20,1543.40,1543.80,1449
2026-09-11 12:22:00,1543.90,1544.00,1543.80,1543.90,1757
2026-09-11 12:23:00,1544.00,1544.90,1544.00,1544.00,3265
2026-09-11 12:24:00,1544.20,1544.20,1542.60,1543.20,8082
2026-09-11 12:25:00,1543.50,1544.00,1543.10,1543.90,2062
2026-09-11 12:26:00,1544.00,1544.80,1543.90,1544.10,2546
2026-09-11 12:27:00,1544.10,1544.70,1544.00,1544.70,2289
2026-09-11 12:28:00,1544.70,1544.70,1542.90,1543.00,4378
2026-09-11 12:29:00,1543.50,1543.90,1542.80,1543.00,2741
2026-09-11 12:30:00,1543.10,1543.80,1543.00,1543.30,2025
2026-09-11 12:31:00,1543.70,1544.10,1542.90,1543.90,2121
2026-09-11 12:32:00,1544.00,1544.20,1543.50,1543.80,3808
2026-09-11 12:33:00,1543.70,1543.70,1542.80,1543.20,2370
2026-09-11 12:34:00,1543.50,1543.90,1543.50,1543.70,2406
2026-09-11 12:35:00,1543.90,1543.90,1542.70,1543.50,5595
2026-09-11 12:36:00,1543.50,1543.50,1542.60,1542.60,1744
2026-09-11 12:37:00,1542.90,1543.00,1540.80,1541.10,12634
2026-09-11 12:38:00,1541.70,1541.90,1540.10,1541.10,5819
2026-09-11 12:39:00,1541.10,1541.10,1540.20,1540.70,3323
2026-09-11 12:40:00,1541.00,1541.60,1540.30,1540.50,3412
2026-09-11 12:41:00,1541.30,1541.60,1540.60,1541.00,2983
2026-09-11 12:42:00,1540.40,1540.60,1539.30,1540.30,10854
2026-09-11 12:43:00,1540.40,1540.50,1538.80,1538.90,3833
2026-09-11 12:44:00,1539.30,1540.30,1538.50,1539.60,4187
2026-09-11 12:45:00,1540.00,1540.90,1539.50,1540.00,7582
2026-09-11 12:46:00,1540.00,1540.40,1539.70,1539.90,1811
2026-09-11 12:47:00,1540.00,1540.70,1540.00,1540.50,2685
2026-09-11 12:48:00,1540.30,1540.80,1540.10,1540.10,2082
2026-09-11 12:49:00,1540.10,1541.10,1540.10,1540.80,1587
2026-09-11 12:50:00,1541.00,1541.70,1540.50,1540.70,3386
2026-09-11 12:51:00,1541.20,1541.50,1540.00,1540.40,3652
2026-09-11 12:52:00,1540.40,1541.50,1540.40,1541.00,3113
2026-09-11 12:53:00,1541.40,1541.80,1541.00,1541.60,2335
2026-09-11 12:54:00,1541.80,1542.10,1540.60,1541.20,6559
2026-09-11 12:55:00,1541.40,1542.60,1541.30,1542.60,1845
2026-09-11 12:56:00,1542.70,1542.70,1541.60,1542.00,3675
2026-09-11 12:57:00,1542.00,1542.00,1541.10,1541.40,2767
2026-09-11 12:58:00,1541.80,1542.40,1541.30,1541.50,4821
2026-09-11 12:59:00,1542.10,1542.50,1541.50,1542.10,2281
2026-09-11 13:00:00,1542.20,1542.30,1540.90,1541.00,5110
2026-09-11 13:01:00,1541.70,1541.70,1540.10,1540.80,1738
2026-09-11 13:02:00,1541.30,1541.90,1540.80,1541.80,2374
2026-09-11 13:03:00,1541.80,1541.90,1540.80,1541.00,1385
2026-09-11 13:04:00,1541.40,1542.00,1541.00,1542.00,1509
2026-09-11 13:05:00,1542.00,1542.00,1541.10,1542.00,2386
2026-09-11 13:06:00,1541.90,1542.00,1540.50,1540.80,2686
2026-09-11 13:07:00,1540.80,1541.70,1540.50,1540.50,2504
2026-09-11 13:08:00,1540.80,1541.10,1540.10,1540.70,2426
2026-09-11 13:09:00,1540.70,1541.00,1539.90,1540.00,2381
2026-09-11 13:10:00,1540.60,1541.00,1540.00,1540.70,2910
2026-09-11 13:11:00,1540.70,1541.40,1540.10,1541.10,1523
2026-09-11 13:12:00,1541.40,1542.00,1541.40,1541.80,1517
2026-09-11 13:13:00,1542.00,1542.00,1540.20,1541.10,3608
2026-09-11 13:14:00,1541.70,1541.70,1540.10,1540.80,1538
2026-09-11 13:15:00,1541.00,1541.00,1540.10,1540.30,2786
2026-09-11 13:16:00,1541.00,1541.00,1540.20,1540.30,2492
2026-09-11 13:17:00,1540.80,1540.90,1540.00,1540.60,2729
2026-09-11 13:18:00,1540.70,1540.70,1540.00,1540.60,2201
2026-09-11 13:19:00,1540.70,1540.70,1539.50,1539.60,3463
2026-09-11 13:20:00,1539.30,1540.40,1539.30,1540.00,2683
2026-09-11 13:21:00,1539.80,1540.50,1539.50,1539.70,2543
2026-09-11 13:22:00,1540.00,1540.30,1539.40,1540.00,2751
2026-09-11 13:23:00,1540.00,1540.50,1540.00,1540.00,2350
2026-09-11 13:24:00,1540.00,1540.00,1539.10,1539.70,1684
2026-09-11 13:25:00,1539.70,1539.90,1539.00,1539.00,1507
2026-09-11 13:26:00,1539.40,1539.90,1539.00,1539.70,3244
2026-09-11 13:27:00,1539.80,1539.80,1539.20,1539.50,1298
2026-09-11 13:28:00,1539.50,1539.60,1538.00,1539.50,3496
2026-09-11 13:29:00,1539.20,1539.50,1538.40,1539.00,2709
2026-09-11 13:30:00,1539.00,1539.00,1538.10,1538.50,1985
2026-09-11 13:31:00,1538.50,1539.20,1538.40,1538.90,2227
2026-09-11 13:32:00,1538.90,1539.70,1538.70,1539.30,2376
2026-09-11 13:33:00,1539.30,1539.60,1538.70,1538.90,1257
2026-09-11 13:34:00,1539.00,1539.00,1538.20,1538.20,1584
2026-09-11 13:35:00,1538.20,1539.10,1538.20,1539.00,1389
2026-09-11 13:36:00,1539.00,1539.30,1539.00,1539.10,1573
2026-09-11 13:37:00,1539.00,1539.60,1538.10,1539.50,2786
2026-09-11 13:38:00,1539.70,1539.70,1538.40,1538.40,2342
2026-09-11 13:39:00,1538.80,1539.40,1538.50,1539.40,1185
2026-09-11 13:40:00,1539.40,1540.00,1538.50,1539.70,2733
2026-09-11 13:41:00,1539.60,1539.80,1537.40,1538.30,6122
2026-09-11 13:42:00,1538.60,1539.50,1538.30,1538.90,3027
2026-09-11 13:43:00,1538.80,1539.20,1538.00,1539.00,2229
2026-09-11 13:44:00,1539.00,1539.10,1537.90,1538.40,2867
2026-09-11 13:45:00,1538.40,1538.50,1538.10,1538.30,1490
2026-09-11 13:46:00,1538.30,1538.50,1538.10,1538.30,1345
2026-09-11 13:47:00,1538.00,1539.50,1537.90,1538.50,2320
2026-09-11 13:48:00,1537.70,1539.00,1537.70,1538.20,2022
2026-09-11 13:49:00,1538.20,1538.20,1537.50,1537.50,1584
2026-09-11 13:50:00,1537.30,1538.20,1537.30,1537.80,2039
2026-09-11 13:51:00,1537.80,1538.40,1537.50,1537.90,2515
2026-09-11 13:52:00,1537.90,1538.00,1536.90,1537.70,2159
2026-09-11 13:53:00,1537.60,1538.50,1537.60,1538.20,3212
2026-09-11 13:54:00,1538.80,1540.70,1538.80,1539.30,3138
2026-09-11 13:55:00,1539.30,1540.10,1538.20,1539.50,2466
2026-09-11 13:56:00,1539.50,1540.60,1539.40,1540.00,2657
2026-09-11 13:57:00,1539.60,1540.00,1538.30,1539.80,4816
2026-09-11 13:58:00,1540.00,1540.50,1539.50,1539.90,5462
2026-09-11 13:59:00,1540.00,1540.30,1538.60,1539.80,3983
2026-09-11 14:00:00,1539.80,1541.50,1539.80,1541.00,3074
2026-09-11 14:01:00,1541.50,1541.50,1540.20,1541.00,4091
2026-09-11 14:02:00,1541.30,1541.70,1540.60,1541.30,5397
2026-09-11 14:03:00,1541.30,1542.10,1540.60,1540.80,7638
2026-09-11 14:04:00,1540.70,1541.80,1540.70,1541.10,1784
2026-09-11 14:05:00,1541.10,1541.70,1540.70,1541.00,2189
2026-09-11 14:06:00,1541.10,1541.90,1540.80,1541.40,2175
2026-09-11 14:07:00,1541.90,1541.90,1540.20,1541.00,1698
2026-09-11 14:08:00,1541.20,1542.00,1540.60,1541.00,3991
2026-09-11 14:09:00,1541.20,1541.40,1540.00,1540.00,1492
2026-09-11 14:10:00,1540.30,1541.20,1539.90,1540.40,3272
2026-09-11 14:11:00,1541.10,1541.40,1540.40,1540.80,1987
2026-09-11 14:12:00,1541.00,1541.80,1540.80,1541.30,1143
2026-09-11 14:13:00,1541.50,1541.90,1541.10,1541.20,4103
2026-09-11 14:14:00,1541.40,1541.90,1540.50,1541.30,2885
2026-09-11 14:15:00,1541.90,1541.90,1540.60,1541.40,1272
2026-09-11 14:16:00,1541.40,1541.60,1540.70,1541.30,2442
2026-09-11 14:17:00,1541.40,1541.90,1540.90,1541.90,1654
2026-09-11 14:18:00,1541.90,1542.30,1541.70,1542.30,2413
2026-09-11 14:19:00,1542.30,1542.30,1541.10,1541.50,2675
2026-09-11 14:20:00,1541.70,1542.10,1541.60,1541.80,2504
2026-09-11 14:21:00,1542.20,1542.20,1540.70,1541.30,6795
2026-09-11 14:22:00,1541.60,1541.80,1540.60,1541.70,1342
2026-09-11 14:23:00,1541.80,1541.80,1541.10,1541.20,3495
2026-09-11 14:24:00,1541.70,1542.00,1541.30,1541.80,2782
2026-09-11 14:25:00,1541.80,1542.00,1541.70,1542.00,1245
2026-09-11 14:26:00,1542.00,1542.00,1540.90,1541.60,5297
2026-09-11 14:27:00,1541.80,1541.80,1540.90,1541.00,1902
2026-09-11 14:28:00,1541.40,1541.80,1540.60,1541.00,2623
2026-09-11 14:29:00,1540.80,1541.90,1540.80,1541.90,1357
2026-09-11 14:30:00,1541.20,1543.30,1541.20,1543.00,3695
2026-09-11 14:31:00,1543.10,1543.10,1542.10,1542.40,2822
2026-09-11 14:32:00,1542.70,1543.00,1542.70,1542.80,1273
2026-09-11 14:33:00,1543.00,1543.00,1541.80,1542.50,11388
2026-09-11 14:34:00,1542.60,1542.70,1541.50,1541.50,2617
2026-09-11 14:35:00,1542.10,1542.70,1541.10,1541.90,2138
2026-09-11 14:36:00,1541.90,1542.50,1541.40,1542.10,1955
2026-09-11 14:37:00,1542.50,1542.50,1541.50,1541.80,2183
2026-09-11 14:38:00,1542.20,1542.50,1541.50,1542.10,6035
2026-09-11 14:39:00,1542.20,1542.70,1542.00,1542.20,2173
2026-09-11 14:40:00,1542.40,1542.90,1541.00,1542.00,3673
2026-09-11 14:41:00,1542.00,1542.80,1541.70,1542.80,1275
2026-09-11 14:42:00,1542.80,1542.90,1542.30,1542.40,3912
2026-09-11 14:43:00,1542.80,1542.90,1542.00,1542.60,1432
2026-09-11 14:44:00,1542.80,1543.00,1542.30,1542.30,2537
2026-09-11 14:45:00,1542.50,1542.60,1542.00,1542.40,2808
2026-09-11 14:46:00,1542.40,1542.80,1542.20,1542.50,3031
2026-09-11 14:47:00,1542.40,1542.80,1541.50,1541.70,5684
2026-09-11 14:48:00,1542.00,1542.30,1541.50,1541.50,6121
2026-09-11 14:49:00,1541.60,1541.80,1540.50,1541.60,7476
2026-09-11 14:50:00,1541.70,1542.50,1541.50,1541.90,7564
2026-09-11 14:51:00,1542.10,1542.90,1541.90,1542.90,3891
2026-09-11 14:52:00,1542.50,1543.00,1542.30,1542.80,3111
2026-09-11 14:53:00,1542.80,1543.30,1541.70,1542.30,7627
2026-09-11 14:54:00,1542.20,1543.70,1542.20,1542.90,12986
2026-09-11 14:55:00,1542.80,1543.60,1541.30,1541.40,10470
2026-09-11 14:56:00,1541.40,1542.60,1541.10,1541.80,10521
2026-09-11 14:57:00,1541.80,1542.60,1541.80,1542.30,3477
2026-09-11 14:58:00,1542.10,1542.50,1541.40,1541.80,9873
2026-09-11 14:59:00,1541.60,1542.10,1541.00,1541.30,8346
2026-09-11 15:00:00,1541.40,1541.40,1539.90,1539.90,13391
2026-09-11 15:01:00,1539.80,1540.30,1539.20,1539.20,6612
2026-09-11 15:02:00,1539.80,1539.80,1539.60,1539.70,5190
2026-09-11 15:03:00,1539.90,1540.70,1539.30,1539.30,9644
2026-09-11 15:04:00,1539.80,1539.80,1538.40,1538.60,4764
2026-09-11 15:05:00,1539.10,1539.10,1538.70,1539.00,16648
2026-09-11 15:06:00,1538.80,1539.20,1538.60,1538.90,9009
2026-09-11 15:07:00,1538.90,1539.40,1538.00,1538.30,6644
2026-09-11 15:08:00,1538.30,1539.00,1538.30,1538.80,6639
2026-09-11 15:09:00,1538.90,1539.50,1538.20,1538.70,11758
2026-09-11 15:10:00,1538.70,1539.10,1538.30,1539.10,14117
2026-09-11 15:11:00,1539.10,1539.80,1539.10,1539.80,10769
2026-09-11 15:12:00,1539.40,1540.20,1535.90,1537.80,27794
2026-09-11 15:13:00,1537.70,1538.90,1537.70,1538.60,17204
2026-09-11 15:14:00,1538.60,1539.00,1536.40,1538.90,7278
2026-09-11 15:15:00,1538.90,1538.90,1538.90,1538.90,0
2026-09-11 15:16:00,1538.90,1538.90,1538.90,1538.90,0
2026-09-11 15:17:00,1538.90,1538.90,1538.90,1538.90,0
2026-09-11 15:18:00,1538.90,1538.90,1538.90,1538.90,0
2026-09-11 15:19:00,1538.90,1538.90,1538.90,1538.90,0
2026-09-11 15:20:00,1538.90,1538.90,1538.90,1538.90,0
2026-09-11 15:21:00,1538.90,1538.90,1538.90,1538.90,0
2026-09-11 15:22:00,1538.90,1538.90,1538.90,1538.90,0
2026-09-11 15:23:00,1538.90,1538.90,1538.90,1538.90,0
2026-09-11 15:24:00,1538.90,1538.90,1538.90,1538.90,0
2026-09-11 15:25:00,1538.90,1538.90,1538.90,1538.90,0
2026-09-11 15:26:00,1538.90,1538.90,1538.90,1538.90,0
2026-09-11 15:27:00,1538.90,1538.90,1538.90,1538.90,0
2026-09-11 15:28:00,1538.90,1538.90,1538.90,1538.90,0
2026-09-11 15:29:00,1538.90,1541.00,1538.90,1541.00,87308
2026-09-15 09:15:00,1588.00,1617.90,1587.00,1614.50,167524
2026-09-15 09:16:00,1614.40,1627.20,1610.80,1621.40,91789
2026-09-15 09:17:00,1622.00,1630.90,1621.00,1623.80,89011
2026-09-15 09:18:00,1622.20,1628.30,1620.60,1624.70,43645
2026-09-15 09:19:00,1624.70,1631.90,1623.70,1629.20,57005
2026-09-15 09:20:00,1629.00,1633.20,1626.70,1628.60,48186
2026-09-15 09:21:00,1628.20,1629.50,1622.20,1623.80,32248
2026-09-15 09:22:00,1623.80,1625.00,1622.00,1622.60,36152
2026-09-15 09:23:00,1622.30,1624.20,1620.10,1624.20,21516
2026-09-15 09:24:00,1624.60,1626.30,1620.90,1621.40,24035
2026-09-15 09:25:00,1621.30,1623.20,1620.50,1621.50,23810
2026-09-15 09:26:00,1620.60,1622.10,1618.10,1619.50,17608
2026-09-15 09:27:00,1619.80,1623.80,1618.00,1621.90,19034
2026-09-15 09:28:00,1623.40,1627.20,1622.70,1625.90,25151
2026-09-15 09:29:00,1625.80,1627.80,1622.20,1622.60,15045
2026-09-15 09:30:00,1622.20,1624.80,1620.00,1620.10,10430
2026-09-15 09:31:00,1619.90,1623.90,1618.80,1621.60,13627
2026-09-15 09:32:00,1621.10,1624.00,1621.10,1623.30,8608
2026-09-15 09:33:00,1623.40,1624.90,1620.40,1620.40,8478
2026-09-15 09:34:00,1620.40,1623.30,1620.10,1620.10,4935
2026-09-15 09:35:00,1620.10,1627.40,1618.50,1626.30,40058
2026-09-15 09:36:00,1625.80,1626.40,1622.50,1625.20,27754
2026-09-15 09:37:00,1625.00,1627.00,1623.00,1626.60,15127
2026-09-15 09:38:00,1626.10,1628.90,1625.80,1628.20,13174
2026-09-15 09:39:00,1628.10,1628.50,1626.10,1627.20,7649
2026-09-15 09:40:00,1627.20,1628.00,1625.30,1625.30,11174
2026-09-15 09:41:00,1625.30,1625.30,1620.00,1621.90,16722
2026-09-15 09:42:00,1622.40,1623.80,1621.00,1622.90,8037
2026-09-15 09:43:00,1623.00,1623.90,1621.80,1622.50,3079
2026-09-15 09:44:00,1622.50,1623.50,1621.50,1621.50,4630
2026-09-15 09:45:00,1621.00,1621.90,1617.10,1618.20,24073
2026-09-15 09:46:00,1618.70,1619.90,1617.10,1618.00,6342
2026-09-15 09:47:00,1618.00,1618.50,1614.10,1614.20,11004
2026-09-15 09:48:00,1614.40,1617.10,1613.40,1616.50,13312
2026-09-15 09:49:00,1616.50,1617.10,1614.20,1614.20,5571
2026-09-15 09:50:00,1614.30,1614.60,1613.00,1613.00,8315
2026-09-15 09:51:00,1613.00,1613.00,1611.10,1611.50,9132
2026-09-15 09:52:00,1611.30,1611.50,1608.80,1610.00,8451
2026-09-15 09:53:00,1609.70,1611.90,1609.40,1610.40,8352
2026-09-15 09:54:00,1610.30,1611.90,1610.00,1610.00,4111
2026-09-15 09:55:00,1610.00,1610.60,1607.30,1608.00,7427
2026-09-15 09:56:00,1607.90,1607.90,1604.10,1604.60,17919
2026-09-15 09:57:00,1604.60,1605.60,1603.30,1604.40,5607
2026-09-15 09:58:00,1604.90,1607.00,1604.20,1607.00,3553
2026-09-15 09:59:00,1607.00,1607.40,1606.00,1606.50,3260
2026-09-15 10:00:00,1606.10,1607.30,1604.20,1604.20,6175
2026-09-15 10:01:00,1604.20,1606.00,1603.30,1605.20,3874
2026-09-15 10:02:00,1605.20,1611.00,1605.20,1610.00,12352
2026-09-15 10:03:00,1610.10,1610.90,1607.40,1608.00,6079
2026-09-15 10:04:00,1607.80,1609.00,1606.80,1608.30,3278
2026-09-15 10:05:00,1609.10,1609.70,1608.40,1609.50,1755
2026-09-15 10:06:00,1608.40,1611.40,1608.40,1611.10,7045
2026-09-15 10:07:00,1609.80,1614.20,1609.50,1614.20,9182
2026-09-15 10:08:00,1614.10,1614.50,1611.10,1612.00,7371
2026-09-15 10:09:00,1611.40,1614.40,1611.00,1612.60,9112
2026-09-15 10:10:00,1613.50,1615.70,1612.10,1613.60,7032
2026-09-15 10:11:00,1613.00,1616.70,1612.90,1616.00,6374
2026-09-15 10:12:00,1616.60,1617.00,1614.40,1614.40,6253
2026-09-15 10:13:00,1614.60,1616.00,1614.30,1615.10,3423
2026-09-15 10:14:00,1615.10,1616.90,1615.00,1616.20,4335
2026-09-15 10:15:00,1616.80,1617.50,1615.50,1616.90,3828
2026-09-15 10:16:00,1616.50,1618.10,1616.00,1617.60,4207
2026-09-15 10:17:00,1618.10,1618.90,1616.60,1617.40,4640
2026-09-15 10:18:00,1617.40,1620.00,1616.00,1617.90,9477
2026-09-15 10:19:00,1617.90,1618.80,1617.20,1618.10,3496
2026-09-15 10:20:00,1619.00,1621.30,1616.70,1618.10,11214
2026-09-15 10:21:00,1617.30,1618.00,1614.60,1614.60,10114
2026-09-15 10:22:00,1614.90,1616.80,1614.60,1616.30,4528
2026-09-15 10:23:00,1616.30,1617.80,1616.00,1617.80,2534
2026-09-15 10:24:00,1617.70,1618.50,1615.20,1616.00,2726
2026-09-15 10:25:00,1616.10,1617.00,1615.10,1615.20,3176
2026-09-15 10:26:00,1615.20,1618.20,1615.20,1617.40,3818
2026-09-15 10:27:00,1617.00,1618.50,1616.00,1616.00,2195
2026-09-15 10:28:00,1616.30,1617.00,1615.40,1616.80,1928
2026-09-15 10:29:00,1616.80,1617.80,1616.10,1616.20,2723
2026-09-15 10:30:00,1616.80,1617.80,1615.60,1617.20,2843
2026-09-15 10:31:00,1617.30,1619.30,1617.00,1618.10,3568
2026-09-15 10:32:00,1617.70,1618.50,1616.80,1617.70,2164
2026-09-15 10:33:00,1618.40,1619.40,1617.90,1619.40,4445
2026-09-15 10:34:00,1618.60,1619.40,1617.80,1618.00,4002
2026-09-15 10:35:00,1617.90,1617.90,1616.60,1617.00,5012
2026-09-15 10:36:00,1616.70,1617.90,1616.10,1617.30,7802
2026-09-15 10:37:00,1617.30,1619.00,1617.30,1618.80,1750
2026-09-15 10:38:00,1618.50,1619.00,1618.00,1618.00,1830
2026-09-15 10:39:00,1618.00,1618.40,1616.40,1616.40,1794
2026-09-15 10:40:00,1616.90,1618.00,1615.20,1618.00,7147
2026-09-15 10:41:00,1617.60,1617.80,1616.40,1617.00,2143
2026-09-15 10:42:00,1616.30,1617.00,1615.30,1615.60,1689
2026-09-15 10:43:00,1616.50,1616.60,1615.30,1616.60,2301
2026-09-15 10:44:00,1616.20,1616.80,1615.90,1615.90,1733
2026-09-15 10:45:00,1615.90,1616.80,1615.50,1615.90,2447
2026-09-15 10:46:00,1615.90,1616.40,1615.00,1615.50,3947
2026-09-15 10:47:00,1615.50,1617.00,1614.30,1616.10,4384
2026-09-15 10:48:00,1616.40,1616.90,1615.10,1615.70,3170
2026-09-15 10:49:00,1615.00,1616.20,1614.30,1616.10,2307
2026-09-15 10:50:00,1616.20,1621.10,1615.90,1619.60,18179
2026-09-15 10:51:00,1620.00,1620.00,1616.10,1616.90,3580
2026-09-15 10:52:00,1616.10,1617.90,1615.60,1615.60,2048
2026-09-15 10:53:00,1616.10,1617.00,1615.80,1616.50,5070
2026-09-15 10:54:00,1616.30,1616.30,1613.70,1613.90,4314
2026-09-15 10:55:00,1613.80,1615.70,1613.80,1615.70,1822
2026-09-15 10:56:00,1615.40,1617.40,1614.30,1616.80,2692
2026-09-15 10:57:00,1616.80,1617.50,1615.30,1616.10,2150
2026-09-15 10:58:00,1616.10,1617.00,1614.30,1616.90,5364
2026-09-15 10:59:00,1616.30,1617.80,1615.80,1617.70,2957
2026-09-15 11:00:00,1617.80,1617.90,1617.20,1617.30,1272
2026-09-15 11:01:00,1617.00,1618.00,1614.90,1618.00,5050
2026-09-15 11:02:00,1617.40,1617.40,1615.90,1616.70,2388
2026-09-15 11:03:00,1616.20,1616.70,1615.50,1616.50,1705
2026-09-15 11:04:00,1616.40,1618.60,1616.40,1618.60,2849
2026-09-15 11:05:00,1618.50,1621.40,1618.50,1619.90,10872
2026-09-15 11:06:00,1619.90,1619.90,1617.00,1617.10,3045
2026-09-15 11:07:00,1617.10,1617.50,1616.00,1616.40,2352
2026-09-15 11:08:00,1616.40,1617.30,1616.20,1617.00,1772
2026-09-15 11:09:00,1617.30,1617.50,1616.00,1617.10,3926
2026-09-15 11:10:00,1617.00,1618.10,1616.00,1616.60,3850
2026-09-15 11:11:00,1617.00,1617.40,1616.00,1616.20,2862
2026-09-15 11:12:00,1616.00,1617.30,1616.00,1616.70,4248
2026-09-15 11:13:00,1616.60,1616.60,1615.00,1615.50,3405
2026-09-15 11:14:00,1615.60,1616.40,1615.50,1616.10,2968
2026-09-15 11:15:00,1616.10,1616.40,1615.00,1615.10,4166
2026-09-15 11:16:00,1615.30,1615.60,1613.40,1613.40,5359
2026-09-15 11:17:00,1613.50,1614.80,1613.00,1613.50,4066
2026-09-15 11:18:00,1614.10,1614.80,1613.30,1613.90,4031
2026-09-15 11:19:00,1613.90,1614.50,1613.20,1613.60,4222
2026-09-15 11:20:00,1614.00,1614.50,1613.50,1614.50,2917
2026-09-15 11:21:00,1614.60,1614.80,1613.50,1614.50,3022
2026-09-15 11:22:00,1614.50,1615.40,1614.20,1614.70,2698
2026-09-15 11:23:00,1614.20,1614.70,1613.50,1614.00,2102
2026-09-15 11:24:00,1613.50,1614.70,1613.50,1614.00,2700
2026-09-15 11:25:00,1614.00,1614.80,1613.00,1613.90,1671
2026-09-15 11:26:00,1613.90,1614.30,1613.60,1613.70,2936
2026-09-15 11:27:00,1613.10,1614.00,1612.10,1614.00,7956
2026-09-15 11:28:00,1613.50,1614.60,1613.50,1614.10,1728
2026-09-15 11:29:00,1614.10,1614.10,1612.30,1612.90,3671
2026-09-15 11:30:00,1612.30,1614.00,1612.20,1613.50,5650
2026-09-15 11:31:00,1613.10,1614.40,1613.10,1614.00,3228
2026-09-15 11:32:00,1614.00,1614.10,1613.40,1614.10,2482
2026-09-15 11:33:00,1614.00,1614.00,1613.20,1614.00,2836
2026-09-15 11:34:00,1613.50,1614.00,1611.40,1611.60,2987
2026-09-15 11:35:00,1611.70,1611.80,1610.80,1611.60,3543
2026-09-15 11:36:00,1611.60,1613.80,1611.60,1613.80,2622
2026-09-15 11:37:00,1613.30,1613.80,1612.20,1613.10,2923
2026-09-15 11:38:00,1612.90,1614.60,1612.30,1614.20,2848
2026-09-15 11:39:00,1613.60,1615.00,1613.10,1613.10,3420
2026-09-15 11:40:00,1613.60,1613.60,1607.00,1607.10,34262
2026-09-15 11:41:00,1607.10,1608.30,1607.10,1607.70,6020
2026-09-15 11:42:00,1608.00,1608.70,1606.90,1607.20,6606
2026-09-15 11:43:00,1607.20,1607.50,1606.90,1606.90,2898
2026-09-15 11:44:00,1607.20,1607.30,1606.00,1606.90,3888
2026-09-15 11:45:00,1606.90,1607.60,1606.30,1607.00,4093
2026-09-15 11:46:00,1607.00,1607.70,1606.40,1606.50,34950
2026-09-15 11:47:00,1607.70,1607.90,1607.10,1607.20,4351
2026-09-15 11:48:00,1607.10,1607.60,1606.40,1607.50,3327
2026-09-15 11:49:00,1607.50,1608.00,1605.80,1606.20,5119
2026-09-15 11:50:00,1606.30,1607.10,1605.40,1605.80,2485
2026-09-15 11:51:00,1605.20,1606.80,1605.20,1606.70,6029
2026-09-15 11:52:00,1606.50,1607.40,1604.50,1604.50,6176
2026-09-15 11:53:00,1604.50,1604.80,1603.30,1604.50,5562
2026-09-15 11:54:00,1604.60,1605.00,1604.10,1604.80,2516
2026-09-15 11:55:00,1604.20,1604.20,1603.20,1603.60,4074
2026-09-15 11:56:00,1603.70,1604.10,1603.60,1603.70,1662
2026-09-15 11:57:00,1603.70,1604.10,1602.20,1602.20,39316
2026-09-15 11:58:00,1602.90,1603.70,1602.20,1603.50,2253
2026-09-15 11:59:00,1603.10,1603.90,1602.20,1603.20,4201
2026-09-15 12:00:00,1603.30,1603.30,1602.20,1602.30,3033
2026-09-15 12:01:00,1602.30,1603.30,1602.30,1602.50,3249
2026-09-15 12:02:00,1602.80,1602.80,1600.60,1600.80,11182
2026-09-15 12:03:00,1600.50,1601.80,1600.50,1601.70,5081
2026-09-15 12:04:00,1602.20,1602.40,1601.20,1601.40,2587
2026-09-15 12:05:00,1601.70,1603.60,1601.20,1601.50,13233
2026-09-15 12:06:00,1601.50,1601.70,1600.50,1600.60,4418
2026-09-15 12:07:00,1601.00,1601.00,1600.10,1600.20,3317
2026-09-15 12:08:00,1600.20,1601.70,1600.20,1600.70,2114
2026-09-15 12:09:00,1601.10,1601.30,1600.50,1600.60,2365
2026-09-15 12:10:00,1600.50,1601.10,1600.50,1600.50,2233
2026-09-15 12:11:00,1601.00,1601.50,1600.00,1600.20,3189
2026-09-15 12:12:00,1600.90,1600.90,1600.00,1600.30,2010
2026-09-15 12:13:00,1600.30,1600.70,1600.30,1600.60,2865
2026-09-15 12:14:00,1600.70,1600.70,1600.30,1600.30,1285
2026-09-15 12:15:00,1600.30,1601.50,1600.30,1600.40,3440
2026-09-15 12:16:00,1600.40,1603.70,1600.30,1602.70,6345
2026-09-15 12:17:00,1602.50,1604.40,1601.70,1603.00,5409
2026-09-15 12:18:00,1602.90,1602.90,1601.40,1601.70,2817
2026-09-15 12:19:00,1601.70,1603.00,1601.00,1601.00,9052
2026-09-15 12:20:00,1601.50,1602.10,1600.50,1601.00,10532
2026-09-15 12:21:00,1601.50,1601.50,1600.00,1600.20,7161
2026-09-15 12:22:00,1600.20,1600.50,1599.40,1599.90,4212
2026-09-15 12:23:00,1599.90,1600.10,1599.50,1600.10,6494
2026-09-15 12:24:00,1600.50,1601.70,1600.30,1600.70,10236
2026-09-15 12:25:00,1601.10,1601.10,1600.70,1600.70,1221
2026-09-15 12:26:00,1600.70,1600.70,1600.00,1600.00,3045
2026-09-15 12:27:00,1600.00,1600.50,1599.60,1600.00,2378
2026-09-15 12:28:00,1600.00,1600.30,1599.60,1599.60,1500
2026-09-15 12:29:00,1599.80,1599.80,1599.10,1599.20,1211
2026-09-15 12:30:00,1599.50,1599.50,1597.20,1598.00,5812
2026-09-15 12:31:00,1598.40,1598.50,1596.80,1598.00,3713
2026-09-15 12:32:00,1597.70,1598.00,1597.70,1598.00,2146
2026-09-15 12:33:00,1598.00,1598.00,1597.50,1597.70,1828
2026-09-15 12:34:00,1597.70,1597.80,1594.40,1594.90,10900
2026-09-15 12:35:00,1595.00,1595.00,1593.30,1594.40,4384
2026-09-15 12:36:00,1594.40,1594.50,1594.00,1594.50,1609
2026-09-15 12:37:00,1594.50,1594.50,1593.50,1593.50,3182
2026-09-15 12:38:00,1593.60,1594.50,1592.90,1592.90,2564
2026-09-15 12:39:00,1592.90,1593.60,1592.90,1593.60,1257
2026-09-15 12:40:00,1593.60,1593.90,1592.10,1592.60,2495
2026-09-15 12:41:00,1592.10,1598.40,1592.10,1597.00,52318
2026-09-15 12:42:00,1596.60,1598.30,1596.20,1597.00,5951
2026-09-15 12:43:00,1596.20,1598.70,1596.10,1598.50,10258
2026-09-15 12:44:00,1598.00,1598.50,1597.50,1598.40,7096
2026-09-15 12:45:00,1598.00,1598.50,1597.10,1597.50,5341
2026-09-15 12:46:00,1597.10,1598.50,1596.20,1597.00,10397
2026-09-15 12:47:00,1597.00,1597.50,1595.50,1596.20,3615
2026-09-15 12:48:00,1595.80,1596.20,1595.60,1596.00,764
2026-09-15 12:49:00,1595.80,1596.00,1595.40,1595.40,2970
2026-09-15 12:50:00,1595.20,1596.40,1595.00,1596.40,1936
2026-09-15 12:51:00,1595.90,1596.10,1595.10,1595.70,3413
2026-09-15 12:52:00,1595.70,1595.70,1593.60,1594.00,2117
2026-09-15 12:53:00,1594.00,1594.70,1593.60,1594.60,1153
2026-09-15 12:54:00,1594.50,1594.50,1593.70,1594.00,2035
2026-09-15 12:55:00,1593.90,1594.90,1593.70,1594.30,3316
2026-09-15 12:56:00,1593.90,1595.00,1593.90,1594.60,1600
2026-09-15 12:57:00,1594.60,1595.00,1594.60,1594.60,4361
2026-09-15 12:58:00,1594.60,1594.60,1593.10,1593.80,2696
2026-09-15 12:59:00,1593.80,1593.80,1592.90,1593.10,3417
2026-09-15 13:00:00,1593.10,1593.20,1592.90,1593.00,1049
2026-09-15 13:01:00,1593.00,1593.30,1592.00,1593.00,3566
2026-09-15 13:02:00,1592.40,1594.20,1592.40,1593.60,1137
2026-09-15 13:03:00,1591.70,1591.70,1590.00,1591.00,38559
2026-09-15 13:04:00,1590.50,1591.40,1589.90,1590.80,14288
2026-09-15 13:05:00,1590.80,1591.30,1588.60,1588.60,6472
2026-09-15 13:06:00,1588.60,1589.80,1588.00,1588.20,6046
2026-09-15 13:07:00,1588.00,1589.00,1588.00,1588.70,1709
2026-09-15 13:08:00,1588.70,1588.90,1588.00,1588.20,3424
2026-09-15 13:09:00,1588.20,1588.70,1588.00,1588.40,2143
2026-09-15 13:10:00,1588.10,1588.50,1587.50,1588.00,3263
2026-09-15 13:11:00,1588.40,1588.40,1587.10,1587.10,3607
2026-09-15 13:12:00,1587.60,1587.90,1587.10,1587.30,1467
2026-09-15 13:13:00,1587.10,1587.50,1585.40,1587.40,6927
2026-09-15 13:14:00,1587.40,1587.50,1586.60,1587.30,1515
2026-09-15 13:15:00,1587.00,1587.30,1586.50,1586.80,1601
2026-09-15 13:16:00,1586.50,1587.00,1586.20,1586.20,2345
2026-09-15 13:17:00,1586.00,1586.60,1585.60,1586.40,1966
2026-09-15 13:18:00,1586.40,1586.90,1586.20,1586.90,2777
2026-09-15 13:19:00,1586.90,1588.20,1586.50,1587.80,4456
2026-09-15 13:20:00,1587.90,1588.00,1586.40,1587.00,1663
2026-09-15 13:21:00,1586.50,1587.00,1585.00,1585.00,3039
2026-09-15 13:22:00,1585.50,1585.90,1585.00,1585.50,1719
2026-09-15 13:23:00,1585.90,1586.20,1583.60,1583.90,4673
2026-09-15 13:24:00,1584.00,1584.80,1583.70,1584.40,2796
2026-09-15 13:25:00,1584.40,1585.10,1584.40,1584.70,2054
2026-09-15 13:26:00,1584.70,1585.10,1584.20,1585.00,1640
2026-09-15 13:27:00,1585.50,1586.10,1585.50,1585.50,2266
2026-09-15 13:28:00,1585.60,1586.00,1584.70,1585.00,2700
2026-09-15 13:29:00,1585.00,1585.60,1585.00,1585.50,1886
2026-09-15 13:30:00,1585.00,1585.60,1583.50,1584.00,3814
2026-09-15 13:31:00,1584.00,1584.70,1583.40,1583.60,1835
2026-09-15 13:32:00,1583.60,1584.50,1583.60,1584.30,2694
2026-09-15 13:33:00,1584.30,1584.30,1583.20,1584.00,2786
2026-09-15 13:34:00,1584.00,1584.50,1583.70,1584.10,3087
2026-09-15 13:35:00,1584.30,1584.50,1583.50,1584.50,1365
2026-09-15 13:36:00,1584.60,1584.80,1584.00,1584.00,3921
2026-09-15 13:37:00,1584.00,1584.30,1582.40,1582.90,4003
2026-09-15 13:38:00,1582.90,1583.90,1582.90,1583.40,2134
2026-09-15 13:39:00,1583.40,1584.30,1582.90,1583.10,2544
2026-09-15 13:40:00,1583.10,1584.40,1583.10,1583.50,3629
2026-09-15 13:41:00,1583.50,1583.80,1582.30,1583.30,3364
2026-09-15 13:42:00,1583.30,1584.00,1582.60,1582.90,3842
2026-09-15 13:43:00,1582.90,1584.30,1582.90,1583.40,2151
2026-09-15 13:44:00,1583.10,1584.10,1582.80,1582.80,1390
2026-09-15 13:45:00,1582.80,1583.80,1582.80,1583.10,1630
2026-09-15 13:46:00,1583.10,1584.00,1582.40,1583.30,2899
2026-09-15 13:47:00,1583.80,1583.90,1582.60,1582.60,2287
2026-09-15 13:48:00,1582.60,1583.70,1582.60,1583.30,993
2026-09-15 13:49:00,1583.30,1583.80,1582.90,1583.30,2294
2026-09-15 13:50:00,1582.90,1583.60,1582.70,1582.70,2208
2026-09-15 13:51:00,1582.70,1583.10,1582.70,1582.80,1966
2026-09-15 13:52:00,1583.00,1583.00,1582.10,1582.70,2405
2026-09-15 13:53:00,1582.70,1583.40,1582.10,1582.60,1646
2026-09-15 13:54:00,1582.10,1582.90,1581.20,1581.50,2507
2026-09-15 13:55:00,1581.50,1582.80,1581.50,1582.80,2740
2026-09-15 13:56:00,1582.30,1582.80,1582.00,1582.30,2285
2026-09-15 13:57:00,1582.30,1583.00,1582.30,1582.80,1765
2026-09-15 13:58:00,1582.80,1583.30,1582.30,1582.30,1923
2026-09-15 13:59:00,1582.30,1583.30,1582.30,1582.80,1316
2026-09-15 14:00:00,1583.30,1583.90,1582.80,1583.10,1752
2026-09-15 14:01:00,1583.10,1583.70,1582.30,1582.70,2551
2026-09-15 14:02:00,1582.70,1583.30,1582.50,1582.50,1950
2026-09-15 14:03:00,1582.50,1583.70,1582.20,1583.30,1201
2026-09-15 14:04:00,1582.90,1583.40,1581.60,1582.00,2361
2026-09-15 14:05:00,1581.60,1582.60,1581.60,1582.00,1605
2026-09-15 14:06:00,1582.00,1583.90,1582.00,1583.60,1428
2026-09-15 14:07:00,1583.60,1584.00,1582.80,1582.90,3202
2026-09-15 14:08:00,1582.90,1582.90,1582.10,1582.60,1217
2026-09-15 14:09:00,1582.80,1583.40,1582.70,1582.80,1696
2026-09-15 14:10:00,1582.80,1583.60,1582.70,1582.80,2126
2026-09-15 14:11:00,1582.70,1583.60,1582.50,1583.10,2787
2026-09-15 14:12:00,1582.80,1583.10,1582.60,1582.80,1513
2026-09-15 14:13:00,1582.80,1583.60,1581.00,1581.20,6851
2026-09-15 14:14:00,1581.60,1582.40,1581.30,1581.60,2111
2026-09-15 14:15:00,1581.60,1582.00,1580.40,1581.50,3597
2026-09-15 14:16:00,1581.40,1581.80,1580.10,1580.30,5517
2026-09-15 14:17:00,1580.20,1582.00,1580.00,1581.60,2446
2026-09-15 14:18:00,1581.60,1582.60,1581.20,1581.20,3797
2026-09-15 14:19:00,1580.00,1581.50,1580.00,1581.50,2716
2026-09-15 14:20:00,1580.50,1582.30,1580.50,1581.40,3724
2026-09-15 14:21:00,1581.50,1582.70,1581.40,1581.90,2217
2026-09-15 14:22:00,1581.90,1583.30,1581.80,1582.70,1259
2026-09-15 14:23:00,1582.70,1583.10,1581.60,1582.00,2887
2026-09-15 14:24:00,1581.60,1582.40,1581.10,1581.30,2025
2026-09-15 14:25:00,1581.10,1582.10,1581.10,1581.80,1468
2026-09-15 14:26:00,1581.80,1582.80,1581.00,1581.20,7056
2026-09-15 14:27:00,1581.50,1582.00,1579.50,1580.90,8488
2026-09-15 14:28:00,1580.90,1581.80,1580.10,1580.20,2175
2026-09-15 14:29:00,1580.10,1581.40,1580.10,1580.70,11780
2026-09-15 14:30:00,1580.70,1581.70,1580.70,1581.20,1168
2026-09-15 14:31:00,1581.20,1582.00,1580.80,1581.00,3034
2026-09-15 14:32:00,1581.50,1582.20,1580.90,1581.50,2135
2026-09-15 14:33:00,1582.30,1583.20,1581.60,1582.30,2260
2026-09-15 14:34:00,1582.30,1583.10,1582.30,1583.10,1859
2026-09-15 14:35:00,1582.80,1582.90,1582.40,1582.70,2539
2026-09-15 14:36:00,1582.40,1583.20,1582.40,1582.60,2362
2026-09-15 14:37:00,1582.60,1582.80,1581.80,1582.80,1240
2026-09-15 14:38:00,1582.90,1583.70,1582.30,1583.20,2230
2026-09-15 14:39:00,1583.80,1584.80,1583.20,1583.50,3716
2026-09-15 14:40:00,1583.50,1584.00,1583.00,1583.80,2907
2026-09-15 14:41:00,1583.30,1584.00,1582.60,1583.00,2342
2026-09-15 14:42:00,1583.00,1583.90,1583.00,1583.60,1513
2026-09-15 14:43:00,1583.70,1583.80,1582.30,1583.50,3891
2026-09-15 14:44:00,1583.50,1584.00,1583.20,1583.80,3541
2026-09-15 14:45:00,1583.80,1584.10,1583.00,1583.50,4111
2026-09-15 14:46:00,1583.20,1583.60,1582.40,1582.70,1769
2026-09-15 14:47:00,1582.00,1582.40,1580.90,1581.40,3437
2026-09-15 14:48:00,1581.10,1581.60,1580.10,1581.40,4253
2026-09-15 14:49:00,1581.70,1582.20,1580.70,1581.80,6574
2026-09-15 14:50:00,1581.50,1583.30,1581.50,1583.30,4332
2026-09-15 14:51:00,1583.40,1583.40,1581.90,1582.70,4112
2026-09-15 14:52:00,1582.70,1583.20,1582.40,1582.40,2431
2026-09-15 14:53:00,1582.50,1583.00,1581.80,1581.80,3019
2026-09-15 14:54:00,1581.90,1582.80,1581.00,1581.00,2978
2026-09-15 14:55:00,1581.00,1581.90,1581.00,1581.80,3842
2026-09-15 14:56:00,1581.50,1582.40,1581.40,1581.50,5596
2026-09-15 14:57:00,1582.00,1582.90,1581.50,1582.30,5712
2026-09-15 14:58:00,1582.30,1582.40,1581.60,1581.60,2731
2026-09-15 14:59:00,1581.60,1582.20,1581.10,1581.60,3559
2026-09-15 15:00:00,1582.00,1582.10,1580.90,1580.90,9159
2026-09-15 15:01:00,1581.40,1582.00,1580.30,1581.60,7696
2026-09-15 15:02:00,1579.50,1579.70,1578.30,1578.90,5218
2026-09-15 15:03:00,1579.40,1579.90,1578.50,1578.90,6964
2026-09-15 15:04:00,1579.70,1579.90,1578.50,1579.70,6631
2026-09-15 15:05:00,1579.60,1579.60,1578.10,1578.90,5423
2026-09-15 15:06:00,1578.90,1579.50,1578.30,1579.20,5609
2026-09-15 15:07:00,1578.80,1579.40,1578.80,1579.20,6128
2026-09-15 15:08:00,1579.00,1579.10,1577.50,1578.00,6410
2026-09-15 15:09:00,1577.70,1580.00,1577.70,1579.10,15021
2026-09-15 15:10:00,1578.50,1578.50,1576.90,1577.40,11910
2026-09-15 15:11:00,1577.30,1579.40,1577.10,1578.90,18761
2026-09-15 15:12:00,1579.00,1579.70,1577.40,1577.50,25097
2026-09-15 15:13:00,1577.50,1579.30,1577.50,1578.30,11269
2026-09-15 15:14:00,1578.90,1580.00,1577.50,1577.50,12400
2026-09-15 15:15:00,1577.50,1577.50,1577.50,1577.50,0
2026-09-15 15:16:00,1577.50,1577.50,1577.50,1577.50,0
2026-09-15 15:17:00,1577.50,1577.50,1577.50,1577.50,0
2026-09-15 15:18:00,1577.50,1577.50,1577.50,1577.50,0
2026-09-15 15:19:00,1577.50,1577.50,1577.50,1577.50,0
2026-09-15 15:20:00,1577.50,1577.50,1577.50,1577.50,0
2026-09-15 15:21:00,1577.50,1577.50,1577.50,1577.50,0
2026-09-15 15:22:00,1577.50,1577.50,1577.50,1577.50,0
2026-09-15 15:23:00,1577.50,1577.50,1577.50,1577.50,0
2026-09-15 15:24:00,1577.50,1577.50,1577.50,1577.50,0
2026-09-15 15:25:00,1577.50,1577.50,1577.50,1577.50,0
2026-09-15 15:26:00,1577.50,1577.50,1577.50,1577.50,0
2026-09-15 15:27:00,1577.50,1577.50,1577.50,1577.50,0
2026-09-15 15:28:00,1577.50,1577.50,1577.50,1577.50,0
2026-09-15 15:29:00,1575.90,1575.90,1575.90,1575.90,66382
2026-09-16 09:15:00,1578.20,1587.50,1574.00,1575.40,18130
2026-09-16 09:16:00,1576.60,1588.00,1575.30,1586.90,20578
2026-09-16 09:17:00,1586.20,1589.20,1581.90,1583.00,9392
2026-09-16 09:18:00,1584.00,1585.70,1580.80,1581.20,10452
2026-09-16 09:19:00,1581.70,1581.80,1579.00,1580.40,8242
2026-09-16 09:20:00,1580.40,1582.10,1580.40,1581.80,2330
2026-09-16 09:21:00,1582.10,1582.10,1578.50,1580.90,6879
2026-09-16 09:22:00,1580.10,1580.40,1578.50,1579.90,4383
2026-09-16 09:23:00,1580.70,1583.30,1580.10,1583.30,3736
2026-09-16 09:24:00,1583.00,1587.50,1583.00,1583.20,10798
2026-09-16 09:25:00,1583.20,1584.80,1582.10,1582.70,5661
2026-09-16 09:26:00,1582.70,1582.90,1579.50,1580.60,3425
2026-09-16 09:27:00,1580.50,1580.50,1577.90,1579.50,3205
2026-09-16 09:28:00,1579.50,1579.80,1577.80,1577.80,2491
2026-09-16 09:29:00,1578.00,1579.90,1578.00,1579.50,3859
2026-09-16 09:30:00,1579.70,1580.30,1578.60,1578.60,3447
2026-09-16 09:31:00,1578.60,1579.20,1577.10,1577.50,4486
2026-09-16 09:32:00,1577.50,1577.50,1575.30,1577.20,6556
2026-09-16 09:33:00,1577.50,1580.50,1577.50,1580.30,7092
2026-09-16 09:34:00,1580.00,1580.90,1580.00,1580.10,2821
2026-09-16 09:35:00,1580.10,1580.10,1578.00,1578.00,3765
2026-09-16 09:36:00,1578.00,1578.10,1576.40,1577.60,918
2026-09-16 09:37:00,1577.60,1578.30,1573.60,1574.90,4935
2026-09-16 09:38:00,1574.70,1574.70,1569.20,1570.50,6105
2026-09-16 09:39:00,1570.50,1570.50,1566.40,1567.60,8612
2026-09-16 09:40:00,1567.70,1570.60,1567.70,1569.50,5534
2026-09-16 09:41:00,1568.70,1569.00,1567.50,1567.60,3654
2026-09-16 09:42:00,1568.30,1569.00,1567.40,1568.10,1358
2026-09-16 09:43:00,1568.10,1568.90,1568.00,1568.40,1759
2026-09-16 09:44:00,1569.00,1569.00,1566.80,1567.70,2928
2026-09-16 09:45:00,1567.50,1570.00,1567.50,1570.00,2990
2026-09-16 09:46:00,1569.70,1572.40,1569.70,1571.90,3411
2026-09-16 09:47:00,1571.90,1571.90,1569.70,1570.40,4311
2026-09-16 09:48:00,1570.30,1572.20,1570.30,1572.10,3276
2026-09-16 09:49:00,1572.10,1573.00,1572.10,1572.90,2911
2026-09-16 09:50:00,1572.00,1574.70,1571.60,1574.30,2903
2026-09-16 09:51:00,1574.30,1576.30,1574.30,1575.70,4644
2026-09-16 09:52:00,1576.20,1577.80,1576.20,1577.10,2883
2026-09-16 09:53:00,1576.80,1576.80,1574.40,1575.00,4702
2026-09-16 09:54:00,1575.00,1576.10,1572.90,1572.90,2797
2026-09-16 09:55:00,1572.90,1574.00,1572.90,1573.90,2104
2026-09-16 09:56:00,1574.00,1574.70,1574.00,1574.30,1994
2026-09-16 09:57:00,1574.00,1575.10,1574.00,1574.60,2442
2026-09-16 09:58:00,1574.10,1575.00,1573.70,1574.40,3324
2026-09-16 09:59:00,1575.80,1577.60,1575.00,1577.60,3357
2026-09-16 10:00:00,1577.60,1578.00,1576.00,1577.60,3178
2026-09-16 10:01:00,1577.90,1578.40,1575.90,1575.90,1783
2026-09-16 10:02:00,1576.10,1576.30,1574.30,1576.00,1547
2026-09-16 10:03:00,1575.60,1577.70,1574.00,1577.70,4376
2026-09-16 10:04:00,1577.20,1577.40,1576.10,1576.10,1595
2026-09-16 10:05:00,1576.10,1576.20,1575.60,1575.60,896
2026-09-16 10:06:00,1575.60,1576.00,1574.10,1575.60,1774
2026-09-16 10:07:00,1575.60,1576.10,1574.10,1576.10,3546
2026-09-16 10:08:00,1576.40,1577.30,1575.50,1575.80,1377
2026-09-16 10:09:00,1575.50,1576.00,1575.50,1575.80,328
2026-09-16 10:10:00,1576.30,1576.50,1575.80,1575.80,1336
2026-09-16 10:11:00,1576.20,1577.50,1575.80,1577.50,979
2026-09-16 10:12:00,1577.50,1580.00,1577.50,1580.00,2386
2026-09-16 10:13:00,1579.90,1579.90,1575.90,1575.90,3925
2026-09-16 10:14:00,1575.90,1576.80,1575.50,1575.60,746
2026-09-16 10:15:00,1575.60,1575.70,1575.00,1575.20,517
2026-09-16 10:16:00,1575.70,1576.40,1575.20,1576.30,730
2026-09-16 10:17:00,1575.90,1578.00,1575.90,1578.00,1300
2026-09-16 10:18:00,1577.90,1577.90,1576.70,1577.10,2200
2026-09-16 10:19:00,1577.20,1577.20,1575.00,1575.00,895
2026-09-16 10:20:00,1575.00,1576.70,1575.00,1576.50,767
2026-09-16 10:21:00,1576.50,1576.90,1576.30,1576.90,467
2026-09-16 10:22:00,1576.40,1578.00,1576.40,1577.90,472
2026-09-16 10:23:00,1577.70,1578.70,1577.20,1578.70,1857
2026-09-16 10:24:00,1578.70,1580.00,1577.90,1579.10,2443
2026-09-16 10:25:00,1578.90,1579.00,1577.50,1577.80,1130
2026-09-16 10:26:00,1577.70,1577.80,1576.10,1577.40,1632
2026-09-16 10:27:00,1577.40,1577.40,1576.10,1576.40,678
2026-09-16 10:28:00,1576.40,1576.90,1576.10,1576.60,1167
2026-09-16 10:29:00,1576.50,1577.30,1575.20,1575.20,810
2026-09-16 10:30:00,1575.70,1576.80,1575.30,1575.90,1505
2026-09-16 10:31:00,1575.90,1575.90,1574.10,1574.60,1184
2026-09-16 10:32:00,1574.00,1574.00,1572.60,1573.00,2085
2026-09-16 10:33:00,1573.00,1573.60,1572.20,1572.20,1223
2026-09-16 10:34:00,1572.20,1573.30,1572.10,1573.30,2980
2026-09-16 10:35:00,1573.40,1573.40,1571.30,1572.50,1677
2026-09-16 10:36:00,1571.90,1571.90,1570.10,1571.80,7408
2026-09-16 10:37:00,1571.80,1573.30,1571.80,1573.30,367
2026-09-16 10:38:00,1573.30,1574.20,1572.90,1573.60,688
2026-09-16 10:39:00,1573.60,1574.50,1573.60,1573.80,765
2026-09-16 10:40:00,1574.20,1574.50,1572.60,1573.00,3416
2026-09-16 10:41:00,1573.30,1574.80,1572.80,1574.80,2244
2026-09-16 10:42:00,1575.00,1575.00,1574.10,1574.10,833
2026-09-16 10:43:00,1574.10,1574.50,1572.90,1574.40,478
2026-09-16 10:44:00,1573.90,1574.10,1573.40,1574.00,775
2026-09-16 10:45:00,1573.80,1574.20,1573.80,1574.00,266
2026-09-16 10:46:00,1574.00,1574.50,1572.90,1573.20,1642
2026-09-16 10:47:00,1573.50,1575.70,1573.50,1573.50,2173
2026-09-16 10:48:00,1573.70,1574.10,1573.70,1574.10,639
2026-09-16 10:49:00,1574.00,1575.60,1573.90,1574.60,1575
2026-09-16 10:50:00,1574.60,1575.50,1573.60,1574.00,1183
2026-09-16 10:51:00,1573.70,1574.40,1573.70,1574.00,1005
2026-09-16 10:52:00,1574.50,1576.90,1574.20,1576.80,5950
2026-09-16 10:53:00,1576.80,1578.00,1576.00,1576.00,4778
2026-09-16 10:54:00,1576.60,1577.40,1576.10,1576.50,1155
2026-09-16 10:55:00,1576.50,1578.90,1576.50,1577.70,7940
2026-09-16 10:56:00,1578.10,1578.90,1577.90,1578.60,616
2026-09-16 10:57:00,1578.60,1579.90,1578.50,1578.80,1998
2026-09-16 10:58:00,1578.00,1579.20,1576.40,1576.80,1896
2026-09-16 10:59:00,1576.70,1576.80,1576.00,1576.80,1212
2026-09-16 11:00:00,1576.80,1576.80,1574.90,1576.10,8564
2026-09-16 11:01:00,1576.00,1577.30,1576.00,1576.90,1118
2026-09-16 11:02:00,1576.40,1577.00,1576.10,1577.00,1338
2026-09-16 11:03:00,1577.00,1577.80,1576.70,1577.40,1712
2026-09-16 11:04:00,1577.40,1577.40,1576.50,1577.30,1027
2026-09-16 11:05:00,1577.20,1577.80,1577.00,1577.40,1245
2026-09-16 11:06:00,1577.00,1578.70,1577.00,1578.20,2058
2026-09-16 11:07:00,1578.20,1579.00,1577.50,1578.70,12450
2026-09-16 11:08:00,1578.10,1578.70,1576.00,1576.90,2716
2026-09-16 11:09:00,1576.50,1578.60,1576.50,1578.00,2897
2026-09-16 11:10:00,1578.00,1580.90,1578.00,1580.90,2025
2026-09-16 11:11:00,1580.90,1581.90,1579.80,1581.90,3223
2026-09-16 11:12:00,1581.90,1582.90,1581.20,1581.60,9101
2026-09-16 11:13:00,1581.70,1583.60,1581.70,1582.00,7090
2026-09-16 11:14:00,1581.90,1582.30,1580.70,1580.70,1591
2026-09-16 11:15:00,1580.60,1583.00,1580.60,1583.00,1934
2026-09-16 11:16:00,1582.90,1583.40,1582.40,1583.20,1531
2026-09-16 11:17:00,1582.80,1583.20,1582.80,1582.80,2424
2026-09-16 11:18:00,1582.90,1583.10,1580.80,1581.20,3103
2026-09-16 11:19:00,1580.60,1580.70,1579.30,1579.80,2697
2026-09-16 11:20:00,1578.50,1579.20,1577.20,1578.50,4497
2026-09-16 11:21:00,1578.50,1578.60,1577.00,1577.30,1648
2026-09-16 11:22:00,1577.20,1579.10,1577.00,1579.00,4654
2026-09-16 11:23:00,1579.20,1579.50,1578.00,1578.70,1192
2026-09-16 11:24:00,1578.40,1579.20,1577.10,1577.60,1617
2026-09-16 11:25:00,1577.60,1577.70,1576.60,1577.10,1722
2026-09-16 11:26:00,1577.10,1577.80,1576.60,1577.80,3415
2026-09-16 11:27:00,1577.60,1577.70,1575.40,1575.90,3307
2026-09-16 11:28:00,1576.30,1576.80,1575.90,1576.00,1430
2026-09-16 11:29:00,1576.40,1577.50,1575.40,1577.00,4579
2026-09-16 11:30:00,1576.90,1577.70,1576.60,1577.20,1556
2026-09-16 11:31:00,1577.10,1577.20,1572.10,1572.10,13821
2026-09-16 11:32:00,1572.50,1573.30,1572.50,1572.90,1459
2026-09-16 11:33:00,1572.50,1572.80,1571.60,1572.70,1401
2026-09-16 11:34:00,1572.70,1572.70,1572.00,1572.70,1047
2026-09-16 11:35:00,1572.70,1572.90,1572.10,1572.80,2013
2026-09-16 11:36:00,1572.20,1573.30,1572.20,1573.20,2766
2026-09-16 11:37:00,1572.70,1573.10,1570.40,1570.90,3099
2026-09-16 11:38:00,1570.40,1573.30,1570.40,1572.70,2823
2026-09-16 11:39:00,1572.40,1572.90,1571.70,1572.20,1249
2026-09-16 11:40:00,1570.60,1573.10,1570.60,1572.90,3755
2026-09-16 11:41:00,1572.80,1572.90,1571.60,1572.30,1942
2026-09-16 11:42:00,1572.10,1572.40,1571.50,1572.10,1803
2026-09-16 11:43:00,1572.00,1574.00,1571.30,1574.00,6757
2026-09-16 11:44:00,1573.30,1574.20,1571.30,1571.30,23168
2026-09-16 11:45:00,1570.30,1572.70,1570.30,1571.30,3404
2026-09-16 11:46:00,1571.70,1571.70,1570.30,1570.90,866
2026-09-16 11:47:00,1570.80,1571.00,1570.30,1570.80,1105
2026-09-16 11:48:00,1570.80,1571.00,1570.50,1571.00,4481
2026-09-16 11:49:00,1570.90,1571.00,1569.00,1569.00,4184
2026-09-16 11:50:00,1569.50,1570.00,1569.40,1569.80,1292
2026-09-16 11:51:00,1569.70,1570.00,1569.50,1569.90,2080
2026-09-16 11:52:00,1569.90,1570.00,1569.80,1569.80,1329
2026-09-16 11:53:00,1569.80,1570.00,1569.20,1569.60,2766
2026-09-16 11:54:00,1569.60,1570.00,1569.40,1569.90,991
2026-09-16 11:55:00,1570.00,1570.40,1569.90,1570.30,2395
2026-09-16 11:56:00,1570.40,1570.40,1569.40,1570.00,1874
2026-09-16 11:57:00,1569.40,1570.00,1569.20,1569.90,2117
2026-09-16 11:58:00,1569.90,1570.00,1569.00,1569.90,3289
2026-09-16 11:59:00,1569.90,1570.00,1569.80,1570.00,791
2026-09-16 12:00:00,1569.90,1570.00,1569.00,1569.40,45746
2026-09-16 12:01:00,1569.70,1569.80,1568.80,1569.70,1656
2026-09-16 12:02:00,1569.40,1569.80,1567.90,1568.90,20966
2026-09-16 12:03:00,1568.10,1568.90,1567.40,1568.00,2618
2026-09-16 12:04:00,1567.50,1568.00,1567.50,1568.00,847
2026-09-16 12:05:00,1567.80,1568.50,1565.90,1568.00,36955
2026-09-16 12:06:00,1567.90,1569.30,1567.40,1568.00,12156
2026-09-16 12:07:00,1568.00,1568.00,1567.00,1567.30,862
2026-09-16 12:08:00,1568.00,1568.00,1565.60,1566.50,6955
2026-09-16 12:09:00,1566.50,1566.50,1565.10,1565.90,11743
2026-09-16 12:10:00,1566.00,1566.00,1565.20,1565.90,1434
2026-09-16 12:11:00,1565.40,1566.50,1565.40,1566.50,11302
2026-09-16 12:12:00,1566.40,1566.50,1566.30,1566.50,2207
2026-09-16 12:13:00,1566.40,1566.50,1566.40,1566.40,1173
2026-09-16 12:14:00,1566.50,1566.50,1565.70,1566.00,5440
2026-09-16 12:15:00,1566.00,1566.00,1563.90,1564.70,3171
2026-09-16 12:16:00,1564.70,1566.00,1564.70,1566.00,1465
2026-09-16 12:17:00,1566.00,1566.00,1565.90,1566.00,2603
2026-09-16 12:18:00,1566.00,1566.00,1565.90,1566.00,1642
2026-09-16 12:19:00,1565.90,1566.00,1565.90,1566.00,9958
2026-09-16 12:20:00,1565.90,1566.00,1565.90,1565.90,1926
2026-09-16 12:21:00,1566.00,1566.00,1564.60,1564.90,6246
2026-09-16 12:22:00,1564.90,1565.00,1564.90,1565.00,1524
2026-09-16 12:23:00,1564.90,1565.00,1564.90,1565.00,2605
2026-09-16 12:24:00,1564.90,1565.00,1564.90,1565.00,3332
2026-09-16 12:25:00,1565.00,1565.00,1564.90,1564.90,693
2026-09-16 12:26:00,1565.00,1565.00,1564.60,1564.80,2759
2026-09-16 12:27:00,1564.80,1565.10,1564.80,1565.00,724
2026-09-16 12:28:00,1564.90,1565.00,1564.90,1565.00,1875
2026-09-16 12:29:00,1564.90,1565.00,1564.90,1564.90,5744
2026-09-16 12:30:00,1565.00,1565.00,1564.90,1565.00,1694
2026-09-16 12:31:00,1564.90,1565.90,1564.90,1565.20,3771
2026-09-16 12:32:00,1565.20,1565.70,1565.10,1565.70,669
2026-09-16 12:33:00,1565.60,1566.80,1565.00,1565.50,7157
2026-09-16 12:34:00,1565.50,1565.60,1564.90,1564.90,1143
2026-09-16 12:35:00,1565.50,1565.70,1564.90,1565.70,1306
2026-09-16 12:36:00,1565.20,1565.70,1563.10,1563.80,21216
2026-09-16 12:37:00,1563.10,1564.00,1563.10,1563.80,1505
2026-09-16 12:38:00,1563.80,1563.90,1562.00,1563.10,10567
2026-09-16 12:39:00,1563.30,1563.80,1562.00,1563.00,2480
2026-09-16 12:40:00,1562.20,1563.50,1562.10,1563.30,5622
2026-09-16 12:41:00,1563.20,1566.30,1561.90,1565.40,12910
2026-09-16 12:42:00,1565.30,1565.30,1562.10,1562.70,6716
2026-09-16 12:43:00,1562.60,1563.50,1562.60,1563.10,640
2026-09-16 12:44:00,1563.20,1564.00,1563.20,1564.00,2806
2026-09-16 12:45:00,1563.60,1563.80,1562.00,1562.00,9191
2026-09-16 12:46:00,1562.00,1562.00,1561.40,1562.00,21345
2026-09-16 12:47:00,1562.00,1562.00,1561.90,1562.00,9602
2026-09-16 12:48:00,1561.90,1563.00,1561.90,1562.60,22828
2026-09-16 12:49:00,1562.60,1562.90,1562.50,1562.60,669
2026-09-16 12:50:00,1562.50,1562.70,1561.70,1561.90,1535
2026-09-16 12:51:00,1562.20,1562.40,1562.20,1562.40,859
2026-09-16 12:52:00,1562.30,1563.00,1562.00,1562.40,2813
2026-09-16 12:53:00,1562.40,1564.00,1562.40,1563.20,5330
2026-09-16 12:54:00,1563.10,1563.20,1562.40,1562.40,730
2026-09-16 12:55:00,1562.00,1562.20,1560.30,1561.00,4431
2026-09-16 12:56:00,1561.00,1561.40,1560.20,1560.60,2558
2026-09-16 12:57:00,1560.70,1561.60,1560.70,1561.00,2354
2026-09-16 12:58:00,1560.70,1560.90,1559.20,1560.00,3531
2026-09-16 12:59:00,1559.80,1560.30,1559.80,1559.80,1878
2026-09-16 13:00:00,1559.70,1560.30,1559.70,1560.30,900
2026-09-16 13:01:00,1560.30,1560.60,1557.30,1558.10,6319
2026-09-16 13:02:00,1558.10,1559.10,1557.20,1557.70,2413
2026-09-16 13:03:00,1557.70,1558.60,1557.10,1558.00,1209
2026-09-16 13:04:00,1558.10,1558.90,1558.10,1558.70,849
2026-09-16 13:05:00,1558.70,1559.70,1558.70,1559.10,2279
2026-09-16 13:06:00,1559.10,1559.90,1559.10,1559.60,1352
2026-09-16 13:07:00,1559.60,1560.20,1559.60,1559.60,957
2026-09-16 13:08:00,1560.20,1560.40,1559.60,1559.70,1147
2026-09-16 13:09:00,1560.30,1560.90,1558.00,1558.60,5473
2026-09-16 13:10:00,1558.60,1559.80,1558.20,1559.10,1194
2026-09-16 13:11:00,1559.60,1559.70,1558.40,1558.40,2242
2026-09-16 13:12:00,1558.80,1559.30,1557.10,1557.10,951
2026-09-16 13:13:00,1557.10,1558.00,1557.00,1557.50,4100
2026-09-16 13:14:00,1557.50,1558.70,1557.10,1557.80,1928
2026-09-16 13:15:00,1558.30,1558.60,1557.80,1558.00,652
2026-09-16 13:16:00,1558.50,1558.90,1558.00,1558.90,804
2026-09-16 13:17:00,1558.50,1559.20,1557.70,1558.20,3803
2026-09-16 13:18:00,1558.70,1559.50,1558.10,1559.40,1255
2026-09-16 13:19:00,1559.40,1560.00,1558.90,1559.20,2710
2026-09-16 13:20:00,1559.70,1559.70,1557.40,1557.70,1574
2026-09-16 13:21:00,1557.70,1558.70,1557.70,1558.40,1105
2026-09-16 13:22:00,1558.00,1558.50,1556.80,1557.00,3016
2026-09-16 13:23:00,1557.00,1557.90,1555.50,1555.50,2952
2026-09-16 13:24:00,1555.60,1556.10,1553.70,1554.60,3634
2026-09-16 13:25:00,1554.50,1555.80,1553.90,1554.00,4943
2026-09-16 13:26:00,1554.30,1555.90,1554.00,1555.60,980
2026-09-16 13:27:00,1555.20,1555.90,1554.30,1555.00,2582
2026-09-16 13:28:00,1555.00,1555.50,1554.20,1554.90,1503
2026-09-16 13:29:00,1554.80,1555.30,1554.40,1555.20,1893
2026-09-16 13:30:00,1554.90,1555.40,1554.40,1555.40,2119
2026-09-16 13:31:00,1555.30,1555.50,1554.80,1555.00,955
2026-09-16 13:32:00,1555.30,1555.80,1555.00,1555.30,1665
2026-09-16 13:33:00,1555.30,1555.80,1554.50,1554.90,2097
2026-09-16 13:34:00,1554.80,1555.90,1554.50,1555.90,1877
2026-09-16 13:35:00,1555.90,1556.30,1555.10,1556.00,2161
2026-09-16 13:36:00,1555.30,1556.00,1555.30,1555.30,1296
2026-09-16 13:37:00,1555.30,1555.80,1554.00,1554.00,1921
2026-09-16 13:38:00,1554.00,1554.70,1553.10,1554.00,1783
2026-09-16 13:39:00,1553.90,1554.10,1553.00,1553.70,1461
2026-09-16 13:40:00,1553.40,1554.10,1553.00,1553.00,1761
2026-09-16 13:41:00,1554.00,1554.00,1553.00,1553.20,2539
2026-09-16 13:42:00,1553.60,1554.50,1553.60,1554.00,1703
2026-09-16 13:43:00,1554.40,1554.80,1554.00,1554.70,1839
2026-09-16 13:44:00,1554.70,1554.90,1553.60,1554.90,2223
2026-09-16 13:45:00,1554.80,1556.10,1554.70,1555.00,2345
2026-09-16 13:46:00,1555.50,1556.20,1554.60,1555.70,3190
2026-09-16 13:47:00,1555.70,1556.30,1555.50,1556.00,2416
2026-09-16 13:48:00,1556.00,1556.10,1555.00,1555.00,3023
2026-09-16 13:49:00,1555.10,1555.80,1555.00,1555.20,968
2026-09-16 13:50:00,1555.20,1555.60,1555.00,1555.20,1823
2026-09-16 13:51:00,1555.00,1556.00,1555.00,1555.90,2077
2026-09-16 13:52:00,1555.90,1556.00,1555.30,1555.40,1869
2026-09-16 13:53:00,1555.40,1556.80,1555.40,1556.10,3108
2026-09-16 13:54:00,1556.10,1556.70,1556.10,1556.10,704
2026-09-16 13:55:00,1556.10,1556.60,1555.10,1555.10,2811
2026-09-16 13:56:00,1555.70,1556.00,1555.20,1555.50,655
2026-09-16 13:57:00,1555.50,1556.00,1555.40,1555.90,2383
2026-09-16 13:58:00,1555.50,1556.00,1555.50,1555.50,792
2026-09-16 13:59:00,1555.50,1556.80,1555.50,1556.00,3464
2026-09-16 14:00:00,1556.00,1556.80,1556.00,1556.20,902
2026-09-16 14:01:00,1556.20,1556.80,1556.20,1556.30,836
2026-09-16 14:02:00,1556.30,1556.80,1556.20,1556.30,2896
2026-09-16 14:03:00,1556.30,1556.80,1556.30,1556.30,781
2026-09-16 14:04:00,1556.30,1556.70,1556.30,1556.60,2842
2026-09-16 14:05:00,1556.90,1557.30,1556.60,1557.00,1700
2026-09-16 14:06:00,1557.20,1557.40,1557.00,1557.00,772
2026-09-16 14:07:00,1557.00,1557.30,1556.60,1556.90,2336
2026-09-16 14:08:00,1556.60,1557.20,1555.10,1555.10,2181
2026-09-16 14:09:00,1555.80,1556.00,1554.00,1554.70,1587
2026-09-16 14:10:00,1554.70,1554.90,1554.30,1554.80,860
2026-09-16 14:11:00,1554.70,1556.20,1554.30,1556.20,3096
2026-09-16 14:12:00,1555.60,1556.20,1554.70,1555.00,1656
2026-09-16 14:13:00,1555.00,1555.80,1555.00,1555.30,1214
2026-09-16 14:14:00,1555.30,1555.60,1555.10,1555.40,1538
2026-09-16 14:15:00,1556.00,1556.00,1554.70,1555.00,2531
2026-09-16 14:16:00,1555.50,1555.70,1555.00,1555.10,652
2026-09-16 14:17:00,1555.70,1556.50,1555.10,1556.00,1026
2026-09-16 14:18:00,1556.00,1556.60,1555.10,1555.80,4292
2026-09-16 14:19:00,1556.00,1556.10,1554.30,1554.70,3868
2026-09-16 14:20:00,1554.70,1555.20,1554.30,1555.00,1753
2026-09-16 14:21:00,1554.90,1555.00,1554.00,1554.50,2094
2026-09-16 14:22:00,1554.60,1555.50,1554.50,1555.50,927
2026-09-16 14:23:00,1555.50,1555.90,1555.10,1555.80,798
2026-09-16 14:24:00,1555.80,1556.20,1555.30,1556.00,3748
2026-09-16 14:25:00,1555.90,1556.30,1555.50,1556.00,1186
2026-09-16 14:26:00,1555.50,1556.00,1555.30,1555.30,2617
2026-09-16 14:27:00,1555.60,1556.00,1554.80,1555.70,1534
2026-09-16 14:28:00,1555.10,1555.70,1554.50,1555.00,1487
2026-09-16 14:29:00,1555.00,1555.30,1554.00,1554.00,3633
2026-09-16 14:30:00,1554.00,1554.30,1552.80,1554.30,2129
2026-09-16 14:31:00,1554.20,1554.30,1553.10,1554.00,3164
2026-09-16 14:32:00,1554.00,1554.80,1553.40,1554.80,1939
2026-09-16 14:33:00,1554.80,1555.00,1553.70,1554.00,3044
2026-09-16 14:34:00,1553.80,1554.10,1553.10,1554.00,981
2026-09-16 14:35:00,1554.00,1554.60,1554.00,1554.40,2659
2026-09-16 14:36:00,1554.30,1554.80,1554.00,1554.60,822
2026-09-16 14:37:00,1554.00,1554.40,1553.20,1553.20,3407
2026-09-16 14:38:00,1554.70,1554.70,1552.20,1552.70,3766
2026-09-16 14:39:00,1552.70,1553.30,1551.20,1552.00,4474
2026-09-16 14:40:00,1552.00,1552.80,1551.20,1552.60,897
2026-09-16 14:41:00,1552.60,1552.80,1552.00,1552.80,1596
2026-09-16 14:42:00,1552.80,1552.80,1552.20,1552.70,2224
2026-09-16 14:43:00,1552.70,1553.90,1552.50,1553.80,1621
2026-09-16 14:44:00,1553.90,1554.50,1553.50,1554.10,3275
2026-09-16 14:45:00,1553.50,1554.30,1553.50,1554.10,731
2026-09-16 14:46:00,1554.20,1554.40,1551.20,1551.60,5067
2026-09-16 14:47:00,1551.60,1552.50,1551.60,1552.20,1530
2026-09-16 14:48:00,1552.20,1552.30,1550.00,1551.10,5503
2026-09-16 14:49:00,1550.30,1551.80,1550.20,1551.00,2648
2026-09-16 14:50:00,1550.30,1551.40,1550.30,1550.80,2322
2026-09-16 14:51:00,1550.80,1551.80,1550.80,1551.60,3680
2026-09-16 14:52:00,1551.60,1552.90,1551.10,1552.70,3962
2026-09-16 14:53:00,1552.10,1552.90,1552.10,1552.80,1122
2026-09-16 14:54:00,1552.80,1552.80,1551.20,1551.80,3608
2026-09-16 14:55:00,1551.80,1552.60,1551.80,1552.00,1704
2026-09-16 14:56:00,1552.10,1553.80,1552.10,1553.30,12812
2026-09-16 14:57:00,1553.30,1553.80,1552.20,1552.20,15432
2026-09-16 14:58:00,1552.30,1553.10,1551.10,1551.60,7413
2026-09-16 14:59:00,1551.40,1551.90,1550.50,1551.00,5880
2026-09-16 15:00:00,1550.80,1551.20,1548.50,1548.70,8788
2026-09-16 15:01:00,1548.60,1550.80,1548.60,1550.70,9201
2026-09-16 15:02:00,1550.40,1550.90,1549.90,1550.30,5726
2026-09-16 15:03:00,1550.30,1550.40,1549.90,1550.10,5045
2026-09-16 15:04:00,1550.10,1551.20,1550.10,1551.20,6114
2026-09-16 15:05:00,1551.10,1551.20,1550.30,1550.40,7196
2026-09-16 15:06:00,1550.30,1550.70,1550.10,1550.20,8682
2026-09-16 15:07:00,1550.40,1551.50,1550.20,1550.90,7971
2026-09-16 15:08:00,1551.10,1552.00,1551.10,1551.60,12260
2026-09-16 15:09:00,1551.70,1552.30,1551.60,1551.80,6747
2026-09-16 15:10:00,1551.90,1552.00,1551.40,1551.90,13240
2026-09-16 15:11:00,1551.80,1551.80,1551.20,1551.50,6251
2026-09-16 15:12:00,1550.50,1551.90,1549.20,1550.70,22516
2026-09-16 15:13:00,1550.40,1551.20,1549.30,1550.00,16243
2026-09-16 15:14:00,1549.80,1555.00,1548.00,1548.00,5305
2026-09-16 15:15:00,1548.00,1548.00,1548.00,1548.00,0
2026-09-16 15:16:00,1548.00,1548.00,1548.00,1548.00,0
2026-09-16 15:17:00,1548.00,1548.00,1548.00,1548.00,0
2026-09-16 15:18:00,1548.00,1548.00,1548.00,1548.00,0
2026-09-16 15:19:00,1548.00,1548.00,1548.00,1548.00,0
2026-09-16 15:20:00,1548.00,1548.00,1548.00,1548.00,0
2026-09-16 15:21:00,1548.00,1548.00,1548.00,1548.00,0
2026-09-16 15:22:00,1548.00,1548.00,1548.00,1548.00,0
2026-09-16 15:23:00,1548.00,1548.00,1548.00,1548.00,0
2026-09-16 15:24:00,1548.00,1548.00,1548.00,1548.00,0
2026-09-16 15:25:00,1548.00,1548.00,1548.00,1548.00,0
2026-09-16 15:26:00,1548.00,1548.00,1548.00,1548.00,0
2026-09-16 15:27:00,1548.00,1548.00,1548.00,1548.00,0
2026-09-16 15:28:00,1548.00,1548.00,1548.00,1548.00,0
2026-09-16 15:29:00,1548.00,1558.00,1548.00,1558.00,123857
2026-09-17 09:15:00,1545.10,1555.90,1538.00,1540.10,24149
2026-09-17 09:16:00,1540.00,1546.30,1538.90,1543.60,23597
2026-09-17 09:17:00,1543.30,1549.20,1543.10,1546.20,16058
2026-09-17 09:18:00,1546.00,1548.00,1543.50,1548.00,4740
2026-09-17 09:19:00,1548.00,1548.80,1543.80,1544.40,6080
2026-09-17 09:20:00,1544.90,1547.10,1543.00,1545.90,4662
2026-09-17 09:21:00,1546.80,1547.90,1544.50,1545.40,3746
2026-09-17 09:22:00,1544.50,1545.20,1543.50,1543.50,1642
2026-09-17 09:23:00,1543.50,1543.50,1540.80,1540.80,5475
2026-09-17 09:24:00,1540.80,1541.10,1539.40,1540.00,5124
2026-09-17 09:25:00,1540.10,1541.90,1540.10,1540.90,8253
2026-09-17 09:26:00,1540.40,1540.90,1539.70,1540.40,3026
2026-09-17 09:27:00,1540.40,1546.60,1540.40,1546.60,16693
2026-09-17 09:28:00,1547.30,1548.70,1545.30,1545.90,16017
2026-09-17 09:29:00,1545.50,1546.00,1545.30,1546.00,3603
2026-09-17 09:30:00,1546.00,1546.80,1544.70,1545.40,4354
2026-09-17 09:31:00,1546.00,1548.90,1545.70,1548.80,4386
2026-09-17 09:32:00,1548.80,1549.00,1547.10,1547.10,3519
2026-09-17 09:33:00,1547.10,1548.70,1547.10,1547.50,2892
2026-09-17 09:34:00,1547.50,1548.00,1546.60,1546.60,3313
2026-09-17 09:35:00,1546.80,1547.60,1545.80,1547.60,2988
2026-09-17 09:36:00,1547.60,1549.40,1546.40,1549.00,15168
2026-09-17 09:37:00,1549.00,1552.70,1548.50,1552.00,13311
2026-09-17 09:38:00,1551.90,1555.00,1551.60,1553.80,8212
2026-09-17 09:39:00,1553.80,1554.00,1552.00,1553.00,8962
2026-09-17 09:40:00,1553.40,1553.40,1551.40,1552.00,3767
2026-09-17 09:41:00,1552.00,1553.20,1551.10,1551.80,3968
2026-09-17 09:42:00,1551.80,1551.90,1550.20,1550.20,1493
2026-09-17 09:43:00,1550.20,1552.40,1550.20,1551.80,2578
2026-09-17 09:44:00,1551.80,1552.70,1551.10,1551.30,1044
2026-09-17 09:45:00,1551.60,1552.60,1550.00,1550.30,2037
2026-09-17 09:46:00,1550.40,1552.00,1550.20,1551.50,1000
2026-09-17 09:47:00,1551.50,1552.70,1551.40,1552.60,685
2026-09-17 09:48:00,1552.60,1554.00,1552.30,1553.10,1494
2026-09-17 09:49:00,1553.60,1553.60,1552.00,1552.30,784
2026-09-17 09:50:00,1551.60,1552.00,1550.20,1551.00,1857
2026-09-17 09:51:00,1550.80,1552.70,1549.80,1552.70,3936
2026-09-17 09:52:00,1552.70,1553.70,1551.50,1552.10,4475
2026-09-17 09:53:00,1552.10,1552.10,1551.20,1551.40,764
2026-09-17 09:54:00,1552.00,1552.00,1551.30,1551.50,1011
2026-09-17 09:55:00,1551.90,1556.30,1551.90,1555.00,5707
2026-09-17 09:56:00,1555.10,1555.10,1552.70,1552.70,2268
2026-09-17 09:57:00,1553.30,1553.30,1552.20,1553.30,1271
2026-09-17 09:58:00,1553.30,1554.90,1553.00,1554.40,824
2026-09-17 09:59:00,1554.30,1554.80,1554.20,1554.70,598
2026-09-17 10:00:00,1554.40,1554.40,1553.00,1553.20,2217
2026-09-17 10:01:00,1553.80,1554.00,1553.10,1553.10,787
2026-09-17 10:02:00,1553.60,1554.70,1553.10,1554.00,1421
2026-09-17 10:03:00,1554.60,1554.60,1553.70,1553.70,2340
2026-09-17 10:04:00,1553.70,1554.70,1553.70,1554.30,841
2026-09-17 10:05:00,1554.80,1555.70,1554.30,1554.70,2645
2026-09-17 10:06:00,1554.70,1555.80,1554.40,1555.80,1680
2026-09-17 10:07:00,1555.80,1555.80,1554.50,1554.70,1239
2026-09-17 10:08:00,1554.70,1554.80,1554.50,1554.80,577
2026-09-17 10:09:00,1554.60,1555.80,1554.40,1555.20,915
2026-09-17 10:10:00,1555.80,1555.90,1554.90,1555.00,1553
2026-09-17 10:11:00,1555.00,1555.40,1554.70,1555.40,508
2026-09-17 10:12:00,1555.80,1555.80,1554.50,1554.50,1408
2026-09-17 10:13:00,1554.70,1554.70,1554.10,1554.30,1264
2026-09-17 10:14:00,1554.60,1554.60,1554.00,1554.00,1266
2026-09-17 10:15:00,1554.30,1555.40,1554.20,1555.30,1557
2026-09-17 10:16:00,1555.30,1555.30,1555.00,1555.00,314
2026-09-17 10:17:00,1555.40,1555.70,1555.20,1555.20,331
2026-09-17 10:18:00,1555.20,1555.20,1552.50,1552.60,3865
2026-09-17 10:19:00,1553.00,1553.70,1552.50,1552.80,1820
2026-09-17 10:20:00,1553.30,1554.90,1552.70,1553.90,975
2026-09-17 10:21:00,1554.90,1554.90,1553.90,1554.30,967
2026-09-17 10:22:00,1554.80,1554.80,1553.00,1553.10,3049
2026-09-17 10:23:00,1553.10,1553.40,1552.00,1552.10,2558
2026-09-17 10:24:00,1552.60,1552.60,1549.80,1550.00,3672
2026-09-17 10:25:00,1550.30,1550.50,1548.20,1548.90,3805
2026-09-17 10:26:00,1548.40,1548.80,1548.30,1548.50,1096
2026-09-17 10:27:00,1548.80,1550.50,1548.40,1550.20,2423
2026-09-17 10:28:00,1550.10,1550.90,1550.00,1550.00,1343
2026-09-17 10:29:00,1550.10,1550.10,1548.10,1548.20,2152
2026-09-17 10:30:00,1548.50,1548.70,1548.10,1548.10,855
2026-09-17 10:31:00,1547.80,1548.70,1547.20,1548.70,2798
2026-09-17 10:32:00,1548.80,1550.70,1548.70,1549.60,1057
2026-09-17 10:33:00,1550.00,1550.00,1549.60,1549.60,552
2026-09-17 10:34:00,1549.90,1551.70,1549.70,1550.50,1034
2026-09-17 10:35:00,1551.00,1552.40,1550.60,1550.70,3649
2026-09-17 10:36:00,1551.30,1553.10,1550.70,1551.60,3391
2026-09-17 10:37:00,1551.60,1551.60,1551.00,1551.10,499
2026-09-17 10:38:00,1551.50,1551.50,1548.70,1549.00,6358
2026-09-17 10:39:00,1549.00,1550.00,1548.00,1548.80,2795
2026-09-17 10:40:00,1549.30,1549.30,1548.10,1548.10,4130
2026-09-17 10:41:00,1548.00,1548.40,1547.10,1547.30,1923
2026-09-17 10:42:00,1547.80,1547.80,1547.10,1547.10,1891
2026-09-17 10:43:00,1547.30,1548.80,1547.10,1547.80,1833
2026-09-17 10:44:00,1548.30,1548.40,1547.10,1547.50,1819
2026-09-17 10:45:00,1547.50,1548.70,1547.00,1548.20,1234
2026-09-17 10:46:00,1548.50,1549.30,1548.10,1548.50,646
2026-09-17 10:47:00,1549.00,1549.40,1548.50,1548.90,1207
2026-09-17 10:48:00,1549.40,1550.10,1548.90,1549.50,2519
2026-09-17 10:49:00,1549.50,1552.10,1549.10,1549.10,24876
2026-09-17 10:50:00,1549.50,1550.20,1549.20,1549.70,2572
2026-09-17 10:51:00,1550.30,1550.30,1548.30,1549.20,4636
2026-09-17 10:52:00,1551.50,1551.50,1549.20,1550.00,47160
2026-09-17 10:53:00,1550.30,1552.70,1549.30,1551.60,43093
2026-09-17 10:54:00,1552.10,1556.60,1550.60,1556.00,10490
2026-09-17 10:55:00,1555.90,1555.90,1548.50,1549.30,122010
2026-09-17 10:56:00,1549.20,1549.60,1547.00,1547.10,7191
2026-09-17 10:57:00,1548.80,1550.80,1547.00,1547.00,14669
2026-09-17 10:58:00,1547.40,1547.40,1544.20,1545.70,12901
2026-09-17 10:59:00,1545.70,1545.70,1543.50,1544.40,6129
2026-09-17 11:00:00,1544.90,1545.00,1544.40,1545.00,3277
2026-09-17 11:01:00,1544.90,1546.50,1543.50,1546.50,7429
2026-09-17 11:02:00,1547.00,1547.60,1546.10,1547.30,3288
2026-09-17 11:03:00,1547.50,1547.50,1546.10,1546.10,8007
2026-09-17 11:04:00,1546.60,1547.20,1546.10,1546.30,2571
2026-09-17 11:05:00,1546.00,1547.20,1545.50,1546.80,4318
2026-09-17 11:06:00,1546.30,1547.00,1545.60,1545.60,6455
2026-09-17 11:07:00,1546.10,1546.10,1545.40,1545.60,2033
2026-09-17 11:08:00,1545.90,1546.60,1545.60,1546.60,3311
2026-09-17 11:09:00,1546.60,1548.30,1546.40,1548.30,4737
2026-09-17 11:10:00,1548.00,1548.00,1546.30,1546.30,6602
2026-09-17 11:11:00,1546.30,1547.40,1546.30,1546.70,3385
2026-09-17 11:12:00,1546.50,1547.10,1546.50,1546.70,736
2026-09-17 11:13:00,1546.70,1546.70,1546.50,1546.50,2170
2026-09-17 11:14:00,1547.30,1548.70,1547.30,1547.50,5827
2026-09-17 11:15:00,1547.40,1547.80,1547.30,1547.80,3505
2026-09-17 11:16:00,1547.80,1548.70,1547.60,1548.70,2409
2026-09-17 11:17:00,1548.70,1549.20,1548.10,1548.40,1610
2026-09-17 11:18:00,1548.90,1548.90,1548.30,1548.90,3155
2026-09-17 11:19:00,1548.70,1551.00,1547.20,1549.20,19501
2026-09-17 11:20:00,1549.20,1549.50,1548.70,1548.80,2541
2026-09-17 11:21:00,1548.80,1550.00,1548.80,1548.80,4981
2026-09-17 11:22:00,1549.10,1549.60,1548.30,1548.90,4473
2026-09-17 11:23:00,1549.20,1550.00,1548.90,1550.00,4311
2026-09-17 11:24:00,1550.00,1550.00,1548.60,1548.70,7143
2026-09-17 11:25:00,1549.00,1549.60,1548.80,1548.80,3987
2026-09-17 11:26:00,1549.40,1549.40,1548.60,1548.60,2171
2026-09-17 11:27:00,1548.60,1548.70,1547.70,1547.70,1579
2026-09-17 11:28:00,1547.60,1547.70,1547.20,1547.40,3585
2026-09-17 11:29:00,1547.60,1549.10,1547.60,1548.90,5730
2026-09-17 11:30:00,1549.00,1555.20,1548.90,1554.30,40231
2026-09-17 11:31:00,1554.80,1560.10,1554.00,1558.80,19138
2026-09-17 11:32:00,1559.30,1561.60,1557.40,1560.10,10001
2026-09-17 11:33:00,1560.50,1560.50,1558.40,1558.40,5722
2026-09-17 11:34:00,1559.10,1563.80,1559.10,1563.10,9143
2026-09-17 11:35:00,1563.60,1563.60,1561.80,1562.70,6113
2026-09-17 11:36:00,1562.90,1563.70,1560.90,1560.90,6069
2026-09-17 11:37:00,1560.90,1560.90,1559.80,1560.50,1607
2026-09-17 11:38:00,1560.60,1560.60,1559.40,1559.40,5062
2026-09-17 11:39:00,1559.80,1559.80,1555.90,1556.40,7523
2026-09-17 11:40:00,1556.40,1557.00,1555.60,1556.20,3608
2026-09-17 11:41:00,1555.40,1556.20,1555.00,1555.50,5172
2026-09-17 11:42:00,1555.50,1556.50,1554.20,1554.70,6792
2026-09-17 11:43:00,1555.00,1557.80,1554.70,1556.70,5733
2026-09-17 11:44:00,1557.10,1557.90,1556.20,1557.10,5186
2026-09-17 11:45:00,1557.00,1557.10,1555.10,1555.10,4073
2026-09-17 11:46:00,1555.40,1556.00,1555.00,1556.00,2424
2026-09-17 11:47:00,1556.00,1556.80,1555.60,1556.70,1130
2026-09-17 11:48:00,1556.30,1556.60,1556.30,1556.30,1029
2026-09-17 11:49:00,1556.30,1557.00,1556.30,1556.50,1636
2026-09-17 11:50:00,1556.50,1556.70,1556.50,1556.50,1193
2026-09-17 11:51:00,1556.50,1558.50,1556.50,1557.60,4313
2026-09-17 11:52:00,1558.30,1558.50,1557.70,1558.50,2401
2026-09-17 11:53:00,1558.50,1560.10,1556.40,1559.40,10835
2026-09-17 11:54:00,1560.30,1560.30,1556.20,1556.40,19369
2026-09-17 11:55:00,1556.90,1557.60,1556.20,1556.80,5942
2026-09-17 11:56:00,1556.80,1558.90,1556.50,1558.00,2892
2026-09-17 11:57:00,1558.70,1558.80,1557.90,1558.60,1428
2026-09-17 11:58:00,1558.30,1558.90,1557.90,1558.50,1790
2026-09-17 11:59:00,1558.40,1560.00,1558.40,1558.80,21765
2026-09-17 12:00:00,1559.40,1559.60,1558.50,1558.50,5484
2026-09-17 12:01:00,1558.70,1559.30,1557.00,1557.00,4081
2026-09-17 12:02:00,1557.30,1558.40,1557.10,1557.90,2881
2026-09-17 12:03:00,1557.90,1559.70,1557.60,1558.50,5618
2026-09-17 12:04:00,1558.90,1558.90,1558.00,1558.00,2475
2026-09-17 12:05:00,1558.10,1558.10,1557.90,1558.00,1639
2026-09-17 12:06:00,1558.00,1560.00,1558.00,1559.40,4251
2026-09-17 12:07:00,1560.00,1561.00,1559.70,1560.20,29015
2026-09-17 12:08:00,1560.50,1560.90,1559.60,1560.40,8774
2026-09-17 12:09:00,1560.90,1562.90,1560.50,1560.50,33393
2026-09-17 12:10:00,1560.50,1561.20,1560.10,1561.00,4000
2026-09-17 12:11:00,1561.10,1561.10,1560.50,1560.50,1282
2026-09-17 12:12:00,1560.60,1560.60,1560.10,1560.60,3772
2026-09-17 12:13:00,1560.60,1562.50,1559.70,1561.60,7690
2026-09-17 12:14:00,1562.00,1562.00,1561.30,1561.90,7233
2026-09-17 12:15:00,1561.90,1561.90,1560.10,1561.10,5668
2026-09-17 12:16:00,1561.10,1562.50,1560.90,1562.50,6500
2026-09-17 12:17:00,1562.50,1562.80,1562.10,1562.80,3730
2026-09-17 12:18:00,1562.80,1563.00,1562.60,1562.70,4376
2026-09-17 12:19:00,1563.00,1568.90,1562.70,1568.00,60896
2026-09-17 12:20:00,1568.00,1568.90,1567.30,1568.10,8915
2026-09-17 12:21:00,1568.10,1569.00,1567.30,1568.30,7419
2026-09-17 12:22:00,1568.70,1569.00,1568.10,1568.80,6428
2026-09-17 12:23:00,1568.80,1569.70,1568.70,1569.10,8921
2026-09-17 12:24:00,1569.40,1569.40,1568.70,1568.70,3366
2026-09-17 12:25:00,1568.70,1568.80,1567.30,1567.90,6298
2026-09-17 12:26:00,1567.80,1567.80,1565.60,1565.80,2838
2026-09-17 12:27:00,1565.80,1567.50,1565.80,1566.60,3740
2026-09-17 12:28:00,1567.00,1567.00,1566.10,1566.70,4941
2026-09-17 12:29:00,1567.60,1567.60,1566.10,1566.10,1288
2026-09-17 12:30:00,1566.60,1567.90,1565.40,1565.40,5201
2026-09-17 12:31:00,1565.80,1565.90,1564.60,1565.20,1884
2026-09-17 12:32:00,1565.80,1565.80,1565.20,1565.20,1506
2026-09-17 12:33:00,1565.40,1565.90,1565.10,1565.90,1459
2026-09-17 12:34:00,1566.00,1566.10,1565.10,1565.50,2469
2026-09-17 12:35:00,1566.10,1566.20,1565.30,1566.10,2134
2026-09-17 12:36:00,1566.30,1566.50,1566.10,1566.10,1213
2026-09-17 12:37:00,1566.50,1566.50,1565.40,1565.50,3727
2026-09-17 12:38:00,1566.20,1566.30,1565.40,1565.60,2304
2026-09-17 12:39:00,1566.10,1566.10,1565.70,1566.10,1357
2026-09-17 12:40:00,1566.10,1566.10,1565.70,1565.70,2080
2026-09-17 12:41:00,1565.90,1566.00,1564.90,1564.90,2454
2026-09-17 12:42:00,1565.40,1565.40,1563.90,1564.30,2472
2026-09-17 12:43:00,1564.50,1565.00,1564.20,1564.40,3395
2026-09-17 12:44:00,1564.60,1566.50,1564.30,1565.40,5763
2026-09-17 12:45:00,1565.80,1566.00,1564.50,1565.00,10084
2026-09-17 12:46:00,1565.30,1566.00,1565.00,1565.20,3981
2026-09-17 12:47:00,1565.60,1565.70,1565.00,1565.30,2796
2026-09-17 12:48:00,1565.70,1566.50,1565.00,1566.00,2908
2026-09-17 12:49:00,1566.00,1567.20,1565.40,1566.20,5063
2026-09-17 12:50:00,1566.30,1566.30,1565.00,1565.10,8437
2026-09-17 12:51:00,1565.60,1566.50,1564.90,1566.50,4772
2026-09-17 12:52:00,1566.20,1566.40,1564.80,1564.90,3553
2026-09-17 12:53:00,1565.40,1565.40,1562.20,1563.00,7921
2026-09-17 12:54:00,1563.60,1565.40,1563.00,1563.60,4703
2026-09-17 12:55:00,1563.60,1564.10,1563.00,1563.10,2848
2026-09-17 12:56:00,1563.40,1563.50,1562.60,1563.10,1125
2026-09-17 12:57:00,1562.70,1563.50,1562.60,1562.90,1048
2026-09-17 12:58:00,1563.40,1563.70,1562.80,1563.20,786
2026-09-17 12:59:00,1563.20,1563.20,1562.90,1562.90,909
2026-09-17 13:00:00,1563.10,1563.20,1562.80,1563.00,954
2026-09-17 13:01:00,1563.00,1563.20,1561.20,1561.50,3687
2026-09-17 13:02:00,1562.00,1562.00,1560.50,1560.60,1375
2026-09-17 13:03:00,1560.60,1560.60,1558.50,1558.50,4157
2026-09-17 13:04:00,1559.20,1559.80,1557.50,1558.30,4926
2026-09-17 13:05:00,1558.80,1558.80,1558.30,1558.40,2332
2026-09-17 13:06:00,1558.80,1558.90,1558.40,1558.60,1393
2026-09-17 13:07:00,1558.70,1558.80,1558.50,1558.50,1923
2026-09-17 13:08:00,1558.60,1560.60,1558.40,1559.40,2804
2026-09-17 13:09:00,1559.60,1559.60,1559.30,1559.30,1455
2026-09-17 13:10:00,1559.40,1560.70,1559.30,1559.70,2335
2026-09-17 13:11:00,1559.70,1560.00,1559.40,1559.80,2222
2026-09-17 13:12:00,1559.70,1559.80,1559.40,1559.40,2387
2026-09-17 13:13:00,1559.80,1559.90,1559.40,1559.40,1604
2026-09-17 13:14:00,1559.90,1559.90,1559.30,1559.30,1157
2026-09-17 13:15:00,1559.30,1559.80,1559.30,1559.70,1807
2026-09-17 13:16:00,1559.70,1561.20,1559.30,1560.70,2807
2026-09-17 13:17:00,1560.70,1560.70,1559.50,1560.60,5412
2026-09-17 13:18:00,1561.00,1561.00,1560.30,1560.40,1609
2026-09-17 13:19:00,1560.80,1561.10,1560.30,1560.40,1712
2026-09-17 13:20:00,1560.80,1561.40,1560.40,1561.20,2868
2026-09-17 13:21:00,1560.80,1561.40,1560.80,1561.10,1410
2026-09-17 13:22:00,1561.30,1562.00,1561.10,1561.10,2786
2026-09-17 13:23:00,1561.10,1561.40,1560.30,1561.40,1734
2026-09-17 13:24:00,1561.40,1561.40,1560.70,1560.70,1452
2026-09-17 13:25:00,1561.00,1561.40,1560.70,1561.30,2507
2026-09-17 13:26:00,1561.20,1561.20,1560.70,1560.70,1226
2026-09-17 13:27:00,1560.70,1560.70,1559.90,1560.40,2315
2026-09-17 13:28:00,1560.40,1560.40,1559.10,1560.10,4604
2026-09-17 13:29:00,1560.40,1560.50,1559.00,1560.00,4560
2026-09-17 13:30:00,1560.30,1560.70,1559.00,1560.10,3990
2026-09-17 13:31:00,1560.20,1560.70,1559.80,1560.70,2257
2026-09-17 13:32:00,1560.70,1561.10,1559.90,1560.50,3693
2026-09-17 13:33:00,1560.50,1560.50,1559.30,1559.30,1939
2026-09-17 13:34:00,1559.90,1559.90,1559.10,1559.40,2566
2026-09-17 13:35:00,1559.30,1559.30,1558.00,1558.80,4891
2026-09-17 13:36:00,1558.90,1558.90,1558.10,1558.20,1037
2026-09-17 13:37:00,1558.30,1559.20,1558.20,1558.60,1225
2026-09-17 13:38:00,1559.00,1561.60,1558.20,1561.10,5293
2026-09-17 13:39:00,1561.20,1562.00,1560.80,1561.80,3386
2026-09-17 13:40:00,1561.80,1561.80,1561.00,1561.00,3142
2026-09-17 13:41:00,1561.40,1561.40,1557.40,1557.40,32442
2026-09-17 13:42:00,1557.70,1557.70,1557.40,1557.40,2255
2026-09-17 13:43:00,1557.40,1558.20,1557.10,1557.30,10644
2026-09-17 13:44:00,1557.70,1557.70,1557.20,1557.60,1131
2026-09-17 13:45:00,1557.60,1557.60,1557.10,1557.10,1337
2026-09-17 13:46:00,1557.10,1557.10,1556.90,1556.90,5976
2026-09-17 13:47:00,1557.10,1557.50,1556.80,1556.90,3744
2026-09-17 13:48:00,1557.00,1557.40,1556.70,1556.90,2080
2026-09-17 13:49:00,1557.30,1557.40,1556.80,1557.00,1210
2026-09-17 13:50:00,1557.00,1557.30,1556.80,1557.10,1290
2026-09-17 13:51:00,1557.30,1557.30,1557.00,1557.00,683
2026-09-17 13:52:00,1557.10,1557.10,1556.80,1556.90,2240
2026-09-17 13:53:00,1556.80,1556.90,1556.60,1556.80,1815
2026-09-17 13:54:00,1556.80,1556.80,1556.60,1556.60,1806
2026-09-17 13:55:00,1556.70,1556.70,1556.50,1556.50,1388
2026-09-17 13:56:00,1556.60,1556.80,1556.40,1556.40,829
2026-09-17 13:57:00,1556.50,1556.50,1556.10,1556.10,2015
2026-09-17 13:58:00,1556.20,1556.20,1555.70,1555.70,1490
2026-09-17 13:59:00,1555.70,1555.90,1554.90,1555.30,5759
2026-09-17 14:00:00,1555.30,1555.30,1554.10,1555.00,4277
2026-09-17 14:01:00,1555.00,1555.00,1554.60,1554.70,2796
2026-09-17 14:02:00,1554.80,1554.80,1553.90,1553.90,1676
2026-09-17 14:03:00,1553.90,1554.50,1553.80,1554.00,2665
2026-09-17 14:04:00,1554.00,1554.50,1553.50,1554.10,2081
2026-09-17 14:05:00,1554.50,1554.50,1554.10,1554.10,874
2026-09-17 14:06:00,1554.40,1554.40,1554.10,1554.10,1784
2026-09-17 14:07:00,1554.30,1556.90,1554.00,1555.60,7554
2026-09-17 14:08:00,1556.10,1556.10,1555.40,1555.40,1950
2026-09-17 14:09:00,1555.50,1556.90,1554.50,1556.20,12864
2026-09-17 14:10:00,1556.70,1556.90,1556.00,1556.70,4823
2026-09-17 14:11:00,1556.70,1557.00,1555.10,1555.10,3579
2026-09-17 14:12:00,1555.30,1555.30,1554.70,1554.90,3963
2026-09-17 14:13:00,1555.00,1555.80,1554.90,1554.90,3225
2026-09-17 14:14:00,1555.10,1555.30,1554.70,1554.70,3084
2026-09-17 14:15:00,1555.20,1555.20,1554.70,1555.00,1248
2026-09-17 14:16:00,1555.20,1555.30,1554.80,1555.00,5278
2026-09-17 14:17:00,1555.30,1555.60,1554.90,1555.60,4365
2026-09-17 14:18:00,1556.00,1556.00,1555.60,1555.70,5534
2026-09-17 14:19:00,1556.00,1556.90,1555.50,1555.50,7861
2026-09-17 14:20:00,1555.80,1556.10,1555.30,1556.00,3660
2026-09-17 14:21:00,1555.90,1556.70,1555.60,1555.90,3028
2026-09-17 14:22:00,1556.30,1556.70,1556.10,1556.60,3561
2026-09-17 14:23:00,1556.60,1556.70,1556.30,1556.30,2900
2026-09-17 14:24:00,1556.60,1556.60,1556.10,1556.10,2263
2026-09-17 14:25:00,1556.30,1556.40,1555.70,1555.70,5364
2026-09-17 14:26:00,1556.00,1556.30,1555.50,1556.00,3178
2026-09-17 14:27:00,1556.00,1556.00,1554.00,1554.00,9836
2026-09-17 14:28:00,1554.50,1554.60,1553.20,1554.20,6819
2026-09-17 14:29:00,1554.00,1555.00,1553.50,1554.50,5116
2026-09-17 14:30:00,1554.90,1555.00,1554.50,1555.00,5487
2026-09-17 14:31:00,1556.40,1556.50,1554.90,1554.90,39667
2026-09-17 14:32:00,1555.00,1555.00,1553.80,1553.80,12349
2026-09-17 14:33:00,1554.10,1555.00,1552.80,1554.80,9175
2026-09-17 14:34:00,1555.00,1555.90,1554.40,1554.40,5023
2026-09-17 14:35:00,1554.60,1558.00,1554.20,1557.40,20628
2026-09-17 14:36:00,1558.70,1559.40,1554.10,1555.70,64808
2026-09-17 14:37:00,1555.70,1558.00,1555.00,1557.60,30244
2026-09-17 14:38:00,1557.70,1559.40,1556.10,1558.30,43379
2026-09-17 14:39:00,1558.00,1560.70,1558.00,1559.40,39438
2026-09-17 14:40:00,1558.90,1559.40,1555.20,1555.50,38871
2026-09-17 14:41:00,1555.50,1555.80,1553.20,1553.20,35684
2026-09-17 14:42:00,1553.20,1554.10,1552.60,1553.90,24583
2026-09-17 14:43:00,1554.10,1555.50,1554.00,1554.90,26027
2026-09-17 14:44:00,1555.00,1555.00,1553.20,1553.20,19762
2026-09-17 14:45:00,1553.60,1556.20,1553.60,1555.80,31978
2026-09-17 14:46:00,1555.80,1557.00,1555.60,1556.70,18074
2026-09-17 14:47:00,1557.50,1558.00,1554.50,1554.60,24665
2026-09-17 14:48:00,1554.80,1558.00,1554.50,1558.00,18458
2026-09-17 14:49:00,1558.00,1560.00,1557.00,1557.60,49938
2026-09-17 14:50:00,1557.60,1557.60,1555.40,1555.70,22491
2026-09-17 14:51:00,1556.00,1557.70,1555.60,1557.00,19197
2026-09-17 14:52:00,1557.30,1557.40,1555.10,1555.60,4021
2026-09-17 14:53:00,1555.60,1555.70,1554.90,1554.90,8565
2026-09-17 14:54:00,1554.90,1554.90,1553.40,1553.70,10883
2026-09-17 14:55:00,1553.90,1554.10,1553.40,1553.90,7119
2026-09-17 14:56:00,1553.90,1553.90,1552.20,1552.90,26904
2026-09-17 14:57:00,1553.00,1554.40,1552.20,1553.50,18644
2026-09-17 14:58:00,1553.70,1554.70,1553.10,1554.40,10106
2026-09-17 14:59:00,1554.20,1554.40,1553.60,1554.10,5653
2026-09-17 15:00:00,1554.00,1554.20,1552.70,1553.60,10025
2026-09-17 15:01:00,1553.60,1554.50,1553.40,1553.90,6183
2026-09-17 15:02:00,1554.00,1554.50,1553.60,1553.90,11023
2026-09-17 15:03:00,1553.90,1555.00,1553.90,1554.90,12355
2026-09-17 15:04:00,1554.40,1555.00,1554.20,1554.50,9415
2026-09-17 15:05:00,1554.20,1555.20,1554.20,1554.90,48139
2026-09-17 15:06:00,1555.10,1556.70,1555.10,1556.20,16213
2026-09-17 15:07:00,1556.40,1556.70,1555.10,1555.90,30955
2026-09-17 15:08:00,1555.90,1556.30,1555.70,1555.70,8202
2026-09-17 15:09:00,1555.90,1557.00,1555.80,1556.00,8601
2026-09-17 15:10:00,1555.90,1557.80,1555.60,1557.80,47701
2026-09-17 15:11:00,1557.60,1557.60,1556.40,1556.60,7658
2026-09-17 15:12:00,1556.60,1557.80,1556.30,1557.80,15412
2026-09-17 15:13:00,1557.90,1558.00,1556.30,1556.30,9897
2026-09-17 15:14:00,1556.20,1558.00,1555.10,1555.70,14454
2026-09-17 15:15:00,1555.70,1555.70,1555.70,1555.70,0
2026-09-17 15:16:00,1555.70,1555.70,1555.70,1555.70,0
2026-09-17 15:17:00,1555.70,1555.70,1555.70,1555.70,0
2026-09-17 15:18:00,1555.70,1555.70,1555.70,1555.70,0
2026-09-17 15:19:00,1555.70,1555.70,1555.70,1555.70,0
2026-09-17 15:20:00,1555.70,1555.70,1555.70,1555.70,0
2026-09-17 15:21:00,1555.70,1555.70,1555.70,1555.70,0
2026-09-17 15:22:00,1555.70,1555.70,1555.70,1555.70,0
2026-09-17 15:23:00,1555.70,1555.70,1555.70,1555.70,0
2026-09-17 15:24:00,1555.70,1555.70,1555.70,1555.70,0
2026-09-17 15:25:00,1555.70,1555.70,1555.70,1555.70,0
2026-09-17 15:26:00,1555.70,1555.70,1555.70,1555.70,0
2026-09-17 15:27:00,1555.70,1555.70,1555.70,1555.70,0
2026-09-17 15:28:00,1555.70,1561.00,1555.70,1561.00,116350
2026-09-17 15:29:00,1561.00,1561.00,1561.00,1561.00,0
2026-09-18 09:15:00,1558.30,1561.20,1537.90,1542.40,29010
2026-09-18 09:16:00,1542.80,1543.50,1536.00,1537.00,8599
2026-09-18 09:17:00,1535.50,1536.00,1532.10,1534.50,19956
2026-09-18 09:18:00,1535.10,1538.20,1533.00,1533.20,13891
2026-09-18 09:19:00,1533.20,1535.20,1527.90,1535.20,15083
2026-09-18 09:20:00,1535.10,1537.60,1531.70,1534.00,6660
2026-09-18 09:21:00,1534.90,1539.60,1533.60,1539.60,5022
2026-09-18 09:22:00,1539.40,1540.70,1536.00,1538.50,4976
2026-09-18 09:23:00,1539.20,1540.10,1538.30,1539.20,735
2026-09-18 09:24:00,1539.60,1540.80,1539.10,1540.80,3010
2026-09-18 09:25:00,1540.80,1541.70,1538.40,1539.20,3535
2026-09-18 09:26:00,1539.20,1541.40,1539.20,1540.70,6823
2026-09-18 09:27:00,1540.00,1540.20,1538.20,1538.70,8351
2026-09-18 09:28:00,1538.70,1538.70,1534.50,1535.10,35267
2026-09-18 09:29:00,1534.40,1538.10,1534.40,1536.00,34981
2026-09-18 09:30:00,1536.20,1538.90,1536.10,1538.40,3748
2026-09-18 09:31:00,1538.40,1539.60,1535.00,1535.00,27874
2026-09-18 09:32:00,1535.10,1535.90,1534.00,1535.20,9576
2026-09-18 09:33:00,1535.50,1535.50,1532.40,1533.90,7380
2026-09-18 09:34:00,1534.20,1535.80,1532.10,1533.40,41198
2026-09-18 09:35:00,1533.00,1533.80,1532.40,1532.40,6912
2026-09-18 09:36:00,1533.20,1536.90,1533.00,1536.30,2731
2026-09-18 09:37:00,1536.30,1536.60,1532.00,1533.00,16844
2026-09-18 09:38:00,1532.70,1532.80,1531.40,1531.90,14281
2026-09-18 09:39:00,1531.00,1531.10,1528.10,1528.70,13114
2026-09-18 09:40:00,1528.80,1529.00,1526.90,1528.00,12917
2026-09-18 09:41:00,1528.00,1528.10,1523.10,1524.50,70942
2026-09-18 09:42:00,1525.00,1529.10,1524.50,1527.20,22300
2026-09-18 09:43:00,1527.90,1528.40,1525.80,1526.50,7185
2026-09-18 09:44:00,1526.10,1527.60,1525.00,1526.90,6049
2026-09-18 09:45:00,1527.70,1527.90,1525.30,1527.60,67477
2026-09-18 09:46:00,1527.10,1527.10,1525.50,1526.40,43103
2026-09-18 09:47:00,1526.40,1526.70,1525.10,1526.10,8592
2026-09-18 09:48:00,1527.40,1527.40,1524.10,1524.10,6480
2026-09-18 09:49:00,1524.30,1525.10,1524.20,1525.10,3744
2026-09-18 09:50:00,1525.20,1526.00,1524.80,1526.00,4560
2026-09-18 09:51:00,1526.70,1528.10,1526.00,1527.70,3561
2026-09-18 09:52:00,1528.20,1530.50,1527.30,1529.10,32985
2026-09-18 09:53:00,1529.10,1529.50,1527.60,1529.00,14386
2026-09-18 09:54:00,1528.50,1529.00,1527.30,1527.80,38224
2026-09-18 09:55:00,1527.80,1530.00,1527.80,1530.00,45287
2026-09-18 09:56:00,1529.50,1530.30,1528.50,1530.30,12939
2026-09-18 09:57:00,1531.00,1532.60,1529.90,1529.90,26033
2026-09-18 09:58:00,1530.30,1530.60,1528.80,1528.90,41539
2026-09-18 09:59:00,1528.80,1530.70,1528.60,1530.00,62536
2026-09-18 10:00:00,1530.00,1531.90,1530.00,1530.00,10045
2026-09-18 10:01:00,1530.60,1531.80,1530.60,1531.80,2481
2026-09-18 10:02:00,1531.80,1532.70,1531.60,1532.50,4083
2026-09-18 10:03:00,1532.70,1532.70,1531.80,1531.80,4492
2026-09-18 10:04:00,1531.80,1533.50,1531.00,1533.00,7246
2026-09-18 10:05:00,1533.00,1534.50,1532.50,1534.10,3643
2026-09-18 10:06:00,1534.30,1534.40,1532.70,1532.70,10629
2026-09-18 10:07:00,1532.70,1533.00,1531.70,1532.00,1925
2026-09-18 10:08:00,1532.00,1533.80,1532.00,1533.20,1043
2026-09-18 10:09:00,1533.40,1533.60,1532.50,1532.50,2329
2026-09-18 10:10:00,1533.10,1533.10,1531.30,1531.70,3918
2026-09-18 10:11:00,1532.10,1532.10,1531.60,1531.80,817
2026-09-18 10:12:00,1531.60,1531.80,1530.50,1531.20,2385
2026-09-18 10:13:00,1530.50,1532.60,1530.50,1532.30,1893
2026-09-18 10:14:00,1532.40,1533.50,1532.40,1532.60,2009
2026-09-18 10:15:00,1532.60,1532.60,1530.10,1530.50,4645
2026-09-18 10:16:00,1530.50,1531.80,1530.30,1531.20,1408
2026-09-18 10:17:00,1531.20,1531.40,1530.40,1530.40,1597
2026-09-18 10:18:00,1530.50,1531.40,1530.10,1530.30,3347
2026-09-18 10:19:00,1530.20,1530.70,1529.40,1530.00,4377
2026-09-18 10:20:00,1529.90,1530.00,1529.40,1529.70,1506
2026-09-18 10:21:00,1529.60,1531.00,1529.50,1530.00,5205
2026-09-18 10:22:00,1530.00,1531.30,1530.00,1530.00,1473
2026-09-18 10:23:00,1530.00,1531.70,1529.90,1530.50,5685
2026-09-18 10:24:00,1530.30,1530.80,1529.90,1530.30,1877
2026-09-18 10:25:00,1530.60,1530.70,1529.60,1529.80,1083
2026-09-18 10:26:00,1529.80,1530.50,1529.60,1530.00,1007
2026-09-18 10:27:00,1529.60,1530.60,1529.40,1530.10,3019
2026-09-18 10:28:00,1530.10,1530.20,1529.40,1530.20,1287
2026-09-18 10:29:00,1530.20,1535.60,1530.20,1535.60,11281
2026-09-18 10:30:00,1536.20,1537.00,1535.30,1536.30,13731
2026-09-18 10:31:00,1536.00,1536.80,1535.00,1535.50,3564
2026-09-18 10:32:00,1534.90,1535.00,1534.00,1534.00,1017
2026-09-18 10:33:00,1534.20,1534.80,1532.50,1534.30,7337
2026-09-18 10:34:00,1534.30,1535.10,1534.20,1534.60,1155
2026-09-18 10:35:00,1534.60,1535.00,1534.20,1534.70,2889
2026-09-18 10:36:00,1534.40,1534.70,1534.40,1534.50,668
2026-09-18 10:37:00,1534.50,1534.70,1533.50,1534.50,3956
2026-09-18 10:38:00,1534.10,1535.30,1534.00,1534.70,5440
2026-09-18 10:39:00,1534.70,1535.70,1534.10,1534.10,2093
2026-09-18 10:40:00,1534.50,1534.50,1533.80,1533.80,2919
2026-09-18 10:41:00,1533.80,1534.30,1533.30,1534.30,1749
2026-09-18 10:42:00,1534.30,1535.00,1534.30,1534.90,789
2026-09-18 10:43:00,1534.50,1535.00,1533.50,1534.80,2854
2026-09-18 10:44:00,1534.80,1536.10,1534.20,1536.10,13069
2026-09-18 10:45:00,1536.20,1536.70,1536.20,1536.70,1303
2026-09-18 10:46:00,1536.60,1537.00,1536.30,1537.00,2015
2026-09-18 10:47:00,1537.00,1537.00,1536.20,1536.20,3376
2026-09-18 10:48:00,1536.20,1536.60,1535.20,1536.30,3215
2026-09-18 10:49:00,1536.50,1536.90,1535.50,1535.60,1887
2026-09-18 10:50:00,1536.00,1536.60,1535.20,1535.50,2202
2026-09-18 10:51:00,1535.30,1536.60,1535.30,1536.00,1331
2026-09-18 10:52:00,1536.00,1536.50,1534.70,1534.90,9438
2026-09-18 10:53:00,1534.70,1537.70,1534.70,1537.70,4697
2026-09-18 10:54:00,1538.00,1538.70,1537.50,1537.70,3548
2026-09-18 10:55:00,1538.10,1538.10,1537.60,1537.70,1692
2026-09-18 10:56:00,1537.70,1538.00,1537.70,1538.00,969
2026-09-18 10:57:00,1538.00,1538.60,1538.00,1538.00,1963
2026-09-18 10:58:00,1538.40,1538.40,1537.80,1538.40,1665
2026-09-18 10:59:00,1538.40,1539.00,1537.60,1538.00,2231
2026-09-18 11:00:00,1538.00,1538.20,1537.60,1537.60,1411
2026-09-18 11:01:00,1537.60,1538.30,1537.30,1537.80,9399
2026-09-18 11:02:00,1537.50,1537.80,1535.40,1535.40,15292
2026-09-18 11:03:00,1535.50,1537.20,1535.40,1536.80,2705
2026-09-18 11:04:00,1537.20,1537.70,1536.50,1536.50,1044
2026-09-18 11:05:00,1536.50,1537.20,1536.50,1536.90,1556
2026-09-18 11:06:00,1536.90,1537.20,1536.40,1537.00,3771
2026-09-18 11:07:00,1537.00,1538.00,1537.00,1537.40,3277
2026-09-18 11:08:00,1537.50,1538.80,1537.40,1538.40,2442
2026-09-18 11:09:00,1538.40,1538.50,1538.00,1538.00,1527
2026-09-18 11:10:00,1538.40,1538.50,1537.50,1537.70,1459
2026-09-18 11:11:00,1537.60,1537.70,1537.40,1537.40,2396
2026-09-18 11:12:00,1537.50,1538.00,1537.40,1537.80,1915
2026-09-18 11:13:00,1537.80,1537.90,1536.90,1537.50,5277
2026-09-18 11:14:00,1537.50,1537.80,1537.50,1537.60,1553
2026-09-18 11:15:00,1537.60,1537.90,1536.50,1536.70,6393
2026-09-18 11:16:00,1537.20,1540.70,1536.70,1540.30,6949
2026-09-18 11:17:00,1540.30,1540.60,1540.10,1540.10,1109
2026-09-18 11:18:00,1539.90,1540.00,1538.70,1538.70,5244
2026-09-18 11:19:00,1538.80,1538.80,1538.30,1538.30,1144
2026-09-18 11:20:00,1538.60,1538.70,1538.10,1538.20,1892
2026-09-18 11:21:00,1538.10,1539.40,1538.10,1538.80,4022
2026-09-18 11:22:00,1538.80,1538.80,1538.60,1538.60,803
2026-09-18 11:23:00,1538.70,1538.70,1538.40,1538.60,1956
2026-09-18 11:24:00,1538.50,1538.60,1537.00,1537.00,1884
2026-09-18 11:25:00,1537.00,1538.00,1537.00,1537.90,2794
2026-09-18 11:26:00,1538.00,1538.00,1537.80,1537.90,1404
2026-09-18 11:27:00,1537.80,1538.50,1537.70,1538.50,3739
2026-09-18 11:28:00,1538.50,1538.50,1537.50,1537.60,1354
2026-09-18 11:29:00,1538.00,1538.10,1533.50,1534.00,27892
2026-09-18 11:30:00,1534.20,1534.60,1534.10,1534.20,1376
2026-09-18 11:31:00,1534.40,1534.90,1534.10,1534.80,6855
2026-09-18 11:32:00,1534.80,1535.10,1534.50,1534.60,1798
2026-09-18 11:33:00,1534.60,1534.90,1534.10,1534.50,1880
2026-09-18 11:34:00,1534.80,1535.80,1534.50,1535.80,6703
2026-09-18 11:35:00,1535.80,1535.80,1535.20,1535.20,1330
2026-09-18 11:36:00,1535.20,1535.50,1535.20,1535.50,1756
2026-09-18 11:37:00,1535.20,1535.60,1535.20,1535.40,3322
2026-09-18 11:38:00,1535.40,1535.80,1535.40,1535.70,769
2026-09-18 11:39:00,1535.60,1536.00,1535.40,1535.60,12809
2026-09-18 11:40:00,1535.60,1535.80,1535.60,1535.60,1697
2026-09-18 11:41:00,1535.60,1535.80,1535.60,1535.70,3372
2026-09-18 11:42:00,1535.70,1538.10,1535.70,1537.70,80979
2026-09-18 11:43:00,1537.90,1538.00,1535.90,1536.00,26829
2026-09-18 11:44:00,1535.90,1536.10,1535.80,1535.90,2031
2026-09-18 11:45:00,1535.80,1537.60,1535.60,1535.90,81972
2026-09-18 11:46:00,1535.80,1537.60,1535.60,1536.80,7823
2026-09-18 11:47:00,1536.80,1537.50,1536.80,1537.10,1077
2026-09-18 11:48:00,1537.10,1537.40,1535.90,1536.00,49003
2026-09-18 11:49:00,1536.00,1538.20,1535.70,1536.30,86182
2026-09-18 11:50:00,1535.70,1536.70,1535.70,1536.20,1228
2026-09-18 11:51:00,1536.80,1537.20,1536.20,1536.70,1960
2026-09-18 11:52:00,1537.10,1539.00,1537.00,1538.30,1786
2026-09-18 11:53:00,1538.30,1539.30,1538.30,1539.00,1292
2026-09-18 11:54:00,1539.10,1539.10,1538.50,1538.50,3863
2026-09-18 11:55:00,1538.50,1538.60,1536.60,1536.60,3087
2026-09-18 11:56:00,1537.10,1537.10,1536.60,1536.70,569
2026-09-18 11:57:00,1536.70,1538.10,1536.60,1537.30,7254
2026-09-18 11:58:00,1537.50,1537.50,1536.70,1536.70,2030
2026-09-18 11:59:00,1536.70,1536.90,1533.80,1534.00,9261
2026-09-18 12:00:00,1534.00,1534.60,1533.80,1534.00,2076
2026-09-18 12:01:00,1534.00,1534.80,1534.00,1534.20,3055
2026-09-18 12:02:00,1534.10,1534.80,1532.80,1533.90,7745
2026-09-18 12:03:00,1533.90,1535.30,1533.40,1534.30,2906
2026-09-18 12:04:00,1534.30,1534.80,1533.90,1534.00,2195
2026-09-18 12:05:00,1533.90,1536.00,1533.90,1535.10,2298
2026-09-18 12:06:00,1535.10,1536.00,1535.10,1535.60,1796
2026-09-18 12:07:00,1535.60,1536.00,1535.10,1535.30,2773
2026-09-18 12:08:00,1535.50,1536.00,1535.20,1535.40,2771
2026-09-18 12:09:00,1535.40,1536.60,1535.40,1535.90,2467
2026-09-18 12:10:00,1536.00,1537.70,1535.90,1537.50,2708
2026-09-18 12:11:00,1537.00,1538.60,1537.00,1538.00,4144
2026-09-18 12:12:00,1538.50,1540.00,1538.10,1539.60,2464
2026-09-18 12:13:00,1539.90,1540.00,1539.60,1540.00,2797
2026-09-18 12:14:00,1540.50,1540.50,1539.70,1540.00,2820
2026-09-18 12:15:00,1540.00,1540.40,1539.70,1539.80,1776
2026-09-18 12:16:00,1539.80,1540.50,1537.30,1537.40,13692
2026-09-18 12:17:00,1537.40,1538.40,1537.00,1537.90,2182
2026-09-18 12:18:00,1537.90,1538.00,1536.30,1536.30,6331
2026-09-18 12:19:00,1536.90,1536.90,1535.00,1535.70,17244
2026-09-18 12:20:00,1536.10,1537.60,1535.70,1537.10,4431
2026-09-18 12:21:00,1537.10,1537.90,1537.10,1537.80,2809
2026-09-18 12:22:00,1537.80,1538.00,1537.80,1537.80,1057
2026-09-18 12:23:00,1537.80,1538.00,1537.80,1537.80,1460
2026-09-18 12:24:00,1537.80,1538.00,1537.70,1537.90,2791
2026-09-18 12:25:00,1537.80,1538.10,1537.80,1537.80,3616
2026-09-18 12:26:00,1537.80,1541.40,1537.80,1540.90,7139
2026-09-18 12:27:00,1540.90,1541.70,1540.90,1541.20,1755
2026-09-18 12:28:00,1541.20,1541.90,1541.20,1541.20,2338
2026-09-18 12:29:00,1541.20,1541.40,1541.10,1541.10,984
2026-09-18 12:30:00,1541.10,1541.40,1540.00,1540.00,5365
2026-09-18 12:31:00,1540.00,1540.00,1537.20,1537.40,8919
2026-09-18 12:32:00,1536.60,1538.20,1536.40,1537.60,4533
2026-09-18 12:33:00,1537.60,1538.30,1537.60,1537.70,591
2026-09-18 12:34:00,1537.70,1537.90,1536.00,1536.20,5436
2026-09-18 12:35:00,1536.20,1538.30,1536.20,1537.60,7006
2026-09-18 12:36:00,1537.60,1538.60,1537.10,1538.00,1683
2026-09-18 12:37:00,1538.50,1538.50,1537.70,1538.10,470
2026-09-18 12:38:00,1538.10,1538.60,1538.00,1538.20,2324
2026-09-18 12:39:00,1537.70,1537.70,1536.30,1536.70,3017
2026-09-18 12:40:00,1536.90,1537.40,1536.70,1536.70,1231
2026-09-18 12:41:00,1536.70,1538.10,1536.70,1537.60,3508
2026-09-18 12:42:00,1537.60,1538.50,1537.60,1537.90,942
2026-09-18 12:43:00,1537.90,1538.20,1537.30,1537.90,4591
2026-09-18 12:44:00,1537.90,1537.90,1536.70,1537.60,2980
2026-09-18 12:45:00,1537.60,1537.60,1536.80,1536.90,3243
2026-09-18 12:46:00,1537.50,1537.70,1536.80,1536.80,1346
2026-09-18 12:47:00,1536.80,1537.50,1536.30,1537.00,1247
2026-09-18 12:48:00,1537.00,1537.10,1536.20,1536.20,1382
2026-09-18 12:49:00,1536.20,1537.60,1535.80,1537.00,7961
2026-09-18 12:50:00,1537.00,1537.50,1536.60,1536.70,434
2026-09-18 12:51:00,1537.00,1537.20,1536.70,1536.70,1607
2026-09-18 12:52:00,1537.20,1537.20,1536.60,1536.60,1938
2026-09-18 12:53:00,1536.60,1536.90,1536.40,1536.40,2847
2026-09-18 12:54:00,1536.40,1536.40,1535.80,1536.20,2431
2026-09-18 12:55:00,1536.20,1537.00,1535.80,1536.50,4138
2026-09-18 12:56:00,1536.90,1536.90,1536.50,1536.80,1043
2026-09-18 12:57:00,1536.70,1537.60,1536.40,1537.50,3720
2026-09-18 12:58:00,1537.10,1538.00,1537.10,1538.00,3410
2026-09-18 12:59:00,1537.90,1538.30,1537.60,1538.20,1492
2026-09-18 13:00:00,1538.20,1539.00,1537.30,1538.70,7099
2026-09-18 13:01:00,1538.70,1538.70,1538.00,1538.10,639
2026-09-18 13:02:00,1538.10,1538.10,1537.90,1538.10,1091
2026-09-18 13:03:00,1538.10,1538.10,1537.80,1537.80,1245
2026-09-18 13:04:00,1537.80,1538.10,1537.00,1538.10,2399
2026-09-18 13:05:00,1538.10,1538.10,1537.80,1538.00,1161
2026-09-18 13:06:00,1537.90,1537.90,1537.70,1537.70,2896
2026-09-18 13:07:00,1537.70,1537.90,1537.30,1537.90,2119
2026-09-18 13:08:00,1537.80,1537.90,1536.60,1537.10,931
2026-09-18 13:09:00,1536.60,1537.00,1536.30,1537.00,1397
2026-09-18 13:10:00,1537.00,1537.80,1536.20,1537.50,7148
2026-09-18 13:11:00,1537.10,1537.50,1536.70,1537.10,2876
2026-09-18 13:12:00,1537.10,1537.20,1536.00,1536.80,2911
2026-09-18 13:13:00,1536.80,1537.00,1535.80,1535.80,2363
2026-09-18 13:14:00,1535.80,1536.50,1535.80,1535.90,1614
2026-09-18 13:15:00,1535.90,1537.00,1535.90,1536.40,2102
2026-09-18 13:16:00,1536.40,1536.90,1535.40,1536.10,5366
2026-09-18 13:17:00,1536.50,1537.20,1536.50,1536.60,2315
2026-09-18 13:18:00,1536.60,1537.30,1536.40,1536.70,1169
2026-09-18 13:19:00,1536.70,1537.10,1536.50,1536.60,521
2026-09-18 13:20:00,1536.60,1536.80,1534.90,1536.70,12648
2026-09-18 13:21:00,1536.20,1537.00,1536.20,1536.80,1579
2026-09-18 13:22:00,1537.00,1538.00,1536.40,1538.00,2505
2026-09-18 13:23:00,1537.90,1538.10,1537.50,1537.50,679
2026-09-18 13:24:00,1537.80,1538.10,1537.40,1537.40,1696
2026-09-18 13:25:00,1537.60,1537.80,1536.60,1537.30,5867
2026-09-18 13:26:00,1537.20,1537.20,1536.00,1536.70,3535
2026-09-18 13:27:00,1536.70,1536.80,1536.30,1536.30,845
2026-09-18 13:28:00,1536.70,1536.80,1536.00,1536.60,2828
2026-09-18 13:29:00,1536.00,1536.70,1536.00,1536.00,1245
2026-09-18 13:30:00,1536.50,1537.10,1535.90,1537.10,4324
2026-09-18 13:31:00,1537.10,1537.10,1536.30,1536.30,3104
2026-09-18 13:32:00,1537.10,1537.70,1536.50,1537.70,2371
2026-09-18 13:33:00,1537.10,1538.80,1537.10,1538.80,2373
2026-09-18 13:34:00,1538.80,1538.80,1537.80,1538.60,3769
2026-09-18 13:35:00,1538.60,1538.80,1537.80,1538.60,3938
2026-09-18 13:36:00,1538.70,1538.80,1538.10,1538.70,792
2026-09-18 13:37:00,1538.70,1538.90,1538.60,1538.60,2372
2026-09-18 13:38:00,1538.50,1539.20,1538.30,1538.90,2395
2026-09-18 13:39:00,1538.90,1538.90,1538.00,1538.20,800
2026-09-18 13:40:00,1538.10,1538.60,1537.90,1537.90,2597
2026-09-18 13:41:00,1537.90,1538.50,1537.50,1538.20,1313
2026-09-18 13:42:00,1538.10,1538.40,1538.00,1538.00,750
2026-09-18 13:43:00,1537.50,1538.70,1537.50,1538.70,3570
2026-09-18 13:44:00,1538.70,1539.00,1538.70,1538.90,1911
2026-09-18 13:45:00,1538.70,1539.00,1538.00,1539.00,5633
2026-09-18 13:46:00,1539.20,1539.20,1538.30,1539.00,2344
2026-09-18 13:47:00,1539.00,1539.00,1537.90,1538.80,2382
2026-09-18 13:48:00,1538.40,1539.00,1538.30,1538.60,2793
2026-09-18 13:49:00,1538.50,1539.00,1537.90,1538.50,1769
2026-09-18 13:50:00,1539.00,1539.00,1538.10,1539.00,1413
2026-09-18 13:51:00,1538.40,1539.20,1538.40,1539.20,2397
2026-09-18 13:52:00,1538.80,1540.50,1538.80,1539.80,3182
2026-09-18 13:53:00,1539.90,1540.40,1539.70,1540.00,616
2026-09-18 13:54:00,1539.70,1541.60,1539.70,1541.20,3426
2026-09-18 13:55:00,1541.20,1541.90,1540.80,1541.20,1600
2026-09-18 13:56:00,1541.20,1541.30,1540.30,1541.10,2201
2026-09-18 13:57:00,1540.60,1541.00,1540.30,1540.80,2738
2026-09-18 13:58:00,1540.30,1541.00,1540.30,1540.60,1513
2026-09-18 13:59:00,1540.30,1540.40,1539.70,1539.90,1167
2026-09-18 14:00:00,1540.00,1541.10,1539.90,1540.90,3259
2026-09-18 14:01:00,1540.30,1540.50,1539.90,1539.90,397
2026-09-18 14:02:00,1539.50,1540.40,1539.20,1540.40,2145
2026-09-18 14:03:00,1539.90,1540.10,1539.40,1539.90,664
2026-09-18 14:04:00,1539.70,1540.00,1539.70,1539.70,1109
2026-09-18 14:05:00,1539.80,1539.80,1539.40,1539.80,1229
2026-09-18 14:06:00,1539.50,1541.00,1539.30,1540.50,2493
2026-09-18 14:07:00,1540.80,1541.30,1540.30,1541.00,1941
2026-09-18 14:08:00,1542.00,1542.00,1541.20,1541.40,2032
2026-09-18 14:09:00,1541.20,1542.00,1540.50,1542.00,3552
2026-09-18 14:10:00,1542.00,1542.00,1540.60,1541.50,2619
2026-09-18 14:11:00,1541.00,1541.70,1540.90,1540.90,1448
2026-09-18 14:12:00,1540.70,1541.10,1540.50,1540.50,1012
2026-09-18 14:13:00,1540.50,1540.70,1539.20,1540.40,2444
2026-09-18 14:14:00,1539.90,1540.80,1539.90,1540.80,1151
2026-09-18 14:15:00,1540.70,1541.10,1540.50,1541.10,1988
2026-09-18 14:16:00,1541.10,1541.50,1540.50,1540.50,1621
2026-09-18 14:17:00,1540.50,1541.20,1540.20,1540.90,1993
2026-09-18 14:18:00,1541.00,1541.40,1540.00,1540.30,1022
2026-09-18 14:19:00,1540.00,1540.20,1539.80,1539.90,851
2026-09-18 14:20:00,1541.20,1541.70,1540.40,1540.40,7026
2026-09-18 14:21:00,1540.40,1541.20,1540.40,1540.70,1168
2026-09-18 14:22:00,1541.00,1541.00,1540.50,1540.80,1125
2026-09-18 14:23:00,1540.80,1541.30,1540.70,1541.30,1416
2026-09-18 14:24:00,1541.00,1541.40,1540.50,1541.40,1574
2026-09-18 14:25:00,1541.40,1541.70,1540.90,1541.70,919
2026-09-18 14:26:00,1541.70,1541.80,1540.80,1541.10,2635
2026-09-18 14:27:00,1540.80,1541.20,1540.80,1541.20,808
2026-09-18 14:28:00,1541.20,1542.00,1541.10,1542.00,2515
2026-09-18 14:29:00,1542.00,1542.00,1541.20,1541.80,5821
2026-09-18 14:30:00,1541.80,1541.80,1540.70,1541.20,1258
2026-09-18 14:31:00,1541.00,1542.00,1541.00,1541.90,1540
2026-09-18 14:32:00,1541.60,1543.00,1541.60,1542.50,8229
2026-09-18 14:33:00,1543.10,1543.10,1541.50,1541.80,1032
2026-09-18 14:34:00,1541.70,1541.90,1541.50,1541.80,2123
2026-09-18 14:35:00,1541.70,1542.30,1541.50,1542.10,2144
2026-09-18 14:36:00,1541.90,1542.60,1541.90,1542.40,558
2026-09-18 14:37:00,1542.30,1542.60,1542.20,1542.20,554
2026-09-18 14:38:00,1542.20,1542.30,1541.70,1541.80,1323
2026-09-18 14:39:00,1541.90,1541.90,1541.30,1541.30,851
2026-09-18 14:40:00,1541.30,1541.50,1541.20,1541.40,1799
2026-09-18 14:41:00,1541.40,1544.60,1541.40,1544.20,18435
2026-09-18 14:42:00,1544.10,1544.10,1543.20,1543.50,1377
2026-09-18 14:43:00,1543.30,1543.30,1542.40,1542.70,505
2026-09-18 14:44:00,1542.00,1542.10,1541.20,1541.20,2072
2026-09-18 14:45:00,1541.20,1543.10,1541.20,1543.10,4453
2026-09-18 14:46:00,1543.20,1543.90,1543.20,1543.70,3877
2026-09-18 14:47:00,1543.70,1544.00,1543.70,1543.90,1904
2026-09-18 14:48:00,1544.10,1544.10,1543.90,1544.00,1476
2026-09-18 14:49:00,1543.90,1544.30,1543.70,1544.20,6114
2026-09-18 14:50:00,1544.20,1544.20,1542.50,1543.70,6097
2026-09-18 14:51:00,1543.50,1544.90,1543.50,1544.80,7673
2026-09-18 14:52:00,1544.60,1547.30,1544.60,1547.30,20504
2026-09-18 14:53:00,1547.40,1548.20,1547.00,1548.20,6352
2026-09-18 14:54:00,1548.10,1548.70,1547.60,1548.00,7704
2026-09-18 14:55:00,1547.80,1549.00,1547.80,1548.50,11829
2026-09-18 14:56:00,1548.90,1549.60,1548.60,1548.60,6678
2026-09-18 14:57:00,1548.60,1548.90,1548.00,1548.20,7120
2026-09-18 14:58:00,1548.40,1550.00,1548.10,1550.00,11510
2026-09-18 14:59:00,1549.10,1550.30,1548.10,1549.40,14367
2026-09-18 15:00:00,1549.60,1549.90,1547.30,1547.80,25048
2026-09-18 15:01:00,1547.80,1549.00,1546.70,1547.70,27613
2026-09-18 15:02:00,1547.40,1548.10,1546.80,1546.90,17902
2026-09-18 15:03:00,1546.80,1547.30,1545.10,1545.60,19726
2026-09-18 15:04:00,1545.10,1546.10,1544.60,1544.70,22119
2026-09-18 15:05:00,1544.70,1544.80,1542.50,1542.50,25654
2026-09-18 15:06:00,1543.40,1545.00,1543.40,1544.10,25360
2026-09-18 15:07:00,1543.80,1544.40,1543.50,1543.50,17515
2026-09-18 15:08:00,1543.10,1543.80,1542.40,1542.40,18153
2026-09-18 15:09:00,1542.50,1544.20,1542.50,1542.70,39784
2026-09-18 15:10:00,1542.90,1543.80,1542.90,1543.10,27798
2026-09-18 15:11:00,1543.20,1543.90,1542.30,1542.50,24826
2026-09-18 15:12:00,1542.60,1543.30,1541.60,1542.60,26870
2026-09-18 15:13:00,1542.80,1543.50,1542.60,1542.70,25812
2026-09-18 15:14:00,1542.50,1543.90,1540.00,1540.00,28054
2026-09-18 15:15:00,1540.00,1540.00,1540.00,1540.00,75
2026-09-18 15:16:00,1540.00,1540.00,1540.00,1540.00,0
2026-09-18 15:17:00,1540.00,1540.00,1540.00,1540.00,0
2026-09-18 15:18:00,1540.00,1540.00,1540.00,1540.00,0
2026-09-18 15:19:00,1540.00,1540.00,1540.00,1540.00,0
2026-09-18 15:20:00,1540.00,1540.00,1540.00,1540.00,0
2026-09-18 15:21:00,1540.00,1540.00,1540.00,1540.00,0
2026-09-18 15:22:00,1540.00,1540.00,1540.00,1540.00,0
2026-09-18 15:23:00,1540.00,1540.00,1540.00,1540.00,0
2026-09-18 15:24:00,1540.00,1540.00,1540.00,1540.00,0
2026-09-18 15:25:00,1540.00,1540.00,1540.00,1540.00,0
2026-09-18 15:26:00,1540.00,1540.00,1540.00,1540.00,0
2026-09-18 15:27:00,1540.00,1540.00,1540.00,1540.00,0
2026-09-18 15:28:00,1540.00,1540.00,1537.10,1537.10,540604
2026-09-18 15:29:00,1537.10,1537.10,1537.10,1537.10,0
2026-09-21 09:15:00,1529.00,1536.90,1525.50,1535.30,12791
2026-09-21 09:16:00,1538.40,1538.40,1531.10,1537.80,11516
2026-09-21 09:17:00,1537.70,1537.70,1534.40,1536.60,1551
2026-09-21 09:18:00,1535.90,1536.50,1533.50,1536.50,3558
2026-09-21 09:19:00,1536.50,1539.00,1536.10,1539.00,2220
2026-09-21 09:20:00,1539.00,1539.40,1537.30,1537.30,1290
2026-09-21 09:21:00,1537.20,1537.20,1533.70,1534.50,2020
2026-09-21 09:22:00,1533.00,1533.00,1530.10,1530.10,2528
2026-09-21 09:23:00,1530.00,1531.20,1530.00,1531.10,1579
2026-09-21 09:24:00,1531.10,1531.10,1527.60,1528.50,2941
2026-09-21 09:25:00,1528.50,1529.00,1525.10,1527.30,2471
2026-09-21 09:26:00,1527.00,1528.90,1526.60,1528.90,3730
2026-09-21 09:27:00,1529.60,1533.30,1528.60,1530.90,3840
2026-09-21 09:28:00,1531.50,1532.50,1531.30,1531.70,945
2026-09-21 09:29:00,1531.70,1532.70,1530.90,1531.30,516
2026-09-21 09:30:00,1532.00,1533.70,1531.60,1533.70,1660
2026-09-21 09:31:00,1533.10,1533.70,1531.00,1531.00,1308
2026-09-21 09:32:00,1531.60,1532.00,1531.50,1531.50,1075
2026-09-21 09:33:00,1531.70,1533.60,1531.50,1533.60,1083
2026-09-21 09:34:00,1533.30,1533.50,1531.50,1532.00,1077
2026-09-21 09:35:00,1531.90,1532.10,1531.10,1531.10,2819
2026-09-21 09:36:00,1531.20,1532.00,1530.90,1531.80,1115
2026-09-21 09:37:00,1530.90,1531.70,1530.00,1530.80,591
2026-09-21 09:38:00,1531.00,1533.10,1531.00,1533.00,3002
2026-09-21 09:39:00,1533.00,1533.00,1532.30,1532.30,941
2026-09-21 09:40:00,1532.70,1532.90,1531.90,1532.40,891
2026-09-21 09:41:00,1532.60,1534.40,1530.40,1533.20,11561
2026-09-21 09:42:00,1532.70,1532.90,1531.50,1532.30,319
2026-09-21 09:43:00,1532.60,1533.50,1532.30,1532.80,380
2026-09-21 09:44:00,1533.10,1534.40,1532.60,1533.70,201
2026-09-21 09:45:00,1533.70,1534.90,1533.60,1534.90,561
2026-09-21 09:46:00,1534.80,1535.90,1534.10,1535.90,1044
2026-09-21 09:47:00,1535.60,1536.10,1535.60,1536.10,1293
2026-09-21 09:48:00,1536.10,1536.10,1534.60,1535.90,698
2026-09-21 09:49:00,1535.80,1536.50,1535.50,1535.60,1202
2026-09-21 09:50:00,1535.60,1539.00,1535.20,1537.30,1897
2026-09-21 09:51:00,1537.70,1538.30,1537.30,1538.30,437
2026-09-21 09:52:00,1538.40,1541.50,1538.40,1541.00,3714
2026-09-21 09:53:00,1540.80,1544.60,1539.70,1544.60,1979
2026-09-21 09:54:00,1543.80,1545.00,1543.00,1543.00,1210
2026-09-21 09:55:00,1543.00,1544.90,1543.00,1543.90,3136
2026-09-21 09:56:00,1544.00,1544.00,1542.50,1542.60,1546
2026-09-21 09:57:00,1542.40,1544.70,1541.60,1541.80,3248
2026-09-21 09:58:00,1541.80,1546.30,1541.80,1545.00,2879
2026-09-21 09:59:00,1545.30,1545.90,1544.10,1545.70,2560
2026-09-21 10:00:00,1545.10,1548.10,1544.10,1547.90,2971
2026-09-21 10:01:00,1547.80,1549.80,1546.90,1548.50,1636
2026-09-21 10:02:00,1548.30,1548.30,1544.60,1545.40,1176
2026-09-21 10:03:00,1545.10,1545.30,1542.70,1543.00,2042
2026-09-21 10:04:00,1542.30,1544.80,1540.70,1544.80,1597
2026-09-21 10:05:00,1544.40,1546.00,1543.00,1544.90,4052
2026-09-21 10:06:00,1544.60,1544.60,1541.70,1542.30,1304
2026-09-21 10:07:00,1542.00,1542.00,1541.20,1541.20,642
2026-09-21 10:08:00,1541.40,1542.00,1541.00,1542.00,1421
2026-09-21 10:09:00,1542.00,1543.10,1542.00,1542.40,400
2026-09-21 10:10:00,1542.90,1543.50,1542.70,1543.50,215
2026-09-21 10:11:00,1543.50,1543.50,1542.60,1543.00,458
2026-09-21 10:12:00,1543.00,1543.00,1542.10,1542.80,893
2026-09-21 10:13:00,1542.00,1542.40,1540.40,1541.00,691
2026-09-21 10:14:00,1541.00,1541.60,1541.00,1541.50,2244
2026-09-21 10:15:00,1541.90,1541.90,1540.90,1541.00,495
2026-09-21 10:16:00,1540.90,1541.70,1540.40,1540.80,331
2026-09-21 10:17:00,1541.10,1541.90,1540.70,1540.90,369
2026-09-21 10:18:00,1540.90,1542.60,1540.90,1542.40,875
2026-09-21 10:19:00,1541.80,1542.30,1541.00,1541.00,204
2026-09-21 10:20:00,1541.00,1541.70,1540.40,1540.40,391
2026-09-21 10:21:00,1540.70,1541.10,1540.10,1540.70,330
2026-09-21 10:22:00,1541.10,1541.10,1540.10,1540.40,979
2026-09-21 10:23:00,1540.40,1541.00,1540.20,1540.70,299
2026-09-21 10:24:00,1540.70,1541.00,1540.30,1540.60,212
2026-09-21 10:25:00,1540.70,1540.70,1540.60,1540.60,92
2026-09-21 10:26:00,1540.70,1540.90,1540.10,1540.80,4287
2026-09-21 10:27:00,1540.80,1542.80,1540.70,1541.70,1083
2026-09-21 10:28:00,1542.30,1543.10,1542.30,1542.70,695
2026-09-21 10:29:00,1542.70,1543.80,1542.70,1543.80,110
2026-09-21 10:30:00,1543.20,1543.90,1541.90,1541.90,753
2026-09-21 10:31:00,1542.40,1543.00,1541.90,1543.00,169
2026-09-21 10:32:00,1543.00,1543.10,1542.40,1543.10,211
2026-09-21 10:33:00,1543.10,1543.80,1543.10,1543.40,163
2026-09-21 10:34:00,1543.30,1544.10,1543.10,1544.10,1872
2026-09-21 10:35:00,1544.10,1544.70,1543.10,1543.10,487
2026-09-21 10:36:00,1543.40,1543.80,1543.10,1543.80,223
2026-09-21 10:37:00,1543.10,1547.40,1543.10,1547.30,2584
2026-09-21 10:38:00,1546.70,1547.40,1545.30,1546.10,747
2026-09-21 10:39:00,1545.80,1546.40,1545.30,1545.70,217
2026-09-21 10:40:00,1545.70,1546.40,1545.70,1546.30,147
2026-09-21 10:41:00,1546.40,1546.70,1546.30,1546.40,1366
2026-09-21 10:42:00,1546.60,1546.60,1545.50,1546.50,2351
2026-09-21 10:43:00,1546.50,1546.60,1545.00,1545.00,704
2026-09-21 10:44:00,1545.70,1547.60,1544.90,1546.90,3126
2026-09-21 10:45:00,1546.90,1548.90,1546.30,1548.80,2249
2026-09-21 10:46:00,1548.40,1548.40,1547.10,1547.70,288
2026-09-21 10:47:00,1548.20,1548.20,1546.90,1546.90,154
2026-09-21 10:48:00,1546.90,1546.90,1546.60,1546.90,65
2026-09-21 10:49:00,1546.90,1547.70,1546.50,1546.60,1141
2026-09-21 10:50:00,1547.20,1547.30,1546.60,1547.30,192
2026-09-21 10:51:00,1547.40,1550.80,1547.30,1550.10,5558
2026-09-21 10:52:00,1550.10,1551.20,1548.60,1548.70,2501
2026-09-21 10:53:00,1548.70,1550.00,1548.70,1550.00,2207
2026-09-21 10:54:00,1550.30,1552.50,1550.30,1551.50,1819
2026-09-21 10:55:00,1551.70,1551.90,1551.00,1551.30,368
2026-09-21 10:56:00,1551.30,1551.50,1550.60,1550.70,442
2026-09-21 10:57:00,1550.70,1551.30,1550.30,1550.70,266
2026-09-21 10:58:00,1551.00,1551.00,1550.40,1550.90,405
2026-09-21 10:59:00,1550.90,1550.90,1547.60,1547.60,3106
2026-09-21 11:00:00,1547.70,1548.50,1547.00,1547.60,946
2026-09-21 11:01:00,1547.60,1550.80,1547.60,1548.60,1515
2026-09-21 11:02:00,1548.60,1548.90,1548.00,1548.50,320
2026-09-21 11:03:00,1548.80,1548.80,1547.40,1547.40,231
2026-09-21 11:04:00,1547.80,1549.80,1547.60,1549.00,17423
2026-09-21 11:05:00,1549.30,1549.30,1548.30,1548.40,291
2026-09-21 11:06:00,1548.40,1549.40,1547.60,1548.90,9337
2026-09-21 11:07:00,1548.60,1549.20,1548.50,1548.50,167
2026-09-21 11:08:00,1547.80,1548.90,1547.80,1548.30,453
2026-09-21 11:09:00,1548.70,1548.90,1548.60,1548.70,236
2026-09-21 11:10:00,1548.80,1549.00,1548.40,1548.50,307
2026-09-21 11:11:00,1548.80,1550.70,1548.80,1550.00,6029
2026-09-21 11:12:00,1550.00,1550.30,1548.60,1550.00,4635
2026-09-21 11:13:00,1550.00,1550.50,1549.60,1549.90,373
2026-09-21 11:14:00,1549.90,1550.00,1549.30,1549.90,653
2026-09-21 11:15:00,1550.00,1550.00,1549.40,1549.40,213
2026-09-21 11:16:00,1549.40,1549.90,1549.10,1549.90,860
2026-09-21 11:17:00,1549.80,1549.90,1549.20,1549.20,89
2026-09-21 11:18:00,1549.20,1549.90,1548.80,1548.80,694
2026-09-21 11:19:00,1549.70,1549.70,1547.30,1548.50,2936
2026-09-21 11:20:00,1548.70,1550.20,1548.70,1550.00,213
2026-09-21 11:21:00,1550.10,1550.20,1549.20,1549.60,689
2026-09-21 11:22:00,1549.80,1550.00,1549.40,1549.40,427
2026-09-21 11:23:00,1549.70,1549.70,1549.00,1549.40,212
2026-09-21 11:24:00,1549.80,1549.80,1548.60,1549.50,736
2026-09-21 11:25:00,1549.30,1549.60,1548.80,1548.80,184
2026-09-21 11:26:00,1549.20,1549.60,1549.20,1549.50,110
2026-09-21 11:27:00,1549.40,1549.60,1549.20,1549.60,154
2026-09-21 11:28:00,1549.70,1549.90,1549.20,1549.40,427
2026-09-21 11:29:00,1549.90,1549.90,1549.40,1549.40,196
2026-09-21 11:30:00,1549.40,1549.70,1549.40,1549.60,58
2026-09-21 11:31:00,1549.80,1554.50,1549.10,1554.00,6934
2026-09-21 11:32:00,1553.50,1554.60,1553.00,1553.50,421
2026-09-21 11:33:00,1553.40,1554.30,1553.40,1554.30,380
2026-09-21 11:34:00,1554.00,1554.30,1553.70,1554.00,262
2026-09-21 11:35:00,1553.80,1554.10,1553.50,1554.00,757
2026-09-21 11:36:00,1553.80,1554.00,1553.50,1553.70,128
2026-09-21 11:37:00,1553.50,1554.40,1553.50,1554.30,2636
2026-09-21 11:38:00,1553.70,1553.90,1553.10,1553.90,774
2026-09-21 11:39:00,1553.90,1553.90,1553.30,1553.30,60
2026-09-21 11:40:00,1553.70,1553.90,1553.20,1553.20,402
2026-09-21 11:41:00,1553.00,1553.90,1553.00,1553.20,644
2026-09-21 11:42:00,1553.20,1553.90,1553.20,1553.70,169
2026-09-21 11:43:00,1553.60,1553.60,1552.40,1553.10,375
2026-09-21 11:44:00,1553.10,1553.10,1552.40,1552.80,190
2026-09-21 11:45:00,1552.90,1552.90,1552.10,1552.10,522
2026-09-21 11:46:00,1552.50,1552.90,1552.30,1552.70,141
2026-09-21 11:47:00,1552.80,1552.90,1552.30,1552.30,371
2026-09-21 11:48:00,1552.30,1552.50,1551.60,1552.10,731
2026-09-21 11:49:00,1552.10,1552.50,1552.00,1552.10,941
2026-09-21 11:50:00,1552.10,1552.40,1551.90,1552.30,1009
2026-09-21 11:51:00,1552.30,1552.40,1551.90,1551.90,424
2026-09-21 11:52:00,1551.90,1552.30,1551.90,1552.30,237
2026-09-21 11:53:00,1552.30,1552.90,1551.80,1552.90,709
2026-09-21 11:54:00,1552.70,1553.00,1552.70,1553.00,205
2026-09-21 11:55:00,1553.00,1553.30,1552.70,1552.70,501
2026-09-21 11:56:00,1553.00,1555.40,1553.00,1554.70,4358
2026-09-21 11:57:00,1554.70,1554.90,1554.10,1554.40,432
2026-09-21 11:58:00,1554.30,1554.90,1554.10,1554.10,732
2026-09-21 11:59:00,1554.40,1555.00,1553.90,1554.20,922
2026-09-21 12:00:00,1554.20,1554.30,1554.00,1554.10,353
2026-09-21 12:01:00,1554.10,1554.30,1553.00,1553.80,2161
2026-09-21 12:02:00,1553.80,1554.30,1553.80,1554.30,616
2026-09-21 12:03:00,1554.00,1555.60,1554.00,1555.10,3926
2026-09-21 12:04:00,1555.40,1555.70,1554.40,1554.40,1197
2026-09-21 12:05:00,1554.40,1554.40,1554.10,1554.40,1178
2026-09-21 12:06:00,1554.40,1554.40,1553.80,1554.30,1545
2026-09-21 12:07:00,1554.30,1554.30,1553.40,1553.70,734
2026-09-21 12:08:00,1553.70,1554.30,1553.60,1554.30,508
2026-09-21 12:09:00,1554.30,1554.30,1553.90,1554.00,804
2026-09-21 12:10:00,1554.30,1554.30,1553.60,1554.30,667
2026-09-21 12:11:00,1554.30,1554.90,1554.00,1554.30,996
2026-09-21 12:12:00,1554.30,1554.70,1554.10,1554.30,360
2026-09-21 12:13:00,1554.30,1554.70,1554.00,1554.10,539
2026-09-21 12:14:00,1554.30,1554.60,1553.80,1554.20,1704
2026-09-21 12:15:00,1554.40,1554.40,1554.00,1554.30,554
2026-09-21 12:16:00,1554.30,1554.40,1554.20,1554.20,336
2026-09-21 12:17:00,1554.30,1554.40,1554.00,1554.30,440
2026-09-21 12:18:00,1554.30,1554.30,1553.80,1553.90,908
2026-09-21 12:19:00,1553.90,1553.90,1553.20,1553.20,631
2026-09-21 12:20:00,1553.20,1554.00,1553.20,1554.00,550
2026-09-21 12:21:00,1553.90,1554.00,1553.60,1553.70,1341
2026-09-21 12:22:00,1553.70,1553.80,1553.60,1553.60,513
2026-09-21 12:23:00,1553.60,1554.00,1553.30,1553.30,597
2026-09-21 12:24:00,1553.70,1553.70,1553.20,1553.20,440
2026-09-21 12:25:00,1553.50,1553.70,1553.10,1553.50,527
2026-09-21 12:26:00,1553.70,1553.70,1553.00,1553.50,970
2026-09-21 12:27:00,1553.20,1553.90,1553.20,1553.70,271
2026-09-21 12:28:00,1553.80,1554.20,1553.70,1553.90,1480
2026-09-21 12:29:00,1554.00,1554.00,1553.80,1554.00,727
2026-09-21 12:30:00,1554.00,1554.00,1553.00,1553.00,560
2026-09-21 12:31:00,1553.30,1554.00,1553.00,1553.00,747
2026-09-21 12:32:00,1553.50,1553.60,1553.00,1553.40,403
2026-09-21 12:33:00,1553.50,1553.70,1553.40,1553.70,449
2026-09-21 12:34:00,1553.80,1554.00,1553.50,1553.90,993
2026-09-21 12:35:00,1553.90,1553.90,1553.70,1553.80,489
2026-09-21 12:36:00,1553.90,1554.30,1553.30,1554.20,721
2026-09-21 12:37:00,1554.40,1554.40,1554.00,1554.00,509
2026-09-21 12:38:00,1554.00,1554.00,1553.20,1554.00,995
2026-09-21 12:39:00,1554.00,1554.00,1552.90,1553.90,1364
2026-09-21 12:40:00,1553.90,1554.00,1553.60,1553.60,660
2026-09-21 12:41:00,1553.70,1553.90,1553.30,1553.50,619
2026-09-21 12:42:00,1553.80,1553.80,1552.90,1553.20,586
2026-09-21 12:43:00,1553.40,1554.00,1553.20,1554.00,966
2026-09-21 12:44:00,1554.00,1554.00,1553.90,1554.00,538
2026-09-21 12:45:00,1554.00,1554.00,1553.40,1554.00,618
2026-09-21 12:46:00,1554.00,1554.00,1553.70,1553.90,426
2026-09-21 12:47:00,1553.90,1553.90,1553.10,1553.50,1442
2026-09-21 12:48:00,1553.30,1553.80,1553.10,1553.20,1100
2026-09-21 12:49:00,1553.20,1554.00,1553.10,1553.90,1954
2026-09-21 12:50:00,1553.90,1553.90,1553.00,1553.30,997
2026-09-21 12:51:00,1553.50,1554.00,1553.40,1553.80,778
2026-09-21 12:52:00,1553.80,1553.80,1553.40,1553.60,797
2026-09-21 12:53:00,1553.60,1553.80,1553.40,1553.70,898
2026-09-21 12:54:00,1553.70,1554.00,1553.60,1553.80,1746
2026-09-21 12:55:00,1554.00,1555.50,1554.00,1555.00,40243
2026-09-21 12:56:00,1554.80,1555.00,1554.20,1554.20,323
2026-09-21 12:57:00,1554.50,1554.50,1554.40,1554.40,8510
2026-09-21 12:58:00,1554.30,1556.50,1554.00,1555.10,9902
2026-09-21 12:59:00,1555.50,1555.50,1554.20,1555.40,1298
2026-09-21 13:00:00,1555.40,1555.40,1553.10,1553.10,1449
2026-09-21 13:01:00,1553.10,1553.10,1551.80,1552.90,962
2026-09-21 13:02:00,1553.30,1553.70,1552.70,1553.10,454
2026-09-21 13:03:00,1553.60,1553.80,1553.20,1553.50,671
2026-09-21 13:04:00,1553.40,1553.40,1551.80,1552.50,1137
2026-09-21 13:05:00,1552.80,1553.40,1552.20,1552.80,501
2026-09-21 13:06:00,1552.70,1553.30,1552.40,1553.30,619
2026-09-21 13:07:00,1553.30,1553.30,1552.60,1553.10,528
2026-09-21 13:08:00,1553.20,1553.30,1552.30,1552.40,1323
2026-09-21 13:09:00,1552.40,1553.50,1550.10,1550.10,2321
2026-09-21 13:10:00,1551.00,1551.10,1549.50,1549.50,1004
2026-09-21 13:11:00,1549.90,1552.40,1548.10,1550.70,5474
2026-09-21 13:12:00,1550.70,1551.90,1550.50,1550.80,874
2026-09-21 13:13:00,1550.80,1551.30,1550.50,1550.60,952
2026-09-21 13:14:00,1550.70,1550.80,1550.50,1550.80,643
2026-09-21 13:15:00,1550.70,1550.80,1550.50,1550.80,385
2026-09-21 13:16:00,1551.00,1551.00,1550.20,1550.20,482
2026-09-21 13:17:00,1550.30,1550.30,1549.30,1549.70,546
2026-09-21 13:18:00,1549.50,1549.80,1548.90,1549.10,533
2026-09-21 13:19:00,1549.70,1549.70,1549.00,1549.00,529
2026-09-21 13:20:00,1549.00,1549.80,1549.00,1549.60,440
2026-09-21 13:21:00,1549.70,1550.30,1549.70,1550.20,596
2026-09-21 13:22:00,1550.50,1550.80,1549.80,1549.80,648
2026-09-21 13:23:00,1550.50,1550.60,1549.80,1550.50,605
2026-09-21 13:24:00,1550.70,1550.80,1549.90,1550.30,487
2026-09-21 13:25:00,1550.10,1550.30,1549.80,1550.10,362
2026-09-21 13:26:00,1550.30,1550.30,1549.00,1549.80,1038
2026-09-21 13:27:00,1549.80,1550.40,1549.60,1549.60,481
2026-09-21 13:28:00,1549.60,1551.00,1549.50,1551.00,1402
2026-09-21 13:29:00,1551.50,1552.70,1551.40,1551.90,1118
2026-09-21 13:30:00,1551.90,1552.40,1551.80,1551.80,567
2026-09-21 13:31:00,1551.70,1551.70,1550.60,1551.00,453
2026-09-21 13:32:00,1551.40,1551.50,1551.00,1551.50,331
2026-09-21 13:33:00,1551.50,1551.50,1551.20,1551.40,622
2026-09-21 13:34:00,1551.40,1551.80,1551.30,1551.80,590
2026-09-21 13:35:00,1551.60,1551.70,1551.30,1551.30,456
2026-09-21 13:36:00,1551.30,1552.00,1551.30,1551.90,461
2026-09-21 13:37:00,1551.90,1552.90,1551.10,1552.50,1482
2026-09-21 13:38:00,1552.50,1552.80,1552.00,1552.10,358
2026-09-21 13:39:00,1552.40,1552.60,1551.80,1552.30,862
2026-09-21 13:40:00,1552.10,1552.50,1551.80,1552.00,335
2026-09-21 13:41:00,1552.20,1552.50,1551.80,1552.30,397
2026-09-21 13:42:00,1552.30,1552.40,1551.30,1551.70,637
2026-09-21 13:43:00,1551.70,1551.70,1551.10,1551.70,794
2026-09-21 13:44:00,1551.40,1551.70,1551.00,1551.00,554
2026-09-21 13:45:00,1551.60,1551.80,1550.90,1550.90,746
2026-09-21 13:46:00,1550.90,1551.00,1550.00,1551.00,389
2026-09-21 13:47:00,1550.90,1550.90,1549.90,1549.90,673
2026-09-21 13:48:00,1550.20,1550.50,1550.00,1550.40,386
2026-09-21 13:49:00,1550.40,1550.90,1550.30,1550.80,1023
2026-09-21 13:50:00,1550.80,1551.80,1550.80,1551.20,337
2026-09-21 13:51:00,1551.20,1551.80,1551.20,1551.60,431
2026-09-21 13:52:00,1551.70,1551.90,1551.10,1551.60,349
2026-09-21 13:53:00,1551.70,1551.80,1551.10,1551.50,365
2026-09-21 13:54:00,1551.30,1551.90,1551.00,1551.50,402
2026-09-21 13:55:00,1551.50,1551.50,1551.20,1551.40,601
2026-09-21 13:56:00,1551.40,1551.90,1550.90,1551.50,624
2026-09-21 13:57:00,1551.80,1552.40,1551.60,1552.40,541
2026-09-21 13:58:00,1552.60,1552.80,1552.00,1552.20,890
2026-09-21 13:59:00,1552.30,1553.40,1552.30,1553.30,884
2026-09-21 14:00:00,1553.40,1553.40,1552.70,1552.70,435
2026-09-21 14:01:00,1552.70,1553.70,1552.70,1553.60,575
2026-09-21 14:02:00,1553.60,1554.00,1553.20,1553.70,456
2026-09-21 14:03:00,1553.70,1554.00,1553.70,1554.00,509
2026-09-21 14:04:00,1554.00,1555.00,1553.50,1555.00,25956
2026-09-21 14:05:00,1556.70,1558.10,1555.30,1556.90,40120
2026-09-21 14:06:00,1557.00,1557.00,1556.20,1556.50,518
2026-09-21 14:07:00,1556.50,1557.40,1554.80,1555.10,6349
2026-09-21 14:08:00,1555.20,1555.50,1554.40,1554.40,247
2026-09-21 14:09:00,1555.00,1555.00,1554.50,1555.00,738
2026-09-21 14:10:00,1554.70,1556.90,1554.50,1556.90,22679
2026-09-21 14:11:00,1556.90,1558.60,1556.80,1557.40,1677
2026-09-21 14:12:00,1558.40,1559.00,1556.00,1557.20,9573
2026-09-21 14:13:00,1557.60,1558.90,1556.30,1558.50,19305
2026-09-21 14:14:00,1558.30,1559.90,1557.50,1558.70,3990
2026-09-21 14:15:00,1558.70,1559.30,1557.80,1558.60,12113
2026-09-21 14:16:00,1558.70,1559.70,1557.00,1558.00,24367
2026-09-21 14:17:00,1557.00,1558.30,1556.80,1558.20,11901
2026-09-21 14:18:00,1558.60,1559.10,1558.10,1559.10,458
2026-09-21 14:19:00,1559.60,1559.60,1558.80,1559.20,888
2026-09-21 14:20:00,1559.30,1560.40,1558.90,1559.20,3831
2026-09-21 14:21:00,1559.20,1559.50,1557.20,1557.60,4231
2026-09-21 14:22:00,1557.20,1557.30,1554.00,1554.70,3259
2026-09-21 14:23:00,1554.60,1554.90,1553.70,1554.40,2177
2026-09-21 14:24:00,1554.40,1554.80,1553.80,1554.00,3287
2026-09-21 14:25:00,1554.00,1554.00,1553.70,1553.90,1536
2026-09-21 14:26:00,1554.00,1554.00,1552.80,1553.80,982
2026-09-21 14:27:00,1553.80,1554.00,1553.20,1553.60,1320
2026-09-21 14:28:00,1554.00,1554.00,1553.00,1553.00,817
2026-09-21 14:29:00,1553.30,1554.20,1553.00,1554.10,4531
2026-09-21 14:30:00,1554.20,1554.30,1553.20,1554.20,6714
2026-09-21 14:31:00,1554.20,1554.40,1553.60,1554.30,5578
2026-09-21 14:32:00,1554.40,1555.00,1554.30,1555.00,7327
2026-09-21 14:33:00,1555.00,1555.90,1554.00,1554.00,2194
2026-09-21 14:34:00,1554.00,1554.80,1553.70,1554.00,8555
2026-09-21 14:35:00,1554.50,1554.50,1553.50,1553.90,5877
2026-09-21 14:36:00,1554.00,1554.90,1553.90,1554.40,11418
2026-09-21 14:37:00,1554.40,1555.00,1554.00,1554.00,390
2026-09-21 14:38:00,1554.00,1554.50,1554.00,1554.20,239
2026-09-21 14:39:00,1554.30,1554.70,1554.20,1554.30,1606
2026-09-21 14:40:00,1554.60,1554.70,1554.20,1554.60,756
2026-09-21 14:41:00,1554.70,1554.70,1554.20,1554.20,281
2026-09-21 14:42:00,1554.30,1554.40,1554.10,1554.10,393
2026-09-21 14:43:00,1554.40,1554.60,1554.30,1554.30,711
2026-09-21 14:44:00,1554.30,1554.60,1554.00,1554.30,567
2026-09-21 14:45:00,1554.00,1554.30,1553.30,1553.90,1386
2026-09-21 14:46:00,1553.90,1554.10,1553.80,1554.00,104
2026-09-21 14:47:00,1554.10,1554.40,1552.90,1553.30,1852
2026-09-21 14:48:00,1553.30,1554.50,1553.30,1554.40,641
2026-09-21 14:49:00,1554.40,1554.70,1553.70,1553.70,995
2026-09-21 14:50:00,1553.30,1555.20,1553.30,1554.10,3087
2026-09-21 14:51:00,1554.00,1555.00,1554.00,1554.90,1372
2026-09-21 14:52:00,1554.90,1554.90,1554.40,1554.80,1151
2026-09-21 14:53:00,1554.70,1554.80,1554.00,1554.00,11520
2026-09-21 14:54:00,1554.80,1555.40,1554.50,1555.40,18515
2026-09-21 14:55:00,1555.40,1555.50,1555.00,1555.30,1556
2026-09-21 14:56:00,1555.30,1555.40,1554.50,1555.30,1703
2026-09-21 14:57:00,1555.30,1555.30,1554.30,1554.60,2873
2026-09-21 14:58:00,1554.30,1554.50,1553.90,1553.90,2216
2026-09-21 14:59:00,1553.50,1554.90,1553.50,1554.70,4408
2026-09-21 15:00:00,1554.40,1554.50,1554.00,1554.00,8879
2026-09-21 15:01:00,1554.00,1554.00,1553.30,1553.30,7084
2026-09-21 15:02:00,1553.00,1553.40,1552.60,1553.40,2249
2026-09-21 15:03:00,1553.20,1553.90,1553.20,1553.70,2733
2026-09-21 15:04:00,1553.50,1553.80,1553.40,1553.40,1976
2026-09-21 15:05:00,1553.30,1553.40,1552.80,1553.40,9201
2026-09-21 15:06:00,1553.10,1554.00,1553.10,1553.40,14820
2026-09-21 15:07:00,1553.80,1554.00,1553.40,1553.70,6166
2026-09-21 15:08:00,1553.70,1554.00,1553.30,1553.80,3888
2026-09-21 15:09:00,1554.00,1554.70,1553.40,1554.70,19996
2026-09-21 15:10:00,1554.70,1554.70,1553.50,1553.90,29123
2026-09-21 15:11:00,1554.00,1555.20,1554.00,1554.50,22232
2026-09-21 15:12:00,1554.50,1555.70,1553.40,1555.50,30666
2026-09-21 15:13:00,1556.20,1560.60,1555.20,1556.20,42248
2026-09-21 15:14:00,1555.00,1556.40,1555.00,1555.00,4888
2026-09-21 15:15:00,1555.00,1555.00,1555.00,1555.00,0
2026-09-21 15:16:00,1555.00,1555.00,1555.00,1555.00,0
2026-09-21 15:17:00,1555.00,1555.00,1555.00,1555.00,0
2026-09-21 15:18:00,1555.00,1555.00,1555.00,1555.00,0
2026-09-21 15:19:00,1555.00,1555.00,1555.00,1555.00,0
2026-09-21 15:20:00,1555.00,1555.00,1555.00,1555.00,0
2026-09-21 15:21:00,1555.00,1555.00,1555.00,1555.00,0
2026-09-21 15:22:00,1555.00,1555.00,1555.00,1555.00,0
2026-09-21 15:23:00,1555.00,1555.00,1555.00,1555.00,0
2026-09-21 15:24:00,1555.00,1555.00,1555.00,1555.00,0
2026-09-21 15:25:00,1555.00,1555.00,1555.00,1555.00,0
2026-09-21 15:26:00,1555.00,1555.00,1555.00,1555.00,0
2026-09-21 15:27:00,1555.00,1555.00,1555.00,1555.00,0
2026-09-21 15:28:00,1555.00,1558.50,1555.00,1558.50,37522
2026-09-21 15:29:00,1558.50,1558.50,1558.50,1558.50,0
2026-09-22 09:15:00,1553.70,1554.30,1541.10,1544.20,20128
2026-09-22 09:16:00,1544.50,1545.10,1538.00,1538.90,14822
2026-09-22 09:17:00,1538.80,1541.00,1536.60,1538.20,10888
2026-09-22 09:18:00,1538.00,1538.00,1535.20,1537.40,8027
2026-09-22 09:19:00,1536.90,1538.40,1536.00,1537.40,5885
2026-09-22 09:20:00,1536.90,1537.00,1534.10,1535.50,9640
2026-09-22 09:21:00,1535.90,1540.00,1535.90,1537.60,5989
2026-09-22 09:22:00,1538.10,1538.70,1537.50,1538.20,2843
2026-09-22 09:23:00,1537.00,1539.20,1537.00,1539.00,4764
2026-09-22 09:24:00,1539.00,1540.20,1537.70,1540.00,7189
2026-09-22 09:25:00,1540.00,1543.40,1540.00,1542.10,9343
2026-09-22 09:26:00,1541.90,1542.50,1538.80,1539.30,7483
2026-09-22 09:27:00,1539.40,1541.40,1538.70,1539.80,4737
2026-09-22 09:28:00,1539.80,1541.70,1539.50,1541.70,4037
2026-09-22 09:29:00,1541.30,1542.80,1539.80,1539.80,9622
2026-09-22 09:30:00,1540.60,1540.90,1538.10,1540.20,5699
2026-09-22 09:31:00,1540.10,1543.40,1540.10,1543.30,3025
2026-09-22 09:32:00,1543.50,1545.00,1542.90,1544.50,3158
2026-09-22 09:33:00,1545.00,1546.00,1544.30,1544.50,8158
2026-09-22 09:34:00,1544.30,1544.90,1543.80,1544.50,1667
2026-09-22 09:35:00,1544.50,1545.30,1542.20,1542.40,7934
2026-09-22 09:36:00,1542.40,1542.40,1540.50,1541.30,3268
2026-09-22 09:37:00,1541.30,1541.30,1540.60,1541.20,1491
2026-09-22 09:38:00,1541.30,1542.80,1541.00,1541.70,5791
2026-09-22 09:39:00,1541.60,1543.40,1541.60,1543.10,2198
2026-09-22 09:40:00,1543.10,1544.00,1542.90,1543.10,1415
2026-09-22 09:41:00,1543.10,1543.90,1543.10,1543.30,1817
2026-09-22 09:42:00,1543.50,1544.20,1543.30,1543.30,1955
2026-09-22 09:43:00,1543.60,1544.90,1543.60,1544.10,1801
2026-09-22 09:44:00,1544.10,1544.30,1543.60,1544.20,2296
2026-09-22 09:45:00,1545.00,1545.70,1545.00,1545.40,11932
2026-09-22 09:46:00,1545.40,1546.00,1545.10,1545.90,1927
2026-09-22 09:47:00,1545.90,1546.00,1545.30,1545.80,2363
2026-09-22 09:48:00,1546.30,1547.70,1546.30,1546.70,2723
2026-09-22 09:49:00,1546.80,1546.80,1546.00,1546.40,778
2026-09-22 09:50:00,1546.40,1546.40,1545.80,1546.40,540
2026-09-22 09:51:00,1546.10,1546.50,1546.00,1546.10,1115
2026-09-22 09:52:00,1546.10,1548.10,1546.00,1548.10,4020
2026-09-22 09:53:00,1548.00,1548.30,1548.00,1548.20,1561
2026-09-22 09:54:00,1548.00,1549.70,1548.00,1549.30,1549
2026-09-22 09:55:00,1549.60,1549.90,1548.40,1548.40,2046
2026-09-22 09:56:00,1548.40,1549.00,1548.40,1548.80,1909
2026-09-22 09:57:00,1549.00,1549.00,1546.20,1546.40,974
2026-09-22 09:58:00,1546.70,1548.40,1546.30,1548.30,1182
2026-09-22 09:59:00,1548.30,1548.30,1547.60,1547.70,524
2026-09-22 10:00:00,1547.70,1547.70,1546.90,1547.10,1922
2026-09-22 10:01:00,1547.10,1547.50,1547.10,1547.50,264
2026-09-22 10:02:00,1547.50,1547.50,1546.90,1547.00,1562
2026-09-22 10:03:00,1546.90,1547.00,1546.60,1546.60,1113
2026-09-22 10:04:00,1546.60,1546.60,1546.00,1546.00,1307
2026-09-22 10:05:00,1545.70,1546.00,1545.70,1545.90,567
2026-09-22 10:06:00,1545.90,1545.90,1544.60,1544.90,1592
2026-09-22 10:07:00,1544.70,1545.60,1544.20,1544.30,2462
2026-09-22 10:08:00,1544.30,1544.80,1544.30,1544.80,442
2026-09-22 10:09:00,1544.80,1546.00,1544.30,1544.50,1019
2026-09-22 10:10:00,1544.50,1545.40,1543.10,1543.10,5664
2026-09-22 10:11:00,1543.10,1543.30,1540.00,1540.00,21673
2026-09-22 10:12:00,1540.40,1541.60,1539.90,1540.00,16797
2026-09-22 10:13:00,1539.90,1540.00,1538.60,1539.60,18680
2026-09-22 10:14:00,1539.60,1541.70,1539.60,1541.70,2364
2026-09-22 10:15:00,1541.20,1542.40,1541.20,1542.20,1127
2026-09-22 10:16:00,1541.90,1542.60,1541.70,1541.90,886
2026-09-22 10:17:00,1541.90,1542.00,1540.80,1540.80,1208
2026-09-22 10:18:00,1541.30,1541.30,1540.80,1540.90,557
2026-09-22 10:19:00,1540.80,1541.40,1539.50,1540.00,1434
2026-09-22 10:20:00,1539.50,1540.10,1539.50,1540.00,1589
2026-09-22 10:21:00,1540.00,1540.30,1538.50,1538.50,3736
2026-09-22 10:22:00,1538.50,1538.50,1536.80,1537.60,2163
2026-09-22 10:23:00,1537.60,1539.00,1537.60,1538.80,2111
2026-09-22 10:24:00,1538.80,1539.00,1538.50,1538.70,258
2026-09-22 10:25:00,1538.70,1539.50,1538.70,1539.50,538
2026-09-22 10:26:00,1539.50,1540.30,1539.30,1540.20,603
2026-09-22 10:27:00,1540.00,1540.20,1539.30,1539.40,1451
2026-09-22 10:28:00,1539.40,1540.20,1539.10,1539.10,378
2026-09-22 10:29:00,1539.70,1539.80,1539.10,1539.20,1162
2026-09-22 10:30:00,1539.20,1539.80,1539.10,1539.50,885
2026-09-22 10:31:00,1539.40,1540.00,1538.60,1540.00,1398
2026-09-22 10:32:00,1540.00,1540.50,1539.50,1540.00,715
2026-09-22 10:33:00,1539.90,1539.90,1539.50,1539.80,569
2026-09-22 10:34:00,1539.80,1540.40,1539.70,1540.00,2263
2026-09-22 10:35:00,1540.30,1540.30,1538.90,1539.30,1587
2026-09-22 10:36:00,1539.40,1540.00,1538.90,1539.20,419
2026-09-22 10:37:00,1539.60,1539.60,1539.00,1539.60,434
2026-09-22 10:38:00,1539.30,1539.90,1538.90,1538.90,4063
2026-09-22 10:39:00,1538.20,1539.00,1538.10,1539.00,1504
2026-09-22 10:40:00,1539.00,1539.00,1537.90,1538.10,4470
2026-09-22 10:41:00,1537.90,1537.90,1535.20,1535.20,6577
2026-09-22 10:42:00,1535.40,1535.40,1532.40,1534.80,10934
2026-09-22 10:43:00,1534.70,1535.00,1534.70,1534.80,884
2026-09-22 10:44:00,1534.80,1535.00,1533.30,1534.40,3443
2026-09-22 10:45:00,1534.50,1534.50,1532.70,1533.90,1585
2026-09-22 10:46:00,1533.90,1534.20,1533.90,1533.90,940
2026-09-22 10:47:00,1533.50,1533.50,1531.20,1532.00,3698
2026-09-22 10:48:00,1531.90,1532.20,1530.90,1531.50,2300
2026-09-22 10:49:00,1531.50,1532.20,1531.30,1532.00,931
2026-09-22 10:50:00,1532.00,1532.10,1532.00,1532.00,422
2026-09-22 10:51:00,1532.00,1533.50,1532.00,1533.10,664
2026-09-22 10:52:00,1533.00,1533.50,1533.00,1533.50,720
2026-09-22 10:53:00,1533.50,1534.70,1533.10,1533.70,3049
2026-09-22 10:54:00,1533.80,1535.10,1533.80,1535.10,627
2026-09-22 10:55:00,1535.50,1536.20,1535.10,1535.10,2900
2026-09-22 10:56:00,1535.10,1535.10,1533.90,1534.50,1879
2026-09-22 10:57:00,1534.50,1535.10,1534.50,1534.50,2284
2026-09-22 10:58:00,1534.50,1535.50,1534.50,1534.90,517
2026-09-22 10:59:00,1534.90,1534.90,1534.70,1534.70,2422
2026-09-22 11:00:00,1534.70,1534.80,1534.20,1534.20,1133
2026-09-22 11:01:00,1534.30,1534.40,1533.60,1534.20,1245
2026-09-22 11:02:00,1534.00,1534.80,1534.00,1534.80,827
2026-09-22 11:03:00,1534.50,1534.70,1534.10,1534.10,686
2026-09-22 11:04:00,1534.10,1535.10,1534.10,1535.10,3649
2026-09-22 11:05:00,1535.00,1535.00,1534.50,1534.50,656
2026-09-22 11:06:00,1535.00,1535.30,1534.60,1535.30,1670
2026-09-22 11:07:00,1535.10,1535.70,1534.10,1534.10,2264
2026-09-22 11:08:00,1534.10,1534.60,1534.10,1534.10,2155
2026-09-22 11:09:00,1534.50,1535.10,1534.40,1534.40,1335
2026-09-22 11:10:00,1534.40,1535.20,1534.40,1535.10,1058
2026-09-22 11:11:00,1535.10,1535.50,1534.90,1535.30,1440
2026-09-22 11:12:00,1535.50,1535.50,1535.30,1535.30,376
2026-09-22 11:13:00,1535.30,1535.60,1535.30,1535.30,1413
2026-09-22 11:14:00,1535.30,1536.60,1535.30,1536.60,1877
2026-09-22 11:15:00,1536.60,1536.60,1536.00,1536.50,587
2026-09-22 11:16:00,1536.50,1537.50,1535.20,1535.20,3730
2026-09-22 11:17:00,1535.20,1536.40,1534.90,1535.50,2334
2026-09-22 11:18:00,1535.30,1536.00,1534.60,1535.30,858
2026-09-22 11:19:00,1535.30,1535.50,1534.40,1534.40,2119
2026-09-22 11:20:00,1534.40,1536.40,1534.40,1536.40,1429
2026-09-22 11:21:00,1536.40,1539.70,1536.40,1539.00,2597
2026-09-22 11:22:00,1539.60,1539.60,1538.30,1538.40,1179
2026-09-22 11:23:00,1539.20,1539.20,1537.40,1537.40,1716
2026-09-22 11:24:00,1537.70,1539.00,1536.90,1536.90,5900
2026-09-22 11:25:00,1536.90,1537.10,1535.40,1536.00,3141
2026-09-22 11:26:00,1536.00,1537.00,1536.00,1536.40,1330
2026-09-22 11:27:00,1536.40,1537.30,1536.00,1536.70,2095
2026-09-22 11:28:00,1536.50,1536.50,1535.50,1535.70,2029
2026-09-22 11:29:00,1535.90,1536.30,1535.50,1535.60,1088
2026-09-22 11:30:00,1535.60,1535.80,1535.20,1535.60,1527
2026-09-22 11:31:00,1535.60,1535.80,1535.40,1535.70,660
2026-09-22 11:32:00,1535.70,1535.70,1535.40,1535.40,382
2026-09-22 11:33:00,1535.90,1535.90,1534.60,1534.60,2339
2026-09-22 11:34:00,1534.60,1535.70,1534.60,1535.50,2055
2026-09-22 11:35:00,1535.20,1535.60,1534.80,1535.60,1361
2026-09-22 11:36:00,1535.60,1536.00,1535.10,1535.60,859
2026-09-22 11:37:00,1535.10,1535.70,1535.10,1535.50,885
2026-09-22 11:38:00,1535.50,1535.50,1534.90,1534.90,3154
2026-09-22 11:39:00,1534.90,1535.00,1534.00,1534.00,4928
2026-09-22 11:40:00,1534.30,1535.80,1534.10,1535.50,3323
2026-09-22 11:41:00,1535.50,1536.00,1535.50,1535.70,591
2026-09-22 11:42:00,1535.70,1535.90,1535.40,1535.90,2450
2026-09-22 11:43:00,1535.90,1536.50,1535.50,1536.20,1067
2026-09-22 11:44:00,1536.20,1536.40,1535.80,1536.00,1140
2026-09-22 11:45:00,1536.00,1536.40,1535.80,1536.00,1395
2026-09-22 11:46:00,1536.30,1537.10,1535.80,1536.00,1768
2026-09-22 11:47:00,1536.00,1536.50,1536.00,1536.30,1148
2026-09-22 11:48:00,1536.30,1537.30,1536.00,1536.90,1167
2026-09-22 11:49:00,1536.90,1537.80,1536.90,1537.40,1617
2026-09-22 11:50:00,1537.40,1537.40,1537.00,1537.10,999
2026-09-22 11:51:00,1537.40,1537.40,1536.20,1536.20,1199
2026-09-22 11:52:00,1536.50,1536.80,1536.10,1536.60,1159
2026-09-22 11:53:00,1536.60,1537.00,1536.60,1536.70,1527
2026-09-22 11:54:00,1536.90,1536.90,1535.60,1535.60,5639
2026-09-22 11:55:00,1536.30,1536.40,1535.30,1535.70,1423
2026-09-22 11:56:00,1536.20,1536.20,1535.80,1535.90,2255
2026-09-22 11:57:00,1535.90,1536.40,1535.90,1536.40,948
2026-09-22 11:58:00,1536.00,1536.40,1536.00,1536.10,785
2026-09-22 11:59:00,1536.30,1536.80,1536.10,1536.20,1523
2026-09-22 12:00:00,1536.20,1536.70,1535.90,1536.20,865
2026-09-22 12:01:00,1536.20,1538.00,1535.90,1536.20,10832
2026-09-22 12:02:00,1535.90,1536.20,1535.80,1535.80,2819
2026-09-22 12:03:00,1535.80,1536.00,1535.10,1535.80,1703
2026-09-22 12:04:00,1536.40,1536.40,1535.80,1536.20,2191
2026-09-22 12:05:00,1536.20,1536.30,1536.20,1536.20,689
2026-09-22 12:06:00,1536.50,1536.90,1536.00,1536.50,3279
2026-09-22 12:07:00,1536.50,1536.50,1536.40,1536.50,652
2026-09-22 12:08:00,1536.50,1537.20,1536.50,1537.10,1372
2026-09-22 12:09:00,1537.10,1537.50,1537.00,1537.30,1644
2026-09-22 12:10:00,1537.30,1538.40,1537.30,1538.20,1191
2026-09-22 12:11:00,1538.50,1538.50,1537.80,1537.80,3021
2026-09-22 12:12:00,1537.70,1537.90,1537.50,1537.50,1196
2026-09-22 12:13:00,1537.80,1537.80,1536.70,1536.70,1182
2026-09-22 12:14:00,1536.70,1537.10,1536.70,1536.80,1056
2026-09-22 12:15:00,1536.80,1537.00,1536.70,1537.00,786
2026-09-22 12:16:00,1537.00,1537.40,1536.70,1536.80,2125
2026-09-22 12:17:00,1537.30,1537.80,1536.80,1537.50,3522
2026-09-22 12:18:00,1537.90,1537.90,1537.60,1537.70,1106
2026-09-22 12:19:00,1537.90,1539.20,1537.90,1538.70,1672
2026-09-22 12:20:00,1538.70,1539.30,1538.20,1538.70,1852
2026-09-22 12:21:00,1538.70,1539.30,1538.50,1538.60,658
2026-09-22 12:22:00,1538.60,1538.90,1538.10,1538.90,379
2026-09-22 12:23:00,1538.90,1539.90,1538.70,1539.20,1611
2026-09-22 12:24:00,1540.00,1540.00,1539.20,1539.30,1997
2026-09-22 12:25:00,1539.20,1539.30,1538.80,1538.90,1544
2026-09-22 12:26:00,1538.90,1538.90,1537.90,1538.30,1301
2026-09-22 12:27:00,1538.30,1540.00,1538.30,1539.30,2338
2026-09-22 12:28:00,1539.90,1540.40,1539.20,1540.20,4254
2026-09-22 12:29:00,1539.90,1540.20,1539.40,1539.50,651
2026-09-22 12:30:00,1539.90,1540.30,1539.40,1539.50,1662
2026-09-22 12:31:00,1539.50,1540.00,1539.50,1540.00,1917
2026-09-22 12:32:00,1540.20,1540.20,1539.70,1539.70,807
2026-09-22 12:33:00,1539.70,1540.20,1539.60,1540.10,1120
2026-09-22 12:34:00,1540.10,1540.50,1539.80,1540.50,1570
2026-09-22 12:35:00,1540.40,1540.70,1539.90,1540.70,1439
2026-09-22 12:36:00,1540.50,1540.50,1539.30,1539.60,939
2026-09-22 12:37:00,1539.60,1539.60,1538.00,1538.20,2553
2026-09-22 12:38:00,1538.30,1538.60,1538.00,1538.60,922
2026-09-22 12:39:00,1539.00,1539.90,1538.90,1539.30,3041
2026-09-22 12:40:00,1539.00,1539.60,1538.40,1539.10,1126
2026-09-22 12:41:00,1539.10,1540.00,1539.10,1539.50,1192
2026-09-22 12:42:00,1539.50,1539.90,1539.30,1539.80,536
2026-09-22 12:43:00,1539.80,1539.80,1539.00,1539.10,500
2026-09-22 12:44:00,1539.10,1539.40,1538.90,1539.20,536
2026-09-22 12:45:00,1539.20,1539.20,1538.80,1539.10,667
2026-09-22 12:46:00,1539.10,1539.10,1538.80,1539.10,2138
2026-09-22 12:47:00,1538.90,1540.40,1538.70,1540.40,4872
2026-09-22 12:48:00,1539.90,1540.50,1539.90,1540.50,1015
2026-09-22 12:49:00,1540.50,1540.60,1540.00,1540.20,1432
2026-09-22 12:50:00,1540.30,1540.30,1539.70,1540.00,808
2026-09-22 12:51:00,1539.80,1540.40,1539.30,1540.40,1999
2026-09-22 12:52:00,1540.40,1540.40,1539.30,1539.30,629
2026-09-22 12:53:00,1539.30,1539.80,1539.00,1539.70,1104
2026-09-22 12:54:00,1539.60,1539.60,1538.40,1539.00,484
2026-09-22 12:55:00,1539.00,1539.00,1538.50,1538.50,1650
2026-09-22 12:56:00,1538.80,1539.20,1538.70,1538.80,1618
2026-09-22 12:57:00,1538.80,1539.90,1538.80,1538.90,1411
2026-09-22 12:58:00,1538.90,1539.00,1538.40,1539.00,640
2026-09-22 12:59:00,1539.00,1540.00,1539.00,1539.90,2461
2026-09-22 13:00:00,1539.90,1540.00,1538.90,1539.20,771
2026-09-22 13:01:00,1539.20,1540.20,1538.80,1540.10,2491
2026-09-22 13:02:00,1540.10,1541.50,1540.10,1541.00,2205
2026-09-22 13:03:00,1541.20,1541.30,1541.00,1541.10,1066
2026-09-22 13:04:00,1541.20,1541.90,1541.10,1541.40,1030
2026-09-22 13:05:00,1542.50,1542.50,1541.50,1541.60,2162
2026-09-22 13:06:00,1541.60,1542.60,1541.60,1542.10,1412
2026-09-22 13:07:00,1542.10,1543.00,1542.10,1542.60,969
2026-09-22 13:08:00,1542.60,1542.80,1542.20,1542.60,2291
2026-09-22 13:09:00,1542.60,1543.10,1542.20,1542.30,2646
2026-09-22 13:10:00,1542.30,1542.30,1541.80,1541.80,968
2026-09-22 13:11:00,1541.80,1542.00,1541.60,1541.60,1317
2026-09-22 13:12:00,1541.60,1541.90,1541.20,1541.20,545
2026-09-22 13:13:00,1541.30,1541.70,1541.20,1541.20,1525
2026-09-22 13:14:00,1541.20,1541.70,1541.20,1541.50,803
2026-09-22 13:15:00,1541.50,1541.60,1541.50,1541.50,727
2026-09-22 13:16:00,1541.50,1541.60,1541.40,1541.40,1027
2026-09-22 13:17:00,1541.40,1541.50,1541.20,1541.30,2531
2026-09-22 13:18:00,1541.30,1541.50,1541.10,1541.50,2257
2026-09-22 13:19:00,1541.50,1542.40,1541.40,1542.00,2822
2026-09-22 13:20:00,1542.00,1542.40,1541.80,1541.80,1092
2026-09-22 13:21:00,1542.30,1542.40,1541.70,1542.10,726
2026-09-22 13:22:00,1542.10,1543.10,1542.00,1542.70,1538
2026-09-22 13:23:00,1543.00,1543.00,1541.80,1541.80,2241
2026-09-22 13:24:00,1541.80,1541.90,1541.70,1541.90,2089
2026-09-22 13:25:00,1541.90,1542.10,1541.90,1541.90,585
2026-09-22 13:26:00,1541.80,1542.80,1541.80,1542.10,2594
2026-09-22 13:27:00,1542.40,1542.90,1542.00,1542.90,1860
2026-09-22 13:28:00,1542.80,1543.10,1542.10,1542.10,1539
2026-09-22 13:29:00,1542.10,1544.80,1542.10,1544.50,4068
2026-09-22 13:30:00,1544.30,1544.70,1543.40,1543.40,1853
2026-09-22 13:31:00,1543.80,1543.80,1543.50,1543.60,731
2026-09-22 13:32:00,1543.60,1544.00,1543.50,1543.60,984
2026-09-22 13:33:00,1543.60,1544.00,1543.60,1543.80,1104
2026-09-22 13:34:00,1544.10,1544.40,1542.50,1542.70,5867
2026-09-22 13:35:00,1542.70,1543.00,1542.40,1542.50,755
2026-09-22 13:36:00,1542.40,1542.50,1542.10,1542.40,1295
2026-09-22 13:37:00,1542.50,1542.80,1542.30,1542.70,1262
2026-09-22 13:38:00,1542.80,1543.50,1542.70,1543.50,1025
2026-09-22 13:39:00,1543.00,1544.20,1543.00,1544.20,1361
2026-09-22 13:40:00,1544.20,1544.60,1543.60,1543.70,1371
2026-09-22 13:41:00,1544.00,1544.00,1543.50,1544.00,952
2026-09-22 13:42:00,1543.90,1544.90,1543.90,1544.90,4347
2026-09-22 13:43:00,1544.80,1545.00,1543.50,1543.50,3497
2026-09-22 13:44:00,1543.50,1543.90,1543.50,1543.70,865
2026-09-22 13:45:00,1543.60,1543.60,1542.70,1542.80,766
2026-09-22 13:46:00,1543.10,1544.40,1542.40,1543.30,4674
2026-09-22 13:47:00,1543.70,1543.70,1542.60,1543.00,2604
2026-09-22 13:48:00,1543.00,1543.30,1542.10,1542.10,7064
2026-09-22 13:49:00,1542.10,1545.00,1542.10,1544.30,3142
2026-09-22 13:50:00,1544.80,1545.00,1543.80,1544.20,7357
2026-09-22 13:51:00,1544.20,1544.20,1543.80,1543.90,777
2026-09-22 13:52:00,1544.00,1544.10,1543.70,1544.00,540
2026-09-22 13:53:00,1544.00,1544.10,1543.50,1543.50,3683
2026-09-22 13:54:00,1543.30,1543.80,1542.60,1543.20,2179
2026-09-22 13:55:00,1542.60,1543.40,1542.50,1543.30,1654
2026-09-22 13:56:00,1543.30,1543.30,1543.00,1543.10,1523
2026-09-22 13:57:00,1542.80,1542.80,1542.00,1542.70,2220
2026-09-22 13:58:00,1542.70,1543.40,1542.50,1543.40,2688
2026-09-22 13:59:00,1543.70,1543.70,1542.60,1542.90,2023
2026-09-22 14:00:00,1542.90,1543.20,1542.20,1542.50,4066
2026-09-22 14:01:00,1542.50,1543.10,1542.40,1543.00,1107
2026-09-22 14:02:00,1543.00,1543.40,1542.70,1542.80,1054
2026-09-22 14:03:00,1542.80,1543.10,1541.90,1542.00,1726
2026-09-22 14:04:00,1542.60,1543.90,1542.60,1543.30,2393
2026-09-22 14:05:00,1543.30,1543.60,1542.80,1543.20,2081
2026-09-22 14:06:00,1543.00,1543.60,1543.00,1543.40,836
2026-09-22 14:07:00,1543.40,1544.90,1543.40,1544.20,4523
2026-09-22 14:08:00,1543.80,1544.20,1543.50,1544.00,1388
2026-09-22 14:09:00,1544.00,1544.70,1544.00,1544.30,1936
2026-09-22 14:10:00,1544.70,1545.70,1544.50,1545.50,4996
2026-09-22 14:11:00,1545.50,1545.50,1544.40,1544.90,1547
2026-09-22 14:12:00,1544.90,1546.40,1544.70,1546.20,2015
2026-09-22 14:13:00,1546.30,1547.00,1546.20,1546.30,5400
2026-09-22 14:14:00,1546.30,1550.00,1546.30,1550.00,4163
2026-09-22 14:15:00,1550.30,1556.90,1550.30,1553.30,25383
2026-09-22 14:16:00,1553.30,1554.20,1552.10,1554.20,2930
2026-09-22 14:17:00,1554.20,1556.20,1554.00,1556.20,3818
2026-09-22 14:18:00,1556.20,1556.20,1554.80,1555.30,2712
2026-09-22 14:19:00,1555.30,1558.70,1555.10,1558.20,2801
2026-09-22 14:20:00,1558.20,1558.20,1556.70,1556.80,3200
2026-09-22 14:21:00,1556.70,1557.20,1554.80,1554.80,6487
2026-09-22 14:22:00,1554.70,1555.50,1554.10,1555.50,1767
2026-09-22 14:23:00,1555.30,1556.20,1554.80,1554.80,3544
2026-09-22 14:24:00,1554.30,1554.70,1553.60,1553.70,2350
2026-09-22 14:25:00,1553.70,1554.70,1553.50,1554.70,3567
2026-09-22 14:26:00,1554.60,1555.10,1554.20,1554.70,1806
2026-09-22 14:27:00,1554.70,1555.00,1553.50,1554.60,3983
2026-09-22 14:28:00,1554.80,1554.80,1553.70,1554.50,1818
2026-09-22 14:29:00,1554.50,1555.70,1554.50,1554.90,2683
2026-09-22 14:30:00,1555.00,1555.70,1554.90,1554.90,2197
2026-09-22 14:31:00,1554.90,1554.90,1554.00,1554.10,1654
2026-09-22 14:32:00,1554.10,1554.80,1553.70,1554.20,2427
2026-09-22 14:33:00,1554.30,1554.90,1554.00,1554.00,2803
2026-09-22 14:34:00,1554.00,1554.60,1553.10,1553.80,4119
2026-09-22 14:35:00,1554.50,1554.80,1554.00,1554.10,863
2026-09-22 14:36:00,1554.60,1554.60,1554.00,1554.40,1102
2026-09-22 14:37:00,1554.00,1554.00,1552.90,1553.40,1848
2026-09-22 14:38:00,1553.40,1553.70,1551.60,1552.40,3529
2026-09-22 14:39:00,1552.40,1552.40,1551.90,1552.20,854
2026-09-22 14:40:00,1552.30,1552.50,1552.20,1552.30,1380
2026-09-22 14:41:00,1552.40,1552.40,1550.90,1551.20,2514
2026-09-22 14:42:00,1551.30,1551.30,1550.40,1551.30,2133
2026-09-22 14:43:00,1551.70,1551.90,1551.10,1551.20,1937
2026-09-22 14:44:00,1551.20,1551.40,1550.40,1550.40,1281
2026-09-22 14:45:00,1550.50,1551.20,1550.50,1551.20,1970
2026-09-22 14:46:00,1551.40,1551.90,1551.20,1551.20,1718
2026-09-22 14:47:00,1551.40,1552.30,1551.10,1552.00,2235
2026-09-22 14:48:00,1552.00,1552.00,1550.70,1551.70,2691
2026-09-22 14:49:00,1551.70,1551.70,1551.00,1551.40,1316
2026-09-22 14:50:00,1551.20,1552.30,1550.70,1551.70,4697
2026-09-22 14:51:00,1551.70,1552.20,1550.70,1550.70,3104
2026-09-22 14:52:00,1550.70,1551.90,1550.60,1551.20,1880
2026-09-22 14:53:00,1551.70,1551.70,1550.70,1550.70,2127
2026-09-22 14:54:00,1550.70,1551.50,1550.70,1551.00,1647
2026-09-22 14:55:00,1551.10,1551.20,1550.70,1550.90,1777
2026-09-22 14:56:00,1551.00,1551.00,1550.10,1550.20,2911
2026-09-22 14:57:00,1550.20,1550.90,1550.20,1550.80,2482
2026-09-22 14:58:00,1550.80,1551.10,1550.20,1551.10,3548
2026-09-22 14:59:00,1550.60,1550.60,1549.90,1550.40,7860
2026-09-22 15:00:00,1550.50,1551.00,1549.40,1549.40,3518
2026-09-22 15:01:00,1549.40,1550.90,1549.40,1550.20,4853
2026-09-22 15:02:00,1550.10,1550.80,1550.00,1550.50,4700
2026-09-22 15:03:00,1550.30,1550.50,1549.70,1549.80,2947
2026-09-22 15:04:00,1550.00,1551.20,1550.00,1551.00,5070
2026-09-22 15:05:00,1550.80,1552.00,1550.50,1551.40,5723
2026-09-22 15:06:00,1551.40,1551.40,1551.20,1551.40,3106
2026-09-22 15:07:00,1551.30,1551.50,1551.20,1551.50,7065
2026-09-22 15:08:00,1551.50,1551.80,1551.50,1551.70,3740
2026-09-22 15:09:00,1551.70,1552.60,1551.30,1551.90,10053
2026-09-22 15:10:00,1552.10,1552.30,1551.70,1552.00,8856
2026-09-22 15:11:00,1551.90,1553.30,1551.90,1552.90,6883
2026-09-22 15:12:00,1552.80,1553.10,1551.80,1552.30,14486
2026-09-22 15:13:00,1552.90,1552.90,1551.70,1552.40,6016
2026-09-22 15:14:00,1551.50,1552.60,1550.10,1550.10,5487
2026-09-22 15:15:00,1550.10,1550.10,1550.10,1550.10,1
2026-09-22 15:16:00,1550.10,1550.10,1550.10,1550.10,0
2026-09-22 15:17:00,1550.10,1550.10,1550.10,1550.10,0
2026-09-22 15:18:00,1550.10,1550.10,1550.10,1550.10,0
2026-09-22 15:19:00,1550.10,1550.10,1550.10,1550.10,0
2026-09-22 15:20:00,1550.10,1550.10,1550.10,1550.10,0
2026-09-22 15:21:00,1550.10,1550.10,1550.10,1550.10,0
2026-09-22 15:22:00,1550.10,1550.10,1550.10,1550.10,0
2026-09-22 15:23:00,1550.10,1550.10,1550.10,1550.10,0
2026-09-22 15:24:00,1550.10,1550.10,1550.10,1550.10,0
2026-09-22 15:25:00,1550.10,1550.10,1550.10,1550.10,0
2026-09-22 15:26:00,1550.10,1550.10,1550.10,1550.10,0
2026-09-22 15:27:00,1550.10,1550.10,1550.10,1550.10,0
2026-09-22 15:28:00,1550.10,1551.60,1550.10,1551.60,36862
2026-09-22 15:29:00,1551.60,1551.60,1551.60,1551.60,0
2026-09-23 09:15:00,1540.00,1552.40,1539.30,1546.60,13122
2026-09-23 09:16:00,1547.40,1551.10,1546.30,1549.20,3383
2026-09-23 09:17:00,1549.70,1550.70,1546.40,1547.10,4574
2026-09-23 09:18:00,1547.10,1550.10,1546.50,1549.00,2502
2026-09-23 09:19:00,1549.50,1553.00,1549.10,1552.20,1812
2026-09-23 09:20:00,1552.20,1552.50,1550.20,1551.50,1962
2026-09-23 09:21:00,1551.80,1552.70,1551.40,1551.40,2261
2026-09-23 09:22:00,1552.00,1552.70,1546.80,1547.00,2471
2026-09-23 09:23:00,1547.00,1551.20,1546.90,1550.80,1379
2026-09-23 09:24:00,1551.20,1551.30,1549.00,1549.70,1586
2026-09-23 09:25:00,1549.70,1550.90,1549.10,1550.30,2813
2026-09-23 09:26:00,1549.50,1549.90,1548.30,1549.90,2120
2026-09-23 09:27:00,1549.90,1550.00,1544.70,1544.70,2034
2026-09-23 09:28:00,1543.40,1545.00,1543.40,1545.00,2644
2026-09-23 09:29:00,1545.60,1548.70,1545.60,1548.60,1582
2026-09-23 09:30:00,1548.80,1549.00,1545.10,1545.70,1556
2026-09-23 09:31:00,1546.00,1546.00,1544.20,1544.20,973
2026-09-23 09:32:00,1544.20,1546.30,1544.20,1545.80,1990
2026-09-23 09:33:00,1545.80,1546.30,1545.00,1545.50,1328
2026-09-23 09:34:00,1545.50,1545.50,1544.90,1544.90,2340
2026-09-23 09:35:00,1544.90,1547.40,1544.90,1545.70,2742
2026-09-23 09:36:00,1545.70,1547.30,1545.70,1547.10,914
2026-09-23 09:37:00,1547.30,1548.90,1547.30,1547.50,519
2026-09-23 09:38:00,1547.80,1549.00,1547.60,1548.00,1108
2026-09-23 09:39:00,1548.00,1549.80,1548.00,1548.30,1910
2026-09-23 09:40:00,1548.60,1550.00,1548.50,1549.40,2444
2026-09-23 09:41:00,1549.20,1549.50,1548.60,1548.70,822
2026-09-23 09:42:00,1549.60,1550.80,1549.60,1550.10,2004
2026-09-23 09:43:00,1550.10,1550.10,1549.10,1550.00,2580
2026-09-23 09:44:00,1550.20,1550.50,1549.30,1549.40,729
2026-09-23 09:45:00,1550.10,1550.10,1549.40,1549.70,520
2026-09-23 09:46:00,1547.90,1547.90,1546.50,1546.60,2550
2026-09-23 09:47:00,1547.40,1547.90,1547.00,1547.40,737
2026-09-23 09:48:00,1547.90,1547.90,1546.00,1546.00,1953
2026-09-23 09:49:00,1546.50,1548.90,1545.90,1548.90,3084
2026-09-23 09:50:00,1549.00,1549.00,1547.30,1547.30,3423
2026-09-23 09:51:00,1547.10,1547.10,1543.50,1544.80,3471
2026-09-23 09:52:00,1544.80,1546.70,1544.20,1545.80,3345
2026-09-23 09:53:00,1545.90,1547.50,1544.80,1545.30,1764
2026-09-23 09:54:00,1545.80,1545.90,1544.80,1545.30,976
2026-09-23 09:55:00,1545.30,1546.60,1545.30,1546.20,2419
2026-09-23 09:56:00,1546.20,1548.10,1545.90,1547.60,326
2026-09-23 09:57:00,1547.80,1548.10,1547.30,1548.00,942
2026-09-23 09:58:00,1548.00,1548.20,1546.00,1546.00,1155
2026-09-23 09:59:00,1546.00,1548.50,1546.00,1548.00,474
2026-09-23 10:00:00,1548.00,1551.00,1547.80,1551.00,1065
2026-09-23 10:01:00,1551.00,1551.00,1549.60,1550.80,3373
2026-09-23 10:02:00,1550.80,1551.40,1549.60,1551.20,1726
2026-09-23 10:03:00,1551.30,1551.60,1550.00,1550.60,3143
2026-09-23 10:04:00,1550.60,1551.10,1550.60,1550.70,2195
2026-09-23 10:05:00,1550.70,1550.90,1549.10,1549.60,4354
2026-09-23 10:06:00,1548.70,1549.20,1548.20,1548.30,689
2026-09-23 10:07:00,1548.40,1549.80,1548.40,1549.20,1536
2026-09-23 10:08:00,1548.70,1548.80,1548.30,1548.60,272
2026-09-23 10:09:00,1548.80,1548.80,1545.80,1546.70,4555
2026-09-23 10:10:00,1546.70,1547.70,1546.30,1547.00,3674
2026-09-23 10:11:00,1547.40,1548.00,1546.50,1548.00,1160
2026-09-23 10:12:00,1548.20,1548.20,1547.10,1547.20,1162
2026-09-23 10:13:00,1547.90,1547.90,1547.30,1547.70,296
2026-09-23 10:14:00,1548.10,1549.10,1547.40,1547.60,1127
2026-09-23 10:15:00,1547.60,1548.10,1547.20,1548.10,448
2026-09-23 10:16:00,1547.40,1549.10,1545.50,1545.50,3198
2026-09-23 10:17:00,1545.90,1546.10,1545.20,1545.70,960
2026-09-23 10:18:00,1546.10,1547.10,1545.70,1546.20,1200
2026-09-23 10:19:00,1546.10,1546.30,1545.70,1546.30,556
2026-09-23 10:20:00,1546.60,1548.00,1546.40,1548.00,805
2026-09-23 10:21:00,1547.60,1548.70,1547.60,1548.00,680
2026-09-23 10:22:00,1548.30,1548.30,1547.60,1547.60,640
2026-09-23 10:23:00,1547.60,1548.90,1547.60,1548.90,861
2026-09-23 10:24:00,1548.90,1549.40,1548.40,1548.70,114
2026-09-23 10:25:00,1549.10,1549.10,1547.80,1548.20,2621
2026-09-23 10:26:00,1548.60,1548.60,1547.60,1547.90,1750
2026-09-23 10:27:00,1547.90,1548.80,1547.70,1548.60,864
2026-09-23 10:28:00,1548.40,1548.50,1548.00,1548.20,1431
2026-09-23 10:29:00,1548.50,1549.10,1547.70,1548.00,1405
2026-09-23 10:30:00,1548.00,1548.50,1547.30,1547.30,1621
2026-09-23 10:31:00,1547.80,1549.00,1547.80,1548.50,700
2026-09-23 10:32:00,1547.80,1547.80,1545.20,1547.50,2410
2026-09-23 10:33:00,1547.90,1548.60,1547.10,1548.60,1320
2026-09-23 10:34:00,1547.90,1548.50,1547.60,1548.00,191
2026-09-23 10:35:00,1548.00,1548.50,1547.60,1547.60,500
2026-09-23 10:36:00,1547.80,1549.10,1547.80,1548.50,1769
2026-09-23 10:37:00,1549.00,1549.40,1548.50,1549.40,539
2026-09-23 10:38:00,1549.90,1549.90,1549.30,1549.50,250
2026-09-23 10:39:00,1549.80,1550.40,1549.20,1550.00,2356
2026-09-23 10:40:00,1550.00,1550.00,1548.90,1549.20,1876
2026-09-23 10:41:00,1549.70,1550.30,1549.20,1550.10,1101
2026-09-23 10:42:00,1550.20,1551.50,1549.90,1550.90,1443
2026-09-23 10:43:00,1550.50,1551.10,1550.50,1551.00,2687
2026-09-23 10:44:00,1551.00,1551.00,1549.00,1549.50,2000
2026-09-23 10:45:00,1549.50,1549.50,1548.20,1549.20,656
2026-09-23 10:46:00,1549.20,1549.60,1549.00,1549.50,220
2026-09-23 10:47:00,1550.00,1550.60,1549.50,1550.10,440
2026-09-23 10:48:00,1550.60,1551.50,1550.10,1550.10,3205
2026-09-23 10:49:00,1550.10,1550.40,1549.50,1549.80,2077
2026-09-23 10:50:00,1549.80,1550.40,1549.10,1550.00,1023
2026-09-23 10:51:00,1550.40,1550.60,1549.40,1549.40,863
2026-09-23 10:52:00,1549.70,1549.70,1549.20,1549.70,204
2026-09-23 10:53:00,1549.70,1550.50,1549.70,1549.90,1132
2026-09-23 10:54:00,1550.20,1550.20,1548.70,1549.20,1139
2026-09-23 10:55:00,1549.80,1549.80,1548.30,1548.70,486
2026-09-23 10:56:00,1548.80,1549.80,1548.60,1549.60,248
2026-09-23 10:57:00,1549.60,1549.60,1548.70,1548.80,499
2026-09-23 10:58:00,1549.50,1550.00,1548.80,1549.70,2353
2026-09-23 10:59:00,1550.00,1550.00,1549.20,1549.40,2243
2026-09-23 11:00:00,1548.80,1549.90,1548.80,1549.50,861
2026-09-23 11:01:00,1549.50,1549.50,1548.90,1549.10,655
2026-09-23 11:02:00,1549.70,1550.30,1549.40,1549.40,1390
2026-09-23 11:03:00,1550.00,1550.10,1549.10,1549.70,819
2026-09-23 11:04:00,1549.70,1550.10,1549.00,1549.00,657
2026-09-23 11:05:00,1549.20,1549.40,1548.40,1548.40,2716
2026-09-23 11:06:00,1549.00,1549.60,1548.40,1549.60,689
2026-09-23 11:07:00,1549.60,1549.90,1549.30,1549.40,688
2026-09-23 11:08:00,1549.70,1549.70,1548.90,1548.90,803
2026-09-23 11:09:00,1549.00,1549.00,1548.50,1549.00,1563
2026-09-23 11:10:00,1549.20,1550.80,1549.00,1549.90,491
2026-09-23 11:11:00,1550.40,1550.70,1550.00,1550.40,313
2026-09-23 11:12:00,1550.60,1550.60,1549.40,1549.60,784
2026-09-23 11:13:00,1550.10,1550.70,1549.80,1550.30,242
2026-09-23 11:14:00,1550.60,1550.80,1550.30,1550.60,506
2026-09-23 11:15:00,1550.80,1551.00,1549.10,1549.60,1510
2026-09-23 11:16:00,1549.60,1549.60,1548.50,1548.50,381
2026-09-23 11:17:00,1548.50,1548.60,1548.10,1548.50,1243
2026-09-23 11:18:00,1548.70,1549.90,1548.70,1549.90,1284
2026-09-23 11:19:00,1550.10,1551.90,1550.10,1551.50,1969
2026-09-23 11:20:00,1551.70,1552.60,1551.10,1552.30,1875
2026-09-23 11:21:00,1552.30,1552.30,1551.60,1552.30,2023
2026-09-23 11:22:00,1552.30,1553.00,1551.80,1552.90,1023
2026-09-23 11:23:00,1552.70,1553.00,1551.60,1551.60,1866
2026-09-23 11:24:00,1551.90,1552.70,1551.80,1552.70,734
2026-09-23 11:25:00,1552.70,1552.70,1552.20,1552.70,265
2026-09-23 11:26:00,1552.40,1552.80,1552.00,1552.00,2633
2026-09-23 11:27:00,1552.50,1552.50,1551.20,1551.20,717
2026-09-23 11:28:00,1551.60,1551.60,1551.00,1551.20,1078
2026-09-23 11:29:00,1551.20,1551.70,1550.60,1550.80,2156
2026-09-23 11:30:00,1551.10,1551.10,1550.50,1550.50,1973
2026-09-23 11:31:00,1551.00,1551.40,1550.60,1550.80,532
2026-09-23 11:32:00,1551.30,1551.90,1550.80,1551.80,845
2026-09-23 11:33:00,1551.90,1552.50,1551.90,1552.10,1715
2026-09-23 11:34:00,1552.10,1552.20,1551.40,1551.40,4872
2026-09-23 11:35:00,1551.60,1551.80,1550.30,1551.20,7869
2026-09-23 11:36:00,1551.80,1552.00,1551.10,1551.70,3732
2026-09-23 11:37:00,1551.70,1552.00,1551.20,1551.20,3782
2026-09-23 11:38:00,1551.70,1552.50,1551.10,1551.10,4875
2026-09-23 11:39:00,1551.60,1551.60,1547.70,1547.70,8628
2026-09-23 11:40:00,1548.00,1549.90,1547.30,1549.90,3761
2026-09-23 11:41:00,1549.90,1550.20,1548.50,1548.50,2053
2026-09-23 11:42:00,1548.50,1549.00,1548.50,1548.60,957
2026-09-23 11:43:00,1548.60,1549.00,1548.30,1548.70,1050
2026-09-23 11:44:00,1548.70,1549.00,1548.30,1548.60,1804
2026-09-23 11:45:00,1548.60,1549.10,1548.20,1548.70,2181
2026-09-23 11:46:00,1548.90,1550.70,1548.50,1549.70,2487
2026-09-23 11:47:00,1550.00,1551.70,1550.00,1551.30,3389
2026-09-23 11:48:00,1551.20,1551.50,1550.30,1550.40,4298
2026-09-23 11:49:00,1551.00,1551.40,1549.80,1550.20,1765
2026-09-23 11:50:00,1550.20,1551.30,1549.70,1550.70,3275
2026-09-23 11:51:00,1551.20,1551.90,1550.20,1550.20,2075
2026-09-23 11:52:00,1550.00,1551.30,1549.90,1550.50,1449
2026-09-23 11:53:00,1551.10,1551.10,1549.50,1549.50,1809
2026-09-23 11:54:00,1550.00,1550.10,1548.80,1549.00,1197
2026-09-23 11:55:00,1549.60,1549.70,1548.40,1549.40,2673
2026-09-23 11:56:00,1549.30,1549.60,1547.00,1548.10,5493
2026-09-23 11:57:00,1548.10,1548.10,1547.10,1547.60,1560
2026-09-23 11:58:00,1547.90,1549.10,1547.50,1548.10,3428
2026-09-23 11:59:00,1548.70,1548.80,1548.20,1548.20,1760
2026-09-23 12:00:00,1548.80,1548.80,1546.70,1547.90,2924
2026-09-23 12:01:00,1547.00,1547.70,1546.40,1547.10,2038
2026-09-23 12:02:00,1548.10,1548.10,1544.50,1544.60,6448
2026-09-23 12:03:00,1545.20,1546.00,1544.50,1546.00,2678
2026-09-23 12:04:00,1545.60,1546.60,1545.10,1546.30,2561
2026-09-23 12:05:00,1547.30,1548.00,1546.50,1546.90,2593
2026-09-23 12:06:00,1547.20,1548.00,1546.80,1548.00,2493
2026-09-23 12:07:00,1548.00,1549.20,1547.10,1547.20,3632
2026-09-23 12:08:00,1548.10,1548.40,1547.00,1547.00,1519
2026-09-23 12:09:00,1547.50,1547.70,1546.50,1547.00,1542
2026-09-23 12:10:00,1547.00,1548.20,1546.50,1547.60,2564
2026-09-23 12:11:00,1547.50,1548.80,1547.40,1547.90,2279
2026-09-23 12:12:00,1548.20,1548.70,1547.60,1548.20,1711
2026-09-23 12:13:00,1548.20,1550.00,1548.20,1548.90,3683
2026-09-23 12:14:00,1549.30,1549.30,1548.20,1548.20,3706
2026-09-23 12:15:00,1548.40,1548.80,1548.00,1548.40,1614
2026-09-23 12:16:00,1548.80,1549.10,1547.30,1547.40,3132
2026-09-23 12:17:00,1548.10,1548.20,1547.40,1548.20,3170
2026-09-23 12:18:00,1548.20,1549.30,1547.80,1548.50,2977
2026-09-23 12:19:00,1549.10,1549.30,1547.80,1548.20,2418
2026-09-23 12:20:00,1549.20,1549.20,1548.40,1548.60,2248
2026-09-23 12:21:00,1549.30,1549.30,1547.60,1547.70,1927
2026-09-23 12:22:00,1548.20,1548.80,1547.60,1547.70,976
2026-09-23 12:23:00,1548.00,1549.00,1547.70,1548.20,1953
2026-09-23 12:24:00,1548.60,1548.60,1547.40,1547.40,1330
2026-09-23 12:25:00,1547.60,1549.10,1547.60,1548.20,4034
2026-09-23 12:26:00,1548.60,1549.50,1548.00,1548.30,3247
2026-09-23 12:27:00,1548.40,1549.20,1548.10,1548.50,1772
2026-09-23 12:28:00,1548.90,1550.10,1548.20,1549.20,2691
2026-09-23 12:29:00,1549.80,1550.20,1548.50,1549.60,3696
2026-09-23 12:30:00,1550.10,1550.10,1549.10,1549.50,916
2026-09-23 12:31:00,1549.70,1550.50,1549.30,1549.30,1372
2026-09-23 12:32:00,1549.80,1551.10,1549.70,1549.70,2679
2026-09-23 12:33:00,1549.80,1550.50,1549.10,1549.80,1758
2026-09-23 12:34:00,1550.10,1550.70,1549.40,1550.10,1346
2026-09-23 12:35:00,1550.10,1550.20,1549.50,1549.50,848
2026-09-23 12:36:00,1549.90,1551.30,1549.40,1550.30,1742
2026-09-23 12:37:00,1550.90,1551.10,1550.10,1550.20,1168
2026-09-23 12:38:00,1549.70,1550.30,1549.20,1549.60,1701
2026-09-23 12:39:00,1549.60,1550.50,1548.90,1550.40,2222
2026-09-23 12:40:00,1550.40,1550.60,1550.00,1550.20,928
2026-09-23 12:41:00,1550.60,1551.20,1549.50,1549.60,1629
2026-09-23 12:42:00,1549.90,1550.70,1549.60,1550.60,1828
2026-09-23 12:43:00,1550.60,1551.00,1550.10,1550.60,878
2026-09-23 12:44:00,1550.60,1551.40,1549.80,1550.40,3498
2026-09-23 12:45:00,1551.00,1551.70,1550.40,1551.00,2830
2026-09-23 12:46:00,1551.00,1551.00,1549.40,1549.90,1102
2026-09-23 12:47:00,1549.60,1550.90,1549.60,1550.60,1681
2026-09-23 12:48:00,1550.60,1550.60,1550.00,1550.50,1086
2026-09-23 12:49:00,1550.50,1551.50,1550.20,1551.50,934
2026-09-23 12:50:00,1551.50,1551.60,1550.80,1550.90,1564
2026-09-23 12:51:00,1550.90,1551.00,1550.50,1550.70,885
2026-09-23 12:52:00,1550.70,1551.20,1550.40,1550.90,1929
2026-09-23 12:53:00,1550.90,1550.90,1550.30,1550.30,1098
2026-09-23 12:54:00,1550.30,1551.10,1549.90,1550.00,1092
2026-09-23 12:55:00,1550.50,1550.90,1549.30,1549.70,1664
2026-09-23 12:56:00,1549.50,1550.50,1549.50,1550.00,974
2026-09-23 12:57:00,1550.00,1550.40,1549.40,1549.90,1324
2026-09-23 12:58:00,1549.60,1550.90,1549.50,1550.80,2109
2026-09-23 12:59:00,1550.80,1551.20,1550.40,1551.10,621
2026-09-23 13:00:00,1551.10,1551.90,1550.90,1551.80,1452
2026-09-23 13:01:00,1551.90,1551.90,1549.80,1550.50,4074
2026-09-23 13:02:00,1550.50,1550.80,1549.90,1550.50,842
2026-09-23 13:03:00,1550.50,1551.30,1550.00,1550.90,2041
2026-09-23 13:04:00,1550.90,1550.90,1550.10,1550.70,1397
2026-09-23 13:05:00,1550.70,1551.00,1549.90,1550.70,1835
2026-09-23 13:06:00,1550.70,1551.30,1550.10,1551.30,664
2026-09-23 13:07:00,1551.30,1551.60,1550.60,1551.00,1141
2026-09-23 13:08:00,1551.00,1551.90,1550.50,1550.90,1199
2026-09-23 13:09:00,1550.90,1551.80,1550.10,1550.90,3649
2026-09-23 13:10:00,1550.90,1551.70,1550.60,1551.20,1132
2026-09-23 13:11:00,1551.30,1551.80,1550.40,1551.30,1578
2026-09-23 13:12:00,1551.30,1551.50,1550.70,1551.30,1247
2026-09-23 13:13:00,1551.30,1552.50,1551.00,1552.40,1351
2026-09-23 13:14:00,1552.10,1553.90,1552.10,1553.10,3137
2026-09-23 13:15:00,1553.10,1553.20,1552.60,1552.60,928
2026-09-23 13:16:00,1553.20,1553.60,1552.60,1552.80,2035
2026-09-23 13:17:00,1552.80,1553.50,1552.70,1553.40,744
2026-09-23 13:18:00,1553.40,1553.40,1552.90,1553.10,2161
2026-09-23 13:19:00,1553.10,1554.70,1553.10,1553.20,4453
2026-09-23 13:20:00,1553.20,1554.40,1552.70,1553.10,5350
2026-09-23 13:21:00,1553.10,1554.20,1551.80,1552.90,5457
2026-09-23 13:22:00,1552.90,1553.70,1552.20,1552.80,1858
2026-09-23 13:23:00,1552.80,1553.60,1551.50,1551.80,3818
2026-09-23 13:24:00,1552.10,1553.00,1551.00,1551.10,1873
2026-09-23 13:25:00,1551.10,1551.70,1549.80,1550.00,3889
2026-09-23 13:26:00,1550.00,1551.60,1549.90,1551.20,3561
2026-09-23 13:27:00,1551.20,1551.80,1550.10,1550.60,1467
2026-09-23 13:28:00,1550.60,1550.60,1549.10,1550.00,2334
2026-09-23 13:29:00,1550.00,1550.90,1549.70,1550.70,1534
2026-09-23 13:30:00,1550.70,1550.90,1550.30,1550.40,730
2026-09-23 13:31:00,1550.40,1550.90,1549.50,1549.50,1238
2026-09-23 13:32:00,1549.50,1550.70,1549.50,1550.40,1548
2026-09-23 13:33:00,1550.00,1551.10,1549.80,1550.40,896
2026-09-23 13:34:00,1550.70,1551.10,1550.30,1550.40,1739
2026-09-23 13:35:00,1550.90,1550.90,1549.90,1550.10,877
2026-09-23 13:36:00,1550.10,1550.80,1549.90,1550.40,2357
2026-09-23 13:37:00,1550.40,1550.80,1550.10,1550.20,1364
2026-09-23 13:38:00,1550.60,1551.40,1550.00,1550.80,3003
2026-09-23 13:39:00,1550.80,1551.00,1550.20,1550.50,1782
2026-09-23 13:40:00,1550.80,1551.50,1550.20,1550.80,841
2026-09-23 13:41:00,1551.40,1551.70,1550.70,1550.70,696
2026-09-23 13:42:00,1551.00,1552.30,1551.00,1551.20,1957
2026-09-23 13:43:00,1551.60,1552.00,1551.20,1551.80,2105
2026-09-23 13:44:00,1551.90,1552.20,1551.40,1552.00,1431
2026-09-23 13:45:00,1552.20,1552.40,1551.50,1551.90,1920
2026-09-23 13:46:00,1552.00,1552.30,1551.30,1551.50,1995
2026-09-23 13:47:00,1551.30,1551.90,1550.50,1551.20,2130
2026-09-23 13:48:00,1551.40,1552.00,1550.90,1550.90,2276
2026-09-23 13:49:00,1551.10,1551.90,1550.90,1551.70,1783
2026-09-23 13:50:00,1551.60,1552.00,1551.10,1551.50,821
2026-09-23 13:51:00,1551.80,1552.50,1551.20,1552.50,847
2026-09-23 13:52:00,1552.30,1558.00,1552.30,1555.50,17940
2026-09-23 13:53:00,1555.50,1555.50,1553.00,1554.40,3368
2026-09-23 13:54:00,1554.40,1554.60,1553.00,1554.60,2086
2026-09-23 13:55:00,1554.60,1554.70,1553.40,1554.00,1127
2026-09-23 13:56:00,1554.00,1554.60,1553.40,1554.10,2008
2026-09-23 13:57:00,1554.30,1554.30,1553.50,1553.50,1415
2026-09-23 13:58:00,1553.80,1554.50,1553.40,1553.80,2310
2026-09-23 13:59:00,1553.80,1554.30,1553.50,1553.80,1268
2026-09-23 14:00:00,1553.90,1554.20,1553.70,1553.90,1378
2026-09-23 14:01:00,1553.90,1554.20,1553.70,1554.00,1669
2026-09-23 14:02:00,1554.00,1554.50,1553.90,1554.50,777
2026-09-23 14:03:00,1554.50,1554.90,1554.00,1554.90,1857
2026-09-23 14:04:00,1554.90,1554.90,1553.90,1554.00,3356
2026-09-23 14:05:00,1554.00,1554.00,1552.50,1553.70,1949
2026-09-23 14:06:00,1553.70,1554.10,1552.70,1553.00,2759
2026-09-23 14:07:00,1553.30,1553.50,1552.90,1553.40,1796
2026-09-23 14:08:00,1553.40,1553.40,1552.90,1552.90,581
2026-09-23 14:09:00,1553.20,1553.30,1552.40,1553.30,2218
2026-09-23 14:10:00,1553.30,1553.30,1552.70,1553.00,800
2026-09-23 14:11:00,1553.00,1553.50,1552.80,1553.50,893
2026-09-23 14:12:00,1553.10,1554.00,1553.10,1553.60,2631
2026-09-23 14:13:00,1554.30,1554.60,1553.10,1554.00,4320
2026-09-23 14:14:00,1554.00,1554.60,1553.50,1554.50,2612
2026-09-23 14:15:00,1554.50,1555.60,1553.80,1554.40,3693
2026-09-23 14:16:00,1554.40,1555.40,1554.20,1555.10,2953
2026-09-23 14:17:00,1555.10,1555.40,1554.70,1555.20,778
2026-09-23 14:18:00,1555.20,1555.20,1554.30,1554.30,1278
2026-09-23 14:19:00,1554.70,1554.70,1553.90,1554.10,1502
2026-09-23 14:20:00,1554.60,1555.30,1554.10,1554.40,1811
2026-09-23 14:21:00,1554.40,1554.90,1554.30,1554.70,760
2026-09-23 14:22:00,1554.80,1554.80,1554.10,1554.80,2127
2026-09-23 14:23:00,1555.00,1555.60,1554.80,1555.30,1421
2026-09-23 14:24:00,1554.80,1555.30,1554.50,1554.90,3161
2026-09-23 14:25:00,1555.10,1555.10,1554.50,1554.50,1851
2026-09-23 14:26:00,1554.50,1554.90,1554.50,1554.60,1238
2026-09-23 14:27:00,1554.60,1555.30,1554.60,1554.80,1937
2026-09-23 14:28:00,1555.40,1555.70,1554.90,1555.50,953
2026-09-23 14:29:00,1555.70,1555.90,1555.00,1555.60,2449
2026-09-23 14:30:00,1555.60,1555.80,1555.30,1555.50,1123
2026-09-23 14:31:00,1555.80,1555.80,1554.80,1555.20,1905
2026-09-23 14:32:00,1555.60,1556.50,1554.70,1555.10,2308
2026-09-23 14:33:00,1555.40,1555.80,1555.10,1555.70,1194
2026-09-23 14:34:00,1555.70,1555.90,1555.20,1555.60,885
2026-09-23 14:35:00,1555.60,1555.60,1555.00,1555.30,2381
2026-09-23 14:36:00,1555.30,1555.30,1554.80,1554.90,1126
2026-09-23 14:37:00,1555.00,1556.20,1554.90,1556.00,2302
2026-09-23 14:38:00,1556.00,1556.20,1555.60,1556.10,1904
2026-09-23 14:39:00,1556.20,1557.00,1555.50,1555.50,4805
2026-09-23 14:40:00,1555.50,1556.30,1555.20,1555.70,3643
2026-09-23 14:41:00,1555.90,1556.00,1555.40,1555.50,1480
2026-09-23 14:42:00,1555.50,1556.00,1555.20,1555.60,1855
2026-09-23 14:43:00,1555.60,1556.00,1555.00,1555.00,849
2026-09-23 14:44:00,1555.20,1555.20,1554.30,1554.40,2641
2026-09-23 14:45:00,1554.80,1556.10,1554.30,1555.80,2971
2026-09-23 14:46:00,1555.60,1556.00,1555.20,1555.40,1794
2026-09-23 14:47:00,1555.70,1555.70,1554.40,1554.50,1673
2026-09-23 14:48:00,1554.70,1555.30,1554.30,1555.20,2592
2026-09-23 14:49:00,1555.30,1555.30,1554.20,1554.30,3003
2026-09-23 14:50:00,1554.50,1554.80,1553.70,1553.90,2063
2026-09-23 14:51:00,1554.20,1554.80,1554.10,1554.70,1380
2026-09-23 14:52:00,1554.70,1554.90,1554.20,1554.30,1978
2026-09-23 14:53:00,1554.30,1554.90,1554.00,1554.20,1616
2026-09-23 14:54:00,1554.50,1554.80,1553.60,1554.20,3584
2026-09-23 14:55:00,1554.30,1554.80,1554.10,1554.30,2888
2026-09-23 14:56:00,1554.80,1554.90,1554.10,1554.10,2308
2026-09-23 14:57:00,1554.40,1554.40,1552.20,1553.30,8795
2026-09-23 14:58:00,1553.30,1555.00,1552.90,1552.90,9200
2026-09-23 14:59:00,1553.20,1553.20,1552.20,1552.70,4377
2026-09-23 15:00:00,1552.60,1553.80,1552.60,1553.50,4304
2026-09-23 15:01:00,1553.50,1553.60,1552.70,1553.10,4026
2026-09-23 15:02:00,1553.60,1553.60,1552.80,1552.90,4566
2026-09-23 15:03:00,1552.90,1553.00,1552.10,1552.10,2874
2026-09-23 15:04:00,1552.50,1552.50,1552.00,1552.00,3013
2026-09-23 15:05:00,1552.40,1553.30,1552.00,1553.30,4874
2026-09-23 15:06:00,1553.20,1553.20,1552.70,1552.80,3625
2026-09-23 15:07:00,1552.80,1552.80,1552.70,1552.70,6247
2026-09-23 15:08:00,1552.70,1553.10,1552.60,1552.60,5502
2026-09-23 15:09:00,1552.70,1554.10,1552.60,1553.00,9493
2026-09-23 15:10:00,1553.90,1554.80,1552.90,1554.00,8315
2026-09-23 15:11:00,1554.40,1554.40,1554.00,1554.00,3713
2026-09-23 15:12:00,1554.10,1554.90,1553.00,1553.80,9252
2026-09-23 15:13:00,1553.80,1554.20,1553.70,1553.90,3228
2026-09-23 15:14:00,1554.00,1555.10,1553.90,1553.90,2506
2026-09-23 15:15:00,1555.00,1555.00,1555.00,1555.00,46
2026-09-23 15:16:00,1555.00,1555.00,1555.00,1555.00,0
2026-09-23 15:17:00,1555.00,1555.00,1555.00,1555.00,0
2026-09-23 15:18:00,1555.00,1555.00,1555.00,1555.00,0
2026-09-23 15:19:00,1555.00,1555.00,1555.00,1555.00,0
2026-09-23 15:20:00,1555.00,1555.00,1555.00,1555.00,0
2026-09-23 15:21:00,1555.00,1555.00,1555.00,1555.00,0
2026-09-23 15:22:00,1555.00,1555.00,1555.00,1555.00,0
2026-09-23 15:23:00,1555.00,1555.00,1555.00,1555.00,0
2026-09-23 15:24:00,1555.00,1555.00,1555.00,1555.00,0
2026-09-23 15:25:00,1555.00,1555.00,1555.00,1555.00,0
2026-09-23 15:26:00,1555.00,1555.00,1555.00,1555.00,0
2026-09-23 15:27:00,1555.00,1555.00,1555.00,1555.00,0
2026-09-23 15:28:00,1555.00,1555.00,1555.00,1555.00,0
2026-09-23 15:29:00,1555.00,1557.00,1555.00,1557.00,66074
2026-09-24 09:15:00,1549.90,1569.90,1544.00,1566.00,27180
2026-09-24 09:16:00,1567.50,1568.00,1558.00,1559.60,11032
2026-09-24 09:17:00,1559.60,1567.80,1558.40,1567.40,6305
2026-09-24 09:18:00,1567.60,1568.80,1566.00,1567.80,13606
2026-09-24 09:19:00,1567.80,1570.00,1567.80,1569.40,10368
2026-09-24 09:20:00,1569.30,1571.20,1569.30,1570.50,7473
2026-09-24 09:21:00,1571.10,1574.90,1570.60,1574.60,6180
2026-09-24 09:22:00,1574.60,1575.80,1574.00,1575.00,13773
2026-09-24 09:23:00,1574.50,1574.70,1572.00,1573.70,13121
2026-09-24 09:24:00,1574.00,1574.00,1570.80,1570.80,8157
2026-09-24 09:25:00,1569.80,1570.00,1566.40,1567.20,13047
2026-09-24 09:26:00,1567.40,1568.90,1567.30,1568.90,7750
2026-09-24 09:27:00,1568.90,1568.90,1567.30,1568.00,3387
2026-09-24 09:28:00,1568.00,1569.40,1568.00,1568.90,4946
2026-09-24 09:29:00,1568.50,1576.20,1567.50,1573.10,24395
2026-09-24 09:30:00,1572.90,1572.90,1567.00,1567.30,11146
2026-09-24 09:31:00,1567.80,1568.80,1567.30,1568.60,3281
2026-09-24 09:32:00,1568.20,1569.40,1565.30,1566.30,9586
2026-09-24 09:33:00,1565.50,1566.30,1564.40,1565.10,8443
2026-09-24 09:34:00,1565.10,1565.10,1563.10,1564.20,7189
2026-09-24 09:35:00,1564.20,1568.40,1564.20,1568.10,5655
2026-09-24 09:36:00,1568.10,1568.10,1566.00,1566.30,1606
2026-09-24 09:37:00,1566.40,1567.30,1565.30,1567.30,1486
2026-09-24 09:38:00,1567.30,1567.30,1565.40,1565.80,4625
2026-09-24 09:39:00,1565.80,1565.80,1564.30,1564.40,2076
2026-09-24 09:40:00,1564.40,1564.50,1562.20,1562.50,6555
2026-09-24 09:41:00,1562.30,1563.10,1562.30,1563.10,2698
2026-09-24 09:42:00,1562.50,1563.40,1562.20,1562.60,2693
2026-09-24 09:43:00,1563.20,1565.30,1563.20,1564.60,7080
2026-09-24 09:44:00,1564.60,1568.00,1564.60,1567.00,6343
2026-09-24 09:45:00,1567.00,1569.10,1567.00,1569.10,4724
2026-09-24 09:46:00,1569.70,1569.70,1566.00,1566.40,4208
2026-09-24 09:47:00,1566.00,1566.00,1564.60,1565.50,5935
2026-09-24 09:48:00,1565.00,1566.90,1565.00,1566.90,1161
2026-09-24 09:49:00,1566.20,1566.80,1566.10,1566.70,1382
2026-09-24 09:50:00,1566.70,1567.50,1565.60,1566.10,5496
2026-09-24 09:51:00,1566.00,1567.90,1566.00,1566.60,2150
2026-09-24 09:52:00,1566.60,1567.90,1566.40,1567.80,1669
2026-09-24 09:53:00,1567.90,1569.70,1567.00,1567.30,7994
2026-09-24 09:54:00,1567.90,1569.20,1567.30,1568.30,1979
2026-09-24 09:55:00,1568.70,1568.70,1567.90,1568.00,2375
2026-09-24 09:56:00,1568.40,1568.40,1567.10,1567.60,2338
2026-09-24 09:57:00,1567.60,1567.60,1566.40,1566.90,1015
2026-09-24 09:58:00,1566.90,1566.90,1565.50,1566.80,3974
2026-09-24 09:59:00,1566.80,1568.00,1566.80,1566.80,1299
2026-09-24 10:00:00,1566.80,1566.80,1566.60,1566.60,944
2026-09-24 10:01:00,1566.80,1569.20,1566.40,1567.60,8625
2026-09-24 10:02:00,1567.60,1567.60,1565.20,1565.90,3723
2026-09-24 10:03:00,1565.90,1565.90,1565.30,1565.30,451
2026-09-24 10:04:00,1565.30,1566.60,1565.20,1566.60,3475
2026-09-24 10:05:00,1566.60,1567.10,1566.50,1566.50,472
2026-09-24 10:06:00,1566.50,1567.10,1566.50,1567.10,2032
2026-09-24 10:07:00,1567.10,1567.10,1565.40,1566.00,2156
2026-09-24 10:08:00,1566.00,1567.30,1565.90,1567.20,1682
2026-09-24 10:09:00,1567.20,1568.40,1566.60,1567.70,3223
2026-09-24 10:10:00,1567.70,1567.70,1565.90,1565.90,1396
2026-09-24 10:11:00,1565.90,1566.90,1565.70,1566.80,2623
2026-09-24 10:12:00,1566.80,1566.80,1564.70,1565.10,1361
2026-09-24 10:13:00,1564.70,1565.90,1564.40,1565.80,2063
2026-09-24 10:14:00,1565.30,1565.30,1563.20,1563.20,2552
2026-09-24 10:15:00,1563.20,1563.70,1562.90,1562.90,1568
2026-09-24 10:16:00,1562.50,1562.90,1560.30,1561.70,7290
2026-09-24 10:17:00,1561.80,1561.80,1560.10,1561.60,3237
2026-09-24 10:18:00,1561.00,1562.70,1560.70,1562.10,5491
2026-09-24 10:19:00,1562.10,1562.50,1562.00,1562.50,960
2026-09-24 10:20:00,1562.50,1562.50,1561.70,1561.70,1716
2026-09-24 10:21:00,1561.90,1562.00,1561.10,1561.10,1584
2026-09-24 10:22:00,1561.40,1561.40,1559.00,1559.70,5947
2026-09-24 10:23:00,1559.80,1559.80,1558.30,1559.00,3891
2026-09-24 10:24:00,1559.00,1560.50,1558.80,1560.00,3370
2026-09-24 10:25:00,1559.80,1560.00,1558.60,1559.30,1037
2026-09-24 10:26:00,1559.00,1559.30,1558.90,1559.30,443
2026-09-24 10:27:00,1559.30,1559.80,1559.20,1559.30,1149
2026-09-24 10:28:00,1559.30,1560.90,1559.00,1560.80,1913
2026-09-24 10:29:00,1560.10,1561.80,1560.10,1561.50,3578
2026-09-24 10:30:00,1561.50,1562.00,1561.00,1561.00,1798
2026-09-24 10:31:00,1561.00,1562.20,1561.00,1561.30,946
2026-09-24 10:32:00,1561.10,1562.50,1561.10,1562.50,782
2026-09-24 10:33:00,1562.50,1564.10,1562.50,1563.00,1915
2026-09-24 10:34:00,1563.00,1563.50,1563.00,1563.40,393
2026-09-24 10:35:00,1563.40,1563.40,1562.00,1562.70,1337
2026-09-24 10:36:00,1562.60,1564.50,1562.60,1564.40,2653
2026-09-24 10:37:00,1564.40,1565.90,1564.00,1565.50,2771
2026-09-24 10:38:00,1565.20,1565.80,1564.40,1564.40,2022
2026-09-24 10:39:00,1564.40,1565.00,1563.60,1564.40,1033
2026-09-24 10:40:00,1564.40,1565.20,1564.00,1564.10,1627
2026-09-24 10:41:00,1564.10,1564.10,1563.40,1564.00,1369
2026-09-24 10:42:00,1564.00,1564.10,1563.00,1563.40,333
2026-09-24 10:43:00,1563.40,1563.40,1562.00,1562.70,1033
2026-09-24 10:44:00,1562.10,1563.50,1562.10,1562.70,2265
2026-09-24 10:45:00,1563.30,1563.30,1561.60,1562.10,915
2026-09-24 10:46:00,1562.10,1562.10,1559.50,1560.10,2614
2026-09-24 10:47:00,1560.10,1562.50,1560.10,1561.50,943
2026-09-24 10:48:00,1561.90,1561.90,1561.20,1561.60,339
2026-09-24 10:49:00,1561.60,1562.30,1561.60,1562.30,1790
2026-09-24 10:50:00,1562.30,1564.60,1562.30,1563.40,1198
2026-09-24 10:51:00,1564.00,1565.70,1564.00,1564.90,1357
2026-09-24 10:52:00,1564.80,1566.00,1564.50,1565.30,2128
2026-09-24 10:53:00,1565.30,1565.80,1565.10,1565.30,1147
2026-09-24 10:54:00,1565.60,1565.60,1564.30,1565.10,1078
2026-09-24 10:55:00,1565.00,1565.80,1564.90,1565.50,2720
2026-09-24 10:56:00,1565.70,1565.90,1565.20,1565.70,2247
2026-09-24 10:57:00,1565.70,1565.70,1565.00,1565.00,288
2026-09-24 10:58:00,1565.10,1565.70,1565.10,1565.40,1032
2026-09-24 10:59:00,1565.60,1566.00,1565.00,1565.00,913
2026-09-24 11:00:00,1565.10,1565.10,1563.80,1563.80,3193
2026-09-24 11:01:00,1563.50,1565.30,1563.10,1564.90,3676
2026-09-24 11:02:00,1564.70,1564.70,1563.40,1563.40,598
2026-09-24 11:03:00,1563.40,1564.30,1563.40,1563.90,631
2026-09-24 11:04:00,1563.30,1563.30,1563.10,1563.30,830
2026-09-24 11:05:00,1563.40,1564.50,1563.40,1563.60,666
2026-09-24 11:06:00,1563.60,1565.20,1563.60,1564.40,1144
2026-09-24 11:07:00,1564.40,1565.10,1564.40,1565.00,901
2026-09-24 11:08:00,1565.00,1565.40,1564.50,1565.40,585
2026-09-24 11:09:00,1565.90,1566.00,1565.00,1565.30,1047
2026-09-24 11:10:00,1566.90,1567.70,1565.10,1566.70,13335
2026-09-24 11:11:00,1566.80,1567.20,1566.50,1566.90,148
2026-09-24 11:12:00,1566.90,1567.20,1566.90,1567.10,2052
2026-09-24 11:13:00,1566.60,1567.00,1565.00,1565.00,1810
2026-09-24 11:14:00,1565.00,1565.00,1563.30,1563.70,506
2026-09-24 11:15:00,1563.30,1563.70,1563.20,1563.70,1118
2026-09-24 11:16:00,1563.60,1564.10,1563.60,1564.10,1306
2026-09-24 11:17:00,1564.10,1564.50,1564.00,1564.50,574
2026-09-24 11:18:00,1564.40,1564.40,1563.00,1563.50,446
2026-09-24 11:19:00,1563.10,1563.50,1563.00,1563.30,1080
2026-09-24 11:20:00,1563.10,1563.50,1561.90,1563.50,1741
2026-09-24 11:21:00,1563.50,1563.90,1562.10,1562.10,953
2026-09-24 11:22:00,1562.10,1562.50,1561.40,1561.90,1683
2026-09-24 11:23:00,1562.40,1562.40,1561.90,1562.20,532
2026-09-24 11:24:00,1562.30,1562.30,1560.00,1560.20,6098
2026-09-24 11:25:00,1560.20,1562.20,1560.00,1561.50,2808
2026-09-24 11:26:00,1561.50,1562.00,1561.50,1561.70,86
2026-09-24 11:27:00,1561.70,1562.40,1561.40,1562.20,1074
2026-09-24 11:28:00,1562.20,1562.60,1561.80,1562.00,411
2026-09-24 11:29:00,1562.00,1562.60,1562.00,1562.00,1246
2026-09-24 11:30:00,1562.00,1562.20,1561.30,1561.30,256
2026-09-24 11:31:00,1561.60,1564.00,1561.30,1563.20,3218
2026-09-24 11:32:00,1562.70,1563.20,1562.40,1563.00,315
2026-09-24 11:33:00,1563.00,1563.00,1562.70,1562.90,472
2026-09-24 11:34:00,1562.70,1562.90,1562.70,1562.90,238
2026-09-24 11:35:00,1562.90,1562.90,1562.30,1562.60,182
2026-09-24 11:36:00,1562.90,1562.90,1562.60,1562.60,349
2026-09-24 11:37:00,1562.60,1562.60,1561.70,1561.70,2810
2026-09-24 11:38:00,1562.40,1562.60,1561.60,1561.60,2054
2026-09-24 11:39:00,1561.60,1561.80,1561.10,1561.20,461
2026-09-24 11:40:00,1561.70,1562.00,1561.30,1562.00,693
2026-09-24 11:41:00,1561.90,1562.50,1561.20,1561.30,1271
2026-09-24 11:42:00,1561.70,1561.70,1560.20,1560.50,1523
2026-09-24 11:43:00,1560.70,1560.70,1560.40,1560.40,174
2026-09-24 11:44:00,1560.60,1561.90,1560.50,1561.60,1752
2026-09-24 11:45:00,1561.60,1562.10,1561.00,1561.50,2576
2026-09-24 11:46:00,1561.50,1563.60,1561.50,1562.90,1452
2026-09-24 11:47:00,1562.70,1564.40,1562.70,1563.50,1419
2026-09-24 11:48:00,1563.50,1563.50,1563.00,1563.30,237
2026-09-24 11:49:00,1563.30,1564.20,1563.30,1563.80,1064
2026-09-24 11:50:00,1563.90,1566.00,1563.70,1565.00,6618
2026-09-24 11:51:00,1564.90,1565.00,1563.50,1565.00,1705
2026-09-24 11:52:00,1564.30,1564.30,1563.30,1564.20,1950
2026-09-24 11:53:00,1564.20,1564.30,1563.60,1564.10,613
2026-09-24 11:54:00,1564.10,1564.10,1563.70,1563.90,228
2026-09-24 11:55:00,1563.90,1564.50,1563.70,1564.00,1052
2026-09-24 11:56:00,1564.50,1564.50,1561.00,1561.30,7068
2026-09-24 11:57:00,1561.30,1561.30,1559.90,1560.50,1867
2026-09-24 11:58:00,1560.20,1561.10,1560.00,1561.00,4625
2026-09-24 11:59:00,1561.00,1562.00,1559.70,1561.60,1664
2026-09-24 12:00:00,1561.60,1561.60,1560.90,1561.50,1473
2026-09-24 12:01:00,1561.50,1562.00,1561.30,1561.50,1801
2026-09-24 12:02:00,1562.00,1562.00,1561.50,1562.00,1385
2026-09-24 12:03:00,1561.70,1561.90,1559.40,1560.00,13821
2026-09-24 12:04:00,1560.00,1560.30,1558.00,1558.60,31277
2026-09-24 12:05:00,1558.60,1559.20,1558.60,1559.00,11597
2026-09-24 12:06:00,1558.50,1559.00,1558.20,1558.60,1966
2026-09-24 12:07:00,1558.70,1559.00,1557.50,1559.00,53271
2026-09-24 12:08:00,1558.50,1559.10,1558.50,1559.00,5926
2026-09-24 12:09:00,1559.60,1560.00,1559.10,1560.00,1584
2026-09-24 12:10:00,1560.00,1561.60,1559.60,1561.00,52637
2026-09-24 12:11:00,1561.50,1561.90,1561.00,1561.90,4708
2026-09-24 12:12:00,1561.90,1562.00,1561.40,1561.80,1123
2026-09-24 12:13:00,1561.20,1562.00,1561.20,1562.00,1296
2026-09-24 12:14:00,1561.90,1561.90,1559.90,1561.50,53141
2026-09-24 12:15:00,1561.50,1563.20,1561.10,1562.10,26715
2026-09-24 12:16:00,1562.60,1562.80,1560.20,1561.00,27343
2026-09-24 12:17:00,1560.80,1561.50,1560.70,1561.50,4192
2026-09-24 12:18:00,1561.90,1561.90,1561.00,1561.40,759
2026-09-24 12:19:00,1561.40,1561.40,1560.00,1561.20,643
2026-09-24 12:20:00,1561.20,1561.20,1559.10,1559.70,7463
2026-09-24 12:21:00,1559.70,1559.90,1558.00,1558.70,4166
2026-09-24 12:22:00,1559.40,1559.40,1558.80,1559.20,887
2026-09-24 12:23:00,1559.00,1559.10,1558.70,1558.80,960
2026-09-24 12:24:00,1558.80,1559.20,1558.70,1558.80,2123
2026-09-24 12:25:00,1558.80,1559.00,1556.70,1557.10,11367
2026-09-24 12:26:00,1557.10,1557.60,1557.00,1557.60,3640
2026-09-24 12:27:00,1557.60,1557.70,1556.20,1556.70,22355
2026-09-24 12:28:00,1556.70,1558.80,1556.20,1558.70,26697
2026-09-24 12:29:00,1558.10,1558.70,1557.80,1558.00,1069
2026-09-24 12:30:00,1558.00,1558.70,1557.70,1558.00,879
2026-09-24 12:31:00,1558.10,1558.60,1557.40,1558.50,2287
2026-09-24 12:32:00,1558.00,1558.50,1557.10,1557.50,347
2026-09-24 12:33:00,1557.80,1557.80,1556.20,1556.60,5816
2026-09-24 12:34:00,1556.60,1556.60,1556.10,1556.40,2195
2026-09-24 12:35:00,1556.40,1556.40,1555.50,1555.70,2575
2026-09-24 12:36:00,1556.00,1557.20,1555.50,1555.70,11408
2026-09-24 12:37:00,1555.70,1555.70,1554.40,1555.10,48963
2026-09-24 12:38:00,1555.10,1555.90,1554.70,1555.80,3043
2026-09-24 12:39:00,1555.90,1555.90,1554.90,1555.10,2104
2026-09-24 12:40:00,1554.90,1555.90,1554.90,1555.90,4366
2026-09-24 12:41:00,1555.90,1556.80,1555.90,1555.90,2302
2026-09-24 12:42:00,1555.80,1555.90,1554.20,1554.50,42809
2026-09-24 12:43:00,1554.50,1554.70,1553.00,1553.60,3161
2026-09-24 12:44:00,1553.00,1553.50,1552.90,1553.40,2633
2026-09-24 12:45:00,1553.00,1553.60,1552.50,1553.50,9475
2026-09-24 12:46:00,1553.70,1554.60,1553.50,1554.10,2162
2026-09-24 12:47:00,1554.10,1554.70,1553.80,1554.70,4084
2026-09-24 12:48:00,1554.60,1555.00,1554.50,1555.00,14624
2026-09-24 12:49:00,1555.00,1555.00,1554.50,1554.50,1461
2026-09-24 12:50:00,1554.90,1555.00,1554.50,1554.50,8744
2026-09-24 12:51:00,1554.50,1555.00,1554.50,1554.90,4519
2026-09-24 12:52:00,1554.90,1555.00,1554.80,1555.00,737
2026-09-24 12:53:00,1555.00,1555.00,1554.50,1554.90,18145
2026-09-24 12:54:00,1554.90,1555.00,1554.00,1554.70,3171
2026-09-24 12:55:00,1554.70,1554.80,1554.00,1554.00,2066
2026-09-24 12:56:00,1554.00,1555.00,1554.00,1554.50,1682
2026-09-24 12:57:00,1554.50,1555.00,1554.40,1555.00,10061
2026-09-24 12:58:00,1555.00,1555.00,1554.50,1554.90,1346
2026-09-24 12:59:00,1554.90,1554.90,1554.30,1554.60,984
2026-09-24 13:00:00,1554.60,1554.60,1554.30,1554.40,1302
2026-09-24 13:01:00,1554.40,1554.80,1554.10,1554.80,2063
2026-09-24 13:02:00,1554.80,1555.60,1554.70,1555.60,18714
2026-09-24 13:03:00,1555.60,1555.70,1555.20,1555.50,1700
2026-09-24 13:04:00,1555.50,1555.90,1555.50,1555.70,2551
2026-09-24 13:05:00,1555.70,1555.70,1555.50,1555.60,911
2026-09-24 13:06:00,1555.60,1555.60,1554.50,1554.50,1278
2026-09-24 13:07:00,1554.50,1555.60,1554.50,1555.60,1576
2026-09-24 13:08:00,1555.30,1556.00,1554.90,1555.40,3120
2026-09-24 13:09:00,1554.50,1554.50,1553.50,1553.70,1744
2026-09-24 13:10:00,1554.00,1554.50,1554.00,1554.20,2630
2026-09-24 13:11:00,1554.20,1554.90,1554.00,1554.40,1655
2026-09-24 13:12:00,1554.40,1554.40,1553.60,1554.30,1141
2026-09-24 13:13:00,1553.90,1554.50,1553.30,1553.60,2099
2026-09-24 13:14:00,1553.30,1553.60,1553.30,1553.30,1046
2026-09-24 13:15:00,1553.00,1553.50,1552.50,1553.50,3562
2026-09-24 13:16:00,1553.50,1553.50,1552.30,1553.40,1767
2026-09-24 13:17:00,1553.40,1553.40,1552.50,1553.00,966
2026-09-24 13:18:00,1553.00,1553.80,1553.00,1553.50,1214
2026-09-24 13:19:00,1553.50,1554.10,1553.50,1553.50,767
2026-09-24 13:20:00,1553.70,1554.30,1553.30,1554.00,1497
2026-09-24 13:21:00,1554.00,1554.00,1553.00,1553.50,896
2026-09-24 13:22:00,1553.50,1554.30,1553.10,1554.00,2510
2026-09-24 13:23:00,1554.00,1554.60,1553.80,1554.10,2557
2026-09-24 13:24:00,1553.90,1554.10,1553.60,1554.00,1545
2026-09-24 13:25:00,1553.80,1554.00,1553.00,1553.30,1503
2026-09-24 13:26:00,1553.00,1553.20,1551.10,1551.50,5672
2026-09-24 13:27:00,1551.50,1551.60,1551.00,1551.30,2996
2026-09-24 13:28:00,1551.20,1551.40,1550.80,1551.00,4396
2026-09-24 13:29:00,1550.80,1551.70,1549.90,1551.50,8079
2026-09-24 13:30:00,1551.50,1551.90,1551.50,1551.90,520
2026-09-24 13:31:00,1551.90,1552.20,1551.50,1552.20,1778
2026-09-24 13:32:00,1552.10,1552.20,1551.70,1551.70,1544
2026-09-24 13:33:00,1551.90,1552.00,1551.90,1552.00,230
2026-09-24 13:34:00,1552.00,1552.40,1551.50,1552.00,5103
2026-09-24 13:35:00,1552.00,1552.00,1551.20,1551.50,1088
2026-09-24 13:36:00,1551.40,1551.50,1550.90,1551.40,391
2026-09-24 13:37:00,1551.50,1552.00,1551.40,1551.70,2011
2026-09-24 13:38:00,1551.10,1551.80,1550.50,1551.00,1089
2026-09-24 13:39:00,1551.00,1551.00,1550.20,1550.90,1942
2026-09-24 13:40:00,1550.80,1550.90,1550.20,1550.60,475
2026-09-24 13:41:00,1550.60,1550.60,1549.70,1549.80,1924
2026-09-24 13:42:00,1550.00,1550.50,1549.70,1550.00,2377
2026-09-24 13:43:00,1549.90,1549.90,1548.60,1549.10,1068
2026-09-24 13:44:00,1549.00,1549.00,1548.30,1548.80,1564
2026-09-24 13:45:00,1548.90,1548.90,1548.00,1548.00,3025
2026-09-24 13:46:00,1548.10,1548.10,1546.20,1546.80,5480
2026-09-24 13:47:00,1547.50,1547.60,1545.80,1546.60,3628
2026-09-24 13:48:00,1546.60,1547.20,1546.00,1546.50,1731
2026-09-24 13:49:00,1546.50,1548.20,1546.50,1548.00,1621
2026-09-24 13:50:00,1547.70,1547.90,1547.30,1547.60,631
2026-09-24 13:51:00,1547.50,1547.50,1546.70,1547.00,1117
2026-09-24 13:52:00,1546.80,1547.00,1546.80,1546.90,369
2026-09-24 13:53:00,1547.00,1547.00,1546.20,1546.80,412
2026-09-24 13:54:00,1546.80,1546.80,1545.80,1545.80,935
2026-09-24 13:55:00,1546.10,1547.10,1546.10,1546.40,4730
2026-09-24 13:56:00,1546.40,1546.80,1546.30,1546.40,875
2026-09-24 13:57:00,1546.40,1546.40,1545.70,1545.70,3699
2026-09-24 13:58:00,1545.70,1546.70,1545.10,1545.10,2431
2026-09-24 13:59:00,1545.60,1546.10,1545.10,1545.40,1723
2026-09-24 14:00:00,1545.40,1546.60,1545.30,1546.10,1771
2026-09-24 14:01:00,1546.10,1547.30,1546.00,1546.80,1686
2026-09-24 14:02:00,1546.80,1547.70,1546.20,1547.20,1833
2026-09-24 14:03:00,1547.20,1547.20,1546.70,1547.00,287
2026-09-24 14:04:00,1547.00,1547.80,1545.30,1545.30,5389
2026-09-24 14:05:00,1545.30,1546.40,1545.30,1546.40,1055
2026-09-24 14:06:00,1546.30,1546.40,1546.30,1546.40,389
2026-09-24 14:07:00,1546.40,1547.40,1546.30,1547.00,983
2026-09-24 14:08:00,1547.00,1548.30,1547.00,1548.20,4474
2026-09-24 14:09:00,1548.20,1548.30,1547.60,1548.30,5354
2026-09-24 14:10:00,1548.30,1548.70,1548.30,1548.50,2861
2026-09-24 14:11:00,1548.30,1548.30,1546.90,1547.30,4565
2026-09-24 14:12:00,1547.30,1547.30,1546.80,1547.30,1201
2026-09-24 14:13:00,1547.20,1547.60,1546.70,1547.60,1047
2026-09-24 14:14:00,1547.60,1547.60,1547.10,1547.40,588
2026-09-24 14:15:00,1547.50,1547.50,1547.10,1547.10,465
2026-09-24 14:16:00,1547.20,1547.20,1546.80,1547.00,1983
2026-09-24 14:17:00,1547.00,1547.40,1547.00,1547.40,1775
2026-09-24 14:18:00,1547.40,1548.30,1547.40,1548.30,2179
2026-09-24 14:19:00,1548.00,1548.10,1547.80,1547.90,5259
2026-09-24 14:20:00,1548.00,1548.70,1547.60,1547.80,4091
2026-09-24 14:21:00,1547.60,1547.80,1546.70,1547.50,4021
2026-09-24 14:22:00,1547.50,1548.30,1547.00,1547.00,3388
2026-09-24 14:23:00,1547.50,1547.50,1546.20,1546.50,3774
2026-09-24 14:24:00,1546.50,1548.00,1545.80,1548.00,4429
2026-09-24 14:25:00,1546.90,1548.20,1546.30,1547.30,5524
2026-09-24 14:26:00,1547.30,1547.40,1546.10,1546.80,2923
2026-09-24 14:27:00,1547.10,1547.90,1546.80,1547.70,3809
2026-09-24 14:28:00,1548.00,1548.70,1548.00,1548.20,1506
2026-09-24 14:29:00,1548.40,1548.40,1547.70,1547.90,1551
2026-09-24 14:30:00,1547.90,1547.90,1547.10,1547.80,1342
2026-09-24 14:31:00,1547.50,1547.90,1547.40,1547.90,2054
2026-09-24 14:32:00,1547.80,1547.90,1547.10,1547.10,1309
2026-09-24 14:33:00,1547.60,1547.60,1547.00,1547.40,788
2026-09-24 14:34:00,1547.40,1547.50,1547.00,1547.20,2742
2026-09-24 14:35:00,1547.50,1548.40,1547.50,1548.30,3289
2026-09-24 14:36:00,1547.90,1548.80,1547.90,1548.80,1737
2026-09-24 14:37:00,1548.80,1548.80,1548.00,1548.00,3236
2026-09-24 14:38:00,1548.30,1549.00,1548.00,1548.90,4511
2026-09-24 14:39:00,1548.90,1548.90,1546.50,1547.50,5952
2026-09-24 14:40:00,1547.70,1549.00,1547.60,1547.80,3122
2026-09-24 14:41:00,1547.80,1547.80,1546.80,1547.60,4590
2026-09-24 14:42:00,1547.20,1547.60,1546.60,1547.00,5008
2026-09-24 14:43:00,1546.50,1547.60,1546.40,1547.20,3555
2026-09-24 14:44:00,1546.60,1547.00,1546.40,1546.60,962
2026-09-24 14:45:00,1546.50,1547.30,1546.50,1546.80,3511
2026-09-24 14:46:00,1546.80,1547.00,1546.50,1546.70,1700
2026-09-24 14:47:00,1546.70,1547.20,1546.60,1546.80,4115
2026-09-24 14:48:00,1546.80,1547.30,1546.70,1547.00,3374
2026-09-24 14:49:00,1547.10,1547.80,1547.10,1547.40,4056
2026-09-24 14:50:00,1547.40,1547.40,1547.00,1547.30,3076
2026-09-24 14:51:00,1546.80,1547.30,1546.80,1547.20,4226
2026-09-24 14:52:00,1547.10,1547.30,1546.70,1546.70,4466
2026-09-24 14:53:00,1546.80,1548.00,1546.80,1547.60,4260
2026-09-24 14:54:00,1547.30,1547.30,1546.90,1546.90,6431
2026-09-24 14:55:00,1547.10,1547.40,1546.70,1547.10,5202
2026-09-24 14:56:00,1547.00,1547.10,1546.40,1546.60,5078
2026-09-24 14:57:00,1546.20,1546.40,1545.90,1545.90,8682
2026-09-24 14:58:00,1545.90,1546.10,1545.20,1545.50,7800
2026-09-24 14:59:00,1545.20,1545.90,1545.20,1545.20,8311
2026-09-24 15:00:00,1545.50,1546.00,1545.10,1545.80,22259
2026-09-24 15:01:00,1545.20,1546.50,1544.70,1546.20,6531
2026-09-24 15:02:00,1546.10,1546.80,1546.10,1546.70,6211
2026-09-24 15:03:00,1546.70,1546.90,1546.00,1546.40,7358
2026-09-24 15:04:00,1546.20,1546.50,1546.10,1546.30,5852
2026-09-24 15:05:00,1546.30,1547.70,1546.30,1547.10,20001
2026-09-24 15:06:00,1547.00,1547.30,1546.50,1546.50,13480
2026-09-24 15:07:00,1546.30,1546.40,1546.10,1546.20,7140
2026-09-24 15:08:00,1546.20,1546.30,1544.60,1545.90,7725
2026-09-24 15:09:00,1546.00,1546.70,1545.00,1546.60,12247
2026-09-24 15:10:00,1547.00,1547.50,1547.00,1547.00,16788
2026-09-24 15:11:00,1547.00,1547.40,1546.70,1547.40,12431
2026-09-24 15:12:00,1547.50,1548.40,1547.50,1547.80,19781
2026-09-24 15:13:00,1547.90,1549.70,1547.90,1549.50,16056
2026-09-24 15:14:00,1549.40,1551.80,1544.70,1547.40,28785
2026-09-24 15:15:00,1547.40,1547.40,1547.40,1547.40,0
2026-09-24 15:16:00,1547.40,1547.40,1547.40,1547.40,0
2026-09-24 15:17:00,1547.40,1547.40,1547.40,1547.40,0
2026-09-24 15:18:00,1547.40,1547.40,1547.40,1547.40,0
2026-09-24 15:19:00,1547.40,1547.40,1547.40,1547.40,0
2026-09-24 15:20:00,1547.40,1547.40,1547.40,1547.40,0
2026-09-24 15:21:00,1547.40,1547.40,1547.40,1547.40,0
2026-09-24 15:22:00,1547.40,1547.40,1547.40,1547.40,0
2026-09-24 15:23:00,1547.40,1547.40,1547.40,1547.40,0
2026-09-24 15:24:00,1547.40,1547.40,1547.40,1547.40,0
2026-09-24 15:25:00,1547.40,1547.40,1547.40,1547.40,0
2026-09-24 15:26:00,1547.40,1547.40,1547.40,1547.40,0
2026-09-24 15:27:00,1547.40,1547.40,1547.40,1547.40,0
2026-09-24 15:28:00,1547.40,1547.40,1543.00,1543.00,43001
2026-09-24 15:29:00,1543.00,1543.00,1543.00,1543.00,0
2026-09-25 09:15:00,1540.00,1542.10,1533.90,1535.60,6729
2026-09-25 09:16:00,1533.40,1536.20,1528.40,1529.00,11372
2026-09-25 09:17:00,1528.90,1532.10,1527.20,1530.50,3497
2026-09-25 09:18:00,1530.50,1531.40,1528.90,1528.90,5429
2026-09-25 09:19:00,1529.40,1530.80,1527.50,1530.80,6530
2026-09-25 09:20:00,1530.80,1530.80,1526.60,1527.50,4846
2026-09-25 09:21:00,1528.30,1533.30,1528.10,1532.40,4661
2026-09-25 09:22:00,1533.30,1534.20,1532.10,1533.40,3517
2026-09-25 09:23:00,1533.30,1533.30,1532.10,1532.90,2587
2026-09-25 09:24:00,1531.10,1531.90,1530.00,1531.60,4443
2026-09-25 09:25:00,1531.60,1531.90,1531.30,1531.30,2038
2026-09-25 09:26:00,1532.00,1533.90,1531.40,1533.00,8019
2026-09-25 09:27:00,1533.40,1535.90,1533.40,1535.00,2817
2026-09-25 09:28:00,1536.20,1537.50,1535.80,1537.50,2096
2026-09-25 09:29:00,1538.00,1541.20,1538.00,1540.40,6875
2026-09-25 09:30:00,1541.00,1542.50,1538.60,1539.00,6520
2026-09-25 09:31:00,1539.70,1540.10,1537.20,1538.90,4945
2026-09-25 09:32:00,1538.40,1540.90,1538.00,1539.00,3859
2026-09-25 09:33:00,1539.60,1540.60,1538.90,1540.20,3348
2026-09-25 09:34:00,1539.80,1541.40,1539.50,1540.70,3762
2026-09-25 09:35:00,1540.70,1542.90,1540.70,1541.60,4008
2026-09-25 09:36:00,1541.20,1541.20,1538.10,1538.70,763
2026-09-25 09:37:00,1538.70,1538.80,1535.00,1535.50,4025
2026-09-25 09:38:00,1534.80,1537.40,1534.80,1536.90,6859
2026-09-25 09:39:00,1537.00,1537.00,1535.70,1536.40,1456
2026-09-25 09:40:00,1536.00,1536.00,1535.20,1535.90,1267
2026-09-25 09:41:00,1535.90,1536.20,1535.50,1536.20,3135
2026-09-25 09:42:00,1536.20,1538.50,1535.10,1536.70,11163
2026-09-25 09:43:00,1537.00,1537.00,1533.50,1534.60,3963
2026-09-25 09:44:00,1534.10,1536.00,1534.00,1535.90,2392
2026-09-25 09:45:00,1535.90,1538.20,1535.80,1538.00,1421
2026-09-25 09:46:00,1538.00,1538.10,1537.20,1537.40,1006
2026-09-25 09:47:00,1537.60,1537.60,1534.00,1534.60,4936
2026-09-25 09:48:00,1535.40,1535.60,1533.80,1534.20,6825
2026-09-25 09:49:00,1534.30,1534.30,1531.80,1532.70,3689
2026-09-25 09:50:00,1532.70,1538.00,1532.70,1535.60,4674
2026-09-25 09:51:00,1535.30,1537.10,1534.90,1536.70,4736
2026-09-25 09:52:00,1536.60,1536.70,1535.30,1536.30,2838
2026-09-25 09:53:00,1536.00,1536.00,1534.60,1535.80,598
2026-09-25 09:54:00,1536.10,1537.60,1535.80,1536.40,2621
2026-09-25 09:55:00,1535.80,1537.80,1535.80,1537.70,2049
2026-09-25 09:56:00,1538.20,1538.20,1536.80,1537.10,2515
2026-09-25 09:57:00,1536.40,1539.40,1536.40,1538.80,3119
2026-09-25 09:58:00,1539.40,1540.50,1538.50,1539.60,4541
2026-09-25 09:59:00,1539.90,1540.90,1538.70,1540.10,4496
2026-09-25 10:00:00,1539.70,1539.70,1538.00,1538.10,2003
2026-09-25 10:01:00,1538.40,1540.00,1537.80,1540.00,2351
2026-09-25 10:02:00,1539.80,1539.80,1538.10,1538.70,2386
2026-09-25 10:03:00,1539.30,1541.10,1538.70,1540.20,6225
2026-09-25 10:04:00,1540.20,1544.80,1540.00,1543.20,4369
2026-09-25 10:05:00,1543.20,1544.30,1541.10,1541.10,2685
2026-09-25 10:06:00,1541.90,1542.70,1541.40,1542.70,2254
2026-09-25 10:07:00,1542.70,1543.50,1541.50,1541.50,4367
2026-09-25 10:08:00,1542.20,1542.40,1541.00,1541.00,3085
2026-09-25 10:09:00,1541.70,1541.80,1540.50,1541.70,2191
2026-09-25 10:10:00,1541.70,1541.70,1539.40,1539.80,2391
2026-09-25 10:11:00,1539.60,1540.00,1539.30,1539.50,1747
2026-09-25 10:12:00,1540.00,1541.80,1540.00,1541.30,1459
2026-09-25 10:13:00,1541.40,1542.10,1541.20,1541.40,709
2026-09-25 10:14:00,1541.80,1546.00,1541.40,1542.50,3934
2026-09-25 10:15:00,1542.70,1543.80,1541.70,1543.00,1170
2026-09-25 10:16:00,1543.00,1544.10,1542.90,1543.00,2115
2026-09-25 10:17:00,1543.30,1543.30,1542.20,1542.20,2418
2026-09-25 10:18:00,1542.50,1542.50,1541.40,1541.40,1284
2026-09-25 10:19:00,1541.70,1542.80,1541.30,1542.80,1586
2026-09-25 10:20:00,1542.30,1545.20,1542.30,1544.50,825
2026-09-25 10:21:00,1544.90,1545.60,1542.50,1543.20,3062
2026-09-25 10:22:00,1543.20,1543.20,1541.30,1541.70,4174
2026-09-25 10:23:00,1541.70,1542.60,1541.70,1542.20,1717
2026-09-25 10:24:00,1542.20,1542.70,1541.70,1541.70,1507
2026-09-25 10:25:00,1542.10,1543.10,1541.40,1542.30,2401
2026-09-25 10:26:00,1542.30,1542.40,1541.00,1541.10,1580
2026-09-25 10:27:00,1541.80,1542.10,1541.00,1541.40,714
2026-09-25 10:28:00,1541.40,1542.10,1540.60,1542.10,950
2026-09-25 10:29:00,1542.10,1542.30,1541.40,1541.40,982
2026-09-25 10:30:00,1541.90,1542.30,1541.40,1542.30,1669
2026-09-25 10:31:00,1543.60,1543.90,1542.40,1542.90,1762
2026-09-25 10:32:00,1543.40,1544.00,1543.30,1544.00,2645
2026-09-25 10:33:00,1544.30,1544.60,1543.30,1543.40,1459
2026-09-25 10:34:00,1543.60,1543.60,1542.10,1542.10,2162
2026-09-25 10:35:00,1543.00,1544.40,1542.70,1544.40,2048
2026-09-25 10:36:00,1544.00,1544.90,1542.30,1542.80,2313
2026-09-25 10:37:00,1542.80,1544.70,1542.80,1544.00,1894
2026-09-25 10:38:00,1544.00,1544.90,1543.00,1544.90,1827
2026-09-25 10:39:00,1544.90,1545.90,1544.20,1545.00,3964
2026-09-25 10:40:00,1544.50,1545.30,1544.50,1544.90,829
2026-09-25 10:41:00,1544.80,1545.50,1544.10,1545.50,4422
2026-09-25 10:42:00,1545.60,1546.00,1545.10,1545.30,4174
2026-09-25 10:43:00,1545.00,1545.00,1543.80,1544.40,5633
2026-09-25 10:44:00,1545.00,1545.80,1544.40,1545.30,1313
2026-09-25 10:45:00,1545.50,1545.50,1544.40,1544.90,1066
2026-09-25 10:46:00,1544.80,1544.90,1544.00,1544.50,774
2026-09-25 10:47:00,1544.50,1545.30,1542.60,1543.00,852
2026-09-25 10:48:00,1543.40,1543.40,1542.20,1542.20,741
2026-09-25 10:49:00,1542.70,1543.00,1541.90,1542.10,1695
2026-09-25 10:50:00,1542.60,1543.40,1542.50,1542.90,1482
2026-09-25 10:51:00,1542.80,1544.50,1542.70,1544.20,2429
2026-09-25 10:52:00,1544.50,1544.50,1543.80,1544.20,3056
2026-09-25 10:53:00,1544.40,1544.70,1544.10,1544.50,1940
2026-09-25 10:54:00,1544.30,1544.30,1543.50,1544.20,1455
2026-09-25 10:55:00,1544.30,1544.90,1543.70,1544.10,5792
2026-09-25 10:56:00,1544.10,1545.20,1544.10,1545.20,1024
2026-09-25 10:57:00,1545.20,1545.70,1544.70,1544.70,1593
2026-09-25 10:58:00,1545.00,1546.20,1544.90,1546.00,2474
2026-09-25 10:59:00,1545.90,1546.60,1545.60,1546.30,1840
2026-09-25 11:00:00,1546.60,1548.60,1546.20,1548.10,3941
2026-09-25 11:01:00,1548.40,1549.00,1547.70,1548.10,2529
2026-09-25 11:02:00,1548.00,1549.30,1547.70,1549.20,2175
2026-09-25 11:03:00,1549.20,1549.80,1546.60,1546.60,4038
2026-09-25 11:04:00,1546.50,1547.30,1545.90,1547.00,4323
2026-09-25 11:05:00,1547.00,1547.80,1546.70,1547.50,527
2026-09-25 11:06:00,1547.40,1547.50,1546.50,1547.00,2434
2026-09-25 11:07:00,1547.00,1547.30,1546.80,1547.00,585
2026-09-25 11:08:00,1547.00,1547.90,1546.80,1547.80,755
2026-09-25 11:09:00,1547.30,1548.00,1547.00,1547.00,412
2026-09-25 11:10:00,1547.10,1547.10,1546.00,1546.40,1488
2026-09-25 11:11:00,1546.40,1546.40,1546.00,1546.30,282
2026-09-25 11:12:00,1546.40,1547.30,1546.20,1546.30,1099
2026-09-25 11:13:00,1546.70,1546.80,1545.80,1546.80,870
2026-09-25 11:14:00,1546.70,1547.80,1546.70,1547.80,1255
2026-09-25 11:15:00,1547.20,1547.90,1546.90,1546.90,1020
2026-09-25 11:16:00,1546.80,1546.90,1546.50,1546.90,569
2026-09-25 11:17:00,1546.90,1547.00,1546.00,1547.00,955
2026-09-25 11:18:00,1547.00,1548.00,1546.90,1547.90,2212
2026-09-25 11:19:00,1547.90,1547.90,1547.20,1547.50,269
2026-09-25 11:20:00,1547.60,1547.60,1547.40,1547.40,338
2026-09-25 11:21:00,1547.40,1547.90,1547.00,1547.90,1705
2026-09-25 11:22:00,1547.30,1548.20,1547.30,1548.20,890
2026-09-25 11:23:00,1549.00,1549.00,1547.40,1548.10,1784
2026-09-25 11:24:00,1548.10,1548.10,1547.00,1547.60,1296
2026-09-25 11:25:00,1547.60,1547.60,1546.30,1546.50,1572
2026-09-25 11:26:00,1546.70,1548.10,1546.20,1547.70,4740
2026-09-25 11:27:00,1547.80,1548.40,1547.10,1548.20,2521
2026-09-25 11:28:00,1548.60,1549.20,1547.80,1548.60,1011
2026-09-25 11:29:00,1549.00,1549.00,1547.90,1548.00,1084
2026-09-25 11:30:00,1548.70,1548.80,1548.30,1548.50,727
2026-09-25 11:31:00,1548.50,1548.50,1546.90,1547.60,843
2026-09-25 11:32:00,1547.60,1549.00,1546.60,1546.90,1634
2026-09-25 11:33:00,1546.90,1546.90,1546.10,1546.70,91
2026-09-25 11:34:00,1546.70,1547.40,1546.00,1546.00,2251
2026-09-25 11:35:00,1546.50,1548.00,1546.00,1548.00,830
2026-09-25 11:36:00,1547.30,1547.30,1545.20,1545.70,393
2026-09-25 11:37:00,1545.70,1545.70,1544.60,1545.20,1118
2026-09-25 11:38:00,1545.70,1546.50,1544.00,1545.60,1757
2026-09-25 11:39:00,1546.20,1547.30,1546.20,1546.60,621
2026-09-25 11:40:00,1546.60,1548.10,1546.60,1547.50,1104
2026-09-25 11:41:00,1548.80,1548.80,1547.00,1547.30,944
2026-09-25 11:42:00,1548.00,1549.20,1547.70,1548.70,1132
2026-09-25 11:43:00,1549.20,1549.20,1547.70,1548.00,1216
2026-09-25 11:44:00,1548.00,1548.00,1547.40,1547.70,823
2026-09-25 11:45:00,1547.80,1548.90,1547.10,1547.10,818
2026-09-25 11:46:00,1547.20,1547.20,1546.00,1546.70,98
2026-09-25 11:47:00,1546.00,1546.20,1545.20,1545.70,906
2026-09-25 11:48:00,1545.70,1546.00,1545.60,1546.00,2147
2026-09-25 11:49:00,1546.00,1546.40,1545.80,1546.30,756
2026-09-25 11:50:00,1546.30,1546.30,1545.60,1546.20,420
2026-09-25 11:51:00,1546.20,1546.20,1545.10,1545.60,792
2026-09-25 11:52:00,1545.60,1547.00,1545.30,1545.80,1124
2026-09-25 11:53:00,1546.20,1547.10,1546.00,1547.10,246
2026-09-25 11:54:00,1546.80,1547.00,1546.20,1546.70,1655
2026-09-25 11:55:00,1546.90,1548.30,1546.30,1547.50,730
2026-09-25 11:56:00,1547.80,1550.00,1547.40,1549.10,3895
2026-09-25 11:57:00,1549.60,1550.00,1548.20,1548.90,2240
2026-09-25 11:58:00,1548.90,1549.40,1547.00,1547.60,1052
2026-09-25 11:59:00,1547.20,1549.00,1547.20,1547.20,1826
2026-09-25 12:00:00,1547.90,1549.20,1547.80,1548.30,2344
2026-09-25 12:01:00,1548.00,1548.00,1546.10,1546.80,1366
2026-09-25 12:02:00,1547.50,1547.50,1546.40,1546.50,287
2026-09-25 12:03:00,1546.10,1546.70,1545.40,1546.70,1158
2026-09-25 12:04:00,1546.90,1547.30,1546.30,1546.30,771
2026-09-25 12:05:00,1546.90,1546.90,1546.20,1546.60,501
2026-09-25 12:06:00,1547.10,1548.20,1546.60,1547.10,1631
2026-09-25 12:07:00,1547.50,1548.10,1547.10,1548.00,854
2026-09-25 12:08:00,1548.00,1548.20,1547.40,1548.20,750
2026-09-25 12:09:00,1547.70,1548.50,1547.20,1547.50,485
2026-09-25 12:10:00,1547.70,1548.30,1546.70,1546.70,1036
2026-09-25 12:11:00,1547.00,1548.30,1546.80,1547.00,1027
2026-09-25 12:12:00,1547.30,1547.70,1546.80,1547.20,245
2026-09-25 12:13:00,1547.80,1549.50,1547.20,1548.40,2401
2026-09-25 12:14:00,1548.80,1549.90,1548.70,1549.50,1626
2026-09-25 12:15:00,1549.50,1551.00,1549.40,1550.10,6704
2026-09-25 12:16:00,1550.20,1551.00,1550.00,1550.20,3064
2026-09-25 12:17:00,1550.10,1550.10,1548.70,1549.00,3459
2026-09-25 12:18:00,1549.10,1550.40,1549.10,1550.40,1949
2026-09-25 12:19:00,1550.90,1551.30,1550.00,1550.50,628
2026-09-25 12:20:00,1550.50,1551.30,1550.00,1550.60,1639
2026-09-25 12:21:00,1551.00,1551.00,1550.50,1550.60,915
2026-09-25 12:22:00,1550.80,1551.80,1550.60,1551.00,1305
2026-09-25 12:23:00,1551.30,1551.30,1549.60,1549.60,1954
2026-09-25 12:24:00,1550.30,1550.50,1550.10,1550.30,730
2026-09-25 12:25:00,1550.30,1551.20,1550.30,1551.10,740
2026-09-25 12:26:00,1551.10,1551.10,1550.60,1550.90,619
2026-09-25 12:27:00,1550.90,1550.90,1549.70,1550.40,1008
2026-09-25 12:28:00,1550.20,1551.00,1549.80,1551.00,639
2026-09-25 12:29:00,1551.40,1551.80,1551.00,1551.80,1380
2026-09-25 12:30:00,1551.70,1551.90,1551.30,1551.70,552
2026-09-25 12:31:00,1551.90,1552.00,1550.60,1550.60,1018
2026-09-25 12:32:00,1551.00,1551.80,1550.30,1550.40,1294
2026-09-25 12:33:00,1550.40,1550.40,1549.50,1549.60,2003
2026-09-25 12:34:00,1549.90,1550.80,1549.70,1550.00,821
2026-09-25 12:35:00,1550.90,1550.90,1549.90,1549.90,2288
2026-09-25 12:36:00,1549.40,1550.00,1549.00,1549.50,1097
2026-09-25 12:37:00,1549.50,1549.50,1548.60,1548.60,322
2026-09-25 12:38:00,1548.90,1549.90,1548.60,1549.60,541
2026-09-25 12:39:00,1549.60,1549.60,1548.70,1548.70,358
2026-09-25 12:40:00,1549.50,1549.50,1548.70,1549.20,351
2026-09-25 12:41:00,1549.10,1549.10,1548.70,1549.10,220
2026-09-25 12:42:00,1549.10,1549.10,1548.50,1548.50,201
2026-09-25 12:43:00,1548.50,1548.50,1546.70,1546.70,940
2026-09-25 12:44:00,1547.30,1547.80,1546.30,1547.10,1857
2026-09-25 12:45:00,1547.10,1547.70,1547.00,1547.10,968
2026-09-25 12:46:00,1547.50,1547.50,1546.40,1547.00,844
2026-09-25 12:47:00,1547.40,1549.30,1547.10,1549.30,287
2026-09-25 12:48:00,1548.90,1549.50,1547.90,1548.20,2451
2026-09-25 12:49:00,1548.00,1548.40,1547.30,1548.30,1045
2026-09-25 12:50:00,1548.00,1548.10,1546.40,1547.20,942
2026-09-25 12:51:00,1547.20,1548.30,1547.00,1548.30,1219
2026-09-25 12:52:00,1548.10,1548.10,1547.40,1547.80,1118
2026-09-25 12:53:00,1547.40,1548.20,1547.40,1547.90,339
2026-09-25 12:54:00,1548.20,1548.20,1547.10,1547.70,99
2026-09-25 12:55:00,1547.70,1549.20,1547.70,1549.20,731
2026-09-25 12:56:00,1549.10,1549.60,1548.40,1548.60,1329
2026-09-25 12:57:00,1548.30,1548.30,1547.70,1547.90,477
2026-09-25 12:58:00,1547.80,1548.90,1547.70,1548.00,1163
2026-09-25 12:59:00,1548.60,1548.90,1548.10,1548.20,257
2026-09-25 13:00:00,1548.60,1549.10,1548.40,1548.90,736
2026-09-25 13:01:00,1548.90,1548.90,1548.30,1548.30,389
2026-09-25 13:02:00,1548.20,1548.80,1547.80,1548.30,1204
2026-09-25 13:03:00,1548.80,1549.50,1548.30,1549.50,883
2026-09-25 13:04:00,1549.50,1549.90,1549.20,1549.90,1926
2026-09-25 13:05:00,1549.90,1550.00,1549.50,1550.00,143
2026-09-25 13:06:00,1550.30,1550.50,1550.00,1550.40,367
2026-09-25 13:07:00,1550.20,1550.30,1549.70,1550.20,1048
2026-09-25 13:08:00,1550.20,1550.90,1549.70,1550.90,1571
2026-09-25 13:09:00,1550.90,1551.10,1549.90,1550.30,1259
2026-09-25 13:10:00,1549.90,1550.20,1549.50,1549.70,2131
2026-09-25 13:11:00,1549.90,1549.90,1548.80,1548.80,900
2026-09-25 13:12:00,1548.90,1549.70,1548.50,1548.70,1202
2026-09-25 13:13:00,1549.10,1549.10,1548.00,1548.70,1048
2026-09-25 13:14:00,1548.80,1549.40,1548.40,1549.10,242
2026-09-25 13:15:00,1549.20,1549.70,1548.60,1548.90,1063
2026-09-25 13:16:00,1548.80,1549.40,1548.80,1549.40,681
2026-09-25 13:17:00,1549.40,1549.40,1548.20,1548.20,1192
2026-09-25 13:18:00,1548.20,1548.70,1547.30,1547.60,689
2026-09-25 13:19:00,1547.70,1548.30,1547.50,1548.10,581
2026-09-25 13:20:00,1548.10,1548.20,1547.60,1548.20,1255
2026-09-25 13:21:00,1548.20,1549.70,1548.20,1548.30,924
2026-09-25 13:22:00,1548.40,1549.30,1547.70,1547.70,1744
2026-09-25 13:23:00,1548.00,1548.00,1547.70,1547.90,274
2026-09-25 13:24:00,1547.80,1547.80,1546.40,1547.00,791
2026-09-25 13:25:00,1547.00,1547.50,1545.10,1545.10,2366
2026-09-25 13:26:00,1546.00,1546.00,1545.30,1545.60,2071
2026-09-25 13:27:00,1545.60,1545.60,1544.00,1545.50,2188
2026-09-25 13:28:00,1545.40,1545.40,1542.60,1543.50,2146
2026-09-25 13:29:00,1543.50,1544.70,1543.40,1544.00,1206
2026-09-25 13:30:00,1544.00,1544.00,1541.70,1542.40,3662
2026-09-25 13:31:00,1542.00,1543.50,1542.00,1543.50,2854
2026-09-25 13:32:00,1543.50,1543.70,1542.80,1543.40,346
2026-09-25 13:33:00,1543.40,1543.50,1543.00,1543.50,235
2026-09-25 13:34:00,1543.50,1544.20,1542.20,1542.20,204
2026-09-25 13:35:00,1542.90,1544.00,1542.70,1544.00,462
2026-09-25 13:36:00,1544.10,1544.10,1543.50,1543.60,211
2026-09-25 13:37:00,1543.70,1544.00,1543.00,1544.00,900
2026-09-25 13:38:00,1544.10,1544.10,1543.00,1544.10,1843
2026-09-25 13:39:00,1544.10,1545.00,1543.50,1543.70,394
2026-09-25 13:40:00,1543.50,1544.20,1543.00,1544.00,530
2026-09-25 13:41:00,1544.00,1545.00,1543.30,1545.00,431
2026-09-25 13:42:00,1545.40,1547.60,1545.00,1547.10,1493
2026-09-25 13:43:00,1547.10,1547.90,1547.00,1547.50,319
2026-09-25 13:44:00,1547.40,1548.70,1547.10,1548.50,4670
2026-09-25 13:45:00,1548.60,1548.70,1546.90,1547.70,835
2026-09-25 13:46:00,1548.40,1548.90,1547.40,1547.90,233
2026-09-25 13:47:00,1547.90,1548.10,1547.20,1547.80,1525
2026-09-25 13:48:00,1547.80,1547.90,1546.50,1547.00,1092
2026-09-25 13:49:00,1547.50,1548.50,1547.00,1548.00,1822
2026-09-25 13:50:00,1548.00,1548.60,1547.50,1548.40,969
2026-09-25 13:51:00,1548.60,1548.60,1547.90,1548.50,1505
2026-09-25 13:52:00,1548.50,1548.50,1547.40,1547.70,2915
2026-09-25 13:53:00,1548.00,1548.20,1547.70,1548.20,4158
2026-09-25 13:54:00,1548.00,1548.50,1547.70,1548.00,1147
2026-09-25 13:55:00,1548.00,1548.80,1547.40,1548.80,951
2026-09-25 13:56:00,1548.60,1548.60,1547.80,1548.20,212
2026-09-25 13:57:00,1548.20,1548.40,1547.90,1548.30,1248
2026-09-25 13:58:00,1548.20,1549.00,1548.20,1549.00,1579
2026-09-25 13:59:00,1549.30,1550.00,1548.90,1550.00,1073
2026-09-25 14:00:00,1550.00,1550.30,1549.10,1550.20,1871
2026-09-25 14:01:00,1550.50,1552.90,1549.30,1549.80,27804
2026-09-25 14:02:00,1550.30,1551.10,1548.00,1549.00,18795
2026-09-25 14:03:00,1549.20,1551.70,1547.50,1551.40,26409
2026-09-25 14:04:00,1551.40,1553.40,1551.40,1553.00,6914
2026-09-25 14:05:00,1552.90,1553.90,1550.50,1551.70,6759
2026-09-25 14:06:00,1551.00,1552.00,1549.70,1550.30,13132
2026-09-25 14:07:00,1550.30,1551.40,1549.40,1549.70,6115
2026-09-25 14:08:00,1549.70,1550.30,1548.10,1549.10,3458
2026-09-25 14:09:00,1549.20,1549.20,1547.60,1548.20,812
2026-09-25 14:10:00,1548.20,1549.60,1547.70,1549.60,2283
2026-09-25 14:11:00,1548.90,1548.90,1548.10,1548.80,1551
2026-09-25 14:12:00,1548.40,1549.70,1547.90,1549.70,1574
2026-09-25 14:13:00,1549.10,1549.50,1548.50,1549.30,2686
2026-09-25 14:14:00,1549.30,1550.00,1548.90,1548.90,1300
2026-09-25 14:15:00,1549.50,1550.10,1549.20,1549.60,1585
2026-09-25 14:16:00,1549.60,1550.40,1548.40,1549.40,1411
2026-09-25 14:17:00,1549.70,1550.50,1549.40,1550.00,3040
2026-09-25 14:18:00,1550.00,1550.80,1549.70,1550.80,2809
2026-09-25 14:19:00,1550.40,1550.90,1549.80,1550.60,1445
2026-09-25 14:20:00,1550.00,1550.40,1548.10,1548.10,2606
2026-09-25 14:21:00,1548.70,1550.10,1548.10,1549.10,1424
2026-09-25 14:22:00,1549.10,1549.80,1549.00,1549.80,1746
2026-09-25 14:23:00,1549.30,1550.20,1549.30,1549.50,1046
2026-09-25 14:24:00,1549.50,1549.70,1548.00,1548.20,1478
2026-09-25 14:25:00,1548.40,1549.90,1548.40,1549.10,3710
2026-09-25 14:26:00,1549.00,1549.10,1547.00,1547.00,1996
2026-09-25 14:27:00,1548.30,1549.40,1548.10,1548.70,1390
2026-09-25 14:28:00,1548.40,1549.10,1547.60,1548.70,1357
2026-09-25 14:29:00,1548.70,1549.70,1548.40,1549.70,1516
2026-09-25 14:30:00,1549.20,1549.80,1548.60,1549.70,1682
2026-09-25 14:31:00,1549.70,1550.90,1549.70,1550.50,3517
2026-09-25 14:32:00,1550.40,1551.00,1550.30,1550.70,2148
2026-09-25 14:33:00,1550.50,1550.60,1549.50,1550.20,741
2026-09-25 14:34:00,1550.20,1550.60,1549.20,1549.70,1028
2026-09-25 14:35:00,1549.70,1549.70,1548.00,1548.80,8028
2026-09-25 14:36:00,1548.80,1549.20,1547.90,1548.10,22852
2026-09-25 14:37:00,1548.70,1548.70,1547.00,1547.70,8015
2026-09-25 14:38:00,1547.40,1548.20,1547.00,1547.20,5564
2026-09-25 14:39:00,1547.20,1547.90,1546.60,1547.60,2128
2026-09-25 14:40:00,1547.60,1547.90,1546.80,1547.00,1584
2026-09-25 14:41:00,1546.90,1546.90,1546.30,1546.60,2698
2026-09-25 14:42:00,1546.60,1546.90,1546.40,1546.60,2417
2026-09-25 14:43:00,1546.00,1547.20,1546.00,1546.90,2821
2026-09-25 14:44:00,1546.90,1546.90,1545.00,1545.40,899
2026-09-25 14:45:00,1545.40,1546.60,1545.30,1545.80,3101
2026-09-25 14:46:00,1545.90,1547.00,1545.80,1546.40,2517
2026-09-25 14:47:00,1546.40,1546.40,1545.70,1546.00,1516
2026-09-25 14:48:00,1546.00,1547.10,1546.00,1546.70,2438
2026-09-25 14:49:00,1546.40,1546.50,1546.00,1546.50,1849
2026-09-25 14:50:00,1546.20,1546.90,1546.00,1546.90,1639
2026-09-25 14:51:00,1546.80,1547.10,1546.10,1546.10,1946
2026-09-25 14:52:00,1546.20,1546.80,1546.10,1546.80,2892
2026-09-25 14:53:00,1546.80,1547.30,1546.70,1546.70,3141
2026-09-25 14:54:00,1546.80,1548.70,1546.60,1546.60,4499
2026-09-25 14:55:00,1547.40,1547.40,1546.50,1546.70,3074
2026-09-25 14:56:00,1546.80,1547.70,1546.50,1547.40,3493
2026-09-25 14:57:00,1547.40,1547.40,1546.50,1546.90,3191
2026-09-25 14:58:00,1546.90,1547.00,1546.50,1546.50,2417
2026-09-25 14:59:00,1546.60,1547.10,1546.40,1546.80,3370
2026-09-25 15:00:00,1546.80,1546.80,1546.20,1546.70,7151
2026-09-25 15:01:00,1546.80,1546.80,1546.10,1546.30,4971
2026-09-25 15:02:00,1546.30,1546.90,1546.00,1546.90,4251
2026-09-25 15:03:00,1546.90,1546.90,1546.10,1546.60,4279
2026-09-25 15:04:00,1546.60,1547.30,1546.30,1547.10,3662
2026-09-25 15:05:00,1547.00,1547.10,1547.00,1547.00,6623
2026-09-25 15:06:00,1547.00,1547.80,1547.00,1547.40,6892
2026-09-25 15:07:00,1547.40,1548.30,1547.00,1548.10,6356
2026-09-25 15:08:00,1548.20,1549.00,1548.00,1548.00,7739
2026-09-25 15:09:00,1547.80,1549.50,1547.80,1549.50,9004
2026-09-25 15:10:00,1549.50,1549.90,1547.80,1549.10,19740
2026-09-25 15:11:00,1549.30,1550.10,1549.00,1550.10,5111
2026-09-25 15:12:00,1550.10,1550.10,1548.40,1550.00,7883
2026-09-25 15:13:00,1550.00,1550.90,1549.80,1550.90,5617
2026-09-25 15:14:00,1550.60,1554.70,1550.00,1550.50,7592
2026-09-25 15:15:00,1550.00,1550.00,1550.00,1550.00,37
2026-09-25 15:16:00,1550.00,1550.00,1550.00,1550.00,0
2026-09-25 15:17:00,1550.00,1550.00,1550.00,1550.00,0
2026-09-25 15:18:00,1550.00,1550.00,1550.00,1550.00,0
2026-09-25 15:19:00,1550.00,1550.00,1550.00,1550.00,0
2026-09-25 15:20:00,1550.00,1550.00,1550.00,1550.00,0
2026-09-25 15:21:00,1550.00,1550.00,1550.00,1550.00,0
2026-09-25 15:22:00,1550.00,1550.00,1550.00,1550.00,0
2026-09-25 15:23:00,1550.00,1550.00,1550.00,1550.00,0
2026-09-25 15:24:00,1550.00,1550.00,1550.00,1550.00,0
2026-09-25 15:25:00,1550.00,1550.00,1550.00,1550.00,0
2026-09-25 15:26:00,1550.00,1550.00,1550.00,1550.00,0
2026-09-25 15:27:00,1550.00,1550.00,1550.00,1550.00,0
2026-09-25 15:28:00,1550.00,1550.00,1548.00,1548.00,24361
2026-09-25 15:29:00,1548.00,1548.00,1548.00,1548.00,0
2026-09-28 09:15:00,1548.00,1554.90,1545.20,1547.60,11464
2026-09-28 09:16:00,1548.40,1552.40,1544.80,1551.20,6277
2026-09-28 09:17:00,1551.20,1557.00,1551.20,1552.20,10364
2026-09-28 09:18:00,1553.20,1557.00,1549.10,1549.10,8298
2026-09-28 09:19:00,1549.80,1549.80,1546.30,1549.50,3548
2026-09-28 09:20:00,1550.10,1550.10,1545.60,1545.60,3668
2026-09-28 09:21:00,1545.80,1546.30,1543.80,1544.20,5548
2026-09-28 09:22:00,1544.80,1546.10,1544.40,1546.10,1606
2026-09-28 09:23:00,1546.30,1547.60,1545.20,1545.20,3390
2026-09-28 09:24:00,1546.70,1546.70,1545.50,1546.30,3232
2026-09-28 09:25:00,1545.50,1546.60,1545.30,1546.60,1010
2026-09-28 09:26:00,1546.60,1547.00,1546.00,1547.00,862
2026-09-28 09:27:00,1547.40,1547.40,1545.70,1545.70,1028
2026-09-28 09:28:00,1544.70,1545.70,1543.80,1543.80,1312
2026-09-28 09:29:00,1544.30,1544.40,1542.70,1543.50,2127
2026-09-28 09:30:00,1543.80,1545.20,1543.50,1545.20,4123
2026-09-28 09:31:00,1545.10,1545.30,1544.00,1544.00,1456
2026-09-28 09:32:00,1544.00,1544.50,1543.70,1543.70,577
2026-09-28 09:33:00,1544.00,1545.00,1543.60,1544.10,1174
2026-09-28 09:34:00,1544.10,1544.90,1544.10,1544.30,1793
2026-09-28 09:35:00,1545.20,1545.20,1542.70,1543.60,2732
2026-09-28 09:36:00,1543.70,1543.70,1542.40,1542.80,2143
2026-09-28 09:37:00,1542.80,1543.00,1541.20,1542.00,2594
2026-09-28 09:38:00,1542.60,1543.60,1542.30,1543.10,1263
2026-09-28 09:39:00,1543.10,1543.10,1541.80,1542.60,8015
2026-09-28 09:40:00,1542.60,1542.80,1541.00,1541.00,3891
2026-09-28 09:41:00,1541.30,1541.50,1538.10,1538.10,3070
2026-09-28 09:42:00,1538.60,1538.70,1537.20,1538.10,2851
2026-09-28 09:43:00,1538.00,1538.50,1535.40,1536.10,2582
2026-09-28 09:44:00,1535.40,1537.20,1535.40,1536.70,1462
2026-09-28 09:45:00,1537.00,1538.90,1536.90,1538.90,1980
2026-09-28 09:46:00,1538.90,1539.10,1537.80,1538.60,1288
2026-09-28 09:47:00,1538.70,1539.00,1538.10,1538.50,528
2026-09-28 09:48:00,1538.80,1538.90,1538.50,1538.50,528
2026-09-28 09:49:00,1538.60,1539.20,1538.10,1539.10,861
2026-09-28 09:50:00,1538.90,1538.90,1537.00,1537.70,1695
2026-09-28 09:51:00,1538.00,1538.00,1536.70,1537.00,575
2026-09-28 09:52:00,1537.00,1537.70,1536.80,1537.70,657
2026-09-28 09:53:00,1538.10,1539.20,1538.10,1538.40,420
2026-09-28 09:54:00,1537.70,1537.70,1537.00,1537.10,1846
2026-09-28 09:55:00,1537.40,1537.40,1535.90,1536.50,529
2026-09-28 09:56:00,1536.50,1537.80,1536.20,1537.40,674
2026-09-28 09:57:00,1537.40,1537.80,1536.70,1537.60,730
2026-09-28 09:58:00,1537.90,1538.70,1537.70,1538.60,790
2026-09-28 09:59:00,1538.60,1538.60,1536.10,1536.10,1821
2026-09-28 10:00:00,1536.80,1536.80,1535.00,1535.50,1683
2026-09-28 10:01:00,1535.40,1536.20,1535.40,1536.00,1761
2026-09-28 10:02:00,1536.20,1536.60,1536.20,1536.50,894
2026-09-28 10:03:00,1536.50,1537.50,1536.50,1537.30,1813
2026-09-28 10:04:00,1537.20,1537.60,1537.00,1537.40,1281
2026-09-28 10:05:00,1537.50,1538.80,1537.50,1538.60,1770
2026-09-28 10:06:00,1538.50,1539.50,1538.40,1539.30,2954
2026-09-28 10:07:00,1539.30,1540.40,1539.20,1539.90,2622
2026-09-28 10:08:00,1539.90,1541.00,1539.80,1540.70,2845
2026-09-28 10:09:00,1540.70,1540.70,1538.80,1538.80,2520
2026-09-28 10:10:00,1538.70,1539.50,1536.60,1537.20,3809
2026-09-28 10:11:00,1537.50,1537.90,1537.20,1537.60,817
2026-09-28 10:12:00,1537.60,1538.20,1537.30,1537.50,879
2026-09-28 10:13:00,1537.50,1538.70,1537.20,1538.70,780
2026-09-28 10:14:00,1539.20,1539.20,1538.00,1538.60,1600
2026-09-28 10:15:00,1538.30,1538.70,1537.80,1538.60,1199
2026-09-28 10:16:00,1538.50,1538.50,1537.60,1538.30,1241
2026-09-28 10:17:00,1538.30,1538.30,1531.80,1532.60,19356
2026-09-28 10:18:00,1532.40,1533.80,1531.70,1533.40,4399
2026-09-28 10:19:00,1533.70,1534.00,1532.00,1533.70,5876
2026-09-28 10:20:00,1534.00,1534.00,1532.30,1533.10,6463
2026-09-28 10:21:00,1533.10,1533.30,1530.60,1531.70,7503
2026-09-28 10:22:00,1531.70,1531.70,1530.10,1531.30,3933
2026-09-28 10:23:00,1531.30,1532.00,1531.00,1531.70,2078
2026-09-28 10:24:00,1531.70,1531.70,1530.70,1530.70,1091
2026-09-28 10:25:00,1530.70,1531.40,1530.00,1530.10,1603
2026-09-28 10:26:00,1530.20,1530.40,1528.70,1529.60,6998
2026-09-28 10:27:00,1529.70,1529.80,1528.20,1529.00,2272
2026-09-28 10:28:00,1529.00,1529.40,1528.10,1528.30,3685
2026-09-28 10:29:00,1528.90,1528.90,1527.50,1528.30,7852
2026-09-28 10:30:00,1528.20,1528.40,1528.00,1528.20,3109
2026-09-28 10:31:00,1528.20,1528.90,1528.20,1528.40,1875
2026-09-28 10:32:00,1528.80,1528.80,1528.50,1528.80,1513
2026-09-28 10:33:00,1529.30,1529.80,1528.80,1529.00,2310
2026-09-28 10:34:00,1528.70,1529.00,1527.90,1528.80,5321
2026-09-28 10:35:00,1528.10,1528.80,1528.10,1528.50,928
2026-09-28 10:36:00,1528.30,1529.40,1528.30,1528.60,1635
2026-09-28 10:37:00,1528.70,1528.70,1527.80,1528.20,4125
2026-09-28 10:38:00,1529.10,1529.20,1527.00,1527.00,2390
2026-09-28 10:39:00,1527.30,1528.50,1526.80,1527.70,2040
2026-09-28 10:40:00,1527.70,1528.00,1527.10,1527.60,860
2026-09-28 10:41:00,1527.60,1527.90,1526.90,1527.90,1706
2026-09-28 10:42:00,1527.50,1528.20,1526.80,1527.70,4966
2026-09-28 10:43:00,1527.50,1528.20,1526.90,1527.60,2293
2026-09-28 10:44:00,1528.00,1528.00,1527.10,1527.30,1096
2026-09-28 10:45:00,1527.10,1528.00,1527.00,1528.00,2222
2026-09-28 10:46:00,1527.30,1528.00,1527.30,1527.70,2371
2026-09-28 10:47:00,1528.30,1528.70,1527.50,1527.90,2273
2026-09-28 10:48:00,1527.80,1528.40,1527.80,1528.40,1559
2026-09-28 10:49:00,1528.80,1528.90,1528.40,1528.90,1327
2026-09-28 10:50:00,1529.40,1531.50,1529.40,1530.90,3827
2026-09-28 10:51:00,1531.30,1531.40,1530.20,1531.30,3813
2026-09-28 10:52:00,1531.40,1532.00,1531.30,1531.80,1899
2026-09-28 10:53:00,1531.50,1532.40,1531.20,1531.80,1239
2026-09-28 10:54:00,1531.60,1531.60,1530.40,1531.00,3970
2026-09-28 10:55:00,1531.40,1531.50,1531.00,1531.30,2969
2026-09-28 10:56:00,1531.50,1531.50,1531.00,1531.00,910
2026-09-28 10:57:00,1530.90,1535.70,1530.90,1535.70,10606
2026-09-28 10:58:00,1535.50,1535.50,1532.70,1532.70,3375
2026-09-28 10:59:00,1533.00,1534.40,1533.00,1534.40,4891
2026-09-28 11:00:00,1533.90,1534.30,1532.40,1533.20,3149
2026-09-28 11:01:00,1533.10,1533.10,1532.10,1532.40,2119
2026-09-28 11:02:00,1532.50,1534.00,1532.40,1534.00,1671
2026-09-28 11:03:00,1533.40,1533.70,1533.00,1533.30,563
2026-09-28 11:04:00,1533.30,1533.60,1532.40,1533.60,2475
2026-09-28 11:05:00,1533.60,1534.80,1533.10,1534.30,4185
2026-09-28 11:06:00,1534.30,1534.30,1532.60,1533.30,3216
2026-09-28 11:07:00,1533.40,1533.40,1531.60,1531.60,1417
2026-09-28 11:08:00,1532.30,1533.10,1531.20,1532.90,2192
2026-09-28 11:09:00,1533.10,1533.10,1531.40,1531.80,2547
2026-09-28 11:10:00,1532.40,1532.40,1531.80,1531.80,1167
2026-09-28 11:11:00,1532.00,1532.00,1530.70,1531.30,1307
2026-09-28 11:12:00,1530.70,1531.40,1530.00,1531.30,2181
2026-09-28 11:13:00,1531.30,1531.40,1530.30,1530.90,1599
2026-09-28 11:14:00,1531.30,1531.30,1530.50,1531.30,2105
2026-09-28 11:15:00,1531.10,1531.10,1530.50,1530.80,1464
2026-09-28 11:16:00,1530.80,1531.00,1529.90,1530.00,2563
2026-09-28 11:17:00,1530.30,1531.00,1530.00,1530.20,2384
2026-09-28 11:18:00,1530.70,1530.70,1529.80,1530.00,1399
2026-09-28 11:19:00,1530.60,1530.70,1530.00,1530.00,1678
2026-09-28 11:20:00,1530.50,1530.70,1530.00,1530.70,2785
2026-09-28 11:21:00,1530.70,1530.70,1529.60,1530.00,2070
2026-09-28 11:22:00,1530.00,1530.00,1529.70,1529.90,2246
2026-09-28 11:23:00,1530.00,1530.90,1529.80,1530.30,4253
2026-09-28 11:24:00,1530.90,1530.90,1530.10,1530.70,1352
2026-09-28 11:25:00,1530.60,1531.90,1530.60,1531.30,2663
2026-09-28 11:26:00,1531.30,1532.20,1531.00,1532.10,2795
2026-09-28 11:27:00,1532.20,1533.10,1532.00,1532.50,5294
2026-09-28 11:28:00,1532.80,1532.80,1531.50,1532.40,2056
2026-09-28 11:29:00,1533.00,1533.40,1530.90,1532.10,6248
2026-09-28 11:30:00,1532.90,1533.00,1532.40,1533.00,1588
2026-09-28 11:31:00,1533.00,1534.40,1532.70,1534.30,2930
2026-09-28 11:32:00,1533.90,1534.60,1533.50,1534.10,1855
2026-09-28 11:33:00,1534.50,1536.40,1533.90,1535.60,5505
2026-09-28 11:34:00,1536.00,1536.10,1535.60,1535.60,1768
2026-09-28 11:35:00,1535.70,1537.00,1535.60,1537.00,1550
2026-09-28 11:36:00,1536.80,1537.30,1536.20,1537.00,3165
2026-09-28 11:37:00,1537.00,1537.00,1536.30,1536.70,1824
2026-09-28 11:38:00,1536.60,1537.60,1536.60,1537.50,2547
2026-09-28 11:39:00,1537.50,1539.50,1537.30,1538.40,3785
2026-09-28 11:40:00,1538.70,1539.00,1538.00,1538.40,3004
2026-09-28 11:41:00,1538.80,1539.00,1537.60,1538.60,2828
2026-09-28 11:42:00,1538.60,1538.70,1537.60,1537.60,2697
2026-09-28 11:43:00,1538.20,1539.70,1537.60,1539.60,4300
2026-09-28 11:44:00,1539.60,1539.70,1539.10,1539.50,2538
2026-09-28 11:45:00,1539.50,1540.20,1539.10,1540.20,3942
2026-09-28 11:46:00,1540.70,1541.80,1540.40,1541.30,2052
2026-09-28 11:47:00,1541.70,1541.70,1540.40,1540.40,1325
2026-09-28 11:48:00,1541.00,1541.00,1539.70,1539.90,2567
2026-09-28 11:49:00,1540.40,1541.00,1540.10,1540.50,2643
2026-09-28 11:50:00,1540.70,1541.30,1540.50,1541.00,1230
2026-09-28 11:51:00,1540.70,1541.00,1539.70,1540.20,3929
2026-09-28 11:52:00,1540.20,1541.20,1540.00,1540.70,1578
2026-09-28 11:53:00,1540.70,1540.70,1539.70,1539.70,1370
2026-09-28 11:54:00,1539.70,1540.40,1539.30,1539.70,1611
2026-09-28 11:55:00,1539.90,1540.50,1539.30,1539.80,1777
2026-09-28 11:56:00,1539.80,1540.10,1538.70,1540.10,6367
2026-09-28 11:57:00,1540.10,1540.60,1539.60,1540.60,1612
2026-09-28 11:58:00,1540.60,1542.00,1540.60,1540.60,3785
2026-09-28 11:59:00,1540.60,1541.80,1540.60,1541.20,854
2026-09-28 12:00:00,1541.40,1541.40,1540.20,1540.80,1811
2026-09-28 12:01:00,1541.40,1542.00,1541.00,1541.50,986
2026-09-28 12:02:00,1542.00,1542.30,1541.40,1542.00,1968
2026-09-28 12:03:00,1542.00,1542.00,1541.40,1541.90,900
2026-09-28 12:04:00,1541.40,1542.80,1541.40,1542.30,1834
2026-09-28 12:05:00,1542.40,1543.00,1542.00,1542.80,3088
2026-09-28 12:06:00,1542.80,1543.40,1542.50,1542.90,1776
2026-09-28 12:07:00,1543.40,1543.60,1542.70,1543.10,2101
2026-09-28 12:08:00,1543.10,1544.50,1542.90,1543.70,2066
2026-09-28 12:09:00,1544.10,1544.50,1543.70,1543.80,1391
2026-09-28 12:10:00,1543.80,1543.80,1543.30,1543.30,2162
2026-09-28 12:11:00,1543.30,1544.60,1543.30,1544.00,4470
2026-09-28 12:12:00,1544.20,1546.00,1544.00,1545.10,4492
2026-09-28 12:13:00,1545.10,1545.50,1545.10,1545.50,1351
2026-09-28 12:14:00,1545.50,1546.30,1545.00,1545.60,2422
2026-09-28 12:15:00,1546.00,1546.00,1545.00,1545.30,2467
2026-09-28 12:16:00,1545.60,1546.50,1545.30,1545.60,3243
2026-09-28 12:17:00,1546.20,1546.70,1545.90,1546.70,2182
2026-09-28 12:18:00,1546.70,1547.60,1546.40,1547.00,1889
2026-09-28 12:19:00,1547.40,1547.60,1545.80,1546.10,3686
2026-09-28 12:20:00,1546.10,1546.10,1545.40,1545.60,2653
2026-09-28 12:21:00,1545.80,1545.90,1545.00,1545.90,5732
2026-09-28 12:22:00,1545.90,1546.90,1545.40,1546.00,2176
2026-09-28 12:23:00,1546.50,1548.00,1546.00,1547.10,4044
2026-09-28 12:24:00,1547.10,1547.20,1546.10,1546.30,2696
2026-09-28 12:25:00,1546.70,1547.90,1546.70,1547.50,1415
2026-09-28 12:26:00,1547.20,1548.00,1546.40,1547.90,2742
2026-09-28 12:27:00,1547.80,1548.00,1547.10,1547.50,1222
2026-09-28 12:28:00,1547.20,1547.50,1546.70,1546.90,1673
2026-09-28 12:29:00,1547.10,1547.90,1547.10,1547.80,2122
2026-09-28 12:30:00,1548.20,1548.20,1547.00,1547.10,752
2026-09-28 12:31:00,1547.70,1547.70,1546.30,1546.60,1325
2026-09-28 12:32:00,1546.80,1546.80,1546.00,1546.00,2356
2026-09-28 12:33:00,1546.00,1546.40,1545.60,1545.60,2107
2026-09-28 12:34:00,1545.60,1545.90,1545.20,1545.20,2462
2026-09-28 12:35:00,1545.80,1545.80,1545.00,1545.00,3214
2026-09-28 12:36:00,1545.10,1545.10,1545.00,1545.00,2505
2026-09-28 12:37:00,1545.10,1545.80,1545.00,1545.80,3742
2026-09-28 12:38:00,1545.80,1545.80,1545.00,1545.50,2581
2026-09-28 12:39:00,1545.70,1545.70,1545.00,1545.50,1939
2026-09-28 12:40:00,1545.50,1547.40,1545.10,1546.30,3462
2026-09-28 12:41:00,1546.60,1546.60,1545.80,1546.10,1486
2026-09-28 12:42:00,1545.90,1546.70,1545.90,1546.10,1871
2026-09-28 12:43:00,1546.10,1547.10,1546.10,1546.40,2870
2026-09-28 12:44:00,1546.90,1546.90,1546.10,1546.10,1865
2026-09-28 12:45:00,1546.10,1546.90,1546.10,1546.50,2921
2026-09-28 12:46:00,1546.50,1547.30,1546.40,1546.40,2127
2026-09-28 12:47:00,1546.40,1547.00,1545.90,1546.50,1643
2026-09-28 12:48:00,1546.60,1547.00,1545.80,1546.00,2200
2026-09-28 12:49:00,1546.20,1546.20,1545.80,1546.20,1008
2026-09-28 12:50:00,1546.80,1546.80,1546.10,1546.10,1190
2026-09-28 12:51:00,1546.70,1546.70,1545.80,1546.00,391
2026-09-28 12:52:00,1546.00,1546.20,1545.60,1546.00,1739
2026-09-28 12:53:00,1546.40,1546.50,1545.50,1546.20,1387
2026-09-28 12:54:00,1546.50,1546.80,1546.10,1546.70,1144
2026-09-28 12:55:00,1546.60,1546.80,1546.10,1546.20,1989
2026-09-28 12:56:00,1546.30,1547.10,1546.30,1547.00,1337
2026-09-28 12:57:00,1547.00,1547.00,1545.90,1546.30,1319
2026-09-28 12:58:00,1546.00,1546.70,1545.50,1545.70,3049
2026-09-28 12:59:00,1546.10,1546.90,1546.10,1546.90,1770
2026-09-28 13:00:00,1546.90,1547.10,1546.50,1546.70,1226
2026-09-28 13:01:00,1546.90,1547.70,1546.50,1546.60,2152
2026-09-28 13:02:00,1547.20,1547.20,1546.60,1546.80,944
2026-09-28 13:03:00,1547.10,1547.80,1546.80,1547.70,4000
2026-09-28 13:04:00,1547.30,1548.20,1547.30,1547.40,933
2026-09-28 13:05:00,1547.10,1547.30,1547.10,1547.30,720
2026-09-28 13:06:00,1547.20,1547.80,1547.00,1547.00,2440
2026-09-28 13:07:00,1547.40,1547.70,1546.90,1547.60,1514
2026-09-28 13:08:00,1546.90,1547.20,1546.60,1546.90,1341
2026-09-28 13:09:00,1546.60,1547.50,1546.40,1546.40,1634
2026-09-28 13:10:00,1546.60,1547.80,1543.50,1543.50,14453
2026-09-28 13:11:00,1544.00,1547.20,1543.40,1545.90,10484
2026-09-28 13:12:00,1546.30,1546.30,1545.00,1545.60,2229
2026-09-28 13:13:00,1545.60,1545.60,1545.00,1545.10,1079
2026-09-28 13:14:00,1545.30,1545.30,1545.00,1545.00,6767
2026-09-28 13:15:00,1545.10,1545.80,1545.00,1545.50,2630
2026-09-28 13:16:00,1545.70,1546.00,1545.00,1545.30,1556
2026-09-28 13:17:00,1545.60,1547.90,1545.60,1547.90,1701
2026-09-28 13:18:00,1547.90,1549.30,1547.90,1548.30,2820
2026-09-28 13:19:00,1548.30,1548.60,1547.60,1548.30,2642
2026-09-28 13:20:00,1548.40,1548.60,1547.50,1548.30,1860
2026-09-28 13:21:00,1548.80,1549.00,1547.00,1547.70,4655
2026-09-28 13:22:00,1548.20,1549.10,1548.00,1548.00,1615
2026-09-28 13:23:00,1548.70,1548.70,1547.30,1548.00,3251
2026-09-28 13:24:00,1548.60,1548.60,1547.80,1548.00,408
2026-09-28 13:25:00,1548.10,1548.70,1548.00,1548.30,1953
2026-09-28 13:26:00,1548.60,1549.10,1548.30,1548.40,1729
2026-09-28 13:27:00,1548.60,1548.80,1548.00,1548.00,2667
2026-09-28 13:28:00,1548.20,1548.20,1547.10,1547.60,4237
2026-09-28 13:29:00,1548.00,1548.00,1547.00,1547.00,828
2026-09-28 13:30:00,1549.30,1549.50,1549.00,1549.00,18697
2026-09-28 13:31:00,1549.10,1549.10,1546.50,1546.50,9402
2026-09-28 13:32:00,1547.00,1549.50,1546.50,1549.20,3142
2026-09-28 13:33:00,1549.20,1549.20,1548.30,1548.40,2286
2026-09-28 13:34:00,1548.30,1549.00,1547.80,1548.60,5061
2026-09-28 13:35:00,1548.80,1549.40,1548.20,1548.80,2432
2026-09-28 13:36:00,1549.00,1549.30,1548.80,1549.00,1370
2026-09-28 13:37:00,1549.20,1549.20,1549.00,1549.00,767
2026-09-28 13:38:00,1549.10,1549.50,1549.00,1549.20,2029
2026-09-28 13:39:00,1549.40,1552.00,1549.30,1551.20,5537
2026-09-28 13:40:00,1551.50,1551.70,1551.00,1551.20,1260
2026-09-28 13:41:00,1551.70,1552.00,1551.30,1551.50,1219
2026-09-28 13:42:00,1551.80,1552.40,1550.10,1550.10,1785
2026-09-28 13:43:00,1550.30,1551.10,1549.70,1550.30,1290
2026-09-28 13:44:00,1550.80,1550.80,1550.10,1550.50,888
2026-09-28 13:45:00,1550.80,1551.50,1550.70,1550.90,2417
2026-09-28 13:46:00,1551.00,1552.10,1551.00,1551.50,971
2026-09-28 13:47:00,1551.70,1551.70,1550.80,1550.90,1224
2026-09-28 13:48:00,1550.60,1551.50,1550.30,1550.70,1706
2026-09-28 13:49:00,1550.70,1550.90,1550.10,1550.20,1637
2026-09-28 13:50:00,1550.60,1550.70,1550.10,1550.20,1096
2026-09-28 13:51:00,1550.40,1551.50,1550.00,1550.30,1915
2026-09-28 13:52:00,1550.90,1551.40,1550.30,1550.80,1105
2026-09-28 13:53:00,1551.20,1551.20,1549.80,1549.90,855
2026-09-28 13:54:00,1550.20,1550.20,1549.50,1549.80,724
2026-09-28 13:55:00,1550.00,1550.10,1549.40,1550.10,1053
2026-09-28 13:56:00,1550.00,1550.80,1549.60,1549.80,2326
2026-09-28 13:57:00,1550.40,1550.40,1545.60,1545.60,33728
2026-09-28 13:58:00,1545.30,1546.70,1545.10,1545.10,10667
2026-09-28 13:59:00,1545.60,1545.60,1543.60,1544.40,8723
2026-09-28 14:00:00,1545.00,1547.40,1544.40,1546.30,4039
2026-09-28 14:01:00,1546.30,1548.10,1546.20,1547.30,4598
2026-09-28 14:02:00,1547.90,1548.10,1546.10,1546.70,4423
2026-09-28 14:03:00,1547.40,1547.60,1546.30,1546.60,4288
2026-09-28 14:04:00,1546.60,1547.80,1546.30,1546.80,3580
2026-09-28 14:05:00,1547.00,1548.00,1546.90,1547.20,3798
2026-09-28 14:06:00,1548.00,1548.10,1547.00,1547.20,3497
2026-09-28 14:07:00,1547.20,1547.80,1547.00,1547.00,3839
2026-09-28 14:08:00,1546.90,1548.10,1546.90,1548.10,4230
2026-09-28 14:09:00,1548.70,1549.60,1548.30,1548.40,4548
2026-09-28 14:10:00,1548.50,1550.90,1548.40,1550.90,2771
2026-09-28 14:11:00,1550.80,1551.00,1550.40,1550.40,565
2026-09-28 14:12:00,1551.00,1551.00,1549.10,1549.40,1906
2026-09-28 14:13:00,1549.80,1549.80,1549.00,1549.00,2194
2026-09-28 14:14:00,1549.30,1549.30,1549.00,1549.20,1148
2026-09-28 14:15:00,1548.70,1549.00,1548.20,1548.40,16956
2026-09-28 14:16:00,1548.40,1549.70,1548.30,1549.00,3144
2026-09-28 14:17:00,1549.50,1549.50,1548.00,1548.10,4683
2026-09-28 14:18:00,1548.10,1548.10,1545.80,1546.10,6117
2026-09-28 14:19:00,1546.60,1547.20,1546.30,1546.80,3700
2026-09-28 14:20:00,1546.70,1546.90,1545.90,1546.00,4523
2026-09-28 14:21:00,1546.60,1546.90,1545.60,1545.80,3773
2026-09-28 14:22:00,1546.00,1546.20,1545.20,1545.80,3534
2026-09-28 14:23:00,1545.80,1546.40,1544.60,1545.50,4554
2026-09-28 14:24:00,1545.50,1545.90,1545.20,1545.70,4267
2026-09-28 14:25:00,1545.70,1546.70,1545.10,1546.60,7894
2026-09-28 14:26:00,1546.50,1547.00,1545.70,1545.90,4414
2026-09-28 14:27:00,1545.90,1546.80,1545.90,1546.80,3955
2026-09-28 14:28:00,1546.60,1547.30,1546.00,1546.80,7767
2026-09-28 14:29:00,1547.40,1547.50,1546.50,1546.80,10262
2026-09-28 14:30:00,1547.30,1548.90,1547.00,1548.40,4635
2026-09-28 14:31:00,1548.40,1549.30,1548.30,1548.60,3426
2026-09-28 14:32:00,1548.60,1548.70,1547.50,1548.10,3375
2026-09-28 14:33:00,1548.10,1548.20,1546.10,1546.70,14356
2026-09-28 14:34:00,1546.70,1546.70,1545.50,1545.90,4845
2026-09-28 14:35:00,1546.30,1546.50,1545.70,1546.40,4313
2026-09-28 14:36:00,1546.40,1546.60,1544.60,1544.90,4278
2026-09-28 14:37:00,1544.90,1545.10,1543.80,1544.80,5355
2026-09-28 14:38:00,1544.80,1545.00,1544.20,1544.90,4080
2026-09-28 14:39:00,1545.30,1545.40,1544.40,1544.50,4277
2026-09-28 14:40:00,1544.60,1545.60,1543.90,1544.90,4492
2026-09-28 14:41:00,1544.80,1545.10,1544.30,1545.00,3107
2026-09-28 14:42:00,1544.90,1545.00,1543.90,1544.10,5066
2026-09-28 14:43:00,1544.00,1545.10,1543.60,1544.20,6511
2026-09-28 14:44:00,1544.20,1545.80,1544.20,1545.20,4205
2026-09-28 14:45:00,1545.20,1545.20,1544.50,1544.80,3630
2026-09-28 14:46:00,1544.80,1545.20,1544.60,1545.20,3032
2026-09-28 14:47:00,1545.20,1545.40,1545.00,1545.00,4458
2026-09-28 14:48:00,1545.00,1545.40,1544.80,1545.40,2942
2026-09-28 14:49:00,1545.40,1546.90,1544.80,1546.30,5101
2026-09-28 14:50:00,1546.30,1546.40,1545.30,1546.20,6375
2026-09-28 14:51:00,1546.20,1546.40,1545.30,1545.40,4364
2026-09-28 14:52:00,1545.60,1546.10,1544.90,1545.40,5380
2026-09-28 14:53:00,1545.40,1546.30,1545.20,1545.50,6668
2026-09-28 14:54:00,1545.70,1546.50,1545.50,1545.90,4903
2026-09-28 14:55:00,1545.60,1546.20,1545.20,1545.90,4796
2026-09-28 14:56:00,1546.10,1546.20,1545.80,1545.80,3684
2026-09-28 14:57:00,1545.70,1545.70,1544.70,1545.00,5928
2026-09-28 14:58:00,1545.00,1545.60,1545.00,1545.30,3779
2026-09-28 14:59:00,1545.30,1546.10,1544.60,1544.90,6269
2026-09-28 15:00:00,1544.30,1545.00,1544.30,1545.00,5999
2026-09-28 15:01:00,1545.00,1545.10,1544.70,1544.70,6130
2026-09-28 15:02:00,1544.70,1545.00,1544.50,1544.50,5167
2026-09-28 15:03:00,1544.50,1547.10,1544.50,1547.10,10940
2026-09-28 15:04:00,1547.00,1547.70,1546.90,1547.20,5714
2026-09-28 15:05:00,1547.20,1547.90,1546.90,1547.20,10820
2026-09-28 15:06:00,1547.20,1547.20,1546.20,1546.60,6175
2026-09-28 15:07:00,1546.60,1548.70,1546.60,1547.70,8569
2026-09-28 15:08:00,1547.70,1548.60,1547.70,1548.60,4558
2026-09-28 15:09:00,1548.20,1548.60,1548.00,1548.40,7959
2026-09-28 15:10:00,1548.20,1548.40,1548.20,1548.30,13630
2026-09-28 15:11:00,1548.30,1548.40,1547.80,1548.40,6050
2026-09-28 15:12:00,1548.80,1550.00,1548.80,1549.10,11175
2026-09-28 15:13:00,1549.30,1549.30,1549.00,1549.20,4873
2026-09-28 15:14:00,1549.20,1549.20,1547.00,1547.00,5420
2026-09-28 15:15:00,1547.00,1547.00,1547.00,1547.00,0
2026-09-28 15:16:00,1547.00,1547.00,1547.00,1547.00,0
2026-09-28 15:17:00,1547.00,1547.00,1547.00,1547.00,0
2026-09-28 15:18:00,1547.00,1547.00,1547.00,1547.00,0
2026-09-28 15:19:00,1547.00,1547.00,1547.00,1547.00,0
2026-09-28 15:20:00,1547.00,1547.00,1547.00,1547.00,0
2026-09-28 15:21:00,1547.00,1547.00,1547.00,1547.00,0
2026-09-28 15:22:00,1547.00,1547.00,1547.00,1547.00,0
2026-09-28 15:23:00,1547.00,1547.00,1547.00,1547.00,0
2026-09-28 15:24:00,1547.00,1547.00,1547.00,1547.00,0
2026-09-28 15:25:00,1547.00,1547.00,1547.00,1547.00,0
2026-09-28 15:26:00,1547.00,1547.00,1547.00,1547.00,0
2026-09-28 15:27:00,1547.00,1547.00,1547.00,1547.00,0
2026-09-28 15:28:00,1547.00,1547.00,1547.00,1547.00,0
2026-09-28 15:29:00,1547.00,1547.00,1542.20,1542.20,53361
2026-09-29 09:15:00,1542.30,1557.50,1542.30,1547.50,15458
2026-09-29 09:16:00,1547.50,1550.60,1545.00,1547.20,9140
2026-09-29 09:17:00,1545.10,1548.10,1542.20,1542.30,14712
2026-09-29 09:18:00,1542.40,1543.40,1538.20,1538.20,11623
2026-09-29 09:19:00,1538.30,1538.30,1536.10,1536.50,7427
2026-09-29 09:20:00,1537.20,1537.20,1532.90,1533.50,6460
2026-09-29 09:21:00,1534.60,1538.80,1534.60,1538.50,6366
2026-09-29 09:22:00,1538.50,1538.50,1536.40,1537.30,4252
2026-09-29 09:23:00,1537.60,1538.20,1537.20,1537.20,2498
2026-09-29 09:24:00,1537.20,1539.50,1537.20,1538.30,14217
2026-09-29 09:25:00,1538.40,1538.40,1536.30,1537.40,4734
2026-09-29 09:26:00,1537.90,1537.90,1536.00,1536.00,3191
2026-09-29 09:27:00,1536.00,1536.30,1534.00,1535.40,3633
2026-09-29 09:28:00,1535.00,1535.00,1533.70,1534.10,5677
2026-09-29 09:29:00,1533.90,1534.90,1533.10,1533.40,5407
2026-09-29 09:30:00,1533.30,1533.80,1532.60,1533.10,4371
2026-09-29 09:31:00,1532.50,1532.90,1531.50,1531.90,4568
2026-09-29 09:32:00,1531.90,1534.20,1531.90,1533.10,5815
2026-09-29 09:33:00,1532.40,1533.60,1532.40,1533.00,3516
2026-09-29 09:34:00,1533.00,1533.00,1532.40,1532.50,1049
2026-09-29 09:35:00,1532.60,1533.20,1532.20,1532.60,1874
2026-09-29 09:36:00,1532.60,1532.60,1531.90,1532.20,3070
2026-09-29 09:37:00,1532.20,1532.20,1530.40,1530.90,2906
2026-09-29 09:38:00,1530.90,1533.60,1530.20,1532.70,4293
2026-09-29 09:39:00,1533.30,1533.30,1532.30,1532.30,2688
2026-09-29 09:40:00,1532.80,1534.90,1532.80,1534.80,3416
2026-09-29 09:41:00,1534.80,1535.80,1534.80,1535.30,4152
2026-09-29 09:42:00,1535.30,1536.30,1535.30,1536.00,1556
2026-09-29 09:43:00,1535.80,1536.30,1535.10,1536.00,5547
2026-09-29 09:44:00,1536.00,1536.00,1535.40,1535.80,1623
2026-09-29 09:45:00,1536.80,1536.90,1536.00,1536.00,2392
2026-09-29 09:46:00,1535.70,1535.70,1532.70,1533.50,4767
2026-09-29 09:47:00,1533.50,1533.50,1532.30,1532.30,2384
2026-09-29 09:48:00,1532.60,1532.60,1531.20,1531.80,2075
2026-09-29 09:49:00,1531.60,1531.80,1531.00,1531.80,2543
2026-09-29 09:50:00,1531.70,1531.70,1528.50,1529.10,8102
2026-09-29 09:51:00,1529.20,1530.30,1528.80,1529.80,3890
2026-09-29 09:52:00,1529.90,1531.50,1529.80,1531.10,1907
2026-09-29 09:53:00,1530.70,1531.40,1530.30,1530.90,2790
2026-09-29 09:54:00,1530.80,1533.40,1530.80,1533.40,3268
2026-09-29 09:55:00,1533.40,1535.20,1533.20,1535.10,2342
2026-09-29 09:56:00,1534.70,1536.80,1533.60,1535.60,6957
2026-09-29 09:57:00,1535.80,1536.80,1535.60,1536.50,3126
2026-09-29 09:58:00,1536.60,1538.50,1536.60,1537.60,4115
2026-09-29 09:59:00,1537.50,1538.50,1537.10,1538.50,2631
2026-09-29 10:00:00,1538.40,1539.50,1537.60,1539.50,4585
2026-09-29 10:01:00,1539.80,1541.60,1539.20,1540.90,6532
2026-09-29 10:02:00,1540.70,1540.70,1536.90,1538.20,4402
2026-09-29 10:03:00,1538.20,1538.20,1534.70,1535.10,2570
2026-09-29 10:04:00,1533.00,1536.30,1532.60,1535.30,11495
2026-09-29 10:05:00,1536.10,1536.10,1535.00,1535.30,7227
2026-09-29 10:06:00,1537.40,1539.10,1536.10,1539.10,14676
2026-09-29 10:07:00,1539.10,1539.10,1537.30,1539.00,3951
2026-09-29 10:08:00,1539.00,1541.60,1538.40,1541.10,27980
2026-09-29 10:09:00,1540.00,1540.40,1538.20,1540.00,42978
2026-09-29 10:10:00,1540.30,1540.30,1538.20,1538.50,7987
2026-09-29 10:11:00,1539.00,1539.10,1537.80,1538.10,1963
2026-09-29 10:12:00,1538.10,1538.10,1537.50,1537.50,1868
2026-09-29 10:13:00,1538.00,1538.00,1537.00,1537.60,3629
2026-09-29 10:14:00,1537.30,1538.90,1536.80,1538.90,5080
2026-09-29 10:15:00,1538.10,1539.50,1537.60,1539.10,2418
2026-09-29 10:16:00,1538.70,1539.80,1538.30,1538.70,2723
2026-09-29 10:17:00,1538.40,1538.70,1535.90,1536.50,2068
2026-09-29 10:18:00,1535.90,1536.00,1535.50,1535.70,1390
2026-09-29 10:19:00,1535.30,1537.10,1535.30,1536.40,2665
2026-09-29 10:20:00,1535.90,1536.10,1535.40,1535.80,1530
2026-09-29 10:21:00,1535.90,1537.70,1535.90,1536.50,4099
2026-09-29 10:22:00,1536.50,1537.70,1536.40,1537.00,1110
2026-09-29 10:23:00,1537.00,1537.30,1536.00,1536.00,1059
2026-09-29 10:24:00,1536.00,1537.60,1536.00,1537.00,2429
2026-09-29 10:25:00,1537.00,1538.70,1537.00,1537.90,43068
2026-09-29 10:26:00,1538.00,1540.80,1538.00,1540.80,10471
2026-09-29 10:27:00,1540.00,1540.20,1539.10,1539.40,1937
2026-09-29 10:28:00,1539.40,1543.40,1539.20,1542.40,40654
2026-09-29 10:29:00,1542.40,1543.30,1541.40,1542.00,2512
2026-09-29 10:30:00,1541.60,1542.60,1541.60,1541.90,3916
2026-09-29 10:31:00,1541.90,1544.40,1541.60,1543.80,3340
2026-09-29 10:32:00,1544.00,1544.60,1543.60,1544.20,1577
2026-09-29 10:33:00,1543.80,1544.20,1542.40,1542.70,3466
2026-09-29 10:34:00,1542.30,1543.70,1542.30,1542.70,2217
2026-09-29 10:35:00,1542.60,1544.70,1542.60,1543.80,5179
2026-09-29 10:36:00,1543.80,1543.90,1543.30,1543.70,1036
2026-09-29 10:37:00,1543.30,1544.50,1542.90,1543.00,3463
2026-09-29 10:38:00,1542.90,1543.40,1542.30,1543.20,1810
2026-09-29 10:39:00,1542.70,1543.20,1542.20,1542.20,2625
2026-09-29 10:40:00,1542.60,1542.60,1541.60,1541.60,1606
2026-09-29 10:41:00,1541.60,1543.00,1541.60,1542.10,2445
2026-09-29 10:42:00,1541.90,1542.30,1541.00,1541.90,2607
2026-09-29 10:43:00,1541.70,1541.90,1540.90,1541.00,1613
2026-09-29 10:44:00,1541.30,1541.60,1540.80,1541.10,3132
2026-09-29 10:45:00,1541.50,1541.50,1540.70,1541.10,2336
2026-09-29 10:46:00,1541.50,1543.00,1541.50,1542.30,2289
2026-09-29 10:47:00,1542.30,1542.70,1542.20,1542.50,2256
2026-09-29 10:48:00,1542.70,1542.70,1541.90,1542.10,3559
2026-09-29 10:49:00,1542.10,1542.40,1541.20,1541.70,1831
2026-09-29 10:50:00,1541.30,1541.70,1540.80,1540.90,4006
2026-09-29 10:51:00,1540.90,1541.60,1540.90,1541.30,2181
2026-09-29 10:52:00,1541.20,1541.60,1541.00,1541.60,3244
2026-09-29 10:53:00,1541.10,1542.00,1541.10,1542.00,1786
2026-09-29 10:54:00,1541.50,1545.00,1541.50,1544.90,2856
2026-09-29 10:55:00,1544.40,1546.50,1544.40,1546.20,4190
2026-09-29 10:56:00,1546.20,1546.40,1545.10,1545.10,3158
2026-09-29 10:57:00,1545.10,1545.40,1544.80,1544.80,1737
2026-09-29 10:58:00,1546.00,1546.00,1545.00,1545.10,3310
2026-09-29 10:59:00,1545.10,1545.70,1544.90,1545.60,2493
2026-09-29 11:00:00,1545.10,1546.50,1544.90,1546.50,2518
2026-09-29 11:01:00,1546.30,1547.30,1545.90,1546.20,4801
2026-09-29 11:02:00,1546.20,1546.20,1544.40,1545.40,3759
2026-09-29 11:03:00,1545.50,1546.50,1545.50,1545.70,2912
2026-09-29 11:04:00,1546.00,1547.30,1545.70,1546.20,2354
2026-09-29 11:05:00,1546.60,1546.60,1543.70,1543.70,4637
2026-09-29 11:06:00,1543.50,1544.60,1543.50,1544.40,4081
2026-09-29 11:07:00,1544.30,1544.60,1543.00,1544.00,4700
2026-09-29 11:08:00,1544.00,1544.50,1543.50,1543.50,2381
2026-09-29 11:09:00,1543.50,1543.60,1541.20,1541.20,27375
2026-09-29 11:10:00,1541.30,1542.70,1539.20,1540.70,44749
2026-09-29 11:11:00,1541.00,1542.10,1540.30,1540.40,58794
2026-09-29 11:12:00,1540.30,1542.20,1540.20,1540.50,40640
2026-09-29 11:13:00,1539.90,1542.60,1539.90,1542.00,13699
2026-09-29 11:14:00,1541.70,1543.40,1541.00,1542.30,15229
2026-09-29 11:15:00,1542.20,1542.90,1541.50,1541.50,1944
2026-09-29 11:16:00,1541.10,1541.90,1540.70,1541.20,3568
2026-09-29 11:17:00,1541.10,1542.20,1541.10,1542.00,2116
2026-09-29 11:18:00,1542.00,1542.00,1540.80,1541.10,4889
2026-09-29 11:19:00,1541.40,1542.10,1541.20,1541.50,3142
2026-09-29 11:20:00,1541.50,1542.70,1541.50,1542.60,1701
2026-09-29 11:21:00,1542.30,1542.90,1541.80,1541.80,1961
2026-09-29 11:22:00,1541.80,1542.00,1541.30,1541.60,2011
2026-09-29 11:23:00,1541.30,1541.60,1540.70,1541.00,2058
2026-09-29 11:24:00,1540.70,1540.80,1540.20,1540.40,2338
2026-09-29 11:25:00,1540.50,1542.00,1540.30,1541.70,3823
2026-09-29 11:26:00,1541.70,1542.20,1541.60,1542.10,1297
2026-09-29 11:27:00,1541.90,1542.00,1541.00,1541.10,3937
2026-09-29 11:28:00,1541.10,1543.20,1540.90,1542.90,3764
2026-09-29 11:29:00,1542.10,1542.80,1542.10,1542.80,2953
2026-09-29 11:30:00,1542.80,1547.60,1542.80,1546.90,7385
2026-09-29 11:31:00,1547.60,1549.10,1544.90,1544.90,11413
2026-09-29 11:32:00,1545.50,1545.60,1543.30,1543.30,3205
2026-09-29 11:33:00,1543.30,1545.50,1543.20,1544.30,3101
2026-09-29 11:34:00,1544.30,1544.40,1543.00,1543.00,2976
2026-09-29 11:35:00,1543.20,1546.00,1543.00,1545.60,5234
2026-09-29 11:36:00,1546.00,1549.30,1546.00,1547.60,5549
2026-09-29 11:37:00,1547.60,1547.90,1545.70,1546.80,4157
2026-09-29 11:38:00,1546.80,1548.40,1546.80,1548.10,3407
2026-09-29 11:39:00,1547.60,1549.50,1547.50,1549.50,4057
2026-09-29 11:40:00,1549.20,1550.30,1549.20,1549.80,6680
2026-09-29 11:41:00,1549.50,1550.30,1548.30,1550.00,6174
2026-09-29 11:42:00,1549.40,1549.90,1547.80,1548.80,6040
2026-09-29 11:43:00,1548.20,1548.50,1547.50,1547.60,3680
2026-09-29 11:44:00,1548.10,1549.80,1547.60,1549.00,4187
2026-09-29 11:45:00,1548.40,1548.40,1547.00,1547.30,5260
2026-09-29 11:46:00,1547.50,1547.90,1546.60,1547.10,8824
2026-09-29 11:47:00,1546.60,1547.40,1545.60,1546.50,7499
2026-09-29 11:48:00,1545.90,1546.80,1545.90,1546.10,5635
2026-09-29 11:49:00,1546.10,1546.40,1544.60,1544.60,4584
2026-09-29 11:50:00,1544.70,1545.50,1543.80,1545.50,6171
2026-09-29 11:51:00,1545.20,1546.20,1544.40,1545.20,3959
2026-09-29 11:52:00,1545.20,1545.40,1544.20,1544.90,4076
2026-09-29 11:53:00,1544.60,1545.50,1544.00,1544.00,5129
2026-09-29 11:54:00,1544.00,1544.50,1543.50,1543.50,4855
2026-09-29 11:55:00,1543.60,1545.00,1543.10,1543.60,5484
2026-09-29 11:56:00,1544.30,1544.40,1542.50,1542.50,4346
2026-09-29 11:57:00,1542.70,1542.70,1541.00,1542.70,6693
2026-09-29 11:58:00,1542.00,1543.40,1542.00,1543.40,4243
2026-09-29 11:59:00,1542.90,1543.40,1542.00,1542.60,3840
2026-09-29 12:00:00,1542.20,1544.30,1542.00,1544.00,7527
2026-09-29 12:01:00,1543.50,1545.20,1543.00,1543.00,7707
2026-09-29 12:02:00,1543.00,1543.00,1540.80,1541.70,4600
2026-09-29 12:03:00,1541.40,1542.70,1540.90,1542.10,5211
2026-09-29 12:04:00,1542.00,1543.30,1541.10,1542.60,6384
2026-09-29 12:05:00,1541.90,1542.70,1541.70,1542.70,4789
2026-09-29 12:06:00,1542.60,1543.00,1541.40,1542.00,4472
2026-09-29 12:07:00,1541.60,1543.40,1541.10,1542.10,6077
2026-09-29 12:08:00,1542.10,1542.80,1541.20,1542.00,6117
2026-09-29 12:09:00,1541.70,1542.60,1540.50,1542.40,5726
2026-09-29 12:10:00,1541.80,1543.40,1540.70,1542.70,6100
2026-09-29 12:11:00,1541.90,1542.60,1541.20,1541.80,4854
2026-09-29 12:12:00,1541.40,1542.40,1540.40,1542.30,5088
2026-09-29 12:13:00,1541.70,1542.40,1540.80,1541.20,5534
2026-09-29 12:14:00,1540.60,1541.80,1540.40,1541.10,6359
2026-09-29 12:15:00,1541.10,1541.70,1540.00,1541.20,5335
2026-09-29 12:16:00,1541.00,1541.30,1540.50,1541.30,3435
2026-09-29 12:17:00,1540.80,1541.70,1540.50,1541.00,4426
2026-09-29 12:18:00,1541.00,1541.90,1540.20,1541.80,4504
2026-09-29 12:19:00,1542.50,1542.50,1541.10,1542.00,3634
2026-09-29 12:20:00,1541.70,1542.00,1541.20,1541.70,4081
2026-09-29 12:21:00,1541.80,1542.00,1541.10,1541.80,3578
2026-09-29 12:22:00,1541.60,1542.00,1541.10,1542.00,4643
2026-09-29 12:23:00,1541.40,1542.00,1541.20,1541.20,3793
2026-09-29 12:24:00,1541.60,1543.10,1541.50,1543.00,6852
2026-09-29 12:25:00,1542.90,1542.90,1541.80,1542.10,4166
2026-09-29 12:26:00,1541.70,1542.20,1540.90,1541.20,3755
2026-09-29 12:27:00,1541.70,1542.00,1539.20,1539.80,7193
2026-09-29 12:28:00,1539.60,1540.00,1539.20,1540.00,3954
2026-09-29 12:29:00,1540.50,1540.50,1539.90,1540.50,4190
2026-09-29 12:30:00,1540.00,1540.10,1538.50,1540.00,6342
2026-09-29 12:31:00,1539.60,1539.90,1538.80,1538.90,4498
2026-09-29 12:32:00,1538.90,1538.90,1535.90,1535.90,11315
2026-09-29 12:33:00,1535.90,1536.90,1535.50,1536.90,6294
2026-09-29 12:34:00,1537.00,1538.70,1537.00,1538.70,2778
2026-09-29 12:35:00,1538.30,1539.10,1536.50,1537.10,7009
2026-09-29 12:36:00,1537.30,1537.40,1536.50,1537.30,5681
2026-09-29 12:37:00,1537.30,1537.90,1536.90,1537.10,3764
2026-09-29 12:38:00,1537.10,1537.10,1536.30,1536.30,4416
2026-09-29 12:39:00,1536.60,1537.80,1536.60,1537.30,4468
2026-09-29 12:40:00,1537.30,1537.80,1536.70,1536.80,2487
2026-09-29 12:41:00,1536.90,1537.20,1536.10,1536.20,4808
2026-09-29 12:42:00,1536.00,1536.60,1536.00,1536.00,2590
2026-09-29 12:43:00,1536.50,1536.50,1535.20,1535.40,3905
2026-09-29 12:44:00,1535.40,1538.40,1535.10,1537.20,9902
2026-09-29 12:45:00,1537.10,1538.90,1537.10,1538.70,5585
2026-09-29 12:46:00,1537.80,1538.90,1537.20,1538.40,5749
2026-09-29 12:47:00,1537.70,1540.00,1537.40,1539.70,5467
2026-09-29 12:48:00,1538.90,1539.70,1538.90,1539.50,3846
2026-09-29 12:49:00,1538.90,1539.00,1536.50,1536.70,3817
2026-09-29 12:50:00,1536.60,1537.10,1536.30,1536.30,3663
2026-09-29 12:51:00,1536.10,1536.50,1534.40,1534.40,11887
2026-09-29 12:52:00,1534.30,1534.90,1534.00,1534.10,2493
2026-09-29 12:53:00,1534.10,1534.60,1534.00,1534.10,3388
2026-09-29 12:54:00,1534.00,1534.60,1533.70,1534.60,2425
2026-09-29 12:55:00,1534.40,1534.70,1533.80,1534.50,4892
2026-09-29 12:56:00,1534.30,1534.50,1533.60,1533.60,3533
2026-09-29 12:57:00,1533.60,1533.90,1533.20,1533.20,4083
2026-09-29 12:58:00,1532.80,1533.20,1532.00,1532.00,6082
2026-09-29 12:59:00,1531.70,1534.50,1531.60,1534.00,10787
2026-09-29 13:00:00,1533.80,1534.50,1532.50,1532.80,4266
2026-09-29 13:01:00,1532.80,1533.20,1531.30,1533.10,6210
2026-09-29 13:02:00,1532.80,1533.70,1531.30,1532.10,30333
2026-09-29 13:03:00,1532.00,1532.60,1531.60,1532.00,3842
2026-09-29 13:04:00,1532.00,1532.00,1531.50,1531.50,2189
2026-09-29 13:05:00,1531.50,1531.80,1530.90,1531.20,6755
2026-09-29 13:06:00,1531.30,1531.60,1530.70,1531.40,3200
2026-09-29 13:07:00,1531.50,1532.10,1531.40,1532.00,4368
2026-09-29 13:08:00,1532.00,1532.80,1532.00,1532.10,3493
2026-09-29 13:09:00,1532.40,1533.70,1532.40,1532.60,6149
2026-09-29 13:10:00,1532.40,1533.70,1531.30,1533.70,8893
2026-09-29 13:11:00,1534.10,1534.50,1532.90,1533.30,6479
2026-09-29 13:12:00,1533.00,1534.40,1532.80,1533.20,4806
2026-09-29 13:13:00,1533.20,1533.60,1532.60,1532.60,4838
2026-09-29 13:14:00,1532.60,1533.50,1531.90,1533.50,4913
2026-09-29 13:15:00,1532.90,1532.90,1530.70,1532.80,9006
2026-09-29 13:16:00,1532.40,1533.40,1532.30,1532.60,4152
2026-09-29 13:17:00,1532.50,1533.90,1532.30,1532.50,5400
2026-09-29 13:18:00,1533.00,1533.80,1532.30,1533.20,6963
2026-09-29 13:19:00,1533.20,1533.60,1531.60,1532.70,7327
2026-09-29 13:20:00,1532.20,1533.60,1531.80,1532.70,10222
2026-09-29 13:21:00,1532.70,1534.20,1531.80,1534.20,7059
2026-09-29 13:22:00,1534.20,1534.70,1533.00,1533.40,4703
2026-09-29 13:23:00,1533.00,1534.20,1532.90,1533.80,4500
2026-09-29 13:24:00,1533.40,1533.70,1532.90,1533.60,3669
2026-09-29 13:25:00,1533.00,1535.10,1532.90,1533.40,4377
2026-09-29 13:26:00,1533.10,1534.30,1532.50,1534.10,6648
2026-09-29 13:27:00,1533.70,1534.20,1532.90,1533.30,6368
2026-09-29 13:28:00,1533.50,1534.00,1532.10,1532.50,6472
2026-09-29 13:29:00,1532.60,1533.10,1531.70,1532.60,4679
2026-09-29 13:30:00,1532.50,1533.00,1532.20,1532.80,3832
2026-09-29 13:31:00,1532.70,1533.60,1532.20,1532.60,6906
2026-09-29 13:32:00,1533.40,1533.40,1531.40,1531.90,8721
2026-09-29 13:33:00,1531.90,1532.90,1531.70,1531.70,5093
2026-09-29 13:34:00,1531.70,1532.10,1531.30,1531.60,4198
2026-09-29 13:35:00,1531.50,1531.90,1530.80,1531.20,4840
2026-09-29 13:36:00,1531.20,1531.70,1530.40,1531.10,7645
2026-09-29 13:37:00,1531.10,1531.30,1530.40,1530.80,6280
2026-09-29 13:38:00,1530.70,1530.70,1530.00,1530.30,3920
2026-09-29 13:39:00,1530.30,1530.50,1529.60,1529.70,6530
2026-09-29 13:40:00,1529.70,1530.10,1529.20,1529.60,4429
2026-09-29 13:41:00,1529.70,1530.10,1528.60,1528.90,5681
2026-09-29 13:42:00,1528.90,1530.40,1528.90,1529.30,5769
2026-09-29 13:43:00,1529.20,1529.60,1528.90,1529.40,2539
2026-09-29 13:44:00,1529.10,1529.40,1528.60,1529.00,2795
2026-09-29 13:45:00,1529.40,1530.00,1528.50,1529.50,3282
2026-09-29 13:46:00,1529.80,1530.10,1529.40,1529.90,3132
2026-09-29 13:47:00,1529.80,1531.40,1529.20,1531.00,4583
2026-09-29 13:48:00,1531.00,1532.00,1530.40,1531.70,4753
2026-09-29 13:49:00,1531.70,1532.20,1531.20,1531.80,13837
2026-09-29 13:50:00,1531.80,1534.40,1531.60,1534.40,20889
2026-09-29 13:51:00,1533.90,1534.90,1533.10,1534.20,8706
2026-09-29 13:52:00,1534.20,1534.80,1532.90,1533.00,4123
2026-09-29 13:53:00,1532.90,1533.20,1531.90,1532.70,5144
2026-09-29 13:54:00,1532.30,1532.60,1531.50,1532.00,4222
2026-09-29 13:55:00,1532.10,1532.60,1531.40,1531.80,4867
2026-09-29 13:56:00,1531.80,1532.40,1531.10,1532.40,3612
2026-09-29 13:57:00,1532.10,1533.00,1531.30,1531.50,4436
2026-09-29 13:58:00,1531.30,1533.50,1531.10,1532.80,4965
2026-09-29 13:59:00,1532.60,1533.70,1532.40,1533.00,4592
2026-09-29 14:00:00,1532.90,1534.40,1532.80,1533.40,3196
2026-09-29 14:01:00,1533.00,1533.50,1532.90,1533.10,2721
2026-09-29 14:02:00,1532.90,1533.60,1532.50,1532.90,4149
2026-09-29 14:03:00,1532.90,1534.50,1532.60,1533.90,5485
2026-09-29 14:04:00,1533.70,1534.50,1533.10,1533.20,3914
2026-09-29 14:05:00,1533.20,1535.70,1533.10,1534.10,7780
2026-09-29 14:06:00,1533.90,1535.30,1533.90,1534.80,3317
2026-09-29 14:07:00,1534.30,1534.90,1534.30,1534.80,2207
2026-09-29 14:08:00,1534.30,1534.50,1534.10,1534.40,3526
2026-09-29 14:09:00,1534.30,1535.20,1534.30,1535.10,4424
2026-09-29 14:10:00,1535.10,1536.10,1534.90,1534.90,4759
2026-09-29 14:11:00,1534.60,1535.20,1533.90,1534.50,2567
2026-09-29 14:12:00,1533.90,1534.50,1532.60,1533.40,4215
2026-09-29 14:13:00,1533.60,1534.10,1532.90,1533.50,4618
2026-09-29 14:14:00,1534.30,1536.50,1533.20,1535.00,16139
2026-09-29 14:15:00,1535.00,1535.10,1533.90,1534.50,9684
2026-09-29 14:16:00,1534.10,1535.50,1533.90,1534.50,4000
2026-09-29 14:17:00,1534.50,1535.60,1533.60,1534.70,5012
2026-09-29 14:18:00,1535.10,1535.10,1533.90,1533.90,3014
2026-09-29 14:19:00,1533.90,1533.90,1532.90,1532.90,3857
2026-09-29 14:20:00,1532.60,1534.20,1532.60,1533.50,4049
2026-09-29 14:21:00,1533.20,1533.40,1531.80,1531.80,4241
2026-09-29 14:22:00,1532.00,1533.80,1531.60,1532.40,7385
2026-09-29 14:23:00,1532.40,1532.50,1531.10,1531.10,3586
2026-09-29 14:24:00,1531.40,1532.60,1531.10,1531.80,4136
2026-09-29 14:25:00,1531.40,1532.20,1531.00,1531.00,5121
2026-09-29 14:26:00,1531.60,1531.60,1530.50,1530.50,2923
2026-09-29 14:27:00,1530.50,1531.80,1530.50,1531.00,6731
2026-09-29 14:28:00,1531.00,1533.20,1530.70,1532.60,6916
2026-09-29 14:29:00,1532.60,1533.50,1532.50,1533.00,4260
2026-09-29 14:30:00,1532.90,1534.10,1532.80,1533.90,6035
2026-09-29 14:31:00,1534.10,1534.40,1533.70,1533.90,3590
2026-09-29 14:32:00,1533.50,1533.50,1531.90,1532.40,13201
2026-09-29 14:33:00,1532.10,1533.30,1531.60,1531.60,3220
2026-09-29 14:34:00,1531.60,1531.90,1531.20,1531.20,4289
2026-09-29 14:35:00,1531.20,1532.10,1531.20,1531.40,7194
2026-09-29 14:36:00,1531.60,1532.80,1531.60,1532.30,4895
2026-09-29 14:37:00,1532.30,1533.00,1532.20,1532.20,5264
2026-09-29 14:38:00,1532.20,1533.70,1532.00,1533.10,8813
2026-09-29 14:39:00,1533.10,1534.40,1533.00,1533.00,3849
2026-09-29 14:40:00,1533.00,1533.30,1532.60,1532.70,3895
2026-09-29 14:41:00,1532.70,1533.80,1532.60,1533.40,7241
2026-09-29 14:42:00,1533.30,1533.30,1531.40,1532.10,11104
2026-09-29 14:43:00,1532.10,1532.60,1531.90,1532.50,5534
2026-09-29 14:44:00,1532.60,1532.90,1532.20,1532.40,4154
2026-09-29 14:45:00,1532.30,1532.40,1531.50,1531.60,7037
2026-09-29 14:46:00,1531.30,1532.00,1531.30,1531.90,8267
2026-09-29 14:47:00,1532.20,1532.20,1531.30,1531.70,4212
2026-09-29 14:48:00,1531.40,1532.30,1531.40,1531.40,4897
2026-09-29 14:49:00,1531.50,1532.00,1531.00,1531.30,8445
2026-09-29 14:50:00,1531.80,1533.00,1531.00,1532.50,8924
2026-09-29 14:51:00,1531.90,1533.20,1531.70,1531.90,7894
2026-09-29 14:52:00,1531.90,1533.90,1531.80,1533.90,9895
2026-09-29 14:53:00,1533.50,1534.10,1532.40,1532.90,12260
2026-09-29 14:54:00,1532.30,1532.80,1531.90,1532.60,9710
2026-09-29 14:55:00,1532.60,1533.10,1532.00,1532.20,18085
2026-09-29 14:56:00,1532.60,1532.60,1531.60,1532.20,11906
2026-09-29 14:57:00,1532.20,1532.50,1531.50,1532.10,11646
2026-09-29 14:58:00,1532.10,1532.40,1531.50,1531.80,10743
2026-09-29 14:59:00,1531.70,1535.80,1531.30,1535.80,26924
2026-09-29 15:00:00,1535.80,1539.10,1534.00,1539.10,33701
2026-09-29 15:01:00,1538.70,1541.70,1536.20,1540.00,72202
2026-09-29 15:02:00,1539.30,1541.30,1537.00,1537.00,45849
2026-09-29 15:03:00,1537.00,1537.00,1530.00,1530.00,11235
2026-09-29 15:04:00,1529.90,1530.50,1528.30,1528.50,17473
2026-09-29 15:05:00,1528.40,1531.00,1527.70,1530.30,24606
2026-09-29 15:06:00,1530.30,1530.30,1529.20,1529.30,10187
2026-09-29 15:07:00,1529.40,1530.20,1527.80,1527.90,36421
2026-09-29 15:08:00,1528.20,1529.50,1526.60,1527.00,19844
2026-09-29 15:09:00,1527.80,1529.70,1527.80,1528.70,21847
2026-09-29 15:10:00,1528.80,1530.00,1528.10,1529.20,29088
2026-09-29 15:11:00,1529.20,1529.20,1526.80,1526.90,14368
2026-09-29 15:12:00,1527.00,1527.20,1523.00,1525.10,30299
2026-09-29 15:13:00,1525.20,1525.90,1522.70,1525.80,16224
2026-09-29 15:14:00,1526.10,1534.80,1525.20,1528.20,7724
2026-09-29 15:15:00,1528.20,1528.20,1528.20,1528.20,18
2026-09-29 15:16:00,1528.20,1528.20,1528.20,1528.20,0
2026-09-29 15:17:00,1528.20,1528.20,1528.20,1528.20,0
2026-09-29 15:18:00,1528.20,1528.20,1528.20,1528.20,0
2026-09-29 15:19:00,1528.20,1528.20,1528.20,1528.20,0
2026-09-29 15:20:00,1528.20,1528.20,1528.20,1528.20,0
2026-09-29 15:21:00,1528.20,1528.20,1528.20,1528.20,0
2026-09-29 15:22:00,1528.20,1528.20,1528.20,1528.20,0
2026-09-29 15:23:00,1528.20,1528.20,1528.20,1528.20,0
2026-09-29 15:24:00,1528.20,1528.20,1528.20,1528.20,0
2026-09-29 15:25:00,1528.20,1528.20,1528.20,1528.20,0
2026-09-29 15:26:00,1528.20,1528.20,1528.20,1528.20,0
2026-09-29 15:27:00,1528.20,1528.20,1528.20,1528.20,0
2026-09-29 15:28:00,1528.20,1528.20,1528.20,1528.20,0
2026-09-29 15:29:00,1528.20,1528.20,1510.50,1510.50,725530
2026-09-30 09:15:00,1524.60,1526.90,1518.00,1521.80,27119
2026-09-30 09:16:00,1521.50,1533.90,1521.50,1532.50,22547
2026-09-30 09:17:00,1533.10,1536.10,1530.70,1533.00,34767
2026-09-30 09:18:00,1533.30,1538.70,1532.90,1534.10,20610
2026-09-30 09:19:00,1533.20,1538.10,1532.50,1538.10,15963
2026-09-30 09:20:00,1538.20,1541.50,1538.00,1541.50,29344
2026-09-30 09:21:00,1541.10,1545.40,1538.90,1540.00,11000
2026-09-30 09:22:00,1540.00,1541.80,1538.20,1538.20,24141
2026-09-30 09:23:00,1538.10,1542.30,1538.10,1538.50,11431
2026-09-30 09:24:00,1539.00,1545.00,1538.80,1543.40,10783
2026-09-30 09:25:00,1543.30,1544.30,1543.00,1543.80,6318
2026-09-30 09:26:00,1543.40,1545.50,1542.80,1544.60,18370
2026-09-30 09:27:00,1544.40,1546.00,1542.60,1542.60,8562
2026-09-30 09:28:00,1542.60,1545.80,1542.20,1544.80,5538
2026-09-30 09:29:00,1544.50,1547.50,1543.70,1546.90,12976
2026-09-30 09:30:00,1546.90,1549.70,1546.60,1547.60,10146
2026-09-30 09:31:00,1547.50,1549.30,1546.60,1546.60,6677
2026-09-30 09:32:00,1546.70,1552.00,1546.70,1551.50,13480
2026-09-30 09:33:00,1551.50,1551.50,1549.30,1549.80,6930
2026-09-30 09:34:00,1549.80,1551.20,1548.10,1549.00,9749
2026-09-30 09:35:00,1549.00,1553.40,1548.90,1552.00,6555
2026-09-30 09:36:00,1552.60,1553.00,1550.50,1551.00,8545
2026-09-30 09:37:00,1551.20,1551.60,1550.40,1550.40,2915
2026-09-30 09:38:00,1550.50,1552.50,1550.50,1552.00,2462
2026-09-30 09:39:00,1551.80,1551.80,1546.30,1546.30,14097
2026-09-30 09:40:00,1546.30,1547.70,1546.30,1546.30,12581
2026-09-30 09:41:00,1546.30,1550.40,1546.00,1549.50,19937
2026-09-30 09:42:00,1549.80,1549.80,1547.10,1547.40,2989
2026-09-30 09:43:00,1547.20,1549.70,1547.10,1548.60,2713
2026-09-30 09:44:00,1548.10,1548.30,1547.20,1547.80,2013
2026-09-30 09:45:00,1547.80,1549.20,1546.50,1546.50,4509
2026-09-30 09:46:00,1546.10,1548.00,1545.00,1545.30,3660
2026-09-30 09:47:00,1544.90,1545.00,1542.20,1542.20,7808
2026-09-30 09:48:00,1542.20,1544.40,1541.70,1543.70,7812
2026-09-30 09:49:00,1543.50,1543.90,1541.30,1541.40,3649
2026-09-30 09:50:00,1541.00,1542.10,1540.10,1542.10,2919
2026-09-30 09:51:00,1542.60,1543.80,1542.30,1543.50,1350
2026-09-30 09:52:00,1543.50,1543.50,1543.00,1543.40,1401
2026-09-30 09:53:00,1543.20,1545.00,1543.20,1545.00,1470
2026-09-30 09:54:00,1545.50,1549.00,1545.20,1549.00,4032
2026-09-30 09:55:00,1549.00,1550.80,1547.40,1548.80,6873
2026-09-30 09:56:00,1548.80,1550.70,1548.70,1549.70,3634
2026-09-30 09:57:00,1549.40,1550.40,1548.80,1550.10,4155
2026-09-30 09:58:00,1550.40,1552.00,1550.40,1551.10,7006
2026-09-30 09:59:00,1550.50,1552.10,1550.10,1550.50,2082
2026-09-30 10:00:00,1550.30,1550.50,1545.10,1547.60,14184
2026-09-30 10:01:00,1547.70,1550.70,1547.70,1549.40,2896
2026-09-30 10:02:00,1549.70,1551.20,1548.50,1548.60,2072
2026-09-30 10:03:00,1548.50,1549.60,1547.20,1547.20,2987
2026-09-30 10:04:00,1547.20,1548.80,1547.20,1548.00,4935
2026-09-30 10:05:00,1549.00,1549.00,1547.60,1548.00,1067
2026-09-30 10:06:00,1548.50,1549.40,1548.00,1548.20,1815
2026-09-30 10:07:00,1548.20,1549.20,1548.20,1548.80,1092
2026-09-30 10:08:00,1548.80,1551.10,1548.70,1550.70,3908
2026-09-30 10:09:00,1551.10,1554.50,1551.10,1554.00,11548
2026-09-30 10:10:00,1553.80,1556.30,1553.70,1554.90,12804
2026-09-30 10:11:00,1554.90,1556.00,1553.60,1553.60,4544
2026-09-30 10:12:00,1553.70,1558.40,1553.70,1557.30,5135
2026-09-30 10:13:00,1557.10,1558.00,1556.70,1556.90,5787
2026-09-30 10:14:00,1557.00,1558.00,1556.70,1556.70,2917
2026-09-30 10:15:00,1556.70,1557.00,1555.20,1555.20,2742
2026-09-30 10:16:00,1555.20,1556.60,1554.90,1555.30,1327
2026-09-30 10:17:00,1555.30,1556.90,1555.30,1555.50,2487
2026-09-30 10:18:00,1555.30,1556.30,1555.00,1555.00,2100
2026-09-30 10:19:00,1555.20,1557.90,1555.10,1557.50,5061
2026-09-30 10:20:00,1557.70,1559.00,1557.50,1558.30,4964
2026-09-30 10:21:00,1558.30,1559.10,1558.30,1558.50,1917
2026-09-30 10:22:00,1558.50,1558.50,1557.00,1557.60,6373
2026-09-30 10:23:00,1557.40,1559.50,1557.40,1558.20,2498
2026-09-30 10:24:00,1558.20,1558.50,1557.00,1557.60,1747
2026-09-30 10:25:00,1558.00,1558.70,1557.50,1557.70,2809
2026-09-30 10:26:00,1557.70,1557.70,1555.80,1556.10,4342
2026-09-30 10:27:00,1556.30,1556.60,1555.50,1555.50,2009
2026-09-30 10:28:00,1555.80,1556.50,1554.70,1555.70,8244
2026-09-30 10:29:00,1555.90,1556.90,1554.90,1555.40,2245
2026-09-30 10:30:00,1555.20,1555.90,1554.20,1554.30,2061
2026-09-30 10:31:00,1554.40,1555.60,1554.10,1554.70,1317
2026-09-30 10:32:00,1553.90,1554.40,1552.40,1552.50,4170
2026-09-30 10:33:00,1552.50,1553.30,1552.10,1552.10,1934
2026-09-30 10:34:00,1552.10,1552.10,1549.00,1550.00,9530
2026-09-30 10:35:00,1549.40,1551.00,1548.50,1548.50,22394
2026-09-30 10:36:00,1548.50,1549.70,1548.50,1549.20,1586
2026-09-30 10:37:00,1549.20,1550.00,1549.20,1550.00,3948
2026-09-30 10:38:00,1550.00,1550.00,1548.50,1548.60,3500
2026-09-30 10:39:00,1548.60,1549.00,1548.50,1549.00,1545
2026-09-30 10:40:00,1549.00,1549.50,1548.50,1548.50,1248
2026-09-30 10:41:00,1548.90,1548.90,1547.00,1547.00,2259
2026-09-30 10:42:00,1547.70,1547.70,1547.10,1547.50,2116
2026-09-30 10:43:00,1547.00,1548.60,1547.00,1547.90,5917
2026-09-30 10:44:00,1547.90,1547.90,1545.00,1546.60,22434
2026-09-30 10:45:00,1546.60,1546.60,1545.50,1546.50,3718
2026-09-30 10:46:00,1546.30,1546.30,1544.00,1544.00,6122
2026-09-30 10:47:00,1544.00,1544.00,1542.00,1542.40,4200
2026-09-30 10:48:00,1542.10,1543.60,1542.10,1543.00,1985
2026-09-30 10:49:00,1542.60,1542.70,1540.80,1541.10,4354
2026-09-30 10:50:00,1541.70,1541.70,1540.20,1540.90,4468
2026-09-30 10:51:00,1541.00,1541.80,1540.50,1541.60,1098
2026-09-30 10:52:00,1541.60,1543.00,1541.50,1541.60,3291
2026-09-30 10:53:00,1541.60,1542.80,1540.90,1542.80,2260
2026-09-30 10:54:00,1542.80,1543.10,1540.90,1541.60,3156
2026-09-30 10:55:00,1541.70,1542.00,1540.50,1540.80,1597
2026-09-30 10:56:00,1540.80,1540.80,1539.10,1539.10,3775
2026-09-30 10:57:00,1538.90,1539.10,1538.80,1538.90,1986
2026-09-30 10:58:00,1539.40,1540.40,1539.20,1540.00,14596
2026-09-30 10:59:00,1540.00,1540.10,1539.30,1539.30,3145
2026-09-30 11:00:00,1539.30,1541.30,1539.30,1540.50,18144
2026-09-30 11:01:00,1540.50,1541.90,1540.00,1541.90,29650
2026-09-30 11:02:00,1541.90,1544.10,1541.90,1543.80,4789
2026-09-30 11:03:00,1543.90,1543.90,1542.00,1542.00,4166
2026-09-30 11:04:00,1542.00,1542.00,1541.10,1541.40,1663
2026-09-30 11:05:00,1541.30,1541.40,1540.80,1541.30,1027
2026-09-30 11:06:00,1540.80,1541.00,1539.00,1539.40,3725
2026-09-30 11:07:00,1539.40,1539.40,1538.20,1538.30,3182
2026-09-30 11:08:00,1538.30,1538.30,1537.40,1537.50,3766
2026-09-30 11:09:00,1537.40,1537.90,1535.40,1535.40,5094
2026-09-30 11:10:00,1535.40,1536.20,1535.40,1535.80,3092
2026-09-30 11:11:00,1535.60,1535.90,1534.50,1534.80,5481
2026-09-30 11:12:00,1534.80,1534.80,1533.40,1533.40,4199
2026-09-30 11:13:00,1532.90,1534.20,1532.70,1533.40,3539
2026-09-30 11:14:00,1533.40,1535.40,1533.20,1534.40,8555
2026-09-30 11:15:00,1534.60,1534.80,1533.40,1534.00,3669
2026-09-30 11:16:00,1533.60,1534.00,1531.00,1531.20,5581
2026-09-30 11:17:00,1531.20,1532.60,1531.20,1532.00,1806
2026-09-30 11:18:00,1531.90,1533.30,1530.70,1532.90,7002
2026-09-30 11:19:00,1532.90,1534.10,1532.60,1533.60,5467
2026-09-30 11:20:00,1534.10,1534.30,1533.50,1534.00,2144
2026-09-30 11:21:00,1534.00,1534.70,1533.00,1533.00,5900
2026-09-30 11:22:00,1533.20,1534.10,1532.70,1532.70,1431
2026-09-30 11:23:00,1532.70,1533.10,1532.30,1532.80,2141
2026-09-30 11:24:00,1532.80,1533.40,1532.40,1532.70,1814
2026-09-30 11:25:00,1533.00,1533.20,1532.30,1532.60,799
2026-09-30 11:26:00,1532.80,1533.00,1532.40,1532.80,1770
2026-09-30 11:27:00,1533.00,1533.00,1532.50,1532.60,1184
2026-09-30 11:28:00,1532.60,1533.70,1531.90,1532.30,5637
2026-09-30 11:29:00,1532.50,1532.50,1531.70,1532.00,1468
2026-09-30 11:30:00,1532.00,1532.60,1531.30,1532.40,2400
2026-09-30 11:31:00,1532.00,1533.00,1531.70,1532.50,1573
2026-09-30 11:32:00,1532.50,1532.50,1531.30,1531.50,1636
2026-09-30 11:33:00,1531.30,1532.40,1531.30,1532.30,1865
2026-09-30 11:34:00,1532.30,1532.30,1531.20,1531.20,2409
2026-09-30 11:35:00,1531.20,1531.90,1530.80,1530.80,1856
2026-09-30 11:36:00,1530.80,1531.20,1530.30,1530.70,1396
2026-09-30 11:37:00,1530.70,1531.40,1530.30,1530.70,1569
2026-09-30 11:38:00,1530.30,1531.40,1530.30,1531.10,942
2026-09-30 11:39:00,1531.10,1531.40,1530.70,1530.90,2432
2026-09-30 11:40:00,1530.80,1531.60,1530.70,1531.40,1164
2026-09-30 11:41:00,1531.40,1532.30,1531.00,1532.00,2476
2026-09-30 11:42:00,1532.00,1532.70,1531.60,1532.00,3819
2026-09-30 11:43:00,1532.00,1532.70,1531.50,1532.00,1451
2026-09-30 11:44:00,1531.70,1532.10,1531.30,1532.10,1151
2026-09-30 11:45:00,1531.50,1531.50,1531.20,1531.30,1157
2026-09-30 11:46:00,1531.00,1532.10,1531.00,1531.80,1571
2026-09-30 11:47:00,1531.80,1532.80,1531.50,1532.00,1575
2026-09-30 11:48:00,1532.60,1533.30,1532.10,1532.80,2003
2026-09-30 11:49:00,1532.80,1533.40,1532.30,1532.90,1701
2026-09-30 11:50:00,1532.90,1533.10,1532.40,1532.60,868
2026-09-30 11:51:00,1532.60,1533.20,1532.30,1532.30,3584
2026-09-30 11:52:00,1532.30,1532.50,1531.70,1532.00,3373
2026-09-30 11:53:00,1532.00,1532.00,1531.20,1531.40,1808
2026-09-30 11:54:00,1531.40,1531.60,1531.40,1531.50,1052
2026-09-30 11:55:00,1531.50,1531.60,1531.10,1531.60,1489
2026-09-30 11:56:00,1531.60,1534.10,1531.60,1533.20,4708
2026-09-30 11:57:00,1533.20,1533.30,1532.40,1532.50,3597
2026-09-30 11:58:00,1532.50,1533.00,1532.00,1533.00,1381
2026-09-30 11:59:00,1533.40,1535.00,1533.00,1534.60,4360
2026-09-30 12:00:00,1534.60,1535.00,1534.10,1534.80,2950
2026-09-30 12:01:00,1534.90,1537.60,1534.90,1536.50,14426
2026-09-30 12:02:00,1536.50,1536.50,1535.50,1535.90,6309
2026-09-30 12:03:00,1535.90,1535.90,1535.30,1535.60,2652
2026-09-30 12:04:00,1535.60,1535.60,1535.10,1535.30,2337
2026-09-30 12:05:00,1535.10,1537.80,1534.40,1537.80,25017
2026-09-30 12:06:00,1538.00,1538.40,1537.50,1537.90,23375
2026-09-30 12:07:00,1537.90,1539.20,1537.80,1539.20,6033
2026-09-30 12:08:00,1539.20,1539.20,1538.30,1538.40,2019
2026-09-30 12:09:00,1538.40,1538.40,1538.10,1538.20,1792
2026-09-30 12:10:00,1538.20,1539.00,1537.80,1538.00,4685
2026-09-30 12:11:00,1538.00,1538.00,1535.00,1535.60,5535
2026-09-30 12:12:00,1535.60,1536.10,1535.10,1536.00,2505
2026-09-30 12:13:00,1536.00,1536.00,1535.00,1535.10,1972
2026-09-30 12:14:00,1535.20,1537.00,1535.00,1536.60,3479
2026-09-30 12:15:00,1536.20,1537.10,1536.10,1536.80,1954
2026-09-30 12:16:00,1536.50,1537.80,1536.30,1537.80,3067
2026-09-30 12:17:00,1538.00,1538.00,1535.80,1536.10,2153
2026-09-30 12:18:00,1536.10,1536.10,1535.00,1535.80,2503
2026-09-30 12:19:00,1535.40,1535.70,1535.10,1535.10,1459
2026-09-30 12:20:00,1535.10,1535.10,1534.20,1534.70,2182
2026-09-30 12:21:00,1534.70,1537.20,1534.30,1536.00,4059
2026-09-30 12:22:00,1536.00,1537.00,1535.70,1537.00,2017
2026-09-30 12:23:00,1537.00,1537.50,1536.30,1537.50,1591
2026-09-30 12:24:00,1537.50,1537.50,1533.70,1534.60,17593
2026-09-30 12:25:00,1534.10,1535.20,1533.70,1534.70,18104
2026-09-30 12:26:00,1534.70,1535.70,1534.40,1534.40,4129
2026-09-30 12:27:00,1534.50,1536.00,1534.30,1534.90,5617
2026-09-30 12:28:00,1534.90,1535.30,1534.50,1535.00,1200
2026-09-30 12:29:00,1535.00,1535.00,1534.00,1534.00,4538
2026-09-30 12:30:00,1533.70,1534.40,1533.40,1533.80,1547
2026-09-30 12:31:00,1533.80,1535.00,1533.70,1534.90,2053
2026-09-30 12:32:00,1534.80,1535.00,1534.30,1535.00,9411
2026-09-30 12:33:00,1535.00,1535.00,1534.40,1534.90,16858
2026-09-30 12:34:00,1534.90,1535.00,1534.50,1535.00,5445
2026-09-30 12:35:00,1534.90,1536.60,1534.90,1536.10,31148
2026-09-30 12:36:00,1536.50,1536.50,1534.60,1535.50,11640
2026-09-30 12:37:00,1535.50,1536.00,1535.00,1535.20,4149
2026-09-30 12:38:00,1535.20,1535.50,1533.30,1534.30,5013
2026-09-30 12:39:00,1534.30,1534.40,1533.20,1533.70,5229
2026-09-30 12:40:00,1533.70,1533.70,1532.50,1533.00,2771
2026-09-30 12:41:00,1533.30,1534.10,1533.20,1533.70,3618
2026-09-30 12:42:00,1533.70,1534.60,1533.50,1534.10,1575
2026-09-30 12:43:00,1534.10,1534.10,1533.50,1533.70,2294
2026-09-30 12:44:00,1534.00,1534.80,1533.70,1534.20,1870
2026-09-30 12:45:00,1534.10,1534.70,1533.90,1534.00,2591
2026-09-30 12:46:00,1533.70,1536.00,1533.70,1535.20,5875
2026-09-30 12:47:00,1535.20,1536.00,1534.90,1534.90,4668
2026-09-30 12:48:00,1534.90,1535.40,1534.30,1535.00,2470
2026-09-30 12:49:00,1535.00,1535.00,1534.60,1534.70,1704
2026-09-30 12:50:00,1534.70,1537.90,1534.60,1537.90,11023
2026-09-30 12:51:00,1538.50,1538.50,1536.50,1536.70,26226
2026-09-30 12:52:00,1536.70,1537.60,1536.20,1536.80,27400
2026-09-30 12:53:00,1536.90,1537.40,1536.10,1537.00,8309
2026-09-30 12:54:00,1537.20,1538.10,1537.10,1538.00,3098
2026-09-30 12:55:00,1537.90,1538.00,1536.00,1536.40,8492
2026-09-30 12:56:00,1536.60,1536.70,1534.90,1536.20,8507
2026-09-30 12:57:00,1536.20,1536.20,1534.30,1534.70,4230
2026-09-30 12:58:00,1534.80,1535.50,1533.00,1534.00,2301
2026-09-30 12:59:00,1533.70,1534.90,1533.50,1534.00,2564
2026-09-30 13:00:00,1534.00,1534.50,1533.50,1533.50,5986
2026-09-30 13:01:00,1532.30,1533.90,1532.30,1533.70,4617
2026-09-30 13:02:00,1533.70,1533.80,1532.80,1533.00,10722
2026-09-30 13:03:00,1533.00,1534.00,1533.00,1533.00,8127
2026-09-30 13:04:00,1533.00,1533.70,1532.00,1532.10,11623
2026-09-30 13:05:00,1531.30,1532.70,1530.90,1532.40,41597
2026-09-30 13:06:00,1532.00,1533.10,1532.00,1532.40,5672
2026-09-30 13:07:00,1532.40,1532.50,1531.50,1531.90,2095
2026-09-30 13:08:00,1532.00,1532.50,1531.50,1531.70,1649
2026-09-30 13:09:00,1531.50,1531.70,1531.50,1531.60,1425
2026-09-30 13:10:00,1531.60,1532.10,1531.10,1531.40,1896
2026-09-30 13:11:00,1531.40,1532.20,1530.80,1530.80,2943
2026-09-30 13:12:00,1531.00,1531.60,1530.80,1531.30,2503
2026-09-30 13:13:00,1531.80,1532.70,1531.50,1531.80,2337
2026-09-30 13:14:00,1531.90,1531.90,1531.20,1531.60,1873
2026-09-30 13:15:00,1531.60,1532.30,1531.00,1531.70,2044
2026-09-30 13:16:00,1531.60,1532.30,1531.50,1531.60,1304
2026-09-30 13:17:00,1531.60,1532.70,1531.60,1532.30,1832
2026-09-30 13:18:00,1532.30,1532.30,1531.50,1531.50,939
2026-09-30 13:19:00,1531.80,1531.80,1531.10,1531.10,814
2026-09-30 13:20:00,1531.20,1531.60,1531.10,1531.20,1596
2026-09-30 13:21:00,1531.20,1533.70,1531.20,1533.10,4578
2026-09-30 13:22:00,1533.70,1533.70,1533.00,1533.00,1923
2026-09-30 13:23:00,1533.40,1534.00,1532.90,1533.00,3053
2026-09-30 13:24:00,1533.10,1533.20,1533.00,1533.10,3288
2026-09-30 13:25:00,1533.20,1534.70,1533.00,1534.00,4270
2026-09-30 13:26:00,1534.00,1534.90,1534.00,1534.30,4861
2026-09-30 13:27:00,1534.00,1534.30,1533.40,1533.80,7045
2026-09-30 13:28:00,1533.40,1533.90,1533.20,1533.70,1628
2026-09-30 13:29:00,1533.70,1533.70,1533.00,1533.00,1632
2026-09-30 13:30:00,1533.10,1534.40,1533.00,1534.10,1443
2026-09-30 13:31:00,1533.90,1535.40,1533.90,1535.00,42687
2026-09-30 13:32:00,1535.00,1536.20,1535.00,1536.20,4857
2026-09-30 13:33:00,1536.20,1536.70,1535.80,1536.60,3572
2026-09-30 13:34:00,1536.60,1537.50,1536.30,1537.20,2374
2026-09-30 13:35:00,1537.40,1537.50,1537.10,1537.30,2211
2026-09-30 13:36:00,1537.40,1537.50,1537.00,1537.10,1677
2026-09-30 13:37:00,1537.00,1538.60,1537.00,1537.30,3660
2026-09-30 13:38:00,1537.10,1537.60,1537.10,1537.60,3236
2026-09-30 13:39:00,1537.50,1538.10,1537.40,1537.70,4757
2026-09-30 13:40:00,1537.80,1538.00,1536.20,1536.50,5548
2026-09-30 13:41:00,1536.70,1536.70,1535.00,1535.00,3007
2026-09-30 13:42:00,1535.30,1536.70,1534.90,1535.60,2220
2026-09-30 13:43:00,1535.60,1536.40,1535.60,1535.60,2558
2026-09-30 13:44:00,1535.80,1536.00,1534.50,1534.80,2386
2026-09-30 13:45:00,1534.30,1534.40,1533.40,1533.60,2344
2026-09-30 13:46:00,1533.60,1534.50,1533.00,1533.50,6918
2026-09-30 13:47:00,1533.00,1533.80,1533.00,1533.20,6273
2026-09-30 13:48:00,1533.20,1533.30,1533.00,1533.00,3627
2026-09-30 13:49:00,1533.00,1533.10,1532.40,1533.00,4189
2026-09-30 13:50:00,1533.00,1533.70,1532.30,1533.70,13456
2026-09-30 13:51:00,1533.70,1534.70,1533.40,1534.10,4076
2026-09-30 13:52:00,1533.70,1534.70,1533.70,1534.20,3302
2026-09-30 13:53:00,1534.40,1534.60,1533.90,1534.30,1623
2026-09-30 13:54:00,1534.30,1534.70,1533.90,1534.40,1567
2026-09-30 13:55:00,1534.40,1535.80,1534.30,1535.10,3177
2026-09-30 13:56:00,1535.50,1535.50,1533.30,1533.30,3731
2026-09-30 13:57:00,1533.30,1534.80,1533.30,1534.80,3841
2026-09-30 13:58:00,1534.70,1535.80,1534.70,1535.50,1460
2026-09-30 13:59:00,1535.60,1535.60,1534.60,1534.70,1670
2026-09-30 14:00:00,1534.70,1535.00,1534.40,1534.50,1844
2026-09-30 14:01:00,1534.50,1534.50,1534.20,1534.20,2841
2026-09-30 14:02:00,1533.90,1534.40,1533.30,1533.80,3501
2026-09-30 14:03:00,1533.70,1533.80,1533.30,1533.50,2060
2026-09-30 14:04:00,1533.50,1534.80,1533.50,1534.10,3336
2026-09-30 14:05:00,1534.00,1534.60,1534.00,1534.10,1005
2026-09-30 14:06:00,1534.70,1534.90,1534.10,1534.70,1943
2026-09-30 14:07:00,1534.70,1534.70,1534.00,1534.10,3691
2026-09-30 14:08:00,1534.50,1536.60,1534.20,1535.50,3842
2026-09-30 14:09:00,1535.40,1536.10,1535.00,1535.00,3658
2026-09-30 14:10:00,1535.00,1536.40,1534.40,1535.90,2869
2026-09-30 14:11:00,1536.10,1536.20,1535.40,1535.50,1811
2026-09-30 14:12:00,1535.60,1535.80,1535.20,1535.50,2440
2026-09-30 14:13:00,1535.80,1536.00,1534.40,1534.40,2095
2026-09-30 14:14:00,1534.50,1535.10,1534.10,1534.50,5181
2026-09-30 14:15:00,1534.60,1534.60,1533.40,1533.40,3284
2026-09-30 14:16:00,1533.70,1534.40,1533.30,1533.40,2675
2026-09-30 14:17:00,1534.00,1534.00,1533.40,1533.40,2214
2026-09-30 14:18:00,1533.10,1533.50,1533.00,1533.50,2341
2026-09-30 14:19:00,1533.40,1533.50,1533.30,1533.40,1540
2026-09-30 14:20:00,1533.30,1533.50,1533.10,1533.50,5653
2026-09-30 14:21:00,1533.50,1533.50,1531.50,1531.80,14275
2026-09-30 14:22:00,1532.20,1532.30,1531.60,1532.10,3575
2026-09-30 14:23:00,1532.30,1532.30,1530.70,1531.00,18135
2026-09-30 14:24:00,1531.20,1531.50,1530.30,1530.90,13523
2026-09-30 14:25:00,1530.90,1530.90,1530.40,1530.60,2236
2026-09-30 14:26:00,1530.60,1531.00,1529.40,1529.90,9169
2026-09-30 14:27:00,1529.90,1529.90,1528.80,1529.20,2522
2026-09-30 14:28:00,1528.90,1530.30,1528.80,1530.20,5681
2026-09-30 14:29:00,1530.20,1530.90,1530.00,1530.70,2669
2026-09-30 14:30:00,1530.70,1531.10,1530.20,1530.20,26313
2026-09-30 14:31:00,1530.50,1532.80,1530.50,1532.80,3429
2026-09-30 14:32:00,1532.80,1532.80,1531.70,1531.70,3187
2026-09-30 14:33:00,1532.00,1532.90,1532.00,1532.20,2975
2026-09-30 14:34:00,1532.40,1532.40,1532.00,1532.20,2218
2026-09-30 14:35:00,1532.20,1533.40,1531.80,1532.40,33646
2026-09-30 14:36:00,1532.40,1532.40,1530.70,1531.10,9414
2026-09-30 14:37:00,1531.10,1531.20,1530.40,1530.80,2486
2026-09-30 14:38:00,1530.50,1530.80,1530.40,1530.70,5587
2026-09-30 14:39:00,1530.50,1530.50,1526.40,1528.50,38651
2026-09-30 14:40:00,1528.50,1529.40,1528.50,1529.00,2832
2026-09-30 14:41:00,1529.00,1529.20,1528.10,1529.10,13346
2026-09-30 14:42:00,1529.00,1529.00,1527.30,1527.30,18978
2026-09-30 14:43:00,1527.30,1528.20,1526.30,1528.10,34068
2026-09-30 14:44:00,1528.00,1528.10,1528.00,1528.00,6537
2026-09-30 14:45:00,1528.00,1528.30,1528.00,1528.00,8541
2026-09-30 14:46:00,1528.00,1528.50,1526.90,1528.50,10690
2026-09-30 14:47:00,1528.50,1530.70,1528.50,1530.20,8623
2026-09-30 14:48:00,1530.60,1531.30,1530.30,1531.30,2950
2026-09-30 14:49:00,1531.30,1531.50,1530.70,1531.00,5415
2026-09-30 14:50:00,1531.00,1533.00,1530.00,1532.40,12759
2026-09-30 14:51:00,1532.40,1533.00,1531.40,1532.20,15126
2026-09-30 14:52:00,1532.20,1533.60,1532.00,1532.60,18295
2026-09-30 14:53:00,1532.80,1532.80,1532.10,1532.40,4620
2026-09-30 14:54:00,1532.20,1533.40,1532.20,1533.20,13209
2026-09-30 14:55:00,1533.20,1533.20,1532.30,1533.00,22134
2026-09-30 14:56:00,1533.00,1533.00,1532.40,1532.70,5300
2026-09-30 14:57:00,1532.70,1532.80,1531.80,1532.60,27406
2026-09-30 14:58:00,1532.60,1532.60,1532.00,1532.00,7614
2026-09-30 14:59:00,1532.00,1532.10,1531.50,1531.60,12063
2026-09-30 15:00:00,1531.50,1532.50,1530.40,1531.30,13889
2026-09-30 15:01:00,1531.30,1531.50,1531.20,1531.30,8386
2026-09-30 15:02:00,1531.10,1531.30,1529.40,1529.80,19485
2026-09-30 15:03:00,1529.80,1532.50,1529.40,1532.50,32496
2026-09-30 15:04:00,1533.40,1534.00,1532.60,1533.50,39857
2026-09-30 15:05:00,1533.20,1533.20,1531.80,1532.40,22461
2026-09-30 15:06:00,1532.40,1533.40,1532.00,1532.00,25330
2026-09-30 15:07:00,1532.00,1532.20,1530.60,1530.60,18773
2026-09-30 15:08:00,1530.90,1532.20,1530.90,1532.20,19356
2026-09-30 15:09:00,1532.20,1532.40,1531.70,1531.80,12868
2026-09-30 15:10:00,1532.00,1532.00,1529.90,1530.00,22515
2026-09-30 15:11:00,1530.00,1530.00,1529.90,1530.00,12526
2026-09-30 15:12:00,1529.90,1531.50,1529.30,1531.50,41674
2026-09-30 15:13:00,1531.00,1531.60,1530.50,1531.00,13726
2026-09-30 15:14:00,1530.70,1535.00,1530.00,1531.40,37784
2026-09-30 15:15:00,1533.40,1533.40,1533.40,1533.40,128
2026-09-30 15:16:00,1533.40,1533.40,1533.40,1533.40,0
2026-09-30 15:17:00,1533.40,1533.40,1533.40,1533.40,0
2026-09-30 15:18:00,1533.40,1533.40,1533.40,1533.40,0
2026-09-30 15:19:00,1533.40,1533.40,1533.40,1533.40,0
2026-09-30 15:20:00,1533.40,1533.40,1533.40,1533.40,0
2026-09-30 15:21:00,1533.40,1533.40,1533.40,1533.40,0
2026-09-30 15:22:00,1533.40,1533.40,1533.40,1533.40,0
2026-09-30 15:23:00,1533.40,1533.40,1533.40,1533.40,0
2026-09-30 15:24:00,1533.40,1533.40,1533.40,1533.40,0
2026-09-30 15:25:00,1533.40,1533.40,1533.40,1533.40,0
2026-09-30 15:26:00,1533.40,1533.40,1533.40,1533.40,0
2026-09-30 15:27:00,1533.40,1533.40,1533.40,1533.40,0
2026-09-30 15:28:00,1533.40,1533.40,1524.00,1524.00,315471
2026-09-30 15:29:00,1524.00,1524.00,1524.00,1524.00,0
2026-10-01 09:15:00,1540.00,1554.80,1539.90,1543.80,109210
2026-10-01 09:16:00,1543.00,1547.70,1532.00,1537.50,72071
2026-10-01 09:17:00,1537.50,1542.40,1530.40,1531.90,39431
2026-10-01 09:18:00,1531.90,1538.00,1531.10,1533.80,16777
2026-10-01 09:19:00,1533.80,1538.20,1530.70,1536.30,24099
2026-10-01 09:20:00,1535.50,1539.00,1535.20,1536.10,10122
2026-10-01 09:21:00,1536.10,1537.40,1534.40,1536.40,7073
2026-10-01 09:22:00,1536.40,1539.20,1536.00,1537.20,6115
2026-10-01 09:23:00,1535.50,1536.90,1535.20,1535.70,8418
2026-10-01 09:24:00,1535.60,1536.50,1534.70,1535.40,5861
2026-10-01 09:25:00,1534.70,1535.50,1533.50,1533.80,9515
2026-10-01 09:26:00,1534.00,1534.90,1533.00,1533.00,7232
2026-10-01 09:27:00,1532.00,1534.60,1531.30,1532.70,11947
2026-10-01 09:28:00,1532.60,1533.20,1530.40,1531.10,7022
2026-10-01 09:29:00,1531.30,1531.30,1527.30,1528.70,19952
2026-10-01 09:30:00,1528.50,1532.50,1528.50,1532.50,6170
2026-10-01 09:31:00,1532.70,1535.40,1532.60,1533.70,10990
2026-10-01 09:32:00,1533.70,1536.10,1533.20,1533.90,9029
2026-10-01 09:33:00,1533.70,1533.70,1530.00,1531.50,10744
2026-10-01 09:34:00,1530.70,1531.30,1528.10,1529.40,4203
2026-10-01 09:35:00,1529.50,1529.50,1525.00,1525.80,16682
2026-10-01 09:36:00,1525.80,1526.50,1523.30,1525.00,21525
2026-10-01 09:37:00,1525.00,1525.00,1522.30,1522.90,6103
2026-10-01 09:38:00,1522.90,1525.00,1522.50,1524.20,3142
2026-10-01 09:39:00,1524.20,1526.60,1524.20,1526.30,3704
2026-10-01 09:40:00,1526.60,1529.20,1526.10,1528.70,8943
2026-10-01 09:41:00,1528.70,1530.50,1527.50,1527.50,7674
2026-10-01 09:42:00,1527.50,1528.00,1526.90,1526.90,3380
2026-10-01 09:43:00,1526.90,1526.90,1525.60,1526.90,1981
2026-10-01 09:44:00,1526.20,1526.90,1526.00,1526.70,1486
2026-10-01 09:45:00,1526.20,1526.20,1524.70,1524.80,4326
2026-10-01 09:46:00,1525.00,1526.70,1525.00,1526.20,1864
2026-10-01 09:47:00,1526.60,1529.10,1526.60,1528.80,3365
2026-10-01 09:48:00,1528.80,1529.60,1528.30,1529.60,2738
2026-10-01 09:49:00,1529.60,1529.80,1528.70,1528.70,3198
2026-10-01 09:50:00,1529.50,1530.00,1528.10,1529.00,2097
2026-10-01 09:51:00,1529.00,1529.70,1528.20,1528.20,1175
2026-10-01 09:52:00,1529.20,1529.70,1528.10,1529.30,2664
2026-10-01 09:53:00,1529.50,1529.50,1526.90,1527.60,2655
2026-10-01 09:54:00,1528.00,1528.70,1527.60,1527.60,1546
2026-10-01 09:55:00,1527.60,1532.20,1526.90,1531.10,18066
2026-10-01 09:56:00,1531.10,1532.40,1530.30,1532.40,2144
2026-10-01 09:57:00,1531.90,1533.20,1531.40,1533.10,3616
2026-10-01 09:58:00,1533.50,1539.00,1533.10,1538.80,17651
2026-10-01 09:59:00,1538.80,1539.60,1537.20,1537.90,25198
2026-10-01 10:00:00,1537.20,1539.80,1537.20,1537.90,10369
2026-10-01 10:01:00,1537.90,1541.80,1537.90,1541.40,10880
2026-10-01 10:02:00,1541.40,1542.60,1541.30,1542.00,5176
2026-10-01 10:03:00,1542.00,1542.90,1541.30,1542.40,5780
2026-10-01 10:04:00,1542.20,1542.80,1541.80,1542.70,1974
2026-10-01 10:05:00,1542.40,1543.80,1541.80,1543.70,3838
2026-10-01 10:06:00,1543.50,1545.40,1543.50,1544.60,11137
2026-10-01 10:07:00,1544.40,1544.40,1542.70,1543.50,2148
2026-10-01 10:08:00,1543.00,1543.40,1540.40,1541.50,5657
2026-10-01 10:09:00,1541.50,1543.90,1541.20,1541.20,4554
2026-10-01 10:10:00,1541.20,1543.70,1539.90,1543.70,5886
2026-10-01 10:11:00,1543.60,1545.60,1543.60,1543.90,4281
2026-10-01 10:12:00,1543.90,1544.60,1542.40,1543.90,1735
2026-10-01 10:13:00,1543.70,1544.50,1543.50,1543.50,1556
2026-10-01 10:14:00,1543.50,1545.00,1542.80,1544.90,3061
2026-10-01 10:15:00,1544.90,1545.90,1544.80,1545.90,4937
2026-10-01 10:16:00,1545.30,1547.90,1545.30,1547.80,6832
2026-10-01 10:17:00,1548.00,1548.80,1547.30,1548.20,13396
2026-10-01 10:18:00,1547.90,1548.80,1546.20,1546.20,4416
2026-10-01 10:19:00,1545.60,1546.50,1544.10,1544.80,4735
2026-10-01 10:20:00,1543.30,1544.40,1542.00,1543.70,8461
2026-10-01 10:21:00,1543.70,1544.00,1541.00,1542.20,3069
2026-10-01 10:22:00,1542.40,1542.40,1540.00,1540.50,680
2026-10-01 10:23:00,1540.50,1543.90,1540.50,1543.00,3917
2026-10-01 10:24:00,1543.10,1543.20,1541.50,1542.50,1973
2026-10-01 10:25:00,1542.10,1543.90,1541.00,1541.60,3371
2026-10-01 10:26:00,1541.60,1542.30,1541.00,1541.10,909
2026-10-01 10:27:00,1540.40,1541.20,1540.20,1541.10,1546
2026-10-01 10:28:00,1541.10,1544.50,1540.90,1544.50,2655
2026-10-01 10:29:00,1543.80,1545.50,1543.70,1545.00,4917
2026-10-01 10:30:00,1545.00,1547.30,1545.00,1547.30,2235
2026-10-01 10:31:00,1546.70,1547.20,1545.50,1546.00,1372
2026-10-01 10:32:00,1546.60,1546.70,1545.60,1546.30,977
2026-10-01 10:33:00,1546.60,1547.60,1546.10,1547.30,3154
2026-10-01 10:34:00,1547.30,1548.40,1546.20,1548.20,3425
2026-10-01 10:35:00,1548.20,1548.20,1547.00,1547.30,1784
2026-10-01 10:36:00,1547.30,1547.60,1546.70,1546.90,1349
2026-10-01 10:37:00,1546.80,1546.90,1544.60,1544.70,5211
2026-10-01 10:38:00,1544.70,1544.70,1543.00,1543.70,1924
2026-10-01 10:39:00,1543.70,1545.00,1543.20,1545.00,2353
2026-10-01 10:40:00,1545.00,1546.00,1544.00,1544.90,3769
2026-10-01 10:41:00,1545.30,1546.10,1544.80,1545.50,3733
2026-10-01 10:42:00,1545.50,1546.50,1545.30,1545.60,954
2026-10-01 10:43:00,1545.60,1547.90,1545.00,1547.90,3314
2026-10-01 10:44:00,1547.70,1547.70,1543.00,1543.00,6701
2026-10-01 10:45:00,1543.00,1543.60,1542.30,1543.00,1754
2026-10-01 10:46:00,1543.00,1546.20,1542.30,1545.20,9193
2026-10-01 10:47:00,1545.20,1546.50,1545.00,1546.10,22163
2026-10-01 10:48:00,1546.10,1547.50,1545.40,1547.00,2698
2026-10-01 10:49:00,1547.00,1547.00,1544.50,1544.90,3992
2026-10-01 10:50:00,1545.20,1545.70,1544.80,1545.10,3220
2026-10-01 10:51:00,1545.10,1546.70,1544.20,1545.40,19696
2026-10-01 10:52:00,1545.40,1546.00,1544.10,1544.80,3921
2026-10-01 10:53:00,1544.30,1545.10,1544.20,1544.70,1844
2026-10-01 10:54:00,1544.30,1545.10,1542.60,1543.20,3376
2026-10-01 10:55:00,1543.20,1543.90,1543.00,1543.00,2309
2026-10-01 10:56:00,1543.80,1543.80,1542.60,1543.00,2445
2026-10-01 10:57:00,1543.00,1543.00,1540.00,1540.50,4891
2026-10-01 10:58:00,1540.30,1541.00,1539.80,1540.70,2662
2026-10-01 10:59:00,1540.70,1541.00,1539.20,1539.90,7819
2026-10-01 11:00:00,1539.90,1539.90,1538.90,1539.40,3648
2026-10-01 11:01:00,1538.30,1539.00,1538.00,1539.00,5308
2026-10-01 11:02:00,1539.00,1539.80,1538.90,1538.90,4062
2026-10-01 11:03:00,1538.90,1539.30,1538.50,1538.80,1703
2026-10-01 11:04:00,1538.80,1539.20,1537.30,1537.30,5922
2026-10-01 11:05:00,1538.00,1538.90,1537.00,1538.50,5457
2026-10-01 11:06:00,1538.00,1538.50,1537.70,1538.50,2414
2026-10-01 11:07:00,1538.50,1538.60,1537.70,1537.70,3810
2026-10-01 11:08:00,1537.90,1537.90,1537.50,1537.50,761
2026-10-01 11:09:00,1537.80,1538.00,1535.90,1536.70,6048
2026-10-01 11:10:00,1536.70,1537.10,1535.80,1536.70,2278
2026-10-01 11:11:00,1537.50,1537.70,1537.00,1537.70,1650
2026-10-01 11:12:00,1537.70,1537.70,1536.60,1536.80,1801
2026-10-01 11:13:00,1536.80,1537.10,1536.30,1537.10,1707
2026-10-01 11:14:00,1537.00,1537.10,1536.30,1536.30,818
2026-10-01 11:15:00,1536.70,1537.10,1535.80,1537.10,16116
2026-10-01 11:16:00,1537.40,1537.70,1536.00,1537.50,13150
2026-10-01 11:17:00,1537.50,1538.90,1537.50,1538.00,1084
2026-10-01 11:18:00,1538.30,1538.40,1537.00,1538.00,1833
2026-10-01 11:19:00,1538.00,1538.00,1536.50,1537.40,1672
2026-10-01 11:20:00,1537.40,1538.10,1537.40,1538.00,769
2026-10-01 11:21:00,1537.40,1538.00,1537.00,1537.70,2543
2026-10-01 11:22:00,1537.70,1537.70,1536.90,1536.90,1379
2026-10-01 11:23:00,1537.00,1539.70,1536.40,1539.30,5143
2026-10-01 11:24:00,1539.10,1539.70,1536.30,1537.60,4361
2026-10-01 11:25:00,1537.50,1537.60,1536.60,1537.00,1534
2026-10-01 11:26:00,1537.00,1538.20,1537.00,1537.40,1272
2026-10-01 11:27:00,1537.90,1537.90,1537.10,1537.90,2108
2026-10-01 11:28:00,1537.80,1537.80,1536.10,1537.20,4824
2026-10-01 11:29:00,1537.20,1537.40,1535.00,1536.70,6282
2026-10-01 11:30:00,1536.70,1536.70,1535.80,1536.50,1508
2026-10-01 11:31:00,1536.50,1536.70,1535.80,1536.40,2451
2026-10-01 11:32:00,1536.40,1536.40,1535.10,1535.70,2635
2026-10-01 11:33:00,1535.30,1535.70,1534.50,1535.10,2583
2026-10-01 11:34:00,1534.60,1535.70,1534.20,1535.70,7496
2026-10-01 11:35:00,1534.80,1536.60,1534.80,1535.80,2367
2026-10-01 11:36:00,1535.40,1536.00,1534.60,1535.90,3007
2026-10-01 11:37:00,1535.40,1535.90,1534.10,1534.90,3141
2026-10-01 11:38:00,1534.60,1534.60,1533.50,1534.40,3021
2026-10-01 11:39:00,1534.10,1534.40,1533.40,1533.60,4619
2026-10-01 11:40:00,1534.00,1534.00,1531.30,1531.30,8688
2026-10-01 11:41:00,1531.70,1531.70,1531.00,1531.60,2569
2026-10-01 11:42:00,1531.00,1532.00,1530.50,1530.50,4881
2026-10-01 11:43:00,1530.50,1530.70,1530.10,1530.70,2826
2026-10-01 11:44:00,1530.30,1530.90,1530.30,1530.40,2346
2026-10-01 11:45:00,1530.70,1530.80,1529.00,1529.50,5366
2026-10-01 11:46:00,1529.40,1529.40,1528.70,1528.70,2899
2026-10-01 11:47:00,1528.90,1529.00,1528.20,1528.20,3869
2026-10-01 11:48:00,1527.60,1527.90,1527.00,1527.50,2007
2026-10-01 11:49:00,1527.50,1528.80,1527.10,1528.80,2465
2026-10-01 11:50:00,1528.80,1529.00,1528.00,1529.00,2162
2026-10-01 11:51:00,1528.60,1528.60,1527.50,1528.00,2055
2026-10-01 11:52:00,1527.90,1530.70,1527.30,1530.40,10275
2026-10-01 11:53:00,1530.00,1531.00,1530.00,1531.00,17587
2026-10-01 11:54:00,1530.80,1531.00,1530.00,1530.50,2024
2026-10-01 11:55:00,1530.50,1531.00,1530.00,1531.00,12846
2026-10-01 11:56:00,1531.00,1531.00,1530.00,1530.10,8203
2026-10-01 11:57:00,1530.10,1530.20,1530.00,1530.00,11238
2026-10-01 11:58:00,1530.20,1530.50,1530.00,1530.50,27151
2026-10-01 11:59:00,1530.10,1530.90,1530.00,1530.30,1975
2026-10-01 12:00:00,1530.00,1530.20,1530.00,1530.10,5482
2026-10-01 12:01:00,1530.10,1530.10,1527.70,1528.00,15886
2026-10-01 12:02:00,1528.00,1529.10,1528.00,1528.70,2099
2026-10-01 12:03:00,1528.60,1528.60,1527.60,1528.30,1840
2026-10-01 12:04:00,1528.30,1530.30,1527.40,1530.20,4126
2026-10-01 12:05:00,1530.30,1530.30,1530.00,1530.30,13652
2026-10-01 12:06:00,1530.30,1530.70,1530.00,1530.40,4242
2026-10-01 12:07:00,1530.40,1530.40,1530.00,1530.10,17924
2026-10-01 12:08:00,1530.20,1530.60,1530.00,1530.60,4289
2026-10-01 12:09:00,1530.60,1530.60,1530.00,1530.50,3910
2026-10-01 12:10:00,1530.00,1530.40,1530.00,1530.20,12239
2026-10-01 12:11:00,1530.20,1530.70,1530.00,1530.70,3400
2026-10-01 12:12:00,1530.20,1531.10,1530.00,1530.00,25310
2026-10-01 12:13:00,1530.10,1530.90,1530.00,1530.70,4784
2026-10-01 12:14:00,1530.70,1530.70,1530.00,1530.30,8038
2026-10-01 12:15:00,1530.30,1530.30,1527.70,1529.00,23685
2026-10-01 12:16:00,1529.00,1529.20,1528.20,1529.00,3905
2026-10-01 12:17:00,1528.50,1529.00,1528.00,1528.70,3022
2026-10-01 12:18:00,1528.60,1528.60,1527.40,1528.10,2161
2026-10-01 12:19:00,1528.10,1528.40,1527.60,1527.70,3020
2026-10-01 12:20:00,1528.20,1528.70,1527.70,1528.70,4892
2026-10-01 12:21:00,1528.70,1528.70,1526.50,1526.50,3597
2026-10-01 12:22:00,1526.10,1527.60,1525.30,1526.20,7222
2026-10-01 12:23:00,1526.20,1526.60,1525.50,1526.00,4869
2026-10-01 12:24:00,1526.00,1526.10,1525.30,1525.40,2466
2026-10-01 12:25:00,1525.90,1525.90,1525.00,1525.90,3218
2026-10-01 12:26:00,1525.90,1525.90,1524.20,1524.80,7928
2026-10-01 12:27:00,1524.20,1524.70,1523.50,1523.80,3736
2026-10-01 12:28:00,1524.00,1524.00,1522.00,1522.40,6261
2026-10-01 12:29:00,1522.40,1522.90,1520.00,1522.50,12580
2026-10-01 12:30:00,1522.30,1523.70,1521.30,1523.10,7751
2026-10-01 12:31:00,1523.30,1523.30,1522.00,1522.80,2570
2026-10-01 12:32:00,1522.80,1524.30,1522.80,1524.00,2922
2026-10-01 12:33:00,1524.30,1524.50,1523.40,1524.00,2522
2026-10-01 12:34:00,1524.00,1524.90,1523.40,1524.80,3048
2026-10-01 12:35:00,1524.70,1525.00,1523.70,1524.40,2633
2026-10-01 12:36:00,1524.20,1524.90,1523.50,1524.50,3802
2026-10-01 12:37:00,1524.50,1524.90,1523.70,1524.00,2629
2026-10-01 12:38:00,1524.40,1524.80,1523.60,1523.80,3028
2026-10-01 12:39:00,1524.40,1524.50,1523.40,1524.40,2567
2026-10-01 12:40:00,1524.30,1524.50,1523.40,1524.00,2733
2026-10-01 12:41:00,1524.30,1524.50,1523.50,1523.70,2925
2026-10-01 12:42:00,1523.40,1524.20,1523.00,1523.90,2759
2026-10-01 12:43:00,1523.90,1524.20,1522.50,1523.60,3255
2026-10-01 12:44:00,1523.00,1523.60,1522.00,1522.50,4324
2026-10-01 12:45:00,1522.00,1523.00,1521.30,1522.10,2842
2026-10-01 12:46:00,1521.60,1522.10,1521.40,1522.10,3896
2026-10-01 12:47:00,1521.10,1522.00,1520.50,1521.30,4556
2026-10-01 12:48:00,1520.30,1521.00,1520.00,1520.70,6519
2026-10-01 12:49:00,1520.10,1520.10,1517.30,1518.80,10294
2026-10-01 12:50:00,1518.80,1518.80,1516.30,1516.30,13596
2026-10-01 12:51:00,1517.00,1517.00,1516.10,1517.00,6444
2026-10-01 12:52:00,1516.70,1517.00,1515.20,1516.00,5093
2026-10-01 12:53:00,1516.00,1516.00,1515.30,1515.90,3324
2026-10-01 12:54:00,1515.40,1516.70,1515.00,1516.00,6553
2026-10-01 12:55:00,1516.30,1516.70,1515.00,1515.40,5328
2026-10-01 12:56:00,1515.40,1515.50,1515.00,1515.10,4291
2026-10-01 12:57:00,1515.10,1515.90,1514.20,1515.40,20226
2026-10-01 12:58:00,1515.40,1516.70,1515.20,1515.40,3017
2026-10-01 12:59:00,1515.80,1516.60,1515.40,1516.40,3871
2026-10-01 13:00:00,1515.70,1516.70,1515.30,1516.70,3352
2026-10-01 13:01:00,1516.70,1516.70,1516.00,1516.20,3013
2026-10-01 13:02:00,1516.30,1519.00,1516.30,1518.70,5600
2026-10-01 13:03:00,1518.70,1519.30,1517.80,1518.70,5844
2026-10-01 13:04:00,1518.70,1520.00,1518.10,1520.00,6642
2026-10-01 13:05:00,1519.50,1520.20,1518.90,1520.00,3304
2026-10-01 13:06:00,1519.80,1519.80,1518.00,1518.70,4585
2026-10-01 13:07:00,1518.80,1520.00,1517.60,1520.00,4305
2026-10-01 13:08:00,1519.50,1521.00,1519.40,1521.00,4210
2026-10-01 13:09:00,1520.60,1522.00,1520.00,1521.40,5750
2026-10-01 13:10:00,1520.90,1521.50,1520.20,1520.60,4012
2026-10-01 13:11:00,1520.50,1521.20,1520.30,1520.50,3152
2026-10-01 13:12:00,1520.60,1521.40,1520.50,1520.70,5314
2026-10-01 13:13:00,1520.70,1521.30,1520.20,1520.90,3574
2026-10-01 13:14:00,1520.40,1521.40,1520.00,1520.80,3353
2026-10-01 13:15:00,1520.80,1521.00,1519.30,1520.00,4333
2026-10-01 13:16:00,1520.00,1520.40,1519.20,1520.40,3435
2026-10-01 13:17:00,1520.30,1520.60,1519.20,1520.00,3040
2026-10-01 13:18:00,1520.10,1520.30,1519.20,1519.90,2147
2026-10-01 13:19:00,1519.90,1520.30,1519.20,1519.80,3702
2026-10-01 13:20:00,1519.30,1520.90,1519.20,1520.80,2763
2026-10-01 13:21:00,1521.00,1521.50,1520.10,1520.10,2978
2026-10-01 13:22:00,1520.10,1520.80,1519.90,1520.60,2342
2026-10-01 13:23:00,1519.70,1521.20,1519.70,1521.20,1975
2026-10-01 13:24:00,1521.20,1521.80,1520.20,1520.50,4363
2026-10-01 13:25:00,1521.00,1521.80,1519.60,1521.80,2822
2026-10-01 13:26:00,1521.90,1522.30,1520.80,1521.20,3456
2026-10-01 13:27:00,1521.60,1521.90,1520.20,1521.90,5131
2026-10-01 13:28:00,1521.40,1522.60,1520.70,1521.60,3176
2026-10-01 13:29:00,1521.00,1521.40,1520.50,1521.10,2863
2026-10-01 13:30:00,1520.60,1521.20,1519.10,1520.70,5364
2026-10-01 13:31:00,1520.40,1520.80,1519.10,1520.10,3967
2026-10-01 13:32:00,1519.90,1521.00,1518.10,1518.10,12625
2026-10-01 13:33:00,1518.60,1520.90,1517.70,1520.50,5520
2026-10-01 13:34:00,1520.40,1521.00,1519.50,1520.10,6495
2026-10-01 13:35:00,1520.00,1521.00,1519.80,1520.70,4594
2026-10-01 13:36:00,1520.70,1520.70,1519.20,1519.80,3201
2026-10-01 13:37:00,1519.80,1520.70,1518.80,1520.40,3849
2026-10-01 13:38:00,1520.20,1520.40,1519.30,1519.60,3372
2026-10-01 13:39:00,1519.60,1521.00,1519.10,1520.10,3276
2026-10-01 13:40:00,1520.70,1520.80,1519.20,1520.00,4088
2026-10-01 13:41:00,1519.50,1519.60,1518.20,1518.50,5755
2026-10-01 13:42:00,1518.80,1518.80,1517.10,1517.90,3583
2026-10-01 13:43:00,1517.80,1518.30,1516.30,1516.60,4080
2026-10-01 13:44:00,1516.70,1519.00,1516.60,1519.00,3438
2026-10-01 13:45:00,1518.70,1519.30,1517.90,1518.80,2773
2026-10-01 13:46:00,1518.90,1519.10,1518.40,1519.10,3052
2026-10-01 13:47:00,1518.60,1519.10,1518.00,1518.70,3257
2026-10-01 13:48:00,1518.70,1519.60,1517.40,1517.80,2898
2026-10-01 13:49:00,1517.80,1517.80,1516.90,1517.50,2948
2026-10-01 13:50:00,1517.00,1517.70,1516.80,1517.30,2820
2026-10-01 13:51:00,1517.40,1517.90,1516.90,1517.20,3367
2026-10-01 13:52:00,1517.50,1517.80,1516.80,1517.30,3013
2026-10-01 13:53:00,1517.80,1518.20,1516.50,1517.20,3028
2026-10-01 13:54:00,1517.30,1517.40,1516.20,1517.30,2387
2026-10-01 13:55:00,1517.30,1517.50,1516.00,1516.30,3421
2026-10-01 13:56:00,1516.30,1516.90,1515.50,1515.70,4199
2026-10-01 13:57:00,1516.00,1517.00,1515.40,1515.60,6576
2026-10-01 13:58:00,1515.90,1516.00,1515.00,1515.10,3248
2026-10-01 13:59:00,1515.00,1515.90,1514.50,1515.60,16249
2026-10-01 14:00:00,1515.20,1515.70,1513.30,1513.60,5374
2026-10-01 14:01:00,1513.50,1515.00,1512.60,1514.90,8451
2026-10-01 14:02:00,1514.90,1514.90,1512.00,1513.60,15749
2026-10-01 14:03:00,1513.60,1514.90,1513.20,1514.90,3838
2026-10-01 14:04:00,1514.80,1514.80,1513.60,1513.60,3545
2026-10-01 14:05:00,1514.10,1515.40,1513.30,1514.60,4832
2026-10-01 14:06:00,1514.20,1515.50,1514.10,1515.50,3389
2026-10-01 14:07:00,1515.50,1517.90,1515.30,1516.70,3844
2026-10-01 14:08:00,1516.80,1517.30,1516.00,1516.40,4670
2026-10-01 14:09:00,1515.90,1516.50,1515.80,1516.00,5137
2026-10-01 14:10:00,1516.40,1516.80,1515.60,1516.30,2952
2026-10-01 14:11:00,1516.00,1516.60,1515.80,1516.50,3421
2026-10-01 14:12:00,1516.50,1517.20,1515.70,1516.60,2995
2026-10-01 14:13:00,1516.70,1518.00,1516.70,1517.40,4256
2026-10-01 14:14:00,1517.40,1518.80,1517.40,1518.40,2535
2026-10-01 14:15:00,1518.30,1519.00,1516.90,1517.50,7013
2026-10-01 14:16:00,1517.20,1517.20,1516.10,1516.10,4005
2026-10-01 14:17:00,1516.10,1517.00,1515.80,1516.20,3003
2026-10-01 14:18:00,1516.80,1517.40,1516.50,1516.90,3775
2026-10-01 14:19:00,1517.30,1518.30,1517.10,1517.10,3485
2026-10-01 14:20:00,1517.80,1518.20,1517.20,1517.80,2810
2026-10-01 14:21:00,1517.80,1518.10,1516.90,1517.00,2765
2026-10-01 14:22:00,1517.40,1517.80,1516.90,1517.20,2949
2026-10-01 14:23:00,1517.50,1517.70,1515.80,1516.40,3311
2026-10-01 14:24:00,1516.60,1516.80,1515.80,1516.50,2225
2026-10-01 14:25:00,1516.60,1517.00,1516.10,1516.40,2206
2026-10-01 14:26:00,1517.00,1519.00,1517.00,1518.40,4792
2026-10-01 14:27:00,1518.90,1519.40,1517.70,1518.50,3426
2026-10-01 14:28:00,1517.90,1518.40,1517.10,1517.50,3104
2026-10-01 14:29:00,1517.70,1519.40,1517.60,1519.40,3208
2026-10-01 14:30:00,1519.20,1525.40,1519.10,1525.40,53986
2026-10-01 14:31:00,1525.40,1526.70,1524.60,1526.60,4406
2026-10-01 14:32:00,1526.40,1526.60,1525.10,1525.80,4402
2026-10-01 14:33:00,1526.30,1526.30,1524.10,1525.90,4594
2026-10-01 14:34:00,1526.30,1527.70,1526.30,1526.80,5619
2026-10-01 14:35:00,1527.10,1527.10,1525.60,1526.60,3745
2026-10-01 14:36:00,1526.90,1529.00,1526.90,1529.00,3195
2026-10-01 14:37:00,1529.00,1530.80,1528.00,1528.80,7314
2026-10-01 14:38:00,1528.80,1529.70,1527.90,1529.10,6505
2026-10-01 14:39:00,1529.40,1531.10,1528.50,1529.30,6200
2026-10-01 14:40:00,1529.80,1532.00,1529.30,1530.70,7492
2026-10-01 14:41:00,1531.20,1533.60,1530.00,1532.50,7914
2026-10-01 14:42:00,1532.40,1533.50,1530.00,1533.00,17930
2026-10-01 14:43:00,1533.00,1533.80,1529.20,1529.40,10919
2026-10-01 14:44:00,1529.40,1530.90,1527.50,1530.50,6226
2026-10-01 14:45:00,1531.30,1531.30,1528.80,1530.10,8469
2026-10-01 14:46:00,1530.50,1530.60,1528.50,1529.00,9522
2026-10-01 14:47:00,1528.90,1530.90,1528.90,1529.20,6842
2026-10-01 14:48:00,1529.70,1530.50,1528.70,1528.70,6102
2026-10-01 14:49:00,1529.90,1530.50,1529.00,1529.60,9478
2026-10-01 14:50:00,1530.00,1531.60,1530.00,1531.40,9958
2026-10-01 14:51:00,1531.70,1533.40,1531.30,1533.20,12154
2026-10-01 14:52:00,1533.10,1533.70,1532.20,1533.50,8471
2026-10-01 14:53:00,1533.30,1537.00,1533.30,1535.00,11632
2026-10-01 14:54:00,1535.40,1536.10,1534.70,1534.90,5605
2026-10-01 14:55:00,1535.60,1537.20,1534.40,1536.10,8596
2026-10-01 14:56:00,1535.80,1535.90,1535.00,1535.00,5609
2026-10-01 14:57:00,1535.30,1536.60,1534.70,1535.20,6916
2026-10-01 14:58:00,1535.20,1536.00,1535.00,1535.70,6991
2026-10-01 14:59:00,1535.80,1536.40,1534.60,1536.00,16435
2026-10-01 15:00:00,1535.00,1536.40,1535.00,1535.10,27045
2026-10-01 15:01:00,1535.10,1536.90,1532.80,1536.20,57174
2026-10-01 15:02:00,1536.10,1536.70,1535.60,1536.50,14467
2026-10-01 15:03:00,1536.60,1536.90,1534.00,1536.00,52743
2026-10-01 15:04:00,1536.00,1538.00,1536.00,1536.50,11961
2026-10-01 15:05:00,1536.70,1539.20,1536.50,1538.60,21679
2026-10-01 15:06:00,1537.90,1540.00,1537.90,1539.20,23170
2026-10-01 15:07:00,1539.90,1539.90,1537.80,1538.00,17505
2026-10-01 15:08:00,1538.00,1538.90,1536.00,1536.00,22112
2026-10-01 15:09:00,1536.10,1537.00,1536.00,1536.90,14761
2026-10-01 15:10:00,1537.00,1537.00,1535.80,1536.10,17999
2026-10-01 15:11:00,1536.00,1537.00,1535.20,1536.40,23792
2026-10-01 15:12:00,1536.40,1539.10,1536.20,1536.60,92322
2026-10-01 15:13:00,1537.00,1537.00,1534.70,1535.20,11478
2026-10-01 15:14:00,1534.70,1539.00,1534.70,1535.00,10398
2026-10-01 15:15:00,1538.00,1538.00,1538.00,1538.00,108
2026-10-01 15:16:00,1538.00,1538.00,1538.00,1538.00,0
2026-10-01 15:17:00,1538.00,1538.00,1538.00,1538.00,0
2026-10-01 15:18:00,1538.00,1538.00,1538.00,1538.00,0
2026-10-01 15:19:00,1538.00,1538.00,1538.00,1538.00,0
2026-10-01 15:20:00,1538.00,1538.00,1538.00,1538.00,0
2026-10-01 15:21:00,1538.00,1538.00,1538.00,1538.00,0
2026-10-01 15:22:00,1538.00,1538.00,1538.00,1538.00,0
2026-10-01 15:23:00,1538.00,1538.00,1538.00,1538.00,0
2026-10-01 15:24:00,1538.00,1538.00,1538.00,1538.00,0
2026-10-01 15:25:00,1538.00,1538.00,1538.00,1538.00,0
2026-10-01 15:26:00,1538.00,1538.00,1538.00,1538.00,0
2026-10-01 15:27:00,1538.00,1538.00,1538.00,1538.00,0
2026-10-01 15:28:00,1538.00,1538.00,1538.00,1538.00,0
2026-10-01 15:29:00,1538.00,1538.00,1533.00,1533.00,73119
2026-10-05 10:04:00,1548.6,1548.9,1547.3,1547.8,899037
2026-10-05 10:05:00,1547.9,1548.7,1546.6,1546.9,903465
2026-10-05 10:06:00,1546.8,1548.3,1546.6,1548.3,906559
2026-10-05 10:07:00,1548.9,1549.9,1548.5,1549.7,910397
2026-10-05 10:08:00,1549.7,1550,1548.1,1550,917732
2026-10-05 10:09:00,1550,1550,1548.7,1549.1,921389
2026-10-05 10:10:00,1549.6,1549.6,1548,1548.6,926877
2026-10-05 10:11:00,1549.2,1549.2,1547.6,1548.1,929904
2026-10-05 10:12:00,1548.1,1548.4,1547.6,1547.9,933040
2026-10-05 10:14:00,1546.7,1546.7,1545.7,1546.5,943750
2026-10-05 10:15:00,1546.4,1546.5,1545.8,1545.8,952289
2026-10-05 10:16:00,1545.1,1545.5,1544.4,1544.5,957270
2026-10-05 10:17:00,1544.5,1544.8,1543.4,1543.8,960253
2026-10-05 10:18:00,1543.8,1544.1,1542.7,1543.4,963980
2026-10-05 10:19:00,1543.4,1543.5,1541.9,1542.9,969912
2026-10-05 10:20:00,1543.2,1544.9,1543.2,1544.9,974617
2026-10-05 10:21:00,1544.3,1544.3,1543.4,1543.6,977424
2026-10-05 10:22:00,1543.8,1543.8,1541.5,1541.5,981923
2026-10-05 10:23:00,1541.4,1541.8,1540.6,1541.7,987092
2026-10-05 10:24:00,1542,1542,1538.7,1538.7,993095
2026-10-05 10:25:00,1538.7,1538.9,1536.6,1538.4,1000927
2026-10-05 10:26:00,1537.2,1537.9,1536.6,1537.5,1017600
2026-10-05 10:27:00,1537.2,1539.7,1536.3,1539.3,1025624
2026-10-05 10:28:00,1539.3,1540.8,1539.3,1539.5,1035097
2026-10-05 10:29:00,1539.8,1540.7,1538.1,1540.3,1040213
2026-10-05 10:30:00,1540.3,1541.2,1539.5,1539.5,1043378
2026-10-05 10:31:00,1540,1541.2,1538.8,1538.8,1047010
2026-10-05 10:32:00,1538.8,1539.5,1535.8,1538,1065605
2026-10-05 10:33:00,1538.1,1540,1537.7,1539.7,1070692
2026-10-05 10:34:00,1540,1540.8,1539.7,1540.8,1071978
2026-10-05 10:38:00,1541.1,1541.1,1540.3,1541.1,1083937
2026-10-05 10:39:00,1541.7,1541.7,1539.3,1540,1091753
2026-10-05 10:40:00,1540,1541.3,1539.9,1541.1,1096877
2026-10-05 10:41:00,1541,1541.3,1539,1539.2,1101334
2026-10-05 10:42:00,1538.9,1539.7,1538.3,1539.3,1104276
2026-10-05 10:43:00,1539.3,1540.2,1538.5,1538.6,1106462
2026-10-05 10:44:00,1538.6,1540,1538.4,1539.8,1110242
2026-10-05 10:45:00,1539.8,1540.3,1537.6,1538.9,1114455
2026-10-05 10:46:00,1538.9,1539,1537.9,1538,1119392
2026-10-05 10:47:00,1538.2,1539.2,1537.3,1539.1,1128517
2026-10-05 10:48:00,1539.1,1540.3,1538,1538.6,1132404
2026-10-05 10:49:00,1538.6,1539.3,1538,1538.2,1134551
2026-10-05 10:50:00,1538,1539.9,1538,1538.9,1168889
2026-10-05 10:51:00,1538.9,1542.6,1538.1,1541.9,1249324
2026-10-05 10:52:00,1541.9,1542,1540.2,1540.8,1253618
2026-10-05 10:53:00,1540.8,1541,1540.4,1541,1254432
2026-10-05 10:58:00,1538,1538,1538,1538,1340672
2026-10-05 10:59:00,1538.4,1539,1538,1538.4,1346213
2026-10-05 11:00:00,1538.4,1538.9,1537.6,1538.9,1363033
2026-10-05 11:01:00,1538.9,1538.9,1536.9,1538.4,1372022
2026-10-05 11:02:00,1538.4,1538.4,1538.4,1538.4,1372199
2026-10-05 11:06:00,1537.7,1538.1,1536.6,1537,1415071
2026-10-05 11:07:00,1537,1538.3,1537,1537.5,1418002
2026-10-05 11:08:00,1537.5,1537.6,1536.4,1536.9,1421047
2026-10-05 11:09:00,1536.9,1538,1536.4,1537.5,1426836
2026-10-05 11:10:00,1537.5,1539.7,1537.2,1538.8,1431144
2026-10-05 11:11:00,1538.7,1539.6,1537.7,1539.3,1433847
2026-10-05 11:12:00,1539.3,1539.6,1538.5,1539.6,1437416
2026-10-05 11:13:00,1539.6,1539.7,1538.7,1539.6,1440479
2026-10-05 11:14:00,1539.6,1539.6,1538.6,1539,1442785
2026-10-05 11:15:00,1539,1539.7,1537.6,1539.3,1447416
2026-10-05 11:16:00,1539.3,1539.5,1537.8,1538.7,1450333
2026-10-05 11:17:00,1538.7,1539.6,1538.2,1539.6,1453436
2026-10-05 11:18:00,1539.6,1540.4,1538.3,1540.2,1457841
2026-10-05 11:19:00,1540.2,1540.2,1537.7,1537.7,1474658
2026-10-05 11:20:00,1537.7,1538,1537.3,1538,1476794
2026-10-05 11:21:00,1538,1538,1537.4,1537.4,1479366
2026-10-05 11:22:00,1537.4,1537.9,1536,1536.3,1483011
2026-10-05 11:23:00,1536.3,1539.8,1535.4,1539.5,1506008
2026-10-05 11:24:00,1539.1,1541.6,1539,1541.2,1512412
2026-10-05 11:25:00,1541.3,1542,1540.7,1542,1514681
2026-10-05 11:40:00,1533.7,1534.7,1533.5,1534.7,1596711
2026-10-05 11:41:00,1534.4,1536.4,1534.4,1535.8,1600222
2026-10-05 11:42:00,1535.7,1536.4,1535.3,1535.6,1602618
2026-10-05 11:43:00,1535.6,1535.9,1534.9,1535.8,1606007
2026-10-05 11:44:00,1536.2,1536.2,1534.7,1534.9,1610571
2026-10-05 11:45:00,1534.8,1534.9,1534.6,1534.7,1613142
2026-10-05 11:46:00,1534.9,1536,1534.8,1536,1616861
2026-10-05 11:47:00,1535.8,1535.8,1535,1535,1620237
2026-10-05 11:48:00,1535.1,1535.1,1534.4,1534.4,1623100
2026-10-05 11:49:00,1535,1536.3,1534.7,1536.2,1627559
2026-10-05 11:50:00,1536.1,1536.1,1535,1535.2,1631106
2026-10-05 11:51:00,1535.4,1536.8,1535.2,1536.8,1634220
2026-10-05 11:52:00,1536.8,1537.2,1535.7,1536.7,1636765
2026-10-05 11:53:00,1536.7,1537.1,1536.2,1537.1,1640657
2026-10-05 11:54:00,1537.1,1537.8,1537.1,1537.3,1642897
2026-10-05 12:07:00,1531.8,1532.1,1531.3,1532.1,1701647
2026-10-05 12:08:00,1532.1,1532.1,1531.3,1531.9,1704656
2026-10-05 12:09:00,1531.7,1531.9,1530.2,1531.8,1709274
2026-10-05 12:10:00,1531.8,1531.8,1531.4,1531.7,1712215
2026-10-05 12:11:00,1532.5,1532.6,1532.2,1532.5,1715461
2026-10-05 12:12:00,1532.5,1533.6,1532.4,1532.7,1718849
2026-10-05 12:13:00,1532.7,1532.7,1531.5,1531.5,1722121
2026-10-05 12:14:00,1531.7,1532.6,1531.5,1532.3,1728898
2026-10-05 12:15:00,1532.3,1534,1532,1534,1731320
2026-10-05 12:16:00,1534,1534.2,1534,1534.2,1731506
2026-10-05 12:20:00,1533.1,1533.5,1532.5,1532.5,1763094
2026-10-05 12:21:00,1532.6,1533.1,1532,1532.8,1765204
2026-10-05 12:22:00,1532.8,1533.3,1532,1532,1769243
2026-10-05 12:23:00,1532.1,1532.7,1531.1,1531.1,1772297
2026-10-05 12:24:00,1531.1,1531.4,1531,1531.1,1772737
2026-10-05 12:29:00,1529.7,1531.1,1529.7,1530.2,1802218
2026-10-05 12:30:00,1530.3,1531.3,1529.6,1530.7,1805544
2026-10-05 12:31:00,1530,1530.7,1530,1530.4,1806914
2026-10-05 12:39:00,1529.2,1529.3,1528,1528,1857593
2026-10-05 12:40:00,1528,1529.8,1527.8,1529,1869081
2026-10-05 12:41:00,1529.4,1530.1,1529,1529.6,1870920
2026-10-05 12:42:00,1529.6,1529.6,1528,1528,1883886
2026-10-05 12:43:00,1528,1529.5,1527.9,1529.2,1922185
2026-10-05 12:44:00,1529.4,1529.7,1528.7,1528.9,1927341
2026-10-05 12:45:00,1528.8,1529.1,1528.6,1528.9,1929535
2026-10-05 12:46:00,1529.1,1529.6,1528.4,1529.5,1932783
2026-10-05 12:47:00,1529.5,1530,1528.9,1529.6,1935047
2026-10-05 12:48:00,1529.6,1529.8,1527.6,1528,1938286
2026-10-05 12:49:00,1528,1529.1,1527.3,1528.2,1941592
2026-10-05 12:50:00,1528.2,1529.9,1528.1,1529.7,1943957
2026-10-05 12:51:00,1529.7,1530.3,1529.1,1530.3,1944960
2026-10-05 12:59:00,1528.2,1528.2,1527.7,1527.8,1974397
2026-10-05 13:00:00,1527.8,1527.9,1527.3,1527.4,1976592
2026-10-05 13:01:00,1527.4,1529.3,1527.4,1529,1979811
2026-10-05 13:12:00,1527.5,1528,1526.9,1527,2079004
2026-10-05 13:13:00,1527.5,1528,1526.9,1528,2081791
2026-10-05 13:14:00,1528,1528,1525.2,1525.9,2092513
2026-10-05 13:15:00,1525.9,1526.5,1525.9,1526.3,2094601
2026-10-05 13:16:00,1526.3,1527.3,1526.3,1526.4,2098229
2026-10-05 13:17:00,1526.7,1526.7,1525.3,1526.2,2100938
2026-10-05 13:18:00,1526.2,1527.5,1526,1526.4,2149310
2026-10-05 13:19:00,1526.4,1529,1525.2,1529,2231079
2026-10-05 13:20:00,1528.2,1528.9,1527.6,1528.1,2235672
2026-10-05 13:22:00,1529,1529.1,1527.7,1528,2248846
2026-10-05 13:23:00,1528,1529.3,1527.1,1527.3,2262434
2026-10-05 13:24:00,1527.3,1527.3,1526.5,1526.7,2265072
2026-10-05 13:25:00,1527,1527.7,1526,1527.4,2298065
2026-10-05 13:26:00,1527.4,1527.6,1526.4,1527,2301219
2026-10-05 13:27:00,1527,1527.1,1526.2,1526.6,2303467
2026-10-05 13:28:00,1526.9,1527.5,1526.6,1527.4,2305348
2026-10-05 13:29:00,1527.4,1528.7,1527.3,1528.4,2307198
2026-10-05 13:30:00,1528.7,1528.7,1527.4,1528.1,2310514
2026-10-05 13:31:00,1528.1,1528.5,1527.2,1528.5,2312032
2026-10-05 13:47:00,1536.5,1536.5,1536,1536.5,2386803
2026-10-05 13:48:00,1536.5,1536.8,1535.5,1536,2389606
2026-10-05 13:49:00,1536,1536.8,1535.3,1535.9,2393413
2026-10-05 13:50:00,1535.9,1536.5,1535.9,1536.4,2394839
2026-10-05 13:51:00,1536.4,1536.4,1535.9,1536,2395829
2026-10-05 15:13:00,1529.6,1530.9,1529.2,1530.9,3266121
2026-10-05 15:14:00,1530.9,1532,1529.4,1529.9,3270262
2026-10-05 15:15:00,1529.9,1529.9,1529.9,1529.9,3270262
2026-10-05 15:16:00,1529.9,1529.9,1529.9,1529.9,3270262
2026-10-05 15:17:00,1529.9,1529.9,1529.9,1529.9,3270262
2026-10-05 15:18:00,1529.9,1529.9,1529.9,1529.9,3270262
2026-10-05 15:19:00,1529.9,1529.9,1529.9,1529.9,3270262
2026-10-05 15:20:00,1529.9,1529.9,1529.9,1529.9,3270262
2026-10-05 15:27:00,1529.9,1529.9,1529.9,1529.9,3270262
2026-10-05 15:28:00,1529.9,1529.9,1529.9,1529.9,3270262
2026-10-05 15:29:00,1529.9,1529.9,1529.9,1529.9,3270262
2026-10-05 15:31:00,1535.9,1535.9,1535.9,1535.9,3345378
2026-10-05 15:32:00,1535.9,1535.9,1535.9,1535.9,3345378
2026-10-05 15:33:00,1535.9,1535.9,1535.9,1535.9,3345378
2026-10-05 15:34:00,1535.9,1535.9,1535.9,1535.9,3345378
2026-10-05 15:36:00,1535.9,1535.9,1535.9,1535.9,3345378
2026-10-05 15:37:00,1535.9,1535.9,1535.9,1535.9,3345378
2026-10-05 15:38:00,1535.9,1535.9,1535.9,1535.9,3345378
2026-10-05 15:39:00,1535.9,1535.9,1535.9,1535.9,3345378
2026-10-05 15:40:00,1535.9,1535.9,1535.9,1535.9,3345378
2026-10-05 15:41:00,1535.9,1535.9,1535.9,1535.9,3345378
2026-10-05 15:42:00,1535.9,1535.9,1535.9,1535.9,3345378
2026-10-05 15:43:00,1535.9,1535.9,1535.9,1535.9,3345378
2026-10-05 15:48:00,1535.9,1535.9,1535.9,1535.9,3345378
2026-10-05 15:49:00,1535.9,1535.9,1535.9,1535.9,3345378
2026-10-05 15:50:00,1535.9,1535.9,1535.9,1535.9,3345911
2026-10-05 15:51:00,1535.9,1535.9,1535.9,1535.9,3345911
2026-10-05 15:52:00,1535.9,1535.9,1535.9,1535.9,3345913
2026-10-05 15:53:00,1535.9,1535.9,1535.9,1535.9,3345913
2026-10-05 15:54:00,1535.9,1535.9,1535.9,1535.9,3345914
2026-10-05 15:55:00,1535.9,1535.9,1535.9,1535.9,3345914
2026-10-05 15:56:00,1535.9,1535.9,1535.9,1535.9,3345929
2026-10-05 15:57:00,1535.9,1535.9,1535.9,1535.9,3345929
2026-10-05 15:58:00,1535.9,1535.9,1535.9,1535.9,3345929
2026-10-05 15:59:00,1535.9,1535.9,1535.9,1535.9,3346008
2026-10-05 16:00:00,1535.9,1535.9,1535.9,1535.9,3346008
2026-10-05 16:01:00,1535.9,1535.9,1535.9,1535.9,3346008
2026-10-05 16:02:00,1535.9,1535.9,1535.9,1535.9,3346008
2026-10-05 16:03:00,1535.9,1535.9,1535.9,1535.9,3346008
2026-10-05 16:04:00,1535.9,1535.9,1535.9,1535.9,3346008
2026-10-05 16:05:00,1535.9,1535.9,1535.9,1535.9,3346008
2026-10-05 16:06:00,1535.9,1535.9,1535.9,1535.9,3346008
2026-10-05 16:07:00,1535.9,1535.9,1535.9,1535.9,3346008
2026-10-05 16:08:00,1535.9,1535.9,1535.9,1535.9,3346008
2026-10-05 16:09:00,1535.9,1535.9,1535.9,1535.9,3346008
2026-10-05 16:10:00,1535.9,1535.9,1535.9,1535.9,3346008
2026-10-05 16:11:00,1535.9,1535.9,1535.9,1535.9,3346008
2026-10-05 16:12:00,1535.9,1535.9,1535.9,1535.9,3346008
2026-10-05 16:13:00,1535.9,1535.9,1535.9,1535.9,3346008
2026-10-05 16:14:00,1535.9,1535.9,1535.9,1535.9,3346008
2026-10-05 16:15:00,1535.9,1535.9,1535.9,1535.9,3346008
2026-10-05 16:16:00,1535.9,1535.9,1535.9,1535.9,3346008
2026-10-05 16:17:00,1535.9,1535.9,1535.9,1535.9,3346008
2026-10-05 16:18:00,1535.9,1535.9,1535.9,1535.9,3346008
2026-10-05 16:19:00,1535.9,1535.9,1535.9,1535.9,3346008
2026-10-05 16:35:00,1535.9,1535.9,1535.9,1535.9,3346008
2026-10-05 16:36:00,1535.9,1535.9,1535.9,1535.9,3346008
2026-10-05 16:37:00,1535.9,1535.9,1535.9,1535.9,3346008
2026-10-05 16:38:00,1535.9,1535.9,1535.9,1535.9,3346008
2026-10-05 16:39:00,1535.9,1535.9,1535.9,1535.9,3346008
2026-10-05 16:40:00,1535.9,1535.9,1535.9,1535.9,3346008
2026-10-05 16:41:00,1535.9,1535.9,1535.9,1535.9,3346008
2026-10-05 16:42:00,1535.9,1535.9,1535.9,1535.9,3346008
2026-10-05 16:43:00,1535.9,1535.9,1535.9,1535.9,3346008
2026-10-05 16:44:00,1535.9,1535.9,1535.9,1535.9,3346008
2026-10-05 16:45:00,1535.9,1535.9,1535.9,1535.9,3346008
2026-10-05 16:46:00,1535.9,1535.9,1535.9,1535.9,3346008
2026-10-05 16:47:00,1535.9,1535.9,1535.9,1535.9,3346008
2026-10-05 16:48:00,1535.9,1535.9,1535.9,1535.9,3346008
2026-10-05 16:49:00,1535.9,1535.9,1535.9,1535.9,3346008
2026-10-05 16:50:00,1535.9,1535.9,1535.9,1535.9,3346008
2026-10-05 16:51:00,1535.9,1535.9,1535.9,1535.9,3346008
2026-10-05 16:52:00,1535.9,1535.9,1535.9,1535.9,3346008
2026-10-05 17:19:00,1535.9,1535.9,1535.9,1535.9,3346008
2026-10-05 17:20:00,1535.9,1535.9,1535.9,1535.9,3346008
2026-10-05 17:21:00,1535.9,1535.9,1535.9,1535.9,3346008
2026-10-05 17:22:00,1535.9,1535.9,1535.9,1535.9,3346008
2026-10-05 17:23:00,1535.9,1535.9,1535.9,1535.9,3346008
2026-10-05 17:24:00,1535.9,1535.9,1535.9,1535.9,3346008
2026-10-05 17:25:00,1535.9,1535.9,1535.9,1535.9,3346008
2026-10-05 17:26:00,1535.9,1535.9,1535.9,1535.9,3346008
2026-10-05 17:27:00,1535.9,1535.9,1535.9,1535.9,3346008
2026-10-05 17:28:00,1535.9,1535.9,1535.9,1535.9,3346008
2026-10-05 17:29:00,1535.9,1535.9,1535.9,1535.9,3346008
2026-10-05 17:30:00,1535.9,1535.9,1535.9,1535.9,3346008
2026-10-05 17:31:00,1535.9,1535.9,1535.9,1535.9,3346008
2026-10-05 17:32:00,1535.9,1535.9,1535.9,1535.9,3346008
2026-10-05 17:33:00,1535.9,1535.9,1535.9,1535.9,3346008
2026-10-05 17:49:00,1535.9,1535.9,1535.9,1535.9,3346008
2026-10-05 17:50:00,1535.9,1535.9,1535.9,1535.9,3346008
2026-10-05 17:51:00,1535.9,1535.9,1535.9,1535.9,3346008
2026-10-05 17:52:00,1535.9,1535.9,1535.9,1535.9,3346008
2026-10-06 09:05:00,1535.9,1535.9,1535.9,1535.9,5
2026-10-06 09:06:00,1535.9,1535.9,1535.9,1535.9,43
2026-10-06 09:07:00,1535.9,1535.9,1535.9,1535.9,29
2026-10-06 09:08:00,1535.9,1536,1535.9,1536,3030
2026-10-06 09:09:00,1536,1536,1536,1536,3030
2026-10-06 09:10:00,1536,1536,1536,1536,3030
2026-10-06 09:11:00,1536,1536,1536,1536,3030
2026-10-06 09:12:00,1536,1536,1536,1536,3030
2026-10-06 09:13:00,1536,1536,1536,1536,3030
2026-10-06 09:14:00,1536,1536,1536,1536,3030
2026-10-06 09:15:00,1536,1539.5,1531.2,1534.4,12496
2026-10-06 09:16:00,1534.8,1534.8,1532.5,1532.5,21438
2026-10-06 09:17:00,1532.5,1532.5,1529.8,1531.6,25623
2026-10-06 09:18:00,1531.6,1533,1531.2,1532.4,26362
2026-10-06 09:19:00,1532.4,1533.6,1532.4,1533.6,27386
2026-10-06 09:21:00,1531.7,1531.7,1530.1,1530.1,37313
2026-10-06 09:22:00,1530.1,1531.7,1530,1530.9,39311
2026-10-06 09:23:00,1530.2,1530.7,1526.8,1528.3,44851
2026-10-06 09:24:00,1528.3,1528.5,1528.3,1528.3,45126
2026-10-06 09:29:00,1520.8,1520.8,1518.7,1518.7,69203
2026-10-06 09:30:00,1518.7,1520.2,1518.5,1519,73339
2026-10-06 09:31:00,1519.4,1519.4,1516.1,1516.6,75749
2026-10-06 09:32:00,1516.6,1516.9,1516.2,1516.9,79122
2026-10-06 09:55:00,1515.6,1516.6,1515.2,1516.4,172228
2026-10-06 09:56:00,1516.4,1517.1,1516.1,1516.2,176134
2026-10-06 09:57:00,1516.2,1516.6,1515.5,1516.2,177580
2026-10-06 09:58:00,1515.8,1516.1,1514.5,1514.5,180037
2026-10-06 09:59:00,1514.5,1515,1514.2,1514.2,181669
2026-10-06 10:00:00,1514.2,1515.5,1512.6,1512.8,185236
2026-10-06 10:01:00,1513.5,1513.5,1512.6,1513.4,186751
2026-10-06 10:02:00,1512.7,1512.9,1511.8,1511.8,189675
2026-10-06 10:03:00,1511.8,1512.5,1511.2,1511.2,191424
2026-10-06 10:04:00,1511.2,1511.7,1510.5,1510.6,194949
2026-10-06 10:05:00,1510.6,1511.8,1510.5,1511.6,196941
2026-10-06 10:06:00,1511.6,1512,1511,1511.5,200294
2026-10-06 10:07:00,1511.5,1512,1510.5,1510.5,202119
2026-10-06 10:08:00,1511,1511,1508.2,1508.2,204567
2026-10-06 10:09:00,1508.7,1509.1,1507.6,1507.9,212182
2026-10-06 10:10:00,1507.9,1507.9,1505.2,1506.2,222673
2026-10-06 10:11:00,1506.8,1508.4,1506.2,1507,230154
2026-10-06 10:17:00,1510,1512.4,1510,1511.6,265860
2026-10-06 10:18:00,1511.6,1514,1510.4,1513.8,275812
2026-10-06 10:19:00,1513.8,1514,1513.1,1513.5,276526
2026-10-06 10:25:00,1513.8,1514.5,1513.8,1513.8,292457
2026-10-06 10:26:00,1513.8,1514.4,1513,1513.5,294075
2026-10-06 10:27:00,1513.7,1514.5,1513.4,1514.3,295895
2026-10-06 10:28:00,1513.5,1514.4,1512.2,1512.3,298084
2026-10-06 10:29:00,1513,1513,1511,1511,300350
2026-10-06 10:30:00,1511.6,1512.4,1510.3,1511.7,304174
2026-10-06 10:31:00,1511.4,1512.6,1510.9,1511.1,306547
2026-10-06 10:32:00,1511.6,1512.4,1510,1510.4,308959
2026-10-06 10:33:00,1510.2,1510.9,1510,1510.3,310876
2026-10-06 10:34:00,1510.4,1511.3,1510.4,1511,313659
2026-10-06 10:35:00,1511,1513.3,1511,1512.5,316959
2026-10-06 10:36:00,1513.3,1513.4,1512.5,1513,321070
2026-10-06 10:37:00,1513,1514.1,1513,1513.8,324652
2026-10-06 10:38:00,1513.8,1514.2,1513.3,1513.5,326146
2026-10-06 10:39:00,1514.2,1514.6,1512.9,1513.4,330504
2026-10-06 10:40:00,1514,1514,1511.4,1512.1,334928
2026-10-06 10:41:00,1512.1,1512.8,1511.2,1512.2,337273
2026-10-06 10:42:00,1512.9,1512.9,1511.6,1512,338639
2026-10-06 10:43:00,1511.8,1513.2,1511.8,1513.2,340559
2026-10-06 10:44:00,1513.2,1513.3,1510.5,1510.7,343657
2026-10-06 10:45:00,1510.7,1510.7,1507,1507.5,350160
2026-10-06 10:46:00,1507.5,1508.5,1507.4,1508,353686
2026-10-06 10:47:00,1508,1510.3,1507.9,1508.6,361081
2026-10-06 10:48:00,1508.6,1510,1508.6,1509.3,362820
2026-10-06 10:49:00,1509.4,1510.4,1509.3,1510.4,364434
2026-10-06 10:50:00,1510,1510.8,1509.5,1510.1,366249
2026-10-06 10:51:00,1510.1,1510.7,1510,1510.2,367216
2026-10-06 10:52:00,1510.1,1510.2,1509,1509.3,369721
2026-10-06 10:53:00,1509.3,1509.9,1509,1509.1,371278
2026-10-06 10:54:00,1509.4,1509.7,1509,1509.2,372439
2026-10-06 10:55:00,1509.2,1509.7,1508.2,1508.8,375883
2026-10-06 10:56:00,1508,1509,1507,1507,379753
2026-10-06 10:57:00,1507,1507,1504.8,1504.8,391764
2026-10-06 10:58:00,1504.8,1505.9,1504.1,1504.3,396751
2026-10-06 10:59:00,1504.1,1505.6,1504.1,1505,402299
2026-10-06 11:00:00,1505,1505.6,1504.7,1504.8,403890
2026-10-06 11:01:00,1504.8,1505.6,1504.5,1505,406562
2026-10-06 11:02:00,1505,1506.3,1503.6,1504.6,469648
2026-10-06 11:03:00,1504.6,1505.8,1504.5,1504.8,471112
2026-10-06 11:04:00,1504.3,1505,1503.2,1503.2,476612
2026-10-06 11:05:00,1503.2,1503.9,1502.7,1503.7,485696
2026-10-06 11:06:00,1503.8,1504,1503,1503.1,492269
2026-10-06 11:07:00,1503.1,1503.5,1502.7,1503,496154
2026-10-06 11:08:00,1503,1503,1502,1502.4,502194
2026-10-06 11:09:00,1502.4,1503,1501.7,1502.4,506876
2026-10-06 11:10:00,1502.4,1503,1502.3,1502.8,511099
2026-10-06 11:11:00,1502.8,1503.4,1502.5,1502.9,515228
2026-10-06 11:12:00,1502.9,1503,1502,1502,520949
2026-10-06 11:13:00,1502,1503,1502,1502.5,522874
2026-10-06 11:14:00,1502.5,1502.6,1502,1502.6,524492
2026-10-06 11:15:00,1502.1,1503,1502.1,1502.2,527991
2026-10-06 11:16:00,1502.2,1502.6,1501.5,1501.5,532777
2026-10-06 11:17:00,1501.5,1501.6,1500.4,1500.6,544634
2026-10-06 11:18:00,1500.6,1501,1500.6,1501,545731
2026-10-06 11:19:00,1501,1501,1500.5,1501,547719
2026-10-06 11:20:00,1501,1502.5,1500.6,1501.5,586613
2026-10-06 11:21:00,1501,1501.7,1500.3,1500.7,589202
2026-10-06 11:22:00,1500.5,1500.9,1500.4,1500.4,590247
2026-10-06 11:23:00,1500.4,1500.8,1500.2,1500.5,591787
2026-10-06 11:24:00,1500.5,1500.8,1500.5,1500.7,592620
2026-10-06 11:25:00,1500.7,1500.7,1499.4,1500.4,604782
2026-10-06 11:26:00,1500.1,1500.7,1499.9,1500,608045
2026-10-06 11:27:00,1500,1500.4,1500,1500,608953
2026-10-06 11:28:00,1500.2,1500.7,1500,1500.6,609828
2026-10-06 11:29:00,1500.5,1500.5,1499.5,1500,611568
2026-10-06 11:30:00,1499.6,1500.6,1499.5,1500.6,613887
2026-10-06 11:31:00,1500.6,1500.8,1500.1,1500.2,617018
2026-10-06 11:32:00,1500.3,1500.7,1500.1,1500.3,618304
2026-10-06 11:33:00,1500.3,1500.8,1500.1,1500.2,619655
2026-10-06 11:34:00,1500.5,1500.5,1499.6,1500,624855
2026-10-06 11:35:00,1499.8,1500,1499.5,1499.9,626290
2026-10-06 11:36:00,1499.8,1500.2,1499.1,1499.7,631563
2026-10-06 11:37:00,1499.7,1500.2,1499.7,1499.7,634006
2026-10-06 11:38:00,1499.7,1501.9,1499.7,1501,656030
2026-10-06 11:39:00,1500.5,1501,1498.6,1499,667423
2026-10-06 11:40:00,1499,1499.9,1498.9,1499.5,671002
2026-10-06 11:41:00,1499.5,1500,1499.2,1499.7,672923
2026-10-06 11:42:00,1499.5,1500,1499.1,1499.1,675489
2026-10-06 11:43:00,1499.6,1499.7,1499.1,1499.5,677778
2026-10-06 11:44:00,1499.1,1499.5,1498.2,1498.5,681684
2026-10-06 11:45:00,1498.1,1500,1498.1,1499.7,690114
2026-10-06 11:46:00,1499.7,1500,1499.1,1499.5,695806
2026-10-06 11:47:00,1499.5,1499.9,1499.1,1499.9,697542
2026-10-06 11:48:00,1499.9,1500,1499.1,1499.4,700241
2026-10-06 11:49:00,1499.4,1499.5,1498.8,1499.1,703646
2026-10-06 11:50:00,1499.1,1499.4,1499.1,1499.1,704481
2026-10-06 11:51:00,1498.8,1498.8,1497,1497.8,716978
2026-10-06 11:52:00,1497.8,1498,1497.4,1498,719628
2026-10-06 11:53:00,1498,1498.9,1498,1498.9,722584
2026-10-06 11:54:00,1498.9,1499.9,1498.9,1499.9,724857
2026-10-06 11:55:00,1499.5,1499.8,1499,1499.5,726126
2026-10-06 11:56:00,1499.5,1499.9,1499.5,1499.9,726962
2026-10-06 11:58:00,1499.5,1499.6,1499.5,1499.5,735107
2026-10-06 11:59:00,1499.5,1499.9,1499.5,1499.5,737085
2026-10-06 12:00:00,1499.4,1500,1499.1,1499.3,741509
2026-10-06 12:01:00,1499.5,1501,1499.5,1500.7,756304
2026-10-06 12:02:00,1501,1501.9,1500.4,1501.5,764738
2026-10-06 12:03:00,1502.4,1502.7,1501,1501.5,769749
2026-10-06 12:04:00,1502.2,1502.8,1501.5,1502.5,772545
2026-10-06 12:05:00,1502.2,1502.9,1502.2,1502.5,776363
2026-10-06 12:06:00,1502.5,1502.5,1501.1,1501.7,785410
2026-10-06 12:07:00,1501.7,1502.4,1501,1501.9,787740
2026-10-06 12:08:00,1501.8,1502,1501,1501.4,790550
2026-10-06 12:09:00,1501.4,1502.3,1500.1,1501,807624
2026-10-06 12:10:00,1500.6,1501.4,1499.7,1501,867541
2026-10-06 12:11:00,1501,1501.7,1500.5,1501.7,870550
2026-10-06 12:12:00,1501.3,1502.8,1500.6,1502.8,873568
2026-10-06 12:13:00,1502.4,1502.4,1501,1501.3,881798
2026-10-06 12:14:00,1501.1,1501.4,1500.4,1501,886868
2026-10-06 12:15:00,1500.4,1501.2,1500.4,1500.8,889841
2026-10-06 12:16:00,1500.8,1501.4,1500.3,1500.5,895263
2026-10-06 12:17:00,1500.3,1500.5,1500.2,1500.5,898112
2026-10-06 12:18:00,1500.5,1500.5,1498.4,1498.7,921164
2026-10-06 12:19:00,1498.2,1498.7,1497.2,1498.1,930561
2026-10-06 12:20:00,1498.1,1498.1,1497.3,1497.5,933133
2026-10-06 12:21:00,1497.5,1498,1496.1,1496.6,946242
2026-10-06 12:22:00,1495.9,1496.6,1495.4,1496,947337
2026-10-06 12:23:00,1496.4,1496.4,1495.8,1496.4,953756
2026-10-06 12:24:00,1496.4,1496.6,1495.9,1496.6,955977
2026-10-06 12:25:00,1496.6,1498.7,1496.6,1497.6,959488
2026-10-06 12:26:00,1497.6,1499,1497.6,1498.7,962804
2026-10-06 12:27:00,1498.6,1499.2,1498.1,1499,964515
2026-10-06 12:28:00,1499,1499,1498.3,1499,966449
2026-10-06 12:29:00,1499,1499,1498.1,1498.1,971930
2026-10-06 12:30:00,1498.1,1500,1498.1,1499.5,973713
2026-10-06 12:31:00,1499.4,1499.5,1498.4,1499,975692
2026-10-06 12:32:00,1499,1499.5,1498.5,1499.2,976872
2026-10-06 12:34:00,1499,1499.5,1499,1499.3,979385
2026-10-06 12:35:00,1499.3,1499.3,1499,1499.3,979888
